season,week,player,pos,team,home_away,opp,dk_points,dk_salary,gid,source
2016,1,Andrew Luck,QB,ind,h,det,38.5,8300,1409,rotoguru
2016,1,Drew Brees,QB,nor,h,oak,35.42,8100,1151,rotoguru
2016,1,Alex Smith,QB,kan,h,sdg,32.02,6500,1254,rotoguru
2016,1,Matthew Stafford,QB,det,a,ind,29.1,7200,1340,rotoguru
2016,1,Matt Ryan,QB,atl,h,tam,27.36,7100,1301,rotoguru
2016,1,Jameis Winston,QB,tam,a,atl,26.54,6600,1465,rotoguru
2016,1,Ben Roethlisberger,QB,pit,a,was,25.8,7800,1232,rotoguru
2016,1,Derek Carr,QB,oak,a,nor,25.36,7300,1441,rotoguru
2016,1,Aaron Rodgers,QB,gnb,a,jac,23.56,8500,1252,rotoguru
2016,1,Cam Newton,QB,car,a,den,22.16,7700,1378,rotoguru
2016,1,Andy Dalton,QB,cin,a,nyj,21.34,6800,1403,rotoguru
2016,1,Eli Manning,QB,nyg,a,dal,19.28,7500,1225,rotoguru
2016,1,Carson Wentz,QB,phi,h,cle,19.22,5000,1514,rotoguru
2016,1,Blake Bortles,QB,jac,h,gnb,19,7200,1442,rotoguru
2016,1,Carson Palmer,QB,ari,h,nwe,18.94,7100,1207,rotoguru
2016,1,Marcus Mariota,QB,ten,h,min,18.74,6400,1466,rotoguru
2016,1,Brock Osweiler,QB,hou,h,chi,17.64,6300,1414,rotoguru
2016,1,Ryan Fitzpatrick,QB,nyj,h,cin,16.06,6500,1242,rotoguru
2016,1,Jimmy Garoppolo,QB,nwe,a,ari,16.06,6200,1452,rotoguru
2016,1,Ryan Tannehill,QB,mia,a,sea,15.14,5900,1410,rotoguru
2016,1,Kirk Cousins,QB,was,h,pit,14.96,7400,1415,rotoguru
2016,1,Philip Rivers,QB,sdg,a,kan,14.62,7000,1231,rotoguru
2016,1,Blaine Gabbert,QB,sfo,h,lar,14.5,5200,1381,rotoguru
2016,1,Russell Wilson,QB,sea,h,mia,13.92,7900,1412,rotoguru
2016,1,Joe Flacco,QB,bal,h,buf,13.02,6700,1302,rotoguru
2016,1,Jay Cutler,QB,chi,a,hou,12.84,6300,1263,rotoguru
2016,1,Trevor Siemian,QB,den,h,car,11.12,5200,1488,rotoguru
2016,1,Robert Griffin III,QB,cle,a,phi,10.3,5600,1408,rotoguru
2016,1,Dak Prescott,QB,dal,h,nyg,10.28,5000,1501,rotoguru
2016,1,Shaun Hill,QB,min,a,ten,10.24,5000,1213,rotoguru
2016,1,Tyrod Taylor,QB,buf,a,bal,5.54,6900,1400,rotoguru
2016,1,Case Keenum,QB,lar,a,sfo,4.2,5400,1435,rotoguru
2016,1,Colin Kaepernick,QB,sfo,h,lar,0,5000,1404,rotoguru
2016,1,Joe Webb,QB,car,a,den,0,5000,5071,rotoguru
2016,1,DeAngelo Williams,RB,pit,a,was,38.1,7000,2500,rotoguru
2016,1,Spencer Ware,RB,kan,h,sdg,35.9,4400,2914,rotoguru
2016,1,C.J. Anderson,RB,den,h,car,29.9,5900,2924,rotoguru
2016,1,Theo Riddick,RB,det,a,ind,27.8,4000,2907,rotoguru
2016,1,DeMarco Murray,RB,ten,h,min,23.7,5300,2831,rotoguru
2016,1,Carlos Hyde,RB,sfo,h,lar,23.3,5600,2933,rotoguru
2016,1,David Johnson,RB,ari,h,nwe,23.2,7500,5395,rotoguru
2016,1,Danny Woodhead,RB,sdg,a,kan,23,5000,2689,rotoguru
2016,1,Ameer Abdullah,RB,det,a,ind,23,4900,2995,rotoguru
2016,1,Matt Forte,RB,nyj,h,cin,20.5,6100,2613,rotoguru
2016,1,Lamar Miller,RB,hou,h,chi,18.7,7000,2859,rotoguru
2016,1,Melvin Gordon,RB,sdg,a,kan,17.7,4600,2991,rotoguru
2016,1,Jalen Richard,RB,oak,a,nor,17.5,3000,5490,rotoguru
2016,1,LeSean McCoy,RB,buf,a,bal,17,6400,2707,rotoguru
2016,1,T.J. Yeldon,RB,jac,h,gnb,16.9,4100,2993,rotoguru
2016,1,Tevin Coleman,RB,atl,h,tam,16.7,4200,2994,rotoguru
2016,1,Isaiah Crowell,RB,cle,a,phi,15.8,4200,2969,rotoguru
2016,1,Doug Martin,RB,tam,a,atl,14.6,6200,2858,rotoguru
2016,1,Jeremy Langford,RB,chi,a,hou,14.3,4700,5371,rotoguru
2016,1,Latavius Murray,RB,oak,a,nor,14.2,5600,2899,rotoguru
2016,1,Ryan Mathews,RB,phi,h,cle,13.7,5700,2754,rotoguru
2016,1,Charles Sims,RB,tam,a,atl,13.1,4400,2931,rotoguru
2016,1,Arian Foster,RB,mia,a,sea,13,5800,2696,rotoguru
2016,1,Ezekiel Elliott,RB,dal,h,nyg,12.2,7300,5444,rotoguru
2016,1,LeGarrette Blount,RB,nwe,a,ari,12,3700,2721,rotoguru
2016,1,Chris Thompson,RB,was,h,pit,11.9,4000,2915,rotoguru
2016,1,Frank Gore,RB,ind,h,det,11.8,5500,2467,rotoguru
2016,1,Mark Ingram,RB,nor,h,oak,10.7,6600,2793,rotoguru
2016,1,Shaun Draughn,RB,sfo,h,lar,10.6,3700,2875,rotoguru
2016,1,Travaris Cadet,RB,nor,h,oak,10.5,3000,2869,rotoguru
2016,1,James White,RB,nwe,a,ari,9.4,3600,2954,rotoguru
2016,1,Christine Michael,RB,sea,h,mia,9.1,3700,2898,rotoguru
2016,1,Shane Vereen,RB,nyg,a,dal,9.1,3800,2830,rotoguru
2016,1,Jeremy Hill,RB,cin,a,nyj,9.1,4600,2928,rotoguru
2016,1,Eddie Lacy,RB,gnb,a,jac,8.8,6700,2896,rotoguru
2016,1,Rashad Jennings,RB,nyg,a,dal,8.8,5400,2658,rotoguru
2016,1,Thomas Rawls,RB,sea,h,mia,8.8,6000,5402,rotoguru
2016,1,Andy Janovich,RB,den,h,car,8.8,3000,5482,rotoguru
2016,1,Justin Forsett,RB,bal,h,buf,8.6,4600,2642,rotoguru
2016,1,Charcandrick West,RB,kan,h,sdg,8.3,3500,2987,rotoguru
2016,1,Duke Johnson,RB,cle,a,phi,8,5100,2997,rotoguru
2016,1,Devonta Freeman,RB,atl,h,tam,8,6900,2930,rotoguru
2016,1,Bilal Powell,RB,nyj,h,cin,6.8,4300,2819,rotoguru
2016,1,Jonathan Stewart,RB,car,a,den,6.4,5100,2612,rotoguru
2016,1,Derrick Henry,RB,ten,h,min,6.4,4000,5445,rotoguru
2016,1,Jamize Olawale,RB,oak,a,nor,6.2,3000,2913,rotoguru
2016,1,Dwayne Washington,RB,det,a,ind,6.1,3000,5483,rotoguru
2016,1,Terrance West,RB,bal,h,buf,5.8,4100,2929,rotoguru
2016,1,Darren Sproles,RB,phi,h,cle,5.6,4200,2484,rotoguru
2016,1,Todd Gurley,RB,lar,a,sfo,5.2,7800,2992,rotoguru
2016,1,Giovani Bernard,RB,cin,a,nyj,5,4800,2889,rotoguru
2016,1,Damien Williams,RB,mia,a,sea,4.8,3000,2957,rotoguru
2016,1,Josh Ferguson,RB,ind,h,det,4.4,3500,5484,rotoguru
2016,1,Matt Jones,RB,was,h,pit,4.3,4700,3552,rotoguru
2016,1,Kyle Juszczyk,RB,bal,h,buf,4.3,3100,2908,rotoguru
2016,1,Kenjon Barner,RB,phi,h,cle,4.2,3000,2887,rotoguru
2016,1,Robert Turbin,RB,ind,h,det,3.9,3000,2867,rotoguru
2016,1,Alfred Morris,RB,dal,h,nyg,3.5,3800,2871,rotoguru
2016,1,DeAndre Washington,RB,oak,a,nor,3.4,3700,5449,rotoguru
2016,1,Adrian Peterson,RB,min,a,ten,3.1,7600,2553,rotoguru
2016,1,Taiwan Jones,RB,oak,a,nor,2.9,3000,2820,rotoguru
2016,1,Malcolm Johnson,RB,cle,a,phi,2.9,3000,4663,rotoguru
2016,1,Andre Ellington,RB,ari,h,nwe,2.8,4100,2892,rotoguru
2016,1,Fozzy Whittaker,RB,car,a,den,2.7,3000,2916,rotoguru
2016,1,Lance Dunbar,RB,dal,h,nyg,2.6,3000,2880,rotoguru
2016,1,Malcolm Brown,RB,lar,a,sfo,2.3,3000,5441,rotoguru
2016,1,James Starks,RB,gnb,a,jac,2.3,4800,2777,rotoguru
2016,1,C.J. Prosise,RB,sea,h,mia,2.1,3900,5448,rotoguru
2016,1,Tim Hightower,RB,nor,h,oak,2,4300,2604,rotoguru
2016,1,Jerick McKinnon,RB,min,a,ten,1.9,4600,2935,rotoguru
2016,1,Benny Cunningham,RB,lar,a,sfo,1.8,3700,2911,rotoguru
2016,1,Tyler Ervin,RB,hou,h,chi,1.8,3000,5470,rotoguru
2016,1,Patrick DiMarco,RB,atl,h,tam,1.8,3000,2805,rotoguru
2016,1,Mike Tolbert,RB,car,a,den,1.7,3000,2647,rotoguru
2016,1,Kapri Bibbs,RB,den,h,car,1.6,3000,2963,rotoguru
2016,1,Matt Asiata,RB,min,a,ten,1.3,3300,2873,rotoguru
2016,1,Denard Robinson,RB,jac,h,gnb,0.7,3100,2901,rotoguru
2016,1,Fitzgerald Toussaint,RB,pit,a,was,0.6,3500,2990,rotoguru
2016,1,Mike Gillislee,RB,buf,a,bal,0.6,3800,2894,rotoguru
2016,1,Ka'Deem Carey,RB,chi,a,hou,0.4,3500,2972,rotoguru
2016,1,John Kuhn,RB,nor,h,oak,0.4,0,2549,rotoguru
2016,1,Brandon Bolden,RB,nwe,a,ari,0.4,3000,2874,rotoguru
2016,1,Alfred Blue,RB,hou,h,chi,0.4,3600,2960,rotoguru
2016,1,Keith Smith,RB,dal,h,nyg,0.3,0,5492,rotoguru
2016,1,Chris Johnson,RB,ari,h,nwe,0.2,3700,2645,rotoguru
2016,1,Jay Prosch,RB,hou,h,chi,0.2,3000,2980,rotoguru
2016,1,Wendell Smallwood,RB,phi,h,cle,0.1,3000,5473,rotoguru
2016,1,Mike Davis,RB,sfo,h,lar,0.1,3000,5320,rotoguru
2016,1,James Develin,RB,nwe,a,ari,0,3000,2825,rotoguru
2016,1,Michael Burton,RB,det,a,ind,0,3000,5415,rotoguru
2016,1,Rex Burkhead,RB,cin,a,nyj,0,3000,2890,rotoguru
2016,1,Zach Line,RB,min,a,ten,0,3000,2912,rotoguru
2016,1,Orleans Darkwa,RB,nyg,a,dal,0,3000,2976,rotoguru
2016,1,Daryl Richardson,RB,pit,a,was,0,3000,2864,rotoguru
2016,1,Corey Grant,RB,jac,h,gnb,0,3000,5405,rotoguru
2016,1,Jordan Todman,RB,ind,h,det,0,3000,2840,rotoguru
2016,1,Marcus Murphy,RB,nor,h,oak,0,3000,5396,rotoguru
2016,1,Chase Reynolds,RB,lar,a,sfo,0,3000,2919,rotoguru
2016,1,Antonio Andrews,RB,ten,h,min,0,3000,2940,rotoguru
2016,1,Anthony Sherman,RB,kan,h,sdg,0,3000,2822,rotoguru
2016,1,Bobby Rainey,RB,nyg,a,dal,0,3000,2863,rotoguru
2016,1,Kenyan Drake,RB,mia,a,sea,0,3000,5446,rotoguru
2016,1,Rod Smith,RB,dal,h,nyg,0,3000,3191,rotoguru
2016,1,Ty Montgomery,RB,gnb,a,jac,0,3600,5392,rotoguru
2016,1,Jalston Fowler,RB,ten,h,min,0,3000,5413,rotoguru
2016,1,Knile Davis,RB,kan,h,sdg,0,3100,2891,rotoguru
2016,1,Jonathan Grimes,RB,hou,h,chi,0,3000,2881,rotoguru
2016,1,Aaron Ripkowski,RB,gnb,a,jac,0,3000,5406,rotoguru
2016,1,Devontae Booker,RB,den,h,car,-0.2,3300,5468,rotoguru
2016,1,Reggie Bush,RB,buf,a,bal,-0.4,3500,2495,rotoguru
2016,1,A.J. Green,WR,cin,a,nyj,39,8400,5091,rotoguru
2016,1,Brandin Cooks,WR,nor,h,oak,36.4,7700,5255,rotoguru
2016,1,Antonio Brown,WR,pit,a,was,35.6,9800,3474,rotoguru
2016,1,Willie Snead,WR,nor,h,oak,35.2,4800,5287,rotoguru
2016,1,Larry Fitzgerald,WR,ari,h,nwe,28.1,6300,3501,rotoguru
2016,1,Jordan Matthews,WR,phi,h,cle,27.4,6700,5254,rotoguru
2016,1,Amari Cooper,WR,oak,a,nor,24.7,7200,5376,rotoguru
2016,1,Will Fuller,WR,hou,h,chi,24.7,3700,5454,rotoguru
2016,1,Doug Baldwin,WR,sea,h,mia,24.2,6600,5136,rotoguru
2016,1,Kelvin Benjamin,WR,car,a,den,21.1,5700,5257,rotoguru
2016,1,Mohamed Sanu,WR,atl,h,tam,21,5100,5159,rotoguru
2016,1,Mike Evans,WR,tam,a,atl,20.9,7400,5253,rotoguru
2016,1,Stefon Diggs,WR,min,a,ten,20.2,4800,5424,rotoguru
2016,1,DeSean Jackson,WR,was,h,pit,19.2,6100,3770,rotoguru
2016,1,Mike Wallace,WR,bal,h,buf,19.2,4200,3809,rotoguru
2016,1,Donte Moncrief,WR,ind,h,det,18.4,6000,5344,rotoguru
2016,1,Quincy Enunwa,WR,nyj,h,cin,18.4,3800,5420,rotoguru
2016,1,Eli Rogers,WR,pit,a,was,17.9,4200,5478,rotoguru
2016,1,Michael Crabtree,WR,oak,a,nor,17.7,5500,3872,rotoguru
2016,1,Alshon Jeffery,WR,chi,a,hou,17.5,7900,5153,rotoguru
2016,1,Jeremy Maclin,WR,kan,h,sdg,17.2,6500,3830,rotoguru
2016,1,Julio Jones,WR,atl,h,tam,16.6,9400,5089,rotoguru
2016,1,DeAndre Hopkins,WR,hou,h,chi,16.4,8800,5206,rotoguru
2016,1,Eddie Royal,WR,chi,a,hou,15.7,3200,3748,rotoguru
2016,1,Nelson Agholor,WR,phi,h,cle,15.7,3500,5378,rotoguru
2016,1,Julian Edelman,WR,nwe,a,ari,15.2,6100,3826,rotoguru
2016,1,Jordy Nelson,WR,gnb,a,jac,15.2,7700,3751,rotoguru
2016,1,Chris Hogan,WR,nwe,a,ari,15,3600,5167,rotoguru
2016,1,Tajae Sharpe,WR,ten,h,min,14.6,3000,5461,rotoguru
2016,1,Cole Beasley,WR,dal,h,nyg,14.5,3200,5163,rotoguru
2016,1,Davante Adams,WR,gnb,a,jac,14,4300,5263,rotoguru
2016,1,T.Y. Hilton,WR,ind,h,det,13.9,7500,5151,rotoguru
2016,1,Phillip Dorsett,WR,ind,h,det,13.4,4500,5384,rotoguru
2016,1,Victor Cruz,WR,nyg,a,dal,13.4,4000,3900,rotoguru
2016,1,Sterling Shepard,WR,nyg,a,dal,13.3,4900,5456,rotoguru
2016,1,Allen Robinson,WR,jac,h,gnb,13.2,8300,5258,rotoguru
2016,1,Brandon LaFell,WR,cin,a,nyj,13.1,3900,3946,rotoguru
2016,1,Jeremy Kerley,WR,sfo,h,lar,13.1,3000,5111,rotoguru
2016,1,Jarvis Landry,WR,mia,a,sea,12.9,6000,5335,rotoguru
2016,1,Randall Cobb,WR,gnb,a,jac,12.8,7600,5125,rotoguru
2016,1,Marvin Jones,WR,det,a,ind,12.5,4600,5168,rotoguru
2016,1,Keenan Allen,WR,sdg,a,kan,12.3,8000,5198,rotoguru
2016,1,Michael Thomas,WR,nor,h,oak,11.8,4000,5459,rotoguru
2016,1,Jamison Crowder,WR,was,h,pit,11.8,3800,5410,rotoguru
2016,1,Eric Decker,WR,nyj,h,cin,11.7,6600,3902,rotoguru
2016,1,Allen Hurns,WR,jac,h,gnb,11.5,5800,5341,rotoguru
2016,1,Golden Tate,WR,det,a,ind,11.3,7300,3995,rotoguru
2016,1,Odell Beckham Jr.,WR,nyg,a,dal,11.3,9300,5323,rotoguru
2016,1,Pierre Garcon,WR,was,h,pit,11.1,4400,3754,rotoguru
2016,1,Quinton Patton,WR,sfo,h,lar,11,4000,5209,rotoguru
2016,1,Kenny Britt,WR,lar,a,sfo,10.7,3900,3824,rotoguru
2016,1,Jermaine Kearse,WR,sea,h,mia,10.7,3500,5186,rotoguru
2016,1,Travis Benjamin,WR,sdg,a,kan,10.2,4100,5173,rotoguru
2016,1,Seth Roberts,WR,oak,a,nor,9.9,3800,5408,rotoguru
2016,1,Emmanuel Sanders,WR,den,h,car,9.9,5700,3983,rotoguru
2016,1,Terrelle Pryor,WR,cle,a,phi,9.8,3000,1407,rotoguru
2016,1,Adam Thielen,WR,min,a,ten,9.4,3000,5333,rotoguru
2016,1,Tyrell Williams,WR,sdg,a,kan,9.1,3000,5432,rotoguru
2016,1,Michael Floyd,WR,ari,h,nwe,9.1,5900,5148,rotoguru
2016,1,Corey Coleman,WR,cle,a,phi,8.9,5100,5452,rotoguru
2016,1,Demaryius Thomas,WR,den,h,car,8.8,7000,3997,rotoguru
2016,1,Sammy Watkins,WR,buf,a,bal,8.3,6900,5252,rotoguru
2016,1,Chris Conley,WR,kan,h,sdg,8.3,3700,5385,rotoguru
2016,1,Tyreek Hill,WR,kan,h,sdg,7.9,3000,5485,rotoguru
2016,1,Danny Amendola,WR,nwe,a,ari,7.8,4200,3851,rotoguru
2016,1,Sammie Coates,WR,pit,a,was,7.6,3700,5388,rotoguru
2016,1,Adam Humphries,WR,tam,a,atl,7.1,3000,5412,rotoguru
2016,1,Steve Smith,WR,bal,h,buf,6.9,4900,3328,rotoguru
2016,1,Anquan Boldin,WR,det,a,ind,6.5,4500,3423,rotoguru
2016,1,Terrance Williams,WR,dal,h,nyg,6.4,3300,5216,rotoguru
2016,1,Kevin White,WR,chi,a,hou,6.4,5200,5377,rotoguru
2016,1,Brandon Marshall,WR,nyj,h,cin,6.2,7800,3627,rotoguru
2016,1,Robert Woods,WR,buf,a,bal,6,4600,5217,rotoguru
2016,1,Andre Johnson,WR,ten,h,min,6,3900,3437,rotoguru
2016,1,Rishard Matthews,WR,ten,h,min,5.6,3300,5182,rotoguru
2016,1,Tavon Austin,WR,lar,a,sfo,5.5,5000,5199,rotoguru
2016,1,Brian Quick,WR,lar,a,sfo,5.3,3500,5157,rotoguru
2016,1,Malcolm Mitchell,WR,nwe,a,ari,5.3,3000,5488,rotoguru
2016,1,Tyler Lockett,WR,sea,h,mia,4.7,5000,5386,rotoguru
2016,1,Breshad Perriman,WR,bal,h,buf,4.5,3700,5379,rotoguru
2016,1,Tyler Boyd,WR,cin,a,nyj,4.4,3600,5455,rotoguru
2016,1,Marqise Lee,WR,jac,h,gnb,4.2,3100,5256,rotoguru
2016,1,Harry Douglas,WR,ten,h,min,4.1,3400,3731,rotoguru
2016,1,Vincent Jackson,WR,tam,a,atl,3.8,4400,3550,rotoguru
2016,1,Ted Ginn Jr.,WR,car,a,den,3.5,4100,3670,rotoguru
2016,1,Kamar Aiken,WR,bal,h,buf,3.4,4700,5275,rotoguru
2016,1,Dorial Green-Beckham,WR,phi,h,cle,3.4,4500,5382,rotoguru
2016,1,Leonte Carroo,WR,mia,a,sea,3.4,3200,5474,rotoguru
2016,1,Torrey Smith,WR,sfo,h,lar,3.3,4900,5113,rotoguru
2016,1,Albert Wilson,WR,kan,h,sdg,3.1,3600,5339,rotoguru
2016,1,Jaron Brown,WR,ari,h,nwe,2.8,3400,5229,rotoguru
2016,1,Brice Butler,WR,dal,h,nyg,2.6,3000,5219,rotoguru
2016,1,Kenny Stills,WR,mia,a,sea,2.6,3200,5212,rotoguru
2016,1,Cordarrelle Patterson,WR,min,a,ten,2.4,3000,5208,rotoguru
2016,1,Chris Moore,WR,bal,h,buf,2.3,3000,5479,rotoguru
2016,1,Corey Brown,WR,car,a,den,2.1,3000,5362,rotoguru
2016,1,J.J. Nelson,WR,ari,h,nwe,2.1,3200,5409,rotoguru
2016,1,Paul Richardson,WR,sea,h,mia,2.1,3000,5260,rotoguru
2016,1,Rashad Greene,WR,jac,h,gnb,1.9,3500,5391,rotoguru
2016,1,Josh Doctson,WR,was,h,pit,1.9,3000,5460,rotoguru
2016,1,Devin Funchess,WR,car,a,den,1.9,4800,5381,rotoguru
2016,1,Jared Abbrederis,WR,gnb,a,jac,1.8,3300,5350,rotoguru
2016,1,John Brown,WR,ari,h,nwe,1.8,5200,5264,rotoguru
2016,1,Dez Bryant,WR,dal,h,nyg,1.8,8500,3891,rotoguru
2016,1,Andre Roberts,WR,det,a,ind,1.8,3000,3978,rotoguru
2016,1,Dontrelle Inman,WR,sdg,a,kan,1.6,3400,5097,rotoguru
2016,1,Braxton Miller,WR,hou,h,chi,1.6,3000,5476,rotoguru
2016,1,Charles Johnson,WR,min,a,ten,1.5,3000,3103,rotoguru
2016,1,James Wright,WR,cin,a,nyj,1.1,3000,5290,rotoguru
2016,1,Justin Hardy,WR,atl,h,tam,1,3100,5387,rotoguru
2016,1,Russell Shepard,WR,tam,a,atl,0.9,3000,5223,rotoguru
2016,1,Marc Mariani,WR,ten,h,min,0,3000,3949,rotoguru
2016,1,Cecil Shorts,WR,tam,a,atl,0,3300,5103,rotoguru
2016,1,Deonte Thompson,WR,chi,a,hou,0,3000,5160,rotoguru
2016,1,Darrius Heyward-Bey,WR,pit,a,was,0,3600,3848,rotoguru
2016,1,Bradley Marquez,WR,lar,a,sfo,0,3000,5428,rotoguru
2016,1,Chris Harper,WR,sfo,h,lar,0,3000,5222,rotoguru
2016,1,Josh Huff,WR,phi,h,cle,0,3000,5261,rotoguru
2016,1,Eric Weems,WR,atl,h,tam,0,3000,3732,rotoguru
2016,1,Jaelen Strong,WR,hou,h,chi,0,3800,5383,rotoguru
2016,1,Lucky Whitehead,WR,dal,h,nyg,0,3000,5400,rotoguru
2016,1,Marquise Goodwin,WR,buf,a,bal,0,3000,5205,rotoguru
2016,1,Arrelious Benn,WR,jac,h,gnb,0,3000,3885,rotoguru
2016,1,Rashard Higgins,WR,cle,a,phi,0,3000,5475,rotoguru
2016,1,Brandon Tate,WR,buf,a,bal,0,3000,3860,rotoguru
2016,1,Cody Latimer,WR,den,h,car,0,3000,5268,rotoguru
2016,1,Jeff Janis,WR,gnb,a,jac,0,3700,5351,rotoguru
2016,1,Andre Holmes,WR,oak,a,nor,0,3200,5177,rotoguru
2016,1,Matthew Slater,WR,nwe,a,ari,0,3000,3760,rotoguru
2016,1,Brandon Coleman,WR,nor,h,oak,0,3000,5326,rotoguru
2016,1,Aldrick Robinson,WR,atl,h,tam,0,3000,5134,rotoguru
2016,1,Jordan Norwood,WR,den,h,car,0,3000,3828,rotoguru
2016,1,Rod Streater,WR,sfo,h,lar,0,3000,5169,rotoguru
2016,1,Quan Bray,WR,ind,h,det,0,3000,5429,rotoguru
2016,1,Justin Hunter,WR,buf,a,bal,0,3000,5207,rotoguru
2016,1,Josh Bellamy,WR,chi,a,hou,0,3000,5191,rotoguru
2016,1,Greg Salas,WR,buf,a,bal,0,3000,5106,rotoguru
2016,1,Dwayne Harris,WR,nyg,a,dal,0,3600,5130,rotoguru
2016,1,Andrew Hawkins,WR,cle,a,phi,-0.1,3800,5140,rotoguru
2016,1,Jack Doyle,TE,ind,h,det,18.5,2500,4594,rotoguru
2016,1,Julius Thomas,TE,jac,h,gnb,17.4,3800,4534,rotoguru
2016,1,Dwayne Allen,TE,ind,h,det,17.3,3200,4551,rotoguru
2016,1,Eric Ebron,TE,det,a,ind,15.6,3900,4601,rotoguru
2016,1,Jason Witten,TE,dal,h,nyg,15.6,4100,4262,rotoguru
2016,1,Greg Olsen,TE,car,a,den,14.3,5100,4368,rotoguru
2016,1,Jordan Reed,TE,was,h,pit,13.4,6600,4573,rotoguru
2016,1,Travis Kelce,TE,kan,h,sdg,13.4,5000,4582,rotoguru
2016,1,Zach Ertz,TE,phi,h,cle,11.8,4300,4569,rotoguru
2016,1,Jacob Tamme,TE,atl,h,tam,11.1,2800,4411,rotoguru
2016,1,Kyle Rudolph,TE,min,a,ten,10.5,3000,4537,rotoguru
2016,1,Austin Seferian-Jenkins,TE,tam,a,atl,10,2800,4602,rotoguru
2016,1,Vance McDonald,TE,sfo,h,lar,9.4,3100,4572,rotoguru
2016,1,Larry Donnell,TE,nyg,a,dal,8.5,2900,4585,rotoguru
2016,1,Jesse James,TE,pit,a,was,8.1,3400,4653,rotoguru
2016,1,Jermaine Gresham,TE,ari,h,nwe,8.1,2500,4493,rotoguru
2016,1,C.J. Uzomah,TE,cin,a,nyj,7.9,2500,4656,rotoguru
2016,1,Brandon Myers,TE,tam,a,atl,7.4,2500,4457,rotoguru
2016,1,Delanie Walker,TE,ten,h,min,7.2,4500,4360,rotoguru
2016,1,Dennis Pitta,TE,bal,h,buf,6.9,2600,4516,rotoguru
2016,1,Marcedes Lewis,TE,jac,h,gnb,6.8,2700,4324,rotoguru
2016,1,Virgil Green,TE,den,h,car,6.8,2900,4542,rotoguru
2016,1,Charles Clay,TE,buf,a,bal,6,3400,4543,rotoguru
2016,1,Cameron Brate,TE,tam,a,atl,6,2900,4648,rotoguru
2016,1,Clive Walford,TE,oak,a,nor,5.5,3000,4651,rotoguru
2016,1,Stephen Anderson,TE,hou,h,chi,5.5,2500,4679,rotoguru
2016,1,Antonio Gates,TE,sdg,a,kan,5,4200,4270,rotoguru
2016,1,Will Tye,TE,nyg,a,dal,4.6,3300,4670,rotoguru
2016,1,Luke Willson,TE,sea,h,mia,4.6,2700,4578,rotoguru
2016,1,Zach Miller,TE,chi,a,hou,4.4,3700,4461,rotoguru
2016,1,Martellus Bennett,TE,nwe,a,ari,4.4,3400,4407,rotoguru
2016,1,Demetrius Harris,TE,kan,h,sdg,4,2500,4642,rotoguru
2016,1,Ryan Griffin,TE,hou,h,chi,3.7,0,4592,rotoguru
2016,1,Lance Kendricks,TE,lar,a,sfo,3.5,3200,4538,rotoguru
2016,1,Richard Rodgers,TE,gnb,a,jac,3.2,3100,4629,rotoguru
2016,1,Geoff Swaim,TE,dal,h,nyg,3.1,2500,4668,rotoguru
2016,1,Vernon Davis,TE,was,h,pit,3,2600,4323,rotoguru
2016,1,Hunter Henry,TE,sdg,a,kan,3,2500,4675,rotoguru
2016,1,Jordan Cameron,TE,mia,a,sea,2.6,3000,4533,rotoguru
2016,1,Garrett Celek,TE,sfo,h,lar,2.5,2700,4564,rotoguru
2016,1,Austin Hooper,TE,atl,h,tam,2.4,2500,4677,rotoguru
2016,1,Jimmy Graham,TE,sea,h,mia,2.1,3800,4492,rotoguru
2016,1,Brent Celek,TE,phi,h,cle,2.1,2700,4363,rotoguru
2016,1,Jared Cook,TE,gnb,a,jac,1.7,2900,4437,rotoguru
2016,1,Coby Fleener,TE,nor,h,oak,1.6,4900,4552,rotoguru
2016,1,C.J. Fiedorowicz,TE,hou,h,chi,1.6,2500,4640,rotoguru
2016,1,Crockett Gillmore,TE,bal,h,buf,1.5,2600,4636,rotoguru
2016,1,Cole Wick,TE,det,a,ind,1.5,2500,4678,rotoguru
2016,1,Tyler Higbee,TE,lar,a,sfo,1.2,2500,4680,rotoguru
2016,1,Justin Perillo,TE,gnb,a,jac,0,2500,4628,rotoguru
2016,1,Clark Harris,TE,cin,a,nyj,0,2500,4391,rotoguru
2016,1,Dion Sims,TE,mia,a,sea,0,2500,4576,rotoguru
2016,1,Logan Paulsen,TE,chi,a,hou,0,2500,4513,rotoguru
2016,1,Sean McGrath,TE,sdg,a,kan,0,2500,4588,rotoguru
2016,1,Rhett Ellison,TE,min,a,ten,0,2500,4554,rotoguru
2016,1,Darren Fells,TE,ari,h,nwe,0,2700,4609,rotoguru
2016,1,Kellen Davis,TE,nyj,h,cin,0,2500,4403,rotoguru
2016,1,Troy Niklas,TE,ari,h,nwe,0,2500,4605,rotoguru
2016,1,James O'Shaughnessy,TE,kan,h,sdg,0,2500,4664,rotoguru
2016,1,Phillip Supernaw,TE,ten,h,min,0,2500,4637,rotoguru
2016,1,Nick O'Leary,TE,buf,a,bal,0,2500,4661,rotoguru
2016,1,Scott Simonson,TE,car,a,den,0,2500,4620,rotoguru
2016,1,Niles Paul,TE,was,h,pit,0,2500,5110,rotoguru
2016,1,John Phillips,TE,nor,h,oak,0,2500,4433,rotoguru
2016,1,Gavin Escobar,TE,dal,h,nyg,0,2600,4570,rotoguru
2016,1,Lee Smith,TE,oak,a,nor,0,2500,4535,rotoguru
2016,1,Anthony Fasano,TE,ten,h,min,0,2500,4327,rotoguru
2016,1,Ed Dickson,TE,car,a,den,0,2500,4482,rotoguru
2016,1,Gary Barnidge,TE,cle,a,phi,0,4700,4401,rotoguru
2016,1,Brandon Bostick,TE,nyj,h,cin,0,2500,4593,rotoguru
2016,1,Tyler Kroft,TE,cin,a,nyj,0,2700,4652,rotoguru
2016,1,Blake Bell,TE,sfo,h,lar,0,2500,4666,rotoguru
2016,1,Ryan Hewitt,TE,cin,a,nyj,0,2500,2978,rotoguru
2016,1,Erik Swoope,TE,ind,h,det,0,2500,4626,rotoguru
2016,1,Levine Toilolo,TE,atl,h,tam,0,2500,4577,rotoguru
2016,1,Josh Hill,TE,nor,h,oak,0,2500,4586,rotoguru
2016,1,Luke Stocker,TE,tam,a,atl,0,2500,4532,rotoguru
2016,1,Cory Harkey,TE,lar,a,sfo,0,2500,4565,rotoguru
2016,1,Marqueis Gray,TE,mia,a,sea,0,2500,4595,rotoguru
2016,1,Jim Dray,TE,buf,a,bal,0,2500,4484,rotoguru
2016,1,Brandon Williams,TE,sea,h,mia,0,2500,4590,rotoguru
2016,1,Maxx Williams,TE,bal,h,buf,0,2600,4650,rotoguru
2016,1,David Johnson,TE,pit,a,was,0,2500,4450,rotoguru
2016,1,Minnesota Defense,Def,min,a,ten,21,3100,7017,rotoguru
2016,1,San Francisco Defense,Def,sfo,h,lar,16,3100,7027,rotoguru
2016,1,Miami Defense,Def,mia,a,sea,13,2200,7016,rotoguru
2016,1,Philadelphia Defense,Def,phi,h,cle,11,3300,7023,rotoguru
2016,1,Seattle Defense,Def,sea,h,mia,11,3900,7028,rotoguru
2016,1,Buffalo Defense,Def,buf,a,bal,10,2900,7004,rotoguru
2016,1,New York J Defense,Def,nyj,h,cin,9,3400,7021,rotoguru
2016,1,Houston Defense,Def,hou,h,chi,8,3200,7032,rotoguru
2016,1,Carolina Defense,Def,car,a,den,8,3800,7005,rotoguru
2016,1,Denver Defense,Def,den,h,car,6,3700,7010,rotoguru
2016,1,Arizona Defense,Def,ari,h,nwe,6,3500,7001,rotoguru
2016,1,Baltimore Defense,Def,bal,h,buf,6,2700,7003,rotoguru
2016,1,Cincinnati Defense,Def,cin,a,nyj,5,3000,7007,rotoguru
2016,1,Dallas Defense,Def,dal,h,nyg,5,2500,7009,rotoguru
2016,1,Green Bay Defense,Def,gnb,a,jac,5,2800,7012,rotoguru
2016,1,Pittsburgh Defense,Def,pit,a,was,5,2900,7024,rotoguru
2016,1,Chicago Defense,Def,chi,a,hou,4,2500,7006,rotoguru
2016,1,Tennessee Defense,Def,ten,h,min,4,2600,7030,rotoguru
2016,1,San Diego Defense,Def,sdg,a,kan,4,2500,7026,rotoguru
2016,1,Tampa Bay Defense,Def,tam,a,atl,3,2600,7029,rotoguru
2016,1,New England Defense,Def,nwe,a,ari,3,2900,7018,rotoguru
2016,1,Oakland Defense,Def,oak,a,nor,2,2400,7022,rotoguru
2016,1,Cleveland Defense,Def,cle,a,phi,2,2300,7008,rotoguru
2016,1,Jacksonville Defense,Def,jac,h,gnb,1,2400,7014,rotoguru
2016,1,Kansas City Defense,Def,kan,h,sdg,1,3600,7015,rotoguru
2016,1,Atlanta Defense,Def,atl,h,tam,1,2800,7002,rotoguru
2016,1,Los Angeles Defense,Def,lar,a,sfo,1,3800,7025,rotoguru
2016,1,New York G Defense,Def,nyg,a,dal,1,2700,7020,rotoguru
2016,1,Detroit Defense,Def,det,a,ind,0,2500,7011,rotoguru
2016,1,Washington Defense,Def,was,h,pit,-1,2700,7031,rotoguru
2016,1,Indianapolis Defense,Def,ind,h,det,-3,2700,7013,rotoguru
2016,1,New Orleans Defense,Def,nor,h,oak,-4,2300,7019,rotoguru
2016,2,Cam Newton,QB,car,h,sfo,34.82,7900,1378,rotoguru
2016,2,Matt Ryan,QB,atl,a,oak,31.84,6800,1301,rotoguru
2016,2,Ryan Tannehill,QB,mia,a,nwe,28.06,5600,1410,rotoguru
2016,2,Carson Palmer,QB,ari,h,tam,27.32,6900,1207,rotoguru
2016,2,Tyrod Taylor,QB,buf,h,nyj,25.38,6300,1400,rotoguru
2016,2,Derek Carr,QB,oak,h,atl,24.96,7200,1441,rotoguru
2016,2,Philip Rivers,QB,sdg,h,jac,24.8,6400,1231,rotoguru
2016,2,Blake Bortles,QB,jac,a,sdg,24.56,6700,1442,rotoguru
2016,2,Ryan Fitzpatrick,QB,nyj,a,buf,24.06,6100,1242,rotoguru
2016,2,Blaine Gabbert,QB,sfo,a,car,22.72,5000,1381,rotoguru
2016,2,Kirk Cousins,QB,was,h,dal,22.56,7000,1415,rotoguru
2016,2,Andy Dalton,QB,cin,a,pit,22.34,6400,1403,rotoguru
2016,2,Ben Roethlisberger,QB,pit,h,cin,21.76,7500,1232,rotoguru
2016,2,Jimmy Garoppolo,QB,nwe,h,mia,21.36,5900,1452,rotoguru
2016,2,Joe Flacco,QB,bal,a,cle,21.18,6500,1302,rotoguru
2016,2,Aaron Rodgers,QB,gnb,a,min,19.42,7800,1252,rotoguru
2016,2,Sam Bradford,QB,min,h,gnb,19.14,5600,1344,rotoguru
2016,2,Dak Prescott,QB,dal,a,was,18.28,5800,1501,rotoguru
2016,2,Marcus Mariota,QB,ten,a,det,17.62,6000,1466,rotoguru
2016,2,Matthew Stafford,QB,det,h,ten,16.5,7300,1340,rotoguru
2016,2,Josh McCown,QB,cle,h,bal,16.4,5000,1175,rotoguru
2016,2,Eli Manning,QB,nyg,h,nor,16.32,7600,1225,rotoguru
2016,2,Drew Brees,QB,nor,a,nyg,14.52,8200,1151,rotoguru
2016,2,Carson Wentz,QB,phi,a,chi,12.6,5500,1514,rotoguru
2016,2,Brock Osweiler,QB,hou,h,kan,12.42,6100,1414,rotoguru
2016,2,Trevor Siemian,QB,den,h,ind,12.34,5200,1488,rotoguru
2016,2,Andrew Luck,QB,ind,a,den,12.08,7700,1409,rotoguru
2016,2,Russell Wilson,QB,sea,a,lar,11.56,7400,1412,rotoguru
2016,2,Case Keenum,QB,lar,h,sea,10.06,5100,1435,rotoguru
2016,2,Jameis Winston,QB,tam,a,ari,9.62,6200,1465,rotoguru
2016,2,Alex Smith,QB,kan,a,hou,5.64,6300,1254,rotoguru
2016,2,Jacoby Brissett,QB,nwe,h,mia,4.88,5000,1496,rotoguru
2016,2,Jay Cutler,QB,chi,h,phi,4.28,5700,1263,rotoguru
2016,2,Brian Hoyer,QB,chi,h,phi,3.12,5000,1336,rotoguru
2016,2,E.J. Manuel,QB,buf,h,nyj,0.6,5000,1421,rotoguru
2016,2,Drew Stanton,QB,ari,h,tam,0.44,5000,1290,rotoguru
2016,2,Jared Goff,QB,lar,h,sea,0,5000,1490,rotoguru
2016,2,Matt Schaub,QB,atl,a,oak,0,5000,1234,rotoguru
2016,2,Trevone Boykin,QB,sea,a,lar,0,5000,1493,rotoguru
2016,2,Matt McGloin,QB,oak,h,atl,0,5000,1437,rotoguru
2016,2,Matt Cassel,QB,ten,a,det,-0.1,5000,1241,rotoguru
2016,2,Kellen Clemens,QB,sdg,h,jac,-0.1,5000,1262,rotoguru
2016,2,Matt Forte,RB,nyj,a,buf,33.9,6600,2613,rotoguru
2016,2,Giovani Bernard,RB,cin,a,pit,28.7,4200,2889,rotoguru
2016,2,Isaiah Crowell,RB,cle,h,bal,24.8,4400,2969,rotoguru
2016,2,Melvin Gordon,RB,sdg,h,jac,24,4800,2991,rotoguru
2016,2,DeAngelo Williams,RB,pit,h,cin,23.2,7100,2500,rotoguru
2016,2,Latavius Murray,RB,oak,h,atl,22.1,5700,2899,rotoguru
2016,2,DeMarco Murray,RB,ten,a,det,21.5,5700,2831,rotoguru
2016,2,LeGarrette Blount,RB,nwe,h,mia,21.3,4000,2721,rotoguru
2016,2,C.J. Anderson,RB,den,h,ind,18.3,6800,2924,rotoguru
2016,2,Fozzy Whittaker,RB,car,h,sfo,18.1,3000,2916,rotoguru
2016,2,David Johnson,RB,ari,h,tam,17.3,7600,5395,rotoguru
2016,2,Ryan Mathews,RB,phi,a,chi,16.5,5800,2754,rotoguru
2016,2,Ezekiel Elliott,RB,dal,a,was,15.7,7300,5444,rotoguru
2016,2,Frank Gore,RB,ind,a,den,15.3,5000,2467,rotoguru
2016,2,Tevin Coleman,RB,atl,a,oak,15.1,4500,2994,rotoguru
2016,2,Matt Jones,RB,was,h,dal,13.5,4500,3552,rotoguru
2016,2,LeSean McCoy,RB,buf,h,nyj,13,6500,2707,rotoguru
2016,2,T.J. Yeldon,RB,jac,a,sdg,11.8,4700,2993,rotoguru
2016,2,Lamar Miller,RB,hou,h,kan,11.7,7200,2859,rotoguru
2016,2,Spencer Ware,RB,kan,a,hou,11.5,6100,2914,rotoguru
2016,2,Chris Johnson,RB,ari,h,tam,11.4,3700,2645,rotoguru
2016,2,Christine Michael,RB,sea,a,lar,10.6,4600,2898,rotoguru
2016,2,Theo Riddick,RB,det,h,ten,10.5,4300,2907,rotoguru
2016,2,Kenyan Drake,RB,mia,a,nwe,9.8,3000,5446,rotoguru
2016,2,Duke Johnson,RB,cle,h,bal,9.6,4500,2997,rotoguru
2016,2,Jeremy Langford,RB,chi,h,phi,9.4,4600,5371,rotoguru
2016,2,Devonta Freeman,RB,atl,a,oak,9.3,6100,2930,rotoguru
2016,2,Jeremy Hill,RB,cin,a,pit,8.9,4300,2928,rotoguru
2016,2,Chris Thompson,RB,was,h,dal,8.8,3700,2915,rotoguru
2016,2,Mike Gillislee,RB,buf,h,nyj,8.8,3400,2894,rotoguru
2016,2,Mark Ingram,RB,nor,a,nyg,8.7,6200,2793,rotoguru
2016,2,Shane Vereen,RB,nyg,h,nor,8.6,3800,2830,rotoguru
2016,2,Josh Ferguson,RB,ind,a,den,8.6,3300,5484,rotoguru
2016,2,Corey Grant,RB,jac,a,sdg,8.5,3000,5405,rotoguru
2016,2,Todd Gurley,RB,lar,h,sea,8,7500,2992,rotoguru
2016,2,Justin Forsett,RB,bal,a,cle,7.6,4400,2642,rotoguru
2016,2,Jay Ajayi,RB,mia,a,nwe,7.5,3700,2998,rotoguru
2016,2,Charcandrick West,RB,kan,a,hou,7.3,3500,2987,rotoguru
2016,2,Carlos Hyde,RB,sfo,a,car,7.2,5100,2933,rotoguru
2016,2,Robert Turbin,RB,ind,a,den,7,3000,2867,rotoguru
2016,2,Darren Sproles,RB,phi,a,chi,6.8,3800,2484,rotoguru
2016,2,Terrance West,RB,bal,a,cle,6.7,3300,2929,rotoguru
2016,2,Alfred Morris,RB,dal,a,was,6.7,3600,2871,rotoguru
2016,2,DeAndre Washington,RB,oak,h,atl,6.2,3400,5449,rotoguru
2016,2,Devontae Booker,RB,den,h,ind,6.1,3000,5468,rotoguru
2016,2,Rashad Jennings,RB,nyg,h,nor,6,5600,2658,rotoguru
2016,2,Derrick Henry,RB,ten,a,det,5.9,3800,5445,rotoguru
2016,2,Jamize Olawale,RB,oak,h,atl,5.9,3100,2913,rotoguru
2016,2,Charles Sims,RB,tam,a,ari,5.8,4400,2931,rotoguru
2016,2,Lance Dunbar,RB,dal,a,was,5.2,3000,2880,rotoguru
2016,2,Jordan Howard,RB,chi,h,phi,5.1,3300,5447,rotoguru
2016,2,Eddie Lacy,RB,gnb,a,min,5,6000,2896,rotoguru
2016,2,James White,RB,nwe,h,mia,4.9,4000,2954,rotoguru
2016,2,Adrian Peterson,RB,min,h,gnb,4.6,7000,2553,rotoguru
2016,2,Danny Woodhead,RB,sdg,h,jac,4.1,5200,2689,rotoguru
2016,2,Ameer Abdullah,RB,det,h,ten,3.8,4900,2995,rotoguru
2016,2,Thomas Rawls,RB,sea,a,lar,3.8,5500,5402,rotoguru
2016,2,Travaris Cadet,RB,nor,a,nyg,3.7,3000,2869,rotoguru
2016,2,Jalen Richard,RB,oak,h,atl,3.7,3600,5490,rotoguru
2016,2,Jonathan Stewart,RB,car,h,sfo,3.6,5400,2612,rotoguru
2016,2,Matt Asiata,RB,min,h,gnb,3.5,3000,2873,rotoguru
2016,2,Dwayne Washington,RB,det,h,ten,3.1,3000,5483,rotoguru
2016,2,Jonathan Grimes,RB,hou,h,kan,3.1,3000,2881,rotoguru
2016,2,John Kuhn,RB,nor,a,nyg,3,3000,2549,rotoguru
2016,2,Jacquizz Rodgers,RB,tam,a,ari,2.9,0,2818,rotoguru
2016,2,James Starks,RB,gnb,a,min,2.9,4000,2777,rotoguru
2016,2,Mike Tolbert,RB,car,h,sfo,2.5,3000,2647,rotoguru
2016,2,Denard Robinson,RB,jac,a,sdg,2.4,3100,2901,rotoguru
2016,2,Fitzgerald Toussaint,RB,pit,h,cin,2.3,3500,2990,rotoguru
2016,2,Doug Martin,RB,tam,a,ari,2.3,5900,2858,rotoguru
2016,2,Andre Ellington,RB,ari,h,tam,2.1,3900,2892,rotoguru
2016,2,Shaun Draughn,RB,sfo,a,car,2.1,3700,2875,rotoguru
2016,2,Andy Janovich,RB,den,h,ind,2.1,3000,5482,rotoguru
2016,2,Mike Davis,RB,sfo,a,car,2,3000,5320,rotoguru
2016,2,D.J. Foster,RB,nwe,h,mia,1.9,3000,5495,rotoguru
2016,2,Benny Cunningham,RB,lar,h,sea,1.9,3700,2911,rotoguru
2016,2,Kyle Juszczyk,RB,bal,a,cle,1.8,3000,2908,rotoguru
2016,2,Ka'Deem Carey,RB,chi,h,phi,1.6,3100,2972,rotoguru
2016,2,Wendell Smallwood,RB,phi,a,chi,1.6,3000,5473,rotoguru
2016,2,Keith Smith,RB,dal,a,was,1.5,3000,5492,rotoguru
2016,2,Kenneth Farrow,RB,sdg,h,jac,1.3,3000,5494,rotoguru
2016,2,Bilal Powell,RB,nyj,a,buf,1.3,4000,2819,rotoguru
2016,2,Orleans Darkwa,RB,nyg,h,nor,1.2,3000,2976,rotoguru
2016,2,Jerick McKinnon,RB,min,h,gnb,1.1,3700,2935,rotoguru
2016,2,Alfred Blue,RB,hou,h,kan,1.1,3400,2960,rotoguru
2016,2,Arian Foster,RB,mia,a,nwe,0.9,6000,2696,rotoguru
2016,2,Tim Hightower,RB,nor,a,nyg,0.9,3800,2604,rotoguru
2016,2,Kapri Bibbs,RB,den,h,ind,0.7,3000,2963,rotoguru
2016,2,Daryl Richardson,RB,pit,h,cin,0.6,3000,2864,rotoguru
2016,2,Kenjon Barner,RB,phi,a,chi,0.2,3000,2887,rotoguru
2016,2,Paul Lasike,RB,chi,h,phi,0.2,3000,5373,rotoguru
2016,2,Julian Howsare,RB,nyj,a,buf,0,3000,5499,rotoguru
2016,2,James Develin,RB,nwe,h,mia,0,3000,2825,rotoguru
2016,2,Michael Burton,RB,det,h,ten,0,3000,5415,rotoguru
2016,2,Rex Burkhead,RB,cin,a,pit,0,3000,2890,rotoguru
2016,2,Zach Line,RB,min,h,gnb,0,3000,2912,rotoguru
2016,2,Reggie Bush,RB,buf,h,nyj,0,3200,2495,rotoguru
2016,2,Daniel Lasco,RB,nor,a,nyg,0,3000,5487,rotoguru
2016,2,Malcolm Brown,RB,lar,h,sea,0,3000,5441,rotoguru
2016,2,Chase Reynolds,RB,lar,h,sea,0,3000,2919,rotoguru
2016,2,Stepfan Taylor,RB,ari,h,tam,0,3000,2903,rotoguru
2016,2,Antonio Andrews,RB,ten,a,det,0,3000,2940,rotoguru
2016,2,Anthony Sherman,RB,kan,a,hou,0,3000,2822,rotoguru
2016,2,Brandon Bolden,RB,nwe,h,mia,0,3000,2874,rotoguru
2016,2,Tyler Ervin,RB,hou,h,kan,0,3000,5470,rotoguru
2016,2,George Atkinson,RB,cle,h,bal,0,3000,2949,rotoguru
2016,2,Taiwan Jones,RB,oak,h,atl,0,3000,2820,rotoguru
2016,2,Rod Smith,RB,dal,a,was,0,3000,3191,rotoguru
2016,2,Patrick DiMarco,RB,atl,a,oak,0,3000,2805,rotoguru
2016,2,Alex Collins,RB,sea,a,lar,0,3000,5450,rotoguru
2016,2,Ty Montgomery,RB,gnb,a,min,0,3000,5392,rotoguru
2016,2,Jalston Fowler,RB,ten,a,det,0,3000,5413,rotoguru
2016,2,Knile Davis,RB,kan,a,hou,0,3000,2891,rotoguru
2016,2,Aaron Ripkowski,RB,gnb,a,min,0,3000,5406,rotoguru
2016,2,Malcolm Johnson,RB,cle,h,bal,0,3000,4663,rotoguru
2016,2,Jay Prosch,RB,hou,h,kan,0,3000,2980,rotoguru
2016,2,Stefon Diggs,WR,min,h,gnb,36.2,5100,5424,rotoguru
2016,2,Kelvin Benjamin,WR,car,h,sfo,32.8,6500,5257,rotoguru
2016,2,Travis Benjamin,WR,sdg,h,jac,32.4,4400,5173,rotoguru
2016,2,Corey Coleman,WR,cle,h,bal,30.4,4700,5452,rotoguru
2016,2,Eric Decker,WR,nyj,a,buf,27.6,6500,3902,rotoguru
2016,2,DeAndre Hopkins,WR,hou,h,kan,27.3,8700,5206,rotoguru
2016,2,Jarvis Landry,WR,mia,a,nwe,25.7,6400,5335,rotoguru
2016,2,Julio Jones,WR,atl,a,oak,24.6,9200,5089,rotoguru
2016,2,Marvin Jones,WR,det,h,ten,22.8,5500,5168,rotoguru
2016,2,Sterling Shepard,WR,nyg,h,nor,22.7,5200,5456,rotoguru
2016,2,Marquise Goodwin,WR,buf,h,nyj,22.2,3000,5205,rotoguru
2016,2,DeVante Parker,WR,mia,a,nwe,21.6,4800,5380,rotoguru
2016,2,Dez Bryant,WR,dal,a,was,20.2,8400,3891,rotoguru
2016,2,Larry Fitzgerald,WR,ari,h,tam,20.1,6400,3501,rotoguru
2016,2,Mike Wallace,WR,bal,a,cle,20.1,4700,3809,rotoguru
2016,2,Danny Amendola,WR,nwe,h,mia,20,3800,3851,rotoguru
2016,2,Brandon Marshall,WR,nyj,a,buf,19.1,7500,3627,rotoguru
2016,2,Mike Evans,WR,tam,a,ari,19,7200,5253,rotoguru
2016,2,Greg Salas,WR,buf,h,nyj,18.9,3000,5106,rotoguru
2016,2,Jordy Nelson,WR,gnb,a,min,18.3,7500,3751,rotoguru
2016,2,Will Fuller,WR,hou,h,kan,17.4,4200,5454,rotoguru
2016,2,Odell Beckham Jr.,WR,nyg,h,nor,16.6,9500,5323,rotoguru
2016,2,Willie Snead,WR,nor,a,nyg,16.4,5800,5287,rotoguru
2016,2,Demaryius Thomas,WR,den,h,ind,16,6400,3997,rotoguru
2016,2,Jamison Crowder,WR,was,h,dal,15.9,3600,5410,rotoguru
2016,2,Jaron Brown,WR,ari,h,tam,15.8,3300,5229,rotoguru
2016,2,Kenny Britt,WR,lar,h,sea,15.4,3700,3824,rotoguru
2016,2,Eddie Royal,WR,chi,h,phi,15.2,3500,3748,rotoguru
2016,2,Quincy Enunwa,WR,nyj,a,buf,15.2,4400,5420,rotoguru
2016,2,Tyrell Williams,WR,sdg,h,jac,15.1,3700,5432,rotoguru
2016,2,Anquan Boldin,WR,det,h,ten,14.8,4500,3423,rotoguru
2016,2,Alshon Jeffery,WR,chi,h,phi,14.6,7700,5153,rotoguru
2016,2,Julian Edelman,WR,nwe,h,mia,14.6,6200,3826,rotoguru
2016,2,Torrey Smith,WR,sfo,a,car,14.5,4700,5113,rotoguru
2016,2,Tyler Lockett,WR,sea,a,lar,13.9,4600,5386,rotoguru
2016,2,Brandin Cooks,WR,nor,a,nyg,13.8,8000,5255,rotoguru
2016,2,Michael Crabtree,WR,oak,h,atl,13.1,6100,3872,rotoguru
2016,2,Jordan Matthews,WR,phi,a,chi,13.1,6900,5254,rotoguru
2016,2,Jeremy Maclin,WR,kan,a,hou,12.8,6300,3830,rotoguru
2016,2,Tyler Boyd,WR,cin,a,pit,12.8,3500,5455,rotoguru
2016,2,Adam Humphries,WR,tam,a,ari,12.7,3100,5412,rotoguru
2016,2,Marqise Lee,WR,jac,a,sdg,12.5,3100,5256,rotoguru
2016,2,Cole Beasley,WR,dal,a,was,12.5,3200,5163,rotoguru
2016,2,Sammie Coates,WR,pit,h,cin,12.3,3700,5388,rotoguru
2016,2,Amari Cooper,WR,oak,h,atl,12.1,7600,5376,rotoguru
2016,2,Victor Cruz,WR,nyg,h,nor,12.1,4300,3900,rotoguru
2016,2,Kenny Stills,WR,mia,a,nwe,11.9,3400,5212,rotoguru
2016,2,Allen Hurns,WR,jac,a,sdg,11.4,5400,5341,rotoguru
2016,2,Tavon Austin,WR,lar,h,sea,10.6,4900,5199,rotoguru
2016,2,Chris Hogan,WR,nwe,h,mia,9.9,3500,5167,rotoguru
2016,2,Devin Funchess,WR,car,h,sfo,9.9,4300,5381,rotoguru
2016,2,Michael Thomas,WR,nor,a,nyg,9.6,4000,5459,rotoguru
2016,2,Steve Smith,WR,bal,a,cle,9.4,4300,3328,rotoguru
2016,2,Randall Cobb,WR,gnb,a,min,9.3,7400,5125,rotoguru
2016,2,Michael Floyd,WR,ari,h,tam,8.8,5900,5148,rotoguru
2016,2,Kevin White,WR,chi,h,phi,8.5,4300,5377,rotoguru
2016,2,Allen Robinson,WR,jac,a,sdg,8.4,7800,5258,rotoguru
2016,2,Vincent Jackson,WR,tam,a,ari,8.4,4000,3550,rotoguru
2016,2,Nelson Agholor,WR,phi,a,chi,8.2,3500,5378,rotoguru
2016,2,T.Y. Hilton,WR,ind,a,den,8.1,7000,5151,rotoguru
2016,2,Adam Thielen,WR,min,h,gnb,8.1,3200,5333,rotoguru
2016,2,Rishard Matthews,WR,ten,a,det,8,3300,5182,rotoguru
2016,2,Andre Johnson,WR,ten,a,det,7.9,3400,3437,rotoguru
2016,2,Antonio Brown,WR,pit,h,cin,7.9,9900,3474,rotoguru
2016,2,Justin Hardy,WR,atl,a,oak,7.8,3000,5387,rotoguru
2016,2,Andre Holmes,WR,oak,h,atl,7.6,3000,5177,rotoguru
2016,2,Tajae Sharpe,WR,ten,a,det,7.3,4100,5461,rotoguru
2016,2,DeSean Jackson,WR,was,h,dal,7,6300,3770,rotoguru
2016,2,Emmanuel Sanders,WR,den,h,ind,6.9,6000,3983,rotoguru
2016,2,Brandon LaFell,WR,cin,a,pit,6.9,4000,3946,rotoguru
2016,2,Aldrick Robinson,WR,atl,a,oak,6.9,3000,5134,rotoguru
2016,2,Josh Doctson,WR,was,h,dal,6.7,3000,5460,rotoguru
2016,2,Ted Ginn Jr.,WR,car,h,sfo,6.6,3900,3670,rotoguru
2016,2,Paul Richardson,WR,sea,a,lar,6.5,3000,5260,rotoguru
2016,2,Jalin Marshall,WR,nyj,a,buf,6.5,3000,5489,rotoguru
2016,2,Terrelle Pryor,WR,cle,h,bal,6.2,3500,1407,rotoguru
2016,2,Jeremy Kerley,WR,sfo,a,car,5.9,3000,5111,rotoguru
2016,2,Andrew Hawkins,WR,cle,h,bal,5.8,3100,5140,rotoguru
2016,2,A.J. Green,WR,cin,a,pit,5.8,8900,5091,rotoguru
2016,2,Seth Roberts,WR,oak,h,atl,5.5,3800,5408,rotoguru
2016,2,Quinton Patton,WR,sfo,a,car,5.5,3800,5209,rotoguru
2016,2,Jordan Norwood,WR,den,h,ind,5.4,3000,3828,rotoguru
2016,2,Breshad Perriman,WR,bal,a,cle,5.2,3200,5379,rotoguru
2016,2,Doug Baldwin,WR,sea,a,lar,5,6600,5136,rotoguru
2016,2,Mohamed Sanu,WR,atl,a,oak,4.9,5500,5159,rotoguru
2016,2,Davante Adams,WR,gnb,a,min,4.6,4200,5263,rotoguru
2016,2,Corey Brown,WR,car,h,sfo,4.5,3000,5362,rotoguru
2016,2,Pierre Garcon,WR,was,h,dal,4.5,4200,3754,rotoguru
2016,2,Sammy Watkins,WR,buf,h,nyj,4,7300,5252,rotoguru
2016,2,Phillip Dorsett,WR,ind,a,den,4,4400,5384,rotoguru
2016,2,Taylor Gabriel,WR,atl,a,oak,3.9,3000,5361,rotoguru
2016,2,Dorial Green-Beckham,WR,phi,a,chi,3.8,3300,5382,rotoguru
2016,2,Russell Shepard,WR,tam,a,ari,3.6,3000,5223,rotoguru
2016,2,Chris Conley,WR,kan,a,hou,3.5,3500,5385,rotoguru
2016,2,Brandon Coleman,WR,nor,a,nyg,3.5,3000,5326,rotoguru
2016,2,Charles Johnson,WR,min,h,gnb,3.5,3000,3103,rotoguru
2016,2,Golden Tate,WR,det,h,ten,3.3,6800,3995,rotoguru
2016,2,Cody Latimer,WR,den,h,ind,3.2,3000,5268,rotoguru
2016,2,Albert Wilson,WR,kan,a,hou,3.1,3200,5339,rotoguru
2016,2,Jermaine Kearse,WR,sea,a,lar,3.1,3500,5186,rotoguru
2016,2,Alex Erickson,WR,cin,a,pit,3,3000,5480,rotoguru
2016,2,Jordan Taylor,WR,den,h,ind,3,3000,5501,rotoguru
2016,2,Johnny Holton,WR,oak,h,atl,2.8,3000,5491,rotoguru
2016,2,Tyreek Hill,WR,kan,a,hou,2.7,3000,5485,rotoguru
2016,2,Malcolm Mitchell,WR,nwe,h,mia,2.5,3000,5488,rotoguru
2016,2,John Brown,WR,ari,h,tam,2.4,5300,5264,rotoguru
2016,2,Rod Streater,WR,sfo,a,car,2.3,3000,5169,rotoguru
2016,2,Cecil Shorts,WR,tam,a,ari,2.2,3000,5103,rotoguru
2016,2,James Wright,WR,cin,a,pit,2,3000,5290,rotoguru
2016,2,Robert Woods,WR,buf,h,nyj,2,4000,5217,rotoguru
2016,2,Chris Moore,WR,bal,a,cle,1.9,3000,5479,rotoguru
2016,2,Donte Moncrief,WR,ind,a,den,1.9,6400,5344,rotoguru
2016,2,Eli Rogers,WR,pit,h,cin,1.9,4100,5478,rotoguru
2016,2,Arrelious Benn,WR,jac,a,sdg,1.9,3000,3885,rotoguru
2016,2,Brian Quick,WR,lar,h,sea,1.8,3300,5157,rotoguru
2016,2,Darrius Heyward-Bey,WR,pit,h,cin,1.7,3600,3848,rotoguru
2016,2,Rashad Greene,WR,jac,a,sdg,1.7,3100,5391,rotoguru
2016,2,Dontrelle Inman,WR,sdg,h,jac,1.7,3600,5097,rotoguru
2016,2,Quan Bray,WR,ind,a,den,1.7,3000,5429,rotoguru
2016,2,Braxton Miller,WR,hou,h,kan,1.1,3000,5476,rotoguru
2016,2,Josh Huff,WR,phi,a,chi,0.9,3000,5261,rotoguru
2016,2,Tommylee Lewis,WR,nor,a,nyg,0.9,3000,5496,rotoguru
2016,2,Marc Mariani,WR,ten,a,det,0,3000,3949,rotoguru
2016,2,Brice Butler,WR,dal,a,was,0,3000,5219,rotoguru
2016,2,Deonte Thompson,WR,chi,h,phi,0,3000,5160,rotoguru
2016,2,Bradley Marquez,WR,lar,h,sea,0,3000,5428,rotoguru
2016,2,Jared Abbrederis,WR,gnb,a,min,0,3000,5350,rotoguru
2016,2,Eric Weems,WR,atl,a,oak,0,3000,3732,rotoguru
2016,2,Ricardo Louis,WR,cle,h,bal,0,3000,5481,rotoguru
2016,2,Chester Rogers,WR,ind,a,den,0,3000,5500,rotoguru
2016,2,Jaelen Strong,WR,hou,h,kan,0,3300,5383,rotoguru
2016,2,Lucky Whitehead,WR,dal,a,was,0,3000,5400,rotoguru
2016,2,Rashard Higgins,WR,cle,h,bal,0,3000,5475,rotoguru
2016,2,Brandon Tate,WR,buf,h,nyj,0,3000,3860,rotoguru
2016,2,Kamar Aiken,WR,bal,a,cle,0,3900,5275,rotoguru
2016,2,Jeff Janis,WR,gnb,a,min,0,3300,5351,rotoguru
2016,2,Isaiah Burse,WR,sdg,h,jac,0,3000,5363,rotoguru
2016,2,Terrance Williams,WR,dal,a,was,0,3300,5216,rotoguru
2016,2,Harry Douglas,WR,ten,a,det,0,3100,3731,rotoguru
2016,2,Walter Powell,WR,buf,h,nyj,0,3000,5270,rotoguru
2016,2,Laquon Treadwell,WR,min,h,gnb,0,3500,5453,rotoguru
2016,2,Andre Roberts,WR,det,h,ten,0,3000,3978,rotoguru
2016,2,Brenton Bersin,WR,car,h,sfo,0,3000,5292,rotoguru
2016,2,Matthew Slater,WR,nwe,h,mia,0,3000,3760,rotoguru
2016,2,Tavarres King,WR,nyg,h,nor,0,3000,5273,rotoguru
2016,2,Leonte Carroo,WR,mia,a,nwe,0,3200,5474,rotoguru
2016,2,Devin Hester,WR,bal,a,cle,0,3000,3593,rotoguru
2016,2,Aaron Burbridge,WR,sfo,a,car,0,3000,5497,rotoguru
2016,2,Jakeem Grant,WR,mia,a,nwe,0,3000,5486,rotoguru
2016,2,Josh Bellamy,WR,chi,h,phi,0,3000,5191,rotoguru
2016,2,Trevor Davis,WR,gnb,a,min,0,3000,5498,rotoguru
2016,2,Dwayne Harris,WR,nyg,h,nor,0,3300,5130,rotoguru
2016,2,Cordarrelle Patterson,WR,min,h,gnb,-0.2,3000,5208,rotoguru
2016,2,Greg Olsen,TE,car,h,sfo,26.2,5600,4368,rotoguru
2016,2,Martellus Bennett,TE,nwe,h,mia,25.4,4400,4407,rotoguru
2016,2,Dennis Pitta,TE,bal,a,cle,22.2,2800,4516,rotoguru
2016,2,Delanie Walker,TE,ten,a,det,20.3,4500,4360,rotoguru
2016,2,Jacob Tamme,TE,atl,a,oak,18.5,2900,4411,rotoguru
2016,2,Clive Walford,TE,oak,h,atl,17,2900,4651,rotoguru
2016,2,Jordan Cameron,TE,mia,a,nwe,15.9,2800,4533,rotoguru
2016,2,Trey Burton,TE,phi,a,chi,15.9,2500,4618,rotoguru
2016,2,Vance McDonald,TE,sfo,a,car,14.5,3000,4572,rotoguru
2016,2,Kyle Rudolph,TE,min,h,gnb,12.1,3100,4537,rotoguru
2016,2,Jordan Reed,TE,was,h,dal,12,6800,4573,rotoguru
2016,2,Jesse James,TE,pit,h,cin,11.9,3400,4653,rotoguru
2016,2,Austin Hooper,TE,atl,a,oak,11.4,2500,4677,rotoguru
2016,2,Julius Thomas,TE,jac,a,sdg,11.1,4400,4534,rotoguru
2016,2,Xavier Grimble,TE,pit,h,cin,10.6,2500,4604,rotoguru
2016,2,Antonio Gates,TE,sdg,h,jac,10.5,4500,4270,rotoguru
2016,2,Vernon Davis,TE,was,h,dal,10.1,2600,4323,rotoguru
2016,2,Lance Kendricks,TE,lar,h,sea,10.1,2900,4538,rotoguru
2016,2,Marcedes Lewis,TE,jac,a,sdg,9.7,2600,4324,rotoguru
2016,2,Eric Ebron,TE,det,h,ten,9.3,3500,4601,rotoguru
2016,2,Travis Kelce,TE,kan,a,hou,8.4,5000,4582,rotoguru
2016,2,Jason Witten,TE,dal,a,was,8.1,4300,4262,rotoguru
2016,2,Jack Doyle,TE,ind,a,den,7.7,2500,4594,rotoguru
2016,2,Charles Clay,TE,buf,h,nyj,7.7,3300,4543,rotoguru
2016,2,Gary Barnidge,TE,cle,h,bal,7.7,4000,4401,rotoguru
2016,2,Virgil Green,TE,den,h,ind,7.6,2800,4542,rotoguru
2016,2,Zach Miller,TE,chi,h,phi,7.3,3000,4461,rotoguru
2016,2,Jimmy Graham,TE,sea,a,lar,7.2,3200,4492,rotoguru
2016,2,Darren Fells,TE,ari,h,tam,7.1,2600,4609,rotoguru
2016,2,Jared Cook,TE,gnb,a,min,7.1,3000,4437,rotoguru
2016,2,Tyler Kroft,TE,cin,a,pit,6.5,2500,4652,rotoguru
2016,2,Larry Donnell,TE,nyg,h,nor,6.4,2900,4585,rotoguru
2016,2,Lee Smith,TE,oak,h,atl,6.4,2500,4535,rotoguru
2016,2,Geoff Swaim,TE,dal,a,was,4.9,2500,4668,rotoguru
2016,2,Coby Fleener,TE,nor,a,nyg,4.9,3900,4552,rotoguru
2016,2,Cameron Brate,TE,tam,a,ari,4.6,2600,4648,rotoguru
2016,2,Richard Rodgers,TE,gnb,a,min,4.5,2800,4629,rotoguru
2016,2,Dwayne Allen,TE,ind,a,den,4.5,3600,4551,rotoguru
2016,2,Levine Toilolo,TE,atl,a,oak,4.1,2500,4577,rotoguru
2016,2,C.J. Uzomah,TE,cin,a,pit,3.9,2600,4656,rotoguru
2016,2,Stephen Anderson,TE,hou,h,kan,3.5,2500,4679,rotoguru
2016,2,Austin Seferian-Jenkins,TE,tam,a,ari,3.4,2900,4602,rotoguru
2016,2,Crockett Gillmore,TE,bal,a,cle,3.2,2500,4636,rotoguru
2016,2,Dion Sims,TE,mia,a,nwe,3.1,2500,4576,rotoguru
2016,2,Will Tye,TE,nyg,h,nor,3,2900,4670,rotoguru
2016,2,Niles Paul,TE,was,h,dal,2.6,2500,5110,rotoguru
2016,2,Garrett Celek,TE,sfo,a,car,2.2,2600,4564,rotoguru
2016,2,Phillip Supernaw,TE,ten,a,det,1.7,2500,4637,rotoguru
2016,2,Luke Willson,TE,sea,a,lar,1.6,2700,4578,rotoguru
2016,2,Blake Bell,TE,sfo,a,car,1.6,2500,4666,rotoguru
2016,2,Ryan Griffin,TE,hou,h,kan,1.5,2500,4592,rotoguru
2016,2,David Johnson,TE,pit,h,cin,1.5,2500,4450,rotoguru
2016,2,Anthony Fasano,TE,ten,a,det,1.1,2500,4327,rotoguru
2016,2,C.J. Fiedorowicz,TE,hou,h,kan,1.1,2500,4640,rotoguru
2016,2,Clark Harris,TE,cin,a,pit,0,2500,4391,rotoguru
2016,2,Tyler Higbee,TE,lar,h,sea,0,2500,4680,rotoguru
2016,2,Logan Paulsen,TE,chi,h,phi,0,2500,4513,rotoguru
2016,2,Sean McGrath,TE,sdg,h,jac,0,2500,4588,rotoguru
2016,2,Khari Lee,TE,det,h,ten,0,2500,4671,rotoguru
2016,2,Rhett Ellison,TE,min,h,gnb,0,2500,4554,rotoguru
2016,2,Kellen Davis,TE,nyj,a,buf,0,2500,4403,rotoguru
2016,2,Troy Niklas,TE,ari,h,tam,0,2500,4605,rotoguru
2016,2,Ross Travis,TE,kan,a,hou,0,2500,4681,rotoguru
2016,2,James O'Shaughnessy,TE,kan,a,hou,0,2500,4664,rotoguru
2016,2,Hunter Henry,TE,sdg,h,jac,0,2500,4675,rotoguru
2016,2,Nick O'Leary,TE,buf,h,nyj,0,2500,4661,rotoguru
2016,2,Scott Simonson,TE,car,h,sfo,0,2500,4620,rotoguru
2016,2,John Phillips,TE,nor,a,nyg,0,2500,4433,rotoguru
2016,2,Demetrius Harris,TE,kan,a,hou,0,2500,4642,rotoguru
2016,2,Gavin Escobar,TE,dal,a,was,0,2600,4570,rotoguru
2016,2,Brandon Myers,TE,tam,a,ari,0,2500,4457,rotoguru
2016,2,Jermaine Gresham,TE,ari,h,tam,0,2500,4493,rotoguru
2016,2,Ed Dickson,TE,car,h,sfo,0,2500,4482,rotoguru
2016,2,Brandon Bostick,TE,nyj,a,buf,0,2500,4593,rotoguru
2016,2,Ryan Hewitt,TE,cin,a,pit,0,2500,2978,rotoguru
2016,2,Brent Celek,TE,phi,a,chi,0,2600,4363,rotoguru
2016,2,Erik Swoope,TE,ind,a,den,0,2500,4626,rotoguru
2016,2,Luke Stocker,TE,tam,a,ari,0,2500,4532,rotoguru
2016,2,Cory Harkey,TE,lar,h,sea,0,2500,4565,rotoguru
2016,2,Marqueis Gray,TE,mia,a,nwe,0,2500,4595,rotoguru
2016,2,Jim Dray,TE,buf,h,nyj,0,2500,4484,rotoguru
2016,2,Brandon Williams,TE,sea,a,lar,0,2500,4590,rotoguru
2016,2,Maxx Williams,TE,bal,a,cle,0,2500,4650,rotoguru
2016,2,Orson Charles,TE,det,h,ten,0,2500,4561,rotoguru
2016,2,Clay Harbor,TE,det,h,ten,0,2500,4495,rotoguru
2016,2,Arizona Defense,Def,ari,h,tam,23,3500,7001,rotoguru
2016,2,Denver Defense,Def,den,h,ind,22,3600,7010,rotoguru
2016,2,Houston Defense,Def,hou,h,kan,14,3400,7032,rotoguru
2016,2,Carolina Defense,Def,car,h,sfo,14,3900,7005,rotoguru
2016,2,New York G Defense,Def,nyg,h,nor,14,2600,7020,rotoguru
2016,2,Minnesota Defense,Def,min,h,gnb,12,3400,7017,rotoguru
2016,2,Baltimore Defense,Def,bal,a,cle,12,3000,7003,rotoguru
2016,2,Los Angeles Defense,Def,lar,h,sea,11,3300,7025,rotoguru
2016,2,Philadelphia Defense,Def,phi,a,chi,10,3300,7023,rotoguru
2016,2,Tennessee Defense,Def,ten,a,det,10,2200,7030,rotoguru
2016,2,New Orleans Defense,Def,nor,a,nyg,9,2300,7019,rotoguru
2016,2,San Diego Defense,Def,sdg,h,jac,9,2500,7026,rotoguru
2016,2,Detroit Defense,Def,det,h,ten,8,2800,7011,rotoguru
2016,2,New England Defense,Def,nwe,h,mia,8,3000,7018,rotoguru
2016,2,Kansas City Defense,Def,kan,a,hou,7,3200,7015,rotoguru
2016,2,San Francisco Defense,Def,sfo,a,car,7,2400,7027,rotoguru
2016,2,Chicago Defense,Def,chi,h,phi,7,2900,7006,rotoguru
2016,2,Seattle Defense,Def,sea,a,lar,7,3800,7028,rotoguru
2016,2,Green Bay Defense,Def,gnb,a,min,7,3200,7012,rotoguru
2016,2,Washington Defense,Def,was,h,dal,6,2800,7031,rotoguru
2016,2,Pittsburgh Defense,Def,pit,h,cin,6,2900,7024,rotoguru
2016,2,Buffalo Defense,Def,buf,h,nyj,5,3100,7004,rotoguru
2016,2,Cincinnati Defense,Def,cin,a,pit,5,2800,7007,rotoguru
2016,2,Dallas Defense,Def,dal,a,was,4,2400,7009,rotoguru
2016,2,Cleveland Defense,Def,cle,h,bal,4,2500,7008,rotoguru
2016,2,Miami Defense,Def,mia,a,nwe,3,2500,7016,rotoguru
2016,2,Indianapolis Defense,Def,ind,a,den,3,2700,7013,rotoguru
2016,2,New York J Defense,Def,nyj,a,buf,2,3300,7021,rotoguru
2016,2,Jacksonville Defense,Def,jac,a,sdg,1,2300,7014,rotoguru
2016,2,Tampa Bay Defense,Def,tam,a,ari,0,2200,7029,rotoguru
2016,2,Atlanta Defense,Def,atl,a,oak,0,2300,7002,rotoguru
2016,2,Oakland Defense,Def,oak,h,atl,-1,2700,7022,rotoguru
2016,3,Trevor Siemian,QB,den,a,cin,31.98,5100,1488,rotoguru
2016,3,Matthew Stafford,QB,det,a,gnb,30.5,6800,1340,rotoguru
2016,3,Jameis Winston,QB,tam,h,lar,30.5,6000,1465,rotoguru
2016,3,Drew Brees,QB,nor,h,atl,29.94,7900,1151,rotoguru
2016,3,Aaron Rodgers,QB,gnb,h,det,26.4,7700,1252,rotoguru
2016,3,Ryan Tannehill,QB,mia,h,cle,24.96,6200,1410,rotoguru
2016,3,Carson Wentz,QB,phi,h,pit,24.04,5500,1514,rotoguru
2016,3,Dak Prescott,QB,dal,h,chi,23.52,5700,1501,rotoguru
2016,3,Brian Hoyer,QB,chi,a,dal,22.38,5000,1336,rotoguru
2016,3,Matt Ryan,QB,atl,a,nor,19.9,7400,1301,rotoguru
2016,3,Kirk Cousins,QB,was,a,nyg,19.34,6400,1415,rotoguru
2016,3,Eli Manning,QB,nyg,h,was,19,7000,1225,rotoguru
2016,3,Andrew Luck,QB,ind,h,sdg,18.24,7600,1409,rotoguru
2016,3,Tyrod Taylor,QB,buf,h,ari,17.36,5800,1400,rotoguru
2016,3,Cam Newton,QB,car,h,min,16.08,7800,1378,rotoguru
2016,3,Philip Rivers,QB,sdg,a,ind,15.4,6700,1231,rotoguru
2016,3,Jacoby Brissett,QB,nwe,h,hou,14.92,5000,1496,rotoguru
2016,3,Case Keenum,QB,lar,a,tam,14.7,5000,1435,rotoguru
2016,3,Blake Bortles,QB,jac,h,bal,14.46,6500,1442,rotoguru
2016,3,Russell Wilson,QB,sea,h,sfo,14.02,7100,1412,rotoguru
2016,3,Joe Flacco,QB,bal,a,jac,13.76,6100,1302,rotoguru
2016,3,Alex Smith,QB,kan,h,nyj,13.18,5800,1254,rotoguru
2016,3,Derek Carr,QB,oak,a,ten,12.86,6900,1441,rotoguru
2016,3,Andy Dalton,QB,cin,h,den,11.24,5700,1403,rotoguru
2016,3,Cody Kessler,QB,cle,a,mia,10.66,5000,1492,rotoguru
2016,3,Sam Bradford,QB,min,a,car,10.64,5300,1344,rotoguru
2016,3,Ben Roethlisberger,QB,pit,a,phi,8.98,7300,1232,rotoguru
2016,3,Brock Osweiler,QB,hou,a,nwe,8.14,6000,1414,rotoguru
2016,3,Marcus Mariota,QB,ten,h,oak,7.76,5900,1466,rotoguru
2016,3,Carson Palmer,QB,ari,a,buf,7.48,7200,1207,rotoguru
2016,3,Blaine Gabbert,QB,sfo,a,sea,5.96,5000,1381,rotoguru
2016,3,Trevone Boykin,QB,sea,h,sfo,5.4,5000,1493,rotoguru
2016,3,Ryan Fitzpatrick,QB,nyj,a,kan,3.72,5900,1242,rotoguru
2016,3,Derek Anderson,QB,car,h,min,0.12,5000,1239,rotoguru
2016,3,Joe Webb,QB,car,h,min,0,5000,5071,rotoguru
2016,3,Devonta Freeman,RB,atl,a,nor,34.7,5800,2930,rotoguru
2016,3,Tevin Coleman,RB,atl,a,nor,29.9,4500,2994,rotoguru
2016,3,LeSean McCoy,RB,buf,h,ari,29.6,6500,2707,rotoguru
2016,3,DeMarco Murray,RB,ten,h,oak,29.5,6300,2831,rotoguru
2016,3,Carlos Hyde,RB,sfo,a,sea,28.5,4400,2933,rotoguru
2016,3,Christine Michael,RB,sea,h,sfo,28.1,5000,2898,rotoguru
2016,3,Darren Sproles,RB,phi,h,pit,27.7,3700,2484,rotoguru
2016,3,David Johnson,RB,ari,a,buf,26.1,7700,5395,rotoguru
2016,3,LeGarrette Blount,RB,nwe,h,hou,25.5,4400,2721,rotoguru
2016,3,Charles Sims,RB,tam,h,lar,24.4,4900,2931,rotoguru
2016,3,Mark Ingram,RB,nor,h,atl,22.7,5900,2793,rotoguru
2016,3,Jeremy Hill,RB,cin,h,den,21.7,3700,2928,rotoguru
2016,3,Todd Gurley,RB,lar,a,tam,21,7100,2992,rotoguru
2016,3,Ezekiel Elliott,RB,dal,h,chi,21,6900,5444,rotoguru
2016,3,Melvin Gordon,RB,sdg,a,ind,17.8,5800,2991,rotoguru
2016,3,Shane Vereen,RB,nyg,h,was,16.5,3700,2830,rotoguru
2016,3,Frank Gore,RB,ind,h,sdg,15.3,5000,2467,rotoguru
2016,3,Lamar Miller,RB,hou,a,nwe,14.7,7200,2859,rotoguru
2016,3,Eddie Lacy,RB,gnb,h,det,14.5,6100,2896,rotoguru
2016,3,Wendell Smallwood,RB,phi,h,pit,13.9,3000,5473,rotoguru
2016,3,Jordan Howard,RB,chi,a,dal,13.2,3300,5447,rotoguru
2016,3,Orleans Darkwa,RB,nyg,h,was,13.2,3000,2976,rotoguru
2016,3,Duke Johnson,RB,cle,a,mia,13.1,4200,2997,rotoguru
2016,3,Bilal Powell,RB,nyj,a,kan,12.1,3400,2819,rotoguru
2016,3,Theo Riddick,RB,det,a,gnb,11.8,4900,2907,rotoguru
2016,3,Damien Williams,RB,mia,h,cle,11.5,3000,2957,rotoguru
2016,3,Latavius Murray,RB,oak,a,ten,10.8,5700,2899,rotoguru
2016,3,Fozzy Whittaker,RB,car,h,min,10.6,3800,2916,rotoguru
2016,3,Kenjon Barner,RB,phi,h,pit,10.2,3000,2887,rotoguru
2016,3,Matt Jones,RB,was,a,nyg,9.9,4100,3552,rotoguru
2016,3,Giovani Bernard,RB,cin,h,den,9.4,4300,2889,rotoguru
2016,3,Justin Forsett,RB,bal,a,jac,9.2,3900,2642,rotoguru
2016,3,Travaris Cadet,RB,nor,h,atl,9.2,3100,2869,rotoguru
2016,3,Alfred Morris,RB,dal,h,chi,9.1,3700,2871,rotoguru
2016,3,Jay Ajayi,RB,mia,h,cle,8.8,4000,2998,rotoguru
2016,3,Matt Forte,RB,nyj,a,kan,8.4,7000,2613,rotoguru
2016,3,DeAngelo Williams,RB,pit,a,phi,8.4,7500,2500,rotoguru
2016,3,Spencer Ware,RB,kan,h,nyj,8.3,5700,2914,rotoguru
2016,3,Isaiah Crowell,RB,cle,a,mia,7.9,4700,2969,rotoguru
2016,3,Jerick McKinnon,RB,min,a,car,7.7,3800,2935,rotoguru
2016,3,DeAndre Washington,RB,oak,a,ten,7.2,3400,5449,rotoguru
2016,3,Robert Turbin,RB,ind,h,sdg,6.9,3000,2867,rotoguru
2016,3,Cameron Artis-Payne,RB,car,h,min,6.8,3000,2999,rotoguru
2016,3,Kenyan Drake,RB,mia,h,cle,6.8,3600,5446,rotoguru
2016,3,Jeremy Langford,RB,chi,a,dal,6.6,5200,5371,rotoguru
2016,3,Terrance West,RB,bal,a,jac,6.3,3500,2929,rotoguru
2016,3,John Kuhn,RB,nor,h,atl,6.3,3000,2549,rotoguru
2016,3,Lance Dunbar,RB,dal,h,chi,6.1,3000,2880,rotoguru
2016,3,Josh Ferguson,RB,ind,h,sdg,6.1,3000,5484,rotoguru
2016,3,Jonathan Grimes,RB,hou,a,nwe,5.9,3000,2881,rotoguru
2016,3,C.J. Anderson,RB,den,a,cin,5.1,7300,2924,rotoguru
2016,3,Jalen Richard,RB,oak,a,ten,5.1,3600,5490,rotoguru
2016,3,Alex Collins,RB,sea,h,sfo,5.1,3000,5450,rotoguru
2016,3,Benny Cunningham,RB,lar,a,tam,4.9,3400,2911,rotoguru
2016,3,T.J. Yeldon,RB,jac,h,bal,4.8,5600,2993,rotoguru
2016,3,Dwayne Washington,RB,det,a,gnb,4.5,3600,5483,rotoguru
2016,3,Derrick Henry,RB,ten,h,oak,4.5,3700,5445,rotoguru
2016,3,Charcandrick West,RB,kan,h,nyj,4.1,3500,2987,rotoguru
2016,3,Mike Tolbert,RB,car,h,min,3.9,3000,2647,rotoguru
2016,3,Devontae Booker,RB,den,a,cin,3.5,3000,5468,rotoguru
2016,3,Bobby Rainey,RB,nyg,h,was,3.4,3000,2863,rotoguru
2016,3,Jacquizz Rodgers,RB,tam,h,lar,3.3,3000,2818,rotoguru
2016,3,Chris Ivory,RB,jac,h,bal,3.3,3900,2741,rotoguru
2016,3,Matt Asiata,RB,min,a,car,2.9,3000,2873,rotoguru
2016,3,Dexter McCluster,RB,sdg,a,ind,2.9,0,3953,rotoguru
2016,3,Chris Thompson,RB,was,a,nyg,2.6,3400,2915,rotoguru
2016,3,Andy Janovich,RB,den,a,cin,2.5,3000,5482,rotoguru
2016,3,James White,RB,nwe,h,hou,2.4,4200,2954,rotoguru
2016,3,Jalston Fowler,RB,ten,h,oak,2.4,3000,5413,rotoguru
2016,3,Shaun Draughn,RB,sfo,a,sea,2.2,3400,2875,rotoguru
2016,3,Mike Gillislee,RB,buf,h,ari,2,3300,2894,rotoguru
2016,3,Tim Hightower,RB,nor,h,atl,1.9,3300,2604,rotoguru
2016,3,James Starks,RB,gnb,h,det,1.8,4000,2777,rotoguru
2016,3,Isaiah Pead,RB,mia,h,cle,1.7,3000,2860,rotoguru
2016,3,Derek Watt,RB,sdg,a,ind,1.6,3000,5504,rotoguru
2016,3,Anthony Sherman,RB,kan,h,nyj,1.3,3000,2822,rotoguru
2016,3,Malcolm Johnson,RB,cle,a,mia,1.3,3000,4663,rotoguru
2016,3,Terrence Magee,RB,sea,h,sfo,1.2,0,5439,rotoguru
2016,3,Alfred Blue,RB,hou,a,nwe,1.2,3400,2960,rotoguru
2016,3,Kyle Juszczyk,RB,bal,a,jac,1.2,3000,2908,rotoguru
2016,3,Rob Kelley,RB,was,a,nyg,0.7,3000,5493,rotoguru
2016,3,Chris Johnson,RB,ari,a,buf,0.5,3500,2645,rotoguru
2016,3,Jonathan Williams,RB,buf,h,ari,0.2,3000,5451,rotoguru
2016,3,Daryl Richardson,RB,pit,a,phi,0.1,3000,2864,rotoguru
2016,3,Kenneth Farrow,RB,sdg,a,ind,0,3000,5494,rotoguru
2016,3,James Develin,RB,nwe,h,hou,0,3000,2825,rotoguru
2016,3,Michael Burton,RB,det,a,gnb,0,3000,5415,rotoguru
2016,3,Rex Burkhead,RB,cin,h,den,0,3000,2890,rotoguru
2016,3,Zach Line,RB,min,a,car,0,3000,2912,rotoguru
2016,3,Mike Davis,RB,sfo,a,sea,0,3000,5320,rotoguru
2016,3,Corey Grant,RB,jac,h,bal,0,3000,5405,rotoguru
2016,3,Denard Robinson,RB,jac,h,bal,0,3000,2901,rotoguru
2016,3,Jordan Todman,RB,ind,h,sdg,0,3000,2840,rotoguru
2016,3,Marcus Murphy,RB,nor,h,atl,0,3000,5396,rotoguru
2016,3,Daniel Lasco,RB,nor,h,atl,0,3000,5487,rotoguru
2016,3,Malcolm Brown,RB,lar,a,tam,0,3000,5441,rotoguru
2016,3,Andre Ellington,RB,ari,a,buf,0,3600,2892,rotoguru
2016,3,Chase Reynolds,RB,lar,a,tam,0,3000,2919,rotoguru
2016,3,Stepfan Taylor,RB,ari,a,buf,0,3000,2903,rotoguru
2016,3,Antonio Andrews,RB,ten,h,oak,0,3000,2940,rotoguru
2016,3,Paul Perkins,RB,nyg,h,was,0,3000,5472,rotoguru
2016,3,Brandon Bolden,RB,nwe,h,hou,0,3000,2874,rotoguru
2016,3,Zach Zenner,RB,det,a,gnb,0,3000,5397,rotoguru
2016,3,Keith Smith,RB,dal,h,chi,0,3000,5492,rotoguru
2016,3,Jerome Felton,RB,buf,h,ari,0,3000,2624,rotoguru
2016,3,George Atkinson,RB,cle,a,mia,0,3000,2949,rotoguru
2016,3,Taiwan Jones,RB,oak,a,ten,0,3000,2820,rotoguru
2016,3,Rod Smith,RB,dal,h,chi,0,3000,3191,rotoguru
2016,3,Patrick DiMarco,RB,atl,a,nor,0,3000,2805,rotoguru
2016,3,Knile Davis,RB,kan,h,nyj,0,3000,2891,rotoguru
2016,3,Aaron Ripkowski,RB,gnb,h,det,0,3000,5406,rotoguru
2016,3,Kapri Bibbs,RB,den,a,cin,0,3000,2963,rotoguru
2016,3,Fitzgerald Toussaint,RB,pit,a,phi,0,3000,2990,rotoguru
2016,3,Jamize Olawale,RB,oak,a,ten,0,3000,2913,rotoguru
2016,3,Jay Prosch,RB,hou,a,nwe,0,3000,2980,rotoguru
2016,3,Ty Montgomery,RB,gnb,h,det,-0.1,3000,5392,rotoguru
2016,3,Ryan Mathews,RB,phi,h,pit,-0.5,5800,2754,rotoguru
2016,3,Tyler Ervin,RB,hou,a,nwe,-1,3000,5470,rotoguru
2016,3,Marvin Jones,WR,det,a,gnb,41.5,6200,5168,rotoguru
2016,3,Emmanuel Sanders,WR,den,a,cin,35.7,6000,3983,rotoguru
2016,3,Terrelle Pryor,WR,cle,a,mia,34.9,3400,1407,rotoguru
2016,3,T.Y. Hilton,WR,ind,h,sdg,34.4,6800,5151,rotoguru
2016,3,Doug Baldwin,WR,sea,h,sfo,33,6300,5136,rotoguru
2016,3,Mike Evans,WR,tam,h,lar,32.2,7000,5253,rotoguru
2016,3,Jordy Nelson,WR,gnb,h,det,31.1,7400,3751,rotoguru
2016,3,Jarvis Landry,WR,mia,h,cle,29.6,6600,5335,rotoguru
2016,3,Antonio Brown,WR,pit,a,phi,29,9600,3474,rotoguru
2016,3,Allen Robinson,WR,jac,h,bal,24.7,7500,5258,rotoguru
2016,3,Demaryius Thomas,WR,den,a,cin,24,6400,3997,rotoguru
2016,3,Odell Beckham Jr.,WR,nyg,h,was,22.1,9100,5323,rotoguru
2016,3,Adam Humphries,WR,tam,h,lar,22,3000,5412,rotoguru
2016,3,Tavon Austin,WR,lar,a,tam,21.4,4100,5199,rotoguru
2016,3,Michael Crabtree,WR,oak,a,ten,21.2,6000,3872,rotoguru
2016,3,DeSean Jackson,WR,was,a,nyg,20.6,5900,3770,rotoguru
2016,3,Michael Thomas,WR,nor,h,atl,20.1,4200,5459,rotoguru
2016,3,Sterling Shepard,WR,nyg,h,was,18.3,5500,5456,rotoguru
2016,3,Jamison Crowder,WR,was,a,nyg,17.8,3800,5410,rotoguru
2016,3,Steve Smith,WR,bal,a,jac,16.7,4100,3328,rotoguru
2016,3,A.J. Green,WR,cin,h,den,15.7,8100,5091,rotoguru
2016,3,Brandon Coleman,WR,nor,h,atl,14.8,3000,5326,rotoguru
2016,3,Cole Beasley,WR,dal,h,chi,14.3,3200,5163,rotoguru
2016,3,DeVante Parker,WR,mia,h,cle,14.1,4900,5380,rotoguru
2016,3,Brian Quick,WR,lar,a,tam,13.3,3000,5157,rotoguru
2016,3,John Brown,WR,ari,a,buf,13,4800,5264,rotoguru
2016,3,Dez Bryant,WR,dal,h,chi,13,8400,3891,rotoguru
2016,3,Larry Fitzgerald,WR,ari,a,buf,13,6900,3501,rotoguru
2016,3,Tyrell Williams,WR,sdg,a,ind,12.9,4300,5432,rotoguru
2016,3,Kenny Stills,WR,mia,h,cle,12.6,3600,5212,rotoguru
2016,3,Anquan Boldin,WR,det,a,gnb,12.2,4200,3423,rotoguru
2016,3,Kevin White,WR,chi,a,dal,12.2,4000,5377,rotoguru
2016,3,Alshon Jeffery,WR,chi,a,dal,12,8000,5153,rotoguru
2016,3,Terrance Williams,WR,dal,h,chi,11.8,3300,5216,rotoguru
2016,3,Travis Benjamin,WR,sdg,a,ind,11.2,5200,5173,rotoguru
2016,3,Robert Woods,WR,buf,h,ari,11.1,3200,5217,rotoguru
2016,3,Pierre Garcon,WR,was,a,nyg,10.9,3900,3754,rotoguru
2016,3,Seth Roberts,WR,oak,a,ten,10.7,3500,5408,rotoguru
2016,3,Justin Hardy,WR,atl,a,nor,10.6,3000,5387,rotoguru
2016,3,Michael Floyd,WR,ari,a,buf,10.5,5800,5148,rotoguru
2016,3,Davante Adams,WR,gnb,h,det,10.3,4100,5263,rotoguru
2016,3,Amari Cooper,WR,oak,a,ten,10.2,7700,5376,rotoguru
2016,3,Victor Cruz,WR,nyg,h,was,10,4700,3900,rotoguru
2016,3,Jordan Matthews,WR,phi,h,pit,9.9,7100,5254,rotoguru
2016,3,Ted Ginn Jr.,WR,car,h,min,9.7,3700,3670,rotoguru
2016,3,Corey Brown,WR,car,h,min,9.7,3000,5362,rotoguru
2016,3,DeAndre Hopkins,WR,hou,a,nwe,9.6,8600,5206,rotoguru
2016,3,Marqise Lee,WR,jac,h,bal,9.4,3000,5256,rotoguru
2016,3,Julian Edelman,WR,nwe,h,hou,9.2,6400,3826,rotoguru
2016,3,Allen Hurns,WR,jac,h,bal,8,5200,5341,rotoguru
2016,3,Sammie Coates,WR,pit,a,phi,8,3800,5388,rotoguru
2016,3,Stefon Diggs,WR,min,a,car,8,5100,5424,rotoguru
2016,3,Jaron Brown,WR,ari,a,buf,7.9,3300,5229,rotoguru
2016,3,Tajae Sharpe,WR,ten,h,oak,7.8,4700,5461,rotoguru
2016,3,Quincy Enunwa,WR,nyj,a,kan,7.7,4800,5420,rotoguru
2016,3,Jeremy Maclin,WR,kan,h,nyj,7.5,6000,3830,rotoguru
2016,3,Chris Conley,WR,kan,h,nyj,7.4,3100,5385,rotoguru
2016,3,Tommylee Lewis,WR,nor,h,atl,7.4,3000,5496,rotoguru
2016,3,Golden Tate,WR,det,a,gnb,7.2,5900,3995,rotoguru
2016,3,Ricardo Louis,WR,cle,a,mia,7,3000,5481,rotoguru
2016,3,Mike Wallace,WR,bal,a,jac,6.9,5000,3809,rotoguru
2016,3,Kenny Britt,WR,lar,a,tam,6.8,3900,3824,rotoguru
2016,3,Vincent Jackson,WR,tam,h,lar,6.7,3900,3550,rotoguru
2016,3,Torrey Smith,WR,sfo,a,sea,6.5,4300,5113,rotoguru
2016,3,Dorial Green-Beckham,WR,phi,h,pit,6.3,3200,5382,rotoguru
2016,3,Rishard Matthews,WR,ten,h,oak,6.2,3300,5182,rotoguru
2016,3,Dontrelle Inman,WR,sdg,a,ind,6.2,3600,5097,rotoguru
2016,3,Will Fuller,WR,hou,a,nwe,6.1,4800,5454,rotoguru
2016,3,Mohamed Sanu,WR,atl,a,nor,6.1,5700,5159,rotoguru
2016,3,Josh Huff,WR,phi,h,pit,6,3000,5261,rotoguru
2016,3,Adam Thielen,WR,min,a,car,5.9,3200,5333,rotoguru
2016,3,Walter Powell,WR,buf,h,ari,5.8,3000,5270,rotoguru
2016,3,Phillip Dorsett,WR,ind,h,sdg,5.7,4400,5384,rotoguru
2016,3,Brandon Marshall,WR,nyj,a,kan,5.7,7300,3627,rotoguru
2016,3,Robby Anderson,WR,nyj,a,kan,5.4,3000,5502,rotoguru
2016,3,Taylor Gabriel,WR,atl,a,nor,5.3,3000,5361,rotoguru
2016,3,Tyreek Hill,WR,kan,h,nyj,5.3,3000,5485,rotoguru
2016,3,Eli Rogers,WR,pit,a,phi,5.2,3900,5478,rotoguru
2016,3,Brandon LaFell,WR,cin,h,den,5.2,3400,3946,rotoguru
2016,3,Eddie Royal,WR,chi,a,dal,5.1,3500,3748,rotoguru
2016,3,Nelson Agholor,WR,phi,h,pit,5.1,3500,5378,rotoguru
2016,3,Tyler Boyd,WR,cin,h,den,4.8,3500,5455,rotoguru
2016,3,Jeremy Kerley,WR,sfo,a,sea,4.4,3400,5111,rotoguru
2016,3,Breshad Perriman,WR,bal,a,jac,4.4,3000,5379,rotoguru
2016,3,Danny Amendola,WR,nwe,h,hou,4.3,3700,3851,rotoguru
2016,3,Randall Cobb,WR,gnb,h,det,4.3,7300,5125,rotoguru
2016,3,Eric Decker,WR,nyj,a,kan,4.1,6900,3902,rotoguru
2016,3,Harry Douglas,WR,ten,h,oak,4,3000,3731,rotoguru
2016,3,Brandin Cooks,WR,nor,h,atl,3.9,7900,5255,rotoguru
2016,3,Malcolm Mitchell,WR,nwe,h,hou,3.7,3000,5488,rotoguru
2016,3,Andrew Hawkins,WR,cle,a,mia,3.5,3000,5140,rotoguru
2016,3,Cameron Meredith,WR,chi,a,dal,3.4,3000,5417,rotoguru
2016,3,Jermaine Kearse,WR,sea,h,sfo,3.1,3400,5186,rotoguru
2016,3,Jalin Marshall,WR,nyj,a,kan,2.9,3000,5489,rotoguru
2016,3,Rod Streater,WR,sfo,a,sea,2.9,3000,5169,rotoguru
2016,3,Julio Jones,WR,atl,a,nor,2.6,9500,5089,rotoguru
2016,3,Jaelen Strong,WR,hou,a,nwe,2.5,3300,5383,rotoguru
2016,3,Bennie Fowler,WR,den,a,cin,2.3,3000,5353,rotoguru
2016,3,Bradley Marquez,WR,lar,a,tam,2.2,3000,5428,rotoguru
2016,3,James Wright,WR,cin,h,den,2,3000,5290,rotoguru
2016,3,Cody Latimer,WR,den,a,cin,2,3000,5268,rotoguru
2016,3,Cordarrelle Patterson,WR,min,a,car,1.8,3000,5208,rotoguru
2016,3,Quinton Patton,WR,sfo,a,sea,1.8,3100,5209,rotoguru
2016,3,Andre Holmes,WR,oak,a,ten,1.8,3000,5177,rotoguru
2016,3,Marquise Goodwin,WR,buf,h,ari,1.6,3000,5205,rotoguru
2016,3,Russell Shepard,WR,tam,h,lar,1.6,3000,5223,rotoguru
2016,3,Kamar Aiken,WR,bal,a,jac,1.5,3100,5275,rotoguru
2016,3,Aldrick Robinson,WR,atl,a,nor,1.4,3000,5134,rotoguru
2016,3,Chris Hogan,WR,nwe,h,hou,1.3,3900,5167,rotoguru
2016,3,Chris Moore,WR,bal,a,jac,1.2,3000,5479,rotoguru
2016,3,Markus Wheaton,WR,pit,a,phi,1.2,4600,5215,rotoguru
2016,3,Lucky Whitehead,WR,dal,h,chi,0.3,3000,5400,rotoguru
2016,3,Johnny Holton,WR,oak,a,ten,0.2,3000,5491,rotoguru
2016,3,Marc Mariani,WR,ten,h,oak,0,3000,3949,rotoguru
2016,3,Brice Butler,WR,dal,h,chi,0,3000,5219,rotoguru
2016,3,Tyler Lockett,WR,sea,h,sfo,0,4200,5386,rotoguru
2016,3,Deonte Thompson,WR,chi,a,dal,0,3000,5160,rotoguru
2016,3,Kelvin Benjamin,WR,car,h,min,0,7200,5257,rotoguru
2016,3,Darrius Heyward-Bey,WR,pit,a,phi,0,3200,3848,rotoguru
2016,3,Alex Erickson,WR,cin,h,den,0,3000,5480,rotoguru
2016,3,Jordan Payton,WR,cle,a,mia,0,3000,5464,rotoguru
2016,3,Albert Wilson,WR,kan,h,nyj,0,3000,5339,rotoguru
2016,3,Jared Abbrederis,WR,gnb,h,det,0,3000,5350,rotoguru
2016,3,Jarius Wright,WR,min,a,car,0,3000,5188,rotoguru
2016,3,Eric Weems,WR,atl,a,nor,0,3000,3732,rotoguru
2016,3,J.J. Nelson,WR,ari,a,buf,0,3000,5409,rotoguru
2016,3,Chester Rogers,WR,ind,h,sdg,0,3000,5500,rotoguru
2016,3,Mike Thomas,WR,lar,a,tam,0,3000,5503,rotoguru
2016,3,Arrelious Benn,WR,jac,h,bal,0,3000,3885,rotoguru
2016,3,Rashard Higgins,WR,cle,a,mia,0,3000,5475,rotoguru
2016,3,Brandon Tate,WR,buf,h,ari,0,3000,3860,rotoguru
2016,3,Jeff Janis,WR,gnb,h,det,0,3200,5351,rotoguru
2016,3,Rashad Greene,WR,jac,h,bal,0,3000,5391,rotoguru
2016,3,Andre Roberts,WR,det,a,gnb,0,3000,3978,rotoguru
2016,3,Paul Richardson,WR,sea,h,sfo,0,3000,5260,rotoguru
2016,3,Andre Johnson,WR,ten,h,oak,0,3400,3437,rotoguru
2016,3,Matthew Slater,WR,nwe,h,hou,0,3000,3760,rotoguru
2016,3,Rashad Ross,WR,was,a,nyg,0,3000,5365,rotoguru
2016,3,Keith Mumphery,WR,hou,a,nwe,0,3000,5407,rotoguru
2016,3,Tavarres King,WR,nyg,h,was,0,3000,5273,rotoguru
2016,3,Leonte Carroo,WR,mia,h,cle,0,3000,5474,rotoguru
2016,3,Jordan Norwood,WR,den,a,cin,0,3000,3828,rotoguru
2016,3,Aaron Burbridge,WR,sfo,a,sea,0,3000,5497,rotoguru
2016,3,Devin Funchess,WR,car,h,min,0,4100,5381,rotoguru
2016,3,Quan Bray,WR,ind,h,sdg,0,3000,5429,rotoguru
2016,3,Jordan Taylor,WR,den,a,cin,0,3000,5501,rotoguru
2016,3,Jakeem Grant,WR,mia,h,cle,0,3000,5486,rotoguru
2016,3,Josh Bellamy,WR,chi,a,dal,0,3000,5191,rotoguru
2016,3,Charles Johnson,WR,min,a,car,0,3000,3103,rotoguru
2016,3,Trevor Davis,WR,gnb,h,det,0,3000,5498,rotoguru
2016,3,Dwayne Harris,WR,nyg,h,was,0,3000,5130,rotoguru
2016,3,Tanner McEvoy,WR,sea,h,sfo,0,3000,5505,rotoguru
2016,3,Devin Hester,WR,bal,a,jac,-1,3000,3593,rotoguru
2016,3,Zach Miller,TE,chi,a,dal,27.8,2900,4461,rotoguru
2016,3,Coby Fleener,TE,nor,h,atl,26.9,3300,4552,rotoguru
2016,3,Jimmy Graham,TE,sea,h,sfo,24,3000,4492,rotoguru
2016,3,Cameron Brate,TE,tam,h,lar,21.6,2500,4648,rotoguru
2016,3,Travis Kelce,TE,kan,h,nyj,20.9,4700,4582,rotoguru
2016,3,Kyle Rudolph,TE,min,a,car,20,3100,4537,rotoguru
2016,3,Gary Barnidge,TE,cle,a,mia,13.6,4000,4401,rotoguru
2016,3,Ryan Griffin,TE,hou,a,nwe,13.2,2500,4592,rotoguru
2016,3,Jack Doyle,TE,ind,h,sdg,12.5,2500,4594,rotoguru
2016,3,Greg Olsen,TE,car,h,min,12.4,5800,4368,rotoguru
2016,3,Eric Ebron,TE,det,a,gnb,11.9,3700,4601,rotoguru
2016,3,Hunter Henry,TE,sdg,a,ind,11.6,2500,4675,rotoguru
2016,3,Dennis Pitta,TE,bal,a,jac,10.2,3400,4516,rotoguru
2016,3,Jordan Reed,TE,was,a,nyg,9.6,6500,4573,rotoguru
2016,3,Brent Celek,TE,phi,h,pit,9.1,2800,4363,rotoguru
2016,3,Richard Rodgers,TE,gnb,h,det,8.9,2700,4629,rotoguru
2016,3,John Phillips,TE,nor,h,atl,8.9,2500,4433,rotoguru
2016,3,Jace Amaro,TE,ten,h,oak,8.9,2500,4603,rotoguru
2016,3,Dion Sims,TE,mia,h,cle,8.6,2500,4576,rotoguru
2016,3,Dwayne Allen,TE,ind,h,sdg,6.5,3800,4551,rotoguru
2016,3,Jacob Tamme,TE,atl,a,nor,5.8,3200,4411,rotoguru
2016,3,Garrett Celek,TE,sfo,a,sea,5.5,2500,4564,rotoguru
2016,3,C.J. Uzomah,TE,cin,h,den,5.1,2500,4656,rotoguru
2016,3,Marcedes Lewis,TE,jac,h,bal,5,2500,4324,rotoguru
2016,3,Clive Walford,TE,oak,a,ten,4.7,2800,4651,rotoguru
2016,3,Jason Witten,TE,dal,h,chi,4.5,4300,4262,rotoguru
2016,3,Will Tye,TE,nyg,h,was,4.4,2600,4670,rotoguru
2016,3,Larry Donnell,TE,nyg,h,was,4.1,2700,4585,rotoguru
2016,3,Trey Burton,TE,phi,h,pit,3.9,2500,4618,rotoguru
2016,3,Jeff Heuerman,TE,den,a,cin,3.9,2500,4676,rotoguru
2016,3,Nick O'Leary,TE,buf,h,ari,3.8,2500,4661,rotoguru
2016,3,Martellus Bennett,TE,nwe,h,hou,3.6,4700,4407,rotoguru
2016,3,Darren Fells,TE,ari,a,buf,3.5,2500,4609,rotoguru
2016,3,Demetrius Harris,TE,kan,h,nyj,3.4,2500,4642,rotoguru
2016,3,Julius Thomas,TE,jac,h,bal,3.3,4600,4534,rotoguru
2016,3,Ed Dickson,TE,car,h,min,3.3,2500,4482,rotoguru
2016,3,Jesse James,TE,pit,a,phi,3,3500,4653,rotoguru
2016,3,Ross Travis,TE,kan,h,nyj,3,2500,4681,rotoguru
2016,3,Luke Willson,TE,sea,h,sfo,2.9,2500,4578,rotoguru
2016,3,Rhett Ellison,TE,min,a,car,2.8,2500,4554,rotoguru
2016,3,Jared Cook,TE,gnb,h,det,2.5,2900,4437,rotoguru
2016,3,Vance McDonald,TE,sfo,a,sea,2.4,2900,4572,rotoguru
2016,3,Justin Perillo,TE,gnb,h,det,2.3,2500,4628,rotoguru
2016,3,Sean McGrath,TE,sdg,a,ind,2.3,2500,4588,rotoguru
2016,3,Cole Wick,TE,det,a,gnb,2.3,2500,4678,rotoguru
2016,3,Brandon Myers,TE,tam,h,lar,1.7,2500,4457,rotoguru
2016,3,Jordan Cameron,TE,mia,h,cle,1.5,2900,4533,rotoguru
2016,3,Lee Smith,TE,oak,a,ten,1.4,2500,4535,rotoguru
2016,3,Troy Niklas,TE,ari,a,buf,1,2500,4605,rotoguru
2016,3,Clark Harris,TE,cin,h,den,0,2500,4391,rotoguru
2016,3,Tyler Higbee,TE,lar,a,tam,0,2500,4680,rotoguru
2016,3,Logan Paulsen,TE,chi,a,dal,0,2500,4513,rotoguru
2016,3,Khari Lee,TE,det,a,gnb,0,2500,4671,rotoguru
2016,3,Kellen Davis,TE,nyj,a,kan,0,2500,4403,rotoguru
2016,3,Charles Clay,TE,buf,h,ari,0,2900,4543,rotoguru
2016,3,James O'Shaughnessy,TE,kan,h,nyj,0,2500,4664,rotoguru
2016,3,Vernon Davis,TE,was,a,nyg,0,2700,4323,rotoguru
2016,3,Phillip Supernaw,TE,ten,h,oak,0,2500,4637,rotoguru
2016,3,Geoff Swaim,TE,dal,h,chi,0,2500,4668,rotoguru
2016,3,Scott Simonson,TE,car,h,min,0,2500,4620,rotoguru
2016,3,Niles Paul,TE,was,a,nyg,0,2500,5110,rotoguru
2016,3,Gavin Escobar,TE,dal,h,chi,0,2500,4570,rotoguru
2016,3,Xavier Grimble,TE,pit,a,phi,0,2500,4604,rotoguru
2016,3,Lance Kendricks,TE,lar,a,tam,0,2700,4538,rotoguru
2016,3,Anthony Fasano,TE,ten,h,oak,0,2500,4327,rotoguru
2016,3,Jermaine Gresham,TE,ari,a,buf,0,2500,4493,rotoguru
2016,3,Crockett Gillmore,TE,bal,a,jac,0,2500,4636,rotoguru
2016,3,Brandon Bostick,TE,nyj,a,kan,0,2500,4593,rotoguru
2016,3,Tyler Kroft,TE,cin,h,den,0,2500,4652,rotoguru
2016,3,Blake Bell,TE,sfo,a,sea,0,2500,4666,rotoguru
2016,3,Ryan Hewitt,TE,cin,h,den,0,2500,2978,rotoguru
2016,3,Erik Swoope,TE,ind,h,sdg,0,2500,4626,rotoguru
2016,3,Stephen Anderson,TE,hou,a,nwe,0,2500,4679,rotoguru
2016,3,Levine Toilolo,TE,atl,a,nor,0,2500,4577,rotoguru
2016,3,Cory Harkey,TE,lar,a,tam,0,2500,4565,rotoguru
2016,3,Rob Gronkowski,TE,nwe,h,hou,0,6800,4494,rotoguru
2016,3,Austin Hooper,TE,atl,a,nor,0,2500,4677,rotoguru
2016,3,Marqueis Gray,TE,mia,h,cle,0,2500,4595,rotoguru
2016,3,Jim Dray,TE,buf,h,ari,0,2500,4484,rotoguru
2016,3,Brandon Williams,TE,sea,h,sfo,0,2500,4590,rotoguru
2016,3,Maxx Williams,TE,bal,a,jac,0,2500,4650,rotoguru
2016,3,David Johnson,TE,pit,a,phi,0,2500,4450,rotoguru
2016,3,Clay Harbor,TE,det,a,gnb,0,2500,4495,rotoguru
2016,3,C.J. Fiedorowicz,TE,hou,a,nwe,0,2500,4640,rotoguru
2016,3,Kansas City Defense,Def,kan,h,nyj,35,3200,7015,rotoguru
2016,3,Minnesota Defense,Def,min,a,car,26,3100,7017,rotoguru
2016,3,Buffalo Defense,Def,buf,h,ari,22,2700,7004,rotoguru
2016,3,New England Defense,Def,nwe,h,hou,18,3200,7018,rotoguru
2016,3,Philadelphia Defense,Def,phi,h,pit,17,2800,7023,rotoguru
2016,3,Baltimore Defense,Def,bal,a,jac,13,2500,7003,rotoguru
2016,3,Cleveland Defense,Def,cle,a,mia,12,2300,7008,rotoguru
2016,3,Los Angeles Defense,Def,lar,a,tam,12,3000,7025,rotoguru
2016,3,San Diego Defense,Def,sdg,a,ind,12,2300,7026,rotoguru
2016,3,Oakland Defense,Def,oak,a,ten,11,2600,7022,rotoguru
2016,3,Atlanta Defense,Def,atl,a,nor,11,2000,7002,rotoguru
2016,3,Indianapolis Defense,Def,ind,h,sdg,11,2400,7013,rotoguru
2016,3,Tampa Bay Defense,Def,tam,h,lar,10,3100,7029,rotoguru
2016,3,Denver Defense,Def,den,a,cin,9,3500,7010,rotoguru
2016,3,Jacksonville Defense,Def,jac,h,bal,9,2600,7014,rotoguru
2016,3,Washington Defense,Def,was,a,nyg,8,2400,7031,rotoguru
2016,3,Miami Defense,Def,mia,h,cle,7,3000,7016,rotoguru
2016,3,Arizona Defense,Def,ari,a,buf,7,3600,7001,rotoguru
2016,3,Cincinnati Defense,Def,cin,h,den,5,2800,7007,rotoguru
2016,3,New York J Defense,Def,nyj,a,kan,5,2900,7021,rotoguru
2016,3,Dallas Defense,Def,dal,h,chi,5,2500,7009,rotoguru
2016,3,Green Bay Defense,Def,gnb,h,det,5,3000,7012,rotoguru
2016,3,Tennessee Defense,Def,ten,h,oak,4,2500,7030,rotoguru
2016,3,Carolina Defense,Def,car,h,min,3,3800,7005,rotoguru
2016,3,Seattle Defense,Def,sea,h,sfo,3,4100,7028,rotoguru
2016,3,New York G Defense,Def,nyg,h,was,3,3300,7020,rotoguru
2016,3,San Francisco Defense,Def,sfo,a,sea,2,2400,7027,rotoguru
2016,3,Detroit Defense,Def,det,a,gnb,1,2400,7011,rotoguru
2016,3,Houston Defense,Def,hou,a,nwe,1,3000,7032,rotoguru
2016,3,Chicago Defense,Def,chi,a,dal,1,2700,7006,rotoguru
2016,3,Pittsburgh Defense,Def,pit,a,phi,-1,2900,7024,rotoguru
2016,3,New Orleans Defense,Def,nor,h,atl,-2,2200,7019,rotoguru
2016,4,Matt Ryan,QB,atl,h,car,39.52,7000,1301,rotoguru
2016,4,Ben Roethlisberger,QB,pit,h,kan,36.9,7100,1232,rotoguru
2016,4,Russell Wilson,QB,sea,a,nyj,26.86,6600,1412,rotoguru
2016,4,Blake Bortles,QB,jac,h,ind,25.88,6500,1442,rotoguru
2016,4,Derek Carr,QB,oak,a,bal,23.76,6700,1441,rotoguru
2016,4,Joe Flacco,QB,bal,h,oak,23.02,5900,1302,rotoguru
2016,4,Philip Rivers,QB,sdg,h,nor,22.84,6900,1231,rotoguru
2016,4,Brian Hoyer,QB,chi,h,det,22.78,5000,1336,rotoguru
2016,4,Case Keenum,QB,lar,a,ari,19.04,5000,1435,rotoguru
2016,4,Alex Smith,QB,kan,a,pit,18.68,5600,1254,rotoguru
2016,4,Andrew Luck,QB,ind,a,jac,18.66,7400,1409,rotoguru
2016,4,Kirk Cousins,QB,was,h,cle,18.32,6500,1415,rotoguru
2016,4,Dak Prescott,QB,dal,a,sfo,18.1,5700,1501,rotoguru
2016,4,Brock Osweiler,QB,hou,h,ten,17.56,5800,1414,rotoguru
2016,4,Tyrod Taylor,QB,buf,a,nwe,16.64,5400,1400,rotoguru
2016,4,Cam Newton,QB,car,a,atl,15.6,7800,1378,rotoguru
2016,4,Sam Bradford,QB,min,h,nyg,15.08,5100,1344,rotoguru
2016,4,Derek Anderson,QB,car,a,atl,14.88,5000,1239,rotoguru
2016,4,Andy Dalton,QB,cin,h,mia,14.64,6100,1403,rotoguru
2016,4,Drew Brees,QB,nor,a,sdg,13.88,7600,1151,rotoguru
2016,4,Blaine Gabbert,QB,sfo,h,dal,13.54,5000,1381,rotoguru
2016,4,Carson Palmer,QB,ari,h,lar,13.52,6300,1207,rotoguru
2016,4,Jameis Winston,QB,tam,h,den,13.06,5400,1465,rotoguru
2016,4,Cody Kessler,QB,cle,a,was,12.12,5000,1492,rotoguru
2016,4,Ryan Fitzpatrick,QB,nyj,h,sea,11.94,5300,1242,rotoguru
2016,4,Paxton Lynch,QB,den,a,tam,10.4,5000,1516,rotoguru
2016,4,Matthew Stafford,QB,det,a,chi,10.22,7300,1340,rotoguru
2016,4,Ryan Tannehill,QB,mia,a,cin,9.56,5800,1410,rotoguru
2016,4,Jacoby Brissett,QB,nwe,h,buf,9.5,5100,1496,rotoguru
2016,4,Eli Manning,QB,nyg,a,min,9.44,6100,1225,rotoguru
2016,4,Marcus Mariota,QB,ten,a,hou,9.08,5500,1466,rotoguru
2016,4,Trevor Siemian,QB,den,a,tam,6.72,5400,1488,rotoguru
2016,4,Joe Webb,QB,car,a,atl,1.3,5000,5071,rotoguru
2016,4,Landry Jones,QB,pit,h,kan,0,5000,1430,rotoguru
2016,4,Drew Stanton,QB,ari,h,lar,-0.52,5000,1290,rotoguru
2016,4,Isaiah Crowell,RB,cle,a,was,26.2,4400,2969,rotoguru
2016,4,DeMarco Murray,RB,ten,a,hou,25.9,6800,2831,rotoguru
2016,4,Le'Veon Bell,RB,pit,h,kan,25.8,7500,2888,rotoguru
2016,4,Ezekiel Elliott,RB,dal,a,sfo,25.7,6900,5444,rotoguru
2016,4,Melvin Gordon,RB,sdg,h,nor,24.9,6300,2991,rotoguru
2016,4,Matt Jones,RB,was,h,cle,24.8,4300,3552,rotoguru
2016,4,LeSean McCoy,RB,buf,a,nwe,22.8,6700,2707,rotoguru
2016,4,Mark Ingram,RB,nor,a,sdg,22.5,5900,2793,rotoguru
2016,4,John Kuhn,RB,nor,a,sdg,21.2,3000,2549,rotoguru
2016,4,Frank Gore,RB,ind,a,jac,20.5,5200,2467,rotoguru
2016,4,Terrance West,RB,bal,h,oak,20.3,3500,2929,rotoguru
2016,4,Christine Michael,RB,sea,a,nyj,20,6000,2898,rotoguru
2016,4,Jordan Howard,RB,chi,h,det,19.2,3700,5447,rotoguru
2016,4,Jerick McKinnon,RB,min,h,nyg,18.5,3900,2935,rotoguru
2016,4,Fozzy Whittaker,RB,car,a,atl,18.2,3900,2916,rotoguru
2016,4,T.J. Yeldon,RB,jac,h,ind,15.7,5600,2993,rotoguru
2016,4,David Johnson,RB,ari,h,lar,15.4,7800,5395,rotoguru
2016,4,Carlos Hyde,RB,sfo,h,dal,14.9,4200,2933,rotoguru
2016,4,Devonta Freeman,RB,atl,h,car,14.4,5500,2930,rotoguru
2016,4,Bilal Powell,RB,nyj,h,sea,14,3300,2819,rotoguru
2016,4,Lamar Miller,RB,hou,h,ten,13.8,7000,2859,rotoguru
2016,4,Bobby Rainey,RB,nyg,a,min,13.5,3000,2863,rotoguru
2016,4,Todd Gurley,RB,lar,a,ari,13.2,6700,2992,rotoguru
2016,4,Duke Johnson,RB,cle,a,was,12.6,4000,2997,rotoguru
2016,4,C.J. Anderson,RB,den,a,tam,12.2,6500,2924,rotoguru
2016,4,Chris Thompson,RB,was,h,cle,12,3400,2915,rotoguru
2016,4,Kyle Juszczyk,RB,bal,h,oak,11.6,3000,2908,rotoguru
2016,4,James White,RB,nwe,h,buf,11.2,3600,2954,rotoguru
2016,4,Orleans Darkwa,RB,nyg,a,min,10.8,3000,2976,rotoguru
2016,4,Josh Ferguson,RB,ind,a,jac,10.1,3000,5484,rotoguru
2016,4,Paul Perkins,RB,nyg,a,min,10,3000,5472,rotoguru
2016,4,Theo Riddick,RB,det,a,chi,9.8,5200,2907,rotoguru
2016,4,Matt Asiata,RB,min,h,nyg,9.8,3300,2873,rotoguru
2016,4,C.J. Spiller,RB,sea,a,nyj,9.7,0,2775,rotoguru
2016,4,Spencer Ware,RB,kan,a,pit,9.6,5700,2914,rotoguru
2016,4,LeGarrette Blount,RB,nwe,h,buf,8.8,5000,2721,rotoguru
2016,4,DeAngelo Williams,RB,pit,h,kan,7.9,6200,2500,rotoguru
2016,4,Giovani Bernard,RB,cin,h,mia,7.2,4700,2889,rotoguru
2016,4,Jeremy Hill,RB,cin,h,mia,7.1,4100,2928,rotoguru
2016,4,Jay Ajayi,RB,mia,a,cin,6.6,4000,2998,rotoguru
2016,4,DeAndre Washington,RB,oak,a,bal,6.6,3300,5449,rotoguru
2016,4,Matt Forte,RB,nyj,h,sea,6.3,6600,2613,rotoguru
2016,4,Tevin Coleman,RB,atl,h,car,6.3,4500,2994,rotoguru
2016,4,Mike Gillislee,RB,buf,a,nwe,5.3,3000,2894,rotoguru
2016,4,Javorius Allen,RB,bal,h,oak,4.8,3000,5370,rotoguru
2016,4,Charles Sims,RB,tam,h,den,4.5,5600,2931,rotoguru
2016,4,Latavius Murray,RB,oak,a,bal,4.4,4900,2899,rotoguru
2016,4,Zach Zenner,RB,det,a,chi,4.4,3000,5397,rotoguru
2016,4,Jacquizz Rodgers,RB,tam,h,den,3.9,3000,2818,rotoguru
2016,4,Lance Dunbar,RB,dal,a,sfo,3.6,3000,2880,rotoguru
2016,4,Brandon Bolden,RB,nwe,h,buf,3.5,3000,2874,rotoguru
2016,4,Chris Johnson,RB,ari,h,lar,3.4,3400,2645,rotoguru
2016,4,Alfred Morris,RB,dal,a,sfo,3.4,3900,2871,rotoguru
2016,4,Alfred Blue,RB,hou,h,ten,3.3,3100,2960,rotoguru
2016,4,Knile Davis,RB,kan,a,pit,3.2,3000,2891,rotoguru
2016,4,Dexter McCluster,RB,sdg,h,nor,3.1,3500,3953,rotoguru
2016,4,Jalen Richard,RB,oak,a,bal,3,3400,5490,rotoguru
2016,4,Devontae Booker,RB,den,a,tam,3,3000,5468,rotoguru
2016,4,Chris Ivory,RB,jac,h,ind,2.9,3900,2741,rotoguru
2016,4,Daniel Lasco,RB,nor,a,sdg,2.9,3000,5487,rotoguru
2016,4,Patrick DiMarco,RB,atl,h,car,2.8,3000,2805,rotoguru
2016,4,Keith Smith,RB,dal,a,sfo,2.6,3000,5492,rotoguru
2016,4,Damien Williams,RB,mia,a,cin,2.5,3000,2957,rotoguru
2016,4,Robert Turbin,RB,ind,a,jac,2.5,3000,2867,rotoguru
2016,4,Dwayne Washington,RB,det,a,chi,2.4,3800,5483,rotoguru
2016,4,Isaiah Pead,RB,mia,a,cin,2.1,3000,2860,rotoguru
2016,4,Shaun Draughn,RB,sfo,h,dal,1.8,3300,2875,rotoguru
2016,4,Jerome Felton,RB,buf,a,nwe,1.7,3000,2624,rotoguru
2016,4,Jay Prosch,RB,hou,h,ten,1.6,3000,2980,rotoguru
2016,4,Kenyan Drake,RB,mia,a,cin,1.5,3600,5446,rotoguru
2016,4,Andre Ellington,RB,ari,h,lar,1.4,3200,2892,rotoguru
2016,4,Kapri Bibbs,RB,den,a,tam,1.4,3000,2963,rotoguru
2016,4,Malcolm Johnson,RB,cle,a,was,1.3,3000,4663,rotoguru
2016,4,Cameron Artis-Payne,RB,car,a,atl,1.2,3400,2999,rotoguru
2016,4,Tim Hightower,RB,nor,a,sdg,1.1,3300,2604,rotoguru
2016,4,Mike Tolbert,RB,car,a,atl,0.9,3000,2647,rotoguru
2016,4,Derrick Henry,RB,ten,a,hou,0.9,3500,5445,rotoguru
2016,4,Jamaal Charles,RB,kan,a,pit,0.7,5400,2629,rotoguru
2016,4,Zach Line,RB,min,h,nyg,0.6,3000,2912,rotoguru
2016,4,Joique Bell,RB,chi,h,det,0.6,0,2719,rotoguru
2016,4,Rob Kelley,RB,was,h,cle,0.4,3400,5493,rotoguru
2016,4,Alex Collins,RB,sea,a,nyj,0.1,3000,5450,rotoguru
2016,4,Raheem Mostert,RB,chi,h,det,0,3000,5414,rotoguru
2016,4,Kenneth Farrow,RB,sdg,h,nor,0,3000,5494,rotoguru
2016,4,James Develin,RB,nwe,h,buf,0,3000,2825,rotoguru
2016,4,Michael Burton,RB,det,a,chi,0,3000,5415,rotoguru
2016,4,Travaris Cadet,RB,nor,a,sdg,0,3100,2869,rotoguru
2016,4,Rex Burkhead,RB,cin,h,mia,0,3000,2890,rotoguru
2016,4,Mike Davis,RB,sfo,h,dal,0,3000,5320,rotoguru
2016,4,Corey Grant,RB,jac,h,ind,0,3000,5405,rotoguru
2016,4,Denard Robinson,RB,jac,h,ind,0,3000,2901,rotoguru
2016,4,Jordan Todman,RB,ind,a,jac,0,3000,2840,rotoguru
2016,4,Malcolm Brown,RB,lar,a,ari,0,3000,5441,rotoguru
2016,4,Chase Reynolds,RB,lar,a,ari,0,3000,2919,rotoguru
2016,4,Benny Cunningham,RB,lar,a,ari,0,3200,2911,rotoguru
2016,4,Stepfan Taylor,RB,ari,h,lar,0,3000,2903,rotoguru
2016,4,Antonio Andrews,RB,ten,a,hou,0,3000,2940,rotoguru
2016,4,Anthony Sherman,RB,kan,a,pit,0,3000,2822,rotoguru
2016,4,Derek Watt,RB,sdg,h,nor,0,3000,5504,rotoguru
2016,4,Tyler Ervin,RB,hou,h,ten,0,3000,5470,rotoguru
2016,4,George Atkinson,RB,cle,a,was,0,3000,2949,rotoguru
2016,4,Rod Smith,RB,dal,a,sfo,0,3000,3191,rotoguru
2016,4,Andy Janovich,RB,den,a,tam,0,3000,5482,rotoguru
2016,4,Jalston Fowler,RB,ten,a,hou,0,3000,5413,rotoguru
2016,4,Fitzgerald Toussaint,RB,pit,h,kan,0,3000,2990,rotoguru
2016,4,Jamize Olawale,RB,oak,a,bal,0,3000,2913,rotoguru
2016,4,Julio Jones,WR,atl,h,car,51,9200,5089,rotoguru
2016,4,A.J. Green,WR,cin,h,mia,36.3,8500,5091,rotoguru
2016,4,Michael Crabtree,WR,oak,a,bal,33.8,6400,3872,rotoguru
2016,4,Steve Smith,WR,bal,h,oak,28.1,4500,3328,rotoguru
2016,4,Dontrelle Inman,WR,sdg,h,nor,28,3300,5097,rotoguru
2016,4,John Brown,WR,ari,h,lar,27.4,4300,5264,rotoguru
2016,4,Eddie Royal,WR,chi,h,det,27.1,3500,3748,rotoguru
2016,4,Will Fuller,WR,hou,h,ten,27.1,5300,5454,rotoguru
2016,4,Emmanuel Sanders,WR,den,a,tam,22.8,6400,3983,rotoguru
2016,4,Antonio Brown,WR,pit,h,kan,22.4,9700,3474,rotoguru
2016,4,Demaryius Thomas,WR,den,a,tam,21.4,6700,3997,rotoguru
2016,4,Brian Quick,WR,lar,a,ari,20.9,3000,5157,rotoguru
2016,4,Jeremy Kerley,WR,sfo,h,dal,20.8,3400,5111,rotoguru
2016,4,Brandon Marshall,WR,nyj,h,sea,18.9,7000,3627,rotoguru
2016,4,T.Y. Hilton,WR,ind,a,jac,17.2,7000,5151,rotoguru
2016,4,Allen Robinson,WR,jac,h,ind,16.5,8000,5258,rotoguru
2016,4,Robert Woods,WR,buf,a,nwe,15.9,3400,5217,rotoguru
2016,4,Corey Brown,WR,car,a,atl,15.8,3000,5362,rotoguru
2016,4,Brice Butler,WR,dal,a,sfo,15.1,3000,5219,rotoguru
2016,4,Terrelle Pryor,WR,cle,a,was,15,4300,1407,rotoguru
2016,4,Terrance Williams,WR,dal,a,sfo,14.4,3100,5216,rotoguru
2016,4,Michael Thomas,WR,nor,a,sdg,14.4,3800,5459,rotoguru
2016,4,Kenny Stills,WR,mia,a,cin,14.4,3500,5212,rotoguru
2016,4,Sammie Coates,WR,pit,h,kan,13.8,3600,5388,rotoguru
2016,4,Phillip Dorsett,WR,ind,a,jac,13.7,4700,5384,rotoguru
2016,4,Tyreek Hill,WR,kan,a,pit,13.2,3000,5485,rotoguru
2016,4,Jarvis Landry,WR,mia,a,cin,13.1,6900,5335,rotoguru
2016,4,Chris Conley,WR,kan,a,pit,13,3000,5385,rotoguru
2016,4,Kelvin Benjamin,WR,car,a,atl,12.9,7100,5257,rotoguru
2016,4,Jeremy Maclin,WR,kan,a,pit,12.8,6000,3830,rotoguru
2016,4,Aldrick Robinson,WR,atl,h,car,12.8,3000,5134,rotoguru
2016,4,Allen Hurns,WR,jac,h,ind,12.7,5200,5341,rotoguru
2016,4,Michael Floyd,WR,ari,h,lar,12.6,5100,5148,rotoguru
2016,4,Marvin Jones,WR,det,a,chi,12.4,7300,5168,rotoguru
2016,4,Kenny Britt,WR,lar,a,ari,12.2,3900,3824,rotoguru
2016,4,Markus Wheaton,WR,pit,h,kan,12,4100,5215,rotoguru
2016,4,Charone Peake,WR,nyj,h,sea,12,3000,5506,rotoguru
2016,4,Quincy Enunwa,WR,nyj,h,sea,12,4400,5420,rotoguru
2016,4,Kevin White,WR,chi,h,det,11.5,3400,5377,rotoguru
2016,4,Larry Fitzgerald,WR,ari,h,lar,11.3,7200,3501,rotoguru
2016,4,Tanner McEvoy,WR,sea,a,nyj,11.2,3000,5505,rotoguru
2016,4,Mike Evans,WR,tam,h,den,10.9,6500,5253,rotoguru
2016,4,Mike Wallace,WR,bal,h,oak,10.7,5200,3809,rotoguru
2016,4,Cole Beasley,WR,dal,a,sfo,10.3,3900,5163,rotoguru
2016,4,Seth Roberts,WR,oak,a,bal,10.2,3500,5408,rotoguru
2016,4,Albert Wilson,WR,kan,a,pit,10.2,3000,5339,rotoguru
2016,4,Rishard Matthews,WR,ten,a,hou,10.2,3100,5182,rotoguru
2016,4,Darrius Heyward-Bey,WR,pit,h,kan,10.1,3000,3848,rotoguru
2016,4,Victor Cruz,WR,nyg,a,min,10,4600,3900,rotoguru
2016,4,Amari Cooper,WR,oak,a,bal,9.8,7600,5376,rotoguru
2016,4,Stefon Diggs,WR,min,h,nyg,9.6,6100,5424,rotoguru
2016,4,Doug Baldwin,WR,sea,a,nyj,9.4,6100,5136,rotoguru
2016,4,Anquan Boldin,WR,det,a,chi,9.1,4200,3423,rotoguru
2016,4,Tyrell Williams,WR,sdg,h,nor,9,4400,5432,rotoguru
2016,4,Cordarrelle Patterson,WR,min,h,nyg,9,3000,5208,rotoguru
2016,4,Charles Johnson,WR,min,h,nyg,9,3000,3103,rotoguru
2016,4,Brandon LaFell,WR,cin,h,mia,8.4,3200,3946,rotoguru
2016,4,Jaelen Strong,WR,hou,h,ten,8.1,3100,5383,rotoguru
2016,4,Taylor Gabriel,WR,atl,h,car,7.9,3000,5361,rotoguru
2016,4,Pierre Garcon,WR,was,h,cle,7.9,4000,3754,rotoguru
2016,4,Travis Benjamin,WR,sdg,h,nor,7.8,5900,5173,rotoguru
2016,4,Andre Roberts,WR,det,a,chi,7.8,3000,3978,rotoguru
2016,4,Alshon Jeffery,WR,chi,h,det,7.6,7500,5153,rotoguru
2016,4,Devin Funchess,WR,car,a,atl,7.6,3600,5381,rotoguru
2016,4,Sterling Shepard,WR,nyg,a,min,7,5800,5456,rotoguru
2016,4,Marqise Lee,WR,jac,h,ind,6.8,3100,5256,rotoguru
2016,4,Cameron Meredith,WR,chi,h,det,6.8,3000,5417,rotoguru
2016,4,Vincent Jackson,WR,tam,h,den,6.8,3400,3550,rotoguru
2016,4,Andre Johnson,WR,ten,a,hou,6.3,3200,3437,rotoguru
2016,4,Walter Powell,WR,buf,a,nwe,6.2,3000,5270,rotoguru
2016,4,Brandin Cooks,WR,nor,a,sdg,6.1,7400,5255,rotoguru
2016,4,Chester Rogers,WR,ind,a,jac,5.9,3000,5500,rotoguru
2016,4,Ricardo Louis,WR,cle,a,was,5.8,3000,5481,rotoguru
2016,4,Andrew Hawkins,WR,cle,a,was,5.8,3000,5140,rotoguru
2016,4,Breshad Perriman,WR,bal,h,oak,5.4,3000,5379,rotoguru
2016,4,Jermaine Kearse,WR,sea,a,nyj,5.3,3200,5186,rotoguru
2016,4,Odell Beckham Jr.,WR,nyg,a,min,5.3,8700,5323,rotoguru
2016,4,Jordan Norwood,WR,den,a,tam,4.5,3000,3828,rotoguru
2016,4,Mohamed Sanu,WR,atl,h,car,4.2,5700,5159,rotoguru
2016,4,Adam Thielen,WR,min,h,nyg,4.1,3100,5333,rotoguru
2016,4,Jamison Crowder,WR,was,h,cle,4.1,4200,5410,rotoguru
2016,4,DeVante Parker,WR,mia,a,cin,4,5200,5380,rotoguru
2016,4,Kamar Aiken,WR,bal,h,oak,3.9,3100,5275,rotoguru
2016,4,Paul Richardson,WR,sea,a,nyj,3.7,3000,5260,rotoguru
2016,4,Brandon Coleman,WR,nor,a,sdg,3.7,3000,5326,rotoguru
2016,4,Tajae Sharpe,WR,ten,a,hou,3.5,5000,5461,rotoguru
2016,4,Ted Ginn Jr.,WR,car,a,atl,3.4,3700,3670,rotoguru
2016,4,J.J. Nelson,WR,ari,h,lar,3.4,3000,5409,rotoguru
2016,4,Kendall Wright,WR,ten,a,hou,3.4,3000,5162,rotoguru
2016,4,Willie Snead,WR,nor,a,sdg,3.3,6600,5287,rotoguru
2016,4,Robby Anderson,WR,nyj,h,sea,3.2,3000,5502,rotoguru
2016,4,Golden Tate,WR,det,a,chi,3.1,5800,3995,rotoguru
2016,4,Tavon Austin,WR,lar,a,ari,2.8,4000,5199,rotoguru
2016,4,Julian Edelman,WR,nwe,h,buf,2.7,5800,3826,rotoguru
2016,4,Tyler Lockett,WR,sea,a,nyj,2.3,3900,5386,rotoguru
2016,4,Quinton Patton,WR,sfo,h,dal,2.3,3000,5209,rotoguru
2016,4,Tommylee Lewis,WR,nor,a,sdg,2.3,3000,5496,rotoguru
2016,4,Marquise Goodwin,WR,buf,a,nwe,2.2,3000,5205,rotoguru
2016,4,Tyler Boyd,WR,cin,h,mia,2,3400,5455,rotoguru
2016,4,Jordan Taylor,WR,den,a,tam,1.9,3000,5501,rotoguru
2016,4,Rashad Greene,WR,jac,h,ind,1.8,3000,5391,rotoguru
2016,4,Jaron Brown,WR,ari,h,lar,1.7,3300,5229,rotoguru
2016,4,Chris Moore,WR,bal,h,oak,1.6,3000,5479,rotoguru
2016,4,DeSean Jackson,WR,was,h,cle,1.5,6200,3770,rotoguru
2016,4,Aaron Burbridge,WR,sfo,h,dal,1.5,3000,5497,rotoguru
2016,4,DeAndre Hopkins,WR,hou,h,ten,1.4,8400,5206,rotoguru
2016,4,Adam Humphries,WR,tam,h,den,1.4,3000,5412,rotoguru
2016,4,Torrey Smith,WR,sfo,h,dal,1.3,3900,5113,rotoguru
2016,4,Arrelious Benn,WR,jac,h,ind,1.1,3000,3885,rotoguru
2016,4,Lucky Whitehead,WR,dal,a,sfo,0.8,3000,5400,rotoguru
2016,4,Brandon Tate,WR,buf,a,nwe,0.4,3000,3860,rotoguru
2016,4,Marc Mariani,WR,ten,a,hou,0,3000,3949,rotoguru
2016,4,James Wright,WR,cin,h,mia,0,3000,5290,rotoguru
2016,4,Deonte Thompson,WR,chi,h,det,0,3000,5160,rotoguru
2016,4,Chris Hogan,WR,nwe,h,buf,0,3700,5167,rotoguru
2016,4,Bennie Fowler,WR,den,a,tam,0,3000,5353,rotoguru
2016,4,Bradley Marquez,WR,lar,a,ari,0,3000,5428,rotoguru
2016,4,Alex Erickson,WR,cin,h,mia,0,3000,5480,rotoguru
2016,4,Eric Weems,WR,atl,h,car,0,3000,3732,rotoguru
2016,4,Griff Whalen,WR,sdg,h,nor,0,3000,5234,rotoguru
2016,4,Mike Thomas,WR,lar,a,ari,0,3000,5503,rotoguru
2016,4,Malcolm Mitchell,WR,nwe,h,buf,0,3000,5488,rotoguru
2016,4,Rashard Higgins,WR,cle,a,was,0,3000,5475,rotoguru
2016,4,Cody Latimer,WR,den,a,tam,0,3000,5268,rotoguru
2016,4,Danny Amendola,WR,nwe,h,buf,0,3600,3851,rotoguru
2016,4,Andre Holmes,WR,oak,a,bal,0,3000,5177,rotoguru
2016,4,Bryan Walters,WR,jac,h,ind,0,3000,5070,rotoguru
2016,4,Laquon Treadwell,WR,min,h,nyg,0,3000,5453,rotoguru
2016,4,Matthew Slater,WR,nwe,h,buf,0,3000,3760,rotoguru
2016,4,Rashad Ross,WR,was,h,cle,0,3000,5365,rotoguru
2016,4,Keith Mumphery,WR,hou,h,ten,0,3000,5407,rotoguru
2016,4,Tavarres King,WR,nyg,a,min,0,3000,5273,rotoguru
2016,4,Johnny Holton,WR,oak,a,bal,0,3000,5491,rotoguru
2016,4,Leonte Carroo,WR,mia,a,cin,0,3000,5474,rotoguru
2016,4,Rod Streater,WR,sfo,h,dal,0,3000,5169,rotoguru
2016,4,Devin Hester,WR,bal,h,oak,0,3000,3593,rotoguru
2016,4,Quan Bray,WR,ind,a,jac,0,3000,5429,rotoguru
2016,4,Jakeem Grant,WR,mia,a,cin,0,3000,5486,rotoguru
2016,4,Josh Bellamy,WR,chi,h,det,0,3000,5191,rotoguru
2016,4,Justin Hardy,WR,atl,h,car,0,3000,5387,rotoguru
2016,4,Russell Shepard,WR,tam,h,den,0,3000,5223,rotoguru
2016,4,Dwayne Harris,WR,nyg,a,min,-1,3000,5130,rotoguru
2016,4,Jordan Reed,TE,was,h,cle,28.3,6300,4573,rotoguru
2016,4,Greg Olsen,TE,car,a,atl,21.6,6000,4368,rotoguru
2016,4,Jimmy Graham,TE,sea,a,nyj,20.3,4000,4492,rotoguru
2016,4,Martellus Bennett,TE,nwe,h,buf,18.9,3500,4407,rotoguru
2016,4,Kyle Rudolph,TE,min,h,nyg,16.5,3400,4537,rotoguru
2016,4,Hunter Henry,TE,sdg,h,nor,16.1,2700,4675,rotoguru
2016,4,C.J. Fiedorowicz,TE,hou,h,ten,14.8,2500,4640,rotoguru
2016,4,Travis Kelce,TE,kan,a,pit,13.3,4800,4582,rotoguru
2016,4,Garrett Celek,TE,sfo,h,dal,12.9,2500,4564,rotoguru
2016,4,Gary Barnidge,TE,cle,a,was,12.7,3600,4401,rotoguru
2016,4,Zach Miller,TE,chi,h,det,12.1,2700,4461,rotoguru
2016,4,Jason Witten,TE,dal,a,sfo,11.7,4500,4262,rotoguru
2016,4,Cameron Brate,TE,tam,h,den,11.7,2800,4648,rotoguru
2016,4,Austin Hooper,TE,atl,h,car,11.2,2500,4677,rotoguru
2016,4,Lance Kendricks,TE,lar,a,ari,10.2,2600,4538,rotoguru
2016,4,Charles Clay,TE,buf,a,nwe,9.7,2600,4543,rotoguru
2016,4,Jesse James,TE,pit,h,kan,9.5,3100,4653,rotoguru
2016,4,C.J. Uzomah,TE,cin,h,mia,8.5,2500,4656,rotoguru
2016,4,Ryan Griffin,TE,hou,h,ten,8.4,2600,4592,rotoguru
2016,4,Will Tye,TE,nyg,a,min,8.3,2600,4670,rotoguru
2016,4,Jacob Tamme,TE,atl,h,car,8.3,3400,4411,rotoguru
2016,4,Eric Ebron,TE,det,a,chi,8.2,3700,4601,rotoguru
2016,4,Delanie Walker,TE,ten,a,hou,5.4,5000,4360,rotoguru
2016,4,Coby Fleener,TE,nor,a,sdg,4.9,3200,4552,rotoguru
2016,4,Dennis Pitta,TE,bal,h,oak,4.7,3900,4516,rotoguru
2016,4,Clive Walford,TE,oak,a,bal,4.3,2700,4651,rotoguru
2016,4,Nick O'Leary,TE,buf,a,nwe,4,2500,4661,rotoguru
2016,4,Dwayne Allen,TE,ind,a,jac,4,3800,4551,rotoguru
2016,4,Ed Dickson,TE,car,a,atl,3.7,2500,4482,rotoguru
2016,4,Crockett Gillmore,TE,bal,h,oak,3.6,2500,4636,rotoguru
2016,4,David Johnson,TE,pit,h,kan,3.6,2500,4450,rotoguru
2016,4,Logan Paulsen,TE,chi,h,det,3,2500,4513,rotoguru
2016,4,Xavier Grimble,TE,pit,h,kan,2.9,2500,4604,rotoguru
2016,4,Jeff Heuerman,TE,den,a,tam,2.9,2500,4676,rotoguru
2016,4,Darren Fells,TE,ari,h,lar,2.7,2500,4609,rotoguru
2016,4,Marcedes Lewis,TE,jac,h,ind,2.2,2500,4324,rotoguru
2016,4,Demetrius Harris,TE,kan,a,pit,2.2,2500,4642,rotoguru
2016,4,Rob Gronkowski,TE,nwe,h,buf,2.1,6500,4494,rotoguru
2016,4,Neal Sterling,TE,jac,h,ind,2,2500,4684,rotoguru
2016,4,Dion Sims,TE,mia,a,cin,1.9,2500,4576,rotoguru
2016,4,Vernon Davis,TE,was,h,cle,1.8,2500,4323,rotoguru
2016,4,MyCole Pruitt,TE,min,h,nyg,1.7,2500,4669,rotoguru
2016,4,Jack Doyle,TE,ind,a,jac,1.6,2500,4594,rotoguru
2016,4,Rhett Ellison,TE,min,h,nyg,1.2,2500,4554,rotoguru
2016,4,Lee Smith,TE,oak,a,bal,1.1,2500,4535,rotoguru
2016,4,Mychal Rivera,TE,oak,a,bal,1.1,2500,4574,rotoguru
2016,4,Braedon Bowman,TE,nyj,h,sea,0,2500,4683,rotoguru
2016,4,Larry Donnell,TE,nyg,a,min,0,2600,4585,rotoguru
2016,4,Clark Harris,TE,cin,h,mia,0,2500,4391,rotoguru
2016,4,Tyler Higbee,TE,lar,a,ari,0,2500,4680,rotoguru
2016,4,Sean McGrath,TE,sdg,h,nor,0,2500,4588,rotoguru
2016,4,Khari Lee,TE,det,a,chi,0,2500,4671,rotoguru
2016,4,Kellen Davis,TE,nyj,h,sea,0,2500,4403,rotoguru
2016,4,Ross Travis,TE,kan,a,pit,0,2500,4681,rotoguru
2016,4,James O'Shaughnessy,TE,kan,a,pit,0,2500,4664,rotoguru
2016,4,Phillip Supernaw,TE,ten,a,hou,0,2500,4637,rotoguru
2016,4,Geoff Swaim,TE,dal,a,sfo,0,2500,4668,rotoguru
2016,4,Scott Simonson,TE,car,a,atl,0,2500,4620,rotoguru
2016,4,Niles Paul,TE,was,h,cle,0,2500,5110,rotoguru
2016,4,John Phillips,TE,nor,a,sdg,0,2500,4433,rotoguru
2016,4,Gavin Escobar,TE,dal,a,sfo,0,2500,4570,rotoguru
2016,4,Brandon Myers,TE,tam,h,den,0,2500,4457,rotoguru
2016,4,Anthony Fasano,TE,ten,a,hou,0,2500,4327,rotoguru
2016,4,Jermaine Gresham,TE,ari,h,lar,0,2500,4493,rotoguru
2016,4,Jace Amaro,TE,ten,a,hou,0,2600,4603,rotoguru
2016,4,Luke Willson,TE,sea,a,nyj,0,2500,4578,rotoguru
2016,4,Randall Telfer,TE,cle,a,was,0,2500,4685,rotoguru
2016,4,Brandon Bostick,TE,nyj,h,sea,0,2500,4593,rotoguru
2016,4,Tyler Kroft,TE,cin,h,mia,0,2500,4652,rotoguru
2016,4,Blake Bell,TE,sfo,h,dal,0,2500,4666,rotoguru
2016,4,Ryan Hewitt,TE,cin,h,mia,0,2500,2978,rotoguru
2016,4,Alan Cross,TE,tam,h,den,0,2500,4682,rotoguru
2016,4,Erik Swoope,TE,ind,a,jac,0,2500,4626,rotoguru
2016,4,Levine Toilolo,TE,atl,h,car,0,2500,4577,rotoguru
2016,4,Cory Harkey,TE,lar,a,ari,0,2500,4565,rotoguru
2016,4,Marqueis Gray,TE,mia,a,cin,0,2500,4595,rotoguru
2016,4,Jim Dray,TE,buf,a,nwe,0,2500,4484,rotoguru
2016,4,Brandon Williams,TE,sea,a,nyj,0,2500,4590,rotoguru
2016,4,Maxx Williams,TE,bal,h,oak,0,2500,4650,rotoguru
2016,4,Asante Cleveland,TE,sdg,h,nor,0,2500,4644,rotoguru
2016,4,Cole Wick,TE,det,a,chi,0,2500,4678,rotoguru
2016,4,Orson Charles,TE,det,a,chi,0,2500,4561,rotoguru
2016,4,Clay Harbor,TE,det,a,chi,0,2500,4495,rotoguru
2016,4,Los Angeles Defense,Def,lar,a,ari,17,2700,7025,rotoguru
2016,4,Denver Defense,Def,den,a,tam,15,3700,7010,rotoguru
2016,4,Buffalo Defense,Def,buf,a,nwe,15,2600,7004,rotoguru
2016,4,Cincinnati Defense,Def,cin,h,mia,13,3200,7007,rotoguru
2016,4,Atlanta Defense,Def,atl,h,car,11,2400,7002,rotoguru
2016,4,Seattle Defense,Def,sea,a,nyj,11,3800,7028,rotoguru
2016,4,Houston Defense,Def,hou,h,ten,10,3200,7032,rotoguru
2016,4,Detroit Defense,Def,det,a,chi,9,3100,7011,rotoguru
2016,4,Pittsburgh Defense,Def,pit,h,kan,9,2800,7024,rotoguru
2016,4,New Orleans Defense,Def,nor,a,sdg,8,2000,7019,rotoguru
2016,4,Jacksonville Defense,Def,jac,h,ind,8,2400,7014,rotoguru
2016,4,Washington Defense,Def,was,h,cle,8,3500,7031,rotoguru
2016,4,Minnesota Defense,Def,min,h,nyg,8,3600,7017,rotoguru
2016,4,Carolina Defense,Def,car,a,atl,7,3400,7005,rotoguru
2016,4,Chicago Defense,Def,chi,h,det,7,2500,7006,rotoguru
2016,4,Arizona Defense,Def,ari,h,lar,5,3900,7001,rotoguru
2016,4,Tennessee Defense,Def,ten,a,hou,5,2400,7030,rotoguru
2016,4,Oakland Defense,Def,oak,a,bal,4,2700,7022,rotoguru
2016,4,Tampa Bay Defense,Def,tam,h,den,4,2600,7029,rotoguru
2016,4,Dallas Defense,Def,dal,a,sfo,4,2900,7009,rotoguru
2016,4,Cleveland Defense,Def,cle,a,was,4,2500,7008,rotoguru
2016,4,New England Defense,Def,nwe,h,buf,3,3300,7018,rotoguru
2016,4,New York J Defense,Def,nyj,h,sea,2,2800,7021,rotoguru
2016,4,San Francisco Defense,Def,sfo,h,dal,2,2600,7027,rotoguru
2016,4,San Diego Defense,Def,sdg,h,nor,2,2300,7026,rotoguru
2016,4,Indianapolis Defense,Def,ind,a,jac,2,2200,7013,rotoguru
2016,4,Miami Defense,Def,mia,a,cin,1,2700,7016,rotoguru
2016,4,Baltimore Defense,Def,bal,h,oak,1,2400,7003,rotoguru
2016,4,New York G Defense,Def,nyg,a,min,0,2900,7020,rotoguru
2016,4,Kansas City Defense,Def,kan,a,pit,-2,3000,7015,rotoguru
2016,5,Ben Roethlisberger,QB,pit,h,nyj,33.2,7200,1232,rotoguru
2016,5,Tom Brady,QB,nwe,a,cle,32.64,7500,1131,rotoguru
2016,5,Philip Rivers,QB,sdg,a,oak,31.36,6900,1231,rotoguru
2016,5,Marcus Mariota,QB,ten,a,mia,30.52,5400,1466,rotoguru
2016,5,Brian Hoyer,QB,chi,a,ind,26.78,5500,1336,rotoguru
2016,5,Derek Carr,QB,oak,h,sdg,25.98,6800,1441,rotoguru
2016,5,Andrew Luck,QB,ind,h,chi,25.18,7300,1409,rotoguru
2016,5,Andy Dalton,QB,cin,a,dal,22.16,5900,1403,rotoguru
2016,5,Blaine Gabbert,QB,sfo,h,ari,21.48,5000,1381,rotoguru
2016,5,Matthew Stafford,QB,det,h,phi,19.8,6600,1340,rotoguru
2016,5,Sam Bradford,QB,min,h,hou,18.64,5100,1344,rotoguru
2016,5,Dak Prescott,QB,dal,h,cin,18.48,5600,1501,rotoguru
2016,5,Carson Wentz,QB,phi,a,det,17.92,6400,1514,rotoguru
2016,5,Aaron Rodgers,QB,gnb,h,nyg,17.86,7700,1252,rotoguru
2016,5,Tyrod Taylor,QB,buf,a,lar,15.76,5200,1400,rotoguru
2016,5,Jameis Winston,QB,tam,a,car,15.36,5800,1465,rotoguru
2016,5,Ryan Fitzpatrick,QB,nyj,a,pit,15.1,5100,1242,rotoguru
2016,5,Matt Ryan,QB,atl,a,den,14.98,7100,1301,rotoguru
2016,5,Paxton Lynch,QB,den,h,atl,13.72,5200,1516,rotoguru
2016,5,Kirk Cousins,QB,was,a,bal,13.3,6100,1415,rotoguru
2016,5,Joe Flacco,QB,bal,h,was,13,6200,1302,rotoguru
2016,5,Drew Stanton,QB,ari,a,sfo,12.76,5000,1290,rotoguru
2016,5,Eli Manning,QB,nyg,a,gnb,11.06,6000,1225,rotoguru
2016,5,Charlie Whitehurst,QB,cle,h,nwe,10.38,5000,1272,rotoguru
2016,5,Brock Osweiler,QB,hou,a,min,10.36,5300,1414,rotoguru
2016,5,Case Keenum,QB,lar,h,buf,8.84,5000,1435,rotoguru
2016,5,Derek Anderson,QB,car,h,tam,8.52,5500,1239,rotoguru
2016,5,Cody Kessler,QB,cle,h,nwe,6.48,5000,1492,rotoguru
2016,5,Ryan Tannehill,QB,mia,h,ten,5.64,5700,1410,rotoguru
2016,5,Landry Jones,QB,pit,h,nyj,-0.2,5000,1430,rotoguru
2016,5,Jimmy Garoppolo,QB,nwe,a,cle,-0.3,5200,1452,rotoguru
2016,5,David Johnson,RB,ari,a,sfo,36.5,7900,5395,rotoguru
2016,5,Ezekiel Elliott,RB,dal,h,cin,35.1,6800,5444,rotoguru
2016,5,Tevin Coleman,RB,atl,a,den,29.3,4100,2994,rotoguru
2016,5,Jordan Howard,RB,chi,a,ind,28.3,5200,5447,rotoguru
2016,5,Theo Riddick,RB,det,h,phi,26.2,4900,2907,rotoguru
2016,5,Le'Veon Bell,RB,pit,h,nyj,24.4,7500,2888,rotoguru
2016,5,Carlos Hyde,RB,sfo,h,ari,23.4,4800,2933,rotoguru
2016,5,DeMarco Murray,RB,ten,a,mia,21.7,7200,2831,rotoguru
2016,5,Devonta Freeman,RB,atl,a,den,21.3,5000,2930,rotoguru
2016,5,Jacquizz Rodgers,RB,tam,a,car,20.9,3000,2818,rotoguru
2016,5,LeSean McCoy,RB,buf,a,lar,20.8,6600,2707,rotoguru
2016,5,Cameron Artis-Payne,RB,car,h,tam,20.5,3300,2999,rotoguru
2016,5,Matt Asiata,RB,min,h,hou,19.1,3500,2873,rotoguru
2016,5,Todd Gurley,RB,lar,h,buf,18.8,6500,2992,rotoguru
2016,5,Ryan Mathews,RB,phi,a,det,17.5,4600,2754,rotoguru
2016,5,Jalen Richard,RB,oak,h,sdg,15.7,3300,5490,rotoguru
2016,5,Giovani Bernard,RB,cin,a,dal,15.6,4400,2889,rotoguru
2016,5,Melvin Gordon,RB,sdg,a,oak,14.7,7000,2991,rotoguru
2016,5,Bobby Rainey,RB,nyg,a,gnb,13.4,3300,2863,rotoguru
2016,5,James White,RB,nwe,a,cle,12.9,3900,2954,rotoguru
2016,5,Bilal Powell,RB,nyj,a,pit,11.1,4000,2819,rotoguru
2016,5,Terrance West,RB,bal,h,was,10.9,4800,2929,rotoguru
2016,5,Darren Sproles,RB,phi,a,det,10.8,4300,2484,rotoguru
2016,5,Jay Ajayi,RB,mia,h,ten,10.2,3500,2998,rotoguru
2016,5,DeAndre Washington,RB,oak,h,sdg,10.2,3400,5449,rotoguru
2016,5,Devontae Booker,RB,den,h,atl,9.9,3000,5468,rotoguru
2016,5,LeGarrette Blount,RB,nwe,a,cle,9.7,5600,2721,rotoguru
2016,5,Eddie Lacy,RB,gnb,h,nyg,9.4,5900,2896,rotoguru
2016,5,Jamize Olawale,RB,oak,h,sdg,9.4,3000,2913,rotoguru
2016,5,C.J. Anderson,RB,den,h,atl,9.2,6900,2924,rotoguru
2016,5,Damien Williams,RB,mia,h,ten,9,3000,2957,rotoguru
2016,5,Frank Gore,RB,ind,h,chi,8.9,5700,2467,rotoguru
2016,5,Chris Thompson,RB,was,a,bal,8.5,3300,2915,rotoguru
2016,5,James Starks,RB,gnb,h,nyg,8.2,3400,2777,rotoguru
2016,5,Matt Forte,RB,nyj,a,pit,8,6200,2613,rotoguru
2016,5,Matt Jones,RB,was,a,bal,6.6,4500,3552,rotoguru
2016,5,Mike Gillislee,RB,buf,a,lar,6.6,3000,2894,rotoguru
2016,5,Fozzy Whittaker,RB,car,h,tam,6.4,4100,2916,rotoguru
2016,5,Jerick McKinnon,RB,min,h,hou,5.6,4000,2935,rotoguru
2016,5,Derrick Henry,RB,ten,a,mia,5.4,3400,5445,rotoguru
2016,5,Zach Zenner,RB,det,h,phi,5.2,3000,5397,rotoguru
2016,5,Isaiah Crowell,RB,cle,h,nwe,5,4800,2969,rotoguru
2016,5,Kyle Juszczyk,RB,bal,h,was,5,3000,2908,rotoguru
2016,5,Duke Johnson,RB,cle,h,nwe,4.2,4100,2997,rotoguru
2016,5,Kenyan Drake,RB,mia,h,ten,4,3200,5446,rotoguru
2016,5,Alfred Blue,RB,hou,a,min,3.9,3100,2960,rotoguru
2016,5,Malcolm Brown,RB,lar,h,buf,3.8,3000,5441,rotoguru
2016,5,Lamar Miller,RB,hou,a,min,3.4,6300,2859,rotoguru
2016,5,Josh Ferguson,RB,ind,h,chi,3.3,3000,5484,rotoguru
2016,5,Alfred Morris,RB,dal,h,cin,3.3,3600,2871,rotoguru
2016,5,Paul Perkins,RB,nyg,a,gnb,3.2,3300,5472,rotoguru
2016,5,Javorius Allen,RB,bal,h,was,2.8,3000,5370,rotoguru
2016,5,Ka'Deem Carey,RB,chi,a,ind,2.7,3100,2972,rotoguru
2016,5,Patrick DiMarco,RB,atl,a,den,2.3,3000,2805,rotoguru
2016,5,Andre Ellington,RB,ari,a,sfo,1.9,3200,2892,rotoguru
2016,5,Rob Kelley,RB,was,a,bal,1.8,3000,5493,rotoguru
2016,5,D.J. Foster,RB,nwe,a,cle,1.7,3000,5495,rotoguru
2016,5,Aaron Ripkowski,RB,gnb,h,nyg,1.7,3000,5406,rotoguru
2016,5,Kenneth Dixon,RB,bal,h,was,1.5,3600,5469,rotoguru
2016,5,Rod Smith,RB,dal,h,cin,1.4,3000,3191,rotoguru
2016,5,Jeremy Hill,RB,cin,a,dal,1.2,4200,2928,rotoguru
2016,5,Orleans Darkwa,RB,nyg,a,gnb,1.1,3700,2976,rotoguru
2016,5,Peyton Barber,RB,tam,a,car,0.6,3000,5507,rotoguru
2016,5,Jerome Felton,RB,buf,a,lar,0.6,3000,2624,rotoguru
2016,5,Mike Davis,RB,sfo,h,ari,0.4,3000,5320,rotoguru
2016,5,Reggie Bush,RB,buf,a,lar,0.3,3000,2495,rotoguru
2016,5,Mike Tolbert,RB,car,h,tam,0.2,3000,2647,rotoguru
2016,5,Derek Watt,RB,sdg,a,oak,0.2,3000,5504,rotoguru
2016,5,Andy Janovich,RB,den,h,atl,0.2,3000,5482,rotoguru
2016,5,Ty Montgomery,RB,gnb,h,nyg,0.1,3000,5392,rotoguru
2016,5,Dexter McCluster,RB,sdg,a,oak,0.1,3400,3953,rotoguru
2016,5,James Develin,RB,nwe,a,cle,0,3000,2825,rotoguru
2016,5,Michael Burton,RB,det,h,phi,0,3000,5415,rotoguru
2016,5,Rex Burkhead,RB,cin,a,dal,0,3000,2890,rotoguru
2016,5,Wendell Smallwood,RB,phi,a,det,0,3400,5473,rotoguru
2016,5,Zach Line,RB,min,h,hou,0,3000,2912,rotoguru
2016,5,Jordan Todman,RB,ind,h,chi,0,3000,2840,rotoguru
2016,5,DeAngelo Williams,RB,pit,h,nyj,0,6100,2500,rotoguru
2016,5,Chase Reynolds,RB,lar,h,buf,0,3000,2919,rotoguru
2016,5,Kenjon Barner,RB,phi,a,det,0,3000,2887,rotoguru
2016,5,Joique Bell,RB,chi,a,ind,0,3200,2719,rotoguru
2016,5,Antonio Andrews,RB,ten,a,mia,0,3000,2940,rotoguru
2016,5,Isaiah Pead,RB,mia,h,ten,0,3000,2860,rotoguru
2016,5,Keith Smith,RB,dal,h,cin,0,3000,5492,rotoguru
2016,5,Tyler Ervin,RB,hou,a,min,0,3000,5470,rotoguru
2016,5,George Atkinson,RB,cle,h,nwe,0,3000,2949,rotoguru
2016,5,Jalston Fowler,RB,ten,a,mia,0,3000,5413,rotoguru
2016,5,Kapri Bibbs,RB,den,h,atl,0,3000,2963,rotoguru
2016,5,Fitzgerald Toussaint,RB,pit,h,nyj,0,3000,2990,rotoguru
2016,5,Malcolm Johnson,RB,cle,h,nwe,0,3000,4663,rotoguru
2016,5,Jay Prosch,RB,hou,a,min,0,3000,2980,rotoguru
2016,5,Shaun Draughn,RB,sfo,h,ari,-0.1,3300,2875,rotoguru
2016,5,Stepfan Taylor,RB,ari,a,sfo,-0.2,3000,2903,rotoguru
2016,5,T.Y. Hilton,WR,ind,h,chi,36.1,7400,5151,rotoguru
2016,5,Sammie Coates,WR,pit,h,nyj,34.9,3600,5388,rotoguru
2016,5,Amari Cooper,WR,oak,h,sdg,30.8,7200,5376,rotoguru
2016,5,Cameron Meredith,WR,chi,a,ind,30.6,3000,5417,rotoguru
2016,5,Adam Thielen,WR,min,h,hou,28.7,3100,5333,rotoguru
2016,5,Brandon Marshall,WR,nyj,a,pit,28.4,7100,3627,rotoguru
2016,5,Jeremy Kerley,WR,sfo,h,ari,27.2,3700,5111,rotoguru
2016,5,Brandon LaFell,WR,cin,a,dal,26.8,3200,3946,rotoguru
2016,5,Larry Fitzgerald,WR,ari,a,sfo,26.1,7200,3501,rotoguru
2016,5,Tyrell Williams,WR,sdg,a,oak,25.7,4700,5432,rotoguru
2016,5,Randall Cobb,WR,gnb,h,nyg,22.8,6200,5125,rotoguru
2016,5,Antonio Brown,WR,pit,h,nyj,22.8,9800,3474,rotoguru
2016,5,Travis Benjamin,WR,sdg,a,oak,21.7,6500,5173,rotoguru
2016,5,Mike Evans,WR,tam,a,car,20.9,7500,5253,rotoguru
2016,5,Davante Adams,WR,gnb,h,nyg,19.5,3900,5263,rotoguru
2016,5,Chris Hogan,WR,nwe,a,cle,18.6,4100,5167,rotoguru
2016,5,DeAndre Hopkins,WR,hou,a,min,16.6,7700,5206,rotoguru
2016,5,Pierre Garcon,WR,was,a,bal,16.6,3900,3754,rotoguru
2016,5,Odell Beckham Jr.,WR,nyg,a,gnb,16.6,8500,5323,rotoguru
2016,5,Demaryius Thomas,WR,den,h,atl,15.9,6900,3997,rotoguru
2016,5,Andrew Hawkins,WR,cle,h,nwe,15.6,3000,5140,rotoguru
2016,5,Tavon Austin,WR,lar,h,buf,15.5,3700,5199,rotoguru
2016,5,Cole Beasley,WR,dal,h,cin,15.3,4300,5163,rotoguru
2016,5,Emmanuel Sanders,WR,den,h,atl,15,6800,3983,rotoguru
2016,5,Cordarrelle Patterson,WR,min,h,hou,14.6,3000,5208,rotoguru
2016,5,Jordy Nelson,WR,gnb,h,nyg,13.8,7900,3751,rotoguru
2016,5,Michael Crabtree,WR,oak,h,sdg,13.7,6900,3872,rotoguru
2016,5,Marvin Jones,WR,det,h,phi,13.7,7600,5168,rotoguru
2016,5,Mike Wallace,WR,bal,h,was,13.3,5100,3809,rotoguru
2016,5,Rishard Matthews,WR,ten,a,mia,13.2,3300,5182,rotoguru
2016,5,Alshon Jeffery,WR,chi,a,ind,12.7,7800,5153,rotoguru
2016,5,Kenny Britt,WR,lar,h,buf,12.5,3700,3824,rotoguru
2016,5,Jamison Crowder,WR,was,a,bal,12.5,4600,5410,rotoguru
2016,5,Kelvin Benjamin,WR,car,h,tam,12,7300,5257,rotoguru
2016,5,Terrance Williams,WR,dal,h,cin,12,3800,5216,rotoguru
2016,5,Eddie Royal,WR,chi,a,ind,11.3,4200,3748,rotoguru
2016,5,Josh Huff,WR,phi,a,det,10.5,3000,5261,rotoguru
2016,5,Jordan Matthews,WR,phi,a,det,10.5,6800,5254,rotoguru
2016,5,Terrelle Pryor,WR,cle,h,nwe,10.3,5800,1407,rotoguru
2016,5,Marquise Goodwin,WR,buf,a,lar,9.3,3000,5205,rotoguru
2016,5,Andre Johnson,WR,ten,a,mia,9.3,3200,3437,rotoguru
2016,5,Quincy Enunwa,WR,nyj,a,pit,9.1,4600,5420,rotoguru
2016,5,A.J. Green,WR,cin,a,dal,9,8900,5091,rotoguru
2016,5,DeVante Parker,WR,mia,h,ten,9,5000,5380,rotoguru
2016,5,Jaelen Strong,WR,hou,a,min,8.9,3100,5383,rotoguru
2016,5,Anquan Boldin,WR,det,h,phi,8.8,4000,3423,rotoguru
2016,5,Julian Edelman,WR,nwe,a,cle,8.5,6700,3826,rotoguru
2016,5,Brian Quick,WR,lar,h,buf,8.1,3200,5157,rotoguru
2016,5,Golden Tate,WR,det,h,phi,7.5,4900,3995,rotoguru
2016,5,Justin Hunter,WR,buf,a,lar,7.4,3000,5207,rotoguru
2016,5,Dorial Green-Beckham,WR,phi,a,det,7.3,3200,5382,rotoguru
2016,5,Jarius Wright,WR,min,h,hou,7.2,3000,5188,rotoguru
2016,5,Vincent Jackson,WR,tam,a,car,6.6,3200,3550,rotoguru
2016,5,DeSean Jackson,WR,was,a,bal,6.5,5900,3770,rotoguru
2016,5,Tyler Boyd,WR,cin,a,dal,6.3,3100,5455,rotoguru
2016,5,Mohamed Sanu,WR,atl,a,den,6.3,4800,5159,rotoguru
2016,5,Jarvis Landry,WR,mia,h,ten,6,7000,5335,rotoguru
2016,5,Jakeem Grant,WR,mia,h,ten,6,3000,5486,rotoguru
2016,5,Steve Smith,WR,bal,h,was,5.9,5300,3328,rotoguru
2016,5,Quan Bray,WR,ind,h,chi,5.6,3000,5429,rotoguru
2016,5,Chester Rogers,WR,ind,h,chi,5.4,3000,5500,rotoguru
2016,5,Nelson Agholor,WR,phi,a,det,5.2,3500,5378,rotoguru
2016,5,Julio Jones,WR,atl,a,den,4.9,9600,5089,rotoguru
2016,5,Phillip Dorsett,WR,ind,h,chi,4.6,4800,5384,rotoguru
2016,5,Robert Woods,WR,buf,a,lar,4.6,3900,5217,rotoguru
2016,5,Jordan Norwood,WR,den,h,atl,4.4,3000,3828,rotoguru
2016,5,Seth Roberts,WR,oak,h,sdg,4.2,3400,5408,rotoguru
2016,5,Adam Humphries,WR,tam,a,car,4.1,3000,5412,rotoguru
2016,5,Brice Butler,WR,dal,h,cin,4,3500,5219,rotoguru
2016,5,Markus Wheaton,WR,pit,h,nyj,3.9,3900,5215,rotoguru
2016,5,Tajae Sharpe,WR,ten,a,mia,3.7,4400,5461,rotoguru
2016,5,Quinton Patton,WR,sfo,h,ari,3.6,3000,5209,rotoguru
2016,5,Sterling Shepard,WR,nyg,a,gnb,3.4,5500,5456,rotoguru
2016,5,Bennie Fowler,WR,den,h,atl,3.3,3000,5353,rotoguru
2016,5,Corey Brown,WR,car,h,tam,3.3,3200,5362,rotoguru
2016,5,Ricardo Louis,WR,cle,h,nwe,3.3,3000,5481,rotoguru
2016,5,Andre Holmes,WR,oak,h,sdg,3.3,3000,5177,rotoguru
2016,5,Danny Amendola,WR,nwe,a,cle,3.1,3900,3851,rotoguru
2016,5,Breshad Perriman,WR,bal,h,was,3.1,3000,5379,rotoguru
2016,5,Malcolm Mitchell,WR,nwe,a,cle,2.7,3000,5488,rotoguru
2016,5,Josh Bellamy,WR,chi,a,ind,2.4,3000,5191,rotoguru
2016,5,Braxton Miller,WR,hou,a,min,2.2,3000,5476,rotoguru
2016,5,John Brown,WR,ari,a,sfo,2.1,4400,5264,rotoguru
2016,5,Robby Anderson,WR,nyj,a,pit,2,3100,5502,rotoguru
2016,5,Kendall Wright,WR,ten,a,mia,1.9,3000,5162,rotoguru
2016,5,Rashad Ross,WR,was,a,bal,1.8,3000,5365,rotoguru
2016,5,Charone Peake,WR,nyj,a,pit,1.6,3000,5506,rotoguru
2016,5,Will Fuller,WR,hou,a,min,1.4,5800,5454,rotoguru
2016,5,Dontrelle Inman,WR,sdg,a,oak,1.3,4100,5097,rotoguru
2016,5,Charles Johnson,WR,min,h,hou,1.2,3000,3103,rotoguru
2016,5,Lucky Whitehead,WR,dal,h,cin,0.9,3000,5400,rotoguru
2016,5,Ted Ginn Jr.,WR,car,h,tam,0.5,3600,3670,rotoguru
2016,5,Matthew Slater,WR,nwe,a,cle,0.5,3000,3760,rotoguru
2016,5,Bradley Marquez,WR,lar,h,buf,0.2,3000,5428,rotoguru
2016,5,Marc Mariani,WR,ten,a,mia,0,3000,3949,rotoguru
2016,5,Taylor Gabriel,WR,atl,a,den,0,3000,5361,rotoguru
2016,5,Deonte Thompson,WR,chi,a,ind,0,3000,5160,rotoguru
2016,5,Michael Floyd,WR,ari,a,sfo,0,4900,5148,rotoguru
2016,5,Darrius Heyward-Bey,WR,pit,h,nyj,0,3000,3848,rotoguru
2016,5,Alex Erickson,WR,cin,a,dal,0,3000,5480,rotoguru
2016,5,Jared Abbrederis,WR,gnb,h,nyg,0,3000,5350,rotoguru
2016,5,Jeremy Ross,WR,nyj,a,pit,0,3000,5194,rotoguru
2016,5,Eric Weems,WR,atl,a,den,0,3000,3732,rotoguru
2016,5,J.J. Nelson,WR,ari,a,sfo,0,3000,5409,rotoguru
2016,5,Pharoh Cooper,WR,lar,h,buf,0,3000,5462,rotoguru
2016,5,Griff Whalen,WR,sdg,a,oak,0,3000,5234,rotoguru
2016,5,Mike Thomas,WR,lar,h,buf,0,3000,5503,rotoguru
2016,5,Torrey Smith,WR,sfo,h,ari,0,3900,5113,rotoguru
2016,5,Rashard Higgins,WR,cle,h,nwe,0,3000,5475,rotoguru
2016,5,Brandon Tate,WR,buf,a,lar,0,3000,3860,rotoguru
2016,5,Kamar Aiken,WR,bal,h,was,0,3000,5275,rotoguru
2016,5,Cody Latimer,WR,den,h,atl,0,3000,5268,rotoguru
2016,5,Jeff Janis,WR,gnb,h,nyg,0,3000,5351,rotoguru
2016,5,Walter Powell,WR,buf,a,lar,0,3000,5270,rotoguru
2016,5,Laquon Treadwell,WR,min,h,hou,0,3000,5453,rotoguru
2016,5,Andre Roberts,WR,det,h,phi,0,3000,3978,rotoguru
2016,5,Victor Cruz,WR,nyg,a,gnb,0,4500,3900,rotoguru
2016,5,Tavarres King,WR,nyg,a,gnb,0,3000,5273,rotoguru
2016,5,Johnny Holton,WR,oak,h,sdg,0,3000,5491,rotoguru
2016,5,Leonte Carroo,WR,mia,h,ten,0,3000,5474,rotoguru
2016,5,Aldrick Robinson,WR,atl,a,den,0,3000,5134,rotoguru
2016,5,Rod Streater,WR,sfo,h,ari,0,3000,5169,rotoguru
2016,5,Jaron Brown,WR,ari,a,sfo,0,3500,5229,rotoguru
2016,5,Devin Hester,WR,bal,h,was,0,3000,3593,rotoguru
2016,5,Aaron Burbridge,WR,sfo,h,ari,0,3000,5497,rotoguru
2016,5,Devin Funchess,WR,car,h,tam,0,3600,5381,rotoguru
2016,5,Jordan Taylor,WR,den,h,atl,0,3000,5501,rotoguru
2016,5,Justin Hardy,WR,atl,a,den,0,3000,5387,rotoguru
2016,5,Kenny Stills,WR,mia,h,ten,0,3600,5212,rotoguru
2016,5,Trevor Davis,WR,gnb,h,nyg,0,3000,5498,rotoguru
2016,5,Russell Shepard,WR,tam,a,car,0,3000,5223,rotoguru
2016,5,Dwayne Harris,WR,nyg,a,gnb,0,3000,5130,rotoguru
2016,5,Martellus Bennett,TE,nwe,a,cle,30.7,3700,4407,rotoguru
2016,5,Greg Olsen,TE,car,h,tam,30.1,6300,4368,rotoguru
2016,5,Rob Gronkowski,TE,nwe,a,cle,18.9,6500,4494,rotoguru
2016,5,Delanie Walker,TE,ten,a,mia,17.6,4700,4360,rotoguru
2016,5,Dwayne Allen,TE,ind,h,chi,17,3100,4551,rotoguru
2016,5,Hunter Henry,TE,sdg,a,oak,16.4,3300,4675,rotoguru
2016,5,Jesse James,TE,pit,h,nyj,16.3,2900,4653,rotoguru
2016,5,Zach Miller,TE,chi,a,ind,14.3,3600,4461,rotoguru
2016,5,Jordan Reed,TE,was,a,bal,13.3,6600,4573,rotoguru
2016,5,Dennis Pitta,TE,bal,h,was,12.9,4100,4516,rotoguru
2016,5,Crockett Gillmore,TE,bal,h,was,12.8,2500,4636,rotoguru
2016,5,Gary Barnidge,TE,cle,h,nwe,12.6,3200,4401,rotoguru
2016,5,Charles Clay,TE,buf,a,lar,12.3,2700,4543,rotoguru
2016,5,Antonio Gates,TE,sdg,a,oak,12,4000,4270,rotoguru
2016,5,C.J. Fiedorowicz,TE,hou,a,min,10.1,2500,4640,rotoguru
2016,5,C.J. Uzomah,TE,cin,a,dal,9.3,2500,4656,rotoguru
2016,5,Connor Hamlett,TE,cle,h,nwe,8.7,0,1475,rotoguru
2016,5,Jason Witten,TE,dal,h,cin,7.3,4400,4262,rotoguru
2016,5,Zach Ertz,TE,phi,a,det,6.7,3500,4569,rotoguru
2016,5,Tyler Kroft,TE,cin,a,dal,5.9,2500,4652,rotoguru
2016,5,Will Tye,TE,nyg,a,gnb,5.7,2600,4670,rotoguru
2016,5,Cameron Brate,TE,tam,a,car,4.8,2900,4648,rotoguru
2016,5,Jerell Adams,TE,nyg,a,gnb,4.7,2500,4686,rotoguru
2016,5,Vernon Davis,TE,was,a,bal,4.5,2500,4323,rotoguru
2016,5,Lance Kendricks,TE,lar,h,buf,4.4,2700,4538,rotoguru
2016,5,Austin Seferian-Jenkins,TE,nyj,a,pit,3.7,2500,4602,rotoguru
2016,5,Kyle Rudolph,TE,min,h,hou,3.5,3600,4537,rotoguru
2016,5,Xavier Grimble,TE,pit,h,nyj,3.3,2500,4604,rotoguru
2016,5,Jack Doyle,TE,ind,h,chi,2.8,2600,4594,rotoguru
2016,5,Ryan Griffin,TE,hou,a,min,2.8,2500,4592,rotoguru
2016,5,Dominique Jones,TE,mia,h,ten,2.4,0,4555,rotoguru
2016,5,Austin Hooper,TE,atl,a,den,2.4,2500,4677,rotoguru
2016,5,Brandon Myers,TE,tam,a,car,2.2,2500,4457,rotoguru
2016,5,Anthony Fasano,TE,ten,a,mia,2,2500,4327,rotoguru
2016,5,Brandon Bostick,TE,nyj,a,pit,1.9,2500,4593,rotoguru
2016,5,Richard Rodgers,TE,gnb,h,nyg,1.6,2900,4629,rotoguru
2016,5,Dion Sims,TE,mia,h,ten,1.6,2500,4576,rotoguru
2016,5,Trey Burton,TE,phi,a,det,1.5,2700,4618,rotoguru
2016,5,Alan Cross,TE,tam,a,car,1.5,2500,4682,rotoguru
2016,5,Garrett Celek,TE,sfo,h,ari,1.4,2600,4564,rotoguru
2016,5,Jermaine Gresham,TE,ari,a,sfo,1.4,2500,4493,rotoguru
2016,5,Blake Bell,TE,sfo,h,ari,1.4,2500,4666,rotoguru
2016,5,Jacob Tamme,TE,atl,a,den,1.1,3000,4411,rotoguru
2016,5,Justin Perillo,TE,gnb,h,nyg,0,2500,4628,rotoguru
2016,5,Clark Harris,TE,cin,a,dal,0,2500,4391,rotoguru
2016,5,Tyler Higbee,TE,lar,h,buf,0,2500,4680,rotoguru
2016,5,Logan Paulsen,TE,chi,a,ind,0,2500,4513,rotoguru
2016,5,Sean McGrath,TE,sdg,a,oak,0,2500,4588,rotoguru
2016,5,Ifeanyi Momah,TE,ari,a,sfo,0,2500,4662,rotoguru
2016,5,Khari Lee,TE,det,h,phi,0,2500,4671,rotoguru
2016,5,Kellen Davis,TE,nyj,a,pit,0,2500,4403,rotoguru
2016,5,Phillip Supernaw,TE,ten,a,mia,0,2500,4637,rotoguru
2016,5,Nick O'Leary,TE,buf,a,lar,0,2500,4661,rotoguru
2016,5,Geoff Swaim,TE,dal,h,cin,0,2500,4668,rotoguru
2016,5,Scott Simonson,TE,car,h,tam,0,2500,4620,rotoguru
2016,5,Niles Paul,TE,was,a,bal,0,2500,5110,rotoguru
2016,5,John Phillips,TE,nor,h,-,0,2500,4433,rotoguru
2016,5,Gavin Escobar,TE,dal,h,cin,0,2500,4570,rotoguru
2016,5,Jeff Heuerman,TE,den,h,atl,0,2500,4676,rotoguru
2016,5,Mychal Rivera,TE,oak,h,sdg,0,2500,4574,rotoguru
2016,5,Ed Dickson,TE,car,h,tam,0,2500,4482,rotoguru
2016,5,MyCole Pruitt,TE,min,h,hou,0,2500,4669,rotoguru
2016,5,Darren Waller,TE,bal,h,was,0,2500,5419,rotoguru
2016,5,Ryan Hewitt,TE,cin,a,dal,0,2500,2978,rotoguru
2016,5,Brent Celek,TE,phi,a,det,0,2700,4363,rotoguru
2016,5,Erik Swoope,TE,ind,h,chi,0,2500,4626,rotoguru
2016,5,Levine Toilolo,TE,atl,a,den,0,2500,4577,rotoguru
2016,5,Cory Harkey,TE,lar,h,buf,0,2500,4565,rotoguru
2016,5,Marqueis Gray,TE,mia,h,ten,0,2500,4595,rotoguru
2016,5,Cole Wick,TE,det,h,phi,0,2500,4678,rotoguru
2016,5,David Johnson,TE,pit,h,nyj,0,2500,4450,rotoguru
2016,5,Clay Harbor,TE,det,h,phi,0,2500,4495,rotoguru
2016,5,Buffalo Defense,Def,buf,a,lar,17,3100,7004,rotoguru
2016,5,Minnesota Defense,Def,min,h,hou,16,3400,7017,rotoguru
2016,5,Arizona Defense,Def,ari,a,sfo,15,3700,7001,rotoguru
2016,5,Washington Defense,Def,was,a,bal,15,2700,7031,rotoguru
2016,5,Tennessee Defense,Def,ten,a,mia,11,2400,7030,rotoguru
2016,5,New England Defense,Def,nwe,a,cle,10,3700,7018,rotoguru
2016,5,Oakland Defense,Def,oak,h,sdg,9,2400,7022,rotoguru
2016,5,Tampa Bay Defense,Def,tam,a,car,9,2400,7029,rotoguru
2016,5,Atlanta Defense,Def,atl,a,den,9,2300,7002,rotoguru
2016,5,Detroit Defense,Def,det,h,phi,7,2500,7011,rotoguru
2016,5,Green Bay Defense,Def,gnb,h,nyg,7,3200,7012,rotoguru
2016,5,Miami Defense,Def,mia,h,ten,7,2900,7016,rotoguru
2016,5,Pittsburgh Defense,Def,pit,h,nyj,7,3500,7024,rotoguru
2016,5,Philadelphia Defense,Def,phi,a,det,6,2900,7023,rotoguru
2016,5,Baltimore Defense,Def,bal,h,was,6,3000,7003,rotoguru
2016,5,Dallas Defense,Def,dal,h,cin,5,2700,7009,rotoguru
2016,5,Denver Defense,Def,den,h,atl,4,3800,7010,rotoguru
2016,5,Chicago Defense,Def,chi,a,ind,4,2200,7006,rotoguru
2016,5,Los Angeles Defense,Def,lar,h,buf,4,3200,7025,rotoguru
2016,5,New York G Defense,Def,nyg,a,gnb,4,2600,7020,rotoguru
2016,5,San Diego Defense,Def,sdg,a,oak,4,2100,7026,rotoguru
2016,5,Carolina Defense,Def,car,h,tam,3,3300,7005,rotoguru
2016,5,Cincinnati Defense,Def,cin,a,dal,2,2800,7007,rotoguru
2016,5,New York J Defense,Def,nyj,a,pit,2,2800,7021,rotoguru
2016,5,Indianapolis Defense,Def,ind,h,chi,2,2600,7013,rotoguru
2016,5,Houston Defense,Def,hou,a,min,1,3000,7032,rotoguru
2016,5,Cleveland Defense,Def,cle,h,nwe,0,2200,7008,rotoguru
2016,5,San Francisco Defense,Def,sfo,h,ari,0,2600,7027,rotoguru
2016,6,Drew Brees,QB,nor,h,car,36.6,7900,1151,rotoguru
2016,6,Case Keenum,QB,lar,a,det,33.54,5000,1435,rotoguru
2016,6,Cam Newton,QB,car,a,nor,30.98,8100,1378,rotoguru
2016,6,Tom Brady,QB,nwe,h,cin,30.24,7700,1131,rotoguru
2016,6,Eli Manning,QB,nyg,h,bal,29.12,5900,1225,rotoguru
2016,6,Marcus Mariota,QB,ten,h,cle,28.76,6100,1466,rotoguru
2016,6,Matthew Stafford,QB,det,h,lar,28.2,6200,1340,rotoguru
2016,6,Matt Ryan,QB,atl,a,sea,26.6,6700,1301,rotoguru
2016,6,Cody Kessler,QB,cle,a,ten,24.74,5000,1492,rotoguru
2016,6,Andrew Luck,QB,ind,a,hou,24.38,7100,1409,rotoguru
2016,6,Andy Dalton,QB,cin,a,nwe,21.86,5500,1403,rotoguru
2016,6,Tyrod Taylor,QB,buf,h,sfo,20.96,5300,1400,rotoguru
2016,6,Dak Prescott,QB,dal,a,gnb,20.48,5900,1501,rotoguru
2016,6,Kirk Cousins,QB,was,h,phi,18.32,5600,1415,rotoguru
2016,6,Colin Kaepernick,QB,sfo,a,buf,18.08,5000,1404,rotoguru
2016,6,Brock Osweiler,QB,hou,h,ind,17.36,5400,1414,rotoguru
2016,6,Joe Flacco,QB,bal,a,nyg,15.28,5800,1302,rotoguru
2016,6,Brian Hoyer,QB,chi,h,jac,15.08,5800,1336,rotoguru
2016,6,Aaron Rodgers,QB,gnb,h,dal,14.46,7300,1252,rotoguru
2016,6,Trevor Siemian,QB,den,a,sdg,13.3,5200,1488,rotoguru
2016,6,Blake Bortles,QB,jac,a,chi,12.94,6300,1442,rotoguru
2016,6,Carson Palmer,QB,ari,h,nyj,12.42,6000,1207,rotoguru
2016,6,Derek Carr,QB,oak,h,kan,11.8,6500,1441,rotoguru
2016,6,Ben Roethlisberger,QB,pit,a,mia,11.56,7500,1232,rotoguru
2016,6,Russell Wilson,QB,sea,h,atl,11.5,6900,1412,rotoguru
2016,6,Philip Rivers,QB,sdg,h,den,11.12,5900,1231,rotoguru
2016,6,Ryan Tannehill,QB,mia,h,pit,10.38,5400,1410,rotoguru
2016,6,Alex Smith,QB,kan,a,oak,8.86,5700,1254,rotoguru
2016,6,Carson Wentz,QB,phi,a,was,7.36,6000,1514,rotoguru
2016,6,Ryan Fitzpatrick,QB,nyj,a,ari,6.16,5200,1242,rotoguru
2016,6,E.J. Manuel,QB,buf,h,sfo,1.1,5000,1421,rotoguru
2016,6,Geno Smith,QB,nyj,a,ari,0.44,5000,1426,rotoguru
2016,6,Drew Stanton,QB,ari,h,nyj,0.38,5000,1290,rotoguru
2016,6,A.J. McCarron,QB,cin,a,nwe,0,5000,1467,rotoguru
2016,6,Joe Webb,QB,car,a,nor,0,5000,5071,rotoguru
2016,6,Kellen Clemens,QB,sdg,h,den,0,5000,1262,rotoguru
2016,6,Landry Jones,QB,pit,a,mia,-0.1,5000,1430,rotoguru
2016,6,David Johnson,RB,ari,h,nyj,37.8,8000,5395,rotoguru
2016,6,LeSean McCoy,RB,buf,h,sfo,37.2,6900,2707,rotoguru
2016,6,Jay Ajayi,RB,mia,h,pit,36.7,3500,2998,rotoguru
2016,6,Lamar Miller,RB,hou,h,ind,35.8,6600,2859,rotoguru
2016,6,Terrance West,RB,bal,a,nyg,28.3,5000,2929,rotoguru
2016,6,Spencer Ware,RB,kan,a,oak,27.3,5400,2914,rotoguru
2016,6,James White,RB,nwe,h,cin,26.6,4100,2954,rotoguru
2016,6,Christine Michael,RB,sea,h,atl,23.3,6800,2898,rotoguru
2016,6,Matt Jones,RB,was,h,phi,22.5,4000,3552,rotoguru
2016,6,Ezekiel Elliott,RB,dal,a,gnb,22.4,7000,5444,rotoguru
2016,6,Jonathan Stewart,RB,car,a,nor,20.5,5100,2612,rotoguru
2016,6,Ty Montgomery,RB,gnb,h,dal,19.4,3000,5392,rotoguru
2016,6,Le'Veon Bell,RB,pit,a,mia,18.8,7900,2888,rotoguru
2016,6,Duke Johnson,RB,cle,a,ten,17.4,3900,2997,rotoguru
2016,6,LeGarrette Blount,RB,nwe,h,cin,15,5000,2721,rotoguru
2016,6,Frank Gore,RB,ind,a,hou,14.8,5200,2467,rotoguru
2016,6,Todd Gurley,RB,lar,a,det,13.7,6700,2992,rotoguru
2016,6,Giovani Bernard,RB,cin,a,nwe,13.4,4600,2889,rotoguru
2016,6,Jamaal Charles,RB,kan,a,oak,12.7,5100,2629,rotoguru
2016,6,DeMarco Murray,RB,ten,h,cle,12.5,7700,2831,rotoguru
2016,6,Jordan Howard,RB,chi,h,jac,12,6200,5447,rotoguru
2016,6,Mike Gillislee,RB,buf,h,sfo,12,3000,2894,rotoguru
2016,6,Chris Ivory,RB,jac,a,chi,11.5,3500,2741,rotoguru
2016,6,C.J. Anderson,RB,den,a,sdg,11.1,7200,2924,rotoguru
2016,6,Damien Williams,RB,mia,h,pit,9.7,3000,2957,rotoguru
2016,6,Zach Zenner,RB,det,h,lar,9.7,3000,5397,rotoguru
2016,6,Chris Thompson,RB,was,h,phi,9.6,3200,2915,rotoguru
2016,6,Melvin Gordon,RB,sdg,h,den,9.4,5600,2991,rotoguru
2016,6,Wendell Smallwood,RB,phi,a,was,9,3200,5473,rotoguru
2016,6,Eddie Lacy,RB,gnb,h,dal,8.1,5800,2896,rotoguru
2016,6,Alex Collins,RB,sea,h,atl,8.1,3000,5450,rotoguru
2016,6,Mark Ingram,RB,nor,h,car,8,6000,2793,rotoguru
2016,6,Devonta Freeman,RB,atl,a,sea,8,5600,2930,rotoguru
2016,6,Rashad Jennings,RB,nyg,h,bal,7.5,4500,2658,rotoguru
2016,6,Devontae Booker,RB,den,a,sdg,7.3,3500,5468,rotoguru
2016,6,Travaris Cadet,RB,nor,h,car,7,3000,2869,rotoguru
2016,6,C.J. Spiller,RB,sea,h,atl,6.5,3400,2775,rotoguru
2016,6,Kyle Juszczyk,RB,bal,a,nyg,6.5,3000,2908,rotoguru
2016,6,Robert Turbin,RB,ind,a,hou,6.4,3000,2867,rotoguru
2016,6,Ryan Mathews,RB,phi,a,was,6,4900,2754,rotoguru
2016,6,Rob Kelley,RB,was,h,phi,5.9,3000,5493,rotoguru
2016,6,Isaiah Crowell,RB,cle,a,ten,5.6,4600,2969,rotoguru
2016,6,Bilal Powell,RB,nyj,a,ari,5.2,4000,2819,rotoguru
2016,6,Carlos Hyde,RB,sfo,a,buf,5.2,5100,2933,rotoguru
2016,6,Jeremy Hill,RB,cin,a,nwe,5.1,4000,2928,rotoguru
2016,6,Ka'Deem Carey,RB,chi,h,jac,5,3000,2972,rotoguru
2016,6,Bobby Rainey,RB,nyg,h,bal,4.9,3300,2863,rotoguru
2016,6,DeAndre Washington,RB,oak,h,kan,4.9,4200,5449,rotoguru
2016,6,Derrick Henry,RB,ten,h,cle,4.7,3400,5445,rotoguru
2016,6,Paul Perkins,RB,nyg,h,bal,4.6,3300,5472,rotoguru
2016,6,Benny Cunningham,RB,lar,a,det,4.3,3000,2911,rotoguru
2016,6,T.J. Yeldon,RB,jac,a,chi,3.6,4400,2993,rotoguru
2016,6,Arian Foster,RB,mia,h,pit,3.5,4700,2696,rotoguru
2016,6,Dexter McCluster,RB,sdg,h,den,3.5,3400,3953,rotoguru
2016,6,Darren Sproles,RB,phi,a,was,3.4,4400,2484,rotoguru
2016,6,Jalen Richard,RB,oak,h,kan,3.3,3800,5490,rotoguru
2016,6,Matt Forte,RB,nyj,a,ari,3.2,5500,2613,rotoguru
2016,6,Mike Davis,RB,sfo,a,buf,2.9,3000,5320,rotoguru
2016,6,Tevin Coleman,RB,atl,a,sea,2.7,4800,2994,rotoguru
2016,6,Andre Ellington,RB,ari,h,nyj,2.5,3000,2892,rotoguru
2016,6,Kenneth Dixon,RB,bal,a,nyg,2.2,3300,5469,rotoguru
2016,6,Daniel Lasco,RB,nor,h,car,1.9,3000,5487,rotoguru
2016,6,Charcandrick West,RB,kan,a,oak,1.9,3400,2987,rotoguru
2016,6,Derek Watt,RB,sdg,h,den,1.8,3000,5504,rotoguru
2016,6,Rex Burkhead,RB,cin,a,nwe,1.6,3000,2890,rotoguru
2016,6,Stepfan Taylor,RB,ari,h,nyj,1.4,3000,2903,rotoguru
2016,6,Tyler Ervin,RB,hou,h,ind,1.4,3000,5470,rotoguru
2016,6,Alfred Blue,RB,hou,h,ind,1.3,3000,2960,rotoguru
2016,6,Patrick DiMarco,RB,atl,a,sea,1.3,3000,2805,rotoguru
2016,6,Fozzy Whittaker,RB,car,a,nor,1.3,4300,2916,rotoguru
2016,6,Mike Tolbert,RB,car,a,nor,1.2,3000,2647,rotoguru
2016,6,Aaron Ripkowski,RB,gnb,h,dal,1.2,3000,5406,rotoguru
2016,6,Jonathan Williams,RB,buf,h,sfo,1.1,3000,5451,rotoguru
2016,6,DeAngelo Williams,RB,pit,a,mia,1,4800,2500,rotoguru
2016,6,Reggie Bush,RB,buf,h,sfo,0.6,3000,2495,rotoguru
2016,6,Kenjon Barner,RB,phi,a,was,0.6,3000,2887,rotoguru
2016,6,Justin Forsett,RB,det,h,lar,0.5,0,2642,rotoguru
2016,6,Kenneth Farrow,RB,sdg,h,den,0.5,3000,5494,rotoguru
2016,6,Shaun Draughn,RB,sfo,a,buf,0.2,3000,2875,rotoguru
2016,6,Alfred Morris,RB,dal,a,gnb,0.2,3300,2871,rotoguru
2016,6,Paul Lasike,RB,chi,h,jac,0.1,3000,5373,rotoguru
2016,6,James Develin,RB,nwe,h,cin,0,3000,2825,rotoguru
2016,6,Michael Burton,RB,det,h,lar,0,3000,5415,rotoguru
2016,6,John Kuhn,RB,nor,h,car,0,3100,2549,rotoguru
2016,6,Josh Ferguson,RB,ind,a,hou,0,3000,5484,rotoguru
2016,6,Denard Robinson,RB,jac,a,chi,0,3000,2901,rotoguru
2016,6,Jordan Todman,RB,ind,a,hou,0,3000,2840,rotoguru
2016,6,D.J. Foster,RB,nwe,h,cin,0,3000,5495,rotoguru
2016,6,Malcolm Brown,RB,lar,a,det,0,3000,5441,rotoguru
2016,6,Chase Reynolds,RB,lar,a,det,0,3000,2919,rotoguru
2016,6,Joique Bell,RB,chi,h,jac,0,3000,2719,rotoguru
2016,6,Antonio Andrews,RB,ten,h,cle,0,3000,2940,rotoguru
2016,6,Anthony Sherman,RB,kan,a,oak,0,3000,2822,rotoguru
2016,6,Kenyan Drake,RB,mia,h,pit,0,3000,5446,rotoguru
2016,6,Javorius Allen,RB,bal,a,nyg,0,3000,5370,rotoguru
2016,6,Keith Smith,RB,dal,a,gnb,0,3000,5492,rotoguru
2016,6,Roosevelt Nix,RB,pit,a,mia,0,3000,5403,rotoguru
2016,6,Jerome Felton,RB,buf,h,sfo,0,3000,2624,rotoguru
2016,6,George Atkinson,RB,cle,a,ten,0,3000,2949,rotoguru
2016,6,Taiwan Jones,RB,oak,h,kan,0,3000,2820,rotoguru
2016,6,Rod Smith,RB,dal,a,gnb,0,3000,3191,rotoguru
2016,6,Andy Janovich,RB,den,a,sdg,0,3000,5482,rotoguru
2016,6,Jalston Fowler,RB,ten,h,cle,0,3000,5413,rotoguru
2016,6,Kapri Bibbs,RB,den,a,sdg,0,3000,2963,rotoguru
2016,6,Fitzgerald Toussaint,RB,pit,a,mia,0,3000,2990,rotoguru
2016,6,Tim Hightower,RB,nor,h,car,0,3100,2604,rotoguru
2016,6,Jamize Olawale,RB,oak,h,kan,0,3000,2913,rotoguru
2016,6,Malcolm Johnson,RB,cle,a,ten,0,3000,4663,rotoguru
2016,6,Jay Prosch,RB,hou,h,ind,0,3000,2980,rotoguru
2016,6,Odell Beckham Jr.,WR,nyg,h,bal,44.2,8800,5323,rotoguru
2016,6,Kenny Britt,WR,lar,a,det,35.6,3700,3824,rotoguru
2016,6,Golden Tate,WR,det,h,lar,33.8,4400,3995,rotoguru
2016,6,Brandin Cooks,WR,nor,h,car,33.5,7600,5255,rotoguru
2016,6,Kendall Wright,WR,ten,h,cle,30.3,3000,5162,rotoguru
2016,6,Julio Jones,WR,atl,a,sea,29.9,8900,5089,rotoguru
2016,6,Terrelle Pryor,WR,cle,a,ten,28.84,6100,1407,rotoguru
2016,6,Amari Cooper,WR,oak,h,kan,25.9,7500,5376,rotoguru
2016,6,Cameron Meredith,WR,chi,h,jac,25.3,4100,5417,rotoguru
2016,6,Cole Beasley,WR,dal,a,gnb,23.8,4400,5163,rotoguru
2016,6,Anquan Boldin,WR,det,h,lar,20,3900,3423,rotoguru
2016,6,Michael Thomas,WR,nor,h,car,18.8,4300,5459,rotoguru
2016,6,Randall Cobb,WR,gnb,h,dal,18.3,6000,5125,rotoguru
2016,6,Kelvin Benjamin,WR,car,a,nor,16.6,8100,5257,rotoguru
2016,6,Torrey Smith,WR,sfo,a,buf,16.6,3300,5113,rotoguru
2016,6,Alshon Jeffery,WR,chi,h,jac,16.3,7100,5153,rotoguru
2016,6,Jarvis Landry,WR,mia,h,pit,16.1,6800,5335,rotoguru
2016,6,DeAndre Hopkins,WR,hou,h,ind,16.1,7500,5206,rotoguru
2016,6,Rishard Matthews,WR,ten,h,cle,16,3400,5182,rotoguru
2016,6,Robert Woods,WR,buf,h,sfo,16,4200,5217,rotoguru
2016,6,Mohamed Sanu,WR,atl,a,sea,15.7,4300,5159,rotoguru
2016,6,A.J. Green,WR,cin,a,nwe,14.8,8600,5091,rotoguru
2016,6,Pierre Garcon,WR,was,h,phi,13.7,3800,3754,rotoguru
2016,6,Mike Wallace,WR,bal,a,nyg,13.7,5200,3809,rotoguru
2016,6,Jamison Crowder,WR,was,h,phi,13.3,4400,5410,rotoguru
2016,6,Devin Funchess,WR,car,a,nor,12.8,3800,5381,rotoguru
2016,6,Allen Hurns,WR,jac,a,chi,12.4,4700,5341,rotoguru
2016,6,Marqise Lee,WR,jac,a,chi,12.1,3100,5256,rotoguru
2016,6,Arrelious Benn,WR,jac,a,chi,12.1,3000,3885,rotoguru
2016,6,Darrius Heyward-Bey,WR,pit,a,mia,12,3000,3848,rotoguru
2016,6,Tyler Boyd,WR,cin,a,nwe,11.9,3000,5455,rotoguru
2016,6,Cobi Hamilton,WR,pit,a,mia,11.6,0,5288,rotoguru
2016,6,Ricardo Louis,WR,cle,a,ten,11.5,3000,5481,rotoguru
2016,6,Terrance Williams,WR,dal,a,gnb,11.5,3800,5216,rotoguru
2016,6,Bennie Fowler,WR,den,a,sdg,11.2,3000,5353,rotoguru
2016,6,Brian Quick,WR,lar,a,det,11.1,3200,5157,rotoguru
2016,6,Ted Ginn Jr.,WR,car,a,nor,11,3900,3670,rotoguru
2016,6,Larry Fitzgerald,WR,ari,h,nyj,10.9,7700,3501,rotoguru
2016,6,Jordy Nelson,WR,gnb,h,dal,10.8,8000,3751,rotoguru
2016,6,Jordan Matthews,WR,phi,a,was,10.5,6700,5254,rotoguru
2016,6,John Brown,WR,ari,h,nyj,10.4,4500,5264,rotoguru
2016,6,Kamar Aiken,WR,bal,a,nyg,10.4,3000,5275,rotoguru
2016,6,Chester Rogers,WR,ind,a,hou,10.3,3000,5500,rotoguru
2016,6,Michael Floyd,WR,ari,h,nyj,10.2,4200,5148,rotoguru
2016,6,Brandon Marshall,WR,nyj,a,ari,10,7600,3627,rotoguru
2016,6,Justin Hunter,WR,buf,h,sfo,10,3000,5207,rotoguru
2016,6,DeSean Jackson,WR,was,h,phi,9.5,5800,3770,rotoguru
2016,6,Roger Lewis,WR,nyg,h,bal,9.4,3000,5508,rotoguru
2016,6,Eddie Royal,WR,chi,h,jac,9.4,4000,3748,rotoguru
2016,6,Marvin Jones,WR,det,h,lar,9.3,7200,5168,rotoguru
2016,6,Brandon LaFell,WR,cin,a,nwe,9.3,3200,3946,rotoguru
2016,6,Charone Peake,WR,nyj,a,ari,9.3,3000,5506,rotoguru
2016,6,Andre Roberts,WR,det,h,lar,9.3,3000,3978,rotoguru
2016,6,Quinton Patton,WR,sfo,a,buf,9.2,3000,5209,rotoguru
2016,6,Andre Holmes,WR,oak,h,kan,9.1,3000,5177,rotoguru
2016,6,Brice Butler,WR,dal,a,gnb,9,3500,5219,rotoguru
2016,6,Jordan Norwood,WR,den,a,sdg,8.9,3000,3828,rotoguru
2016,6,Willie Snead,WR,nor,h,car,8.7,6400,5287,rotoguru
2016,6,Antonio Brown,WR,pit,a,mia,8.5,10000,3474,rotoguru
2016,6,Emmanuel Sanders,WR,den,a,sdg,8,7000,3983,rotoguru
2016,6,Jeremy Maclin,WR,kan,a,oak,7.9,6300,3830,rotoguru
2016,6,Allen Robinson,WR,jac,a,chi,7.9,7800,5258,rotoguru
2016,6,T.Y. Hilton,WR,ind,a,hou,7.9,7700,5151,rotoguru
2016,6,Julian Edelman,WR,nwe,h,cin,7.8,6800,3826,rotoguru
2016,6,Andrew Hawkins,WR,cle,a,ten,7.8,3100,5140,rotoguru
2016,6,DeVante Parker,WR,mia,h,pit,7.8,5000,5380,rotoguru
2016,6,Breshad Perriman,WR,bal,a,nyg,7.8,3000,5379,rotoguru
2016,6,Eli Rogers,WR,pit,a,mia,7.5,3000,5478,rotoguru
2016,6,Demaryius Thomas,WR,den,a,sdg,7.5,6800,3997,rotoguru
2016,6,Jaron Brown,WR,ari,h,nyj,7.5,3200,5229,rotoguru
2016,6,Quincy Enunwa,WR,nyj,a,ari,7.2,4900,5420,rotoguru
2016,6,Lucky Whitehead,WR,dal,a,gnb,7.1,3000,5400,rotoguru
2016,6,Doug Baldwin,WR,sea,h,atl,7.1,6500,5136,rotoguru
2016,6,Jermaine Kearse,WR,sea,h,atl,6.5,3100,5186,rotoguru
2016,6,Sterling Shepard,WR,nyg,h,bal,6.5,5600,5456,rotoguru
2016,6,Robby Anderson,WR,nyj,a,ari,6.4,3000,5502,rotoguru
2016,6,Nelson Agholor,WR,phi,a,was,6.4,3500,5378,rotoguru
2016,6,Victor Cruz,WR,nyg,h,bal,6.1,4200,3900,rotoguru
2016,6,Justin Hardy,WR,atl,a,sea,6,3000,5387,rotoguru
2016,6,Seth Roberts,WR,oak,h,kan,5.9,3100,5408,rotoguru
2016,6,J.J. Nelson,WR,ari,h,nyj,5.9,3000,5409,rotoguru
2016,6,Tyrell Williams,WR,sdg,h,den,5.8,4000,5432,rotoguru
2016,6,Chris Conley,WR,kan,a,oak,5.6,3100,5385,rotoguru
2016,6,Tavon Austin,WR,lar,a,det,5.6,3900,5199,rotoguru
2016,6,Tyler Lockett,WR,sea,h,atl,5.5,3600,5386,rotoguru
2016,6,Davante Adams,WR,gnb,h,dal,5.4,3900,5263,rotoguru
2016,6,Danny Amendola,WR,nwe,h,cin,5,3700,3851,rotoguru
2016,6,Chris Hogan,WR,nwe,h,cin,4.9,4600,5167,rotoguru
2016,6,Jaelen Strong,WR,hou,h,ind,4.6,3000,5383,rotoguru
2016,6,Tommylee Lewis,WR,nor,h,car,4.4,3000,5496,rotoguru
2016,6,Corey Brown,WR,car,a,nor,4.3,3600,5362,rotoguru
2016,6,Marquise Goodwin,WR,buf,h,sfo,4.2,3000,5205,rotoguru
2016,6,Tyreek Hill,WR,kan,a,oak,4,3000,5485,rotoguru
2016,6,Travis Benjamin,WR,sdg,h,den,3.7,5700,5173,rotoguru
2016,6,Albert Wilson,WR,kan,a,oak,3.6,3000,5339,rotoguru
2016,6,De'Anthony Thomas,WR,kan,a,oak,3.4,3000,2958,rotoguru
2016,6,Jeff Janis,WR,gnb,h,dal,3.4,3000,5351,rotoguru
2016,6,Dorial Green-Beckham,WR,phi,a,was,3.3,3200,5382,rotoguru
2016,6,Braxton Miller,WR,hou,h,ind,3.3,3000,5476,rotoguru
2016,6,Phillip Dorsett,WR,ind,a,hou,3.2,4300,5384,rotoguru
2016,6,Jeremy Kerley,WR,sfo,a,buf,3.2,4000,5111,rotoguru
2016,6,Kenny Stills,WR,mia,h,pit,3.2,3300,5212,rotoguru
2016,6,Michael Crabtree,WR,oak,h,kan,3,6900,3872,rotoguru
2016,6,Tanner McEvoy,WR,sea,h,atl,2.7,3000,5505,rotoguru
2016,6,Rod Streater,WR,sfo,a,buf,2.6,3000,5169,rotoguru
2016,6,Rashard Higgins,WR,cle,a,ten,2.4,3000,5475,rotoguru
2016,6,Bradley Marquez,WR,lar,a,det,2.3,3000,5428,rotoguru
2016,6,Dontrelle Inman,WR,sdg,h,den,2.1,3900,5097,rotoguru
2016,6,Jalin Marshall,WR,nyj,a,ari,2.1,3000,5489,rotoguru
2016,6,Aldrick Robinson,WR,atl,a,sea,1.8,3000,5134,rotoguru
2016,6,Taylor Gabriel,WR,atl,a,sea,1.6,3000,5361,rotoguru
2016,6,Brandon Coleman,WR,nor,h,car,1.6,3000,5326,rotoguru
2016,6,James Wright,WR,cin,a,nwe,1.1,3000,5290,rotoguru
2016,6,Josh Bellamy,WR,chi,h,jac,0.7,3000,5191,rotoguru
2016,6,Tajae Sharpe,WR,ten,h,cle,0.1,4100,5461,rotoguru
2016,6,Jordan Taylor,WR,den,a,sdg,0.1,3000,5501,rotoguru
2016,6,Marc Mariani,WR,ten,h,cle,0,3000,3949,rotoguru
2016,6,Deonte Thompson,WR,chi,h,jac,0,3000,5160,rotoguru
2016,6,Chris Moore,WR,bal,a,nyg,0,3000,5479,rotoguru
2016,6,Alex Erickson,WR,cin,a,nwe,0,3000,5480,rotoguru
2016,6,Jordan Payton,WR,cle,a,ten,0,3000,5464,rotoguru
2016,6,Josh Huff,WR,phi,a,was,0,3000,5261,rotoguru
2016,6,Brittan Golden,WR,ari,h,nyj,0,3000,5239,rotoguru
2016,6,Jared Abbrederis,WR,gnb,h,dal,0,3000,5350,rotoguru
2016,6,Eric Weems,WR,atl,a,sea,0,3000,3732,rotoguru
2016,6,Griff Whalen,WR,sdg,h,den,0,3000,5234,rotoguru
2016,6,Mike Thomas,WR,lar,a,det,0,3000,5503,rotoguru
2016,6,Malcolm Mitchell,WR,nwe,h,cin,0,3000,5488,rotoguru
2016,6,Brandon Tate,WR,buf,h,sfo,0,3000,3860,rotoguru
2016,6,Cody Latimer,WR,den,a,sdg,0,3000,5268,rotoguru
2016,6,Bryan Walters,WR,jac,a,chi,0,3000,5070,rotoguru
2016,6,Walter Powell,WR,buf,h,sfo,0,3000,5270,rotoguru
2016,6,Brenton Bersin,WR,car,a,nor,0,3000,5292,rotoguru
2016,6,Paul Richardson,WR,sea,h,atl,0,3000,5260,rotoguru
2016,6,Andre Johnson,WR,ten,h,cle,0,3300,3437,rotoguru
2016,6,Sammie Coates,WR,pit,a,mia,0,4700,5388,rotoguru
2016,6,Matthew Slater,WR,nwe,h,cin,0,3000,3760,rotoguru
2016,6,Rashad Ross,WR,was,h,phi,0,3000,5365,rotoguru
2016,6,Keith Mumphery,WR,hou,h,ind,0,3000,5407,rotoguru
2016,6,Johnny Holton,WR,oak,h,kan,0,3000,5491,rotoguru
2016,6,Leonte Carroo,WR,mia,h,pit,0,3000,5474,rotoguru
2016,6,Aaron Burbridge,WR,sfo,a,buf,0,3000,5497,rotoguru
2016,6,Quan Bray,WR,ind,a,hou,0,3000,5429,rotoguru
2016,6,Jakeem Grant,WR,mia,h,pit,0,3000,5486,rotoguru
2016,6,Trevor Davis,WR,gnb,h,dal,0,3000,5498,rotoguru
2016,6,Dwayne Harris,WR,nyg,h,bal,0,3000,5130,rotoguru
2016,6,Keshawn Martin,WR,sfo,a,buf,-1,3000,5155,rotoguru
2016,6,Rob Gronkowski,TE,nwe,h,cin,32.2,6700,4494,rotoguru
2016,6,Coby Fleener,TE,nor,h,car,25.6,3500,4552,rotoguru
2016,6,C.J. Fiedorowicz,TE,hou,h,ind,20.5,2500,4640,rotoguru
2016,6,Hunter Henry,TE,sdg,h,den,20.3,3300,4675,rotoguru
2016,6,Levine Toilolo,TE,atl,a,sea,15.9,2500,4577,rotoguru
2016,6,Greg Olsen,TE,car,a,nor,15.4,7000,4368,rotoguru
2016,6,Jack Doyle,TE,ind,a,hou,15.3,2500,4594,rotoguru
2016,6,Jimmy Graham,TE,sea,h,atl,14.9,4900,4492,rotoguru
2016,6,Lance Kendricks,TE,lar,a,det,14.4,2700,4538,rotoguru
2016,6,Vernon Davis,TE,was,h,phi,13,2500,4323,rotoguru
2016,6,Ed Dickson,TE,car,a,nor,11.3,2500,4482,rotoguru
2016,6,Marqueis Gray,TE,mia,h,pit,11.1,2500,4595,rotoguru
2016,6,Josh Hill,TE,nor,h,car,10.3,2500,4586,rotoguru
2016,6,Charles Clay,TE,buf,h,sfo,10.2,2900,4543,rotoguru
2016,6,Martellus Bennett,TE,nwe,h,cin,9.8,4500,4407,rotoguru
2016,6,Zach Miller,TE,chi,h,jac,9.6,3800,4461,rotoguru
2016,6,Dennis Pitta,TE,bal,a,nyg,9.6,4300,4516,rotoguru
2016,6,Larry Donnell,TE,nyg,h,bal,9.4,2500,4585,rotoguru
2016,6,Gary Barnidge,TE,cle,a,ten,8.9,3300,4401,rotoguru
2016,6,Anthony Fasano,TE,ten,h,cle,8.5,2500,4327,rotoguru
2016,6,Jason Witten,TE,dal,a,gnb,8.2,4200,4262,rotoguru
2016,6,Travis Kelce,TE,kan,a,oak,6.2,5000,4582,rotoguru
2016,6,Erik Swoope,TE,ind,a,hou,6.2,2500,4626,rotoguru
2016,6,John Phillips,TE,nor,h,car,6.1,2500,4433,rotoguru
2016,6,Ryan Griffin,TE,hou,h,ind,6.1,2500,4592,rotoguru
2016,6,Virgil Green,TE,den,a,sdg,5.1,2800,4542,rotoguru
2016,6,Nick O'Leary,TE,buf,h,sfo,4.9,2500,4661,rotoguru
2016,6,Julius Thomas,TE,jac,a,chi,4.8,4200,4534,rotoguru
2016,6,Clive Walford,TE,oak,h,kan,4.5,2600,4651,rotoguru
2016,6,Phillip Supernaw,TE,ten,h,cle,4.5,2500,4637,rotoguru
2016,6,Vance McDonald,TE,sfo,a,buf,4.5,2500,4572,rotoguru
2016,6,Tyler Kroft,TE,cin,a,nwe,3.9,2500,4652,rotoguru
2016,6,Antonio Gates,TE,sdg,h,den,3.6,3100,4270,rotoguru
2016,6,Jacob Tamme,TE,atl,a,sea,3.6,2800,4411,rotoguru
2016,6,Richard Rodgers,TE,gnb,h,dal,3.5,2900,4629,rotoguru
2016,6,Will Tye,TE,nyg,h,bal,3.5,2900,4670,rotoguru
2016,6,Jesse James,TE,pit,a,mia,3.3,3000,4653,rotoguru
2016,6,Zach Ertz,TE,phi,a,was,3.2,4000,4569,rotoguru
2016,6,Delanie Walker,TE,ten,h,cle,3.1,5500,4360,rotoguru
2016,6,Mychal Rivera,TE,oak,h,kan,2.6,2500,4574,rotoguru
2016,6,Jermaine Gresham,TE,ari,h,nyj,2.4,2500,4493,rotoguru
2016,6,Dion Sims,TE,mia,h,pit,2.2,2500,4576,rotoguru
2016,6,Demetrius Harris,TE,kan,a,oak,2.1,2500,4642,rotoguru
2016,6,Xavier Grimble,TE,pit,a,mia,2.1,2500,4604,rotoguru
2016,6,Luke Willson,TE,sea,h,atl,1.9,2500,4578,rotoguru
2016,6,Dwayne Allen,TE,ind,a,hou,1.9,3100,4551,rotoguru
2016,6,Darren Fells,TE,ari,h,nyj,1.8,2500,4609,rotoguru
2016,6,Dominique Jones,TE,mia,h,pit,1.8,2500,4555,rotoguru
2016,6,Trey Burton,TE,phi,a,was,1.7,2500,4618,rotoguru
2016,6,C.J. Uzomah,TE,cin,a,nwe,1.6,2500,4656,rotoguru
2016,6,Justin Perillo,TE,gnb,h,dal,1.4,2500,4628,rotoguru
2016,6,Clay Harbor,TE,det,h,lar,1.3,2500,4495,rotoguru
2016,6,Garrett Celek,TE,sfo,a,buf,0,2500,4564,rotoguru
2016,6,Braedon Bowman,TE,nyj,a,ari,0,2500,4683,rotoguru
2016,6,Clark Harris,TE,cin,a,nwe,0,2500,4391,rotoguru
2016,6,Tyler Higbee,TE,lar,a,det,0,2500,4680,rotoguru
2016,6,Logan Paulsen,TE,chi,h,jac,0,2500,4513,rotoguru
2016,6,Sean McGrath,TE,sdg,h,den,0,2500,4588,rotoguru
2016,6,Ifeanyi Momah,TE,ari,h,nyj,0,2500,4662,rotoguru
2016,6,Khari Lee,TE,det,h,lar,0,2500,4671,rotoguru
2016,6,Kellen Davis,TE,nyj,a,ari,0,2500,4403,rotoguru
2016,6,Marcedes Lewis,TE,jac,a,chi,0,2500,4324,rotoguru
2016,6,James O'Shaughnessy,TE,kan,a,oak,0,2500,4664,rotoguru
2016,6,Geoff Swaim,TE,dal,a,gnb,0,2500,4668,rotoguru
2016,6,Niles Paul,TE,was,h,phi,0,2500,5110,rotoguru
2016,6,Gavin Escobar,TE,dal,a,gnb,0,2500,4570,rotoguru
2016,6,Jerell Adams,TE,nyg,h,bal,0,2500,4686,rotoguru
2016,6,Crockett Gillmore,TE,bal,a,nyg,0,2500,4636,rotoguru
2016,6,Brandon Bostick,TE,nyj,a,ari,0,2500,4593,rotoguru
2016,6,Darren Waller,TE,bal,a,nyg,0,2500,5419,rotoguru
2016,6,Ryan Hewitt,TE,cin,a,nwe,0,2500,2978,rotoguru
2016,6,Brent Celek,TE,phi,a,was,0,2500,4363,rotoguru
2016,6,Connor Hamlett,TE,cle,a,ten,0,2500,1475,rotoguru
2016,6,Cory Harkey,TE,lar,a,det,0,2500,4565,rotoguru
2016,6,Daniel Brown,TE,bal,a,nyg,0,2500,5436,rotoguru
2016,6,Austin Hooper,TE,atl,a,sea,0,2500,4677,rotoguru
2016,6,Brandon Williams,TE,sea,h,atl,0,2500,4590,rotoguru
2016,6,Cole Wick,TE,det,h,lar,0,2500,4678,rotoguru
2016,6,David Johnson,TE,pit,a,mia,0,2500,4450,rotoguru
2016,6,Philadelphia Defense,Def,phi,a,was,14,3100,7023,rotoguru
2016,6,Arizona Defense,Def,ari,h,nyj,12,3800,7001,rotoguru
2016,6,San Diego Defense,Def,sdg,h,den,12,2500,7026,rotoguru
2016,6,Dallas Defense,Def,dal,a,gnb,10,2400,7009,rotoguru
2016,6,Kansas City Defense,Def,kan,a,oak,10,2800,7015,rotoguru
2016,6,Seattle Defense,Def,sea,h,atl,8,3600,7028,rotoguru
2016,6,Denver Defense,Def,den,a,sdg,7,3700,7010,rotoguru
2016,6,Chicago Defense,Def,chi,h,jac,7,2300,7006,rotoguru
2016,6,Miami Defense,Def,mia,h,pit,7,2500,7016,rotoguru
2016,6,Baltimore Defense,Def,bal,a,nyg,7,2600,7003,rotoguru
2016,6,Buffalo Defense,Def,buf,h,sfo,6,3700,7004,rotoguru
2016,6,Washington Defense,Def,was,h,phi,6,2700,7031,rotoguru
2016,6,Tennessee Defense,Def,ten,h,cle,6,3300,7030,rotoguru
2016,6,Houston Defense,Def,hou,h,ind,5,2900,7032,rotoguru
2016,6,Green Bay Defense,Def,gnb,h,dal,5,2800,7012,rotoguru
2016,6,New England Defense,Def,nwe,h,cin,5,3200,7018,rotoguru
2016,6,Cleveland Defense,Def,cle,a,ten,3,2600,7008,rotoguru
2016,6,San Francisco Defense,Def,sfo,a,buf,3,2300,7027,rotoguru
2016,6,Atlanta Defense,Def,atl,a,sea,3,2500,7002,rotoguru
2016,6,Indianapolis Defense,Def,ind,a,hou,3,2200,7013,rotoguru
2016,6,New Orleans Defense,Def,nor,h,car,2,2000,7019,rotoguru
2016,6,Cincinnati Defense,Def,cin,a,nwe,2,2500,7007,rotoguru
2016,6,Jacksonville Defense,Def,jac,a,chi,2,2700,7014,rotoguru
2016,6,Detroit Defense,Def,det,h,lar,2,3000,7011,rotoguru
2016,6,New York G Defense,Def,nyg,h,bal,2,3000,7020,rotoguru
2016,6,Oakland Defense,Def,oak,h,kan,1,2600,7022,rotoguru
2016,6,Pittsburgh Defense,Def,pit,a,mia,1,3400,7024,rotoguru
2016,6,Los Angeles Defense,Def,lar,a,det,0,2900,7025,rotoguru
2016,6,New York J Defense,Def,nyj,a,ari,-1,2400,7021,rotoguru
2016,6,Carolina Defense,Def,car,a,nor,-1,2400,7005,rotoguru
2016,7,Andrew Luck,QB,ind,a,ten,30.82,7000,1409,rotoguru
2016,7,Drew Brees,QB,nor,a,kan,28.68,7400,1151,rotoguru
2016,7,Aaron Rodgers,QB,gnb,h,chi,27.74,7100,1252,rotoguru
2016,7,Kirk Cousins,QB,was,a,det,25.94,5900,1415,rotoguru
2016,7,Tyrod Taylor,QB,buf,a,mia,24.34,5500,1400,rotoguru
2016,7,Andy Dalton,QB,cin,h,cle,23.32,6000,1403,rotoguru
2016,7,Jameis Winston,QB,tam,a,sfo,21.66,5900,1465,rotoguru
2016,7,Kevin Hogan,QB,cle,a,cin,21.4,5000,1495,rotoguru
2016,7,Philip Rivers,QB,sdg,a,atl,19.64,6500,1231,rotoguru
2016,7,Tom Brady,QB,nwe,a,pit,18.18,7900,1131,rotoguru
2016,7,Matthew Stafford,QB,det,h,was,17.84,6400,1340,rotoguru
2016,7,Marcus Mariota,QB,ten,h,ind,17.68,6000,1466,rotoguru
2016,7,Carson Palmer,QB,ari,h,sea,17.48,5700,1207,rotoguru
2016,7,Alex Smith,QB,kan,h,nor,17.26,6100,1254,rotoguru
2016,7,Ryan Tannehill,QB,mia,h,buf,16.26,5100,1410,rotoguru
2016,7,Colin Kaepernick,QB,sfo,h,tam,16.12,5300,1404,rotoguru
2016,7,Blake Bortles,QB,jac,h,oak,15.14,6200,1442,rotoguru
2016,7,Matt Ryan,QB,atl,h,sdg,14.72,7200,1301,rotoguru
2016,7,Landry Jones,QB,pit,h,nwe,14.24,5000,1430,rotoguru
2016,7,Derek Carr,QB,oak,a,jac,12.4,6300,1441,rotoguru
2016,7,Case Keenum,QB,lar,h,nyg,11.94,5200,1435,rotoguru
2016,7,Trevor Siemian,QB,den,h,hou,10.18,5200,1488,rotoguru
2016,7,Sam Bradford,QB,min,a,phi,9.86,5100,1344,rotoguru
2016,7,Russell Wilson,QB,sea,a,ari,9.7,6700,1412,rotoguru
2016,7,Carson Wentz,QB,phi,h,min,9.12,5200,1514,rotoguru
2016,7,Ryan Fitzpatrick,QB,nyj,h,bal,8.7,5100,1242,rotoguru
2016,7,Geno Smith,QB,nyj,h,bal,8.5,5000,1426,rotoguru
2016,7,Eli Manning,QB,nyg,a,lar,7.64,6100,1225,rotoguru
2016,7,Joe Flacco,QB,bal,a,nyj,7.52,5800,1302,rotoguru
2016,7,Brock Osweiler,QB,hou,a,den,5.84,5100,1414,rotoguru
2016,7,Cody Kessler,QB,cle,a,cin,3.08,5000,1492,rotoguru
2016,7,Brian Hoyer,QB,chi,a,gnb,1.96,5900,1336,rotoguru
2016,7,Matt Barkley,QB,chi,a,gnb,1.14,5000,1417,rotoguru
2016,7,Kellen Clemens,QB,sdg,a,atl,0,5000,1262,rotoguru
2016,7,Melvin Gordon,RB,sdg,a,atl,36.1,6400,2991,rotoguru
2016,7,Matt Forte,RB,nyj,h,bal,33.4,5000,2613,rotoguru
2016,7,Jay Ajayi,RB,mia,h,buf,31.6,4500,2998,rotoguru
2016,7,Jeremy Hill,RB,cin,h,cle,30.2,4000,2928,rotoguru
2016,7,LeGarrette Blount,RB,nwe,a,pit,29.4,4900,2721,rotoguru
2016,7,David Johnson,RB,ari,h,sea,28.1,7400,5395,rotoguru
2016,7,Le'Veon Bell,RB,pit,h,nwe,24.9,8000,2888,rotoguru
2016,7,DeMarco Murray,RB,ten,h,ind,24.7,7200,2831,rotoguru
2016,7,Ty Montgomery,RB,gnb,h,chi,22.6,3000,5392,rotoguru
2016,7,Spencer Ware,RB,kan,h,nor,21.1,5800,2914,rotoguru
2016,7,Jacquizz Rodgers,RB,tam,a,sfo,20.3,4300,2818,rotoguru
2016,7,Latavius Murray,RB,oak,a,jac,20.3,4400,2899,rotoguru
2016,7,C.J. Anderson,RB,den,h,hou,19.7,6200,2924,rotoguru
2016,7,Frank Gore,RB,ind,a,ten,19.3,4700,2467,rotoguru
2016,7,Chris Thompson,RB,was,a,det,18.3,3100,2915,rotoguru
2016,7,Mark Ingram,RB,nor,a,kan,17.2,5400,2793,rotoguru
2016,7,Isaiah Crowell,RB,cle,a,cin,16.9,4000,2969,rotoguru
2016,7,Shaun Draughn,RB,sfo,h,tam,16.3,3000,2875,rotoguru
2016,7,Giovani Bernard,RB,cin,h,cle,15.7,4800,2889,rotoguru
2016,7,Devontae Booker,RB,den,h,hou,15.7,3700,5468,rotoguru
2016,7,Todd Gurley,RB,lar,h,nyg,15.2,6300,2992,rotoguru
2016,7,Devonta Freeman,RB,atl,h,sdg,15,5900,2930,rotoguru
2016,7,Tevin Coleman,RB,atl,h,sdg,14.4,4900,2994,rotoguru
2016,7,Peyton Barber,RB,tam,a,sfo,14.4,3000,5507,rotoguru
2016,7,Matt Asiata,RB,min,a,phi,14,3500,2873,rotoguru
2016,7,Rashad Jennings,RB,nyg,a,lar,12.9,4200,2658,rotoguru
2016,7,James White,RB,nwe,a,pit,11.2,4600,2954,rotoguru
2016,7,Reggie Bush,RB,buf,a,mia,10.4,3000,2495,rotoguru
2016,7,Lamar Miller,RB,hou,a,den,9.7,6000,2859,rotoguru
2016,7,Zach Zenner,RB,det,h,was,8.9,3500,5397,rotoguru
2016,7,Rob Kelley,RB,was,a,det,8.6,3000,5493,rotoguru
2016,7,Christine Michael,RB,sea,a,ari,8.5,6700,2898,rotoguru
2016,7,Ryan Mathews,RB,phi,h,min,8.3,3900,2754,rotoguru
2016,7,Mike Davis,RB,sfo,h,tam,8.1,3000,5320,rotoguru
2016,7,DuJuan Harris,RB,sfo,h,tam,7.7,0,2802,rotoguru
2016,7,Damien Williams,RB,mia,h,buf,7.6,3000,2957,rotoguru
2016,7,Duke Johnson,RB,cle,a,cin,7.3,3900,2997,rotoguru
2016,7,Chris Ivory,RB,jac,h,oak,7.1,3400,2741,rotoguru
2016,7,Darren Sproles,RB,phi,h,min,6.9,3800,2484,rotoguru
2016,7,Justin Forsett,RB,det,h,was,6.8,3300,2642,rotoguru
2016,7,Ka'Deem Carey,RB,chi,a,gnb,6.7,3000,2972,rotoguru
2016,7,Antone Smith,RB,tam,a,sfo,6.7,0,2774,rotoguru
2016,7,Jerick McKinnon,RB,min,a,phi,5.8,4300,2935,rotoguru
2016,7,Tim Hightower,RB,nor,a,kan,5.4,3000,2604,rotoguru
2016,7,Alfred Blue,RB,hou,a,den,5.3,3000,2960,rotoguru
2016,7,Rex Burkhead,RB,cin,h,cle,4.3,3000,2890,rotoguru
2016,7,Lorenzo Taliaferro,RB,bal,a,nyj,4,0,2975,rotoguru
2016,7,T.J. Yeldon,RB,jac,h,oak,3.8,4100,2993,rotoguru
2016,7,C.J. Prosise,RB,sea,a,ari,3.7,3000,5448,rotoguru
2016,7,DeAndre Washington,RB,oak,a,jac,3.2,3900,5449,rotoguru
2016,7,Robert Turbin,RB,ind,a,ten,3.2,3000,2867,rotoguru
2016,7,Malcolm Johnson,RB,cle,a,cin,3.1,3000,4663,rotoguru
2016,7,Travaris Cadet,RB,nor,a,kan,2.7,3000,2869,rotoguru
2016,7,Paul Perkins,RB,nyg,a,lar,2.6,3000,5472,rotoguru
2016,7,Aaron Ripkowski,RB,gnb,h,chi,2.6,3000,5406,rotoguru
2016,7,Andy Janovich,RB,den,h,hou,2.3,3000,5482,rotoguru
2016,7,Jordan Howard,RB,chi,a,gnb,2.2,6000,5447,rotoguru
2016,7,Mike Gillislee,RB,buf,a,mia,2,3000,2894,rotoguru
2016,7,Arian Foster,RB,mia,h,buf,1.9,4200,2696,rotoguru
2016,7,Benny Cunningham,RB,lar,h,nyg,1.9,3000,2911,rotoguru
2016,7,Tyler Ervin,RB,hou,a,den,1.9,3000,5470,rotoguru
2016,7,Bilal Powell,RB,nyj,h,bal,1.8,3700,2819,rotoguru
2016,7,Charcandrick West,RB,kan,h,nor,1.8,3000,2987,rotoguru
2016,7,Matt Jones,RB,was,a,det,1.7,4200,3552,rotoguru
2016,7,Kenneth Farrow,RB,sdg,a,atl,1.3,3000,5494,rotoguru
2016,7,Wendell Smallwood,RB,phi,h,min,1.3,3000,5473,rotoguru
2016,7,Patrick DiMarco,RB,atl,h,sdg,1.3,3000,2805,rotoguru
2016,7,Kyle Juszczyk,RB,bal,a,nyj,1.2,3000,2908,rotoguru
2016,7,Jamize Olawale,RB,oak,a,jac,1.2,3000,2913,rotoguru
2016,7,Jalen Richard,RB,oak,a,jac,1.1,3600,5490,rotoguru
2016,7,LeSean McCoy,RB,buf,a,mia,1.1,7600,2707,rotoguru
2016,7,Terrance West,RB,bal,a,nyj,1,4800,2929,rotoguru
2016,7,Anthony Sherman,RB,kan,h,nor,1,3000,2822,rotoguru
2016,7,Kenneth Dixon,RB,bal,a,nyj,0.9,3000,5469,rotoguru
2016,7,Bobby Rainey,RB,nyg,a,lar,0.9,3200,2863,rotoguru
2016,7,Andre Ellington,RB,ari,h,sea,0.7,3000,2892,rotoguru
2016,7,Ronnie Hillman,RB,min,a,phi,0.6,3000,2856,rotoguru
2016,7,Don Jackson,RB,gnb,h,chi,0.6,0,5509,rotoguru
2016,7,John Kuhn,RB,nor,a,kan,0.3,3000,2549,rotoguru
2016,7,Derrick Henry,RB,ten,h,ind,0.3,3100,5445,rotoguru
2016,7,Zach Line,RB,min,a,phi,0.2,3000,2912,rotoguru
2016,7,Alex Collins,RB,sea,a,ari,0.2,3000,5450,rotoguru
2016,7,Troymaine Pope,RB,nyj,h,bal,0.1,3000,5510,rotoguru
2016,7,Knile Davis,RB,gnb,h,chi,0.1,3000,2891,rotoguru
2016,7,James Develin,RB,nwe,a,pit,0,3000,2825,rotoguru
2016,7,Michael Burton,RB,det,h,was,0,3000,5415,rotoguru
2016,7,Josh Ferguson,RB,ind,a,ten,0,3000,5484,rotoguru
2016,7,Orleans Darkwa,RB,nyg,a,lar,0,3000,2976,rotoguru
2016,7,Denard Robinson,RB,jac,h,oak,0,3000,2901,rotoguru
2016,7,Jordan Todman,RB,ind,a,ten,0,3000,2840,rotoguru
2016,7,Malcolm Brown,RB,lar,h,nyg,0,3000,5441,rotoguru
2016,7,Chase Reynolds,RB,lar,h,nyg,0,3000,2919,rotoguru
2016,7,Kenjon Barner,RB,phi,h,min,0,3000,2887,rotoguru
2016,7,Joique Bell,RB,chi,a,gnb,0,3000,2719,rotoguru
2016,7,Stepfan Taylor,RB,ari,h,sea,0,3000,2903,rotoguru
2016,7,Antonio Andrews,RB,ten,h,ind,0,3000,2940,rotoguru
2016,7,Brandon Bolden,RB,nwe,a,pit,0,3000,2874,rotoguru
2016,7,Kenyan Drake,RB,mia,h,buf,0,3000,5446,rotoguru
2016,7,Javorius Allen,RB,bal,a,nyj,0,3000,5370,rotoguru
2016,7,Derek Watt,RB,sdg,a,atl,0,3000,5504,rotoguru
2016,7,Roosevelt Nix,RB,pit,h,nwe,0,3000,5403,rotoguru
2016,7,Jerome Felton,RB,buf,a,mia,0,3000,2624,rotoguru
2016,7,Jamaal Charles,RB,kan,h,nor,0,5700,2629,rotoguru
2016,7,Kerwynn Williams,RB,ari,h,sea,0,3000,2918,rotoguru
2016,7,George Atkinson,RB,cle,a,cin,0,3000,2949,rotoguru
2016,7,Jalston Fowler,RB,ten,h,ind,0,3000,5413,rotoguru
2016,7,Kapri Bibbs,RB,den,h,hou,0,3000,2963,rotoguru
2016,7,Fitzgerald Toussaint,RB,pit,h,nwe,0,3000,2990,rotoguru
2016,7,Jay Prosch,RB,hou,a,den,0,3000,2980,rotoguru
2016,7,Dexter McCluster,RB,sdg,a,atl,-0.1,3200,3953,rotoguru
2016,7,Davante Adams,WR,gnb,h,chi,41.2,3900,5263,rotoguru
2016,7,A.J. Green,WR,cin,h,cle,33.9,8600,5091,rotoguru
2016,7,Mike Evans,WR,tam,a,sfo,29.6,7800,5253,rotoguru
2016,7,Julio Jones,WR,atl,h,sdg,29.4,9200,5089,rotoguru
2016,7,T.Y. Hilton,WR,ind,a,ten,29.3,7700,5151,rotoguru
2016,7,Randall Cobb,WR,gnb,h,chi,28.6,5800,5125,rotoguru
2016,7,Michael Thomas,WR,nor,a,kan,26,4700,5459,rotoguru
2016,7,Mike Wallace,WR,bal,a,nyj,25,5800,3809,rotoguru
2016,7,Tyrell Williams,WR,sdg,a,atl,24,4400,5432,rotoguru
2016,7,Kenny Stills,WR,mia,h,buf,24,3100,5212,rotoguru
2016,7,Michael Crabtree,WR,oak,a,jac,23.6,6600,3872,rotoguru
2016,7,Tavon Austin,WR,lar,h,nyg,22.7,4000,5199,rotoguru
2016,7,Antonio Brown,WR,pit,h,nwe,21.9,9300,3474,rotoguru
2016,7,Jamison Crowder,WR,was,a,det,20.8,4300,5410,rotoguru
2016,7,Marqise Lee,WR,jac,h,oak,20.7,3200,5256,rotoguru
2016,7,Cordarrelle Patterson,WR,min,a,phi,19.7,3200,5208,rotoguru
2016,7,Marquise Goodwin,WR,buf,a,mia,19.3,3000,5205,rotoguru
2016,7,Brandin Cooks,WR,nor,a,kan,18.8,7500,5255,rotoguru
2016,7,Russell Shepard,WR,tam,a,sfo,18.7,3000,5223,rotoguru
2016,7,Brandon LaFell,WR,cin,h,cle,18.3,3900,3946,rotoguru
2016,7,Willie Snead,WR,nor,a,kan,17.7,5900,5287,rotoguru
2016,7,Demaryius Thomas,WR,den,h,hou,16,6300,3997,rotoguru
2016,7,Larry Fitzgerald,WR,ari,h,sea,16,7100,3501,rotoguru
2016,7,Golden Tate,WR,det,h,was,15.3,4900,3995,rotoguru
2016,7,Quincy Enunwa,WR,nyj,h,bal,15.3,4600,5420,rotoguru
2016,7,Jarvis Landry,WR,mia,h,buf,14.8,6800,5335,rotoguru
2016,7,Julian Edelman,WR,nwe,a,pit,14,6500,3826,rotoguru
2016,7,Josh Huff,WR,phi,h,min,13.9,3000,5261,rotoguru
2016,7,Marvin Jones,WR,det,h,was,13.4,7000,5168,rotoguru
2016,7,Brian Quick,WR,lar,h,nyg,13.2,3200,5157,rotoguru
2016,7,Tyreek Hill,WR,kan,h,nor,13.1,3000,5485,rotoguru
2016,7,Doug Baldwin,WR,sea,a,ari,12.9,6400,5136,rotoguru
2016,7,Emmanuel Sanders,WR,den,h,hou,12.6,6600,3983,rotoguru
2016,7,Darrius Heyward-Bey,WR,pit,h,nwe,12,3000,3848,rotoguru
2016,7,J.J. Nelson,WR,ari,h,sea,11.8,3000,5409,rotoguru
2016,7,Anquan Boldin,WR,det,h,was,11.8,4000,3423,rotoguru
2016,7,Michael Floyd,WR,ari,h,sea,11.5,3900,5148,rotoguru
2016,7,Victor Cruz,WR,nyg,a,lar,10.5,3900,3900,rotoguru
2016,7,Robby Anderson,WR,nyj,h,bal,10.1,3000,5502,rotoguru
2016,7,Tajae Sharpe,WR,ten,h,ind,9.9,3500,5461,rotoguru
2016,7,Odell Beckham Jr.,WR,nyg,a,lar,9.9,8900,5323,rotoguru
2016,7,Travis Benjamin,WR,sdg,a,atl,9.4,6100,5173,rotoguru
2016,7,Dorial Green-Beckham,WR,phi,h,min,8.8,3000,5382,rotoguru
2016,7,Dontrelle Inman,WR,sdg,a,atl,8.8,3300,5097,rotoguru
2016,7,DeAndre Hopkins,WR,hou,a,den,8.6,6900,5206,rotoguru
2016,7,DeSean Jackson,WR,was,a,det,8.5,5700,3770,rotoguru
2016,7,Allen Hurns,WR,jac,h,oak,8.5,5000,5341,rotoguru
2016,7,Kamar Aiken,WR,bal,a,nyj,8.5,3700,5275,rotoguru
2016,7,Seth Roberts,WR,oak,a,jac,8.2,3000,5408,rotoguru
2016,7,Sterling Shepard,WR,nyg,a,lar,8.2,5100,5456,rotoguru
2016,7,Jermaine Kearse,WR,sea,a,ari,8.1,3000,5186,rotoguru
2016,7,Jeremy Maclin,WR,kan,h,nor,8,6700,3830,rotoguru
2016,7,Brandon Coleman,WR,nor,a,kan,8,3000,5326,rotoguru
2016,7,Rishard Matthews,WR,ten,h,ind,7.7,3600,5182,rotoguru
2016,7,Kenny Britt,WR,lar,h,nyg,7.3,4300,3824,rotoguru
2016,7,Adam Thielen,WR,min,a,phi,7.2,3700,5333,rotoguru
2016,7,Amari Cooper,WR,oak,a,jac,6.9,7900,5376,rotoguru
2016,7,Brandon Marshall,WR,nyj,h,bal,6.9,7600,3627,rotoguru
2016,7,Cobi Hamilton,WR,pit,h,nwe,6.6,3000,5288,rotoguru
2016,7,Alshon Jeffery,WR,chi,a,gnb,6.3,6900,5153,rotoguru
2016,7,Will Fuller,WR,hou,a,den,6.2,5700,5454,rotoguru
2016,7,Josh Bellamy,WR,chi,a,gnb,5.2,3000,5191,rotoguru
2016,7,Brandon Tate,WR,buf,a,mia,5.1,3000,3860,rotoguru
2016,7,Chester Rogers,WR,ind,a,ten,5,3000,5500,rotoguru
2016,7,DeVante Parker,WR,mia,h,buf,5,4500,5380,rotoguru
2016,7,Arrelious Benn,WR,jac,h,oak,4.9,3000,3885,rotoguru
2016,7,Chris Conley,WR,kan,h,nor,4.9,3500,5385,rotoguru
2016,7,Justin Hunter,WR,buf,a,mia,4.5,3000,5207,rotoguru
2016,7,Quinton Patton,WR,sfo,h,tam,4.3,3000,5209,rotoguru
2016,7,Adam Humphries,WR,tam,a,sfo,4.3,3000,5412,rotoguru
2016,7,Walter Powell,WR,buf,a,mia,4.3,3000,5270,rotoguru
2016,7,Pierre Garcon,WR,was,a,det,4.2,3700,3754,rotoguru
2016,7,Jordan Matthews,WR,phi,h,min,4,5600,5254,rotoguru
2016,7,Andrew Hawkins,WR,cle,a,cin,3.9,3000,5140,rotoguru
2016,7,Rashard Higgins,WR,cle,a,cin,3.9,3000,5475,rotoguru
2016,7,Terrelle Pryor,WR,cle,a,cin,3.8,6200,1407,rotoguru
2016,7,Stefon Diggs,WR,min,a,phi,3.8,6000,5424,rotoguru
2016,7,Mohamed Sanu,WR,atl,h,sdg,3.6,4400,5159,rotoguru
2016,7,Chris Hogan,WR,nwe,a,pit,3.5,4800,5167,rotoguru
2016,7,Jeremy Kerley,WR,sfo,h,tam,3.5,4000,5111,rotoguru
2016,7,Tyler Lockett,WR,sea,a,ari,3.3,3700,5386,rotoguru
2016,7,De'Anthony Thomas,WR,kan,h,nor,3.2,3000,2958,rotoguru
2016,7,Kendall Wright,WR,ten,h,ind,3.2,3700,5162,rotoguru
2016,7,Chris Moore,WR,bal,a,nyj,3.1,3000,5479,rotoguru
2016,7,Nelson Agholor,WR,phi,h,min,3,3100,5378,rotoguru
2016,7,Jaelen Strong,WR,hou,a,den,3,3000,5383,rotoguru
2016,7,Andre Roberts,WR,det,h,was,3,3000,3978,rotoguru
2016,7,Devin Street,WR,ind,a,ten,3,3000,5364,rotoguru
2016,7,Jeff Janis,WR,gnb,h,chi,2.9,3000,5351,rotoguru
2016,7,Allen Robinson,WR,jac,h,oak,2.9,7300,5258,rotoguru
2016,7,Torrey Smith,WR,sfo,h,tam,2.7,3800,5113,rotoguru
2016,7,Justin Hardy,WR,atl,h,sdg,2.6,3000,5387,rotoguru
2016,7,Johnny Holton,WR,oak,a,jac,2.5,3000,5491,rotoguru
2016,7,Griff Whalen,WR,sdg,a,atl,2.2,3000,5234,rotoguru
2016,7,Cameron Meredith,WR,chi,a,gnb,2.2,4700,5417,rotoguru
2016,7,Breshad Perriman,WR,bal,a,nyj,2.1,3500,5379,rotoguru
2016,7,Paul Richardson,WR,sea,a,ari,2,3000,5260,rotoguru
2016,7,Tanner McEvoy,WR,sea,a,ari,2,3000,5505,rotoguru
2016,7,Jordy Nelson,WR,gnb,h,chi,1.9,7800,3751,rotoguru
2016,7,Charone Peake,WR,nyj,h,bal,1.8,3000,5506,rotoguru
2016,7,Rashad Greene,WR,jac,h,oak,1.8,3000,5391,rotoguru
2016,7,Jordan Norwood,WR,den,h,hou,1.8,3000,3828,rotoguru
2016,7,Bennie Fowler,WR,den,h,hou,1.7,3000,5353,rotoguru
2016,7,Roger Lewis,WR,nyg,a,lar,1.7,3000,5508,rotoguru
2016,7,Ricardo Louis,WR,cle,a,cin,1.5,3000,5481,rotoguru
2016,7,Andre Holmes,WR,oak,a,jac,1.5,3000,5177,rotoguru
2016,7,Aaron Burbridge,WR,sfo,h,tam,1.5,3000,5497,rotoguru
2016,7,Deonte Thompson,WR,chi,a,gnb,1.4,3000,5160,rotoguru
2016,7,Albert Wilson,WR,kan,h,nor,1.4,3000,5339,rotoguru
2016,7,Sammie Coates,WR,pit,h,nwe,1.4,5100,5388,rotoguru
2016,7,Tyler Boyd,WR,cin,h,cle,1.3,3000,5455,rotoguru
2016,7,Marc Mariani,WR,ten,h,ind,0,3000,3949,rotoguru
2016,7,James Wright,WR,cin,h,cle,0,3000,5290,rotoguru
2016,7,Cecil Shorts,WR,tam,a,sfo,0,3000,5103,rotoguru
2016,7,Bradley Marquez,WR,lar,h,nyg,0,3000,5428,rotoguru
2016,7,Alex Erickson,WR,cin,h,cle,0,3000,5480,rotoguru
2016,7,Jordan Payton,WR,cle,a,cin,0,3000,5464,rotoguru
2016,7,Brittan Golden,WR,ari,h,sea,0,3000,5239,rotoguru
2016,7,Eric Weems,WR,atl,h,sdg,0,3000,3732,rotoguru
2016,7,Mike Thomas,WR,lar,h,nyg,0,3000,5503,rotoguru
2016,7,Malcolm Mitchell,WR,nwe,a,pit,0,3000,5488,rotoguru
2016,7,Danny Amendola,WR,nwe,a,pit,0,3500,3851,rotoguru
2016,7,Tommylee Lewis,WR,nor,a,kan,0,3000,5496,rotoguru
2016,7,Jalin Marshall,WR,nyj,h,bal,0,3000,5489,rotoguru
2016,7,Andre Johnson,WR,ten,h,ind,0,3100,3437,rotoguru
2016,7,Braxton Miller,WR,hou,a,den,0,3000,5476,rotoguru
2016,7,Matthew Slater,WR,nwe,a,pit,0,3000,3760,rotoguru
2016,7,Leonte Carroo,WR,mia,h,buf,0,3000,5474,rotoguru
2016,7,Aldrick Robinson,WR,atl,h,sdg,0,3000,5134,rotoguru
2016,7,Rod Streater,WR,sfo,h,tam,0,3000,5169,rotoguru
2016,7,Jaron Brown,WR,ari,h,sea,0,3100,5229,rotoguru
2016,7,Devin Hester,WR,bal,a,nyj,0,3000,3593,rotoguru
2016,7,Jordan Taylor,WR,den,h,hou,0,3000,5501,rotoguru
2016,7,Jakeem Grant,WR,mia,h,buf,0,3000,5486,rotoguru
2016,7,Charles Johnson,WR,min,a,phi,0,3000,3103,rotoguru
2016,7,Trevor Davis,WR,gnb,h,chi,0,3000,5498,rotoguru
2016,7,Dwayne Harris,WR,nyg,a,lar,0,3000,5130,rotoguru
2016,7,Jack Doyle,TE,ind,a,ten,22.8,2500,4594,rotoguru
2016,7,Delanie Walker,TE,ten,h,ind,21.4,4900,4360,rotoguru
2016,7,Rob Gronkowski,TE,nwe,a,pit,19.3,7200,4494,rotoguru
2016,7,Vernon Davis,TE,was,a,det,13.9,2900,4323,rotoguru
2016,7,Gary Barnidge,TE,cle,a,cin,12.6,3200,4401,rotoguru
2016,7,Lance Kendricks,TE,lar,h,nyg,12.5,2700,4538,rotoguru
2016,7,Julius Thomas,TE,jac,h,oak,11,3900,4534,rotoguru
2016,7,Kyle Rudolph,TE,min,a,phi,10.5,3500,4537,rotoguru
2016,7,Jimmy Graham,TE,sea,a,ari,10.3,5800,4492,rotoguru
2016,7,Antonio Gates,TE,sdg,a,atl,8.8,2900,4270,rotoguru
2016,7,Jacob Tamme,TE,atl,h,sdg,8.7,2800,4411,rotoguru
2016,7,C.J. Fiedorowicz,TE,hou,a,den,8.5,2500,4640,rotoguru
2016,7,Dennis Pitta,TE,bal,a,nyj,8,4000,4516,rotoguru
2016,7,Erik Swoope,TE,ind,a,ten,7.1,2500,4626,rotoguru
2016,7,Ifeanyi Momah,TE,ari,h,sea,7,2500,4662,rotoguru
2016,7,Coby Fleener,TE,nor,a,kan,6.4,3800,4552,rotoguru
2016,7,Zach Miller,TE,chi,a,gnb,6,3800,4461,rotoguru
2016,7,Cameron Brate,TE,tam,a,sfo,5.9,2900,4648,rotoguru
2016,7,Charles Clay,TE,buf,a,mia,4.9,3000,4543,rotoguru
2016,7,Travis Kelce,TE,kan,h,nor,4.4,5300,4582,rotoguru
2016,7,Jesse James,TE,pit,h,nwe,3.8,3100,4653,rotoguru
2016,7,Clay Harbor,TE,det,h,was,3.6,2500,4495,rotoguru
2016,7,Jermaine Gresham,TE,ari,h,sea,3.5,2500,4493,rotoguru
2016,7,Xavier Grimble,TE,pit,h,nwe,3.4,2500,4604,rotoguru
2016,7,Will Tye,TE,nyg,a,lar,3.4,2500,4670,rotoguru
2016,7,Vance McDonald,TE,sfo,h,tam,3.4,2500,4572,rotoguru
2016,7,Ryan Griffin,TE,hou,a,den,3.3,2500,4592,rotoguru
2016,7,Hunter Henry,TE,sdg,a,atl,2.6,3600,4675,rotoguru
2016,7,Zach Ertz,TE,phi,h,min,2.4,3400,4569,rotoguru
2016,7,Mychal Rivera,TE,oak,a,jac,2.3,2500,4574,rotoguru
2016,7,Marcedes Lewis,TE,jac,h,oak,2.1,2500,4324,rotoguru
2016,7,Niles Paul,TE,was,a,det,2.1,2500,5110,rotoguru
2016,7,Demetrius Harris,TE,kan,h,nor,2,2500,4642,rotoguru
2016,7,Anthony Fasano,TE,ten,h,ind,2,2500,4327,rotoguru
2016,7,Tyler Eifert,TE,cin,h,cle,1.9,4400,4568,rotoguru
2016,7,Richard Rodgers,TE,gnb,h,chi,1.7,2800,4629,rotoguru
2016,7,Nick O'Leary,TE,buf,a,mia,1.7,2500,4661,rotoguru
2016,7,Brent Celek,TE,phi,h,min,1.7,2500,4363,rotoguru
2016,7,Josh Hill,TE,nor,a,kan,1.6,2500,4586,rotoguru
2016,7,Clive Walford,TE,oak,a,jac,1.5,2500,4651,rotoguru
2016,7,Martellus Bennett,TE,nwe,a,pit,1.5,4500,4407,rotoguru
2016,7,Jerell Adams,TE,nyg,a,lar,1.5,2500,4686,rotoguru
2016,7,Levine Toilolo,TE,atl,h,sdg,1.5,2700,4577,rotoguru
2016,7,David Johnson,TE,pit,h,nwe,1.5,2500,4450,rotoguru
2016,7,Garrett Celek,TE,sfo,h,tam,1.4,2500,4564,rotoguru
2016,7,Tyler Higbee,TE,lar,h,nyg,1.4,2500,4680,rotoguru
2016,7,Tyler Kroft,TE,cin,h,cle,1.3,2500,4652,rotoguru
2016,7,Larry Donnell,TE,nyg,a,lar,0.8,2600,4585,rotoguru
2016,7,Justin Perillo,TE,gnb,h,chi,0,2500,4628,rotoguru
2016,7,Clark Harris,TE,cin,h,cle,0,2500,4391,rotoguru
2016,7,Trey Burton,TE,phi,h,min,0,2500,4618,rotoguru
2016,7,Logan Paulsen,TE,chi,a,gnb,0,2500,4513,rotoguru
2016,7,Sean McGrath,TE,sdg,a,atl,0,2500,4588,rotoguru
2016,7,Khari Lee,TE,det,h,was,0,2500,4671,rotoguru
2016,7,Rhett Ellison,TE,min,a,phi,0,2500,4554,rotoguru
2016,7,Darren Fells,TE,ari,h,sea,0,2500,4609,rotoguru
2016,7,Hakeem Valles,TE,ari,h,sea,0,2500,4687,rotoguru
2016,7,Kellen Davis,TE,nyj,h,bal,0,2500,4403,rotoguru
2016,7,James O'Shaughnessy,TE,kan,h,nor,0,2500,4664,rotoguru
2016,7,Phillip Supernaw,TE,ten,h,ind,0,2500,4637,rotoguru
2016,7,John Phillips,TE,nor,a,kan,0,2500,4433,rotoguru
2016,7,C.J. Uzomah,TE,cin,h,cle,0,2500,4656,rotoguru
2016,7,Jeff Heuerman,TE,den,h,hou,0,2500,4676,rotoguru
2016,7,Virgil Green,TE,den,h,hou,0,2700,4542,rotoguru
2016,7,Brandon Myers,TE,tam,a,sfo,0,2500,4457,rotoguru
2016,7,Dominique Jones,TE,mia,h,buf,0,2500,4555,rotoguru
2016,7,Crockett Gillmore,TE,bal,a,nyj,0,2500,4636,rotoguru
2016,7,Randall Telfer,TE,cle,a,cin,0,2500,4685,rotoguru
2016,7,Brandon Bostick,TE,nyj,h,bal,0,2500,4593,rotoguru
2016,7,Darren Waller,TE,bal,a,nyj,0,2500,5419,rotoguru
2016,7,Blake Bell,TE,sfo,h,tam,0,2500,4666,rotoguru
2016,7,Ryan Hewitt,TE,cin,h,cle,0,2500,2978,rotoguru
2016,7,Alan Cross,TE,tam,a,sfo,0,2500,4682,rotoguru
2016,7,Stephen Anderson,TE,hou,a,den,0,2500,4679,rotoguru
2016,7,Connor Hamlett,TE,cle,a,cin,0,2500,1475,rotoguru
2016,7,Nick Vannett,TE,sea,a,ari,0,2500,4688,rotoguru
2016,7,Luke Stocker,TE,tam,a,sfo,0,2500,4532,rotoguru
2016,7,Cory Harkey,TE,lar,h,nyg,0,2500,4565,rotoguru
2016,7,Austin Hooper,TE,atl,h,sdg,0,2500,4677,rotoguru
2016,7,Marqueis Gray,TE,mia,h,buf,0,2500,4595,rotoguru
2016,7,Brandon Williams,TE,sea,a,ari,0,2500,4590,rotoguru
2016,7,Cole Wick,TE,det,h,was,0,2500,4678,rotoguru
2016,7,Philadelphia Defense,Def,phi,h,min,24,3100,7023,rotoguru
2016,7,New York G Defense,Def,nyg,a,lar,21,2700,7020,rotoguru
2016,7,Baltimore Defense,Def,bal,a,nyj,17,2800,7003,rotoguru
2016,7,Seattle Defense,Def,sea,a,ari,15,3300,7028,rotoguru
2016,7,Atlanta Defense,Def,atl,h,sdg,13,2800,7002,rotoguru
2016,7,Chicago Defense,Def,chi,a,gnb,12,2300,7006,rotoguru
2016,7,Green Bay Defense,Def,gnb,h,chi,12,3300,7012,rotoguru
2016,7,Tampa Bay Defense,Def,tam,a,sfo,11,3200,7029,rotoguru
2016,7,New York J Defense,Def,nyj,h,bal,11,2600,7021,rotoguru
2016,7,Kansas City Defense,Def,kan,h,nor,11,2600,7015,rotoguru
2016,7,Indianapolis Defense,Def,ind,a,ten,11,2500,7013,rotoguru
2016,7,Denver Defense,Def,den,h,hou,9,3800,7010,rotoguru
2016,7,Oakland Defense,Def,oak,a,jac,8,2400,7022,rotoguru
2016,7,Arizona Defense,Def,ari,h,sea,8,3000,7001,rotoguru
2016,7,Minnesota Defense,Def,min,a,phi,8,3700,7017,rotoguru
2016,7,Cincinnati Defense,Def,cin,h,cle,7,3600,7007,rotoguru
2016,7,Detroit Defense,Def,det,h,was,7,2600,7011,rotoguru
2016,7,Los Angeles Defense,Def,lar,h,nyg,6,2700,7025,rotoguru
2016,7,San Diego Defense,Def,sdg,a,atl,5,2100,7026,rotoguru
2016,7,Cleveland Defense,Def,cle,a,cin,4,2200,7008,rotoguru
2016,7,Miami Defense,Def,mia,h,buf,4,2500,7016,rotoguru
2016,7,Washington Defense,Def,was,a,det,4,2400,7031,rotoguru
2016,7,Pittsburgh Defense,Def,pit,h,nwe,4,2700,7024,rotoguru
2016,7,San Francisco Defense,Def,sfo,h,tam,3,2500,7027,rotoguru
2016,7,New England Defense,Def,nwe,a,pit,3,2900,7018,rotoguru
2016,7,Tennessee Defense,Def,ten,h,ind,1,2500,7030,rotoguru
2016,7,Buffalo Defense,Def,buf,a,mia,0,3400,7004,rotoguru
2016,7,New Orleans Defense,Def,nor,a,kan,0,2000,7019,rotoguru
2016,7,Houston Defense,Def,hou,a,den,0,3000,7032,rotoguru
2016,7,Jacksonville Defense,Def,jac,h,oak,-1,2300,7014,rotoguru
2016,8,Derek Carr,QB,oak,a,tam,39.82,5900,1441,rotoguru
2016,8,Aaron Rodgers,QB,gnb,a,atl,33.84,7500,1252,rotoguru
2016,8,Tom Brady,QB,nwe,a,buf,33.1,7600,1131,rotoguru
2016,8,Blake Bortles,QB,jac,a,ten,32.68,6100,1442,rotoguru
2016,8,Dak Prescott,QB,dal,h,phi,28.28,5800,1501,rotoguru
2016,8,Kirk Cousins,QB,was,a,cin,28.22,6300,1415,rotoguru
2016,8,Carson Palmer,QB,ari,a,car,27.52,6000,1207,rotoguru
2016,8,Josh McCown,QB,cle,h,nyj,25.64,5200,1175,rotoguru
2016,8,Matt Ryan,QB,atl,h,gnb,24.42,7000,1301,rotoguru
2016,8,Andy Dalton,QB,cin,h,was,21.46,6200,1403,rotoguru
2016,8,Drew Brees,QB,nor,h,sea,20.7,6900,1151,rotoguru
2016,8,Andrew Luck,QB,ind,h,kan,20.4,6800,1409,rotoguru
2016,8,Marcus Mariota,QB,ten,h,jac,19.9,5900,1466,rotoguru
2016,8,Jameis Winston,QB,tam,h,oak,18.8,5700,1465,rotoguru
2016,8,Tyrod Taylor,QB,buf,h,nwe,18.12,5200,1400,rotoguru
2016,8,Nick Foles,QB,kan,a,ind,16.82,5000,1413,rotoguru
2016,8,Philip Rivers,QB,sdg,a,den,15.68,6100,1231,rotoguru
2016,8,Ryan Fitzpatrick,QB,nyj,a,cle,14.42,6200,1242,rotoguru
2016,8,Jay Cutler,QB,chi,h,min,14.28,5000,1263,rotoguru
2016,8,Matthew Stafford,QB,det,a,hou,13.6,6400,1340,rotoguru
2016,8,Sam Bradford,QB,min,a,chi,13.12,5000,1344,rotoguru
2016,8,Cam Newton,QB,car,h,ari,12.78,7400,1378,rotoguru
2016,8,Carson Wentz,QB,phi,a,dal,11.78,5100,1514,rotoguru
2016,8,Russell Wilson,QB,sea,a,nor,10.22,7200,1412,rotoguru
2016,8,Brock Osweiler,QB,hou,h,det,10.14,5400,1414,rotoguru
2016,8,Alex Smith,QB,kan,a,ind,9.98,5800,1254,rotoguru
2016,8,Trevor Siemian,QB,den,h,sdg,8.84,5100,1488,rotoguru
2016,8,E.J. Manuel,QB,buf,h,nwe,3.4,5000,1421,rotoguru
2016,8,Matt Cassel,QB,ten,h,jac,0.6,5000,1241,rotoguru
2016,8,Kevin Hogan,QB,cle,h,nyj,0.16,5300,1495,rotoguru
2016,8,Joe Webb,QB,car,h,ari,0,5000,5071,rotoguru
2016,8,Kellen Clemens,QB,sdg,a,den,0,5000,1262,rotoguru
2016,8,Jimmy Garoppolo,QB,nwe,a,buf,-0.1,5000,1452,rotoguru
2016,8,Jordan Howard,RB,chi,h,min,33.2,4400,5447,rotoguru
2016,8,Theo Riddick,RB,det,a,hou,27.3,5000,2907,rotoguru
2016,8,Jonathan Stewart,RB,car,h,ari,24,4900,2612,rotoguru
2016,8,Matt Forte,RB,nyj,a,cle,23.8,6400,2613,rotoguru
2016,8,DeMarco Murray,RB,ten,h,jac,22.8,7400,2831,rotoguru
2016,8,Melvin Gordon,RB,sdg,a,den,22.5,5700,2991,rotoguru
2016,8,Devonta Freeman,RB,atl,h,gnb,21.8,6500,2930,rotoguru
2016,8,Derrick Henry,RB,ten,h,jac,19.7,3100,5445,rotoguru
2016,8,Ezekiel Elliott,RB,dal,h,phi,18.8,7200,5444,rotoguru
2016,8,Devontae Booker,RB,den,h,sdg,18.4,3700,5468,rotoguru
2016,8,Mike Gillislee,RB,buf,h,nwe,18.4,3800,2894,rotoguru
2016,8,David Johnson,RB,ari,a,car,17.8,7700,5395,rotoguru
2016,8,Duke Johnson,RB,cle,h,nyj,17.6,3900,2997,rotoguru
2016,8,Darren Sproles,RB,phi,a,dal,15.3,3700,2484,rotoguru
2016,8,Bilal Powell,RB,nyj,a,cle,14.9,3500,2819,rotoguru
2016,8,Jacquizz Rodgers,RB,tam,h,oak,14.8,5800,2818,rotoguru
2016,8,Rob Kelley,RB,was,a,cin,14.7,3000,5493,rotoguru
2016,8,Isaiah Crowell,RB,cle,h,nyj,14.3,3700,2969,rotoguru
2016,8,Lamar Miller,RB,hou,h,det,14.3,6300,2859,rotoguru
2016,8,Jeremy Hill,RB,cin,h,was,14.3,4500,2928,rotoguru
2016,8,C.J. Prosise,RB,sea,a,nor,14.3,3000,5448,rotoguru
2016,8,Frank Gore,RB,ind,h,kan,14.2,4700,2467,rotoguru
2016,8,Tim Hightower,RB,nor,h,sea,14.2,3000,2604,rotoguru
2016,8,Giovani Bernard,RB,cin,h,was,13.6,5200,2889,rotoguru
2016,8,Latavius Murray,RB,oak,a,tam,12.1,4500,2899,rotoguru
2016,8,Christine Michael,RB,sea,a,nor,11.2,7300,2898,rotoguru
2016,8,LeGarrette Blount,RB,nwe,a,buf,10.3,5300,2721,rotoguru
2016,8,Matt Asiata,RB,min,a,chi,9.8,3500,2873,rotoguru
2016,8,T.J. Yeldon,RB,jac,a,ten,9.6,3800,2993,rotoguru
2016,8,Chris Thompson,RB,was,a,cin,9.1,3700,2915,rotoguru
2016,8,Jamize Olawale,RB,oak,a,tam,8.8,3000,2913,rotoguru
2016,8,Ryan Mathews,RB,phi,a,dal,8.1,4000,2754,rotoguru
2016,8,Charcandrick West,RB,kan,a,ind,8,3000,2987,rotoguru
2016,8,Jonathan Williams,RB,buf,h,nwe,7.2,3000,5451,rotoguru
2016,8,Terron Ward,RB,atl,h,gnb,6.7,0,5375,rotoguru
2016,8,Spencer Ware,RB,kan,a,ind,6.7,6800,2914,rotoguru
2016,8,Robert Turbin,RB,ind,h,kan,6.4,3000,2867,rotoguru
2016,8,Derek Watt,RB,sdg,a,den,6.3,3000,5504,rotoguru
2016,8,Juwan Thompson,RB,den,h,sdg,6.1,0,2965,rotoguru
2016,8,Jalen Richard,RB,oak,a,tam,5.7,3100,5490,rotoguru
2016,8,James White,RB,nwe,a,buf,4.9,4800,2954,rotoguru
2016,8,Reggie Bush,RB,buf,h,nwe,4.6,3300,2495,rotoguru
2016,8,Jerome Felton,RB,buf,h,nwe,4.6,3000,2624,rotoguru
2016,8,Ronnie Hillman,RB,min,a,chi,4.4,3000,2856,rotoguru
2016,8,Aaron Ripkowski,RB,gnb,a,atl,4.3,3000,5406,rotoguru
2016,8,Alfred Blue,RB,hou,h,det,4.1,3000,2960,rotoguru
2016,8,Antone Smith,RB,tam,h,oak,3.5,3000,2774,rotoguru
2016,8,John Kuhn,RB,nor,h,sea,3.2,3000,2549,rotoguru
2016,8,DeAndre Washington,RB,oak,a,tam,3.2,3400,5449,rotoguru
2016,8,Knile Davis,RB,gnb,a,atl,2.8,3400,2891,rotoguru
2016,8,Andre Ellington,RB,ari,a,car,2.6,3000,2892,rotoguru
2016,8,Kenjon Barner,RB,phi,a,dal,2.4,3000,2887,rotoguru
2016,8,Chris Ivory,RB,jac,a,ten,2.2,3400,2741,rotoguru
2016,8,Jeremy Langford,RB,chi,h,min,2.1,3100,5371,rotoguru
2016,8,Fozzy Whittaker,RB,car,h,ari,2,3600,2916,rotoguru
2016,8,Travaris Cadet,RB,nor,h,sea,1.7,3000,2869,rotoguru
2016,8,Zach Zenner,RB,det,a,hou,1.7,3700,5397,rotoguru
2016,8,Daniel Lasco,RB,nor,h,sea,1.5,3000,5487,rotoguru
2016,8,Dexter McCluster,RB,sdg,a,den,1.3,3000,3953,rotoguru
2016,8,Kenneth Farrow,RB,sdg,a,den,1.2,3000,5494,rotoguru
2016,8,Keith Smith,RB,dal,h,phi,1.1,3000,5492,rotoguru
2016,8,Jonathan Grimes,RB,hou,h,det,1.1,3000,2881,rotoguru
2016,8,Don Jackson,RB,gnb,a,atl,1,3300,5509,rotoguru
2016,8,Alfred Morris,RB,dal,h,phi,0.6,3200,2871,rotoguru
2016,8,Kapri Bibbs,RB,den,h,sdg,0.4,3000,2963,rotoguru
2016,8,Ka'Deem Carey,RB,chi,h,min,0.3,3200,2972,rotoguru
2016,8,Mike Tolbert,RB,car,h,ari,0.2,3000,2647,rotoguru
2016,8,Peyton Barber,RB,tam,h,oak,0.1,3000,5507,rotoguru
2016,8,James Develin,RB,nwe,a,buf,0,3000,2825,rotoguru
2016,8,Michael Burton,RB,det,a,hou,0,3000,5415,rotoguru
2016,8,Josh Ferguson,RB,ind,h,kan,0,3000,5484,rotoguru
2016,8,Rex Burkhead,RB,cin,h,was,0,3000,2890,rotoguru
2016,8,Zach Line,RB,min,a,chi,0,3000,2912,rotoguru
2016,8,Denard Robinson,RB,jac,a,ten,0,3000,2901,rotoguru
2016,8,Jordan Todman,RB,ind,h,kan,0,3000,2840,rotoguru
2016,8,Stepfan Taylor,RB,ari,a,car,0,3000,2903,rotoguru
2016,8,Antonio Andrews,RB,ten,h,jac,0,3000,2940,rotoguru
2016,8,Anthony Sherman,RB,kan,a,ind,0,3000,2822,rotoguru
2016,8,Brandon Bolden,RB,nwe,a,buf,0,3000,2874,rotoguru
2016,8,Tyler Ervin,RB,hou,h,det,0,3000,5470,rotoguru
2016,8,Kerwynn Williams,RB,ari,a,car,0,3000,2918,rotoguru
2016,8,George Atkinson,RB,cle,h,nyj,0,3000,2949,rotoguru
2016,8,Taiwan Jones,RB,oak,a,tam,0,3000,2820,rotoguru
2016,8,Rod Smith,RB,dal,h,phi,0,3000,3191,rotoguru
2016,8,Patrick DiMarco,RB,atl,h,gnb,0,3000,2805,rotoguru
2016,8,Andy Janovich,RB,den,h,sdg,0,3000,5482,rotoguru
2016,8,Jalston Fowler,RB,ten,h,jac,0,3000,5413,rotoguru
2016,8,Jay Prosch,RB,hou,h,det,0,3000,2980,rotoguru
2016,8,Mark Ingram,RB,nor,h,sea,-0.5,5000,2793,rotoguru
2016,8,Wendell Smallwood,RB,phi,a,dal,-1.5,3000,5473,rotoguru
2016,8,Amari Cooper,WR,oak,a,tam,38.3,7600,5376,rotoguru
2016,8,Jamison Crowder,WR,was,a,cin,28.7,4600,5410,rotoguru
2016,8,J.J. Nelson,WR,ari,a,car,27.9,3000,5409,rotoguru
2016,8,Dez Bryant,WR,dal,h,phi,24.3,7100,3891,rotoguru
2016,8,A.J. Green,WR,cin,h,was,24.1,8800,5091,rotoguru
2016,8,Jordan Matthews,WR,phi,a,dal,23.5,5700,5254,rotoguru
2016,8,Mohamed Sanu,WR,atl,h,gnb,23.4,4100,5159,rotoguru
2016,8,Allen Hurns,WR,jac,a,ten,22.8,4800,5341,rotoguru
2016,8,Michael Crabtree,WR,oak,a,tam,21.8,6700,3872,rotoguru
2016,8,Stefon Diggs,WR,min,a,chi,21.6,5600,5424,rotoguru
2016,8,Tyreek Hill,WR,kan,a,ind,21.5,3000,5485,rotoguru
2016,8,Terrelle Pryor,WR,cle,h,nyj,21.1,6100,1407,rotoguru
2016,8,Andrew Hawkins,WR,cle,h,nyj,20.1,3000,5140,rotoguru
2016,8,Kendall Wright,WR,ten,h,jac,19.9,4000,5162,rotoguru
2016,8,Davante Adams,WR,gnb,a,atl,19.4,4900,5263,rotoguru
2016,8,Jordy Nelson,WR,gnb,a,atl,19.4,7200,3751,rotoguru
2016,8,Quincy Enunwa,WR,nyj,a,cle,19.3,4800,5420,rotoguru
2016,8,Chris Hogan,WR,nwe,a,buf,19.1,4400,5167,rotoguru
2016,8,Larry Fitzgerald,WR,ari,a,car,17.4,7500,3501,rotoguru
2016,8,Alshon Jeffery,WR,chi,h,min,16.3,5900,5153,rotoguru
2016,8,Seth Roberts,WR,oak,a,tam,15.9,3000,5408,rotoguru
2016,8,Taylor Gabriel,WR,atl,h,gnb,15.8,3000,5361,rotoguru
2016,8,John Brown,WR,ari,a,car,14.9,4700,5264,rotoguru
2016,8,Brandin Cooks,WR,nor,h,sea,14.4,7300,5255,rotoguru
2016,8,Donte Moncrief,WR,ind,h,kan,14,5400,5344,rotoguru
2016,8,Rishard Matthews,WR,ten,h,jac,13.8,3500,5182,rotoguru
2016,8,Julian Edelman,WR,nwe,a,buf,13.7,6300,3826,rotoguru
2016,8,Travis Benjamin,WR,sdg,a,den,13.4,5200,5173,rotoguru
2016,8,Jeremy Maclin,WR,kan,a,ind,13.3,6000,3830,rotoguru
2016,8,Jeff Janis,WR,gnb,a,atl,13,3000,5351,rotoguru
2016,8,Allen Robinson,WR,jac,a,ten,13,7500,5258,rotoguru
2016,8,Demaryius Thomas,WR,den,h,sdg,12.9,6200,3997,rotoguru
2016,8,Pierre Garcon,WR,was,a,cin,12.7,3900,3754,rotoguru
2016,8,Michael Thomas,WR,nor,h,sea,12.3,5000,5459,rotoguru
2016,8,Danny Amendola,WR,nwe,a,buf,11.9,3300,3851,rotoguru
2016,8,Willie Snead,WR,nor,h,sea,11.6,5800,5287,rotoguru
2016,8,Trevor Davis,WR,gnb,a,atl,11.4,3000,5498,rotoguru
2016,8,Golden Tate,WR,det,a,hou,11.2,5100,3995,rotoguru
2016,8,Dontrelle Inman,WR,sdg,a,den,11.2,3200,5097,rotoguru
2016,8,Mike Evans,WR,tam,h,oak,11,8100,5253,rotoguru
2016,8,Emmanuel Sanders,WR,den,h,sdg,10.8,6500,3983,rotoguru
2016,8,Brandon Marshall,WR,nyj,a,cle,10.8,7800,3627,rotoguru
2016,8,Dorial Green-Beckham,WR,phi,a,dal,10.5,3000,5382,rotoguru
2016,8,Russell Shepard,WR,tam,h,oak,10.4,3300,5223,rotoguru
2016,8,Ted Ginn Jr.,WR,car,h,ari,10.3,3900,3670,rotoguru
2016,8,Geronimo Allison,WR,gnb,a,atl,10.1,0,5511,rotoguru
2016,8,Jermaine Kearse,WR,sea,a,nor,9.7,3100,5186,rotoguru
2016,8,Bryan Walters,WR,jac,a,ten,9.4,3000,5070,rotoguru
2016,8,Kelvin Benjamin,WR,car,h,ari,9.3,7200,5257,rotoguru
2016,8,Cole Beasley,WR,dal,h,phi,9.3,4800,5163,rotoguru
2016,8,Tyler Boyd,WR,cin,h,was,9.1,3000,5455,rotoguru
2016,8,Doug Baldwin,WR,sea,a,nor,9.1,6900,5136,rotoguru
2016,8,Robert Woods,WR,buf,h,nwe,9,4000,5217,rotoguru
2016,8,Chris Conley,WR,kan,a,ind,8.9,3400,5385,rotoguru
2016,8,Walter Powell,WR,buf,h,nwe,8.9,3000,5270,rotoguru
2016,8,Adam Humphries,WR,tam,h,oak,8.8,3000,5412,rotoguru
2016,8,DeAndre Hopkins,WR,hou,h,det,8.4,7400,5206,rotoguru
2016,8,Phillip Dorsett,WR,ind,h,kan,8.3,3900,5384,rotoguru
2016,8,DeSean Jackson,WR,was,a,cin,7.8,5300,3770,rotoguru
2016,8,Tyler Lockett,WR,sea,a,nor,7.2,3900,5386,rotoguru
2016,8,Adam Thielen,WR,min,a,chi,7,3800,5333,rotoguru
2016,8,Devin Funchess,WR,car,h,ari,6.8,3800,5381,rotoguru
2016,8,Cordarrelle Patterson,WR,min,a,chi,6.6,3300,5208,rotoguru
2016,8,Brandon Coleman,WR,nor,h,sea,6.4,3000,5326,rotoguru
2016,8,Marvin Jones,WR,det,a,hou,6.3,6600,5168,rotoguru
2016,8,Robby Anderson,WR,nyj,a,cle,6.1,3000,5502,rotoguru
2016,8,Julio Jones,WR,atl,h,gnb,5.9,9600,5089,rotoguru
2016,8,Nelson Agholor,WR,phi,a,dal,5.5,3100,5378,rotoguru
2016,8,Paul Richardson,WR,sea,a,nor,5.3,3000,5260,rotoguru
2016,8,Ricardo Louis,WR,cle,h,nyj,5.2,3000,5481,rotoguru
2016,8,Brandon Tate,WR,buf,h,nwe,5.1,3000,3860,rotoguru
2016,8,Brittan Golden,WR,ari,a,car,4.9,3000,5239,rotoguru
2016,8,Braxton Miller,WR,hou,h,det,4.8,3000,5476,rotoguru
2016,8,Terrance Williams,WR,dal,h,phi,4.5,3700,5216,rotoguru
2016,8,Jordan Taylor,WR,den,h,sdg,4.5,3000,5501,rotoguru
2016,8,Cameron Meredith,WR,chi,h,min,3.4,4800,5417,rotoguru
2016,8,Will Fuller,WR,hou,h,det,3.3,6000,5454,rotoguru
2016,8,T.Y. Hilton,WR,ind,h,kan,3,7900,5151,rotoguru
2016,8,Brice Butler,WR,dal,h,phi,2.9,3800,5219,rotoguru
2016,8,Charone Peake,WR,nyj,a,cle,2.3,3000,5506,rotoguru
2016,8,Justin Hardy,WR,atl,h,gnb,2.3,3000,5387,rotoguru
2016,8,Tajae Sharpe,WR,ten,h,jac,2.1,3200,5461,rotoguru
2016,8,Marqise Lee,WR,jac,a,ten,2.1,3300,5256,rotoguru
2016,8,Rashard Higgins,WR,cle,h,nyj,2,3000,5475,rotoguru
2016,8,Josh Huff,WR,phi,a,dal,1.9,3000,5261,rotoguru
2016,8,Jordan Norwood,WR,den,h,sdg,1.9,3000,3828,rotoguru
2016,8,Tanner McEvoy,WR,sea,a,nor,1.72,3000,5505,rotoguru
2016,8,Lucky Whitehead,WR,dal,h,phi,1.7,3000,5400,rotoguru
2016,8,Justin Hunter,WR,buf,h,nwe,1.7,3100,5207,rotoguru
2016,8,Brandon LaFell,WR,cin,h,was,1.6,4300,3946,rotoguru
2016,8,Tyrell Williams,WR,sdg,a,den,1.4,4700,5432,rotoguru
2016,8,Anquan Boldin,WR,det,a,hou,1.4,4200,3423,rotoguru
2016,8,Josh Bellamy,WR,chi,h,min,1.4,3000,5191,rotoguru
2016,8,Jordan Payton,WR,cle,h,nyj,1.3,3000,5464,rotoguru
2016,8,Corey Brown,WR,car,h,ari,1.3,3300,5362,rotoguru
2016,8,Andre Holmes,WR,oak,a,tam,1,3000,5177,rotoguru
2016,8,De'Anthony Thomas,WR,kan,a,ind,0.2,3000,2958,rotoguru
2016,8,Johnny Holton,WR,oak,a,tam,0.2,3000,5491,rotoguru
2016,8,Marc Mariani,WR,ten,h,jac,0,3000,3949,rotoguru
2016,8,James Wright,WR,cin,h,was,0,3000,5290,rotoguru
2016,8,Cecil Shorts,WR,tam,h,oak,0,3000,5103,rotoguru
2016,8,Deonte Thompson,WR,chi,h,min,0,3000,5160,rotoguru
2016,8,Michael Floyd,WR,ari,a,car,0,4100,5148,rotoguru
2016,8,Bennie Fowler,WR,den,h,sdg,0,3000,5353,rotoguru
2016,8,Alex Erickson,WR,cin,h,was,0,3000,5480,rotoguru
2016,8,Albert Wilson,WR,kan,a,ind,0,3000,5339,rotoguru
2016,8,Eric Weems,WR,atl,h,gnb,0,3000,3732,rotoguru
2016,8,Griff Whalen,WR,sdg,a,den,0,3000,5234,rotoguru
2016,8,Jaelen Strong,WR,hou,h,det,0,3000,5383,rotoguru
2016,8,Arrelious Benn,WR,jac,a,ten,0,3000,3885,rotoguru
2016,8,Maurice Harris,WR,was,a,cin,0,3000,5512,rotoguru
2016,8,Tommylee Lewis,WR,nor,h,sea,0,3000,5496,rotoguru
2016,8,Laquon Treadwell,WR,min,a,chi,0,3000,5453,rotoguru
2016,8,Andre Roberts,WR,det,a,hou,0,3000,3978,rotoguru
2016,8,Brenton Bersin,WR,car,h,ari,0,3000,5292,rotoguru
2016,8,Jalin Marshall,WR,nyj,a,cle,0,3000,5489,rotoguru
2016,8,Andre Johnson,WR,ten,h,jac,0,3100,3437,rotoguru
2016,8,Matthew Slater,WR,nwe,a,buf,0,3000,3760,rotoguru
2016,8,Devin Street,WR,ind,h,kan,0,3000,5364,rotoguru
2016,8,Aldrick Robinson,WR,atl,h,gnb,0,3000,5134,rotoguru
2016,8,Charles Johnson,WR,min,a,chi,0,3000,3103,rotoguru
2016,8,Tyler Eifert,TE,cin,h,was,28.2,4100,4568,rotoguru
2016,8,Travis Kelce,TE,kan,a,ind,26.1,4900,4582,rotoguru
2016,8,Jordan Reed,TE,was,a,cin,24.9,5900,4573,rotoguru
2016,8,Rob Gronkowski,TE,nwe,a,buf,24.9,7000,4494,rotoguru
2016,8,Zach Miller,TE,chi,h,min,15.8,3000,4461,rotoguru
2016,8,C.J. Fiedorowicz,TE,hou,h,det,15.3,2800,4640,rotoguru
2016,8,Eric Ebron,TE,det,a,hou,14.9,3000,4601,rotoguru
2016,8,Vernon Davis,TE,was,a,cin,14.3,2900,4323,rotoguru
2016,8,Antonio Gates,TE,sdg,a,den,13.3,2700,4270,rotoguru
2016,8,Mychal Rivera,TE,oak,a,tam,12.6,2500,4574,rotoguru
2016,8,Julius Thomas,TE,jac,a,ten,11.8,3600,4534,rotoguru
2016,8,Delanie Walker,TE,ten,h,jac,11.8,4700,4360,rotoguru
2016,8,Cameron Brate,TE,tam,h,oak,11.2,3200,4648,rotoguru
2016,8,Jason Witten,TE,dal,h,phi,9.6,3600,4262,rotoguru
2016,8,Virgil Green,TE,den,h,sdg,9.5,2700,4542,rotoguru
2016,8,Ben Koyack,TE,jac,a,ten,9.1,2500,4689,rotoguru
2016,8,Austin Hooper,TE,atl,h,gnb,9.1,2500,4677,rotoguru
2016,8,Kyle Rudolph,TE,min,a,chi,8.1,3500,4537,rotoguru
2016,8,Coby Fleener,TE,nor,h,sea,7.6,3400,4552,rotoguru
2016,8,Martellus Bennett,TE,nwe,a,buf,7.5,4000,4407,rotoguru
2016,8,Gary Barnidge,TE,cle,h,nyj,7.2,3300,4401,rotoguru
2016,8,Jimmy Graham,TE,sea,a,nor,6.4,6100,4492,rotoguru
2016,8,Ryan Griffin,TE,hou,h,det,6.4,2500,4592,rotoguru
2016,8,Marcedes Lewis,TE,jac,a,ten,6.3,2500,4324,rotoguru
2016,8,Jermaine Gresham,TE,ari,a,car,6.2,2500,4493,rotoguru
2016,8,Clive Walford,TE,oak,a,tam,6.1,2500,4651,rotoguru
2016,8,Zach Ertz,TE,phi,a,dal,5.9,3600,4569,rotoguru
2016,8,Jack Doyle,TE,ind,h,kan,5.6,3500,4594,rotoguru
2016,8,Erik Swoope,TE,ind,h,kan,5,2500,4626,rotoguru
2016,8,Demetrius Harris,TE,kan,a,ind,4.3,2500,4642,rotoguru
2016,8,Phillip Supernaw,TE,ten,h,jac,4,2500,4637,rotoguru
2016,8,Nick O'Leary,TE,buf,h,nwe,4,2500,4661,rotoguru
2016,8,Jacob Tamme,TE,atl,h,gnb,3.9,2800,4411,rotoguru
2016,8,Stephen Anderson,TE,hou,h,det,3.7,2500,4679,rotoguru
2016,8,Hunter Henry,TE,sdg,a,den,3.4,3700,4675,rotoguru
2016,8,Luke Stocker,TE,tam,h,oak,2.8,2500,4532,rotoguru
2016,8,Charles Clay,TE,buf,h,nwe,2.6,2900,4543,rotoguru
2016,8,Greg Olsen,TE,car,h,ari,2.1,6500,4368,rotoguru
2016,8,Geoff Swaim,TE,dal,h,phi,1.8,2500,4668,rotoguru
2016,8,Ben Braunecker,TE,chi,h,min,1.8,2500,4691,rotoguru
2016,8,Nick Vannett,TE,sea,a,nor,1.7,2500,4688,rotoguru
2016,8,Trey Burton,TE,phi,a,dal,1.6,2500,4618,rotoguru
2016,8,Tyler Kroft,TE,cin,h,was,1.6,2500,4652,rotoguru
2016,8,Logan Paulsen,TE,chi,h,min,1.5,2500,4513,rotoguru
2016,8,Seth DeValve,TE,cle,h,nyj,1.5,2500,4690,rotoguru
2016,8,Brandon Bostick,TE,nyj,a,cle,1.4,2500,4593,rotoguru
2016,8,Josh Hill,TE,nor,h,sea,1.3,2500,4586,rotoguru
2016,8,Justin Perillo,TE,gnb,a,atl,0,2500,4628,rotoguru
2016,8,Clark Harris,TE,cin,h,was,0,2500,4391,rotoguru
2016,8,Richard Rodgers,TE,gnb,a,atl,0,2700,4629,rotoguru
2016,8,Sean McGrath,TE,sdg,a,den,0,2500,4588,rotoguru
2016,8,Ifeanyi Momah,TE,ari,a,car,0,2500,4662,rotoguru
2016,8,Khari Lee,TE,det,a,hou,0,2500,4671,rotoguru
2016,8,Rhett Ellison,TE,min,a,chi,0,2500,4554,rotoguru
2016,8,Hakeem Valles,TE,ari,a,car,0,2500,4687,rotoguru
2016,8,Kellen Davis,TE,nyj,a,cle,0,2500,4403,rotoguru
2016,8,James O'Shaughnessy,TE,kan,a,ind,0,2500,4664,rotoguru
2016,8,Niles Paul,TE,was,a,cin,0,2500,5110,rotoguru
2016,8,John Phillips,TE,nor,h,sea,0,2500,4433,rotoguru
2016,8,Gavin Escobar,TE,dal,h,phi,0,2500,4570,rotoguru
2016,8,Jeff Heuerman,TE,den,h,sdg,0,2500,4676,rotoguru
2016,8,Brandon Myers,TE,tam,h,oak,0,2500,4457,rotoguru
2016,8,Anthony Fasano,TE,ten,h,jac,0,2500,4327,rotoguru
2016,8,Ed Dickson,TE,car,h,ari,0,2500,4482,rotoguru
2016,8,Randall Telfer,TE,cle,h,nyj,0,2500,4685,rotoguru
2016,8,Ryan Hewitt,TE,cin,h,was,0,2500,2978,rotoguru
2016,8,Brent Celek,TE,phi,a,dal,0,2500,4363,rotoguru
2016,8,Alan Cross,TE,tam,h,oak,0,2500,4682,rotoguru
2016,8,Levine Toilolo,TE,atl,h,gnb,0,2600,4577,rotoguru
2016,8,Brandon Williams,TE,sea,a,nor,0,2500,4590,rotoguru
2016,8,Clay Harbor,TE,det,a,hou,0,2500,4495,rotoguru
2016,8,Chase Coffman,TE,ind,h,kan,0,2500,4455,rotoguru
2016,8,Denver Defense,Def,den,h,sdg,22,3700,7010,rotoguru
2016,8,Carolina Defense,Def,car,h,ari,19,2900,7005,rotoguru
2016,8,San Diego Defense,Def,sdg,a,den,13,2400,7026,rotoguru
2016,8,Kansas City Defense,Def,kan,a,ind,11,2800,7015,rotoguru
2016,8,Seattle Defense,Def,sea,a,nor,10,3000,7028,rotoguru
2016,8,Chicago Defense,Def,chi,h,min,9,2600,7006,rotoguru
2016,8,Washington Defense,Def,was,a,cin,7,2400,7031,rotoguru
2016,8,Detroit Defense,Def,det,a,hou,6,2500,7011,rotoguru
2016,8,Houston Defense,Def,hou,h,det,5,3100,7032,rotoguru
2016,8,Dallas Defense,Def,dal,h,phi,5,3000,7009,rotoguru
2016,8,New Orleans Defense,Def,nor,h,sea,4,2000,7019,rotoguru
2016,8,New York J Defense,Def,nyj,a,cle,4,3400,7021,rotoguru
2016,8,Tennessee Defense,Def,ten,h,jac,4,2800,7030,rotoguru
2016,8,Tampa Bay Defense,Def,tam,h,oak,3,2300,7029,rotoguru
2016,8,Philadelphia Defense,Def,phi,a,dal,3,3200,7023,rotoguru
2016,8,Cincinnati Defense,Def,cin,h,was,3,3000,7007,rotoguru
2016,8,Arizona Defense,Def,ari,a,car,3,2700,7001,rotoguru
2016,8,Oakland Defense,Def,oak,a,tam,2,2600,7022,rotoguru
2016,8,Atlanta Defense,Def,atl,h,gnb,2,2400,7002,rotoguru
2016,8,Minnesota Defense,Def,min,a,chi,2,4100,7017,rotoguru
2016,8,New England Defense,Def,nwe,a,buf,2,3300,7018,rotoguru
2016,8,Indianapolis Defense,Def,ind,h,kan,2,2200,7013,rotoguru
2016,8,Buffalo Defense,Def,buf,h,nwe,1,2800,7004,rotoguru
2016,8,Cleveland Defense,Def,cle,h,nyj,1,2500,7008,rotoguru
2016,8,Green Bay Defense,Def,gnb,a,atl,1,2500,7012,rotoguru
2016,8,Jacksonville Defense,Def,jac,a,ten,-4,2900,7014,rotoguru
2016,9,Marcus Mariota,QB,ten,a,sdg,31.92,5900,1466,rotoguru
2016,9,Matt Ryan,QB,atl,a,tam,31.76,7100,1301,rotoguru
2016,9,Drew Brees,QB,nor,a,sfo,27.72,7200,1151,rotoguru
2016,9,Colin Kaepernick,QB,sfo,h,nor,27.22,5600,1404,rotoguru
2016,9,Aaron Rodgers,QB,gnb,h,ind,27.18,7800,1252,rotoguru
2016,9,Tyrod Taylor,QB,buf,a,sea,26.86,5000,1400,rotoguru
2016,9,Russell Wilson,QB,sea,h,buf,26.28,6400,1412,rotoguru
2016,9,Eli Manning,QB,nyg,h,phi,23.88,5700,1225,rotoguru
2016,9,Dak Prescott,QB,dal,a,cle,23.88,6100,1501,rotoguru
2016,9,Jameis Winston,QB,tam,h,atl,22.84,6100,1465,rotoguru
2016,9,Blake Bortles,QB,jac,a,kan,22.48,5800,1442,rotoguru
2016,9,Ben Roethlisberger,QB,pit,a,bal,19.86,6600,1232,rotoguru
2016,9,Philip Rivers,QB,sdg,h,ten,18.7,6500,1231,rotoguru
2016,9,Trevor Siemian,QB,den,a,oak,17.32,5100,1488,rotoguru
2016,9,Sam Bradford,QB,min,h,det,16.42,5000,1344,rotoguru
2016,9,Joe Flacco,QB,bal,h,pit,15.84,5500,1302,rotoguru
2016,9,Matthew Stafford,QB,det,a,min,15.76,5600,1340,rotoguru
2016,9,Carson Wentz,QB,phi,a,nyg,15.16,5100,1514,rotoguru
2016,9,Case Keenum,QB,lar,h,car,14.84,5000,1435,rotoguru
2016,9,Andrew Luck,QB,ind,a,gnb,14.74,6700,1409,rotoguru
2016,9,Cam Newton,QB,car,a,lar,14.6,7000,1378,rotoguru
2016,9,Cody Kessler,QB,cle,h,dal,13.22,5000,1492,rotoguru
2016,9,Ryan Fitzpatrick,QB,nyj,a,mia,12.32,5700,1242,rotoguru
2016,9,Nick Foles,QB,kan,h,jac,11.18,5200,1413,rotoguru
2016,9,Ryan Tannehill,QB,mia,h,nyj,9.66,5600,1410,rotoguru
2016,9,Mike Glennon,QB,tam,h,atl,9,5000,1420,rotoguru
2016,9,Derek Carr,QB,oak,h,den,7.66,6300,1441,rotoguru
2016,9,Bryce Petty,QB,nyj,a,mia,0.76,5000,1472,rotoguru
2016,9,Ryan Mallett,QB,bal,h,pit,0.36,5000,1401,rotoguru
2016,9,Mark Sanchez,QB,dal,a,cle,0.12,5000,1339,rotoguru
2016,9,Joe Webb,QB,car,a,lar,0,5000,5071,rotoguru
2016,9,Kellen Clemens,QB,sdg,h,ten,0,5000,1262,rotoguru
2016,9,Matt Schaub,QB,atl,a,tam,-0.2,5000,1234,rotoguru
2016,9,Melvin Gordon,RB,sdg,h,ten,39.1,6300,2991,rotoguru
2016,9,Latavius Murray,RB,oak,h,den,34.7,4000,2899,rotoguru
2016,9,Mark Ingram,RB,nor,a,sfo,34.1,4800,2793,rotoguru
2016,9,Jay Ajayi,RB,mia,h,nyj,25,6000,2998,rotoguru
2016,9,DuJuan Harris,RB,sfo,h,nor,24.2,3000,2802,rotoguru
2016,9,Ezekiel Elliott,RB,dal,a,cle,22.7,7900,5444,rotoguru
2016,9,Frank Gore,RB,ind,a,gnb,21.1,4500,2467,rotoguru
2016,9,DeMarco Murray,RB,ten,a,sdg,21,7600,2831,rotoguru
2016,9,Tim Hightower,RB,nor,a,sfo,17.2,4000,2604,rotoguru
2016,9,Matt Forte,RB,nyj,a,mia,16.7,6500,2613,rotoguru
2016,9,T.J. Yeldon,RB,jac,a,kan,16.5,3600,2993,rotoguru
2016,9,LeSean McCoy,RB,buf,a,sea,16,6200,2707,rotoguru
2016,9,Kapri Bibbs,RB,den,a,oak,15,3500,2963,rotoguru
2016,9,Chris Ivory,RB,jac,a,kan,13.7,3200,2741,rotoguru
2016,9,Le'Veon Bell,RB,pit,a,bal,13,7700,2888,rotoguru
2016,9,Devonta Freeman,RB,atl,a,tam,12.5,6700,2930,rotoguru
2016,9,Ty Montgomery,RB,gnb,h,ind,12.1,5800,5392,rotoguru
2016,9,Mike Gillislee,RB,buf,a,sea,11.6,4100,2894,rotoguru
2016,9,Todd Gurley,RB,lar,h,car,11.4,5800,2992,rotoguru
2016,9,Isaiah Crowell,RB,cle,h,dal,10.7,3900,2969,rotoguru
2016,9,Charcandrick West,RB,kan,h,jac,10.4,4400,2987,rotoguru
2016,9,Darren Sproles,RB,phi,a,nyg,10.1,3900,2484,rotoguru
2016,9,Peyton Barber,RB,tam,h,atl,9.5,3000,5507,rotoguru
2016,9,Benny Cunningham,RB,lar,h,car,9.2,3700,2911,rotoguru
2016,9,Jalen Richard,RB,oak,h,den,9.2,3000,5490,rotoguru
2016,9,Bilal Powell,RB,nyj,a,mia,9.1,4100,2819,rotoguru
2016,9,Theo Riddick,RB,det,a,min,8.6,4900,2907,rotoguru
2016,9,Ryan Mathews,RB,phi,a,nyg,8.5,4100,2754,rotoguru
2016,9,Paul Perkins,RB,nyg,h,phi,7.7,3000,5472,rotoguru
2016,9,Kenyan Drake,RB,mia,h,nyj,7.6,3000,5446,rotoguru
2016,9,Ronnie Hillman,RB,min,h,det,7.2,3000,2856,rotoguru
2016,9,Antone Smith,RB,tam,h,atl,7.2,3000,2774,rotoguru
2016,9,Patrick DiMarco,RB,atl,a,tam,7.1,3000,2805,rotoguru
2016,9,Damien Williams,RB,mia,h,nyj,6.9,3100,2957,rotoguru
2016,9,Rashad Jennings,RB,nyg,h,phi,6.9,3900,2658,rotoguru
2016,9,Duke Johnson,RB,cle,h,dal,6.6,4000,2997,rotoguru
2016,9,Kenjon Barner,RB,phi,a,nyg,6.3,3000,2887,rotoguru
2016,9,Christine Michael,RB,sea,h,buf,6.1,6700,2898,rotoguru
2016,9,Matt Asiata,RB,min,h,det,6.1,4300,2873,rotoguru
2016,9,Jordan Todman,RB,ind,a,gnb,6,3000,2840,rotoguru
2016,9,Alfred Morris,RB,dal,a,cle,5.6,4600,2871,rotoguru
2016,9,Mike James,RB,tam,h,atl,5,0,2895,rotoguru
2016,9,DeAndre Washington,RB,oak,h,den,4.5,3300,5449,rotoguru
2016,9,Robert Turbin,RB,ind,a,gnb,4.3,3400,2867,rotoguru
2016,9,Reggie Bush,RB,buf,a,sea,4.2,3000,2495,rotoguru
2016,9,Jonathan Stewart,RB,car,a,lar,4.2,5200,2612,rotoguru
2016,9,Devontae Booker,RB,den,a,oak,4,6400,5468,rotoguru
2016,9,Terrance West,RB,bal,h,pit,3.7,4700,2929,rotoguru
2016,9,John Kuhn,RB,nor,a,sfo,3.4,3000,2549,rotoguru
2016,9,Kenneth Dixon,RB,bal,h,pit,3.3,3600,5469,rotoguru
2016,9,Terron Ward,RB,atl,a,tam,3,3000,5375,rotoguru
2016,9,Kenneth Farrow,RB,sdg,h,ten,2.9,3000,5494,rotoguru
2016,9,Knile Davis,RB,kan,h,jac,2.7,3100,2891,rotoguru
2016,9,Dwayne Washington,RB,det,a,min,2.6,3200,5483,rotoguru
2016,9,Wendell Smallwood,RB,phi,a,nyg,2.5,3700,5473,rotoguru
2016,9,C.J. Prosise,RB,sea,h,buf,2.5,3300,5448,rotoguru
2016,9,Mike Davis,RB,sfo,h,nor,2,3900,5320,rotoguru
2016,9,Josh Ferguson,RB,ind,a,gnb,1.9,3000,5484,rotoguru
2016,9,Aaron Ripkowski,RB,gnb,h,ind,1.7,3300,5406,rotoguru
2016,9,Anthony Sherman,RB,kan,h,jac,1.6,3000,2822,rotoguru
2016,9,Don Jackson,RB,gnb,h,ind,1.6,3100,5509,rotoguru
2016,9,Antonio Andrews,RB,ten,a,sdg,1.5,3000,2940,rotoguru
2016,9,Travaris Cadet,RB,nor,a,sfo,1.4,3000,2869,rotoguru
2016,9,Fozzy Whittaker,RB,car,a,lar,1.1,3200,2916,rotoguru
2016,9,Jerick McKinnon,RB,min,h,det,0.8,4000,2935,rotoguru
2016,9,Stevan Ridley,RB,atl,a,tam,0.7,3000,2829,rotoguru
2016,9,Jamize Olawale,RB,oak,h,den,0.4,3000,2913,rotoguru
2016,9,Jerome Felton,RB,buf,a,sea,0.2,3000,2624,rotoguru
2016,9,Kyle Juszczyk,RB,bal,h,pit,0.2,3000,2908,rotoguru
2016,9,DeAngelo Williams,RB,pit,a,bal,0.1,4500,2500,rotoguru
2016,9,Mike Tolbert,RB,car,a,lar,0.1,3000,2647,rotoguru
2016,9,Lance Dunbar,RB,dal,a,cle,0,3000,2880,rotoguru
2016,9,Will Tukuafu,RB,sea,h,buf,0,3000,2986,rotoguru
2016,9,Michael Burton,RB,det,a,min,0,3000,5415,rotoguru
2016,9,Zach Line,RB,min,h,det,0,3000,2912,rotoguru
2016,9,Orleans Darkwa,RB,nyg,h,phi,0,3400,2976,rotoguru
2016,9,Denard Robinson,RB,jac,a,kan,0,3000,2901,rotoguru
2016,9,Malcolm Brown,RB,lar,h,car,0,3000,5441,rotoguru
2016,9,Chase Reynolds,RB,lar,h,car,0,3000,2919,rotoguru
2016,9,Bobby Rainey,RB,nyg,h,phi,0,3000,2863,rotoguru
2016,9,Javorius Allen,RB,bal,h,pit,0,3000,5370,rotoguru
2016,9,Zach Zenner,RB,det,a,min,0,3000,5397,rotoguru
2016,9,Derek Watt,RB,sdg,h,ten,0,3400,5504,rotoguru
2016,9,Keith Smith,RB,dal,a,cle,0,3000,5492,rotoguru
2016,9,Juwan Thompson,RB,den,a,oak,0,3000,2965,rotoguru
2016,9,George Atkinson,RB,cle,h,dal,0,3000,2949,rotoguru
2016,9,Shaun Draughn,RB,sfo,h,nor,0,3800,2875,rotoguru
2016,9,Taiwan Jones,RB,oak,h,den,0,3000,2820,rotoguru
2016,9,Alex Collins,RB,sea,h,buf,0,3000,5450,rotoguru
2016,9,Lorenzo Taliaferro,RB,bal,h,pit,0,3000,2975,rotoguru
2016,9,Jonathan Williams,RB,buf,a,sea,0,3000,5451,rotoguru
2016,9,Andy Janovich,RB,den,a,oak,0,3000,5482,rotoguru
2016,9,Jalston Fowler,RB,ten,a,sdg,0,3000,5413,rotoguru
2016,9,Fitzgerald Toussaint,RB,pit,a,bal,0,3000,2990,rotoguru
2016,9,Mike Evans,WR,tam,h,atl,41,8500,5253,rotoguru
2016,9,Robert Woods,WR,buf,a,sea,29.2,3700,5217,rotoguru
2016,9,Julio Jones,WR,atl,a,tam,28.1,9600,5089,rotoguru
2016,9,Mike Wallace,WR,bal,h,pit,25.4,5600,3809,rotoguru
2016,9,Golden Tate,WR,det,a,min,25,4700,3995,rotoguru
2016,9,Rishard Matthews,WR,ten,a,sdg,24.3,3800,5182,rotoguru
2016,9,Michael Thomas,WR,nor,a,sfo,24.3,5500,5459,rotoguru
2016,9,Jordy Nelson,WR,gnb,h,ind,22.4,7800,3751,rotoguru
2016,9,Stefon Diggs,WR,min,h,det,22.2,5900,5424,rotoguru
2016,9,Antonio Brown,WR,pit,a,bal,21.5,8900,3474,rotoguru
2016,9,Allen Robinson,WR,jac,a,kan,20.6,6900,5258,rotoguru
2016,9,Odell Beckham Jr.,WR,nyg,h,phi,20.6,8800,5323,rotoguru
2016,9,Quinton Patton,WR,sfo,h,nor,19.6,3000,5209,rotoguru
2016,9,Eli Rogers,WR,pit,a,bal,19.3,3200,5478,rotoguru
2016,9,Taylor Gabriel,WR,atl,a,tam,18.6,3000,5361,rotoguru
2016,9,Tyrell Williams,WR,sdg,h,ten,18.5,5000,5432,rotoguru
2016,9,Cole Beasley,WR,dal,a,cle,17.6,5300,5163,rotoguru
2016,9,Terrelle Pryor,WR,cle,h,dal,15.7,6100,1407,rotoguru
2016,9,Adam Humphries,WR,tam,h,atl,15.6,3100,5412,rotoguru
2016,9,Kenny Britt,WR,lar,h,car,14.9,4400,3824,rotoguru
2016,9,Doug Baldwin,WR,sea,h,buf,14.9,6200,5136,rotoguru
2016,9,Jalin Marshall,WR,nyj,a,mia,14.9,3000,5489,rotoguru
2016,9,Jordan Matthews,WR,phi,a,nyg,14.8,5700,5254,rotoguru
2016,9,Donte Moncrief,WR,ind,a,gnb,14.5,5800,5344,rotoguru
2016,9,T.Y. Hilton,WR,ind,a,gnb,14.2,7600,5151,rotoguru
2016,9,Davante Adams,WR,gnb,h,ind,14.1,5900,5263,rotoguru
2016,9,Sterling Shepard,WR,nyg,h,phi,14,4600,5456,rotoguru
2016,9,Jordan Norwood,WR,den,a,oak,13.6,3000,3828,rotoguru
2016,9,Marqise Lee,WR,jac,a,kan,13.5,3400,5256,rotoguru
2016,9,Albert Wilson,WR,kan,h,jac,12.7,3000,5339,rotoguru
2016,9,Kelvin Benjamin,WR,car,a,lar,12.6,6800,5257,rotoguru
2016,9,Mohamed Sanu,WR,atl,a,tam,12.4,4100,5159,rotoguru
2016,9,Amari Cooper,WR,oak,h,den,11.6,7700,5376,rotoguru
2016,9,Brandin Cooks,WR,nor,a,sfo,11.6,7500,5255,rotoguru
2016,9,Dontrelle Inman,WR,sdg,h,ten,11.6,3100,5097,rotoguru
2016,9,Adam Thielen,WR,min,h,det,10.8,3800,5333,rotoguru
2016,9,Steve Smith,WR,bal,h,pit,10.7,5400,3328,rotoguru
2016,9,Demaryius Thomas,WR,den,a,oak,10.6,6000,3997,rotoguru
2016,9,Cordarrelle Patterson,WR,min,h,det,10.5,3300,5208,rotoguru
2016,9,Brandon Marshall,WR,nyj,a,mia,10.5,7300,3627,rotoguru
2016,9,Roger Lewis,WR,nyg,h,phi,10,3000,5508,rotoguru
2016,9,Tajae Sharpe,WR,ten,a,sdg,9.8,3000,5461,rotoguru
2016,9,Emmanuel Sanders,WR,den,a,oak,9.7,6300,3983,rotoguru
2016,9,Randall Cobb,WR,gnb,h,ind,9.4,6600,5125,rotoguru
2016,9,Ted Ginn Jr.,WR,car,a,lar,9,3900,3670,rotoguru
2016,9,Anquan Boldin,WR,det,a,min,9,3600,3423,rotoguru
2016,9,Robby Anderson,WR,nyj,a,mia,8.9,3000,5502,rotoguru
2016,9,Bryce Treggs,WR,phi,a,nyg,8.9,3000,5513,rotoguru
2016,9,Brian Quick,WR,lar,h,car,8.8,3400,5157,rotoguru
2016,9,Kendall Wright,WR,ten,a,sdg,8.4,4400,5162,rotoguru
2016,9,Marquise Goodwin,WR,buf,a,sea,8.3,3300,5205,rotoguru
2016,9,Nelson Agholor,WR,phi,a,nyg,8.1,3100,5378,rotoguru
2016,9,Justin Hunter,WR,buf,a,sea,7.5,3000,5207,rotoguru
2016,9,Corey Coleman,WR,cle,h,dal,7.1,4500,5452,rotoguru
2016,9,Harry Douglas,WR,ten,a,sdg,6.8,3000,3731,rotoguru
2016,9,Willie Snead,WR,nor,a,sfo,6.6,5800,5287,rotoguru
2016,9,Jarvis Landry,WR,mia,h,nyj,6.3,7100,5335,rotoguru
2016,9,Breshad Perriman,WR,bal,h,pit,6.3,3300,5379,rotoguru
2016,9,Seth Roberts,WR,oak,h,den,6.2,3000,5408,rotoguru
2016,9,Tyreek Hill,WR,kan,h,jac,6.2,3400,5485,rotoguru
2016,9,Chris Conley,WR,kan,h,jac,5.8,3100,5385,rotoguru
2016,9,Jermaine Kearse,WR,sea,h,buf,5.6,3100,5186,rotoguru
2016,9,Victor Cruz,WR,nyg,h,phi,5.6,3800,3900,rotoguru
2016,9,Jeremy Kerley,WR,sfo,h,nor,5.2,4000,5111,rotoguru
2016,9,Phillip Dorsett,WR,ind,a,gnb,4.8,3700,5384,rotoguru
2016,9,Michael Crabtree,WR,oak,h,den,4.7,6400,3872,rotoguru
2016,9,Andre Holmes,WR,oak,h,den,4.7,3000,5177,rotoguru
2016,9,Brandon Coleman,WR,nor,a,sfo,4.5,3000,5326,rotoguru
2016,9,Tyler Lockett,WR,sea,h,buf,4,3800,5386,rotoguru
2016,9,Terrance Williams,WR,dal,a,cle,3.9,3700,5216,rotoguru
2016,9,Torrey Smith,WR,sfo,h,nor,3.8,4100,5113,rotoguru
2016,9,Devin Funchess,WR,car,a,lar,3.8,3400,5381,rotoguru
2016,9,Andre Roberts,WR,det,a,min,3.7,3000,3978,rotoguru
2016,9,Jeff Janis,WR,gnb,h,ind,3.5,3300,5351,rotoguru
2016,9,Quincy Enunwa,WR,nyj,a,mia,3.5,5100,5420,rotoguru
2016,9,Andrew Hawkins,WR,cle,h,dal,3.3,3200,5140,rotoguru
2016,9,Cecil Shorts,WR,tam,h,atl,3,3000,5103,rotoguru
2016,9,Dez Bryant,WR,dal,a,cle,2.9,7400,3891,rotoguru
2016,9,DeVante Parker,WR,mia,h,nyj,2.8,4800,5380,rotoguru
2016,9,Tavon Austin,WR,lar,h,car,2.8,4200,5199,rotoguru
2016,9,Arrelious Benn,WR,jac,a,kan,2.6,3000,3885,rotoguru
2016,9,Laquon Treadwell,WR,min,h,det,2.5,3000,5453,rotoguru
2016,9,Paul Richardson,WR,sea,h,buf,2.5,3000,5260,rotoguru
2016,9,Corey Brown,WR,car,a,lar,2.1,3100,5362,rotoguru
2016,9,Kenny Stills,WR,mia,h,nyj,2.1,3900,5212,rotoguru
2016,9,Brice Butler,WR,dal,a,cle,1.9,3800,5219,rotoguru
2016,9,Freddie Martino,WR,tam,h,atl,1.9,3000,5366,rotoguru
2016,9,Kamar Aiken,WR,bal,h,pit,1.9,3500,5275,rotoguru
2016,9,Walter Powell,WR,buf,a,sea,1.9,3000,5270,rotoguru
2016,9,Charles Johnson,WR,min,h,det,1.9,3000,3103,rotoguru
2016,9,Jordan Taylor,WR,den,a,oak,1.6,3000,5501,rotoguru
2016,9,Marvin Jones,WR,det,a,min,1.5,5600,5168,rotoguru
2016,9,Travis Benjamin,WR,sdg,h,ten,1.5,5600,5173,rotoguru
2016,9,Jeremy Butler,WR,sdg,h,ten,1.5,0,5276,rotoguru
2016,9,Bennie Fowler,WR,den,a,oak,1.4,3000,5353,rotoguru
2016,9,Pharoh Cooper,WR,lar,h,car,1.3,3000,5462,rotoguru
2016,9,Chris Moore,WR,bal,h,pit,0.2,3000,5479,rotoguru
2016,9,Lucky Whitehead,WR,dal,a,cle,0.2,3000,5400,rotoguru
2016,9,Marc Mariani,WR,ten,a,sdg,0,3000,3949,rotoguru
2016,9,Jeremy Maclin,WR,kan,h,jac,0,5900,3830,rotoguru
2016,9,Darrius Heyward-Bey,WR,pit,a,bal,0,3000,3848,rotoguru
2016,9,Bradley Marquez,WR,lar,h,car,0,3000,5428,rotoguru
2016,9,Eric Weems,WR,atl,a,tam,0,3000,3732,rotoguru
2016,9,Allen Hurns,WR,jac,a,kan,0,4900,5341,rotoguru
2016,9,Ricardo Louis,WR,cle,h,dal,0,3000,5481,rotoguru
2016,9,Griff Whalen,WR,sdg,h,ten,0,3000,5234,rotoguru
2016,9,De'Anthony Thomas,WR,kan,h,jac,0,3000,2958,rotoguru
2016,9,Demarcus Robinson,WR,kan,h,jac,0,3000,5515,rotoguru
2016,9,Chester Rogers,WR,ind,a,gnb,0,3000,5500,rotoguru
2016,9,Mike Thomas,WR,lar,h,car,0,3000,5503,rotoguru
2016,9,Jake Lampman,WR,nor,a,sfo,0,3000,5514,rotoguru
2016,9,Geronimo Allison,WR,gnb,h,ind,0,3000,5511,rotoguru
2016,9,Rashard Higgins,WR,cle,h,dal,0,3000,5475,rotoguru
2016,9,Charone Peake,WR,nyj,a,mia,0,3000,5506,rotoguru
2016,9,Isaiah Burse,WR,sdg,h,ten,0,3000,5363,rotoguru
2016,9,Dorial Green-Beckham,WR,phi,a,nyg,0,3000,5382,rotoguru
2016,9,Brenton Bersin,WR,car,a,lar,0,3000,5292,rotoguru
2016,9,Sammie Coates,WR,pit,a,bal,0,4300,5388,rotoguru
2016,9,Devin Street,WR,ind,a,gnb,0,3000,5364,rotoguru
2016,9,Johnny Holton,WR,oak,h,den,0,3000,5491,rotoguru
2016,9,Leonte Carroo,WR,mia,h,nyj,0,3000,5474,rotoguru
2016,9,Aldrick Robinson,WR,atl,a,tam,0,3000,5134,rotoguru
2016,9,Rod Streater,WR,sfo,h,nor,0,3000,5169,rotoguru
2016,9,Devin Hester,WR,bal,h,pit,0,3000,3593,rotoguru
2016,9,Aaron Burbridge,WR,sfo,h,nor,0,3000,5497,rotoguru
2016,9,Cobi Hamilton,WR,pit,a,bal,0,3000,5288,rotoguru
2016,9,Jakeem Grant,WR,mia,h,nyj,0,3000,5486,rotoguru
2016,9,Justin Hardy,WR,atl,a,tam,0,3000,5387,rotoguru
2016,9,Trevor Davis,WR,gnb,h,ind,0,3000,5498,rotoguru
2016,9,Dwayne Harris,WR,nyg,h,phi,0,3000,5130,rotoguru
2016,9,Tanner McEvoy,WR,sea,h,buf,0,3000,5505,rotoguru
2016,9,Bryan Walters,WR,jac,a,kan,-1,3000,5070,rotoguru
2016,9,Jimmy Graham,TE,sea,h,buf,33.3,5700,4492,rotoguru
2016,9,Jason Witten,TE,dal,a,cle,30.4,3700,4262,rotoguru
2016,9,Antonio Gates,TE,sdg,h,ten,18.5,3000,4270,rotoguru
2016,9,Zach Ertz,TE,phi,a,nyg,17.7,3500,4569,rotoguru
2016,9,Vance McDonald,TE,sfo,h,nor,17.4,2600,4572,rotoguru
2016,9,Greg Olsen,TE,car,a,lar,16.2,6200,4368,rotoguru
2016,9,Eric Ebron,TE,det,a,min,16.2,3100,4601,rotoguru
2016,9,Lance Kendricks,TE,lar,h,car,16,2900,4538,rotoguru
2016,9,Cameron Brate,TE,tam,h,atl,15.3,3300,4648,rotoguru
2016,9,Delanie Walker,TE,ten,a,sdg,15.2,4600,4360,rotoguru
2016,9,Austin Hooper,TE,atl,a,tam,13.6,2500,4677,rotoguru
2016,9,Dominique Jones,TE,mia,h,nyj,13.2,2500,4555,rotoguru
2016,9,Richard Rodgers,TE,gnb,h,ind,12.4,2700,4629,rotoguru
2016,9,Garrett Celek,TE,sfo,h,nor,11.6,2500,4564,rotoguru
2016,9,Jack Doyle,TE,ind,a,gnb,11.1,3600,4594,rotoguru
2016,9,Travis Kelce,TE,kan,h,jac,10.8,5300,4582,rotoguru
2016,9,Levine Toilolo,TE,atl,a,tam,10.2,2500,4577,rotoguru
2016,9,Trey Burton,TE,phi,a,nyg,8.5,2500,4618,rotoguru
2016,9,Josh Hill,TE,nor,a,sfo,8,2500,4586,rotoguru
2016,9,Rhett Ellison,TE,min,h,det,7.5,2500,4554,rotoguru
2016,9,Will Tye,TE,nyg,h,phi,7.3,2500,4670,rotoguru
2016,9,Gavin Escobar,TE,dal,a,cle,7.2,2500,4570,rotoguru
2016,9,Coby Fleener,TE,nor,a,sfo,7.2,3400,4552,rotoguru
2016,9,Kyle Rudolph,TE,min,h,det,7.1,4000,4537,rotoguru
2016,9,Virgil Green,TE,den,a,oak,5.7,2600,4542,rotoguru
2016,9,Jerell Adams,TE,nyg,h,phi,5.4,2500,4686,rotoguru
2016,9,Gary Barnidge,TE,cle,h,dal,5.3,3900,4401,rotoguru
2016,9,Marcedes Lewis,TE,jac,a,kan,4.3,2500,4324,rotoguru
2016,9,Tyler Higbee,TE,lar,h,car,4.1,2500,4680,rotoguru
2016,9,Julius Thomas,TE,jac,a,kan,4.1,3200,4534,rotoguru
2016,9,Charles Clay,TE,buf,a,sea,3.9,2700,4543,rotoguru
2016,9,Justin Perillo,TE,gnb,h,ind,3.8,2500,4628,rotoguru
2016,9,Ed Dickson,TE,car,a,lar,3.7,2500,4482,rotoguru
2016,9,Darren Waller,TE,bal,h,pit,3.7,2500,5419,rotoguru
2016,9,Dennis Pitta,TE,bal,h,pit,3.4,3800,4516,rotoguru
2016,9,Jesse James,TE,pit,a,bal,3.3,2800,4653,rotoguru
2016,9,Clive Walford,TE,oak,h,den,3.3,2500,4651,rotoguru
2016,9,Geoff Swaim,TE,dal,a,cle,3.1,2500,4668,rotoguru
2016,9,Marqueis Gray,TE,mia,h,nyj,3,2500,4595,rotoguru
2016,9,Brandon Williams,TE,sea,h,buf,2.6,2500,4590,rotoguru
2016,9,Dwayne Allen,TE,ind,a,gnb,2.5,2900,4551,rotoguru
2016,9,David Johnson,TE,pit,a,bal,2.5,2500,4450,rotoguru
2016,9,Xavier Grimble,TE,pit,a,bal,2,2500,4604,rotoguru
2016,9,Brandon Myers,TE,tam,h,atl,2,2500,4457,rotoguru
2016,9,Anthony Fasano,TE,ten,a,sdg,1.9,2500,4327,rotoguru
2016,9,Erik Swoope,TE,ind,a,gnb,1.7,2500,4626,rotoguru
2016,9,Mychal Rivera,TE,oak,h,den,1.6,2500,4574,rotoguru
2016,9,James O'Shaughnessy,TE,kan,h,jac,1,2500,4664,rotoguru
2016,9,Larry Donnell,TE,nyg,h,phi,0,2600,4585,rotoguru
2016,9,Sean McGrath,TE,sdg,h,ten,0,2500,4588,rotoguru
2016,9,Austin Seferian-Jenkins,TE,nyj,a,mia,0,2500,4602,rotoguru
2016,9,A.J. Derby,TE,den,a,oak,0,2500,4692,rotoguru
2016,9,Phillip Supernaw,TE,ten,a,sdg,0,2500,4637,rotoguru
2016,9,Nick O'Leary,TE,buf,a,sea,0,2500,4661,rotoguru
2016,9,Demetrius Harris,TE,kan,h,jac,0,2500,4642,rotoguru
2016,9,Jeff Heuerman,TE,den,a,oak,0,2500,4676,rotoguru
2016,9,Ben Koyack,TE,jac,a,kan,0,2500,4689,rotoguru
2016,9,Seth DeValve,TE,cle,h,dal,0,2500,4690,rotoguru
2016,9,Randall Telfer,TE,cle,h,dal,0,2500,4685,rotoguru
2016,9,Brandon Bostick,TE,nyj,a,mia,0,2500,4593,rotoguru
2016,9,Blake Bell,TE,sfo,h,nor,0,2500,4666,rotoguru
2016,9,Brent Celek,TE,phi,a,nyg,0,2500,4363,rotoguru
2016,9,Alan Cross,TE,tam,h,atl,0,2500,4682,rotoguru
2016,9,Nick Vannett,TE,sea,h,buf,0,2500,4688,rotoguru
2016,9,Luke Stocker,TE,tam,h,atl,0,2500,4532,rotoguru
2016,9,Cory Harkey,TE,lar,h,car,0,2500,4565,rotoguru
2016,9,Asante Cleveland,TE,sdg,h,ten,0,2500,4644,rotoguru
2016,9,Clay Harbor,TE,det,a,min,0,2500,4495,rotoguru
2016,9,Joshua Perkins,TE,atl,a,tam,0,2500,4693,rotoguru
2016,9,San Diego Defense,Def,sdg,h,ten,14,3000,7026,rotoguru
2016,9,Miami Defense,Def,mia,h,nyj,13,3100,7016,rotoguru
2016,9,Baltimore Defense,Def,bal,h,pit,13,3300,7003,rotoguru
2016,9,Kansas City Defense,Def,kan,h,jac,11,3500,7015,rotoguru
2016,9,Indianapolis Defense,Def,ind,a,gnb,11,2100,7013,rotoguru
2016,9,Carolina Defense,Def,car,a,lar,10,3400,7005,rotoguru
2016,9,New Orleans Defense,Def,nor,a,sfo,9,2300,7019,rotoguru
2016,9,Los Angeles Defense,Def,lar,h,car,9,2400,7025,rotoguru
2016,9,Dallas Defense,Def,dal,a,cle,8,3400,7009,rotoguru
2016,9,New York G Defense,Def,nyg,h,phi,8,3200,7020,rotoguru
2016,9,Oakland Defense,Def,oak,h,den,7,2700,7022,rotoguru
2016,9,Seattle Defense,Def,sea,h,buf,7,3900,7028,rotoguru
2016,9,Atlanta Defense,Def,atl,a,tam,6,2700,7002,rotoguru
2016,9,Buffalo Defense,Def,buf,a,sea,5,2800,7004,rotoguru
2016,9,Detroit Defense,Def,det,a,min,5,2500,7011,rotoguru
2016,9,Green Bay Defense,Def,gnb,h,ind,5,2700,7012,rotoguru
2016,9,Pittsburgh Defense,Def,pit,a,bal,5,2900,7024,rotoguru
2016,9,Philadelphia Defense,Def,phi,a,nyg,4,3100,7023,rotoguru
2016,9,Jacksonville Defense,Def,jac,a,kan,3,2300,7014,rotoguru
2016,9,Minnesota Defense,Def,min,h,det,3,4000,7017,rotoguru
2016,9,Denver Defense,Def,den,a,oak,1,3700,7010,rotoguru
2016,9,New York J Defense,Def,nyj,a,mia,1,2800,7021,rotoguru
2016,9,Tampa Bay Defense,Def,tam,h,atl,0,2500,7029,rotoguru
2016,9,Tennessee Defense,Def,ten,a,sdg,0,2600,7030,rotoguru
2016,9,San Francisco Defense,Def,sfo,h,nor,-3,2100,7027,rotoguru
2016,9,Cleveland Defense,Def,cle,h,dal,-4,2200,7008,rotoguru
2016,10,Aaron Rodgers,QB,gnb,a,ten,32.54,7600,1252,rotoguru
2016,10,Ben Roethlisberger,QB,pit,h,dal,31.42,6800,1232,rotoguru
2016,10,Russell Wilson,QB,sea,a,nwe,29.52,6200,1412,rotoguru
2016,10,Marcus Mariota,QB,ten,h,gnb,28.6,5700,1466,rotoguru
2016,10,Drew Brees,QB,nor,h,den,26.02,6900,1151,rotoguru
2016,10,Cam Newton,QB,car,h,kan,24.84,6800,1378,rotoguru
2016,10,Joe Flacco,QB,bal,h,cle,24.14,6200,1302,rotoguru
2016,10,Philip Rivers,QB,sdg,h,mia,24.04,6700,1231,rotoguru
2016,10,Colin Kaepernick,QB,sfo,a,ari,23.9,5800,1404,rotoguru
2016,10,Dak Prescott,QB,dal,a,pit,22.76,6100,1501,rotoguru
2016,10,Jameis Winston,QB,tam,h,chi,22.48,6300,1465,rotoguru
2016,10,Sam Bradford,QB,min,a,was,22.28,5000,1344,rotoguru
2016,10,Carson Palmer,QB,ari,h,sfo,20.64,6500,1207,rotoguru
2016,10,Eli Manning,QB,nyg,h,cin,20,5900,1225,rotoguru
2016,10,Blake Bortles,QB,jac,h,hou,19.7,5500,1442,rotoguru
2016,10,Ryan Tannehill,QB,mia,a,sdg,19.2,5300,1410,rotoguru
2016,10,Kirk Cousins,QB,was,h,min,18.38,5400,1415,rotoguru
2016,10,Trevor Siemian,QB,den,a,nor,16.82,5600,1488,rotoguru
2016,10,Tom Brady,QB,nwe,h,sea,15.34,7400,1131,rotoguru
2016,10,Brock Osweiler,QB,hou,a,jac,14.26,5400,1414,rotoguru
2016,10,Matt Ryan,QB,atl,a,phi,13.68,7300,1301,rotoguru
2016,10,Andy Dalton,QB,cin,a,nyg,12.66,5800,1403,rotoguru
2016,10,Bryce Petty,QB,nyj,h,lar,9.52,5000,1472,rotoguru
2016,10,Alex Smith,QB,kan,a,car,9.42,5400,1254,rotoguru
2016,10,Carson Wentz,QB,phi,h,atl,9.24,5400,1514,rotoguru
2016,10,Jay Cutler,QB,chi,a,tam,8.98,5300,1263,rotoguru
2016,10,Cody Kessler,QB,cle,a,bal,7.94,5000,1492,rotoguru
2016,10,Case Keenum,QB,lar,a,nyj,7.7,5000,1435,rotoguru
2016,10,Brett Hundley,QB,gnb,a,ten,0.32,5000,1470,rotoguru
2016,10,Kevin Hogan,QB,cle,a,bal,0.1,5000,1495,rotoguru
2016,10,Landry Jones,QB,pit,h,dal,0,5000,1430,rotoguru
2016,10,Mike Glennon,QB,tam,h,chi,0,5000,1420,rotoguru
2016,10,Joe Webb,QB,car,h,kan,0,5000,5071,rotoguru
2016,10,Kellen Clemens,QB,sdg,h,mia,0,5000,1262,rotoguru
2016,10,Ryan Mallett,QB,bal,h,cle,-0.3,5000,1401,rotoguru
2016,10,Josh McCown,QB,cle,a,bal,-0.64,5200,1175,rotoguru
2016,10,Ezekiel Elliott,RB,dal,a,pit,43.9,7900,5444,rotoguru
2016,10,Le'Veon Bell,RB,pit,h,dal,34.4,7700,2888,rotoguru
2016,10,Ryan Mathews,RB,phi,h,atl,32.9,3700,2754,rotoguru
2016,10,DeMarco Murray,RB,ten,h,gnb,31,6900,2831,rotoguru
2016,10,David Johnson,RB,ari,h,sfo,27.1,8400,5395,rotoguru
2016,10,LeGarrette Blount,RB,nwe,h,sea,24.9,4900,2721,rotoguru
2016,10,C.J. Prosise,RB,sea,a,nwe,22.3,3900,5448,rotoguru
2016,10,Bilal Powell,RB,nyj,h,lar,21.9,5000,2819,rotoguru
2016,10,Melvin Gordon,RB,sdg,h,mia,18.2,7100,2991,rotoguru
2016,10,Darren Sproles,RB,phi,h,atl,15.6,4300,2484,rotoguru
2016,10,Damien Williams,RB,mia,a,sdg,15,3900,2957,rotoguru
2016,10,Rashad Jennings,RB,nyg,h,cin,13.9,3600,2658,rotoguru
2016,10,James Starks,RB,gnb,a,ten,13.4,4200,2777,rotoguru
2016,10,Kenneth Dixon,RB,bal,h,cle,13,3900,5469,rotoguru
2016,10,Matt Forte,RB,nyj,h,lar,12.9,6100,2613,rotoguru
2016,10,Jordan Howard,RB,chi,a,tam,12,6000,5447,rotoguru
2016,10,Doug Martin,RB,tam,h,chi,11.6,5800,2858,rotoguru
2016,10,Devonta Freeman,RB,atl,a,phi,11.1,6800,2930,rotoguru
2016,10,Devontae Booker,RB,den,a,nor,10.8,7000,5468,rotoguru
2016,10,Jeremy Hill,RB,cin,a,nyg,10.6,4400,2928,rotoguru
2016,10,Rob Kelley,RB,was,h,min,10.5,3600,5493,rotoguru
2016,10,Spencer Ware,RB,kan,a,car,10.2,6700,2914,rotoguru
2016,10,Jay Ajayi,RB,mia,a,sdg,9,7000,2998,rotoguru
2016,10,T.J. Yeldon,RB,jac,h,hou,8.9,3700,2993,rotoguru
2016,10,Terrance West,RB,bal,h,cle,8.7,5700,2929,rotoguru
2016,10,Matt Asiata,RB,min,a,was,8.5,3800,2873,rotoguru
2016,10,Isaiah Crowell,RB,cle,a,bal,8.3,4200,2969,rotoguru
2016,10,Lamar Miller,RB,hou,a,jac,8.3,6400,2859,rotoguru
2016,10,Mark Ingram,RB,nor,h,den,8.3,5400,2793,rotoguru
2016,10,Todd Gurley,RB,lar,a,nyj,8.2,5300,2992,rotoguru
2016,10,James White,RB,nwe,h,sea,7.7,4500,2954,rotoguru
2016,10,Benny Cunningham,RB,lar,a,nyj,7.7,3700,2911,rotoguru
2016,10,Tim Hightower,RB,nor,h,den,7.5,4600,2604,rotoguru
2016,10,Wendell Smallwood,RB,phi,h,atl,7,3700,5473,rotoguru
2016,10,Giovani Bernard,RB,cin,a,nyg,6.6,4600,2889,rotoguru
2016,10,Jeremy Langford,RB,chi,a,tam,6.6,3700,5371,rotoguru
2016,10,Jerick McKinnon,RB,min,a,was,6.3,3800,2935,rotoguru
2016,10,Akeem Hunt,RB,hou,a,jac,6.3,0,5431,rotoguru
2016,10,Chris Ivory,RB,jac,h,hou,6.1,3400,2741,rotoguru
2016,10,Duke Johnson,RB,cle,a,bal,6.1,4000,2997,rotoguru
2016,10,Chris Thompson,RB,was,h,min,5.6,4000,2915,rotoguru
2016,10,Kyle Juszczyk,RB,bal,h,cle,4.7,3000,2908,rotoguru
2016,10,Travaris Cadet,RB,nor,h,den,4.6,3000,2869,rotoguru
2016,10,Charcandrick West,RB,kan,a,car,4,5200,2987,rotoguru
2016,10,Ty Montgomery,RB,gnb,a,ten,4,6500,5392,rotoguru
2016,10,Jonathan Stewart,RB,car,h,kan,3.9,4900,2612,rotoguru
2016,10,Peyton Barber,RB,tam,h,chi,3.8,3900,5507,rotoguru
2016,10,Christine Michael,RB,sea,a,nwe,3.6,5900,2898,rotoguru
2016,10,Paul Perkins,RB,nyg,h,cin,3.1,3500,5472,rotoguru
2016,10,Derrick Henry,RB,ten,h,gnb,3.1,5000,5445,rotoguru
2016,10,Alfred Morris,RB,dal,a,pit,2.9,4900,2871,rotoguru
2016,10,Ka'Deem Carey,RB,chi,a,tam,2.5,3700,2972,rotoguru
2016,10,Fozzy Whittaker,RB,car,h,kan,2.4,3200,2916,rotoguru
2016,10,Alfred Blue,RB,hou,a,jac,2.3,4800,2960,rotoguru
2016,10,Kapri Bibbs,RB,den,a,nor,2.2,4000,2963,rotoguru
2016,10,Mike James,RB,tam,h,chi,2.2,3300,2895,rotoguru
2016,10,Andy Janovich,RB,den,a,nor,1.9,3000,5482,rotoguru
2016,10,DuJuan Harris,RB,sfo,a,ari,1.4,4100,2802,rotoguru
2016,10,Carlos Hyde,RB,sfo,a,ari,1.4,5500,2933,rotoguru
2016,10,Paul Lasike,RB,chi,a,tam,1.3,0,5373,rotoguru
2016,10,Kenyan Drake,RB,mia,a,sdg,0.9,3000,5446,rotoguru
2016,10,Zach Line,RB,min,a,was,0.5,3000,2912,rotoguru
2016,10,C.J. Spiller,RB,nyj,h,lar,0.4,3000,2775,rotoguru
2016,10,Javorius Allen,RB,bal,h,cle,0.3,3000,5370,rotoguru
2016,10,Ronnie Hillman,RB,min,a,was,0.2,3500,2856,rotoguru
2016,10,Alex Collins,RB,sea,a,nwe,0.2,3000,5450,rotoguru
2016,10,Lance Dunbar,RB,dal,a,pit,0,3000,2880,rotoguru
2016,10,Kenneth Farrow,RB,sdg,h,mia,0,3700,5494,rotoguru
2016,10,Will Tukuafu,RB,sea,a,nwe,0,3000,2986,rotoguru
2016,10,James Develin,RB,nwe,h,sea,0,3000,2825,rotoguru
2016,10,John Kuhn,RB,nor,h,den,0,3000,2549,rotoguru
2016,10,Rex Burkhead,RB,cin,a,nyg,0,3000,2890,rotoguru
2016,10,Orleans Darkwa,RB,nyg,h,cin,0,3000,2976,rotoguru
2016,10,Denard Robinson,RB,jac,h,hou,0,3000,2901,rotoguru
2016,10,Malcolm Brown,RB,lar,a,nyj,0,3000,5441,rotoguru
2016,10,Chase Reynolds,RB,lar,a,nyj,0,3000,2919,rotoguru
2016,10,Kenjon Barner,RB,phi,h,atl,0,3000,2887,rotoguru
2016,10,Stepfan Taylor,RB,ari,h,sfo,0,3000,2903,rotoguru
2016,10,Antonio Andrews,RB,ten,h,gnb,0,3000,2940,rotoguru
2016,10,Anthony Sherman,RB,kan,a,car,0,3000,2822,rotoguru
2016,10,Brandon Bolden,RB,nwe,h,sea,0,3000,2874,rotoguru
2016,10,Bobby Rainey,RB,nyg,h,cin,0,3000,2863,rotoguru
2016,10,Mike Tolbert,RB,car,h,kan,0,3000,2647,rotoguru
2016,10,Derek Watt,RB,sdg,h,mia,0,3300,5504,rotoguru
2016,10,Keith Smith,RB,dal,a,pit,0,3000,5492,rotoguru
2016,10,Roosevelt Nix,RB,pit,h,dal,0,3000,5403,rotoguru
2016,10,Tyler Ervin,RB,hou,a,jac,0,3000,5470,rotoguru
2016,10,Kerwynn Williams,RB,ari,h,sfo,0,3000,2918,rotoguru
2016,10,George Atkinson,RB,cle,a,bal,0,3000,2949,rotoguru
2016,10,Shaun Draughn,RB,sfo,a,ari,0,3400,2875,rotoguru
2016,10,Patrick DiMarco,RB,atl,a,phi,0,3000,2805,rotoguru
2016,10,Lorenzo Taliaferro,RB,bal,h,cle,0,3000,2975,rotoguru
2016,10,Jalston Fowler,RB,ten,h,gnb,0,3000,5413,rotoguru
2016,10,Knile Davis,RB,kan,a,car,0,4000,2891,rotoguru
2016,10,Aaron Ripkowski,RB,gnb,a,ten,0,3000,5406,rotoguru
2016,10,Fitzgerald Toussaint,RB,pit,h,dal,0,3000,2990,rotoguru
2016,10,Jay Prosch,RB,hou,a,jac,0,3000,2980,rotoguru
2016,10,Terron Ward,RB,atl,a,phi,-0.1,3500,5375,rotoguru
2016,10,Andre Ellington,RB,ari,h,sfo,-0.1,3500,2892,rotoguru
2016,10,Antonio Brown,WR,pit,h,dal,37.4,8900,3474,rotoguru
2016,10,Jordy Nelson,WR,gnb,a,ten,33.6,7500,3751,rotoguru
2016,10,Stefon Diggs,WR,min,a,was,32.4,6200,5424,rotoguru
2016,10,Allen Robinson,WR,jac,h,hou,30.7,7000,5258,rotoguru
2016,10,Doug Baldwin,WR,sea,a,nwe,29.9,5800,5136,rotoguru
2016,10,Larry Fitzgerald,WR,ari,h,sfo,28.3,7600,3501,rotoguru
2016,10,Dez Bryant,WR,dal,a,pit,26.6,7000,3891,rotoguru
2016,10,Tyrell Williams,WR,sdg,h,mia,26.5,5700,5432,rotoguru
2016,10,Julio Jones,WR,atl,a,phi,26.5,9500,5089,rotoguru
2016,10,Odell Beckham Jr.,WR,nyg,h,cin,25.7,8800,5323,rotoguru
2016,10,Davante Adams,WR,gnb,a,ten,24.6,6300,5263,rotoguru
2016,10,Demaryius Thomas,WR,den,a,nor,22.7,6700,3997,rotoguru
2016,10,Willie Snead,WR,nor,h,den,21.7,5300,5287,rotoguru
2016,10,Kenny Britt,WR,lar,a,nyj,20.9,4900,3824,rotoguru
2016,10,Tyreek Hill,WR,kan,a,car,20.1,3800,5485,rotoguru
2016,10,A.J. Green,WR,cin,a,nyg,19.8,8500,5091,rotoguru
2016,10,Jeremy Kerley,WR,sfo,a,ari,19.1,3700,5111,rotoguru
2016,10,Brandin Cooks,WR,nor,h,den,18.8,7000,5255,rotoguru
2016,10,DeVante Parker,WR,mia,a,sdg,18.3,4300,5380,rotoguru
2016,10,Michael Floyd,WR,ari,h,sfo,18.1,3800,5148,rotoguru
2016,10,Steve Smith,WR,bal,h,cle,17,5500,3328,rotoguru
2016,10,Julian Edelman,WR,nwe,h,sea,15.9,6000,3826,rotoguru
2016,10,Tajae Sharpe,WR,ten,h,gnb,15.8,3000,5461,rotoguru
2016,10,Breshad Perriman,WR,bal,h,cle,15.4,3600,5379,rotoguru
2016,10,Rishard Matthews,WR,ten,h,gnb,15.3,4200,5182,rotoguru
2016,10,Sterling Shepard,WR,nyg,h,cin,15.2,4500,5456,rotoguru
2016,10,Taylor Gabriel,WR,atl,a,phi,14.6,3400,5361,rotoguru
2016,10,Devin Funchess,WR,car,h,kan,14.6,3200,5381,rotoguru
2016,10,Kelvin Benjamin,WR,car,h,kan,14.4,6800,5257,rotoguru
2016,10,Jamison Crowder,WR,was,h,min,14.4,5000,5410,rotoguru
2016,10,Eli Rogers,WR,pit,h,dal,14.2,3500,5478,rotoguru
2016,10,Pierre Garcon,WR,was,h,min,14.1,3600,3754,rotoguru
2016,10,Jordan Matthews,WR,phi,h,atl,13.3,5900,5254,rotoguru
2016,10,Kenny Stills,WR,mia,a,sdg,12.7,3700,5212,rotoguru
2016,10,Adam Thielen,WR,min,a,was,12.2,3800,5333,rotoguru
2016,10,Cameron Meredith,WR,chi,a,tam,12,4400,5417,rotoguru
2016,10,Freddie Martino,WR,tam,h,chi,11.3,3000,5366,rotoguru
2016,10,Jarvis Landry,WR,mia,a,sdg,11.3,7200,5335,rotoguru
2016,10,Jordan Taylor,WR,den,a,nor,11.2,3000,5501,rotoguru
2016,10,Mike Evans,WR,tam,h,chi,10.6,9000,5253,rotoguru
2016,10,Emmanuel Sanders,WR,den,a,nor,10.4,6800,3983,rotoguru
2016,10,Tyler Lockett,WR,sea,a,nwe,10.2,3600,5386,rotoguru
2016,10,Robby Anderson,WR,nyj,h,lar,9.9,3000,5502,rotoguru
2016,10,Mike Wallace,WR,bal,h,cle,9.9,6200,3809,rotoguru
2016,10,DeAndre Hopkins,WR,hou,a,jac,9.8,7100,5206,rotoguru
2016,10,Terrelle Pryor,WR,cle,a,bal,9.8,6100,1407,rotoguru
2016,10,Adam Humphries,WR,tam,h,chi,9.8,3700,5412,rotoguru
2016,10,Marqise Lee,WR,jac,h,hou,9.6,3900,5256,rotoguru
2016,10,Ted Ginn Jr.,WR,car,h,kan,9.5,3700,3670,rotoguru
2016,10,Dontrelle Inman,WR,sdg,h,mia,9.3,3400,5097,rotoguru
2016,10,Kendall Wright,WR,ten,h,gnb,8.8,4100,5162,rotoguru
2016,10,Alshon Jeffery,WR,chi,a,tam,8.7,6600,5153,rotoguru
2016,10,Cole Beasley,WR,dal,a,pit,8.3,5400,5163,rotoguru
2016,10,Quinton Patton,WR,sfo,a,ari,8.2,3000,5209,rotoguru
2016,10,Paul Richardson,WR,sea,a,nwe,7.2,3000,5260,rotoguru
2016,10,Randall Cobb,WR,gnb,a,ten,7.1,6400,5125,rotoguru
2016,10,Albert Wilson,WR,kan,a,car,6.5,3300,5339,rotoguru
2016,10,John Brown,WR,ari,h,sfo,6,4900,5264,rotoguru
2016,10,Michael Thomas,WR,nor,h,den,6,6100,5459,rotoguru
2016,10,Cecil Shorts,WR,tam,h,chi,5.8,3000,5103,rotoguru
2016,10,Maurice Harris,WR,was,h,min,5.8,3000,5512,rotoguru
2016,10,Brandon Marshall,WR,nyj,h,lar,5.5,6900,3627,rotoguru
2016,10,Tavon Austin,WR,lar,a,nyj,4.9,4100,5199,rotoguru
2016,10,Cobi Hamilton,WR,pit,h,dal,4.9,3000,5288,rotoguru
2016,10,Jordan Norwood,WR,den,a,nor,4.8,3000,3828,rotoguru
2016,10,Cordarrelle Patterson,WR,min,a,was,4.7,3400,5208,rotoguru
2016,10,Corey Coleman,WR,cle,a,bal,4.7,5100,5452,rotoguru
2016,10,Jermaine Kearse,WR,sea,a,nwe,4.6,3000,5186,rotoguru
2016,10,Torrey Smith,WR,sfo,a,ari,4.6,3800,5113,rotoguru
2016,10,J.J. Nelson,WR,ari,h,sfo,3.9,4200,5409,rotoguru
2016,10,Brian Quick,WR,lar,a,nyj,3.6,3700,5157,rotoguru
2016,10,Kamar Aiken,WR,bal,h,cle,3.5,3900,5275,rotoguru
2016,10,Eddie Royal,WR,chi,a,tam,3.4,3700,3748,rotoguru
2016,10,Mohamed Sanu,WR,atl,a,phi,3.4,4600,5159,rotoguru
2016,10,Allen Hurns,WR,jac,h,hou,3.3,4400,5341,rotoguru
2016,10,Tyler Boyd,WR,cin,a,nyg,3.2,3000,5455,rotoguru
2016,10,Charone Peake,WR,nyj,h,lar,2.9,3000,5506,rotoguru
2016,10,Brandon Coleman,WR,nor,h,den,2.9,3000,5326,rotoguru
2016,10,Nelson Agholor,WR,phi,h,atl,2.7,3100,5378,rotoguru
2016,10,Geronimo Allison,WR,gnb,a,ten,2.7,3000,5511,rotoguru
2016,10,Danny Amendola,WR,nwe,h,sea,2.4,3200,3851,rotoguru
2016,10,Malcolm Mitchell,WR,nwe,h,sea,2.3,3000,5488,rotoguru
2016,10,Chris Conley,WR,kan,a,car,2.2,3500,5385,rotoguru
2016,10,Rod Streater,WR,sfo,a,ari,2.1,3000,5169,rotoguru
2016,10,Griff Whalen,WR,sdg,h,mia,2,3000,5234,rotoguru
2016,10,Braxton Miller,WR,hou,a,jac,2,3000,5476,rotoguru
2016,10,Jarius Wright,WR,min,a,was,1.9,3000,5188,rotoguru
2016,10,Brandon LaFell,WR,cin,a,nyg,1.9,4000,3946,rotoguru
2016,10,Quincy Enunwa,WR,nyj,h,lar,1.7,4700,5420,rotoguru
2016,10,Pharoh Cooper,WR,lar,a,nyj,1.6,3000,5462,rotoguru
2016,10,Tavarres King,WR,nyg,h,cin,1.6,3000,5273,rotoguru
2016,10,Lucky Whitehead,WR,dal,a,pit,1.5,3000,5400,rotoguru
2016,10,Terrance Williams,WR,dal,a,pit,1.5,3600,5216,rotoguru
2016,10,Corey Brown,WR,car,h,kan,1.3,3000,5362,rotoguru
2016,10,Roger Lewis,WR,nyg,h,cin,1.2,3300,5508,rotoguru
2016,10,Aldrick Robinson,WR,atl,a,phi,1.2,3000,5134,rotoguru
2016,10,Chris Moore,WR,bal,h,cle,1,3000,5479,rotoguru
2016,10,Marc Mariani,WR,ten,h,gnb,0,3000,3949,rotoguru
2016,10,Brice Butler,WR,dal,a,pit,0,3500,5219,rotoguru
2016,10,Deonte Thompson,WR,chi,a,tam,0,3000,5160,rotoguru
2016,10,Chris Hogan,WR,nwe,h,sea,0,4500,5167,rotoguru
2016,10,Bennie Fowler,WR,den,a,nor,0,3000,5353,rotoguru
2016,10,Bradley Marquez,WR,lar,a,nyj,0,3000,5428,rotoguru
2016,10,Alex Erickson,WR,cin,a,nyg,0,3000,5480,rotoguru
2016,10,Brittan Golden,WR,ari,h,sfo,0,3000,5239,rotoguru
2016,10,Eric Weems,WR,atl,a,phi,0,3000,3732,rotoguru
2016,10,Ricardo Louis,WR,cle,a,bal,0,3000,5481,rotoguru
2016,10,De'Anthony Thomas,WR,kan,a,car,0,3000,2958,rotoguru
2016,10,Demarcus Robinson,WR,kan,a,car,0,3000,5515,rotoguru
2016,10,Mike Thomas,WR,lar,a,nyj,0,3000,5503,rotoguru
2016,10,Jake Lampman,WR,nor,h,den,0,3000,5514,rotoguru
2016,10,Arrelious Benn,WR,jac,h,hou,0,3000,3885,rotoguru
2016,10,Andrew Hawkins,WR,cle,a,bal,0,3200,5140,rotoguru
2016,10,Rashard Higgins,WR,cle,a,bal,0,3000,5475,rotoguru
2016,10,Cody Latimer,WR,den,a,nor,0,3000,5268,rotoguru
2016,10,Jeff Janis,WR,gnb,a,ten,0,3100,5351,rotoguru
2016,10,Isaiah Burse,WR,sdg,h,mia,0,3000,5363,rotoguru
2016,10,Harry Douglas,WR,ten,h,gnb,0,3000,3731,rotoguru
2016,10,Dorial Green-Beckham,WR,phi,h,atl,0,3000,5382,rotoguru
2016,10,Rashad Greene,WR,jac,h,hou,0,3000,5391,rotoguru
2016,10,Brenton Bersin,WR,car,h,kan,0,3000,5292,rotoguru
2016,10,Jalin Marshall,WR,nyj,h,lar,0,3200,5489,rotoguru
2016,10,Sammie Coates,WR,pit,h,dal,0,4000,5388,rotoguru
2016,10,Matthew Slater,WR,nwe,h,sea,0,3000,3760,rotoguru
2016,10,Rashad Ross,WR,was,h,min,0,3000,5365,rotoguru
2016,10,Keith Mumphery,WR,hou,a,jac,0,3000,5407,rotoguru
2016,10,Bryce Treggs,WR,phi,h,atl,0,3000,5513,rotoguru
2016,10,Leonte Carroo,WR,mia,a,sdg,0,3000,5474,rotoguru
2016,10,Devin Hester,WR,bal,h,cle,0,3000,3593,rotoguru
2016,10,Aaron Burbridge,WR,sfo,a,ari,0,3000,5497,rotoguru
2016,10,Josh Bellamy,WR,chi,a,tam,0,3000,5191,rotoguru
2016,10,Justin Hardy,WR,atl,a,phi,0,3000,5387,rotoguru
2016,10,Charles Johnson,WR,min,a,was,0,3000,3103,rotoguru
2016,10,Dwayne Harris,WR,nyg,h,cin,0,3000,5130,rotoguru
2016,10,Jakeem Grant,WR,mia,a,sdg,-1,3000,5486,rotoguru
2016,10,Trevor Davis,WR,gnb,a,ten,-1,3000,5498,rotoguru
2016,10,Delanie Walker,TE,ten,h,gnb,30.4,4600,4360,rotoguru
2016,10,Cameron Brate,TE,tam,h,chi,21.4,3500,4648,rotoguru
2016,10,Martellus Bennett,TE,nwe,h,sea,20.2,3400,4407,rotoguru
2016,10,Kyle Rudolph,TE,min,a,was,17.9,3600,4537,rotoguru
2016,10,Antonio Gates,TE,sdg,h,mia,16.3,3900,4270,rotoguru
2016,10,Vernon Davis,TE,was,h,min,15.6,2700,4323,rotoguru
2016,10,Julius Thomas,TE,jac,h,hou,14.4,2900,4534,rotoguru
2016,10,Tyler Eifert,TE,cin,a,nyg,12.6,5200,4568,rotoguru
2016,10,Jason Witten,TE,dal,a,pit,11.9,4000,4262,rotoguru
2016,10,Zach Ertz,TE,phi,h,atl,11.5,3700,4569,rotoguru
2016,10,Jerell Adams,TE,nyg,h,cin,10.8,2500,4686,rotoguru
2016,10,Will Tye,TE,nyg,h,cin,10.3,2500,4670,rotoguru
2016,10,Jesse James,TE,pit,h,dal,9.9,2700,4653,rotoguru
2016,10,Ryan Griffin,TE,hou,a,jac,9.7,2500,4592,rotoguru
2016,10,Seth DeValve,TE,cle,a,bal,9.5,2500,4690,rotoguru
2016,10,Darren Waller,TE,bal,h,cle,9.4,2500,5419,rotoguru
2016,10,Hunter Henry,TE,sdg,h,mia,9.1,3000,4675,rotoguru
2016,10,Vance McDonald,TE,sfo,a,ari,9,2700,4572,rotoguru
2016,10,Greg Olsen,TE,car,h,kan,8.9,5900,4368,rotoguru
2016,10,Jimmy Graham,TE,sea,a,nwe,8.8,5300,4492,rotoguru
2016,10,Dennis Pitta,TE,bal,h,cle,8.6,4000,4516,rotoguru
2016,10,Rob Gronkowski,TE,nwe,h,sea,8.6,6900,4494,rotoguru
2016,10,Travis Kelce,TE,kan,a,car,8.1,5600,4582,rotoguru
2016,10,Anthony Fasano,TE,ten,h,gnb,7.9,2500,4327,rotoguru
2016,10,Jermaine Gresham,TE,ari,h,sfo,7.7,2500,4493,rotoguru
2016,10,Stephen Anderson,TE,hou,a,jac,7.7,2500,4679,rotoguru
2016,10,Zach Miller,TE,chi,a,tam,7.2,3600,4461,rotoguru
2016,10,Richard Rodgers,TE,gnb,a,ten,6.7,2800,4629,rotoguru
2016,10,Ben Koyack,TE,jac,h,hou,6.5,2500,4689,rotoguru
2016,10,Jordan Reed,TE,was,h,min,6.1,6200,4573,rotoguru
2016,10,Ladarius Green,TE,pit,h,dal,6,2500,4562,rotoguru
2016,10,C.J. Fiedorowicz,TE,hou,a,jac,5.6,3500,4640,rotoguru
2016,10,Coby Fleener,TE,nor,h,den,4.6,3300,4552,rotoguru
2016,10,Virgil Green,TE,den,a,nor,4.4,2900,4542,rotoguru
2016,10,A.J. Derby,TE,den,a,nor,4.2,2500,4692,rotoguru
2016,10,Marqueis Gray,TE,mia,a,sdg,3.8,2500,4595,rotoguru
2016,10,Ed Dickson,TE,car,h,kan,3.6,2500,4482,rotoguru
2016,10,Marcedes Lewis,TE,jac,h,hou,2.9,2500,4324,rotoguru
2016,10,Rhett Ellison,TE,min,a,was,2.8,2500,4554,rotoguru
2016,10,Sean McGrath,TE,sdg,h,mia,2.2,2500,4588,rotoguru
2016,10,Luke Stocker,TE,tam,h,chi,2.1,2500,4532,rotoguru
2016,10,Brent Celek,TE,phi,h,atl,1.9,2500,4363,rotoguru
2016,10,Gary Barnidge,TE,cle,a,bal,1.8,3400,4401,rotoguru
2016,10,Austin Hooper,TE,atl,a,phi,1.8,3100,4677,rotoguru
2016,10,Brandon Myers,TE,tam,h,chi,1.6,2500,4457,rotoguru
2016,10,Ross Travis,TE,kan,a,car,1.5,2500,4681,rotoguru
2016,10,Xavier Grimble,TE,pit,h,dal,1.5,2500,4604,rotoguru
2016,10,David Johnson,TE,pit,h,dal,1.2,2500,4450,rotoguru
2016,10,Lance Kendricks,TE,lar,a,nyj,1,3000,4538,rotoguru
2016,10,Randall Telfer,TE,cle,a,bal,0.7,2500,4685,rotoguru
2016,10,Justin Perillo,TE,gnb,a,ten,0,2500,4628,rotoguru
2016,10,Garrett Celek,TE,sfo,a,ari,0,2600,4564,rotoguru
2016,10,Larry Donnell,TE,nyg,h,cin,0,2500,4585,rotoguru
2016,10,Clark Harris,TE,cin,a,nyg,0,2500,4391,rotoguru
2016,10,Trey Burton,TE,phi,h,atl,0,2500,4618,rotoguru
2016,10,Tyler Higbee,TE,lar,a,nyj,0,2500,4680,rotoguru
2016,10,Dion Sims,TE,mia,a,sdg,0,2500,4576,rotoguru
2016,10,Logan Paulsen,TE,chi,a,tam,0,2500,4513,rotoguru
2016,10,Darren Fells,TE,ari,h,sfo,0,2500,4609,rotoguru
2016,10,Hakeem Valles,TE,ari,h,sfo,0,2500,4687,rotoguru
2016,10,Neal Sterling,TE,jac,h,hou,0,2500,4684,rotoguru
2016,10,James O'Shaughnessy,TE,kan,a,car,0,2500,4664,rotoguru
2016,10,Phillip Supernaw,TE,ten,h,gnb,0,2500,4637,rotoguru
2016,10,Geoff Swaim,TE,dal,a,pit,0,2500,4668,rotoguru
2016,10,Demetrius Harris,TE,kan,a,car,0,2500,4642,rotoguru
2016,10,C.J. Uzomah,TE,cin,a,nyg,0,2500,4656,rotoguru
2016,10,Gavin Escobar,TE,dal,a,pit,0,2500,4570,rotoguru
2016,10,Jeff Heuerman,TE,den,a,nor,0,2500,4676,rotoguru
2016,10,Dominique Jones,TE,mia,a,sdg,0,2500,4555,rotoguru
2016,10,Brandon Bostick,TE,nyj,h,lar,0,2500,4593,rotoguru
2016,10,Tyler Kroft,TE,cin,a,nyg,0,2500,4652,rotoguru
2016,10,Blake Bell,TE,sfo,a,ari,0,2500,4666,rotoguru
2016,10,Ryan Hewitt,TE,cin,a,nyg,0,2500,2978,rotoguru
2016,10,Alan Cross,TE,tam,h,chi,0,2500,4682,rotoguru
2016,10,Levine Toilolo,TE,atl,a,phi,0,2500,4577,rotoguru
2016,10,Nick Vannett,TE,sea,a,nwe,0,2500,4688,rotoguru
2016,10,Josh Hill,TE,nor,h,den,0,2500,4586,rotoguru
2016,10,Cory Harkey,TE,lar,a,nyj,0,2500,4565,rotoguru
2016,10,Ben Braunecker,TE,chi,a,tam,0,2500,4691,rotoguru
2016,10,Brandon Williams,TE,sea,a,nwe,0,2500,4590,rotoguru
2016,10,Asante Cleveland,TE,sdg,h,mia,0,2500,4644,rotoguru
2016,10,Joshua Perkins,TE,atl,a,phi,0,2500,4693,rotoguru
2016,10,Tampa Bay Defense,Def,tam,h,chi,24,2700,7029,rotoguru
2016,10,Miami Defense,Def,mia,a,sdg,17,2400,7016,rotoguru
2016,10,Baltimore Defense,Def,bal,h,cle,14,3700,7003,rotoguru
2016,10,Denver Defense,Def,den,a,nor,13,3100,7010,rotoguru
2016,10,Kansas City Defense,Def,kan,a,car,13,3500,7015,rotoguru
2016,10,Houston Defense,Def,hou,a,jac,12,3800,7032,rotoguru
2016,10,Tennessee Defense,Def,ten,h,gnb,11,2400,7030,rotoguru
2016,10,New Orleans Defense,Def,nor,h,den,10,2200,7019,rotoguru
2016,10,San Francisco Defense,Def,sfo,a,ari,10,2100,7027,rotoguru
2016,10,Los Angeles Defense,Def,lar,a,nyj,10,2900,7025,rotoguru
2016,10,New York J Defense,Def,nyj,h,lar,7,2800,7021,rotoguru
2016,10,Carolina Defense,Def,car,h,kan,6,3200,7005,rotoguru
2016,10,Seattle Defense,Def,sea,a,nwe,6,3000,7028,rotoguru
2016,10,Arizona Defense,Def,ari,h,sfo,6,3700,7001,rotoguru
2016,10,Washington Defense,Def,was,h,min,6,3000,7031,rotoguru
2016,10,New York G Defense,Def,nyg,h,cin,6,2900,7020,rotoguru
2016,10,Philadelphia Defense,Def,phi,h,atl,5,2600,7023,rotoguru
2016,10,Cincinnati Defense,Def,cin,a,nyg,5,2900,7007,rotoguru
2016,10,Cleveland Defense,Def,cle,a,bal,5,2400,7008,rotoguru
2016,10,Chicago Defense,Def,chi,a,tam,5,2500,7006,rotoguru
2016,10,Atlanta Defense,Def,atl,a,phi,4,2600,7002,rotoguru
2016,10,New England Defense,Def,nwe,h,sea,4,3300,7018,rotoguru
2016,10,Minnesota Defense,Def,min,a,was,3,3600,7017,rotoguru
2016,10,San Diego Defense,Def,sdg,h,mia,3,2900,7026,rotoguru
2016,10,Jacksonville Defense,Def,jac,h,hou,2,2300,7014,rotoguru
2016,10,Dallas Defense,Def,dal,a,pit,0,2700,7009,rotoguru
2016,10,Pittsburgh Defense,Def,pit,h,dal,0,2600,7024,rotoguru
2016,10,Green Bay Defense,Def,gnb,a,ten,-2,3000,7012,rotoguru
2016,11,Aaron Rodgers,QB,gnb,a,was,32.34,7600,1252,rotoguru
2016,11,Kirk Cousins,QB,was,h,gnb,30.4,5800,1415,rotoguru
2016,11,Dak Prescott,QB,dal,h,bal,28.64,6000,1501,rotoguru
2016,11,Tom Brady,QB,nwe,a,sfo,28.4,7800,1131,rotoguru
2016,11,Russell Wilson,QB,sea,h,phi,25.28,6100,1412,rotoguru
2016,11,Derek Carr,QB,oak,h,hou,22.6,6400,1441,rotoguru
2016,11,Marcus Mariota,QB,ten,a,ind,22.5,6700,1466,rotoguru
2016,11,Jameis Winston,QB,tam,a,kan,21.44,5900,1465,rotoguru
2016,11,Alex Smith,QB,kan,h,tam,20.44,5300,1254,rotoguru
2016,11,Andrew Luck,QB,ind,h,ten,19.68,7200,1409,rotoguru
2016,11,Colin Kaepernick,QB,sfo,h,nwe,19.44,5200,1404,rotoguru
2016,11,Drew Brees,QB,nor,a,car,17.4,7600,1151,rotoguru
2016,11,Andy Dalton,QB,cin,h,buf,17.28,5700,1403,rotoguru
2016,11,Eli Manning,QB,nyg,h,chi,17.18,6300,1225,rotoguru
2016,11,Carson Wentz,QB,phi,a,sea,16.92,5000,1514,rotoguru
2016,11,Ryan Tannehill,QB,mia,a,lar,15.78,5100,1410,rotoguru
2016,11,Joe Flacco,QB,bal,a,dal,15.36,5500,1302,rotoguru
2016,11,Carson Palmer,QB,ari,a,min,15.02,5600,1207,rotoguru
2016,11,Brock Osweiler,QB,hou,a,oak,15.02,5100,1414,rotoguru
2016,11,Blake Bortles,QB,jac,a,det,14.38,5400,1442,rotoguru
2016,11,Jay Cutler,QB,chi,a,nyg,13.38,5200,1263,rotoguru
2016,11,Cam Newton,QB,car,h,nor,12.38,7900,1378,rotoguru
2016,11,Matthew Stafford,QB,det,h,jac,11.12,6600,1340,rotoguru
2016,11,Sam Bradford,QB,min,h,ari,9.66,5100,1344,rotoguru
2016,11,Tyrod Taylor,QB,buf,a,cin,9.54,5600,1400,rotoguru
2016,11,Josh McCown,QB,cle,h,pit,8.82,5000,1175,rotoguru
2016,11,Ben Roethlisberger,QB,pit,a,cle,8.68,7500,1232,rotoguru
2016,11,Jared Goff,QB,lar,h,mia,6.46,5000,1490,rotoguru
2016,11,Cody Kessler,QB,cle,h,pit,4.32,5000,1492,rotoguru
2016,11,Joe Webb,QB,car,h,nor,0,5000,5071,rotoguru
2016,11,Chad Henne,QB,jac,a,det,-0.2,5000,1309,rotoguru
2016,11,Trevone Boykin,QB,sea,h,phi,-0.5,5000,1493,rotoguru
2016,11,Brett Hundley,QB,gnb,a,was,-0.64,5000,1470,rotoguru
2016,11,David Johnson,RB,ari,a,min,38,7900,5395,rotoguru
2016,11,Le'Veon Bell,RB,pit,a,cle,37.1,8800,2888,rotoguru
2016,11,Rob Kelley,RB,was,h,gnb,34.7,4400,5493,rotoguru
2016,11,Rashad Jennings,RB,nyg,h,chi,23.9,3600,2658,rotoguru
2016,11,Lamar Miller,RB,hou,a,oak,22.3,5800,2859,rotoguru
2016,11,Tim Hightower,RB,nor,a,car,20.6,4700,2604,rotoguru
2016,11,James White,RB,nwe,a,sfo,18.3,4800,2954,rotoguru
2016,11,James Starks,RB,gnb,a,was,18.1,4200,2777,rotoguru
2016,11,Jamize Olawale,RB,oak,h,hou,17.7,3000,2913,rotoguru
2016,11,DeMarco Murray,RB,ten,a,ind,16.9,8200,2831,rotoguru
2016,11,Ezekiel Elliott,RB,dal,h,bal,16.7,8000,5444,rotoguru
2016,11,Chris Ivory,RB,jac,a,det,16.4,3600,2741,rotoguru
2016,11,Theo Riddick,RB,det,h,jac,16.3,5100,2907,rotoguru
2016,11,Frank Gore,RB,ind,h,ten,16.1,5000,2467,rotoguru
2016,11,C.J. Prosise,RB,sea,h,phi,16.1,4200,5448,rotoguru
2016,11,LeGarrette Blount,RB,nwe,a,sfo,15.4,6400,2721,rotoguru
2016,11,Latavius Murray,RB,oak,h,hou,14.2,5500,2899,rotoguru
2016,11,Jalen Richard,RB,oak,h,hou,14.2,3300,5490,rotoguru
2016,11,Carlos Hyde,RB,sfo,h,nwe,14,4900,2933,rotoguru
2016,11,Todd Gurley,RB,lar,h,mia,13.6,5000,2992,rotoguru
2016,11,Doug Martin,RB,tam,a,kan,13.5,5400,2858,rotoguru
2016,11,Shaun Draughn,RB,sfo,h,nwe,13.3,3200,2875,rotoguru
2016,11,Jeremy Langford,RB,chi,a,nyg,12.8,4000,5371,rotoguru
2016,11,LeSean McCoy,RB,buf,a,cin,12.5,6900,2707,rotoguru
2016,11,Terrance West,RB,bal,a,dal,12.3,4400,2929,rotoguru
2016,11,Wendell Smallwood,RB,phi,a,sea,11.9,3700,5473,rotoguru
2016,11,Thomas Rawls,RB,sea,h,phi,11.8,4300,5402,rotoguru
2016,11,Jay Ajayi,RB,mia,a,lar,11.4,6800,2998,rotoguru
2016,11,Giovani Bernard,RB,cin,h,buf,11.1,4600,2889,rotoguru
2016,11,Jordan Howard,RB,chi,a,nyg,10.9,5800,5447,rotoguru
2016,11,Jonathan Stewart,RB,car,h,nor,10.9,5900,2612,rotoguru
2016,11,Spencer Ware,RB,kan,h,tam,10.5,6000,2914,rotoguru
2016,11,Mark Ingram,RB,nor,a,car,10.5,5300,2793,rotoguru
2016,11,Matt Asiata,RB,min,h,ari,9.7,3800,2873,rotoguru
2016,11,Duke Johnson,RB,cle,h,pit,8.6,3800,2997,rotoguru
2016,11,Jeremy Hill,RB,cin,h,buf,8.3,4400,2928,rotoguru
2016,11,Dion Lewis,RB,nwe,a,sfo,7.9,3300,2816,rotoguru
2016,11,Ty Montgomery,RB,gnb,a,was,7.4,5100,5392,rotoguru
2016,11,Isaiah Crowell,RB,cle,h,pit,7.3,3900,2969,rotoguru
2016,11,Charcandrick West,RB,kan,h,tam,7.2,5000,2987,rotoguru
2016,11,Mike Gillislee,RB,buf,a,cin,7.2,4100,2894,rotoguru
2016,11,Robert Turbin,RB,ind,h,ten,6.4,3400,2867,rotoguru
2016,11,Kyle Juszczyk,RB,bal,a,dal,6.2,3000,2908,rotoguru
2016,11,Paul Perkins,RB,nyg,h,chi,5.5,3900,5472,rotoguru
2016,11,T.J. Yeldon,RB,jac,a,det,5.2,3500,2993,rotoguru
2016,11,Jerick McKinnon,RB,min,h,ari,5.1,3500,2935,rotoguru
2016,11,Dwayne Washington,RB,det,h,jac,4.1,3500,5483,rotoguru
2016,11,Reggie Bush,RB,buf,a,cin,4.1,3000,2495,rotoguru
2016,11,Kenneth Dixon,RB,bal,a,dal,4,3900,5469,rotoguru
2016,11,Lance Dunbar,RB,dal,h,bal,3.6,3000,2880,rotoguru
2016,11,Jonathan Williams,RB,buf,a,cin,3.6,3000,5451,rotoguru
2016,11,Denard Robinson,RB,jac,a,det,3.5,3000,2901,rotoguru
2016,11,Andre Ellington,RB,ari,a,min,3.3,3500,2892,rotoguru
2016,11,John Kuhn,RB,nor,a,car,3.2,3000,2549,rotoguru
2016,11,Ryan Mathews,RB,phi,a,sea,3.1,4200,2754,rotoguru
2016,11,Darren Sproles,RB,phi,a,sea,3.1,4500,2484,rotoguru
2016,11,Chris Thompson,RB,was,h,gnb,2.9,3600,2915,rotoguru
2016,11,Mike Tolbert,RB,car,h,nor,2.6,3000,2647,rotoguru
2016,11,Rex Burkhead,RB,cin,h,buf,2.4,3000,2890,rotoguru
2016,11,Peyton Barber,RB,tam,a,kan,2.2,3900,5507,rotoguru
2016,11,Kenjon Barner,RB,phi,a,sea,1.7,3000,2887,rotoguru
2016,11,Benny Cunningham,RB,lar,h,mia,1.4,4000,2911,rotoguru
2016,11,Marcus Murphy,RB,nor,a,car,1.3,3000,5396,rotoguru
2016,11,Ronnie Hillman,RB,min,h,ari,0.9,3300,2856,rotoguru
2016,11,Aaron Ripkowski,RB,gnb,a,was,0.9,3000,5406,rotoguru
2016,11,Mike James,RB,tam,a,kan,0.9,3100,2895,rotoguru
2016,11,Paul Lasike,RB,chi,a,nyg,0.5,3000,5373,rotoguru
2016,11,DuJuan Harris,RB,sfo,h,nwe,0.4,4000,2802,rotoguru
2016,11,Troymaine Pope,RB,sea,h,phi,0.3,0,5510,rotoguru
2016,11,Alfred Morris,RB,dal,h,bal,0.3,4700,2871,rotoguru
2016,11,Will Tukuafu,RB,sea,h,phi,0.2,3000,2986,rotoguru
2016,11,Kenyan Drake,RB,mia,a,lar,0.2,3000,5446,rotoguru
2016,11,Jerome Felton,RB,buf,a,cin,0.2,3000,2624,rotoguru
2016,11,Jay Prosch,RB,hou,a,oak,0.2,3000,2980,rotoguru
2016,11,James Develin,RB,nwe,a,sfo,0,3000,2825,rotoguru
2016,11,Michael Burton,RB,det,h,jac,0,3000,5415,rotoguru
2016,11,Ka'Deem Carey,RB,chi,a,nyg,0,3900,2972,rotoguru
2016,11,Josh Ferguson,RB,ind,h,ten,0,3000,5484,rotoguru
2016,11,Zach Line,RB,min,h,ari,0,3000,2912,rotoguru
2016,11,Orleans Darkwa,RB,nyg,h,chi,0,3000,2976,rotoguru
2016,11,Damien Williams,RB,mia,a,lar,0,3900,2957,rotoguru
2016,11,Corey Grant,RB,jac,a,det,0,3000,5405,rotoguru
2016,11,Jordan Todman,RB,ind,h,ten,0,3000,2840,rotoguru
2016,11,Malcolm Brown,RB,lar,h,mia,0,3000,5441,rotoguru
2016,11,Chase Reynolds,RB,lar,h,mia,0,3000,2919,rotoguru
2016,11,Stepfan Taylor,RB,ari,a,min,0,3000,2903,rotoguru
2016,11,Antonio Andrews,RB,ten,a,ind,0,3000,2940,rotoguru
2016,11,Anthony Sherman,RB,kan,h,tam,0,3000,2822,rotoguru
2016,11,Brandon Bolden,RB,nwe,a,sfo,0,3000,2874,rotoguru
2016,11,Bobby Rainey,RB,nyg,h,chi,0,3000,2863,rotoguru
2016,11,DeAndre Washington,RB,oak,h,hou,0,3900,5449,rotoguru
2016,11,Javorius Allen,RB,bal,a,dal,0,3000,5370,rotoguru
2016,11,Zach Zenner,RB,det,h,jac,0,3000,5397,rotoguru
2016,11,Keith Smith,RB,dal,h,bal,0,3000,5492,rotoguru
2016,11,Roosevelt Nix,RB,pit,a,cle,0,3000,5403,rotoguru
2016,11,Kerwynn Williams,RB,ari,a,min,0,3000,2918,rotoguru
2016,11,George Atkinson,RB,cle,h,pit,0,3000,2949,rotoguru
2016,11,Taiwan Jones,RB,oak,h,hou,0,3000,2820,rotoguru
2016,11,Fozzy Whittaker,RB,car,h,nor,0,3200,2916,rotoguru
2016,11,Derrick Henry,RB,ten,a,ind,0,5300,5445,rotoguru
2016,11,Jalston Fowler,RB,ten,a,ind,0,3000,5413,rotoguru
2016,11,Knile Davis,RB,kan,h,tam,0,3500,2891,rotoguru
2016,11,Fitzgerald Toussaint,RB,pit,a,cle,0,3000,2990,rotoguru
2016,11,Akeem Hunt,RB,hou,a,oak,-0.2,3500,5431,rotoguru
2016,11,Tyler Ervin,RB,hou,a,oak,-1,3000,5470,rotoguru
2016,11,Pierre Garcon,WR,was,h,gnb,26.6,3900,3754,rotoguru
2016,11,Dez Bryant,WR,dal,h,bal,26,7200,3891,rotoguru
2016,11,Rishard Matthews,WR,ten,a,ind,24.2,5100,5182,rotoguru
2016,11,Steve Smith,WR,bal,a,dal,23.9,6000,3328,rotoguru
2016,11,Julian Edelman,WR,nwe,a,sfo,22.9,6300,3826,rotoguru
2016,11,Jamison Crowder,WR,was,h,gnb,22.2,5400,5410,rotoguru
2016,11,Doug Baldwin,WR,sea,h,phi,22,5700,5136,rotoguru
2016,11,DeVante Parker,WR,mia,a,lar,21.9,4100,5380,rotoguru
2016,11,T.Y. Hilton,WR,ind,h,ten,20.7,7700,5151,rotoguru
2016,11,Malcolm Mitchell,WR,nwe,a,sfo,19.8,3000,5488,rotoguru
2016,11,Mike Evans,WR,tam,a,kan,19.5,8100,5253,rotoguru
2016,11,Adam Thielen,WR,min,h,ari,17.5,3800,5333,rotoguru
2016,11,Tyler Boyd,WR,cin,h,buf,17.4,3000,5455,rotoguru
2016,11,Cole Beasley,WR,dal,h,bal,16.9,5300,5163,rotoguru
2016,11,Tajae Sharpe,WR,ten,a,ind,16.8,3200,5461,rotoguru
2016,11,Dorial Green-Beckham,WR,phi,a,sea,16.4,3000,5382,rotoguru
2016,11,Sterling Shepard,WR,nyg,h,chi,16,4700,5456,rotoguru
2016,11,Marqise Lee,WR,jac,a,det,15.8,4000,5256,rotoguru
2016,11,Amari Cooper,WR,oak,h,hou,15.7,7500,5376,rotoguru
2016,11,Antonio Brown,WR,pit,a,cle,15.6,9500,3474,rotoguru
2016,11,Cordarrelle Patterson,WR,min,h,ari,15.3,3500,5208,rotoguru
2016,11,DeSean Jackson,WR,was,h,gnb,15.1,4800,3770,rotoguru
2016,11,Ted Ginn Jr.,WR,car,h,nor,14.9,3900,3670,rotoguru
2016,11,Terrelle Pryor,WR,cle,h,pit,14.7,5600,1407,rotoguru
2016,11,Jarvis Landry,WR,mia,a,lar,13.8,6600,5335,rotoguru
2016,11,Donte Moncrief,WR,ind,h,ten,13.7,6100,5344,rotoguru
2016,11,Braxton Miller,WR,hou,a,oak,13.6,3000,5476,rotoguru
2016,11,Mike Wallace,WR,bal,a,dal,12.5,5500,3809,rotoguru
2016,11,Larry Fitzgerald,WR,ari,a,min,12.3,7100,3501,rotoguru
2016,11,Albert Wilson,WR,kan,h,tam,11.9,3400,5339,rotoguru
2016,11,Brandin Cooks,WR,nor,a,car,11.9,7000,5255,rotoguru
2016,11,Michael Thomas,WR,nor,a,car,11.8,6600,5459,rotoguru
2016,11,Jordy Nelson,WR,gnb,a,was,11.8,7800,3751,rotoguru
2016,11,Randall Cobb,WR,gnb,a,was,11.4,5900,5125,rotoguru
2016,11,Cecil Shorts,WR,tam,a,kan,11.2,3000,5103,rotoguru
2016,11,Jordan Matthews,WR,phi,a,sea,10.9,5400,5254,rotoguru
2016,11,DeAndre Hopkins,WR,hou,a,oak,10.8,6500,5206,rotoguru
2016,11,Allen Robinson,WR,jac,a,det,10.8,7400,5258,rotoguru
2016,11,Andre Roberts,WR,det,h,jac,10.4,3000,3978,rotoguru
2016,11,Tyreek Hill,WR,kan,h,tam,10.1,4500,5485,rotoguru
2016,11,Anquan Boldin,WR,det,h,jac,9.7,3800,3423,rotoguru
2016,11,Stefon Diggs,WR,min,h,ari,9.7,7000,5424,rotoguru
2016,11,Odell Beckham Jr.,WR,nyg,h,chi,9.6,8500,5323,rotoguru
2016,11,Kenny Britt,WR,lar,h,mia,9.3,5200,3824,rotoguru
2016,11,Kendall Wright,WR,ten,a,ind,9.2,4200,5162,rotoguru
2016,11,Cameron Meredith,WR,chi,a,nyg,8.9,4100,5417,rotoguru
2016,11,Adam Humphries,WR,tam,a,kan,8.7,3900,5412,rotoguru
2016,11,Kelvin Benjamin,WR,car,h,nor,8.6,7300,5257,rotoguru
2016,11,Russell Shepard,WR,tam,a,kan,8.4,3900,5223,rotoguru
2016,11,Danny Amendola,WR,nwe,a,sfo,8.2,3500,3851,rotoguru
2016,11,Brandon Coleman,WR,nor,a,car,7.9,3000,5326,rotoguru
2016,11,Corey Coleman,WR,cle,h,pit,7.9,4700,5452,rotoguru
2016,11,Willie Snead,WR,nor,a,car,7.3,5000,5287,rotoguru
2016,11,Kenny Stills,WR,mia,a,lar,7.3,3600,5212,rotoguru
2016,11,Brandon LaFell,WR,cin,h,buf,7.2,4000,3946,rotoguru
2016,11,Davante Adams,WR,gnb,a,was,7.2,6700,5263,rotoguru
2016,11,Robert Woods,WR,buf,a,cin,7.1,4900,5217,rotoguru
2016,11,Brice Butler,WR,dal,h,bal,6.9,3200,5219,rotoguru
2016,11,Chris Conley,WR,kan,h,tam,6.8,3300,5385,rotoguru
2016,11,Brandon Tate,WR,buf,a,cin,6.8,3000,3860,rotoguru
2016,11,Kamar Aiken,WR,bal,a,dal,6.5,3300,5275,rotoguru
2016,11,Phillip Dorsett,WR,ind,h,ten,6,3300,5384,rotoguru
2016,11,Eli Rogers,WR,pit,a,cle,6,4300,5478,rotoguru
2016,11,Tyler Lockett,WR,sea,h,phi,5.9,3600,5386,rotoguru
2016,11,Victor Cruz,WR,nyg,h,chi,5.8,3700,3900,rotoguru
2016,11,Chris Harper,WR,sfo,h,nwe,5.5,3000,5222,rotoguru
2016,11,Devin Funchess,WR,car,h,nor,5.2,3700,5381,rotoguru
2016,11,Josh Bellamy,WR,chi,a,nyg,5.2,3000,5191,rotoguru
2016,11,Brian Quick,WR,lar,h,mia,5.1,3400,5157,rotoguru
2016,11,Jermaine Kearse,WR,sea,h,phi,4.9,3000,5186,rotoguru
2016,11,Marquess Wilson,WR,chi,a,nyg,4.5,0,5238,rotoguru
2016,11,James Wright,WR,cin,h,buf,4.2,3000,5290,rotoguru
2016,11,Michael Floyd,WR,ari,a,min,4.1,4000,5148,rotoguru
2016,11,Golden Tate,WR,det,h,jac,4.1,5300,3995,rotoguru
2016,11,Tavon Austin,WR,lar,h,mia,3.9,3900,5199,rotoguru
2016,11,Quinton Patton,WR,sfo,h,nwe,3.7,3000,5209,rotoguru
2016,11,Percy Harvin,WR,buf,a,cin,3.7,3300,3802,rotoguru
2016,11,Michael Crabtree,WR,oak,h,hou,3.5,6500,3872,rotoguru
2016,11,Marquise Goodwin,WR,buf,a,cin,3.5,3500,5205,rotoguru
2016,11,Eddie Royal,WR,chi,a,nyg,3.3,3400,3748,rotoguru
2016,11,Keith Mumphery,WR,hou,a,oak,3.2,3000,5407,rotoguru
2016,11,Cobi Hamilton,WR,pit,a,cle,3.1,3000,5288,rotoguru
2016,11,Andrew Hawkins,WR,cle,h,pit,3,3100,5140,rotoguru
2016,11,Will Fuller,WR,hou,a,oak,2.7,5300,5454,rotoguru
2016,11,Marvin Jones,WR,det,h,jac,2.5,5000,5168,rotoguru
2016,11,Maurice Harris,WR,was,h,gnb,2.4,3000,5512,rotoguru
2016,11,Terrance Williams,WR,dal,h,bal,2.1,3300,5216,rotoguru
2016,11,Deonte Thompson,WR,chi,a,nyg,2,3000,5160,rotoguru
2016,11,Pharoh Cooper,WR,lar,h,mia,2,3000,5462,rotoguru
2016,11,Nelson Agholor,WR,phi,a,sea,2,3000,5378,rotoguru
2016,11,Allen Hurns,WR,jac,a,det,1.9,4100,5341,rotoguru
2016,11,Roger Lewis,WR,nyg,h,chi,1.8,3300,5508,rotoguru
2016,11,Alex Erickson,WR,cin,h,buf,1.7,3000,5480,rotoguru
2016,11,Seth Roberts,WR,oak,h,hou,1.6,3000,5408,rotoguru
2016,11,Paul Richardson,WR,sea,h,phi,1.6,3000,5260,rotoguru
2016,11,Harry Douglas,WR,ten,a,ind,1.3,3000,3731,rotoguru
2016,11,J.J. Nelson,WR,ari,a,min,1,4700,5409,rotoguru
2016,11,Marc Mariani,WR,ten,a,ind,0,3000,3949,rotoguru
2016,11,Freddie Martino,WR,tam,a,kan,0,3000,5366,rotoguru
2016,11,Chris Moore,WR,bal,a,dal,0,3000,5479,rotoguru
2016,11,Bradley Marquez,WR,lar,h,mia,0,3000,5428,rotoguru
2016,11,Brittan Golden,WR,ari,a,min,0,3000,5239,rotoguru
2016,11,Corey Brown,WR,car,h,nor,0,3000,5362,rotoguru
2016,11,Ricardo Louis,WR,cle,h,pit,0,3000,5481,rotoguru
2016,11,De'Anthony Thomas,WR,kan,h,tam,0,3000,2958,rotoguru
2016,11,Demarcus Robinson,WR,kan,h,tam,0,3000,5515,rotoguru
2016,11,Chester Rogers,WR,ind,h,ten,0,3000,5500,rotoguru
2016,11,Mike Thomas,WR,lar,h,mia,0,3000,5503,rotoguru
2016,11,Lucky Whitehead,WR,dal,h,bal,0,3000,5400,rotoguru
2016,11,Jake Lampman,WR,nor,a,car,0,3000,5514,rotoguru
2016,11,Geronimo Allison,WR,gnb,a,was,0,3000,5511,rotoguru
2016,11,Arrelious Benn,WR,jac,a,det,0,3000,3885,rotoguru
2016,11,Rashard Higgins,WR,cle,h,pit,0,3000,5475,rotoguru
2016,11,John Brown,WR,ari,a,min,0,4100,5264,rotoguru
2016,11,A.J. Green,WR,cin,h,buf,0,8300,5091,rotoguru
2016,11,Jeff Janis,WR,gnb,a,was,0,3000,5351,rotoguru
2016,11,Jeremy Kerley,WR,sfo,h,nwe,0,3500,5111,rotoguru
2016,11,Andre Holmes,WR,oak,h,hou,0,3000,5177,rotoguru
2016,11,Rashad Greene,WR,jac,a,det,0,3000,5391,rotoguru
2016,11,Laquon Treadwell,WR,min,h,ari,0,3000,5453,rotoguru
2016,11,Sammie Coates,WR,pit,a,cle,0,3900,5388,rotoguru
2016,11,Matthew Slater,WR,nwe,a,sfo,0,3000,3760,rotoguru
2016,11,Breshad Perriman,WR,bal,a,dal,0,3400,5379,rotoguru
2016,11,Bryce Treggs,WR,phi,a,sea,0,3000,5513,rotoguru
2016,11,Leonte Carroo,WR,mia,a,lar,0,3000,5474,rotoguru
2016,11,Rod Streater,WR,sfo,h,nwe,0,3000,5169,rotoguru
2016,11,Devin Hester,WR,bal,a,dal,0,3000,3593,rotoguru
2016,11,Aaron Burbridge,WR,sfo,h,nwe,0,3000,5497,rotoguru
2016,11,Justin Hunter,WR,buf,a,cin,0,3000,5207,rotoguru
2016,11,Jakeem Grant,WR,mia,a,lar,0,3000,5486,rotoguru
2016,11,Charles Johnson,WR,min,h,ari,0,3000,3103,rotoguru
2016,11,Trevor Davis,WR,gnb,a,was,0,3000,5498,rotoguru
2016,11,Dwayne Harris,WR,nyg,h,chi,0,3000,5130,rotoguru
2016,11,Tanner McEvoy,WR,sea,h,phi,0,3000,5505,rotoguru
2016,11,Jared Cook,TE,gnb,a,was,24.5,2500,4437,rotoguru
2016,11,Travis Kelce,TE,kan,h,tam,20.3,4700,4582,rotoguru
2016,11,Eric Ebron,TE,det,h,jac,16.1,4100,4601,rotoguru
2016,11,Zach Ertz,TE,phi,a,sea,15.5,3200,4569,rotoguru
2016,11,Zach Miller,TE,chi,a,nyg,15.1,3800,4461,rotoguru
2016,11,C.J. Fiedorowicz,TE,hou,a,oak,14.2,3300,4640,rotoguru
2016,11,Jimmy Graham,TE,sea,h,phi,13.6,5600,4492,rotoguru
2016,11,Vance McDonald,TE,sfo,h,nwe,13.6,2700,4572,rotoguru
2016,11,Jordan Reed,TE,was,h,gnb,12.9,5900,4573,rotoguru
2016,11,Jermaine Gresham,TE,ari,a,min,11.3,2500,4493,rotoguru
2016,11,Coby Fleener,TE,nor,a,car,10.7,3400,4552,rotoguru
2016,11,Gary Barnidge,TE,cle,h,pit,10.3,3100,4401,rotoguru
2016,11,Will Tye,TE,nyg,h,chi,9.2,2700,4670,rotoguru
2016,11,Jason Witten,TE,dal,h,bal,8.7,3300,4262,rotoguru
2016,11,Delanie Walker,TE,ten,a,ind,7.6,5700,4360,rotoguru
2016,11,Charles Clay,TE,buf,a,cin,7.3,2600,4543,rotoguru
2016,11,Greg Olsen,TE,car,h,nor,7.3,6500,4368,rotoguru
2016,11,Alan Cross,TE,tam,a,kan,7.3,2500,4682,rotoguru
2016,11,Garrett Celek,TE,sfo,h,nwe,7.1,2600,4564,rotoguru
2016,11,Richard Rodgers,TE,gnb,a,was,6.8,2700,4629,rotoguru
2016,11,Lance Kendricks,TE,lar,h,mia,6.8,3000,4538,rotoguru
2016,11,Tyler Eifert,TE,cin,h,buf,6.7,5400,4568,rotoguru
2016,11,Ryan Griffin,TE,hou,a,oak,6.2,2500,4592,rotoguru
2016,11,Dennis Pitta,TE,bal,a,dal,6,3600,4516,rotoguru
2016,11,Dion Sims,TE,mia,a,lar,5,2500,4576,rotoguru
2016,11,Clive Walford,TE,oak,h,hou,4.8,2500,4651,rotoguru
2016,11,Julius Thomas,TE,jac,a,det,4.2,3500,4534,rotoguru
2016,11,Gavin Escobar,TE,dal,h,bal,4.1,2500,4570,rotoguru
2016,11,Cameron Brate,TE,tam,a,kan,3.8,3800,4648,rotoguru
2016,11,Marcedes Lewis,TE,jac,a,det,3.6,2500,4324,rotoguru
2016,11,Kyle Rudolph,TE,min,h,ari,3.2,3900,4537,rotoguru
2016,11,Darren Fells,TE,ari,a,min,3.2,2500,4609,rotoguru
2016,11,Brent Celek,TE,phi,a,sea,2.9,2500,4363,rotoguru
2016,11,Trey Burton,TE,phi,a,sea,2.4,2500,4618,rotoguru
2016,11,Tyler Higbee,TE,lar,h,mia,2.4,2500,4680,rotoguru
2016,11,Martellus Bennett,TE,nwe,a,sfo,2.4,3700,4407,rotoguru
2016,11,Stephen Anderson,TE,hou,a,oak,2.4,2500,4679,rotoguru
2016,11,Luke Willson,TE,sea,h,phi,2.2,2500,4578,rotoguru
2016,11,David Johnson,TE,pit,a,cle,2,2500,4450,rotoguru
2016,11,Seth DeValve,TE,cle,h,pit,1.8,2500,4690,rotoguru
2016,11,Jack Doyle,TE,ind,h,ten,1.7,3300,4594,rotoguru
2016,11,Jesse James,TE,pit,a,cle,1.5,3400,4653,rotoguru
2016,11,Marqueis Gray,TE,mia,a,lar,1.5,2500,4595,rotoguru
2016,11,John Phillips,TE,nor,a,car,1,2500,4433,rotoguru
2016,11,Rhett Ellison,TE,min,h,ari,0.8,2500,4554,rotoguru
2016,11,Clark Harris,TE,cin,h,buf,0,2500,4391,rotoguru
2016,11,Logan Paulsen,TE,chi,a,nyg,0,2500,4513,rotoguru
2016,11,Matthew Mulligan,TE,det,h,jac,0,2500,4431,rotoguru
2016,11,Hakeem Valles,TE,ari,a,min,0,2500,4687,rotoguru
2016,11,Neal Sterling,TE,jac,a,det,0,2500,4684,rotoguru
2016,11,Ross Travis,TE,kan,h,tam,0,2500,4681,rotoguru
2016,11,James O'Shaughnessy,TE,kan,h,tam,0,2500,4664,rotoguru
2016,11,Vernon Davis,TE,was,h,gnb,0,2800,4323,rotoguru
2016,11,Phillip Supernaw,TE,ten,a,ind,0,2500,4637,rotoguru
2016,11,Nick O'Leary,TE,buf,a,cin,0,2500,4661,rotoguru
2016,11,Derek Carrier,TE,was,h,gnb,0,2500,4599,rotoguru
2016,11,Demetrius Harris,TE,kan,h,tam,0,2500,4642,rotoguru
2016,11,Jerell Adams,TE,nyg,h,chi,0,2500,4686,rotoguru
2016,11,Brandon Myers,TE,tam,a,kan,0,2500,4457,rotoguru
2016,11,Dominique Jones,TE,mia,a,lar,0,2500,4555,rotoguru
2016,11,Anthony Fasano,TE,ten,a,ind,0,2500,4327,rotoguru
2016,11,Mychal Rivera,TE,oak,h,hou,0,2500,4574,rotoguru
2016,11,Ben Koyack,TE,jac,a,det,0,2500,4689,rotoguru
2016,11,Ladarius Green,TE,pit,a,cle,0,2500,4562,rotoguru
2016,11,Ed Dickson,TE,car,h,nor,0,2500,4482,rotoguru
2016,11,Randall Telfer,TE,cle,h,pit,0,2500,4685,rotoguru
2016,11,Tyler Kroft,TE,cin,h,buf,0,2500,4652,rotoguru
2016,11,Dwayne Allen,TE,ind,h,ten,0,2900,4551,rotoguru
2016,11,Darren Waller,TE,bal,a,dal,0,2500,5419,rotoguru
2016,11,Blake Bell,TE,sfo,h,nwe,0,2500,4666,rotoguru
2016,11,Ryan Hewitt,TE,cin,h,buf,0,2500,2978,rotoguru
2016,11,Erik Swoope,TE,ind,h,ten,0,2500,4626,rotoguru
2016,11,Josh Hill,TE,nor,a,car,0,2700,4586,rotoguru
2016,11,Luke Stocker,TE,tam,a,kan,0,2500,4532,rotoguru
2016,11,Cory Harkey,TE,lar,h,mia,0,2500,4565,rotoguru
2016,11,Ben Braunecker,TE,chi,a,nyg,0,2500,4691,rotoguru
2016,11,Brandon Williams,TE,sea,h,phi,0,2500,4590,rotoguru
2016,11,Clay Harbor,TE,det,h,jac,0,2500,4495,rotoguru
2016,11,Pittsburgh Defense,Def,pit,a,cle,22,3700,7024,rotoguru
2016,11,Minnesota Defense,Def,min,h,ari,20,3300,7017,rotoguru
2016,11,Detroit Defense,Def,det,h,jac,19,3200,7011,rotoguru
2016,11,Jacksonville Defense,Def,jac,a,det,10,2400,7014,rotoguru
2016,11,Carolina Defense,Def,car,h,nor,10,2700,7005,rotoguru
2016,11,Buffalo Defense,Def,buf,a,cin,9,2700,7004,rotoguru
2016,11,Oakland Defense,Def,oak,h,hou,7,2800,7022,rotoguru
2016,11,Seattle Defense,Def,sea,h,phi,7,3800,7028,rotoguru
2016,11,Miami Defense,Def,mia,a,lar,7,2900,7016,rotoguru
2016,11,Los Angeles Defense,Def,lar,h,mia,7,3100,7025,rotoguru
2016,11,New York G Defense,Def,nyg,h,chi,7,3500,7020,rotoguru
2016,11,Arizona Defense,Def,ari,a,min,6,3100,7001,rotoguru
2016,11,Washington Defense,Def,was,h,gnb,6,2600,7031,rotoguru
2016,11,New England Defense,Def,nwe,a,sfo,6,3600,7018,rotoguru
2016,11,Indianapolis Defense,Def,ind,h,ten,6,2700,7013,rotoguru
2016,11,Tampa Bay Defense,Def,tam,a,kan,5,2600,7029,rotoguru
2016,11,Cincinnati Defense,Def,cin,h,buf,5,3000,7007,rotoguru
2016,11,Kansas City Defense,Def,kan,h,tam,4,3400,7015,rotoguru
2016,11,Tennessee Defense,Def,ten,a,ind,4,2200,7030,rotoguru
2016,11,Philadelphia Defense,Def,phi,a,sea,3,2500,7023,rotoguru
2016,11,New Orleans Defense,Def,nor,a,car,2,2000,7019,rotoguru
2016,11,Houston Defense,Def,hou,a,oak,2,2600,7032,rotoguru
2016,11,Dallas Defense,Def,dal,h,bal,2,2600,7009,rotoguru
2016,11,Cleveland Defense,Def,cle,h,pit,1,2100,7008,rotoguru
2016,11,Baltimore Defense,Def,bal,a,dal,1,2500,7003,rotoguru
2016,11,San Francisco Defense,Def,sfo,h,nwe,0,2000,7027,rotoguru
2016,11,Chicago Defense,Def,chi,a,nyg,0,2500,7006,rotoguru
2016,11,Green Bay Defense,Def,gnb,a,was,-2,2800,7012,rotoguru
2016,12,Colin Kaepernick,QB,sfo,a,mia,37.14,5700,1404,rotoguru
2016,12,Drew Brees,QB,nor,h,lar,36.5,7100,1151,rotoguru
2016,12,Kirk Cousins,QB,was,a,dal,33.16,5900,1415,rotoguru
2016,12,Trevor Siemian,QB,den,h,kan,32.02,5100,1488,rotoguru
2016,12,Ryan Tannehill,QB,mia,h,sfo,26.8,5500,1410,rotoguru
2016,12,Aaron Rodgers,QB,gnb,a,phi,26.12,7000,1252,rotoguru
2016,12,Matt Barkley,QB,chi,h,ten,25.64,5000,1417,rotoguru
2016,12,Cam Newton,QB,car,a,oak,22.44,6800,1378,rotoguru
2016,12,Derek Carr,QB,oak,h,car,22.3,6100,1441,rotoguru
2016,12,Dak Prescott,QB,dal,h,was,21.7,6300,1501,rotoguru
2016,12,Marcus Mariota,QB,ten,a,chi,21.64,7200,1466,rotoguru
2016,12,Blake Bortles,QB,jac,a,buf,21.14,5600,1442,rotoguru
2016,12,Ben Roethlisberger,QB,pit,a,ind,20.84,7300,1232,rotoguru
2016,12,Philip Rivers,QB,sdg,a,hou,20.68,6300,1231,rotoguru
2016,12,Tyrod Taylor,QB,buf,h,jac,20.44,5900,1400,rotoguru
2016,12,Eli Manning,QB,nyg,a,cle,19.56,6500,1225,rotoguru
2016,12,Matt Ryan,QB,atl,h,ari,19.26,6900,1301,rotoguru
2016,12,Tom Brady,QB,nwe,a,nyj,19.04,7800,1131,rotoguru
2016,12,Jared Goff,QB,lar,a,nor,18.56,5200,1490,rotoguru
2016,12,Carson Palmer,QB,ari,a,atl,18.56,5300,1207,rotoguru
2016,12,Carson Wentz,QB,phi,h,gnb,18.46,5400,1514,rotoguru
2016,12,Josh McCown,QB,cle,h,nyg,17.88,5000,1175,rotoguru
2016,12,Ryan Fitzpatrick,QB,nyj,h,nwe,17.86,5100,1242,rotoguru
2016,12,Jameis Winston,QB,tam,h,sea,17,5400,1465,rotoguru
2016,12,Matthew Stafford,QB,det,h,min,16.28,5700,1340,rotoguru
2016,12,Brock Osweiler,QB,hou,h,sdg,15.14,5100,1414,rotoguru
2016,12,Alex Smith,QB,kan,a,den,15,5000,1254,rotoguru
2016,12,Andy Dalton,QB,cin,a,bal,14.72,5400,1403,rotoguru
2016,12,Joe Flacco,QB,bal,h,cin,14.26,5300,1302,rotoguru
2016,12,Russell Wilson,QB,sea,a,tam,12.04,6700,1412,rotoguru
2016,12,Scott Tolzien,QB,ind,h,pit,10.8,5000,1433,rotoguru
2016,12,Sam Bradford,QB,min,a,det,7.96,5100,1344,rotoguru
2016,12,Landry Jones,QB,pit,a,ind,0,5000,1430,rotoguru
2016,12,Matt Schaub,QB,atl,h,ari,0,5000,1234,rotoguru
2016,12,Kevin Hogan,QB,cle,h,nyg,0,5000,1495,rotoguru
2016,12,Joe Webb,QB,car,a,oak,0,5000,5071,rotoguru
2016,12,Kellen Clemens,QB,sdg,a,hou,0,5000,1262,rotoguru
2016,12,Matt McGloin,QB,oak,h,car,0,5000,1437,rotoguru
2016,12,David Johnson,RB,ari,a,atl,33.1,8900,5395,rotoguru
2016,12,Mark Ingram,RB,nor,h,lar,32.7,5000,2793,rotoguru
2016,12,LeSean McCoy,RB,buf,h,jac,32.4,7300,2707,rotoguru
2016,12,Le'Veon Bell,RB,pit,a,ind,27.2,9000,2888,rotoguru
2016,12,Ezekiel Elliott,RB,dal,h,was,26,8500,5444,rotoguru
2016,12,Devonta Freeman,RB,atl,h,ari,21.7,6400,2930,rotoguru
2016,12,Jonathan Stewart,RB,car,a,oak,21.6,5000,2612,rotoguru
2016,12,Carlos Hyde,RB,sfo,a,mia,20.5,4800,2933,rotoguru
2016,12,Tim Hightower,RB,nor,h,lar,18.5,5400,2604,rotoguru
2016,12,Latavius Murray,RB,oak,h,car,17.8,5500,2899,rotoguru
2016,12,Jordan Howard,RB,chi,h,ten,15.7,5300,5447,rotoguru
2016,12,Jeremy Hill,RB,cin,a,bal,14.2,3900,2928,rotoguru
2016,12,Isaiah Crowell,RB,cle,h,nyg,14.1,3900,2969,rotoguru
2016,12,DeMarco Murray,RB,ten,a,chi,13.4,7700,2831,rotoguru
2016,12,Matt Asiata,RB,min,a,det,13.1,3400,2873,rotoguru
2016,12,Todd Gurley,RB,lar,a,nor,12.9,5700,2992,rotoguru
2016,12,Melvin Gordon,RB,sdg,a,hou,12.9,7000,2991,rotoguru
2016,12,Jay Ajayi,RB,mia,h,sfo,12.6,7600,2998,rotoguru
2016,12,Chris Ivory,RB,jac,a,buf,12.5,4200,2741,rotoguru
2016,12,Kenneth Dixon,RB,bal,h,cin,12,3800,5469,rotoguru
2016,12,Derrick Henry,RB,ten,a,chi,12,5200,5445,rotoguru
2016,12,James Starks,RB,gnb,a,phi,11.8,4400,2777,rotoguru
2016,12,Spencer Ware,RB,kan,a,den,11.6,6100,2914,rotoguru
2016,12,Devontae Booker,RB,den,h,kan,11.1,5600,5468,rotoguru
2016,12,Shaun Draughn,RB,sfo,a,mia,10.9,3200,2875,rotoguru
2016,12,Theo Riddick,RB,det,h,min,10.8,5400,2907,rotoguru
2016,12,Jerick McKinnon,RB,min,a,det,10.6,3200,2935,rotoguru
2016,12,Darren Sproles,RB,phi,h,gnb,10.4,4500,2484,rotoguru
2016,12,Doug Martin,RB,tam,h,sea,10,4900,2858,rotoguru
2016,12,Dion Lewis,RB,nwe,a,nyj,9.8,4000,2816,rotoguru
2016,12,Aaron Ripkowski,RB,gnb,a,phi,9.6,3000,5406,rotoguru
2016,12,Lamar Miller,RB,hou,h,sdg,9.5,5800,2859,rotoguru
2016,12,Terrance West,RB,bal,h,cin,9.4,4000,2929,rotoguru
2016,12,Tevin Coleman,RB,atl,h,ari,9.3,4700,2994,rotoguru
2016,12,Chris Thompson,RB,was,a,dal,8.4,3600,2915,rotoguru
2016,12,Matt Forte,RB,nyj,h,nwe,8,5500,2613,rotoguru
2016,12,Rashad Jennings,RB,nyg,a,cle,7.9,5600,2658,rotoguru
2016,12,Duke Johnson,RB,cle,h,nyg,7,3600,2997,rotoguru
2016,12,Rex Burkhead,RB,cin,a,bal,6.8,3000,2890,rotoguru
2016,12,LeGarrette Blount,RB,nwe,a,nyj,6.7,5900,2721,rotoguru
2016,12,Paul Perkins,RB,nyg,a,cle,6.3,3900,5472,rotoguru
2016,12,James White,RB,nwe,a,nyj,6.2,4400,2954,rotoguru
2016,12,Rob Kelley,RB,was,a,dal,6.2,4300,5493,rotoguru
2016,12,Wendell Smallwood,RB,phi,h,gnb,5.7,4300,5473,rotoguru
2016,12,Bilal Powell,RB,nyj,h,nwe,5.3,4600,2819,rotoguru
2016,12,Kyle Juszczyk,RB,bal,h,cin,4.8,3000,2908,rotoguru
2016,12,Frank Gore,RB,ind,h,pit,4.1,5200,2467,rotoguru
2016,12,Denard Robinson,RB,jac,a,buf,3.9,3000,2901,rotoguru
2016,12,Andre Ellington,RB,ari,a,atl,3.9,3500,2892,rotoguru
2016,12,Damien Williams,RB,mia,h,sfo,3.8,3900,2957,rotoguru
2016,12,Thomas Rawls,RB,sea,a,tam,3.8,5700,5402,rotoguru
2016,12,Robert Turbin,RB,ind,h,pit,3.8,3300,2867,rotoguru
2016,12,Jordan Todman,RB,ind,h,pit,3.7,3000,2840,rotoguru
2016,12,Mike Tolbert,RB,car,a,oak,3.4,3000,2647,rotoguru
2016,12,Ty Montgomery,RB,gnb,a,phi,3.4,4700,5392,rotoguru
2016,12,Peyton Barber,RB,tam,h,sea,3,3900,5507,rotoguru
2016,12,T.J. Yeldon,RB,jac,a,buf,3,3500,2993,rotoguru
2016,12,Ka'Deem Carey,RB,chi,h,ten,2.8,3000,2972,rotoguru
2016,12,Fitzgerald Toussaint,RB,pit,a,ind,2.8,4200,2990,rotoguru
2016,12,Taiwan Jones,RB,oak,h,car,2.5,3000,2820,rotoguru
2016,12,Jalen Richard,RB,oak,h,car,2.3,3300,5490,rotoguru
2016,12,Kenjon Barner,RB,phi,h,gnb,2.2,3600,2887,rotoguru
2016,12,Benny Cunningham,RB,lar,a,nor,2.2,4000,2911,rotoguru
2016,12,Kapri Bibbs,RB,den,h,kan,2.2,4000,2963,rotoguru
2016,12,Dwayne Washington,RB,det,h,min,1.9,3500,5483,rotoguru
2016,12,Akeem Hunt,RB,hou,h,sdg,1.9,3500,5431,rotoguru
2016,12,Jamize Olawale,RB,oak,h,car,1.8,3000,2913,rotoguru
2016,12,John Kuhn,RB,nor,h,lar,1.7,3000,2549,rotoguru
2016,12,James Develin,RB,nwe,a,nyj,1.5,3000,2825,rotoguru
2016,12,DuJuan Harris,RB,sfo,a,mia,1.5,4000,2802,rotoguru
2016,12,George Farmer,RB,sea,a,tam,1.4,0,5516,rotoguru
2016,12,Fozzy Whittaker,RB,car,a,oak,1.4,3000,2916,rotoguru
2016,12,Jonathan Grimes,RB,hou,h,sdg,1.4,3000,2881,rotoguru
2016,12,Jonathan Williams,RB,buf,h,jac,1.2,3000,5451,rotoguru
2016,12,Alfred Morris,RB,dal,h,was,1.2,5100,2871,rotoguru
2016,12,Lance Dunbar,RB,dal,h,was,1.1,3000,2880,rotoguru
2016,12,Malcolm Brown,RB,lar,a,nor,0.9,3000,5441,rotoguru
2016,12,Kenyan Drake,RB,mia,h,sfo,0.9,3000,5446,rotoguru
2016,12,Andy Janovich,RB,den,h,kan,0.9,3000,5482,rotoguru
2016,12,Charcandrick West,RB,kan,a,den,0.8,5000,2987,rotoguru
2016,12,Knile Davis,RB,kan,a,den,0.6,3000,2891,rotoguru
2016,12,Jeremy Langford,RB,chi,h,ten,0.5,3800,5371,rotoguru
2016,12,Christine Michael,RB,gnb,a,phi,0.4,3300,2898,rotoguru
2016,12,Zach Line,RB,min,a,det,0.2,3000,2912,rotoguru
2016,12,Will Tukuafu,RB,sea,a,tam,0,3000,2986,rotoguru
2016,12,Michael Burton,RB,det,h,min,0,3000,5415,rotoguru
2016,12,Travaris Cadet,RB,nor,h,lar,0,3000,2869,rotoguru
2016,12,Josh Ferguson,RB,ind,h,pit,0,3000,5484,rotoguru
2016,12,Orleans Darkwa,RB,nyg,a,cle,0,3000,2976,rotoguru
2016,12,Corey Grant,RB,jac,a,buf,0,3000,5405,rotoguru
2016,12,Reggie Bush,RB,buf,h,jac,0,3400,2495,rotoguru
2016,12,Chase Reynolds,RB,lar,a,nor,0,3000,2919,rotoguru
2016,12,Stepfan Taylor,RB,ari,a,atl,0,3000,2903,rotoguru
2016,12,Antonio Andrews,RB,ten,a,chi,0,3000,2940,rotoguru
2016,12,Anthony Sherman,RB,kan,a,den,0,3000,2822,rotoguru
2016,12,Brandon Bolden,RB,nwe,a,nyj,0,3000,2874,rotoguru
2016,12,C.J. Spiller,RB,nyj,h,nwe,0,3000,2775,rotoguru
2016,12,Javorius Allen,RB,bal,h,cin,0,3000,5370,rotoguru
2016,12,Zach Zenner,RB,det,h,min,0,3000,5397,rotoguru
2016,12,Derek Watt,RB,sdg,a,hou,0,3300,5504,rotoguru
2016,12,Keith Smith,RB,dal,h,was,0,3000,5492,rotoguru
2016,12,Roosevelt Nix,RB,pit,a,ind,0,3000,5403,rotoguru
2016,12,Jerome Felton,RB,buf,h,jac,0,3000,2624,rotoguru
2016,12,Juwan Thompson,RB,den,h,kan,0,3000,2965,rotoguru
2016,12,Kerwynn Williams,RB,ari,a,atl,0,3000,2918,rotoguru
2016,12,George Atkinson,RB,cle,h,nyg,0,3000,2949,rotoguru
2016,12,Patrick DiMarco,RB,atl,h,ari,0,3000,2805,rotoguru
2016,12,Alex Collins,RB,sea,a,tam,0,3000,5450,rotoguru
2016,12,Jalston Fowler,RB,ten,a,chi,0,3000,5413,rotoguru
2016,12,Paul Lasike,RB,chi,h,ten,0,3000,5373,rotoguru
2016,12,Mike James,RB,tam,h,sea,0,3000,2895,rotoguru
2016,12,Jay Prosch,RB,hou,h,sdg,0,3000,2980,rotoguru
2016,12,Kenneth Farrow,RB,sdg,a,hou,-0.3,3700,5494,rotoguru
2016,12,Bobby Rainey,RB,nyg,a,cle,-1,3000,2863,rotoguru
2016,12,Michael Thomas,WR,nor,h,lar,34.8,6600,5459,rotoguru
2016,12,Mike Evans,WR,tam,h,sea,33.4,7500,5253,rotoguru
2016,12,Tyreek Hill,WR,kan,a,den,32.5,4800,5485,rotoguru
2016,12,Emmanuel Sanders,WR,den,h,kan,32.2,6200,3983,rotoguru
2016,12,Antonio Brown,WR,pit,a,ind,32.1,9200,3474,rotoguru
2016,12,Davante Adams,WR,gnb,a,phi,31.3,6600,5263,rotoguru
2016,12,Marquess Wilson,WR,chi,h,ten,29.5,3000,5238,rotoguru
2016,12,Odell Beckham Jr.,WR,nyg,a,cle,27.6,8800,5323,rotoguru
2016,12,Dontrelle Inman,WR,sdg,a,hou,26.9,4100,5097,rotoguru
2016,12,Taylor Gabriel,WR,atl,h,ari,26.2,3600,5361,rotoguru
2016,12,Ted Ginn Jr.,WR,car,a,oak,25.8,3900,3670,rotoguru
2016,12,Quincy Enunwa,WR,nyj,h,nwe,24.9,4100,5420,rotoguru
2016,12,DeSean Jackson,WR,was,a,dal,24.8,4800,3770,rotoguru
2016,12,Terrelle Pryor,WR,cle,h,nyg,22.1,5600,1407,rotoguru
2016,12,Michael Crabtree,WR,oak,h,car,22,6500,3872,rotoguru
2016,12,Malcolm Mitchell,WR,nwe,a,nyj,21.2,3000,5488,rotoguru
2016,12,Tyrell Williams,WR,sdg,a,hou,21,6000,5432,rotoguru
2016,12,Anquan Boldin,WR,det,h,min,19.9,3300,3423,rotoguru
2016,12,Brandon Marshall,WR,nyj,h,nwe,18.7,6100,3627,rotoguru
2016,12,Jordy Nelson,WR,gnb,a,phi,17.1,7400,3751,rotoguru
2016,12,Jamison Crowder,WR,was,a,dal,16.8,5800,5410,rotoguru
2016,12,Donte Moncrief,WR,ind,h,pit,16.5,6400,5344,rotoguru
2016,12,Julian Edelman,WR,nwe,a,nyj,16.3,6800,3826,rotoguru
2016,12,Kenny Britt,WR,lar,a,nor,16.2,5400,3824,rotoguru
2016,12,Kenny Stills,WR,mia,h,sfo,16.2,3600,5212,rotoguru
2016,12,Tavon Austin,WR,lar,a,nor,15.5,4200,5199,rotoguru
2016,12,Deonte Thompson,WR,chi,h,ten,15.4,3000,5160,rotoguru
2016,12,Rishard Matthews,WR,ten,a,chi,15.4,5800,5182,rotoguru
2016,12,Mohamed Sanu,WR,atl,h,ari,15,4300,5159,rotoguru
2016,12,Willie Snead,WR,nor,h,lar,14.8,5200,5287,rotoguru
2016,12,Bennie Fowler,WR,den,h,kan,14.6,3000,5353,rotoguru
2016,12,Dorial Green-Beckham,WR,phi,h,gnb,14.2,3000,5382,rotoguru
2016,12,Seth Roberts,WR,oak,h,car,14.1,3000,5408,rotoguru
2016,12,Marqise Lee,WR,jac,a,buf,13.9,4000,5256,rotoguru
2016,12,Kelvin Benjamin,WR,car,a,oak,13.3,6700,5257,rotoguru
2016,12,Adam Thielen,WR,min,a,det,13.3,4000,5333,rotoguru
2016,12,Corey Coleman,WR,cle,h,nyg,12.8,4200,5452,rotoguru
2016,12,Golden Tate,WR,det,h,min,12.7,5600,3995,rotoguru
2016,12,Dez Bryant,WR,dal,h,was,12.2,7700,3891,rotoguru
2016,12,DeAndre Hopkins,WR,hou,h,sdg,12,6300,5206,rotoguru
2016,12,Torrey Smith,WR,sfo,a,mia,11.4,3400,5113,rotoguru
2016,12,Tyler Boyd,WR,cin,a,bal,11.2,4000,5455,rotoguru
2016,12,Sammy Watkins,WR,buf,h,jac,11,5000,5252,rotoguru
2016,12,Chris Hogan,WR,nwe,a,nyj,11,4700,5167,rotoguru
2016,12,Demaryius Thomas,WR,den,h,kan,11,6900,3997,rotoguru
2016,12,Cole Beasley,WR,dal,h,was,10.6,5500,5163,rotoguru
2016,12,Doug Baldwin,WR,sea,a,tam,10.4,6400,5136,rotoguru
2016,12,Randall Cobb,WR,gnb,a,phi,10.1,5700,5125,rotoguru
2016,12,Will Fuller,WR,hou,h,sdg,10,5100,5454,rotoguru
2016,12,Marvin Jones,WR,det,h,min,9.4,4100,5168,rotoguru
2016,12,DeVante Parker,WR,mia,h,sfo,9.4,4700,5380,rotoguru
2016,12,Larry Fitzgerald,WR,ari,a,atl,9.3,7000,3501,rotoguru
2016,12,Jarvis Landry,WR,mia,h,sfo,8.7,5900,5335,rotoguru
2016,12,Cordarrelle Patterson,WR,min,a,det,8.7,3600,5208,rotoguru
2016,12,Jordan Matthews,WR,phi,h,gnb,8.7,5000,5254,rotoguru
2016,12,Mike Wallace,WR,bal,h,cin,8.6,5300,3809,rotoguru
2016,12,Rod Streater,WR,sfo,a,mia,8.6,3000,5169,rotoguru
2016,12,Justin Hunter,WR,buf,h,jac,8.6,3000,5207,rotoguru
2016,12,Leonte Carroo,WR,mia,h,sfo,8.5,3000,5474,rotoguru
2016,12,T.Y. Hilton,WR,ind,h,pit,8.4,7900,5151,rotoguru
2016,12,Breshad Perriman,WR,bal,h,cin,8.4,3100,5379,rotoguru
2016,12,Pierre Garcon,WR,was,a,dal,8.3,3900,3754,rotoguru
2016,12,Dwayne Harris,WR,nyg,a,cle,8.3,3000,5130,rotoguru
2016,12,Allen Hurns,WR,jac,a,buf,8.2,3900,5341,rotoguru
2016,12,Josh Bellamy,WR,chi,h,ten,8.1,3000,5191,rotoguru
2016,12,Terrance Williams,WR,dal,h,was,8,3100,5216,rotoguru
2016,12,Harry Douglas,WR,ten,a,chi,8,3000,3731,rotoguru
2016,12,Justin Hardy,WR,atl,h,ari,7.7,3000,5387,rotoguru
2016,12,Jordan Taylor,WR,den,h,kan,7.6,3000,5501,rotoguru
2016,12,Julio Jones,WR,atl,h,ari,7.5,8500,5089,rotoguru
2016,12,Brandon Coleman,WR,nor,h,lar,7.3,3000,5326,rotoguru
2016,12,Brandon LaFell,WR,cin,a,bal,6.8,4600,3946,rotoguru
2016,12,Amari Cooper,WR,oak,h,car,6.2,7700,5376,rotoguru
2016,12,Phillip Dorsett,WR,ind,h,pit,6.1,3200,5384,rotoguru
2016,12,Steve Smith,WR,bal,h,cin,6,6000,3328,rotoguru
2016,12,Eli Rogers,WR,pit,a,ind,5.6,4500,5478,rotoguru
2016,12,Chris Conley,WR,kan,a,den,5.6,3100,5385,rotoguru
2016,12,Rashard Higgins,WR,cle,h,nyg,5.4,3000,5475,rotoguru
2016,12,James Wright,WR,cin,a,bal,5.3,3000,5290,rotoguru
2016,12,Chris Harper,WR,sfo,a,mia,5.2,3000,5222,rotoguru
2016,12,Michael Floyd,WR,ari,a,atl,5.1,4300,5148,rotoguru
2016,12,J.J. Nelson,WR,ari,a,atl,5,4200,5409,rotoguru
2016,12,Kamar Aiken,WR,bal,h,cin,5,3000,5275,rotoguru
2016,12,Victor Cruz,WR,nyg,a,cle,4.7,3500,3900,rotoguru
2016,12,Robby Anderson,WR,nyj,h,nwe,4.4,3000,5502,rotoguru
2016,12,Jeremy Kerley,WR,sfo,a,mia,4.4,3500,5111,rotoguru
2016,12,Allen Robinson,WR,jac,a,buf,4.4,7200,5258,rotoguru
2016,12,Russell Shepard,WR,tam,h,sea,4.3,3500,5223,rotoguru
2016,12,Johnny Holton,WR,oak,h,car,4,3000,5491,rotoguru
2016,12,Cameron Meredith,WR,chi,h,ten,3.9,4700,5417,rotoguru
2016,12,Andre Roberts,WR,det,h,min,3.9,3000,3978,rotoguru
2016,12,Devin Funchess,WR,car,a,oak,3.9,3500,5381,rotoguru
2016,12,Marquise Goodwin,WR,buf,h,jac,3.3,3600,5205,rotoguru
2016,12,Charles Johnson,WR,min,a,det,3.2,3000,3103,rotoguru
2016,12,Tajae Sharpe,WR,ten,a,chi,3.1,3700,5461,rotoguru
2016,12,Adam Humphries,WR,tam,h,sea,3.1,3700,5412,rotoguru
2016,12,Maurice Harris,WR,was,a,dal,3.1,3000,5512,rotoguru
2016,12,John Brown,WR,ari,a,atl,2.9,4000,5264,rotoguru
2016,12,Roger Lewis,WR,nyg,a,cle,2.8,3000,5508,rotoguru
2016,12,Jermaine Kearse,WR,sea,a,tam,2.8,3000,5186,rotoguru
2016,12,Paul Richardson,WR,sea,a,tam,2.7,3000,5260,rotoguru
2016,12,Albert Wilson,WR,kan,a,den,2.6,3200,5339,rotoguru
2016,12,Jalin Marshall,WR,nyj,h,nwe,2.6,3000,5489,rotoguru
2016,12,Bryce Treggs,WR,phi,h,gnb,2.4,3000,5513,rotoguru
2016,12,Braxton Miller,WR,hou,h,sdg,2.3,3000,5476,rotoguru
2016,12,Bradley Marquez,WR,lar,a,nor,2.2,3000,5428,rotoguru
2016,12,Quinton Patton,WR,sfo,a,mia,2.2,3300,5209,rotoguru
2016,12,Sterling Shepard,WR,nyg,a,cle,2.2,5500,5456,rotoguru
2016,12,Brandon Tate,WR,buf,h,jac,1.8,3000,3860,rotoguru
2016,12,Danny Amendola,WR,nwe,a,nyj,1.8,3700,3851,rotoguru
2016,12,Travis Benjamin,WR,sdg,a,hou,1.8,4900,5173,rotoguru
2016,12,Alex Erickson,WR,cin,a,bal,1.7,3000,5480,rotoguru
2016,12,Jeff Janis,WR,gnb,a,phi,1.7,3000,5351,rotoguru
2016,12,Cecil Shorts,WR,tam,h,sea,1.6,3000,5103,rotoguru
2016,12,Jeremy Butler,WR,sdg,a,hou,1.6,3000,5276,rotoguru
2016,12,Lucky Whitehead,WR,dal,h,was,1.5,3000,5400,rotoguru
2016,12,Cobi Hamilton,WR,pit,a,ind,1.5,3000,5288,rotoguru
2016,12,De'Anthony Thomas,WR,kan,a,den,1.4,3000,2958,rotoguru
2016,12,Brian Quick,WR,lar,a,nor,1.3,3600,5157,rotoguru
2016,12,Walter Powell,WR,buf,h,jac,1.1,3000,5270,rotoguru
2016,12,Tyler Lockett,WR,sea,a,tam,0.9,3600,5386,rotoguru
2016,12,Brittan Golden,WR,ari,a,atl,0.9,3000,5239,rotoguru
2016,12,Tommylee Lewis,WR,nor,h,lar,0.7,3000,5496,rotoguru
2016,12,Eddie Royal,WR,chi,h,ten,0.4,3800,3748,rotoguru
2016,12,Marc Mariani,WR,ten,a,chi,0,3000,3949,rotoguru
2016,12,Brice Butler,WR,dal,h,was,0,3000,5219,rotoguru
2016,12,Freddie Martino,WR,tam,h,sea,0,3000,5366,rotoguru
2016,12,Chris Moore,WR,bal,h,cin,0,3000,5479,rotoguru
2016,12,Jarius Wright,WR,min,a,det,0,3000,5188,rotoguru
2016,12,Eric Weems,WR,atl,h,ari,0,3000,3732,rotoguru
2016,12,Corey Brown,WR,car,a,oak,0,3000,5362,rotoguru
2016,12,Ricardo Louis,WR,cle,h,nyg,0,3000,5481,rotoguru
2016,12,Pharoh Cooper,WR,lar,a,nor,0,3000,5462,rotoguru
2016,12,Vince Mayle,WR,dal,h,was,0,3000,5411,rotoguru
2016,12,Demarcus Robinson,WR,kan,a,den,0,3000,5515,rotoguru
2016,12,Chester Rogers,WR,ind,h,pit,0,3000,5500,rotoguru
2016,12,Mike Thomas,WR,lar,a,nor,0,3000,5503,rotoguru
2016,12,Geronimo Allison,WR,gnb,a,phi,0,3000,5511,rotoguru
2016,12,Arrelious Benn,WR,jac,a,buf,0,3000,3885,rotoguru
2016,12,Andrew Hawkins,WR,cle,h,nyg,0,3000,5140,rotoguru
2016,12,Isaiah Burse,WR,sdg,a,hou,0,3000,5363,rotoguru
2016,12,Brandin Cooks,WR,nor,h,lar,0,6800,5255,rotoguru
2016,12,Andre Holmes,WR,oak,h,car,0,3000,5177,rotoguru
2016,12,Kendall Wright,WR,ten,a,chi,0,4000,5162,rotoguru
2016,12,Rashad Greene,WR,jac,a,buf,0,3000,5391,rotoguru
2016,12,Bryan Walters,WR,jac,a,buf,0,3000,5070,rotoguru
2016,12,Laquon Treadwell,WR,min,a,det,0,3000,5453,rotoguru
2016,12,Sammie Coates,WR,pit,a,ind,0,3500,5388,rotoguru
2016,12,Keith Mumphery,WR,hou,h,sdg,0,3000,5407,rotoguru
2016,12,Cody Core,WR,cin,a,bal,0,3000,5518,rotoguru
2016,12,Aldrick Robinson,WR,atl,h,ari,0,3000,5134,rotoguru
2016,12,Devin Hester,WR,bal,h,cin,0,3000,3593,rotoguru
2016,12,Aaron Burbridge,WR,sfo,a,mia,0,3000,5497,rotoguru
2016,12,Jakeem Grant,WR,mia,h,sfo,0,3000,5486,rotoguru
2016,12,Trevor Davis,WR,gnb,a,phi,0,3000,5498,rotoguru
2016,12,Tanner McEvoy,WR,sea,a,tam,0,3000,5505,rotoguru
2016,12,Jordan Norwood,WR,den,h,kan,-1,3000,3828,rotoguru
2016,12,Jordan Reed,TE,was,a,dal,31.5,6200,4573,rotoguru
2016,12,Travis Kelce,TE,kan,a,den,21.1,4000,4582,rotoguru
2016,12,Tyler Eifert,TE,cin,a,bal,17.8,5600,4568,rotoguru
2016,12,Kyle Rudolph,TE,min,a,det,15.4,3700,4537,rotoguru
2016,12,Dion Sims,TE,mia,h,sfo,15.3,2500,4576,rotoguru
2016,12,Lance Kendricks,TE,lar,a,nor,15.1,3000,4538,rotoguru
2016,12,Jermaine Gresham,TE,ari,a,atl,14.5,2500,4493,rotoguru
2016,12,Delanie Walker,TE,ten,a,chi,14,4900,4360,rotoguru
2016,12,Josh Hill,TE,nor,h,lar,13.4,2500,4586,rotoguru
2016,12,Clive Walford,TE,oak,h,car,13.3,2500,4651,rotoguru
2016,12,Vernon Davis,TE,was,a,dal,11.8,2900,4323,rotoguru
2016,12,Jimmy Graham,TE,sea,a,tam,11.7,5300,4492,rotoguru
2016,12,Daniel Brown,TE,chi,h,ten,11.4,2500,5436,rotoguru
2016,12,Hunter Henry,TE,sdg,a,hou,10,2900,4675,rotoguru
2016,12,Vance McDonald,TE,sfo,a,mia,10,3000,4572,rotoguru
2016,12,Coby Fleener,TE,nor,h,lar,9.9,3100,4552,rotoguru
2016,12,Dwayne Allen,TE,ind,h,pit,9.9,2600,4551,rotoguru
2016,12,Garrett Celek,TE,sfo,a,mia,8.9,2600,4564,rotoguru
2016,12,Cameron Brate,TE,tam,h,sea,8.9,3100,4648,rotoguru
2016,12,Ladarius Green,TE,pit,a,ind,8.7,2600,4562,rotoguru
2016,12,Greg Olsen,TE,car,a,oak,8.5,5800,4368,rotoguru
2016,12,A.J. Derby,TE,den,h,kan,8.3,2500,4692,rotoguru
2016,12,C.J. Fiedorowicz,TE,hou,h,sdg,8.2,3300,4640,rotoguru
2016,12,Ryan Griffin,TE,hou,h,sdg,7.6,2500,4592,rotoguru
2016,12,Seth DeValve,TE,cle,h,nyg,6.9,2500,4690,rotoguru
2016,12,Zach Ertz,TE,phi,h,gnb,6.6,3700,4569,rotoguru
2016,12,Dennis Pitta,TE,bal,h,cin,6.4,3200,4516,rotoguru
2016,12,Jason Witten,TE,dal,h,was,6.3,3200,4262,rotoguru
2016,12,Martellus Bennett,TE,nwe,a,nyj,5.6,4500,4407,rotoguru
2016,12,Jack Doyle,TE,ind,h,pit,4.5,2800,4594,rotoguru
2016,12,Erik Swoope,TE,ind,h,pit,4.5,2500,4626,rotoguru
2016,12,Ben Koyack,TE,jac,a,buf,4.3,2500,4689,rotoguru
2016,12,Trey Burton,TE,phi,h,gnb,4,2500,4618,rotoguru
2016,12,Charles Clay,TE,buf,h,jac,3.7,2700,4543,rotoguru
2016,12,Neal Sterling,TE,jac,a,buf,3.6,2500,4684,rotoguru
2016,12,Brandon Bostick,TE,nyj,h,nwe,3.4,2500,4593,rotoguru
2016,12,Darren Waller,TE,bal,h,cin,3.4,2500,5419,rotoguru
2016,12,Mychal Rivera,TE,oak,h,car,3.3,2500,4574,rotoguru
2016,12,Will Tye,TE,nyg,a,cle,3.2,3000,4670,rotoguru
2016,12,Marqueis Gray,TE,mia,h,sfo,3.2,2500,4595,rotoguru
2016,12,Rhett Ellison,TE,min,a,det,3.1,2500,4554,rotoguru
2016,12,Levine Toilolo,TE,atl,h,ari,2.8,2500,4577,rotoguru
2016,12,Austin Hooper,TE,atl,h,ari,2.8,2800,4677,rotoguru
2016,12,Ben Braunecker,TE,chi,h,ten,2.4,2500,4691,rotoguru
2016,12,Luke Willson,TE,sea,a,tam,2.1,2500,4578,rotoguru
2016,12,Gary Barnidge,TE,cle,h,nyg,2.1,3600,4401,rotoguru
2016,12,Demetrius Harris,TE,kan,a,den,2,2500,4642,rotoguru
2016,12,Alan Cross,TE,tam,h,sea,2,2500,4682,rotoguru
2016,12,Austin Seferian-Jenkins,TE,nyj,h,nwe,1.9,2500,4602,rotoguru
2016,12,Stephen Anderson,TE,hou,h,sdg,1.8,2500,4679,rotoguru
2016,12,Jared Cook,TE,gnb,a,phi,1.7,2500,4437,rotoguru
2016,12,Ryan Hewitt,TE,cin,a,bal,1.5,2500,2978,rotoguru
2016,12,Derek Carrier,TE,was,a,dal,1.4,2500,4599,rotoguru
2016,12,Luke Stocker,TE,tam,h,sea,1.3,2500,4532,rotoguru
2016,12,James O'Shaughnessy,TE,kan,a,den,0.9,2500,4664,rotoguru
2016,12,Danny Vitale,TE,cle,h,nyg,0.6,2500,5517,rotoguru
2016,12,Larry Donnell,TE,nyg,a,cle,0,2500,4585,rotoguru
2016,12,Tyler Higbee,TE,lar,a,nor,0,2500,4680,rotoguru
2016,12,Richard Rodgers,TE,gnb,a,phi,0,2600,4629,rotoguru
2016,12,Logan Paulsen,TE,chi,h,ten,0,2500,4513,rotoguru
2016,12,Sean McGrath,TE,sdg,a,hou,0,2500,4588,rotoguru
2016,12,Matthew Mulligan,TE,det,h,min,0,2500,4431,rotoguru
2016,12,Jesse James,TE,pit,a,ind,0,2700,4653,rotoguru
2016,12,Darren Fells,TE,ari,a,atl,0,2500,4609,rotoguru
2016,12,Hakeem Valles,TE,ari,a,atl,0,2500,4687,rotoguru
2016,12,Antonio Gates,TE,sdg,a,hou,0,4200,4270,rotoguru
2016,12,Nick O'Leary,TE,buf,h,jac,0,2500,4661,rotoguru
2016,12,John Phillips,TE,nor,h,lar,0,2500,4433,rotoguru
2016,12,Eric Ebron,TE,det,h,min,0,4000,4601,rotoguru
2016,12,Gavin Escobar,TE,dal,h,was,0,2500,4570,rotoguru
2016,12,Virgil Green,TE,den,h,kan,0,2600,4542,rotoguru
2016,12,Jerell Adams,TE,nyg,a,cle,0,2500,4686,rotoguru
2016,12,Brandon Myers,TE,tam,h,sea,0,2500,4457,rotoguru
2016,12,Dominique Jones,TE,mia,h,sfo,0,2500,4555,rotoguru
2016,12,Anthony Fasano,TE,ten,a,chi,0,2500,4327,rotoguru
2016,12,Jace Amaro,TE,ten,a,chi,0,2500,4603,rotoguru
2016,12,Ed Dickson,TE,car,a,oak,0,2500,4482,rotoguru
2016,12,Randall Telfer,TE,cle,h,nyg,0,2500,4685,rotoguru
2016,12,Tyler Kroft,TE,cin,a,bal,0,2500,4652,rotoguru
2016,12,Blake Bell,TE,sfo,a,mia,0,2500,4666,rotoguru
2016,12,Brent Celek,TE,phi,h,gnb,0,2500,4363,rotoguru
2016,12,Nick Boyle,TE,bal,h,cin,0,2500,4660,rotoguru
2016,12,Cory Harkey,TE,lar,a,nor,0,2500,4565,rotoguru
2016,12,Rob Gronkowski,TE,nwe,a,nyj,0,6900,4494,rotoguru
2016,12,Brandon Williams,TE,sea,a,tam,0,2500,4590,rotoguru
2016,12,David Johnson,TE,pit,a,ind,0,2500,4450,rotoguru
2016,12,Clay Harbor,TE,det,h,min,0,2500,4495,rotoguru
2016,12,Joshua Perkins,TE,atl,h,ari,0,2500,4693,rotoguru
2016,12,New York G Defense,Def,nyg,a,cle,23,3600,7020,rotoguru
2016,12,Tampa Bay Defense,Def,tam,h,sea,19,2300,7029,rotoguru
2016,12,Kansas City Defense,Def,kan,a,den,15,3200,7015,rotoguru
2016,12,Oakland Defense,Def,oak,h,car,13,3000,7022,rotoguru
2016,12,San Diego Defense,Def,sdg,a,hou,13,2700,7026,rotoguru
2016,12,Pittsburgh Defense,Def,pit,a,ind,11,2800,7024,rotoguru
2016,12,Baltimore Defense,Def,bal,h,cin,11,3100,7003,rotoguru
2016,12,Green Bay Defense,Def,gnb,a,phi,10,2800,7012,rotoguru
2016,12,New England Defense,Def,nwe,a,nyj,8,3400,7018,rotoguru
2016,12,New Orleans Defense,Def,nor,h,lar,7,2800,7019,rotoguru
2016,12,Cincinnati Defense,Def,cin,a,bal,7,2800,7007,rotoguru
2016,12,Seattle Defense,Def,sea,a,tam,7,3500,7028,rotoguru
2016,12,Detroit Defense,Def,det,h,min,6,3000,7011,rotoguru
2016,12,Miami Defense,Def,mia,h,sfo,6,3300,7016,rotoguru
2016,12,Denver Defense,Def,den,h,kan,5,3700,7010,rotoguru
2016,12,Carolina Defense,Def,car,a,oak,5,2600,7005,rotoguru
2016,12,Atlanta Defense,Def,atl,h,ari,5,2900,7002,rotoguru
2016,12,Jacksonville Defense,Def,jac,a,buf,4,2400,7014,rotoguru
2016,12,Tennessee Defense,Def,ten,a,chi,4,2800,7030,rotoguru
2016,12,Houston Defense,Def,hou,h,sdg,3,2600,7032,rotoguru
2016,12,Cleveland Defense,Def,cle,h,nyg,3,2200,7008,rotoguru
2016,12,Minnesota Defense,Def,min,a,det,3,3400,7017,rotoguru
2016,12,Buffalo Defense,Def,buf,h,jac,2,3800,7004,rotoguru
2016,12,San Francisco Defense,Def,sfo,a,mia,1,2400,7027,rotoguru
2016,12,Arizona Defense,Def,ari,a,atl,1,2700,7001,rotoguru
2016,12,Philadelphia Defense,Def,phi,h,gnb,0,3000,7023,rotoguru
2016,12,New York J Defense,Def,nyj,h,nwe,0,2500,7021,rotoguru
2016,12,Dallas Defense,Def,dal,h,was,0,2900,7009,rotoguru
2016,12,Chicago Defense,Def,chi,h,ten,0,2700,7006,rotoguru
2016,12,Los Angeles Defense,Def,lar,a,nor,0,2400,7025,rotoguru
2016,12,Washington Defense,Def,was,a,dal,0,2500,7031,rotoguru
2016,12,Indianapolis Defense,Def,ind,h,pit,-1,2400,7013,rotoguru
2016,13,Joe Flacco,QB,bal,h,mia,33.24,5300,1302,rotoguru
2016,13,Andrew Luck,QB,ind,a,nyj,29.72,7300,1409,rotoguru
2016,13,Carson Palmer,QB,ari,h,was,26.9,6000,1207,rotoguru
2016,13,Matthew Stafford,QB,det,a,nor,26.84,7000,1340,rotoguru
2016,13,Andy Dalton,QB,cin,h,phi,25.18,5200,1403,rotoguru
2016,13,Derek Carr,QB,oak,h,buf,20.8,6500,1441,rotoguru
2016,13,Carson Wentz,QB,phi,a,cin,19.62,5300,1514,rotoguru
2016,13,Kirk Cousins,QB,was,a,ari,18.84,6400,1415,rotoguru
2016,13,Ben Roethlisberger,QB,pit,h,nyg,18.56,7400,1232,rotoguru
2016,13,Brock Osweiler,QB,hou,a,gnb,17.28,5200,1414,rotoguru
2016,13,Matt Ryan,QB,atl,h,kan,17.18,6800,1301,rotoguru
2016,13,Russell Wilson,QB,sea,h,car,16.98,6300,1412,rotoguru
2016,13,Aaron Rodgers,QB,gnb,h,hou,16.96,6700,1252,rotoguru
2016,13,Philip Rivers,QB,sdg,h,tam,16.8,6500,1231,rotoguru
2016,13,Jameis Winston,QB,tam,a,sdg,16.3,6200,1465,rotoguru
2016,13,Sam Bradford,QB,min,h,dal,14.88,5100,1344,rotoguru
2016,13,Tom Brady,QB,nwe,h,lar,14.86,7500,1131,rotoguru
2016,13,Tyrod Taylor,QB,buf,a,oak,14.64,5700,1400,rotoguru
2016,13,Eli Manning,QB,nyg,a,pit,13.7,5900,1225,rotoguru
2016,13,Alex Smith,QB,kan,a,atl,13.5,5400,1254,rotoguru
2016,13,Blake Bortles,QB,jac,h,den,13.14,5000,1442,rotoguru
2016,13,Drew Brees,QB,nor,h,det,13.04,7600,1151,rotoguru
2016,13,Cam Newton,QB,car,a,sea,12.48,6600,1378,rotoguru
2016,13,Dak Prescott,QB,dal,a,min,12.26,5900,1501,rotoguru
2016,13,Ryan Tannehill,QB,mia,a,bal,10.04,5500,1410,rotoguru
2016,13,Jared Goff,QB,lar,a,nwe,8.34,5000,1490,rotoguru
2016,13,Matt Barkley,QB,chi,h,sfo,7.98,5000,1417,rotoguru
2016,13,Bryce Petty,QB,nyj,h,ind,7.4,5000,1472,rotoguru
2016,13,Paxton Lynch,QB,den,a,jac,5.26,5000,1516,rotoguru
2016,13,Ryan Fitzpatrick,QB,nyj,h,ind,2.54,5200,1242,rotoguru
2016,13,Colin Kaepernick,QB,sfo,a,chi,2.16,6100,1404,rotoguru
2016,13,Trevone Boykin,QB,sea,h,car,1.62,5000,1493,rotoguru
2016,13,Blaine Gabbert,QB,sfo,a,chi,1.5,5000,1381,rotoguru
2016,13,Shaun Hill,QB,min,h,dal,0.24,5000,1213,rotoguru
2016,13,Scott Tolzien,QB,ind,a,nyj,0.14,5100,1433,rotoguru
2016,13,E.J. Manuel,QB,buf,a,oak,0,5000,1421,rotoguru
2016,13,Joe Webb,QB,car,a,sea,0,5000,5071,rotoguru
2016,13,Kellen Clemens,QB,sdg,h,tam,0,5000,1262,rotoguru
2016,13,Landry Jones,QB,pit,h,nyg,-0.1,5000,1430,rotoguru
2016,13,Ryan Mallett,QB,bal,h,mia,-0.1,5000,1401,rotoguru
2016,13,Derek Anderson,QB,car,a,sea,-1,5000,1239,rotoguru
2016,13,David Johnson,RB,ari,h,was,38.5,9500,5395,rotoguru
2016,13,Jordan Howard,RB,chi,h,sfo,32.7,6900,5447,rotoguru
2016,13,LeSean McCoy,RB,buf,a,oak,29.1,7800,2707,rotoguru
2016,13,Thomas Rawls,RB,sea,h,car,27.8,5900,5402,rotoguru
2016,13,Devonta Freeman,RB,atl,h,kan,26.5,6100,2930,rotoguru
2016,13,Le'Veon Bell,RB,pit,h,nyg,26.2,9200,2888,rotoguru
2016,13,Latavius Murray,RB,oak,h,buf,25.5,5400,2899,rotoguru
2016,13,Melvin Gordon,RB,sdg,h,tam,23.8,7200,2991,rotoguru
2016,13,Terrance West,RB,bal,h,mia,21.8,3800,2929,rotoguru
2016,13,Ezekiel Elliott,RB,dal,a,min,20.5,8200,5444,rotoguru
2016,13,Spencer Ware,RB,kan,a,atl,20.2,6400,2914,rotoguru
2016,13,Rashad Jennings,RB,nyg,a,pit,17.3,4800,2658,rotoguru
2016,13,Darren Sproles,RB,phi,a,cin,16.9,4400,2484,rotoguru
2016,13,Mike Gillislee,RB,buf,a,oak,16.9,4600,2894,rotoguru
2016,13,Jerick McKinnon,RB,min,h,dal,16.5,3300,2935,rotoguru
2016,13,LeGarrette Blount,RB,nwe,h,lar,14.8,5500,2721,rotoguru
2016,13,Jay Ajayi,RB,mia,a,bal,14.7,6700,2998,rotoguru
2016,13,Doug Martin,RB,tam,a,sdg,13.8,5700,2858,rotoguru
2016,13,Theo Riddick,RB,det,a,nor,12.7,5800,2907,rotoguru
2016,13,Jeremy Hill,RB,cin,h,phi,12.5,4300,2928,rotoguru
2016,13,Kenneth Dixon,RB,bal,h,mia,11.7,3700,5469,rotoguru
2016,13,T.J. Yeldon,RB,jac,h,den,11.2,3700,2993,rotoguru
2016,13,Matt Forte,RB,nyj,h,ind,10.9,5900,2613,rotoguru
2016,13,Carlos Hyde,RB,sfo,a,chi,10.8,5300,2933,rotoguru
2016,13,Devontae Booker,RB,den,a,jac,10.7,5100,5468,rotoguru
2016,13,Travaris Cadet,RB,nor,h,det,10.3,3000,2869,rotoguru
2016,13,Mark Ingram,RB,nor,h,det,10.3,6000,2793,rotoguru
2016,13,Rex Burkhead,RB,cin,h,phi,9.6,3500,2890,rotoguru
2016,13,Aaron Ripkowski,RB,gnb,h,hou,8.8,3000,5406,rotoguru
2016,13,John Kuhn,RB,nor,h,det,8.5,3000,2549,rotoguru
2016,13,Frank Gore,RB,ind,a,nyj,7.9,4900,2467,rotoguru
2016,13,Dion Lewis,RB,nwe,h,lar,7.8,3800,2816,rotoguru
2016,13,Ty Montgomery,RB,gnb,h,hou,7.6,4200,5392,rotoguru
2016,13,Robert Turbin,RB,ind,a,nyj,7.6,3300,2867,rotoguru
2016,13,James White,RB,nwe,h,lar,7.5,4000,2954,rotoguru
2016,13,Denard Robinson,RB,jac,h,den,7.4,3200,2901,rotoguru
2016,13,Jonathan Grimes,RB,hou,a,gnb,6.8,3000,2881,rotoguru
2016,13,Todd Gurley,RB,lar,a,nwe,6.7,5000,2992,rotoguru
2016,13,Rob Kelley,RB,was,a,ari,6.3,4700,5493,rotoguru
2016,13,Alfred Blue,RB,hou,a,gnb,6.1,4300,2960,rotoguru
2016,13,Jacquizz Rodgers,RB,tam,a,sdg,6,4500,2818,rotoguru
2016,13,Dwayne Washington,RB,det,a,nor,6,3500,5483,rotoguru
2016,13,Chris Thompson,RB,was,a,ari,5.5,3700,2915,rotoguru
2016,13,Jalen Richard,RB,oak,h,buf,5.3,3300,5490,rotoguru
2016,13,Jonathan Stewart,RB,car,a,sea,5.3,5200,2612,rotoguru
2016,13,Tevin Coleman,RB,atl,h,kan,4.9,4300,2994,rotoguru
2016,13,Kapri Bibbs,RB,den,a,jac,4.9,4000,2963,rotoguru
2016,13,Troymaine Pope,RB,sea,h,car,4.3,3000,5510,rotoguru
2016,13,Zach Zenner,RB,det,a,nor,4,3000,5397,rotoguru
2016,13,Paul Perkins,RB,nyg,a,pit,3.8,3800,5472,rotoguru
2016,13,Matt Asiata,RB,min,h,dal,3.7,3500,2873,rotoguru
2016,13,Damien Williams,RB,mia,a,bal,2.9,3900,2957,rotoguru
2016,13,Lamar Miller,RB,hou,a,gnb,2.8,5600,2859,rotoguru
2016,13,Andre Ellington,RB,ari,h,was,2.5,3500,2892,rotoguru
2016,13,C.J. Spiller,RB,nyj,h,ind,2.2,3000,2775,rotoguru
2016,13,Mike Tolbert,RB,car,a,sea,2.1,3000,2647,rotoguru
2016,13,Taiwan Jones,RB,oak,h,buf,2.1,3000,2820,rotoguru
2016,13,Shaun Draughn,RB,sfo,a,chi,2,3200,2875,rotoguru
2016,13,Christine Michael,RB,gnb,h,hou,1.9,3300,2898,rotoguru
2016,13,Wendell Smallwood,RB,phi,a,cin,1.9,4300,5473,rotoguru
2016,13,Tim Hightower,RB,nor,h,det,1.9,4800,2604,rotoguru
2016,13,Kyle Juszczyk,RB,bal,h,mia,1.6,3000,2908,rotoguru
2016,13,Kenneth Farrow,RB,sdg,h,tam,1.5,3700,5494,rotoguru
2016,13,Kenyan Drake,RB,mia,a,bal,1.5,3000,5446,rotoguru
2016,13,Kenjon Barner,RB,phi,a,cin,1.2,3600,2887,rotoguru
2016,13,Josh Ferguson,RB,ind,a,nyj,1.1,3000,5484,rotoguru
2016,13,Alfred Morris,RB,dal,a,min,1.1,5100,2871,rotoguru
2016,13,Ka'Deem Carey,RB,chi,h,sfo,0.8,3000,2972,rotoguru
2016,13,DuJuan Harris,RB,sfo,a,chi,0.8,3900,2802,rotoguru
2016,13,Peyton Barber,RB,tam,a,sdg,0.6,3900,5507,rotoguru
2016,13,Juwan Thompson,RB,den,a,jac,0.5,3000,2965,rotoguru
2016,13,Bilal Powell,RB,nyj,h,ind,0.3,4600,2819,rotoguru
2016,13,Jordan Todman,RB,ind,a,nyj,0.3,3000,2840,rotoguru
2016,13,Reggie Bush,RB,buf,a,oak,0.3,3000,2495,rotoguru
2016,13,Fozzy Whittaker,RB,car,a,sea,0.3,3000,2916,rotoguru
2016,13,Corey Grant,RB,jac,h,den,0.2,3000,5405,rotoguru
2016,13,Jeremy Langford,RB,chi,h,sfo,0.2,4100,5371,rotoguru
2016,13,Derek Watt,RB,sdg,h,tam,0.2,3000,5504,rotoguru
2016,13,George Farmer,RB,sea,h,car,0.1,0,5516,rotoguru
2016,13,James Starks,RB,gnb,h,hou,0.1,4400,2777,rotoguru
2016,13,Lance Dunbar,RB,dal,a,min,0,3000,2880,rotoguru
2016,13,Will Tukuafu,RB,sea,h,car,0,3000,2986,rotoguru
2016,13,James Develin,RB,nwe,h,lar,0,3000,2825,rotoguru
2016,13,Michael Burton,RB,det,a,nor,0,3000,5415,rotoguru
2016,13,Zach Line,RB,min,h,dal,0,3000,2912,rotoguru
2016,13,Malcolm Brown,RB,lar,a,nwe,0,3000,5441,rotoguru
2016,13,Chase Reynolds,RB,lar,a,nwe,0,3000,2919,rotoguru
2016,13,Stepfan Taylor,RB,ari,h,was,0,3000,2903,rotoguru
2016,13,Charcandrick West,RB,kan,a,atl,0,4900,2987,rotoguru
2016,13,Anthony Sherman,RB,kan,a,atl,0,3000,2822,rotoguru
2016,13,Brandon Bolden,RB,nwe,h,lar,0,3000,2874,rotoguru
2016,13,Bobby Rainey,RB,nyg,a,pit,0,3000,2863,rotoguru
2016,13,Keith Smith,RB,dal,a,min,0,3000,5492,rotoguru
2016,13,Roosevelt Nix,RB,pit,h,nyg,0,3000,5403,rotoguru
2016,13,Jerome Felton,RB,buf,a,oak,0,3000,2624,rotoguru
2016,13,Akeem Hunt,RB,hou,a,gnb,0,3500,5431,rotoguru
2016,13,Kerwynn Williams,RB,ari,h,was,0,3000,2918,rotoguru
2016,13,Patrick DiMarco,RB,atl,h,kan,0,3000,2805,rotoguru
2016,13,Cedric Peerman,RB,cin,h,phi,0,3000,2692,rotoguru
2016,13,Jonathan Williams,RB,buf,a,oak,0,3000,5451,rotoguru
2016,13,Paul Lasike,RB,chi,h,sfo,0,3000,5373,rotoguru
2016,13,Fitzgerald Toussaint,RB,pit,h,nyg,0,4200,2990,rotoguru
2016,13,Jamize Olawale,RB,oak,h,buf,0,3000,2913,rotoguru
2016,13,Jay Prosch,RB,hou,a,gnb,0,3000,2980,rotoguru
2016,13,Benny Cunningham,RB,lar,a,nwe,-0.1,4000,2911,rotoguru
2016,13,Golden Tate,WR,det,a,nor,31.5,6200,3995,rotoguru
2016,13,Jordy Nelson,WR,gnb,h,hou,28.8,7000,3751,rotoguru
2016,13,T.Y. Hilton,WR,ind,a,nyj,26.6,7600,5151,rotoguru
2016,13,Tyler Lockett,WR,sea,h,car,24.8,3700,5386,rotoguru
2016,13,Odell Beckham Jr.,WR,nyg,a,pit,23,8500,5323,rotoguru
2016,13,Julio Jones,WR,atl,h,kan,21.3,8700,5089,rotoguru
2016,13,Julian Edelman,WR,nwe,h,lar,21.1,6800,3826,rotoguru
2016,13,Brandon LaFell,WR,cin,h,phi,20.5,4300,3946,rotoguru
2016,13,Michael Crabtree,WR,oak,h,buf,20.4,6000,3872,rotoguru
2016,13,Albert Wilson,WR,kan,a,atl,20.3,3200,5339,rotoguru
2016,13,Ted Ginn Jr.,WR,car,a,sea,19.6,4000,3670,rotoguru
2016,13,Jarvis Landry,WR,mia,a,bal,19.6,5400,5335,rotoguru
2016,13,Dez Bryant,WR,dal,a,min,18.4,6900,3891,rotoguru
2016,13,Larry Fitzgerald,WR,ari,h,was,17.8,7100,3501,rotoguru
2016,13,Antonio Brown,WR,pit,h,nyg,17.4,9100,3474,rotoguru
2016,13,Malcolm Mitchell,WR,nwe,h,lar,16.2,3600,5488,rotoguru
2016,13,Robby Anderson,WR,nyj,h,ind,16.1,3000,5502,rotoguru
2016,13,DeAndre Hopkins,WR,hou,a,gnb,14.8,6000,5206,rotoguru
2016,13,Pierre Garcon,WR,was,a,ari,14.8,4200,3754,rotoguru
2016,13,Kenny Britt,WR,lar,a,nwe,14.7,5000,3824,rotoguru
2016,13,Brandin Cooks,WR,nor,h,det,14.7,6400,5255,rotoguru
2016,13,Adam Thielen,WR,min,h,dal,14.6,4900,5333,rotoguru
2016,13,Josh Bellamy,WR,chi,h,sfo,14.5,3000,5191,rotoguru
2016,13,Paul Turner,WR,phi,a,cin,14,3000,5519,rotoguru
2016,13,Amari Cooper,WR,oak,h,buf,13.9,7300,5376,rotoguru
2016,13,Breshad Perriman,WR,bal,h,mia,13.9,3100,5379,rotoguru
2016,13,Stefon Diggs,WR,min,h,dal,13.9,6700,5424,rotoguru
2016,13,Doug Baldwin,WR,sea,h,car,13.5,6700,5136,rotoguru
2016,13,Jamison Crowder,WR,was,a,ari,13.2,5800,5410,rotoguru
2016,13,Dontrelle Inman,WR,sdg,h,tam,12.9,5200,5097,rotoguru
2016,13,Tyrell Williams,WR,sdg,h,tam,12.7,6100,5432,rotoguru
2016,13,Donte Moncrief,WR,ind,a,nyj,12.6,6600,5344,rotoguru
2016,13,DeVante Parker,WR,mia,a,bal,12.4,5600,5380,rotoguru
2016,13,Chris Hogan,WR,nwe,h,lar,12.3,4400,5167,rotoguru
2016,13,Tyreek Hill,WR,kan,a,atl,12.2,4600,5485,rotoguru
2016,13,Sterling Shepard,WR,nyg,a,pit,12.1,4900,5456,rotoguru
2016,13,Demaryius Thomas,WR,den,a,jac,12.1,6600,3997,rotoguru
2016,13,Mike Wallace,WR,bal,h,mia,11.9,5000,3809,rotoguru
2016,13,Jermaine Kearse,WR,sea,h,car,11.8,3000,5186,rotoguru
2016,13,Steve Smith,WR,bal,h,mia,11.3,5700,3328,rotoguru
2016,13,J.J. Nelson,WR,ari,h,was,11.2,3900,5409,rotoguru
2016,13,Will Fuller,WR,hou,a,gnb,10.9,4700,5454,rotoguru
2016,13,Randall Cobb,WR,gnb,h,hou,10.9,5400,5125,rotoguru
2016,13,Michael Floyd,WR,ari,h,was,10.8,4200,5148,rotoguru
2016,13,Tyler Boyd,WR,cin,h,phi,10.6,4800,5455,rotoguru
2016,13,Brian Quick,WR,lar,a,nwe,9.8,3200,5157,rotoguru
2016,13,Aldrick Robinson,WR,atl,h,kan,9.8,3000,5134,rotoguru
2016,13,Cameron Meredith,WR,chi,h,sfo,9.7,4100,5417,rotoguru
2016,13,Freddie Martino,WR,tam,a,sdg,9.6,3000,5366,rotoguru
2016,13,Taylor Gabriel,WR,atl,h,kan,9.4,4000,5361,rotoguru
2016,13,Mike Evans,WR,tam,a,sdg,8.8,8600,5253,rotoguru
2016,13,Brandon Marshall,WR,nyj,h,ind,8.3,6900,3627,rotoguru
2016,13,Michael Thomas,WR,nor,h,det,8.2,6900,5459,rotoguru
2016,13,Anquan Boldin,WR,det,a,nor,8,4100,3423,rotoguru
2016,13,Cody Core,WR,cin,h,phi,7.8,3000,5518,rotoguru
2016,13,Marquise Goodwin,WR,buf,a,oak,7.5,3400,5205,rotoguru
2016,13,Andre Roberts,WR,det,a,nor,7.5,3000,3978,rotoguru
2016,13,Marqise Lee,WR,jac,h,den,7.4,4000,5256,rotoguru
2016,13,Kamar Aiken,WR,bal,h,mia,7.1,3000,5275,rotoguru
2016,13,DeSean Jackson,WR,was,a,ari,6.9,5000,3770,rotoguru
2016,13,Dorial Green-Beckham,WR,phi,a,cin,6.9,3000,5382,rotoguru
2016,13,Sammy Watkins,WR,buf,a,oak,6.8,5500,5252,rotoguru
2016,13,Nelson Agholor,WR,phi,a,cin,6.7,3000,5378,rotoguru
2016,13,Charles Johnson,WR,min,h,dal,6.6,3000,3103,rotoguru
2016,13,Devin Funchess,WR,car,a,sea,6.4,3300,5381,rotoguru
2016,13,Emmanuel Sanders,WR,den,a,jac,6.2,5900,3983,rotoguru
2016,13,Allen Robinson,WR,jac,h,den,6.1,5800,5258,rotoguru
2016,13,Bryan Walters,WR,jac,h,den,6.1,3000,5070,rotoguru
2016,13,Danny Amendola,WR,nwe,h,lar,6,3400,3851,rotoguru
2016,13,Seth Roberts,WR,oak,h,buf,5.8,3000,5408,rotoguru
2016,13,Willie Snead,WR,nor,h,det,5.8,5100,5287,rotoguru
2016,13,Mohamed Sanu,WR,atl,h,kan,4.6,4400,5159,rotoguru
2016,13,Travis Benjamin,WR,sdg,h,tam,4.4,4600,5173,rotoguru
2016,13,Cole Beasley,WR,dal,a,min,4.3,5500,5163,rotoguru
2016,13,Kenny Stills,WR,mia,a,bal,4.1,3900,5212,rotoguru
2016,13,James Wright,WR,cin,h,phi,4,3000,5290,rotoguru
2016,13,Adam Humphries,WR,tam,a,sdg,3.9,3600,5412,rotoguru
2016,13,Kelvin Benjamin,WR,car,a,sea,3.8,6200,5257,rotoguru
2016,13,Cordarrelle Patterson,WR,min,h,dal,3.6,3900,5208,rotoguru
2016,13,Terrance Williams,WR,dal,a,min,3.3,3200,5216,rotoguru
2016,13,Justin Hunter,WR,buf,a,oak,3.2,3000,5207,rotoguru
2016,13,Cobi Hamilton,WR,pit,h,nyg,3.1,3000,5288,rotoguru
2016,13,Deonte Thompson,WR,chi,h,sfo,2.9,3200,5160,rotoguru
2016,13,Eli Rogers,WR,pit,h,nyg,2.8,3900,5478,rotoguru
2016,13,Jeremy Kerley,WR,sfo,a,chi,2.8,3300,5111,rotoguru
2016,13,Davante Adams,WR,gnb,h,hou,2.7,6300,5263,rotoguru
2016,13,Alex Erickson,WR,cin,h,phi,2.6,3000,5480,rotoguru
2016,13,Russell Shepard,WR,tam,a,sdg,2.5,3400,5223,rotoguru
2016,13,Cecil Shorts,WR,tam,a,sdg,2.4,3000,5103,rotoguru
2016,13,Tanner McEvoy,WR,sea,h,car,2.4,3000,5505,rotoguru
2016,13,De'Anthony Thomas,WR,kan,a,atl,2.3,3000,2958,rotoguru
2016,13,Brandon Tate,WR,buf,a,oak,2.3,3000,3860,rotoguru
2016,13,Cody Latimer,WR,den,a,jac,2,3000,5268,rotoguru
2016,13,Quincy Enunwa,WR,nyj,h,ind,2,4500,5420,rotoguru
2016,13,Jeff Janis,WR,gnb,h,hou,1.9,3000,5351,rotoguru
2016,13,Roger Lewis,WR,nyg,a,pit,1.8,3000,5508,rotoguru
2016,13,Pharoh Cooper,WR,lar,a,nwe,1.8,3000,5462,rotoguru
2016,13,Brenton Bersin,WR,car,a,sea,1.7,3000,5292,rotoguru
2016,13,Chris Harper,WR,sfo,a,chi,1.6,3000,5222,rotoguru
2016,13,Justin Hardy,WR,atl,h,kan,1.5,3000,5387,rotoguru
2016,13,Maurice Harris,WR,was,a,ari,0.8,3000,5512,rotoguru
2016,13,Phillip Dorsett,WR,ind,a,nyj,0.7,3200,5384,rotoguru
2016,13,Chris Moore,WR,bal,h,mia,0.7,3000,5479,rotoguru
2016,13,Brice Butler,WR,dal,a,min,0,3000,5219,rotoguru
2016,13,Bradley Marquez,WR,lar,a,nwe,0,3000,5428,rotoguru
2016,13,Brittan Golden,WR,ari,h,was,0,3000,5239,rotoguru
2016,13,Jeremy Ross,WR,nyj,h,ind,0,3000,5194,rotoguru
2016,13,Eric Weems,WR,atl,h,kan,0,3000,3732,rotoguru
2016,13,Quinton Patton,WR,sfo,a,chi,0,3200,5209,rotoguru
2016,13,Vince Mayle,WR,dal,a,min,0,3000,5411,rotoguru
2016,13,Demarcus Robinson,WR,kan,a,atl,0,3000,5515,rotoguru
2016,13,Chester Rogers,WR,ind,a,nyj,0,3000,5500,rotoguru
2016,13,Mike Thomas,WR,lar,a,nwe,0,3000,5503,rotoguru
2016,13,Geronimo Allison,WR,gnb,h,hou,0,3000,5511,rotoguru
2016,13,Arrelious Benn,WR,jac,h,den,0,3000,3885,rotoguru
2016,13,Torrey Smith,WR,sfo,a,chi,0,3500,5113,rotoguru
2016,13,Chris Conley,WR,kan,a,atl,0,3100,5385,rotoguru
2016,13,John Brown,WR,ari,h,was,0,3800,5264,rotoguru
2016,13,Charone Peake,WR,nyj,h,ind,0,3000,5506,rotoguru
2016,13,Isaiah Burse,WR,sdg,h,tam,0,3000,5363,rotoguru
2016,13,Andre Holmes,WR,oak,h,buf,0,3000,5177,rotoguru
2016,13,Tommylee Lewis,WR,nor,h,det,0,3000,5496,rotoguru
2016,13,Laquon Treadwell,WR,min,h,dal,0,3000,5453,rotoguru
2016,13,Jeremy Butler,WR,sdg,h,tam,0,3000,5276,rotoguru
2016,13,Victor Cruz,WR,nyg,a,pit,0,3300,3900,rotoguru
2016,13,Braxton Miller,WR,hou,a,gnb,0,3000,5476,rotoguru
2016,13,Sammie Coates,WR,pit,h,nyg,0,3200,5388,rotoguru
2016,13,Brandon Coleman,WR,nor,h,det,0,3000,5326,rotoguru
2016,13,Keith Mumphery,WR,hou,a,gnb,0,3000,5407,rotoguru
2016,13,Bryce Treggs,WR,phi,a,cin,0,3000,5513,rotoguru
2016,13,Johnny Holton,WR,oak,h,buf,0,3000,5491,rotoguru
2016,13,Leonte Carroo,WR,mia,a,bal,0,3100,5474,rotoguru
2016,13,Jordan Norwood,WR,den,a,jac,0,3000,3828,rotoguru
2016,13,Rod Streater,WR,sfo,a,chi,0,3000,5169,rotoguru
2016,13,Devin Hester,WR,bal,h,mia,0,3000,3593,rotoguru
2016,13,Aaron Burbridge,WR,sfo,a,chi,0,3000,5497,rotoguru
2016,13,Jordan Taylor,WR,den,a,jac,0,3000,5501,rotoguru
2016,13,Jakeem Grant,WR,mia,a,bal,0,3000,5486,rotoguru
2016,13,Marquess Wilson,WR,chi,h,sfo,0,4000,5238,rotoguru
2016,13,Dwayne Harris,WR,nyg,a,pit,0,3000,5130,rotoguru
2016,13,Corey Brown,WR,car,a,sea,-0.3,3000,5362,rotoguru
2016,13,Lucky Whitehead,WR,dal,a,min,-0.4,3000,5400,rotoguru
2016,13,Dwayne Allen,TE,ind,a,nyj,29.2,2600,4551,rotoguru
2016,13,Dennis Pitta,TE,bal,h,mia,29,3100,4516,rotoguru
2016,13,Ladarius Green,TE,pit,h,nyg,26,2800,4562,rotoguru
2016,13,Travis Kelce,TE,kan,a,atl,25,4700,4582,rotoguru
2016,13,Zach Ertz,TE,phi,a,cin,22.9,4300,4569,rotoguru
2016,13,Cameron Brate,TE,tam,a,sdg,20.6,3600,4648,rotoguru
2016,13,Jimmy Graham,TE,sea,h,car,18.3,5500,4492,rotoguru
2016,13,Coby Fleener,TE,nor,h,det,13.6,3500,4552,rotoguru
2016,13,Ryan Griffin,TE,hou,a,gnb,12.5,2500,4592,rotoguru
2016,13,Kyle Rudolph,TE,min,h,dal,10.5,4100,4537,rotoguru
2016,13,Tyler Eifert,TE,cin,h,phi,10.5,5300,4568,rotoguru
2016,13,C.J. Fiedorowicz,TE,hou,a,gnb,10.4,3800,4640,rotoguru
2016,13,Trey Burton,TE,phi,a,cin,10.3,2500,4618,rotoguru
2016,13,Jermaine Gresham,TE,ari,h,was,10.2,2500,4493,rotoguru
2016,13,Vernon Davis,TE,was,a,ari,9.7,3300,4323,rotoguru
2016,13,Neal Sterling,TE,jac,h,den,9.3,2500,4684,rotoguru
2016,13,Mychal Rivera,TE,oak,h,buf,8.7,2500,4574,rotoguru
2016,13,Eric Ebron,TE,det,a,nor,7.8,3900,4601,rotoguru
2016,13,Antonio Gates,TE,sdg,h,tam,7.7,4100,4270,rotoguru
2016,13,Dion Sims,TE,mia,a,bal,6.9,2500,4576,rotoguru
2016,13,Jesse James,TE,pit,h,nyg,6.2,2600,4653,rotoguru
2016,13,Jack Doyle,TE,ind,a,nyj,6,2700,4594,rotoguru
2016,13,Greg Olsen,TE,car,a,sea,6,5100,4368,rotoguru
2016,13,Levine Toilolo,TE,atl,h,kan,5.2,2500,4577,rotoguru
2016,13,Austin Seferian-Jenkins,TE,nyj,h,ind,4.9,2500,4602,rotoguru
2016,13,Jared Cook,TE,gnb,h,hou,4.9,2900,4437,rotoguru
2016,13,Nick Vannett,TE,sea,h,car,4.5,2500,4688,rotoguru
2016,13,Nick Boyle,TE,bal,h,mia,4.4,2500,4660,rotoguru
2016,13,Will Tye,TE,nyg,a,pit,4.2,3000,4670,rotoguru
2016,13,Tyler Higbee,TE,lar,a,nwe,3.6,2500,4680,rotoguru
2016,13,Richard Rodgers,TE,gnb,h,hou,3.6,2600,4629,rotoguru
2016,13,Erik Swoope,TE,ind,a,nyj,3.5,2500,4626,rotoguru
2016,13,Lance Kendricks,TE,lar,a,nwe,3.3,2900,4538,rotoguru
2016,13,Daniel Brown,TE,chi,h,sfo,3.3,2500,5436,rotoguru
2016,13,Vance McDonald,TE,sfo,a,chi,2.9,2900,4572,rotoguru
2016,13,Clive Walford,TE,oak,h,buf,2.8,2500,4651,rotoguru
2016,13,Darren Waller,TE,bal,h,mia,2.5,2500,5419,rotoguru
2016,13,Hunter Henry,TE,sdg,h,tam,2.4,2900,4675,rotoguru
2016,13,Martellus Bennett,TE,nwe,h,lar,2.4,4800,4407,rotoguru
2016,13,Gerald Christian,TE,buf,a,oak,2.4,0,4658,rotoguru
2016,13,Brandon Bostick,TE,nyj,h,ind,2.2,2500,4593,rotoguru
2016,13,Jerell Adams,TE,nyg,a,pit,2,2500,4686,rotoguru
2016,13,Darren Fells,TE,ari,h,was,1.9,2500,4609,rotoguru
2016,13,Nick O'Leary,TE,buf,a,oak,1.8,2500,4661,rotoguru
2016,13,Alan Cross,TE,tam,a,sdg,1.8,2500,4682,rotoguru
2016,13,Dominique Jones,TE,mia,a,bal,1.7,2500,4555,rotoguru
2016,13,Rhett Ellison,TE,min,h,dal,1.6,2500,4554,rotoguru
2016,13,Derek Carrier,TE,was,a,ari,1.6,2500,4599,rotoguru
2016,13,Demetrius Harris,TE,kan,a,atl,1.6,2500,4642,rotoguru
2016,13,Ben Koyack,TE,jac,h,den,1.4,2500,4689,rotoguru
2016,13,A.J. Derby,TE,den,a,jac,1.3,2500,4692,rotoguru
2016,13,Josh Hill,TE,nor,h,det,1.3,2500,4586,rotoguru
2016,13,Garrett Celek,TE,sfo,a,chi,0,2700,4564,rotoguru
2016,13,Larry Donnell,TE,nyg,a,pit,0,2500,4585,rotoguru
2016,13,Logan Paulsen,TE,chi,h,sfo,0,2500,4513,rotoguru
2016,13,Sean McGrath,TE,sdg,h,tam,0,2500,4588,rotoguru
2016,13,Matthew Mulligan,TE,det,a,nor,0,2500,4431,rotoguru
2016,13,Hakeem Valles,TE,ari,h,was,0,2500,4687,rotoguru
2016,13,James O'Shaughnessy,TE,kan,a,atl,0,2500,4664,rotoguru
2016,13,John Phillips,TE,nor,h,det,0,2500,4433,rotoguru
2016,13,Gavin Escobar,TE,dal,a,min,0,2500,4570,rotoguru
2016,13,Jeff Heuerman,TE,den,a,jac,0,2500,4676,rotoguru
2016,13,Virgil Green,TE,den,a,jac,0,2600,4542,rotoguru
2016,13,Brandon Myers,TE,tam,a,sdg,0,2500,4457,rotoguru
2016,13,Ed Dickson,TE,car,a,sea,0,2500,4482,rotoguru
2016,13,Tyler Kroft,TE,cin,h,phi,0,2500,4652,rotoguru
2016,13,Blake Bell,TE,sfo,a,chi,0,2500,4666,rotoguru
2016,13,Ryan Hewitt,TE,cin,h,phi,0,2500,2978,rotoguru
2016,13,Brent Celek,TE,phi,a,cin,0,2500,4363,rotoguru
2016,13,Stephen Anderson,TE,hou,a,gnb,0,2500,4679,rotoguru
2016,13,Luke Stocker,TE,tam,a,sdg,0,2500,4532,rotoguru
2016,13,Cory Harkey,TE,lar,a,nwe,0,2500,4565,rotoguru
2016,13,Austin Hooper,TE,atl,h,kan,0,2600,4677,rotoguru
2016,13,Ben Braunecker,TE,chi,h,sfo,0,2500,4691,rotoguru
2016,13,Marqueis Gray,TE,mia,a,bal,0,2500,4595,rotoguru
2016,13,Brandon Williams,TE,sea,h,car,0,2500,4590,rotoguru
2016,13,Jason Witten,TE,dal,a,min,0,3400,4262,rotoguru
2016,13,David Johnson,TE,pit,h,nyg,0,2500,4450,rotoguru
2016,13,Clay Harbor,TE,det,a,nor,0,2500,4495,rotoguru
2016,13,Joshua Perkins,TE,atl,h,kan,0,2500,4693,rotoguru
2016,13,Denver Defense,Def,den,a,jac,17,3900,7010,rotoguru
2016,13,Chicago Defense,Def,chi,h,sfo,15,3300,7006,rotoguru
2016,13,Baltimore Defense,Def,bal,h,mia,15,3000,7003,rotoguru
2016,13,Tampa Bay Defense,Def,tam,a,sdg,12,2500,7029,rotoguru
2016,13,New England Defense,Def,nwe,h,lar,12,3700,7018,rotoguru
2016,13,Detroit Defense,Def,det,a,nor,11,2300,7011,rotoguru
2016,13,Kansas City Defense,Def,kan,a,atl,11,2800,7015,rotoguru
2016,13,Indianapolis Defense,Def,ind,a,nyj,11,2600,7013,rotoguru
2016,13,Pittsburgh Defense,Def,pit,h,nyg,9,2800,7024,rotoguru
2016,13,Oakland Defense,Def,oak,h,buf,8,3200,7022,rotoguru
2016,13,Cincinnati Defense,Def,cin,h,phi,8,2600,7007,rotoguru
2016,13,Seattle Defense,Def,sea,h,car,8,3500,7028,rotoguru
2016,13,Green Bay Defense,Def,gnb,h,hou,8,2900,7012,rotoguru
2016,13,Minnesota Defense,Def,min,h,dal,8,3400,7017,rotoguru
2016,13,Dallas Defense,Def,dal,a,min,6,2900,7009,rotoguru
2016,13,Arizona Defense,Def,ari,h,was,6,2700,7001,rotoguru
2016,13,New York G Defense,Def,nyg,a,pit,6,2700,7020,rotoguru
2016,13,Atlanta Defense,Def,atl,h,kan,5,2900,7002,rotoguru
2016,13,Philadelphia Defense,Def,phi,a,cin,3,3100,7023,rotoguru
2016,13,Jacksonville Defense,Def,jac,h,den,3,2600,7014,rotoguru
2016,13,Houston Defense,Def,hou,a,gnb,3,2500,7032,rotoguru
2016,13,San Francisco Defense,Def,sfo,a,chi,3,2800,7027,rotoguru
2016,13,San Diego Defense,Def,sdg,h,tam,3,2900,7026,rotoguru
2016,13,New Orleans Defense,Def,nor,h,det,1,2100,7019,rotoguru
2016,13,Carolina Defense,Def,car,a,sea,1,2600,7005,rotoguru
2016,13,Washington Defense,Def,was,a,ari,1,2400,7031,rotoguru
2016,13,Miami Defense,Def,mia,a,bal,0,2600,7016,rotoguru
2016,13,Los Angeles Defense,Def,lar,a,nwe,0,2200,7025,rotoguru
2016,13,New York J Defense,Def,nyj,h,ind,-1,3200,7021,rotoguru
2016,13,Buffalo Defense,Def,buf,a,oak,-4,2700,7004,rotoguru
2016,14,Tom Brady,QB,nwe,h,bal,30.14,7100,1131,rotoguru
2016,14,Joe Flacco,QB,bal,a,nwe,23.06,5600,1302,rotoguru
2016,14,Matt Ryan,QB,atl,a,lar,21.48,6500,1301,rotoguru
2016,14,Aaron Rodgers,QB,gnb,h,sea,21.24,6400,1252,rotoguru
2016,14,Trevor Siemian,QB,den,a,ten,20.36,5100,1488,rotoguru
2016,14,Ryan Tannehill,QB,mia,h,ari,19.8,5200,1410,rotoguru
2016,14,Andrew Luck,QB,ind,h,hou,19.24,6900,1409,rotoguru
2016,14,Matthew Stafford,QB,det,h,chi,18.42,6800,1340,rotoguru
2016,14,Carson Wentz,QB,phi,h,was,18.06,5100,1514,rotoguru
2016,14,Sam Bradford,QB,min,a,jac,17.38,5100,1344,rotoguru
2016,14,Kirk Cousins,QB,was,a,phi,16.96,6300,1415,rotoguru
2016,14,Andy Dalton,QB,cin,a,cle,16.9,6100,1403,rotoguru
2016,14,Tyrod Taylor,QB,buf,h,pit,16.32,5400,1400,rotoguru
2016,14,Blake Bortles,QB,jac,h,min,15.58,5000,1442,rotoguru
2016,14,Alex Smith,QB,kan,h,oak,14.16,5400,1254,rotoguru
2016,14,Carson Palmer,QB,ari,a,mia,13.3,5700,1207,rotoguru
2016,14,Bryce Petty,QB,nyj,a,sfo,13.18,5000,1472,rotoguru
2016,14,Jared Goff,QB,lar,h,atl,12.6,5000,1490,rotoguru
2016,14,Cam Newton,QB,car,h,sdg,12.5,7200,1378,rotoguru
2016,14,Matt Barkley,QB,chi,a,det,12.48,5000,1417,rotoguru
2016,14,Philip Rivers,QB,sdg,a,car,12.44,6600,1231,rotoguru
2016,14,Robert Griffin III,QB,cle,h,cin,12.26,5000,1408,rotoguru
2016,14,Colin Kaepernick,QB,sfo,h,nyj,11.62,5800,1404,rotoguru
2016,14,Russell Wilson,QB,sea,a,gnb,10.5,6600,1412,rotoguru
2016,14,Jameis Winston,QB,tam,h,nor,8.96,6700,1465,rotoguru
2016,14,Dak Prescott,QB,dal,a,nyg,8.7,5900,1501,rotoguru
2016,14,Eli Manning,QB,nyg,h,dal,8.52,5500,1225,rotoguru
2016,14,Drew Brees,QB,nor,a,tam,7.48,7400,1151,rotoguru
2016,14,Marcus Mariota,QB,ten,h,den,7.32,6200,1466,rotoguru
2016,14,Ben Roethlisberger,QB,pit,a,buf,5.6,7000,1232,rotoguru
2016,14,Derek Carr,QB,oak,a,kan,4.98,6400,1441,rotoguru
2016,14,Brock Osweiler,QB,hou,a,ind,4.68,5300,1414,rotoguru
2016,14,Matt Moore,QB,mia,h,ari,1.88,5000,1298,rotoguru
2016,14,Matt Schaub,QB,atl,a,lar,0,5000,1234,rotoguru
2016,14,Derek Anderson,QB,car,h,sdg,0,5000,1239,rotoguru
2016,14,Trevone Boykin,QB,sea,a,gnb,0,5000,1493,rotoguru
2016,14,Joe Webb,QB,car,h,sdg,0,5000,5071,rotoguru
2016,14,Kellen Clemens,QB,sdg,a,car,0,5000,1262,rotoguru
2016,14,Brett Hundley,QB,gnb,h,sea,-0.2,5000,1470,rotoguru
2016,14,Le'Veon Bell,RB,pit,a,buf,54.8,9000,2888,rotoguru
2016,14,Bilal Powell,RB,nyj,a,sfo,37.9,5000,2819,rotoguru
2016,14,Carlos Hyde,RB,sfo,h,nyj,30,4900,2933,rotoguru
2016,14,Jeremy Hill,RB,cin,a,cle,26.2,5800,2928,rotoguru
2016,14,LeSean McCoy,RB,buf,h,pit,22.8,8200,2707,rotoguru
2016,14,Lamar Miller,RB,hou,a,ind,22.2,5100,2859,rotoguru
2016,14,Kenneth Dixon,RB,bal,a,nwe,22.1,3800,5469,rotoguru
2016,14,Tevin Coleman,RB,atl,a,lar,19.5,4000,2994,rotoguru
2016,14,Latavius Murray,RB,oak,a,kan,19.3,5200,2899,rotoguru
2016,14,David Johnson,RB,ari,a,mia,18.1,9800,5395,rotoguru
2016,14,Ty Montgomery,RB,gnb,h,sea,17.6,3900,5392,rotoguru
2016,14,Todd Gurley,RB,lar,h,atl,17.3,5000,2992,rotoguru
2016,14,Rob Kelley,RB,was,a,phi,16.8,4200,5493,rotoguru
2016,14,Doug Martin,RB,tam,h,nor,16.5,6200,2858,rotoguru
2016,14,T.J. Yeldon,RB,jac,h,min,16,3800,2993,rotoguru
2016,14,Isaiah Crowell,RB,cle,h,cin,15.8,3900,2969,rotoguru
2016,14,Frank Gore,RB,ind,h,hou,15.4,4800,2467,rotoguru
2016,14,DeMarco Murray,RB,ten,h,den,15.2,7000,2831,rotoguru
2016,14,LeGarrette Blount,RB,nwe,h,bal,14.9,5300,2721,rotoguru
2016,14,Kenneth Farrow,RB,sdg,a,car,13.8,3700,5494,rotoguru
2016,14,Ezekiel Elliott,RB,dal,a,nyg,13.7,8400,5444,rotoguru
2016,14,Jordan Howard,RB,chi,a,det,13,6400,5447,rotoguru
2016,14,Jerick McKinnon,RB,min,a,jac,12.9,3600,2935,rotoguru
2016,14,Jonathan Stewart,RB,car,h,sdg,12.6,5400,2612,rotoguru
2016,14,Matt Asiata,RB,min,a,jac,12.1,3300,2873,rotoguru
2016,14,Darren Sproles,RB,phi,h,was,12,4400,2484,rotoguru
2016,14,James White,RB,nwe,h,bal,11.4,3800,2954,rotoguru
2016,14,Chris Thompson,RB,was,a,phi,9.8,3700,2915,rotoguru
2016,14,Shaun Draughn,RB,sfo,h,nyj,9.7,3000,2875,rotoguru
2016,14,Damien Williams,RB,mia,h,ari,8.8,3900,2957,rotoguru
2016,14,Dwayne Washington,RB,det,h,chi,8.4,3500,5483,rotoguru
2016,14,Thomas Rawls,RB,sea,a,gnb,8.4,5700,5402,rotoguru
2016,14,Robert Turbin,RB,ind,h,hou,8.3,3300,2867,rotoguru
2016,14,Charles Sims,RB,tam,h,nor,8,4000,2931,rotoguru
2016,14,Rashad Jennings,RB,nyg,h,dal,7.7,4900,2658,rotoguru
2016,14,Alex Collins,RB,sea,a,gnb,7.6,3000,5450,rotoguru
2016,14,Kyle Juszczyk,RB,bal,a,nwe,7.6,3000,2908,rotoguru
2016,14,Jay Ajayi,RB,mia,h,ari,7.3,5900,2998,rotoguru
2016,14,Spencer Ware,RB,kan,h,oak,7.3,6300,2914,rotoguru
2016,14,Travaris Cadet,RB,nor,a,tam,6.9,3000,2869,rotoguru
2016,14,Terrance West,RB,bal,a,nwe,6.6,4000,2929,rotoguru
2016,14,Zach Zenner,RB,det,h,chi,6.5,3000,5397,rotoguru
2016,14,Alfred Blue,RB,hou,a,ind,6.5,4400,2960,rotoguru
2016,14,Charcandrick West,RB,kan,h,oak,6.4,4900,2987,rotoguru
2016,14,Rex Burkhead,RB,cin,a,cle,6.1,3500,2890,rotoguru
2016,14,Ryan Mathews,RB,phi,h,was,6,4000,2754,rotoguru
2016,14,Marcel Reece,RB,sea,a,gnb,5.8,0,2665,rotoguru
2016,14,Derrick Henry,RB,ten,h,den,5.7,5200,5445,rotoguru
2016,14,Justin Forsett,RB,den,a,ten,5.5,0,2642,rotoguru
2016,14,Paul Perkins,RB,nyg,h,dal,5.5,3800,5472,rotoguru
2016,14,Duke Johnson,RB,cle,h,cin,5.5,3500,2997,rotoguru
2016,14,Tim Hightower,RB,nor,a,tam,4.9,4500,2604,rotoguru
2016,14,Lance Dunbar,RB,dal,a,nyg,4.2,3000,2880,rotoguru
2016,14,Devonta Freeman,RB,atl,a,lar,3.8,6100,2930,rotoguru
2016,14,Christine Michael,RB,gnb,h,sea,3.6,3300,2898,rotoguru
2016,14,Kerwynn Williams,RB,ari,a,mia,3.4,3000,2918,rotoguru
2016,14,Mike Gillislee,RB,buf,h,pit,3.4,4600,2894,rotoguru
2016,14,Mark Ingram,RB,nor,a,tam,3.3,5300,2793,rotoguru
2016,14,Devontae Booker,RB,den,a,ten,3.1,4800,5468,rotoguru
2016,14,Dion Lewis,RB,nwe,h,bal,2.9,3900,2816,rotoguru
2016,14,Jalen Richard,RB,oak,a,kan,2.9,3300,5490,rotoguru
2016,14,Terron Ward,RB,atl,a,lar,2.4,3000,5375,rotoguru
2016,14,Jonathan Grimes,RB,hou,a,ind,2.2,3000,2881,rotoguru
2016,14,Kenyan Drake,RB,mia,h,ari,2.1,3000,5446,rotoguru
2016,14,Shane Vereen,RB,nyg,h,dal,2,4000,2830,rotoguru
2016,14,Bobby Rainey,RB,nyg,h,dal,1.9,3000,2863,rotoguru
2016,14,Akeem Hunt,RB,hou,a,ind,1.9,3000,5431,rotoguru
2016,14,Jamize Olawale,RB,oak,a,kan,1.8,3000,2913,rotoguru
2016,14,Jeremy Langford,RB,chi,a,det,1.5,4100,5371,rotoguru
2016,14,Fozzy Whittaker,RB,car,h,sdg,1.5,3000,2916,rotoguru
2016,14,John Kuhn,RB,nor,a,tam,1.3,3000,2549,rotoguru
2016,14,Corey Grant,RB,jac,h,min,1.3,3000,5405,rotoguru
2016,14,Troymaine Pope,RB,sea,a,gnb,1.2,3000,5510,rotoguru
2016,14,Matt Forte,RB,nyj,a,sfo,0.8,6800,2613,rotoguru
2016,14,Joique Bell,RB,det,h,chi,0.8,0,2719,rotoguru
2016,14,Fitzgerald Toussaint,RB,pit,a,buf,0.6,4300,2990,rotoguru
2016,14,Melvin Gordon,RB,sdg,a,car,0.5,7400,2991,rotoguru
2016,14,Reggie Bush,RB,buf,h,pit,0.4,3000,2495,rotoguru
2016,14,Malcolm Brown,RB,lar,h,atl,0.4,3000,5441,rotoguru
2016,14,Brandon Wilds,RB,nyj,a,sfo,0.4,0,5522,rotoguru
2016,14,Wendell Smallwood,RB,phi,h,was,0.3,3800,5473,rotoguru
2016,14,James Starks,RB,gnb,h,sea,0.3,3800,2777,rotoguru
2016,14,Ka'Deem Carey,RB,chi,a,det,0.2,3000,2972,rotoguru
2016,14,Aaron Ripkowski,RB,gnb,h,sea,0.2,3000,5406,rotoguru
2016,14,Jacquizz Rodgers,RB,tam,h,nor,0,5600,2818,rotoguru
2016,14,James Develin,RB,nwe,h,bal,0,3000,2825,rotoguru
2016,14,Michael Burton,RB,det,h,chi,0,3000,5415,rotoguru
2016,14,Josh Ferguson,RB,ind,h,hou,0,3000,5484,rotoguru
2016,14,Zach Line,RB,min,a,jac,0,3000,2912,rotoguru
2016,14,Jordan Todman,RB,ind,h,hou,0,3000,2840,rotoguru
2016,14,Peyton Barber,RB,tam,h,nor,0,3000,5507,rotoguru
2016,14,Daniel Lasco,RB,nor,a,tam,0,3000,5487,rotoguru
2016,14,Andre Ellington,RB,ari,a,mia,0,3500,2892,rotoguru
2016,14,Chase Reynolds,RB,lar,h,atl,0,3000,2919,rotoguru
2016,14,Stepfan Taylor,RB,ari,a,mia,0,3000,2903,rotoguru
2016,14,Antonio Andrews,RB,ten,h,den,0,3000,2940,rotoguru
2016,14,Anthony Sherman,RB,kan,h,oak,0,3000,2822,rotoguru
2016,14,Brandon Bolden,RB,nwe,h,bal,0,3000,2874,rotoguru
2016,14,DeAndre Washington,RB,oak,a,kan,0,3900,5449,rotoguru
2016,14,Mike Tolbert,RB,car,h,sdg,0,3000,2647,rotoguru
2016,14,DuJuan Harris,RB,sfo,h,nyj,0,3900,2802,rotoguru
2016,14,Derek Watt,RB,sdg,a,car,0,3000,5504,rotoguru
2016,14,Keith Smith,RB,dal,a,nyg,0,3000,5492,rotoguru
2016,14,Roosevelt Nix,RB,pit,a,buf,0,3000,5403,rotoguru
2016,14,Jerome Felton,RB,buf,h,pit,0,3000,2624,rotoguru
2016,14,Juwan Thompson,RB,den,a,ten,0,3000,2965,rotoguru
2016,14,George Atkinson,RB,cle,h,cin,0,3000,2949,rotoguru
2016,14,Taiwan Jones,RB,oak,a,kan,0,3000,2820,rotoguru
2016,14,Patrick DiMarco,RB,atl,a,lar,0,3000,2805,rotoguru
2016,14,Cedric Peerman,RB,cin,a,cle,0,3000,2692,rotoguru
2016,14,Jalston Fowler,RB,ten,h,den,0,3000,5413,rotoguru
2016,14,Paul Lasike,RB,chi,a,det,0,3000,5373,rotoguru
2016,14,Alfred Morris,RB,dal,a,nyg,0,4900,2871,rotoguru
2016,14,Jay Prosch,RB,hou,a,ind,0,3000,2980,rotoguru
2016,14,Emmanuel Sanders,WR,den,a,ten,30,5700,3983,rotoguru
2016,14,T.Y. Hilton,WR,ind,h,hou,29.5,7500,5151,rotoguru
2016,14,Chris Hogan,WR,nwe,h,bal,27.6,4100,5167,rotoguru
2016,14,Demaryius Thomas,WR,den,a,ten,25.6,6000,3997,rotoguru
2016,14,Tyreek Hill,WR,kan,h,oak,23.8,5000,5485,rotoguru
2016,14,Davante Adams,WR,gnb,h,sea,23.4,5500,5263,rotoguru
2016,14,DeSean Jackson,WR,was,a,phi,22.2,5200,3770,rotoguru
2016,14,Jordy Nelson,WR,gnb,h,sea,22.1,6800,3751,rotoguru
2016,14,Kenny Stills,WR,mia,h,ari,21.7,3700,5212,rotoguru
2016,14,J.J. Nelson,WR,ari,a,mia,19.4,3600,5409,rotoguru
2016,14,Odell Beckham Jr.,WR,nyg,h,dal,19.4,8000,5323,rotoguru
2016,14,Marqise Lee,WR,jac,h,min,19.3,3700,5256,rotoguru
2016,14,Cameron Meredith,WR,chi,a,det,19.2,4000,5417,rotoguru
2016,14,Dontrelle Inman,WR,sdg,a,car,19.1,4800,5097,rotoguru
2016,14,Terrance Williams,WR,dal,a,nyg,18.6,3200,5216,rotoguru
2016,14,Taylor Gabriel,WR,atl,a,lar,17.2,4300,5361,rotoguru
2016,14,Robby Anderson,WR,nyj,a,sfo,17.1,3000,5502,rotoguru
2016,14,Adam Thielen,WR,min,a,jac,17.1,4700,5333,rotoguru
2016,14,Pierre Garcon,WR,was,a,phi,16.9,4200,3754,rotoguru
2016,14,Jarvis Landry,WR,mia,h,ari,16.3,5600,5335,rotoguru
2016,14,Tavon Austin,WR,lar,h,atl,15.9,3900,5199,rotoguru
2016,14,Jordan Matthews,WR,phi,h,was,15.9,5400,5254,rotoguru
2016,14,Sammy Watkins,WR,buf,h,pit,15.4,5300,5252,rotoguru
2016,14,Kenny Britt,WR,lar,h,atl,15.2,5200,3824,rotoguru
2016,14,Tyler Boyd,WR,cin,a,cle,14.9,4900,5455,rotoguru
2016,14,Willie Snead,WR,nor,a,tam,14.5,5200,5287,rotoguru
2016,14,Julian Edelman,WR,nwe,h,bal,14.3,6800,3826,rotoguru
2016,14,Malcolm Mitchell,WR,nwe,h,bal,14.1,4200,5488,rotoguru
2016,14,Anquan Boldin,WR,det,h,chi,13.9,4500,3423,rotoguru
2016,14,Bryan Walters,WR,jac,h,min,13.1,3000,5070,rotoguru
2016,14,Tanner McEvoy,WR,sea,a,gnb,13.1,3000,5505,rotoguru
2016,14,Antonio Brown,WR,pit,a,buf,12.8,8700,3474,rotoguru
2016,14,Golden Tate,WR,det,h,chi,11.7,6600,3995,rotoguru
2016,14,Devin Funchess,WR,car,h,sdg,11.3,3300,5381,rotoguru
2016,14,Brandin Cooks,WR,nor,a,tam,11.1,6400,5255,rotoguru
2016,14,Marvin Jones,WR,det,h,chi,10.7,4900,5168,rotoguru
2016,14,Doug Baldwin,WR,sea,a,gnb,10.6,6800,5136,rotoguru
2016,14,Mike Wallace,WR,bal,a,nwe,10.2,4900,3809,rotoguru
2016,14,Jeremy Kerley,WR,sfo,h,nyj,10,3400,5111,rotoguru
2016,14,Steve Smith,WR,bal,a,nwe,9.7,5500,3328,rotoguru
2016,14,Brandon Coleman,WR,nor,a,tam,9.7,3000,5326,rotoguru
2016,14,Tyler Lockett,WR,sea,a,gnb,9.6,3700,5386,rotoguru
2016,14,Chris Conley,WR,kan,h,oak,9,3100,5385,rotoguru
2016,14,Nick Williams,WR,atl,a,lar,8.9,0,5247,rotoguru
2016,14,Justin Hardy,WR,atl,a,lar,8.9,3000,5387,rotoguru
2016,14,Tyrell Williams,WR,sdg,a,car,8.8,6100,5432,rotoguru
2016,14,Stefon Diggs,WR,min,a,jac,8.5,6500,5424,rotoguru
2016,14,Mike Evans,WR,tam,h,nor,8.2,8900,5253,rotoguru
2016,14,Breshad Perriman,WR,bal,a,nwe,8.2,3200,5379,rotoguru
2016,14,Cole Beasley,WR,dal,a,nyg,8.1,5200,5163,rotoguru
2016,14,Brittan Golden,WR,ari,a,mia,7.9,3000,5239,rotoguru
2016,14,Amari Cooper,WR,oak,a,kan,7.9,7500,5376,rotoguru
2016,14,Jeff Janis,WR,gnb,h,sea,7.9,3000,5351,rotoguru
2016,14,Josh Bellamy,WR,chi,a,det,7.5,3500,5191,rotoguru
2016,14,Aldrick Robinson,WR,atl,a,lar,7.2,3000,5134,rotoguru
2016,14,Quinton Patton,WR,sfo,h,nyj,7.1,3200,5209,rotoguru
2016,14,Sterling Shepard,WR,nyg,h,dal,6.9,4600,5456,rotoguru
2016,14,Brandon Marshall,WR,nyj,a,sfo,6.3,7000,3627,rotoguru
2016,14,Randall Cobb,WR,gnb,h,sea,6.3,5000,5125,rotoguru
2016,14,Michael Crabtree,WR,oak,a,kan,6.1,6200,3872,rotoguru
2016,14,Quincy Enunwa,WR,nyj,a,sfo,5.9,4900,5420,rotoguru
2016,14,Corey Coleman,WR,cle,h,cin,5.7,4400,5452,rotoguru
2016,14,Jamison Crowder,WR,was,a,phi,5.7,5600,5410,rotoguru
2016,14,DeAndre Hopkins,WR,hou,a,ind,5.3,5800,5206,rotoguru
2016,14,Pharoh Cooper,WR,lar,h,atl,5.2,3000,5462,rotoguru
2016,14,Brandon LaFell,WR,cin,a,cle,5.2,5000,3946,rotoguru
2016,14,Eli Rogers,WR,pit,a,buf,5,3800,5478,rotoguru
2016,14,Phillip Dorsett,WR,ind,h,hou,4.9,3200,5384,rotoguru
2016,14,Deonte Thompson,WR,chi,a,det,4.8,3000,5160,rotoguru
2016,14,Cordarrelle Patterson,WR,min,a,jac,4.8,3600,5208,rotoguru
2016,14,Jordan Taylor,WR,den,a,ten,4.8,3000,5501,rotoguru
2016,14,Ted Ginn Jr.,WR,car,h,sdg,4.6,4000,3670,rotoguru
2016,14,Nelson Agholor,WR,phi,h,was,4.2,3200,5378,rotoguru
2016,14,Will Fuller,WR,hou,a,ind,4.2,4500,5454,rotoguru
2016,14,Larry Fitzgerald,WR,ari,a,mia,4.2,7100,3501,rotoguru
2016,14,Robert Woods,WR,buf,h,pit,3.9,3900,5217,rotoguru
2016,14,Michael Floyd,WR,ari,a,mia,3.8,3900,5148,rotoguru
2016,14,Rishard Matthews,WR,ten,h,den,3.6,5100,5182,rotoguru
2016,14,Keith Mumphery,WR,hou,a,ind,3.6,3000,5407,rotoguru
2016,14,DeVante Parker,WR,mia,h,ari,3.4,5300,5380,rotoguru
2016,14,Seth Roberts,WR,oak,a,kan,3.2,3000,5408,rotoguru
2016,14,Josh Huff,WR,tam,h,nor,3.2,0,5261,rotoguru
2016,14,Chester Rogers,WR,ind,h,hou,3.1,3000,5500,rotoguru
2016,14,Shane Wynn,WR,jac,h,min,2.9,3000,5467,rotoguru
2016,14,Corey Brown,WR,car,h,sdg,2.7,3000,5362,rotoguru
2016,14,Allen Robinson,WR,jac,h,min,2.7,5000,5258,rotoguru
2016,14,Russell Shepard,WR,tam,h,nor,2.7,3500,5223,rotoguru
2016,14,Paul Turner,WR,phi,h,was,2.6,3700,5519,rotoguru
2016,14,Jeremy Maclin,WR,kan,h,oak,2.6,5100,3830,rotoguru
2016,14,Alex Erickson,WR,cin,a,cle,2.6,3000,5480,rotoguru
2016,14,Cody Latimer,WR,den,a,ten,2.6,3000,5268,rotoguru
2016,14,Cobi Hamilton,WR,pit,a,buf,2.5,3000,5288,rotoguru
2016,14,Kelvin Benjamin,WR,car,h,sdg,2.1,6200,5257,rotoguru
2016,14,Brian Quick,WR,lar,h,atl,2,3100,5157,rotoguru
2016,14,Kamar Aiken,WR,bal,a,nwe,2,3000,5275,rotoguru
2016,14,Charone Peake,WR,nyj,a,sfo,2,3000,5506,rotoguru
2016,14,Harry Douglas,WR,ten,h,den,2,3000,3731,rotoguru
2016,14,Chris Harper,WR,sfo,h,nyj,1.8,3000,5222,rotoguru
2016,14,Cody Core,WR,cin,a,cle,1.8,3000,5518,rotoguru
2016,14,Jermaine Kearse,WR,sea,a,gnb,1.7,3000,5186,rotoguru
2016,14,Rod Streater,WR,sfo,h,nyj,1.7,3000,5169,rotoguru
2016,14,Mike Thomas,WR,lar,h,atl,1.6,3000,5503,rotoguru
2016,14,Charles Johnson,WR,min,a,jac,1.6,3000,3103,rotoguru
2016,14,Bennie Fowler,WR,den,a,ten,1.5,3000,5353,rotoguru
2016,14,Chris Moore,WR,bal,a,nwe,1.5,3000,5479,rotoguru
2016,14,Andrew Hawkins,WR,cle,h,cin,1.4,3000,5140,rotoguru
2016,14,Victor Cruz,WR,nyg,h,dal,1.4,3300,3900,rotoguru
2016,14,Terrelle Pryor,WR,cle,h,cin,1.3,5900,1407,rotoguru
2016,14,De'Anthony Thomas,WR,kan,h,oak,1.1,3000,2958,rotoguru
2016,14,Dez Bryant,WR,dal,a,nyg,1,6900,3891,rotoguru
2016,14,Marc Mariani,WR,ten,h,den,0,3000,3949,rotoguru
2016,14,Tajae Sharpe,WR,ten,h,den,0,3400,5461,rotoguru
2016,14,Brice Butler,WR,dal,a,nyg,0,3000,5219,rotoguru
2016,14,Freddie Martino,WR,tam,h,nor,0,3000,5366,rotoguru
2016,14,Bradley Marquez,WR,lar,h,atl,0,3000,5428,rotoguru
2016,14,Donte Moncrief,WR,ind,h,hou,0,6300,5344,rotoguru
2016,14,Albert Wilson,WR,kan,h,oak,0,3200,5339,rotoguru
2016,14,Roger Lewis,WR,nyg,h,dal,0,3000,5508,rotoguru
2016,14,Jarius Wright,WR,min,a,jac,0,3000,5188,rotoguru
2016,14,Eric Weems,WR,atl,a,lar,0,3000,3732,rotoguru
2016,14,Ricardo Louis,WR,cle,h,cin,0,3000,5481,rotoguru
2016,14,Vince Mayle,WR,dal,a,nyg,0,3000,5411,rotoguru
2016,14,Demarcus Robinson,WR,kan,h,oak,0,3000,5515,rotoguru
2016,14,Jake Lampman,WR,nor,a,tam,0,3000,5514,rotoguru
2016,14,Geronimo Allison,WR,gnb,h,sea,0,3000,5511,rotoguru
2016,14,Marquise Goodwin,WR,buf,h,pit,0,3400,5205,rotoguru
2016,14,Arrelious Benn,WR,jac,h,min,0,3000,3885,rotoguru
2016,14,Torrey Smith,WR,sfo,h,nyj,0,3500,5113,rotoguru
2016,14,Devin Smith,WR,nyj,a,sfo,0,3000,5421,rotoguru
2016,14,Tre McBride,WR,ten,h,den,0,3000,5394,rotoguru
2016,14,Rashard Higgins,WR,cle,h,cin,0,3000,5475,rotoguru
2016,14,John Brown,WR,ari,a,mia,0,3800,5264,rotoguru
2016,14,Brandon Tate,WR,buf,h,pit,0,3000,3860,rotoguru
2016,14,Maurice Harris,WR,was,a,phi,0,3000,5512,rotoguru
2016,14,Isaiah Burse,WR,sdg,a,car,0,3000,5363,rotoguru
2016,14,Andre Holmes,WR,oak,a,kan,0,3000,5177,rotoguru
2016,14,Tommylee Lewis,WR,nor,a,tam,0,3000,5496,rotoguru
2016,14,Laquon Treadwell,WR,min,a,jac,0,3000,5453,rotoguru
2016,14,Andre Roberts,WR,det,h,chi,0,3000,3978,rotoguru
2016,14,Brenton Bersin,WR,car,h,sdg,0,3000,5292,rotoguru
2016,14,Paul Richardson,WR,sea,a,gnb,0,3000,5260,rotoguru
2016,14,Jeremy Butler,WR,sdg,a,car,0,3000,5276,rotoguru
2016,14,Sammie Coates,WR,pit,a,buf,0,3000,5388,rotoguru
2016,14,Kalif Raymond,WR,den,a,ten,0,3000,5520,rotoguru
2016,14,Bryce Treggs,WR,phi,h,was,0,3000,5513,rotoguru
2016,14,Johnny Holton,WR,oak,a,kan,0,3000,5491,rotoguru
2016,14,Leonte Carroo,WR,mia,h,ari,0,3000,5474,rotoguru
2016,14,Devin Hester,WR,bal,a,nwe,0,3000,3593,rotoguru
2016,14,Aaron Burbridge,WR,sfo,h,nyj,0,3000,5497,rotoguru
2016,14,Justin Hunter,WR,buf,h,pit,0,3000,5207,rotoguru
2016,14,Daniel Braverman,WR,chi,a,det,0,3000,5523,rotoguru
2016,14,Jakeem Grant,WR,mia,h,ari,0,3000,5486,rotoguru
2016,14,Dwayne Harris,WR,nyg,h,dal,0,3000,5130,rotoguru
2016,14,Travis Benjamin,WR,sdg,a,car,-0.2,4100,5173,rotoguru
2016,14,Matthew Slater,WR,nwe,h,bal,-1,3000,3760,rotoguru
2016,14,Zach Ertz,TE,phi,h,was,24.2,4900,4569,rotoguru
2016,14,Tyler Eifert,TE,cin,a,cle,21.8,6000,4568,rotoguru
2016,14,Travis Kelce,TE,kan,h,oak,18.1,5700,4582,rotoguru
2016,14,Martellus Bennett,TE,nwe,h,bal,17,4200,4407,rotoguru
2016,14,Kyle Rudolph,TE,min,a,jac,16,4000,4537,rotoguru
2016,14,Charles Clay,TE,buf,h,pit,14.2,2600,4543,rotoguru
2016,14,Trey Burton,TE,phi,h,was,13.5,2500,4618,rotoguru
2016,14,Greg Olsen,TE,car,h,sdg,12.7,5000,4368,rotoguru
2016,14,Antonio Gates,TE,sdg,a,car,11.1,3800,4270,rotoguru
2016,14,Jack Doyle,TE,ind,h,hou,10.5,2700,4594,rotoguru
2016,14,Daniel Brown,TE,chi,a,det,10.2,2500,5436,rotoguru
2016,14,A.J. Derby,TE,den,a,ten,9.7,2500,4692,rotoguru
2016,14,Jermaine Gresham,TE,ari,a,mia,9.5,2500,4493,rotoguru
2016,14,Hunter Henry,TE,sdg,a,car,9.3,2900,4675,rotoguru
2016,14,Dion Sims,TE,mia,h,ari,8.9,2500,4576,rotoguru
2016,14,Cameron Brate,TE,tam,h,nor,8.7,4100,4648,rotoguru
2016,14,Darren Waller,TE,bal,a,nwe,7.3,2500,5419,rotoguru
2016,14,Eric Ebron,TE,det,h,chi,7.2,3800,4601,rotoguru
2016,14,Jason Witten,TE,dal,a,nyg,6.6,3100,4262,rotoguru
2016,14,Austin Seferian-Jenkins,TE,nyj,a,sfo,6.5,2500,4602,rotoguru
2016,14,C.J. Fiedorowicz,TE,hou,a,ind,6.2,3900,4640,rotoguru
2016,14,Delanie Walker,TE,ten,h,den,5.8,4400,4360,rotoguru
2016,14,Dennis Pitta,TE,bal,a,nwe,5.8,3600,4516,rotoguru
2016,14,Neal Sterling,TE,jac,h,min,5.7,2500,4684,rotoguru
2016,14,Gary Barnidge,TE,cle,h,cin,5.7,3300,4401,rotoguru
2016,14,Mychal Rivera,TE,oak,a,kan,5.6,2500,4574,rotoguru
2016,14,Ladarius Green,TE,pit,a,buf,4.5,3900,4562,rotoguru
2016,14,Nick Boyle,TE,bal,a,nwe,4.5,2500,4660,rotoguru
2016,14,Ryan Griffin,TE,hou,a,ind,4.3,2500,4592,rotoguru
2016,14,Clive Walford,TE,oak,a,kan,4.1,2500,4651,rotoguru
2016,14,Blake Bell,TE,sfo,h,nyj,4,2500,4666,rotoguru
2016,14,Will Tye,TE,nyg,h,dal,3.9,2800,4670,rotoguru
2016,14,Ben Koyack,TE,jac,h,min,3.9,2500,4689,rotoguru
2016,14,Brandon Bostick,TE,nyj,a,sfo,3.7,2500,4593,rotoguru
2016,14,Jerell Adams,TE,nyg,h,dal,3.1,2500,4686,rotoguru
2016,14,Levine Toilolo,TE,atl,a,lar,2.9,2500,4577,rotoguru
2016,14,Anthony Fasano,TE,ten,h,den,2.7,2500,4327,rotoguru
2016,14,Brent Celek,TE,phi,h,was,2.7,2500,4363,rotoguru
2016,14,Jimmy Graham,TE,sea,a,gnb,2.6,5500,4492,rotoguru
2016,14,David Johnson,TE,pit,a,buf,2.5,2500,4450,rotoguru
2016,14,Jared Cook,TE,gnb,h,sea,2.5,2700,4437,rotoguru
2016,14,Lance Kendricks,TE,lar,h,atl,2.3,2800,4538,rotoguru
2016,14,Darren Fells,TE,ari,a,mia,2.2,2500,4609,rotoguru
2016,14,Nick O'Leary,TE,buf,h,pit,2.2,2500,4661,rotoguru
2016,14,Luke Willson,TE,sea,a,gnb,2.1,2500,4578,rotoguru
2016,14,Seth DeValve,TE,cle,h,cin,2.1,2500,4690,rotoguru
2016,14,Jordan Reed,TE,was,a,phi,2,5900,4573,rotoguru
2016,14,Brandon Myers,TE,tam,h,nor,1.9,2500,4457,rotoguru
2016,14,Tyler Higbee,TE,lar,h,atl,1.8,2500,4680,rotoguru
2016,14,Richard Rodgers,TE,gnb,h,sea,1.8,2600,4629,rotoguru
2016,14,John Phillips,TE,nor,a,tam,1.8,2500,4433,rotoguru
2016,14,Randall Telfer,TE,cle,h,cin,1.7,2500,4685,rotoguru
2016,14,Coby Fleener,TE,nor,a,tam,1.6,3700,4552,rotoguru
2016,14,Garrett Celek,TE,sfo,h,nyj,1.5,2500,4564,rotoguru
2016,14,Jesse James,TE,pit,a,buf,1.5,2500,4653,rotoguru
2016,14,Austin Hooper,TE,atl,a,lar,1.5,2500,4677,rotoguru
2016,14,Vernon Davis,TE,was,a,phi,1.1,3500,4323,rotoguru
2016,14,Rhett Ellison,TE,min,a,jac,1,2500,4554,rotoguru
2016,14,Larry Donnell,TE,nyg,h,dal,0,2500,4585,rotoguru
2016,14,Logan Paulsen,TE,chi,a,det,0,2500,4513,rotoguru
2016,14,Sean McGrath,TE,sdg,a,car,0,2500,4588,rotoguru
2016,14,Matthew Mulligan,TE,det,h,chi,0,2500,4431,rotoguru
2016,14,Hakeem Valles,TE,ari,a,mia,0,2500,4687,rotoguru
2016,14,James O'Shaughnessy,TE,kan,h,oak,0,2500,4664,rotoguru
2016,14,Phillip Supernaw,TE,ten,h,den,0,2500,4637,rotoguru
2016,14,Derek Carrier,TE,was,a,phi,0,2500,4599,rotoguru
2016,14,Demetrius Harris,TE,kan,h,oak,0,2500,4642,rotoguru
2016,14,Gavin Escobar,TE,dal,a,nyg,0,2500,4570,rotoguru
2016,14,Xavier Grimble,TE,pit,a,buf,0,2500,4604,rotoguru
2016,14,Jeff Heuerman,TE,den,a,ten,0,2500,4676,rotoguru
2016,14,Virgil Green,TE,den,a,ten,0,2500,4542,rotoguru
2016,14,Dominique Jones,TE,mia,h,ari,0,2500,4555,rotoguru
2016,14,Ed Dickson,TE,car,h,sdg,0,2500,4482,rotoguru
2016,14,Tyler Kroft,TE,cin,a,cle,0,2500,4652,rotoguru
2016,14,Dwayne Allen,TE,ind,h,hou,0,2600,4551,rotoguru
2016,14,Ryan Hewitt,TE,cin,a,cle,0,2500,2978,rotoguru
2016,14,Alan Cross,TE,tam,h,nor,0,2500,4682,rotoguru
2016,14,Erik Swoope,TE,ind,h,hou,0,2500,4626,rotoguru
2016,14,Stephen Anderson,TE,hou,a,ind,0,2500,4679,rotoguru
2016,14,Nick Vannett,TE,sea,a,gnb,0,2500,4688,rotoguru
2016,14,Ben Braunecker,TE,chi,a,det,0,2500,4691,rotoguru
2016,14,David Morgan,TE,min,a,jac,0,2500,4694,rotoguru
2016,14,Marqueis Gray,TE,mia,h,ari,0,2500,4595,rotoguru
2016,14,Brandon Williams,TE,sea,a,gnb,0,2500,4590,rotoguru
2016,14,Vance McDonald,TE,sfo,h,nyj,0,3000,4572,rotoguru
2016,14,Clay Harbor,TE,det,h,chi,0,2500,4495,rotoguru
2016,14,Joshua Perkins,TE,atl,a,lar,0,2500,4693,rotoguru
2016,14,Danny Vitale,TE,cle,h,cin,0,2500,5517,rotoguru
2016,14,Atlanta Defense,Def,atl,a,lar,26,3100,7002,rotoguru
2016,14,Green Bay Defense,Def,gnb,h,sea,19,2600,7012,rotoguru
2016,14,Carolina Defense,Def,car,h,sdg,18,2900,7005,rotoguru
2016,14,Miami Defense,Def,mia,h,ari,15,2600,7016,rotoguru
2016,14,Chicago Defense,Def,chi,a,det,14,2300,7006,rotoguru
2016,14,Dallas Defense,Def,dal,a,nyg,13,2700,7009,rotoguru
2016,14,New York G Defense,Def,nyg,h,dal,13,2600,7020,rotoguru
2016,14,Tampa Bay Defense,Def,tam,h,nor,11,2400,7029,rotoguru
2016,14,Kansas City Defense,Def,kan,h,oak,11,3100,7015,rotoguru
2016,14,Tennessee Defense,Def,ten,h,den,11,3300,7030,rotoguru
2016,14,Philadelphia Defense,Def,phi,h,was,10,2900,7023,rotoguru
2016,14,Cincinnati Defense,Def,cin,a,cle,9,3500,7007,rotoguru
2016,14,Washington Defense,Def,was,a,phi,9,2700,7031,rotoguru
2016,14,Houston Defense,Def,hou,a,ind,8,2800,7032,rotoguru
2016,14,San Francisco Defense,Def,sfo,h,nyj,8,2600,7027,rotoguru
2016,14,Pittsburgh Defense,Def,pit,a,buf,8,2800,7024,rotoguru
2016,14,New England Defense,Def,nwe,h,bal,8,3400,7018,rotoguru
2016,14,Oakland Defense,Def,oak,a,kan,7,2700,7022,rotoguru
2016,14,Arizona Defense,Def,ari,a,mia,7,3200,7001,rotoguru
2016,14,Minnesota Defense,Def,min,a,jac,7,3900,7017,rotoguru
2016,14,Denver Defense,Def,den,a,ten,6,3800,7010,rotoguru
2016,14,Buffalo Defense,Def,buf,h,pit,6,2500,7004,rotoguru
2016,14,Baltimore Defense,Def,bal,a,nwe,6,2700,7003,rotoguru
2016,14,New Orleans Defense,Def,nor,a,tam,5,2400,7019,rotoguru
2016,14,Detroit Defense,Def,det,h,chi,5,3600,7011,rotoguru
2016,14,Cleveland Defense,Def,cle,h,cin,4,2200,7008,rotoguru
2016,14,San Diego Defense,Def,sdg,a,car,4,2600,7026,rotoguru
2016,14,Indianapolis Defense,Def,ind,h,hou,4,2600,7013,rotoguru
2016,14,New York J Defense,Def,nyj,a,sfo,3,3100,7021,rotoguru
2016,14,Jacksonville Defense,Def,jac,h,min,2,2500,7014,rotoguru
2016,14,Los Angeles Defense,Def,lar,h,atl,1,2500,7025,rotoguru
2016,14,Seattle Defense,Def,sea,a,gnb,-3,3000,7028,rotoguru
2016,15,Drew Brees,QB,nor,a,ari,33.36,6600,1151,rotoguru
2016,15,Matt Moore,QB,mia,a,nyj,24.44,5100,1298,rotoguru
2016,15,Carson Palmer,QB,ari,h,nor,23.72,6000,1207,rotoguru
2016,15,Cam Newton,QB,car,a,was,23,6400,1378,rotoguru
2016,15,Matt Barkley,QB,chi,h,gnb,21.48,5000,1417,rotoguru
2016,15,Russell Wilson,QB,sea,h,lar,21.36,6300,1412,rotoguru
2016,15,Matt Ryan,QB,atl,h,sfo,19.34,7300,1301,rotoguru
2016,15,Dak Prescott,QB,dal,h,tam,19.16,6200,1501,rotoguru
2016,15,Andrew Luck,QB,ind,a,min,18.8,6400,1409,rotoguru
2016,15,Robert Griffin III,QB,cle,a,buf,18.64,5000,1408,rotoguru
2016,15,Colin Kaepernick,QB,sfo,a,atl,17.42,5800,1404,rotoguru
2016,15,Eli Manning,QB,nyg,h,det,16.04,5600,1225,rotoguru
2016,15,Tyrod Taylor,QB,buf,h,cle,15.86,5700,1400,rotoguru
2016,15,Philip Rivers,QB,sdg,h,oak,15.24,6200,1231,rotoguru
2016,15,Ben Roethlisberger,QB,pit,a,cin,14.94,6600,1232,rotoguru
2016,15,Kirk Cousins,QB,was,h,car,14.7,6800,1415,rotoguru
2016,15,Jameis Winston,QB,tam,a,dal,14.48,6100,1465,rotoguru
2016,15,Joe Flacco,QB,bal,h,phi,14.14,5700,1302,rotoguru
2016,15,Alex Smith,QB,kan,h,ten,12.62,5400,1254,rotoguru
2016,15,Carson Wentz,QB,phi,a,bal,12.6,5000,1514,rotoguru
2016,15,Derek Carr,QB,oak,a,sdg,12.02,6300,1441,rotoguru
2016,15,Aaron Rodgers,QB,gnb,a,chi,11.98,7100,1252,rotoguru
2016,15,Andy Dalton,QB,cin,h,pit,11.38,5500,1403,rotoguru
2016,15,Matthew Stafford,QB,det,a,nyg,11.22,6300,1340,rotoguru
2016,15,Trevor Siemian,QB,den,h,nwe,10.68,5200,1488,rotoguru
2016,15,Bryce Petty,QB,nyj,h,mia,10.4,5000,1472,rotoguru
2016,15,Tom Savage,QB,hou,h,jac,10.4,5000,1443,rotoguru
2016,15,Sam Bradford,QB,min,h,ind,9.64,5000,1344,rotoguru
2016,15,Blake Bortles,QB,jac,a,hou,8.18,5000,1442,rotoguru
2016,15,Marcus Mariota,QB,ten,a,kan,7.44,6500,1466,rotoguru
2016,15,Tom Brady,QB,nwe,a,den,7.42,6700,1131,rotoguru
2016,15,Jared Goff,QB,lar,a,sea,5.4,5000,1490,rotoguru
2016,15,Ryan Fitzpatrick,QB,nyj,h,mia,1.34,5000,1242,rotoguru
2016,15,Case Keenum,QB,lar,a,sea,1.28,5000,1435,rotoguru
2016,15,Matt Schaub,QB,atl,h,sfo,0.64,5000,1234,rotoguru
2016,15,E.J. Manuel,QB,buf,h,cle,0.1,5000,1421,rotoguru
2016,15,Scott Tolzien,QB,ind,a,min,0,5000,1433,rotoguru
2016,15,Joe Webb,QB,car,a,was,0,5000,5071,rotoguru
2016,15,Kellen Clemens,QB,sdg,h,oak,0,5000,1262,rotoguru
2016,15,Brock Osweiler,QB,hou,h,jac,-0.08,5100,1414,rotoguru
2016,15,Devonta Freeman,RB,atl,h,sfo,37.5,6700,2930,rotoguru
2016,15,LeSean McCoy,RB,buf,h,cle,34.9,8900,2707,rotoguru
2016,15,Ty Montgomery,RB,gnb,a,chi,33.3,4800,5392,rotoguru
2016,15,Ezekiel Elliott,RB,dal,h,tam,30.8,8200,5444,rotoguru
2016,15,Bilal Powell,RB,nyj,h,mia,27.2,5600,2819,rotoguru
2016,15,David Johnson,RB,ari,h,nor,26.8,10100,5395,rotoguru
2016,15,Ryan Mathews,RB,phi,a,bal,25.3,3900,2754,rotoguru
2016,15,Jordan Howard,RB,chi,h,gnb,21.3,6000,5447,rotoguru
2016,15,Tim Hightower,RB,nor,a,ari,19.8,4100,2604,rotoguru
2016,15,Robert Turbin,RB,ind,a,min,19.4,3300,2867,rotoguru
2016,15,DeMarco Murray,RB,ten,a,kan,19.1,6900,2831,rotoguru
2016,15,Frank Gore,RB,ind,a,min,18.5,4400,2467,rotoguru
2016,15,Le'Veon Bell,RB,pit,a,cin,18.1,9800,2888,rotoguru
2016,15,Jonathan Stewart,RB,car,a,was,18,5200,2612,rotoguru
2016,15,Derrick Henry,RB,ten,a,kan,17.8,5100,5445,rotoguru
2016,15,Lamar Miller,RB,hou,h,jac,16.9,5400,2859,rotoguru
2016,15,Terrance West,RB,bal,h,phi,16.2,3900,2929,rotoguru
2016,15,Jerick McKinnon,RB,min,h,ind,16.1,4000,2935,rotoguru
2016,15,Travaris Cadet,RB,nor,a,ari,15.6,3000,2869,rotoguru
2016,15,Rob Kelley,RB,was,h,car,15.5,4700,5493,rotoguru
2016,15,Duke Johnson,RB,cle,a,buf,14.3,3200,2997,rotoguru
2016,15,Mike Tolbert,RB,car,a,was,13.1,3000,2647,rotoguru
2016,15,Spencer Ware,RB,kan,h,ten,12.5,5700,2914,rotoguru
2016,15,Dion Lewis,RB,nwe,a,den,12.4,3900,2816,rotoguru
2016,15,Kerwynn Williams,RB,ari,h,nor,12.3,3000,2918,rotoguru
2016,15,Jeremy Hill,RB,cin,h,pit,12.1,5600,2928,rotoguru
2016,15,Mark Ingram,RB,nor,a,ari,11.2,4700,2793,rotoguru
2016,15,T.J. Yeldon,RB,jac,a,hou,11.2,4100,2993,rotoguru
2016,15,Christine Michael,RB,gnb,a,chi,10.5,3500,2898,rotoguru
2016,15,Mike Gillislee,RB,buf,h,cle,9.7,4600,2894,rotoguru
2016,15,Kenneth Dixon,RB,bal,h,phi,9.6,3800,5469,rotoguru
2016,15,Zach Zenner,RB,det,a,nyg,9.4,3000,5397,rotoguru
2016,15,Justin Forsett,RB,den,h,nwe,9.3,3000,2642,rotoguru
2016,15,Latavius Murray,RB,oak,a,sdg,9.2,5800,2899,rotoguru
2016,15,LeGarrette Blount,RB,nwe,a,den,9.1,5000,2721,rotoguru
2016,15,Jalen Richard,RB,oak,a,sdg,8.9,3200,5490,rotoguru
2016,15,Chris Thompson,RB,was,h,car,8.6,3700,2915,rotoguru
2016,15,Tevin Coleman,RB,atl,h,sfo,8.6,5000,2994,rotoguru
2016,15,Carlos Hyde,RB,sfo,a,atl,7.7,5900,2933,rotoguru
2016,15,Rex Burkhead,RB,cin,h,pit,7,3500,2890,rotoguru
2016,15,James White,RB,nwe,a,den,6.5,3600,2954,rotoguru
2016,15,Kenneth Farrow,RB,sdg,h,oak,6.3,4400,5494,rotoguru
2016,15,Dwayne Washington,RB,det,a,nyg,6,3500,5483,rotoguru
2016,15,Thomas Rawls,RB,sea,h,lar,5.9,5900,5402,rotoguru
2016,15,Paul Perkins,RB,nyg,h,det,5.6,3800,5472,rotoguru
2016,15,Devontae Booker,RB,den,h,nwe,5.3,4200,5468,rotoguru
2016,15,Terron Ward,RB,atl,h,sfo,5.2,3000,5375,rotoguru
2016,15,Jay Ajayi,RB,mia,a,nyj,5.1,5700,2998,rotoguru
2016,15,Kenjon Barner,RB,phi,a,bal,5.1,3600,2887,rotoguru
2016,15,Charles Sims,RB,tam,a,dal,4.9,3800,2931,rotoguru
2016,15,Byron Marshall,RB,phi,a,bal,4.8,0,5524,rotoguru
2016,15,Todd Gurley,RB,lar,a,sea,4.6,4500,2992,rotoguru
2016,15,Kyle Juszczyk,RB,bal,h,phi,4.5,3000,2908,rotoguru
2016,15,Chris Ivory,RB,jac,a,hou,4.4,3700,2741,rotoguru
2016,15,DeAndre Washington,RB,oak,a,sdg,4.4,3400,5449,rotoguru
2016,15,Doug Martin,RB,tam,a,dal,4.2,5300,2858,rotoguru
2016,15,Shane Vereen,RB,nyg,h,det,4,4000,2830,rotoguru
2016,15,Lance Dunbar,RB,dal,h,tam,4,3000,2880,rotoguru
2016,15,Matt Forte,RB,nyj,h,mia,3.8,5500,2613,rotoguru
2016,15,Rashad Jennings,RB,nyg,h,det,3.8,4500,2658,rotoguru
2016,15,Fozzy Whittaker,RB,car,a,was,3.8,3000,2916,rotoguru
2016,15,Jonathan Grimes,RB,hou,h,jac,3.5,3000,2881,rotoguru
2016,15,Ronnie Hillman,RB,sdg,h,oak,3.4,3000,2856,rotoguru
2016,15,Jeremy Langford,RB,chi,h,gnb,3.2,4000,5371,rotoguru
2016,15,Matt Asiata,RB,min,h,ind,3,3400,2873,rotoguru
2016,15,Isaiah Crowell,RB,cle,a,buf,2.8,4100,2969,rotoguru
2016,15,James Develin,RB,nwe,a,den,2.3,3000,2825,rotoguru
2016,15,Adrian Peterson,RB,min,h,ind,2.3,5000,2553,rotoguru
2016,15,John Kuhn,RB,nor,a,ari,2.2,3000,2549,rotoguru
2016,15,Jerome Felton,RB,buf,h,cle,2.2,3000,2624,rotoguru
2016,15,Jamize Olawale,RB,oak,a,sdg,2.2,3000,2913,rotoguru
2016,15,Marcel Reece,RB,sea,h,lar,1.9,3000,2665,rotoguru
2016,15,Jordan Todman,RB,ind,a,min,1.9,3000,2840,rotoguru
2016,15,Andre Ellington,RB,ari,h,nor,1.9,3500,2892,rotoguru
2016,15,Malcolm Brown,RB,lar,a,sea,1.8,3000,5441,rotoguru
2016,15,Darren McFadden,RB,dal,h,tam,1.8,3000,2603,rotoguru
2016,15,Kenyan Drake,RB,mia,a,nyj,1.6,3000,5446,rotoguru
2016,15,Alfred Blue,RB,hou,h,jac,1.5,4400,2960,rotoguru
2016,15,Akeem Hunt,RB,hou,h,jac,1.5,3000,5431,rotoguru
2016,15,Shaun Draughn,RB,sfo,a,atl,1.5,3000,2875,rotoguru
2016,15,Jonathan Williams,RB,buf,h,cle,1,3000,5451,rotoguru
2016,15,Charcandrick West,RB,kan,h,ten,0.5,4800,2987,rotoguru
2016,15,Jalston Fowler,RB,ten,a,kan,0.3,3000,5413,rotoguru
2016,15,Ka'Deem Carey,RB,chi,h,gnb,0.1,3000,2972,rotoguru
2016,15,Josh Ferguson,RB,ind,a,min,0.1,3000,5484,rotoguru
2016,15,Michael Burton,RB,det,a,nyg,0,3000,5415,rotoguru
2016,15,Zach Line,RB,min,h,ind,0,3000,2912,rotoguru
2016,15,Damien Williams,RB,mia,a,nyj,0,3900,2957,rotoguru
2016,15,Corey Grant,RB,jac,a,hou,0,3000,5405,rotoguru
2016,15,Peyton Barber,RB,tam,a,dal,0,3000,5507,rotoguru
2016,15,Chase Reynolds,RB,lar,a,sea,0,3000,2919,rotoguru
2016,15,Joique Bell,RB,det,a,nyg,0,3000,2719,rotoguru
2016,15,Stepfan Taylor,RB,ari,h,nor,0,3000,2903,rotoguru
2016,15,Antonio Andrews,RB,ten,a,kan,0,3000,2940,rotoguru
2016,15,Anthony Sherman,RB,kan,h,ten,0,3000,2822,rotoguru
2016,15,Brandon Bolden,RB,nwe,a,den,0,3000,2874,rotoguru
2016,15,Bobby Rainey,RB,nyg,h,det,0,3000,2863,rotoguru
2016,15,DuJuan Harris,RB,sfo,a,atl,0,3900,2802,rotoguru
2016,15,Derek Watt,RB,sdg,h,oak,0,3000,5504,rotoguru
2016,15,Keith Smith,RB,dal,h,tam,0,3000,5492,rotoguru
2016,15,Roosevelt Nix,RB,pit,a,cin,0,3000,5403,rotoguru
2016,15,Juwan Thompson,RB,den,h,nwe,0,3000,2965,rotoguru
2016,15,George Atkinson,RB,cle,a,buf,0,3000,2949,rotoguru
2016,15,Taiwan Jones,RB,oak,a,sdg,0,3000,2820,rotoguru
2016,15,Patrick DiMarco,RB,atl,h,sfo,0,3000,2805,rotoguru
2016,15,Cedric Peerman,RB,cin,h,pit,0,3000,2692,rotoguru
2016,15,Paul Lasike,RB,chi,h,gnb,0,3000,5373,rotoguru
2016,15,Aaron Ripkowski,RB,gnb,a,chi,0,3000,5406,rotoguru
2016,15,Fitzgerald Toussaint,RB,pit,a,cin,0,4300,2990,rotoguru
2016,15,Jay Prosch,RB,hou,h,jac,0,3000,2980,rotoguru
2016,15,Brandin Cooks,WR,nor,a,ari,40.6,6200,5255,rotoguru
2016,15,Tyler Lockett,WR,sea,h,lar,29,4000,5386,rotoguru
2016,15,Golden Tate,WR,det,a,nyg,23.2,6500,3995,rotoguru
2016,15,Jarvis Landry,WR,mia,a,nyj,22.8,5400,5335,rotoguru
2016,15,Cameron Meredith,WR,chi,h,gnb,22.4,4200,5417,rotoguru
2016,15,Jordy Nelson,WR,gnb,a,chi,22.4,7300,3751,rotoguru
2016,15,Deonte Thompson,WR,chi,h,gnb,22,3000,5160,rotoguru
2016,15,DeSean Jackson,WR,was,h,car,21.1,5500,3770,rotoguru
2016,15,Alshon Jeffery,WR,chi,h,gnb,20.9,6000,5153,rotoguru
2016,15,Odell Beckham Jr.,WR,nyg,h,det,19.3,8000,5323,rotoguru
2016,15,John Brown,WR,ari,h,nor,19.1,3800,5264,rotoguru
2016,15,Eli Rogers,WR,pit,a,cin,18.5,3600,5478,rotoguru
2016,15,Michael Thomas,WR,nor,a,ari,18.2,6400,5459,rotoguru
2016,15,Aldrick Robinson,WR,atl,h,sfo,18.1,3400,5134,rotoguru
2016,15,Robby Anderson,WR,nyj,h,mia,18,4200,5502,rotoguru
2016,15,Michael Crabtree,WR,oak,a,sdg,18,5900,3872,rotoguru
2016,15,DeAndre Hopkins,WR,hou,h,jac,16.7,5000,5206,rotoguru
2016,15,Rishard Matthews,WR,ten,a,kan,16.5,4600,5182,rotoguru
2016,15,Ted Ginn Jr.,WR,car,a,was,16.4,4500,3670,rotoguru
2016,15,Dez Bryant,WR,dal,h,tam,16.2,6800,3891,rotoguru
2016,15,Brandon LaFell,WR,cin,h,pit,16.1,4700,3946,rotoguru
2016,15,Demaryius Thomas,WR,den,h,nwe,16.1,6300,3997,rotoguru
2016,15,Sterling Shepard,WR,nyg,h,det,15.6,4600,5456,rotoguru
2016,15,Willie Snead,WR,nor,a,ari,15.6,5600,5287,rotoguru
2016,15,Taylor Gabriel,WR,atl,h,sfo,15,5600,5361,rotoguru
2016,15,J.J. Nelson,WR,ari,h,nor,14.8,3900,5409,rotoguru
2016,15,Pierre Garcon,WR,was,h,car,14.8,4700,3754,rotoguru
2016,15,Doug Baldwin,WR,sea,h,lar,14.5,6600,5136,rotoguru
2016,15,Jeremy Maclin,WR,kan,h,ten,14.2,4700,3830,rotoguru
2016,15,Travis Benjamin,WR,sdg,h,oak,13.6,3800,5173,rotoguru
2016,15,Julian Edelman,WR,nwe,a,den,13.5,6100,3826,rotoguru
2016,15,Adam Humphries,WR,tam,a,dal,12.9,3700,5412,rotoguru
2016,15,Tyreek Hill,WR,kan,h,ten,12.8,5700,5485,rotoguru
2016,15,Kenny Stills,WR,mia,a,nyj,12.2,3800,5212,rotoguru
2016,15,Phillip Dorsett,WR,ind,a,min,12,3800,5384,rotoguru
2016,15,Steve Smith,WR,bal,h,phi,12,5300,3328,rotoguru
2016,15,Dontrelle Inman,WR,sdg,h,oak,11.8,5100,5097,rotoguru
2016,15,Larry Fitzgerald,WR,ari,h,nor,11.7,7000,3501,rotoguru
2016,15,Quincy Enunwa,WR,nyj,h,mia,11.4,4300,5420,rotoguru
2016,15,Charles Johnson,WR,min,h,ind,10,3000,3103,rotoguru
2016,15,Mike Evans,WR,tam,a,dal,9.9,8300,5253,rotoguru
2016,15,Cordarrelle Patterson,WR,min,h,ind,9.9,3200,5208,rotoguru
2016,15,Kamar Aiken,WR,bal,h,phi,9.9,3000,5275,rotoguru
2016,15,Rod Streater,WR,sfo,a,atl,9.1,3000,5169,rotoguru
2016,15,Kenny Britt,WR,lar,a,sea,9,4600,3824,rotoguru
2016,15,Cole Beasley,WR,dal,h,tam,8.8,5100,5163,rotoguru
2016,15,Antonio Brown,WR,pit,a,cin,8.8,8400,3474,rotoguru
2016,15,Jordan Matthews,WR,phi,a,bal,8.7,5400,5254,rotoguru
2016,15,Mike Wallace,WR,bal,h,phi,8,4800,3809,rotoguru
2016,15,Josh Bellamy,WR,chi,h,gnb,8,3300,5191,rotoguru
2016,15,Will Fuller,WR,hou,h,jac,7.9,4100,5454,rotoguru
2016,15,Emmanuel Sanders,WR,den,h,nwe,7.8,6600,3983,rotoguru
2016,15,Jeremy Kerley,WR,sfo,a,atl,7.8,3400,5111,rotoguru
2016,15,Brian Quick,WR,lar,a,sea,7.6,3100,5157,rotoguru
2016,15,T.Y. Hilton,WR,ind,a,min,7.5,7200,5151,rotoguru
2016,15,Mohamed Sanu,WR,atl,h,sfo,7.4,4900,5159,rotoguru
2016,15,Marquise Goodwin,WR,buf,h,cle,7.3,3100,5205,rotoguru
2016,15,Corey Brown,WR,car,a,was,7.2,3000,5362,rotoguru
2016,15,Marvin Jones,WR,det,a,nyg,7.1,4700,5168,rotoguru
2016,15,Tyrell Williams,WR,sdg,h,oak,6,5800,5432,rotoguru
2016,15,Marqise Lee,WR,jac,a,hou,6,4000,5256,rotoguru
2016,15,Terrance Williams,WR,dal,h,tam,6,3200,5216,rotoguru
2016,15,Terrelle Pryor,WR,cle,a,buf,5.9,5200,1407,rotoguru
2016,15,Tavon Austin,WR,lar,a,sea,5.7,3700,5199,rotoguru
2016,15,Chris Harper,WR,sfo,a,atl,5.6,3000,5222,rotoguru
2016,15,Wendall Williams,WR,hou,h,jac,5.4,0,5525,rotoguru
2016,15,Chester Rogers,WR,ind,a,min,5.4,3000,5500,rotoguru
2016,15,Corey Coleman,WR,cle,a,buf,5.4,4100,5452,rotoguru
2016,15,Jamison Crowder,WR,was,h,car,5.4,5400,5410,rotoguru
2016,15,Pharoh Cooper,WR,lar,a,sea,5.1,3000,5462,rotoguru
2016,15,Aaron Burbridge,WR,sfo,a,atl,4.9,3000,5497,rotoguru
2016,15,Seth Roberts,WR,oak,a,sdg,4.7,3000,5408,rotoguru
2016,15,Bryan Walters,WR,jac,a,hou,4.6,3000,5070,rotoguru
2016,15,Davante Adams,WR,gnb,a,chi,4.5,6100,5263,rotoguru
2016,15,Andrew Hawkins,WR,cle,a,buf,4.3,3000,5140,rotoguru
2016,15,Anquan Boldin,WR,det,a,nyg,4.3,4500,3423,rotoguru
2016,15,Kelvin Benjamin,WR,car,a,was,4,5500,5257,rotoguru
2016,15,Kendall Wright,WR,ten,a,kan,3.9,3200,5162,rotoguru
2016,15,Michael Campanaro,WR,bal,h,phi,3.9,0,5277,rotoguru
2016,15,Victor Cruz,WR,nyg,h,det,3.9,3300,3900,rotoguru
2016,15,Amari Cooper,WR,oak,a,sdg,3.8,7100,5376,rotoguru
2016,15,Charone Peake,WR,nyj,h,mia,3.8,3000,5506,rotoguru
2016,15,Freddie Martino,WR,tam,a,dal,3.5,3000,5366,rotoguru
2016,15,Allen Robinson,WR,jac,a,hou,3.5,4400,5258,rotoguru
2016,15,Tyler Boyd,WR,cin,h,pit,3.3,4600,5455,rotoguru
2016,15,Brittan Golden,WR,ari,h,nor,3.3,3000,5239,rotoguru
2016,15,Andre Holmes,WR,oak,a,sdg,3.3,3000,5177,rotoguru
2016,15,Stefon Diggs,WR,min,h,ind,3.3,6200,5424,rotoguru
2016,15,Cody Core,WR,cin,h,pit,3.3,3000,5518,rotoguru
2016,15,Brice Butler,WR,dal,h,tam,3.1,3000,5219,rotoguru
2016,15,Chris Conley,WR,kan,h,ten,3.1,3100,5385,rotoguru
2016,15,Cobi Hamilton,WR,pit,a,cin,3.1,3000,5288,rotoguru
2016,15,Tajae Sharpe,WR,ten,a,kan,3,3300,5461,rotoguru
2016,15,Brandon Tate,WR,buf,h,cle,3,3000,3860,rotoguru
2016,15,Sammie Coates,WR,pit,a,cin,2.9,3000,5388,rotoguru
2016,15,Russell Shepard,WR,tam,a,dal,2.9,3400,5223,rotoguru
2016,15,Chris Hogan,WR,nwe,a,den,2.8,3800,5167,rotoguru
2016,15,DeVante Parker,WR,mia,a,nyj,2.7,4700,5380,rotoguru
2016,15,Brandon Marshall,WR,nyj,h,mia,2.6,5700,3627,rotoguru
2016,15,Justin Hunter,WR,buf,h,cle,2.6,3000,5207,rotoguru
2016,15,Justin Hardy,WR,atl,h,sfo,2.6,3300,5387,rotoguru
2016,15,Jordan Taylor,WR,den,h,nwe,2.5,3000,5501,rotoguru
2016,15,Malcolm Mitchell,WR,nwe,a,den,2.4,4700,5488,rotoguru
2016,15,Quinton Patton,WR,sfo,a,atl,2.3,3200,5209,rotoguru
2016,15,Dorial Green-Beckham,WR,phi,a,bal,2.1,3500,5382,rotoguru
2016,15,Keith Mumphery,WR,hou,h,jac,2.1,3000,5407,rotoguru
2016,15,Sammy Watkins,WR,buf,h,cle,2,5900,5252,rotoguru
2016,15,Nelson Agholor,WR,phi,a,bal,2,3100,5378,rotoguru
2016,15,De'Anthony Thomas,WR,kan,h,ten,1.8,3000,2958,rotoguru
2016,15,Geronimo Allison,WR,gnb,a,chi,1.7,3000,5511,rotoguru
2016,15,Mike Thomas,WR,lar,a,sea,1.6,3000,5503,rotoguru
2016,15,James Wright,WR,cin,h,pit,1.5,3000,5290,rotoguru
2016,15,Robert Woods,WR,buf,h,cle,1.5,3500,5217,rotoguru
2016,15,Jarius Wright,WR,min,h,ind,1.2,3000,5188,rotoguru
2016,15,Bryce Treggs,WR,phi,a,bal,0.4,3000,5513,rotoguru
2016,15,Jordan Norwood,WR,den,h,nwe,0.2,3000,3828,rotoguru
2016,15,Marc Mariani,WR,ten,a,kan,0,3000,3949,rotoguru
2016,15,Bennie Fowler,WR,den,h,nwe,0,3000,5353,rotoguru
2016,15,Chris Moore,WR,bal,h,phi,0,3000,5479,rotoguru
2016,15,Bradley Marquez,WR,lar,a,sea,0,3000,5428,rotoguru
2016,15,Alex Erickson,WR,cin,h,pit,0,3000,5480,rotoguru
2016,15,Josh Huff,WR,tam,a,dal,0,3000,5261,rotoguru
2016,15,Albert Wilson,WR,kan,h,ten,0,3200,5339,rotoguru
2016,15,Roger Lewis,WR,nyg,h,det,0,3000,5508,rotoguru
2016,15,Eric Weems,WR,atl,h,sfo,0,3000,3732,rotoguru
2016,15,Ricardo Louis,WR,cle,a,buf,0,3000,5481,rotoguru
2016,15,Jermaine Kearse,WR,sea,h,lar,0,3000,5186,rotoguru
2016,15,Geremy Davis,WR,sdg,h,oak,0,3000,5399,rotoguru
2016,15,Vince Mayle,WR,dal,h,tam,0,3000,5411,rotoguru
2016,15,Demarcus Robinson,WR,kan,h,ten,0,3000,5515,rotoguru
2016,15,Arrelious Benn,WR,jac,a,hou,0,3000,3885,rotoguru
2016,15,Devin Smith,WR,nyj,h,mia,0,3000,5421,rotoguru
2016,15,Rashard Higgins,WR,cle,a,buf,0,3000,5475,rotoguru
2016,15,Cody Latimer,WR,den,h,nwe,0,3000,5268,rotoguru
2016,15,Jeff Janis,WR,gnb,a,chi,0,3000,5351,rotoguru
2016,15,Maurice Harris,WR,was,h,car,0,3000,5512,rotoguru
2016,15,Isaiah Burse,WR,sdg,h,oak,0,3000,5363,rotoguru
2016,15,Harry Douglas,WR,ten,a,kan,0,3000,3731,rotoguru
2016,15,Tommylee Lewis,WR,nor,a,ari,0,3000,5496,rotoguru
2016,15,Randall Cobb,WR,gnb,a,chi,0,4600,5125,rotoguru
2016,15,Andre Roberts,WR,det,a,nyg,0,3000,3978,rotoguru
2016,15,Brenton Bersin,WR,car,a,was,0,3000,5292,rotoguru
2016,15,Paul Richardson,WR,sea,h,lar,0,3000,5260,rotoguru
2016,15,Matthew Slater,WR,nwe,a,den,0,3000,3760,rotoguru
2016,15,Brandon Coleman,WR,nor,a,ari,0,3000,5326,rotoguru
2016,15,Breshad Perriman,WR,bal,h,phi,0,3100,5379,rotoguru
2016,15,Johnny Holton,WR,oak,a,sdg,0,3000,5491,rotoguru
2016,15,Leonte Carroo,WR,mia,a,nyj,0,3000,5474,rotoguru
2016,15,Adam Thielen,WR,min,h,ind,0,4800,5333,rotoguru
2016,15,Devin Funchess,WR,car,a,was,0,3400,5381,rotoguru
2016,15,Daniel Braverman,WR,chi,h,gnb,0,3000,5523,rotoguru
2016,15,Jakeem Grant,WR,mia,a,nyj,0,3000,5486,rotoguru
2016,15,Shane Wynn,WR,jac,a,hou,0,3000,5467,rotoguru
2016,15,Dwayne Harris,WR,nyg,h,det,0,3000,5130,rotoguru
2016,15,Tanner McEvoy,WR,sea,h,lar,0,3000,5505,rotoguru
2016,15,Lucky Whitehead,WR,dal,h,tam,-0.4,3000,5400,rotoguru
2016,15,Charles Clay,TE,buf,h,cle,20.2,2800,4543,rotoguru
2016,15,Dion Sims,TE,mia,a,nyj,19.1,2500,4576,rotoguru
2016,15,Cameron Brate,TE,tam,a,dal,18.3,3800,4648,rotoguru
2016,15,Kyle Rudolph,TE,min,h,ind,17.7,4300,4537,rotoguru
2016,15,Ryan Griffin,TE,hou,h,jac,16.5,2500,4592,rotoguru
2016,15,Greg Olsen,TE,car,a,was,14.5,5000,4368,rotoguru
2016,15,Jared Cook,TE,gnb,a,chi,14.5,2700,4437,rotoguru
2016,15,Jason Witten,TE,dal,h,tam,14.1,3400,4262,rotoguru
2016,15,Zach Ertz,TE,phi,a,bal,14,4900,4569,rotoguru
2016,15,Erik Swoope,TE,ind,a,min,14,2500,4626,rotoguru
2016,15,Hunter Henry,TE,sdg,h,oak,12.7,2900,4675,rotoguru
2016,15,Ladarius Green,TE,pit,a,cin,12.2,3700,4562,rotoguru
2016,15,Delanie Walker,TE,ten,a,kan,11.5,3900,4360,rotoguru
2016,15,Luke Willson,TE,sea,h,lar,10.9,2500,4578,rotoguru
2016,15,Garrett Celek,TE,sfo,a,atl,10.2,2700,4564,rotoguru
2016,15,Austin Hooper,TE,atl,h,sfo,7.9,2500,4677,rotoguru
2016,15,Eric Ebron,TE,det,a,nyg,7.6,3700,4601,rotoguru
2016,15,A.J. Derby,TE,den,h,nwe,7.5,2500,4692,rotoguru
2016,15,Jack Doyle,TE,ind,a,min,7.2,2700,4594,rotoguru
2016,15,Jermaine Gresham,TE,ari,h,nor,7.2,2500,4493,rotoguru
2016,15,Travis Kelce,TE,kan,h,ten,7.1,5900,4582,rotoguru
2016,15,Will Tye,TE,nyg,h,det,6.5,2900,4670,rotoguru
2016,15,Vernon Davis,TE,was,h,car,6.3,3000,4323,rotoguru
2016,15,Jeff Heuerman,TE,den,h,nwe,6,2500,4676,rotoguru
2016,15,Marqueis Gray,TE,mia,a,nyj,5.8,2500,4595,rotoguru
2016,15,Martellus Bennett,TE,nwe,a,den,5.5,4000,4407,rotoguru
2016,15,Gary Barnidge,TE,cle,a,buf,5.5,3000,4401,rotoguru
2016,15,Blake Bell,TE,sfo,a,atl,5.5,2500,4666,rotoguru
2016,15,Jerell Adams,TE,nyg,h,det,4.8,2500,4686,rotoguru
2016,15,Jimmy Graham,TE,sea,h,lar,4.1,5300,4492,rotoguru
2016,15,Levine Toilolo,TE,atl,h,sfo,4,2500,4577,rotoguru
2016,15,Ed Dickson,TE,car,a,was,3.8,2500,4482,rotoguru
2016,15,Dennis Pitta,TE,bal,h,phi,3.6,3300,4516,rotoguru
2016,15,Je'Ron Hamm,TE,sfo,a,atl,3.3,2500,4695,rotoguru
2016,15,Coby Fleener,TE,nor,a,ari,3,3200,4552,rotoguru
2016,15,Danny Vitale,TE,cle,a,buf,2.7,2500,5517,rotoguru
2016,15,Tyler Higbee,TE,lar,a,sea,2.5,2500,4680,rotoguru
2016,15,Mychal Rivera,TE,oak,a,sdg,2.5,2500,4574,rotoguru
2016,15,Neal Sterling,TE,jac,a,hou,2.4,2500,4684,rotoguru
2016,15,Darren Fells,TE,ari,h,nor,2.3,2500,4609,rotoguru
2016,15,Clive Walford,TE,oak,a,sdg,2.3,2500,4651,rotoguru
2016,15,Dwayne Allen,TE,ind,a,min,2.3,2600,4551,rotoguru
2016,15,Trey Burton,TE,phi,a,bal,2.2,2500,4618,rotoguru
2016,15,David Johnson,TE,pit,a,cin,2.2,2500,4450,rotoguru
2016,15,Antonio Gates,TE,sdg,h,oak,2.1,4100,4270,rotoguru
2016,15,Darren Waller,TE,bal,h,phi,2.1,2500,5419,rotoguru
2016,15,Richard Rodgers,TE,gnb,a,chi,2,2600,4629,rotoguru
2016,15,Tyler Eifert,TE,cin,h,pit,1.9,5600,4568,rotoguru
2016,15,John Phillips,TE,nor,a,ari,1.9,2500,4433,rotoguru
2016,15,Virgil Green,TE,den,h,nwe,1.9,2500,4542,rotoguru
2016,15,Daniel Brown,TE,chi,h,gnb,1.8,2500,5436,rotoguru
2016,15,Joshua Perkins,TE,atl,h,sfo,1.8,2500,4693,rotoguru
2016,15,Alan Cross,TE,tam,a,dal,1.7,2500,4682,rotoguru
2016,15,Stephen Anderson,TE,hou,h,jac,1.7,2500,4679,rotoguru
2016,15,Jordan Reed,TE,was,h,car,1.6,5500,4573,rotoguru
2016,15,Seth DeValve,TE,cle,a,buf,1.6,2500,4690,rotoguru
2016,15,Lance Kendricks,TE,lar,a,sea,1.5,2900,4538,rotoguru
2016,15,Brent Celek,TE,phi,a,bal,1.5,2500,4363,rotoguru
2016,15,Austin Seferian-Jenkins,TE,nyj,h,mia,1.3,2500,4602,rotoguru
2016,15,Ben Koyack,TE,jac,a,hou,1.2,2500,4689,rotoguru
2016,15,Larry Donnell,TE,nyg,h,det,0,2500,4585,rotoguru
2016,15,Clark Harris,TE,cin,h,pit,0,2500,4391,rotoguru
2016,15,Logan Paulsen,TE,chi,h,gnb,0,2500,4513,rotoguru
2016,15,Sean McGrath,TE,sdg,h,oak,0,2500,4588,rotoguru
2016,15,Matthew Mulligan,TE,det,a,nyg,0,2500,4431,rotoguru
2016,15,Rhett Ellison,TE,min,h,ind,0,2500,4554,rotoguru
2016,15,Jesse James,TE,pit,a,cin,0,2500,4653,rotoguru
2016,15,Hakeem Valles,TE,ari,h,nor,0,2500,4687,rotoguru
2016,15,James O'Shaughnessy,TE,kan,h,ten,0,2500,4664,rotoguru
2016,15,Phillip Supernaw,TE,ten,a,kan,0,2500,4637,rotoguru
2016,15,Nick O'Leary,TE,buf,h,cle,0,2500,4661,rotoguru
2016,15,Derek Carrier,TE,was,h,car,0,2500,4599,rotoguru
2016,15,Demetrius Harris,TE,kan,h,ten,0,2500,4642,rotoguru
2016,15,Gavin Escobar,TE,dal,h,tam,0,2500,4570,rotoguru
2016,15,Xavier Grimble,TE,pit,a,cin,0,2500,4604,rotoguru
2016,15,Brandon Myers,TE,tam,a,dal,0,2500,4457,rotoguru
2016,15,Anthony Fasano,TE,ten,a,kan,0,2500,4327,rotoguru
2016,15,Randall Telfer,TE,cle,a,buf,0,2500,4685,rotoguru
2016,15,Brandon Bostick,TE,nyj,h,mia,0,2500,4593,rotoguru
2016,15,Tyler Kroft,TE,cin,h,pit,0,2500,4652,rotoguru
2016,15,Ryan Hewitt,TE,cin,h,pit,0,2500,2978,rotoguru
2016,15,Nick Boyle,TE,bal,h,phi,0,2500,4660,rotoguru
2016,15,Nick Vannett,TE,sea,h,lar,0,2500,4688,rotoguru
2016,15,Luke Stocker,TE,tam,a,dal,0,2500,4532,rotoguru
2016,15,Ben Braunecker,TE,chi,h,gnb,0,2500,4691,rotoguru
2016,15,David Morgan,TE,min,h,ind,0,2500,4694,rotoguru
2016,15,Brandon Williams,TE,sea,h,lar,0,2500,4590,rotoguru
2016,15,Clay Harbor,TE,det,a,nyg,0,2500,4495,rotoguru
2016,15,Miami Defense,Def,mia,a,nyj,23,3200,7016,rotoguru
2016,15,Indianapolis Defense,Def,ind,a,min,18,2500,7013,rotoguru
2016,15,New England Defense,Def,nwe,a,den,17,2800,7018,rotoguru
2016,15,Dallas Defense,Def,dal,h,tam,13,2700,7009,rotoguru
2016,15,New York G Defense,Def,nyg,h,det,12,2900,7020,rotoguru
2016,15,Jacksonville Defense,Def,jac,a,hou,11,2600,7014,rotoguru
2016,15,Seattle Defense,Def,sea,h,lar,11,4000,7028,rotoguru
2016,15,Buffalo Defense,Def,buf,h,cle,9,3700,7004,rotoguru
2016,15,Green Bay Defense,Def,gnb,a,chi,9,3200,7012,rotoguru
2016,15,Oakland Defense,Def,oak,a,sdg,8,2700,7022,rotoguru
2016,15,Carolina Defense,Def,car,a,was,8,2900,7005,rotoguru
2016,15,Kansas City Defense,Def,kan,h,ten,8,3400,7015,rotoguru
2016,15,Atlanta Defense,Def,atl,h,sfo,8,3900,7002,rotoguru
2016,15,Philadelphia Defense,Def,phi,a,bal,7,2900,7023,rotoguru
2016,15,Houston Defense,Def,hou,h,jac,7,3800,7032,rotoguru
2016,15,Arizona Defense,Def,ari,h,nor,7,3000,7001,rotoguru
2016,15,San Diego Defense,Def,sdg,h,oak,7,2700,7026,rotoguru
2016,15,Tampa Bay Defense,Def,tam,a,dal,5,2500,7029,rotoguru
2016,15,Los Angeles Defense,Def,lar,a,sea,4,2600,7025,rotoguru
2016,15,Pittsburgh Defense,Def,pit,a,cin,4,2800,7024,rotoguru
2016,15,Tennessee Defense,Def,ten,a,kan,4,2700,7030,rotoguru
2016,15,Denver Defense,Def,den,h,nwe,3,3600,7010,rotoguru
2016,15,Detroit Defense,Def,det,a,nyg,3,2600,7011,rotoguru
2016,15,Chicago Defense,Def,chi,h,gnb,3,2400,7006,rotoguru
2016,15,Baltimore Defense,Def,bal,h,phi,3,3100,7003,rotoguru
2016,15,New York J Defense,Def,nyj,h,mia,2,3300,7021,rotoguru
2016,15,Washington Defense,Def,was,h,car,2,2600,7031,rotoguru
2016,15,New Orleans Defense,Def,nor,a,ari,1,2400,7019,rotoguru
2016,15,Cincinnati Defense,Def,cin,h,pit,1,2800,7007,rotoguru
2016,15,Cleveland Defense,Def,cle,a,buf,0,2200,7008,rotoguru
2016,15,San Francisco Defense,Def,sfo,a,atl,-1,2300,7027,rotoguru
2016,15,Minnesota Defense,Def,min,h,ind,-1,3500,7017,rotoguru
2016,16,Aaron Rodgers,QB,gnb,h,min,40.18,6700,1252,rotoguru
2016,16,Russell Wilson,QB,sea,h,ari,37.6,6300,1412,rotoguru
2016,16,Tyrod Taylor,QB,buf,h,mia,34.16,5400,1400,rotoguru
2016,16,Kirk Cousins,QB,was,a,chi,29.8,6800,1415,rotoguru
2016,16,Sam Bradford,QB,min,a,gnb,29.78,5000,1344,rotoguru
2016,16,Blake Bortles,QB,jac,h,ten,29.7,5000,1442,rotoguru
2016,16,Colin Kaepernick,QB,sfo,a,lar,27.14,5700,1404,rotoguru
2016,16,Andrew Luck,QB,ind,a,oak,26.72,7000,1409,rotoguru
2016,16,Dak Prescott,QB,dal,h,det,23.98,5900,1501,rotoguru
2016,16,Alex Smith,QB,kan,h,den,23.36,5000,1254,rotoguru
2016,16,Philip Rivers,QB,sdg,a,cle,22.88,6900,1231,rotoguru
2016,16,Derek Carr,QB,oak,h,ind,21.92,6800,1441,rotoguru
2016,16,Ben Roethlisberger,QB,pit,h,bal,21.06,6700,1232,rotoguru
2016,16,Tom Brady,QB,nwe,h,nyj,20.56,7700,1131,rotoguru
2016,16,Matt Ryan,QB,atl,a,car,19.98,7200,1301,rotoguru
2016,16,Matt Barkley,QB,chi,h,was,18.92,5000,1417,rotoguru
2016,16,Jameis Winston,QB,tam,a,nor,18.48,6500,1465,rotoguru
2016,16,Eli Manning,QB,nyg,a,phi,18.24,5800,1225,rotoguru
2016,16,Matt Moore,QB,mia,a,buf,16.22,5200,1298,rotoguru
2016,16,Drew Brees,QB,nor,h,tam,16.06,7400,1151,rotoguru
2016,16,Joe Flacco,QB,bal,a,pit,15.48,5800,1302,rotoguru
2016,16,Carson Palmer,QB,ari,a,sea,15.26,5500,1207,rotoguru
2016,16,Matthew Stafford,QB,det,a,dal,14.5,6100,1340,rotoguru
2016,16,Andy Dalton,QB,cin,a,hou,13.72,5300,1403,rotoguru
2016,16,Cam Newton,QB,car,h,atl,13.52,6600,1378,rotoguru
2016,16,Carson Wentz,QB,phi,h,nyg,11.78,5000,1514,rotoguru
2016,16,Robert Griffin III,QB,cle,h,sdg,10.76,5100,1408,rotoguru
2016,16,Marcus Mariota,QB,ten,a,jac,8.26,6000,1466,rotoguru
2016,16,Tom Savage,QB,hou,h,cin,8.14,5000,1443,rotoguru
2016,16,Matt Cassel,QB,ten,a,jac,7.96,5000,1241,rotoguru
2016,16,Trevor Siemian,QB,den,a,kan,6.32,5300,1488,rotoguru
2016,16,Jared Goff,QB,lar,h,sfo,6,5000,1490,rotoguru
2016,16,Ryan Fitzpatrick,QB,nyj,a,nwe,3.74,5000,1242,rotoguru
2016,16,Matt McGloin,QB,oak,h,ind,0.86,5000,1437,rotoguru
2016,16,Chase Daniel,QB,phi,h,nyg,0.64,5000,1334,rotoguru
2016,16,Cody Kessler,QB,cle,h,sdg,0.44,5000,1492,rotoguru
2016,16,Jimmy Garoppolo,QB,nwe,h,nyj,0.04,5000,1452,rotoguru
2016,16,Brett Hundley,QB,gnb,h,min,0,5000,1470,rotoguru
2016,16,Joe Webb,QB,car,h,atl,0,5000,5071,rotoguru
2016,16,Kellen Clemens,QB,sdg,a,cle,0,5000,1262,rotoguru
2016,16,Bryce Petty,QB,nyj,a,nwe,-1,5000,1472,rotoguru
2016,16,David Johnson,RB,ari,a,sea,34.6,9200,5395,rotoguru
2016,16,Le'Veon Bell,RB,pit,h,bal,31.7,9400,2888,rotoguru
2016,16,Jay Ajayi,RB,mia,a,buf,30.9,5600,2998,rotoguru
2016,16,LeSean McCoy,RB,buf,h,mia,28.5,9000,2707,rotoguru
2016,16,Mark Ingram,RB,nor,h,tam,25.3,4400,2793,rotoguru
2016,16,DeAndre Washington,RB,oak,h,ind,24.7,3300,5449,rotoguru
2016,16,Zach Zenner,RB,det,a,dal,23.2,3200,5397,rotoguru
2016,16,Tevin Coleman,RB,atl,a,car,22.5,5000,2994,rotoguru
2016,16,Ezekiel Elliott,RB,dal,h,det,22.2,7900,5444,rotoguru
2016,16,Isaiah Crowell,RB,cle,h,sdg,21.8,4100,2969,rotoguru
2016,16,Chris Ivory,RB,jac,h,ten,20.4,3600,2741,rotoguru
2016,16,Alfred Blue,RB,hou,h,cin,19,4300,2960,rotoguru
2016,16,Todd Gurley,RB,lar,h,sfo,17.7,6500,2992,rotoguru
2016,16,LeGarrette Blount,RB,nwe,h,nyj,17,5600,2721,rotoguru
2016,16,Jalen Richard,RB,oak,h,ind,16.9,3600,5490,rotoguru
2016,16,Jordan Howard,RB,chi,h,was,16.8,6300,5447,rotoguru
2016,16,Devonta Freeman,RB,atl,a,car,16.8,7100,2930,rotoguru
2016,16,Chris Thompson,RB,was,a,chi,16.7,3700,2915,rotoguru
2016,16,Jacquizz Rodgers,RB,tam,a,nor,15.8,4200,2818,rotoguru
2016,16,Mack Brown,RB,was,a,chi,15,3000,5526,rotoguru
2016,16,Darren Sproles,RB,phi,h,nyg,14.3,3900,2484,rotoguru
2016,16,Carlos Hyde,RB,sfo,a,lar,14.2,5800,2933,rotoguru
2016,16,James White,RB,nwe,h,nyj,13.6,3800,2954,rotoguru
2016,16,Jerick McKinnon,RB,min,a,gnb,13.5,4000,2935,rotoguru
2016,16,Shaun Draughn,RB,sfo,a,lar,12.5,3000,2875,rotoguru
2016,16,Devontae Booker,RB,den,a,kan,12.1,3700,5468,rotoguru
2016,16,Kenyan Drake,RB,mia,a,buf,11.6,3000,5446,rotoguru
2016,16,Robert Turbin,RB,ind,a,oak,10.9,3600,2867,rotoguru
2016,16,Rex Burkhead,RB,cin,a,hou,10.7,3500,2890,rotoguru
2016,16,Kyle Juszczyk,RB,bal,a,pit,10.5,3000,2908,rotoguru
2016,16,Spencer Ware,RB,kan,h,den,10.2,5300,2914,rotoguru
2016,16,Rob Kelley,RB,was,a,chi,10.2,5200,5493,rotoguru
2016,16,Kenneth Farrow,RB,sdg,a,cle,9.7,5000,5494,rotoguru
2016,16,Travaris Cadet,RB,nor,h,tam,9.6,3100,2869,rotoguru
2016,16,Bilal Powell,RB,nyj,a,nwe,9.4,6000,2819,rotoguru
2016,16,Matt Asiata,RB,min,a,gnb,9.4,3100,2873,rotoguru
2016,16,Jeremy Langford,RB,chi,h,was,9.3,4000,5371,rotoguru
2016,16,Rashad Jennings,RB,nyg,a,phi,9.1,4400,2658,rotoguru
2016,16,Mike Gillislee,RB,buf,h,mia,9.1,4500,2894,rotoguru
2016,16,Paul Perkins,RB,nyg,a,phi,8.7,3200,5472,rotoguru
2016,16,Alex Collins,RB,sea,h,ari,8.7,3000,5450,rotoguru
2016,16,Terrance West,RB,bal,a,pit,8.5,4400,2929,rotoguru
2016,16,Frank Gore,RB,ind,a,oak,8.5,4800,2467,rotoguru
2016,16,Charles Sims,RB,tam,a,nor,8.2,3800,2931,rotoguru
2016,16,DeMarco Murray,RB,ten,a,jac,8,7000,2831,rotoguru
2016,16,Ty Montgomery,RB,gnb,h,min,8,5900,5392,rotoguru
2016,16,Ryan Mathews,RB,phi,h,nyg,7.2,4000,2754,rotoguru
2016,16,Justin Forsett,RB,den,a,kan,7.1,3600,2642,rotoguru
2016,16,Damien Williams,RB,mia,a,buf,7.1,3900,2957,rotoguru
2016,16,Latavius Murray,RB,oak,h,ind,7.1,6200,2899,rotoguru
2016,16,Duke Johnson,RB,cle,h,sdg,6.9,3500,2997,rotoguru
2016,16,Kenneth Dixon,RB,bal,a,pit,6.8,4200,5469,rotoguru
2016,16,Dion Lewis,RB,nwe,h,nyj,6.7,4100,2816,rotoguru
2016,16,Jonathan Stewart,RB,car,h,atl,6.2,5200,2612,rotoguru
2016,16,Derrick Henry,RB,ten,a,jac,5.5,4900,5445,rotoguru
2016,16,Akeem Hunt,RB,hou,h,cin,5.4,3000,5431,rotoguru
2016,16,Fozzy Whittaker,RB,car,h,atl,5.4,3000,2916,rotoguru
2016,16,Tim Hightower,RB,nor,h,tam,5,4000,2604,rotoguru
2016,16,Darren McFadden,RB,dal,h,det,4.9,3500,2603,rotoguru
2016,16,Charcandrick West,RB,kan,h,den,4.8,4100,2987,rotoguru
2016,16,Corey Grant,RB,jac,h,ten,4.2,3000,5405,rotoguru
2016,16,Dwayne Washington,RB,det,a,dal,3.6,3400,5483,rotoguru
2016,16,Jerome Felton,RB,buf,h,mia,3.5,3000,2624,rotoguru
2016,16,Derek Watt,RB,sdg,a,cle,2.6,3000,5504,rotoguru
2016,16,DuJuan Harris,RB,sfo,a,lar,2.4,3900,2802,rotoguru
2016,16,Bobby Rainey,RB,nyg,a,phi,2.3,3000,2863,rotoguru
2016,16,John Kuhn,RB,nor,h,tam,2,3000,2549,rotoguru
2016,16,Marcel Reece,RB,sea,h,ari,2,3000,2665,rotoguru
2016,16,Juwan Thompson,RB,den,a,kan,1.9,3000,2965,rotoguru
2016,16,Kerwynn Williams,RB,ari,a,sea,1.6,3000,2918,rotoguru
2016,16,Patrick DiMarco,RB,atl,a,car,1.6,3000,2805,rotoguru
2016,16,Christine Michael,RB,gnb,h,min,1.5,3500,2898,rotoguru
2016,16,Brandon Wilds,RB,nyj,a,nwe,1.4,3000,5522,rotoguru
2016,16,Khiry Robinson,RB,nyj,a,nwe,1.2,3000,2920,rotoguru
2016,16,James Develin,RB,nwe,h,nyj,1,3000,2825,rotoguru
2016,16,Jeremy Hill,RB,cin,a,hou,0.8,5300,2928,rotoguru
2016,16,Thomas Rawls,RB,sea,h,ari,0.8,5100,5402,rotoguru
2016,16,Ronnie Hillman,RB,sdg,a,cle,0.6,3400,2856,rotoguru
2016,16,T.J. Yeldon,RB,jac,h,ten,0.5,3800,2993,rotoguru
2016,16,Jay Prosch,RB,hou,h,cin,0.5,3000,2980,rotoguru
2016,16,Mike Tolbert,RB,car,h,atl,0.3,3000,2647,rotoguru
2016,16,Malcolm Brown,RB,lar,h,sfo,0.2,3000,5441,rotoguru
2016,16,Lance Dunbar,RB,dal,h,det,0,3000,2880,rotoguru
2016,16,Michael Burton,RB,det,a,dal,0,3000,5415,rotoguru
2016,16,Byron Marshall,RB,phi,h,nyg,0,3000,5524,rotoguru
2016,16,Josh Ferguson,RB,ind,a,oak,0,3000,5484,rotoguru
2016,16,Jordan Todman,RB,ind,a,oak,0,3000,2840,rotoguru
2016,16,Peyton Barber,RB,tam,a,nor,0,3000,5507,rotoguru
2016,16,Andre Ellington,RB,ari,a,sea,0,3500,2892,rotoguru
2016,16,Chase Reynolds,RB,lar,h,sfo,0,3000,2919,rotoguru
2016,16,Stepfan Taylor,RB,ari,a,sea,0,3000,2903,rotoguru
2016,16,Antonio Andrews,RB,ten,a,jac,0,3000,2940,rotoguru
2016,16,Anthony Sherman,RB,kan,h,den,0,3000,2822,rotoguru
2016,16,Brandon Bolden,RB,nwe,h,nyj,0,3000,2874,rotoguru
2016,16,Keith Smith,RB,dal,h,det,0,3000,5492,rotoguru
2016,16,Roosevelt Nix,RB,pit,h,bal,0,3000,5403,rotoguru
2016,16,Tyler Ervin,RB,hou,h,cin,0,3000,5470,rotoguru
2016,16,George Atkinson,RB,cle,h,sdg,0,3000,2949,rotoguru
2016,16,Taiwan Jones,RB,oak,h,ind,0,3000,2820,rotoguru
2016,16,Cedric Peerman,RB,cin,a,hou,0,3000,2692,rotoguru
2016,16,Jonathan Williams,RB,buf,h,mia,0,3000,5451,rotoguru
2016,16,Jalston Fowler,RB,ten,a,jac,0,3000,5413,rotoguru
2016,16,Jonathan Grimes,RB,hou,h,cin,0,3000,2881,rotoguru
2016,16,Aaron Ripkowski,RB,gnb,h,min,0,3000,5406,rotoguru
2016,16,Fitzgerald Toussaint,RB,pit,h,bal,0,4300,2990,rotoguru
2016,16,Jamize Olawale,RB,oak,h,ind,0,3000,2913,rotoguru
2016,16,Reggie Bush,RB,buf,h,mia,-0.8,3000,2495,rotoguru
2016,16,Adam Thielen,WR,min,a,gnb,47.6,4600,5333,rotoguru
2016,16,Doug Baldwin,WR,sea,h,ari,39.7,6000,5136,rotoguru
2016,16,Jordy Nelson,WR,gnb,h,min,39.4,7000,3751,rotoguru
2016,16,Cameron Meredith,WR,chi,h,was,31.5,4700,5417,rotoguru
2016,16,Sammy Watkins,WR,buf,h,mia,31.4,5000,5252,rotoguru
2016,16,Odell Beckham Jr.,WR,nyg,a,phi,29,8600,5323,rotoguru
2016,16,Brandon LaFell,WR,cin,a,hou,28,4800,3946,rotoguru
2016,16,Dez Bryant,WR,dal,h,det,27.4,6500,3891,rotoguru
2016,16,Allen Robinson,WR,jac,h,ten,26.7,4600,5258,rotoguru
2016,16,Antonio Brown,WR,pit,h,bal,25.6,8200,3474,rotoguru
2016,16,J.J. Nelson,WR,ari,a,sea,25.2,4400,5409,rotoguru
2016,16,Steve Smith,WR,bal,a,pit,22.9,5100,3328,rotoguru
2016,16,Mike Evans,WR,tam,a,nor,22.7,8500,5253,rotoguru
2016,16,T.Y. Hilton,WR,ind,a,oak,19.5,7800,5151,rotoguru
2016,16,DeSean Jackson,WR,was,a,chi,19.4,5500,3770,rotoguru
2016,16,Sterling Shepard,WR,nyg,a,phi,19.3,4600,5456,rotoguru
2016,16,DeVante Parker,WR,mia,a,buf,18.5,4200,5380,rotoguru
2016,16,Rod Streater,WR,sfo,a,lar,18.3,3000,5169,rotoguru
2016,16,Marqise Lee,WR,jac,h,ten,17.5,4300,5256,rotoguru
2016,16,Tyrell Williams,WR,sdg,a,cle,16.4,5800,5432,rotoguru
2016,16,Victor Cruz,WR,nyg,a,phi,16.4,3300,3900,rotoguru
2016,16,Kelvin Benjamin,WR,car,h,atl,16.3,5500,5257,rotoguru
2016,16,Michael Crabtree,WR,oak,h,ind,16,6100,3872,rotoguru
2016,16,Michael Thomas,WR,nor,h,tam,15.8,6000,5459,rotoguru
2016,16,Tyreek Hill,WR,kan,h,den,15.5,5900,5485,rotoguru
2016,16,Brandin Cooks,WR,nor,h,tam,14.8,6800,5255,rotoguru
2016,16,Davante Adams,WR,gnb,h,min,14.4,5400,5263,rotoguru
2016,16,Alshon Jeffery,WR,chi,h,was,14.2,6300,5153,rotoguru
2016,16,Paul Richardson,WR,sea,h,ari,14.2,3000,5260,rotoguru
2016,16,Julian Edelman,WR,nwe,h,nyj,13.9,6900,3826,rotoguru
2016,16,Jermaine Kearse,WR,sea,h,ari,13.7,3000,5186,rotoguru
2016,16,Pierre Garcon,WR,was,a,chi,13.4,4900,3754,rotoguru
2016,16,Nelson Agholor,WR,phi,h,nyg,13.2,3000,5378,rotoguru
2016,16,Eli Rogers,WR,pit,h,bal,13,3800,5478,rotoguru
2016,16,Stefon Diggs,WR,min,a,gnb,12.9,5900,5424,rotoguru
2016,16,Kenny Stills,WR,mia,a,buf,12.5,3900,5212,rotoguru
2016,16,Deonte Thompson,WR,chi,h,was,12.4,3500,5160,rotoguru
2016,16,Andre Holmes,WR,oak,h,ind,12.3,3000,5177,rotoguru
2016,16,Rishard Matthews,WR,ten,a,jac,12.1,4900,5182,rotoguru
2016,16,Tavon Austin,WR,lar,h,sfo,12,4000,5199,rotoguru
2016,16,Cody Core,WR,cin,a,hou,11.9,3000,5518,rotoguru
2016,16,Golden Tate,WR,det,a,dal,11.8,6600,3995,rotoguru
2016,16,Amari Cooper,WR,oak,h,ind,11.2,6500,5376,rotoguru
2016,16,Jeremy Kerley,WR,sfo,a,lar,11.2,3500,5111,rotoguru
2016,16,Donte Moncrief,WR,ind,a,oak,11,5400,5344,rotoguru
2016,16,Geronimo Allison,WR,gnb,h,min,10.6,3000,5511,rotoguru
2016,16,Travis Benjamin,WR,sdg,a,cle,10.5,4800,5173,rotoguru
2016,16,Terrance Williams,WR,dal,h,det,10.1,3200,5216,rotoguru
2016,16,Julio Jones,WR,atl,a,car,10,8100,5089,rotoguru
2016,16,Harry Douglas,WR,ten,a,jac,9.8,3000,3731,rotoguru
2016,16,Bryan Walters,WR,jac,h,ten,9.5,3000,5070,rotoguru
2016,16,Brice Butler,WR,dal,h,det,9.1,3000,5219,rotoguru
2016,16,Russell Shepard,WR,tam,a,nor,9.1,3400,5223,rotoguru
2016,16,Mohamed Sanu,WR,atl,a,car,8.6,5100,5159,rotoguru
2016,16,Anquan Boldin,WR,det,a,dal,8.3,4100,3423,rotoguru
2016,16,Tajae Sharpe,WR,ten,a,jac,7.8,3200,5461,rotoguru
2016,16,Dontrelle Inman,WR,sdg,a,cle,7.4,6000,5097,rotoguru
2016,16,DeAndre Hopkins,WR,hou,h,cin,7.3,5200,5206,rotoguru
2016,16,Robert Woods,WR,buf,h,mia,7.3,3400,5217,rotoguru
2016,16,Larry Fitzgerald,WR,ari,a,sea,7.1,6100,3501,rotoguru
2016,16,Will Fuller,WR,hou,h,cin,6.9,3900,5454,rotoguru
2016,16,Terrelle Pryor,WR,cle,h,sdg,6.6,4900,1407,rotoguru
2016,16,Cole Beasley,WR,dal,h,det,6.5,4900,5163,rotoguru
2016,16,Breshad Perriman,WR,bal,a,pit,6.2,3000,5379,rotoguru
2016,16,Mike Wallace,WR,bal,a,pit,6.1,4800,3809,rotoguru
2016,16,Ted Ginn Jr.,WR,car,h,atl,5.9,4500,3670,rotoguru
2016,16,Jarvis Landry,WR,mia,a,buf,5.9,5500,5335,rotoguru
2016,16,Malcolm Mitchell,WR,nwe,h,nyj,5.9,5200,5488,rotoguru
2016,16,Tyler Lockett,WR,sea,h,ari,5.8,4800,5386,rotoguru
2016,16,Quincy Enunwa,WR,nyj,a,nwe,5.2,4000,5420,rotoguru
2016,16,Demaryius Thomas,WR,den,a,kan,5,6400,3997,rotoguru
2016,16,Brandon Marshall,WR,nyj,a,nwe,4.8,5300,3627,rotoguru
2016,16,Taylor Gabriel,WR,atl,a,car,4.5,6200,5361,rotoguru
2016,16,Tyler Boyd,WR,cin,a,hou,4.5,4100,5455,rotoguru
2016,16,Josh Huff,WR,tam,a,nor,4.4,3000,5261,rotoguru
2016,16,Kendall Wright,WR,ten,a,jac,4.1,3100,5162,rotoguru
2016,16,Willie Snead,WR,nor,h,tam,4.1,5500,5287,rotoguru
2016,16,Jeremy Maclin,WR,kan,h,den,3.9,4400,3830,rotoguru
2016,16,Charone Peake,WR,nyj,a,nwe,3.7,3000,5506,rotoguru
2016,16,Emmanuel Sanders,WR,den,a,kan,3.6,6000,3983,rotoguru
2016,16,Jordan Taylor,WR,den,a,kan,3.6,3000,5501,rotoguru
2016,16,Corey Coleman,WR,cle,h,sdg,3.5,3900,5452,rotoguru
2016,16,Aaron Burbridge,WR,sfo,a,lar,3.5,3000,5497,rotoguru
2016,16,Chris Conley,WR,kan,h,den,3.4,3000,5385,rotoguru
2016,16,Cordarrelle Patterson,WR,min,a,gnb,3.3,3900,5208,rotoguru
2016,16,Chris Hogan,WR,nwe,h,nyj,3.2,4200,5167,rotoguru
2016,16,Brittan Golden,WR,ari,a,sea,3.2,3000,5239,rotoguru
2016,16,Jordan Matthews,WR,phi,h,nyg,3.2,5100,5254,rotoguru
2016,16,Andrew Hawkins,WR,cle,h,sdg,3.1,3000,5140,rotoguru
2016,16,Devin Smith,WR,nyj,a,nwe,3,3000,5421,rotoguru
2016,16,Keith Mumphery,WR,hou,h,cin,2.7,3000,5407,rotoguru
2016,16,Jordan Norwood,WR,den,a,kan,2.7,3000,3828,rotoguru
2016,16,Marquise Goodwin,WR,buf,h,mia,2.6,3100,5205,rotoguru
2016,16,Marvin Jones,WR,det,a,dal,2.6,4200,5168,rotoguru
2016,16,Charles Johnson,WR,min,a,gnb,2.6,3400,3103,rotoguru
2016,16,Kenny Britt,WR,lar,h,sfo,2.5,5700,3824,rotoguru
2016,16,Aldrick Robinson,WR,atl,a,car,2.5,4100,5134,rotoguru
2016,16,Andre Roberts,WR,det,a,dal,2.4,3000,3978,rotoguru
2016,16,Michael Campanaro,WR,bal,a,pit,2.3,3000,5277,rotoguru
2016,16,Corey Brown,WR,car,h,atl,2.2,3000,5362,rotoguru
2016,16,John Brown,WR,ari,a,sea,2.2,3900,5264,rotoguru
2016,16,Adam Humphries,WR,tam,a,nor,2.2,3700,5412,rotoguru
2016,16,Josh Bellamy,WR,chi,h,was,2.1,3200,5191,rotoguru
2016,16,Demarcus Ayers,WR,pit,h,bal,1.9,3000,5528,rotoguru
2016,16,Devin Funchess,WR,car,h,atl,1.9,3400,5381,rotoguru
2016,16,James Wright,WR,cin,a,hou,1.8,3000,5290,rotoguru
2016,16,Phillip Dorsett,WR,ind,a,oak,1.8,3900,5384,rotoguru
2016,16,Jeff Janis,WR,gnb,h,min,1.8,3000,5351,rotoguru
2016,16,Dorial Green-Beckham,WR,phi,h,nyg,1.7,3500,5382,rotoguru
2016,16,Michael Floyd,WR,nwe,h,nyj,1.6,3600,5148,rotoguru
2016,16,Cobi Hamilton,WR,pit,h,bal,1.6,3000,5288,rotoguru
2016,16,Bennie Fowler,WR,den,a,kan,1.5,3000,5353,rotoguru
2016,16,Alex Erickson,WR,cin,a,hou,1.5,3000,5480,rotoguru
2016,16,Albert Wilson,WR,kan,h,den,1.3,3000,5339,rotoguru
2016,16,Jamison Crowder,WR,was,a,chi,1.3,5600,5410,rotoguru
2016,16,Chris Harper,WR,sfo,a,lar,1.1,3000,5222,rotoguru
2016,16,Marc Mariani,WR,ten,a,jac,0,3000,3949,rotoguru
2016,16,Brian Quick,WR,lar,h,sfo,0,3300,5157,rotoguru
2016,16,Seth Roberts,WR,oak,h,ind,0,3000,5408,rotoguru
2016,16,Freddie Martino,WR,tam,a,nor,0,3000,5366,rotoguru
2016,16,Robby Anderson,WR,nyj,a,nwe,0,4800,5502,rotoguru
2016,16,Darrius Heyward-Bey,WR,pit,h,bal,0,3000,3848,rotoguru
2016,16,Chris Moore,WR,bal,a,pit,0,3000,5479,rotoguru
2016,16,Roger Lewis,WR,nyg,a,phi,0,3000,5508,rotoguru
2016,16,Jeremy Ross,WR,ari,a,sea,0,3000,5194,rotoguru
2016,16,Eric Weems,WR,atl,a,car,0,3000,3732,rotoguru
2016,16,Ricardo Louis,WR,cle,h,sdg,0,3000,5481,rotoguru
2016,16,Pharoh Cooper,WR,lar,h,sfo,0,3000,5462,rotoguru
2016,16,Geremy Davis,WR,sdg,a,cle,0,3000,5399,rotoguru
2016,16,Vince Mayle,WR,dal,h,det,0,3000,5411,rotoguru
2016,16,De'Anthony Thomas,WR,kan,h,den,0,3000,2958,rotoguru
2016,16,Demarcus Robinson,WR,kan,h,den,0,3000,5515,rotoguru
2016,16,Wendall Williams,WR,hou,h,cin,0,3000,5525,rotoguru
2016,16,Chester Rogers,WR,ind,a,oak,0,3000,5500,rotoguru
2016,16,Lucky Whitehead,WR,dal,h,det,0,3000,5400,rotoguru
2016,16,Rashard Higgins,WR,cle,h,sdg,0,3000,5475,rotoguru
2016,16,Brandon Tate,WR,buf,h,mia,0,3000,3860,rotoguru
2016,16,Kamar Aiken,WR,bal,a,pit,0,3000,5275,rotoguru
2016,16,Cody Latimer,WR,den,a,kan,0,3000,5268,rotoguru
2016,16,Mario Alford,WR,cle,h,sdg,0,3000,5435,rotoguru
2016,16,Maurice Harris,WR,was,a,chi,0,3000,5512,rotoguru
2016,16,Isaiah Burse,WR,sdg,a,cle,0,3000,5363,rotoguru
2016,16,Tommylee Lewis,WR,nor,h,tam,0,3000,5496,rotoguru
2016,16,Brandon Coleman,WR,nor,h,tam,0,3000,5326,rotoguru
2016,16,Bryce Treggs,WR,phi,h,nyg,0,3000,5513,rotoguru
2016,16,Johnny Holton,WR,oak,h,ind,0,3000,5491,rotoguru
2016,16,Justin Hunter,WR,buf,h,mia,0,3000,5207,rotoguru
2016,16,Jakeem Grant,WR,mia,a,buf,0,3000,5486,rotoguru
2016,16,Justin Hardy,WR,atl,a,car,0,3100,5387,rotoguru
2016,16,Shane Wynn,WR,jac,h,ten,0,3000,5467,rotoguru
2016,16,Dwayne Harris,WR,nyg,a,phi,0,3000,5130,rotoguru
2016,16,Tanner McEvoy,WR,sea,h,ari,0,3000,5505,rotoguru
2016,16,Kalif Raymond,WR,den,a,kan,-1,3000,5520,rotoguru
2016,16,Travis Kelce,TE,kan,h,den,36,5000,4582,rotoguru
2016,16,Charles Clay,TE,buf,h,mia,28.5,3200,4543,rotoguru
2016,16,Antonio Gates,TE,sdg,a,cle,23.4,4400,4270,rotoguru
2016,16,Eric Ebron,TE,det,a,dal,17.3,3600,4601,rotoguru
2016,16,Demetrius Harris,TE,kan,h,den,15.7,2500,4642,rotoguru
2016,16,Dennis Pitta,TE,bal,a,pit,15.5,3000,4516,rotoguru
2016,16,Jimmy Graham,TE,sea,h,ari,12.3,4500,4492,rotoguru
2016,16,Greg Olsen,TE,car,h,atl,11.9,5200,4368,rotoguru
2016,16,Joshua Perkins,TE,atl,a,car,11.4,2500,4693,rotoguru
2016,16,Kyle Rudolph,TE,min,a,gnb,11.3,4900,4537,rotoguru
2016,16,Delanie Walker,TE,ten,a,jac,11.3,4300,4360,rotoguru
2016,16,Jason Witten,TE,dal,h,det,11.3,3400,4262,rotoguru
2016,16,Richard Rodgers,TE,gnb,h,min,10,2500,4629,rotoguru
2016,16,Clive Walford,TE,oak,h,ind,10,2500,4651,rotoguru
2016,16,Martellus Bennett,TE,nwe,h,nyj,9.9,4100,4407,rotoguru
2016,16,Jack Doyle,TE,ind,a,oak,9.6,2800,4594,rotoguru
2016,16,Gary Barnidge,TE,cle,h,sdg,9.2,2800,4401,rotoguru
2016,16,Xavier Grimble,TE,pit,h,bal,9,2500,4604,rotoguru
2016,16,Jesse James,TE,pit,h,bal,8.9,2500,4653,rotoguru
2016,16,Matt Lengel,TE,nwe,h,nyj,8.8,2500,4696,rotoguru
2016,16,Tyler Higbee,TE,lar,h,sfo,8.5,2500,4680,rotoguru
2016,16,Cameron Brate,TE,tam,a,nor,8.2,3900,4648,rotoguru
2016,16,C.J. Fiedorowicz,TE,hou,h,cin,8.2,3700,4640,rotoguru
2016,16,Garrett Celek,TE,sfo,a,lar,7.9,2900,4564,rotoguru
2016,16,C.J. Uzomah,TE,cin,a,hou,7.8,2500,4656,rotoguru
2016,16,Will Tye,TE,nyg,a,phi,7.3,2800,4670,rotoguru
2016,16,Jared Cook,TE,gnb,h,min,6.7,3000,4437,rotoguru
2016,16,Lance Kendricks,TE,lar,h,sfo,6.6,2900,4538,rotoguru
2016,16,Jeff Heuerman,TE,den,a,kan,6.2,2500,4676,rotoguru
2016,16,Dwayne Allen,TE,ind,a,oak,6.1,2600,4551,rotoguru
2016,16,Jermaine Gresham,TE,ari,a,sea,6,2500,4493,rotoguru
2016,16,Brent Celek,TE,phi,h,nyg,5.7,2500,4363,rotoguru
2016,16,Erik Swoope,TE,ind,a,oak,5.5,2700,4626,rotoguru
2016,16,Zach Ertz,TE,phi,h,nyg,5.3,5300,4569,rotoguru
2016,16,Coby Fleener,TE,nor,h,tam,5,3100,4552,rotoguru
2016,16,Brandon Myers,TE,tam,a,nor,4.1,2500,4457,rotoguru
2016,16,Daniel Brown,TE,chi,h,was,3.9,2500,5436,rotoguru
2016,16,Ben Braunecker,TE,chi,h,was,3.9,2500,4691,rotoguru
2016,16,John Phillips,TE,nor,h,tam,3.5,2500,4433,rotoguru
2016,16,Ben Koyack,TE,jac,h,ten,3.2,2500,4689,rotoguru
2016,16,Seth DeValve,TE,cle,h,sdg,3.1,2500,4690,rotoguru
2016,16,Dion Sims,TE,mia,a,buf,3,2600,4576,rotoguru
2016,16,Marqueis Gray,TE,mia,a,buf,3,2500,4595,rotoguru
2016,16,Austin Seferian-Jenkins,TE,nyj,a,nwe,2.7,2500,4602,rotoguru
2016,16,Danny Vitale,TE,cle,h,sdg,2.5,2500,5517,rotoguru
2016,16,Vernon Davis,TE,was,a,chi,2.3,3000,4323,rotoguru
2016,16,Henry Krieger-Coble,TE,den,a,kan,2.3,0,4698,rotoguru
2016,16,Anthony Fasano,TE,ten,a,jac,2.2,2500,4327,rotoguru
2016,16,Darren Waller,TE,bal,a,pit,2.1,2500,5419,rotoguru
2016,16,Chris Manhertz,TE,car,h,atl,2,2500,4697,rotoguru
2016,16,Levine Toilolo,TE,atl,a,car,2,2500,4577,rotoguru
2016,16,Jerell Adams,TE,nyg,a,phi,1.9,2500,4686,rotoguru
2016,16,Matthew Mulligan,TE,det,a,dal,1.8,2500,4431,rotoguru
2016,16,Ryan Hewitt,TE,cin,a,hou,1.8,2500,2978,rotoguru
2016,16,Alan Cross,TE,tam,a,nor,1.5,2500,4682,rotoguru
2016,16,Nick Boyle,TE,bal,a,pit,1.5,2500,4660,rotoguru
2016,16,David Morgan,TE,min,a,gnb,1.4,2500,4694,rotoguru
2016,16,Trey Burton,TE,phi,h,nyg,1.3,2500,4618,rotoguru
2016,16,Larry Donnell,TE,nyg,a,phi,0,2500,4585,rotoguru
2016,16,Clark Harris,TE,cin,a,hou,0,2500,4391,rotoguru
2016,16,Logan Paulsen,TE,chi,h,was,0,2500,4513,rotoguru
2016,16,Sean McGrath,TE,sdg,a,cle,0,2500,4588,rotoguru
2016,16,Rhett Ellison,TE,min,a,gnb,0,2500,4554,rotoguru
2016,16,Darren Fells,TE,ari,a,sea,0,2500,4609,rotoguru
2016,16,Hakeem Valles,TE,ari,a,sea,0,2500,4687,rotoguru
2016,16,James O'Shaughnessy,TE,kan,h,den,0,2500,4664,rotoguru
2016,16,Phillip Supernaw,TE,ten,a,jac,0,2500,4637,rotoguru
2016,16,Hunter Henry,TE,sdg,a,cle,0,3500,4675,rotoguru
2016,16,Nick O'Leary,TE,buf,h,mia,0,2500,4661,rotoguru
2016,16,Derek Carrier,TE,was,a,chi,0,2500,4599,rotoguru
2016,16,Gavin Escobar,TE,dal,h,det,0,2500,4570,rotoguru
2016,16,Je'Ron Hamm,TE,sfo,a,lar,0,2500,4695,rotoguru
2016,16,Mychal Rivera,TE,oak,h,ind,0,2500,4574,rotoguru
2016,16,Luke Willson,TE,sea,h,ari,0,2500,4578,rotoguru
2016,16,Ryan Griffin,TE,hou,h,cin,0,3300,4592,rotoguru
2016,16,Ed Dickson,TE,car,h,atl,0,2500,4482,rotoguru
2016,16,Randall Telfer,TE,cle,h,sdg,0,2500,4685,rotoguru
2016,16,Brandon Bostick,TE,nyj,a,nwe,0,2500,4593,rotoguru
2016,16,MyCole Pruitt,TE,chi,h,was,0,2500,4669,rotoguru
2016,16,Stephen Anderson,TE,hou,h,cin,0,2500,4679,rotoguru
2016,16,Luke Stocker,TE,tam,a,nor,0,2500,4532,rotoguru
2016,16,Brandon Williams,TE,sea,h,ari,0,2500,4590,rotoguru
2016,16,David Johnson,TE,pit,h,bal,0,2500,4450,rotoguru
2016,16,Clay Harbor,TE,det,a,dal,0,2500,4495,rotoguru
2016,16,New England Defense,Def,nwe,h,nyj,17,3600,7018,rotoguru
2016,16,Philadelphia Defense,Def,phi,h,nyg,13,2800,7023,rotoguru
2016,16,Washington Defense,Def,was,a,chi,13,3200,7031,rotoguru
2016,16,Jacksonville Defense,Def,jac,h,ten,12,2900,7014,rotoguru
2016,16,Cincinnati Defense,Def,cin,a,hou,10,3200,7007,rotoguru
2016,16,Kansas City Defense,Def,kan,h,den,10,3500,7015,rotoguru
2016,16,San Diego Defense,Def,sdg,a,cle,10,3400,7026,rotoguru
2016,16,Houston Defense,Def,hou,h,cin,9,3100,7032,rotoguru
2016,16,Arizona Defense,Def,ari,a,sea,9,2600,7001,rotoguru
2016,16,Dallas Defense,Def,dal,h,det,8,2800,7009,rotoguru
2016,16,San Francisco Defense,Def,sfo,a,lar,8,2800,7027,rotoguru
2016,16,Green Bay Defense,Def,gnb,h,min,8,3300,7012,rotoguru
2016,16,Los Angeles Defense,Def,lar,h,sfo,8,3500,7025,rotoguru
2016,16,Atlanta Defense,Def,atl,a,car,7,2700,7002,rotoguru
2016,16,Oakland Defense,Def,oak,h,ind,6,2800,7022,rotoguru
2016,16,New Orleans Defense,Def,nor,h,tam,6,2400,7019,rotoguru
2016,16,Carolina Defense,Def,car,h,atl,5,2500,7005,rotoguru
2016,16,Cleveland Defense,Def,cle,h,sdg,5,2200,7008,rotoguru
2016,16,Pittsburgh Defense,Def,pit,h,bal,4,3000,7024,rotoguru
2016,16,New York G Defense,Def,nyg,a,phi,3,3300,7020,rotoguru
2016,16,Baltimore Defense,Def,bal,a,pit,3,2900,7003,rotoguru
2016,16,Tennessee Defense,Def,ten,a,jac,3,3400,7030,rotoguru
2016,16,Seattle Defense,Def,sea,h,ari,2,3700,7028,rotoguru
2016,16,Indianapolis Defense,Def,ind,a,oak,2,2500,7013,rotoguru
2016,16,Denver Defense,Def,den,a,kan,1,3300,7010,rotoguru
2016,16,Buffalo Defense,Def,buf,h,mia,1,3100,7004,rotoguru
2016,16,Tampa Bay Defense,Def,tam,a,nor,1,2600,7029,rotoguru
2016,16,Miami Defense,Def,mia,a,buf,1,3000,7016,rotoguru
2016,16,Minnesota Defense,Def,min,a,gnb,0,2900,7017,rotoguru
2016,16,New York J Defense,Def,nyj,a,nwe,-3,2300,7021,rotoguru
2016,16,Detroit Defense,Def,det,a,dal,-3,2700,7011,rotoguru
2016,16,Chicago Defense,Def,chi,h,was,-4,2300,7006,rotoguru
2016,17,Aaron Rodgers,QB,gnb,a,det,37.2,7700,1252,rotoguru
2016,17,Matt Ryan,QB,atl,h,nor,32.44,7400,1301,rotoguru
2016,17,Alex Smith,QB,kan,a,sdg,25.66,5000,1254,rotoguru
2016,17,Tom Brady,QB,nwe,a,mia,25.64,7200,1131,rotoguru
2016,17,Drew Brees,QB,nor,a,atl,24,7600,1151,rotoguru
2016,17,Matthew Stafford,QB,det,h,gnb,23.88,6000,1340,rotoguru
2016,17,Andrew Luck,QB,ind,h,jac,23.54,6700,1409,rotoguru
2016,17,Sam Bradford,QB,min,h,chi,23.4,5200,1344,rotoguru
2016,17,Landry Jones,QB,pit,h,cle,22.08,5000,1430,rotoguru
2016,17,Carson Palmer,QB,ari,a,lar,21.2,5700,1207,rotoguru
2016,17,Brock Osweiler,QB,hou,a,ten,20.22,5000,1414,rotoguru
2016,17,Blake Bortles,QB,jac,a,ind,19.14,5600,1442,rotoguru
2016,17,Carson Wentz,QB,phi,h,dal,19.1,5200,1514,rotoguru
2016,17,Robert Griffin III,QB,cle,a,pit,18.48,5000,1408,rotoguru
2016,17,Philip Rivers,QB,sdg,h,kan,16.86,6300,1231,rotoguru
2016,17,Ryan Fitzpatrick,QB,nyj,h,buf,16.4,5000,1242,rotoguru
2016,17,Matt Moore,QB,mia,h,nwe,15.2,5100,1298,rotoguru
2016,17,Trevor Siemian,QB,den,h,oak,14.74,5300,1488,rotoguru
2016,17,Russell Wilson,QB,sea,a,sfo,14.72,6800,1412,rotoguru
2016,17,Kirk Cousins,QB,was,h,nyg,13.48,6500,1415,rotoguru
2016,17,Andy Dalton,QB,cin,h,bal,13.44,5100,1403,rotoguru
2016,17,Colin Kaepernick,QB,sfo,h,sea,13.2,5100,1404,rotoguru
2016,17,Jameis Winston,QB,tam,h,car,11.88,6100,1465,rotoguru
2016,17,Cam Newton,QB,car,a,tam,11.08,6200,1378,rotoguru
2016,17,Joe Flacco,QB,bal,a,cin,9.68,5500,1302,rotoguru
2016,17,Matt Cassel,QB,ten,h,hou,9.2,5000,1241,rotoguru
2016,17,Matt Barkley,QB,chi,a,min,9.2,5100,1417,rotoguru
2016,17,Connor Cook,QB,oak,a,den,8,5000,1498,rotoguru
2016,17,Eli Manning,QB,nyg,a,was,7.2,5900,1225,rotoguru
2016,17,Tony Romo,QB,dal,a,phi,5.16,5300,1233,rotoguru
2016,17,Jared Goff,QB,lar,h,ari,4.8,5000,1490,rotoguru
2016,17,E.J. Manuel,QB,buf,a,nyj,3.24,5000,1421,rotoguru
2016,17,Cardale Jones,QB,buf,a,nyj,2.74,5000,1505,rotoguru
2016,17,Trevone Boykin,QB,sea,a,sfo,2.38,5000,1493,rotoguru
2016,17,Dak Prescott,QB,dal,a,phi,2.38,5800,1501,rotoguru
2016,17,Mark Sanchez,QB,dal,a,phi,1.4,5000,1339,rotoguru
2016,17,David Fales,QB,chi,a,min,0.88,5000,1476,rotoguru
2016,17,Matt McGloin,QB,oak,a,den,0.84,5000,1437,rotoguru
2016,17,Tom Savage,QB,hou,a,ten,0.1,5400,1443,rotoguru
2016,17,Joe Webb,QB,car,a,tam,0,5000,5071,rotoguru
2016,17,Nick Foles,QB,kan,a,sdg,0,5000,1413,rotoguru
2016,17,Kellen Clemens,QB,sdg,h,kan,0,5000,1262,rotoguru
2016,17,Jimmy Garoppolo,QB,nwe,a,mia,0,5000,1452,rotoguru
2016,17,Shaun Hill,QB,min,h,chi,-0.3,5000,1213,rotoguru
2016,17,Sean Mannion,QB,lar,h,ari,-0.34,5000,1484,rotoguru
2016,17,Ryan Mallett,QB,bal,a,cin,-0.52,5000,1401,rotoguru
2016,17,Drew Stanton,QB,ari,a,lar,-0.68,5000,1290,rotoguru
2016,17,Rex Burkhead,RB,cin,h,bal,31.4,3500,2890,rotoguru
2016,17,Devonta Freeman,RB,atl,h,nor,28.7,7000,2930,rotoguru
2016,17,Charcandrick West,RB,kan,a,sdg,28.6,4100,2987,rotoguru
2016,17,Mark Ingram,RB,nor,a,atl,28.2,5600,2793,rotoguru
2016,17,Shaun Draughn,RB,sfo,h,sea,26.9,3200,2875,rotoguru
2016,17,Jerick McKinnon,RB,min,h,chi,26,4000,2935,rotoguru
2016,17,Bilal Powell,RB,nyj,h,buf,25.7,6500,2819,rotoguru
2016,17,Devontae Booker,RB,den,h,oak,24.9,3500,5468,rotoguru
2016,17,Corey Grant,RB,jac,a,ind,24.7,3000,5405,rotoguru
2016,17,DeAngelo Williams,RB,pit,h,cle,24.4,5500,2500,rotoguru
2016,17,Isaiah Crowell,RB,cle,a,pit,21.8,4400,2969,rotoguru
2016,17,Zach Zenner,RB,det,h,gnb,21,3200,5397,rotoguru
2016,17,Jordan Howard,RB,chi,a,min,16.5,6800,5447,rotoguru
2016,17,Aaron Ripkowski,RB,gnb,a,det,15.6,3000,5406,rotoguru
2016,17,Kenneth Dixon,RB,bal,a,cin,15.3,4200,5469,rotoguru
2016,17,Tevin Coleman,RB,atl,h,nor,14.9,5100,2994,rotoguru
2016,17,Jonathan Stewart,RB,car,a,tam,14.2,5100,2612,rotoguru
2016,17,Derrick Henry,RB,ten,h,hou,13.8,4900,5445,rotoguru
2016,17,Paul Perkins,RB,nyg,a,was,13.2,3400,5472,rotoguru
2016,17,Rashad Jennings,RB,nyg,a,was,12.7,4200,2658,rotoguru
2016,17,Ronnie Hillman,RB,sdg,h,kan,12.1,3700,2856,rotoguru
2016,17,Kerwynn Williams,RB,ari,a,lar,12,3000,2918,rotoguru
2016,17,Mike Gillislee,RB,buf,a,nyj,12,4500,2894,rotoguru
2016,17,Todd Gurley,RB,lar,h,ari,11.7,5300,2992,rotoguru
2016,17,Robert Turbin,RB,ind,h,jac,11.3,3600,2867,rotoguru
2016,17,LeGarrette Blount,RB,nwe,a,mia,11.1,5700,2721,rotoguru
2016,17,Jay Ajayi,RB,mia,h,nwe,10.9,5900,2998,rotoguru
2016,17,Travaris Cadet,RB,nor,a,atl,10.8,3000,2869,rotoguru
2016,17,Terrell Watson,RB,phi,h,dal,10.3,0,5374,rotoguru
2016,17,Chris Thompson,RB,was,h,nyg,10.2,3700,2915,rotoguru
2016,17,Frank Gore,RB,ind,h,jac,9.6,4700,2467,rotoguru
2016,17,George Atkinson,RB,cle,a,pit,9.4,3000,2949,rotoguru
2016,17,Ty Montgomery,RB,gnb,a,det,9.1,5700,5392,rotoguru
2016,17,Justin Forsett,RB,den,h,oak,9,3800,2642,rotoguru
2016,17,Jacquizz Rodgers,RB,tam,h,car,8.9,4900,2818,rotoguru
2016,17,Jonathan Grimes,RB,hou,a,ten,8.9,3000,2881,rotoguru
2016,17,Tim Hightower,RB,nor,a,atl,8.9,4000,2604,rotoguru
2016,17,Jeremy Langford,RB,chi,a,min,8.7,4000,5371,rotoguru
2016,17,Andre Williams,RB,sdg,h,kan,8.7,0,2934,rotoguru
2016,17,DeAndre Washington,RB,oak,a,den,7.7,3800,5449,rotoguru
2016,17,Terrance West,RB,bal,a,cin,7.5,4400,2929,rotoguru
2016,17,Matt Asiata,RB,min,h,chi,7.5,3100,2873,rotoguru
2016,17,David Johnson,RB,ari,a,lar,7.4,9800,5395,rotoguru
2016,17,Thomas Rawls,RB,sea,a,sfo,7.4,5800,5402,rotoguru
2016,17,Dion Lewis,RB,nwe,a,mia,7.2,4000,2816,rotoguru
2016,17,James White,RB,nwe,a,mia,7,3800,2954,rotoguru
2016,17,Alfred Blue,RB,hou,a,ten,7,4300,2960,rotoguru
2016,17,Lance Dunbar,RB,dal,a,phi,6.9,3000,2880,rotoguru
2016,17,Alex Collins,RB,sea,a,sfo,6.9,4600,5450,rotoguru
2016,17,Darren McFadden,RB,dal,a,phi,6.7,4300,2603,rotoguru
2016,17,Darren Sproles,RB,phi,h,dal,6.6,4000,2484,rotoguru
2016,17,Fitzgerald Toussaint,RB,pit,h,cle,5.8,4300,2990,rotoguru
2016,17,Byron Marshall,RB,phi,h,dal,5.6,3000,5524,rotoguru
2016,17,Brandon Wilds,RB,nyj,h,buf,4.9,3000,5522,rotoguru
2016,17,Damien Williams,RB,mia,h,nwe,4.8,3900,2957,rotoguru
2016,17,Andre Ellington,RB,ari,a,lar,4.6,3500,2892,rotoguru
2016,17,Marcel Reece,RB,sea,a,sfo,4.5,3000,2665,rotoguru
2016,17,Latavius Murray,RB,oak,a,den,3.5,5200,2899,rotoguru
2016,17,Rob Kelley,RB,was,h,nyg,3.3,4400,5493,rotoguru
2016,17,DeMarco Murray,RB,ten,h,hou,2.9,6300,2831,rotoguru
2016,17,Christine Michael,RB,gnb,a,det,2.6,3500,2898,rotoguru
2016,17,LeSean McCoy,RB,buf,a,nyj,2.6,8900,2707,rotoguru
2016,17,Roosevelt Nix,RB,pit,h,cle,2.5,3000,5403,rotoguru
2016,17,Alfred Morris,RB,dal,a,phi,2.5,3800,2871,rotoguru
2016,17,Mike Tolbert,RB,car,a,tam,2.4,3000,2647,rotoguru
2016,17,Kyle Juszczyk,RB,bal,a,cin,2.1,3000,2908,rotoguru
2016,17,Jamize Olawale,RB,oak,a,den,2,3000,2913,rotoguru
2016,17,Peyton Barber,RB,tam,h,car,1.9,3000,5507,rotoguru
2016,17,Denard Robinson,RB,jac,a,ind,1.7,3000,2901,rotoguru
2016,17,Bralon Addison,RB,chi,a,min,1.5,3000,5527,rotoguru
2016,17,Cedric Peerman,RB,cin,h,bal,1.5,3000,2692,rotoguru
2016,17,Chase Reynolds,RB,lar,h,ari,1.4,3000,2919,rotoguru
2016,17,Bobby Rainey,RB,nyg,a,was,1.3,3000,2863,rotoguru
2016,17,Anthony Sherman,RB,kan,a,sdg,1.2,3000,2822,rotoguru
2016,17,Malcolm Brown,RB,lar,h,ari,1.1,3000,5441,rotoguru
2016,17,Bronson Hill,RB,jac,a,ind,1.1,3000,5529,rotoguru
2016,17,Kenyan Drake,RB,mia,h,nwe,1,3000,5446,rotoguru
2016,17,Fozzy Whittaker,RB,car,a,tam,0.9,3000,2916,rotoguru
2016,17,Knile Davis,RB,kan,a,sdg,0.9,3000,2891,rotoguru
2016,17,Jalen Richard,RB,oak,a,den,0.8,3900,5490,rotoguru
2016,17,Joe Banyard,RB,jac,a,ind,0.7,0,2905,rotoguru
2016,17,Raheem Mostert,RB,sfo,h,sea,0.6,0,5414,rotoguru
2016,17,Duke Johnson,RB,cle,a,pit,0.4,3500,2997,rotoguru
2016,17,Juwan Thompson,RB,den,h,oak,0.1,3000,2965,rotoguru
2016,17,Jonathan Williams,RB,buf,a,nyj,0.1,3000,5451,rotoguru
2016,17,James Develin,RB,nwe,a,mia,0,3000,2825,rotoguru
2016,17,Dwayne Washington,RB,det,h,gnb,0,3400,5483,rotoguru
2016,17,John Kuhn,RB,nor,a,atl,0,3000,2549,rotoguru
2016,17,Josh Ferguson,RB,ind,h,jac,0,3000,5484,rotoguru
2016,17,Zach Line,RB,min,h,chi,0,3000,2912,rotoguru
2016,17,Jordan Todman,RB,ind,h,jac,0,3000,2840,rotoguru
2016,17,Reggie Bush,RB,buf,a,nyj,0,3000,2495,rotoguru
2016,17,Joique Bell,RB,det,h,gnb,0,3000,2719,rotoguru
2016,17,Stepfan Taylor,RB,ari,a,lar,0,3000,2903,rotoguru
2016,17,Antonio Andrews,RB,ten,h,hou,0,3000,2940,rotoguru
2016,17,Brandon Bolden,RB,nwe,a,mia,0,3000,2874,rotoguru
2016,17,Derek Watt,RB,sdg,h,kan,0,3000,5504,rotoguru
2016,17,Keith Smith,RB,dal,a,phi,0,3000,5492,rotoguru
2016,17,Joe Kerridge,RB,gnb,a,det,0,3000,5532,rotoguru
2016,17,Jerome Felton,RB,buf,a,nyj,0,3000,2624,rotoguru
2016,17,Akeem Hunt,RB,hou,a,ten,0,3400,5431,rotoguru
2016,17,Tyler Ervin,RB,hou,a,ten,0,3000,5470,rotoguru
2016,17,Mack Brown,RB,was,h,nyg,0,3000,5526,rotoguru
2016,17,Taiwan Jones,RB,oak,a,den,0,3000,2820,rotoguru
2016,17,Patrick DiMarco,RB,atl,h,nor,0,3000,2805,rotoguru
2016,17,Jalston Fowler,RB,ten,h,hou,0,3000,5413,rotoguru
2016,17,DuJuan Harris,RB,sfo,h,sea,-1.1,3900,2802,rotoguru
2016,17,Julian Edelman,WR,nwe,a,mia,34.7,6400,3826,rotoguru
2016,17,Michael Thomas,WR,nor,a,atl,34.6,6700,5459,rotoguru
2016,17,Rishard Matthews,WR,ten,h,hou,29.4,4100,5182,rotoguru
2016,17,Davante Adams,WR,gnb,a,det,23.1,5700,5263,rotoguru
2016,17,Jarvis Landry,WR,mia,h,nwe,22.6,5000,5335,rotoguru
2016,17,Julio Jones,WR,atl,h,nor,22.6,8400,5089,rotoguru
2016,17,DeAndre Hopkins,WR,hou,a,ten,22.3,6500,5206,rotoguru
2016,17,Kelvin Benjamin,WR,car,a,tam,21.3,5300,5257,rotoguru
2016,17,Golden Tate,WR,det,h,gnb,20.4,6600,3995,rotoguru
2016,17,Adam Humphries,WR,tam,h,car,19.4,3700,5412,rotoguru
2016,17,Geronimo Allison,WR,gnb,a,det,19.1,3000,5511,rotoguru
2016,17,Mike Evans,WR,tam,h,car,17.5,8000,5253,rotoguru
2016,17,Tyreek Hill,WR,kan,a,sdg,17.1,5600,5485,rotoguru
2016,17,Bryan Walters,WR,jac,a,ind,16.8,3000,5070,rotoguru
2016,17,Terrelle Pryor,WR,cle,a,pit,16.4,4200,1407,rotoguru
2016,17,Anquan Boldin,WR,det,h,gnb,15.7,4100,3423,rotoguru
2016,17,T.Y. Hilton,WR,ind,h,jac,15.5,7600,5151,rotoguru
2016,17,Larry Fitzgerald,WR,ari,a,lar,15.3,6000,3501,rotoguru
2016,17,Marqise Lee,WR,jac,a,ind,14.6,4600,5256,rotoguru
2016,17,Cobi Hamilton,WR,pit,h,cle,14.4,3000,5288,rotoguru
2016,17,Justin Hardy,WR,atl,h,nor,14.3,3000,5387,rotoguru
2016,17,Demarcus Ayers,WR,pit,h,cle,14.2,3000,5528,rotoguru
2016,17,Cameron Meredith,WR,chi,a,min,14.18,5200,5417,rotoguru
2016,17,Kenny Stills,WR,mia,h,nwe,14.1,3900,5212,rotoguru
2016,17,Amari Cooper,WR,oak,a,den,13.9,5500,5376,rotoguru
2016,17,Jeremy Ross,WR,ari,a,lar,13.7,3000,5194,rotoguru
2016,17,Brandon LaFell,WR,cin,h,bal,13.7,4500,3946,rotoguru
2016,17,Pierre Garcon,WR,was,h,nyg,13.6,5000,3754,rotoguru
2016,17,Jarius Wright,WR,min,h,chi,13.4,3000,5188,rotoguru
2016,17,Ted Ginn Jr.,WR,car,a,tam,13.3,4500,3670,rotoguru
2016,17,Mohamed Sanu,WR,atl,h,nor,13.2,4600,5159,rotoguru
2016,17,Allen Robinson,WR,jac,a,ind,13.2,5500,5258,rotoguru
2016,17,Quincy Enunwa,WR,nyj,h,buf,13.1,3800,5420,rotoguru
2016,17,Tyrell Williams,WR,sdg,h,kan,13,5700,5432,rotoguru
2016,17,Michael Floyd,WR,nwe,a,mia,12.6,3500,5148,rotoguru
2016,17,Marvin Jones,WR,det,h,gnb,12.6,4200,5168,rotoguru
2016,17,Jordy Nelson,WR,gnb,a,det,12.6,8100,3751,rotoguru
2016,17,Terrance Williams,WR,dal,a,phi,12.3,3500,5216,rotoguru
2016,17,Cody Core,WR,cin,h,bal,12.2,3000,5518,rotoguru
2016,17,Eli Rogers,WR,pit,h,cle,12.1,4000,5478,rotoguru
2016,17,Jeremy Kerley,WR,sfo,h,sea,12.1,3200,5111,rotoguru
2016,17,J.J. Nelson,WR,ari,a,lar,11.5,4600,5409,rotoguru
2016,17,Chester Rogers,WR,ind,h,jac,11.2,3000,5500,rotoguru
2016,17,Willie Snead,WR,nor,a,atl,11.2,5400,5287,rotoguru
2016,17,Jalin Marshall,WR,nyj,h,buf,11.2,3000,5489,rotoguru
2016,17,Breshad Perriman,WR,bal,a,cin,10.2,3000,5379,rotoguru
2016,17,Corey Coleman,WR,cle,a,pit,9.9,3700,5452,rotoguru
2016,17,Michael Crabtree,WR,oak,a,den,9.7,5600,3872,rotoguru
2016,17,Phillip Dorsett,WR,ind,h,jac,9.6,3700,5384,rotoguru
2016,17,Chris Conley,WR,kan,a,sdg,9.5,3000,5385,rotoguru
2016,17,DeVante Parker,WR,mia,h,nwe,9.5,4300,5380,rotoguru
2016,17,Odell Beckham Jr.,WR,nyg,a,was,9.4,9000,5323,rotoguru
2016,17,Jeremy Maclin,WR,kan,a,sdg,9.3,4700,3830,rotoguru
2016,17,Dontrelle Inman,WR,sdg,h,kan,9.1,5300,5097,rotoguru
2016,17,Demaryius Thomas,WR,den,h,oak,8.7,6300,3997,rotoguru
2016,17,Paul Richardson,WR,sea,a,sfo,8.5,3400,5260,rotoguru
2016,17,Robby Anderson,WR,nyj,h,buf,8.3,4400,5502,rotoguru
2016,17,Robert Woods,WR,buf,a,nyj,8.3,3600,5217,rotoguru
2016,17,Cole Beasley,WR,dal,a,phi,7.9,4700,5163,rotoguru
2016,17,Tyler Boyd,WR,cin,h,bal,7.4,4000,5455,rotoguru
2016,17,Justin Hunter,WR,buf,a,nyj,7.4,3000,5207,rotoguru
2016,17,Mike Wallace,WR,bal,a,cin,7.3,4600,3809,rotoguru
2016,17,Sammy Watkins,WR,buf,a,nyj,7.1,5800,5252,rotoguru
2016,17,Jordan Taylor,WR,den,h,oak,7.1,3000,5501,rotoguru
2016,17,Chris Hogan,WR,nwe,a,mia,6.7,3900,5167,rotoguru
2016,17,Sterling Shepard,WR,nyg,a,was,6.7,4900,5456,rotoguru
2016,17,Pharoh Cooper,WR,lar,h,ari,6.6,3000,5462,rotoguru
2016,17,Jermaine Kearse,WR,sea,a,sfo,6.5,4000,5186,rotoguru
2016,17,Steve Smith,WR,bal,a,cin,6.4,4900,3328,rotoguru
2016,17,Doug Baldwin,WR,sea,a,sfo,6.4,7200,5136,rotoguru
2016,17,Wendall Williams,WR,hou,a,ten,6.1,3000,5525,rotoguru
2016,17,Andrew Hawkins,WR,cle,a,pit,5.9,3000,5140,rotoguru
2016,17,Cody Latimer,WR,den,h,oak,5.8,3000,5268,rotoguru
2016,17,Seth Roberts,WR,oak,a,den,5.6,3000,5408,rotoguru
2016,17,Darrius Heyward-Bey,WR,pit,h,cle,5.6,3000,3848,rotoguru
2016,17,Aldrick Robinson,WR,atl,h,nor,5.6,3400,5134,rotoguru
2016,17,Chris Harper,WR,sfo,h,sea,5.5,3000,5222,rotoguru
2016,17,DeSean Jackson,WR,was,h,nyg,5.4,5600,3770,rotoguru
2016,17,Will Fuller,WR,hou,a,ten,5.4,4500,5454,rotoguru
2016,17,Tavarres King,WR,nyg,a,was,5.4,3000,5273,rotoguru
2016,17,Keith Mumphery,WR,hou,a,ten,5.3,3000,5407,rotoguru
2016,17,Albert Wilson,WR,kan,a,sdg,5.2,3000,5339,rotoguru
2016,17,Paul Turner,WR,phi,h,dal,5,3000,5519,rotoguru
2016,17,Cordarrelle Patterson,WR,min,h,chi,4.9,3400,5208,rotoguru
2016,17,Brandin Cooks,WR,nor,a,atl,4.9,6900,5255,rotoguru
2016,17,Russell Shepard,WR,tam,h,car,4.9,3400,5223,rotoguru
2016,17,John Brown,WR,ari,a,lar,4.5,3600,5264,rotoguru
2016,17,Ricardo Louis,WR,cle,a,pit,4.2,3000,5481,rotoguru
2016,17,Kamar Aiken,WR,bal,a,cin,4.2,3000,5275,rotoguru
2016,17,Charone Peake,WR,nyj,h,buf,4.2,3000,5506,rotoguru
2016,17,Corey Brown,WR,car,a,tam,4,3000,5362,rotoguru
2016,17,Jamison Crowder,WR,was,h,nyg,3.6,5000,5410,rotoguru
2016,17,Tanner McEvoy,WR,sea,a,sfo,3.6,3000,5505,rotoguru
2016,17,Brian Quick,WR,lar,h,ari,3.5,3600,5157,rotoguru
2016,17,Aaron Burbridge,WR,sfo,h,sea,3.4,3000,5497,rotoguru
2016,17,DeAndre Smelter,WR,sfo,h,sea,3.3,3000,5393,rotoguru
2016,17,Tavon Austin,WR,lar,h,ari,3,4300,5199,rotoguru
2016,17,Victor Cruz,WR,nyg,a,was,2.7,3800,3900,rotoguru
2016,17,Mike Thomas,WR,lar,h,ari,2.5,3000,5503,rotoguru
2016,17,Maurice Harris,WR,was,h,nyg,2.5,3000,5512,rotoguru
2016,17,Dorial Green-Beckham,WR,phi,h,dal,2.5,3200,5382,rotoguru
2016,17,Charles Johnson,WR,min,h,chi,2.1,3200,3103,rotoguru
2016,17,Alshon Jeffery,WR,chi,a,min,2,5900,5153,rotoguru
2016,17,Brenton Bersin,WR,car,a,tam,2,3000,5292,rotoguru
2016,17,Nick Williams,WR,atl,h,nor,2,3000,5247,rotoguru
2016,17,Freddie Martino,WR,tam,h,car,1.9,3000,5366,rotoguru
2016,17,Lucky Whitehead,WR,dal,a,phi,1.8,3000,5400,rotoguru
2016,17,Marquise Goodwin,WR,buf,a,nyj,1.8,3200,5205,rotoguru
2016,17,Brandon Coleman,WR,nor,a,atl,1.8,3000,5326,rotoguru
2016,17,Josh Bellamy,WR,chi,a,min,1.8,3100,5191,rotoguru
2016,17,Adam Thielen,WR,min,h,chi,1.7,5600,5333,rotoguru
2016,17,Paul McRoberts,WR,lar,h,ari,1.6,3000,5533,rotoguru
2016,17,Marc Mariani,WR,ten,h,hou,1.5,3000,3949,rotoguru
2016,17,Rod Streater,WR,sfo,h,sea,1.5,3000,5169,rotoguru
2016,17,Brice Butler,WR,dal,a,phi,1.3,3700,5219,rotoguru
2016,17,Brittan Golden,WR,ari,a,lar,1,3000,5239,rotoguru
2016,17,Michael Campanaro,WR,bal,a,cin,1,3000,5277,rotoguru
2016,17,Jakeem Grant,WR,mia,h,nwe,0.1,3000,5486,rotoguru
2016,17,Tajae Sharpe,WR,ten,h,hou,0,3100,5461,rotoguru
2016,17,James Wright,WR,cin,h,bal,0,3000,5290,rotoguru
2016,17,Deonte Thompson,WR,chi,a,min,0,3600,5160,rotoguru
2016,17,Bennie Fowler,WR,den,h,oak,0,3000,5353,rotoguru
2016,17,Chris Moore,WR,bal,a,cin,0,3000,5479,rotoguru
2016,17,Emmanuel Sanders,WR,den,h,oak,0,6100,3983,rotoguru
2016,17,Alex Erickson,WR,cin,h,bal,0,3000,5480,rotoguru
2016,17,Roger Lewis,WR,nyg,a,was,0,3000,5508,rotoguru
2016,17,Eric Weems,WR,atl,h,nor,0,3000,3732,rotoguru
2016,17,Geremy Davis,WR,sdg,h,kan,0,3000,5399,rotoguru
2016,17,De'Anthony Thomas,WR,kan,a,sdg,0,3000,2958,rotoguru
2016,17,Demarcus Robinson,WR,kan,a,sdg,0,3000,5515,rotoguru
2016,17,Arrelious Benn,WR,jac,a,ind,0,3000,3885,rotoguru
2016,17,Devin Smith,WR,nyj,h,buf,0,3000,5421,rotoguru
2016,17,Tre McBride,WR,ten,h,hou,0,3000,5394,rotoguru
2016,17,Rashard Higgins,WR,cle,a,pit,0,3000,5475,rotoguru
2016,17,Brandon Tate,WR,buf,a,nyj,0,3000,3860,rotoguru
2016,17,Mario Alford,WR,cle,a,pit,0,3000,5435,rotoguru
2016,17,Jeff Janis,WR,gnb,a,det,0,3000,5351,rotoguru
2016,17,Isaiah Burse,WR,sdg,h,kan,0,3000,5363,rotoguru
2016,17,Harry Douglas,WR,ten,h,hou,0,3000,3731,rotoguru
2016,17,Andre Holmes,WR,oak,a,den,0,3000,5177,rotoguru
2016,17,Tommylee Lewis,WR,nor,a,atl,0,3000,5496,rotoguru
2016,17,Dez Bryant,WR,dal,a,phi,0,6200,3891,rotoguru
2016,17,Andre Roberts,WR,det,h,gnb,0,3000,3978,rotoguru
2016,17,Matthew Slater,WR,nwe,a,mia,0,3000,3760,rotoguru
2016,17,Kalif Raymond,WR,den,h,oak,0,3000,5520,rotoguru
2016,17,Bryce Treggs,WR,phi,h,dal,0,3000,5513,rotoguru
2016,17,Devin Street,WR,ind,h,jac,0,3000,5364,rotoguru
2016,17,Trevor Davis,WR,gnb,a,det,0,3000,5498,rotoguru
2016,17,Shane Wynn,WR,jac,a,ind,0,3000,5467,rotoguru
2016,17,Dwayne Harris,WR,nyg,a,was,0,3000,5130,rotoguru
2016,17,Nelson Agholor,WR,phi,h,dal,-0.1,3300,5378,rotoguru
2016,17,Johnny Holton,WR,oak,a,den,-1,3000,5491,rotoguru
2016,17,Zach Ertz,TE,phi,h,dal,41.9,4800,4569,rotoguru
2016,17,Kyle Rudolph,TE,min,h,chi,31.7,4600,4537,rotoguru
2016,17,Dennis Pitta,TE,bal,a,cin,20.1,3400,4516,rotoguru
2016,17,Antonio Gates,TE,sdg,h,kan,16.5,3800,4270,rotoguru
2016,17,Gary Barnidge,TE,cle,a,pit,15,2900,4401,rotoguru
2016,17,Hunter Henry,TE,sdg,h,kan,14.3,2700,4675,rotoguru
2016,17,Jordan Reed,TE,was,h,nyg,14,5100,4573,rotoguru
2016,17,Dwayne Allen,TE,ind,h,jac,12.4,2600,4551,rotoguru
2016,17,Martellus Bennett,TE,nwe,a,mia,12.3,3900,4407,rotoguru
2016,17,Eric Ebron,TE,det,h,gnb,12.1,3600,4601,rotoguru
2016,17,Luke Willson,TE,sea,a,sfo,11.6,2500,4578,rotoguru
2016,17,Ben Koyack,TE,jac,a,ind,11.5,2500,4689,rotoguru
2016,17,Darren Fells,TE,ari,a,lar,10.7,2500,4609,rotoguru
2016,17,Virgil Green,TE,den,h,oak,10.7,2500,4542,rotoguru
2016,17,Jimmy Graham,TE,sea,a,sfo,10.4,4500,4492,rotoguru
2016,17,C.J. Uzomah,TE,cin,h,bal,10.3,2500,4656,rotoguru
2016,17,Jared Cook,TE,gnb,a,det,9.6,3100,4437,rotoguru
2016,17,C.J. Fiedorowicz,TE,hou,a,ten,9.2,3900,4640,rotoguru
2016,17,Jack Doyle,TE,ind,h,jac,9,3200,4594,rotoguru
2016,17,Trey Burton,TE,phi,h,dal,8.9,2500,4618,rotoguru
2016,17,Will Tye,TE,nyg,a,was,8.7,2800,4670,rotoguru
2016,17,Delanie Walker,TE,ten,h,hou,8.5,4000,4360,rotoguru
2016,17,Seth DeValve,TE,cle,a,pit,8.2,2500,4690,rotoguru
2016,17,Garrett Celek,TE,sfo,h,sea,7.9,2700,4564,rotoguru
2016,17,Vernon Davis,TE,was,h,nyg,6.9,3300,4323,rotoguru
2016,17,Coby Fleener,TE,nor,a,atl,6.8,3100,4552,rotoguru
2016,17,Greg Olsen,TE,car,a,tam,5.2,5500,4368,rotoguru
2016,17,Charles Clay,TE,buf,a,nyj,5,3500,4543,rotoguru
2016,17,Jeff Heuerman,TE,den,h,oak,4.1,2500,4676,rotoguru
2016,17,Daniel Brown,TE,chi,a,min,3.8,2500,5436,rotoguru
2016,17,Jesse James,TE,pit,h,cle,3.6,3000,4653,rotoguru
2016,17,Lance Kendricks,TE,lar,h,ari,3.2,2700,4538,rotoguru
2016,17,Erik Swoope,TE,ind,h,jac,3.2,2700,4626,rotoguru
2016,17,Ryan Griffin,TE,hou,a,ten,3,2900,4592,rotoguru
2016,17,Brandon Williams,TE,sea,a,sfo,3,2500,4590,rotoguru
2016,17,Mychal Rivera,TE,oak,a,den,2.9,2500,4574,rotoguru
2016,17,Levine Toilolo,TE,atl,h,nor,2.8,2500,4577,rotoguru
2016,17,Clive Walford,TE,oak,a,den,2.7,2500,4651,rotoguru
2016,17,Richard Rodgers,TE,gnb,a,det,2.4,2500,4629,rotoguru
2016,17,Jason Witten,TE,dal,a,phi,2,3100,4262,rotoguru
2016,17,Brent Celek,TE,phi,h,dal,1.9,2500,4363,rotoguru
2016,17,Travis Kelce,TE,kan,a,sdg,1.8,5000,4582,rotoguru
2016,17,Gavin Escobar,TE,dal,a,phi,1.7,2800,4570,rotoguru
2016,17,Brandon Bostick,TE,nyj,h,buf,1.7,2500,4593,rotoguru
2016,17,MyCole Pruitt,TE,chi,a,min,1.6,2500,4669,rotoguru
2016,17,Matt Lengel,TE,nwe,a,mia,1.4,2500,4696,rotoguru
2016,17,Luke Stocker,TE,tam,h,car,1.1,2500,4532,rotoguru
2016,17,Danny Vitale,TE,cle,a,pit,0.9,2500,5517,rotoguru
2016,17,Larry Donnell,TE,nyg,a,was,0,2500,4585,rotoguru
2016,17,Clark Harris,TE,cin,h,bal,0,2500,4391,rotoguru
2016,17,Tyler Higbee,TE,lar,h,ari,0,2500,4680,rotoguru
2016,17,Dion Sims,TE,mia,h,nwe,0,2500,4576,rotoguru
2016,17,Logan Paulsen,TE,chi,a,min,0,2500,4513,rotoguru
2016,17,Sean McGrath,TE,sdg,h,kan,0,2500,4588,rotoguru
2016,17,Chris Manhertz,TE,car,a,tam,0,2500,4697,rotoguru
2016,17,Matthew Mulligan,TE,det,h,gnb,0,2500,4431,rotoguru
2016,17,Rhett Ellison,TE,min,h,chi,0,2500,4554,rotoguru
2016,17,Hakeem Valles,TE,ari,a,lar,0,2500,4687,rotoguru
2016,17,James O'Shaughnessy,TE,kan,a,sdg,0,2500,4664,rotoguru
2016,17,Phillip Supernaw,TE,ten,h,hou,0,2500,4637,rotoguru
2016,17,Nick O'Leary,TE,buf,a,nyj,0,2500,4661,rotoguru
2016,17,Derek Carrier,TE,was,h,nyg,0,2500,4599,rotoguru
2016,17,John Phillips,TE,nor,a,atl,0,2500,4433,rotoguru
2016,17,Demetrius Harris,TE,kan,a,sdg,0,2500,4642,rotoguru
2016,17,Brandon Myers,TE,tam,h,car,0,2700,4457,rotoguru
2016,17,D.J. Tialavea,TE,atl,h,nor,0,2500,4699,rotoguru
2016,17,Anthony Fasano,TE,ten,h,hou,0,2500,4327,rotoguru
2016,17,Jermaine Gresham,TE,ari,a,lar,0,2600,4493,rotoguru
2016,17,Ed Dickson,TE,car,a,tam,0,2500,4482,rotoguru
2016,17,Randall Telfer,TE,cle,a,pit,0,2500,4685,rotoguru
2016,17,Darren Waller,TE,bal,a,cin,0,2500,5419,rotoguru
2016,17,Ryan Hewitt,TE,cin,h,bal,0,2500,2978,rotoguru
2016,17,Alan Cross,TE,tam,h,car,0,2500,4682,rotoguru
2016,17,Nick Boyle,TE,bal,a,cin,0,2500,4660,rotoguru
2016,17,Stephen Anderson,TE,hou,a,ten,0,2500,4679,rotoguru
2016,17,Henry Krieger-Coble,TE,den,h,oak,0,2500,4698,rotoguru
2016,17,Ben Braunecker,TE,chi,a,min,0,2500,4691,rotoguru
2016,17,David Morgan,TE,min,h,chi,0,2500,4694,rotoguru
2016,17,Marqueis Gray,TE,mia,h,nwe,0,2500,4595,rotoguru
2016,17,Jim Dray,TE,sfo,h,sea,0,2500,4484,rotoguru
2016,17,David Johnson,TE,pit,h,cle,0,2500,4450,rotoguru
2016,17,Clay Harbor,TE,det,h,gnb,0,2500,4495,rotoguru
2016,17,Joshua Perkins,TE,atl,h,nor,0,2500,4693,rotoguru
2016,17,Arizona Defense,Def,ari,a,lar,26,3000,7001,rotoguru
2016,17,Minnesota Defense,Def,min,h,chi,22,3800,7017,rotoguru
2016,17,New York G Defense,Def,nyg,a,was,20,3100,7020,rotoguru
2016,17,New York J Defense,Def,nyj,h,buf,19,2300,7021,rotoguru
2016,17,Tampa Bay Defense,Def,tam,h,car,16,3100,7029,rotoguru
2016,17,Denver Defense,Def,den,h,oak,15,3900,7010,rotoguru
2016,17,Philadelphia Defense,Def,phi,h,dal,13,2900,7023,rotoguru
2016,17,Carolina Defense,Def,car,a,tam,13,2600,7005,rotoguru
2016,17,Tennessee Defense,Def,ten,h,hou,13,2900,7030,rotoguru
2016,17,Pittsburgh Defense,Def,pit,h,cle,12,3600,7024,rotoguru
2016,17,Cincinnati Defense,Def,cin,h,bal,11,2700,7007,rotoguru
2016,17,Jacksonville Defense,Def,jac,a,ind,10,2500,7014,rotoguru
2016,17,Kansas City Defense,Def,kan,a,sdg,10,3300,7015,rotoguru
2016,17,Seattle Defense,Def,sea,a,sfo,9,3700,7028,rotoguru
2016,17,Houston Defense,Def,hou,a,ten,7,3500,7032,rotoguru
2016,17,Indianapolis Defense,Def,ind,h,jac,7,3200,7013,rotoguru
2016,17,Cleveland Defense,Def,cle,a,pit,6,2100,7008,rotoguru
2016,17,San Francisco Defense,Def,sfo,h,sea,6,2400,7027,rotoguru
2016,17,Washington Defense,Def,was,h,nyg,5,2900,7031,rotoguru
2016,17,New England Defense,Def,nwe,a,mia,5,3200,7018,rotoguru
2016,17,San Diego Defense,Def,sdg,h,kan,5,2800,7026,rotoguru
2016,17,Green Bay Defense,Def,gnb,a,det,4,2800,7012,rotoguru
2016,17,Atlanta Defense,Def,atl,h,nor,3,2400,7002,rotoguru
2016,17,Los Angeles Defense,Def,lar,h,ari,3,2700,7025,rotoguru
2016,17,Oakland Defense,Def,oak,a,den,2,2800,7022,rotoguru
2016,17,Dallas Defense,Def,dal,a,phi,2,2800,7009,rotoguru
2016,17,Buffalo Defense,Def,buf,a,nyj,1,3400,7004,rotoguru
2016,17,Chicago Defense,Def,chi,a,min,1,2500,7006,rotoguru
2016,17,Baltimore Defense,Def,bal,a,cin,1,3000,7003,rotoguru
2016,17,Detroit Defense,Def,det,h,gnb,0,2600,7011,rotoguru
2016,17,New Orleans Defense,Def,nor,a,atl,-3,2200,7019,rotoguru
2016,17,Miami Defense,Def,mia,h,nwe,-4,2400,7016,rotoguru
