player,team,position,id,avg_type,pass_yds,pass_yds_sd,pass_tds,pass_tds_sd,pass_int,pass_int_sd,rush_yds,rush_yds_sd,rush_tds,rush_tds_sd,fumbles_lost,fumbles_lost_sd,two_pts,two_pts_sd,return_tds,return_tds_sd,rec,rec_sd,rec_yds,rec_yds_sd,rec_tds,rec_tds_sd,fg_0019,fg_0019_sd,fg_2029,fg_2029_sd,fg_3039,fg_3039_sd,fg_4049,fg_4049_sd,fg_50,fg_50_sd,xp,xp_sd,dst_int,dst_int_sd,dst_sacks,dst_sacks_sd,dst_safety,dst_safety_sd,dst_td,dst_td_sd,dst_blk,dst_blk_sd,idp_solo,idp_solo_sd,idp_sack,idp_sack_sd,idp_int,idp_int_sd,idp_pd,idp_pd_sd,idp_td,idp_td_sd,draft_year,birthdate,injury_status,injury_details,season_year,week
Jameis Winston,TB,QB,12140,weighted,305.540958196336,13.5482165454721,1.87415688116487,0.149475930441676,1.44778299671207,0.660117927994799,14.8124646044421,1.97851256768575,0.070482115557315,0.0585148091608585,0.32136402066698,0.13395000391321,0.13,0.0,,,,,,,,,,,,,,,,,,,,,,,,,,,,,,,,,,,,,,,,,2015.0,1994-01-06,,,,12
Jameis Winston,NO,QB,12140,weighted,305.540958196336,13.5482165454721,1.87415688116487,0.149475930441676,1.44778299671207,0.660117927994799,14.8124646044421,1.97851256768575,0.070482115557315,0.0585148091608585,0.32136402066698,0.13395000391321,0.13,0.0,,,,,,,,,,,,,,,,,,,,,,,,,,,,,,,,,,,,,,,,,2015.0,1994-01-06,,,,12
Matt Ryan,ATL,QB,9099,weighted,305.931601690935,11.9027412354973,2.06840300610615,0.230191277829394,0.803316110850164,0.117319580516499,5.77468630477085,1.49268770859717,0.0903987991546526,0.0643989185562302,0.184088304368248,0.0677242736440759,0.16,0.0,,,,,,,,,,,,,,,,,,,,,,,,,,,,,,,,,,,,,,,,,2008.0,1985-05-17,,,,12
Drew Brees,NO,QB,4925,weighted,286.149375293565,10.5610477616406,2.01943165805542,0.15868511857246,0.500930014091123,0.286663973261887,1.79744167840927,1.18053253114811,0.0673528819700732,0.0384631277415991,0.0342226397369657,0.0206651962516013,0.03,0.0,,,,,,,,,,,,,,,,,,,,,,,,,,,,,,,,,,,,,,,,,2001.0,1979-01-15,,,,12
Baker Mayfield,CLE,QB,13590,weighted,270.550225457962,12.6621545636633,1.93646312822922,0.256912228274325,0.757407233442931,0.416963814439939,8.32281151446018,1.31915097654076,0.0949973500648127,0.0642492015639044,0.0975763269140442,0.0228334841822783,0.15,0.0,,,,,,,,,,,,,,,,,,,,,,,,,,,,,,,,,,,,,,,,,2018.0,1995-04-14,,,,12
Aaron Rodgers,GB,QB,7836,weighted,259.021427900423,16.8215988778371,1.70341005166745,0.282711378604807,0.523950211366839,0.25375031828589,12.0063946856338,2.33611063764624,0.0845599867878061,0.0445408988732143,0.147699389384688,0.0565046056351741,0.14,0.0,,,,,,,,,,,,,,,,,,,,,,,,,,,,,,,,,,,,,,,,,2005.0,1983-12-02,,,,12
Russell Wilson,SEA,QB,10703,weighted,258.854570220761,20.5827287497248,1.94020197275716,0.112143130568783,0.445688116486613,0.246258081471104,25.5776870428773,1.35467235728121,0.113173322107146,0.0700836418262213,0.105576326914044,0.0336413158898448,0.06,0.0,,,,,,,,,,,,,,,,,,,,,,,,,,,,,,,,,,,,,,,,,2012.0,1988-11-29,,,,12
Dak Prescott,DAL,QB,12620,weighted,263.107707844058,12.1326510038303,1.3797369657116,0.369978332999012,0.928398309065289,0.168399738796338,17.1290518687513,2.74442811877659,0.151082985825833,0.0799711336643272,0.102970408642555,0.0364864656213076,0.1,0.0,,,,,,,,,,,,,,,,,,,,,,,,,,,,,,,,,,,,,,,,,2016.0,1993-07-29,,,,12
Derek Carr,OAK,QB,11644,weighted,259.979426961015,9.97138413901844,1.75593236261155,0.252678641318509,0.48466885861907,0.260723396714915,4.0397262296182,3.25091709346985,0.0764087767563578,0.0435445631697909,0.226669798027243,0.0710557468129846,0.06,0.0,,,,,,,,,,,,,,,,,,,,,,,,,,,,,,,,,,,,,,,,,2014.0,1991-03-28,,,,12
Derek Carr,LVR,QB,11644,weighted,259.979426961015,9.97138413901844,1.75593236261155,0.252678641318509,0.48466885861907,0.260723396714915,4.0397262296182,3.25091709346985,0.0764087767563578,0.0435445631697909,0.226669798027243,0.0710557468129846,0.06,0.0,,,,,,,,,,,,,,,,,,,,,,,,,,,,,,,,,,,,,,,,,2014.0,1991-03-28,,,,12
Deshaun Watson,HOU,QB,13113,weighted,260.024480976985,15.8094868162982,1.82020197275716,0.211969199199826,0.601376232973227,0.322740022243874,29.7098584177682,2.38437423521757,0.228153167266692,0.135465935105693,0.218852043212776,0.0814203597212651,0.13,0.0,,,,,,,,,,,,,,,,,,,,,,,,,,,,,,,,,,,,,,,,,2017.0,1995-09-14,,,,12
Jared Goff,LAR,QB,12611,weighted,260.47641146078,11.4436962232313,1.23701268201033,0.2435970444807,0.946458431188351,0.0684965431194187,4.04021405086224,1.57214886189706,0.069781072462526,0.0386294152342729,0.282186942226397,0.116928344257806,0.09,0.0,,,,,,,,,,,,,,,,,,,,,,,,,,,,,,,,,,,,,,,,,2016.0,1994-10-14,,,,12
Kyle Allen,CAR,QB,13879,weighted,244.742169312169,21.6626643216738,1.19116990005879,0.149260231733056,1.10670781893004,0.229710928568225,4.01943209876543,2.44635496975043,0.0356957769522051,0.040474883934053,0.301174309229865,0.150261834749694,0.06,0.0,,,,,,,,,,,,,,,,,,,,,,,,,,,,,,,,,,,,,,,,,2018.0,1996-03-08,,,,12
Kyle Allen,WAS,QB,13879,weighted,244.742169312169,21.6626643216738,1.19116990005879,0.149260231733056,1.10670781893004,0.229710928568225,4.01943209876543,2.44635496975043,0.0356957769522051,0.040474883934053,0.301174309229865,0.150261834749694,0.06,0.0,,,,,,,,,,,,,,,,,,,,,,,,,,,,,,,,,,,,,,,,,2018.0,1996-03-08,,,,12
Tom Brady,NE,QB,5848,weighted,257.468656646313,20.7064030831939,1.71834664161578,0.30876236052076,0.492635039924847,0.268960816494401,1.84315976648997,1.12306522251091,0.0879319600080521,0.0663037474114906,0.0895763269140442,0.0144054485002918,,,,,,,,,,,,,,,,,,,,,,,,,,,,,,,,,,,,,,,,,,,2000.0,1977-08-03,Q,Elbow,2019.0,12
Tom Brady,TB,QB,5848,weighted,257.468656646313,20.7064030831939,1.71834664161578,0.30876236052076,0.492635039924847,0.268960816494401,1.84315976648997,1.12306522251091,0.0879319600080521,0.0663037474114906,0.0895763269140442,0.0144054485002918,,,,,,,,,,,,,,,,,,,,,,,,,,,,,,,,,,,,,,,,,,,2000.0,1977-08-03,Q,Elbow,2019.0,12
Sam Darnold,NYJ,QB,13592,weighted,247.911569664903,14.5173154176959,1.64597295708407,0.217647372499882,1.02630805408583,0.161115300302107,7.46910934744268,2.28377814769237,0.0816382833585991,0.0500592551871588,0.0944503233392122,0.024859873140678,0.09,0.0,,,,,,,,,,,,,,,,,,,,,,,,,,,,,,,,,,,,,,,,,2018.0,1997-06-05,,,,12
Jimmy Garoppolo,SF,QB,11760,weighted,261.780986378581,6.04071867786091,1.83094410521372,0.165292078035629,1.01670737435416,0.254928574438648,5.88408776756358,2.74574295324069,0.0871075434509406,0.0474469128982997,0.231881634570221,0.0642265264413175,0.13,0.0,,,,,,,,,,,,,,,,,,,,,,,,,,,,,,,,,,,,,,,,,2014.0,1991-11-02,,,,12
Nick Foles,JAC,QB,10699,weighted,251.722328042328,13.60278975215,1.46488536155203,0.393729621695685,0.829447383891828,0.159200787798732,2.58634626690182,1.80951222472566,0.027798353909465,0.028126516279594,0.246539682539683,0.153697467887754,0.03,0.0,,,,,,,,,,,,,,,,,,,,,,,,,,,,,,,,,,,,,,,,,2012.0,1989-01-20,,,,12
Nick Foles,CHI,QB,10699,weighted,251.722328042328,13.60278975215,1.46488536155203,0.393729621695685,0.829447383891828,0.159200787798732,2.58634626690182,1.80951222472566,0.027798353909465,0.028126516279594,0.246539682539683,0.153697467887754,0.03,0.0,,,,,,,,,,,,,,,,,,,,,,,,,,,,,,,,,,,,,,,,,2012.0,1989-01-20,,,,12
Mason Rudolph,PIT,QB,13595,weighted,239.876011602611,17.298320063445,1.30199419869471,0.216048863248813,0.972603335750544,0.100399246814932,5.86476794778825,1.25159483670515,0.0226524345568426,0.0377483390478723,0.0755184916606236,0.0304899177509232,0.07,0.0,,,,,,,,,,,,,,,,,,,,,,,,,,,,,,,,,,,,,,,,,2018.0,1995-07-17,,,,12
Daniel Jones,NYG,QB,14059,weighted,242.279098168154,13.3456164587339,1.18508689525599,0.23260558810813,1.01069985908877,0.128964465052926,18.9237646782527,4.24346676596325,0.11439729354682,0.0697990020858585,0.516580554250822,0.231961941172007,0.13,0.0,,,,,,,,,,,,,,,,,,,,,,,,,,,,,,,,,,,,,,,,,2019.0,1997-05-27,,,,12
Ryan Fitzpatrick,MIA,QB,8062,weighted,228.406219870664,35.9412270593436,1.12938271604938,0.221337187007076,1.07931216931217,0.151435644355908,12.1117960023516,2.1391112671321,0.0990367699885724,0.0750659607373603,0.116399764844209,0.0600254942082271,0.03,0.0,,,,,,,,,,,,,,,,,,,,,,,,,,,,,,,,,,,,,,,,,2005.0,1982-11-24,,,,12
Carson Wentz,PHI,QB,12610,weighted,248.839051197745,9.46719350967834,1.82288868013152,0.15231047179138,0.705241897604509,0.204703277731238,16.3363527477689,2.54384723391681,0.0960518381857875,0.0557297919796993,0.268324330671677,0.0965368774283025,0.19,3.04392803038868e-17,,,,,,,,,,,,,,,,,,,,,,,,,,,,,,,,,,,,,,,,,2016.0,1992-12-30,,,,12
Ryan Tannehill,TEN,QB,10697,weighted,221.395320399765,19.9679744133136,1.28695473251029,0.187924474889964,0.840840681951793,0.170073365477277,18.7867783656673,3.33377487372718,0.0959848886995849,0.0612717157716601,0.170355673133451,0.0405302423540841,0.1,1.55230520145092e-17,,,,,,,,,,,,,,,,,,,,,,,,,,,,,,,,,,,,,,,,,2012.0,1988-07-27,,,,12
Jeff Driskel,DET,QB,12623,weighted,221.103956496179,18.0712814867416,1.49697824808936,0.310572366697781,0.774838330393886,0.188240181015979,26.1951252204586,5.26989453353456,0.146057332929662,0.0891432484387438,0.158497942386831,0.0567423392957177,0.13,0.0,,,,,,,,,,,,,,,,,,,,,,,,,,,,,,,,,,,,,,,,,2016.0,1993-04-23,,,,12
Jeff Driskel,DEN,QB,12623,weighted,221.103956496179,18.0712814867416,1.49697824808936,0.310572366697781,0.774838330393886,0.188240181015979,26.1951252204586,5.26989453353456,0.146057332929662,0.0891432484387438,0.158497942386831,0.0567423392957177,0.13,0.0,,,,,,,,,,,,,,,,,,,,,,,,,,,,,,,,,,,,,,,,,2016.0,1993-04-23,,,,12
Jacoby Brissett,IND,QB,12616,weighted,229.545279247501,14.23852835137,1.39764256319812,0.270798797203445,0.758377425044092,0.162336707511388,13.9407289829512,2.27994886659794,0.125932821953064,0.0789394976715903,0.208220164609053,0.0750659505558252,0.02,0.0,,,,,,,,,,,,,,,,,,,,,,,,,,,,,,,,,,,,,,,,,2016.0,1992-12-11,,,,12
Lamar Jackson,BAL,QB,13593,weighted,223.526744950681,9.40897271524859,1.67796618130578,0.286653464329038,0.565443870361672,0.332781810887911,69.5391733208079,3.60900555908992,0.558183425453324,0.23276733289114,0.141874119304838,0.0365089335663158,0.04,0.0,,,,,,,,,,,,,,,,,,,,,,,,,,,,,,,,,,,,,,,,,2018.0,1997-01-07,,,,12
Mitchell Trubisky,CHI,QB,13115,weighted,207.14848324515,25.7522012742432,1.29041152263374,0.309322253641147,0.851575543797766,0.109055102935572,11.5618365667255,2.55445656261335,0.0927665857368117,0.0654912215017327,0.155533509700176,0.0607953635311261,0.19,0.0,,,,,,,,,,,,,,,,,,,,,,,,,,,,,,,,,,,,,,,,,2017.0,1994-08-20,,,,12
Dwayne Haskins,WAS,QB,14058,weighted,211.551322751323,14.1662438673444,1.08827160493827,0.132089602452823,0.990881834215168,0.194093620360126,9.12356848912404,1.96442239382813,0.0564214527781229,0.0580215213267145,0.136865079365079,0.0435019707810673,0.09,0.0,,,,,,,,,,,,,,,,,,,,,,,,,,,,,,,,,,,,,,,,,2019.0,1970-01-01,,,,12
Josh Allen,BUF,QB,13589,weighted,213.439426961015,10.9295524372783,1.11420385157351,0.117730777011678,0.883550962893377,0.104349047123665,36.0248168154063,3.531114124197,0.344192026253643,0.19992092208212,0.212188821042743,0.0499754338202963,0.12,0.0,,,,,,,,,,,,,,,,,,,,,,,,,,,,,,,,,,,,,,,,,2018.0,1996-05-21,,,,12
Ryan Finley,CIN,QB,14068,weighted,192.206047860769,18.0325646970825,1.01923132704859,0.113978087916562,1.05003625815809,0.127784199593355,14.2127828136331,5.63767685574331,0.0349590435528275,0.0563945289069046,0.275271936185642,0.113204206999489,0.08,0.0,,,,,,,,,,,,,,,,,,,,,,,,,,,,,,,,,,,,,,,,,2019.0,1970-01-01,,,,12
Brandon Allen,DEN,QB,12621,weighted,191.851443074692,14.9647468983295,0.919318346627991,0.14251220870617,0.899144307469181,0.13553080704084,9.79227701232777,1.71725288014499,0.0350319071791153,0.0563804714687312,0.20292784626541,0.0757377503066334,0.08,0.0,,,,,,,,,,,,,,,,,,,,,,,,,,,,,,,,,,,,,,,,,2016.0,1992-09-05,,,,12
Chase Daniel,CHI,QB,9706,weighted,13.9459455370651,11.5898391312589,0.0731543116490166,0.0481699238721867,0.0248865355521936,0.0499292514159007,0.412265506807867,0.45752241584018,0.0031070347957639,0.0047303653918363,0.0091868381240544,0.012895177952724,0.01,0.0,,,,,,,,,,,,,,,,,,,,,,,,,,,,,,,,,,,,,,,,,2009.0,1986-10-07,,,,12
Chase Daniel,DET,QB,9706,weighted,13.9459455370651,11.5898391312589,0.0731543116490166,0.0481699238721867,0.0248865355521936,0.0499292514159007,0.412265506807867,0.45752241584018,0.0031070347957639,0.0047303653918363,0.0091868381240544,0.012895177952724,0.01,0.0,,,,,,,,,,,,,,,,,,,,,,,,,,,,,,,,,,,,,,,,,2009.0,1986-10-07,,,,12
Andy Dalton,CIN,QB,10313,weighted,26.0688275340393,33.5170554549454,0.116361573373676,0.1906529782117,0.162291981845688,0.169090513384414,1.18406454866364,0.954936252670159,0.0031070347957639,0.0047303653918363,0.0276815431164902,0.0280275469941217,0.04,0.0,,,,,,,,,,,,,,,,,,,,,,,,,,,,,,,,,,,,,,,,,2011.0,1987-10-29,,,,12
Andy Dalton,DAL,QB,10313,weighted,26.0688275340393,33.5170554549454,0.116361573373676,0.1906529782117,0.162291981845688,0.169090513384414,1.18406454866364,0.954936252670159,0.0031070347957639,0.0047303653918363,0.0276815431164902,0.0280275469941217,0.04,0.0,,,,,,,,,,,,,,,,,,,,,,,,,,,,,,,,,,,,,,,,,2011.0,1987-10-29,,,,12
Gardner Minshew,JAC,QB,14067,weighted,43.52384,50.2146434845499,0.21265,0.331680884906317,0.08514,0.102596768268238,1.4592,0.407315614304805,0.00438,0.005101974304789,0.10139,0.169652310222255,0.03,0.0,,,,,,,,,,,,,,,,,,,,,,,,,,,,,,,,,,,,,,,,,2019.0,1996-05-16,,,,12
Teddy Bridgewater,NO,QB,11640,weighted,27.1773146747352,47.1868998644525,0.176921331316188,0.283749039776858,0.0519591527987897,0.0981204340832005,0.33565305093293,0.222242332473068,0.0031070347957639,0.0047303653918363,0.0205295007564297,0.0188106975523029,0.03,0.0,,,,,,,,,,,,,,,,,,,,,,,,,,,,,,,,,,,,,,,,,2014.0,1992-11-10,,,,12
Teddy Bridgewater,CAR,QB,11640,weighted,27.1773146747352,47.1868998644525,0.176921331316188,0.283749039776858,0.0519591527987897,0.0981204340832005,0.33565305093293,0.222242332473068,0.0031070347957639,0.0047303653918363,0.0205295007564297,0.0188106975523029,0.03,0.0,,,,,,,,,,,,,,,,,,,,,,,,,,,,,,,,,,,,,,,,,2014.0,1992-11-10,,,,12
Marcus Mariota,TEN,QB,12141,weighted,24.1571633888048,31.3334188325024,0.115158850226929,0.129103382931058,0.121338880484115,0.189295536731534,0.48856845688351,0.571830866639411,0.0031070347957639,0.0047303653918363,0.0184341906202723,0.0165771075607442,0.03,0.0,,,,,,,,,,,,,,,,,,,,,,,,,,,,,,,,,,,,,,,,,2015.0,1993-10-30,,,,12
Marcus Mariota,LVR,QB,12141,weighted,24.1571633888048,31.3334188325024,0.115158850226929,0.129103382931058,0.121338880484115,0.189295536731534,0.48856845688351,0.571830866639411,0.0031070347957639,0.0047303653918363,0.0184341906202723,0.0165771075607442,0.03,0.0,,,,,,,,,,,,,,,,,,,,,,,,,,,,,,,,,,,,,,,,,2015.0,1993-10-30,,,,12
Josh Rosen,MIA,QB,13591,weighted,22.4114599092284,31.2492494693366,0.0582223903177004,0.0504667159350911,0.164629349470499,0.225805765022353,0.307170953101362,0.37355607199959,0.0,0.0,0.0215166414523449,0.0200089011504237,0.03,0.0,,,,,,,,,,,,,,,,,,,,,,,,,,,,,,,,,,,,,,,,,2018.0,1997-02-10,,,,12
Eli Manning,NYG,QB,7391,weighted,22.2486611195159,30.1123743019855,0.118850226928896,0.189909846670113,0.102866868381241,0.0810506603920443,0.334952723146747,0.394713640470653,0.0,0.0,0.0917700453857791,0.0084147311606381,0.04,0.0,,,,,,,,,,,,,,,,,,,,,,,,,,,,,,,,,,,,,,,,,2004.0,1981-01-03,,,,12
Eli Manning,FA,QB,7391,weighted,22.2486611195159,30.1123743019855,0.118850226928896,0.189909846670113,0.102866868381241,0.0810506603920443,0.334952723146747,0.394713640470653,0.0,0.0,0.0917700453857791,0.0084147311606381,0.04,0.0,,,,,,,,,,,,,,,,,,,,,,,,,,,,,,,,,,,,,,,,,2004.0,1981-01-03,,,,12
Case Keenum,WAS,QB,10948,weighted,24.1878819969743,29.2556785556604,0.0891376701966717,0.142432385002584,0.139894099848714,0.177045749623901,0.576701966717095,0.42337035041332,0.0031070347957639,0.0047303653918363,0.0493343419062027,0.035064444698632,0.03,0.0,,,,,,,,,,,,,,,,,,,,,,,,,,,,,,,,,,,,,,,,,2012.0,1988-02-17,,,,12
Case Keenum,CLE,QB,10948,weighted,24.1878819969743,29.2556785556604,0.0891376701966717,0.142432385002584,0.139894099848714,0.177045749623901,0.576701966717095,0.42337035041332,0.0031070347957639,0.0047303653918363,0.0493343419062027,0.035064444698632,0.03,0.0,,,,,,,,,,,,,,,,,,,,,,,,,,,,,,,,,,,,,,,,,2012.0,1988-02-17,,,,12
Taysom Hill,NO,QB,13424,weighted,12.5956883509834,15.6632291947151,0.0509077155824508,0.0577314362493233,0.0497730711043873,0.0998585028318013,6.50903177004539,4.21748191336071,0.0625765426004294,0.0556800812157767,0.0091868381240544,0.012895177952724,0.01,0.0,,,,,,,,,,,,,,,,,,,,,,,,,,,,,,,,,,,,,,,,,2017.0,1990-08-23,,,,12
Matt Barkley,BUF,QB,11151,weighted,16.5293343419062,20.1369828488926,0.0508169440242058,0.0417720533444972,0.128804841149773,0.18823682672834,0.200907715582451,0.140034218463578,0.0,0.0,0.0164145234493192,0.0192447813493561,0.03,0.0,,,,,,,,,,,,,,,,,,,,,,,,,,,,,,,,,,,,,,,,,2013.0,1990-09-08,,,,12
Geno Smith,SEA,QB,11150,weighted,1.94235173824131,2.52428778467284,0.0067280163599182,0.0115735321390712,0.0100920245398773,0.0173602982086068,0.134151329243354,0.115113293628337,0.0,0.0,0.0243183367416496,0.0170699158622111,0.03,0.0,,,,,,,,,,,,,,,,,,,,,,,,,,,,,,,,,,,,,,,,,2013.0,1990-10-10,,,,12
Nick Mullens,SF,QB,13968,weighted,14.433880484115,14.6202538975204,0.085446293494705,0.0863672891037365,0.0904236006051437,0.0834008488589453,0.359253656076651,0.267601595684202,0.0,0.0,0.0,0.0,0.04,0.0,,,,,,,,,,,,,,,,,,,,,,,,,,,,,,,,,,,,,,,,,2017.0,1995-03-21,,,,12
David Blough,DET,QB,14070,weighted,11.6443140243902,13.5976634022173,0.0300914634146341,0.0424264068711929,0.159878048780488,0.0565685424949238,1.4,0.0,0.0075076219512195,0.0035355339059327,0.005015243902439,0.0070710678118654,0.04,0.0,,,,,,,,,,,,,,,,,,,,,,,,,,,,,,,,,,,,,,,,,2019.0,1970-01-01,,,,12
Ryan Griffin,TB,QB,11441,weighted,17.68142,11.4511237784101,0.0541,0.0419051287351788,0.1981,0.172387011622048,0.22588,0.180045922704123,0.0,0.0,0.00329,0.005755208832791,0.04,0.0,,,,,,,,,,,,,,,,,,,,,,,,,,,,,,,,,,,,,,,,,2013.0,1989-11-17,,,,12
Robert Griffin,BAL,QB,10696,weighted,9.16555975794251,6.71769436586219,0.0879349470499244,0.084750078509055,0.074357034795764,0.0956046834977348,0.725680786686838,0.79098102240143,0.0031070347957639,0.0047303653918363,0.0091868381240544,0.012895177952724,0.03,0.0,,,,,,,,,,,,,,,,,,,,,,,,,,,,,,,,,,,,,,,,,2012.0,1990-02-12,,,,12
,,QB,nfl_0,weighted,19.4897168405365,11.7379725676967,0.0512667660208644,0.0707106781186548,0.0805067064083457,0.0282842712474619,0.9,1.5705966056628002e-16,0.0,0.0,0.0,0.0,,,,,,,,,,,,,,,,,,,,,,,,,,,,,,,,,,,,,,,,,,,,,,,,12
Mike Glennon,OAK,QB,11152,weighted,7.7856278366112,7.59102717482885,0.129939485627837,0.184025382669492,0.007465960665658,0.0149787754247702,0.217448310640444,0.15605028777123,0.0,0.0,0.0588502269288956,0.0420736558031907,0.06,0.0,,,,,,,,,,,,,,,,,,,,,,,,,,,,,,,,,,,,,,,,,2013.0,1989-12-12,,,,12
Mike Glennon,JAC,QB,11152,weighted,7.7856278366112,7.59102717482885,0.129939485627837,0.184025382669492,0.007465960665658,0.0149787754247702,0.217448310640444,0.15605028777123,0.0,0.0,0.0588502269288956,0.0420736558031907,0.06,0.0,,,,,,,,,,,,,,,,,,,,,,,,,,,,,,,,,,,,,,,,,2013.0,1989-12-12,,,,12
Brian Hoyer,IND,QB,9714,weighted,11.8508774583964,9.25235587466182,0.137405446293495,0.17860695831118,0.0396822995461422,0.0468849500578158,0.368734241048916,0.249866546498723,0.0031070347957639,0.0047303653918363,0.036928895612708,0.0412130355678162,,,,,,,,,,,,,,,,,,,,,,,,,,,,,,,,,,,,,,,,,,,2009.0,1985-10-31,,,,12
Blake Bortles,LAR,QB,11642,weighted,9.03461422087746,6.56712682715422,0.0483282904689864,0.0429142650772811,0.0297730711043873,0.0346435801113951,0.414837367624811,0.488255664389979,0.0031070347957639,0.0047303653918363,0.0246444780635401,0.0193061370003636,0.03,0.0,,,,,,,,,,,,,,,,,,,,,,,,,,,,,,,,,,,,,,,,,2014.0,1991-12-16,,,,12
Blake Bortles,FA,QB,11642,weighted,9.03461422087746,6.56712682715422,0.0483282904689864,0.0429142650772811,0.0297730711043873,0.0346435801113951,0.414837367624811,0.488255664389979,0.0031070347957639,0.0047303653918363,0.0246444780635401,0.0193061370003636,0.03,0.0,,,,,,,,,,,,,,,,,,,,,,,,,,,,,,,,,,,,,,,,,2014.0,1991-12-16,,,,12
David Fales,NYJ,QB,11835,weighted,5.85138426626324,6.80569947742409,0.038464447806354,0.0482372717366027,0.0459304084720121,0.0527343264284756,0.46333837619768,0.310219727527241,0.0031070347957639,0.0047303653918363,0.0091868381240544,0.012895177952724,0.03,0.0,,,,,,,,,,,,,,,,,,,,,,,,,,,,,,,,,,,,,,,,,2014.0,1990-10-04,,,,12
AJ McCarron,HOU,QB,11643,weighted,4.46498487140696,5.15208883660297,0.0099546142208774,0.0199717005663603,0.0099546142208774,0.0199717005663603,0.075642965204236,0.0495690296546352,0.0,0.0,0.0164145234493192,0.0192447813493561,0.03,0.0,,,,,,,,,,,,,,,,,,,,,,,,,,,,,,,,,,,,,,,,,2014.0,1990-09-13,,,,12
Jarrett Stidham,NE,QB,14063,weighted,6.80486,4.32721791659011,0.00987,0.017265626498373,0.08185,0.103958719550507,0.364,0.145469862251716,0.00438,0.005101974304789,0.00329,0.005755208832791,0.03,0.0,,,,,,,,,,,,,,,,,,,,,,,,,,,,,,,,,,,,,,,,,2019.0,1996-08-08,,,,12
Josh McCown,PHI,QB,6589,weighted,3.17110438729198,4.63509249751364,0.0285098335854766,0.0491876179545074,0.0049773071104387,0.0099858502831801,0.476140317700454,0.581244811936946,0.0,0.0,0.0164145234493192,0.0192447813493561,0.02,0.0,,,,,,,,,,,,,,,,,,,,,,,,,,,,,,,,,,,,,,,,,2002.0,1979-07-04,,,,12
Josh McCown,FA,QB,6589,weighted,3.17110438729198,4.63509249751364,0.0285098335854766,0.0491876179545074,0.0049773071104387,0.0099858502831801,0.476140317700454,0.581244811936946,0.0,0.0,0.0164145234493192,0.0192447813493561,0.02,0.0,,,,,,,,,,,,,,,,,,,,,,,,,,,,,,,,,,,,,,,,,2002.0,1979-07-04,,,,12
C.J. Beathard,SF,QB,13125,weighted,11.0847457627119,15.556349186104,0.100770416024653,0.14142135623731,0.0503852080123267,0.0707106781186548,0.0,0.0,0.0,0.0,0.02,4.90668455143381e-18,,,,,,,,,,,,,,,,,,,,,,,,,,,,,,,,,,,,,,,,,,,2017.0,1993-11-16,,,,12
Will Grier,CAR,QB,14062,weighted,6.85553,3.08715940500757,0.00987,0.017265626498373,0.05085,0.0501579290523675,0.11348,0.150911009871451,0.0,0.0,0.00329,0.005755208832791,0.04,0.0,,,,,,,,,,,,,,,,,,,,,,,,,,,,,,,,,,,,,,,,,2019.0,1995-04-03,,,,12
Garrett Gilbert,CLE,QB,11854,weighted,3.61020423600605,4.31254530025977,0.0309984871406959,0.048181812043219,0.007465960665658,0.0149787754247702,0.130701588502269,0.134128003868435,0.0031070347957639,0.0047303653918363,0.0091868381240544,0.012895177952724,0.03,0.0,,,,,,,,,,,,,,,,,,,,,,,,,,,,,,,,,,,,,,,,,2014.0,1991-07-01,,,,12
Brett Rypien,DEN,QB,14065,weighted,13.3177414561664,10.2954747340761,0.0293313521545319,0.0424264068711928,0.0977711738484398,0.141421356237309,0.116894502228826,0.120208152801713,0.0048885586924219,0.0070710678118654,0.0048885586924219,0.0070710678118654,0.04,9.81551617993613e-18,,,,,,,,,,,,,,,,,,,,,,,,,,,,,,,,,,,,,,,,,2019.0,,,,,12
Tim Boyle,GB,QB,13873,weighted,7.72301,6.38761440436527,0.01316,0.023020835331164,0.03936,0.0349127669404119,0.11678,0.0969375117909924,0.0,0.0,0.02291,0.0320642188671434,0.04,0.0,,,,,,,,,,,,,,,,,,,,,,,,,,,,,,,,,,,,,,,,,2018.0,1970-01-01,,,,12
Matt Schaub,ATL,QB,7480,weighted,7.57848714069592,5.67578764456376,0.0804689863842663,0.0903457252758554,0.0099546142208774,0.0199717005663603,0.0414958396369138,0.0460027662753074,0.0,0.0,0.0,0.0,0.1,0.0,,,,,,,,,,,,,,,,,,,,,,,,,,,,,,,,,,,,,,,,,2004.0,1981-06-25,,,,12
Nate Sudfeld,PHI,QB,12815,weighted,5.03852080123267,7.07106781186548,0.100770416024653,0.14142135623731,0.0100770416024653,0.014142135623731,0.0,0.0,0.0,0.0,0.0,0.0,,,,,,,,,,,,,,,,,,,,,,,,,,,,,,,,,,,,,,,,,,,2016.0,1993-10-07,O,Coach's Decision,2019.0,12
Cooper Rush,DAL,QB,13124,weighted,5.05628140703518,4.42524184112681,0.0066130653266331,0.0115257913126244,0.0132261306532663,0.0230515826252487,0.452931323283082,0.406597266499159,0.0,0.0,0.0,0.0,0.03,4.25000092857611e-18,,,,,,,,,,,,,,,,,,,,,,,,,,,,,,,,,,,,,,,,,2017.0,1993-11-21,,,,12
Cooper Rush,NYG,QB,13124,weighted,5.05628140703518,4.42524184112681,0.0066130653266331,0.0115257913126244,0.0132261306532663,0.0230515826252487,0.452931323283082,0.406597266499159,0.0,0.0,0.0,0.0,0.03,4.25000092857611e-18,,,,,,,,,,,,,,,,,,,,,,,,,,,,,,,,,,,,,,,,,2017.0,1993-11-21,,,,12
Colt McCoy,WAS,QB,9899,weighted,3.16998992950655,4.51324371182337,0.0,0.0,0.0346424974823766,0.0582888968445826,0.396173212487412,0.35611355207189,0.0,0.0,0.0,0.0,,,,,,,,,,,,,,,,,,,,,,,,,,,,,,,,,,,,,,,,,,,2010.0,1986-09-05,O,Coach's Decision,2019.0,12
Colt McCoy,NYG,QB,9899,weighted,3.16998992950655,4.51324371182337,0.0,0.0,0.0346424974823766,0.0582888968445826,0.396173212487412,0.35611355207189,0.0,0.0,0.0,0.0,,,,,,,,,,,,,,,,,,,,,,,,,,,,,,,,,,,,,,,,,,,2010.0,1986-09-05,O,Coach's Decision,2019.0,12
Joshua Dobbs,JAC,QB,13119,weighted,0.503852080123267,0.707106781186547,0.0,0.0,0.0100770416024653,0.014142135623731,0.0,0.0,0.0,0.0,0.0,0.0,,,,,,,,,,,,,,,,,,,,,,,,,,,,,,,,,,,,,,,,,,,2017.0,1995-01-26,,,,12
Paxton Lynch,PIT,QB,12612,weighted,0.0,0.0,0.0,0.0,0.0,0.0,0.0,0.0,0.0,0.0,0.0,0.0,,,,,,,,,,,,,,,,,,,,,,,,,,,,,,,,,,,,,,,,,,,2016.0,1994-02-12,O,Coach's Decision,2019.0,12
DeShone Kizer,OAK,QB,13114,weighted,0.0,0.0,0.0,0.0,0.0,0.0,0.0,0.0,0.0,0.0,0.0,0.0,,,,,,,,,,,,,,,,,,,,,,,,,,,,,,,,,,,,,,,,,,,2017.0,1996-01-03,O,Coach's Decision,2019.0,12
Derrick Henry,TEN,RB,12626,weighted,,,,,,,92.326918741193,8.60453199170682,0.799298701165432,0.130270824565355,0.104911539063723,0.0515919479520371,,,,,1.4660450915923,0.305391785907588,14.5924189760451,2.12629231693658,0.0837811178957257,0.066541038718746,,,,,,,,,,,,,,,,,,,,,,,,,,,,,,,,,2016.0,1994-01-04,,,,12
Josh Jacobs,OAK,RB,14073,weighted,,,,,,,85.8951392337113,10.2448944556089,0.757793431907235,0.156537129244945,0.142492563018632,0.0453762804571902,0.01,0.0,,,1.91295913574448,0.49429844568153,15.857162987318,2.68864440101562,0.0622029121653358,0.0493702114140946,,,,,,,,,,,,,,,,,,,,,,,,,,,,,,,,,2019.0,1998-02-11,,,,12
Josh Jacobs,LVR,RB,14073,weighted,,,,,,,85.8951392337113,10.2448944556089,0.757793431907235,0.156537129244945,0.142492563018632,0.0453762804571902,0.01,0.0,,,1.91295913574448,0.49429844568153,15.857162987318,2.68864440101562,0.0622029121653358,0.0493702114140946,,,,,,,,,,,,,,,,,,,,,,,,,,,,,,,,,2019.0,1998-02-11,,,,12
Nick Chubb,CLE,RB,13610,weighted,,,,,,,96.1663470442193,5.07190109461295,0.808700666529596,0.150867898423888,0.173571316737122,0.0381909578412983,,,,,1.8151385627055,0.510828895558017,13.3728276186003,4.37126749574757,0.056782527007985,0.04891204888047,,,,,,,,,,,,,,,,,,,,,,,,,,,,,,,,,2018.0,1995-12-27,,,,12
Chris Carson,SEA,RB,13364,weighted,,,,,,,83.3258699590687,4.84664272126272,0.585437391219289,0.21985818834062,0.229927978706748,0.0599841987630672,0.03,0.0,,,2.61954438703617,0.318285105927953,18.4649224988257,1.2316384542971,0.0882808830436825,0.0464563945515265,,,,,,,,,,,,,,,,,,,,,,,,,,,,,,,,,2017.0,1994-09-16,,,,12
Leonard Fournette,JAC,RB,13129,weighted,,,,,,,80.0959625578742,7.01119553735662,0.564020617742796,0.227080282578641,0.110812588069516,0.0500500650208197,,,,,4.11125880695162,0.704376651120181,30.6516580554251,1.54433450810354,0.0705683419445749,0.0667815066831745,,,,,,,,,,,,,,,,,,,,,,,,,,,,,,,,,2017.0,1996-07-06,,,,12
Ezekiel Elliott,DAL,RB,12625,weighted,,,,,,,83.3450573709991,6.06602395871077,0.588921915691246,0.217967130704705,0.138304368248004,0.0495655543911004,,,,,2.98267261625176,0.0982569861638933,22.9103381869422,0.928234386047095,0.0744715829027713,0.0426838147026628,,,,,,,,,,,,,,,,,,,,,,,,,,,,,,,,,2016.0,1995-07-22,,,,12
Christian McCaffrey,CAR,RB,13130,weighted,,,,,,,82.1800932698115,5.78520797612652,0.649607352641831,0.187796957164231,0.0924033192422107,0.0611794226973644,0.03,0.0,,,5.90803663691874,0.641427693900495,50.0642837012682,4.61211571297447,0.233640206669798,0.139903855413888,,,,,,,,,,,,,,,,,,,,,,,,,,,,,,,,,2017.0,1996-06-07,,,,12
Todd Gurley,LAR,RB,12150,weighted,,,,,,,69.5129034422599,7.9462811164342,0.677063454059908,0.170681577220925,0.132022076092062,0.0571797907486359,0.06,0.0,,,2.57374823860968,0.309023258137667,21.923114138093,2.73201545272883,0.113715359323626,0.0755346976043221,,,,,,,,,,,,,,,,,,,,,,,,,,,,,,,,,2015.0,1994-08-03,,,,12
Todd Gurley,ATL,RB,12150,weighted,,,,,,,69.5129034422599,7.9462811164342,0.677063454059908,0.170681577220925,0.132022076092062,0.0571797907486359,0.06,0.0,,,2.57374823860968,0.309023258137667,21.923114138093,2.73201545272883,0.113715359323626,0.0755346976043221,,,,,,,,,,,,,,,,,,,,,,,,,,,,,,,,,2015.0,1994-08-03,,,,12
Saquon Barkley,NYG,RB,13604,weighted,,,,,,,67.7640649533651,8.67016070558516,0.534614668545618,0.24905004720301,0.123330201972757,0.0386743678988304,0.03,0.0,,,4.43953029591357,0.381650947686748,34.7620291216534,2.70393940778922,0.12050728041334,0.0745884324784673,,,,,,,,,,,,,,,,,,,,,,,,,,,,,,,,,2018.0,1997-02-09,,,,12
Tevin Coleman,SF,RB,12152,weighted,,,,,,,61.7681705025834,7.71642586330835,0.600147370003034,0.206102198426789,0.0752912165335838,0.0325054106219007,,,,,2.32648661343354,0.783095068918608,19.3984546735557,5.69904638490472,0.0975528417097229,0.0566419233778986,,,,,,,,,,,,,,,,,,,,,,,,,,,,,,,,,2015.0,1993-04-16,,,,12
LeVeon Bell,NYJ,RB,11192,weighted,,,,,,,62.3749533650943,6.83158294882488,0.547846709942592,0.236857716892934,0.109090339752623,0.0484219985044259,,,,,4.21312353217473,0.376076281997009,32.9951667449507,2.96481861281024,0.0913433536871771,0.0571483545527892,,,,,,,,,,,,,,,,,,,,,,,,,,,,,,,,,2013.0,1992-08-18,,,,12
Aaron Jones,GB,RB,13319,weighted,,,,,,,62.3376984499765,7.18327550910502,0.652226942184849,0.184185022917752,0.0955922968529826,0.0075706146574521,,,,,3.20256458431188,0.540142811243526,27.2433724753405,2.64312587682448,0.129102865194927,0.0785832456590124,,,,,,,,,,,,,,,,,,,,,,,,,,,,,,,,,2017.0,1994-12-02,,,,12
Joe Mixon,CIN,RB,13131,weighted,,,,,,,65.6826243038314,7.43745752593748,0.493440578411787,0.263483324191749,0.0944880225457961,0.0590846208420526,,,,,2.21682949741663,0.172059284121705,18.2084030061062,1.56541510314121,0.112268670737435,0.0773870954083162,,,,,,,,,,,,,,,,,,,,,,,,,,,,,,,,,2017.0,1996-07-24,,,,12
David Montgomery,CHI,RB,14071,weighted,,,,,,,62.1624847346172,7.74697765136961,0.452166151649467,0.249821862081438,0.11540081415375,0.0450126483284803,0.01,0.0,,,2.2360310004697,0.437320276009102,18.1863503992485,3.48650044772163,0.033621418506341,0.0428024244873513,,,,,,,,,,,,,,,,,,,,,,,,,,,,,,,,,2019.0,1997-06-07,,,,12
Alvin Kamara,NO,RB,13132,weighted,,,,,,,65.4733154398443,4.02652970101475,0.628277720955059,0.197685458798373,0.100798496946923,0.0615621299178507,0.1,0.0,0.01,0.0,6.15873649600752,0.471757358162642,50.9249741662752,3.30731683618238,0.200314701737905,0.111775986871674,,,,,,,,,,,,,,,,,,,,,,,,,,,,,,,,,2017.0,1995-07-25,,,,12
Carlos Hyde,HOU,RB,11657,weighted,,,,,,,64.9618547912992,3.12226177529867,0.533585346827671,0.291743885503408,0.16696531452087,0.0300004528837735,,,,,0.623774250440917,0.378077914347479,3.47094650205761,2.18752862456353,0.0153145208700764,0.0152639747687366,,,,,,,,,,,,,,,,,,,,,,,,,,,,,,,,,2014.0,1991-09-20,,,,12
Carlos Hyde,SEA,RB,11657,weighted,,,,,,,64.9618547912992,3.12226177529867,0.533585346827671,0.291743885503408,0.16696531452087,0.0300004528837735,,,,,0.623774250440917,0.378077914347479,3.47094650205761,2.18752862456353,0.0153145208700764,0.0152639747687366,,,,,,,,,,,,,,,,,,,,,,,,,,,,,,,,,2014.0,1991-09-20,,,,12
Jonathan Williams,IND,RB,12635,weighted,,,,,,,55.5471169900059,7.65103631946556,0.50734383817488,0.314360612743344,0.125207231040564,0.0677744503040809,0.01,0.0,,,0.925273368606702,0.712540296440101,7.2914226925338,5.56768015470129,0.0134156378600823,0.0193692711572927,,,,,,,,,,,,,,,,,,,,,,,,,,,,,,,,,2016.0,1994-02-02,,,,12
Jonathan Williams,FA,RB,12635,weighted,,,,,,,55.5471169900059,7.65103631946556,0.50734383817488,0.314360612743344,0.125207231040564,0.0677744503040809,0.01,0.0,,,0.925273368606702,0.712540296440101,7.2914226925338,5.56768015470129,0.0134156378600823,0.0193692711572927,,,,,,,,,,,,,,,,,,,,,,,,,,,,,,,,,2016.0,1994-02-02,,,,12
Phillip Lindsay,DEN,RB,13614,weighted,,,,,,,63.5674011943904,1.4790996502397,0.311413139938439,0.176276756570134,0.100798496946923,0.0615621299178507,,,,,2.55918741193048,0.389151502971162,16.6242273367778,3.12814732622079,0.0244997651479568,0.0317791801829425,,,,,,,,,,,,,,,,,,,,,,,,,,,,,,,,,2018.0,1994-07-24,,,,12
Sony Michel,NE,RB,13607,weighted,,,,,,,58.7642015030531,4.29567409431104,0.617264441687407,0.20968443276115,0.109548144668859,0.0468249805104777,,,,,0.809253170502583,0.430467588043213,6.9049929544387,2.44447238127059,0.0168060122123062,0.0211801329117031,,,,,,,,,,,,,,,,,,,,,,,,,,,,,,,,,2018.0,1995-02-17,,,,12
Mark Ingram,BAL,RB,10276,weighted,,,,,,,58.5469938938469,3.3535106767924,0.611289579208558,0.215731143801465,0.144687646782527,0.0449716552227269,0.06,0.0,,,1.89165335838422,0.220575538588344,15.8038891498356,2.24511487246628,0.091507750117426,0.0647510539193102,,,,,,,,,,,,,,,,,,,,,,,,,,,,,,,,,2011.0,1989-12-21,,,,12
Devin Singletary,BUF,RB,14080,weighted,,,,,,,56.7171781305115,3.97980217909698,0.498762474464557,0.307722932580891,0.0861772486772487,0.0733621325394472,0.01,0.0,,,2.52236331569665,0.372486219287931,20.6231040564374,3.48955201015825,0.0796649029982363,0.0488998040857899,,,,,,,,,,,,,,,,,,,,,,,,,,,,,,,,,2019.0,1997-09-03,,,,12
Brian Hill,ATL,RB,13240,weighted,,,,,,,48.8597883597884,8.1929624390522,0.301521225900513,0.19453396830268,0.0941181657848325,0.0212424176684641,0.01,0.0,,,2.59694885361552,1.51028571953617,19.2030981775426,7.67498189024387,0.184368018812463,0.163986941312415,,,,,,,,,,,,,,,,,,,,,,,,,,,,,,,,,2017.0,1995-11-09,,,,12
Adrian Peterson,WAS,RB,8658,weighted,,,,,,,48.667366255144,7.37722575758104,0.169203544967409,0.110215498665809,0.1,1.55230520145092e-17,,,,,1.06834215167548,0.284689415697129,9.74102880658436,3.93272168093308,0.0288477366255144,0.0332155832575014,,,,,,,,,,,,,,,,,,,,,,,,,,,,,,,,,2007.0,1985-03-21,,,,12
Miles Sanders,PHI,RB,14079,weighted,,,,,,,51.9048195179306,4.49523878616023,0.174219941306133,0.11259218712579,0.118691945914168,0.0490117799372594,0.01,0.0,0.01,0.0,3.1720811287478,1.11426996388669,30.311746031746,3.25617128245947,0.0949617871840094,0.0611546944377701,,,,,,,,,,,,,,,,,,,,,,,,,,,,,,,,,2019.0,1970-01-01,,,,12
Bo Scarbrough,DET,RB,13615,weighted,,,,,,,48.6068709209572,6.21069619639647,0.258964419198513,0.193894341850674,0.119539521392313,0.0567565832504598,0.01,0.0,,,1.06472081218274,1.04858570354104,8.6562726613488,7.75309449572439,0.038027556200145,0.0488022800822376,,,,,,,,,,,,,,,,,,,,,,,,,,,,,,,,,2018.0,1996-09-29,,,,12
Jaylen Samuels,PIT,RB,13613,weighted,,,,,,,46.4641798941799,10.5617426716581,0.479784048261666,0.318838164173139,0.136337448559671,0.0727755517615548,0.01,0.0,,,4.80062904174015,0.70586223168339,33.7908465608466,4.12302371757531,0.178530276308054,0.114351106292694,,,,,,,,,,,,,,,,,,,,,,,,,,,,,,,,,2018.0,1996-07-20,,,,12
Kalen Ballage,MIA,RB,13621,weighted,,,,,,,44.3799459141681,7.69013469853451,0.262243860294128,0.165696972706235,0.129526748971193,0.0404560779192295,0.01,0.0,,,2.35556731334509,0.621724771324526,13.9955555555556,4.37925924176592,0.0326043503821282,0.0316091335441317,,,,,,,,,,,,,,,,,,,,,,,,,,,,,,,,,2018.0,,,,,12
Ronald Jones,TB,RB,13606,weighted,,,,,,,45.4586255144033,3.00508057811853,0.260440558899506,0.162056585916339,0.0703674309229865,0.0347539281949351,0.01,0.0,,,2.37161081716637,0.441318079264013,19.7994708994709,4.66122675952142,0.0402645502645503,0.0501171237032951,,,,,,,,,,,,,,,,,,,,,,,,,,,,,,,,,2018.0,1997-08-03,,,,12
Raheem Mostert,SF,RB,12447,weighted,,,,,,,40.0742563198119,7.2654364971299,0.169724305463289,0.143573517338279,0.149733980011758,0.039389938571502,,,,,1.12389182833627,0.56508376434276,10.1786008230453,4.21306760197989,0.0547148736037625,0.0447190205116555,,,,,,,,,,,,,,,,,,,,,,,,,,,,,,,,,,,,,,12
Derrius Guice,WAS,RB,13605,weighted,,,,,,,39.6851075837742,5.66785588720959,0.15101176389008,0.0923240264181822,0.0832128159905938,0.0746331907675269,,,,,2.29766607877719,1.06188703097739,18.1561552028219,6.96401113374849,0.0604703115814227,0.0384718303081076,,,,,,,,,,,,,,,,,,,,,,,,,,,,,,,,,2018.0,1997-06-21,,,,12
Latavius Murray,NO,RB,11390,weighted,,,,,,,39.8122939447384,3.80595806864977,0.324935876683721,0.223535300900243,0.0645326278659612,0.0324993662500108,,,,,1.93556731334509,0.658715605077808,13.814126984127,2.31002494596872,0.0643033509700176,0.0423529684888306,,,,,,,,,,,,,,,,,,,,,,,,,,,,,,,,,2013.0,1990-01-18,,,,12
Jordan Wilkins,IND,RB,13789,weighted,,,,,,,29.7711181657848,11.1404074052793,0.100297468965765,0.0799097378547147,0.0526513815402704,0.0340402057255993,,,,,0.792551440329218,0.407494899615091,5.80042328042328,3.79759366653598,0.0134215167548501,0.0135139250091821,,,,,,,,,,,,,,,,,,,,,,,,,,,,,,,,,2018.0,1994-07-18,,,,12
Royce Freeman,DEN,RB,13617,weighted,,,,,,,35.4995038212816,4.19442640791773,0.15620914502893,0.0961845912386813,0.0615329218106996,0.0272930733212098,,,,,1.90070546737213,0.596379479410654,13.42240446796,1.80538936893637,0.0171604938271605,0.0264951606836987,,,,,,,,,,,,,,,,,,,,,,,,,,,,,,,,,2018.0,1996-02-24,,,,12
Frank Gore,BUF,RB,7877,weighted,,,,,,,32.6998859494415,2.05278096222497,0.11008041959725,0.0806745677923239,0.0605918087399569,0.0361104069444564,,,,,0.874620811287478,0.0951495925118954,7.5041975308642,1.57981769514436,0.0095473251028806,0.0139969121853697,,,,,,,,,,,,,,,,,,,,,,,,,,,,,,,,,2005.0,1983-05-14,,,,12
Frank Gore,NYJ,RB,7877,weighted,,,,,,,32.6998859494415,2.05278096222497,0.11008041959725,0.0806745677923239,0.0605918087399569,0.0361104069444564,,,,,0.874620811287478,0.0951495925118954,7.5041975308642,1.57981769514436,0.0095473251028806,0.0139969121853697,,,,,,,,,,,,,,,,,,,,,,,,,,,,,,,,,2005.0,1983-05-14,,,,12
Gus Edwards,BAL,RB,13850,weighted,,,,,,,28.3965972957084,5.61611186905486,0.116229097916626,0.0790629445330866,0.048289241622575,0.0303502774037551,0.03,0.0,,,0.166460905349794,0.166905733774613,1.12724279835391,1.24296073675937,0.003856554967666,0.0054445579067639,,,,,,,,,,,,,,,,,,,,,,,,,,,,,,,,,2018.0,1995-04-13,,,,12
Trey Edmunds,PIT,RB,13452,weighted,,,,,,,25.9412439741329,3.14191386503646,0.104864137195914,0.073363813542376,0.052663139329806,0.0333095031218233,,,,,0.893292181069959,0.426323005679148,7.51383891828336,3.24016293512838,0.022962962962963,0.0326203750871042,,,,,,,,,,,,,,,,,,,,,,,,,,,,,,,,,,,,,,12
Jamaal Williams,GB,RB,13139,weighted,,,,,,,32.0670052910053,2.2498076259908,0.11842450462321,0.0826028922502959,0.0605918087399569,0.0361104069444564,,,,,2.11760728982951,0.244513515567279,16.4420164609053,3.29862641265677,0.132522045855379,0.117099909908848,,,,,,,,,,,,,,,,,,,,,,,,,,,,,,,,,2017.0,,,,,12
Kareem Hunt,CLE,RB,13138,weighted,,,,,,,31.0174403292181,3.9100456050995,0.204297517448004,0.147102104329664,0.0467577895355673,0.0380973819133923,,,,,3.89926513815403,0.811607567084991,34.1788888888889,6.03137962943565,0.137912992357437,0.102362380623568,,,,,,,,,,,,,,,,,,,,,,,,,,,,,,,,,2017.0,1995-08-06,,,,12
Peyton Barber,TB,RB,12637,weighted,,,,,,,26.6948888888889,6.02752743768306,0.194539383757142,0.146036301560814,0.0556275720164609,0.0314130406761873,,,,,0.915002939447384,0.274036013493142,5.34179306290417,1.34809677247575,0.0508877131099353,0.046597210026683,,,,,,,,,,,,,,,,,,,,,,,,,,,,,,,,,2016.0,1994-06-27,,,,12
Peyton Barber,WAS,RB,12637,weighted,,,,,,,26.6948888888889,6.02752743768306,0.194539383757142,0.146036301560814,0.0556275720164609,0.0314130406761873,,,,,0.915002939447384,0.274036013493142,5.34179306290417,1.34809677247575,0.0508877131099353,0.046597210026683,,,,,,,,,,,,,,,,,,,,,,,,,,,,,,,,,2016.0,1994-06-27,,,,12
Jordan Howard,PHI,RB,12634,weighted,,,,,,,13.2174174757282,14.8642545928059,0.0830485436893204,0.148673270932765,0.0472233009708738,0.0228728109127331,,,,,0.255533980582524,0.457456218254662,2.02830097087379,3.63105873239638,0.0063883495145631,0.0114364054563665,,,,,,,,,,,,,,,,,,,,,,,,,,,,,,,,,2016.0,1994-11-02,O,Shoulder,2019.0,12
Jordan Howard,MIA,RB,12634,weighted,,,,,,,13.2174174757282,14.8642545928059,0.0830485436893204,0.148673270932765,0.0472233009708738,0.0228728109127331,,,,,0.255533980582524,0.457456218254662,2.02830097087379,3.63105873239638,0.0063883495145631,0.0114364054563665,,,,,,,,,,,,,,,,,,,,,,,,,,,,,,,,,2016.0,1994-11-02,O,Shoulder,2019.0,12
Duke Johnson,HOU,RB,12157,weighted,,,,,,,26.3960893592005,3.87119599244662,0.094990637526312,0.0619730768357673,0.0684734469919655,0.0288883255555651,0.06,0.0,,,2.79065255731922,0.911372160812929,23.9783362727807,7.10440869375273,0.0853321575543798,0.0524966193499836,,,,,,,,,,,,,,,,,,,,,,,,,,,,,,,,,2015.0,1993-09-23,,,,12
Jay Ajayi,PHI,RB,12154,weighted,,,,,,,24.1794704992436,5.18492549689274,0.143515848379812,0.0429411006061812,0.044500756429652,0.0419305702274652,0.06,0.0,,,0.926149773071104,0.219449872775499,6.60161875945537,1.90668645266662,0.0147201210287443,0.0190659447394284,,,,,,,,,,,,,,,,,,,,,,,,,,,,,,,,,2015.0,1993-06-15,,,,12
Benny Snell,PIT,RB,14072,weighted,,,,,,,22.4816061140506,5.93335404185415,0.1232720590878,0.0800041012370738,0.0497222222222222,0.0368725092308512,,,,,0.580199882422105,0.440471704954929,5.568759553204,2.0107160295881,0.015326278659612,0.0152733007932115,,,,,,,,,,,,,,,,,,,,,,,,,,,,,,,,,2019.0,1970-01-01,,,,12
Rashaad Penny,SEA,RB,13608,weighted,,,,,,,19.2236472663139,7.22100719247514,0.106894236687575,0.0838156776173667,0.0851778365667255,0.020265121177042,,,,,0.591064079952969,0.258210953268836,4.57358612580835,1.35128216938559,0.0076543209876543,0.0108734583623681,,,,,,,,,,,,,,,,,,,,,,,,,,,,,,,,,2018.0,1996-02-02,,,,12
Ty Johnson,DET,RB,14095,weighted,,,,,,,20.5661965192168,5.13560721177876,0.0771075290103495,0.060141425490157,0.0540228426395939,0.0357848538107484,,,,,1.10359680928209,0.196170803468083,6.77897751994199,2.64819827155194,0.0095431472081218,0.0196980065569017,,,,,,,,,,,,,,,,,,,,,,,,,,,,,,,,,2019.0,1997-09-17,,,,12
Bilal Powell,NYJ,RB,10369,weighted,,,,,,,18.3147501469724,7.31060533024505,0.0515016265998428,0.0380678980470832,0.0453012933568489,0.0331172849597475,,,,,0.638389182833627,0.241615425799847,4.44877131099353,1.56918424921382,0.0115108759553204,0.0130692830477085,,,,,,,,,,,,,,,,,,,,,,,,,,,,,,,,,2011.0,1988-10-27,,,,12
Bilal Powell,FA,RB,10369,weighted,,,,,,,18.3147501469724,7.31060533024505,0.0515016265998428,0.0380678980470832,0.0453012933568489,0.0331172849597475,,,,,0.638389182833627,0.241615425799847,4.44877131099353,1.56918424921382,0.0115108759553204,0.0130692830477085,,,,,,,,,,,,,,,,,,,,,,,,,,,,,,,,,2011.0,1988-10-27,,,,12
J.D. McKissic,DET,RB,13108,weighted,,,,,,,18.7889300411523,4.93418409214578,0.0752747503322668,0.0475593490910186,0.0437933568489124,0.0397000389324262,,,,,2.46572604350382,0.421926348726403,18.9231922398589,5.88370059531525,0.0661375661375661,0.042853861780668,,,,,,,,,,,,,,,,,,,,,,,,,,,,,,,,,2016.0,1993-10-15,,,,12
J.D. McKissic,WAS,RB,13108,weighted,,,,,,,18.7889300411523,4.93418409214578,0.0752747503322668,0.0475593490910186,0.0437933568489124,0.0397000389324262,,,,,2.46572604350382,0.421926348726403,18.9231922398589,5.88370059531525,0.0661375661375661,0.042853861780668,,,,,,,,,,,,,,,,,,,,,,,,,,,,,,,,,2016.0,1993-10-15,,,,12
Tony Pollard,DAL,RB,14085,weighted,,,,,,,18.3577507348618,6.09540670519798,0.0614886498015942,0.0412347701994119,0.0437933568489124,0.0397000389324262,0.03,0.0,0.02,0.0,0.963086419753086,0.174828259519839,8.08249853027631,1.22902921181896,0.0528747795414462,0.0424114797750814,,,,,,,,,,,,,,,,,,,,,,,,,,,,,,,,,2019.0,1997-04-30,,,,12
Rex Burkhead,NE,RB,11182,weighted,,,,,,,19.7060411522634,4.2567231032872,0.120121596303409,0.0825896601763767,0.0763550852439741,0.0216662441666738,,,,,1.95393298059965,0.295912914646174,17.7445679012346,2.88689201098296,0.0700058788947678,0.0430710896538798,,,,,,,,,,,,,,,,,,,,,,,,,,,,,,,,,2013.0,1990-07-02,,,,12
Tarik Cohen,CHI,RB,13290,weighted,,,,,,,20.7565338036449,2.89160451438299,0.0835562857549428,0.0555372677611235,0.0704027042915932,0.0219604109824631,,,0.01,0.0,3.90890064667842,0.407924198920076,29.3132510288066,2.2872816312434,0.181305114638448,0.131230883464453,,,,,,,,,,,,,,,,,,,,,,,,,,,,,,,,,2017.0,1995-07-26,,,,12
James White,NE,RB,11747,weighted,,,,,,,21.1001681363904,2.29313103701164,0.121025043601366,0.0790500385075863,0.0605918087399569,0.0361104069444564,0.03,0.0,,,5.0214226925338,0.631810628444464,43.3598765432099,5.63125970253563,0.172433862433862,0.11221752872825,,,,,,,,,,,,,,,,,,,,,,,,,,,,,,,,,2014.0,1992-02-03,,,,12
Jeffery Wilson,SF,RB,14017,weighted,,,,,,,12.64462,3.30519723837401,0.197152379606413,0.100857209457989,0.0737,0.0378158085879861,,,,,0.44555,0.311876158651521,4.16411,2.45365166581012,0.01966,0.020063171620947,,,,,,,,,,,,,,,,,,,,,,,,,,,,,,,,,2018.0,1970-01-01,,,,12
Nyheim Hines,IND,RB,13622,weighted,,,,,,,15.7780846560847,3.95393091378822,0.100763341645312,0.0761451626412566,0.0645326278659612,0.0324993662500108,,,0.01,0.0,3.17092298647854,0.215763473529891,26.5914873603762,4.70537561298283,0.0613756613756614,0.0814512762285084,,,,,,,,,,,,,,,,,,,,,,,,,,,,,,,,,2018.0,1996-11-12,,,,12
Malcolm Brown,LAR,RB,12386,weighted,,,,,,,16.6194803057025,2.71058475089037,0.0968517752953548,0.0758033040496109,0.0364550264550265,0.0377938213963362,,,,,0.302780717225162,0.267283070905614,3.0710582010582,1.51026322633547,0.0096061140505585,0.0100616889317656,,,,,,,,,,,,,,,,,,,,,,,,,,,,,,,,,2015.0,1993-05-15,,,,12
Boston Scott,PHI,RB,13814,weighted,,,,,,,16.2532134038801,3.59593934184534,0.0928196066651821,0.0737457981077924,0.0925440917107584,0.0675045643921911,,,0.01,0.0,0.460676072898295,0.32986545608756,3.04940035273369,2.0671036982381,0.0038271604938271,0.005436729181184,,,,,,,,,,,,,,,,,,,,,,,,,,,,,,,,,2018.0,1995-04-27,,,,12
Giovani Bernard,CIN,RB,11193,weighted,,,,,,,15.2240211640212,2.02232581828969,0.0573331455139169,0.0377719081485652,0.0921183617479914,0.0072220813888912,,,,,1.76130511463845,0.512751092259052,13.4441328630218,1.77989163899777,0.0191358024691358,0.0271836459059202,,,,,,,,,,,,,,,,,,,,,,,,,,,,,,,,,2013.0,1991-11-22,,,,12
Qadree Ollison,ATL,RB,14097,weighted,,,,,,,15.86902,1.01241425804912,0.195519829825526,0.0975905266569516,0.07041,0.0435268715672749,,,,,1.237,0.378158085879861,9.60311,4.15496933301812,0.05414,0.0504038550320106,,,,,,,,,,,,,,,,,,,,,,,,,,,,,,,,,2019.0,1970-01-01,,,,12
Darrell Henderson,LAR,RB,14087,weighted,,,,,,,12.2897871840094,3.80886419183279,0.0382770490556012,0.0464212006548951,0.0059288653733098,0.0081060484708168,,,,,0.449353321575544,0.404449571767545,4.06843621399177,4.48366463546135,0.0058024691358024,0.0132540564413686,,,,,,,,,,,,,,,,,,,,,,,,,,,,,,,,,2019.0,1970-01-01,,,,12
Justice Hill,BAL,RB,14086,weighted,,,,,,,10.8394744268078,3.75610039775085,0.0510859041366348,0.0373495968525488,0.0467460317460317,0.0374731910120512,,,,,0.364661963550852,0.23172287672116,2.62748971193416,1.607527591579,0.0057201646090535,0.0088317202278995,,,,,,,,,,,,,,,,,,,,,,,,,,,,,,,,,2019.0,1997-11-14,,,,12
Matt Breida,SF,RB,13378,weighted,,,,,,,0.0,,0.0,,0.0,,,,,,0.0,,0.0,,0.0,,,,,,,,,,,,,,,,,,,,,,,,,,,,,,,,,,2017.0,1995-02-28,D,Ankle,2019.0,12
Matt Breida,MIA,RB,13378,weighted,,,,,,,0.0,,0.0,,0.0,,,,,,0.0,,0.0,,0.0,,,,,,,,,,,,,,,,,,,,,,,,,,,,,,,,,,2017.0,1995-02-28,D,Ankle,2019.0,12
Kenjon Barner,ATL,RB,11177,weighted,,,,,,,13.1063029500756,3.99919339885062,0.0928322279734068,0.0408303082490105,0.0412972768532526,0.0460898716128199,,,0.01,0.0,0.432692889561271,0.525194139699692,3.05054462934947,3.78443187096766,0.0220801815431165,0.0285989171091426,,,,,,,,,,,,,,,,,,,,,,,,,,,,,,,,,2013.0,1989-04-28,,,,12
Kenjon Barner,FA,RB,11177,weighted,,,,,,,13.1063029500756,3.99919339885062,0.0928322279734068,0.0408303082490105,0.0412972768532526,0.0460898716128199,,,0.01,0.0,0.432692889561271,0.525194139699692,3.05054462934947,3.78443187096766,0.0220801815431165,0.0285989171091426,,,,,,,,,,,,,,,,,,,,,,,,,,,,,,,,,2013.0,1989-04-28,,,,12
Dion Lewis,TEN,RB,10389,weighted,,,,,,,11.2842504409171,2.78660814999953,0.0217868352339578,0.0228528236547119,0.0703674309229865,0.0347539281949351,,,0.09,0.0,1.82606114050559,0.721026055172636,11.5740975896531,4.81871609076993,0.036331569664903,0.0390250325388841,,,,,,,,,,,,,,,,,,,,,,,,,,,,,,,,,2011.0,1990-09-27,,,,12
Dion Lewis,NYG,RB,10389,weighted,,,,,,,11.2842504409171,2.78660814999953,0.0217868352339578,0.0228528236547119,0.0703674309229865,0.0347539281949351,,,0.09,0.0,1.82606114050559,0.721026055172636,11.5740975896531,4.81871609076993,0.036331569664903,0.0390250325388841,,,,,,,,,,,,,,,,,,,,,,,,,,,,,,,,,2011.0,1990-09-27,,,,12
Ryquell Armstead,JAC,RB,14093,weighted,,,,,,,10.8989088502269,0.80408370820077,0.037715305975709,0.0287575991228326,0.006180030257186,0.0048334757404618,,,,,1.18313918305598,0.120064723081014,9.90328290468986,1.11733788922169,0.0630332829046899,0.0289592055005453,,,,,,,,,,,,,,,,,,,,,,,,,,,,,,,,,2019.0,,,,,12
Chris Thompson,WAS,RB,11186,weighted,,,,,,,14.79,,0.08,,0.1,,,,,,1.81,,15.26,,0.08,,,,,,,,,,,,,,,,,,,,,,,,,,,,,,,,,,2013.0,1990-10-20,O,Toe,2019.0,12
Chris Thompson,JAC,RB,11186,weighted,,,,,,,14.79,,0.08,,0.1,,,,,,1.81,,15.26,,0.08,,,,,,,,,,,,,,,,,,,,,,,,,,,,,,,,,,2013.0,1990-10-20,O,Toe,2019.0,12
,,RB,nfl_0,weighted,,,,,,,8.2,4.37359627270932,0.0351462925851703,0.0342558903856398,0.0205110220440882,0.0405231009130967,,,,,0.524899799599198,0.775174096826134,4.49899799599198,7.07786308211092,0.0352555110220441,0.043969448224534,,,,,,,,,,,,,,,,,,,,,,,,,,,,,,,,,,,,,,12
DeAndre Washington,OAK,RB,12857,weighted,,,,,,,11.0449194591417,2.08562458361762,0.0638384754149448,0.0405225979080974,0.0118342151675485,0.0083273757804558,,,,,1.35812463256908,0.4195621604207,9.43515579071135,1.61696387980809,0.017201646090535,0.0246797535025028,,,,,,,,,,,,,,,,,,,,,,,,,,,,,,,,,2016.0,1993-02-22,,,,12
DeAndre Washington,KC,RB,12857,weighted,,,,,,,11.0449194591417,2.08562458361762,0.0638384754149448,0.0405225979080974,0.0118342151675485,0.0083273757804558,,,,,1.35812463256908,0.4195621604207,9.43515579071135,1.61696387980809,0.017201646090535,0.0246797535025028,,,,,,,,,,,,,,,,,,,,,,,,,,,,,,,,,2016.0,1993-02-22,,,,12
Wayne Gallman,NYG,RB,13135,weighted,,,,,,,9.00937566137566,4.06747756934727,0.0551053188459137,0.0463131275286706,0.0266093474426808,0.0214199733306113,,,,,0.536907701352146,0.442894253953359,4.61749559082892,2.25845513076954,0.0153321575543798,0.0206428886620992,,,,,,,,,,,,,,,,,,,,,,,,,,,,,,,,,2017.0,1994-10-01,,,,12
Jalen Richard,OAK,RB,12912,weighted,,,,,,,9.01926161081717,3.55045946992449,0.0230003420398494,0.0260236720344474,0.10092886537331,0.0615240888355983,,,,,2.24764844209289,0.411323339330435,19.6325749559083,5.0954756743175,0.044156378600823,0.0672397717471781,,,,,,,,,,,,,,,,,,,,,,,,,,,,,,,,,2016.0,1993-10-15,,,,12
Jalen Richard,LVR,RB,12912,weighted,,,,,,,9.01926161081717,3.55045946992449,0.0230003420398494,0.0260236720344474,0.10092886537331,0.0615240888355983,,,,,2.24764844209289,0.411323339330435,19.6325749559083,5.0954756743175,0.044156378600823,0.0672397717471781,,,,,,,,,,,,,,,,,,,,,,,,,,,,,,,,,2016.0,1993-10-15,,,,12
Wendell Smallwood,WAS,RB,12636,weighted,,,,,,,6.56639750378215,4.6395920861313,0.0198109659613002,0.0336697861055342,0.0,0.0,0.03,0.0,0.03,0.0,0.679583963691377,0.635661107060653,6.26556732223903,5.84489098502811,0.0149319213313162,0.0299575508495404,,,,,,,,,,,,,,,,,,,,,,,,,,,,,,,,,2016.0,1994-01-26,,,,12
Josh Adams,NYJ,RB,13611,weighted,,,,,,,6.22731182795699,5.56493036793813,0.0452688172043011,0.0353553390593274,0.0150537634408602,0.0070710678118654,,,,,0.185698924731183,0.0919238815542512,1.46032258064516,0.700035713374682,0.0150537634408602,0.0070710678118654,,,,,,,,,,,,,,,,,,,,,,,,,,,,,,,,,2018.0,1996-10-29,,,,12
Travis Homer,SEA,RB,14083,weighted,,,,,,,5.08724,4.15591750772747,0.049340574645473,0.0466992298398518,0.0,0.0,,,,,0.17408,0.160391063500907,1.24701,1.12286909126309,0.00329,0.005755208832791,,,,,,,,,,,,,,,,,,,,,,,,,,,,,,,,,2019.0,1998-08-07,,,,12
D'Ernest Johnson,CLE,RB,14331,weighted,,,,,,,4.653575,3.92335709678177,0.0574167698209719,0.0452760820479554,0.0,0.0,,,,,0.37229,0.153895152402357,4.50842,1.28933456199534,0.00658,0.011510417665582,,,,,,,,,,,,,,,,,,,,,,,,,,,,,,,,,2019.0,,,,,12
Myles Gaskin,MIA,RB,14081,weighted,,,,,,,6.23678895612708,1.09880048187551,0.0246909713225399,0.0209915333597115,0.0154273827534039,0.017156128578543,,,,,0.924546142208775,0.79015833658345,6.91475037821483,6.02362139820739,0.0122844175491679,0.0149615950703013,,,,,,,,,,,,,,,,,,,,,,,,,,,,,,,,,2019.0,1970-01-01,,,,12
T.J. Yeldon,BUF,RB,12153,weighted,,,,,,,4.35659617321249,3.61022047645312,0.0,0.0,0.0393655589123867,0.045991377646641,,,,,0.628781470292044,0.679982988991124,5.55889224572004,5.7444398024826,0.0,0.0,,,,,,,,,,,,,,,,,,,,,,,,,,,,,,,,,2015.0,1993-10-02,O,Coach's Decision,2019.0,12
Devontae Booker,DEN,RB,12629,weighted,,,,,,,5.34779878971256,1.75577047811706,0.016538372290759,0.0126102090008454,0.0164599092284418,0.0168294623212763,,,0.01,0.0,0.9660741301059,0.566744809933427,7.72413767019667,4.31112715524011,0.0147201210287443,0.0190659447394284,,,,,,,,,,,,,,,,,,,,,,,,,,,,,,,,,2016.0,1992-05-27,,,,12
Devontae Booker,LVR,RB,12629,weighted,,,,,,,5.34779878971256,1.75577047811706,0.016538372290759,0.0126102090008454,0.0164599092284418,0.0168294623212763,,,0.01,0.0,0.9660741301059,0.566744809933427,7.72413767019667,4.31112715524011,0.0147201210287443,0.0190659447394284,,,,,,,,,,,,,,,,,,,,,,,,,,,,,,,,,2016.0,1992-05-27,,,,12
Brandon Bolden,NE,RB,10932,weighted,,,,,,,4.29262102874433,2.48595650010506,0.0822661473064631,0.0844601619718338,0.0092624810892587,0.0083062570460342,,,,,0.413835098335855,0.236206378474714,4.43799546142209,2.54582814347115,0.0508169440242058,0.0417720533444972,,,,,,,,,,,,,,,,,,,,,,,,,,,,,,,,,2012.0,1990-01-26,,,,12
Ty Montgomery,NYJ,RB,12261,weighted,,,,,,,4.80960476550681,1.29635461654203,0.026641202204598,0.0190832495355602,0.0082299546142208,0.0084147311606381,,,,,0.513003025718608,0.233812278095243,4.05112708018154,1.72777425656999,0.0099016641452344,0.0141573892112534,,,,,,,,,,,,,,,,,,,,,,,,,,,,,,,,,2015.0,1993-01-22,,,,12
Ty Montgomery,NO,RB,12261,weighted,,,,,,,4.80960476550681,1.29635461654203,0.026641202204598,0.0190832495355602,0.0082299546142208,0.0084147311606381,,,,,0.513003025718608,0.233812278095243,4.05112708018154,1.72777425656999,0.0099016641452344,0.0141573892112534,,,,,,,,,,,,,,,,,,,,,,,,,,,,,,,,,2015.0,1993-01-22,,,,12
Mike Davis,CAR,RB,12164,weighted,,,,,,,4.0033635448137,3.00540156502205,0.0418184004449054,0.0529990465983813,0.0,0.0,,,,,0.223705941591138,0.164762183407219,1.27434038267875,0.738131000305042,0.0,0.0,,,,,,,,,,,,,,,,,,,,,,,,,,,,,,,,,2015.0,1993-02-19,O,Coach's Decision,2019.0,12
Kerrith Whyte,PIT,RB,14289,weighted,,,,,,,6.53199108469539,0.190918830920367,0.0755572065378901,0.0353553390593274,0.0048885586924219,0.0070710678118654,,,,,0.358662704309064,0.0848528137423857,2.32890044576523,0.247487373415292,0.0097771173848439,0.0141421356237309,,,,,,,,,,,,,,,,,,,,,,,,,,,,,,,,,2019.0,1970-01-01,,,,12
C.J. Prosise,SEA,RB,12627,weighted,,,,,,,3.71792547834844,2.91557733105081,0.0414458501174891,0.0532138683809268,0.0262437059415911,0.030660918431094,,,,,0.467552870090634,0.324318782454184,3.57748237663646,2.42536603108082,0.0,0.0,,,,,,,,,,,,,,,,,,,,,,,,,,,,,,,,,2016.0,1994-05-20,O,Coach's Decision,2019.0,12
C.J. Prosise,FA,RB,12627,weighted,,,,,,,3.71792547834844,2.91557733105081,0.0414458501174891,0.0532138683809268,0.0262437059415911,0.030660918431094,,,,,0.467552870090634,0.324318782454184,3.57748237663646,2.42536603108082,0.0,0.0,,,,,,,,,,,,,,,,,,,,,,,,,,,,,,,,,2016.0,1994-05-20,O,Coach's Decision,2019.0,12
Ryan Nall,CHI,RB,13849,weighted,,,,,,,4.92018,1.30719146169375,0.058778411046885,0.0372521916096289,0.00329,0.005755208832791,,,,,0.4299,0.252448987316686,3.49466,1.63282159103319,0.00658,0.011510417665582,,,,,,,,,,,,,,,,,,,,,,,,,,,,,,,,,2018.0,1995-12-27,,,,12
Dare Ogunbowale,TB,RB,13148,weighted,,,,,,,4.11505114638448,0.644921382041888,0.0417894876154905,0.0371317525873732,0.0,0.0,,,,,2.07188124632569,0.56988299382721,14.6780364491476,1.30697038887662,0.0248559670781893,0.0354786007147964,,,,,,,,,,,,,,,,,,,,,,,,,,,,,,,,,2017.0,1994-05-04,,,,12
Trayveon Williams,CIN,RB,14076,weighted,,,,,,,5.25592,0.490208597698508,0.0136791897654584,0.0151686697050509,0.00329,0.005755208832791,,,,,0.15282,0.175042300916211,1.04165,1.11701970846737,0.00658,0.011510417665582,,,,,,,,,,,,,,,,,,,,,,,,,,,,,,,,,2019.0,1970-01-01,,,,12
Dwayne Washington,NO,RB,12845,weighted,,,,,,,3.48875255623722,2.72564663189704,0.0161975788580903,0.0211555377389323,0.0,0.0,,,,,0.174386503067485,0.180407459561914,1.7208282208589,1.77743431017107,0.0134355828220859,0.0152817430934031,,,,,,,,,,,,,,,,,,,,,,,,,,,,,,,,,2016.0,,,,,12
Dontrell Hilliard,CLE,RB,13871,weighted,,,,,,,2.95335287443268,2.24638033174107,0.104860512300467,0.136963080218885,0.0,0.0,,,0.01,0.0,0.509220877458396,0.296399257958531,5.15068078668684,3.06206517367914,0.007465960665658,0.0149787754247702,,,,,,,,,,,,,,,,,,,,,,,,,,,,,,,,,2018.0,1970-01-01,,,,12
Elijhaa Penny,NYG,RB,13239,weighted,,,,,,,2.87252269288956,2.22790108828966,0.0085032279813194,0.0144247804457934,0.0030975794251134,0.0047353005178765,,,,,0.146111951588502,0.145418235589989,1.03884266263238,0.949270222954199,0.0,0.0,,,,,,,,,,,,,,,,,,,,,,,,,,,,,,,,,2016.0,1993-08-17,,,,12
De'Lance Turner,MIA,RB,13958,weighted,,,,,,,4.02081407035176,2.06045645129316,0.0131557788944724,0.0153428472674194,0.0043852596314907,0.0051142824224731,,,,,0.237959798994975,0.146200039228879,1.7704824120603,0.53839148456754,0.0065427135678392,0.005826066108568,,,,,,,,,,,,,,,,,,,,,,,,,,,,,,,,,2018.0,1970-01-01,,,,12
De'Lance Turner,FA,RB,13958,weighted,,,,,,,4.02081407035176,2.06045645129316,0.0131557788944724,0.0153428472674194,0.0043852596314907,0.0051142824224731,,,,,0.237959798994975,0.146200039228879,1.7704824120603,0.53839148456754,0.0065427135678392,0.005826066108568,,,,,,,,,,,,,,,,,,,,,,,,,,,,,,,,,2018.0,1970-01-01,,,,12
Alexander Armah,CAR,RB,13326,weighted,,,,,,,2.00216906202723,1.16831855554331,0.0478823973501324,0.0413458418941508,0.0,0.0,,,,,0.232072617246596,0.128297240366305,0.861770045385779,0.892160747635832,0.0049243570347957,0.0057734344048068,,,,,,,,,,,,,,,,,,,,,,,,,,,,,,,,,2017.0,1994-05-17,,,,12
Buddy Howell,HOU,RB,13916,weighted,,,,,,,2.20302950075643,1.03434726794919,0.0158408491817271,0.0110284769820219,0.0,0.0,,,,,0.082125567322239,0.164766529672472,0.823305597579425,1.38691320684422,0.0049773071104387,0.0099858502831801,,,,,,,,,,,,,,,,,,,,,,,,,,,,,,,,,2018.0,1970-01-01,,,,12
Patrick DiMarco,BUF,RB,11100,weighted,,,,,,,1.95541603630862,1.07481867635259,0.0095280556924267,0.0082092018652573,0.0,0.0,,,,,0.518161875945537,0.228531809913821,4.28232980332829,2.01652078373172,0.0098487140695915,0.0115468688096137,,,,,,,,,,,,,,,,,,,,,,,,,,,,,,,,,2011.0,1989-04-30,,,,12
Damien Harris,NE,RB,14075,weighted,,,,,,,2.69166163141994,1.38294565714285,0.0062547954730734,0.0055942944016571,0.0,0.0,,,,,0.0706143001007049,0.0266712057974171,0.707995971802618,0.287276562682631,0.0,0.0,,,,,,,,,,,,,,,,,,,,,,,,,,,,,,,,,2019.0,1970-01-01,Q,Hamstring,2019.0,12
T.J. Logan,TB,RB,13142,weighted,,,,,,,2.275,1.25959742217095,0.007006872973629,0.0048558003427595,0.0,0.0,,,0.01,0.0,0.346989409984871,0.198843512565719,2.78586989409985,1.92764576554215,0.0049773071104387,0.0099858502831801,,,,,,,,,,,,,,,,,,,,,,,,,,,,,,,,,2017.0,1994-09-03,,,,12
Devine Ozigbo,JAC,RB,14096,weighted,,,,,,,3.01863567073171,0.526794551983978,0.0139197739045975,0.0086250340419067,0.005015243902439,0.0070710678118654,,,,,0.195289634146341,0.134350288425444,0.882682926829268,1.24450793488832,0.005015243902439,0.0070710678118654,,,,,,,,,,,,,,,,,,,,,,,,,,,,,,,,,2019.0,1970-01-01,,,,12
Kyle Juszczyk,SF,RB,11367,weighted,,,,,,,2.07057866868381,0.872220595807586,0.0151261222953585,0.0172837865298839,0.0690393343419062,0.0405703770582124,,,,,1.5754462934947,0.709111298887989,16.0840393343419,7.92532801561966,0.0371028744326778,0.0451189746428316,,,,,,,,,,,,,,,,,,,,,,,,,,,,,,,,,2013.0,1991-04-23,,,,12
Jordan Scarlett,CAR,RB,14094,weighted,,,,,,,2.27926829268293,0.339411254969543,0.0080940638450502,0.002703643575125,0.0,0.0,,,,,0.155381097560976,0.176776695296637,0.466417682926829,0.657609306503489,0.005015243902439,0.0070710678118654,,,,,,,,,,,,,,,,,,,,,,,,,,,,,,,,,2019.0,,,,,12
Dan Vitale,GB,RB,12822,weighted,,,,,,,0.3323241301059,0.305485554433911,0.0,0.0,0.0,0.0,,,,,0.416754916792738,0.229380724272464,4.35085476550681,2.50723532996557,0.0098487140695915,0.0115468688096137,,,,,,,,,,,,,,,,,,,,,,,,,,,,,,,,,2016.0,,Q,Knee,2019.0,12
Dan Vitale,NE,RB,12822,weighted,,,,,,,0.3323241301059,0.305485554433911,0.0,0.0,0.0,0.0,,,,,0.416754916792738,0.229380724272464,4.35085476550681,2.50723532996557,0.0098487140695915,0.0115468688096137,,,,,,,,,,,,,,,,,,,,,,,,,,,,,,,,,2016.0,,Q,Knee,2019.0,12
Tyler Ervin,JAC,RB,12639,weighted,,,,,,,1.92596302003082,0.176776695296637,0.007830636877247,0.0030444875301087,0.0,0.0,,,,,0.144653312788906,0.0636396103067893,1.09922958397535,0.141421356237309,0.0049614791987673,0.0070710678118654,,,,,,,,,,,,,,,,,,,,,,,,,,,,,,,,,2016.0,1993-10-07,,,,12
Tyler Ervin,GB,RB,12639,weighted,,,,,,,1.92596302003082,0.176776695296637,0.007830636877247,0.0030444875301087,0.0,0.0,,,,,0.144653312788906,0.0636396103067893,1.09922958397535,0.141421356237309,0.0049614791987673,0.0070710678118654,,,,,,,,,,,,,,,,,,,,,,,,,,,,,,,,,2016.0,1993-10-07,,,,12
Jamize Olawale,DAL,RB,10985,weighted,,,,,,,0.938986384266263,0.309227232573463,0.0,0.0,0.0,0.0,,,,,0.111596066565809,0.104275445046701,0.451444780635401,0.353692709842816,0.0024886535552193,0.00499292514159,,,,,,,,,,,,,,,,,,,,,,,,,,,,,,,,,2012.0,1989-04-17,,,,12
Keith Smith,ATL,RB,12040,weighted,,,,,,,1.22137014314928,0.488902382461206,0.0100400434674722,6.91994716996273e-05,0.0,0.0,0.01,0.0,,,0.177505112474438,0.218465722549011,0.892678936605317,0.958721522629837,0.0100204498977505,0.0100308011756425,,,,,,,,,,,,,,,,,,,,,,,,,,,,,,,,,2014.0,1992-04-08,,,,12
Michael Burton,WAS,RB,12325,weighted,,,,,,,0.136451612903226,0.190918830920368,0.0050537634408602,0.0070710678118654,0.0,0.0,,,,,0.210537634408602,0.0707106781186548,1.56881720430108,0.502045814642449,0.0150537634408602,0.0070710678118654,,,,,,,,,,,,,,,,,,,,,,,,,,,,,,,,,2015.0,1992-02-01,,,,12
Dexter Williams,GB,RB,14074,weighted,,,,,,,1.28503852080123,0.0070710678118654,0.0075004213212634,0.0035079125472926,0.0150385208012327,0.0070710678118654,,,,,0.12557781201849,0.106066017177982,2.23371340523883,2.51730014102411,0.0,0.0,,,,,,,,,,,,,,,,,,,,,,,,,,,,,,,,,2019.0,,,,,12
Senorise Perry,BUF,RB,11964,weighted,,,,,,,0.670582914572864,0.212762012341287,0.0033065326633165,0.0057628956563121,0.0,0.0,,,,,0.158361809045226,0.235209983560088,1.78292462311558,2.80177936501724,0.0066130653266331,0.0115257913126244,,,,,,,,,,,,,,,,,,,,,,,,,,,,,,,,,2014.0,1991-09-19,,,,12
Senorise Perry,TEN,RB,11964,weighted,,,,,,,0.670582914572864,0.212762012341287,0.0033065326633165,0.0057628956563121,0.0,0.0,,,,,0.158361809045226,0.235209983560088,1.78292462311558,2.80177936501724,0.0066130653266331,0.0115257913126244,,,,,,,,,,,,,,,,,,,,,,,,,,,,,,,,,2014.0,1991-09-19,,,,12
Javorius Allen,NYG,RB,12159,weighted,,,,,,,0.52673343605547,0.318198051533946,0.0,0.0,0.0,0.0,,,,,0.140462249614792,0.0848528137423857,0.213343605546995,0.304055915910215,0.0,0.0,,,,,,,,,,,,,,,,,,,,,,,,,,,,,,,,,2015.0,1991-08-27,,,,12
Roosevelt Nix,PIT,RB,4397,weighted,,,,,,,0.61,,0.0,,0.0,,,,,,0.05,,0.34,,0.0,,,,,,,,,,,,,,,,,,,,,,,,,,,,,,,,,,,,IR,Knee,2019.0,12
Roosevelt Nix,IND,RB,4397,weighted,,,,,,,0.61,,0.0,,0.0,,,,,,0.05,,0.34,,0.0,,,,,,,,,,,,,,,,,,,,,,,,,,,,,,,,,,,,IR,Knee,2019.0,12
Nick Bellore,SEA,RB,10514,weighted,,,,,,,0.167202680067002,0.180692528691372,0.0,0.0,0.0,0.0,,,,,0.164683417085427,0.0992398965124266,1.54364824120603,1.35038024607152,0.0033065326633165,0.0057628956563121,,,,,,,,,,,,,,,,,,,,,,,,,,,,,,,,,2011.0,1989-05-12,,,,12
Patrick Ricard,BAL,RB,13455,weighted,,,,,,,0.0496217851739788,0.0577393001856585,0.0,0.0,0.0,0.0,,,,,0.580605143721634,0.15077256571809,3.57889561270802,1.08171810160618,0.0358547655068079,0.0441799976772311,,,,,,,,,,,,,,,,,,,,,,,,,,,,,,,,,2017.0,1994-05-27,,,,12
Taiwan Jones,HOU,RB,10368,weighted,,,,,,,0.0,0.0,0.0,0.0,0.0,0.0,,,,,0.158361809045226,0.235209983560088,1.65124623115578,2.22168334020657,0.0066130653266331,0.0115257913126244,,,,,,,,,,,,,,,,,,,,,,,,,,,,,,,,,2011.0,1988-07-26,,,,12
Taiwan Jones,BUF,RB,10368,weighted,,,,,,,0.0,0.0,0.0,0.0,0.0,0.0,,,,,0.158361809045226,0.235209983560088,1.65124623115578,2.22168334020657,0.0066130653266331,0.0115257913126244,,,,,,,,,,,,,,,,,,,,,,,,,,,,,,,,,2011.0,1988-07-26,,,,12
Michael Thomas,NO,WR,12652,weighted,,,,,,,0.246962580241115,0.54779931118879,0.0027278064819163,0.0035910451203041,0.0849788633161109,0.0218505151074912,,,,,9.44994833255049,0.919215650005837,109.662240488492,6.84104873941128,0.754574917801785,0.217737011400667,,,,,,,,,,,,,,,,,,,,,,,,,,,,,,,,,2016.0,1994-08-16,,,,12
Julio Jones,ATL,WR,10271,weighted,,,,,,,0.715982464380773,0.277936783408937,0.0023665334303441,0.0036417793655724,0.0803100046970409,0.0168957539513452,,,,,7.1215641146078,0.685090054232147,104.142898074213,9.62745642275195,0.704067637388445,0.26159296901983,,,,,,,,,,,,,,,,,,,,,,,,,,,,,,,,,2011.0,1989-02-03,,,,12
Mike Evans,TB,WR,11671,weighted,,,,,,,0.090919054329106,0.0781077336175486,0.0,0.0,0.0702959135744481,0.0295834727852685,,,,,5.93990136214185,0.59541980103737,96.5726820103335,4.36140851706445,0.733367778299671,0.23313098160096,,,,,,,,,,,,,,,,,,,,,,,,,,,,,,,,,2014.0,1993-08-21,,,,12
Davante Adams,GB,WR,11675,weighted,,,,,,,0.0825270079849695,0.0773973599312587,0.0,0.0,0.0749647721935181,0.0364175251791519,,,,,6.15058243306717,0.903946610997017,80.092249882574,12.8917791003548,0.623302019727572,0.333885520768115,,,,,,,,,,,,,,,,,,,,,,,,,,,,,,,,,2014.0,1992-12-24,,,,12
DeAndre Hopkins,HOU,WR,11232,weighted,,,,,,,0.478991701894473,0.400661008352577,0.0018181340026616,0.0038116546955987,0.0899859088774072,0.0145670100716608,,,,,7.46945044621888,0.612942436889536,84.8415735086895,5.89510404634253,0.710699859088774,0.253268508266481,,,,,,,,,,,,,,,,,,,,,,,,,,,,,,,,,2013.0,1992-06-06,,,,12
DeAndre Hopkins,ARI,WR,11232,weighted,,,,,,,0.478991701894473,0.400661008352577,0.0018181340026616,0.0038116546955987,0.0899859088774072,0.0145670100716608,,,,,7.46945044621888,0.612942436889536,84.8415735086895,5.89510404634253,0.710699859088774,0.253268508266481,,,,,,,,,,,,,,,,,,,,,,,,,,,,,,,,,2013.0,1992-06-06,,,,12
Tyler Lockett,SEA,WR,12187,weighted,,,,,,,1.91926882730546,0.627946725790879,0.0066699617693435,0.0073370319088382,0.0749647721935181,0.0364175251791519,,,0.03,0.0,5.95035227806482,1.26002504216082,79.052733677783,12.3778032499833,0.700206669798027,0.265259628039446,,,,,,,,,,,,,,,,,,,,,,,,,,,,,,,,,2015.0,1992-09-28,,,,12
D.J. Chark,JAC,WR,13668,weighted,,,,,,,1.81970565210584,0.352502327952997,0.0046679285782151,0.0073024861306551,0.0652888680131517,0.036458029007117,,,0.01,0.0,5.07823391263504,1.00504471070321,72.0344105213715,12.5854358635013,0.674368248003758,0.280887823598013,,,,,,,,,,,,,,,,,,,,,,,,,,,,,,,,,2018.0,1996-09-23,,,,12
Odell Beckham,CLE,WR,11679,weighted,,,,,,,1.42264599968686,0.251947065600942,0.0031407841990363,0.0035914268699756,0.0803100046970409,0.0168957539513452,,,,,5.3363081258807,1.01493907985574,76.3775763269141,12.0027596218951,0.628341944574918,0.34708511639223,,,,,,,,,,,,,,,,,,,,,,,,,,,,,,,,,2014.0,1992-11-05,,,,12
Amari Cooper,DAL,WR,12175,weighted,,,,,,,0.307108188507907,0.199277087126119,0.0,0.0,0.0448003757632691,0.0355639339338428,,,,,5.10069985908877,0.412575068577825,75.4169093471113,7.17621968036639,0.56394081728511,0.230691710321677,,,,,,,,,,,,,,,,,,,,,,,,,,,,,,,,,2015.0,1994-06-18,,,,12
Chris Godwin,TB,WR,13163,weighted,,,,,,,0.578190073586973,0.0663259311081909,0.0042008244887822,0.0045045642855291,0.0727994363550963,0.0262291047830157,,,,,5.80245185533114,0.639113974968202,79.2086566463128,4.12217882088531,0.692588069516205,0.268242065216127,,,,,,,,,,,,,,,,,,,,,,,,,,,,,,,,,2017.0,1996-02-27,,,,12
Julian Edelman,NE,WR,9662,weighted,,,,,,,3.36445592609989,0.813558931866438,0.0136339022988059,0.014753889804107,0.1,0.0,,,,,6.25348520432128,0.797944681706898,70.2057209957727,9.49765312201072,0.52066228276186,0.253586728977959,,,,,,,,,,,,,,,,,,,,,,,,,,,,,,,,,2009.0,1986-05-22,Q,Shoulder,2019.0,12
T.Y. Hilton,IND,WR,10729,weighted,,,,,,,0.0845708406819518,0.0778227954942547,0.0,0.0,0.0,0.0,,,,,4.94012345679012,0.722203792371508,68.1699353321576,9.53094100724857,0.556942974720752,0.27054696494227,,,,,,,,,,,,,,,,,,,,,,,,,,,,,,,,,2012.0,1989-11-14,,,,12
Cooper Kupp,LAR,WR,13164,weighted,,,,,,,0.802956004383905,0.412368439908177,0.0,0.0,0.0749647721935181,0.0364175251791519,,,,,5.61494598403006,0.737330439364545,73.436054485674,5.42508084893848,0.650582433067168,0.302377552138656,,,,,,,,,,,,,,,,,,,,,,,,,,,,,,,,,2017.0,1993-06-15,,,,12
Tyrell Williams,OAK,WR,12391,weighted,,,,,,,0.187475014697237,0.135669679297629,0.0,0.0,0.0197040956300216,0.0180552034722282,,,,,4.18841857730747,1.10273803972968,62.42759553204,10.0773692357491,0.52716049382716,0.291623097826772,,,,,,,,,,,,,,,,,,,,,,,,,,,,,,,,,,,,,,12
Tyrell Williams,LVR,WR,12391,weighted,,,,,,,0.187475014697237,0.135669679297629,0.0,0.0,0.0197040956300216,0.0180552034722282,,,,,4.18841857730747,1.10273803972968,62.42759553204,10.0773692357491,0.52716049382716,0.291623097826772,,,,,,,,,,,,,,,,,,,,,,,,,,,,,,,,,,,,,,12
D.J. Moore,CAR,WR,13635,weighted,,,,,,,3.17399718177548,1.5203243923068,0.0,0.0,0.0924894316580554,0.0109252575537456,,,0.03,0.0,5.76362611554721,0.696775667950682,72.6355519023015,5.11399123679479,0.411714419915453,0.320718949956217,,,,,,,,,,,,,,,,,,,,,,,,,,,,,,,,,2018.0,1997-04-14,,,,12
Deebo Samuel,SF,WR,14136,weighted,,,,,,,2.79949735449735,1.143979020858,0.0434928887615038,0.0337072810167631,0.0881775426219871,0.0108331220833369,,,,,4.67373309817754,1.47713662687329,60.6532745443857,12.2079250976898,0.418536155202822,0.352514255404435,,,,,,,,,,,,,,,,,,,,,,,,,,,,,,,,,2019.0,1996-01-15,Q,Shoulder,2019.0,12
Jarvis Landry,CLE,WR,11680,weighted,,,,,,,0.840740740740741,0.560589382267035,0.0,0.0,0.0724142661179698,0.0252772848611195,,,,,4.79550852439741,0.561582949044841,67.0946560846561,9.91503942234689,0.525220458553792,0.293712428809259,,,,,,,,,,,,,,,,,,,,,,,,,,,,,,,,,2014.0,1992-11-28,,,,12
Kenny Golladay,DET,WR,13277,weighted,,,,,,,0.203345232503523,0.136502289214484,0.0,0.0,0.0502160638797558,0.035651910133866,,,,,4.19090183184594,0.428355387102114,67.2144058243307,6.0838727349857,0.581582902771254,0.223954939391587,,,,,,,,,,,,,,,,,,,,,,,,,,,,,,,,,2017.0,1993-01-01,,,,12
Courtland Sutton,DEN,WR,13630,weighted,,,,,,,1.81849068420229,0.850040372604272,0.0038769307799429,0.0045970381380122,0.0,0.0,,,,,4.56693752935651,0.339605951264324,70.5285016439643,4.9659998464425,0.491817754814467,0.266086114030374,,,,,,,,,,,,,,,,,,,,,,,,,,,,,,,,,2018.0,1995-10-10,,,,12
Golden Tate,NYG,WR,9831,weighted,,,,,,,1.89059670781893,0.322558052384925,0.0042414851617652,0.0035831870117096,0.1,1.55230520145092e-17,,,,,5.37553203997648,0.511563623999396,63.9812580834803,7.25821497076,0.484027042915932,0.329722037913798,,,,,,,,,,,,,,,,,,,,,,,,,,,,,,,,,2010.0,1988-08-02,,,,12
Calvin Ridley,ATL,WR,13629,weighted,,,,,,,0.973823633156966,0.40396004365421,0.0049357274052817,0.003602590617868,0.0573721340388007,0.028283945986318,,,0.03,0.0,5.23000587889477,0.276121123284316,71.6254320987654,3.17418782852774,0.674532627865961,0.219143817537751,,,,,,,,,,,,,,,,,,,,,,,,,,,,,,,,,2018.0,1994-12-20,,,,12
DeVante Parker,MIA,WR,12176,weighted,,,,,,,0.0208024691358025,0.0283438737457233,0.0,0.0,0.0039408191260043,0.0036110406944456,,,,,4.582810111699,0.303020835809249,65.3114226925338,6.1643260148359,0.525390946502058,0.294694006895076,,,,,,,,,,,,,,,,,,,,,,,,,,,,,,,,,2015.0,1993-01-20,,,,12
Allen Robinson,CHI,WR,11678,weighted,,,,,,,0.0649920150305308,0.0377168388589796,0.0,0.0,0.0780366369187412,0.0288936983305784,,,,,5.0147299201503,0.337265553672235,63.1575293565054,8.34366666734338,0.610361672146548,0.337447204329522,,,,,,,,,,,,,,,,,,,,,,,,,,,,,,,,,2014.0,1993-08-24,,,,12
Terry McLaurin,WAS,WR,14109,weighted,,,,,,,0.357727807172252,0.350779465207585,0.0,0.0,0.0,0.0,,,,,4.43164021164021,1.02944785040959,63.5331275720165,6.23701516795388,0.502104644326867,0.301159265051205,,,,,,,,,,,,,,,,,,,,,,,,,,,,,,,,,2019.0,1995-09-15,,,,12
Michael Gallup,DAL,WR,13646,weighted,,,,,,,0.0148589065255732,0.0202456241040881,0.0,0.0,0.0,0.0,,,,,4.47722516166961,0.399473197575498,65.7682657260435,5.6103942604453,0.43413874191652,0.345423736188732,,,,,,,,,,,,,,,,,,,,,,,,,,,,,,,,,2018.0,1996-03-04,,,,12
Jamison Crowder,NYJ,WR,12184,weighted,,,,,,,0.839024103468548,0.473319494362009,0.0026494887143035,0.0041181373578192,0.0605918087399569,0.0361104069444564,,,0.01,0.0,5.38124632569077,0.998185746450698,61.9546031746032,7.27975726834982,0.500041152263375,0.304941272472692,,,,,,,,,,,,,,,,,,,,,,,,,,,,,,,,,2015.0,1993-06-17,,,,12
John Brown,BUF,WR,11783,weighted,,,,,,,0.377500234852043,0.195417315140456,0.0,0.0,0.0,0.0,,,,,4.57686237670268,0.247296727067109,67.1122404884922,0.700298414556535,0.530103334899014,0.244471836776116,,,,,,,,,,,,,,,,,,,,,,,,,,,,,,,,,2014.0,1990-04-03,,,,12
Marquise Brown,BAL,WR,14105,weighted,,,,,,,3.02845972957084,3.11704586895148,0.0,0.0,0.0,0.0,,,0.01,0.0,3.80916519694297,0.593160044391219,54.7207407407407,7.5618713647051,0.264062316284539,0.17012381100608,,,,,,,,,,,,,,,,,,,,,,,,,,,,,,,,,2019.0,1997-06-04,,,,12
James Washington,PIT,WR,13631,weighted,,,,,,,0.0726837154614933,0.0715605443868952,0.0,0.0,0.178816382520086,0.0722208138889128,,,,,4.06976484420929,1.25926279107938,57.195773074662,9.87573117393947,0.219717813051146,0.192984991630995,,,,,,,,,,,,,,,,,,,,,,,,,,,,,,,,,2018.0,1996-04-02,,,,12
DK Metcalf,SEA,WR,14102,weighted,,,,,,,1.1597442680776,0.44651954679316,0.0062642137751786,0.0040855400186831,0.179815794630609,0.0182226349026327,,,,,4.0838506760729,0.609861854661662,61.2256378600823,5.00541405470861,0.571322751322751,0.262449594369562,,,,,,,,,,,,,,,,,,,,,,,,,,,,,,,,,2019.0,1997-12-14,,,,12
Corey Davis,TEN,WR,13153,weighted,,,,,,,0.467398589065256,0.277084689890995,0.0,0.0,0.0,0.0,,,,,3.42221046443269,0.977074140123926,46.0942680776014,11.074558932857,0.166919459141681,0.10105764609055,,,,,,,,,,,,,,,,,,,,,,,,,,,,,,,,,2017.0,1995-01-11,,,,12
Marvin Jones,DET,WR,10738,weighted,,,,,,,1.79481187536743,1.20238689499257,0.0147354497354497,0.0109283737312004,0.0,0.0,,,,,4.03344503233392,0.435638267770828,54.6738154027043,7.63928778219689,0.602110523221634,0.250362141267081,,,,,,,,,,,,,,,,,,,,,,,,,,,,,,,,,2012.0,1990-03-12,,,,12
Emmanuel Sanders,SF,WR,9918,weighted,,,,,,,0.54620811287478,0.306895969373181,0.0029717813051146,0.0040491248208176,0.0,0.0,,,,,3.79118753674309,0.341844126819011,49.9306114050558,7.0953009427174,0.259182833627278,0.160477515121421,,,,,,,,,,,,,,,,,,,,,,,,,,,,,,,,,2010.0,1987-03-17,Q,Ribs,2019.0,12
Emmanuel Sanders,NO,WR,9918,weighted,,,,,,,0.54620811287478,0.306895969373181,0.0029717813051146,0.0040491248208176,0.0,0.0,,,,,3.79118753674309,0.341844126819011,49.9306114050558,7.0953009427174,0.259182833627278,0.160477515121421,,,,,,,,,,,,,,,,,,,,,,,,,,,,,,,,,2010.0,1987-03-17,Q,Ribs,2019.0,12
Will Fuller,HOU,WR,12647,weighted,,,,,,,0.171005291005291,0.0981837192360887,0.0,0.0,0.0,0.0,,,,,3.80692533803645,0.699321599127231,53.5709758965315,5.89808351105497,0.259135802469136,0.173996471869722,,,,,,,,,,,,,,,,,,,,,,,,,,,,,,,,,2016.0,1994-04-16,,,,12
Robert Woods,LAR,WR,11228,weighted,,,,,,,5.26363021751911,0.67324592608263,0.0408528401471435,0.0344996717264371,0.0404076033705663,0.0364582002483159,,,,,4.28835390946502,0.3196549683468,56.2334509112287,2.94349114361085,0.149676660787772,0.120243738952184,,,,,,,,,,,,,,,,,,,,,,,,,,,,,,,,,2013.0,1992-04-10,,,,12
Tyler Boyd,CIN,WR,12650,weighted,,,,,,,1.80104644326867,0.603326679788428,0.0081930405667865,0.0073065846255392,0.0404076033705663,0.0364582002483159,,,0.01,0.0,4.72490299823633,0.465338647459999,54.4952204585538,4.9245135413785,0.205443856554968,0.131843442639821,,,,,,,,,,,,,,,,,,,,,,,,,,,,,,,,,2016.0,1994-11-15,,,,12
Alshon Jeffery,PHI,WR,10722,weighted,,,,,,,0.297716521106259,0.326774674280541,0.0422125181950509,0.0415700098767353,0.0,0.0,,,,,4.73548762736536,0.967157921081587,54.6505895196507,2.66421733553493,0.562751091703057,0.31748466413119,,,,,,,,,,,,,,,,,,,,,,,,,,,,,,,,,2012.0,1990-02-14,O,Ankle,2019.0,12
Sterling Shepard,NYG,WR,12658,weighted,,,,,,,2.83256907701352,0.81790683589958,0.006531052061406,0.0040687971031278,0.0394081912600431,0.0361104069444564,,,,,3.82332745443857,0.419041377097878,48.7241975308642,8.25887309431537,0.160194003527337,0.118481059463297,,,,,,,,,,,,,,,,,,,,,,,,,,,,,,,,,2016.0,,,,,12
A.J. Brown,TEN,WR,14104,weighted,,,,,,,0.309400352733686,0.243488015933324,0.0,0.0,0.0,0.0,,,,,3.04395649617872,0.677309518714637,45.9871075837742,7.96093183180056,0.200558495002939,0.125376110415783,,,,,,,,,,,,,,,,,,,,,,,,,,,,,,,,,2019.0,1997-06-30,,,,12
Dede Westbrook,JAC,WR,13158,weighted,,,,,,,2.75249853027631,0.124256026847422,0.0120104182023687,0.0082617949292022,0.0645326278659612,0.0324993662500108,,,0.01,0.0,4.45573780129336,0.543987209887039,47.9883480305703,6.11087557959646,0.15435038212816,0.110774367281437,,,,,,,,,,,,,,,,,,,,,,,,,,,,,,,,,2017.0,1993-11-21,,,,12
Diontae Johnson,PIT,WR,14208,weighted,,,,,,,1.18184891240447,0.620643461371475,0.0026229246487867,0.0041257548217714,0.0921183617479914,0.0072220813888912,,,0.01,0.0,3.27486772486772,1.01926617056892,44.0340270429159,11.364165930866,0.225537918871252,0.146385331998058,,,,,,,,,,,,,,,,,,,,,,,,,,,,,,,,,2019.0,,,,,12
Brandin Cooks,LAR,WR,11674,weighted,,,,,,,3.18125220458554,0.735466538391227,0.0125070219288443,0.0081737020305008,0.0,0.0,,,,,3.39283950617284,0.470378401825887,50.9736155202822,3.28621436148118,0.158971193415638,0.119749614820045,,,,,,,,,,,,,,,,,,,,,,,,,,,,,,,,,2014.0,1993-09-25,,,,12
Brandin Cooks,HOU,WR,11674,weighted,,,,,,,3.18125220458554,0.735466538391227,0.0125070219288443,0.0081737020305008,0.0,0.0,,,,,3.39283950617284,0.470378401825887,50.9736155202822,3.28621436148118,0.158971193415638,0.119749614820045,,,,,,,,,,,,,,,,,,,,,,,,,,,,,,,,,2014.0,1993-09-25,,,,12
Hunter Renfrow,OAK,WR,14123,weighted,,,,,,,0.095978835978836,0.0777216977006145,0.0,0.0,0.0078816382520086,0.0072220813888912,,,,,3.77001175778954,0.751056794615935,42.0894238683128,7.37693105574688,0.178565549676661,0.114414685977734,,,,,,,,,,,,,,,,,,,,,,,,,,,,,,,,,2019.0,1970-01-01,,,,12
Hunter Renfrow,LVR,WR,14123,weighted,,,,,,,0.095978835978836,0.0777216977006145,0.0,0.0,0.0078816382520086,0.0072220813888912,,,,,3.77001175778954,0.751056794615935,42.0894238683128,7.37693105574688,0.178565549676661,0.114414685977734,,,,,,,,,,,,,,,,,,,,,,,,,,,,,,,,,2019.0,1970-01-01,,,,12
Curtis Samuel,CAR,WR,13157,weighted,,,,,,,3.64612286890065,2.37693995303202,0.0518041952009247,0.0333517623852994,0.0118224573780129,0.0108331220833369,,,,,3.69780129335685,0.419008033959602,46.5274603174603,5.91353792080321,0.280299823633157,0.172571337120032,,,,,,,,,,,,,,,,,,,,,,,,,,,,,,,,,2017.0,1996-08-11,,,,12
Kenny Stills,HOU,WR,11227,weighted,,,,,,,0.0297178130511464,0.0404912482081762,0.0,0.0,0.0078816382520086,0.0072220813888912,,,,,3.32267489711934,0.504869457455726,43.0309053497942,5.42274827257463,0.178230452674897,0.137571808834033,,,,,,,,,,,,,,,,,,,,,,,,,,,,,,,,,2013.0,1992-04-22,,,,12
Darius Slayton,NYG,WR,14122,weighted,,,,,,,0.653584723229393,0.591893985284028,0.0,0.0,0.0,0.0,,,,,3.5188977519942,0.495175402934676,48.0150326323423,3.03924628145855,0.2508049311095,0.182934353633931,,,,,,,,,,,,,,,,,,,,,,,,,,,,,,,,,2019.0,1997-01-12,,,,12
Demaryius Thomas,NYJ,WR,9884,weighted,,,,,,,0.0386331569664903,0.052638622670629,0.0,0.0,0.0,0.0,,,,,3.8686125808348,0.774500368368013,45.0985479129924,6.73883422224582,0.141763668430335,0.137237600408922,,,,,,,,,,,,,,,,,,,,,,,,,,,,,,,,,2010.0,1987-12-25,,,,12
Chris Conley,JAC,WR,12257,weighted,,,,,,,0.0505202821869489,0.0688351219538995,0.0,0.0,0.0236449147560259,0.0216662441666738,,,,,3.28907701352146,0.72590611678629,44.517671957672,5.96621104611186,0.129488536155203,0.103733441674146,,,,,,,,,,,,,,,,,,,,,,,,,,,,,,,,,2015.0,1992-10-25,,,,12
Randall Cobb,DAL,WR,10308,weighted,,,,,,,0.922645502645503,0.169060051392502,0.0,0.0,0.0798157946306094,0.0182226349026328,,,,,3.75992357436802,0.57426477976152,45.5537918871252,3.70954741776563,0.182269253380364,0.114712402919552,,,,,,,,,,,,,,,,,,,,,,,,,,,,,,,,,2011.0,1990-08-22,,,,12
Randall Cobb,HOU,WR,10308,weighted,,,,,,,0.922645502645503,0.169060051392502,0.0,0.0,0.0798157946306094,0.0182226349026328,,,,,3.75992357436802,0.57426477976152,45.5537918871252,3.70954741776563,0.182269253380364,0.114712402919552,,,,,,,,,,,,,,,,,,,,,,,,,,,,,,,,,2011.0,1990-08-22,,,,12
Adam Humphries,TEN,WR,12505,weighted,,,,,,,0.292087007642563,0.151933644594175,0.0,0.0,0.0,0.0,,,,,3.19923574368019,0.617876173453969,36.0599470899471,8.29252968640787,0.134362139917695,0.0910198773104826,,,,,,,,,,,,,,,,,,,,,,,,,,,,,,,,,,,,,,12
Auden Tate,CIN,WR,13642,weighted,,,,,,,0.0198391959798995,0.0345773739378731,0.0,0.0,0.1,0.0,,,,,2.66683417085427,0.661559219848495,36.660040201005,11.4241022822204,0.149597989949749,0.0864434348446826,,,,,,,,,,,,,,,,,,,,,,,,,,,,,,,,,2018.0,1997-02-03,,,,12
Cole Beasley,BUF,WR,10973,weighted,,,,,,,0.0697119341563786,0.0704912730458435,0.0,0.0,0.0039408191260043,0.0036110406944456,,,,,3.95320987654321,0.651208620274076,41.2209758965314,4.94720930797892,0.218012933568489,0.13488920866115,,,,,,,,,,,,,,,,,,,,,,,,,,,,,,,,,2012.0,1989-04-26,,,,12
Zach Pascal,IND,WR,13488,weighted,,,,,,,0.634935332157554,0.396758362971094,0.0,0.0,0.0,0.0,,,,,3.18442092886537,0.68446304444456,40.2631746031746,5.92101374504121,0.248683127572016,0.18215672910074,,,,,,,,,,,,,,,,,,,,,,,,,,,,,,,,,2017.0,1994-12-18,,,,12
Robby Anderson,NYJ,WR,12930,weighted,,,,,,,0.173674309229865,0.159186591550018,0.0,0.0,0.0197040956300216,0.0180552034722282,,,,,2.8547619047619,0.153748761706854,41.815620223398,2.98683163215895,0.217724867724868,0.13352730459854,,,,,,,,,,,,,,,,,,,,,,,,,,,,,,,,,2016.0,1993-05-09,,,,12
Robby Anderson,CAR,WR,12930,weighted,,,,,,,0.173674309229865,0.159186591550018,0.0,0.0,0.0197040956300216,0.0180552034722282,,,,,2.8547619047619,0.153748761706854,41.815620223398,2.98683163215895,0.217724867724868,0.13352730459854,,,,,,,,,,,,,,,,,,,,,,,,,,,,,,,,,2016.0,1993-05-09,,,,12
Danny Amendola,DET,WR,9308,weighted,,,,,,,0.0429835390946502,0.034272014696609,0.0,0.0,0.0,0.0,,,,,3.67911816578483,0.48085269165255,40.1528806584362,3.99943007800043,0.126848912404468,0.107663328701292,,,,,,,,,,,,,,,,,,,,,,,,,,,,,,,,,2008.0,1985-11-02,,,,12
Taylor Gabriel,CHI,WR,11975,weighted,,,,,,,2.34751322751323,0.28159133865846,0.0094465674719286,0.0070104408943121,0.0118224573780129,0.0108331220833369,,,,,3.50043503821282,0.440927975230837,40.356784244562,3.88274095376842,0.222674897119342,0.151575062842426,,,,,,,,,,,,,,,,,,,,,,,,,,,,,,,,,2014.0,1991-02-17,,,,12
Taylor Gabriel,FA,WR,11975,weighted,,,,,,,2.34751322751323,0.28159133865846,0.0094465674719286,0.0070104408943121,0.0118224573780129,0.0108331220833369,,,,,3.50043503821282,0.440927975230837,40.356784244562,3.88274095376842,0.222674897119342,0.151575062842426,,,,,,,,,,,,,,,,,,,,,,,,,,,,,,,,,2014.0,1991-02-17,,,,12
Alex Erickson,CIN,WR,12913,weighted,,,,,,,2.04346854791299,0.34808214756883,0.0040180665389745,0.0035976103733244,0.0684734469919655,0.0288883255555651,,,,,3.10529100529101,0.637460094292789,37.16379776602,4.45357214243527,0.0949206349206349,0.0611125337454547,,,,,,,,,,,,,,,,,,,,,,,,,,,,,,,,,2016.0,1992-11-06,,,,12
Allen Hurns,MIA,WR,11925,weighted,,,,,,,0.0178306878306878,0.0242947489249057,0.0,0.0,0.0798157946306094,0.0182226349026328,,,,,2.49898295120517,0.367474545290668,33.7494650205761,6.36084714660098,0.124697236919459,0.0939057121601511,,,,,,,,,,,,,,,,,,,,,,,,,,,,,,,,,2014.0,1991-11-21,,,,12
Russell Gage,ATL,WR,13809,weighted,,,,,,,0.0297844175491679,0.103731698667039,0.0,0.0,0.101285930408472,0.0822600013471348,,,,,3.49149016641452,0.519251980576735,35.5895158850227,6.27213653687967,0.221830559757942,0.129550933655605,,,,,,,,,,,,,,,,,,,,,,,,,,,,,,,,,2018.0,1996-01-22,,,,12
N'Keal Harry,NE,WR,14101,weighted,,,,,,,0.474732510288066,0.299580203018671,0.0,0.0,0.0798157946306094,0.0182226349026328,,,,,2.85931804820694,0.593905088193886,36.4256848912404,5.45411540384596,0.164814814814815,0.122395285826159,,,,,,,,,,,,,,,,,,,,,,,,,,,,,,,,,2019.0,1970-01-01,,,,12
Josh Gordon,SEA,WR,10960,weighted,,,,,,,0.206449147560259,0.0826621683136853,0.0,0.0,0.0197040956300216,0.0180552034722282,,,,,2.31312169312169,0.372152963815342,33.8214873603762,5.74668644615471,0.134168136390359,0.0952356220257623,,,,,,,,,,,,,,,,,,,,,,,,,,,,,,,,,2012.0,1991-04-13,,,,12
Josh Gordon,FA,WR,10960,weighted,,,,,,,0.206449147560259,0.0826621683136853,0.0,0.0,0.0197040956300216,0.0180552034722282,,,,,2.31312169312169,0.372152963815342,33.8214873603762,5.74668644615471,0.134168136390359,0.0952356220257623,,,,,,,,,,,,,,,,,,,,,,,,,,,,,,,,,2012.0,1991-04-13,,,,12
Marquez Valdes-Scantling,GB,WR,13793,weighted,,,,,,,0.554097589653145,0.366156665096956,0.0,0.0,0.0,0.0,,,,,1.64562610229277,0.644294901653324,25.4427983539095,12.0683495206171,0.091305114638448,0.0741721850512784,,,,,,,,,,,,,,,,,,,,,,,,,,,,,,,,,2018.0,1994-10-10,,,,12
Ted Ginn,NO,WR,8673,weighted,,,,,,,3.63815990593768,0.600982305075239,0.0169287769826827,0.0127217296276465,0.0078816382520086,0.0072220813888912,,,,,2.49661963550852,0.34780556257482,35.4539212228101,5.05688908941612,0.175620223398001,0.113953362151341,,,,,,,,,,,,,,,,,,,,,,,,,,,,,,,,,2007.0,1985-04-12,,,,12
Ted Ginn,CHI,WR,8673,weighted,,,,,,,3.63815990593768,0.600982305075239,0.0169287769826827,0.0127217296276465,0.0078816382520086,0.0072220813888912,,,,,2.49661963550852,0.34780556257482,35.4539212228101,5.05688908941612,0.175620223398001,0.113953362151341,,,,,,,,,,,,,,,,,,,,,,,,,,,,,,,,,2007.0,1985-04-12,,,,12
Paul Richardson,WAS,WR,11681,weighted,,,,,,,0.493557110438729,0.46438345052455,0.0,0.0,0.0,0.0,,,,,2.82514372163389,0.136561097326486,34.5572995461422,4.17391899746565,0.207518910741301,0.0220932180799701,,,,,,,,,,,,,,,,,,,,,,,,,,,,,,,,,2014.0,1992-04-13,,,,12
Paul Richardson,FA,WR,11681,weighted,,,,,,,0.493557110438729,0.46438345052455,0.0,0.0,0.0,0.0,,,,,2.82514372163389,0.136561097326486,34.5572995461422,4.17391899746565,0.207518910741301,0.0220932180799701,,,,,,,,,,,,,,,,,,,,,,,,,,,,,,,,,2014.0,1992-04-13,,,,12
Tim Patrick,DEN,WR,13377,weighted,,,,,,,0.998550852439741,0.340594761764533,0.0027413995469551,0.0040940174400622,0.0157632765040172,0.0144441627777826,,,,,2.1398001175779,0.838008179218397,28.7236684303351,11.6771863744762,0.0873192239858907,0.0804051240833776,,,,,,,,,,,,,,,,,,,,,,,,,,,,,,,,,2017.0,1993-11-23,,,,12
Albert Wilson,MIA,WR,11890,weighted,,,,,,,0.787372134038801,0.450000818136653,0.0025698843265353,0.0041418215260224,0.0,0.0,,,,,2.34166372721928,0.850239470317664,25.6151557907113,8.28670031181273,0.143874191651969,0.088533847851377,,,,,,,,,,,,,,,,,,,,,,,,,,,,,,,,,2014.0,1992-07-12,,,,12
Phillip Dorsett,NE,WR,12188,weighted,,,,,,,0.886251256281407,1.18489872349244,0.0,0.0,0.0,0.0,,,,,1.38038190954774,1.455447180398,17.4431959798995,19.1951174118165,0.158422110552764,0.138786452248624,,,,,,,,,,,,,,,,,,,,,,,,,,,,,,,,,2015.0,1993-01-05,Q,Concussion,2019.0,12
Phillip Dorsett,SEA,WR,12188,weighted,,,,,,,0.886251256281407,1.18489872349244,0.0,0.0,0.0,0.0,,,,,1.38038190954774,1.455447180398,17.4431959798995,19.1951174118165,0.158422110552764,0.138786452248624,,,,,,,,,,,,,,,,,,,,,,,,,,,,,,,,,2015.0,1993-01-05,Q,Concussion,2019.0,12
JJ Arcega-Whiteside,PHI,WR,14107,weighted,,,,,,,0.0686770428015564,0.0568850113521401,0.0,0.0,0.0395428015564202,0.017136483327189,,,,,2.3142607003891,1.02735420061617,25.2599027237354,10.6777415515146,0.126750972762646,0.153652571661206,,,,,,,,,,,,,,,,,,,,,,,,,,,,,,,,,2019.0,,,,,12
Nelson Agholor,PHI,WR,12181,weighted,,,,,,,0.406012944983819,0.340691036502482,0.0,0.0,0.0,0.0,,,,,1.98228155339806,1.64441377349575,23.5376019417476,19.4851833805365,0.0543009708737864,0.0972094463791156,,,,,,,,,,,,,,,,,,,,,,,,,,,,,,,,,2015.0,1993-05-24,O,Knee,2019.0,12
Nelson Agholor,LVR,WR,12181,weighted,,,,,,,0.406012944983819,0.340691036502482,0.0,0.0,0.0,0.0,,,,,1.98228155339806,1.64441377349575,23.5376019417476,19.4851833805365,0.0543009708737864,0.0972094463791156,,,,,,,,,,,,,,,,,,,,,,,,,,,,,,,,,2015.0,1993-05-24,O,Knee,2019.0,12
Johnny Holton,PIT,WR,12916,weighted,,,,,,,0.75231656580938,0.347554932538016,0.0,0.0,0.101285930408472,0.0822600013471348,,,,,1.50386535552194,0.353803081092511,22.0332677760968,10.2433090940129,0.134614220877458,0.125992112432984,,,,,,,,,,,,,,,,,,,,,,,,,,,,,,,,,2016.0,1991-08-22,,,,12
Allen Lazard,GB,WR,13632,weighted,,,,,,,0.337111274871039,0.341279299588491,0.0,0.0,0.0,0.0,,,,,2.23346352247605,0.411048914916121,28.9176344878408,7.37356658621582,0.091171702284451,0.0989198154482035,,,,,,,,,,,,,,,,,,,,,,,,,,,,,,,,,2018.0,1995-12-11,,,,12
Kendrick Bourne,SF,WR,13418,weighted,,,,,,,0.0089153439153439,0.0121473744624528,0.0,0.0,0.0,0.0,,,,,2.27573192239859,0.582649425121773,27.8722810111699,5.76258867258411,0.174708994708995,0.145676507497595,,,,,,,,,,,,,,,,,,,,,,,,,,,,,,,,,2017.0,1995-08-04,,,,12
DaeSean Hamilton,DEN,WR,13649,weighted,,,,,,,0.176165561287153,0.149418858122116,0.0,0.0,0.0,0.0,,,0.01,0.0,1.40131171702284,0.990519576497743,16.881002210759,12.3063365422037,0.0432866617538688,0.0417226388205344,,,,,,,,,,,,,,,,,,,,,,,,,,,,,,,,,2018.0,1995-03-10,,,,12
Trey Quinn,WAS,WR,13664,weighted,,,,,,,0.338533215755438,0.334113178962575,0.0,0.0,0.0881775426219871,0.0108331220833369,,,0.01,0.0,2.66613756613757,0.256847349226434,26.6671546149324,5.83465517679481,0.096848912404468,0.0709237699256235,,,,,,,,,,,,,,,,,,,,,,,,,,,,,,,,,2018.0,1995-12-07,,,,12
Jakobi Meyers,NE,WR,14127,weighted,,,,,,,0.164727685325265,0.15485822782791,0.0,0.0,0.0,0.0,,,,,1.927223903177,0.966102760546382,22.5207186081694,11.2825533386337,0.101853252647504,0.0957768149128432,,,,,,,,,,,,,,,,,,,,,,,,,,,,,,,,,2019.0,1996-11-09,,,,12
Anthony Miller,CHI,WR,13639,weighted,,,,,,,0.860902410346855,0.372510435946399,0.0046817985398232,0.0035611695726168,0.0842367234959828,0.0144441627777826,,,0.01,0.0,2.37787184009406,0.242231882169728,30.939823633157,2.16594697268921,0.138918283362728,0.0974106550174005,,,,,,,,,,,,,,,,,,,,,,,,,,,,,,,,,2018.0,1994-10-09,,,,12
Keelan Cole,JAC,WR,13412,weighted,,,,,,,0.0309795763993949,0.0404281052166432,0.0,0.0,0.0670801815431165,0.0336589246425525,,,,,1.86724659606657,0.53903211642372,23.9880408472012,8.10001794136731,0.16552950075643,0.0404140408336479,,,,,,,,,,,,,,,,,,,,,,,,,,,,,,,,,2017.0,1993-04-20,,,,12
Jakeem Grant,MIA,WR,12814,weighted,,,,,,,2.31002939447384,0.787249626982099,0.0560183456241593,0.034391151344615,0.0724142661179698,0.0252772848611195,,,0.09,0.0,1.90526161081717,0.610408888840805,22.9042915931805,5.1625226651164,0.0890828924162257,0.0663458720303492,,,,,,,,,,,,,,,,,,,,,,,,,,,,,,,,,2016.0,1992-10-30,,,,12
Geronimo Allison,GB,WR,12665,weighted,,,,,,,0.313127572016461,0.155754752173568,0.0,0.0,0.0960591808739957,0.0036110406944456,,,,,2.08964726631393,0.684018128144166,24.6169253380364,5.29653416625189,0.112169312169312,0.0771822800072118,,,,,,,,,,,,,,,,,,,,,,,,,,,,,,,,,2016.0,1994-01-18,,,,12
Geronimo Allison,DET,WR,12665,weighted,,,,,,,0.313127572016461,0.155754752173568,0.0,0.0,0.0960591808739957,0.0036110406944456,,,,,2.08964726631393,0.684018128144166,24.6169253380364,5.29653416625189,0.112169312169312,0.0771822800072118,,,,,,,,,,,,,,,,,,,,,,,,,,,,,,,,,2016.0,1994-01-18,,,,12
Zay Jones,OAK,WR,13176,weighted,,,,,,,0.226058201058201,0.156458159362063,0.0,0.0,0.0,0.0,,,,,2.08818930041152,0.224591867961371,22.3265373309818,4.18153637899811,0.0968371546149324,0.0677881543781924,,,,,,,,,,,,,,,,,,,,,,,,,,,,,,,,,2017.0,1995-03-30,,,,12
Zay Jones,LVR,WR,13176,weighted,,,,,,,0.226058201058201,0.156458159362063,0.0,0.0,0.0,0.0,,,,,2.08818930041152,0.224591867961371,22.3265373309818,4.18153637899811,0.0968371546149324,0.0677881543781924,,,,,,,,,,,,,,,,,,,,,,,,,,,,,,,,,2017.0,1995-03-30,,,,12
Willie Snead,BAL,WR,11951,weighted,,,,,,,0.289450323339212,0.0502301346952466,0.0,0.0,0.0,0.0,,,,,2.22245737801293,0.22806940044232,26.7766901822457,1.460025303154,0.0872780717225162,0.0551382583970357,,,,,,,,,,,,,,,,,,,,,,,,,,,,,,,,,2014.0,1992-10-17,,,,12
Marquise Goodwin,SF,WR,11239,weighted,,,,,,,0.807766641452345,0.86092854000049,0.0,0.0,0.0041149773071104,0.004207365580319,,,,,1.09593040847201,0.681388765526333,16.5752647503782,8.35472631916056,0.0927458396369138,0.0219712099853786,,,,,,,,,,,,,,,,,,,,,,,,,,,,,,,,,2013.0,1990-11-19,,,,12
Marquise Goodwin,PHI,WR,11239,weighted,,,,,,,0.807766641452345,0.86092854000049,0.0,0.0,0.0041149773071104,0.004207365580319,,,,,1.09593040847201,0.681388765526333,16.5752647503782,8.35472631916056,0.0927458396369138,0.0219712099853786,,,,,,,,,,,,,,,,,,,,,,,,,,,,,,,,,2013.0,1990-11-19,,,,12
John Ross,CIN,WR,13155,weighted,,,,,,,0.396173212487412,0.35611355207189,0.0,0.0,0.0956260490097348,0.005110153071849,,,,,1.14531722054381,0.992543667080054,18.4008056394763,15.6330632885139,0.235649546827795,0.206208018928608,,,,,,,,,,,,,,,,,,,,,,,,,,,,,,,,,2017.0,,,Shoulder,2019.0,12
Tre'Quan Smith,NO,WR,13645,weighted,,,,,,,0.175217519106408,0.0608181044118236,0.0,0.0,0.0039408191260043,0.0036110406944456,,,,,1.43153439153439,0.347604207850641,20.2196590241035,5.57026781259814,0.169094650205761,0.149743947760215,,,,,,,,,,,,,,,,,,,,,,,,,,,,,,,,,2018.0,,,,,12
Breshad Perriman,TB,WR,12197,weighted,,,,,,,0.593821281599059,0.330119157320218,0.0028214008809822,0.0040758826951328,0.0,0.0,,,,,1.77176366843034,0.166343372500438,22.7861140505585,1.02653651781005,0.105473251028807,0.0767907906139747,,,,,,,,,,,,,,,,,,,,,,,,,,,,,,,,,2015.0,1993-09-10,,,,12
Breshad Perriman,NYJ,WR,12197,weighted,,,,,,,0.593821281599059,0.330119157320218,0.0028214008809822,0.0040758826951328,0.0,0.0,,,,,1.77176366843034,0.166343372500438,22.7861140505585,1.02653651781005,0.105473251028807,0.0767907906139747,,,,,,,,,,,,,,,,,,,,,,,,,,,,,,,,,2015.0,1993-09-10,,,,12
Chester Rogers,IND,WR,12934,weighted,,,,,,,1.33879776601999,0.74202459072036,0.0054587229970243,0.0080212539845685,0.0798157946306094,0.0182226349026328,,,,,2.14571428571429,0.553972010709018,22.6982480893592,6.65341992357054,0.104761904761905,0.0782974896983742,,,,,,,,,,,,,,,,,,,,,,,,,,,,,,,,,2016.0,1994-01-12,,,,12
Chester Rogers,FA,WR,12934,weighted,,,,,,,1.33879776601999,0.74202459072036,0.0054587229970243,0.0080212539845685,0.0798157946306094,0.0182226349026328,,,,,2.14571428571429,0.553972010709018,22.6982480893592,6.65341992357054,0.104761904761905,0.0782974896983742,,,,,,,,,,,,,,,,,,,,,,,,,,,,,,,,,2016.0,1994-01-12,,,,12
Rashard Higgins,CLE,WR,12656,weighted,,,,,,,0.0558348030570253,0.0355419052956731,0.0,0.0,0.0197040956300216,0.0180552034722282,,,,,1.66865961199295,0.323718984052931,23.9965961199295,3.44912195648696,0.154632569077014,0.112087578396555,,,,,,,,,,,,,,,,,,,,,,,,,,,,,,,,,2016.0,1994-10-07,,,,12
Taywan Taylor,CLE,WR,13167,weighted,,,,,,,0.0,0.0,0.0,0.0,0.0300770416024653,0.014142135623731,,,,,0.88135593220339,1.1667261889578,13.4276117103236,17.9180858352671,0.0,0.0,,,,,,,,,,,,,,,,,,,,,,,,,,,,,,,,,2017.0,,O,Coach's Decision,2019.0,12
Tajae Sharpe,TEN,WR,12657,weighted,,,,,,,0.170972012102874,0.14322698374807,0.0,0.0,0.0,0.0,,,,,1.45465204236006,0.423372100963872,20.7144251134644,5.34179789050799,0.165582450832073,0.0411575597695882,,,,,,,,,,,,,,,,,,,,,,,,,,,,,,,,,2016.0,1994-12-23,,,,12
Tajae Sharpe,MIN,WR,12657,weighted,,,,,,,0.170972012102874,0.14322698374807,0.0,0.0,0.0,0.0,,,,,1.45465204236006,0.423372100963872,20.7144251134644,5.34179789050799,0.165582450832073,0.0411575597695882,,,,,,,,,,,,,,,,,,,,,,,,,,,,,,,,,2016.0,1994-12-23,,,,12
Jordan Matthews,PHI,WR,11676,weighted,,,,,,,0.0093211043872919,0.0141910961755089,0.0,0.0,0.0,0.0,,,,,1.68206505295008,0.379247773986138,21.216293494705,3.70130713061232,0.130839636913767,0.0502729039500158,,,,,,,,,,,,,,,,,,,,,,,,,,,,,,,,,2014.0,1992-07-16,,,,12
Dante Pettis,SF,WR,13634,weighted,,,,,,,0.0578747795414462,0.0520187081576561,0.0,0.0,0.0,0.0,,,0.01,0.0,1.01072898295121,0.690282227758652,12.9207054673721,9.75782748404073,0.129782480893592,0.154341778272289,,,,,,,,,,,,,,,,,,,,,,,,,,,,,,,,,2018.0,1995-10-23,,,,12
Isaiah McKenzie,BUF,WR,13313,weighted,,,,,,,2.09984662576687,0.914630835509673,0.0134870028944418,0.0056824749902587,0.0200153374233129,0.0086670491342795,,,,,1.77812883435583,0.374275987868526,19.521308793456,5.90296572993834,0.0763087934560327,0.0566858224593143,,,,,,,,,,,,,,,,,,,,,,,,,,,,,,,,,2017.0,1995-04-09,,,,12
Josh Reynolds,LAR,WR,13168,weighted,,,,,,,0.710082304526749,0.507628762805194,0.0039212228101117,0.0035924182394914,0.0,0.0,,,,,1.38539682539683,0.274742813158987,19.9973603762493,5.58692525181393,0.0931099353321576,0.0607802464472647,,,,,,,,,,,,,,,,,,,,,,,,,,,,,,,,,2017.0,1995-02-16,,,,12
Keelan Doss,OAK,WR,14317,weighted,,,,,,,0.351266766020864,0.0707106781186547,0.0,0.0,0.0,0.0,,,,,1.02026825633383,1.13137084989848,13.1761549925484,15.4149278298667,0.0512667660208644,0.0707106781186548,,,,,,,,,,,,,,,,,,,,,,,,,,,,,,,,,2019.0,1970-01-01,O,Coach's Decision,2019.0,12
Keelan Doss,LVR,WR,14317,weighted,,,,,,,0.351266766020864,0.0707106781186547,0.0,0.0,0.0,0.0,,,,,1.02026825633383,1.13137084989848,13.1761549925484,15.4149278298667,0.0512667660208644,0.0707106781186548,,,,,,,,,,,,,,,,,,,,,,,,,,,,,,,,,2019.0,1970-01-01,O,Coach's Decision,2019.0,12
Scott Miller,TB,WR,14280,weighted,,,,,,,1.27854,0.594104215767883,0.0050469406392694,0.0050308009988419,0.0,0.0,,,,,1.20868,0.270363308062414,19.11754,3.55574461152841,0.07388,0.0638754658649244,,,,,,,,,,,,,,,,,,,,,,,,,,,,,,,,,2019.0,1970-01-01,,,,12
Marvin Hall,DET,WR,13505,weighted,,,,,,,1.19907715582451,0.738558699098125,0.0064149268784669,0.0090263540789636,0.0,0.0,,,,,0.646527987897126,0.143567954205185,12.8544099848714,7.16205188921516,0.070499243570348,0.0245831298953851,,,,,,,,,,,,,,,,,,,,,,,,,,,,,,,,,2016.0,1993-04-10,,,,12
Mohamed Sanu,NE,WR,10723,weighted,,,,,,,0.847447236180905,0.802159441479038,0.0033065326633165,0.0057628956563121,0.0,0.0,,,,,1.37892462311558,1.18015488921348,14.7577185929648,12.5264538766435,0.074251256281407,0.0637159379482977,,,,,,,,,,,,,,,,,,,,,,,,,,,,,,,,,2012.0,1989-08-22,Q,Ankle,2019.0,12
Kelvin Harmon,WAS,WR,14114,weighted,,,,,,,0.503852080123267,0.707106781186547,0.0,0.0,0.0,0.0,,,,,1.28588597842835,0.162634559672906,14.0148844375963,0.021213203435596,0.029768875192604,0.0424264068711928,,,,,,,,,,,,,,,,,,,,,,,,,,,,,,,,,2019.0,1970-01-01,,,,12
Robert Foster,BUF,WR,13653,weighted,,,,,,,0.108292360060514,0.186339460134911,0.0,0.0,0.0,0.0,,,,,0.794319213313162,0.364968157590974,13.1807488653555,6.73774370817303,0.0606807866868381,0.0337714928591698,,,,,,,,,,,,,,,,,,,,,,,,,,,,,,,,,2018.0,,,,,12
Malik Turner,SEA,WR,13669,weighted,,,,,,,0.277464212678937,0.261024573713121,0.0044785276073619,0.0050939143644677,0.0,0.0,,,,,1.12436605316973,0.436839826392345,15.4335480572597,5.71989322293007,0.0634151329243354,0.0604493729321578,,,,,,,,,,,,,,,,,,,,,,,,,,,,,,,,,2018.0,1970-01-01,,,,12
Malik Turner,FA,WR,13669,weighted,,,,,,,0.277464212678937,0.261024573713121,0.0044785276073619,0.0050939143644677,0.0,0.0,,,,,1.12436605316973,0.436839826392345,15.4335480572597,5.71989322293007,0.0634151329243354,0.0604493729321578,,,,,,,,,,,,,,,,,,,,,,,,,,,,,,,,,2018.0,1970-01-01,,,,12
Justin Hardy,ATL,WR,12185,weighted,,,,,,,0.0558282208588957,0.0584199311209724,0.0,0.0,0.0,0.0,,,,,1.64628834355828,0.511451052558761,16.6622903885481,4.02245186953244,0.12640081799591,0.0549624968196249,,,,,,,,,,,,,,,,,,,,,,,,,,,,,,,,,2015.0,1991-12-18,,,,12
Justin Hardy,FA,WR,12185,weighted,,,,,,,0.0558282208588957,0.0584199311209724,0.0,0.0,0.0,0.0,,,,,1.64628834355828,0.511451052558761,16.6622903885481,4.02245186953244,0.12640081799591,0.0549624968196249,,,,,,,,,,,,,,,,,,,,,,,,,,,,,,,,,2015.0,1991-12-18,,,,12
Jake Kumerow,GB,WR,12443,weighted,,,,,,,0.0477401664145235,0.0415252976530594,0.0,0.0,0.0,0.0,,,,,1.05460665658094,0.353911550738512,14.8608245083207,5.34114268400974,0.0829122541603631,0.0285125136056142,,,,,,,,,,,,,,,,,,,,,,,,,,,,,,,,,,,,,,12
Miles Boykin,BAL,WR,14125,weighted,,,,,,,0.308389182833627,0.199679990799429,0.0,0.0,0.0,0.0,,,,,1.43697824808936,0.386994284575246,17.7115285126396,3.24357242363985,0.0988771310993533,0.072218915572558,,,,,,,,,,,,,,,,,,,,,,,,,,,,,,,,,2019.0,1970-01-01,,,,12
Jarius Wright,CAR,WR,10734,weighted,,,,,,,0.643863915499877,0.061646856298754,0.0,0.0,0.01240972733972,0.004942169079245,,,,,1.53529845246868,0.394528580759554,18.7993662490789,2.0646371207735,0.0455342667649226,0.0500422170885637,,,,,,,,,,,,,,,,,,,,,,,,,,,,,,,,,2012.0,1989-11-25,,,,12
Jarius Wright,FA,WR,10734,weighted,,,,,,,0.643863915499877,0.061646856298754,0.0,0.0,0.01240972733972,0.004942169079245,,,,,1.53529845246868,0.394528580759554,18.7993662490789,2.0646371207735,0.0455342667649226,0.0500422170885637,,,,,,,,,,,,,,,,,,,,,,,,,,,,,,,,,2012.0,1989-11-25,,,,12
David Moore,SEA,WR,13348,weighted,,,,,,,0.382556237218814,0.346313623007086,0.0044785276073619,0.0050939143644677,0.0,0.0,,,,,1.28251533742331,0.175259793362917,18.0197341513292,2.83278285246301,0.0963803680981595,0.0501936966133435,,,,,,,,,,,,,,,,,,,,,,,,,,,,,,,,,2017.0,1995-01-15,,,,12
Seth Roberts,BAL,WR,12471,weighted,,,,,,,0.0149614791987673,0.0070710678118654,0.0,0.0,0.0,0.0,,,,,1.25876733436055,0.226274169979695,13.8456702619414,2.63043722601396,0.104961479198767,0.0070710678118654,,,,,,,,,,,,,,,,,,,,,,,,,,,,,,,,,,,,,,12
Seth Roberts,CAR,WR,12471,weighted,,,,,,,0.0149614791987673,0.0070710678118654,0.0,0.0,0.0,0.0,,,,,1.25876733436055,0.226274169979695,13.8456702619414,2.63043722601396,0.104961479198767,0.0070710678118654,,,,,,,,,,,,,,,,,,,,,,,,,,,,,,,,,,,,,,12
Jaron Brown,SEA,WR,11456,weighted,,,,,,,0.0251926040061633,0.0353553390593274,0.0,0.0,0.0526348228043143,0.0247487373415292,,,,,0.634391371340524,0.806101730552664,8.93759630200308,11.4904851942814,0.105731895223421,0.134350288425444,,,,,,,,,,,,,,,,,,,,,,,,,,,,,,,,,2013.0,1990-01-08,O,Coach's Decision,2019.0,12
Bennie Fowler,NYG,WR,11931,weighted,,,,,,,0.0868507157464213,0.0251290226455299,0.0,0.0,0.0,0.0,,,,,1.29387525562372,0.265915171158545,15.0438650306748,1.99597528404145,0.0599284253578732,0.009992147537207,,,,,,,,,,,,,,,,,,,,,,,,,,,,,,,,,2014.0,1991-06-10,O,Coach's Decision,2019.0,12
Bennie Fowler,FA,WR,11931,weighted,,,,,,,0.0868507157464213,0.0251290226455299,0.0,0.0,0.0,0.0,,,,,1.29387525562372,0.265915171158545,15.0438650306748,1.99597528404145,0.0599284253578732,0.009992147537207,,,,,,,,,,,,,,,,,,,,,,,,,,,,,,,,,2014.0,1991-06-10,O,Coach's Decision,2019.0,12
Damion Ratley,CLE,WR,13794,weighted,,,,,,,0.0624948875255624,0.075747788893345,0.0,0.0,0.0,0.0,,,,,0.609028629856851,0.704958978274276,7.53625766871166,8.47862134747695,0.0067280163599182,0.0115735321390712,,,,,,,,,,,,,,,,,,,,,,,,,,,,,,,,,2018.0,1995-04-16,,,,12
Mack Hollins,PHI,WR,13289,weighted,,,,,,,0.142188651436993,0.131276015028849,0.0,0.0,0.0062048636698599,0.0024710845396225,,,,,0.801540162122329,0.59254760393699,9.20529845246868,7.24328339799604,0.0502505526897568,0.0514403075057663,,,,,,,,,,,,,,,,,,,,,,,,,,,,,,,,,2017.0,1993-09-16,,,,12
Mack Hollins,MIA,WR,13289,weighted,,,,,,,0.142188651436993,0.131276015028849,0.0,0.0,0.0062048636698599,0.0024710845396225,,,,,0.801540162122329,0.59254760393699,9.20529845246868,7.24328339799604,0.0502505526897568,0.0514403075057663,,,,,,,,,,,,,,,,,,,,,,,,,,,,,,,,,2017.0,1993-09-16,,,,12
Marcus Johnson,IND,WR,13387,weighted,,,,,,,0.416574642126789,0.213330183666415,0.0,0.0,0.0200153374233129,0.0086670491342795,,,,,0.580869120654397,0.643930111567024,6.95860940695296,8.28191236017625,0.050398773006135,0.0625119419922756,,,,,,,,,,,,,,,,,,,,,,,,,,,,,,,,,2016.0,1994-08-05,,,,12
Cody Latimer,NYG,WR,11758,weighted,,,,,,,0.0447852760736196,0.0509391436446771,0.0,0.0,0.0,0.0,,,,,1.03553169734151,0.314407616832752,14.3100511247444,1.9494801621519,0.0732515337423313,0.0208806025026545,,,,,,,,,,,,,,,,,,,,,,,,,,,,,,,,,2014.0,1992-10-10,,,,12
Cody Latimer,WAS,WR,11758,weighted,,,,,,,0.0447852760736196,0.0509391436446771,0.0,0.0,0.0,0.0,,,,,1.03553169734151,0.314407616832752,14.3100511247444,1.9494801621519,0.0732515337423313,0.0208806025026545,,,,,,,,,,,,,,,,,,,,,,,,,,,,,,,,,2014.0,1992-10-10,,,,12
Deon Cain,PIT,WR,13636,weighted,,,,,,,0.127382413087935,0.113371644918629,0.0,0.0,0.0,0.0,,,,,0.820429447852761,0.394526114722658,9.50105316973415,5.84918162716307,0.0534662576687117,0.0552494418375562,,,,,,,,,,,,,,,,,,,,,,,,,,,,,,,,,2018.0,1996-08-09,,,,12
Stanley Morgan,CIN,WR,14131,weighted,,,,,,,0.0924923780487805,0.0035355339059327,0.0,0.0,0.0599390243902439,0.0282842712474619,,,,,0.913826219512195,0.544472221513642,9.40711890243902,3.65574205873445,0.0200609756097561,0.0282842712474619,,,,,,,,,,,,,,,,,,,,,,,,,,,,,,,,,2019.0,1970-01-01,,,,12
Tavon Austin,DAL,WR,11213,weighted,,,,,,,5.35948940998487,4.46423176524347,0.0401921537868144,0.0417900579046303,0.0588502269288956,0.0420736558031907,,,,,0.903003025718608,0.470988184276967,8.99484871406959,3.91973935147116,0.0581013615733737,0.0290773649065971,,,,,,,,,,,,,,,,,,,,,,,,,,,,,,,,,2013.0,1991-03-15,,,,12
Tavon Austin,FA,WR,11213,weighted,,,,,,,5.35948940998487,4.46423176524347,0.0401921537868144,0.0417900579046303,0.0588502269288956,0.0420736558031907,,,,,0.903003025718608,0.470988184276967,8.99484871406959,3.91973935147116,0.0581013615733737,0.0290773649065971,,,,,,,,,,,,,,,,,,,,,,,,,,,,,,,,,2013.0,1991-03-15,,,,12
Vyncint Smith,NYJ,WR,13884,weighted,,,,,,,1.5981221633888,1.57659677801246,0.0425617750882501,0.0423043249671498,0.0835854765506808,0.0192447813493562,,,,,0.724311649016641,0.339228217179174,8.95921331316188,4.79566863053604,0.0581089258698941,0.0436261057155321,,,,,,,,,,,,,,,,,,,,,,,,,,,,,,,,,2018.0,1970-01-01,,,,12
Devin Funchess,IND,WR,12205,weighted,,,,,,,0.0,,0.0,,0.0,,,,,,1.09,,11.79,,0.1,,,,,,,,,,,,,,,,,,,,,,,,,,,,,,,,,,2015.0,1994-05-21,,Collarbone,2019.0,12
Devin Funchess,GB,WR,12205,weighted,,,,,,,0.0,,0.0,,0.0,,,,,,1.09,,11.79,,0.1,,,,,,,,,,,,,,,,,,,,,,,,,,,,,,,,,,2015.0,1994-05-21,,Collarbone,2019.0,12
Trevor Davis,OAK,WR,12800,weighted,,,,,,,1.9096860816944,1.98724361352859,0.0425617750882501,0.0423043249671498,0.0630105900151286,0.0253338464867069,,,0.01,0.0,0.393797276853253,0.33442116138494,6.11880484114977,4.9200391843476,0.0309984871406959,0.048181812043219,,,,,,,,,,,,,,,,,,,,,,,,,,,,,,,,,2016.0,1993-07-04,,,,12
Trevor Davis,CHI,WR,12800,weighted,,,,,,,1.9096860816944,1.98724361352859,0.0425617750882501,0.0423043249671498,0.0630105900151286,0.0253338464867069,,,0.01,0.0,0.393797276853253,0.33442116138494,6.11880484114977,4.9200391843476,0.0309984871406959,0.048181812043219,,,,,,,,,,,,,,,,,,,,,,,,,,,,,,,,,2016.0,1993-07-04,,,,12
Richie James,SF,WR,13724,weighted,,,,,,,0.207204301075269,0.289913780286484,0.0,0.0,0.0,0.0,,,0.08,0.0,0.243333333333333,0.21920310216783,4.42430107526882,1.40714249456123,0.0248387096774194,0.0212132034355964,,,,,,,,,,,,,,,,,,,,,,,,,,,,,,,,,2018.0,1995-04-05,,,,12
DeAndre Carter,HOU,WR,12394,weighted,,,,,,,0.181329243353783,0.190747798943067,0.0,0.0,0.0667177914110429,0.0288901637809316,,,0.01,0.0,0.83480572597137,0.327791151790295,8.99284253578732,2.39308113922107,0.0330674846625767,0.0415025192774885,,,,,,,,,,,,,,,,,,,,,,,,,,,,,,,,,2015.0,1993-04-10,,,,12
Kalif Raymond,TEN,WR,13066,weighted,,,,,,,0.28,,0.0,,0.0,,,,,,0.52,,6.56,,0.04,,,,,,,,,,,,,,,,,,,,,,,,,,,,,,,,,,2016.0,1994-08-08,,,,12
Cordarrelle Patterson,CHI,WR,11225,weighted,,,,,,,6.70490593768371,1.4557754241405,0.0340694607439691,0.023822590121615,0.0,0.0,,,,,0.951281599059377,0.224128600580647,7.53077013521458,2.22154414144162,0.0412286890064668,0.0396256498232406,,,,,,,,,,,,,,,,,,,,,,,,,,,,,,,,,2013.0,1991-03-17,,,,12
Keith Kirkwood,NO,WR,13882,weighted,,,,,,,0.0516516516516517,0.0707106781186548,0.0,0.0,0.0,0.0,,,,,0.437387387387387,0.530330085889911,5.96693693693694,7.36098159215196,0.0516516516516517,0.0707106781186548,,,,,,,,,,,,,,,,,,,,,,,,,,,,,,,,,2018.0,1970-01-01,,Hamstring,2019.0,12
Keith Kirkwood,CAR,WR,13882,weighted,,,,,,,0.0516516516516517,0.0707106781186548,0.0,0.0,0.0,0.0,,,,,0.437387387387387,0.530330085889911,5.96693693693694,7.36098159215196,0.0516516516516517,0.0707106781186548,,,,,,,,,,,,,,,,,,,,,,,,,,,,,,,,,2018.0,1970-01-01,,Hamstring,2019.0,12
Keke Coutee,HOU,WR,13662,weighted,,,,,,,0.0,,0.0,,0.0,,,,,,0.0,,0.0,,0.0,,,,,,,,,,,,,,,,,,,,,,,,,,,,,,,,,,2018.0,1997-01-14,O,Coach's Decision,2019.0,12
,,WR,nfl_0,weighted,,,,,,,,,,,0.015,0.0191485421551268,,,,,0.65,0.493288286231625,5.75,3.5939764421413,0.0075,0.0095742710775633,,,,,,,,,,,,,,,,,,,,,,,,,,,,,,,,,,,,,,12
KhaDarel Hodge,CLE,WR,13963,weighted,,,,,,,0.100511247443763,0.0997697425923385,0.0,0.0,0.0,0.0,,,,,0.456237218813906,0.222479298125,6.37352760736196,2.94215814746866,0.0365746421267894,0.032138802463357,,,,,,,,,,,,,,,,,,,,,,,,,,,,,,,,,2018.0,1994-01-03,,,,12
Mike Thomas,LAR,WR,12675,weighted,,,,,,,0.0848875255623722,0.0815996885212079,0.0,0.0,0.0,0.0,,,,,0.344478527607362,0.346983019671394,4.1660327198364,3.68043744804611,0.0234764826175869,0.0322377952389843,,,,,,,,,,,,,,,,,,,,,,,,,,,,,,,,,2016.0,1994-08-16,,,,12
Mike Thomas,CIN,WR,12675,weighted,,,,,,,0.0848875255623722,0.0815996885212079,0.0,0.0,0.0,0.0,,,,,0.344478527607362,0.346983019671394,4.1660327198364,3.68043744804611,0.0234764826175869,0.0322377952389843,,,,,,,,,,,,,,,,,,,,,,,,,,,,,,,,,2016.0,1994-08-16,,,,12
Donte Moncrief,CAR,WR,11677,weighted,,,,,,,0.0179141104294479,0.0203756574578708,0.0,0.0,0.0,0.0,,,,,0.454366053169734,0.308067845713976,4.64916155419223,2.91019776339446,0.0099488752556237,0.0099769742592338,,,,,,,,,,,,,,,,,,,,,,,,,,,,,,,,,2014.0,1993-08-06,,,,12
Donte Moncrief,FA,WR,11677,weighted,,,,,,,0.0179141104294479,0.0203756574578708,0.0,0.0,0.0,0.0,,,,,0.454366053169734,0.308067845713976,4.64916155419223,2.91019776339446,0.0099488752556237,0.0099769742592338,,,,,,,,,,,,,,,,,,,,,,,,,,,,,,,,,2014.0,1993-08-06,,,,12
Andre Roberts,BUF,WR,9921,weighted,,,,,,,0.905899795501023,0.248650658698822,0.0064141104294478,0.0033378018521061,0.0,0.0,,,,,0.373169734151329,0.120898745864316,4.53104294478528,0.409547474444283,0.0099488752556237,0.0099769742592338,,,,,,,,,,,,,,,,,,,,,,,,,,,,,,,,,2010.0,1988-01-09,,,,12
Javon Wims,CHI,WR,13644,weighted,,,,,,,0.0847852760736196,0.113359733793798,0.0,0.0,0.0,0.0,,,,,0.456053169734151,0.102302056848518,4.74315950920245,1.02330285610699,0.0466973415132924,0.037918839665539,,,,,,,,,,,,,,,,,,,,,,,,,,,,,,,,,2018.0,1994-09-11,,,,12
Justin Watson,TB,WR,13776,weighted,,,,,,,0.0961349693251534,0.0825597452638954,0.0,0.0,0.0,0.0,,,,,0.294366053169734,0.204561364509085,4.09768916155419,2.63884116041245,0.0067280163599182,0.0115735321390712,,,,,,,,,,,,,,,,,,,,,,,,,,,,,,,,,2018.0,,,,,12
DeAndrew White,CAR,WR,12429,weighted,,,,,,,0.13,,0.0,,0.0,,,,,,0.36,,4.34,,0.02,,,,,,,,,,,,,,,,,,,,,,,,,,,,,,,,,,,,,,,12
DeAnthony Thomas,BAL,WR,11659,weighted,,,,,,,1.90740286298569,1.10584909448922,0.0131537013050523,0.0058783934154778,0.0,0.0,,,,,0.352576687116564,0.307513830154166,3.56906952965235,3.10273493665936,0.0166053169734151,0.0152552836708153,,,,,,,,,,,,,,,,,,,,,,,,,,,,,,,,,2014.0,1993-01-05,,,,12
Cam Sims,WAS,WR,13895,weighted,,,,,,,0.22,,0.0,,0.0,,,,,,0.44,,5.5,,0.04,,,,,,,,,,,,,,,,,,,,,,,,,,,,,,,,,,2018.0,1970-01-01,O,Coach's Decision,2019.0,12
Braxton Berrios,NYJ,WR,13638,weighted,,,,,,,0.135137195121951,0.0636396103067893,0.0,0.0,0.0,0.0,,,,,0.430091463414634,0.0424264068711929,4.69210365853659,0.975807358037435,0.0250762195121951,0.0353553390593274,,,,,,,,,,,,,,,,,,,,,,,,,,,,,,,,,2018.0,1995-10-06,,,,12
Marcell Ateman,OAK,WR,13647,weighted,,,,,,,0.0606451612903226,0.0848528137423857,0.0,0.0,0.0,0.0,,,,,0.0797849462365591,0.0282842712474619,1.46849462365591,0.459619407771256,0.01,0.0,,,,,,,,,,,,,,,,,,,,,,,,,,,,,,,,,2018.0,1994-09-16,,,,12
Marcell Ateman,LVR,WR,13647,weighted,,,,,,,0.0606451612903226,0.0848528137423857,0.0,0.0,0.0,0.0,,,,,0.0797849462365591,0.0282842712474619,1.46849462365591,0.459619407771256,0.01,0.0,,,,,,,,,,,,,,,,,,,,,,,,,,,,,,,,,2018.0,1994-09-16,,,,12
Devin Smith,DAL,WR,12182,weighted,,,,,,,0.0,0.0,0.0,0.0,0.0,0.0,,,,,0.175963020030817,0.176776695296637,2.87152542372881,3.03348809129029,0.0352696456086287,0.0494974746830583,,,,,,,,,,,,,,,,,,,,,,,,,,,,,,,,,,,,,,12
Krishawn Hogan,NO,WR,13370,weighted,,,,,,,0.0808602150537635,0.113137084989848,0.0,0.0,0.0,0.0,,,,,0.0960215053763441,0.134350288425444,1.7789247311828,2.48901586977665,0.0101075268817204,0.014142135623731,,,,,,,,,,,,,,,,,,,,,,,,,,,,,,,,,2017.0,,,,,12
Cody Core,NYG,WR,12824,weighted,,,,,,,0.277118644067797,0.388908729652601,0.0,0.0,0.0,0.0,,,,,0.055115562403698,0.0212132034355964,0.761848998459168,0.339411254969543,0.0,0.0,,,,,,,,,,,,,,,,,,,,,,,,,,,,,,,,,2016.0,1994-04-17,,,,12
Ashton Dulin,IND,WR,14315,weighted,,,,,,,0.1,,0.0,,0.0,,,,,,0.4,,4.0,,0.0,,,,,,,,,,,,,,,,,,,,,,,,,,,,,,,,,,2019.0,1997-05-15,,,,12
Matthew Slater,NE,WR,9200,weighted,,,,,,,0.212258064516129,0.29698484809835,0.0,0.0,0.0,0.0,,,,,0.0553763440860215,0.0494974746830583,1.98301075268817,2.36880771697493,0.0050537634408602,0.0070710678118654,,,,,,,,,,,,,,,,,,,,,,,,,,,,,,,,,2008.0,1985-09-09,Q,Hamstring,2019.0,12
Chris Moore,BAL,WR,12773,weighted,,,,,,,0.0403067484662577,0.0458452292802094,0.0,0.0,0.0,0.0,,,,,0.200725971370143,0.117539654223896,2.31546012269939,1.23191069875227,0.0067075664621676,0.0057556646814168,,,,,,,,,,,,,,,,,,,,,,,,,,,,,,,,,2016.0,1993-06-16,Q,Thumb,2019.0,12
Noah Brown,DAL,WR,13172,weighted,,,,,,,0.0,0.0,0.0,0.0,0.0,0.0,,,,,0.171001540832049,0.183847763108502,1.784437596302,1.73241161390704,0.0,0.0,,,,,,,,,,,,,,,,,,,,,,,,,,,,,,,,,2017.0,,,Knee,2019.0,12
Brandon Zylstra,CAR,WR,13585,weighted,,,,,,,0.0,0.0,0.0,0.0,0.0075192604006163,0.0035355339059327,,,,,0.120616332819723,0.113137084989848,1.77451463790447,1.74655374953077,0.0,0.0,,,,,,,,,,,,,,,,,,,,,,,,,,,,,,,,,2017.0,1993-03-25,O,Coach's Decision,2019.0,12
JoJo Natson,LAR,WR,13529,weighted,,,,,,,0.535184049079755,0.0505038723679968,0.0,0.0,0.0,0.0,,,0.01,0.0,0.0697137014314928,0.065467101483573,1.46262781186094,1.4399916241782,0.0066564417177914,0.0057780327561863,,,,,,,,,,,,,,,,,,,,,,,,,,,,,,,,,2016.0,1994-02-01,,,,12
JoJo Natson,CLE,WR,13529,weighted,,,,,,,0.535184049079755,0.0505038723679968,0.0,0.0,0.0,0.0,,,0.01,0.0,0.0697137014314928,0.065467101483573,1.46262781186094,1.4399916241782,0.0066564417177914,0.0057780327561863,,,,,,,,,,,,,,,,,,,,,,,,,,,,,,,,,2016.0,1994-02-01,,,,12
Cedrick Wilson,DAL,WR,13652,weighted,,,,,,,0.0,,0.0,,0.0,,,,,,0.0,,0.0,,0.0,,,,,,,,,,,,,,,,,,,,,,,,,,,,,,,,,,2018.0,,,,,12
C.J. Board,JAC,WR,13878,weighted,,,,,,,0.0,,0.0,,0.01,,,,,,0.2,,2.0,,0.02,,,,,,,,,,,,,,,,,,,,,,,,,,,,,,,,,,2017.0,1970-01-01,,,,12
Brandon Powell,ATL,WR,13910,weighted,,,,,,,0.0,,0.0,,0.0,,,,,,0.08,,1.04,,0.01,,,,,,,,,,,,,,,,,,,,,,,,,,,,,,,,,,2018.0,1970-01-01,O,Coach's Decision,2019.0,12
Greg Dortch,FA,WR,14108,weighted,,,,,,,0.0,,0.0,,0.04,,,,,,0.05,,1.0,,0.0,,,,,,,,,,,,,,,,,,,,,,,,,,,,,,,,,,2019.0,1998-05-29,,,,12
Greg Dortch,LAR,WR,14108,weighted,,,,,,,0.0,,0.0,,0.04,,,,,,0.05,,1.0,,0.0,,,,,,,,,,,,,,,,,,,,,,,,,,,,,,,,,,2019.0,1998-05-29,,,,12
Josh Bellamy,NYJ,WR,11104,weighted,,,,,,,0.0,,0.0,,0.0,,,,,,0.04,,0.5,,0.0,,,,,,,,,,,,,,,,,,,,,,,,,,,,,,,,,,2012.0,1989-05-18,IR,Shoulder,2019.0,12
Ryan Grant,GB,WR,11812,weighted,,,,,,,0.0,,0.0,,0.0,,,,,,0.04,,0.5,,0.0,,,,,,,,,,,,,,,,,,,,,,,,,,,,,,,,,,2014.0,1990-12-19,,,,12
Ryan Grant,FA,WR,11812,weighted,,,,,,,0.0,,0.0,,0.0,,,,,,0.04,,0.5,,0.0,,,,,,,,,,,,,,,,,,,,,,,,,,,,,,,,,,2014.0,1990-12-19,,,,12
Riley Ridley,CHI,WR,14103,weighted,,,,,,,0.0,,0.0,,0.0,,,,,,0.04,,0.5,,0.0,,,,,,,,,,,,,,,,,,,,,,,,,,,,,,,,,,2019.0,1970-01-01,O,Coach's Decision,2019.0,12
George Kittle,SF,TE,13299,weighted,,,,,,,0.506521841240019,0.607514894118256,0.006378581493659,0.0071953505015966,0.0,0.0,,,,,4.52178017848755,0.687088147741051,59.5080742132457,8.66371134139177,0.397214654767497,0.329683353746399,,,,,,,,,,,,,,,,,,,,,,,,,,,,,,,,,2017.0,1993-10-09,Q,Knee,2019.0,12
Zach Ertz,PHI,TE,11247,weighted,,,,,,,0.0222263973696571,0.0288550939974658,0.0,0.0,0.0862728980742132,0.0180585614566115,,,,,5.90508689525599,0.536708718447596,65.1071160169093,3.62727756022851,0.592724283701268,0.351950479093602,,,,,,,,,,,,,,,,,,,,,,,,,,,,,,,,,2013.0,1990-11-10,,,,12
Darren Waller,OAK,TE,12263,weighted,,,,,,,0.338607327383748,0.406209494823861,0.0031892907468295,0.0035976752507983,0.0725457961484265,0.036117122913223,,,,,5.30389854391733,0.719150447344172,60.7201127289807,6.71006475012418,0.464715829027713,0.291122190534008,,,,,,,,,,,,,,,,,,,,,,,,,,,,,,,,,2015.0,1992-09-13,,,,12
Darren Waller,LVR,TE,12263,weighted,,,,,,,0.338607327383748,0.406209494823861,0.0031892907468295,0.0035976752507983,0.0725457961484265,0.036117122913223,,,,,5.30389854391733,0.719150447344172,60.7201127289807,6.71006475012418,0.464715829027713,0.291122190534008,,,,,,,,,,,,,,,,,,,,,,,,,,,,,,,,,2015.0,1992-09-13,,,,12
Mark Andrews,BAL,TE,13671,weighted,,,,,,,0.0166697980272428,0.0216413204980994,0.0,0.0,0.091763738844528,0.0108351368739669,,,,,4.56979802724284,0.925143084594006,57.8744762799436,8.31268234686956,0.631193048379521,0.321408629082022,,,,,,,,,,,,,,,,,,,,,,,,,,,,,,,,,2018.0,1995-09-06,,,,12
Greg Olsen,CAR,TE,8687,weighted,,,,,,,0.0138914983560357,0.0180344337484161,0.0,0.0,0.0,0.0,,,,,3.92025364020667,0.694560704059563,46.3512588069516,7.34341176756918,0.202062000939408,0.111961214533883,,,,,,,,,,,,,,,,,,,,,,,,,,,,,,,,,2007.0,1985-03-11,,,,12
Greg Olsen,SEA,TE,8687,weighted,,,,,,,0.0138914983560357,0.0180344337484161,0.0,0.0,0.0,0.0,,,,,3.92025364020667,0.694560704059563,46.3512588069516,7.34341176756918,0.202062000939408,0.111961214533883,,,,,,,,,,,,,,,,,,,,,,,,,,,,,,,,,2007.0,1985-03-11,,,,12
Jared Cook,NO,TE,9474,weighted,,,,,,,0.0250046970408643,0.032461980747149,0.0,0.0,0.0,0.0,,,,,3.58278064819164,0.518370534447429,43.8476092062001,5.69522436148491,0.506608736496008,0.273499310767532,,,,,,,,,,,,,,,,,,,,,,,,,,,,,,,,,2009.0,1987-04-07,,,,12
Ryan Griffin,NYJ,TE,11399,weighted,,,,,,,0.0159670781893004,0.0143356884341535,0.0,0.0,0.0,0.0,,,,,3.00301587301587,0.637966238447722,36.1079835390946,6.57958992892729,0.461775426219871,0.326893204253893,,,,,,,,,,,,,,,,,,,,,,,,,,,,,,,,,2013.0,1990-01-11,,,,12
Cameron Brate,TB,TE,12110,weighted,,,,,,,0.0351440329218107,0.0242188569934735,0.0,0.0,0.0039408191260043,0.0036110406944456,,,,,3.21479129923574,1.19964119455062,32.9911581422692,10.3886936100245,0.214109347442681,0.151832149556243,,,,,,,,,,,,,,,,,,,,,,,,,,,,,,,,,2014.0,1991-07-03,,,,12
Jacob Hollister,SEA,TE,13391,weighted,,,,,,,0.0221606387975575,0.0197098594505365,0.0,0.0,0.0,0.0,,,,,3.406228276186,0.638700789499352,34.8189572569281,9.1092183666057,0.258689525598873,0.164668257199184,,,,,,,,,,,,,,,,,,,,,,,,,,,,,,,,,2017.0,1993-11-18,,,,12
Jason Witten,DAL,TE,6997,weighted,,,,,,,0.0301234567901235,0.0207590202801201,0.0,0.0,0.0842367234959828,0.0144441627777826,,,,,3.7720987654321,0.202065747994511,35.8280776014109,5.64287147117289,0.348559670781893,0.3923303849761,,,,,,,,,,,,,,,,,,,,,,,,,,,,,,,,,2003.0,1982-05-06,,,,12
Jason Witten,LVR,TE,6997,weighted,,,,,,,0.0301234567901235,0.0207590202801201,0.0,0.0,0.0842367234959828,0.0144441627777826,,,,,3.7720987654321,0.202065747994511,35.8280776014109,5.64287147117289,0.348559670781893,0.3923303849761,,,,,,,,,,,,,,,,,,,,,,,,,,,,,,,,,2003.0,1982-05-06,,,,12
Dallas Goedert,PHI,TE,13674,weighted,,,,,,,0.0166697980272428,0.0216413204980994,0.0,0.0,0.0890183184593706,0.0144468491652892,,,,,3.12934711131987,0.504914350722271,33.7170831376233,6.42894958440695,0.286542977923908,0.17069632284089,,,,,,,,,,,,,,,,,,,,,,,,,,,,,,,,,2018.0,1995-01-03,,,,12
Mike Gesicki,MIA,TE,13672,weighted,,,,,,,0.0279423868312757,0.0250874547597687,0.0,0.0,0.0881775426219871,0.0108331220833369,,,,,3.3542328042328,0.655833150106829,34.4558083480306,8.28355248916847,0.115002939447384,0.10505338476103,,,,,,,,,,,,,,,,,,,,,,,,,,,,,,,,,2018.0,1995-10-03,,,,12
Noah Fant,DEN,TE,14137,weighted,,,,,,,0.680338186942226,0.849376325845143,0.0,0.0,0.091763738844528,0.0108351368739669,,,,,3.27586190699859,0.407625300135701,38.900587130108,4.10677660304307,0.189685298262095,0.125907070757198,,,,,,,,,,,,,,,,,,,,,,,,,,,,,,,,,2019.0,1997-11-20,,,,12
Vance McDonald,PIT,TE,11257,weighted,,,,,,,0.429074682949742,0.540061581562628,0.0031892907468295,0.0035976752507983,0.0054908407703147,0.0072234245826445,,,,,3.86931423203382,0.687427242436544,37.3715594175669,3.5745904201216,0.209652418976045,0.117510482598466,,,,,,,,,,,,,,,,,,,,,,,,,,,,,,,,,2013.0,1990-06-13,,,,12
Gerald Everett,LAR,TE,13236,weighted,,,,,,,0.011047440112729,0.0077224420626098,0.0,0.0,0.0,0.0,,,,,2.95342883983091,0.34452019131325,33.8704368248004,5.56526388628318,0.145937059652419,0.0890389787221364,,,,,,,,,,,,,,,,,,,,,,,,,,,,,,,,,2017.0,1994-06-25,,,,12
Tyler Eifert,CIN,TE,11250,weighted,,,,,,,0.020082304526749,0.0138393468534134,0.0,0.0,0.0,0.0,,,,,2.74841857730747,0.350181673495615,28.6175014697237,6.2272305853651,0.143915343915344,0.0877341349711681,,,,,,,,,,,,,,,,,,,,,,,,,,,,,,,,,2013.0,1990-09-08,,,,12
Tyler Eifert,JAC,TE,11250,weighted,,,,,,,0.020082304526749,0.0138393468534134,0.0,0.0,0.0,0.0,,,,,2.74841857730747,0.350181673495615,28.6175014697237,6.2272305853651,0.143915343915344,0.0877341349711681,,,,,,,,,,,,,,,,,,,,,,,,,,,,,,,,,2013.0,1990-09-08,,,,12
O.J. Howard,TB,TE,13188,weighted,,,,,,,0.025514325974636,0.0287814020063868,0.0,0.0,0.0835274776890559,0.0216702737479338,,,,,2.00200563644904,0.564085829515963,28.0730859558478,9.02937124451535,0.145124471582903,0.105772478734009,,,,,,,,,,,,,,,,,,,,,,,,,,,,,,,,,2017.0,1994-11-19,,,,12
Dawson Knox,BUF,TE,14143,weighted,,,,,,,0.13,0.0,,,0.0040826686004351,0.0041255001038592,,,,,2.57273386511965,1.04720396240062,28.9753009427121,6.20551375329793,0.149804205946338,0.106956283777244,,,,,,,,,,,,,,,,,,,,,,,,,,,,,,,,,2019.0,1996-11-14,,,,12
Jack Doyle,IND,TE,11516,weighted,,,,,,,0.012757162987318,0.0143907010031934,0.0,0.0,0.0054908407703147,0.0072234245826445,,,,,3.46616721465477,0.495732954523663,32.0953311413809,4.89537526026529,0.17816815406294,0.134789917759196,,,,,,,,,,,,,,,,,,,,,,,,,,,,,,,,,2013.0,1990-05-05,,,,12
Eric Ebron,IND,TE,11695,weighted,,,,,,,0.0666791921089713,0.0865652819923974,0.0,0.0,0.008236261155472,0.0108351368739669,,,,,2.56301080319399,0.803910832081812,27.9672710192579,9.49839051548787,0.19728511038046,0.143014092592818,,,,,,,,,,,,,,,,,,,,,,,,,,,,,,,,,2014.0,1993-04-10,,,,12
Eric Ebron,PIT,TE,11695,weighted,,,,,,,0.0666791921089713,0.0865652819923974,0.0,0.0,0.008236261155472,0.0108351368739669,,,,,2.56301080319399,0.803910832081812,27.9672710192579,9.49839051548787,0.19728511038046,0.143014092592818,,,,,,,,,,,,,,,,,,,,,,,,,,,,,,,,,2014.0,1993-04-10,,,,12
Jimmy Graham,GB,TE,9925,weighted,,,,,,,0.0652674897119342,0.0449778772735936,0.0,0.0,0.0,0.0,,,,,2.89753086419753,0.179698331470455,31.8452792475015,2.84285800991801,0.180252792475015,0.113065339322546,,,,,,,,,,,,,,,,,,,,,,,,,,,,,,,,,2010.0,1986-11-24,,,,12
Jimmy Graham,CHI,TE,9925,weighted,,,,,,,0.0652674897119342,0.0449778772735936,0.0,0.0,0.0,0.0,,,,,2.89753086419753,0.179698331470455,31.8452792475015,2.84285800991801,0.180252792475015,0.113065339322546,,,,,,,,,,,,,,,,,,,,,,,,,,,,,,,,,2010.0,1986-11-24,,,,12
Jonnu Smith,TEN,TE,13193,weighted,,,,,,,0.075761316872428,0.05481654774906,0.0,0.0,0.0,0.0,,,,,2.58058201058201,0.278212085588601,30.6540388007055,2.37343053140508,0.159223985890653,0.0957356667761811,,,,,,,,,,,,,,,,,,,,,,,,,,,,,,,,,2017.0,1995-08-22,,,,12
Darren Fells,HOU,TE,11337,weighted,,,,,,,0.020082304526749,0.0138393468534134,0.0,0.0,0.0,0.0,,,,,2.56147560258671,0.273891128384578,27.7162669018225,3.8521985617952,0.296784244562022,0.213608185092723,,,,,,,,,,,,,,,,,,,,,,,,,,,,,,,,,2012.0,1986-04-22,,,,12
T.J. Hockenson,DET,TE,14138,weighted,,,,,,,0.0159464537341475,0.0179883762539917,0.0,0.0,0.0027454203851573,0.0036117122913223,,,,,2.5359652418976,0.337694899967564,28.8664443400658,3.30380012593423,0.121272898074213,0.0749337551879747,,,,,,,,,,,,,,,,,,,,,,,,,,,,,,,,,2019.0,1997-07-03,,,,12
Benjamin Watson,NE,TE,7422,weighted,,,,,,,0.0502057613168724,0.0345983671335336,0.0,0.0,0.0,0.0,,,,,2.25077013521458,0.702979794675942,25.1691534391534,5.92461022766326,0.0967019400352734,0.0914607071343011,,,,,,,,,,,,,,,,,,,,,,,,,,,,,,,,,2004.0,1980-12-18,,,,12
Benjamin Watson,FA,TE,7422,weighted,,,,,,,0.0502057613168724,0.0345983671335336,0.0,0.0,0.0,0.0,,,,,2.25077013521458,0.702979794675942,25.1691534391534,5.92461022766326,0.0967019400352734,0.0914607071343011,,,,,,,,,,,,,,,,,,,,,,,,,,,,,,,,,2004.0,1980-12-18,,,,12
Delanie Walker,TEN,TE,8416,weighted,,,,,,,0.0656989247311828,0.0919238815542512,0.0,0.0,0.0,0.0,,,,,0.560967741935484,0.784888527117068,7.27741935483871,10.1823376490863,0.0555913978494624,0.0777817459305202,,,,,,,,,,,,,,,,,,,,,,,,,,,,,,,,,2006.0,1984-08-12,D,Ankle,2019.0,12
Delanie Walker,FA,TE,8416,weighted,,,,,,,0.0656989247311828,0.0919238815542512,0.0,0.0,0.0,0.0,,,,,0.560967741935484,0.784888527117068,7.27741935483871,10.1823376490863,0.0555913978494624,0.0777817459305202,,,,,,,,,,,,,,,,,,,,,,,,,,,,,,,,,2006.0,1984-08-12,D,Ankle,2019.0,12
Luke Stocker,ATL,TE,10354,weighted,,,,,,,0.0804236006051437,0.064828552786181,0.0,0.0,0.0,0.0,,,,,1.74300302571861,0.829634330972154,16.7530030257186,9.20790755718077,0.192760968229955,0.148263763623693,,,,,,,,,,,,,,,,,,,,,,,,,,,,,,,,,2011.0,1988-07-17,,,,12
Luke Stocker,FA,TE,10354,weighted,,,,,,,0.0804236006051437,0.064828552786181,0.0,0.0,0.0,0.0,,,,,1.74300302571861,0.829634330972154,16.7530030257186,9.20790755718077,0.192760968229955,0.148263763623693,,,,,,,,,,,,,,,,,,,,,,,,,,,,,,,,,2011.0,1988-07-17,,,,12
David Njoku,CLE,TE,13192,weighted,,,,,,,0.0,0.0,0.0,0.0,0.0,0.0,,,,,1.05808936825886,1.48492424049175,13.6040061633282,19.0918830920368,0.15115562403698,0.212132034355964,,,,,,,,,,,,,,,,,,,,,,,,,,,,,,,,,2017.0,1996-07-10,,Wrist,2019.0,12
Ross Dwelley,SF,TE,13988,weighted,,,,,,,0.0251028806584362,0.0172991835667668,0.0,0.0,0.0,0.0,,,,,1.3152380952381,0.480126890737682,11.9412286890065,5.50202728544041,0.113380364491476,0.0871433478817316,,,,,,,,,,,,,,,,,,,,,,,,,,,,,,,,,2018.0,1970-01-01,,,,12
Ben Braunecker,CHI,TE,12868,weighted,,,,,,,0.0402118003025719,0.0324142763930905,0.0,0.0,0.0082299546142208,0.0084147311606381,,,,,1.55067322239032,0.206083334051689,16.5491452344932,6.26028728702193,0.187806354009077,0.146524734300775,,,,,,,,,,,,,,,,,,,,,,,,,,,,,,,,,2016.0,1994-02-07,,,,12
Nick Boyle,BAL,TE,12328,weighted,,,,,,,0.0251028806584362,0.0172991835667668,0.0,0.0,0.0,0.0,,,,,1.8828277483833,0.549906236339481,19.2912874779541,6.95632669090101,0.0949559082892416,0.0689219926713071,,,,,,,,,,,,,,,,,,,,,,,,,,,,,,,,,2015.0,1993-02-17,,,,12
Jordan Akins,HOU,TE,13753,weighted,,,,,,,0.020082304526749,0.0138393468534134,0.0,0.0,0.0,0.0,,,,,1.76446796002352,0.41305219844297,18.970734861846,4.67205336962352,0.073938859494415,0.0506385734884739,,,,,,,,,,,,,,,,,,,,,,,,,,,,,,,,,2018.0,1992-04-19,,,,12
Jeremy Sprinkle,WAS,TE,13194,weighted,,,,,,,0.0251323751891074,0.0202589227456816,0.0,0.0,0.0,0.0,,,,,1.94801059001513,0.394603220292548,19.5066263237519,3.45780758959621,0.154387291981846,0.0446960960771432,,,,,,,,,,,,,,,,,,,,,,,,,,,,,,,,,2017.0,1994-08-10,,,,12
Ricky Seals-Jones,CLE,TE,13382,weighted,,,,,,,0.0201059001512859,0.0162071381965453,0.0,0.0,0.0,0.0,,,,,1.31465960665658,0.53786898025667,17.5177231467474,6.80991647413114,0.213479576399395,0.114298281047552,,,,,,,,,,,,,,,,,,,,,,,,,,,,,,,,,2017.0,1995-03-15,,,,12
Ricky Seals-Jones,KC,TE,13382,weighted,,,,,,,0.0201059001512859,0.0162071381965453,0.0,0.0,0.0,0.0,,,,,1.31465960665658,0.53786898025667,17.5177231467474,6.80991647413114,0.213479576399395,0.114298281047552,,,,,,,,,,,,,,,,,,,,,,,,,,,,,,,,,2017.0,1995-03-15,,,,12
Matt LaCosse,NE,TE,12596,weighted,,,,,,,0.0251323751891074,0.0202589227456816,0.0,0.0,0.0,0.0,,,,,1.43878971255673,0.549436505959302,15.0638048411498,6.55153107148128,0.0851739788199697,0.0191784051039953,,,,,,,,,,,,,,,,,,,,,,,,,,,,,,,,,,,,,,12
Blake Jarwin,DAL,TE,13722,weighted,,,,,,,0.0201059001512859,0.0162071381965453,0.0,0.0,0.0,0.0,,,,,1.52096822995461,0.229905187462037,17.8399243570348,2.43168519251795,0.137178517397882,0.0478023417488674,,,,,,,,,,,,,,,,,,,,,,,,,,,,,,,,,2017.0,1994-07-16,,,,12
Hayden Hurst,BAL,TE,13680,weighted,,,,,,,0.0150617283950617,0.0103795101400601,0.0,0.0,0.0,0.0,,,,,1.72777189888301,0.222086963845013,17.6504409171076,1.52028920501207,0.0738154027042916,0.0490861866989483,,,,,,,,,,,,,,,,,,,,,,,,,,,,,,,,,2018.0,1993-08-24,,,,12
Hayden Hurst,ATL,TE,13680,weighted,,,,,,,0.0150617283950617,0.0103795101400601,0.0,0.0,0.0,0.0,,,,,1.72777189888301,0.222086963845013,17.6504409171076,1.52028920501207,0.0738154027042916,0.0490861866989483,,,,,,,,,,,,,,,,,,,,,,,,,,,,,,,,,2018.0,1993-08-24,,,,12
Demetrius Harris,CLE,TE,11448,weighted,,,,,,,0.0301234567901235,0.0207590202801201,0.0,0.0,0.0,0.0,,,,,1.32540270429159,0.531497223729377,14.4448442092887,5.77606800244053,0.155761316872428,0.155544526501413,,,,,,,,,,,,,,,,,,,,,,,,,,,,,,,,,2013.0,1991-07-29,,,,12
Demetrius Harris,CHI,TE,11448,weighted,,,,,,,0.0301234567901235,0.0207590202801201,0.0,0.0,0.0,0.0,,,,,1.32540270429159,0.531497223729377,14.4448442092887,5.77606800244053,0.155761316872428,0.155544526501413,,,,,,,,,,,,,,,,,,,,,,,,,,,,,,,,,2013.0,1991-07-29,,,,12
Foster Moreau,OAK,TE,14239,weighted,,,,,,,0.04,0.0,,,0.0,0.0,,,,,1.70287164612038,0.501750470791433,15.8666424945613,4.47254225276201,0.169833212472806,0.152123656194737,,,,,,,,,,,,,,,,,,,,,,,,,,,,,,,,,2019.0,1997-05-06,,,,12
Foster Moreau,LVR,TE,14239,weighted,,,,,,,0.04,0.0,,,0.0,0.0,,,,,1.70287164612038,0.501750470791433,15.8666424945613,4.47254225276201,0.169833212472806,0.152123656194737,,,,,,,,,,,,,,,,,,,,,,,,,,,,,,,,,2019.0,1997-05-06,,,,12
C.J. Uzomah,CIN,TE,12317,weighted,,,,,,,0.0301588502269289,0.0243107072948179,0.0,0.0,0.0,0.0,,,,,1.78689863842663,0.319692364548467,17.432034795764,2.04169207715469,0.0825794251134644,0.0383970834015748,,,,,,,,,,,,,,,,,,,,,,,,,,,,,,,,,2015.0,1993-01-14,,,,12
Ryan Izzo,NE,TE,13847,weighted,,,,,,,,,,,0.0,0.0,,,,,1.16646795827124,0.919238815542512,15.7678092399404,6.57609306503489,0.0805067064083457,0.0282842712474619,,,,,,,,,,,,,,,,,,,,,,,,,,,,,,,,,2018.0,1995-12-21,,,,12
Josh Hill,NO,TE,11529,weighted,,,,,,,0.020082304526749,0.0138393468534134,0.0,0.0,0.0,0.0,,,,,1.21355673133451,0.526410905255116,11.5343915343915,5.42824664334324,0.0605232216343327,0.0403221352329232,,,,,,,,,,,,,,,,,,,,,,,,,,,,,,,,,2013.0,1990-05-21,,,,12
Tyler Kroft,BUF,TE,12212,weighted,,,,,,,0.0251028806584362,0.0172991835667668,0.0,0.0,0.0118224573780129,0.0108331220833369,,,,,1.46027630805409,0.405171725867722,15.5791005291005,3.42685957751979,0.0681422692533804,0.0416350977528385,,,,,,,,,,,,,,,,,,,,,,,,,,,,,,,,,2015.0,1992-10-15,,,,12
Anthony Firkser,TEN,TE,13919,weighted,,,,,,,0.010052950075643,0.0081035690982726,0.0,0.0,0.0,0.0,,,,,1.24907715582451,0.254735241567887,16.0347428139183,3.3824683702155,0.0974130105900151,0.0284817989402284,,,,,,,,,,,,,,,,,,,,,,,,,,,,,,,,,2018.0,1970-01-01,,,,12
Tyler Higbee,LAR,TE,12678,weighted,,,,,,,0.0251028806584362,0.0172991835667668,0.0,0.0,0.0,0.0,,,,,1.33927689594356,0.401183690011112,12.9714109347443,4.74732979113647,0.062445620223398,0.0405312985766642,,,,,,,,,,,,,,,,,,,,,,,,,,,,,,,,,2016.0,1993-01-01,,,,12
Kaden Smith,NYG,TE,14142,weighted,,,,,,,0.05,0.0,,,0.0,0.0,,,,,1.53311,0.645214510071556,14.00526,5.44905215339943,0.11296,0.0801955317504535,,,,,,,,,,,,,,,,,,,,,,,,,,,,,,,,,2019.0,,,,,12
Marcedes Lewis,GB,TE,8269,weighted,,,,,,,0.0150794251134644,0.0121553536474089,0.0,0.0,0.0,0.0,,,,,0.704417549167927,0.585816412538044,8.3967776096823,6.59061367806057,0.0409001512859304,0.0458423314276022,,,,,,,,,,,,,,,,,,,,,,,,,,,,,,,,,2006.0,1984-05-19,,,,12
Nick OLeary,JAC,TE,12207,weighted,,,,,,,0.0201407035175879,0.0198162419339072,0.0,0.0,0.0,0.0,,,,,0.84894472361809,0.445245457448969,9.3931256281407,6.02223009416356,0.0641909547738693,0.0403770740665136,,,,,,,,,,,,,,,,,,,,,,,,,,,,,,,,,2015.0,1992-08-31,,,,12
Nick OLeary,FA,TE,12207,weighted,,,,,,,0.0201407035175879,0.0198162419339072,0.0,0.0,0.0,0.0,,,,,0.84894472361809,0.445245457448969,9.3931256281407,6.02223009416356,0.0641909547738693,0.0403770740665136,,,,,,,,,,,,,,,,,,,,,,,,,,,,,,,,,2015.0,1992-08-31,,,,12
Jeff Heuerman,DEN,TE,12208,weighted,,,,,,,0.0201059001512859,0.0162071381965453,0.0,0.0,0.0,0.0,,,,,0.824546142208775,0.601887845316273,7.54249621785174,5.45786575604953,0.0532375189107413,0.0404722091828155,,,,,,,,,,,,,,,,,,,,,,,,,,,,,,,,,2015.0,1992-11-24,,,,12
Ben Koyack,JAC,TE,12209,weighted,,,,,,,0.0201431492842536,0.0199842950744142,0.0,0.0,0.0,0.0,,,,,0.619498977505113,0.275967009074827,4.73248466257669,1.39298155724996,0.0232617586912065,0.0208009295332636,,,,,,,,,,,,,,,,,,,,,,,,,,,,,,,,,2015.0,1993-04-09,,,,12
Ben Koyack,FA,TE,12209,weighted,,,,,,,0.0201431492842536,0.0199842950744142,0.0,0.0,0.0,0.0,,,,,0.619498977505113,0.275967009074827,4.73248466257669,1.39298155724996,0.0232617586912065,0.0208009295332636,,,,,,,,,,,,,,,,,,,,,,,,,,,,,,,,,2015.0,1993-04-09,,,,12
Nick Vannett,PIT,TE,12680,weighted,,,,,,,0.0351853252647504,0.0283624918439542,0.0,0.0,0.0,0.0,,,,,0.911384266263237,0.208266365906027,9.56134644478064,1.97184856349574,0.0591376701966717,0.0493049174452232,,,,,,,,,,,,,,,,,,,,,,,,,,,,,,,,,2016.0,1993-03-06,,,,12
Nick Vannett,DEN,TE,12680,weighted,,,,,,,0.0351853252647504,0.0283624918439542,0.0,0.0,0.0,0.0,,,,,0.911384266263237,0.208266365906027,9.56134644478064,1.97184856349574,0.0591376701966717,0.0493049174452232,,,,,,,,,,,,,,,,,,,,,,,,,,,,,,,,,2016.0,1993-03-06,,,,12
Jesse James,DET,TE,12211,weighted,,,,,,,0.0201059001512859,0.0162071381965453,0.0,0.0,0.0,0.0,,,,,0.787730711043873,0.409689432884796,7.53059001512859,3.77656091628682,0.0482299546142209,0.0363782362188971,,,,,,,,,,,,,,,,,,,,,,,,,,,,,,,,,2015.0,1994-06-04,,,,12
Garrett Celek,SF,TE,11007,weighted,,,,,,,0.0201059001512859,0.0162071381965453,0.0,0.0,0.0,0.0,,,,,0.411036308623298,0.351043621479462,6.28939485627837,5.24964039816722,0.0842435703479576,0.0895189372339474,,,,,,,,,,,,,,,,,,,,,,,,,,,,,,,,,2012.0,1988-05-29,,,,12
Garrett Celek,FA,TE,11007,weighted,,,,,,,0.0201059001512859,0.0162071381965453,0.0,0.0,0.0,0.0,,,,,0.411036308623298,0.351043621479462,6.28939485627837,5.24964039816722,0.0842435703479576,0.0895189372339474,,,,,,,,,,,,,,,,,,,,,,,,,,,,,,,,,2012.0,1988-05-29,,,,12
Troy Fumagalli,DEN,TE,13673,weighted,,,,,,,0.11,0.0,,,0.0,0.0,,,,,0.62034,0.327886980004939,5.71006,4.08663923722735,0.09342,0.011510417665582,,,,,,,,,,,,,,,,,,,,,,,,,,,,,,,,,2018.0,,,,,12
Logan Thomas,DET,TE,11647,weighted,,,,,,,0.0201059001512859,0.0162071381965453,0.0,0.0,0.0,0.0,,,,,0.982927382753404,0.166726446045454,9.13655068078669,1.04617535838957,0.0580030257186082,0.0420705664304963,,,,,,,,,,,,,,,,,,,,,,,,,,,,,,,,,2014.0,1991-07-01,,,,12
Logan Thomas,WAS,TE,11647,weighted,,,,,,,0.0201059001512859,0.0162071381965453,0.0,0.0,0.0,0.0,,,,,0.982927382753404,0.166726446045454,9.13655068078669,1.04617535838957,0.0580030257186082,0.0420705664304963,,,,,,,,,,,,,,,,,,,,,,,,,,,,,,,,,2014.0,1991-07-01,,,,12
Scott Simonson,,TE,12138,weighted,,,,,,,0.015105527638191,0.0148621814504304,0.0,0.0,0.0,0.0,,,,,0.952371859296482,0.207493059377339,8.5171959798995,0.781259198986712,0.0738994974874372,0.0252653867965317,,,,,,,,,,,,,,,,,,,,,,,,,,,,,,,,,,,,,,12
Luke Willson,SEA,TE,11381,weighted,,,,,,,0.0,,0.0,,0.0,,,,,,0.0,,0.0,,0.0,,,,,,,,,,,,,,,,,,,,,,,,,,,,,,,,,,2013.0,1990-01-15,O,Hamstring,2019.0,12
Robert Tonyan,GB,TE,13427,weighted,,,,,,,0.0251323751891074,0.0202589227456816,0.0,0.0,0.0,0.0,,,,,0.391505295007564,0.307242731999821,4.40844931921331,3.9253798821692,0.0148638426626324,0.0173739074517479,,,,,,,,,,,,,,,,,,,,,,,,,,,,,,,,,2017.0,1994-04-30,Q,Hip,2019.0,12
Derek Carrier,OAK,TE,10940,weighted,,,,,,,0.150794251134644,0.121553536474089,0.0,0.0,0.0,0.0,,,,,0.42661119515885,0.266613362099765,4.47746596066566,2.83172208509026,0.012375189107413,0.0126464970456796,,,,,,,,,,,,,,,,,,,,,,,,,,,,,,,,,2012.0,1990-07-25,,,,12
Derek Carrier,LVR,TE,10940,weighted,,,,,,,0.150794251134644,0.121553536474089,0.0,0.0,0.0,0.0,,,,,0.42661119515885,0.266613362099765,4.47746596066566,2.83172208509026,0.012375189107413,0.0126464970456796,,,,,,,,,,,,,,,,,,,,,,,,,,,,,,,,,2012.0,1990-07-25,,,,12
Clive Walford,MIA,TE,12210,weighted,,,,,,,0.025178936605317,0.0249803688430177,0.0,0.0,0.0,0.0,,,,,0.615572597137014,0.286792918054275,6.52548057259714,3.31291486667278,0.0399386503067485,0.034668196537118,,,,,,,,,,,,,,,,,,,,,,,,,,,,,,,,,2015.0,1991-10-21,O,Coach's Decision,2019.0,12
Dan Arnold,NO,TE,13880,weighted,,,,,,,0.0,0.0,0.0,0.0,0.0,0.0,,,,,0.392388289676425,0.438406204335659,4.95639445300462,5.76292026667036,0.025115562403698,0.0212132034355964,,,,,,,,,,,,,,,,,,,,,,,,,,,,,,,,,2017.0,1970-01-01,O,Coach's Decision,2019.0,12
Dan Arnold,ARI,TE,13880,weighted,,,,,,,0.0,0.0,0.0,0.0,0.0,0.0,,,,,0.392388289676425,0.438406204335659,4.95639445300462,5.76292026667036,0.025115562403698,0.0212132034355964,,,,,,,,,,,,,,,,,,,,,,,,,,,,,,,,,2017.0,1970-01-01,O,Coach's Decision,2019.0,12
Jordan Thomas,HOU,TE,13819,weighted,,,,,,,0.0150794251134644,0.0121553536474089,0.0,0.0,0.0,0.0,,,,,0.599614220877458,0.192356808914551,6.13442511346445,2.31594764918358,0.0556505295007564,0.0314339047681856,,,,,,,,,,,,,,,,,,,,,,,,,,,,,,,,,2018.0,1996-08-02,,,,12
Daniel Brown,NYJ,TE,12585,weighted,,,,,,,0.0201059001512859,0.0162071381965453,0.0,0.0,0.0,0.0,,,,,0.454054462934947,0.121405731847306,5.78274583963691,2.39523457912664,0.098910741301059,0.0739965354527027,,,,,,,,,,,,,,,,,,,,,,,,,,,,,,,,,,,,,,12
Mo Alie-Cox,IND,TE,13246,weighted,,,,,,,0.010052950075643,0.0081035690982726,0.0,0.0,0.0,0.0,,,,,0.366928895612708,0.107090362917926,4.48456127080182,1.90401986527143,0.0197579425113464,0.0143145358372087,,,,,,,,,,,,,,,,,,,,,,,,,,,,,,,,,2016.0,1993-09-19,,,,12
Pharaoh Brown,CLE,TE,13994,weighted,,,,,,,0.04,0.0,,,0.0,0.0,,,,,0.35884,0.303262594732936,4.03439,3.51782439723316,0.04098,0.0532831561146101,,,,,,,,,,,,,,,,,,,,,,,,,,,,,,,,,2017.0,1994-05-04,O,Coach's Decision,2019.0,12
Zach Gentry,PIT,TE,14240,weighted,,,,,,,,,,,0.0,0.0,,,,,0.388107302533532,0.45254833995939,4.48614008941878,4.80832611206852,0.0512667660208644,0.0707106781186548,,,,,,,,,,,,,,,,,,,,,,,,,,,,,,,,,2019.0,1970-01-01,O,Coach's Decision,2019.0,12
Levine Toilolo,SF,TE,11252,weighted,,,,,,,0.0201059001512859,0.0162071381965453,0.0,0.0,0.0,0.0,,,,,0.331800302571861,0.264357250373245,4.30852496217852,3.56764506452199,0.0359455370650529,0.0448528432034156,,,,,,,,,,,,,,,,,,,,,,,,,,,,,,,,,2013.0,1991-07-30,,,,12
Levine Toilolo,NYG,TE,11252,weighted,,,,,,,0.0201059001512859,0.0162071381965453,0.0,0.0,0.0,0.0,,,,,0.331800302571861,0.264357250373245,4.30852496217852,3.56764506452199,0.0359455370650529,0.0448528432034156,,,,,,,,,,,,,,,,,,,,,,,,,,,,,,,,,2013.0,1991-07-30,,,,12
Durham Smythe,MIA,TE,13676,weighted,,,,,,,0.0251323751891074,0.0202589227456816,0.0,0.0,0.0,0.0,,,,,0.305552193645991,0.136425937332759,3.26114220877458,1.54421282010379,0.0123373676248109,0.0150213647632354,,,,,,,,,,,,,,,,,,,,,,,,,,,,,,,,,2018.0,1995-08-09,,,,12
Trevon Wesco,NYJ,TE,14231,weighted,,,,,,,0.91,0.0,,,0.0,0.0,,,,,0.27212,0.296862398033823,3.47825,3.34207002307674,0.00987,0.017265626498373,,,,,,,,,,,,,,,,,,,,,,,,,,,,,,,,,2019.0,,,,,12
Ian Thomas,CAR,TE,13678,weighted,,,,,,,0.0150794251134644,0.0121553536474089,0.0,0.0,0.0,0.0,,,,,0.520423600605144,0.208082214163994,5.35179273827534,2.19157930184153,0.0531240544629349,0.0324462684006387,,,,,,,,,,,,,,,,,,,,,,,,,,,,,,,,,2018.0,1996-06-06,,,,12
Jace Sternberger,GB,TE,14140,weighted,,,,,,,,,,,0.0,0.0,,,,,0.7,1.5705966056628002e-16,6.74366616989568,0.353553390593274,0.0,0.0,,,,,,,,,,,,,,,,,,,,,,,,,,,,,,,,,2019.0,,,,,12
Dalton Schultz,DAL,TE,13772,weighted,,,,,,,0.0150794251134644,0.0121553536474089,0.0,0.0,0.0,0.0,,,,,0.308350983358548,0.286769860310827,2.84136157337368,2.71654176105598,0.0049773071104387,0.0099858502831801,,,,,,,,,,,,,,,,,,,,,,,,,,,,,,,,,2018.0,1996-07-11,,,,12
Geoff Swaim,JAC,TE,12378,weighted,,,,,,,0.0,,0.0,,0.0,,,,,,0.82,,6.29,,0.05,,,,,,,,,,,,,,,,,,,,,,,,,,,,,,,,,,,,IR,Concussion,2019.0,12
Geoff Swaim,FA,TE,12378,weighted,,,,,,,0.0,,0.0,,0.0,,,,,,0.82,,6.29,,0.05,,,,,,,,,,,,,,,,,,,,,,,,,,,,,,,,,,,,IR,Concussion,2019.0,12
Isaac Nauta,DET,TE,14144,weighted,,,,,,,0.07,,,,0.0,,,,,,0.34,,3.05,,0.03,,,,,,,,,,,,,,,,,,,,,,,,,,,,,,,,,,2019.0,1970-01-01,,,,12
Tommy Sweeney,BUF,TE,14294,weighted,,,,,,,,,,,0.0,,,,,,0.6,,6.2,,0.0,,,,,,,,,,,,,,,,,,,,,,,,,,,,,,,,,,2019.0,1970-01-01,O,Coach's Decision,2019.0,12
MyCole Pruitt,TEN,TE,12309,weighted,,,,,,,0.0201059001512859,0.0162071381965453,0.0,0.0,0.0,0.0,,,,,0.372919818456883,0.169590238405103,4.12614220877458,1.38267434199147,0.0223897598335855,0.0219578174591455,,,,,,,,,,,,,,,,,,,,,,,,,,,,,,,,,2015.0,1992-03-24,,,,12
,,TE,nfl_0,weighted,,,,,,,,,,,0.0,0.0,,,,,0.37,0.466690475583121,3.0,4.24264068711928,0.01,0.014142135623731,,,,,,,,,,,,,,,,,,,,,,,,,,,,,,,,,,,,,,12
Tyrone Swoopes,SEA,TE,13411,weighted,,,,,,,0.0303225806451613,0.0424264068711928,0.0,0.0,0.0,0.0,,,,,0.393333333333333,0.438406204335659,3.25591397849462,3.40825468531916,0.0251612903225806,0.0212132034355964,,,,,,,,,,,,,,,,,,,,,,,,,,,,,,,,,2017.0,1994-11-14,,,,12
Andrew Beck,DEN,TE,14319,weighted,,,,,,,0.04,0.0,,,0.0,0.0,,,,,0.0901524390243903,0.0707106781186548,0.742256097560976,1.04651803615609,0.005015243902439,0.0070710678118654,,,,,,,,,,,,,,,,,,,,,,,,,,,,,,,,,2019.0,1996-05-15,,,,12
Lee Smith,BUF,TE,10398,weighted,,,,,,,0.0150794251134644,0.0121553536474089,0.0,0.0,0.0,0.0,,,,,0.266331316187595,0.148734138314264,2.33512859304085,1.36194236267682,0.0582223903177004,0.0504667159350911,,,,,,,,,,,,,,,,,,,,,,,,,,,,,,,,,2011.0,1987-11-21,,,,12
Jordan Leggett,TB,TE,13195,weighted,,,,,,,0.0,0.0,0.0,0.0,0.0,0.0,,,,,0.354078549848943,0.258039371909572,3.30243705941591,2.49925079968621,0.0346424974823766,0.0582888968445826,,,,,,,,,,,,,,,,,,,,,,,,,,,,,,,,,2017.0,1995-01-31,O,Coach's Decision,2019.0,12
Johnny Mundt,LAR,TE,13940,weighted,,,,,,,0.025178936605317,0.0249803688430177,0.0,0.0,0.0,0.0,,,,,0.167678936605317,0.177063057019074,1.83148261758691,1.91943662457452,0.0134560327198364,0.0231470642781424,,,,,,,,,,,,,,,,,,,,,,,,,,,,,,,,,2017.0,1994-11-23,,,,12
Chris Manhertz,CAR,TE,12955,weighted,,,,,,,0.0151073619631902,0.0149882213058106,0.0,0.0,0.0,0.0,,,,,0.147433537832311,0.15990477391849,1.06906952965235,0.35482044245322,0.0100715746421268,0.009992147537207,,,,,,,,,,,,,,,,,,,,,,,,,,,,,,,,,,1992-04-10,,,,12
Cethan Carter,CIN,TE,13369,weighted,,,,,,,0.0,0.0,0.0,0.0,0.0,0.0,,,,,0.0450385208012327,0.0070710678118654,0.253651771956857,0.247487373415292,0.0,0.0,,,,,,,,,,,,,,,,,,,,,,,,,,,,,,,,,2017.0,1993-09-05,,,,12
Austin Hooper,ATL,TE,12677,weighted,,,,,,,0.0,0.0,0.0,0.0,,,,,,,0.0,0.0,0.0,0.0,0.0,0.0,,,,,,,,,,,,,,,,,,,,,,,,,,,,,,,,,2016.0,1994-10-29,O,Knee - MCL,2019.0,12
Austin Hooper,CLE,TE,12677,weighted,,,,,,,0.0,0.0,0.0,0.0,,,,,,,0.0,0.0,0.0,0.0,0.0,0.0,,,,,,,,,,,,,,,,,,,,,,,,,,,,,,,,,2016.0,1994-10-29,O,Knee - MCL,2019.0,12
Evan Engram,NYG,TE,13189,weighted,,,,,,,1.34,0.0,0.01,0.0,,,,,,,0.0,0.0,0.0,0.0,0.0,0.0,,,,,,,,,,,,,,,,,,,,,,,,,,,,,,,,,2017.0,1994-09-02,O,Foot,2019.0,12
Younghoe Koo,ATL,K,13403,weighted,,,,,,,,,,,,,,,,,,,,,,,0.0193277822850392,0.0214455112986965,0.515511793743303,0.125547936547469,0.653421787649398,0.212758625118776,0.447093051391718,0.127223067180638,0.170023582852458,0.0752460278638992,2.62961953969,0.76682375135079,,,,,,,,,,,,,,,,,,,,,2017.0,1994-08-03,,,,12
Justin Tucker,BAL,K,10976,weighted,,,,,,,,,,,,,,,,,,,,,,,0.0197808522045253,0.0184081201318345,0.619421995482162,0.164498269104282,0.566562891590067,0.148468686873605,0.557960301052614,0.145575932085241,0.21462860272204,0.07830386214111,2.4976608736496,0.563750738574228,,,,,,,,,,,,,,,,,,,,,2012.0,1989-11-21,,,,12
Wil Lutz,NO,K,12956,weighted,,,,,,,,,,,,,,,,,,,,,,,0.0563979792242009,0.0294918500290019,0.551018970393778,0.078893732327405,0.529886781525057,0.0745495205534851,0.623577915224127,0.10473888886422,0.212628651258634,0.0612416019972037,2.67751996242367,0.318031412219692,,,,,,,,,,,,,,,,,,,,,2016.0,1994-07-07,,,,12
Mason Crosby,GB,K,8742,weighted,,,,,,,,,,,,,,,,,,,,,,,0.0311303000656548,0.0266766454582032,0.365125085969463,0.123718216685639,0.57724111669661,0.120383330260814,0.49195509632978,0.116679634761707,0.196846748434115,0.0552209320096398,2.28542038515735,0.635434239491693,,,,,,,,,,,,,,,,,,,,,2007.0,1984-09-03,,,,12
Chris Boswell,PIT,K,11936,weighted,,,,,,,,,,,,,,,,,,,,,,,0.0384682905735357,0.0325778557000853,0.44132618174214,0.100903620887261,0.399959714443076,0.0857640303821263,0.430071200849036,0.0988378185757586,0.125313635620252,0.0507493883694829,2.57498530276308,0.525249419429631,,,,,,,,,,,,,,,,,,,,,2014.0,1991-03-16,,,,12
Jason Myers,SEA,K,12437,weighted,,,,,,,,,,,,,,,,,,,,,,,0.0259057543044647,0.0256309244592078,0.475218521403246,0.195741576010423,0.674772241413367,0.225853544163752,0.519822652024583,0.174409225458415,0.132660629218501,0.0624043776390685,2.21712541099108,0.445070214059126,,,,,,,,,,,,,,,,,,,,,,1991-05-12,,,,12
Kaimi Fairbairn,HOU,K,12860,weighted,,,,,,,,,,,,,,,,,,,,,,,0.0261425050081696,0.0176310954942403,0.454135707877592,0.123895293100282,0.478592081483386,0.103776429335487,0.466729022304686,0.125596775875394,0.200698325288854,0.0639033179567683,2.50710662282762,0.361542523503903,,,,,,,,,,,,,,,,,,,,,2016.0,1994-01-29,,,,12
Jake Elliott,PHI,K,13303,weighted,,,,,,,,,,,,,,,,,,,,,,,0.0173911371508464,0.0176229574722922,0.563381100316158,0.0659888547407036,0.539963485771995,0.0535700140590543,0.524525786571224,0.0816081351756348,0.16348789619265,0.0475769650519583,2.38862376702677,0.388204555452558,,,,,,,,,,,,,,,,,,,,,2017.0,1995-01-21,,,,12
Austin Seibert,CLE,K,14258,weighted,,,,,,,,,,,,,,,,,,,,,,,0.0156652589756516,0.0164700019657474,0.516428690205689,0.0714533652012216,0.632890330599503,0.0875766076695141,0.516352851484652,0.10307547890233,0.108542650052194,0.0531469682040524,2.62689594356261,0.47685197551534,,,,,,,,,,,,,,,,,,,,,2019.0,,,,,12
Ryan Succop,TEN,K,9686,weighted,,,,,,,,,,,,,,,,,,,,,,,0.012819901907123,0.0128662784041434,0.388003521699713,0.129480428471518,0.583224868827002,0.141556021752505,0.450228610917515,0.108698873999187,0.121227942807088,0.0290769925778266,2.15148148148148,0.417267309208177,,,,,,,,,,,,,,,,,,,,,2009.0,1986-09-19,,,,12
Ryan Succop,FA,K,9686,weighted,,,,,,,,,,,,,,,,,,,,,,,0.012819901907123,0.0128662784041434,0.388003521699713,0.129480428471518,0.583224868827002,0.141556021752505,0.450228610917515,0.108698873999187,0.121227942807088,0.0290769925778266,2.15148148148148,0.417267309208177,,,,,,,,,,,,,,,,,,,,,2009.0,1986-09-19,,,,12
Matt Gay,TB,K,14244,weighted,,,,,,,,,,,,,,,,,,,,,,,0.0373505224879962,0.0311447273204163,0.455423237482637,0.061178457851022,0.443829426199443,0.0384631052994384,0.623615108918971,0.148568201455048,0.293598487547193,0.0720294885996737,2.18531705025834,0.462624577857051,,,,,,,,,,,,,,,,,,,,,2019.0,1994-03-15,,,,12
Daniel Carlson,OAK,K,13718,weighted,,,,,,,,,,,,,,,,,,,,,,,0.0139179767419646,0.0164343342055978,0.487034663526013,0.111016012796689,0.403416910271586,0.141070697198252,0.485150548128523,0.138389604909163,0.12669197305519,0.0466548508676758,2.33102292768959,0.217895466442152,,,,,,,,,,,,,,,,,,,,,2018.0,1995-01-23,,,,12
Daniel Carlson,LVR,K,13718,weighted,,,,,,,,,,,,,,,,,,,,,,,0.0139179767419646,0.0164343342055978,0.487034663526013,0.111016012796689,0.403416910271586,0.141070697198252,0.485150548128523,0.138389604909163,0.12669197305519,0.0466548508676758,2.33102292768959,0.217895466442152,,,,,,,,,,,,,,,,,,,,,2018.0,1995-01-23,,,,12
Greg Zuerlein,LAR,K,10868,weighted,,,,,,,,,,,,,,,,,,,,,,,0.0180996215780285,0.012869256607942,0.564360991669741,0.062905385305723,0.58522778976391,0.0635710344614249,0.384154084404111,0.0518409210408443,0.271354043863843,0.0536757051781293,2.12771254109911,0.243174553743767,,,,,,,,,,,,,,,,,,,,,2012.0,1987-12-27,,,,12
Greg Zuerlein,DAL,K,10868,weighted,,,,,,,,,,,,,,,,,,,,,,,0.0180996215780285,0.012869256607942,0.564360991669741,0.062905385305723,0.58522778976391,0.0635710344614249,0.384154084404111,0.0518409210408443,0.271354043863843,0.0536757051781293,2.12771254109911,0.243174553743767,,,,,,,,,,,,,,,,,,,,,2012.0,1987-12-27,,,,12
Brett Maher,DAL,K,13909,weighted,,,,,,,,,,,,,,,,,,,,,,,0.0252136238841446,0.0171582432928122,0.516638135229467,0.134454019532251,0.549990245572179,0.145872700980141,0.334986010998593,0.151372441038323,0.22438827512375,0.0878573173416454,1.79802254579615,0.445845440975018,,,,,,,,,,,,,,,,,,,,,2017.0,1970-01-01,,,,12
Brett Maher,NYJ,K,13909,weighted,,,,,,,,,,,,,,,,,,,,,,,0.0252136238841446,0.0171582432928122,0.516638135229467,0.134454019532251,0.549990245572179,0.145872700980141,0.334986010998593,0.151372441038323,0.22438827512375,0.0878573173416454,1.79802254579615,0.445845440975018,,,,,,,,,,,,,,,,,,,,,2017.0,1970-01-01,,,,12
Nick Folk,NE,K,8851,weighted,,,,,,,,,,,,,,,,,,,,,,,0.0491593302951087,0.0412524025847501,0.595624130563555,0.124923422590614,0.676488713304009,0.0953469274053651,0.368952094686671,0.137022938757521,0.104346528741157,0.0315094713944999,2.25222639736966,0.206459692973116,,,,,,,,,,,,,,,,,,,,,2007.0,1984-11-05,,,,12
Matt Prater,DET,K,8930,weighted,,,,,,,,,,,,,,,,,,,,,,,0.007009882205583,0.0070482789829098,0.513330704804427,0.0947066528772285,0.492365182474126,0.0798786570063407,0.433581199481469,0.099770257166116,0.238576089268492,0.0633743032578913,1.95870361672147,0.382868626290545,,,,,,,,,,,,,,,,,,,,,2006.0,1984-08-10,,,,12
Adam Vinatieri,IND,K,2842,weighted,,,,,,,,,,,,,,,,,,,,,,,0.0128761873918539,0.0128760245142645,0.511204403422932,0.0872285505597749,0.496870325401168,0.124955921439166,0.376535434832743,0.0733832526731758,0.194359080905802,0.0377567483847032,1.98468547912992,0.267685663909136,,,,,,,,,,,,,,,,,,,,,1996.0,1972-12-28,,,,12
Adam Vinatieri,FA,K,2842,weighted,,,,,,,,,,,,,,,,,,,,,,,0.0128761873918539,0.0128760245142645,0.511204403422932,0.0872285505597749,0.496870325401168,0.124955921439166,0.376535434832743,0.0733832526731758,0.194359080905802,0.0377567483847032,1.98468547912992,0.267685663909136,,,,,,,,,,,,,,,,,,,,,1996.0,1972-12-28,,,,12
Aldrick Rosas,NYG,K,13241,weighted,,,,,,,,,,,,,,,,,,,,,,,0.0076188559159573,0.0127943489447311,0.507329801449669,0.151416742646541,0.514419644393225,0.158814767194595,0.304139840522691,0.184942721205995,0.120029850075895,0.0276000459016718,1.85204585537919,0.340452026175853,,,,,,,,,,,,,,,,,,,,,2016.0,1994-12-30,,,,12
Eddy Pineiro,CHI,K,13719,weighted,,,,,,,,,,,,,,,,,,,,,,,0.0437173452364746,0.0380330229286889,0.445693921322511,0.0956957212738041,0.527499790589089,0.0964684065813863,0.403916450651422,0.146141841908718,0.167015371509685,0.0547425933034643,2.06357436801881,0.0870572316823236,,,,,,,,,,,,,,,,,,,,,2018.0,1995-09-13,,,,12
,,K,nfl_0,weighted,,,,,,,,,,,,,,,,,,,,,,,0.0162134944612286,0.0286710413232857,0.318952668680765,0.129844358558233,0.501027190332326,0.105284262039521,0.357844914400806,0.0745447074405429,0.288559919436052,0.10189015513427,1.89230614300101,0.178558171319092,,,,,,,,,,,,,,,,,,,,,,,,,,12
Steven Hauschka,BUF,K,9319,weighted,,,,,,,,,,,,,,,,,,,,,,,0.0262779470186878,0.0284157328208513,0.409598491847169,0.120143505686167,0.504992457327113,0.0968492211523678,0.529907366051546,0.101095008218268,0.21363626819976,0.0284871188109534,1.87467960023516,0.146882732092607,,,,,,,,,,,,,,,,,,,,,,,,,,12
Randy Bullock,CIN,K,10862,weighted,,,,,,,,,,,,,,,,,,,,,,,0.0137106300570517,0.016541362338815,0.412000112782625,0.0587912806260866,0.407216181922392,0.0696847956429859,0.336133314688035,0.0627974697633512,0.0873467760309866,0.0796063448917265,1.69348030570253,0.367074259077757,,,,,,,,,,,,,,,,,,,,,2012.0,1989-12-16,,,,12
Dustin Hopkins,WAS,K,11387,weighted,,,,,,,,,,,,,,,,,,,,,,,0.0075639204647044,0.0081435047380347,0.478468131228906,0.102604661275204,0.46573440932234,0.135850305440107,0.4703495921128,0.100542509002318,0.082475328475338,0.0577127873677333,1.51869488536155,0.411649661238028,,,,,,,,,,,,,,,,,,,,,2013.0,1990-10-01,,,,12
Brandon McManus,DEN,K,11947,weighted,,,,,,,,,,,,,,,,,,,,,,,0.007865525725608,0.0128175699463545,0.454563770615113,0.14941409628195,0.465675851572383,0.0877572256439075,0.471896468763018,0.0866585194763745,0.134699808686679,0.0436941229268242,1.48840681951793,0.322408512993738,,,,,,,,,,,,,,,,,,,,,2014.0,1991-07-25,,,,12
Josh Lambo,JAC,K,12417,weighted,,,,,,,,,,,,,,,,,,,,,,,0.0078258137648123,0.0071637836622052,0.545444056060503,0.0838809439604273,0.590116585948355,0.0922820822298809,0.475052321581269,0.0858170433722667,0.170404790235414,0.0591409830976086,1.66685767966181,0.204659086045844,,,,,,,,,,,,,,,,,,,,,2015.0,1990-11-19,,,,12
Sam Ficken,NYJ,K,13564,weighted,,,,,,,,,,,,,,,,,,,,,,,0.0,0.0,0.397325281028985,0.140356175483438,0.483712299360448,0.14625415551786,0.359119019412229,0.128387316086604,0.232887935300487,0.0933981098541169,1.63880658436214,0.424429842979375,,,,,,,,,,,,,,,,,,,,,2015.0,1992-12-14,,,,12
Jason Sanders,MIA,K,13832,weighted,,,,,,,,,,,,,,,,,,,,,,,0.0136347566826713,0.0165644337472957,0.367208432859481,0.0950486286362916,0.325611391441538,0.120880434596436,0.359961324020978,0.0780313003340823,0.119819507605867,0.0510975937245661,1.61423868312757,0.294915408077232,,,,,,,,,,,,,,,,,,,,,2018.0,1995-11-16,,,,12
Robbie Gould,SF,K,8153,weighted,,,,,,,,,,,,,,,,,,,,,,,0.0,0.0,0.0,0.0,0.0,0.0,0.0,0.0,0.0,0.0,1.0272,1.27279220613579,,,,,,,,,,,,,,,,,,,,,2005.0,1982-12-06,D,Quadriceps,2019.0,12
Dan Bailey,MIN,K,10506,weighted,,,,,,,,,,,,,,,,,,,,,,,0.0,0.0,0.0,0.0,0.0,0.0,0.0,0.0,0.0,0.0,0.0,0.0,,,,,,,,,,,,,,,,,,,,,2011.0,1988-01-26,,,,12
Zane Gonzalez,ARI,K,13347,weighted,,,,,,,,,,,,,,,,,,,,,,,0.0,0.0,0.0,0.0,0.0,0.0,0.0,0.0,0.0,0.0,0.0,0.0,,,,,,,,,,,,,,,,,,,,,2017.0,,,,,12
Harrison Butker,KC,K,13354,weighted,,,,,,,,,,,,,,,,,,,,,,,0.0,0.0,0.0,0.0,0.0,0.0,0.0,0.0,0.0,0.0,0.0,0.0,,,,,,,,,,,,,,,,,,,,,2017.0,1995-07-14,,,,12
Mike Badgley,LAC,K,13980,weighted,,,,,,,,,,,,,,,,,,,,,,,0.0,0.0,0.0,0.0,0.0,0.0,0.0,0.0,0.0,0.0,0.0,0.0,,,,,,,,,,,,,,,,,,,,,2018.0,1970-01-01,,,,12
Panthers,CAR,DST,0527,weighted,,,,,,,,,,,,,,,,,,,,,,,,,,,,,,,,,,,0.709605714285714,0.0625816597591819,2.10978857142857,0.437344935901581,0.0353028571428571,0.0368559097887422,0.128971428571429,0.0491981361654819,0.09,0.0,,,,,,,,,,,,,,,,12
Jets,NYJ,DST,0505,weighted,,,,,,,,,,,,,,,,,,,,,,,,,,,,,,,,,,,0.623782148260212,0.163390456237055,2.00048411497731,0.343988306642835,0.04321482602118,0.0416786018808063,0.232261724659607,0.112362007790005,0.11,1.60263336315656e-17,,,,,,,,,,,,,,,,12
Buccaneers,TB,DST,0525,weighted,,,,,,,,,,,,,,,,,,,,,,,,,,,,,,,,,,,0.788124054462935,0.164603653936081,2.19474281391831,0.267985096130814,0.0092927382753403,0.0142059015536297,0.150642965204236,0.0411300006735674,0.08,0.0,,,,,,,,,,,,,,,,12
Dolphins,MIA,DST,0503,weighted,,,,,,,,,,,,,,,,,,,,,,,,,,,,,,,,,,,0.931043872919818,0.193038035528497,2.00739031770045,0.446844176316424,0.0277874432677761,0.0249187711381027,0.175484114977307,0.0329972220039366,0.11,1.60263336315656e-17,,,,,,,,,,,,,,,,12
Commanders,WAS,DST,0520,weighted,,,,,,,,,,,,,,,,,,,,,,,,,,,,,,,,,,,0.768729198184569,0.0868546008022982,2.54964447806354,0.370539766014217,0.0089273827534039,0.0142866187033693,0.102269288956127,0.0735834035203509,0.07,0.0,,,,,,,,,,,,,,,,12
Cowboys,DAL,DST,0516,weighted,,,,,,,,,,,,,,,,,,,,,,,,,,,,,,,,,,,0.57348,0.181130824351277,1.79569142857143,0.242900011065836,0.0059028571428571,0.0080027516370323,0.1186,0.027062960967198,0.07,0.0,,,,,,,,,,,,,,,,12
Packers,GB,DST,0523,weighted,,,,,,,,,,,,,,,,,,,,,,,,,,,,,,,,,,,1.01022857142857,0.35992538195693,2.32600571428571,0.323285179395445,0.0088542857142857,0.0120041274555485,0.12512,0.0727448325316378,0.07,0.0,,,,,,,,,,,,,,,,12
Colts,IND,DST,0502,weighted,,,,,,,,,,,,,,,,,,,,,,,,,,,,,,,,,,,0.793691428571429,0.0753881636801417,2.90726857142857,0.389020448770482,0.0676542857142857,0.0749816895366876,0.12512,0.0727448325316378,0.08,0.0,,,,,,,,,,,,,,,,12
Rams,LAR,DST,0528,weighted,,,,,,,,,,,,,,,,,,,,,,,,,,,,,,,,,,,0.774302857142857,0.151496739829402,2.37412,0.277553614924387,0.0327657142857143,0.0264732654146244,0.158742857142857,0.0445964680822516,0.08,0.0,,,,,,,,,,,,,,,,12
Falcons,ATL,DST,0526,weighted,,,,,,,,,,,,,,,,,,,,,,,,,,,,,,,,,,,1.1689636913767,0.259105371469358,2.75360816944024,0.480025188075206,0.0123903177004539,0.0189412020715062,0.206270801815431,0.0673782409057246,0.09,0.0,,,,,,,,,,,,,,,,12
Giants,NYG,DST,0517,weighted,,,,,,,,,,,,,,,,,,,,,,,,,,,,,,,,,,,0.843714069591528,0.0844340689472362,2.58235249621785,0.289989818743473,0.0061951588502269,0.0094706010357531,0.201263237518911,0.134210136003211,0.09,0.0,,,,,,,,,,,,,,,,12
Eagles,PHI,DST,0518,weighted,,,,,,,,,,,,,,,,,,,,,,,,,,,,,,,,,,,0.65668,0.171397597764886,2.69201142857143,0.246732113690116,0.02066,0.0280096307296132,0.160582857142857,0.0453830727853472,0.08,0.0,,,,,,,,,,,,,,,,12
Bengals,CIN,DST,0506,weighted,,,,,,,,,,,,,,,,,,,,,,,,,,,,,,,,,,,0.802874432677761,0.29550514996989,1.61502269288956,0.619058571045302,0.0154878971255673,0.0236765025893828,0.155514372163389,0.0422090796139962,0.1,0.0,,,,,,,,,,,,,,,,12
Ravens,BAL,DST,0531,weighted,,,,,,,,,,,,,,,,,,,,,,,,,,,,,,,,,,,0.901137142857143,0.0616948891014978,1.92071428571429,0.237992281152522,0.0059028571428571,0.0080027516370323,0.246657142857143,0.137654335930825,0.07,0.0,,,,,,,,,,,,,,,,12
Jaguars,JAC,DST,0509,weighted,,,,,,,,,,,,,,,,,,,,,,,,,,,,,,,,,,,0.86184,0.0887545526656452,3.60789714285714,0.381108886215455,0.0699485714285714,0.0237099251772871,0.160662857142857,0.0432769986684479,0.08,0.0,,,,,,,,,,,,,,,,12
Seahawks,SEA,DST,0515,weighted,,,,,,,,,,,,,,,,,,,,,,,,,,,,,,,,,,,0.763532526475038,0.163494498488547,2.24934947049924,0.272839032149348,0.0092927382753403,0.0142059015536297,0.209856278366112,0.0634929881828225,0.08,0.0,,,,,,,,,,,,,,,,12
Broncos,DEN,DST,0511,weighted,,,,,,,,,,,,,,,,,,,,,,,,,,,,,,,,,,,0.82096,0.149734685672262,2.43196,0.199162622730728,0.0082114285714285,0.0121232677329886,0.153268571428571,0.083873015513679,0.09,0.0,,,,,,,,,,,,,,,,12
49ers,SF,DST,0530,weighted,,,,,,,,,,,,,,,,,,,,,,,,,,,,,,,,,,,0.621089258698941,0.289850721463716,3.02453857791225,0.905768762756327,0.0148789712556732,0.0238110311722822,0.207367624810893,0.0667353067055878,0.09,0.0,,,,,,,,,,,,,,,,12
Texans,HOU,DST,0532,weighted,,,,,,,,,,,,,,,,,,,,,,,,,,,,,,,,,,,0.739514285714286,0.0952286353215798,2.09385142857143,0.305472114118764,0.0617942857142857,0.0362123320746467,0.147457142857143,0.0503743267466602,0.07,0.0,,,,,,,,,,,,,,,,12
Raiders,OAK,DST,0513,weighted,,,,,,,,,,,,,,,,,,,,,,,,,,,,,,,,,,,1.14025718608169,0.249475044764318,2.983517397882,0.394123949637778,0.0476671709531014,0.0414663578100245,0.212291981845688,0.0626652477741507,0.09,0.0,,,,,,,,,,,,,,,,12
Raiders,LVR,DST,0513,weighted,,,,,,,,,,,,,,,,,,,,,,,,,,,,,,,,,,,1.14025718608169,0.249475044764318,2.983517397882,0.394123949637778,0.0476671709531014,0.0414663578100245,0.212291981845688,0.0626652477741507,0.09,0.0,,,,,,,,,,,,,,,,12
Saints,NO,DST,0529,weighted,,,,,,,,,,,,,,,,,,,,,,,,,,,,,,,,,,,1.08892571428571,0.219954968677262,3.08863428571429,0.343121975158459,0.0863142857142857,0.0202054462216477,0.215777142857143,0.0543136808052837,0.1,0.0,,,,,,,,,,,,,,,,12
Titans,TEN,DST,0508,weighted,,,,,,,,,,,,,,,,,,,,,,,,,,,,,,,,,,,0.790702857142857,0.0775818336635359,2.24321714285714,0.47005283497349,0.0191142857142857,0.0153059566925402,0.173622857142857,0.0480820223946876,0.06,0.0,,,,,,,,,,,,,,,,12
Patriots,NE,DST,0504,weighted,,,,,,,,,,,,,,,,,,,,,,,,,,,,,,,,,,,0.987005714285714,0.201071808895602,2.13236571428571,0.532753805062403,0.0444342857142857,0.0286216184707848,0.184788571428571,0.077407233912953,0.09,0.0,,,,,,,,,,,,,,,,12
Bills,BUF,DST,0501,weighted,,,,,,,,,,,,,,,,,,,,,,,,,,,,,,,,,,,0.94248,0.150638016895409,2.72053714285714,0.301608304601665,0.0327657142857143,0.0264732654146244,0.175565714285714,0.053699992660865,0.09,0.0,,,,,,,,,,,,,,,,12
Steelers,PIT,DST,0510,weighted,,,,,,,,,,,,,,,,,,,,,,,,,,,,,,,,,,,1.17961714285714,0.165988408425796,3.4118,0.419677862978261,0.0218971428571429,0.0323287139546362,0.216645714285714,0.0543540199085898,0.1,0.0,,,,,,,,,,,,,,,,12
Lions,DET,DST,0522,weighted,,,,,,,,,,,,,,,,,,,,,,,,,,,,,,,,,,,0.86428895612708,0.33515674521233,3.15483358547655,0.750731829286437,0.0119031770045386,0.0190488249378258,0.197405446293495,0.0204854368558105,0.08,0.0,,,,,,,,,,,,,,,,12
Browns,CLE,DST,0507,weighted,,,,,,,,,,,,,,,,,,,,,,,,,,,,,,,,,,,1.20006857142857,0.117983121958594,3.08886285714286,0.448045816467546,0.0109485714285714,0.0161643569773181,0.178365714285714,0.111664770669822,0.09,0.0,,,,,,,,,,,,,,,,12
Bears,CHI,DST,0521,weighted,,,,,,,,,,,,,,,,,,,,,,,,,,,,,,,,,,,0.969645714285714,0.134097217811246,3.28634285714286,0.482052417793676,0.0277085714285714,0.0184825864616157,0.213937142857143,0.0538810573944239,0.06,0.0,,,,,,,,,,,,,,,,12
Sam Hubbard,CIN,DL,13684,weighted,,,,,,,,,,,,,,,,,,,,,,,,,,,,,,,,,,,,,,,,,,,,,3.19024539877301,1.04565373391711,0.333997955010225,0.104186569987126,0.0166768916155419,0.0153140003908234,0.163568507157464,0.0402996651921693,,,2018.0,,,,,12
Calais Campbell,JAC,DL,9051,weighted,,,,,,,,,,,,,,,,,,,,,,,,,,,,,,,,,,,,,,,,,,,,,2.93915836889521,0.645345213025499,0.642856804172594,0.110235947862751,0.0099644381223328,0.0078657980037242,0.0934186818397345,0.0182490406196561,,,2008.0,1986-09-01,,,,12
Calais Campbell,BAL,DL,9051,weighted,,,,,,,,,,,,,,,,,,,,,,,,,,,,,,,,,,,,,,,,,,,,,2.93915836889521,0.645345213025499,0.642856804172594,0.110235947862751,0.0099644381223328,0.0078657980037242,0.0934186818397345,0.0182490406196561,,,2008.0,1986-09-01,,,,12
Cameron Heyward,PIT,DL,10266,weighted,,,,,,,,,,,,,,,,,,,,,,,,,,,,,,,,,,,,,,,,,,,,,3.03382882882883,0.511194001229132,0.602700331910858,0.108420525748977,0.0199288762446657,0.0157315960074485,0.229551920341394,0.0958074632531945,,,2011.0,1989-05-06,,,,12
Matt Ioannidis,WAS,DL,12797,weighted,,,,,,,,,,,,,,,,,,,,,,,,,,,,,,,,,,,,,,,,,,,,,2.9311963190184,0.743186003153844,0.426421267893661,0.0810877851128019,0.0099488752556237,0.0099769742592338,0.0433844580777096,0.0153238900089383,,,2016.0,1994-01-11,,,,12
Carlos Dunlap,CIN,DL,9825,weighted,,,,,,,,,,,,,,,,,,,,,,,,,,,,,,,,,,,,,,,,,,,,,2.52827643432907,0.814950053568558,0.28361782835467,0.0823106224630449,0.0100640113798009,0.0136867804647421,0.173461356092935,0.0240144075173512,,,2010.0,1989-02-28,,,,12
Grady Jarrett,ATL,DL,12305,weighted,,,,,,,,,,,,,,,,,,,,,,,,,,,,,,,,,,,,,,,,,,,,,2.78119631901841,0.780621017041706,0.553476482617587,0.0416018590665272,0.0,0.0,0.0463087934560327,0.0566858224593143,,,2015.0,1993-04-28,,,,12
Michael Brockers,LAR,DL,10763,weighted,,,,,,,,,,,,,,,,,,,,,,,,,,,,,,,,,,,,,,,,,,,,,2.72723926380368,0.829523330580644,0.159907975460123,0.052002294805677,0.0100920245398773,0.0173602982086068,0.116963190184049,0.0473134079141292,,,2012.0,1990-12-21,,,,12
Markus Golden,NYG,DL,12278,weighted,,,,,,,,,,,,,,,,,,,,,,,,,,,,,,,,,,,,,,,,,,,,,3.20021505376344,0.629325035256027,0.692688172043011,0.304055915910215,0.0,0.0,0.08,0.0,,,,,,,,12
Derek Wolfe,DEN,DL,10806,weighted,,,,,,,,,,,,,,,,,,,,,,,,,,,,,,,,,,,,,,,,,,,,,2.47666666666667,0.979917723127428,0.342239263803681,0.172322574584047,0.0201431492842536,0.0199842950744142,0.186830265848671,0.0230226587256674,,,2012.0,1990-02-24,,,,12
Derek Wolfe,BAL,DL,10806,weighted,,,,,,,,,,,,,,,,,,,,,,,,,,,,,,,,,,,,,,,,,,,,,2.47666666666667,0.979917723127428,0.342239263803681,0.172322574584047,0.0201431492842536,0.0199842950744142,0.186830265848671,0.0230226587256674,,,2012.0,1990-02-24,,,,12
Cameron Jordan,NO,DL,10292,weighted,,,,,,,,,,,,,,,,,,,,,,,,,,,,,,,,,,,,,,,,,,,,,2.69945708866761,0.594615000903771,0.932358937885254,0.171863693592348,0.0231839734471313,0.0252621251707478,0.183425794215268,0.0163602474016297,,,2011.0,1989-07-10,,,,12
Aaron Donald,LAR,DL,11757,weighted,,,,,,,,,,,,,,,,,,,,,,,,,,,,,,,,,,,,,,,,,,,,,2.63600284495021,0.618894805780562,0.730597439544808,0.095293026453377,0.0033546704599336,0.004562260154914,0.0966097676623992,0.009075526328893,,,2014.0,1991-05-23,,,,12
D.J. Reader,HOU,DL,12802,weighted,,,,,,,,,,,,,,,,,,,,,,,,,,,,,,,,,,,,,,,,,,,,,2.35333333333333,0.971965979778595,0.232638036809816,0.0942847647419441,0.0,0.0,0.120102249488753,0.111651855281461,,,2016.0,1994-07-01,,,,12
D.J. Reader,CIN,DL,12802,weighted,,,,,,,,,,,,,,,,,,,,,,,,,,,,,,,,,,,,,,,,,,,,,2.35333333333333,0.971965979778595,0.232638036809816,0.0942847647419441,0.0,0.0,0.120102249488753,0.111651855281461,,,2016.0,1994-07-01,,,,12
DeForest Buckner,SF,DL,12688,weighted,,,,,,,,,,,,,,,,,,,,,,,,,,,,,,,,,,,,,,,,,,,,,2.80453295400664,0.426994039172766,0.477264106211475,0.091889434990196,0.0099644381223328,0.0078657980037242,0.183027501185396,0.0525258742466503,,,2016.0,1994-03-17,,,,12
DeForest Buckner,IND,DL,12688,weighted,,,,,,,,,,,,,,,,,,,,,,,,,,,,,,,,,,,,,,,,,,,,,2.80453295400664,0.426994039172766,0.477264106211475,0.091889434990196,0.0099644381223328,0.0078657980037242,0.183027501185396,0.0525258742466503,,,2016.0,1994-03-17,,,,12
Shelby Harris,DEN,DL,11872,weighted,,,,,,,,,,,,,,,,,,,,,,,,,,,,,,,,,,,,,,,,,,,,,2.43087934560327,0.806407366067736,0.348742331288344,0.170209737395188,0.0100511247443763,0.0099769742592338,0.342034764826176,0.254857645726052,,,2014.0,1991-08-11,,,,12
Tyeler Davison,ATL,DL,12316,weighted,,,,,,,,,,,,,,,,,,,,,,,,,,,,,,,,,,,,,,,,,,,,,2.10553169734151,1.07304150587667,0.0832617586912065,0.0208009295332636,0.0,0.0,0.0898466257668712,0.0299309227777016,,,2015.0,1992-09-23,,,,12
Danny Shelton,NE,DL,12226,weighted,,,,,,,,,,,,,,,,,,,,,,,,,,,,,,,,,,,,,,,,,,,,,2.26089979550102,0.97068397962328,0.19978527607362,0.0299764426116212,0.0,0.0,0.0974130879345603,0.150830827493389,,,2015.0,1993-08-20,,,,12
Danny Shelton,DET,DL,12226,weighted,,,,,,,,,,,,,,,,,,,,,,,,,,,,,,,,,,,,,,,,,,,,,2.26089979550102,0.97068397962328,0.19978527607362,0.0299764426116212,0.0,0.0,0.0974130879345603,0.150830827493389,,,2015.0,1993-08-20,,,,12
Javon Hargrave,PIT,DL,12764,weighted,,,,,,,,,,,,,,,,,,,,,,,,,,,,,,,,,,,,,,,,,,,,,2.58564417177914,0.622287166329515,0.283251533742331,0.0208806025026545,0.0099488752556237,0.0099769742592338,0.0699488752556237,0.0099769742592338,,,2016.0,1993-02-07,,,,12
Javon Hargrave,PHI,DL,12764,weighted,,,,,,,,,,,,,,,,,,,,,,,,,,,,,,,,,,,,,,,,,,,,,2.58564417177914,0.622287166329515,0.283251533742331,0.0208806025026545,0.0099488752556237,0.0099769742592338,0.0699488752556237,0.0099769742592338,,,2016.0,1993-02-07,,,,12
AShawn Robinson,DET,DL,12697,weighted,,,,,,,,,,,,,,,,,,,,,,,,,,,,,,,,,,,,,,,,,,,,,2.43831288343558,0.748345213646758,0.129846625766871,0.0866704913427949,0.0166768916155419,0.0153140003908234,0.129683026584867,0.081757717034257,,,2016.0,1995-03-21,,,,12
AShawn Robinson,LAR,DL,12697,weighted,,,,,,,,,,,,,,,,,,,,,,,,,,,,,,,,,,,,,,,,,,,,,2.43831288343558,0.748345213646758,0.129846625766871,0.0866704913427949,0.0166768916155419,0.0153140003908234,0.129683026584867,0.081757717034257,,,2016.0,1995-03-21,,,,12
Jonathan Allen,WAS,DL,13208,weighted,,,,,,,,,,,,,,,,,,,,,,,,,,,,,,,,,,,,,,,,,,,,,2.70407975460123,0.646184082674035,0.36019427402863,0.0657842977319217,0.0033640081799591,0.0057867660695355,0.0731697341513292,0.0230226587256674,,,2017.0,1995-01-16,,,,12
Demarcus Lawrence,DAL,DL,11769,weighted,,,,,,,,,,,,,,,,,,,,,,,,,,,,,,,,,,,,,,,,,,,,,2.5671906116643,0.456835858441716,0.416823138928402,0.0298969728466488,0.0100355618776671,0.0078657980037242,0.0232550972024656,0.0120203166971466,,,2014.0,1992-04-28,,,,12
Montez Sweat,WAS,DL,14148,weighted,,,,,,,,,,,,,,,,,,,,,,,,,,,,,,,,,,,,,,,,,,,,,2.40118279569892,1.15965512114594,0.26989247311828,0.014142135623731,0.0,0.0,0.0551612903225807,0.0212132034355964,,,2019.0,1996-09-04,,,,12
Dontari Poe,CAR,DL,10761,weighted,,,,,,,,,,,,,,,,,,,,,,,,,,,,,,,,,,,,,,,,,,,,,1.785163599182,1.22123559132734,0.252822085889571,0.0754756134736502,0.0,0.0,0.0099488752556237,0.0099769742592338,,,2012.0,1990-08-18,,,,12
Dontari Poe,DAL,DL,10761,weighted,,,,,,,,,,,,,,,,,,,,,,,,,,,,,,,,,,,,,,,,,,,,,1.785163599182,1.22123559132734,0.252822085889571,0.0754756134736502,0.0,0.0,0.0099488752556237,0.0099769742592338,,,2012.0,1990-08-18,,,,12
Yannick Ngakoue,JAC,DL,12756,weighted,,,,,,,,,,,,,,,,,,,,,,,,,,,,,,,,,,,,,,,,,,,,,2.64337423312883,0.451211520957828,0.564151329243354,0.145323349249473,0.0402044989775051,0.0399078970369354,0.233292433537832,0.0612560015632936,,,2016.0,1995-03-31,,,,12
Maxx Crosby,OAK,DL,14225,weighted,,,,,,,,,,,,,,,,,,,,,,,,,,,,,,,,,,,,,,,,,,,,,2.43297256097561,0.940452018978108,0.824466463414634,0.247487373415292,0.0,0.0,0.224771341463415,0.106066017177982,,,2019.0,1997-08-22,,,,12
Maxx Crosby,LVR,DL,14225,weighted,,,,,,,,,,,,,,,,,,,,,,,,,,,,,,,,,,,,,,,,,,,,,2.43297256097561,0.940452018978108,0.824466463414634,0.247487373415292,0.0,0.0,0.224771341463415,0.106066017177982,,,2019.0,1997-08-22,,,,12
Lawrence Guy,NE,DL,10457,weighted,,,,,,,,,,,,,,,,,,,,,,,,,,,,,,,,,,,,,,,,,,,,,2.16835378323108,0.851635138838627,0.133425357873211,0.0352305737291161,0.0300306748466258,0.017334098268559,0.0631799591002045,0.028933830347678,,,2011.0,1990-03-17,,,,12
Carl Nassib,TB,DL,12753,weighted,,,,,,,,,,,,,,,,,,,,,,,,,,,,,,,,,,,,,,,,,,,,,2.13816973415133,0.763980475162034,0.416666666666667,0.104306228095226,0.0,0.0,0.0468507157464213,0.0251290226455299,,,2016.0,1993-04-12,,,,12
Carl Nassib,LVR,DL,12753,weighted,,,,,,,,,,,,,,,,,,,,,,,,,,,,,,,,,,,,,,,,,,,,,2.13816973415133,0.763980475162034,0.416666666666667,0.104306228095226,0.0,0.0,0.0468507157464213,0.0251290226455299,,,2016.0,1993-04-12,,,,12
Damon Harrison,DET,DL,11045,weighted,,,,,,,,,,,,,,,,,,,,,,,,,,,,,,,,,,,,,,,,,,,,,2.57473921289711,0.375992611776532,0.303568041725936,0.134416046350197,0.0199288762446657,0.0157315960074485,0.176019440493125,0.107636754288656,,,2012.0,1988-11-29,,,,12
Damon Harrison,FA,DL,11045,weighted,,,,,,,,,,,,,,,,,,,,,,,,,,,,,,,,,,,,,,,,,,,,,2.57473921289711,0.375992611776532,0.303568041725936,0.134416046350197,0.0199288762446657,0.0157315960074485,0.176019440493125,0.107636754288656,,,2012.0,1988-11-29,,,,12
DaQuan Jones,TEN,DL,11793,weighted,,,,,,,,,,,,,,,,,,,,,,,,,,,,,,,,,,,,,,,,,,,,,2.02842535787321,0.774325072020049,0.119764826175869,0.0555939496025198,0.0133128834355828,0.0115560655123727,0.189764826175869,0.0360827381396784,,,2014.0,1991-12-17,,,,12
Arik Armstead,SF,DL,12218,weighted,,,,,,,,,,,,,,,,,,,,,,,,,,,,,,,,,,,,,,,,,,,,,2.13209611451943,0.661232612965201,0.486032719836401,0.102318860397806,0.0,0.0,0.109437627811861,0.109746716851572,,,2015.0,1993-11-15,,,,12
Dalvin Tomlinson,NYG,DL,13260,weighted,,,,,,,,,,,,,,,,,,,,,,,,,,,,,,,,,,,,,,,,,,,,,2.1189263803681,0.638293117676272,0.192259713701431,0.152598781736641,0.0,0.0,0.0099488752556237,0.0099769742592338,,,2017.0,1994-02-18,,,,12
Dante Fowler,LAR,DL,12217,weighted,,,,,,,,,,,,,,,,,,,,,,,,,,,,,,,,,,,,,,,,,,,,,2.64279569892473,0.289913780286485,0.51010752688172,0.014142135623731,0.0101075268817204,0.014142135623731,0.139784946236559,0.0282842712474619,,,,1994-08-03,,,,12
Dante Fowler,ATL,DL,12217,weighted,,,,,,,,,,,,,,,,,,,,,,,,,,,,,,,,,,,,,,,,,,,,,2.64279569892473,0.289913780286485,0.51010752688172,0.014142135623731,0.0101075268817204,0.014142135623731,0.139784946236559,0.0282842712474619,,,,1994-08-03,,,,12
Abry Jones,JAC,DL,11278,weighted,,,,,,,,,,,,,,,,,,,,,,,,,,,,,,,,,,,,,,,,,,,,,1.8610736196319,0.819816903452946,0.182811860940695,0.0904842548361715,0.0,0.0,0.0298466257668712,0.0299309227777016,,,2013.0,1991-09-08,,,,12
Fletcher Cox,PHI,DL,10762,weighted,,,,,,,,,,,,,,,,,,,,,,,,,,,,,,,,,,,,,,,,,,,,,2.26458985301091,0.336139011194619,0.367697961119014,0.159053839559628,0.0099644381223328,0.0078657980037242,0.110064011379801,0.0136867804647421,,,2012.0,1990-12-13,,,,12
Chad Thomas,CLE,DL,13741,weighted,,,,,,,,,,,,,,,,,,,,,,,,,,,,,,,,,,,,,,,,,,,,,2.26868902439024,0.608111831820431,0.459573170731707,0.197989898732233,0.005015243902439,0.0070710678118654,0.154862804878049,0.0636396103067893,,,2018.0,,,,,12
Dexter Lawrence,NYG,DL,14159,weighted,,,,,,,,,,,,,,,,,,,,,,,,,,,,,,,,,,,,,,,,,,,,,2.12330265848671,0.488365203471537,0.253036809815951,0.0549366744895802,0.0,0.0,0.0201226993865031,0.0172669940442506,,,2019.0,1997-11-12,,,,12
Gerald McCoy,CAR,DL,9819,weighted,,,,,,,,,,,,,,,,,,,,,,,,,,,,,,,,,,,,,,,,,,,,,1.64436605316973,0.950072529891278,0.319601226993865,0.108059110328853,0.0198977505112474,0.0199539485184677,0.0892944785276074,0.0961789863179883,,,2010.0,1988-02-25,,,,12
Gerald McCoy,DAL,DL,9819,weighted,,,,,,,,,,,,,,,,,,,,,,,,,,,,,,,,,,,,,,,,,,,,,1.64436605316973,0.950072529891278,0.319601226993865,0.108059110328853,0.0198977505112474,0.0199539485184677,0.0892944785276074,0.0961789863179883,,,2010.0,1988-02-25,,,,12
Benson Mayowa,OAK,DL,11491,weighted,,,,,,,,,,,,,,,,,,,,,,,,,,,,,,,,,,,,,,,,,,,,,1.96258691206544,0.617884160209241,0.7659918200409,0.098341656220125,0.0,0.0,0.0665030674846626,0.041761205005309,,,2013.0,1991-08-03,,,,12
Benson Mayowa,SEA,DL,11491,weighted,,,,,,,,,,,,,,,,,,,,,,,,,,,,,,,,,,,,,,,,,,,,,1.96258691206544,0.617884160209241,0.7659918200409,0.098341656220125,0.0,0.0,0.0665030674846626,0.041761205005309,,,2013.0,1991-08-03,,,,12
Jordan Phillips,BUF,DL,12229,weighted,,,,,,,,,,,,,,,,,,,,,,,,,,,,,,,,,,,,,,,,,,,,,1.79184049079755,0.79739144371014,0.531472392638037,0.29051763494242,0.0,0.0,0.0768200408997955,0.028933830347678,,,2015.0,1992-09-21,,,,12
Jordan Phillips,ARI,DL,12229,weighted,,,,,,,,,,,,,,,,,,,,,,,,,,,,,,,,,,,,,,,,,,,,,1.79184049079755,0.79739144371014,0.531472392638037,0.29051763494242,0.0,0.0,0.0768200408997955,0.028933830347678,,,2015.0,1992-09-21,,,,12
John Simon,NE,DL,11273,weighted,,,,,,,,,,,,,,,,,,,,,,,,,,,,,,,,,,,,,,,,,,,,,1.72283513097072,1.31521861300698,0.214884437596302,0.0212132034355964,0.0250385208012327,0.0070710678118654,0.2,3.92534764114705e-17,,,2013.0,1990-10-14,Q,Elbow,2019.0,12
Sheldon Richardson,CLE,DL,11283,weighted,,,,,,,,,,,,,,,,,,,,,,,,,,,,,,,,,,,,,,,,,,,,,2.41064024390244,0.29698484809835,0.150213414634146,0.0989949493661166,0.0150457317073171,0.0212132034355964,0.115198170731707,0.0919238815542512,,,2013.0,1990-11-30,,,,12
Justin Houston,IND,DL,10277,weighted,,,,,,,,,,,,,,,,,,,,,,,,,,,,,,,,,,,,,,,,,,,,,2.24434501845018,0.339677265504014,0.779594095940959,0.210504220875727,0.02,0.0,0.0500369003690037,0.0191367473523388,,,2011.0,1989-01-21,,,,12
Bruce Irvin,CAR,DL,10766,weighted,,,,,,,,,,,,,,,,,,,,,,,,,,,,,,,,,,,,,,,,,,,,,2.04025562372188,0.508024710401283,0.449959100204499,0.0436531403525719,0.0198977505112474,0.0199539485184677,0.106462167689162,0.0287783234070843,,,2012.0,1990-01-11,,,,12
Bruce Irvin,SEA,DL,10766,weighted,,,,,,,,,,,,,,,,,,,,,,,,,,,,,,,,,,,,,,,,,,,,,2.04025562372188,0.508024710401283,0.449959100204499,0.0436531403525719,0.0198977505112474,0.0199539485184677,0.106462167689162,0.0287783234070843,,,2012.0,1990-01-11,,,,12
Roy Robertson-Harris,CHI,DL,13434,weighted,,,,,,,,,,,,,,,,,,,,,,,,,,,,,,,,,,,,,,,,,,,,,1.72492842535787,0.7490519173182,0.239498977505112,0.127515708016605,0.0099488752556237,0.0099769742592338,0.132924335378323,0.0575566468141686,,,2016.0,1993-07-23,,,,12
Clelin Ferrell,OAK,DL,14151,weighted,,,,,,,,,,,,,,,,,,,,,,,,,,,,,,,,,,,,,,,,,,,,,1.98350715746421,0.452471253155915,0.316738241308793,0.107198002735764,0.0099488752556237,0.0099769742592338,0.402955010224949,0.195616758297717,,,2019.0,1997-05-17,,,,12
Clelin Ferrell,LVR,DL,14151,weighted,,,,,,,,,,,,,,,,,,,,,,,,,,,,,,,,,,,,,,,,,,,,,1.98350715746421,0.452471253155915,0.316738241308793,0.107198002735764,0.0099488752556237,0.0099769742592338,0.402955010224949,0.195616758297717,,,2019.0,1997-05-17,,,,12
Brandon Graham,PHI,DL,9826,weighted,,,,,,,,,,,,,,,,,,,,,,,,,,,,,,,,,,,,,,,,,,,,,2.28935975609756,0.29698484809835,0.574923780487805,0.0353553390593273,0.0,0.0,0.0900609756097561,0.0282842712474619,,,2010.0,1988-04-03,,,,12
Geno Atkins,CIN,DL,9868,weighted,,,,,,,,,,,,,,,,,,,,,,,,,,,,,,,,,,,,,,,,,,,,,1.82321063394683,0.585616234334318,0.399284253578732,0.0999214753720708,0.0,0.0,0.0100715746421268,0.009992147537207,,,2010.0,1988-03-28,,,,12
Nick Bosa,SF,DL,14147,weighted,,,,,,,,,,,,,,,,,,,,,,,,,,,,,,,,,,,,,,,,,,,,,2.22040590405904,0.210504220875727,0.574953874538745,0.0239209341904234,0.02,0.0,0.0750830258302583,0.0430576815427623,,,2019.0,1997-10-23,,,,12
Derek Barnett,PHI,DL,13201,weighted,,,,,,,,,,,,,,,,,,,,,,,,,,,,,,,,,,,,,,,,,,,,,2.01795501022495,0.279239718713493,0.507310838445808,0.10660926921613,0.0,0.0,0.059959100204499,0.0436531403525719,,,2017.0,1996-06-25,,,,12
Maurice Hurst,OAK,DL,13691,weighted,,,,,,,,,,,,,,,,,,,,,,,,,,,,,,,,,,,,,,,,,,,,,1.82971370143149,0.523151428212222,0.229703476482618,0.0434491486826005,0.0198977505112474,0.0199539485184677,0.0733742331288344,0.0231121310247453,,,2018.0,1995-05-09,,,,12
Maurice Hurst,LVR,DL,13691,weighted,,,,,,,,,,,,,,,,,,,,,,,,,,,,,,,,,,,,,,,,,,,,,1.82971370143149,0.523151428212222,0.229703476482618,0.0434491486826005,0.0198977505112474,0.0199539485184677,0.0733742331288344,0.0231121310247453,,,2018.0,1995-05-09,,,,12
Denico Autry,IND,DL,12083,weighted,,,,,,,,,,,,,,,,,,,,,,,,,,,,,,,,,,,,,,,,,,,,,1.70003067484663,0.510857328646305,0.360480572597137,0.0956341225090591,0.023118609406953,0.0320423305210313,0.309028629856851,0.173844919995224,,,,,,,,12
Davon Godchaux,MIA,DL,13317,weighted,,,,,,,,,,,,,,,,,,,,,,,,,,,,,,,,,,,,,,,,,,,,,2.03070121951219,0.325269119345812,0.169908536585366,0.0424264068711929,0.0150457317073171,0.0212132034355964,0.0501524390243903,0.0707106781186548,,,2017.0,1994-11-11,,,,12
Jabaal Sheard,IND,DL,10320,weighted,,,,,,,,,,,,,,,,,,,,,,,,,,,,,,,,,,,,,,,,,,,,,2.20501524390244,0.0070710678118653,0.330091463414634,0.0424264068711929,0.0,0.0,0.084984756097561,0.0070710678118654,,,2011.0,1989-05-10,,,,12
Jabaal Sheard,FA,DL,10320,weighted,,,,,,,,,,,,,,,,,,,,,,,,,,,,,,,,,,,,,,,,,,,,,2.20501524390244,0.0070710678118653,0.330091463414634,0.0424264068711929,0.0,0.0,0.084984756097561,0.0070710678118654,,,2011.0,1989-05-10,,,,12
Kenny Clark,GB,DL,12739,weighted,,,,,,,,,,,,,,,,,,,,,,,,,,,,,,,,,,,,,,,,,,,,,2.10983394833948,0.0861153630855246,0.275138376383764,0.0717628025712704,0.0100184501845018,0.0095683736761693,0.0799815498154982,0.0095683736761693,,,2016.0,1995-10-04,,,,12
Chase Winovich,NE,DL,14176,weighted,,,,,,,,,,,,,,,,,,,,,,,,,,,,,,,,,,,,,,,,,,,,,1.50288109756098,0.982878425849301,0.494375,0.289913780286484,0.06,0.0,0.0699085365853658,0.0424264068711929,,,2019.0,1970-01-01,,,,12
Nick Williams,CHI,DL,11412,weighted,,,,,,,,,,,,,,,,,,,,,,,,,,,,,,,,,,,,,,,,,,,,,1.9846493902439,0.162634559672906,0.484649390243902,0.162634559672906,0.0,0.0,0.144832317073171,0.0777817459305202,,,2013.0,1990-02-21,,,,12
Nick Williams,DET,DL,11412,weighted,,,,,,,,,,,,,,,,,,,,,,,,,,,,,,,,,,,,,,,,,,,,,1.9846493902439,0.162634559672906,0.484649390243902,0.162634559672906,0.0,0.0,0.144832317073171,0.0777817459305202,,,2013.0,1990-02-21,,,,12
Jurrell Casey,TEN,DL,10335,weighted,,,,,,,,,,,,,,,,,,,,,,,,,,,,,,,,,,,,,,,,,,,,,1.96511992619926,0.062194428895101,0.320036900369004,0.0191367473523388,0.0100184501845018,0.0095683736761693,0.0749907749077491,0.0047841868380846,,,2011.0,1989-12-05,,,,12
Jurrell Casey,DEN,DL,10335,weighted,,,,,,,,,,,,,,,,,,,,,,,,,,,,,,,,,,,,,,,,,,,,,1.96511992619926,0.062194428895101,0.320036900369004,0.0191367473523388,0.0100184501845018,0.0095683736761693,0.0749907749077491,0.0047841868380846,,,2011.0,1989-12-05,,,,12
Jason Pierre-Paul,TB,DL,9833,weighted,,,,,,,,,,,,,,,,,,,,,,,,,,,,,,,,,,,,,,,,,,,,,1.8846493902439,0.162634559672906,0.405015243902439,0.0070710678118654,0.0250762195121951,0.0353553390593274,0.160182926829268,0.0848528137423857,,,2010.0,1989-02-28,,,,12
Angelo Blackson,HOU,DL,12292,weighted,,,,,,,,,,,,,,,,,,,,,,,,,,,,,,,,,,,,,,,,,,,,,1.51853658536585,0.678822509939086,0.279329268292683,0.311126983722081,0.0,0.0,0.184649390243902,0.162634559672906,,,2015.0,1992-11-14,,,,12
Vic Beasley,ATL,DL,12230,weighted,,,,,,,,,,,,,,,,,,,,,,,,,,,,,,,,,,,,,,,,,,,,,1.74073170731707,0.339411254969543,0.410030487804878,0.0141421356237309,0.010030487804878,0.014142135623731,0.194984756097561,0.0070710678118654,,,2015.0,1992-07-08,,,,12
Vic Beasley,TEN,DL,12230,weighted,,,,,,,,,,,,,,,,,,,,,,,,,,,,,,,,,,,,,,,,,,,,,1.74073170731707,0.339411254969543,0.410030487804878,0.0141421356237309,0.010030487804878,0.014142135623731,0.194984756097561,0.0070710678118654,,,2015.0,1992-07-08,,,,12
Christian Wilkins,MIA,DL,14162,weighted,,,,,,,,,,,,,,,,,,,,,,,,,,,,,,,,,,,,,,,,,,,,,1.87522865853659,0.106066017177982,0.125198170731707,0.0919238815542512,0.005015243902439,0.0070710678118654,0.070030487804878,0.014142135623731,,,2019.0,1970-01-01,,,,12
Jarran Reed,SEA,DL,12698,weighted,,,,,,,,,,,,,,,,,,,,,,,,,,,,,,,,,,,,,,,,,,,,,1.71565548780488,0.304055915910215,0.440121951219512,0.0565685424949238,0.04,0.0,0.0598780487804878,0.0565685424949238,,,2016.0,1992-12-16,,,,12
Poona Ford,SEA,DL,13933,weighted,,,,,,,,,,,,,,,,,,,,,,,,,,,,,,,,,,,,,,,,,,,,,1.80532012195122,0.148492424049175,0.0851067073170732,0.0494974746830583,0.005015243902439,0.0070710678118654,0.005015243902439,0.0070710678118654,,,2018.0,1995-11-19,,,,12
Johnathan Hankins,OAK,DL,11281,weighted,,,,,,,,,,,,,,,,,,,,,,,,,,,,,,,,,,,,,,,,,,,,,1.70060975609756,0.282842712474619,0.0952286585365854,0.106066017177982,0.005015243902439,0.0070710678118654,0.065015243902439,0.0070710678118654,,,2013.0,1992-01-01,,,,12
Johnathan Hankins,LVR,DL,11281,weighted,,,,,,,,,,,,,,,,,,,,,,,,,,,,,,,,,,,,,,,,,,,,,1.70060975609756,0.282842712474619,0.0952286585365854,0.106066017177982,0.005015243902439,0.0070710678118654,0.065015243902439,0.0070710678118654,,,2013.0,1992-01-01,,,,12
David Onyemata,NO,DL,12782,weighted,,,,,,,,,,,,,,,,,,,,,,,,,,,,,,,,,,,,,,,,,,,,,1.73449695121951,0.233345237791561,0.335106707317073,0.0494974746830583,0.005015243902439,0.0070710678118654,0.0700609756097561,0.0282842712474619,,,2016.0,1992-11-13,,,,12
Vita Vea,TB,DL,13692,weighted,,,,,,,,,,,,,,,,,,,,,,,,,,,,,,,,,,,,,,,,,,,,,1.70060975609756,0.282842712474619,0.195289634146341,0.134350288425444,0.005015243902439,0.0070710678118654,0.0549237804878049,0.0353553390593274,,,2018.0,1995-02-05,,,,12
Charles Harris,MIA,DL,13204,weighted,,,,,,,,,,,,,,,,,,,,,,,,,,,,,,,,,,,,,,,,,,,,,1.61064024390244,0.29698484809835,0.179939024390244,0.0282842712474619,0.010030487804878,0.014142135623731,0.0351067073170732,0.0494974746830583,,,2017.0,,,,,12
Charles Harris,ATL,DL,13204,weighted,,,,,,,,,,,,,,,,,,,,,,,,,,,,,,,,,,,,,,,,,,,,,1.61064024390244,0.29698484809835,0.179939024390244,0.0282842712474619,0.010030487804878,0.014142135623731,0.0351067073170732,0.0494974746830583,,,2017.0,,,,,12
Ndamukong Suh,TB,DL,9815,weighted,,,,,,,,,,,,,,,,,,,,,,,,,,,,,,,,,,,,,,,,,,,,,1.70519372693727,0.100467923599779,0.230055350553506,0.0287051210285082,0.0200369003690037,0.0191367473523388,0.100110701107011,0.0574102420570164,,,2010.0,1987-01-06,,,,12
Jadeveon Clowney,SEA,DL,11706,weighted,,,,,,,,,,,,,,,,,,,,,,,,,,,,,,,,,,,,,,,,,,,,,1.8,0.0,0.4,7.92166417128973e-17,0.06,9.90208021411216e-18,0.2,3.96083208564486e-17,,,2014.0,1993-02-14,O,Knee,2019.0,12
Jadeveon Clowney,FA,DL,11706,weighted,,,,,,,,,,,,,,,,,,,,,,,,,,,,,,,,,,,,,,,,,,,,,1.8,0.0,0.4,7.92166417128973e-17,0.06,9.90208021411216e-18,0.2,3.96083208564486e-17,,,2014.0,1993-02-14,O,Knee,2019.0,12
Shilique Calhoun,NE,DL,12693,weighted,,,,,,,,,,,,,,,,,,,,,,,,,,,,,,,,,,,,,,,,,,,,,1.31352134146341,0.685893577750951,0.174618902439024,0.176776695296637,0.05,0.0,0.0549237804878049,0.0353553390593274,,,2016.0,1992-03-20,,,,12
Taven Bryan,JAC,DL,13695,weighted,,,,,,,,,,,,,,,,,,,,,,,,,,,,,,,,,,,,,,,,,,,,,1.55926829268293,0.339411254969543,0.2,0.0,0.0,0.0,0.0401219512195122,0.0565685424949238,,,2018.0,,,,,12
Michael Bennett,DAL,DL,9749,weighted,,,,,,,,,,,,,,,,,,,,,,,,,,,,,,,,,,,,,,,,,,,,,1.51064024390244,0.29698484809835,0.540121951219512,0.0565685424949238,0.0,0.0,0.024984756097561,0.0070710678118654,,,2009.0,1985-11-13,,,,12
Michael Bennett,FA,DL,9749,weighted,,,,,,,,,,,,,,,,,,,,,,,,,,,,,,,,,,,,,,,,,,,,,1.51064024390244,0.29698484809835,0.540121951219512,0.0565685424949238,0.0,0.0,0.024984756097561,0.0070710678118654,,,2009.0,1985-11-13,,,,12
Robert Quinn,DAL,DL,10269,weighted,,,,,,,,,,,,,,,,,,,,,,,,,,,,,,,,,,,,,,,,,,,,,1.6097256097561,0.127279220613579,0.754862804878049,0.0636396103067893,0.0,0.0,0.14984756097561,0.0707106781186548,,,2011.0,1990-05-18,,,,12
Robert Quinn,CHI,DL,10269,weighted,,,,,,,,,,,,,,,,,,,,,,,,,,,,,,,,,,,,,,,,,,,,,1.6097256097561,0.127279220613579,0.754862804878049,0.0636396103067893,0.0,0.0,0.14984756097561,0.0707106781186548,,,2011.0,1990-05-18,,,,12
Henry Anderson,NYJ,DL,12288,weighted,,,,,,,,,,,,,,,,,,,,,,,,,,,,,,,,,,,,,,,,,,,,,1.36397865853659,0.473761543394987,0.275228658536585,0.106066017177982,0.005015243902439,0.0070710678118654,0.170213414634146,0.0989949493661166,,,2015.0,1991-08-03,,,,12
Quinnen Williams,NYJ,DL,14157,weighted,,,,,,,,,,,,,,,,,,,,,,,,,,,,,,,,,,,,,,,,,,,,,1.64012195121951,0.0565685424949237,0.289969512195122,0.0141421356237309,0.01,0.0,0.14984756097561,0.0707106781186548,,,2019.0,1997-12-21,,,,12
Mike Daniels,DET,DL,10841,weighted,,,,,,,,,,,,,,,,,,,,,,,,,,,,,,,,,,,,,,,,,,,,,1.25394817073171,0.487903679018718,0.289664634146341,0.15556349186104,0.0,0.0,0.0548628048780488,0.0636396103067893,,,2012.0,1989-05-05,,,,12
Mike Daniels,FA,DL,10841,weighted,,,,,,,,,,,,,,,,,,,,,,,,,,,,,,,,,,,,,,,,,,,,,1.25394817073171,0.487903679018718,0.289664634146341,0.15556349186104,0.0,0.0,0.0548628048780488,0.0636396103067893,,,2012.0,1989-05-05,,,,12
Dean Lowry,GB,DL,12791,weighted,,,,,,,,,,,,,,,,,,,,,,,,,,,,,,,,,,,,,,,,,,,,,1.51975609756098,0.113137084989848,0.0951067073170732,0.0494974746830583,0.0150457317073171,0.0212132034355964,0.169908536585366,0.0424264068711929,,,2016.0,,,,,12
Solomon Thomas,SF,DL,13199,weighted,,,,,,,,,,,,,,,,,,,,,,,,,,,,,,,,,,,,,,,,,,,,,1.34422256097561,0.360624458405139,0.234801829268293,0.0919238815542512,0.0,0.0,0.0200609756097561,0.0282842712474619,,,2017.0,1995-08-26,,,,12
Bilal Nichols,CHI,DL,13777,weighted,,,,,,,,,,,,,,,,,,,,,,,,,,,,,,,,,,,,,,,,,,,,,1.50030487804878,0.14142135623731,0.165198170731707,0.0919238815542512,0.005015243902439,0.0070710678118654,0.0350457317073171,0.0212132034355964,,,2018.0,1996-09-14,,,,12
Ed Oliver,BUF,DL,14158,weighted,,,,,,,,,,,,,,,,,,,,,,,,,,,,,,,,,,,,,,,,,,,,,1.29908536585366,0.424264068711929,0.219756097560976,0.113137084989848,0.005015243902439,0.0070710678118654,0.0849542682926829,0.0212132034355964,,,2019.0,1997-12-12,,,,12
,,DL,12622,weighted,,,,,,,,,,,,,,,,,,,,,,,,,,,,,,,,,,,,,,,,,,,,,0.84,1.07480230740355,0.04,0.014142135623731,0.0,0.0,0.05,0.0282842712474619,,,,,,,,12
Andrew Billings,CIN,DL,12699,weighted,,,,,,,,,,,,,,,,,,,,,,,,,,,,,,,,,,,,,,,,,,,,,1.34574695121951,0.346482322781408,0.120243902439024,0.113137084989848,0.005015243902439,0.0070710678118654,0.0350762195121951,0.0353553390593274,,,2016.0,1995-06-03,,,,12
Andrew Billings,CLE,DL,12699,weighted,,,,,,,,,,,,,,,,,,,,,,,,,,,,,,,,,,,,,,,,,,,,,1.34574695121951,0.346482322781408,0.120243902439024,0.113137084989848,0.005015243902439,0.0070710678118654,0.0350762195121951,0.0353553390593274,,,2016.0,1995-06-03,,,,12
Jerry Hughes,BUF,DL,9853,weighted,,,,,,,,,,,,,,,,,,,,,,,,,,,,,,,,,,,,,,,,,,,,,1.54012195121951,0.0565685424949239,0.439817073170732,0.0848528137423857,0.005015243902439,0.0070710678118654,0.115045731707317,0.0212132034355964,,,2010.0,1988-08-13,,,,12
Mike Purcell,DEN,DL,12126,weighted,,,,,,,,,,,,,,,,,,,,,,,,,,,,,,,,,,,,,,,,,,,,,1.33571646341463,0.332340187157677,0.0300914634146341,0.0424264068711929,0.0,0.0,0.0952896341463415,0.134350288425444,,,,,,,,12
Sebastian Joseph,LAR,DL,13810,weighted,,,,,,,,,,,,,,,,,,,,,,,,,,,,,,,,,,,,,,,,,,,,,1.305625,0.289913780286484,0.115076219512195,0.0353553390593274,0.0,0.0,0.005015243902439,0.0070710678118654,,,2018.0,1995-03-21,,,,12
Eddie Goldman,CHI,DL,12271,weighted,,,,,,,,,,,,,,,,,,,,,,,,,,,,,,,,,,,,,,,,,,,,,1.36458841463415,0.190918830920368,0.110030487804878,0.0141421356237309,0.0,0.0,0.125350609756098,0.162634559672906,,,,,,,,12
Shaq Lawson,BUF,DL,12687,weighted,,,,,,,,,,,,,,,,,,,,,,,,,,,,,,,,,,,,,,,,,,,,,1.3194512195122,0.254558441227157,0.284954268292683,0.0212132034355964,0.0,0.0,0.214740853658537,0.120208152801713,,,2016.0,1994-06-17,,,,12
Shaq Lawson,MIA,DL,12687,weighted,,,,,,,,,,,,,,,,,,,,,,,,,,,,,,,,,,,,,,,,,,,,,1.3194512195122,0.254558441227157,0.284954268292683,0.0212132034355964,0.0,0.0,0.214740853658537,0.120208152801713,,,2016.0,1994-06-17,,,,12
Adam Gotsis,DEN,DL,12751,weighted,,,,,,,,,,,,,,,,,,,,,,,,,,,,,,,,,,,,,,,,,,,,,1.15394817073171,0.487903679018718,0.159878048780488,0.0565685424949238,0.0,0.0,0.189664634146341,0.15556349186104,,,2016.0,1992-09-23,,,,12
Adam Gotsis,FA,DL,12751,weighted,,,,,,,,,,,,,,,,,,,,,,,,,,,,,,,,,,,,,,,,,,,,,1.15394817073171,0.487903679018718,0.159878048780488,0.0565685424949238,0.0,0.0,0.189664634146341,0.15556349186104,,,2016.0,1992-09-23,,,,12
B.J. Hill,NYG,DL,13742,weighted,,,,,,,,,,,,,,,,,,,,,,,,,,,,,,,,,,,,,,,,,,,,,1.5,0.0,0.165198170731707,0.0919238815542512,0.005015243902439,0.0070710678118654,0.0549542682926829,0.0212132034355964,,,2018.0,1995-04-20,,,,12
Tyson Alualu,PIT,DL,9875,weighted,,,,,,,,,,,,,,,,,,,,,,,,,,,,,,,,,,,,,,,,,,,,,1.19088414634146,0.410121933088197,0.0801219512195122,0.0565685424949238,0.0,0.0,0.0399390243902439,0.0282842712474619,,,2010.0,1987-05-12,,,,12
Ezekiel Ansah,SEA,DL,11267,weighted,,,,,,,,,,,,,,,,,,,,,,,,,,,,,,,,,,,,,,,,,,,,,1.28534132841328,0.177014913009134,0.360295202952029,0.15309397881871,0.0,0.0,0.09,0.0,,,2013.0,1989-05-29,,,,12
Ezekiel Ansah,FA,DL,11267,weighted,,,,,,,,,,,,,,,,,,,,,,,,,,,,,,,,,,,,,,,,,,,,,1.28534132841328,0.177014913009134,0.360295202952029,0.15309397881871,0.0,0.0,0.09,0.0,,,2013.0,1989-05-29,,,,12
Maliek Collins,DAL,DL,12754,weighted,,,,,,,,,,,,,,,,,,,,,,,,,,,,,,,,,,,,,,,,,,,,,1.33039634146341,0.183847763108502,0.270213414634146,0.0989949493661167,0.0,0.0,0.0150457317073171,0.0212132034355964,,,2016.0,1995-04-08,,,,12
Maliek Collins,LVR,DL,12754,weighted,,,,,,,,,,,,,,,,,,,,,,,,,,,,,,,,,,,,,,,,,,,,,1.33039634146341,0.183847763108502,0.270213414634146,0.0989949493661167,0.0,0.0,0.0150457317073171,0.0212132034355964,,,2016.0,1995-04-08,,,,12
John Jenkins,MIA,DL,11286,weighted,,,,,,,,,,,,,,,,,,,,,,,,,,,,,,,,,,,,,,,,,,,,,0.811859756097561,0.862670273047588,0.0751981707317073,0.0919238815542512,0.0,0.0,0.01,0.0,,,2013.0,1989-07-11,,,,12
John Jenkins,CHI,DL,11286,weighted,,,,,,,,,,,,,,,,,,,,,,,,,,,,,,,,,,,,,,,,,,,,,0.811859756097561,0.862670273047588,0.0751981707317073,0.0919238815542512,0.0,0.0,0.01,0.0,,,2013.0,1989-07-11,,,,12
Trent Murphy,BUF,DL,11709,weighted,,,,,,,,,,,,,,,,,,,,,,,,,,,,,,,,,,,,,,,,,,,,,1.38996951219512,0.014142135623731,0.189969512195122,0.014142135623731,0.0349237804878049,0.0353553390593274,0.174923780487805,0.0353553390593274,,,2014.0,1990-12-20,,,,12
P.J. Hall,OAK,DL,13740,weighted,,,,,,,,,,,,,,,,,,,,,,,,,,,,,,,,,,,,,,,,,,,,,1.32477134146341,0.106066017177982,0.125137195121951,0.0636396103067893,0.0,0.0,0.065015243902439,0.0070710678118654,,,2018.0,1995-04-05,,,,12
P.J. Hall,LVR,DL,13740,weighted,,,,,,,,,,,,,,,,,,,,,,,,,,,,,,,,,,,,,,,,,,,,,1.32477134146341,0.106066017177982,0.125137195121951,0.0636396103067893,0.0,0.0,0.065015243902439,0.0070710678118654,,,2018.0,1995-04-05,,,,12
Nathan Shepherd,NYJ,DL,13744,weighted,,,,,,,,,,,,,,,,,,,,,,,,,,,,,,,,,,,,,,,,,,,,,1.03890243902439,0.509116882454314,0.174923780487805,0.0353553390593274,0.0,0.0,0.109725609756098,0.127279220613579,,,2018.0,1993-10-09,,,,12
Takkarist McKinley,ATL,DL,13205,weighted,,,,,,,,,,,,,,,,,,,,,,,,,,,,,,,,,,,,,,,,,,,,,1.28024390243902,0.113137084989848,0.274923780487805,0.0353553390593274,0.0,0.0,0.0400609756097561,0.0282842712474619,,,2017.0,1995-11-02,,,,12
Allen Bailey,ATL,DL,10275,weighted,,,,,,,,,,,,,,,,,,,,,,,,,,,,,,,,,,,,,,,,,,,,,1.17553353658537,0.247487373415292,0.125076219512195,0.0353553390593274,0.005015243902439,0.0070710678118654,0.0401219512195122,0.0565685424949238,,,2011.0,1989-03-25,,,,12
Chris Smith,CLE,DL,11821,weighted,,,,,,,,,,,,,,,,,,,,,,,,,,,,,,,,,,,,,,,,,,,,,1.27522865853659,0.106066017177982,0.165198170731707,0.0919238815542512,0.010030487804878,0.014142135623731,0.105167682926829,0.0777817459305202,,,2014.0,1992-02-11,,,,12
Chris Smith,CAR,DL,11821,weighted,,,,,,,,,,,,,,,,,,,,,,,,,,,,,,,,,,,,,,,,,,,,,1.27522865853659,0.106066017177982,0.165198170731707,0.0919238815542512,0.010030487804878,0.014142135623731,0.105167682926829,0.0777817459305202,,,2014.0,1992-02-11,,,,12
Jeffery Simmons,TEN,DL,14163,weighted,,,,,,,,,,,,,,,,,,,,,,,,,,,,,,,,,,,,,,,,,,,,,0.876448170731707,0.67175144212722,0.13532012195122,0.148492424049175,0.0,0.0,0.0551067073170732,0.0494974746830583,,,2019.0,1997-07-28,,,,12
Mario Addison,CAR,DL,10554,weighted,,,,,,,,,,,,,,,,,,,,,,,,,,,,,,,,,,,,,,,,,,,,,1.26489329268293,0.0494974746830584,0.614740853658537,0.120208152801713,0.0,0.0,0.0,0.0,,,2011.0,1987-09-06,,,,12
Mario Addison,BUF,DL,10554,weighted,,,,,,,,,,,,,,,,,,,,,,,,,,,,,,,,,,,,,,,,,,,,,1.26489329268293,0.0494974746830584,0.614740853658537,0.120208152801713,0.0,0.0,0.0,0.0,,,2011.0,1987-09-06,,,,12
Taco Charlton,MIA,DL,13200,weighted,,,,,,,,,,,,,,,,,,,,,,,,,,,,,,,,,,,,,,,,,,,,,1.0692987804878,0.325269119345812,0.304710365853659,0.134350288425444,0.0,0.0,0.0,0.0,,,2017.0,1994-11-07,,,,12
Taco Charlton,KC,DL,13200,weighted,,,,,,,,,,,,,,,,,,,,,,,,,,,,,,,,,,,,,,,,,,,,,1.0692987804878,0.325269119345812,0.304710365853659,0.134350288425444,0.0,0.0,0.0,0.0,,,2017.0,1994-11-07,,,,12
DeMarcus Walker,DEN,DL,13258,weighted,,,,,,,,,,,,,,,,,,,,,,,,,,,,,,,,,,,,,,,,,,,,,1.20471036585366,0.134350288425444,0.284954268292683,0.0212132034355964,0.0,0.0,0.144832317073171,0.0777817459305202,,,2017.0,1994-09-30,O,Coach's Decision,2019.0,12
Vernon Butler,CAR,DL,12740,weighted,,,,,,,,,,,,,,,,,,,,,,,,,,,,,,,,,,,,,,,,,,,,,1.09559451219512,0.275771644662754,0.25015243902439,0.0707106781186547,0.0,0.0,0.0,0.0,,,2016.0,1994-06-14,,,,12
Vernon Butler,BUF,DL,12740,weighted,,,,,,,,,,,,,,,,,,,,,,,,,,,,,,,,,,,,,,,,,,,,,1.09559451219512,0.275771644662754,0.25015243902439,0.0707106781186547,0.0,0.0,0.0,0.0,,,2016.0,1994-06-14,,,,12
Brandon Williams,BAL,DL,11360,weighted,,,,,,,,,,,,,,,,,,,,,,,,,,,,,,,,,,,,,,,,,,,,,1.24012195121951,0.0565685424949239,0.110030487804878,0.0141421356237309,0.0,0.0,0.06,0.0,,,2013.0,1989-02-21,,,,12
William Gholston,TB,DL,11265,weighted,,,,,,,,,,,,,,,,,,,,,,,,,,,,,,,,,,,,,,,,,,,,,1.13541158536585,0.190918830920368,0.100091463414634,0.0424264068711929,0.0,0.0,0.034984756097561,0.0070710678118654,,,2013.0,1991-07-31,,,,12
Treyvon Hester,WAS,DL,13360,weighted,,,,,,,,,,,,,,,,,,,,,,,,,,,,,,,,,,,,,,,,,,,,,0.636844512195122,0.855599205235722,0.115259146341463,0.120208152801713,0.0,0.0,0.0150457317073171,0.0212132034355964,,,2017.0,1992-09-21,,,,12
Treyvon Hester,GB,DL,13360,weighted,,,,,,,,,,,,,,,,,,,,,,,,,,,,,,,,,,,,,,,,,,,,,0.636844512195122,0.855599205235722,0.115259146341463,0.120208152801713,0.0,0.0,0.0150457317073171,0.0212132034355964,,,2017.0,1992-09-21,,,,12
Tyler Lancaster,GB,DL,13989,weighted,,,,,,,,,,,,,,,,,,,,,,,,,,,,,,,,,,,,,,,,,,,,,1.22006097560976,0.0282842712474619,0.144832317073171,0.0777817459305202,0.0,0.0,0.0,0.0,,,2018.0,1970-01-01,,,,12
Avery Moss,MIA,DL,13309,weighted,,,,,,,,,,,,,,,,,,,,,,,,,,,,,,,,,,,,,,,,,,,,,0.960792682926829,0.367695526217005,0.0351067073170732,0.0494974746830583,0.005015243902439,0.0070710678118654,0.0401219512195122,0.0565685424949238,,,2017.0,1994-09-16,,,,12
D.J. Jones,SF,DL,13332,weighted,,,,,,,,,,,,,,,,,,,,,,,,,,,,,,,,,,,,,,,,,,,,,1.05547256097561,0.21920310216783,0.0900304878048781,0.014142135623731,0.0,0.0,0.010030487804878,0.014142135623731,,,2017.0,1995-01-19,,,,12
Brandon Dunn,HOU,DL,12111,weighted,,,,,,,,,,,,,,,,,,,,,,,,,,,,,,,,,,,,,,,,,,,,,0.801219512195122,0.565685424949238,0.0250762195121951,0.0353553390593274,0.02,0.0,0.135350609756098,0.162634559672906,,,2014.0,1992-09-05,,,,12
Malcom Brown,NO,DL,12173,weighted,,,,,,,,,,,,,,,,,,,,,,,,,,,,,,,,,,,,,,,,,,,,,1.18996951219512,0.014142135623731,0.115045731707317,0.0212132034355964,0.0,0.0,0.03,0.0,,,2015.0,1994-02-02,,,,12
Quinton Jefferson,SEA,DL,12796,weighted,,,,,,,,,,,,,,,,,,,,,,,,,,,,,,,,,,,,,,,,,,,,,1.00060975609756,0.282842712474619,0.180243902439024,0.113137084989848,0.0,0.0,0.114740853658537,0.120208152801713,,,2016.0,,,,,12
Quinton Jefferson,BUF,DL,12796,weighted,,,,,,,,,,,,,,,,,,,,,,,,,,,,,,,,,,,,,,,,,,,,,1.00060975609756,0.282842712474619,0.180243902439024,0.113137084989848,0.0,0.0,0.114740853658537,0.120208152801713,,,2016.0,,,,,12
Al-Quadin Muhammad,IND,DL,13330,weighted,,,,,,,,,,,,,,,,,,,,,,,,,,,,,,,,,,,,,,,,,,,,,1.00440548780488,0.275771644662753,0.115045731707317,0.0212132034355964,0.0,0.0,0.0200609756097561,0.0282842712474619,,,2017.0,1995-03-28,,,,12
Devaroe Lawrence,CLE,DL,13935,weighted,,,,,,,,,,,,,,,,,,,,,,,,,,,,,,,,,,,,,,,,,,,,,0.701524390243902,0.707106781186547,0.0952896341463415,0.134350288425444,0.04,0.0,0.034984756097561,0.0070710678118654,,,2017.0,1970-01-01,,,,12
Devaroe Lawrence,KC,DL,13935,weighted,,,,,,,,,,,,,,,,,,,,,,,,,,,,,,,,,,,,,,,,,,,,,0.701524390243902,0.707106781186547,0.0952896341463415,0.134350288425444,0.04,0.0,0.034984756097561,0.0070710678118654,,,2017.0,1970-01-01,,,,12
Marcus Davenport,NO,DL,13688,weighted,,,,,,,,,,,,,,,,,,,,,,,,,,,,,,,,,,,,,,,,,,,,,1.2,0.0,0.324861623616236,0.0717628025712704,0.0,0.0,0.03,0.0,,,2018.0,1996-09-04,,,,12
Brian Burns,CAR,DL,14171,weighted,,,,,,,,,,,,,,,,,,,,,,,,,,,,,,,,,,,,,,,,,,,,,1.0194512195122,0.254558441227157,0.339817073170732,0.0848528137423857,0.005015243902439,0.0070710678118654,0.055015243902439,0.0070710678118654,,,2019.0,1998-04-23,,,,12
Oshane Ximines,NYG,DL,14220,weighted,,,,,,,,,,,,,,,,,,,,,,,,,,,,,,,,,,,,,,,,,,,,,1.06458841463415,0.190918830920368,0.140121951219512,0.0565685424949238,0.0,0.0,0.05,0.0,,,2019.0,1970-01-01,,,,12
Foley Fatukasi,NYJ,DL,13798,weighted,,,,,,,,,,,,,,,,,,,,,,,,,,,,,,,,,,,,,,,,,,,,,1.02036585365854,0.169705627484771,0.0501524390243903,0.0707106781186548,0.010030487804878,0.014142135623731,0.0450457317073171,0.0212132034355964,,,2018.0,1995-03-04,,,,12
Al Woods,SEA,DL,9940,weighted,,,,,,,,,,,,,,,,,,,,,,,,,,,,,,,,,,,,,,,,,,,,,0.706234756097561,0.572756492761104,0.0501219512195122,0.0565685424949238,0.010030487804878,0.014142135623731,0.010030487804878,0.014142135623731,,,2010.0,1987-03-25,,,,12
Al Woods,JAC,DL,9940,weighted,,,,,,,,,,,,,,,,,,,,,,,,,,,,,,,,,,,,,,,,,,,,,0.706234756097561,0.572756492761104,0.0501219512195122,0.0565685424949238,0.010030487804878,0.014142135623731,0.010030487804878,0.014142135623731,,,2010.0,1987-03-25,,,,12
Star Lotulelei,BUF,DL,11280,weighted,,,,,,,,,,,,,,,,,,,,,,,,,,,,,,,,,,,,,,,,,,,,,0.905625,0.289913780286485,0.0850762195121951,0.0353553390593274,0.005015243902439,0.0070710678118654,0.0750457317073171,0.0212132034355964,,,2013.0,1989-12-20,,,,12
Antwaun Woods,DAL,DL,13100,weighted,,,,,,,,,,,,,,,,,,,,,,,,,,,,,,,,,,,,,,,,,,,,,1.00532012195122,0.148492424049175,0.075015243902439,0.0070710678118654,0.005015243902439,0.0070710678118654,0.0749542682926829,0.0212132034355964,,,2016.0,1993-01-03,,,,12
Vinny Curry,PHI,DL,10755,weighted,,,,,,,,,,,,,,,,,,,,,,,,,,,,,,,,,,,,,,,,,,,,,0.94452743902439,0.21920310216783,0.0900609756097561,0.0282842712474619,0.0,0.0,0.0200609756097561,0.0282842712474619,,,2012.0,1988-06-30,,,,12
Vinny Curry,FA,DL,10755,weighted,,,,,,,,,,,,,,,,,,,,,,,,,,,,,,,,,,,,,,,,,,,,,0.94452743902439,0.21920310216783,0.0900609756097561,0.0282842712474619,0.0,0.0,0.0200609756097561,0.0282842712474619,,,2012.0,1988-06-30,,,,12
Akeem Spence,JAC,DL,11282,weighted,,,,,,,,,,,,,,,,,,,,,,,,,,,,,,,,,,,,,,,,,,,,,0.989664634146341,0.155563491861041,0.0501524390243903,0.0707106781186548,0.0,0.0,0.0150457317073171,0.0212132034355964,,,2013.0,1991-11-29,,,,12
Timmy Jernigan,PHI,DL,11717,weighted,,,,,,,,,,,,,,,,,,,,,,,,,,,,,,,,,,,,,,,,,,,,,0.859268292682927,0.339411254969543,0.234801829268293,0.0919238815542512,0.0,0.0,0.0,0.0,,,2014.0,1992-09-24,,,,12
Timmy Jernigan,HOU,DL,11717,weighted,,,,,,,,,,,,,,,,,,,,,,,,,,,,,,,,,,,,,,,,,,,,,0.859268292682927,0.339411254969543,0.234801829268293,0.0919238815542512,0.0,0.0,0.0,0.0,,,2014.0,1992-09-24,,,,12
Josh Mauro,OAK,DL,12099,weighted,,,,,,,,,,,,,,,,,,,,,,,,,,,,,,,,,,,,,,,,,,,,,1.02477134146341,0.106066017177982,0.0650762195121951,0.0353553390593274,0.0,0.0,0.04,0.0,,,2014.0,1991-02-17,,,,12
Josh Mauro,FA,DL,12099,weighted,,,,,,,,,,,,,,,,,,,,,,,,,,,,,,,,,,,,,,,,,,,,,1.02477134146341,0.106066017177982,0.0650762195121951,0.0353553390593274,0.0,0.0,0.04,0.0,,,2014.0,1991-02-17,,,,12
Sheldon Rankins,NO,DL,12735,weighted,,,,,,,,,,,,,,,,,,,,,,,,,,,,,,,,,,,,,,,,,,,,,1.08495426829268,0.0212132034355964,0.284954268292683,0.0212132034355964,0.0,0.0,0.024984756097561,0.0070710678118654,,,2016.0,1994-04-02,,,,12
Trey Hendrickson,NO,DL,13284,weighted,,,,,,,,,,,,,,,,,,,,,,,,,,,,,,,,,,,,,,,,,,,,,1.01474085365854,0.120208152801713,0.194984756097561,0.0070710678118654,0.005015243902439,0.0070710678118654,0.0250762195121951,0.0353553390593274,,,2017.0,1994-12-05,,,,12
Josh Tupou,CIN,DL,13965,weighted,,,,,,,,,,,,,,,,,,,,,,,,,,,,,,,,,,,,,,,,,,,,,0.900609756097561,0.282842712474619,0.0300914634146341,0.0424264068711929,0.0,0.0,0.0,0.0,,,2017.0,1970-01-01,,,,12
Isaiah Buggs,PIT,DL,14160,weighted,,,,,,,,,,,,,,,,,,,,,,,,,,,,,,,,,,,,,,,,,,,,,0.919451219512195,0.254558441227157,0.105015243902439,0.0070710678118654,0.0,0.0,0.0250457317073171,0.0212132034355964,,,2019.0,1970-01-01,,,,12
Adrian Clayborn,ATL,DL,10263,weighted,,,,,,,,,,,,,,,,,,,,,,,,,,,,,,,,,,,,,,,,,,,,,0.980243902439024,0.113137084989848,0.330091463414634,0.0424264068711929,0.0,0.0,0.0300914634146341,0.0424264068711929,,,2011.0,1988-07-06,,,,12
Adrian Clayborn,CLE,DL,10263,weighted,,,,,,,,,,,,,,,,,,,,,,,,,,,,,,,,,,,,,,,,,,,,,0.980243902439024,0.113137084989848,0.330091463414634,0.0424264068711929,0.0,0.0,0.0300914634146341,0.0424264068711929,,,2011.0,1988-07-06,,,,12
Domata Peko,BAL,DL,8364,weighted,,,,,,,,,,,,,,,,,,,,,,,,,,,,,,,,,,,,,,,,,,,,,0.980243902439024,0.113137084989848,0.0401219512195122,0.0565685424949238,0.0,0.0,0.0849542682926829,0.0212132034355964,,,2006.0,1984-11-27,,,,12
Steve McLendon,NYJ,DL,10143,weighted,,,,,,,,,,,,,,,,,,,,,,,,,,,,,,,,,,,,,,,,,,,,,1.02507621951219,0.0353553390593274,0.0751371951219512,0.0636396103067893,0.0,0.0,0.0,0.0,,,2009.0,1986-01-03,,,,12
Adam Butler,NE,DL,13448,weighted,,,,,,,,,,,,,,,,,,,,,,,,,,,,,,,,,,,,,,,,,,,,,0.775838414634146,0.388908729652601,0.305015243902439,0.0070710678118654,0.0,0.0,0.0849542682926829,0.0212132034355964,,,,1994-04-12,,,,12
Chris Wormley,BAL,DL,13212,weighted,,,,,,,,,,,,,,,,,,,,,,,,,,,,,,,,,,,,,,,,,,,,,0.920365853658537,0.169705627484771,0.0750457317073171,0.0212132034355964,0.0,0.0,0.0548628048780488,0.0636396103067893,,,2017.0,1993-10-25,,,,12
Chris Wormley,PIT,DL,13212,weighted,,,,,,,,,,,,,,,,,,,,,,,,,,,,,,,,,,,,,,,,,,,,,0.920365853658537,0.169705627484771,0.0750457317073171,0.0212132034355964,0.0,0.0,0.0548628048780488,0.0636396103067893,,,2017.0,1993-10-25,,,,12
Jihad Ward,BAL,DL,12744,weighted,,,,,,,,,,,,,,,,,,,,,,,,,,,,,,,,,,,,,,,,,,,,,0.521524390243903,0.707106781186548,0.150457317073171,0.212132034355964,0.0,0.0,0.0551371951219512,0.0636396103067893,,,2016.0,1994-03-11,,,,12
Jack Crawford,ATL,DL,10861,weighted,,,,,,,,,,,,,,,,,,,,,,,,,,,,,,,,,,,,,,,,,,,,,0.90030487804878,0.141421356237309,0.0850762195121951,0.0353553390593274,0.01,0.0,0.02,0.0,,,2012.0,1988-09-07,,,,12
Jack Crawford,TEN,DL,10861,weighted,,,,,,,,,,,,,,,,,,,,,,,,,,,,,,,,,,,,,,,,,,,,,0.90030487804878,0.141421356237309,0.0850762195121951,0.0353553390593274,0.01,0.0,0.02,0.0,,,2012.0,1988-09-07,,,,12
Leonard Williams,NYG,DL,12225,weighted,,,,,,,,,,,,,,,,,,,,,,,,,,,,,,,,,,,,,,,,,,,,,0.939817073170732,0.0848528137423857,0.0450457317073171,0.0212132034355964,0.0,0.0,0.0599390243902439,0.0282842712474619,,,2015.0,1994-06-20,,,,12
Deatrich Wise,NE,DL,13296,weighted,,,,,,,,,,,,,,,,,,,,,,,,,,,,,,,,,,,,,,,,,,,,,0.819451219512195,0.254558441227157,0.0849542682926829,0.0212132034355964,0.005015243902439,0.0070710678118654,0.010030487804878,0.014142135623731,,,2017.0,1994-07-26,,,,12
Tyquan Lewis,IND,DL,13687,weighted,,,,,,,,,,,,,,,,,,,,,,,,,,,,,,,,,,,,,,,,,,,,,0.804405487804878,0.275771644662754,0.115045731707317,0.0212132034355964,0.0,0.0,0.169603658536585,0.183847763108502,,,2018.0,,,,,12
Carl Lawson,CIN,DL,13202,weighted,,,,,,,,,,,,,,,,,,,,,,,,,,,,,,,,,,,,,,,,,,,,,0.870213414634146,0.0989949493661166,0.2,0.0,0.0,0.0,0.020030487804878,0.014142135623731,,,2017.0,1995-06-29,,,,12
Grover Stewart,IND,DL,13298,weighted,,,,,,,,,,,,,,,,,,,,,,,,,,,,,,,,,,,,,,,,,,,,,0.810335365853658,0.155563491861041,0.160182926829268,0.0848528137423857,0.0,0.0,0.0449237804878049,0.0353553390593274,,,2017.0,1993-10-20,,,,12
Justin Ellis,BAL,DL,11789,weighted,,,,,,,,,,,,,,,,,,,,,,,,,,,,,,,,,,,,,,,,,,,,,0.466356707317073,0.629325035256027,0.0250762195121951,0.0353553390593274,0.0,0.0,0.010030487804878,0.014142135623731,,,2014.0,1990-12-27,,,,12
Austin Johnson,TEN,DL,12700,weighted,,,,,,,,,,,,,,,,,,,,,,,,,,,,,,,,,,,,,,,,,,,,,0.85015243902439,0.0707106781186547,0.074984756097561,0.0070710678118654,0.005015243902439,0.0070710678118654,0.129786585365854,0.0989949493661167,,,2016.0,1994-05-08,,,,12
Austin Johnson,NYG,DL,12700,weighted,,,,,,,,,,,,,,,,,,,,,,,,,,,,,,,,,,,,,,,,,,,,,0.85015243902439,0.0707106781186547,0.074984756097561,0.0070710678118654,0.005015243902439,0.0070710678118654,0.129786585365854,0.0989949493661167,,,2016.0,1994-05-08,,,,12
Montravius Adams,GB,DL,13275,weighted,,,,,,,,,,,,,,,,,,,,,,,,,,,,,,,,,,,,,,,,,,,,,0.864893292682927,0.0494974746830584,0.0801219512195122,0.0565685424949238,0.0,0.0,0.159573170731707,0.197989898732233,,,2017.0,1994-06-24,,,,12
Carlos Watkins,HOU,DL,13211,weighted,,,,,,,,,,,,,,,,,,,,,,,,,,,,,,,,,,,,,,,,,,,,,0.874923780487805,0.0353553390593274,0.0700914634146342,0.0424264068711929,0.014984756097561,0.0070710678118654,0.064984756097561,0.0070710678118654,,,2017.0,1993-12-05,,,,12
Brent Urban,CHI,DL,11807,weighted,,,,,,,,,,,,,,,,,,,,,,,,,,,,,,,,,,,,,,,,,,,,,0.785259146341463,0.120208152801713,0.0601219512195122,0.0565685424949238,0.0,0.0,0.0799390243902439,0.0282842712474619,,,2014.0,1991-05-05,,,,12
Romeo Okwara,DET,DL,12948,weighted,,,,,,,,,,,,,,,,,,,,,,,,,,,,,,,,,,,,,,,,,,,,,0.570823170731707,0.381837661840736,0.115198170731707,0.0919238815542512,0.0,0.0,0.005015243902439,0.0070710678118654,,,2016.0,1995-06-17,,,,12
Dawuane Smoot,JAC,DL,13267,weighted,,,,,,,,,,,,,,,,,,,,,,,,,,,,,,,,,,,,,,,,,,,,,0.765198170731707,0.0919238815542512,0.274923780487805,0.0353553390593274,0.0,0.0,0.0200609756097561,0.0282842712474619,,,2017.0,1995-03-02,,,,12
Charles Omenihu,HOU,DL,14254,weighted,,,,,,,,,,,,,,,,,,,,,,,,,,,,,,,,,,,,,,,,,,,,,0.515960365853658,0.445477272147525,0.160182926829268,0.0848528137423857,0.0,0.0,0.0749542682926829,0.0212132034355964,,,2019.0,1997-08-20,,,,12
Josh Sweat,PHI,DL,13690,weighted,,,,,,,,,,,,,,,,,,,,,,,,,,,,,,,,,,,,,,,,,,,,,0.660487804878049,0.226274169979695,0.120060975609756,0.0282842712474619,0.0,0.0,0.074984756097561,0.0070710678118654,,,2018.0,1997-03-29,,,,12
Wes Horton,CAR,DL,11515,weighted,,,,,,,,,,,,,,,,,,,,,,,,,,,,,,,,,,,,,,,,,,,,,0.456082317073171,0.502045814642449,0.0351067073170732,0.0494974746830583,0.0,0.0,0.0250762195121951,0.0353553390593274,,,2013.0,1990-01-18,O,Coach's Decision,2019.0,12
Wes Horton,FA,DL,11515,weighted,,,,,,,,,,,,,,,,,,,,,,,,,,,,,,,,,,,,,,,,,,,,,0.456082317073171,0.502045814642449,0.0351067073170732,0.0494974746830583,0.0,0.0,0.0250762195121951,0.0353553390593274,,,2013.0,1990-01-18,O,Coach's Decision,2019.0,12
Greg Gaines,LAR,DL,14237,weighted,,,,,,,,,,,,,,,,,,,,,,,,,,,,,,,,,,,,,,,,,,,,,0.65547256097561,0.21920310216783,0.0601829268292683,0.0848528137423857,0.0,0.0,0.0250457317073171,0.0212132034355964,,,2019.0,1996-05-06,,,,12
Corey Liuget,BUF,DL,10285,weighted,,,,,,,,,,,,,,,,,,,,,,,,,,,,,,,,,,,,,,,,,,,,,0.411189024390244,0.551543289325507,0.0952896341463415,0.134350288425444,0.0,0.0,0.0200609756097561,0.0282842712474619,,,2011.0,1990-03-18,,,,12
Corey Liuget,FA,DL,10285,weighted,,,,,,,,,,,,,,,,,,,,,,,,,,,,,,,,,,,,,,,,,,,,,0.411189024390244,0.551543289325507,0.0952896341463415,0.134350288425444,0.0,0.0,0.0200609756097561,0.0282842712474619,,,2011.0,1990-03-18,,,,12
Margus Hunt,IND,DL,11274,weighted,,,,,,,,,,,,,,,,,,,,,,,,,,,,,,,,,,,,,,,,,,,,,0.70030487804878,0.14142135623731,0.0350457317073171,0.0212132034355964,0.0,0.0,0.0,0.0,,,2013.0,1987-07-14,,,,12
Margus Hunt,NO,DL,11274,weighted,,,,,,,,,,,,,,,,,,,,,,,,,,,,,,,,,,,,,,,,,,,,,0.70030487804878,0.14142135623731,0.0350457317073171,0.0212132034355964,0.0,0.0,0.0,0.0,,,2013.0,1987-07-14,,,,12
Deadrin Senat,ATL,DL,13751,weighted,,,,,,,,,,,,,,,,,,,,,,,,,,,,,,,,,,,,,,,,,,,,,0.735106707317073,0.0494974746830584,0.0150457317073171,0.0212132034355964,0.0,0.0,0.005015243902439,0.0070710678118654,,,2018.0,1994-07-22,O,Coach's Decision,2019.0,12
Jullian Taylor,SF,DL,13828,weighted,,,,,,,,,,,,,,,,,,,,,,,,,,,,,,,,,,,,,,,,,,,,,0.635411585365854,0.190918830920368,0.0501524390243903,0.0707106781186548,0.0,0.0,0.0300609756097561,0.0282842712474619,,,2018.0,1995-01-30,,,,12
Efe Obada,CAR,DL,13929,weighted,,,,,,,,,,,,,,,,,,,,,,,,,,,,,,,,,,,,,,,,,,,,,0.680243902439024,0.113137084989848,0.0501219512195122,0.0565685424949238,0.0,0.0,0.059969512195122,0.014142135623731,,,2015.0,1991-03-18,,,,12
Morgan Fox,LAR,DL,13085,weighted,,,,,,,,,,,,,,,,,,,,,,,,,,,,,,,,,,,,,,,,,,,,,0.630396341463415,0.183847763108502,0.0751067073170732,0.0494974746830583,0.0,0.0,0.0200609756097561,0.0282842712474619,,,2016.0,1994-09-12,,,,12
Dre'Mont Jones,DEN,DL,14164,weighted,,,,,,,,,,,,,,,,,,,,,,,,,,,,,,,,,,,,,,,,,,,,,0.480853658536585,0.395979797464467,0.105076219512195,0.0353553390593274,0.0,0.0,0.0749237804878049,0.0353553390593274,,,2019.0,1997-01-05,,,,12
Kyle Love,CAR,DL,10111,weighted,,,,,,,,,,,,,,,,,,,,,,,,,,,,,,,,,,,,,,,,,,,,,0.520670731707317,0.311126983722081,0.0751371951219512,0.0636396103067893,0.0,0.0,0.065015243902439,0.0070710678118654,,,2010.0,1986-11-18,,,,12
Kyle Love,FA,DL,10111,weighted,,,,,,,,,,,,,,,,,,,,,,,,,,,,,,,,,,,,,,,,,,,,,0.520670731707317,0.311126983722081,0.0751371951219512,0.0636396103067893,0.0,0.0,0.065015243902439,0.0070710678118654,,,2010.0,1986-11-18,,,,12
Kerry Hyder,DAL,DL,12987,weighted,,,,,,,,,,,,,,,,,,,,,,,,,,,,,,,,,,,,,,,,,,,,,0.381036585365854,0.480832611206852,0.0651676829268293,0.0777817459305202,0.0,0.0,0.010030487804878,0.014142135623731,,,,,,,,12
Kerry Hyder,SF,DL,12987,weighted,,,,,,,,,,,,,,,,,,,,,,,,,,,,,,,,,,,,,,,,,,,,,0.381036585365854,0.480832611206852,0.0651676829268293,0.0777817459305202,0.0,0.0,0.010030487804878,0.014142135623731,,,,,,,,12
Christian Covington,DAL,DL,12360,weighted,,,,,,,,,,,,,,,,,,,,,,,,,,,,,,,,,,,,,,,,,,,,,0.679939024390244,0.0282842712474618,0.0500609756097561,0.0282842712474619,0.0,0.0,0.059969512195122,0.014142135623731,,,2015.0,1993-10-16,,,,12
Christian Covington,DEN,DL,12360,weighted,,,,,,,,,,,,,,,,,,,,,,,,,,,,,,,,,,,,,,,,,,,,,0.679939024390244,0.0282842712474618,0.0500609756097561,0.0282842712474619,0.0,0.0,0.059969512195122,0.014142135623731,,,2015.0,1993-10-16,,,,12
RJ McIntosh,NYG,DL,13773,weighted,,,,,,,,,,,,,,,,,,,,,,,,,,,,,,,,,,,,,,,,,,,,,0.574618902439024,0.176776695296637,0.055015243902439,0.0070710678118654,0.0,0.0,0.014984756097561,0.0070710678118654,,,2018.0,1996-06-02,,,,12
Andrew Brown,CIN,DL,13786,weighted,,,,,,,,,,,,,,,,,,,,,,,,,,,,,,,,,,,,,,,,,,,,,0.645137195121951,0.0636396103067893,0.0351067073170732,0.0494974746830583,0.0,0.0,0.0150457317073171,0.0212132034355964,,,2018.0,1995-12-30,,,,12
Marquis Haynes,CAR,DL,13771,weighted,,,,,,,,,,,,,,,,,,,,,,,,,,,,,,,,,,,,,,,,,,,,,0.490579268292683,0.268700576850888,0.0651067073170732,0.0494974746830583,0.0,0.0,0.0200609756097561,0.0282842712474619,,,2018.0,1993-12-16,O,Coach's Decision,2019.0,12
Mario Edwards,NO,DL,12219,weighted,,,,,,,,,,,,,,,,,,,,,,,,,,,,,,,,,,,,,,,,,,,,,0.385868902439024,0.403050865276332,0.0651676829268293,0.0777817459305202,0.0,0.0,0.0200609756097561,0.0282842712474619,,,,1994-01-25,,,,12
Eli Ankou,CLE,DL,13460,weighted,,,,,,,,,,,,,,,,,,,,,,,,,,,,,,,,,,,,,,,,,,,,,0.331006097560976,0.466690475583121,0.0551676829268293,0.0777817459305202,0.0,0.0,0.010030487804878,0.014142135623731,,,2017.0,1994-06-08,,,,12
Rasheem Green,SEA,DL,13746,weighted,,,,,,,,,,,,,,,,,,,,,,,,,,,,,,,,,,,,,,,,,,,,,0.580243902439024,0.113137084989848,0.179939024390244,0.0282842712474619,0.0,0.0,0.0599390243902439,0.0282842712474619,,,2018.0,1997-05-15,,,,12
Jordan Willis,NYJ,DL,13207,weighted,,,,,,,,,,,,,,,,,,,,,,,,,,,,,,,,,,,,,,,,,,,,,0.420670731707317,0.311126983722081,0.0601219512195122,0.0565685424949238,0.0,0.0,0.0250762195121951,0.0353553390593274,,,2017.0,1995-05-02,O,Coach's Decision,2019.0,12
Zach Sieler,BAL,DL,13839,weighted,,,,,,,,,,,,,,,,,,,,,,,,,,,,,,,,,,,,,,,,,,,,,0.520365853658537,0.169705627484771,0.0451371951219512,0.0636396103067893,0.0,0.0,0.0150457317073171,0.0212132034355964,,,2018.0,1995-09-07,,,,12
Zach Sieler,MIA,DL,13839,weighted,,,,,,,,,,,,,,,,,,,,,,,,,,,,,,,,,,,,,,,,,,,,,0.520365853658537,0.169705627484771,0.0451371951219512,0.0636396103067893,0.0,0.0,0.0150457317073171,0.0212132034355964,,,2018.0,1995-09-07,,,,12
Tim Settle,WAS,DL,13694,weighted,,,,,,,,,,,,,,,,,,,,,,,,,,,,,,,,,,,,,,,,,,,,,0.615045731707317,0.0212132034355964,0.0900304878048781,0.014142135623731,0.0,0.0,0.0150457317073171,0.0212132034355964,,,2018.0,1997-07-11,,,,12
Terrell McClain,OAK,DL,10329,weighted,,,,,,,,,,,,,,,,,,,,,,,,,,,,,,,,,,,,,,,,,,,,,0.320914634146341,0.424264068711928,0.0401219512195122,0.0565685424949238,0.0,0.0,0.005015243902439,0.0070710678118654,,,2011.0,1988-07-20,O,Coach's Decision,2019.0,12
Rakeem Nunez-Roches,TB,DL,12361,weighted,,,,,,,,,,,,,,,,,,,,,,,,,,,,,,,,,,,,,,,,,,,,,0.460487804878049,0.226274169979695,0.0401219512195122,0.0565685424949238,0.0,0.0,0.0200609756097561,0.0282842712474619,,,2015.0,1993-07-03,,,,12
Sheldon Day,SF,DL,12771,weighted,,,,,,,,,,,,,,,,,,,,,,,,,,,,,,,,,,,,,,,,,,,,,0.510335365853658,0.15556349186104,0.0551676829268293,0.0777817459305202,0.0,0.0,0.0250762195121951,0.0353553390593274,,,2016.0,1994-07-01,,,,12
Sheldon Day,IND,DL,12771,weighted,,,,,,,,,,,,,,,,,,,,,,,,,,,,,,,,,,,,,,,,,,,,,0.510335365853658,0.15556349186104,0.0551676829268293,0.0777817459305202,0.0,0.0,0.0250762195121951,0.0353553390593274,,,2016.0,1994-07-01,,,,12
Kingsley Keke,GB,DL,14248,weighted,,,,,,,,,,,,,,,,,,,,,,,,,,,,,,,,,,,,,,,,,,,,,0.405625,0.289913780286484,0.0351067073170732,0.0494974746830583,0.005015243902439,0.0070710678118654,0.0150457317073171,0.0212132034355964,,,2019.0,1970-01-01,,,,12
Beau Allen,TB,DL,11862,weighted,,,,,,,,,,,,,,,,,,,,,,,,,,,,,,,,,,,,,,,,,,,,,0.55015243902439,0.0707106781186547,0.0350762195121951,0.0353553390593274,0.0,0.0,0.010030487804878,0.014142135623731,,,2014.0,1991-11-14,,,,12
Beau Allen,NE,DL,11862,weighted,,,,,,,,,,,,,,,,,,,,,,,,,,,,,,,,,,,,,,,,,,,,,0.55015243902439,0.0707106781186547,0.0350762195121951,0.0353553390593274,0.0,0.0,0.010030487804878,0.014142135623731,,,2014.0,1991-11-14,,,,12
L.J. Collier,SEA,DL,14155,weighted,,,,,,,,,,,,,,,,,,,,,,,,,,,,,,,,,,,,,,,,,,,,,0.544832317073171,0.0777817459305202,0.0401219512195122,0.0565685424949238,0.0,0.0,0.0200609756097561,0.0282842712474619,,,2019.0,1995-09-12,,,,12
Renell Wren,CIN,DL,14232,weighted,,,,,,,,,,,,,,,,,,,,,,,,,,,,,,,,,,,,,,,,,,,,,0.435411585365854,0.190918830920368,0.0451371951219512,0.0636396103067893,0.0,0.0,0.0200609756097561,0.0282842712474619,,,2019.0,1970-01-01,,,,12
Dan McCullers-Sanders,PIT,DL,11719,weighted,,,,,,,,,,,,,,,,,,,,,,,,,,,,,,,,,,,,,,,,,,,,,0.355167682926829,0.0777817459305202,0.0300914634146341,0.0424264068711929,0.0,0.0,0.0349542682926829,0.0212132034355964,,,2014.0,1992-08-11,,,,12
Bobby Wagner,SEA,LB,10775,weighted,,,,,,,,,,,,,,,,,,,,,,,,,,,,,,,,,,,,,,,,,,,,,5.29580369843528,2.58771565516862,0.130170697012802,0.039429501529188,0.0653271692745377,0.0449312295659832,0.327292555713608,0.0998307896178235,0.0,0.0,2012.0,1990-06-27,,,,12
Blake Martinez,GB,LB,12788,weighted,,,,,,,,,,,,,,,,,,,,,,,,,,,,,,,,,,,,,,,,,,,,,5.89105263157895,2.38835539398701,0.111607396870555,0.0589016417686495,0.0537268847795164,0.0436119576556691,0.176915599810337,0.0387800404666193,0.0,0.0,2016.0,1994-01-09,,,,12
Blake Martinez,NYG,LB,12788,weighted,,,,,,,,,,,,,,,,,,,,,,,,,,,,,,,,,,,,,,,,,,,,,5.89105263157895,2.38835539398701,0.111607396870555,0.0589016417686495,0.0537268847795164,0.0436119576556691,0.176915599810337,0.0387800404666193,0.0,0.0,2016.0,1994-01-09,,,,12
Jaylon Smith,DAL,LB,12701,weighted,,,,,,,,,,,,,,,,,,,,,,,,,,,,,,,,,,,,,,,,,,,,,5.43123755334282,2.20323851456777,0.232311522048364,0.043257661514065,0.0536415362731152,0.0429387710313947,0.21361782835467,0.0481924115276631,0.0,0.0,2016.0,1995-06-14,,,,12
Joe Schobert,CLE,LB,12768,weighted,,,,,,,,,,,,,,,,,,,,,,,,,,,,,,,,,,,,,,,,,,,,,5.34587482219061,2.06872555824782,0.148698435277383,0.0427536778566456,0.158179231863442,0.0572483310630824,0.346823138928402,0.0396129115649975,0.0,0.0,2016.0,,,,,12
Joe Schobert,JAC,LB,12768,weighted,,,,,,,,,,,,,,,,,,,,,,,,,,,,,,,,,,,,,,,,,,,,,5.34587482219061,2.06872555824782,0.148698435277383,0.0427536778566456,0.158179231863442,0.0572483310630824,0.346823138928402,0.0396129115649975,0.0,0.0,2016.0,,,,,12
Cory Littleton,LAR,LB,12985,weighted,,,,,,,,,,,,,,,,,,,,,,,,,,,,,,,,,,,,,,,,,,,,,5.45475817923186,2.10626085079921,0.155618776671408,0.045439833829792,0.153798008534851,0.0597210081593287,0.560099573257468,0.0960349067401497,0.0,0.0,2016.0,1993-11-18,,,,12
Cory Littleton,LVR,LB,12985,weighted,,,,,,,,,,,,,,,,,,,,,,,,,,,,,,,,,,,,,,,,,,,,,5.45475817923186,2.10626085079921,0.155618776671408,0.045439833829792,0.153798008534851,0.0597210081593287,0.560099573257468,0.0960349067401497,0.0,0.0,2016.0,1993-11-18,,,,12
Rashaan Evans,TEN,LB,13699,weighted,,,,,,,,,,,,,,,,,,,,,,,,,,,,,,,,,,,,,,,,,,,,,5.50526584867076,2.24557220684907,0.169713701431493,0.065467101483573,0.0266257668711656,0.0231121310247453,0.182484662576687,0.145987376833589,,,2018.0,1996-11-08,,,,12
DeVondre Campbell,ATL,LB,12779,weighted,,,,,,,,,,,,,,,,,,,,,,,,,,,,,,,,,,,,,,,,,,,,,5.75071574642127,1.784457158626,0.100429447852761,0.0599528852232425,0.0468916155419223,0.0502450685325976,0.103507157464213,0.0251647115463827,,,2016.0,1993-07-01,,,,12
DeVondre Campbell,ARI,LB,12779,weighted,,,,,,,,,,,,,,,,,,,,,,,,,,,,,,,,,,,,,,,,,,,,,5.75071574642127,1.784457158626,0.100429447852761,0.0599528852232425,0.0468916155419223,0.0502450685325976,0.103507157464213,0.0251647115463827,,,2016.0,1993-07-01,,,,12
Demario Davis,NO,LB,10816,weighted,,,,,,,,,,,,,,,,,,,,,,,,,,,,,,,,,,,,,,,,,,,,,5.19409672830725,1.80032342864867,0.141927453769559,0.0482568951991967,0.150917496443812,0.0719884422542494,0.586239924134661,0.11657490903094,0.0,0.0,2012.0,1989-01-11,,,,12
K.J. Wright,SEA,LB,10350,weighted,,,,,,,,,,,,,,,,,,,,,,,,,,,,,,,,,,,,,,,,,,,,,5.11576687116564,2.28955337427177,0.0402556237218814,0.0436643426163263,0.129437627811861,0.0778719247677403,0.479815950920245,0.0347205964172135,,,2011.0,1989-07-23,,,,12
Luke Kuechly,CAR,LB,10773,weighted,,,,,,,,,,,,,,,,,,,,,,,,,,,,,,,,,,,,,,,,,,,,,5.02398293029872,2.01416610621476,0.0724608819345662,0.0486328518468274,0.192944523470839,0.103724465742424,0.459943100995733,0.0316327799066519,0.0,0.0,2012.0,1991-04-20,,,,12
Luke Kuechly,FA,LB,10773,weighted,,,,,,,,,,,,,,,,,,,,,,,,,,,,,,,,,,,,,,,,,,,,,5.02398293029872,2.01416610621476,0.0724608819345662,0.0486328518468274,0.192944523470839,0.103724465742424,0.459943100995733,0.0316327799066519,0.0,0.0,2012.0,1991-04-20,,,,12
Shaq Green-Thompson,CAR,LB,12231,weighted,,,,,,,,,,,,,,,,,,,,,,,,,,,,,,,,,,,,,,,,,,,,,5.22158486707567,1.96049262277758,0.243374233128834,0.0405239588321961,0.043159509202454,0.0403508463394188,0.2,0.0,,,,1994-04-21,,,,12
Zach Cunningham,HOU,LB,13216,weighted,,,,,,,,,,,,,,,,,,,,,,,,,,,,,,,,,,,,,,,,,,,,,6.01140081799591,1.17611606985474,0.119815950920245,0.045765851012446,0.0569427402862986,0.0404196208043263,0.267361963190184,0.0942847647419441,,,2017.0,1994-12-12,,,,12
Jerome Baker,MIA,LB,13706,weighted,,,,,,,,,,,,,,,,,,,,,,,,,,,,,,,,,,,,,,,,,,,,,5.56958077709612,1.4321860344222,0.150327198364008,0.0555173276949456,0.033558282208589,0.0304929313196955,0.186973415132924,0.0415365751923935,,,2018.0,1996-12-25,,,,12
Nick Vigil,CIN,LB,12762,weighted,,,,,,,,,,,,,,,,,,,,,,,,,,,,,,,,,,,,,,,,,,,,,5.71768916155419,1.24091404237179,0.129989775051125,0.0265072792766298,0.0434253578732106,0.0352305737291161,0.244100204498978,0.106606612412542,,,2016.0,1993-08-20,,,,12
Nick Vigil,LAC,LB,12762,weighted,,,,,,,,,,,,,,,,,,,,,,,,,,,,,,,,,,,,,,,,,,,,,5.71768916155419,1.24091404237179,0.129989775051125,0.0265072792766298,0.0434253578732106,0.0352305737291161,0.244100204498978,0.106606612412542,,,2016.0,1993-08-20,,,,12
Roquan Smith,CHI,LB,13696,weighted,,,,,,,,,,,,,,,,,,,,,,,,,,,,,,,,,,,,,,,,,,,,,5.37369132290185,1.64253702754913,0.111955903271693,0.0719222282747033,0.125860597439545,0.057503963928719,0.293788525367473,0.0710181955071966,0.0,0.0,2018.0,1997-04-08,,,,12
Leighton Vander Esch,DAL,LB,13727,weighted,,,,,,,,,,,,,,,,,,,,,,,,,,,,,,,,,,,,,,,,,,,,,6.88,0.0,0.08,0.0,0.06,0.0,0.16,0.0,,,2018.0,1997-02-09,O,Neck,2019.0,12
Tahir Whitehead,OAK,LB,10847,weighted,,,,,,,,,,,,,,,,,,,,,,,,,,,,,,,,,,,,,,,,,,,,,5.79104294478528,0.921471806905163,0.0302760736196319,0.0520808946258203,0.0434253578732106,0.0352305737291161,0.227055214723926,0.0643875015572897,,,2012.0,1990-04-02,,,,12
Tahir Whitehead,CAR,LB,10847,weighted,,,,,,,,,,,,,,,,,,,,,,,,,,,,,,,,,,,,,,,,,,,,,5.79104294478528,0.921471806905163,0.0302760736196319,0.0520808946258203,0.0434253578732106,0.0352305737291161,0.227055214723926,0.0643875015572897,,,2012.0,1990-04-02,,,,12
Todd Davis,DEN,LB,12087,weighted,,,,,,,,,,,,,,,,,,,,,,,,,,,,,,,,,,,,,,,,,,,,,5.63358895705522,0.90661572734353,0.0201124744376278,0.0265358406655742,0.0435685071574642,0.0494619973971819,0.230572597137014,0.164225250900292,,,2014.0,1992-05-17,,,,12
Fred Warner,SF,LB,13743,weighted,,,,,,,,,,,,,,,,,,,,,,,,,,,,,,,,,,,,,,,,,,,,,5.34634969325153,1.17751801050198,0.143302658486708,0.037918839665539,0.0598159509202454,0.045765851012446,0.277310838445808,0.087185276096298,,,2018.0,1996-11-19,,,,12
Lavonte David,TB,LB,10768,weighted,,,,,,,,,,,,,,,,,,,,,,,,,,,,,,,,,,,,,,,,,,,,,4.92822190611664,1.55628181436534,0.114438122332859,0.0885032889634791,0.0584352773826458,0.0418891066203896,0.229793741109531,0.0342552564949584,0.0,0.0,2012.0,1990-01-23,,,,12
Tremaine Edmunds,BUF,LB,13697,weighted,,,,,,,,,,,,,,,,,,,,,,,,,,,,,,,,,,,,,,,,,,,,,4.27475817923186,1.83724172064986,0.148847795163585,0.0469334541905097,0.146109530583215,0.102438968472218,0.466609767662399,0.0965872984577204,0.0,0.0,2018.0,1998-05-02,,,,12
Myles Jack,JAC,LB,12702,weighted,,,,,,,,,,,,,,,,,,,,,,,,,,,,,,,,,,,,,,,,,,,,,4.34347083926031,1.64806461746583,0.104736842105263,0.0399733196527458,0.0907539118065434,0.0084106747897924,0.270206258890469,0.0342552564949584,0.0,0.0,2016.0,1995-09-03,,,,12
Raekwon McMillan,MIA,LB,13222,weighted,,,,,,,,,,,,,,,,,,,,,,,,,,,,,,,,,,,,,,,,,,,,,4.05381390593047,1.9867922066959,0.0099488752556237,0.0099769742592338,0.0133128834355828,0.0115560655123727,0.0501533742331288,0.0299309227777016,,,2017.0,1996-11-17,,,,12
Devin White,TB,LB,14168,weighted,,,,,,,,,,,,,,,,,,,,,,,,,,,,,,,,,,,,,,,,,,,,,4.66305120910384,1.59874633029788,0.114046941678521,0.0529678254068447,0.0630156472261735,0.0336426991591699,0.193788525367473,0.0710181955071966,0.0,0.0,2019.0,1998-02-17,,,,12
Darius Leonard,IND,LB,13733,weighted,,,,,,,,,,,,,,,,,,,,,,,,,,,,,,,,,,,,,,,,,,,,,5.09053342816501,1.76179317383399,0.244423897581792,0.105327311494087,0.133036984352774,0.0879252430207049,0.333760075865339,0.120271637894173,0.0,0.0,2018.0,,,,,12
Deion Jones,ATL,LB,12745,weighted,,,,,,,,,,,,,,,,,,,,,,,,,,,,,,,,,,,,,,,,,,,,,4.59733285917496,1.62900558217265,0.0443456614509246,0.0744815367628162,0.0724466571834993,0.0466568935221254,0.247619724988146,0.14618911440678,0.0,0.0,2016.0,1994-11-04,,,,12
Anthony Walker,IND,LB,13306,weighted,,,,,,,,,,,,,,,,,,,,,,,,,,,,,,,,,,,,,,,,,,,,,4.7878936605317,1.25657536714274,0.0769222903885481,0.0350737347303194,0.0167791411042945,0.0152464656598478,0.126993865030675,0.0701039173451669,,,2017.0,1995-08-08,,,,12
Jon Bostic,WAS,LB,11299,weighted,,,,,,,,,,,,,,,,,,,,,,,,,,,,,,,,,,,,,,,,,,,,,4.88546012269939,1.15254969251677,0.123343558282209,0.0682076656363008,0.0600613496932515,0.034668196537118,0.103650306748466,0.0450753020192241,,,2013.0,1991-05-05,,,,12
Matt Milano,BUF,LB,13307,weighted,,,,,,,,,,,,,,,,,,,,,,,,,,,,,,,,,,,,,,,,,,,,,5.0539672801636,0.943391989891415,0.162914110429448,0.0707402556843638,0.0603885480572597,0.0527804575989857,0.327566462167689,0.126624622991171,,,2017.0,,,,,12
Josh Bynes,BAL,LB,10653,weighted,,,,,,,,,,,,,,,,,,,,,,,,,,,,,,,,,,,,,,,,,,,,,3.78022494887526,2.02436890762194,0.0738036809815951,0.0641193242119922,0.116472392638037,0.0853153951749555,0.329212678936605,0.139195810667284,,,2011.0,1989-08-24,,,,12
Josh Bynes,CIN,LB,10653,weighted,,,,,,,,,,,,,,,,,,,,,,,,,,,,,,,,,,,,,,,,,,,,,3.78022494887526,2.02436890762194,0.0738036809815951,0.0641193242119922,0.116472392638037,0.0853153951749555,0.329212678936605,0.139195810667284,,,2011.0,1989-08-24,,,,12
Najee Goode,JAC,LB,10849,weighted,,,,,,,,,,,,,,,,,,,,,,,,,,,,,,,,,,,,,,,,,,,,,4.10915132924336,1.76915719598447,0.117024539877301,0.072528619886234,0.0267689161554192,0.0306477800178765,0.193619631901841,0.100986374757714,,,2012.0,1989-06-04,,,,12
Najee Goode,FA,LB,10849,weighted,,,,,,,,,,,,,,,,,,,,,,,,,,,,,,,,,,,,,,,,,,,,,4.10915132924336,1.76915719598447,0.117024539877301,0.072528619886234,0.0267689161554192,0.0306477800178765,0.193619631901841,0.100986374757714,,,2012.0,1989-06-04,,,,12
Nigel Bradham,PHI,LB,10827,weighted,,,,,,,,,,,,,,,,,,,,,,,,,,,,,,,,,,,,,,,,,,,,,4.34076687116564,1.39591347460619,0.0602044989775051,0.0399078970369354,0.053558282208589,0.0304929313196955,0.29398773006135,0.0900788983404371,,,2012.0,1989-09-04,,,,12
Nigel Bradham,FA,LB,10827,weighted,,,,,,,,,,,,,,,,,,,,,,,,,,,,,,,,,,,,,,,,,,,,,4.34076687116564,1.39591347460619,0.0602044989775051,0.0399078970369354,0.053558282208589,0.0304929313196955,0.29398773006135,0.0900788983404371,,,2012.0,1989-09-04,,,,12
C.J. Mosley,NYJ,LB,11728,weighted,,,,,,,,,,,,,,,,,,,,,,,,,,,,,,,,,,,,,,,,,,,,,5.92,1.2688102020840401e-15,0.0,0.0,0.0,0.0,0.18,3.96503188151261e-17,,,2014.0,1992-06-19,O,Groin,2019.0,12
Nate Gerry,PHI,LB,13321,weighted,,,,,,,,,,,,,,,,,,,,,,,,,,,,,,,,,,,,,,,,,,,,,4.62729038854806,1.21276228606377,0.173231083844581,0.0306477800178765,0.133578732106339,0.0610211346832613,0.250685071574642,0.0951095710079188,,,2017.0,1995-02-23,,,,12
Neville Hewitt,NYJ,LB,12481,weighted,,,,,,,,,,,,,,,,,,,,,,,,,,,,,,,,,,,,,,,,,,,,,4.59058282208589,1.12862397310857,0.227055214723926,0.0643875015572897,0.0536605316973415,0.0460453174513349,0.230501022494888,0.0816061123961617,,,,,,,,12
Jayon Brown,TEN,LB,13304,weighted,,,,,,,,,,,,,,,,,,,,,,,,,,,,,,,,,,,,,,,,,,,,,4.19411042944785,1.34143917910885,0.103578732106339,0.0351095395478657,0.0498670756646217,0.0360197034429508,0.478875255623722,0.155743849535481,,,2017.0,1995-02-26,,,,12
Preston Brown,OAK,LB,11775,weighted,,,,,,,,,,,,,,,,,,,,,,,,,,,,,,,,,,,,,,,,,,,,,3.24992842535787,2.27851902522075,0.0067280163599182,0.0115735321390712,0.036758691206544,0.0152298956023043,0.129294478527607,0.0961789863179883,,,2014.0,1992-10-27,O,Coach's Decision,2019.0,12
Preston Brown,FA,LB,11775,weighted,,,,,,,,,,,,,,,,,,,,,,,,,,,,,,,,,,,,,,,,,,,,,3.24992842535787,2.27851902522075,0.0067280163599182,0.0115735321390712,0.036758691206544,0.0152298956023043,0.129294478527607,0.0961789863179883,,,2014.0,1992-10-27,O,Coach's Decision,2019.0,12
Benardrick McKinney,HOU,LB,12272,weighted,,,,,,,,,,,,,,,,,,,,,,,,,,,,,,,,,,,,,,,,,,,,,4.70047034764826,0.840831259622141,0.103374233128834,0.0405239588321962,0.059918200408998,0.0264462659761577,0.263854805725971,0.0721291625764018,,,2015.0,1992-11-19,,,,12
Mychal Kendricks,SEA,LB,10807,weighted,,,,,,,,,,,,,,,,,,,,,,,,,,,,,,,,,,,,,,,,,,,,,4.01426380368098,1.45580531499264,0.289907975460123,0.0173602982086068,0.0533946830265849,0.0152552836708153,0.243527607361963,0.0512601869148225,,,2012.0,1990-09-28,,,,12
Mychal Kendricks,FA,LB,10807,weighted,,,,,,,,,,,,,,,,,,,,,,,,,,,,,,,,,,,,,,,,,,,,,4.01426380368098,1.45580531499264,0.289907975460123,0.0173602982086068,0.0533946830265849,0.0152552836708153,0.243527607361963,0.0512601869148225,,,2012.0,1990-09-28,,,,12
Will Compton,OAK,LB,11632,weighted,,,,,,,,,,,,,,,,,,,,,,,,,,,,,,,,,,,,,,,,,,,,,2.68752556237219,2.62284585807354,0.0100920245398773,0.0173602982086068,0.0332106339468303,0.0305105673416306,0.13618609406953,0.116598227080642,,,2013.0,1989-09-19,,,,12
Will Compton,FA,LB,11632,weighted,,,,,,,,,,,,,,,,,,,,,,,,,,,,,,,,,,,,,,,,,,,,,2.68752556237219,2.62284585807354,0.0100920245398773,0.0173602982086068,0.0332106339468303,0.0305105673416306,0.13618609406953,0.116598227080642,,,2013.0,1989-09-19,,,,12
Brandon Copeland,NYJ,LB,12489,weighted,,,,,,,,,,,,,,,,,,,,,,,,,,,,,,,,,,,,,,,,,,,,,3.13334355828221,2.02699034789458,0.207310838445808,0.10660926921613,0.020040899795501,0.0200616023512851,0.129887525562372,0.0435914197791499,,,,,,,,12
Brandon Copeland,NE,LB,12489,weighted,,,,,,,,,,,,,,,,,,,,,,,,,,,,,,,,,,,,,,,,,,,,,3.13334355828221,2.02699034789458,0.207310838445808,0.10660926921613,0.020040899795501,0.0200616023512851,0.129887525562372,0.0435914197791499,,,,,,,,12
Jadeveon Clowney,SEA,LB,11706,weighted,,,,,,,,,,,,,,,,,,,,,,,,,,,,,,,,,,,,,,,,,,,,,3.69784946236559,2.25567063198509,0.380860215053763,0.113137084989848,0.06,9.81364521148929e-18,0.159784946236559,0.0282842712474619,,,2014.0,1993-02-14,O,Knee,2019.0,12
Jadeveon Clowney,FA,LB,11706,weighted,,,,,,,,,,,,,,,,,,,,,,,,,,,,,,,,,,,,,,,,,,,,,3.69784946236559,2.25567063198509,0.380860215053763,0.113137084989848,0.06,9.81364521148929e-18,0.159784946236559,0.0282842712474619,,,2014.0,1993-02-14,O,Knee,2019.0,12
Kiko Alonso,NO,LB,11308,weighted,,,,,,,,,,,,,,,,,,,,,,,,,,,,,,,,,,,,,,,,,,,,,3.68764826175869,1.39294441062059,0.0366871165644172,0.0115560655123727,0.0200204498977505,0.0100308011756425,0.106728016359918,0.0115735321390712,,,2013.0,1990-08-14,,,,12
Alec Ogletree,NYG,LB,11293,weighted,,,,,,,,,,,,,,,,,,,,,,,,,,,,,,,,,,,,,,,,,,,,,4.49667689161554,0.900492586073771,0.163200408997955,0.05508726198676,0.0802453987730061,0.0345339880885012,0.49920245398773,0.124507557832466,,,2013.0,1991-09-25,,,,12
Alec Ogletree,FA,LB,11293,weighted,,,,,,,,,,,,,,,,,,,,,,,,,,,,,,,,,,,,,,,,,,,,,4.49667689161554,0.900492586073771,0.163200408997955,0.05508726198676,0.0802453987730061,0.0345339880885012,0.49920245398773,0.124507557832466,,,2013.0,1991-09-25,,,,12
Jordan Evans,CIN,LB,13327,weighted,,,,,,,,,,,,,,,,,,,,,,,,,,,,,,,,,,,,,,,,,,,,,2.28548057259714,2.47859652137568,0.0266768916155419,0.0153140003908234,0.0132924335378323,0.0057556646814168,0.100224948875256,0.0871828395582998,,,2017.0,,,,,12
Jordan Jenkins,NYJ,LB,12707,weighted,,,,,,,,,,,,,,,,,,,,,,,,,,,,,,,,,,,,,,,,,,,,,3.2840081799591,1.72137324898871,0.367208588957055,0.107193599012898,0.0502556237218814,0.0498848712961693,0.149826175869121,0.0558557710925466,,,2016.0,1994-07-01,,,,12
Mark Barron,PIT,LB,10782,weighted,,,,,,,,,,,,,,,,,,,,,,,,,,,,,,,,,,,,,,,,,,,,,3.42159509202454,1.60032281846028,0.116676891615542,0.0153140003908234,0.0234458077709611,0.0251225342662988,0.173517382413088,0.0304597912046085,,,2012.0,1989-10-27,,,,12
Mark Barron,FA,LB,10782,weighted,,,,,,,,,,,,,,,,,,,,,,,,,,,,,,,,,,,,,,,,,,,,,3.42159509202454,1.60032281846028,0.116676891615542,0.0153140003908234,0.0234458077709611,0.0251225342662988,0.173517382413088,0.0304597912046085,,,2012.0,1989-10-27,,,,12
Nicholas Morrow,OAK,LB,13426,weighted,,,,,,,,,,,,,,,,,,,,,,,,,,,,,,,,,,,,,,,,,,,,,4.16236196319018,1.14431192348996,0.0436912065439673,0.0586774781120423,0.0634253578732106,0.0352305737291161,0.369355828220859,0.0961269915630939,,,2017.0,1995-07-10,,,,12
Nicholas Morrow,LVR,LB,13426,weighted,,,,,,,,,,,,,,,,,,,,,,,,,,,,,,,,,,,,,,,,,,,,,4.16236196319018,1.14431192348996,0.0436912065439673,0.0586774781120423,0.0634253578732106,0.0352305737291161,0.369355828220859,0.0961269915630939,,,2017.0,1995-07-10,,,,12
Lorenzo Alexander,BUF,LB,8951,weighted,,,,,,,,,,,,,,,,,,,,,,,,,,,,,,,,,,,,,,,,,,,,,3.40965235173824,1.45060132594328,0.260132924335378,0.0360197034429508,0.0496830265848671,0.0434665791893291,0.465439672801636,0.231470642781424,,,2006.0,1983-05-31,,,,12
Lorenzo Alexander,FA,LB,8951,weighted,,,,,,,,,,,,,,,,,,,,,,,,,,,,,,,,,,,,,,,,,,,,,3.40965235173824,1.45060132594328,0.260132924335378,0.0360197034429508,0.0496830265848671,0.0434665791893291,0.465439672801636,0.231470642781424,,,2006.0,1983-05-31,,,,12
Jarrad Davis,DET,LB,13221,weighted,,,,,,,,,,,,,,,,,,,,,,,,,,,,,,,,,,,,,,,,,,,,,4.27847648261759,0.708940269593536,0.197137014314928,0.0649952327731531,0.0366973415132924,0.0252365904563049,0.157126789366053,0.0663711375184122,,,2017.0,,,,,12
B.J. Goodson,GB,LB,12774,weighted,,,,,,,,,,,,,,,,,,,,,,,,,,,,,,,,,,,,,,,,,,,,,3.68559139784946,1.89504617357995,0.0,0.0,0.0646236559139785,0.0494974746830583,0.13010752688172,0.014142135623731,,,2016.0,1993-05-29,,,,12
B.J. Goodson,CLE,LB,12774,weighted,,,,,,,,,,,,,,,,,,,,,,,,,,,,,,,,,,,,,,,,,,,,,3.68559139784946,1.89504617357995,0.0,0.0,0.0646236559139785,0.0494974746830583,0.13010752688172,0.014142135623731,,,2016.0,1993-05-29,,,,12
Leon Jacobs,JAC,LB,13834,weighted,,,,,,,,,,,,,,,,,,,,,,,,,,,,,,,,,,,,,,,,,,,,,2.71076687116564,2.08106194100115,0.0564928425357873,0.0251647115463827,0.0198977505112474,0.0199539485184677,0.0796114519427403,0.0527804575989857,,,2018.0,,,,,12
Vince Williams,PIT,LB,11403,weighted,,,,,,,,,,,,,,,,,,,,,,,,,,,,,,,,,,,,,,,,,,,,,3.44751533742331,1.31845086819465,0.173875255623722,0.0735280559631675,0.0234458077709611,0.0251225342662988,0.0970040899795501,0.0928283516243721,,,2013.0,1989-12-27,,,,12
T.J. Watt,PIT,LB,13214,weighted,,,,,,,,,,,,,,,,,,,,,,,,,,,,,,,,,,,,,,,,,,,,,3.10527607361963,1.60012376977644,0.838292433537832,0.232206281962414,0.0433640081799591,0.0057867660695355,0.213537832310838,0.0757145055729431,,,2017.0,1994-10-11,,,,12
Matthew Adams,IND,LB,13826,weighted,,,,,,,,,,,,,,,,,,,,,,,,,,,,,,,,,,,,,,,,,,,,,2.03223926380368,2.43990466074813,0.0033640081799591,0.0057867660695355,0.0198977505112474,0.0199539485184677,0.0331697341513292,0.0230226587256674,,,2018.0,,,,,12
Donta Hightower,NE,LB,10774,weighted,,,,,,,,,,,,,,,,,,,,,,,,,,,,,,,,,,,,,,,,,,,,,3.58025562372188,1.27231593541046,0.333783231083845,0.0758424562132104,0.0529652351738241,0.060919582409217,0.149683026584867,0.070198368614927,,,2012.0,1990-03-12,,,,12
Jamie Collins,NE,LB,11349,weighted,,,,,,,,,,,,,,,,,,,,,,,,,,,,,,,,,,,,,,,,,,,,,4.00523517382413,0.749515928241616,0.449815950920245,0.045765851012446,0.140020449897751,0.0530145585532596,0.307085889570552,0.0602664246205653,,,2013.0,1990-05-02,,,,12
Jamie Collins,DET,LB,11349,weighted,,,,,,,,,,,,,,,,,,,,,,,,,,,,,,,,,,,,,,,,,,,,,4.00523517382413,0.749515928241616,0.449815950920245,0.045765851012446,0.140020449897751,0.0530145585532596,0.307085889570552,0.0602664246205653,,,2013.0,1990-05-02,,,,12
A.J. Klein,NO,LB,11375,weighted,,,,,,,,,,,,,,,,,,,,,,,,,,,,,,,,,,,,,,,,,,,,,3.70330265848671,0.95980852133575,0.0638139059304704,0.0709640884906439,0.0299284253578732,0.009992147537207,0.0831799591002045,0.0472311512089997,,,2013.0,1991-07-30,,,,12
A.J. Klein,BUF,LB,11375,weighted,,,,,,,,,,,,,,,,,,,,,,,,,,,,,,,,,,,,,,,,,,,,,3.70330265848671,0.95980852133575,0.0638139059304704,0.0709640884906439,0.0299284253578732,0.009992147537207,0.0831799591002045,0.0472311512089997,,,2013.0,1991-07-30,,,,12
Kyle Van Noy,NE,LB,11723,weighted,,,,,,,,,,,,,,,,,,,,,,,,,,,,,,,,,,,,,,,,,,,,,3.63306748466258,1.02954333228312,0.539570552147239,0.124805577199582,0.0365337423312883,0.0207512596387443,0.219897750511247,0.0199539485184677,,,2014.0,1991-03-26,,,,12
Kyle Van Noy,MIA,LB,11723,weighted,,,,,,,,,,,,,,,,,,,,,,,,,,,,,,,,,,,,,,,,,,,,,3.63306748466258,1.02954333228312,0.539570552147239,0.124805577199582,0.0365337423312883,0.0207512596387443,0.219897750511247,0.0199539485184677,,,2014.0,1991-03-26,,,,12
Clay Matthews,LAR,LB,9464,weighted,,,,,,,,,,,,,,,,,,,,,,,,,,,,,,,,,,,,,,,,,,,,,3.47421267893661,1.24323774212094,0.692719836400818,0.221915373955786,0.0466462167689162,0.0306280007816468,0.200224948875256,0.0871828395582998,,,2009.0,1986-05-14,,,,12
Clay Matthews,FA,LB,9464,weighted,,,,,,,,,,,,,,,,,,,,,,,,,,,,,,,,,,,,,,,,,,,,,3.47421267893661,1.24323774212094,0.692719836400818,0.221915373955786,0.0466462167689162,0.0306280007816468,0.200224948875256,0.0871828395582998,,,2009.0,1986-05-14,,,,12
A.J. Johnson,DEN,LB,12241,weighted,,,,,,,,,,,,,,,,,,,,,,,,,,,,,,,,,,,,,,,,,,,,,4.00243902439024,1.13137084989848,0.215045731707317,0.0212132034355964,0.0500914634146341,0.0424264068711929,0.220060975609756,0.0282842712474619,,,2018.0,1970-01-01,,,,12
Von Miller,DEN,LB,10267,weighted,,,,,,,,,,,,,,,,,,,,,,,,,,,,,,,,,,,,,,,,,,,,,3.08624744376278,1.4540850738969,0.513169734151329,0.0230226587256675,0.0300715746421268,0.009992147537207,0.110173824130879,0.0558557710925466,,,2011.0,1989-03-26,,,,12
Christian Jones,DET,LB,11724,weighted,,,,,,,,,,,,,,,,,,,,,,,,,,,,,,,,,,,,,,,,,,,,,3.38553169734151,1.14454588156296,0.149386503067485,0.0863349702212529,0.0332106339468303,0.0305105673416306,0.31581799591002,0.115724919997183,,,2014.0,1991-02-18,,,,12
Lorenzo Carter,NYG,LB,13703,weighted,,,,,,,,,,,,,,,,,,,,,,,,,,,,,,,,,,,,,,,,,,,,,3.06822085889571,1.48071405009363,0.256973415132924,0.073931930845251,0.0299897750511247,0.0265072792766298,0.216963190184049,0.0473134079141293,,,2018.0,1995-12-10,,,,12
Ryan Kerrigan,WAS,LB,10280,weighted,,,,,,,,,,,,,,,,,,,,,,,,,,,,,,,,,,,,,,,,,,,,,2.59760736196319,1.74396639846931,0.514468302658487,0.158368988864923,0.0067280163599182,0.0115735321390712,0.176226993865031,0.0799994991201797,,,2011.0,1988-08-16,,,,12
Devon Kennard,DET,LB,11830,weighted,,,,,,,,,,,,,,,,,,,,,,,,,,,,,,,,,,,,,,,,,,,,,3.12776073619632,1.28400962405965,0.393200408997955,0.0208373139974252,0.0198977505112474,0.0199539485184677,0.0932719836400818,0.055149135622888,,,2014.0,1991-06-24,,,,12
Devon Kennard,ARI,LB,11830,weighted,,,,,,,,,,,,,,,,,,,,,,,,,,,,,,,,,,,,,,,,,,,,,3.12776073619632,1.28400962405965,0.393200408997955,0.0208373139974252,0.0198977505112474,0.0199539485184677,0.0932719836400818,0.055149135622888,,,2014.0,1991-06-24,,,,12
Shaquil Barrett,TB,LB,12075,weighted,,,,,,,,,,,,,,,,,,,,,,,,,,,,,,,,,,,,,,,,,,,,,3.02128834355828,1.37711498992133,0.743159509202454,0.0403508463394188,0.0532515337423313,0.0208806025026545,0.0834662576687117,0.0207512596387443,,,2014.0,1992-11-17,,,,12
Elandon Roberts,NE,LB,12831,weighted,,,,,,,,,,,,,,,,,,,,,,,,,,,,,,,,,,,,,,,,,,,,,2.8100408997955,1.54210925381702,0.0599897750511247,0.0361391019667753,0.0,0.0,0.109887525562372,0.0856827756279043,,,2016.0,1994-04-22,,,,12
Elandon Roberts,MIA,LB,12831,weighted,,,,,,,,,,,,,,,,,,,,,,,,,,,,,,,,,,,,,,,,,,,,,2.8100408997955,1.54210925381702,0.0599897750511247,0.0361391019667753,0.0,0.0,0.109887525562372,0.0856827756279043,,,2016.0,1994-04-22,,,,12
Harold Landry,TEN,LB,13700,weighted,,,,,,,,,,,,,,,,,,,,,,,,,,,,,,,,,,,,,,,,,,,,,3.34007157464213,1.03849419508031,0.520040899795501,0.0200616023512851,0.0234253578732106,0.032138802463357,0.132924335378323,0.0575566468141686,,,2018.0,1996-06-05,,,,12
Brennan Scarlett,HOU,LB,12964,weighted,,,,,,,,,,,,,,,,,,,,,,,,,,,,,,,,,,,,,,,,,,,,,3.32393660531697,1.14772217960572,0.369437627811861,0.0889785351215246,0.0334355828220859,0.0152817430934031,0.177229038854806,0.116208967369334,,,2016.0,1993-07-31,,,,12
Khalil Mack,CHI,LB,11721,weighted,,,,,,,,,,,,,,,,,,,,,,,,,,,,,,,,,,,,,,,,,,,,,3.33097439544808,0.868410805794389,0.627219061166429,0.110692693495875,0.0466927453769559,0.0410820809050719,0.340312944523471,0.0566769787392786,0.0,0.0,2014.0,1991-02-22,,,,12
David Mayo,NYG,LB,12326,weighted,,,,,,,,,,,,,,,,,,,,,,,,,,,,,,,,,,,,,,,,,,,,,3.74258064516129,0.975807358037436,0.183763440860215,0.162634559672906,0.0149462365591398,0.0070710678118654,0.0797849462365591,0.0282842712474619,,,2015.0,1993-08-18,,,,12
Sean Lee,DAL,LB,9866,weighted,,,,,,,,,,,,,,,,,,,,,,,,,,,,,,,,,,,,,,,,,,,,,3.5580487804878,0.905096679918781,0.0548628048780488,0.0636396103067893,0.0150457317073171,0.0212132034355964,0.209725609756098,0.127279220613579,,,2010.0,1986-07-22,,,,12
Leonard Floyd,CHI,LB,12734,weighted,,,,,,,,,,,,,,,,,,,,,,,,,,,,,,,,,,,,,,,,,,,,,3.11327198364008,0.921970022962108,0.340224948875256,0.0530716813311484,0.0166768916155419,0.0153140003908234,0.180020449897751,0.0722782039335505,,,2016.0,1992-09-08,,,,12
Leonard Floyd,LAR,LB,12734,weighted,,,,,,,,,,,,,,,,,,,,,,,,,,,,,,,,,,,,,,,,,,,,,3.11327198364008,0.921970022962108,0.340224948875256,0.0530716813311484,0.0166768916155419,0.0153140003908234,0.180020449897751,0.0722782039335505,,,2016.0,1992-09-08,,,,12
Preston Smith,GB,LB,12270,weighted,,,,,,,,,,,,,,,,,,,,,,,,,,,,,,,,,,,,,,,,,,,,,3.22085889570552,0.806861474217992,0.732433537832311,0.151684912426421,0.036840490797546,0.0403508463394188,0.173087934560327,0.0462941285562847,,,2015.0,1992-11-17,,,,12
Devin Bush,PIT,LB,14170,weighted,,,,,,,,,,,,,,,,,,,,,,,,,,,,,,,,,,,,,,,,,,,,,3.12202029520295,1.51220977323878,0.202850553505535,0.0909434899855522,0.127343173431734,0.0746788053484107,0.279963099630996,0.0191367473523388,0.0,0.0,2019.0,1998-07-18,,,,12
Whitney Mercilus,HOU,LB,10754,weighted,,,,,,,,,,,,,,,,,,,,,,,,,,,,,,,,,,,,,,,,,,,,,2.91947852760736,1.02217215098366,0.510378323108384,0.0556892460773528,0.0251278118609407,0.0249424356480846,0.0699488752556237,0.0099769742592338,,,2012.0,1990-07-21,,,,12
Patrick Onwuasor,BAL,LB,13026,weighted,,,,,,,,,,,,,,,,,,,,,,,,,,,,,,,,,,,,,,,,,,,,,4.04012195121951,0.0565685424949239,0.454862804878049,0.0636396103067893,0.01,0.0,0.154862804878049,0.0636396103067893,,,2016.0,1992-08-22,,,,12
Patrick Onwuasor,NYJ,LB,13026,weighted,,,,,,,,,,,,,,,,,,,,,,,,,,,,,,,,,,,,,,,,,,,,,4.04012195121951,0.0565685424949239,0.454862804878049,0.0636396103067893,0.01,0.0,0.154862804878049,0.0636396103067893,,,2016.0,1992-08-22,,,,12
Matt Judon,BAL,LB,12795,weighted,,,,,,,,,,,,,,,,,,,,,,,,,,,,,,,,,,,,,,,,,,,,,2.8458282208589,1.04306951997134,0.529560327198364,0.0606509769369235,0.023118609406953,0.0320423305210313,0.109580777096115,0.0606334892955365,,,2016.0,,,,,12
Mack Wilson,CLE,LB,14169,weighted,,,,,,,,,,,,,,,,,,,,,,,,,,,,,,,,,,,,,,,,,,,,,3.7209756097561,0.45254833995939,0.095015243902439,0.0070710678118654,0.0550762195121951,0.0353553390593274,0.374923780487805,0.0353553390593274,,,2019.0,1998-02-14,,,,12
Bud Dupree,PIT,LB,12234,weighted,,,,,,,,,,,,,,,,,,,,,,,,,,,,,,,,,,,,,,,,,,,,,2.87848670756646,1.03639396323522,0.455961145194274,0.150153019618959,0.0299488752556237,0.0099769742592338,0.18260736196319,0.130164488014432,,,2015.0,1993-02-12,,,,12
Joe Thomas,DAL,LB,12525,weighted,,,,,,,,,,,,,,,,,,,,,,,,,,,,,,,,,,,,,,,,,,,,,2.19423780487805,1.9657568516986,0.0501524390243903,0.0707106781186548,0.010030487804878,0.014142135623731,0.0751981707317073,0.0919238815542512,,,,,Q,Illness,2019.0,12
Wesley Woodyard,TEN,LB,9330,weighted,,,,,,,,,,,,,,,,,,,,,,,,,,,,,,,,,,,,,,,,,,,,,2.68251524390244,1.15258405333407,0.19969512195122,0.14142135623731,0.0,0.0,0.034984756097561,0.0070710678118654,,,2008.0,1986-07-21,,,,12
Wesley Woodyard,FA,LB,9330,weighted,,,,,,,,,,,,,,,,,,,,,,,,,,,,,,,,,,,,,,,,,,,,,2.68251524390244,1.15258405333407,0.19969512195122,0.14142135623731,0.0,0.0,0.034984756097561,0.0070710678118654,,,2008.0,1986-07-21,,,,12
Foyesade Oluokun,ATL,LB,13813,weighted,,,,,,,,,,,,,,,,,,,,,,,,,,,,,,,,,,,,,,,,,,,,,2.35743902439024,1.1879393923934,0.005015243902439,0.0070710678118654,0.005015243902439,0.0070710678118654,0.04,0.0,,,2018.0,1995-08-02,,,,12
Vince Biegel,MIA,LB,13285,weighted,,,,,,,,,,,,,,,,,,,,,,,,,,,,,,,,,,,,,,,,,,,,,2.27265243902439,1.23036579926459,0.145137195121951,0.0636396103067893,0.0150457317073171,0.0212132034355964,0.0300914634146341,0.0424264068711929,,,2017.0,1993-07-02,,,,12
Bobby Okereke,IND,LB,14218,weighted,,,,,,,,,,,,,,,,,,,,,,,,,,,,,,,,,,,,,,,,,,,,,2.23192073170732,0.89095454429505,0.0300914634146341,0.0424264068711929,0.010030487804878,0.014142135623731,0.0850762195121951,0.0353553390593274,,,2019.0,1996-07-29,,,,12
Germaine Pratt,CIN,LB,14210,weighted,,,,,,,,,,,,,,,,,,,,,,,,,,,,,,,,,,,,,,,,,,,,,2.08207317073171,0.961665222413704,0.0200609756097561,0.0282842712474619,0.010030487804878,0.014142135623731,0.0701524390243903,0.0707106781186548,,,2019.0,1970-01-01,,,,12
Shaun Dion Hamilton,WAS,LB,13812,weighted,,,,,,,,,,,,,,,,,,,,,,,,,,,,,,,,,,,,,,,,,,,,,2.15835365853659,0.763675323681471,0.084984756097561,0.0070710678118654,0.0598780487804878,0.0565685424949238,0.105015243902439,0.0070710678118654,,,2018.0,1995-09-11,,,,12
ZaDarius Smith,GB,LB,12301,weighted,,,,,,,,,,,,,,,,,,,,,,,,,,,,,,,,,,,,,,,,,,,,,2.44984756097561,0.0707106781186548,0.669603658536585,0.183847763108502,0.0,0.0,0.0450457317073171,0.0212132034355964,,,,1992-09-08,,,,12
Nick Kwiatkoski,CHI,LB,12778,weighted,,,,,,,,,,,,,,,,,,,,,,,,,,,,,,,,,,,,,,,,,,,,,1.94361280487805,0.643467170879758,0.110030487804878,0.0141421356237309,0.02,0.0,0.115045731707317,0.0212132034355964,,,2016.0,1993-05-26,,,,12
Nick Kwiatkoski,LVR,LB,12778,weighted,,,,,,,,,,,,,,,,,,,,,,,,,,,,,,,,,,,,,,,,,,,,,1.94361280487805,0.643467170879758,0.110030487804878,0.0141421356237309,0.02,0.0,0.115045731707317,0.0212132034355964,,,2016.0,1993-05-26,,,,12
Kamu Grugier-Hill,PHI,LB,12828,weighted,,,,,,,,,,,,,,,,,,,,,,,,,,,,,,,,,,,,,,,,,,,,,2.0958993902439,0.417193000900063,0.0401219512195122,0.0565685424949238,0.04,0.0,0.145228658536585,0.106066017177982,,,2016.0,1994-05-16,,,,12
Kamu Grugier-Hill,MIA,LB,12828,weighted,,,,,,,,,,,,,,,,,,,,,,,,,,,,,,,,,,,,,,,,,,,,,2.0958993902439,0.417193000900063,0.0401219512195122,0.0565685424949238,0.04,0.0,0.145228658536585,0.106066017177982,,,2016.0,1994-05-16,,,,12
Adarius Glanton,CLE,LB,12072,weighted,,,,,,,,,,,,,,,,,,,,,,,,,,,,,,,,,,,,,,,,,,,,,1.59210365853659,0.975807358037435,0.020030487804878,0.014142135623731,0.0150457317073171,0.0212132034355964,0.130182926829268,0.0848528137423857,,,2014.0,1990-09-21,,,,12
Adarius Glanton,FA,LB,12072,weighted,,,,,,,,,,,,,,,,,,,,,,,,,,,,,,,,,,,,,,,,,,,,,1.59210365853659,0.975807358037435,0.020030487804878,0.014142135623731,0.0150457317073171,0.0212132034355964,0.130182926829268,0.0848528137423857,,,2014.0,1990-09-21,,,,12
James Burgess,NYJ,LB,13466,weighted,,,,,,,,,,,,,,,,,,,,,,,,,,,,,,,,,,,,,,,,,,,,,2.02538109756098,0.176776695296637,0.215045731707317,0.0212132034355964,0.0,0.0,0.075015243902439,0.0070710678118654,,,2016.0,1994-03-09,,,,12
Ryan Anderson,WAS,LB,13218,weighted,,,,,,,,,,,,,,,,,,,,,,,,,,,,,,,,,,,,,,,,,,,,,1.45699695121951,0.926309883354377,0.0800304878048781,0.0141421356237309,0.010030487804878,0.014142135623731,0.0800304878048781,0.0141421356237309,,,2017.0,,,,,12
Jahlani Tavai,DET,LB,14200,weighted,,,,,,,,,,,,,,,,,,,,,,,,,,,,,,,,,,,,,,,,,,,,,1.87963414634146,0.169705627484771,0.184954268292683,0.0212132034355964,0.005015243902439,0.0070710678118654,0.164893292682927,0.0494974746830583,,,2019.0,1996-09-28,,,,12
Sam Eguavoen,MIA,LB,14401,weighted,,,,,,,,,,,,,,,,,,,,,,,,,,,,,,,,,,,,,,,,,,,,,1.42355182926829,0.67175144212722,0.094984756097561,0.0070710678118654,0.02,0.0,0.019969512195122,0.0141421356237309,,,2019.0,1970-01-01,,,,12
,,LB,12622,weighted,,,,,,,,,,,,,,,,,,,,,,,,,,,,,,,,,,,,,,,,,,,,,1.65,0.212132034355964,0.135,0.0919238815542512,0.035,0.0494974746830583,0.085,0.0212132034355964,,,,,,,,12
Samson Ebukam,LAR,LB,13294,weighted,,,,,,,,,,,,,,,,,,,,,,,,,,,,,,,,,,,,,,,,,,,,,1.45425304878049,0.346482322781408,0.06,0.0,0.01,0.0,0.194679878048781,0.148492424049175,,,2017.0,1995-05-09,,,,12
L.J. Fort,BAL,LB,10989,weighted,,,,,,,,,,,,,,,,,,,,,,,,,,,,,,,,,,,,,,,,,,,,,1.46960365853659,0.183847763108502,0.0598780487804878,0.0565685424949238,0.005015243902439,0.0070710678118654,0.0849542682926829,0.0212132034355964,,,2012.0,1990-01-03,,,,12
Justin March-Lillard,DAL,LB,12733,weighted,,,,,,,,,,,,,,,,,,,,,,,,,,,,,,,,,,,,,,,,,,,,,0.958048780487805,0.905096679918781,0.01,0.0,0.0,0.0,0.015015243902439,0.0070710678118654,,,,,,,,12
Josey Jewell,DEN,LB,13702,weighted,,,,,,,,,,,,,,,,,,,,,,,,,,,,,,,,,,,,,,,,,,,,,0.948323170731707,0.777817459305202,0.0449237804878049,0.0353553390593274,0.005015243902439,0.0070710678118654,0.0548932926829268,0.0494974746830583,,,2018.0,1994-12-25,,,,12
Tyus Bowser,BAL,LB,13256,weighted,,,,,,,,,,,,,,,,,,,,,,,,,,,,,,,,,,,,,,,,,,,,,1.21033536585366,0.15556349186104,0.329786585365854,0.0989949493661167,0.005015243902439,0.0070710678118654,0.120060975609756,0.0282842712474619,,,2017.0,1995-05-23,,,,12
Oren Burks,GB,LB,13750,weighted,,,,,,,,,,,,,,,,,,,,,,,,,,,,,,,,,,,,,,,,,,,,,0.989054878048781,0.438406204335659,0.034984756097561,0.0070710678118654,0.005015243902439,0.0070710678118654,0.0649237804878049,0.0353553390593274,,,2018.0,1995-03-21,,,,12
Ja'Whaun Bentley,NE,LB,13775,weighted,,,,,,,,,,,,,,,,,,,,,,,,,,,,,,,,,,,,,,,,,,,,,0.960182926829268,0.0848528137423857,0.0250762195121951,0.0353553390593274,0.010030487804878,0.014142135623731,0.0300914634146341,0.0424264068711929,,,2018.0,1996-08-24,Q,Knee,2019.0,12
Dylan Cole,HOU,LB,13423,weighted,,,,,,,,,,,,,,,,,,,,,,,,,,,,,,,,,,,,,,,,,,,,,0.840426829268293,0.197989898732233,0.0250762195121951,0.0353553390593274,0.005015243902439,0.0070710678118654,0.0899695121951219,0.014142135623731,,,2017.0,1994-05-19,,,,12
Kyler Fackrell,GB,LB,12763,weighted,,,,,,,,,,,,,,,,,,,,,,,,,,,,,,,,,,,,,,,,,,,,,0.915045731707317,0.0212132034355964,0.179939024390244,0.0282842712474619,0.005015243902439,0.0070710678118654,0.0200609756097561,0.0282842712474619,,,2016.0,1991-11-25,,,,12
Kyler Fackrell,NYG,LB,12763,weighted,,,,,,,,,,,,,,,,,,,,,,,,,,,,,,,,,,,,,,,,,,,,,0.915045731707317,0.0212132034355964,0.179939024390244,0.0282842712474619,0.005015243902439,0.0070710678118654,0.0200609756097561,0.0282842712474619,,,2016.0,1991-11-25,,,,12
Kevin Minter,TB,LB,11310,weighted,,,,,,,,,,,,,,,,,,,,,,,,,,,,,,,,,,,,,,,,,,,,,0.553948170731707,0.487903679018718,0.024984756097561,0.0070710678118654,0.0,0.0,0.0498780487804878,0.0565685424949238,,,2013.0,1990-12-03,,,,12
Quincy Williams,JAC,LB,14221,weighted,,,,,,,,,,,,,,,,,,,,,,,,,,,,,,,,,,,,,,,,,,,,,0.669298780487805,0.325269119345812,0.005015243902439,0.0070710678118654,0.005015243902439,0.0070710678118654,0.005015243902439,0.0070710678118654,,,2019.0,1996-08-28,,,,12
Isaiah Irving,CHI,LB,13536,weighted,,,,,,,,,,,,,,,,,,,,,,,,,,,,,,,,,,,,,,,,,,,,,0.549237804878049,0.353553390593274,0.0598780487804878,0.0565685424949238,0.0,0.0,0.01,0.0,,,2017.0,1994-06-09,,,,12
Jermaine Carter,CAR,LB,13787,weighted,,,,,,,,,,,,,,,,,,,,,,,,,,,,,,,,,,,,,,,,,,,,,0.484344512195122,0.304055915910215,0.039969512195122,0.014142135623731,0.0,0.0,0.005015243902439,0.0070710678118654,,,2018.0,,,,,12
Ty Summers,GB,LB,14292,weighted,,,,,,,,,,,,,,,,,,,,,,,,,,,,,,,,,,,,,,,,,,,,,0.414131097560976,0.403050865276332,0.03,0.0,0.0,0.0,0.014984756097561,0.0070710678118654,,,2019.0,,,,,12
Austin Calitro,JAC,LB,13915,weighted,,,,,,,,,,,,,,,,,,,,,,,,,,,,,,,,,,,,,,,,,,,,,0.424466463414634,0.247487373415292,0.01,0.0,0.0,0.0,0.005015243902439,0.0070710678118654,,,2018.0,1970-01-01,,,,12
Austin Calitro,CIN,LB,13915,weighted,,,,,,,,,,,,,,,,,,,,,,,,,,,,,,,,,,,,,,,,,,,,,0.424466463414634,0.247487373415292,0.01,0.0,0.0,0.0,0.005015243902439,0.0070710678118654,,,2018.0,1970-01-01,,,,12
Sione Takitaki,CLE,LB,14212,weighted,,,,,,,,,,,,,,,,,,,,,,,,,,,,,,,,,,,,,,,,,,,,,0.435106707317073,0.0494974746830583,0.03,0.0,0.0,0.0,0.034984756097561,0.0070710678118654,,,2019.0,,,,,12
Jalen Reeves-Maybin,DET,LB,13293,weighted,,,,,,,,,,,,,,,,,,,,,,,,,,,,,,,,,,,,,,,,,,,,,0.25547256097561,0.21920310216783,0.0200609756097561,0.0282842712474619,0.005015243902439,0.0070710678118654,0.0150457317073171,0.0212132034355964,,,2017.0,1995-01-31,,,,12
Shaquem Griffin,SEA,LB,13705,weighted,,,,,,,,,,,,,,,,,,,,,,,,,,,,,,,,,,,,,,,,,,,,,0.165381097560976,0.176776695296637,0.005015243902439,0.0070710678118654,0.0,0.0,0.010030487804878,0.014142135623731,,,2018.0,1995-07-20,,,,12
Julian Stanford,BUF,LB,11000,weighted,,,,,,,,,,,,,,,,,,,,,,,,,,,,,,,,,,,,,,,,,,,,,0.145137195121951,0.0636396103067893,0.010030487804878,0.014142135623731,0.0,0.0,0.019969512195122,0.0141421356237309,,,2012.0,1990-09-02,,,,12
Julian Stanford,FA,LB,11000,weighted,,,,,,,,,,,,,,,,,,,,,,,,,,,,,,,,,,,,,,,,,,,,,0.145137195121951,0.0636396103067893,0.010030487804878,0.014142135623731,0.0,0.0,0.019969512195122,0.0141421356237309,,,2012.0,1990-09-02,,,,12
Jermaine Grace,ATL,LB,13402,weighted,,,,,,,,,,,,,,,,,,,,,,,,,,,,,,,,,,,,,,,,,,,,,0.0649237804878049,0.0353553390593274,0.0,0.0,0.0,0.0,0.0,0.0,,,2017.0,1993-11-08,,,,12
Jermaine Grace,CLE,LB,13402,weighted,,,,,,,,,,,,,,,,,,,,,,,,,,,,,,,,,,,,,,,,,,,,,0.0649237804878049,0.0353553390593274,0.0,0.0,0.0,0.0,0.0,0.0,,,2017.0,1993-11-08,,,,12
Landon Collins,WAS,DB,12250,weighted,,,,,,,,,,,,,,,,,,,,,,,,,,,,,,,,,,,,,,,,,,,,,5.93235419630156,1.17575284519168,0.0566951161688004,0.0045377631644465,0.0534044570886676,0.0120481028819158,0.293987671882409,0.102484462052142,,,2015.0,1994-01-10,,,,12
Shawn Williams,CIN,DB,11330,weighted,,,,,,,,,,,,,,,,,,,,,,,,,,,,,,,,,,,,,,,,,,,,,5.53328591749644,1.27647627462248,0.0349466571834993,0.0117986970055864,0.0835538169748696,0.0355373371531292,0.320625889046942,0.103403378092009,,,2013.0,1991-05-13,,,,12
Jessie Bates,CIN,DB,13737,weighted,,,,,,,,,,,,,,,,,,,,,,,,,,,,,,,,,,,,,,,,,,,,,5.29404694167852,0.914534882343249,0.01,0.0,0.133504030346136,0.048108655157669,0.467050734945472,0.0595324003861917,,,2018.0,1997-02-26,,,,12
Eric Weddle,LAR,DB,8713,weighted,,,,,,,,,,,,,,,,,,,,,,,,,,,,,,,,,,,,,,,,,,,,,4.8290899795501,1.4765979459984,0.020040899795501,0.0200616023512851,0.0897648261758691,0.0555939496025198,0.27780163599182,0.187447774407755,,,2007.0,1985-01-04,,,,12
Eric Weddle,FA,DB,8713,weighted,,,,,,,,,,,,,,,,,,,,,,,,,,,,,,,,,,,,,,,,,,,,,4.8290899795501,1.4765979459984,0.020040899795501,0.0200616023512851,0.0897648261758691,0.0555939496025198,0.27780163599182,0.187447774407755,,,2007.0,1985-01-04,,,,12
Eric Reid,CAR,DB,11323,weighted,,,,,,,,,,,,,,,,,,,,,,,,,,,,,,,,,,,,,,,,,,,,,4.84851738241309,1.20542725889859,0.136513292433538,0.0652687175381648,0.0901738241308793,0.0558557710925465,0.361063394683027,0.14391248972431,,,2013.0,1991-12-10,,,,12
Eric Reid,FA,DB,11323,weighted,,,,,,,,,,,,,,,,,,,,,,,,,,,,,,,,,,,,,,,,,,,,,4.84851738241309,1.20542725889859,0.136513292433538,0.0652687175381648,0.0901738241308793,0.0558557710925465,0.361063394683027,0.14391248972431,,,2013.0,1991-12-10,,,,12
Jabrill Peppers,NYG,DB,13231,weighted,,,,,,,,,,,,,,,,,,,,,,,,,,,,,,,,,,,,,,,,,,,,,4.95988752556237,0.917451679222628,0.0235276073619632,0.0321937507786449,0.123139059304703,0.0350261887812238,0.466564417177914,0.0577803275618633,,,2017.0,1995-10-04,,,,12
Jordan Poyer,BUF,DB,11317,weighted,,,,,,,,,,,,,,,,,,,,,,,,,,,,,,,,,,,,,,,,,,,,,4.90933617828355,0.704756987013047,0.0797866287339972,0.0361443086457473,0.11361782835467,0.0481924115276631,0.280711237553343,0.137699273757495,,,2013.0,1991-04-25,,,,12
Antoine Bethea,NYG,DB,8448,weighted,,,,,,,,,,,,,,,,,,,,,,,,,,,,,,,,,,,,,,,,,,,,,5.42429824561403,0.370591884543791,0.0569440493124704,0.0433736245986902,0.1,1.60671664747888e-17,0.313774300616406,0.0806679155220586,,,2006.0,1984-07-07,,,,12
Antoine Bethea,FA,DB,8448,weighted,,,,,,,,,,,,,,,,,,,,,,,,,,,,,,,,,,,,,,,,,,,,,5.42429824561403,0.370591884543791,0.0569440493124704,0.0433736245986902,0.1,1.60671664747888e-17,0.313774300616406,0.0806679155220586,,,2006.0,1984-07-07,,,,12
Jamal Adams,NYJ,DB,13230,weighted,,,,,,,,,,,,,,,,,,,,,,,,,,,,,,,,,,,,,,,,,,,,,4.79568990042674,0.670961789371001,0.335231152204836,0.0511276870242076,0.147072072072072,0.0988478402242081,0.530540540540541,0.0930091165225226,,,2017.0,1995-10-17,,,,12
Micah Hyde,BUF,DB,11382,weighted,,,,,,,,,,,,,,,,,,,,,,,,,,,,,,,,,,,,,,,,,,,,,3.94964212678937,1.5218932699244,0.0269120654396728,0.0462941285562847,0.106871165644172,0.0305634861868063,0.300715746421268,0.0999214753720708,,,2013.0,1990-12-31,,,,12
Logan Ryan,TEN,DB,11316,weighted,,,,,,,,,,,,,,,,,,,,,,,,,,,,,,,,,,,,,,,,,,,,,4.72941441441441,0.614749421646846,0.207363679468943,0.113705531612122,0.216325272641062,0.0523877605780384,1.02304172593646,0.079206475997148,,,2013.0,1991-02-09,,,,12
Logan Ryan,FA,DB,11316,weighted,,,,,,,,,,,,,,,,,,,,,,,,,,,,,,,,,,,,,,,,,,,,,4.72941441441441,0.614749421646846,0.207363679468943,0.113705531612122,0.216325272641062,0.0523877605780384,1.02304172593646,0.079206475997148,,,2013.0,1991-02-09,,,,12
Adrian Amos,GB,DB,12308,weighted,,,,,,,,,,,,,,,,,,,,,,,,,,,,,,,,,,,,,,,,,,,,,4.56032719836401,0.860642849753303,0.0168200408997955,0.028933830347678,0.169519427402863,0.0852087580031743,0.454703476482618,0.203631397297982,,,2015.0,1993-04-29,,,,12
Jarrod Wilson,JAC,DB,12906,weighted,,,,,,,,,,,,,,,,,,,,,,,,,,,,,,,,,,,,,,,,,,,,,4.26258691206544,1.01688493817874,0.0403271983640082,0.0529841093298308,0.113169734151329,0.0230226587256674,0.270869120654397,0.117656886943943,,,2016.0,1994-02-09,,,,12
Kenny Moore,IND,DB,13470,weighted,,,,,,,,,,,,,,,,,,,,,,,,,,,,,,,,,,,,,,,,,,,,,4.62865030674847,0.708314074850292,0.190419222903885,0.101345254882665,0.10379345603272,0.0650311240582416,0.371728016359918,0.236089893491358,,,2017.0,1995-08-23,,,,12
Xavier Woods,DAL,DB,13325,weighted,,,,,,,,,,,,,,,,,,,,,,,,,,,,,,,,,,,,,,,,,,,,,4.50140081799591,0.718767387442607,0.0134560327198364,0.0231470642781424,0.160061349693252,0.034668196537118,0.408118609406953,0.289415968478602,,,2017.0,1995-07-26,,,,12
Ha Ha Clinton-Dix,CHI,DB,11740,weighted,,,,,,,,,,,,,,,,,,,,,,,,,,,,,,,,,,,,,,,,,,,,,4.9012209577999,0.357133845462187,0.0234542437174016,0.0198398334300704,0.163297771455666,0.0277675482185635,0.414172593646278,0.131846399576497,,,2014.0,1992-12-21,,,,12
Ha Ha Clinton-Dix,DAL,DB,11740,weighted,,,,,,,,,,,,,,,,,,,,,,,,,,,,,,,,,,,,,,,,,,,,,4.9012209577999,0.357133845462187,0.0234542437174016,0.0198398334300704,0.163297771455666,0.0277675482185635,0.414172593646278,0.131846399576497,,,2014.0,1992-12-21,,,,12
Terrell Edmunds,PIT,DB,13716,weighted,,,,,,,,,,,,,,,,,,,,,,,,,,,,,,,,,,,,,,,,,,,,,4.61208588957055,0.622159847849579,0.0269120654396728,0.0462941285562847,0.0767382413087935,0.0452252264890861,0.360490797546012,0.0690679761770023,,,2018.0,1997-01-20,,,,12
TreDavious White,BUF,DB,13249,weighted,,,,,,,,,,,,,,,,,,,,,,,,,,,,,,,,,,,,,,,,,,,,,3.96978527607362,1.03802778736515,0.0333742331288344,0.0231121310247453,0.193271983640082,0.0115735321390712,0.594212678936605,0.135706136378033,,,2017.0,1995-01-16,,,,12
Tre Flowers,SEA,DB,13778,weighted,,,,,,,,,,,,,,,,,,,,,,,,,,,,,,,,,,,,,,,,,,,,,4.06269796111901,0.805301231733554,0.0598293029871977,0.0272265789866791,0.0998862019914651,0.0417000561453581,0.374158368895211,0.127243071647703,,,2018.0,1995-06-02,,,,12
Kenny Vaccaro,TEN,DB,11324,weighted,,,,,,,,,,,,,,,,,,,,,,,,,,,,,,,,,,,,,,,,,,,,,3.83608384458078,1.03404851433736,0.0570654396728016,0.0550147536574619,0.0800204498977505,0.0100308011756425,0.360490797546012,0.0690679761770023,,,2013.0,1991-02-15,,,,12
Vonn Bell,NO,DB,12718,weighted,,,,,,,,,,,,,,,,,,,,,,,,,,,,,,,,,,,,,,,,,,,,,4.47024539877301,0.524732273375807,0.10319018404908,0.0250968483066718,0.139366053169734,0.0869331583786583,0.374314928425358,0.15486501440401,,,2016.0,1994-12-12,,,,12
Vonn Bell,CIN,DB,12718,weighted,,,,,,,,,,,,,,,,,,,,,,,,,,,,,,,,,,,,,,,,,,,,,4.47024539877301,0.524732273375807,0.10319018404908,0.0250968483066718,0.139366053169734,0.0869331583786583,0.374314928425358,0.15486501440401,,,2016.0,1994-12-12,,,,12
A.J. Bouye,JAC,DB,11512,weighted,,,,,,,,,,,,,,,,,,,,,,,,,,,,,,,,,,,,,,,,,,,,,4.08330251303935,0.58844743331441,0.0133760075865339,0.0120271637894173,0.100071123755334,0.0395409748833149,0.513916548127074,0.0950279925140502,,,2013.0,1991-08-16,,,,12
A.J. Bouye,DEN,DB,11512,weighted,,,,,,,,,,,,,,,,,,,,,,,,,,,,,,,,,,,,,,,,,,,,,4.08330251303935,0.58844743331441,0.0133760075865339,0.0120271637894173,0.100071123755334,0.0395409748833149,0.513916548127074,0.0950279925140502,,,2013.0,1991-08-16,,,,12
Tavon Wilson,DET,DB,10808,weighted,,,,,,,,,,,,,,,,,,,,,,,,,,,,,,,,,,,,,,,,,,,,,4.22043967280164,0.904861171207536,0.129907975460123,0.052002294805677,0.0996114519427403,0.0852859294220495,0.260695296523517,0.121886514096458,,,2012.0,1990-03-19,,,,12
Tavon Wilson,FA,DB,10808,weighted,,,,,,,,,,,,,,,,,,,,,,,,,,,,,,,,,,,,,,,,,,,,,4.22043967280164,0.904861171207536,0.129907975460123,0.052002294805677,0.0996114519427403,0.0852859294220495,0.260695296523517,0.121886514096458,,,2012.0,1990-03-19,,,,12
Eric Rowe,MIA,DB,12275,weighted,,,,,,,,,,,,,,,,,,,,,,,,,,,,,,,,,,,,,,,,,,,,,3.73677914110429,1.03293132150268,0.0201124744376278,0.0265358406655742,0.100143149284254,0.0199842950744142,0.613680981595092,0.0807016926788376,,,2015.0,1992-10-03,,,,12
Juston Burris,CLE,DB,12781,weighted,,,,,,,,,,,,,,,,,,,,,,,,,,,,,,,,,,,,,,,,,,,,,3.56625,1.73948268171891,0.119756097560976,0.113137084989848,0.239512195121951,0.226274169979695,0.529176829268293,0.381837661840736,,,2016.0,1993-08-04,,,,12
Juston Burris,CAR,DB,12781,weighted,,,,,,,,,,,,,,,,,,,,,,,,,,,,,,,,,,,,,,,,,,,,,3.56625,1.73948268171891,0.119756097560976,0.113137084989848,0.239512195121951,0.226274169979695,0.529176829268293,0.381837661840736,,,2016.0,1993-08-04,,,,12
Deandre Baker,NYG,DB,14178,weighted,,,,,,,,,,,,,,,,,,,,,,,,,,,,,,,,,,,,,,,,,,,,,3.75720858895706,0.879374636202294,0.0168200408997955,0.028933830347678,0.0898568507157464,0.0608437400084065,0.334570552147239,0.182341424240248,,,2019.0,1970-01-01,,,,12
Rodney McLeod,PHI,DB,11017,weighted,,,,,,,,,,,,,,,,,,,,,,,,,,,,,,,,,,,,,,,,,,,,,3.93179959100204,0.729250151382398,0.0335787321063395,0.0351095395478657,0.0868916155419223,0.0379212281066052,0.470807770961145,0.140675342869098,,,2012.0,1990-06-23,,,,12
Shaq Griffin,SEA,DB,13273,weighted,,,,,,,,,,,,,,,,,,,,,,,,,,,,,,,,,,,,,,,,,,,,,3.69163599182004,1.19891387155288,0.0134560327198364,0.0231470642781424,0.126421267893661,0.0610211346832613,0.729621676891616,0.115255871465815,,,2017.0,1994-01-01,,,,12
Malcolm Jenkins,PHI,DB,9430,weighted,,,,,,,,,,,,,,,,,,,,,,,,,,,,,,,,,,,,,,,,,,,,,4.39169748696064,0.260035784620096,0.0766168800379327,0.0318874421777708,0.0734471313418682,0.032924248985218,0.331145092460882,0.175710906471399,,,2009.0,1987-12-20,,,,12
Malcolm Jenkins,NO,DB,9430,weighted,,,,,,,,,,,,,,,,,,,,,,,,,,,,,,,,,,,,,,,,,,,,,4.39169748696064,0.260035784620096,0.0766168800379327,0.0318874421777708,0.0734471313418682,0.032924248985218,0.331145092460882,0.175710906471399,,,2009.0,1987-12-20,,,,12
Levi Wallace,BUF,DB,13711,weighted,,,,,,,,,,,,,,,,,,,,,,,,,,,,,,,,,,,,,,,,,,,,,4.08292433537832,0.55115621939286,0.0066564417177914,0.0057780327561863,0.0633435582822086,0.0569906475793712,0.493333333333333,0.0834449824761807,,,2018.0,,,,,12
Vernon Hargreaves,HOU,DB,12712,weighted,,,,,,,,,,,,,,,,,,,,,,,,,,,,,,,,,,,,,,,,,,,,,2.80975106685633,1.34240505778489,0.0134186818397345,0.0182490406196561,0.106460407776197,0.0318107679119257,0.389793741109531,0.0912105235180317,,,2016.0,,,,,12
Damarious Randall,CLE,DB,12269,weighted,,,,,,,,,,,,,,,,,,,,,,,,,,,,,,,,,,,,,,,,,,,,,3.93185071574642,0.59125119967538,0.142883435582822,0.0898557412304754,0.146748466257669,0.0462242620494906,0.487484662576687,0.132762535668593,,,2015.0,1992-08-29,,,,12
Damarious Randall,LVR,DB,12269,weighted,,,,,,,,,,,,,,,,,,,,,,,,,,,,,,,,,,,,,,,,,,,,,3.93185071574642,0.59125119967538,0.142883435582822,0.0898557412304754,0.146748466257669,0.0462242620494906,0.487484662576687,0.132762535668593,,,2015.0,1992-08-29,,,,12
Justin Simmons,DEN,DB,12767,weighted,,,,,,,,,,,,,,,,,,,,,,,,,,,,,,,,,,,,,,,,,,,,,4.28144171779141,0.274498064868667,0.0,0.0,0.186543967280164,0.0231470642781424,0.606155419222904,0.0701474694606388,,,2016.0,1993-11-19,,,,12
Jason McCourty,NE,DB,9633,weighted,,,,,,,,,,,,,,,,,,,,,,,,,,,,,,,,,,,,,,,,,,,,,3.6179754601227,0.815701249128392,0.0050255623721881,0.0049884871296169,0.139652351738241,0.0527460021226969,0.524274028629857,0.132380287672588,,,2009.0,1987-08-13,Q,Groin,2019.0,12
Marcus Maye,NYJ,DB,13252,weighted,,,,,,,,,,,,,,,,,,,,,,,,,,,,,,,,,,,,,,,,,,,,,3.65525562372188,0.824254308585166,0.0437116564417178,0.0667122863271637,0.08,0.0625837368571355,0.337065439672802,0.14618169794219,,,2017.0,1994-01-01,,,,12
Nate Hairston,NYJ,DB,13305,weighted,,,,,,,,,,,,,,,,,,,,,,,,,,,,,,,,,,,,,,,,,,,,,2.63139059304704,2.21720883799604,0.0134560327198364,0.0231470642781424,0.0434458077709611,0.0452352749753644,0.187484662576687,0.208806025026545,,,2017.0,1994-06-30,O,Coach's Decision,2019.0,12
Richard Sherman,SF,DB,10393,weighted,,,,,,,,,,,,,,,,,,,,,,,,,,,,,,,,,,,,,,,,,,,,,3.38070552147239,1.11329993881255,0.0267280163599182,0.0115735321390712,0.139795501022495,0.0399078970369354,0.649601226993865,0.0622537789162328,,,2011.0,1988-03-30,,,,12
Kevin Byard,TEN,DB,12752,weighted,,,,,,,,,,,,,,,,,,,,,,,,,,,,,,,,,,,,,,,,,,,,,4.11477477477477,0.290325616343978,0.0435253674727359,0.0297662001930958,0.2333048838312,0.0482936492288602,0.573361782835467,0.0182213955301547,,,2016.0,1993-08-17,,,,12
Jeff Heath,DAL,DB,11543,weighted,,,,,,,,,,,,,,,,,,,,,,,,,,,,,,,,,,,,,,,,,,,,,3.48026584867076,0.892688017129784,0.0,0.0,0.059918200408998,0.0264462659761577,0.339734151329243,0.0723368694433556,,,2013.0,1991-05-14,,,,12
Jeff Heath,LVR,DB,11543,weighted,,,,,,,,,,,,,,,,,,,,,,,,,,,,,,,,,,,,,,,,,,,,,3.48026584867076,0.892688017129784,0.0,0.0,0.059918200408998,0.0264462659761577,0.339734151329243,0.0723368694433556,,,2013.0,1991-05-14,,,,12
Jordan Whitehead,TB,DB,13760,weighted,,,,,,,,,,,,,,,,,,,,,,,,,,,,,,,,,,,,,,,,,,,,,4.09102249488753,0.362363298295642,0.0067280163599182,0.0115735321390712,0.162689161554192,0.10660926921613,0.603803680981595,0.0948383304642104,,,2018.0,1997-03-18,,,,12
Josh Norman,WAS,DB,10851,weighted,,,,,,,,,,,,,,,,,,,,,,,,,,,,,,,,,,,,,,,,,,,,,3.39747443762781,0.998449076712484,0.0566768916155419,0.0153140003908234,0.103507157464213,0.0251647115463827,0.497208588957055,0.0749788201513743,,,2012.0,1987-12-15,,,,12
Josh Norman,BUF,DB,10851,weighted,,,,,,,,,,,,,,,,,,,,,,,,,,,,,,,,,,,,,,,,,,,,,3.39747443762781,0.998449076712484,0.0566768916155419,0.0153140003908234,0.103507157464213,0.0251647115463827,0.497208588957055,0.0749788201513743,,,2012.0,1987-12-15,,,,12
Troy Hill,LAR,DB,12589,weighted,,,,,,,,,,,,,,,,,,,,,,,,,,,,,,,,,,,,,,,,,,,,,3.86365030674847,0.573793775062402,0.0766666666666667,0.0208612456190452,0.167157464212679,0.122042269366523,0.760572597137014,0.130934202967146,,,,,,,,12
Kyle Fuller,CHI,DB,11764,weighted,,,,,,,,,,,,,,,,,,,,,,,,,,,,,,,,,,,,,,,,,,,,,4.19478527607362,0.299057780442966,0.0,0.0,0.339304703476483,0.121886514096458,0.851564417177914,0.271452764508514,,,2014.0,1992-02-16,,,,12
Clayton Geathers,IND,DB,12295,weighted,,,,,,,,,,,,,,,,,,,,,,,,,,,,,,,,,,,,,,,,,,,,,2.76198339483395,1.5644290960537,0.0,0.0,0.0549538745387454,0.0239209341904235,0.164935424354244,0.0334893078665929,,,,,,,,12
Clayton Geathers,FA,DB,12295,weighted,,,,,,,,,,,,,,,,,,,,,,,,,,,,,,,,,,,,,,,,,,,,,2.76198339483395,1.5644290960537,0.0,0.0,0.0549538745387454,0.0239209341904235,0.164935424354244,0.0334893078665929,,,,,,,,12
Denzel Ward,CLE,DB,13707,weighted,,,,,,,,,,,,,,,,,,,,,,,,,,,,,,,,,,,,,,,,,,,,,3.94325153374233,0.527441817650721,0.0201840490797546,0.0347205964172135,0.116390593047035,0.0776072275325377,0.691073619631902,0.209516459443911,,,2018.0,1997-04-28,,,,12
Kevin King,GB,DB,13250,weighted,,,,,,,,,,,,,,,,,,,,,,,,,,,,,,,,,,,,,,,,,,,,,3.95443762781186,0.387031971345755,0.0251278118609407,0.0249424356480846,0.186687116564417,0.0115560655123727,0.783179959100205,0.028933830347678,,,2017.0,1995-05-05,,,,12
Bradley McDougald,SEA,DB,11517,weighted,,,,,,,,,,,,,,,,,,,,,,,,,,,,,,,,,,,,,,,,,,,,,3.92483167377904,0.2950467202133,0.0167733522996681,0.0228113007745701,0.139758179231863,0.0415848547938272,0.367306780464675,0.120072037586756,,,2013.0,1990-11-15,,,,12
Avonte Maddox,PHI,DB,13767,weighted,,,,,,,,,,,,,,,,,,,,,,,,,,,,,,,,,,,,,,,,,,,,,3.27661554192229,0.931271933189786,0.0335787321063395,0.0351095395478657,0.103159509202454,0.0403508463394188,0.587505112474438,0.275819289756179,,,2018.0,1996-03-31,,,,12
Joe Haden,PIT,DB,9820,weighted,,,,,,,,,,,,,,,,,,,,,,,,,,,,,,,,,,,,,,,,,,,,,4.17517382413088,0.25860526792324,0.0033640081799591,0.0057867660695355,0.136574642126789,0.032138802463357,0.839376278118609,0.11292987787534,,,2010.0,1989-04-14,,,,12
LeShaun Sims,TEN,DB,12799,weighted,,,,,,,,,,,,,,,,,,,,,,,,,,,,,,,,,,,,,,,,,,,,,3.51930470347648,0.87738158988891,0.0201022494887526,0.0199539485184677,0.0502556237218814,0.0436643426163263,0.314458077709611,0.160363115788756,,,2016.0,,,,,12
LeShaun Sims,CIN,DB,12799,weighted,,,,,,,,,,,,,,,,,,,,,,,,,,,,,,,,,,,,,,,,,,,,,3.51930470347648,0.87738158988891,0.0201022494887526,0.0199539485184677,0.0502556237218814,0.0436643426163263,0.314458077709611,0.160363115788756,,,2016.0,,,,,12
Eddie Jackson,CHI,DB,13229,weighted,,,,,,,,,,,,,,,,,,,,,,,,,,,,,,,,,,,,,,,,,,,,,3.74231083844581,0.621521790303216,0.0302147239263804,0.0299764426116212,0.120327198364008,0.0529841093298308,0.432075664621677,0.281033331174205,,,2017.0,,,,,12
Erik Harris,OAK,DB,12910,weighted,,,,,,,,,,,,,,,,,,,,,,,,,,,,,,,,,,,,,,,,,,,,,4.17129856850716,0.176625145379866,0.0,0.0,0.226482617586912,0.0304597912046085,0.727280163599182,0.0942161822030169,,,2015.0,1990-04-02,,,,12
Erik Harris,LVR,DB,12910,weighted,,,,,,,,,,,,,,,,,,,,,,,,,,,,,,,,,,,,,,,,,,,,,4.17129856850716,0.176625145379866,0.0,0.0,0.226482617586912,0.0304597912046085,0.727280163599182,0.0942161822030169,,,2015.0,1990-04-02,,,,12
Marqui Christian,LAR,DB,12803,weighted,,,,,,,,,,,,,,,,,,,,,,,,,,,,,,,,,,,,,,,,,,,,,2.8601226993865,1.36489988823622,0.0067280163599182,0.0115735321390712,0.0333333333333333,0.0208612456190452,0.323425357873211,0.155295415047547,,,2016.0,1994-10-27,,,,12
Marqui Christian,FA,DB,12803,weighted,,,,,,,,,,,,,,,,,,,,,,,,,,,,,,,,,,,,,,,,,,,,,2.8601226993865,1.36489988823622,0.0067280163599182,0.0115735321390712,0.0333333333333333,0.0208612456190452,0.323425357873211,0.155295415047547,,,2016.0,1994-10-27,,,,12
Taylor Rapp,LAR,DB,14186,weighted,,,,,,,,,,,,,,,,,,,,,,,,,,,,,,,,,,,,,,,,,,,,,3.8363262195122,0.615182899632296,0.005015243902439,0.0070710678118654,0.0651981707317073,0.0919238815542512,0.505320121951219,0.148492424049175,,,2019.0,1970-01-01,,,,12
Byron Jones,DAL,DB,12268,weighted,,,,,,,,,,,,,,,,,,,,,,,,,,,,,,,,,,,,,,,,,,,,,3.26428425357873,0.872255006746524,0.0100920245398773,0.0173602982086068,0.0667075664621677,0.0612560015632936,0.510746421267894,0.114960025414002,,,2015.0,1992-08-26,,,,12
Byron Jones,MIA,DB,12268,weighted,,,,,,,,,,,,,,,,,,,,,,,,,,,,,,,,,,,,,,,,,,,,,3.26428425357873,0.872255006746524,0.0100920245398773,0.0173602982086068,0.0667075664621677,0.0612560015632936,0.510746421267894,0.114960025414002,,,2015.0,1992-08-26,,,,12
Minkah Fitzpatrick,PIT,DB,13713,weighted,,,,,,,,,,,,,,,,,,,,,,,,,,,,,,,,,,,,,,,,,,,,,3.91501022494888,0.262684595738486,0.0100715746421268,0.009992147537207,0.266952965235174,0.202539893865066,0.673251533742331,0.205753834631274,,,2018.0,1996-11-17,,,,12
Darnell Savage,GB,DB,14197,weighted,,,,,,,,,,,,,,,,,,,,,,,,,,,,,,,,,,,,,,,,,,,,,3.88905487804878,0.43840620433566,0.0250457317073171,0.0212132034355964,0.120060975609756,0.0282842712474619,0.415350609756098,0.162634559672906,,,2019.0,,,,,12
Prince Amukamara,CHI,DB,10264,weighted,,,,,,,,,,,,,,,,,,,,,,,,,,,,,,,,,,,,,,,,,,,,,3.6798773006135,0.469770946911685,0.0134560327198364,0.0231470642781424,0.136370143149284,0.0708422968590215,0.621697341513292,0.230091305794213,,,2011.0,1989-06-06,,,,12
Prince Amukamara,LVR,DB,10264,weighted,,,,,,,,,,,,,,,,,,,,,,,,,,,,,,,,,,,,,,,,,,,,,3.6798773006135,0.469770946911685,0.0134560327198364,0.0231470642781424,0.136370143149284,0.0708422968590215,0.621697341513292,0.230091305794213,,,2011.0,1989-06-06,,,,12
Darqueze Dennard,CIN,DB,11737,weighted,,,,,,,,,,,,,,,,,,,,,,,,,,,,,,,,,,,,,,,,,,,,,3.54195121951219,0.905096679918781,0.0300914634146341,0.0424264068711929,0.105167682926829,0.0777817459305202,0.590274390243902,0.127279220613579,,,2014.0,1991-08-10,,,,12
Darqueze Dennard,FA,DB,11737,weighted,,,,,,,,,,,,,,,,,,,,,,,,,,,,,,,,,,,,,,,,,,,,,3.54195121951219,0.905096679918781,0.0300914634146341,0.0424264068711929,0.105167682926829,0.0777817459305202,0.590274390243902,0.127279220613579,,,2014.0,1991-08-10,,,,12
Chidobe Awuzie,DAL,DB,13263,weighted,,,,,,,,,,,,,,,,,,,,,,,,,,,,,,,,,,,,,,,,,,,,,3.90156441717791,0.241487138341592,0.0100511247443763,0.0099769742592338,0.186053169734151,0.105688381727964,0.751196319018405,0.186761336748698,,,2017.0,1995-05-24,,,,12
Pierre Desir,IND,DB,11801,weighted,,,,,,,,,,,,,,,,,,,,,,,,,,,,,,,,,,,,,,,,,,,,,3.64638036809816,0.496237582052886,0.0050255623721881,0.0049884871296169,0.0765950920245399,0.0404462292933043,0.397208588957055,0.0749788201513743,,,2014.0,1990-09-08,,,,12
Pierre Desir,NYJ,DB,11801,weighted,,,,,,,,,,,,,,,,,,,,,,,,,,,,,,,,,,,,,,,,,,,,,3.64638036809816,0.496237582052886,0.0050255623721881,0.0049884871296169,0.0765950920245399,0.0404462292933043,0.397208588957055,0.0749788201513743,,,2014.0,1990-09-08,,,,12
Chuck Clark,BAL,DB,13322,weighted,,,,,,,,,,,,,,,,,,,,,,,,,,,,,,,,,,,,,,,,,,,,,3.85213701431493,0.398655059976515,0.0067280163599182,0.0115735321390712,0.103200408997955,0.05508726198676,0.400654396728016,0.111034655389891,,,2017.0,1995-04-19,,,,12
Tre Boston,CAR,DB,11802,weighted,,,,,,,,,,,,,,,,,,,,,,,,,,,,,,,,,,,,,,,,,,,,,3.75740286298569,0.353250290759732,0.0168200408997955,0.028933830347678,0.119897750511247,0.0199539485184677,0.510173824130879,0.0781322689010577,,,2014.0,1992-06-25,,,,12
James Bradberry,CAR,DB,12750,weighted,,,,,,,,,,,,,,,,,,,,,,,,,,,,,,,,,,,,,,,,,,,,,3.86861308677098,0.225578104730301,0.0633404457088668,0.0045553488825386,0.156887150308203,0.0403339577610293,0.737008060692271,0.0610476062209646,,,2016.0,1993-08-04,,,,12
James Bradberry,NYG,DB,12750,weighted,,,,,,,,,,,,,,,,,,,,,,,,,,,,,,,,,,,,,,,,,,,,,3.86861308677098,0.225578104730301,0.0633404457088668,0.0045553488825386,0.156887150308203,0.0403339577610293,0.737008060692271,0.0610476062209646,,,2016.0,1993-08-04,,,,12
Patrick Chung,NE,DB,9465,weighted,,,,,,,,,,,,,,,,,,,,,,,,,,,,,,,,,,,,,,,,,,,,,3.23123721881391,0.762650835618,0.0,0.0,0.0366973415132924,0.0252365904563049,0.236431492842536,0.0402996651921693,,,2009.0,1987-08-19,Q,Heel,2019.0,12
William Jackson,CIN,DB,12737,weighted,,,,,,,,,,,,,,,,,,,,,,,,,,,,,,,,,,,,,,,,,,,,,2.70371165644172,1.32200679921301,0.0100920245398773,0.0173602982086068,0.0401022494887526,0.0199539485184677,0.410398773006135,0.16526178596028,,,2016.0,1993-01-01,,,,12
Marquise Blair,SEA,DB,14202,weighted,,,,,,,,,,,,,,,,,,,,,,,,,,,,,,,,,,,,,,,,,,,,,2.54971036585366,2.18495995386643,0.0150457317073171,0.0212132034355964,0.0651981707317073,0.0919238815542512,0.285594512195122,0.275771644662754,,,2019.0,,,,,12
Jalen Ramsey,LAR,DB,12711,weighted,,,,,,,,,,,,,,,,,,,,,,,,,,,,,,,,,,,,,,,,,,,,,3.60866998577525,0.492977381055735,0.0100640113798009,0.0136867804647421,0.0601849217638691,0.0570298701754103,0.434485538169749,0.22468814061814,,,2016.0,1994-10-24,,,,12
Daryl Worley,OAK,DB,12760,weighted,,,,,,,,,,,,,,,,,,,,,,,,,,,,,,,,,,,,,,,,,,,,,3.38970347648262,0.637332694988605,0.0134355828220859,0.0152817430934031,0.113312883435583,0.0115560655123727,0.516881390593047,0.115385072722323,,,2016.0,,,,,12
Daryl Worley,DAL,DB,12760,weighted,,,,,,,,,,,,,,,,,,,,,,,,,,,,,,,,,,,,,,,,,,,,,3.38970347648262,0.637332694988605,0.0134355828220859,0.0152817430934031,0.113312883435583,0.0115560655123727,0.516881390593047,0.115385072722323,,,2016.0,,,,,12
Montae Nicholson,WAS,DB,13292,weighted,,,,,,,,,,,,,,,,,,,,,,,,,,,,,,,,,,,,,,,,,,,,,3.22677914110429,1.16343310657681,0.0100920245398773,0.0173602982086068,0.10340490797546,0.0252465936894285,0.376145194274029,0.156848865416683,,,2017.0,1995-12-04,,,,12
Montae Nicholson,FA,DB,13292,weighted,,,,,,,,,,,,,,,,,,,,,,,,,,,,,,,,,,,,,,,,,,,,,3.22677914110429,1.16343310657681,0.0100920245398773,0.0173602982086068,0.10340490797546,0.0252465936894285,0.376145194274029,0.156848865416683,,,2017.0,1995-12-04,,,,12
Darius Slay,DET,DB,11348,weighted,,,,,,,,,,,,,,,,,,,,,,,,,,,,,,,,,,,,,,,,,,,,,3.02790388548057,0.923210474007503,0.0235276073619632,0.0321937507786449,0.149846625766871,0.086670491342795,0.590971370143149,0.173844919995224,,,2013.0,1991-01-01,,,,12
Darius Slay,PHI,DB,11348,weighted,,,,,,,,,,,,,,,,,,,,,,,,,,,,,,,,,,,,,,,,,,,,,3.02790388548057,0.923210474007503,0.0235276073619632,0.0321937507786449,0.149846625766871,0.086670491342795,0.590971370143149,0.173844919995224,,,2013.0,1991-01-01,,,,12
Justin Coleman,DET,DB,12523,weighted,,,,,,,,,,,,,,,,,,,,,,,,,,,,,,,,,,,,,,,,,,,,,3.39240286298568,0.580109202472501,0.0435685071574642,0.0402996651921693,0.116676891615542,0.0153140003908234,0.78898773006135,0.190963280294675,,,,,,,,12
Earl Thomas,BAL,DB,9829,weighted,,,,,,,,,,,,,,,,,,,,,,,,,,,,,,,,,,,,,,,,,,,,,2.96970602181128,0.778946431477877,0.0050177809388335,0.0039328990018621,0.143568041725936,0.0473945495530316,0.437057847321005,0.0668378076966166,,,2010.0,1989-05-07,,,,12
Donte Jackson,CAR,DB,13738,weighted,,,,,,,,,,,,,,,,,,,,,,,,,,,,,,,,,,,,,,,,,,,,,3.87300613496933,0.070103917345167,0.0167791411042945,0.0152464656598478,0.203732106339468,0.0905868390492582,0.780480572597137,0.191595857065947,,,2018.0,1995-11-08,,,,12
Carlton Davis,TB,DB,13710,weighted,,,,,,,,,,,,,,,,,,,,,,,,,,,,,,,,,,,,,,,,,,,,,3.72142126789366,0.341912772582906,0.0235480572597137,0.0405073624867491,0.119897750511247,0.0199539485184677,0.857597137014315,0.38561083390732,,,2018.0,1996-12-31,,,,12
Tashaun Gipson,HOU,DB,11010,weighted,,,,,,,,,,,,,,,,,,,,,,,,,,,,,,,,,,,,,,,,,,,,,3.40637014314928,0.50462399249949,0.0302556237218814,0.0436643426163263,0.109948875255624,0.0099769742592338,0.393926380368098,0.10987334897916,,,2012.0,1990-08-07,,,,12
Tashaun Gipson,CHI,DB,11010,weighted,,,,,,,,,,,,,,,,,,,,,,,,,,,,,,,,,,,,,,,,,,,,,3.40637014314928,0.50462399249949,0.0302556237218814,0.0436643426163263,0.109948875255624,0.0099769742592338,0.393926380368098,0.10987334897916,,,2012.0,1990-08-07,,,,12
B.W. Webb,CIN,DB,11363,weighted,,,,,,,,,,,,,,,,,,,,,,,,,,,,,,,,,,,,,,,,,,,,,2.56945807770961,1.2647533877589,0.0133844580777096,0.0153238900089383,0.0600817995910021,0.0401232047025702,0.453824130879346,0.0925882571125695,,,2013.0,1990-05-03,,,,12
B.W. Webb,FA,DB,11363,weighted,,,,,,,,,,,,,,,,,,,,,,,,,,,,,,,,,,,,,,,,,,,,,2.56945807770961,1.2647533877589,0.0133844580777096,0.0153238900089383,0.0600817995910021,0.0401232047025702,0.453824130879346,0.0925882571125695,,,2013.0,1990-05-03,,,,12
Tre Herndon,JAC,DB,13914,weighted,,,,,,,,,,,,,,,,,,,,,,,,,,,,,,,,,,,,,,,,,,,,,3.75265848670757,0.222928807618039,0.0033640081799591,0.0057867660695355,0.11021472392638,0.0757397810682855,0.556247443762781,0.137909644878089,,,2018.0,1970-01-01,,,,12
Ronald Darby,PHI,DB,12276,weighted,,,,,,,,,,,,,,,,,,,,,,,,,,,,,,,,,,,,,,,,,,,,,3.63123755334282,0.202053882402139,0.0134044570886676,0.0120481028819158,0.16642484589853,0.0636247103169107,0.848231389284021,0.267351230786467,,,2015.0,1994-01-02,,,,12
Ronald Darby,WAS,DB,12276,weighted,,,,,,,,,,,,,,,,,,,,,,,,,,,,,,,,,,,,,,,,,,,,,3.63123755334282,0.202053882402139,0.0134044570886676,0.0120481028819158,0.16642484589853,0.0636247103169107,0.848231389284021,0.267351230786467,,,2015.0,1994-01-02,,,,12
Ronnie Harrison,JAC,DB,13715,weighted,,,,,,,,,,,,,,,,,,,,,,,,,,,,,,,,,,,,,,,,,,,,,3.21689161554192,0.688409687383617,0.143670756646217,0.0601151509651488,0.150398773006135,0.0622537789162328,0.474458077709612,0.1695533968247,,,2018.0,1997-04-18,,,,12
Tarvarius Moore,SF,DB,13752,weighted,,,,,,,,,,,,,,,,,,,,,,,,,,,,,,,,,,,,,,,,,,,,,1.8131799591002,1.82780670263271,0.0033640081799591,0.0057867660695355,0.0099488752556237,0.0099769742592338,0.136002044989775,0.090498667296943,,,2018.0,,,,,12
Chris Harris,DEN,DB,10592,weighted,,,,,,,,,,,,,,,,,,,,,,,,,,,,,,,,,,,,,,,,,,,,,2.90301801801802,0.703858589121514,0.0134186818397345,0.0182490406196561,0.106908487434803,0.0396796668601409,0.400640113798009,0.136867804647421,,,2011.0,1989-06-18,,,,12
Chris Harris,LAC,DB,10592,weighted,,,,,,,,,,,,,,,,,,,,,,,,,,,,,,,,,,,,,,,,,,,,,2.90301801801802,0.703858589121514,0.0134186818397345,0.0182490406196561,0.106908487434803,0.0396796668601409,0.400640113798009,0.136867804647421,,,2011.0,1989-06-18,,,,12
Desmond Trufant,ATL,DB,11312,weighted,,,,,,,,,,,,,,,,,,,,,,,,,,,,,,,,,,,,,,,,,,,,,2.93767893660532,0.791573226704429,0.03359918200409,0.0416746279948504,0.150255623721881,0.0498848712961693,0.597351738241309,0.0949513976823698,,,2013.0,1990-09-10,,,,12
Desmond Trufant,DET,DB,11312,weighted,,,,,,,,,,,,,,,,,,,,,,,,,,,,,,,,,,,,,,,,,,,,,2.93767893660532,0.791573226704429,0.03359918200409,0.0416746279948504,0.150255623721881,0.0498848712961693,0.597351738241309,0.0949513976823698,,,2013.0,1990-09-10,,,,12
Jaquiski Tartt,SF,DB,12274,weighted,,,,,,,,,,,,,,,,,,,,,,,,,,,,,,,,,,,,,,,,,,,,,3.48506134969325,0.437790642445952,0.0369836400817996,0.0551779424714495,0.0535787321063395,0.0351095395478657,0.27021472392638,0.0757397810682855,,,2015.0,1992-02-18,,,,12
Isaiah Oliver,ATL,DB,13709,weighted,,,,,,,,,,,,,,,,,,,,,,,,,,,,,,,,,,,,,,,,,,,,,3.58198198198198,0.217009416031753,0.0067093409198672,0.009124520309828,0.136503082029398,0.0317721166787339,0.746623992413466,0.0397925853201932,,,2018.0,1996-09-30,,,,12
Jimmie Ward,SF,DB,11768,weighted,,,,,,,,,,,,,,,,,,,,,,,,,,,,,,,,,,,,,,,,,,,,,3.77021341463415,0.0989949493661164,0.085015243902439,0.0070710678118654,0.0651676829268293,0.0777817459305202,0.489969512195122,0.014142135623731,,,2014.0,1991-07-18,,,,12
Kareem Jackson,DEN,DB,9861,weighted,,,,,,,,,,,,,,,,,,,,,,,,,,,,,,,,,,,,,,,,,,,,,3.74513719512195,0.0636396103067892,0.0400609756097561,0.0282842712474619,0.169908536585366,0.0424264068711929,0.669908536585366,0.0424264068711928,,,2010.0,1988-04-10,,,,12
Jalen Mills,PHI,DB,12716,weighted,,,,,,,,,,,,,,,,,,,,,,,,,,,,,,,,,,,,,,,,,,,,,3.74012195121951,0.0565685424949235,0.0150457317073171,0.0212132034355964,0.135106707317073,0.0494974746830583,0.919756097560976,0.113137084989848,,,2016.0,1994-04-06,,,,12
Trayvon Mullen,OAK,DB,14181,weighted,,,,,,,,,,,,,,,,,,,,,,,,,,,,,,,,,,,,,,,,,,,,,3.42599085365854,0.459619407771256,0.0,0.0,0.179939024390244,0.0282842712474619,0.640121951219512,0.0565685424949239,,,2019.0,1970-01-01,,,,12
Trayvon Mullen,LVR,DB,14181,weighted,,,,,,,,,,,,,,,,,,,,,,,,,,,,,,,,,,,,,,,,,,,,,3.42599085365854,0.459619407771256,0.0,0.0,0.179939024390244,0.0282842712474619,0.640121951219512,0.0565685424949239,,,2019.0,1970-01-01,,,,12
Ricardo Allen,ATL,DB,11814,weighted,,,,,,,,,,,,,,,,,,,,,,,,,,,,,,,,,,,,,,,,,,,,,3.34726993865031,0.541071128178321,0.0302556237218814,0.0436643426163263,0.143527607361963,0.0512601869148225,0.438394683026585,0.292808117167159,,,2014.0,1991-12-18,,,,12
Johnathan Joseph,HOU,DB,8265,weighted,,,,,,,,,,,,,,,,,,,,,,,,,,,,,,,,,,,,,,,,,,,,,3.47217791411043,0.322534600390077,0.0050255623721881,0.0049884871296169,0.109856850715746,0.0608437400084065,0.71038854805726,0.0852859294220495,,,2006.0,1984-04-16,,,,12
Johnathan Joseph,TEN,DB,8265,weighted,,,,,,,,,,,,,,,,,,,,,,,,,,,,,,,,,,,,,,,,,,,,,3.47217791411043,0.322534600390077,0.0050255623721881,0.0049884871296169,0.109856850715746,0.0608437400084065,0.71038854805726,0.0852859294220495,,,2006.0,1984-04-16,,,,12
Mike Hilton,PIT,DB,13414,weighted,,,,,,,,,,,,,,,,,,,,,,,,,,,,,,,,,,,,,,,,,,,,,3.03020030816641,0.954594154601839,0.104884437596302,0.0212132034355964,0.114730354391371,0.0494974746830583,0.546194144838213,0.21920310216783,,,2016.0,1994-03-09,,,,12
Adoree Jackson,TEN,DB,13226,weighted,,,,,,,,,,,,,,,,,,,,,,,,,,,,,,,,,,,,,,,,,,,,,2.6721692745377,0.722871064622208,0.0167733522996681,0.0228113007745701,0.0867591275486012,0.0164280911999808,0.533461356092935,0.114204676486247,,,2017.0,1995-09-18,,,,12
Lamarcus Joyner,OAK,DB,11742,weighted,,,,,,,,,,,,,,,,,,,,,,,,,,,,,,,,,,,,,,,,,,,,,3.22128048780488,0.5939696961967,0.0350762195121951,0.0353553390593274,0.0551067073170732,0.0494974746830583,0.275228658536585,0.106066017177982,,,2014.0,1990-11-27,O,Hamstring,2019.0,12
Lamarcus Joyner,LVR,DB,11742,weighted,,,,,,,,,,,,,,,,,,,,,,,,,,,,,,,,,,,,,,,,,,,,,3.22128048780488,0.5939696961967,0.0350762195121951,0.0353553390593274,0.0551067073170732,0.0494974746830583,0.275228658536585,0.106066017177982,,,2014.0,1990-11-27,O,Hamstring,2019.0,12
T.J. Carrie,CLE,DB,11858,weighted,,,,,,,,,,,,,,,,,,,,,,,,,,,,,,,,,,,,,,,,,,,,,2.84771341463415,1.06066017177982,0.0699085365853658,0.0424264068711929,0.115137195121951,0.0636396103067893,0.454862804878049,0.0636396103067893,,,,,,,,12
T.J. Carrie,IND,DB,11858,weighted,,,,,,,,,,,,,,,,,,,,,,,,,,,,,,,,,,,,,,,,,,,,,2.84771341463415,1.06066017177982,0.0699085365853658,0.0424264068711929,0.115137195121951,0.0636396103067893,0.454862804878049,0.0636396103067893,,,,,,,,12
Steven Nelson,PIT,DB,12291,weighted,,,,,,,,,,,,,,,,,,,,,,,,,,,,,,,,,,,,,,,,,,,,,3.44452743902439,0.21920310216783,0.010030487804878,0.014142135623731,0.100213414634146,0.0989949493661167,0.730091463414634,0.0424264068711929,,,2015.0,1993-01-22,,,,12
Eli Apple,NO,DB,12715,weighted,,,,,,,,,,,,,,,,,,,,,,,,,,,,,,,,,,,,,,,,,,,,,3.44972324723247,0.143525605142541,0.0300369003690037,0.0191367473523388,0.0900738007380074,0.0382734947046776,0.595175276752767,0.0908995499236092,,,2016.0,1995-08-09,,,,12
Eli Apple,CAR,DB,12715,weighted,,,,,,,,,,,,,,,,,,,,,,,,,,,,,,,,,,,,,,,,,,,,,3.44972324723247,0.143525605142541,0.0300369003690037,0.0191367473523388,0.0900738007380074,0.0382734947046776,0.595175276752767,0.0908995499236092,,,2016.0,1995-08-09,,,,12
Grant Haley,NYG,DB,13996,weighted,,,,,,,,,,,,,,,,,,,,,,,,,,,,,,,,,,,,,,,,,,,,,2.4816006097561,1.576848122046,0.0599085365853659,0.0424264068711929,0.0350762195121951,0.0353553390593274,0.125106707317073,0.0494974746830583,,,2018.0,1970-01-01,,,,12
Marcus Williams,NO,DB,13253,weighted,,,,,,,,,,,,,,,,,,,,,,,,,,,,,,,,,,,,,,,,,,,,,3.16486707566462,0.507239117842746,0.0100920245398773,0.0173602982086068,0.299141104294479,0.119905770446485,0.862280163599182,0.158298474629198,,,2017.0,1996-09-08,,,,12
Marshon Lattimore,NO,DB,13224,weighted,,,,,,,,,,,,,,,,,,,,,,,,,,,,,,,,,,,,,,,,,,,,,2.59641104294479,0.918086091593572,0.0,0.0,0.163425357873211,0.032138802463357,0.697791411042945,0.161452962043699,,,2017.0,1996-05-19,O,Hamstring,2019.0,12
Jaire Alexander,GB,DB,13730,weighted,,,,,,,,,,,,,,,,,,,,,,,,,,,,,,,,,,,,,,,,,,,,,2.9481341868184,0.764630260387358,0.0133902323376008,0.009075526328893,0.133411569464201,0.0356631074167317,0.761194879089616,0.190586052906754,,,2018.0,1997-02-09,,,,12
Devin McCourty,NE,DB,9846,weighted,,,,,,,,,,,,,,,,,,,,,,,,,,,,,,,,,,,,,,,,,,,,,3.2870654396728,0.185104798330928,0.0099488752556237,0.0099769742592338,0.19700408997955,0.092828351624372,0.543527607361963,0.0512601869148225,,,2010.0,1987-08-13,,,,12
Janoris Jenkins,NYG,DB,10779,weighted,,,,,,,,,,,,,,,,,,,,,,,,,,,,,,,,,,,,,,,,,,,,,2.86851738241309,0.703757135544216,0.0,0.0,0.166932515337423,0.0415025192774885,0.698006134969325,0.187135096672513,,,2012.0,1988-10-29,,,,12
Janoris Jenkins,NO,DB,10779,weighted,,,,,,,,,,,,,,,,,,,,,,,,,,,,,,,,,,,,,,,,,,,,,2.86851738241309,0.703757135544216,0.0,0.0,0.166932515337423,0.0415025192774885,0.698006134969325,0.187135096672513,,,2012.0,1988-10-29,,,,12
Marcus Peters,BAL,DB,12245,weighted,,,,,,,,,,,,,,,,,,,,,,,,,,,,,,,,,,,,,,,,,,,,,2.87902862985685,0.604787268134013,0.0168200408997955,0.028933830347678,0.223057259713701,0.0864922925804093,0.6519836400818,0.254617707059566,,,2015.0,1993-01-09,,,,12
Stephon Gilmore,NE,DB,10789,weighted,,,,,,,,,,,,,,,,,,,,,,,,,,,,,,,,,,,,,,,,,,,,,3.0308282208589,0.360558286504202,0.0201226993865031,0.0172669940442506,0.28319018404908,0.110917628835235,0.941554192229039,0.341143717688198,,,2012.0,1990-09-19,,,,12
Greedy Williams,CLE,DB,14177,weighted,,,,,,,,,,,,,,,,,,,,,,,,,,,,,,,,,,,,,,,,,,,,,3.06611280487805,0.51618795026618,0.0648932926829268,0.0494974746830583,0.0651981707317073,0.0919238815542512,0.405625,0.289913780286484,,,2019.0,1970-01-01,,,,12
Quinton Dunbar,WAS,DB,12448,weighted,,,,,,,,,,,,,,,,,,,,,,,,,,,,,,,,,,,,,,,,,,,,,3.34990774907749,0.047841868380847,0.0,0.0,0.219852398523985,0.0765469894093551,0.645083025830258,0.0430576815427623,,,,,,,,12
Quinton Dunbar,SEA,DB,12448,weighted,,,,,,,,,,,,,,,,,,,,,,,,,,,,,,,,,,,,,,,,,,,,,3.34990774907749,0.047841868380847,0.0,0.0,0.219852398523985,0.0765469894093551,0.645083025830258,0.0430576815427623,,,,,,,,12
Jahleel Addae,HOU,DB,11498,weighted,,,,,,,,,,,,,,,,,,,,,,,,,,,,,,,,,,,,,,,,,,,,,2.84164634146341,0.763675323681471,0.005015243902439,0.0070710678118654,0.14984756097561,0.0707106781186548,0.320060975609756,0.0282842712474619,,,2013.0,1990-01-24,,,,12
Jahleel Addae,FA,DB,11498,weighted,,,,,,,,,,,,,,,,,,,,,,,,,,,,,,,,,,,,,,,,,,,,,2.84164634146341,0.763675323681471,0.005015243902439,0.0070710678118654,0.14984756097561,0.0707106781186548,0.320060975609756,0.0282842712474619,,,2013.0,1990-01-24,,,,12
Brian Poole,NYJ,DB,12938,weighted,,,,,,,,,,,,,,,,,,,,,,,,,,,,,,,,,,,,,,,,,,,,,3.28024390243902,0.113137084989847,0.0350457317073171,0.0212132034355964,0.0700609756097561,0.0282842712474619,0.375228658536585,0.106066017177982,,,2016.0,1992-10-20,,,,12
Isaac Yiadom,DEN,DB,13754,weighted,,,,,,,,,,,,,,,,,,,,,,,,,,,,,,,,,,,,,,,,,,,,,2.1269018404908,1.56497742149327,0.0050255623721881,0.0049884871296169,0.0496625766871166,0.0457393969795433,0.373568507157464,0.422461365364457,,,2018.0,1996-02-20,,,,12
Marvell Tell,IND,DB,14243,weighted,,,,,,,,,,,,,,,,,,,,,,,,,,,,,,,,,,,,,,,,,,,,,2.13846036585366,1.60513239329346,0.005015243902439,0.0070710678118654,0.0601829268292683,0.0848528137423857,0.460182926829268,0.0848528137423857,,,2019.0,1970-01-01,,,,12
Jonathan Jones,NE,DB,12988,weighted,,,,,,,,,,,,,,,,,,,,,,,,,,,,,,,,,,,,,,,,,,,,,2.68342987804878,0.728319984622144,0.04,0.0,0.07,0.0,0.474618902439024,0.176776695296637,,,2016.0,1993-09-20,,,,12
Rasul Douglas,PHI,DB,13281,weighted,,,,,,,,,,,,,,,,,,,,,,,,,,,,,,,,,,,,,,,,,,,,,2.21199695121951,1.3930003589375,0.005015243902439,0.0070710678118654,0.0598780487804878,0.0565685424949238,0.409420731707317,0.268700576850888,,,2017.0,1994-08-29,,,,12
Marlon Humphrey,BAL,DB,13223,weighted,,,,,,,,,,,,,,,,,,,,,,,,,,,,,,,,,,,,,,,,,,,,,2.85878323108384,0.487610256468417,0.0269120654396728,0.0462941285562847,0.172934560327198,0.0748703053978383,0.790633946830266,0.115024395165324,,,2017.0,1996-07-08,,,,12
Damontae Kazee,ATL,DB,13301,weighted,,,,,,,,,,,,,,,,,,,,,,,,,,,,,,,,,,,,,,,,,,,,,2.9805487804878,0.254558441227157,0.020030487804878,0.014142135623731,0.0899695121951219,0.014142135623731,0.369603658536585,0.183847763108502,,,2017.0,1993-06-05,,,,12
KWaun Williams,SF,DB,12015,weighted,,,,,,,,,,,,,,,,,,,,,,,,,,,,,,,,,,,,,,,,,,,,,2.38207317073171,0.961665222413705,0.0600609756097561,0.0282842712474619,0.1,0.0,0.20030487804878,0.14142135623731,,,,,,,,12
Gareon Conley,HOU,DB,13248,weighted,,,,,,,,,,,,,,,,,,,,,,,,,,,,,,,,,,,,,,,,,,,,,2.42294478527607,0.555529542675417,0.0067280163599182,0.0115735321390712,0.143302658486708,0.037918839665539,0.737075664621677,0.0724841433517394,,,2017.0,1995-06-29,,,,12
Brandon Carr,BAL,DB,9188,weighted,,,,,,,,,,,,,,,,,,,,,,,,,,,,,,,,,,,,,,,,,,,,,2.92036585365854,0.169705627484772,0.065015243902439,0.0070710678118654,0.0750762195121951,0.0353553390593274,0.564893292682927,0.0494974746830583,,,2008.0,1986-05-19,,,,12
Brandon Carr,FA,DB,9188,weighted,,,,,,,,,,,,,,,,,,,,,,,,,,,,,,,,,,,,,,,,,,,,,2.92036585365854,0.169705627484772,0.065015243902439,0.0070710678118654,0.0750762195121951,0.0353553390593274,0.564893292682927,0.0494974746830583,,,2008.0,1986-05-19,,,,12
Malik Hooker,IND,DB,13228,weighted,,,,,,,,,,,,,,,,,,,,,,,,,,,,,,,,,,,,,,,,,,,,,2.77932926829268,0.311126983722081,0.0401219512195122,0.0565685424949238,0.110030487804878,0.0141421356237309,0.359878048780488,0.0565685424949238,,,2017.0,1996-04-02,,,,12
Sean Bunting,TB,DB,14199,weighted,,,,,,,,,,,,,,,,,,,,,,,,,,,,,,,,,,,,,,,,,,,,,2.08769817073171,1.25157900270019,0.0,0.0,0.0901524390243903,0.0707106781186548,0.390579268292683,0.268700576850888,,,2019.0,1997-06-19,,,,12
Duke Dawson,DEN,DB,13739,weighted,,,,,,,,,,,,,,,,,,,,,,,,,,,,,,,,,,,,,,,,,,,,,1.52435975609756,2.02232539419353,0.0150457317073171,0.0212132034355964,0.0501524390243903,0.0707106781186548,0.235685975609756,0.318198051533946,,,2018.0,,,,,12
P.J. Williams,NO,DB,12246,weighted,,,,,,,,,,,,,,,,,,,,,,,,,,,,,,,,,,,,,,,,,,,,,2.46059304703476,0.294786931060214,0.0835276073619632,0.0321937507786449,0.10980572597137,0.0263902287994929,0.493711656441718,0.0970095567474686,,,2015.0,1993-06-01,,,,12
Jimmy Smith,BAL,DB,10294,weighted,,,,,,,,,,,,,,,,,,,,,,,,,,,,,,,,,,,,,,,,,,,,,2.7,0.0,0.0,0.0,0.1,1.98041604282243e-17,0.8,1.58433283425795e-16,,,2011.0,1988-07-26,,,,12
Buster Skrine,CHI,DB,10379,weighted,,,,,,,,,,,,,,,,,,,,,,,,,,,,,,,,,,,,,,,,,,,,,2.14213701431493,0.477568767575676,0.0067280163599182,0.0115735321390712,0.0631288343558282,0.0568108416700088,0.370153374233129,0.0299309227777016,,,2011.0,1989-04-26,,,,12
Rashaan Melvin,DET,DB,11537,weighted,,,,,,,,,,,,,,,,,,,,,,,,,,,,,,,,,,,,,,,,,,,,,2.33653374233129,0.451838739805354,0.0134355828220859,0.0152817430934031,0.102832310838446,0.0948124843030304,0.496339468302658,0.087277304710012,,,,,O,Ribs,2019.0,12
Rashaan Melvin,JAC,DB,11537,weighted,,,,,,,,,,,,,,,,,,,,,,,,,,,,,,,,,,,,,,,,,,,,,2.33653374233129,0.451838739805354,0.0134355828220859,0.0152817430934031,0.102832310838446,0.0948124843030304,0.496339468302658,0.087277304710012,,,,,O,Ribs,2019.0,12
Taron Johnson,BUF,DB,13764,weighted,,,,,,,,,,,,,,,,,,,,,,,,,,,,,,,,,,,,,,,,,,,,,2.33543357933579,0.224856781389981,0.110018450184502,0.0095683736761693,0.0550645756457565,0.0334893078665929,0.300184501845018,0.0956837367616939,,,2018.0,1996-07-27,,,,12
D.J. Hayden,JAC,DB,11346,weighted,,,,,,,,,,,,,,,,,,,,,,,,,,,,,,,,,,,,,,,,,,,,,2.38054878048781,0.254558441227157,0.0849542682926829,0.0212132034355964,0.0550762195121951,0.0353553390593274,0.385259146341463,0.120208152801713,,,2013.0,1990-06-27,,,,12
Chauncey Gardner-Johnson,NO,DB,14224,weighted,,,,,,,,,,,,,,,,,,,,,,,,,,,,,,,,,,,,,,,,,,,,,2.10121951219512,0.565685424949238,0.0300914634146341,0.0424264068711929,0.0551676829268293,0.0777817459305202,0.5,0.0,,,2019.0,1997-12-20,,,,12
Tramon Williams,GB,DB,8958,weighted,,,,,,,,,,,,,,,,,,,,,,,,,,,,,,,,,,,,,,,,,,,,,2.04079754601227,0.346536700375923,0.0235480572597137,0.0405073624867491,0.0866871165644172,0.0115560655123727,0.362842535787321,0.0774325072020049,,,2006.0,1983-03-16,,,,12
Tramon Williams,FA,DB,8958,weighted,,,,,,,,,,,,,,,,,,,,,,,,,,,,,,,,,,,,,,,,,,,,,2.04079754601227,0.346536700375923,0.0235480572597137,0.0405073624867491,0.0866871165644172,0.0115560655123727,0.362842535787321,0.0774325072020049,,,2006.0,1983-03-16,,,,12
Akeem King,SEA,DB,12380,weighted,,,,,,,,,,,,,,,,,,,,,,,,,,,,,,,,,,,,,,,,,,,,,1.35181402439024,1.47785317267988,0.0,0.0,0.005015243902439,0.0070710678118654,0.0699085365853658,0.0424264068711929,,,2015.0,1992-08-29,,,,12
Akeem King,FA,DB,12380,weighted,,,,,,,,,,,,,,,,,,,,,,,,,,,,,,,,,,,,,,,,,,,,,1.35181402439024,1.47785317267988,0.0,0.0,0.005015243902439,0.0070710678118654,0.0699085365853658,0.0424264068711929,,,2015.0,1992-08-29,,,,12
Michael Thomas,NYG,DB,11613,weighted,,,,,,,,,,,,,,,,,,,,,,,,,,,,,,,,,,,,,,,,,,,,,1.51291158536585,0.96873629022557,0.0349542682926829,0.0212132034355964,0.0449237804878049,0.0353553390593274,0.204710365853659,0.134350288425444,,,2012.0,1989-03-17,,,,12
Michael Thomas,HOU,DB,11613,weighted,,,,,,,,,,,,,,,,,,,,,,,,,,,,,,,,,,,,,,,,,,,,,1.51291158536585,0.96873629022557,0.0349542682926829,0.0212132034355964,0.0449237804878049,0.0353553390593274,0.204710365853659,0.134350288425444,,,2012.0,1989-03-17,,,,12
Nickell Robey,LAR,DB,11501,weighted,,,,,,,,,,,,,,,,,,,,,,,,,,,,,,,,,,,,,,,,,,,,,2.15486280487805,0.0636396103067895,0.0200609756097561,0.0282842712474619,0.0601219512195122,0.0565685424949238,0.505015243902439,0.0070710678118654,,,2013.0,1992-01-17,,,,12
Nickell Robey,PHI,DB,11501,weighted,,,,,,,,,,,,,,,,,,,,,,,,,,,,,,,,,,,,,,,,,,,,,2.15486280487805,0.0636396103067895,0.0200609756097561,0.0282842712474619,0.0601219512195122,0.0565685424949238,0.505015243902439,0.0070710678118654,,,2013.0,1992-01-17,,,,12
Ross Cockrell,CAR,DB,11791,weighted,,,,,,,,,,,,,,,,,,,,,,,,,,,,,,,,,,,,,,,,,,,,,1.91914634146341,0.395979797464467,0.01,0.0,0.14984756097561,0.0707106781186548,0.424771341463415,0.106066017177982,,,2014.0,1991-08-06,O,Quadriceps,2019.0,12
Ross Cockrell,FA,DB,11791,weighted,,,,,,,,,,,,,,,,,,,,,,,,,,,,,,,,,,,,,,,,,,,,,1.91914634146341,0.395979797464467,0.01,0.0,0.14984756097561,0.0707106781186548,0.424771341463415,0.106066017177982,,,2014.0,1991-08-06,O,Quadriceps,2019.0,12
Sharrod Neasman,ATL,DB,13087,weighted,,,,,,,,,,,,,,,,,,,,,,,,,,,,,,,,,,,,,,,,,,,,,1.28420245398773,0.960764942866813,0.0,0.0,0.0033640081799591,0.0057867660695355,0.123854805725971,0.156848865416683,,,2016.0,1991-10-14,,,,12
Deshazor Everett,WAS,DB,12544,weighted,,,,,,,,,,,,,,,,,,,,,,,,,,,,,,,,,,,,,,,,,,,,,1.27248475609756,1.1667261889578,0.014984756097561,0.0070710678118654,0.0399390243902439,0.0282842712474619,0.134801829268293,0.0919238815542512,,,,,,,,12
Fabian Moreau,WAS,DB,13270,weighted,,,,,,,,,,,,,,,,,,,,,,,,,,,,,,,,,,,,,,,,,,,,,1.92948170731707,0.240416305603426,0.0250762195121951,0.0353553390593274,0.065015243902439,0.0070710678118654,0.220060975609756,0.0282842712474619,,,2017.0,1994-04-09,,,,12
Chandon Sullivan,GB,DB,14013,weighted,,,,,,,,,,,,,,,,,,,,,,,,,,,,,,,,,,,,,,,,,,,,,1.01394683026585,0.973329425303365,0.0,0.0,0.0364826175869121,0.0304597912046085,0.188701431492843,0.205998909109725,,,2018.0,1970-01-01,,,,12
Cameron Sutton,PIT,DB,13276,weighted,,,,,,,,,,,,,,,,,,,,,,,,,,,,,,,,,,,,,,,,,,,,,1.24217791411043,0.693667293747021,0.0033640081799591,0.0057867660695355,0.0794580777096115,0.0778544134504237,0.375153374233129,0.205473974719352,,,2017.0,1995-02-27,,,,12
Nevin Lawson,OAK,DB,11806,weighted,,,,,,,,,,,,,,,,,,,,,,,,,,,,,,,,,,,,,,,,,,,,,1.80942073170732,0.268700576850888,0.0350457317073171,0.0212132034355964,0.0200609756097561,0.0282842712474619,0.220060975609756,0.0282842712474619,,,2014.0,1991-04-23,,,,12
Nevin Lawson,LVR,DB,11806,weighted,,,,,,,,,,,,,,,,,,,,,,,,,,,,,,,,,,,,,,,,,,,,,1.80942073170732,0.268700576850888,0.0350457317073171,0.0212132034355964,0.0200609756097561,0.0282842712474619,0.220060975609756,0.0282842712474619,,,2014.0,1991-04-23,,,,12
Darian Thompson,DAL,DB,12719,weighted,,,,,,,,,,,,,,,,,,,,,,,,,,,,,,,,,,,,,,,,,,,,,1.35198170731707,0.919238815542512,0.0300914634146341,0.0424264068711929,0.0451371951219512,0.0636396103067893,0.230396341463415,0.183847763108502,,,2016.0,,,,,12
Josh Jones,DAL,DB,13264,weighted,,,,,,,,,,,,,,,,,,,,,,,,,,,,,,,,,,,,,,,,,,,,,1.6790243902439,0.45254833995939,0.0399085365853659,0.0424264068711929,0.0250762195121951,0.0353553390593274,0.135106707317073,0.0494974746830583,,,2017.0,1995-01-01,,,,12
Josh Jones,JAC,DB,13264,weighted,,,,,,,,,,,,,,,,,,,,,,,,,,,,,,,,,,,,,,,,,,,,,1.6790243902439,0.45254833995939,0.0399085365853659,0.0424264068711929,0.0250762195121951,0.0353553390593274,0.135106707317073,0.0494974746830583,,,2017.0,1995-01-01,,,,12
Ken Crawley,MIA,DB,12957,weighted,,,,,,,,,,,,,,,,,,,,,,,,,,,,,,,,,,,,,,,,,,,,,0.992987804878049,1.38592929112563,0.0200609756097561,0.0282842712474619,0.0351067073170732,0.0494974746830583,0.180548780487805,0.254558441227157,,,2016.0,1993-02-08,,,,12
Ken Crawley,LVR,DB,12957,weighted,,,,,,,,,,,,,,,,,,,,,,,,,,,,,,,,,,,,,,,,,,,,,0.992987804878049,1.38592929112563,0.0200609756097561,0.0282842712474619,0.0351067073170732,0.0494974746830583,0.180548780487805,0.254558441227157,,,2016.0,1993-02-08,,,,12
Kendall Sheffield,ATL,DB,14228,weighted,,,,,,,,,,,,,,,,,,,,,,,,,,,,,,,,,,,,,,,,,,,,,1.51626524390244,0.586898628384834,0.0150457317073171,0.0212132034355964,0.0250762195121951,0.0353553390593274,0.125289634146341,0.134350288425444,,,2019.0,1970-01-01,,,,12
Davontae Harris,DEN,DB,13783,weighted,,,,,,,,,,,,,,,,,,,,,,,,,,,,,,,,,,,,,,,,,,,,,1.10745426829268,1.13844191771034,0.010030487804878,0.014142135623731,0.0250762195121951,0.0353553390593274,0.165381097560976,0.176776695296637,,,2018.0,1995-01-21,,,,12
Andrew Adams,TB,DB,12998,weighted,,,,,,,,,,,,,,,,,,,,,,,,,,,,,,,,,,,,,,,,,,,,,1.62568597560976,0.318198051533946,0.0150457317073171,0.0212132034355964,0.0851067073170732,0.0494974746830583,0.210335365853659,0.15556349186104,,,2016.0,1993-08-28,,,,12
Jourdan Lewis,DAL,DB,13227,weighted,,,,,,,,,,,,,,,,,,,,,,,,,,,,,,,,,,,,,,,,,,,,,1.56580792682927,0.37476659402887,0.074984756097561,0.0070710678118654,0.08,0.0,0.265198170731707,0.0919238815542512,,,2017.0,1995-08-31,,,,12
Will Harris,DET,DB,14213,weighted,,,,,,,,,,,,,,,,,,,,,,,,,,,,,,,,,,,,,,,,,,,,,1.46109756097561,0.509116882454314,0.0200609756097561,0.0282842712474619,0.0300914634146341,0.0424264068711929,0.170274390243902,0.127279220613579,,,2019.0,,,,,12
Terrance Mitchell,CLE,DB,11883,weighted,,,,,,,,,,,,,,,,,,,,,,,,,,,,,,,,,,,,,,,,,,,,,1.0035332103321,0.760685707255467,0.0,0.0,0.0050092250922509,0.0047841868380847,0.174769372693727,0.119604670952117,,,2014.0,1992-05-27,,,,12
Clayton Fejedelem,CIN,DB,12850,weighted,,,,,,,,,,,,,,,,,,,,,,,,,,,,,,,,,,,,,,,,,,,,,1.02294207317073,0.954594154601839,0.005015243902439,0.0070710678118654,0.010030487804878,0.014142135623731,0.0749237804878049,0.0353553390593274,,,2016.0,1993-06-02,,,,12
Clayton Fejedelem,MIA,DB,12850,weighted,,,,,,,,,,,,,,,,,,,,,,,,,,,,,,,,,,,,,,,,,,,,,1.02294207317073,0.954594154601839,0.005015243902439,0.0070710678118654,0.010030487804878,0.014142135623731,0.0749237804878049,0.0353553390593274,,,2016.0,1993-06-02,,,,12
J.C. Jackson,NE,DB,13917,weighted,,,,,,,,,,,,,,,,,,,,,,,,,,,,,,,,,,,,,,,,,,,,,1.64483231707317,0.0777817459305201,0.010030487804878,0.014142135623731,0.0899695121951219,0.014142135623731,0.489664634146342,0.15556349186104,,,2018.0,1970-01-01,,,,12
Quandre Diggs,SEA,DB,12349,weighted,,,,,,,,,,,,,,,,,,,,,,,,,,,,,,,,,,,,,,,,,,,,,1.47031365313653,0.16266235249488,0.0,0.0,0.0849723247232472,0.0143525605142541,0.220036900369004,0.0191367473523388,,,2015.0,1991-11-07,,,,12
Javien Elliott,CAR,DB,13083,weighted,,,,,,,,,,,,,,,,,,,,,,,,,,,,,,,,,,,,,,,,,,,,,1.49467987804878,0.148492424049175,0.034984756097561,0.0070710678118654,0.0549542682926829,0.0212132034355964,0.2,0.0,,,2016.0,1970-01-01,,,,12
Javien Elliott,FA,DB,13083,weighted,,,,,,,,,,,,,,,,,,,,,,,,,,,,,,,,,,,,,,,,,,,,,1.49467987804878,0.148492424049175,0.034984756097561,0.0070710678118654,0.0549542682926829,0.0212132034355964,0.2,0.0,,,2016.0,1970-01-01,,,,12
Ibraheim Campbell,GB,DB,12297,weighted,,,,,,,,,,,,,,,,,,,,,,,,,,,,,,,,,,,,,,,,,,,,,0.847271341463415,1.05358910396796,0.005015243902439,0.0070710678118654,0.0200609756097561,0.0282842712474619,0.10532012195122,0.148492424049175,,,,,,,,12
Ibraheim Campbell,TEN,DB,12297,weighted,,,,,,,,,,,,,,,,,,,,,,,,,,,,,,,,,,,,,,,,,,,,,0.847271341463415,1.05358910396796,0.005015243902439,0.0070710678118654,0.0200609756097561,0.0282842712474619,0.10532012195122,0.148492424049175,,,,,,,,12
Corey Ballentine,NYG,DB,14263,weighted,,,,,,,,,,,,,,,,,,,,,,,,,,,,,,,,,,,,,,,,,,,,,0.941951219512195,0.905096679918781,0.010030487804878,0.014142135623731,0.0300914634146341,0.0424264068711929,0.14532012195122,0.148492424049175,,,2019.0,,,,,12
Will Parks,DEN,DB,12835,weighted,,,,,,,,,,,,,,,,,,,,,,,,,,,,,,,,,,,,,,,,,,,,,1.26428353658537,0.332340187157677,0.020030487804878,0.014142135623731,0.0350457317073171,0.0212132034355964,0.130091463414634,0.0424264068711929,,,2016.0,1994-07-29,,,,12
Will Parks,PHI,DB,12835,weighted,,,,,,,,,,,,,,,,,,,,,,,,,,,,,,,,,,,,,,,,,,,,,1.26428353658537,0.332340187157677,0.020030487804878,0.014142135623731,0.0350457317073171,0.0212132034355964,0.130091463414634,0.0424264068711929,,,2016.0,1994-07-29,,,,12
Quincy Wilson,IND,DB,13255,weighted,,,,,,,,,,,,,,,,,,,,,,,,,,,,,,,,,,,,,,,,,,,,,1.33951219512195,0.226274169979695,0.010030487804878,0.014142135623731,0.0250762195121951,0.0353553390593274,0.115137195121951,0.0636396103067893,,,2017.0,1996-01-01,,,,12
Quincy Wilson,NYJ,DB,13255,weighted,,,,,,,,,,,,,,,,,,,,,,,,,,,,,,,,,,,,,,,,,,,,,1.33951219512195,0.226274169979695,0.010030487804878,0.014142135623731,0.0250762195121951,0.0353553390593274,0.115137195121951,0.0636396103067893,,,2017.0,1996-01-01,,,,12
Duron Harmon,NE,DB,11359,weighted,,,,,,,,,,,,,,,,,,,,,,,,,,,,,,,,,,,,,,,,,,,,,1.26550304878049,0.233345237791561,0.0150457317073171,0.0212132034355964,0.164893292682927,0.0494974746830583,0.310030487804878,0.014142135623731,,,2013.0,1991-01-24,,,,12
Duron Harmon,DET,DB,11359,weighted,,,,,,,,,,,,,,,,,,,,,,,,,,,,,,,,,,,,,,,,,,,,,1.26550304878049,0.233345237791561,0.0150457317073171,0.0212132034355964,0.164893292682927,0.0494974746830583,0.310030487804878,0.014142135623731,,,2013.0,1991-01-24,,,,12
George Odum,IND,DB,13939,weighted,,,,,,,,,,,,,,,,,,,,,,,,,,,,,,,,,,,,,,,,,,,,,1.27461890243902,0.176776695296637,0.0250762195121951,0.0353553390593274,0.0350762195121951,0.0353553390593274,0.120213414634146,0.0989949493661166,,,2018.0,1993-11-03,,,,12
Mike Ford,DET,DB,14012,weighted,,,,,,,,,,,,,,,,,,,,,,,,,,,,,,,,,,,,,,,,,,,,,1.01884146341463,0.537401153701776,0.0,0.0,0.005015243902439,0.0070710678118654,0.159878048780488,0.0565685424949238,,,2018.0,1995-08-04,,,,12
Kevin Johnson,BUF,DB,12249,weighted,,,,,,,,,,,,,,,,,,,,,,,,,,,,,,,,,,,,,,,,,,,,,1.14574695121951,0.346482322781408,0.0399390243902439,0.0282842712474619,0.0250762195121951,0.0353553390593274,0.160182926829268,0.0848528137423857,,,2015.0,1992-08-05,,,,12
Kevin Johnson,CLE,DB,12249,weighted,,,,,,,,,,,,,,,,,,,,,,,,,,,,,,,,,,,,,,,,,,,,,1.14574695121951,0.346482322781408,0.0399390243902439,0.0282842712474619,0.0250762195121951,0.0353553390593274,0.160182926829268,0.0848528137423857,,,2015.0,1992-08-05,,,,12
Will Redmond,GB,DB,12755,weighted,,,,,,,,,,,,,,,,,,,,,,,,,,,,,,,,,,,,,,,,,,,,,1.17993902439024,0.0282842712474619,0.005015243902439,0.0070710678118654,0.0200609756097561,0.0282842712474619,0.115137195121951,0.0636396103067893,,,2016.0,1993-12-28,,,,12
Curtis Riley,,DB,13017,weighted,,,,,,,,,,,,,,,,,,,,,,,,,,,,,,,,,,,,,,,,,,,,,1.0097256097561,0.127279220613579,0.005015243902439,0.0070710678118654,0.0450457317073171,0.0212132034355964,0.125076219512195,0.0353553390593274,,,,,,,,12
Jamel Dean,TB,DB,14219,weighted,,,,,,,,,,,,,,,,,,,,,,,,,,,,,,,,,,,,,,,,,,,,,0.66109756097561,0.509116882454314,0.010030487804878,0.014142135623731,0.0300304878048781,0.014142135623731,0.244832317073171,0.0777817459305202,,,2019.0,1996-10-15,,,,12
Blidi Wreh-Wilson,ATL,DB,11355,weighted,,,,,,,,,,,,,,,,,,,,,,,,,,,,,,,,,,,,,,,,,,,,,0.994984756097561,0.0070710678118654,0.005015243902439,0.0070710678118654,0.0200609756097561,0.0282842712474619,0.120121951219512,0.0565685424949238,,,2013.0,1989-12-05,,,,12
Cornell Armstrong,HOU,DB,13818,weighted,,,,,,,,,,,,,,,,,,,,,,,,,,,,,,,,,,,,,,,,,,,,,0.646051829268293,0.487903679018718,0.010030487804878,0.014142135623731,0.0150457317073171,0.0212132034355964,0.0702134146341463,0.0989949493661167,,,2018.0,1995-09-22,,,,12
Brandon Wilson,CIN,DB,13338,weighted,,,,,,,,,,,,,,,,,,,,,,,,,,,,,,,,,,,,,,,,,,,,,0.685868902439024,0.403050865276332,0.0150457317073171,0.0212132034355964,0.0150457317073171,0.0212132034355964,0.0601829268292683,0.0848528137423857,,,2017.0,1994-07-27,,,,12
D.J. Reed,SF,DB,13774,weighted,,,,,,,,,,,,,,,,,,,,,,,,,,,,,,,,,,,,,,,,,,,,,0.824771341463415,0.106066017177982,0.0150457317073171,0.0212132034355964,0.010030487804878,0.014142135623731,0.159878048780488,0.0565685424949238,,,2018.0,1996-11-11,,,,12
Marcell Harris,SF,DB,13801,weighted,,,,,,,,,,,,,,,,,,,,,,,,,,,,,,,,,,,,,,,,,,,,,0.604100609756098,0.417193000900063,0.005015243902439,0.0070710678118654,0.005015243902439,0.0070710678118654,0.010030487804878,0.014142135623731,,,2018.0,1996-06-09,,,,12
Sheldrick Redwine,CLE,DB,14230,weighted,,,,,,,,,,,,,,,,,,,,,,,,,,,,,,,,,,,,,,,,,,,,,0.845137195121951,0.0636396103067893,0.0150457317073171,0.0212132034355964,0.0150457317073171,0.0212132034355964,0.0851981707317073,0.0919238815542512,,,2019.0,,,,,12
Ryan Lewis,MIA,DB,13964,weighted,,,,,,,,,,,,,,,,,,,,,,,,,,,,,,,,,,,,,,,,,,,,,0.486204268292683,0.558614357137373,0.005015243902439,0.0070710678118654,0.0150457317073171,0.0212132034355964,0.0751981707317073,0.0919238815542512,,,2017.0,1970-01-01,,,,12
Keion Crossen,HOU,DB,13841,weighted,,,,,,,,,,,,,,,,,,,,,,,,,,,,,,,,,,,,,,,,,,,,,0.476143292682927,0.530330085889911,0.005015243902439,0.0070710678118654,0.0150457317073171,0.0212132034355964,0.0751981707317073,0.0919238815542512,,,2018.0,,,,,12
D.J. Swearinger,OAK,DB,11350,weighted,,,,,,,,,,,,,,,,,,,,,,,,,,,,,,,,,,,,,,,,,,,,,0.755167682926829,0.0777817459305203,0.020030487804878,0.014142135623731,0.0200609756097561,0.0282842712474619,0.0700609756097561,0.0282842712474619,,,2013.0,1991-09-01,,,,12
D.J. Swearinger,NO,DB,11350,weighted,,,,,,,,,,,,,,,,,,,,,,,,,,,,,,,,,,,,,,,,,,,,,0.755167682926829,0.0777817459305203,0.020030487804878,0.014142135623731,0.0200609756097561,0.0282842712474619,0.0700609756097561,0.0282842712474619,,,2013.0,1991-09-01,,,,12
Sherrick McManis,CHI,DB,10103,weighted,,,,,,,,,,,,,,,,,,,,,,,,,,,,,,,,,,,,,,,,,,,,,0.689664634146341,0.155563491861041,0.0,0.0,0.005015243902439,0.0070710678118654,0.259573170731707,0.197989898732233,,,2010.0,1987-12-19,,,,12
Darian Stewart,TB,DB,10122,weighted,,,,,,,,,,,,,,,,,,,,,,,,,,,,,,,,,,,,,,,,,,,,,0.634496951219512,0.233345237791561,0.010030487804878,0.014142135623731,0.0249542682926829,0.0212132034355964,0.04,0.0,,,2010.0,1988-08-04,,,,12
Darian Stewart,FA,DB,10122,weighted,,,,,,,,,,,,,,,,,,,,,,,,,,,,,,,,,,,,,,,,,,,,,0.634496951219512,0.233345237791561,0.010030487804878,0.014142135623731,0.0249542682926829,0.0212132034355964,0.04,0.0,,,2010.0,1988-08-04,,,,12
Jamal Carter,ATL,DB,13443,weighted,,,,,,,,,,,,,,,,,,,,,,,,,,,,,,,,,,,,,,,,,,,,,0.406204268292683,0.558614357137373,0.010030487804878,0.014142135623731,0.0150457317073171,0.0212132034355964,0.0702134146341463,0.0989949493661167,,,2017.0,1994-04-12,,,,12
Troy Apke,WAS,DB,13756,weighted,,,,,,,,,,,,,,,,,,,,,,,,,,,,,,,,,,,,,,,,,,,,,0.639512195121951,0.226274169979695,0.0,0.0,0.024984756097561,0.0070710678118654,0.0550762195121951,0.0353553390593274,,,2018.0,1995-04-11,,,,12
Anthony Averett,BAL,DB,13761,weighted,,,,,,,,,,,,,,,,,,,,,,,,,,,,,,,,,,,,,,,,,,,,,0.759878048780488,0.0565685424949239,0.005015243902439,0.0070710678118654,0.0150457317073171,0.0212132034355964,0.0851676829268293,0.0777817459305202,,,2018.0,1994-11-29,,,,12
Aaron Colvin,WAS,DB,11739,weighted,,,,,,,,,,,,,,,,,,,,,,,,,,,,,,,,,,,,,,,,,,,,,0.436021341463415,0.473761543394987,0.0,0.0,0.0150457317073171,0.0212132034355964,0.0601524390243902,0.0707106781186548,,,2014.0,1991-10-02,O,Coach's Decision,2019.0,12
Justin Layne,PIT,DB,14214,weighted,,,,,,,,,,,,,,,,,,,,,,,,,,,,,,,,,,,,,,,,,,,,,0.464283536585366,0.332340187157677,0.0,0.0,0.01,0.0,0.0599390243902439,0.0282842712474619,,,2019.0,1970-01-01,,,,12
Anthony Levine,BAL,DB,10981,weighted,,,,,,,,,,,,,,,,,,,,,,,,,,,,,,,,,,,,,,,,,,,,,0.560182926829268,0.0848528137423857,0.005015243902439,0.0070710678118654,0.010030487804878,0.014142135623731,0.0701524390243903,0.0707106781186548,,,2011.0,1987-03-27,,,,12
Dean Marlowe,,DB,12486,weighted,,,,,,,,,,,,,,,,,,,,,,,,,,,,,,,,,,,,,,,,,,,,,0.55015243902439,0.0707106781186547,0.010030487804878,0.014142135623731,0.010030487804878,0.014142135623731,0.105015243902439,0.0070710678118654,,,,,,,,12
Tony McRae,CIN,DB,13504,weighted,,,,,,,,,,,,,,,,,,,,,,,,,,,,,,,,,,,,,,,,,,,,,0.579939024390244,0.0282842712474618,0.005015243902439,0.0070710678118654,0.010030487804878,0.014142135623731,0.0600914634146341,0.0424264068711929,,,2016.0,1970-01-01,,,,12
Tony McRae,DET,DB,13504,weighted,,,,,,,,,,,,,,,,,,,,,,,,,,,,,,,,,,,,,,,,,,,,,0.579939024390244,0.0282842712474618,0.005015243902439,0.0070710678118654,0.010030487804878,0.014142135623731,0.0600914634146341,0.0424264068711929,,,2016.0,1970-01-01,,,,12
Torry McTyer,CIN,DB,13553,weighted,,,,,,,,,,,,,,,,,,,,,,,,,,,,,,,,,,,,,,,,,,,,,0.400609756097561,0.282842712474619,0.0,0.0,0.010030487804878,0.014142135623731,0.0601219512195122,0.0565685424949238,,,2017.0,1970-01-01,O,Coach's Decision,2019.0,12
Breon Borders,JAC,DB,13407,weighted,,,,,,,,,,,,,,,,,,,,,,,,,,,,,,,,,,,,,,,,,,,,,0.360487804878049,0.226274169979695,0.005015243902439,0.0070710678118654,0.010030487804878,0.014142135623731,0.0401219512195122,0.0565685424949238,,,2017.0,1995-07-22,,,,12
Breon Borders,PIT,DB,13407,weighted,,,,,,,,,,,,,,,,,,,,,,,,,,,,,,,,,,,,,,,,,,,,,0.360487804878049,0.226274169979695,0.005015243902439,0.0070710678118654,0.010030487804878,0.014142135623731,0.0401219512195122,0.0565685424949238,,,2017.0,1995-07-22,,,,12
Simeon Thomas,WAS,DB,13804,weighted,,,,,,,,,,,,,,,,,,,,,,,,,,,,,,,,,,,,,,,,,,,,,0.25577743902439,0.360624458405139,0.0,0.0,0.010030487804878,0.014142135623731,0.0351067073170732,0.0494974746830583,,,2018.0,1993-09-22,,,,12
Deon Bush,CHI,DB,12783,weighted,,,,,,,,,,,,,,,,,,,,,,,,,,,,,,,,,,,,,,,,,,,,,0.454862804878049,0.0636396103067893,0.03,0.0,0.005015243902439,0.0070710678118654,0.0350762195121951,0.0353553390593274,,,2016.0,1993-08-14,,,,12
Cody Davis,JAC,DB,11555,weighted,,,,,,,,,,,,,,,,,,,,,,,,,,,,,,,,,,,,,,,,,,,,,0.240640243902439,0.29698484809835,0.0,0.0,0.010030487804878,0.014142135623731,0.0300914634146341,0.0424264068711929,,,2013.0,1989-06-06,,,,12
Cody Davis,NE,DB,11555,weighted,,,,,,,,,,,,,,,,,,,,,,,,,,,,,,,,,,,,,,,,,,,,,0.240640243902439,0.29698484809835,0.0,0.0,0.010030487804878,0.014142135623731,0.0300914634146341,0.0424264068711929,,,2013.0,1989-06-06,,,,12
Kevin Toliver,CHI,DB,13946,weighted,,,,,,,,,,,,,,,,,,,,,,,,,,,,,,,,,,,,,,,,,,,,,0.315350609756098,0.162634559672906,0.0,0.0,0.005015243902439,0.0070710678118654,0.0400914634146341,0.0424264068711929,,,2018.0,1970-01-01,,,,12
Blake Countess,NYJ,DB,12821,weighted,,,,,,,,,,,,,,,,,,,,,,,,,,,,,,,,,,,,,,,,,,,,,0.190518292682927,0.240416305603426,0.0,0.0,0.02,0.0,0.0400609756097561,0.0282842712474619,,,2016.0,1993-08-08,,,,12
Kurt Coleman,BUF,DB,10026,weighted,,,,,,,,,,,,,,,,,,,,,,,,,,,,,,,,,,,,,,,,,,,,,0.320060975609756,0.0282842712474619,0.005015243902439,0.0070710678118654,0.005015243902439,0.0070710678118654,0.0250762195121951,0.0353553390593274,,,2010.0,1988-07-01,,,,12
Justin Bethel,NE,DB,10874,weighted,,,,,,,,,,,,,,,,,,,,,,,,,,,,,,,,,,,,,,,,,,,,,0.195381097560976,0.176776695296637,0.005015243902439,0.0070710678118654,0.010030487804878,0.014142135623731,0.0300914634146341,0.0424264068711929,,,2012.0,1990-06-17,,,,12
Neiko Thorpe,SEA,DB,11087,weighted,,,,,,,,,,,,,,,,,,,,,,,,,,,,,,,,,,,,,,,,,,,,,0.260182926829268,0.0848528137423857,0.005015243902439,0.0070710678118654,0.005015243902439,0.0070710678118654,0.0250762195121951,0.0353553390593274,,,,,O,Groin,2019.0,12
Art Maulet,NYJ,DB,13547,weighted,,,,,,,,,,,,,,,,,,,,,,,,,,,,,,,,,,,,,,,,,,,,,0.195289634146341,0.134350288425444,0.005015243902439,0.0070710678118654,0.010030487804878,0.014142135623731,0.0250762195121951,0.0353553390593274,,,2017.0,1970-01-01,,,,12
Colin Jones,CAR,DB,10422,weighted,,,,,,,,,,,,,,,,,,,,,,,,,,,,,,,,,,,,,,,,,,,,,0.240121951219512,0.0565685424949238,0.0,0.0,0.019969512195122,0.0141421356237309,0.035015243902439,0.0070710678118654,,,2011.0,1987-10-27,,,,12
Colin Jones,FA,DB,10422,weighted,,,,,,,,,,,,,,,,,,,,,,,,,,,,,,,,,,,,,,,,,,,,,0.240121951219512,0.0565685424949238,0.0,0.0,0.019969512195122,0.0141421356237309,0.035015243902439,0.0070710678118654,,,2011.0,1987-10-27,,,,12
DeAndre Houston-Carson,CHI,DB,12813,weighted,,,,,,,,,,,,,,,,,,,,,,,,,,,,,,,,,,,,,,,,,,,,,0.150335365853659,0.15556349186104,0.0,0.0,0.005015243902439,0.0070710678118654,0.0200609756097561,0.0282842712474619,,,2016.0,1993-04-13,,,,12
Jordan Richards,BAL,DB,12281,weighted,,,,,,,,,,,,,,,,,,,,,,,,,,,,,,,,,,,,,,,,,,,,,0.170213414634146,0.0989949493661166,0.0,0.0,0.005015243902439,0.0070710678118654,0.0350457317073171,0.0212132034355964,,,2015.0,1993-01-21,,,,12
Rashaan Gaulden,CAR,DB,13749,weighted,,,,,,,,,,,,,,,,,,,,,,,,,,,,,,,,,,,,,,,,,,,,,0.140213414634146,0.0989949493661166,0.0,0.0,0.005015243902439,0.0070710678118654,0.035015243902439,0.0070710678118654,,,2018.0,1995-01-23,,,,12
Rashaan Gaulden,NYG,DB,13749,weighted,,,,,,,,,,,,,,,,,,,,,,,,,,,,,,,,,,,,,,,,,,,,,0.140213414634146,0.0989949493661166,0.0,0.0,0.005015243902439,0.0070710678118654,0.035015243902439,0.0070710678118654,,,2018.0,1995-01-23,,,,12
Jordan Dangerfield,PIT,DB,12974,weighted,,,,,,,,,,,,,,,,,,,,,,,,,,,,,,,,,,,,,,,,,,,,,0.11015243902439,0.0707106781186548,0.0,0.0,0.005015243902439,0.0070710678118654,0.010030487804878,0.014142135623731,,,,,,,,12
Antonio Hamilton,NYG,DB,12976,weighted,,,,,,,,,,,,,,,,,,,,,,,,,,,,,,,,,,,,,,,,,,,,,0.125076219512195,0.0353553390593274,0.0,0.0,0.005015243902439,0.0070710678118654,0.010030487804878,0.014142135623731,,,0.0,1993-01-24,,,,12
Antonio Hamilton,KC,DB,12976,weighted,,,,,,,,,,,,,,,,,,,,,,,,,,,,,,,,,,,,,,,,,,,,,0.125076219512195,0.0353553390593274,0.0,0.0,0.005015243902439,0.0070710678118654,0.010030487804878,0.014142135623731,,,0.0,1993-01-24,,,,12
