player,team,position,id,avg_type,pass_yds,pass_yds_sd,pass_tds,pass_tds_sd,pass_int,pass_int_sd,rush_yds,rush_yds_sd,rush_tds,rush_tds_sd,fumbles_lost,fumbles_lost_sd,two_pts,two_pts_sd,return_tds,return_tds_sd,rec,rec_sd,rec_yds,rec_yds_sd,rec_tds,rec_tds_sd,fg_0019,fg_0019_sd,fg_2029,fg_2029_sd,fg_3039,fg_3039_sd,fg_4049,fg_4049_sd,fg_50,fg_50_sd,xp,xp_sd,dst_int,dst_int_sd,dst_sacks,dst_sacks_sd,dst_safety,dst_safety_sd,dst_td,dst_td_sd,dst_blk,dst_blk_sd,idp_solo,idp_solo_sd,idp_sack,idp_sack_sd,idp_int,idp_int_sd,idp_pd,idp_pd_sd,idp_td,idp_td_sd,draft_year,birthdate,injury_status,injury_details,season_year,week
Patrick Mahomes,KC,QB,13116,weighted,279.32485295827,13.8406012443955,1.98975589910496,0.180964294571439,0.601582587469487,0.317834309252912,22.3859496687202,0.591963475153273,0.10373067534581,0.0567441730772118,0.159971521562246,0.0522516179752596,,,,,,,,,,,,,,,,,,,,,,,,,,,,,,,,,,,,,,,,,,,2017.0,1995-09-17,,,2024,2
Tua Tagovailoa,MIA,QB,14778,weighted,268.435475415553,14.262032028856,1.77906427990236,0.193838693298652,0.817123677786818,0.131165496078152,6.76116994071835,0.77485162056924,0.037233523189585,0.0470968213607209,0.217650528885273,0.013259192618941,,,,,,,,,,,,,,,,,,,,,,,,,,,,,,,,,,,,,,,,,,,2020.0,1998-03-02,,,2024,2
Joe Burrow,CIN,QB,14777,weighted,250.425544577473,24.8853918259627,1.71321806346623,0.245538654849836,0.587416598860862,0.312223362350423,13.0110188306405,1.35340439518474,0.102481692432872,0.0814098344969544,0.154328722538649,0.0459581534887233,,,,,,,,,,,,,,,,,,,,,,,,,,,,,,,,,,,,,,,,,,,2020.0,1996-12-10,,,2024,2
Matthew Stafford,LAR,QB,9431,weighted,271.955900267349,8.00929451337288,1.81450366151343,0.169147054339469,0.842506102522376,0.149353228149453,4.25865453911426,0.795128365740078,0.0466069975589911,0.0465347369618018,0.143043124491456,0.0336472398966962,,,,,,,,,,,,,,,,,,,,,,,,,,,,,,,,,,,,,,,,,,,2009.0,1988-02-07,,,2024,2
Matthew Stafford,LAR,QB,9431,weighted,271.955900267349,8.00929451337288,1.81450366151343,0.169147054339469,0.842506102522376,0.149353228149453,4.25865453911426,0.795128365740078,0.0466069975589911,0.0465347369618018,0.143043124491456,0.0336472398966962,,,,,,,,,,,,,,,,,,,,,,,,,,,,,,,,,,,,,,,,,,,2009.0,2003-05-23,,,2024,2
Brock Purdy,SF,QB,15698,weighted,250.393048936418,14.009854160778,1.78042310821806,0.191689645252019,0.750484133441823,0.196770239615479,9.42128327327676,0.723209227894006,0.0725630593978845,0.0506407083226864,0.13740032546786,0.0277525015481131,,,,,,,,,,,,,,,,,,,,,,,,,,,,,,,,,,,,,,,,,,,2022.0,1999-12-27,,,2024,2
C.J. Stroud,HOU,QB,16150,weighted,262.756530861327,14.145850689517,1.86509357200976,0.220153452914086,0.559170056956875,0.312359487412523,11.2305614320586,1.35041699865508,0.0898250610252238,0.0704011712633608,0.197178600488202,0.0032669066564795,,,,,,,,,,,,,,,,,,,,,,,,,,,,,,,,,,,,,,,,,,,2023.0,2001-10-03,,,2024,2
Jared Goff,DET,QB,12611,weighted,263.273933511566,7.85340861624362,1.85045565500407,0.186425146657268,0.746635475996745,0.206654708385864,3.93859467627572,0.814006236960302,0.0479170056956875,0.0471147234359886,0.169045972335232,0.031223602877783,,,,,,,,,,,,,,,,,,,,,,,,,,,,,,,,,,,,,,,,,,,2016.0,1994-10-14,,,2024,2
Baker Mayfield,TB,QB,13590,weighted,258.895185400442,10.661436260417,1.80704231082181,0.202713890581503,0.800455655004068,0.190530900845915,10.7509688480763,1.2529911748682,0.0738445890968267,0.0509688148055735,0.177510170870627,0.0361048370103274,,,,,,,,,,,,,,,,,,,,,,,,,,,,,,,,,,,,,,,,,,,2018.0,1995-04-14,,,2024,2
Kirk Cousins,ATL,QB,10700,weighted,242.30586946414,15.7273529141772,1.66521969080553,0.245450031627167,0.793185516680228,0.187967020466087,5.96396896431477,0.972611543708922,0.0738771358828316,0.0682096244932021,0.192227420667209,0.057442600951372,,,,,,,,,,,,,,,,,,,,,,,,,,,,,,,,,,,,,,,,,,,2012.0,1988-08-19,,,2024,2
Dak Prescott,DAL,QB,12620,weighted,253.972049866326,8.98844133080602,1.94910903173312,0.12860142657147,0.853034987794955,0.115612744024263,13.0268249447867,1.20098200806218,0.0906305939788446,0.0400315188708674,0.143043124491456,0.0336472398966962,,,,,,,,,,,,,,,,,,,,,,,,,,,,,,,,,,,,,,,,,,,2016.0,1993-07-29,,,2024,2
Josh Allen,BUF,QB,13589,weighted,248.024139253749,6.34391509259502,1.63072009764036,0.310080412554465,0.888262815296989,0.0846741621329216,36.5876543066372,2.02056500566228,0.689161920260374,0.184887968541509,0.283071602929211,0.0196014399388774,,,,,,,,,,,,,,,,,,,,,,,,,,,,,,,,,,,,,,,,,,,2018.0,1996-05-21,,,2024,2
Jalen Hurts,PHI,QB,14783,weighted,233.071228059979,12.0450793720848,1.60611065907242,0.373578684802288,0.843116354759967,0.127532861770628,38.6361960943857,2.62141340900697,0.741969080553295,0.124559445082392,0.282268104149715,0.0600371498369354,,,,,,,,,,,,,,,,,,,,,,,,,,,,,,,,,,,,,,,,,,,2020.0,1998-08-07,,,2024,2
Derek Carr,NO,QB,11644,weighted,232.235819481576,11.6629838324493,1.33147274206672,0.294540496018443,0.777249796582588,0.166496787116276,4.76362373590608,0.742475661569449,0.0132424735557364,0.0238514600396371,0.177622050447518,0.0584013933215075,,,,,,,,,,,,,,,,,,,,,,,,,,,,,,,,,,,,,,,,,,,2014.0,1991-03-28,,,2024,2
Gardner Minshew,LVR,QB,14067,weighted,210.831653492968,25.3638371993262,1.04469894222945,0.0492612928742807,0.886004882017901,0.133442563948073,8.61980471928397,3.16431049794784,0.0685191212367779,0.047651957057185,0.291535801464605,0.0098007199694387,,,,,,,,,,,,,,,,,,,,,,,,,,,,,,,,,,,,,,,,,,,2019.0,1996-05-16,,,2024,2
Aaron Rodgers,NYJ,QB,7836,weighted,221.396014762292,21.5723366508791,1.55456468673718,0.391606264505925,0.517237591537836,0.321167721346056,6.74401720330117,2.21163262162726,0.0505370219690805,0.0490739923365799,0.194357200976404,0.0065338133129591,,,,,,,,,,,,,,,,,,,,,,,,,,,,,,,,,,,,,,,,,,,2005.0,1983-12-02,,,2024,2
Geno Smith,SEA,QB,11150,weighted,227.092164942462,14.2802629799918,1.25879983726607,0.189908077589963,0.815414971521562,0.146459746798609,14.5866511681971,3.2637558051608,0.108527257933279,0.058502486663983,0.191535801464605,0.0098007199694387,,,,,,,,,,,,,,,,,,,,,,,,,,,,,,,,,,,,,,,,,,,2013.0,1990-10-10,,,2024,2
Sam Darnold,MIN,QB,13592,weighted,220.541971405324,34.4015995331618,1.17447518307567,0.177934830786106,0.92313262815297,0.182309068670312,8.13176973148902,2.79307001487171,0.0791415785191212,0.0560044769879202,0.195272579332791,0.0666545293327223,,,,,,,,,,,,,,,,,,,,,,,,,,,,,,,,,,,,,,,,,,,2018.0,1997-06-05,,,2024,2
Kyler Murray,ARI,QB,14056,weighted,236.979711147274,8.06580912887421,1.36479658258747,0.300770334441764,0.583588283157038,0.32120148037131,34.6969841915611,1.38245190242172,0.250138323840521,0.131381350257848,0.26896460537022,0.0359359732212753,,,,,,,,,,,,,,,,,,,,,,,,,,,,,,,,,,,,,,,,,,,2019.0,1997-08-07,,,2024,2
Will Levis,TEN,QB,16149,weighted,195.049145646867,35.1978958614271,1.05279088689992,0.222449009527864,0.92733523189585,0.110216997508737,13.5723701034523,3.31782099001765,0.0918836452400325,0.0405065158516403,0.35626525630594,0.0652109391055254,,,,,,,,,,,,,,,,,,,,,,,,,,,,,,,,,,,,,,,,,,,2023.0,1999-06-27,,,2024,2
Caleb Williams,CHI,QB,16579,weighted,218.241303033825,22.4655278875779,1.11603742880391,0.160009102154711,0.601501220504475,0.316543944756609,23.4295344647216,8.59242701508107,0.157034174125305,0.0968034166072254,0.228824247355574,0.0331347117693882,,,,,,,,,,,,,,,,,,,,,,,,,,,,,,,,,,,,,,,,,,,2024.0,2001-11-18,,,2024,2
Deshaun Watson,CLE,QB,13113,weighted,213.494935487621,16.2386067116327,1.20499593165175,0.186868104628422,0.896920260374288,0.142012982081565,24.3645478321516,2.82278297411784,0.151228641171684,0.082411256149656,0.159890154597234,0.0292390753040714,,,,,,,,,,,,,,,,,,,,,,,,,,,,,,,,,,,,,,,,,,,2017.0,1995-09-14,,,2024,2
Trevor Lawrence,JAC,QB,15237,weighted,231.15020516099,8.02622908317351,1.33030919446705,0.266473523931285,0.817815296989422,0.14214413839806,17.423281994653,1.16898700444961,0.183742880390561,0.104970770621182,0.311204231082181,0.0451728765473958,,,,,,,,,,,,,,,,,,,,,,,,,,,,,,,,,,,,,,,,,,,2021.0,1999-10-06,,,2024,2
Justin Herbert,LAC,QB,14779,weighted,227.511969080553,8.79733571483324,1.41450366151343,0.363618470300509,0.52693653376729,0.299030515889948,14.8899907009183,2.09232340345897,0.0923840520748576,0.0726612265732965,0.182461350691619,0.0410173189605625,,,,,,,,,,,,,,,,,,,,,,,,,,,,,,,,,,,,,,,,,,,2020.0,1998-03-10,,,2024,2
Jordan Love,GB,QB,14782,weighted,234.0,4.01945537481826e-14,1.8,,0.5,,9.0,0.0,0.2,0.0,0.2,0.0,,,,,,,,,,,,,,,,,,,,,,,,,,,,,,,,,,,,,,,,,,,2020.0,1998-11-02,Q,Knee - MCL,2024,2
Lamar Jackson,BAL,QB,13593,weighted,219.286029292107,8.94691436474928,1.63551261187958,0.317442909148589,0.715276647681041,0.216729329149932,59.1541049633849,3.31823416069932,0.275174938974776,0.132352061711845,0.314025630593979,0.0427119814367564,,,,,,,,,,,,,,,,,,,,,,,,,,,,,,,,,,,,,,,,,,,2018.0,1997-01-07,,,2024,2
Daniel Jones,NYG,QB,14059,weighted,213.537373590608,11.6326875595744,1.10556956875509,0.152408928009819,0.801611065907242,0.161246463087808,29.0466436126932,4.38445865888137,0.159007323026851,0.0820275158209376,0.157872253864931,0.0393643703355492,,,,,,,,,,,,,,,,,,,,,,,,,,,,,,,,,,,,,,,,,,,2019.0,1997-05-27,,,2024,2
Bo Nix,DEN,QB,16582,weighted,202.589699523422,15.0184152217956,1.10552888527258,0.185094990562257,0.879096826688365,0.10093997232588,19.9035917703127,3.44545361468729,0.179121236777868,0.119085065882075,0.194357200976404,0.0065338133129591,,,,,,,,,,,,,,,,,,,,,,,,,,,,,,,,,,,,,,,,,,,2024.0,2000-02-25,,,2024,2
Bryce Young,CAR,QB,16148,weighted,194.660044751831,16.265169588894,0.950471928397071,0.160397681968362,0.797860048820179,0.152771156908522,15.283373823085,1.86699299676764,0.0830146460537022,0.0634407874658873,0.188022782750203,0.0578137784120635,,,,,,,,,,,,,,,,,,,,,,,,,,,,,,,,,,,,,,,,,,,2023.0,2001-07-25,,,2024,2
Jayden Daniels,WAS,QB,16581,weighted,209.529150877601,9.40363472868471,1.11613506916192,0.207154087570556,0.878413344182262,0.101403875561642,46.8566505870045,5.25096874141895,0.430431244914565,0.201772943832987,0.263403173311635,0.029369080937427,,,,,,,,,,,,,,,,,,,,,,,,,,,,,,,,,,,,,,,,,,,2024.0,2000-12-18,,,2024,2
Anthony Richardson,IND,QB,16152,weighted,212.398105893293,11.4301326628136,1.15694060211554,0.138872528072225,0.758612693246542,0.17017044739235,39.5765976984773,5.62530190077666,0.388917819365338,0.196388796736993,0.20636493083808,0.0174856997601642,,,,,,,,,,,,,,,,,,,,,,,,,,,,,,,,,,,,,,,,,,,2023.0,2002-05-22,,,2024,2
Jacoby Brissett,NE,QB,12616,weighted,195.526453562711,21.5766864564827,0.984605370219691,0.152729326138051,0.827986167615948,0.21442120847808,14.1851650587005,2.54016154694206,0.0737876322213181,0.0521231030099609,0.200803498779495,0.045315224761357,,,,,,,,,,,,,,,,,,,,,,,,,,,,,,,,,,,,,,,,,,,2016.0,1992-12-11,,,2024,2
Malik Willis,GB,QB,15694,weighted,150.45065288868,67.7109244483082,0.939459840300611,0.479098356307646,0.752301550023485,0.382255133489546,25.0991709722875,12.785815145195,0.176975105683419,0.0840666170847715,0.26176608736496,0.0772044420915171,,,,,,,,,,,,,,,,,,,,,,,,,,,,,,,,,,,,,,,,,,,2022.0,1999-05-25,,,2024,2
Justin Fields,PIT,QB,15238,weighted,191.275535859584,7.9255781725603,1.03805532953621,0.114743642043192,0.733718470301058,0.246897371254129,45.3224055562013,12.9799049078379,0.29339707078926,0.14521217551522,0.245172904800651,0.0678909670558809,,,,,,,,,,,,,,,,,,,,,,,,,,,,,,,,,,,,,,,,,,,2021.0,1999-03-05,,,2024,2
Russell Wilson,PIT,QB,10703,weighted,62.3292483660131,88.8947562728601,0.368137254901961,0.492131827935634,0.122315592903828,0.185796003763965,6.22299253034547,8.57478218547485,0.0305788982259571,0.0464490009409913,0.0988095238095238,0.0793198830197989,,,,,,,,,,,,,,,,,,,,,,,,,,,,,,,,,,,,,,,,,,,2012.0,1988-11-29,Q,Calf,2024,2
Joe Flacco,IND,QB,9064,weighted,31.9091970121382,42.4410913082977,0.245821661998133,0.307440067812062,0.122315592903828,0.185796003763965,0.718790849673203,0.584259762792749,0.0,0.0,0.1,0.0,,,,,,,,,,,,,,,,,,,,,,,,,,,,,,,,,,,,,,,,,,,2008.0,1985-01-16,,,2024,2
Aidan O'Connell,LVR,QB,16159,weighted,40.8124,22.8720156478796,0.246199701937407,0.212132034355964,0.197466467958271,0.141421356237309,0.1017,0.100315858104735,0.0,0.0,0.0,0.0,,,,,,,,,,,,,,,,,,,,,,,,,,,,,,,,,,,,,,,,,,,2023.0,1998-09-01,,,2024,2
Jake Browning,CIN,QB,14358,weighted,31.25305,23.4237528674556,0.246199701937407,0.212132034355964,0.0974664679582712,0.14142135623731,3.4575,2.50789645261837,0.0422958333333333,0.0514013203632655,0.0,0.0,,,,,,,,,,,,,,,,,,,,,,,,,,,,,,,,,,,,,,,,,,,2019.0,1970-01-01,,,2024,2
Sam Howell,SEA,QB,15693,weighted,30.76155,22.9221735769319,0.148733233979136,0.0707106781186548,0.194932935916542,0.282842712474619,2.8643,2.10663302019943,0.042241,0.0514224196552242,0.0,0.0,,,,,,,,,,,,,,,,,,,,,,,,,,,,,,,,,,,,,,,,,,,2022.0,2000-09-16,,,2024,2
Mitchell Trubisky,BUF,QB,13115,weighted,29.5445603576751,28.2135605693432,0.197466467958271,0.141421356237309,0.194932935916542,0.282842712474619,1.20506706408346,0.282842712474619,0.0,0.0,0.0487332339791356,0.0707106781186548,,,,,,,,,,,,,,,,,,,,,,,,,,,,,,,,,,,,,,,,,,,2017.0,1994-08-20,,,2024,2
Nick Mullens,MIN,QB,13968,weighted,29.71085,20.0130136918946,0.1,3.9264915141570104e-17,0.148733233979136,0.0707106781186548,1.3898,0.601895148628409,0.0,0.0,0.0,0.0,,,,,,,,,,,,,,,,,,,,,,,,,,,,,,,,,,,,,,,,,,,2017.0,1995-03-21,,,2024,2
Taylor Heinicke,LAC,QB,12476,weighted,16.6764331210191,24.6555344752047,0.12056414922657,0.152409531259785,0.08926296633303,0.168591140359784,1.86333030027298,2.58349710865359,0.02975432211101,0.0561970467865946,0.0492265696087352,0.0480148924628345,,,,,,,,,,,,,,,,,,,,,,,,,,,,,,,,,,,,,,,,,,,,,,,2024,2
Tyson Bagent,CHI,QB,16384,weighted,25.2104321907601,24.5366053071732,0.1,3.9264915141570104e-17,0.146199701937407,0.212132034355964,2.46199701937407,2.12132034355964,0.0974664679582712,0.14142135623731,0.0974664679582712,0.14142135623731,,,,,,,,,,,,,,,,,,,,,,,,,,,,,,,,,,,,,,,,,,,2023.0,2000-06-08,,,2024,2
Mac Jones,JAC,QB,15241,weighted,25.5692995529061,24.0416305603426,0.148733233979136,0.0707106781186548,0.0974664679582712,0.14142135623731,1.48733233979136,0.707106781186547,0.0,0.0,0.0,0.0,,,,,,,,,,,,,,,,,,,,,,,,,,,,,,,,,,,,,,,,,,,2021.0,1998-09-05,,,2024,2
Davis Mills,HOU,QB,15252,weighted,23.3377049180328,20.2232539419353,0.148733233979136,0.0707106781186548,0.0487332339791356,0.0707106781186548,1.43606557377049,0.777817459305202,0.0,0.0,0.0,0.0,,,,,,,,,,,,,,,,,,,,,,,,,,,,,,,,,,,,,,,,,,,2021.0,1998-10-21,,,2024,2
Kenny Pickett,PHI,QB,15692,weighted,22.9016393442623,19.4454364826301,0.1,3.9264915141570104e-17,0.0487332339791356,0.0707106781186548,1.25633383010432,0.353553390593274,0.0,0.0,0.0,0.0,,,,,,,,,,,,,,,,,,,,,,,,,,,,,,,,,,,,,,,,,,,2022.0,1998-06-06,,,2024,2
Tyrod Taylor,NYJ,QB,10413,weighted,12.3069327731092,13.1157599342486,0.123506069094304,0.126037155452749,0.0305788982259571,0.0464490009409913,3.0062558356676,4.02961625098488,0.0,0.0,0.0494047619047619,0.0396599415098995,,,,,,,,,,,,,,,,,,,,,,,,,,,,,,,,,,,,,,,,,,,2011.0,1989-08-03,,,2024,2
Dorian Thompson-Robinson,CLE,QB,16158,weighted,15.4891207153502,8.98025612106915,0.1,3.9264915141570104e-17,0.1,3.9264915141570104e-17,1.25633383010432,0.353553390593274,0.0,0.0,0.0,0.0,,,,,,,,,,,,,,,,,,,,,,,,,,,,,,,,,,,,,,,,,,,2023.0,1999-11-14,,,2024,2
Andy Dalton,CAR,QB,10313,weighted,8.66225165562914,14.142135623731,0.0433112582781457,0.0707106781186548,0.0,0.0,0.0,0.0,0.0,0.0,0.0,0.0,,,,,,,,,,,,,,,,,,,,,,,,,,,,,,,,,,,,,,,,,,,2011.0,1987-10-29,,,2024,2
Jarrett Stidham,DEN,QB,14063,weighted,17.2044709388972,3.04055915910216,0.1,3.9264915141570104e-17,0.1,3.9264915141570104e-17,2.43606557377049,0.777817459305202,0.0,0.0,0.0487332339791356,0.0707106781186548,,,,,,,,,,,,,,,,,,,,,,,,,,,,,,,,,,,,,,,,,,,2019.0,1996-08-08,,,2024,2
Michael Penix Jr.,ATL,QB,16583,weighted,9.40665,2.55805438167074,0.0512667660208644,0.0707106781186548,0.0487332339791356,0.0707106781186548,1.2881,0.702211006733144,0.0,0.0,0.04915,0.0501579290523675,,,,,,,,,,,,,,,,,,,,,,,,,,,,,,,,,,,,,,,,,,,2024.0,2000-05-08,,,2024,2
Drake Maye,NE,QB,16580,weighted,12.0,0.0,0.0,,0.3,,1.0,0.0,0.0,0.0,0.0,0.0,,,,,,,,,,,,,,,,,,,,,,,,,,,,,,,,,,,,,,,,,,,2024.0,2002-08-30,,,2024,2
Carson Wentz,KC,QB,12610,weighted,5.12435233160622,8.13172798364529,0.044559585492228,0.0707106781186547,0.0,0.0,0.490155440414508,0.777817459305202,0.0,0.0,0.0,0.0,,,,,,,,,,,,,,,,,,,,,,,,,,,,,,,,,,,,,,,,,,,2016.0,1992-12-30,,,2024,2
Jeff Driskel,WAS,QB,12623,weighted,9.97466467958271,1.41421356237309,0.1,3.9264915141570104e-17,0.0,0.0,1.89746646795827,0.141421356237309,0.0,0.0,0.0,0.0,,,,,,,,,,,,,,,,,,,,,,,,,,,,,,,,,,,,,,,,,,,2016.0,1993-04-23,,,2024,2
Drew Lock,NYG,QB,14057,weighted,9.4745,1.50473787157102,0.0512667660208644,0.0707106781186548,0.0,0.0,1.44065,0.551737219576042,0.0,0.0,0.0,0.0,,,,,,,,,,,,,,,,,,,,,,,,,,,,,,,,,,,,,,,,,,,2019.0,1996-11-10,,,2024,2
Cooper Rush,DAL,QB,13124,weighted,10.4873323397914,0.707106781186547,0.0512667660208644,0.0707106781186548,0.0487332339791356,0.0707106781186548,-0.238599105812221,0.636396103067893,0.0,0.0,0.0,0.0,,,,,,,,,,,,,,,,,,,,,,,,,,,,,,,,,,,,,,,,,,,2017.0,1993-11-21,,,2024,2
Trey Lance,DAL,QB,15240,weighted,8.82026825633383,1.13137084989848,0.0512667660208644,0.0707106781186548,0.0,0.0,0.563934426229508,0.777817459305202,0.0,0.0,0.0,0.0,,,,,,,,,,,,,,,,,,,,,,,,,,,,,,,,,,,,,,,,,,,2021.0,2000-05-09,,,2024,2
Josh Johnson,BAL,QB,9207,weighted,2.59867549668874,4.24264068711928,0.0866225165562914,0.14142135623731,0.0,0.0,0.0,0.0,0.0,0.0,0.0,0.0,,,,,,,,,,,,,,,,,,,,,,,,,,,,,,,,,,,,,,,,,,,2008.0,1986-05-15,,,2024,2
Jonathan Taylor,IND,RB,14802,weighted,,,,,,,86.6999099151459,8.92429438357139,0.662766476810415,0.156483377249397,0.104353132628153,0.0069470835605971,,,,,1.73543531326282,0.409617954553191,14.0314169475764,2.52592476887064,0.0773311635475997,0.0367673071465426,,,,,,,,,,,,,,,,,,,,,,,,,,,,,,,,,2020.0,1999-01-19,,,2024,2
Kyren Williams,LAR,RB,15710,weighted,,,,,,,82.4750151110078,6.99738776344059,0.73759967453214,0.160225930666534,0.108706265256306,0.0138941671211942,,,,,2.49850284784378,0.336359574965731,17.9183895152854,2.44031077465966,0.100553295362083,0.0576492910685537,,,,,,,,,,,,,,,,,,,,,,,,,,,,,,,,,2022.0,2000-08-26,,,2024,2
Breece Hall,NYJ,RB,15708,weighted,,,,,,,75.4965645704987,10.8321194448436,0.559060211554109,0.193625267079131,0.151281529698942,0.0681628767569824,,,,,4.37820179007323,0.532143304901008,33.8125496919679,4.30294218258143,0.169129373474369,0.0764492027205392,,,,,,,,,,,,,,,,,,,,,,,,,,,,,,,,,2022.0,2001-05-31,,,2024,2
Jordan Mason,SF,RB,15972,weighted,,,,,,,76.6262513076834,17.3555835096795,0.729650122050447,0.14507551150371,0.0891171684296176,0.0173677089014928,,,,,2.08470707892596,0.433502748640885,15.7193694060212,3.65146666826993,0.0831895850284784,0.0678694438480406,,,,,,,,,,,,,,,,,,,,,,,,,,,,,,,,,2022.0,1999-05-24,,,2024,2
Saquon Barkley,PHI,RB,13604,weighted,,,,,,,76.8780309194467,3.81136347894513,0.710215622457282,0.201736229374829,0.108706265256306,0.0138941671211942,,,,,2.7056590724166,0.411852185046457,21.5548082064396,2.5206952357529,0.168393002441009,0.133897847107024,,,,,,,,,,,,,,,,,,,,,,,,,,,,,,,,,2018.0,1997-02-09,,,2024,2
Bijan Robinson,ATL,RB,16161,weighted,,,,,,,73.07380739277,5.93825285293754,0.500565500406835,0.227471874291416,0.128905614320586,0.0336302686424045,,,,,4.54575264442636,0.574838626721741,36.6104515866558,5.19079790961965,0.184434499593165,0.0917493124209889,,,,,,,,,,,,,,,,,,,,,,,,,,,,,,,,,2023.0,2002-01-30,,,2024,2
Josh Jacobs,GB,RB,14073,weighted,,,,,,,71.3401371614553,4.17207162289536,0.363836452400325,0.18748091815453,0.0912937347436941,0.0138941671211942,,,,,2.55010577705452,0.452917681458232,17.7117098686505,2.37141479513339,0.0513710333604557,0.0476403311246315,,,,,,,,,,,,,,,,,,,,,,,,,,,,,,,,,2019.0,1998-02-11,,,2024,2
Derrick Henry,BAL,RB,12626,weighted,,,,,,,73.7264006741834,6.24400117617642,0.722087062652563,0.150792964405825,0.0696094385679414,0.0333114118023006,,,,,1.58493897477624,0.32119236851513,11.9237306753458,2.18006886943527,0.034613506916192,0.0441381682035427,,,,,,,,,,,,,,,,,,,,,,,,,,,,,,,,,2016.0,1994-01-04,,,2024,2
Rhamondre Stevenson,NE,RB,15259,weighted,,,,,,,67.7952318958503,5.57559865614683,0.364357200976404,0.159501686879964,0.0912937347436941,0.0138941671211942,,,,,3.20646460537022,0.686704556504709,21.0287824014879,2.24603982016146,0.0659845402766477,0.0452739791209086,,,,,,,,,,,,,,,,,,,,,,,,,,,,,,,,,2021.0,1998-02-23,,,2024,2
Zach Charbonnet,SEA,RB,16169,weighted,,,,,,,53.4320341741253,16.8005930956212,0.39699755899105,0.291322031135468,0.0826688364524003,0.0373057391712661,,,,,2.4240032546786,0.41301682198038,17.9673881204231,2.77961525109794,0.125951993490643,0.124615456453902,,,,,,,,,,,,,,,,,,,,,,,,,,,,,,,,,2023.0,2001-01-08,,,2024,2
Brian Robinson,WAS,RB,15716,weighted,,,,,,,60.2458595838661,8.08527982283269,0.305919446704638,0.137974935593336,0.0912937347436941,0.0138941671211942,,,,,1.98353539462978,0.106736549897158,17.2025305126119,2.71784614242825,0.105968266883645,0.0706523748678188,,,,,,,,,,,,,,,,,,,,,,,,,,,,,,,,,2022.0,1999-03-22,,,2024,2
Isiah Pacheco,KC,RB,15749,weighted,,,,,,,67.6126136231547,5.09571752745657,0.582701383238405,0.180854444663205,0.0912937347436941,0.0138941671211942,,,,,2.62635475996745,0.386325988137889,18.8299959316517,2.72512565568151,0.0919121236777868,0.0401459179736041,,,,,,,,,,,,,,,,,,,,,,,,,,,,,,,,,2022.0,1999-03-02,,,2024,2
Joe Mixon,HOU,RB,13131,weighted,,,,,,,70.792701964431,4.42705951602228,0.599117168429618,0.187563910638967,0.0739625711960944,0.0332738469254355,,,,,2.60708706265256,0.3843550461526,20.3113611530861,2.23992843890481,0.0737591537835639,0.0535646828460589,,,,,,,,,,,,,,,,,,,,,,,,,,,,,,,,,2017.0,1996-07-24,,,2024,2
Jerome Ford,CLE,RB,15713,weighted,,,,,,,59.1685162152737,8.17371130904982,0.347180634662327,0.158082551963138,0.0783157038242474,0.0346579220693914,,,,,2.96393816110659,0.355434483285498,19.641867371847,2.39438552165616,0.111236777868186,0.0683359914421621,,,,,,,,,,,,,,,,,,,,,,,,,,,,,,,,,2022.0,1999-09-12,,,2024,2
Zamir White,LVR,RB,15714,weighted,,,,,,,56.3161065907242,8.60815724316616,0.27660292921074,0.12351882564677,0.155553295362083,0.0781407457048842,,,,,1.67762815296989,0.48909222706872,10.044113681274,3.24097285553204,0.0079454841334418,0.0143108760237823,,,,,,,,,,,,,,,,,,,,,,,,,,,,,,,,,2022.0,1999-09-18,,,2024,2
James Conner,ARI,RB,13146,weighted,,,,,,,66.6522997791468,2.65847702794357,0.591960943856794,0.18777516767119,0.0739625711960944,0.0332738469254355,,,,,2.71296989422295,0.72353604947385,18.4762425897943,4.03586217821359,0.0952847843775427,0.0577070097694988,,,,,,,,,,,,,,,,,,,,,,,,,,,,,,,,,2017.0,1995-05-05,,,2024,2
Kenneth Walker III,SEA,RB,15711,weighted,,,,,,,41.827008138712,25.6400057590169,0.254857861586109,0.147672544375999,0.0029104741684359,0.0046689817368632,,,,,1.03619072894551,0.583622717107904,7.23903927813164,4.05686465469014,0.0442968197098372,0.0480646212340047,,,,,,,,,,,,,,,,,,,,,,,,,,,,,,,,,2022.0,2000-10-20,D,Oblique,2024,2
Tony Pollard,TEN,RB,14085,weighted,,,,,,,58.9545048238986,6.63170996809075,0.363584214808788,0.178427906580144,0.0696094385679414,0.0333114118023006,,,,,2.22257933279089,0.685638551109704,15.0944990119726,4.04532123917375,0.0500040683482506,0.0478098018938569,,,,,,,,,,,,,,,,,,,,,,,,,,,,,,,,,2019.0,1997-04-30,,,2024,2
Najee Harris,PIT,RB,15254,weighted,,,,,,,65.4729251423922,3.55757794838131,0.534418226200163,0.202243550442992,0.0912937347436941,0.0138941671211942,,,,,1.50805126118796,0.357360224725086,9.92009764035801,1.33165887726853,0.0627176566314076,0.0446083802539912,,,,,,,,,,,,,,,,,,,,,,,,,,,,,,,,,2021.0,1998-03-09,,,2024,2
James Cook,BUF,RB,15715,weighted,,,,,,,63.1605753806812,3.60611757561543,0.224511798209927,0.125823040181313,0.0934703010577705,0.0104206253408957,,,,,2.89687144019528,0.629373340755005,23.1958200627688,2.73808200869284,0.1406672091131,0.0730133339162951,,,,,,,,,,,,,,,,,,,,,,,,,,,,,,,,,2022.0,1999-09-25,,,2024,2
David Montgomery,DET,RB,14071,weighted,,,,,,,60.0924096245496,5.09111178082364,0.648689991863303,0.163807722249897,0.0912937347436941,0.0138941671211942,,,,,1.22670056956875,0.294318987907572,9.91068115773567,1.93515915371959,0.0500325467860049,0.0471684947030891,,,,,,,,,,,,,,,,,,,,,,,,,,,,,,,,,2019.0,1997-06-07,,,2024,2
Devin Singletary,NYG,RB,14080,weighted,,,,,,,58.3578577240497,5.14297744960853,0.323010577705452,0.146422561617489,0.0696094385679414,0.0333114118023006,,,,,2.63922701383238,0.424315547132276,16.2004783215157,1.82316741276762,0.0646460537021969,0.0452848721203062,,,,,,,,,,,,,,,,,,,,,,,,,,,,,,,,,2019.0,1997-09-03,,,2024,2
Aaron Jones,MIN,RB,13319,weighted,,,,,,,56.494406602348,6.51899853651901,0.279694873881204,0.137942708911932,0.0934703010577705,0.0104206253408957,,,,,2.79420260374288,0.401937257642837,19.3704637917006,2.5687110210117,0.0812855980471928,0.054966928883958,,,,,,,,,,,,,,,,,,,,,,,,,,,,,,,,,2017.0,1994-12-02,,,2024,2
J.K. Dobbins,LAC,RB,14800,weighted,,,,,,,52.0417883296524,11.211364787725,0.359190398698129,0.209890380459204,0.0826688364524003,0.0373057391712661,,,,,2.14246948738812,0.710221938230127,13.0446698825991,4.78161970319953,0.098653376729048,0.098440830910215,,,,,,,,,,,,,,,,,,,,,,,,,,,,,,,,,2020.0,1998-12-17,,,2024,2
Jeffery Wilson,MIA,RB,14017,weighted,,,,,,,38.9011805229372,11.8514983246607,0.223781117895726,0.0726003267952641,0.0490953499295444,0.0416255350286822,,,,,1.16580084546736,0.289008090108708,8.93652262408016,1.74881257392618,0.0137764208548614,0.0229660058956042,,,,,,,,,,,,,,,,,,,,,,,,,,,,,,,,,2018.0,1970-01-01,,,2024,2
Travis Etienne,JAC,RB,15253,weighted,,,,,,,58.1133703359293,4.93071803791099,0.392937347436941,0.183527043543686,0.148413344182262,0.0382342891352277,,,,,2.8640113913751,0.200061104605231,22.4329024758805,1.74602803678247,0.0565825874694874,0.0535088558863712,,,,,,,,,,,,,,,,,,,,,,,,,,,,,,,,,2021.0,1999-01-26,,,2024,2
Jahmyr Gibbs,DET,RB,16162,weighted,,,,,,,56.2240590491689,3.10173971918111,0.623393002441009,0.193002456050375,0.0934703010577705,0.0104206253408957,,,,,3.83315703824247,0.433223438942378,27.1040148785307,3.7450990109041,0.14573230268511,0.0867331477824124,,,,,,,,,,,,,,,,,,,,,,,,,,,,,,,,,2023.0,2002-03-20,,,2024,2
Alvin Kamara,NO,RB,13132,weighted,,,,,,,53.4166546553528,4.01190730824219,0.271753458096013,0.122079223842372,0.0912937347436941,0.0138941671211942,,,,,4.20109438567941,0.442986605970801,30.007558409857,4.93255935227183,0.133942229454841,0.0719420056043799,,,,,,,,,,,,,,,,,,,,,,,,,,,,,,,,,2017.0,1995-07-25,,,2024,2
Zack Moss,CIN,RB,14798,weighted,,,,,,,50.2126944089271,5.51004107417003,0.346436126932465,0.155863186994028,0.0,0.0,,,,,2.06986981285598,0.123252201398832,14.702718237824,1.73320573754711,0.0958746948738812,0.0580074608584815,,,,,,,,,,,,,,,,,,,,,,,,,,,,,,,,,2020.0,1970-01-01,,,2024,2
D'Andre Swift,CHI,RB,14797,weighted,,,,,,,53.7436126932465,4.62357733518734,0.278299430431245,0.123733356610686,0.0696094385679414,0.0333114118023006,,,,,2.32700569568755,0.513309661557175,15.320309194467,3.16687886114052,0.0619121236777868,0.0453764998551196,,,,,,,,,,,,,,,,,,,,,,,,,,,,,,,,,2020.0,1999-01-14,,,2024,2
Devon Achane,MIA,RB,16167,weighted,,,,,,,52.5197140532372,2.96152539427323,0.584104963384866,0.195930379291756,0.0912937347436941,0.0138941671211942,,,,,3.75600895036615,0.702519372609071,30.1566011856329,4.89923028806001,0.171863303498779,0.073552382019485,,,,,,,,,,,,,,,,,,,,,,,,,,,,,,,,,2023.0,2001-10-13,,,2024,2
Chuba Hubbard,CAR,RB,15261,weighted,,,,,,,48.5373050098803,4.64953376019989,0.229841334418226,0.108040630929626,0.0696094385679414,0.0333114118023006,,,,,1.93292921074044,0.53278422373453,13.3250151110078,2.97320024719761,0.0132994304312449,0.0264120646697033,,,,,,,,,,,,,,,,,,,,,,,,,,,,,,,,,2021.0,1999-06-11,,,2024,2
Rachaad White,TB,RB,15721,weighted,,,,,,,49.3234929675695,2.65700544500549,0.269764035801465,0.129020600507629,0.123860862489829,0.033794892116904,,,,,3.66881204231082,0.322925259695338,28.7867894920377,3.48175711053346,0.125874694873881,0.0689384338820278,,,,,,,,,,,,,,,,,,,,,,,,,,,,,,,,,2022.0,1999-01-12,,,2024,2
Javonte Williams,DEN,RB,15256,weighted,,,,,,,45.2626415203999,2.78045347756299,0.211956875508544,0.0999013571490334,0.0891171684296176,0.0173677089014928,,,,,2.33825467860049,0.417817786763265,14.3062745553877,1.86173430715945,0.0773026851098454,0.0376106678163459,,,,,,,,,,,,,,,,,,,,,,,,,,,,,,,,,2021.0,2000-04-25,,,2024,2
Gus Edwards,LAC,RB,13850,weighted,,,,,,,43.465384749506,6.9527411294148,0.316948738812042,0.165247124037107,0.108624898291294,0.0454134695987337,,,,,1.06818958502848,0.23514782238823,8.71894048587702,2.79661779783501,0.0145809601301871,0.0264091550497635,,,,,,,,,,,,,,,,,,,,,,,,,,,,,,,,,2018.0,1995-04-13,,,2024,2
Tyler Allgeier,ATL,RB,15712,weighted,,,,,,,31.4523253516215,9.51037144959267,0.154662327095199,0.0735346142930852,0.0087062652563059,0.0138941671211942,,,,,0.926163547599674,0.114261149065321,7.9431512263164,2.20348386647684,0.0365825874694874,0.0448827923775522,,,,,,,,,,,,,,,,,,,,,,,,,,,,,,,,,2022.0,2000-04-15,,,2024,2
Ezekiel Elliott,DAL,RB,12625,weighted,,,,,,,45.9330134836685,1.21617682498946,0.368287225386493,0.180511322101867,0.0696094385679414,0.0333114118023006,,,,,2.1446460537022,0.344680517757451,13.720593397652,1.19453114119818,0.0758177379983727,0.0568961249154898,,,,,,,,,,,,,,,,,,,,,,,,,,,,,,,,,2016.0,1995-07-22,,,2024,2
Miles Sanders,CAR,RB,14079,weighted,,,,,,,37.0697605486458,7.47133101089416,0.142522375915378,0.0965217616031955,0.110882831570382,0.0173677089014928,,,,,1.27644833197722,0.369549684734315,7.79130884575148,2.05596506152826,0.0066354759967453,0.0122708172457654,,,,,,,,,,,,,,,,,,,,,,,,,,,,,,,,,2019.0,1970-01-01,,,2024,2
Jaleel McLaughlin,DEN,RB,16390,weighted,,,,,,,36.1060792746716,6.82297215549526,0.155968266883645,0.0749873390547421,0.14039869812856,0.0730236990367562,,,,,2.63193246541904,0.311999894396767,15.0429803556899,3.2866057800359,0.0786696501220504,0.0362099572507797,,,,,,,,,,,,,,,,,,,,,,,,,,,,,,,,,2023.0,2000-09-13,,,2024,2
Trey Benson,ARI,RB,16594,weighted,,,,,,,22.9962507264908,10.1458860711203,0.135207485760781,0.122624844787981,0.0289056143205858,0.0336302686424045,,,,,1.00050447518308,0.139111617935524,6.92660351040335,1.54977380629501,0.0272660699755899,0.0396850055012122,,,,,,,,,,,,,,,,,,,,,,,,,,,,,,,,,2024.0,2002-07-23,,,2024,2
Jaylen Warren,PIT,RB,15742,weighted,,,,,,,32.2158032081832,6.84575911730033,0.160073230268511,0.073733555587906,0.0891171684296176,0.0173677089014928,,,,,2.63248576078112,0.435025043748742,17.3725159827967,2.85205041780102,0.0567249796582587,0.0521490901455977,,,,,,,,,,,,,,,,,,,,,,,,,,,,,,,,,2022.0,1998-11-01,,,2024,2
Tank Bigsby,JAC,RB,16164,weighted,,,,,,,32.5480977565965,4.91089828972208,0.172420667209113,0.0904539858725446,0.0556346623270952,0.0673838372422573,,,,,0.634475183075671,0.399400702284223,3.03961525049401,2.30438029530025,0.003986981285598,0.0077010082275894,,,,,,,,,,,,,,,,,,,,,,,,,,,,,,,,,2023.0,2002-08-30,,,2024,2
Rico Dowdle,DAL,RB,14823,weighted,,,,,,,35.9952772288736,5.35847766422262,0.170406834825061,0.0881390462258039,0.0,0.0,,,,,1.31851098454028,0.317914190507859,10.917300941532,2.41781952635909,0.0746826688364524,0.0380954408731603,,,,,,,,,,,,,,,,,,,,,,,,,,,,,,,,,2020.0,1998-06-14,,,2024,2
Bucky Irving,TB,RB,16598,weighted,,,,,,,30.8944275252819,3.64362633170608,0.133087876322213,0.0919708487048544,0.12019934906428,0.0365118495183781,,,,,1.45756305939788,0.343790956532659,10.6628089038707,2.71316439006081,0.0298860862489829,0.0413050092809027,,,,,,,,,,,,,,,,,,,,,,,,,,,,,,,,,2024.0,2002-08-19,,,2024,2
Pierre Strong Jr.,CLE,RB,15733,weighted,,,,,,,22.4267147667148,8.73083290134334,0.117181337181337,0.0955720723531351,0.0283309283309283,0.0371361153447501,,,,,1.00332371332371,0.281067124592264,7.27299182299182,1.60304506753171,0.0093602693602693,0.0163954516071795,,,,,,,,,,,,,,,,,,,,,,,,,,,,,,,,,2022.0,1998-12-10,,,2024,2
Antonio Gibson,NE,RB,14852,weighted,,,,,,,25.1766087411368,5.54109281933353,0.129060211554109,0.0774876340443842,0.0869406021155411,0.0208412506817913,,,,,1.88810414971522,0.391967426439434,14.2801946995234,2.9689859397196,0.0587021969080553,0.0462315986321395,,,,,,,,,,,,,,,,,,,,,,,,,,,,,,,,,2020.0,1970-01-01,,,2024,2
Tyjae Spears,TEN,RB,16165,weighted,,,,,,,29.4268871323957,3.28252570931066,0.153262815296989,0.0743290850444639,0.0087062652563059,0.0138941671211942,,,,,2.56721724979658,0.462615055069126,18.8729820992677,3.71064583055905,0.0879820992676973,0.0383850836398196,,,,,,,,,,,,,,,,,,,,,,,,,,,,,,,,,2023.0,2001-06-15,,,2024,2
Jamaal Williams,NO,RB,13139,weighted,,,,,,,27.7716639544345,4.76523212006924,0.203148901545972,0.0974548603987521,0.0,0.0,,,,,1.14725793327909,0.486604558138502,6.25470301057771,1.61804959412441,0.0065785191212367,0.0144924727719704,,,,,,,,,,,,,,,,,,,,,,,,,,,,,,,,,2017.0,,,,2024,2
Ty Chandler,MIN,RB,15723,weighted,,,,,,,28.5900435894455,2.21330542695295,0.178384865744508,0.0812544033870733,0.0130593978844589,0.0208412506817913,,,,,1.6813506916192,0.331062657828513,11.8937498547018,1.58726675972548,0.0487225386493084,0.0466586482672025,,,,,,,,,,,,,,,,,,,,,,,,,,,,,,,,,2022.0,1998-05-12,,,2024,2
Chase Brown,CIN,RB,16181,weighted,,,,,,,26.6870655585261,5.5965052793128,0.127388120423108,0.0905268516482905,0.0,0.0,,,,,2.34911310008137,0.579157359386736,16.1026258281995,3.13675907405304,0.0640276647681041,0.0446641988058828,,,,,,,,,,,,,,,,,,,,,,,,,,,,,,,,,2023.0,2000-03-21,,,2024,2
Khalil Herbert,CHI,RB,15271,weighted,,,,,,,26.1210728815529,4.95985818994236,0.108527257933279,0.058502486663983,0.0087062652563059,0.0138941671211942,,,,,0.915117982099268,0.218933895753173,5.74636115308613,1.3328484906703,0.0259560618388934,0.0393600299282664,,,,,,,,,,,,,,,,,,,,,,,,,,,,,,,,,2021.0,1970-01-01,,,2024,2
Alexander Mattison,LVR,RB,14223,weighted,,,,,,,25.997284668139,3.28278616130293,0.0865541090317331,0.0606770056343371,0.0934703010577705,0.0104206253408957,,,,,2.18284784377543,0.623423223896887,14.6584575148204,3.14146087048233,0.111379170056957,0.0716032284196214,,,,,,,,,,,,,,,,,,,,,,,,,,,,,,,,,2019.0,,,,2024,2
MarShawn Lloyd,GB,RB,16604,weighted,,,,,,,13.2520806916427,10.8414508430115,0.0715561959654179,0.0442524516603874,0.0056685878962536,0.0081608694488973,,,,,0.556438040345821,0.540858181538422,3.60237463976945,1.97457003427838,0.0075043227665706,0.010845120855691,,,,,,,,,,,,,,,,,,,,,,,,,,,,,,,,,2024.0,2001-01-05,Q,Hamstring,2024,2
Trey Sermon,IND,RB,15257,weighted,,,,,,,11.9319769119769,9.99705319708588,0.0291053391053391,0.040183827429135,0.0,0.0,,,,,0.529225589225589,0.363704235851773,3.35970177970178,1.74725928867894,0.0033702423187881,0.0078369138038563,,,,,,,,,,,,,,,,,,,,,,,,,,,,,,,,,2021.0,1999-01-30,,,2024,2
Austin Ekeler,WAS,RB,13404,weighted,,,,,,,26.2464021164021,2.56434882509359,0.175993265993266,0.0910149979919737,0.088956228956229,0.0191521453176653,,,,,2.92544492544493,0.174985707405199,24.0502645502646,2.13071191771822,0.0824531024531025,0.0664359033418629,,,,,,,,,,,,,,,,,,,,,,,,,,,,,,,,,,,,,2024,2
Justice Hill,BAL,RB,14086,weighted,,,,,,,17.6690817156806,6.90420040775621,0.0965663140764849,0.0587520829527743,0.0278173311635476,0.0336919186211286,,,,,2.31059397884459,0.900888410855274,18.1385958386609,4.34305734662746,0.0492514239218877,0.0616214057316175,,,,,,,,,,,,,,,,,,,,,,,,,,,,,,,,,2019.0,1997-11-14,,,2024,2
Braelon Allen,NYJ,RB,16596,weighted,,,,,,,23.2322561897013,5.48168633596833,0.102542717656631,0.096737892643723,0.0549430431244915,0.0357466942391345,,,,,0.709837266069976,0.43492645689341,5.75196791816808,2.09179387269251,0.0092839707078925,0.0169514529087727,,,,,,,,,,,,,,,,,,,,,,,,,,,,,,,,,2024.0,2004-01-20,,,2024,2
Tyrone Tracy,NYG,RB,16747,weighted,,,,,,,16.2913931186795,6.13674949863105,0.0757607811228641,0.0794703375717749,0.0278173311635476,0.0336919186211286,,,,,0.857005695687551,0.404537580010238,8.24473846332675,1.34136805910694,0.0446786004882018,0.0463232276771949,,,,,,,,,,,,,,,,,,,,,,,,,,,,,,,,,2024.0,1999-11-23,,,2024,2
Samaje Perine,KC,RB,13133,weighted,,,,,,,12.4838689991863,6.042817032466,0.0653946297803092,0.0450233297214731,0.0549430431244915,0.0357466942391345,,,,,1.72037428803906,0.474797162823017,13.7803243054748,4.12880894929486,0.0719161920260374,0.0489837217015233,,,,,,,,,,,,,,,,,,,,,,,,,,,,,,,,,2017.0,1995-09-16,,,2024,2
Ray Davis,BUF,RB,16603,weighted,,,,,,,15.44208648146,4.72579084218267,0.0785842148087876,0.0683110525262465,0.0549430431244915,0.0357466942391345,,,,,0.788140764849471,0.422009550478585,7.00384633267465,3.47888933494755,0.0232506102522376,0.0372774027451422,,,,,,,,,,,,,,,,,,,,,,,,,,,,,,,,,2024.0,1999-11-20,,,2024,2
Kenny McIntosh,SEA,RB,16170,weighted,,,,,,,14.7954289201441,7.11167578357596,0.0913791700569569,0.0715560654151368,0.0278173311635476,0.0336919186211286,,,,,0.901314076484947,0.579014567682337,6.13195803789376,3.59562774277114,0.0206021155410903,0.0366054050458054,,,,,,,,,,,,,,,,,,,,,,,,,,,,,,,,,2023.0,2000-03-03,,,2024,2
Jaylen Wright,MIA,RB,16610,weighted,,,,,,,17.1628228524933,3.90019307915207,0.0913222131814483,0.0693367448329297,0.0245524816924329,0.0344062943675801,,,,,0.816790073230268,0.158374657958704,5.71627688015808,1.44175658467086,0.0272945484133442,0.0408567421795811,,,,,,,,,,,,,,,,,,,,,,,,,,,,,,,,,2024.0,2003-04-01,,,2024,2
Kenneth Gainwell,PHI,RB,15255,weighted,,,,,,,12.7833430198768,4.83532128315502,0.0671521562245728,0.0486925731106134,0.0130593978844589,0.0208412506817913,,,,,1.053344182262,0.347395521149975,7.23158839939556,2.67373016206742,0.0286899918633035,0.0405979897569332,,,,,,,,,,,,,,,,,,,,,,,,,,,,,,,,,2021.0,1999-03-14,,,2024,2
Blake Corum,LAR,RB,16593,weighted,,,,,,,10.4753439153439,7.76710719898931,0.0629292929292929,0.0765711925493491,0.025017797017797,0.0379295419461107,,,,,0.348686868686869,0.232232542983996,3.22106782106782,1.99215627264374,0.0047138047138047,0.0082484656657826,,,,,,,,,,,,,,,,,,,,,,,,,,,,,,,,,2024.0,2000-11-25,,,2024,2
Isaac Guerendo,SF,RB,16688,weighted,,,,,,,11.1644781144781,4.97396505883002,0.0732996632996633,0.0416599601610623,0.0,0.0,,,,,0.500692640692641,0.385930658828472,4.15612313612314,3.92664508793786,0.0188600288600289,0.0387506992941164,,,,,,,,,,,,,,,,,,,,,,,,,,,,,,,,,2024.0,2000-06-28,,,2024,2
Dameon Pierce,HOU,RB,15717,weighted,,,,,,,17.1253824247356,1.57021108291744,0.0765215622457282,0.0536493619975531,0.0087062652563059,0.0138941671211942,,,,,0.406179820992677,0.346292731703554,3.79282633964896,1.444039261812,0.0039585028478437,0.0076532002024928,,,,,,,,,,,,,,,,,,,,,,,,,,,,,,,,,2022.0,2000-02-19,Q,Hamstring,2024,2
Patrick Taylor,SF,RB,14817,weighted,,,,,,,7.77347648261759,10.6387914287808,0.0074329363647299,0.0108574853974325,0.0,0.0,,,,,0.29,0.187751210571407,2.1319018404908,1.62717775334855,0.0041861299465432,0.0051636625516629,,,,,,,,,,,,,,,,,,,,,,,,,,,,,,,,,2020.0,,,,2024,2
Ronnie Rivers,LAR,RB,15726,weighted,,,,,,,14.176975473672,3.54258757359746,0.0567249796582587,0.0521490901455977,0.0,0.0,,,,,0.551436126932465,0.312926702992868,2.82350924096245,0.785600873147665,0.0028408530925176,0.0072274157852611,,,,,,,,,,,,,,,,,,,,,,,,,,,,,,,,,2022.0,1999-01-31,,,2024,2
Emanuel Wilson,GB,RB,16432,weighted,,,,,,,10.8508630710217,4.78491611586425,0.0768836452400325,0.0714806200672686,0.0,0.0,,,,,0.492497965825875,0.361549802499437,2.94903405788678,1.49756233260624,0.0080309194467046,0.0220857638500981,,,,,,,,,,,,,,,,,,,,,,,,,,,,,,,,,2023.0,1999-05-08,,,2024,2
Roschon Johnson,CHI,RB,16175,weighted,,,,,,,8.67578328530259,6.38513422669194,0.0440047371101078,0.054178567403258,0.0170057636887608,0.0244826083466919,,,,,0.709560806916427,0.487214851496417,4.92171873198847,3.19777588311707,0.0126381724756674,0.0258150081360934,,,,,,,,,,,,,,,,,,,,,,,,,,,,,,,,,2023.0,2001-01-31,,,2024,2
Cordarrelle Patterson,PIT,RB,11225,weighted,,,,,,,9.32195629431594,3.33467404221515,0.0538486574450773,0.0519373830065326,0.0,0.0,,,0.06,0.0,0.381456468673718,0.38380070532189,3.5523555736371,2.30317321843085,0.0240811156846791,0.0376283492529012,,,,,,,,,,,,,,,,,,,,,,,,,,,,,,,,,2013.0,1991-03-17,,,2024,2
Ameer Abdullah,LVR,RB,12155,weighted,,,,,,,5.50467595396729,5.52333195650096,0.0,0.0,0.0,0.0,,,,,0.629130224106602,0.46114289220311,4.30590430042399,3.06239022173438,0.0027267707495231,0.0043585861463372,,,,,,,,,,,,,,,,,,,,,,,,,,,,,,,,,2015.0,1993-06-13,,,2024,2
Emari Demercado,ARI,RB,16385,weighted,,,,,,,7.26547192839707,3.54418954411967,0.0245890968266884,0.0377395122076081,0.0108828315703824,0.0173677089014928,,,,,1.17705044751831,0.277440629843631,8.92620364988957,3.27509374155972,0.0320219690805533,0.0429897846167684,,,,,,,,,,,,,,,,,,,,,,,,,,,,,,,,,2023.0,1999-01-20,,,2024,2
Ty Johnson,BUF,RB,14095,weighted,,,,,,,9.88060154525386,1.86771139450363,0.0356764427625355,0.0432606291791489,0.0,0.0,,,,,0.68352885525071,0.395632149837814,6.43549984232104,1.7285234498096,0.0154304635761589,0.0260904228754852,,,,,,,,,,,,,,,,,,,,,,,,,,,,,,,,,2019.0,1997-09-17,,,2024,2
Eric Gray,NYG,RB,16173,weighted,,,,,,,9.38504809208452,3.00134343628451,0.0449810785241249,0.0522005590016753,0.0,0.0,,,,,0.550274361400189,0.34407487469147,3.72526805424156,0.65308190828668,0.0038763796909492,0.0077808011450442,,,,,,,,,,,,,,,,,,,,,,,,,,,,,,,,,2023.0,1999-11-04,,,2024,2
Deuce Vaughn,DAL,RB,16176,weighted,,,,,,,5.91450456950457,3.37947297561021,0.0307034427278524,0.0374882099894661,0.0,0.0,,,,,0.46295013628347,0.10374310477387,3.44197450697451,0.636185077528237,0.0065414084022038,0.0113961024492601,,,,,,,,,,,,,,,,,,,,,,,,,,,,,,,,,2023.0,2001-11-02,,,2024,2
Jordan Mims,NO,RB,16424,weighted,,,,,,,5.82337367624811,4.35502410926743,0.0309984871406959,0.048181812043219,0.0411497730711044,0.0420736558031907,,,,,0.20411497730711,0.110200320060883,1.32907715582451,0.502542665181726,0.0049243570347957,0.0057734344048068,,,,,,,,,,,,,,,,,,,,,,,,,,,,,,,,,2023.0,1999-06-16,,,2024,2
Cam Akers,HOU,RB,14799,weighted,,,,,,,4.78932162325863,3.84760765548976,0.0479619643939434,0.0490717937586911,0.0,0.0,,,,,0.287935796486978,0.290702539796599,1.90560024227741,1.75800777299113,0.0258704591949371,0.0414653287579032,,,,,,,,,,,,,,,,,,,,,,,,,,,,,,,,,2020.0,1970-01-01,,,2024,2
Avery Williams,ATL,RB,15454,weighted,,,,,,,5.49909365558912,4.71751104450532,0.0346424974823766,0.0582888968445826,0.0,0.0,,,,,0.447593152064451,0.269507788438886,2.24974823766365,1.14980399036237,0.0032426988922457,0.0057342082646571,,,,,,,,,,,,,,,,,,,,,,,,,,,,,,,,,2021.0,1998-07-15,,,2024,2
Jase McClellan,ATL,RB,16605,weighted,,,,,,,4.43031414597442,3.42980906954906,0.0379631390682827,0.0440855348779371,0.0,0.0,,,,,0.133888261851016,0.0595894542838624,1.06330887885628,0.379497103311608,0.0039243022778575,0.0048766574655236,,,,,,,,,,,,,,,,,,,,,,,,,,,,,,,,,2024.0,2002-06-25,Q,Knee,2024,2
Clyde Edwards-Helaire,KC,RB,14803,weighted,,,,,,,9.0,0.0,0.0,0.0,0.0,0.0,,,,,1.1,0.0,10.0,0.0,0.1,0.0,,,,,,,,,,,,,,,,,,,,,,,,,,,,,,,,,2020.0,1970-01-01,,Illness,2024,2
Craig Reynolds,DET,RB,14727,weighted,,,,,,,4.932634766808,3.5130550330882,0.0282188314760386,0.0422062705018951,0.0,0.0,,,,,0.286695336159903,0.181162326933839,2.51377831617202,1.49634631747968,0.0040203339967119,0.0042135797828831,,,,,,,,,,,,,,,,,,,,,,,,,,,,,,,,,2019.0,1996-06-15,,,2024,2
Cody Schrader,LAR,RB,16600,weighted,,,,,,,5.0535661218425,4.98510280736516,0.05528406607814,0.0646794732202989,0.0,0.0,,,,,0.156002971768202,0.0636396103067893,0.971604754829123,1.05358910396796,0.0,0.0,,,,,,,,,,,,,,,,,,,,,,,,,,,,,,,,,2024.0,1999-09-08,,,2024,2
Jeremy McNichols,WAS,RB,13143,weighted,,,,,,,7.7119,0.702211006733145,0.0494791666666667,0.0502500228763592,0.0,0.0,,,,,0.1,0.0,1.2034,0.20063171620947,0.0,0.0,,,,,,,,,,,,,,,,,,,,,,,,,,,,,,,,,2017.0,1995-12-26,,,2024,2
Will Shipley,PHI,RB,16601,weighted,,,,,,,4.54114476075106,3.12879310713862,0.0288067837674137,0.0443394195041044,0.0,0.0,,,,,0.131720169594185,0.0966388750753203,1.44981223500909,0.540531602275329,0.0059357964869775,0.0089433539999488,,,,,,,,,,,,,,,,,,,,,,,,,,,,,,,,,2024.0,2002-08-29,,,2024,2
Kimani Vidal,LAC,RB,16757,weighted,,,,,,,5.86364506359782,1.9774828785923,0.0445776989134926,0.0368451280715212,0.0395921663638199,0.0366187167024181,,,,,0.216569351907935,0.0178866239989284,1.40475832828589,0.272295138725443,0.004606446683031,0.0050525038845519,,,,,,,,,,,,,,,,,,,,,,,,,,,,,,,,,2024.0,2001-08-28,,,2024,2
Dare Ogunbowale,HOU,RB,13148,weighted,,,,,,,4.42926406926407,2.08392233175162,0.02317598193468,0.0389026813194016,0.0,0.0,,,,,0.496786916786917,0.254606179078129,3.801924001924,1.04140862757549,0.0062289562289562,0.0118331374103564,,,,,,,,,,,,,,,,,,,,,,,,,,,,,,,,,2017.0,1994-05-04,,,2024,2
Carson Steele,KC,RB,16612,weighted,,,,,,,6.3121027086269,0.942205362189248,0.02378581493659,0.038742067904889,0.0,0.0,,,,,0.168095349929544,0.0889435857639501,1.6218130577736,0.27825062599472,0.0017518212545704,0.0038659533984514,,,,,,,,,,,,,,,,,,,,,,,,,,,,,,,,,2024.0,2002-10-21,,,2024,2
JaMycal Hasty,NE,RB,14821,weighted,,,,,,,2.64621078134464,2.8549416138625,0.0234038239450838,0.0440611344009178,0.0,0.0,,,,,0.182956995760145,0.0754482547919648,1.16629073288916,0.490358948832141,0.0,0.0,,,,,,,,,,,,,,,,,,,,,,,,,,,,,,,,,2020.0,1970-01-01,Q,Knee,2024,2
Patrick Ricard,BAL,RB,13455,weighted,,,,,,,3.84946070878274,4.49012806053458,0.0,0.0,0.0751926040061633,0.0353553390593274,,,,,0.306502311248074,0.275771644662754,2.39744221879815,2.28395490323255,0.055346687211094,0.0636396103067893,,,,,,,,,,,,,,,,,,,,,,,,,,,,,,,,,2017.0,1994-05-27,,,2024,2
Isaiah Davis,NYJ,RB,16752,weighted,,,,,,,5.715,1.13844191771034,0.0412960122699387,0.0264514331183127,0.0,0.0,,,,,0.1375,0.0176776695296637,1.1025,0.236880771697493,0.0,0.0,,,,,,,,,,,,,,,,,,,,,,,,,,,,,,,,,2024.0,2002-02-21,,,2024,2
DOnta Foreman,CLE,RB,13134,weighted,,,,,,,4.26387096774194,2.48194480196478,0.0049462365591397,0.0070710678118654,0.0,0.0,,,,,0.197150537634409,0.0459619407771256,1.46510752688172,0.314662517628014,0.0068077559330661,0.0044664881000984,,,,,,,,,,,,,,,,,,,,,,,,,,,,,,,,,2017.0,1996-04-24,,,2024,2
Blake Watson,DEN,RB,16803,weighted,,,,,,,3.738125,3.18905158315133,0.005015243902439,0.0070710678118654,0.0,0.0,,,,,0.523856707317073,0.530330085889911,3.51243902439024,3.50724963468528,0.0,0.0,,,,,,,,,,,,,,,,,,,,,,,,,,,,,,,,,2024.0,1999-10-14,,,2024,2
Tyler Goodson,IND,RB,15730,weighted,,,,,,,6.0,0.0,0.0,0.0,0.0,0.0,,,,,0.4,0.0,2.0,0.0,0.0,0.0,,,,,,,,,,,,,,,,,,,,,,,,,,,,,,,,,2022.0,2000-11-10,,,2024,2
Travis Homer,CHI,RB,14083,weighted,,,,,,,3.49512091038407,1.55224694764729,0.0030302895598948,0.0046397285619184,0.0,0.0,,,,,0.394580369843528,0.195136046364653,3.14073968705548,1.45346398424902,0.0049962534381558,0.0095038033591376,,,,,,,,,,,,,,,,,,,,,,,,,,,,,,,,,2019.0,1998-08-07,,,2024,2
D'Ernest Johnson,JAC,RB,14331,weighted,,,,,,,3.0350726855394,1.87020676918004,0.0,0.0,0.0,0.0,,,,,0.215855011476664,0.126368664810852,2.86070772762051,2.84457633253942,0.0060446952308084,0.0047247525307923,,,,,,,,,,,,,,,,,,,,,,,,,,,,,,,,,2019.0,,,,2024,2
Trayveon Williams,CIN,RB,14076,weighted,,,,,,,5.0,0.0,0.0,0.0,0.0,0.0,,,,,0.5,0.0,2.0,0.0,0.0,0.0,,,,,,,,,,,,,,,,,,,,,,,,,,,,,,,,,2019.0,1970-01-01,,,2024,2
Raheem Blackshear,CAR,RB,15973,weighted,,,,,,,3.84808,0.65591028116573,0.0834303636363636,0.0289853244851474,0.0,0.0,,,,,0.45902,0.0532831561146101,3.71285,0.256491920670595,0.0,0.0,,,,,,,,,,,,,,,,,,,,,,,,,,,,,,,,,2022.0,1998-06-05,Q,Personal,2024,2
Sione Vaki,DET,RB,16678,weighted,,,,,,,4.2,,0.01,,0.0,,,,,,0.0,,0.0,,0.0,,,,,,,,,,,,,,,,,,,,,,,,,,,,,,,,,,2024.0,2001-07-30,,,2024,2
Israel Abanikanda,NYJ,RB,16168,weighted,,,,,,,1.90725707727621,1.43756970504042,0.004340330910482,0.0042509401631213,0.0,0.0,,,,,0.316237566947207,0.202166608346831,2.13877390971691,1.34445639704666,0.0065057236183862,0.0044371677268245,,,,,,,,,,,,,,,,,,,,,,,,,,,,,,,,,2023.0,2002-10-05,,,2024,2
Dylan Laube,LVR,RB,16613,weighted,,,,,,,2.35405076142132,0.49583494119666,0.0083121247942887,0.0104273384044242,0.0665989847715736,0.0288381317587795,,,,,0.117813874788494,0.0203640429835845,0.514375634517766,0.514751171998921,0.0,0.0,,,,,,,,,,,,,,,,,,,,,,,,,,,,,,,,,2024.0,1999-12-14,,,2024,2
DeeJay Dallas,ARI,RB,14815,weighted,,,,,,,1.76231707317073,1.07480230740355,0.0,0.0,0.0,0.0,,,,,0.195289634146341,0.134350288425444,1.03815548780488,1.46371103705615,0.0,0.0,,,,,,,,,,,,,,,,,,,,,,,,,,,,,,,,,2020.0,1998-09-16,,,2024,2
Hassan Haskins,LAC,RB,15720,weighted,,,,,,,2.51,,0.0,,0.0,,,,,,0.13,,0.73,,0.0,,,,,,,,,,,,,,,,,,,,,,,,,,,,,,,,,,2022.0,1999-11-26,Q,Toe,2024,2
Kyle Juszczyk,SF,RB,11367,weighted,,,,,,,2.04428571428571,0.404500624264855,0.00368,0.0086783667896099,0.0,0.0,,,,,1.02478857142857,0.410095440010343,10.4754971428571,5.67037813624272,0.06832,0.0472190404690428,,,,,,,,,,,,,,,,,,,,,,,,,,,,,,,,,2013.0,1991-04-23,,,2024,2
Alec Ingold,MIA,RB,14420,weighted,,,,,,,1.38655524605385,0.623602240536895,0.0029897864438254,0.0056331278799019,0.0,0.0,,,,,0.591959145775302,0.205511499627756,4.08798514391829,1.03437191362685,0.0059795728876508,0.011266255759804,,,,,,,,,,,,,,,,,,,,,,,,,,,,,,,,,2019.0,1996-07-09,,,2024,2
Sean Tucker,TB,RB,16166,weighted,,,,,,,1.14128538638103,0.640067665883415,0.0,0.0,0.0,0.0,,,,,0.11871843917368,0.0143545497122633,0.706025248661056,0.50803123340932,0.0041418005610813,0.0041755168582101,,,,,,,,,,,,,,,,,,,,,,,,,,,,,,,,,2023.0,2001-10-25,,,2024,2
Julius Chestnut,TEN,RB,15965,weighted,,,,,,,2.0,0.0,0.0,0.0,0.0,0.0,,,,,0.4,0.0,4.0,0.0,0.0,0.0,,,,,,,,,,,,,,,,,,,,,,,,,,,,,,,,,2022.0,2000-10-26,,,2024,2
C.J. Ham,MIN,RB,12923,weighted,,,,,,,1.14636455186304,0.769682192150573,0.0378851963746224,0.0556177548293702,0.134642497482377,0.0582888968445826,,,,,0.770473313192346,0.311740339975111,4.6573413897281,1.48039139376717,0.0064853977844914,0.0114684165293143,,,,,,,,,,,,,,,,,,,,,,,,,,,,,,,,,2016.0,1993-07-22,,,2024,2
Hunter Luepke,DAL,RB,16391,weighted,,,,,,,1.20563947633434,0.267153331347673,0.103746223564955,0.0941381477880764,0.0,0.0,,,,,0.372547834843907,0.258640336999663,2.79081570996979,2.41077775404418,0.0129707955689829,0.0229368330586286,,,,,,,,,,,,,,,,,,,,,,,,,,,,,,,,,2023.0,2000-02-28,,,2024,2
Michael Burton,DEN,RB,12325,weighted,,,,,,,1.09,,0.01,,0.0,,,,,,0.22,,1.53,,0.01,,,,,,,,,,,,,,,,,,,,,,,,,,,,,,,,,,2015.0,1992-02-01,,,2024,2
Adam Prentice,NO,RB,15650,weighted,,,,,,,0.0,,0.0,,0.0,,,,,,0.1,,0.0,,0.0,,,,,,,,,,,,,,,,,,,,,,,,,,,,,,,,,,2021.0,1997-01-16,,,2024,2
Dalvin Cook,DAL,RB,13128,weighted,,,,,,,0.6,,0.0,,0.0,,,,,,0.13,,0.87,,0.01,,,,,,,,,,,,,,,,,,,,,,,,,,,,,,,,,,2017.0,1995-08-10,,,2024,2
Khari Blasingame,CHI,RB,14552,weighted,,,,,,,0.51,,0.0,,0.0,,,,,,0.12,,0.83,,0.0,,,,,,,,,,,,,,,,,,,,,,,,,,,,,,,,,,2019.0,1970-01-01,O,Hand,2024,2
Myles Gaskin,MIN,RB,14081,weighted,,,,,,,0.48,,0.0,,0.0,,,,,,0.12,,0.8,,0.01,,,,,,,,,,,,,,,,,,,,,,,,,,,,,,,,,,2019.0,1970-01-01,,,2024,2
CeeDee Lamb,DAL,WR,14832,weighted,,,,,,,5.04773916075788,1.48413274669054,0.0252644426362897,0.038855921965314,0.0912937347436941,0.0138941671211942,,,,,7.1956834825061,0.453684306387757,93.6918499360688,7.0162083496418,0.619922701383238,0.304619276537164,,,,,,,,,,,,,,,,,,,,,,,,,,,,,,,,,2020.0,1999-04-08,,,2024,2
Tyreek Hill,MIA,WR,12801,weighted,,,,,,,1.77479367662443,0.776480023809474,0.0043443178736099,0.0108275282627195,0.047233523189585,0.0362634812115056,,,,,6.94021155410903,0.343511457794836,98.7788515634081,5.56885003203046,0.771114727420667,0.180257820353023,,,,,,,,,,,,,,,,,,,,,,,,,,,,,,,,,2016.0,1994-03-01,,,2024,2
Cooper Kupp,LAR,WR,13164,weighted,,,,,,,3.36133093107056,1.34201173135201,0.0206021155410903,0.0366054050458054,0.0537632221318145,0.0396417424090329,,,,,7.55895036615134,0.586745544149364,88.9510263861444,5.2887074708181,0.747969894222945,0.205076392339342,,,,,,,,,,,,,,,,,,,,,,,,,,,,,,,,,2017.0,1993-06-15,,,2024,2
Justin Jefferson,MIN,WR,14836,weighted,,,,,,,0.380595141229803,0.352258999485011,0.0,0.0,0.047233523189585,0.0362634812115056,,,,,6.43078925956062,0.351043769199285,87.2028716726723,3.29593929836649,0.419975589910496,0.189900114297258,,,,,,,,,,,,,,,,,,,,,,,,,,,,,,,,,2020.0,1999-06-16,,,2024,2
Ja'Marr Chase,CIN,WR,15281,weighted,,,,,,,0.446310589329304,0.398232940789602,0.0,0.0,0.0696094385679414,0.0333114118023006,,,,,6.49258340113914,0.31293981942716,79.7564925026154,6.89458252334747,0.509426362896664,0.302636886409176,,,,,,,,,,,,,,,,,,,,,,,,,,,,,,,,,2021.0,2000-03-01,,,2024,2
A.J. Brown,PHI,WR,14104,weighted,,,,,,,0.094300244100895,0.126869770953506,0.0,0.0,0.115154597233523,0.0390280406770087,,,,,5.66394629780309,0.331765378747134,80.7336498895734,5.58496695927848,0.706623270951993,0.235442381380677,,,,,,,,,,,,,,,,,,,,,,,,,,,,,,,,,2019.0,1997-06-30,Q,Hamstring,2024,2
Davante Adams,LVR,WR,11675,weighted,,,,,,,0.0960374288039056,0.0906670849992125,0.0,0.0,0.0366761594792514,0.0359833551207534,,,,,5.56326688364524,0.488271316368704,67.7722678135534,9.83424605134423,0.389182262001627,0.188291917787609,,,,,,,,,,,,,,,,,,,,,,,,,,,,,,,,,2014.0,1992-12-24,,,2024,2
Nico Collins,HOU,WR,15290,weighted,,,,,,,0.567375915378356,0.43043581126541,0.00175617032818,0.0035461274700923,0.047233523189585,0.0362634812115056,,,,,5.20494304312449,0.382439281466258,74.6860112751366,3.62716904903594,0.373962571196094,0.173033047845994,,,,,,,,,,,,,,,,,,,,,,,,,,,,,,,,,2021.0,1999-03-19,,,2024,2
George Pickens,PIT,WR,15762,weighted,,,,,,,0.811949320004649,0.958912809902428,0.001369893328803,0.0036260908807199,0.047233523189585,0.0362634812115056,,,,,4.36063059397885,0.341933215711562,68.3627746135069,7.09718205247659,0.332595606183889,0.166471413467061,,,,,,,,,,,,,,,,,,,,,,,,,,,,,,,,,2022.0,2001-03-04,,,2024,2
Amon-Ra St. Brown,DET,WR,15287,weighted,,,,,,,1.93433395327211,0.470072946526266,0.0016250270735405,0.0036181069755623,0.047233523189585,0.0362634812115056,,,,,6.55745321399512,0.434964566896301,80.0885284203185,2.20810943531605,0.653812042310822,0.255235739017395,,,,,,,,,,,,,,,,,,,,,,,,,,,,,,,,,2021.0,1999-10-24,,,2024,2
Mike Evans,TB,WR,11671,weighted,,,,,,,0.0797518307567128,0.100013684473068,0.0,0.0,0.0388527257933279,0.0365441467833994,,,,,4.90805939788446,0.317167365134428,74.2059862838545,5.27615476664564,0.607274206672091,0.316028136708975,,,,,,,,,,,,,,,,,,,,,,,,,,,,,,,,,2014.0,1993-08-21,,,2024,2
Rashee Rice,KC,WR,16194,weighted,,,,,,,0.849235731721492,0.791884945755606,0.0030024410089503,0.0072099364789925,0.0732709519934906,0.0338427028772076,,,,,6.06143612693247,0.517480014022339,71.3550226665117,6.03240334180006,0.604678600488202,0.303624850895578,,,,,,,,,,,,,,,,,,,,,,,,,,,,,,,,,2023.0,2000-04-22,,,2024,2
Deebo Samuel,SF,WR,14136,weighted,,,,,,,19.7308648145996,6.93416763485644,0.234914564686737,0.116471316779519,0.0696094385679414,0.0333114118023006,,,,,4.72011391375102,0.39364743533189,61.9851383238405,8.23386910751899,0.331847030105777,0.15781260118522,,,,,,,,,,,,,,,,,,,,,,,,,,,,,,,,,2019.0,1996-01-15,,,2024,2
Malik Nabers,NYG,WR,16615,weighted,,,,,,,0.490899104963385,0.345790778684247,0.0,0.0,0.0836045565500407,0.0592499745860408,,,,,5.18820179007323,0.475113410245004,67.0237411368127,5.46585215248317,0.36980065093572,0.166513340891754,,,,,,,,,,,,,,,,,,,,,,,,,,,,,,,,,2024.0,2003-07-28,,,2024,2
Amari Cooper,CLE,WR,12175,weighted,,,,,,,0.07793327908869,0.0967238663759585,0.0,0.0,0.0689178193653377,0.0337756182013682,,,,,4.40914564686737,0.329705581000569,65.095612577008,6.65341589391429,0.364560618388934,0.165283749049993,,,,,,,,,,,,,,,,,,,,,,,,,,,,,,,,,2015.0,1994-06-18,,,2024,2
Garrett Wilson,NYJ,WR,15753,weighted,,,,,,,1.25967453213995,0.908314536878365,0.001458728867191,0.0036078618323722,0.0912937347436941,0.0138941671211942,,,,,5.81161513425549,0.373779264363901,70.7942932697896,4.09463591350086,0.596179820992677,0.318853311069805,,,,,,,,,,,,,,,,,,,,,,,,,,,,,,,,,2022.0,2000-07-22,,,2024,2
Chris Olave,NO,WR,15754,weighted,,,,,,,0.07793327908869,0.0967238663759585,0.0,0.0,0.0696094385679414,0.0333114118023006,,,,,5.12843775427177,0.498608820226528,65.8537824014878,5.52226758134721,0.298657445077299,0.146958116620753,,,,,,,,,,,,,,,,,,,,,,,,,,,,,,,,,2022.0,2000-06-27,,,2024,2
Brandon Aiyuk,SF,WR,14840,weighted,,,,,,,0.358409275834011,0.317945320469466,0.0,0.0,0.0912937347436941,0.0138941671211942,,,,,4.69646867371847,0.375587274915123,69.6079367662443,2.40842211753598,0.359027664768104,0.164163775476945,,,,,,,,,,,,,,,,,,,,,,,,,,,,,,,,,2020.0,1970-01-01,,,2024,2
Jaylen Waddle,MIA,WR,15284,weighted,,,,,,,1.59543531326282,0.738778154989258,0.0041346338227444,0.0108710672644538,0.047233523189585,0.0362634812115056,,,,,4.84730268510984,0.497972265406061,70.020341741253,3.16658916066013,0.31246948738812,0.140201673961299,,,,,,,,,,,,,,,,,,,,,,,,,,,,,,,,,2021.0,1998-11-25,,,2024,2
Chris Godwin,TB,WR,13163,weighted,,,,,,,1.18161397187028,0.437184358795135,0.0332408447939367,0.0458448633649225,0.0912937347436941,0.0138941671211942,,,,,5.84518714401953,0.428007176780187,67.2251383238405,4.51953180961836,0.31726606997559,0.154026330401439,,,,,,,,,,,,,,,,,,,,,,,,,,,,,,,,,2017.0,1996-02-27,,,2024,2
Marvin Harrison Jr.,ARI,WR,16614,weighted,,,,,,,0.40873067534581,0.337067999986668,0.0,0.0,0.0332587469487388,0.0342742000024487,,,,,4.92853946297803,0.239843069684568,65.5573712658375,4.34462209380797,0.330480065093572,0.144907500347415,,,,,,,,,,,,,,,,,,,,,,,,,,,,,,,,,2024.0,2002-08-11,,,2024,2
Drake London,ATL,WR,15751,weighted,,,,,,,0.142746135069162,0.210173408377205,0.0,0.0,0.0912937347436941,0.0138941671211942,,,,,5.1900244100895,0.485482328948941,66.1683453446472,5.37285625728831,0.309255492270138,0.181420224243348,,,,,,,,,,,,,,,,,,,,,,,,,,,,,,,,,2022.0,2001-07-24,,,2024,2
DeVonta Smith,PHI,WR,15282,weighted,,,,,,,0.0997558991049634,0.137114650674016,0.0,0.0,0.0710943856794142,0.0336302686424045,,,,,5.46658665581774,0.342265635246768,68.2977257933279,2.7786965385038,0.361261187957689,0.168176207762444,,,,,,,,,,,,,,,,,,,,,,,,,,,,,,,,,2021.0,1998-11-14,,,2024,2
Michael Pittman,IND,WR,14842,weighted,,,,,,,0.409340927583401,0.356709377249399,0.0,0.0,0.0696094385679414,0.0333114118023006,,,,,5.80542717656631,0.688155982112583,66.0926973148901,4.44014215336878,0.262408462164361,0.112849260131413,,,,,,,,,,,,,,,,,,,,,,,,,,,,,,,,,2020.0,1997-10-05,,,2024,2
D.J. Moore,CHI,WR,13635,weighted,,,,,,,1.85346216436127,0.939008345742436,0.0156981425885918,0.0359498474258873,0.0583604556550041,0.0349955925608937,,,,,4.86359235150529,0.478295979737675,65.0201743577822,4.14157052306684,0.318775427176566,0.145237188963394,,,,,,,,,,,,,,,,,,,,,,,,,,,,,,,,,2018.0,1997-04-14,,,2024,2
Stefon Diggs,HOU,WR,12186,weighted,,,,,,,1.16510403347669,0.804300185977585,0.0026606161597021,0.0072789402349433,0.047233523189585,0.0362634812115056,,,,,5.20759967453214,0.237497627279402,64.0939712890852,2.60608442643265,0.415553295362083,0.196542932557575,,,,,,,,,,,,,,,,,,,,,,,,,,,,,,,,,2015.0,1993-11-29,,,2024,2
Christian Kirk,JAC,WR,13633,weighted,,,,,,,0.444437986748809,0.371472465077742,0.0,0.0,0.0912937347436941,0.0138941671211942,,,,,4.60113100081367,0.339945838296439,57.0430663721957,5.24069647787397,0.303340113913751,0.150629357445923,,,,,,,,,,,,,,,,,,,,,,,,,,,,,,,,,2018.0,1996-11-18,,,2024,2
Brian Thomas Jr.,JAC,WR,16618,weighted,,,,,,,0.339564686737185,0.330155457431736,0.0,0.0,0.0829129373474369,0.0171178615777433,,,,,3.93457689178194,0.218941490601037,50.9500040683482,7.69693870547759,0.29926769731489,0.17060704843726,,,,,,,,,,,,,,,,,,,,,,,,,,,,,,,,,2024.0,2002-10-08,,,2024,2
DK Metcalf,SEA,WR,14102,weighted,,,,,,,0.07793327908869,0.0967238663759585,0.0,0.0,0.047233523189585,0.0362634812115056,,,,,4.44706672091131,0.440261352415917,59.6643066372196,4.13962244560459,0.319247355573637,0.144488983883126,,,,,,,,,,,,,,,,,,,,,,,,,,,,,,,,,2019.0,1997-12-14,,,2024,2
Calvin Ridley,TEN,WR,13629,weighted,,,,,,,1.06551726142043,0.362133152280808,0.0,0.0,0.047233523189585,0.0362634812115056,,,,,4.11238812042311,0.876203271586626,52.2973904451935,8.54115772037793,0.287318958502848,0.139862669304954,,,,,,,,,,,,,,,,,,,,,,,,,,,,,,,,,2018.0,1994-12-20,,,2024,2
Josh Palmer,LAC,WR,15319,weighted,,,,,,,0.340821806346623,0.313919698988106,0.0,0.0,0.0366761594792514,0.0359833551207534,,,,,4.41556956875509,0.567977875305078,51.7838027432291,6.20890435159249,0.248022782750203,0.115854383475296,,,,,,,,,,,,,,,,,,,,,,,,,,,,,,,,,2021.0,1999-09-22,Q,Knee,2024,2
Nathaniel Dell,HOU,WR,16204,weighted,,,,,,,4.78004184586772,1.16638401943118,0.004574190665475,0.0108149828744939,0.047233523189585,0.0362634812115056,,,,,4.29429210740439,0.630134473547317,57.9356933627804,7.93380653512944,0.34179820992677,0.156560026760462,,,,,,,,,,,,,,,,,,,,,,,,,,,,,,,,,2023.0,1999-10-29,,,2024,2
Terry McLaurin,WAS,WR,14109,weighted,,,,,,,0.44086655817738,0.371671533745559,0.0,0.0,0.0388527257933279,0.0365441467833994,,,,,4.4596704637917,0.35472969926211,59.0065140067418,3.15638528629971,0.245231895850285,0.110197306583522,,,,,,,,,,,,,,,,,,,,,,,,,,,,,,,,,2019.0,1995-09-15,,,2024,2
Keenan Allen,CHI,WR,11222,weighted,,,,,,,0.618534232244566,0.327197150995319,0.0,0.0,0.047233523189585,0.0362634812115056,,,,,4.33407648494711,1.69056248679828,57.7182889689643,4.20450961872571,0.204975589910496,0.14760231125604,,,,,,,,,,,,,,,,,,,,,,,,,,,,,,,,,2013.0,1992-04-27,Q,Heel,2024,2
Xavier Worthy,KC,WR,16620,weighted,,,,,,,4.96516622108567,2.62954376616031,0.0225606709361751,0.0390919013680499,0.0556346623270952,0.0673838372422573,,,,,3.60562652563059,0.502875668980087,50.8724584447286,8.69418290849919,0.352526444263629,0.209255252530168,,,,,,,,,,,,,,,,,,,,,,,,,,,,,,,,,2024.0,2003-04-27,,,2024,2
Xavier Worthy,KC,WR,16620,weighted,,,,,,,4.96516622108567,2.62954376616031,0.0225606709361751,0.0390919013680499,0.0556346623270952,0.0673838372422573,,,,,3.60562652563059,0.502875668980087,50.8724584447286,8.69418290849919,0.352526444263629,0.209255252530168,,,,,,,,,,,,,,,,,,,,,,,,,,,,,,,,,2024.0,2003-04-27,,,2024,2
Demarcus Robinson,LAR,WR,12785,weighted,,,,,,,0.739239218877136,0.631109387855884,0.0,0.0,0.0549430431244915,0.0357466942391345,,,,,4.08803905614321,0.378137638336272,50.8689555968848,4.91778058338578,0.275207485760781,0.122776749536328,,,,,,,,,,,,,,,,,,,,,,,,,,,,,,,,,2016.0,1994-09-21,,,2024,2
Zay Flowers,BAL,WR,16190,weighted,,,,,,,4.97344124142741,1.34586294934943,0.0070126512506889,0.0180874382698623,0.0689178193653377,0.0337756182013682,,,,,4.91013018714402,0.132553061959854,57.733650470766,2.53792518118795,0.326521562245728,0.143094622038214,,,,,,,,,,,,,,,,,,,,,,,,,,,,,,,,,2023.0,2000-09-11,,,2024,2
Keon Coleman,BUF,WR,16617,weighted,,,,,,,0.220414971521562,0.240548964706486,0.0,0.0,0.0850895036615134,0.0145609627198126,,,,,4.20165174938975,0.432706733694402,53.9253330233639,4.28410240674996,0.290496338486574,0.143032529801451,,,,,,,,,,,,,,,,,,,,,,,,,,,,,,,,,2024.0,2003-05-17,,,2024,2
Jameson Williams,DET,WR,15756,weighted,,,,,,,2.92642973381379,1.4790191834286,0.0299471114727421,0.0466184001482449,0.047233523189585,0.0362634812115056,,,,,3.87189991863303,0.61146691167476,56.4684243868418,3.00774965737116,0.363913751017087,0.16627094213433,,,,,,,,,,,,,,,,,,,,,,,,,,,,,,,,,2022.0,2001-03-26,Q,Ankle,2024,2
Jerry Jeudy,CLE,WR,14833,weighted,,,,,,,0.427823433685924,0.390016247839416,0.0,0.0,0.047233523189585,0.0362634812115056,,,,,3.7686655817738,0.34305640815697,46.7729530396373,6.62790973645577,0.231810414971522,0.121178333280414,,,,,,,,,,,,,,,,,,,,,,,,,,,,,,,,,2020.0,1999-04-24,,,2024,2
Rashid Shaheed,NO,WR,16080,weighted,,,,,,,1.84485295827037,0.800789525112479,0.0016799130148397,0.0036341361844491,0.047233523189585,0.0362634812115056,,,0.06,0.0,3.51382017900732,0.443880810353303,50.0461147274207,5.20736788751308,0.239255492270138,0.121688714796411,,,,,,,,,,,,,,,,,,,,,,,,,,,,,,,,,2022.0,1998-08-31,,,2024,2
Tee Higgins,CIN,WR,14835,weighted,,,,,,,0.0,0.0,0.0,0.0,0.0,0.0,,,,,4.7,1.25607980463071e-15,58.0,0.0,0.3,0.0,,,,,,,,,,,,,,,,,,,,,,,,,,,,,,,,,2020.0,1999-01-18,D,Hamstring,2024,2
Courtland Sutton,DEN,WR,13630,weighted,,,,,,,0.119161920260374,0.103165988138524,0.0,0.0,0.0912937347436941,0.0138941671211942,,,,,3.95395850284784,0.356848545753555,52.290688132047,4.64085690152837,0.284609438567941,0.132348649263703,,,,,,,,,,,,,,,,,,,,,,,,,,,,,,,,,2018.0,1995-10-10,,,2024,2
Gabriel Davis,JAC,WR,14845,weighted,,,,,,,0.101493083807974,0.100318132952041,0.0,0.0,0.0934703010577705,0.0104206253408957,,,,,2.99902359641985,0.36531158589426,44.3809426944089,6.66286217208351,0.239792514239219,0.159401134321638,,,,,,,,,,,,,,,,,,,,,,,,,,,,,,,,,2020.0,1970-01-01,,,2024,2
Darius Slayton,NYG,WR,14122,weighted,,,,,,,0.0967290480065094,0.0902526210340572,0.0,0.0,0.0,0.0,,,,,2.60223759153784,0.749469163009341,36.4520341741253,11.854236762961,0.153380797396257,0.0956469635745051,,,,,,,,,,,,,,,,,,,,,,,,,,,,,,,,,2019.0,1997-01-12,,,2024,2
Ladd McConkey,LAC,WR,16627,weighted,,,,,,,0.274316517493897,0.27691755560943,0.0,0.0,0.0556346623270952,0.0673838372422573,,,,,4.31631407648495,0.541835221874283,50.0220039521097,5.38172941161446,0.287921074043938,0.143977959500381,,,,,,,,,,,,,,,,,,,,,,,,,,,,,,,,,2024.0,2001-11-11,,,2024,2
Diontae Johnson,CAR,WR,14208,weighted,,,,,,,0.457241659886086,0.357793937572738,0.0,0.0,0.047233523189585,0.0362634812115056,,,,,4.0586411716843,0.194300299931988,49.7014198535395,2.66351211580661,0.23606590724166,0.109182405477492,,,,,,,,,,,,,,,,,,,,,,,,,,,,,,,,,2019.0,,,,2024,2
Alec Pierce,IND,WR,15768,weighted,,,,,,,0.117860048820179,0.130255071982155,0.0,0.0,0.0,0.0,,,,,2.42656631407648,0.730154321949517,39.5945966523306,8.53913467956549,0.194698942229455,0.0997034987013651,,,,,,,,,,,,,,,,,,,,,,,,,,,,,,,,,2022.0,2000-05-02,,,2024,2
Justin Watson,KC,WR,13776,weighted,,,,,,,0.0,0.0,0.0,0.0,0.0278173311635476,0.0336919186211286,,,,,1.4866965012205,0.624249934584797,24.4072602580495,13.1251818650725,0.113295362082994,0.088969992229448,,,,,,,,,,,,,,,,,,,,,,,,,,,,,,,,,2018.0,,,,2024,2
Jaxon Smith-Njigba,SEA,WR,16185,weighted,,,,,,,0.172233523189585,0.223322894260953,0.0,0.0,0.0494100895036615,0.0370996627360307,,,,,4.20078925956062,0.579639735382555,45.1672829245612,5.93780489157649,0.232632221318145,0.11065190865114,,,,,,,,,,,,,,,,,,,,,,,,,,,,,,,,,2023.0,2002-02-14,,,2024,2
Tyler Lockett,SEA,WR,12187,weighted,,,,,,,0.0852074857607811,0.109986311074627,0.0,0.0,0.0494100895036615,0.0370996627360307,,,,,4.31027664768104,0.444048410952652,48.4289712890852,3.40878961863514,0.241155410903173,0.128681208176202,,,,,,,,,,,,,,,,,,,,,,,,,,,,,,,,,2015.0,1992-09-28,,,2024,2
Brandin Cooks,DAL,WR,11674,weighted,,,,,,,1.47376264093921,0.543240610195843,0.0014374830485489,0.0036107262390284,0.0388527257933279,0.0365441467833994,,,,,3.73025223759154,0.3422029631245,44.3150342903638,4.8981564340248,0.338946297803092,0.184424087491871,,,,,,,,,,,,,,,,,,,,,,,,,,,,,,,,,2014.0,1993-09-25,,,2024,2
Jalen Nailor,MIN,WR,15786,weighted,,,,,,,0.0,0.0,0.0,0.0,0.0,0.0,,,,,2.96268917819365,0.309883229298051,36.7235330698594,7.20922335372668,0.220382424735557,0.118361650063917,,,,,,,,,,,,,,,,,,,,,,,,,,,,,,,,,2022.0,1999-03-02,,,2024,2
Adonai Mitchell,IND,WR,16626,weighted,,,,,,,0.423279088689992,0.33682556367546,0.0,0.0,0.0278173311635476,0.0336919186211286,,,,,2.68914564686737,1.09801103667145,33.3651685458561,13.7245203682432,0.167367778681855,0.114848775263931,,,,,,,,,,,,,,,,,,,,,,,,,,,,,,,,,2024.0,2002-10-08,,,2024,2
Jayden Reed,GB,WR,16184,weighted,,,,,,,7.27732012088806,3.7723401731743,0.0832302685109845,0.118249740993343,0.047233523189585,0.0362634812115056,,,,,3.81137103336046,0.361200612966556,48.384129954667,2.25086267302508,0.29060211554109,0.150621830607002,,,,,,,,,,,,,,,,,,,,,,,,,,,,,,,,,2023.0,2000-04-28,Q,Calf,2024,2
DeAndre Hopkins,TEN,WR,11232,weighted,,,,,,,0.144621643612693,0.144971576914757,0.0,0.0,0.0366761594792514,0.0359833551207534,,,,,3.49896663954434,0.410490282862532,44.0782668836452,4.60735596865188,0.236480878763222,0.10697746091645,,,,,,,,,,,,,,,,,,,,,,,,,,,,,,,,,2013.0,1992-06-06,,,2024,2
Darnell Mooney,ATL,WR,14974,weighted,,,,,,,0.660538184354295,0.680967895208618,0.0,0.0,0.0,0.0,,,,,3.02725793327909,0.601952869507583,39.5759194467046,7.33750138497708,0.174629780309194,0.119392932943758,,,,,,,,,,,,,,,,,,,,,,,,,,,,,,,,,2020.0,1997-10-29,,,2024,2
Greg Dortch,ARI,WR,14108,weighted,,,,,,,2.28169243287225,0.792371151922754,0.0030131832768031,0.0072097439891671,0.0,0.0,,,,,3.94122864117168,0.745173991529984,37.7824625130768,6.46536526788363,0.161179820992677,0.0977300149185944,,,,,,,,,,,,,,,,,,,,,,,,,,,,,,,,,2019.0,1998-05-29,,,2024,2
Allen Lazard,NYJ,WR,13632,weighted,,,,,,,0.150410903173312,0.183655492352979,0.0,0.0,0.0,0.0,,,,,2.9309804719284,0.870060549876902,35.7996832500291,9.86735451996899,0.237302685109845,0.174784515974577,,,,,,,,,,,,,,,,,,,,,,,,,,,,,,,,,2018.0,1995-12-11,,,2024,2
Khalil Shakir,BUF,WR,15761,weighted,,,,,,,0.167054515866558,0.160807757864005,0.0,0.0,0.0,0.0,,,,,3.4923067534581,0.473357798303822,44.2580913634779,2.86062840074469,0.277945484133442,0.131406992103818,,,,,,,,,,,,,,,,,,,,,,,,,,,,,,,,,2022.0,2000-02-03,,,2024,2
Jakobi Meyers,LVR,WR,14127,weighted,,,,,,,1.4150645123794,0.494313054772919,0.0345623619667558,0.0452094366883921,0.0366761594792514,0.0359833551207534,,,,,3.94682262001627,0.480679543820066,43.9749302568871,2.95600576973542,0.228026851098454,0.124024371525533,,,,,,,,,,,,,,,,,,,,,,,,,,,,,,,,,2019.0,1996-11-09,,,2024,2
Mike Williams,NYJ,WR,13154,weighted,,,,,,,0.699947111472742,0.458658951149819,0.0014388362854051,0.0036033652371659,0.0087062652563059,0.0138941671211942,,,,,2.63157445077299,0.505333375170312,34.1102348018133,6.90533782119773,0.153706265256306,0.0876145886295407,,,,,,,,,,,,,,,,,,,,,,,,,,,,,,,,,2017.0,1994-10-04,,,2024,2
Christian Watson,GB,WR,15789,weighted,,,,,,,1.85410089503662,0.833417955019295,0.0310105536561023,0.0461762347917268,0.0388527257933279,0.0365441467833994,,,,,3.02329129373474,0.393822240951794,38.9406770893874,5.82253981566061,0.330630593978845,0.247738014959163,,,,,,,,,,,,,,,,,,,,,,,,,,,,,,,,,2022.0,1999-05-12,,,2024,2
Andrei Iosivas,CIN,WR,16207,weighted,,,,,,,0.290146641438032,0.299653574359824,0.0,0.0,0.0,0.0,,,,,3.385302743614,0.611045571511158,38.1884973194576,6.92320311143811,0.181192052980132,0.087496576315306,,,,,,,,,,,,,,,,,,,,,,,,,,,,,,,,,2023.0,1999-10-15,,,2024,2
Tyler Johnson,LAR,WR,14864,weighted,,,,,,,0.703529411764706,0.822488589260104,0.0,0.0,0.0,0.0,,,,,3.10043137254902,1.22233736423408,29.7459652661064,15.1741319450464,0.159366946778711,0.0864459058919607,,,,,,,,,,,,,,,,,,,,,,,,,,,,,,,,,2020.0,1970-01-01,,,2024,2
Quentin Johnston,LAC,WR,16188,weighted,,,,,,,0.796973148901546,0.441919477409399,0.001452532170087,0.0035991100657592,0.0,0.0,,,,,2.90859235150529,0.50848286570391,36.4126932465419,7.57404943622661,0.141859235150529,0.0754615833060935,,,,,,,,,,,,,,,,,,,,,,,,,,,,,,,,,2023.0,2001-09-06,,,2024,2
Adam Thielen,CAR,WR,11938,weighted,,,,,,,0.135528885272579,0.129382480197437,0.0,0.0,0.047233523189585,0.0362634812115056,,,,,3.82096826688365,0.497421059167348,41.1235249331628,2.77434935432275,0.167843775427177,0.0831335681648133,,,,,,,,,,,,,,,,,,,,,,,,,,,,,,,,,2014.0,1990-08-22,,,2024,2
Michael Wilson,ARI,WR,16206,weighted,,,,,,,0.80573637103336,1.39083958139624,0.0,0.0,0.0,0.0,,,,,2.85855573637103,0.197830187520135,38.0992554922701,4.30721864867818,0.217257933279089,0.119658677824563,,,,,,,,,,,,,,,,,,,,,,,,,,,,,,,,,2023.0,2000-02-23,,,2024,2
Demario Douglas,NE,WR,16342,weighted,,,,,,,2.68456410554458,0.983788297081461,0.0055443953260131,0.0144861742720506,0.0590520748576078,0.0347939169726128,,,,,3.57674532139951,0.379618010397085,42.0162832732768,2.77517144108079,0.171444263628967,0.0944553185426567,,,,,,,,,,,,,,,,,,,,,,,,,,,,,,,,,2023.0,2000-12-08,,,2024,2
Wan'Dale Robinson,NYG,WR,15757,weighted,,,,,,,3.70329884923864,0.764512350244294,0.0336950697942067,0.0452693650053307,0.0494100895036615,0.0370996627360307,,,,,4.62901545972335,0.710596249534674,42.3209845402766,2.12797863184726,0.192489829129373,0.104566847599172,,,,,,,,,,,,,,,,,,,,,,,,,,,,,,,,,2022.0,2001-01-05,,,2024,2
Josh Reynolds,DEN,WR,13168,weighted,,,,,,,0.1106672091131,0.157784414530509,0.0,0.0,0.0,0.0,,,,,2.98928803905614,0.556013699737165,35.8848552830408,4.49548892553934,0.159983726606998,0.0778746914366442,,,,,,,,,,,,,,,,,,,,,,,,,,,,,,,,,2017.0,1995-02-16,,,2024,2
Jalen McMillan,TB,WR,16628,weighted,,,,,,,0.599483319772173,0.379918276769621,0.0,0.0,0.0278173311635476,0.0336919186211286,,,,,2.75746135069162,0.321636109393204,33.8169911658724,5.18076125516795,0.181350691619203,0.0895511765459017,,,,,,,,,,,,,,,,,,,,,,,,,,,,,,,,,2024.0,2001-12-07,,,2024,2
Xavier Legette,CAR,WR,16639,weighted,,,,,,,0.533001278623736,0.407827417862894,0.0,0.0,0.0278173311635476,0.0336919186211286,,,,,2.74591537835639,0.463508194725051,35.6004155527142,2.73011085977348,0.11199755899105,0.0852149118337263,,,,,,,,,,,,,,,,,,,,,,,,,,,,,,,,,2024.0,2001-01-29,,,2024,2
Jonathan Mingo,CAR,WR,16197,weighted,,,,,,,1.4859114959115,1.13204194338042,0.0047783389450056,0.0118459553400501,0.112506012506012,0.101234715901468,,,,,2.21227513227513,0.395396372246332,26.7922174122174,6.57263991064574,0.0763588263588263,0.0599894280372001,,,,,,,,,,,,,,,,,,,,,,,,,,,,,,,,,2023.0,2001-04-20,,,2024,2
Rome Odunze,CHI,WR,16616,weighted,,,,,,,0.683599498982308,0.34960480830302,0.0,0.0,0.0,0.0,,,,,2.56718647252231,0.721954730684008,31.4859652418976,8.86538981620869,0.136993893846876,0.119190266593863,,,,,,,,,,,,,,,,,,,,,,,,,,,,,,,,,2024.0,2002-06-03,Q,Knee - MCL,2024,2
Romeo Doubs,GB,WR,15779,weighted,,,,,,,0.130683482506103,0.113014255789194,0.0,0.0,0.0366761594792514,0.0359833551207534,,,,,3.0553376729048,0.609371226303549,36.3810223177961,2.74747586545937,0.207249796582587,0.0998240358023064,,,,,,,,,,,,,,,,,,,,,,,,,,,,,,,,,2022.0,2000-04-13,,,2024,2
Josh Downs,IND,WR,16187,weighted,,,,,,,0.541151342554923,0.398605282710647,0.00175617032818,0.0035461274700923,0.0108828315703824,0.0173677089014928,,,,,2.11898291293735,0.785462366358973,26.2305004068348,7.46716471367472,0.0858909682668837,0.0686541301847694,,,,,,,,,,,,,,,,,,,,,,,,,,,,,,,,,2023.0,2001-08-12,Q,Ankle,2024,2
A.T. Perry,NO,WR,16196,weighted,,,,,,,0.369077155824508,0.433717294667115,0.0,0.0,0.0,0.0,,,,,1.37654311649017,0.862518260123985,20.9943721633888,14.604665470838,0.157344931921331,0.12433150003111,,,,,,,,,,,,,,,,,,,,,,,,,,,,,,,,,2023.0,1999-10-26,,,2024,2
Curtis Samuel,BUF,WR,13157,weighted,,,,,,,3.25909740788097,1.89689756759066,0.0179820992676973,0.0365461408506015,0.0087062652563059,0.0138941671211942,,,,,2.50758340113914,0.574480020986248,25.0959299081716,6.95889888495538,0.126651749389748,0.0685621124537812,,,,,,,,,,,,,,,,,,,,,,,,,,,,,,,,,2017.0,1996-08-11,,,2024,2
Trenton Irwin,CIN,WR,14551,weighted,,,,,,,0.270056956875509,0.334501747673025,0.0,0.0,0.0,0.0,,,,,2.07696094385679,0.709700986977702,28.0200226665117,6.49004228983751,0.14319772172498,0.0765415976955481,,,,,,,,,,,,,,,,,,,,,,,,,,,,,,,,,2019.0,1995-12-10,,,2024,2
Roman Wilson,PIT,WR,16629,weighted,,,,,,,0.556157607824274,0.366260696214992,0.0,0.0,0.0283309283309283,0.0371361153447501,,,,,1.15376623376623,0.963903006329787,15.1563780663781,12.3078581399591,0.0850601250601251,0.0752823799691338,,,,,,,,,,,,,,,,,,,,,,,,,,,,,,,,,2024.0,2001-06-19,Q,Ankle,2024,2
K.J. Osborn,NE,WR,14977,weighted,,,,,,,0.139165988608625,0.135551906354236,0.0,0.0,0.0,0.0,,,,,2.53207485760781,0.447169705059649,29.3009008485412,4.66902818483516,0.139296175752644,0.0755374059061762,,,,,,,,,,,,,,,,,,,,,,,,,,,,,,,,,2020.0,1997-06-10,,,2024,2
Jauan Jennings,SF,WR,14860,weighted,,,,,,,0.179507729861676,0.236786872493589,0.0,0.0,0.0,0.0,,,,,2.54678193653377,0.54308157563538,31.2908427292805,4.25595555601369,0.1423311635476,0.0914250435504317,,,,,,,,,,,,,,,,,,,,,,,,,,,,,,,,,2020.0,1997-07-10,,,2024,2
Rashod Bateman,BAL,WR,15293,weighted,,,,,,,0.196163547599675,0.206156142995869,0.0,0.0,0.0,0.0,,,,,2.46244507729862,0.342809596667305,33.0892270138324,0.730316360226796,0.151314076484947,0.0841660523583698,,,,,,,,,,,,,,,,,,,,,,,,,,,,,,,,,2021.0,1999-11-29,,,2024,2
Jalin Hyatt,NYG,WR,16183,weighted,,,,,,,0.20286411716843,0.348377675856856,0.0,0.0,0.0,0.0,,,,,1.54565500406835,0.704480855085564,20.7323567360223,8.96588696329312,0.0785231895850285,0.0545754132122141,,,,,,,,,,,,,,,,,,,,,,,,,,,,,,,,,2023.0,2001-09-25,,,2024,2
Luke McCaffrey,WAS,WR,16635,weighted,,,,,,,0.561855166802278,0.501105238765481,0.0,0.0,0.0278173311635476,0.0336919186211286,,,,,2.4579658258747,0.620632371645129,27.4198605137743,8.0768344161259,0.137339300244101,0.0909715993997513,,,,,,,,,,,,,,,,,,,,,,,,,,,,,,,,,2024.0,2001-04-02,,,2024,2
Elijah Moore,CLE,WR,15288,weighted,,,,,,,0.797162617691503,0.415730571050863,0.0,0.0,0.0549430431244915,0.0357466942391345,,,,,2.98582180634662,0.0976054130290488,31.3474171800535,0.972287468384577,0.133218063466233,0.0786996176567423,,,,,,,,,,,,,,,,,,,,,,,,,,,,,,,,,2021.0,2000-03-27,,,2024,2
Ray-Ray McCloud,ATL,WR,13641,weighted,,,,,,,2.37369231663373,0.983667880571466,0.0034530688820593,0.0073051983373064,0.0,0.0,,,,,2.36052074857608,0.573156079127738,25.0380437056841,4.66813283418842,0.113279088689992,0.0852212685277297,,,,,,,,,,,,,,,,,,,,,,,,,,,,,,,,,2018.0,1996-10-15,,,2024,2
Tyquan Thornton,NE,WR,15787,weighted,,,,,,,1.24847303689688,0.460050669181126,0.0025875302858988,0.0038385294194697,0.0,0.0,,,,,2.02900189214759,0.67924989409201,26.4649187953327,3.55518506558397,0.0969205298013245,0.0582704772454734,,,,,,,,,,,,,,,,,,,,,,,,,,,,,,,,,2022.0,2000-08-07,,,2024,2
Mack Hollins,BUF,WR,13289,weighted,,,,,,,0.297392977392977,0.505657611003046,0.0,0.0,0.0,0.0,,,,,1.80326599326599,0.4868393697942,22.4803607503607,5.74279316786733,0.170856180856181,0.0970765566589837,,,,,,,,,,,,,,,,,,,,,,,,,,,,,,,,,2017.0,1993-09-16,,,2024,2
Ja'Lynn Polk,NE,WR,16631,weighted,,,,,,,0.218660359508042,0.239979058716206,0.0,0.0,0.0,0.0,,,,,1.87252128666036,0.656222429870152,22.4248848943551,8.3693338279379,0.0963670766319773,0.0896598919048515,,,,,,,,,,,,,,,,,,,,,,,,,,,,,,,,,2024.0,2002-04-11,,,2024,2
Jalen Tolbert,DAL,WR,15788,weighted,,,,,,,0.103393002441009,0.143981084145085,0.0,0.0,0.0278173311635476,0.0336919186211286,,,,,2.20253458096013,0.470720959814568,26.5859723352319,4.0176383450822,0.127835638730675,0.0722913988463165,,,,,,,,,,,,,,,,,,,,,,,,,,,,,,,,,2022.0,1999-02-27,,,2024,2
Marvin Mims,DEN,WR,16189,weighted,,,,,,,1.31213083213083,0.99842917944295,0.0,0.0,0.0283309283309283,0.0371361153447501,,,0.06,7.609888580279279e-18,1.82134199134199,0.354647191544961,26.5977537277537,5.04974414198227,0.091986531986532,0.0454961492265952,,,,,,,,,,,,,,,,,,,,,,,,,,,,,,,,,2023.0,2002-03-19,,,2024,2
Tyler Boyd,TEN,WR,12650,weighted,,,,,,,0.338508659769848,0.325530043801827,0.0,0.0,0.0130593978844589,0.0208412506817913,,,,,2.6886818551668,0.338127338244069,26.801121701732,3.06676974109132,0.101224572823434,0.0507352702586396,,,,,,,,,,,,,,,,,,,,,,,,,,,,,,,,,2016.0,1994-11-15,,,2024,2
Calvin Austin III,PIT,WR,15777,weighted,,,,,,,2.24032081831919,1.15875304503976,0.0311228641171684,0.0467557837509976,0.0,0.0,,,,,1.35241253051261,0.579636177247188,15.0835063349994,6.71126593389681,0.0860862489829129,0.0630415093396795,,,,,,,,,,,,,,,,,,,,,,,,,,,,,,,,,2022.0,1999-03-24,,,2024,2
Tre Tucker,LVR,WR,16287,weighted,,,,,,,2.2916114790287,1.27014414772603,0.0,0.0,0.0,0.0,,,,,1.90053926206244,0.236227040774155,22.6822555976033,3.56291903029153,0.0783727530747398,0.0666456563383799,,,,,,,,,,,,,,,,,,,,,,,,,,,,,,,,,2023.0,2001-03-08,,,2024,2
Dontayvion Wicks,GB,WR,16195,weighted,,,,,,,0.165569568755085,0.167225718658862,0.0,0.0,0.0,0.0,,,,,1.7583523189585,0.418527650982786,24.305710217366,2.30113291727314,0.11313262815297,0.08656948102611,,,,,,,,,,,,,,,,,,,,,,,,,,,,,,,,,2023.0,2001-06-16,,,2024,2
Dyami Brown,WAS,WR,15292,weighted,,,,,,,0.431163547599675,0.35188240959564,0.0,0.0,0.0,0.0,,,,,1.78825061025224,0.643707230240921,21.4634348483087,4.73927796799342,0.131419853539463,0.094642826756815,,,,,,,,,,,,,,,,,,,,,,,,,,,,,,,,,2021.0,1999-11-01,,,2024,2
Brandon Powell,MIN,WR,13910,weighted,,,,,,,1.45437953327026,1.24087428151988,0.0,0.0,0.0,0.0,,,,,2.02196310312204,0.622001273015373,20.3078800063072,5.863719562304,0.090794701986755,0.0571095891696803,,,,,,,,,,,,,,,,,,,,,,,,,,,,,,,,,2018.0,1970-01-01,,,2024,2
Olamide Zaccheaus,WAS,WR,14592,weighted,,,,,,,0.271037357704024,0.300682069617117,0.0,0.0,0.0,0.0,,,,,1.68342472342472,0.522722687057928,21.6820346320346,4.86838608687672,0.11025012025012,0.0686903852324064,,,,,,,,,,,,,,,,,,,,,,,,,,,,,,,,,2019.0,1997-07-23,,,2024,2
Van Jefferson,PIT,WR,14858,weighted,,,,,,,0.431818551668023,0.353730835806184,0.0,0.0,0.0,0.0,,,,,1.76030105777054,0.267842713141367,21.398187260258,5.2138833569012,0.0952807160292921,0.0709951389520165,,,,,,,,,,,,,,,,,,,,,,,,,,,,,,,,,2020.0,1970-01-01,,,2024,2
Tutu Atwell,LAR,WR,15301,weighted,,,,,,,1.84461279461279,1.37067142100344,0.0169420394420394,0.040571961367803,0.0,0.0,,,,,1.22987974987975,0.63592233064801,16.7841943241943,7.53112679826583,0.084997594997595,0.0687245079438385,,,,,,,,,,,,,,,,,,,,,,,,,,,,,,,,,2021.0,1999-10-07,,,2024,2
Nelson Agholor,BAL,WR,12181,weighted,,,,,,,0.109235572374645,0.0736533445025136,0.0,0.0,0.0,0.0,,,,,1.34825922421949,0.573460755338882,14.31298170924,5.69384887549827,0.0827814569536424,0.0444962723988461,,,,,,,,,,,,,,,,,,,,,,,,,,,,,,,,,2015.0,1993-05-24,,,2024,2
Kalif Raymond,DET,WR,13066,weighted,,,,,,,1.92988331756544,0.72015869234823,0.0026697219822759,0.0044620550994845,0.0,0.0,,,,,1.48174077578051,0.393375310175482,18.2838158309681,4.22659177773589,0.0891390728476821,0.0452557355534531,,,,,,,,,,,,,,,,,,,,,,,,,,,,,,,,,2016.0,1994-08-08,,,2024,2
Cedrick Wilson,NO,WR,13652,weighted,,,,,,,0.109620749279539,0.135243593503225,0.0,0.0,0.0,0.0,,,,,1.37092795389049,0.383266838968716,15.7902305475504,5.42092885277206,0.09035734870317,0.0515564178653995,,,,,,,,,,,,,,,,,,,,,,,,,,,,,,,,,2018.0,,,,2024,2
Robert Woods,HOU,WR,11228,weighted,,,,,,,0.421820040899796,0.518418289924821,0.0,0.0,0.0,0.0,,,,,1.02437627811861,1.00793194534907,10.6680163599182,10.5457526655061,0.0602760736196319,0.0456896868069128,,,,,,,,,,,,,,,,,,,,,,,,,,,,,,,,,2013.0,1992-04-10,,,2024,2
JuJu Smith-Schuster,KC,WR,13156,weighted,,,,,,,0.0110774410774411,0.0235933952402031,0.0,0.0,0.0,0.0,,,,,1.1529822029822,0.421811550091679,12.2617652717653,6.15268936280629,0.0652140452140452,0.052141761352872,,,,,,,,,,,,,,,,,,,,,,,,,,,,,,,,,2017.0,1996-11-22,,,2024,2
Troy Franklin,DEN,WR,16619,weighted,,,,,,,0.0261942675159236,0.0420208356317691,0.0,0.0,0.0,0.0,,,,,1.01016277423921,0.681130757443918,11.2685916489738,7.08724604601046,0.0465888181174805,0.0517610543870461,,,,,,,,,,,,,,,,,,,,,,,,,,,,,,,,,2024.0,2003-02-06,,,2024,2
Jahan Dotson,PHI,WR,15755,weighted,,,,,,,0.0476159479251424,0.151341102363683,0.0,0.0,0.0087062652563059,0.0138941671211942,,,,,1.34940602115541,0.26103662701987,16.8151714518191,3.00232779569269,0.107103336045565,0.100784831542008,,,,,,,,,,,,,,,,,,,,,,,,,,,,,,,,,2022.0,2000-03-22,,,2024,2
Tyler Scott,CHI,WR,16205,weighted,,,,,,,1.53018494055482,1.02530483272049,0.0,0.0,0.0,0.0,,,,,1.16503302509908,0.756604255869606,13.0326287978864,8.83883476483184,0.130422721268164,0.0494974746830583,,,,,,,,,,,,,,,,,,,,,,,,,,,,,,,,,2023.0,2001-10-12,,,2024,2
Noah Brown,WAS,WR,13172,weighted,,,,,,,0.0714407099697885,0.0989851188839897,0.0,0.0,0.0,0.0,,,,,1.01831382175227,0.490041756538746,13.8605929003021,6.56331111544001,0.0891739434524239,0.0495867881174933,,,,,,,,,,,,,,,,,,,,,,,,,,,,,,,,,2017.0,,,,2024,2
Skyy Moore,KC,WR,15766,weighted,,,,,,,0.774314024390244,0.318198051533946,0.0,0.0,0.0,0.0,,,,,1.34893292682927,0.494974746830583,15.4862804878049,6.36396103067893,0.0498475609756098,0.0707106781186548,,,,,,,,,,,,,,,,,,,,,,,,,,,,,,,,,2022.0,2000-09-10,,,2024,2
Trey Palmer,TB,WR,16199,weighted,,,,,,,0.936628192999054,0.524563740475404,0.0023439429444727,0.003784468574502,0.0,0.0,,,,,1.30964049195837,0.375715728162724,15.0909973194576,3.14888639372035,0.0843708609271523,0.0415506073556281,,,,,,,,,,,,,,,,,,,,,,,,,,,,,,,,,2023.0,2001-04-02,,,2024,2
Charlie Jones,CIN,WR,16203,weighted,,,,,,,0.0632005689900427,0.0698133848055281,0.0,0.0,0.0,0.0,,,,,0.980697012802276,0.59069568529372,10.9274039829303,7.01354583728203,0.0626529160739687,0.0530607226112247,,,,,,,,,,,,,,,,,,,,,,,,,,,,,,,,,2023.0,1998-10-29,,,2024,2
KaVontae Turpin,DAL,WR,15981,weighted,,,,,,,3.13386243386243,1.13849004472484,0.0021267165640838,0.0039656987959524,0.084992784992785,0.11140834603425,,,0.07,0.0,0.777402597402597,0.551713908001961,9.36073593073593,5.76155078227676,0.143213083213083,0.140587280847818,,,,,,,,,,,,,,,,,,,,,,,,,,,,,,,,,2022.0,1996-08-02,,,2024,2
Treylon Burks,TEN,WR,15752,weighted,,,,,,,1.69650268054242,0.281178062810736,0.0017290108951078,0.0038799717063107,0.0166461684011353,0.0217372607103743,,,,,1.32513718070009,0.384382980766364,13.9595214443393,2.64154293889184,0.0465042573320719,0.0525244943935931,,,,,,,,,,,,,,,,,,,,,,,,,,,,,,,,,2022.0,2000-03-23,,,2024,2
KhaDarel Hodge,ATL,WR,13963,weighted,,,,,,,0.0,0.0,0.0,0.0,0.0,0.0,,,,,0.595552147239264,0.554652837869412,9.21061690524881,8.94417897681586,0.0086753551681977,0.0081054812474156,,,,,,,,,,,,,,,,,,,,,,,,,,,,,,,,,2018.0,1994-01-03,,,2024,2
Ashton Dulin,IND,WR,14315,weighted,,,,,,,0.0740081799591002,0.127308853529783,0.0,0.0,0.0,0.0,,,,,0.772760736196319,0.566193116221608,10.6273619631902,6.70942798224563,0.190143149284254,0.183868112269116,,,,,,,,,,,,,,,,,,,,,,,,,,,,,,,,,2019.0,1997-05-15,,,2024,2
Nick Westbrook-Ikhine,TEN,WR,15109,weighted,,,,,,,0.0755164498852334,0.103870501558797,0.0,0.0,0.0,0.0,,,,,0.617752486610559,0.422177556927633,9.37476281560826,6.93092848234793,0.0533221550979059,0.0373706098600531,,,,,,,,,,,,,,,,,,,,,,,,,,,,,,,,,2020.0,1997-03-21,,,2024,2
Cedric Tillman,CLE,WR,16191,weighted,,,,,,,0.306436887608069,0.388734341331454,0.0,0.0,0.0,0.0,,,,,1.23394236311239,0.290035842557044,13.8452968299712,2.28243344750837,0.0602536023054755,0.0536596794837028,,,,,,,,,,,,,,,,,,,,,,,,,,,,,,,,,2023.0,2000-04-19,,,2024,2
Laviska Shenault,SEA,WR,14838,weighted,,,,,,,7.48798270893372,5.72272302820731,0.0461566483882216,0.0529769856788685,0.0,0.0,,,,,0.662726224783862,0.628081778739481,7.51273198847262,5.49416638285817,0.0199665820325752,0.0429058004887381,,,,,,,,,,,,,,,,,,,,,,,,,,,,,,,,,2020.0,1970-01-01,,,2024,2
Derius Davis,LAC,WR,16299,weighted,,,,,,,3.06289913544669,1.39893696947164,0.0022486230240608,0.0042375118162579,0.0,0.0,,,0.06,0.0,0.975400576368876,0.306177029943584,9.51673775216138,4.09528778888167,0.0527492795389049,0.0484345661648647,,,,,,,,,,,,,,,,,,,,,,,,,,,,,,,,,2023.0,2000-09-11,,,2024,2
Jalen Brooks,DAL,WR,16364,weighted,,,,,,,0.28328530259366,0.406782886657157,0.0,0.0,0.0,0.0,,,,,1.0327492795389,0.169887993915901,11.0878097982709,2.93683128777235,0.0525878962536023,0.0604535246764918,,,,,,,,,,,,,,,,,,,,,,,,,,,,,,,,,2023.0,2000-05-07,,,2024,2
Ricky Pearsall,SF,WR,16622,weighted,,,,,,,1.0,0.0,0.0,0.0,0.0,0.0,,,,,1.2,0.0,16.0,0.0,0.0,0.0,,,,,,,,,,,,,,,,,,,,,,,,,,,,,,,,,2024.0,2000-09-09,,Chest,2024,2
Jamison Crowder,WAS,WR,12184,weighted,,,,,,,0.0,0.0,0.0,0.0,0.0,0.0,,,,,0.572731446059679,0.640069983490779,6.31966335118592,6.00409986176873,0.0321882172915073,0.0469633549592607,,,,,,,,,,,,,,,,,,,,,,,,,,,,,,,,,2015.0,1993-06-17,,,2024,2
Braxton Berrios,MIA,WR,13638,weighted,,,,,,,0.227564806054872,0.254385928024838,0.0,0.0,0.0,0.0,,,0.07,0.0,1.21513245033113,0.180089266976018,13.0786920529801,1.3259407010466,0.067445600756859,0.0497626403716358,,,,,,,,,,,,,,,,,,,,,,,,,,,,,,,,,2018.0,1995-10-06,,,2024,2
Chris Moore,ARI,WR,12773,weighted,,,,,,,0.190884146341463,0.410121933088198,0.0,0.0,0.0,0.0,,,,,0.664588414634146,0.190918830920368,10.807256097561,5.91141269071954,0.0250762195121951,0.0353553390593274,,,,,,,,,,,,,,,,,,,,,,,,,,,,,,,,,2016.0,1993-06-16,,,2024,2
Mecole Hardman,KC,WR,14113,weighted,,,,,,,1.03327983383686,0.86461919469797,0.0850956696878147,0.0845483943196159,0.0629909365558912,0.0253213154305729,,,,,0.59809667673716,0.509814107091288,6.6253663141994,5.74383959081028,0.0650294809047761,0.0929629637109748,,,,,,,,,,,,,,,,,,,,,,,,,,,,,,,,,2019.0,1970-01-01,,,2024,2
Malachi Corley,NYJ,WR,16636,weighted,,,,,,,0.889642857142857,1.01975540162173,0.0,0.0,0.0,0.0,,,,,1.04947619047619,0.199314171821095,11.5480952380952,2.57484510954144,0.0883004140862858,0.0161168080875088,,,,,,,,,,,,,,,,,,,,,,,,,,,,,,,,,2024.0,2002-03-21,,,2024,2
Jordan Whittington,LAR,WR,16633,weighted,,,,,,,0.930028818443804,0.738011955562858,0.0022755043227665,0.0042709796411568,0.0,0.0,,,,,0.814265129682997,0.372261671662006,8.75556195965418,4.73923524931064,0.0547665706051873,0.0504830797612448,,,,,,,,,,,,,,,,,,,,,,,,,,,,,,,,,2024.0,2000-10-01,,,2024,2
Bo Melton,GB,WR,15785,weighted,,,,,,,0.446489434219496,0.508509455693844,0.0,0.0,0.0,0.0,,,,,0.497730061349693,0.784492647803807,5.70278118609407,7.21758126699673,0.0032924335378323,0.0057556646814168,,,,,,,,,,,,,,,,,,,,,,,,,,,,,,,,,2022.0,1999-05-18,,,2024,2
Marquez Valdes-Scantling,BUF,WR,13793,weighted,,,,,,,0.0732126801152738,0.0738309759368835,0.0,0.0,0.0,0.0,,,,,0.633435158501441,0.355000731676507,10.0260403458213,3.15351724050789,0.0585590778097983,0.0552809228054874,,,,,,,,,,,,,,,,,,,,,,,,,,,,,,,,,2018.0,1994-10-10,,,2024,2
Trent Sherfield,MIN,WR,13893,weighted,,,,,,,0.0842603129445235,0.105621509084642,0.0,0.0,0.0,0.0,,,,,0.872795163584637,0.287603361841382,9.53513513513513,4.02805426077837,0.0604623044096728,0.0439204933438886,,,,,,,,,,,,,,,,,,,,,,,,,,,,,,,,,2018.0,1996-02-26,,,2024,2
Parker Washington,JAC,WR,16192,weighted,,,,,,,0.158148867313916,0.161464626596483,0.0,0.0,0.0,0.0,,,,,1.04369902912621,0.0880662750643836,11.0101197411003,0.96811202420354,0.0505631067961165,0.0473154175152458,,,,,,,,,,,,,,,,,,,,,,,,,,,,,,,,,2023.0,2002-03-21,,,2024,2
Xavier Gipson,NYJ,WR,16416,weighted,,,,,,,1.46243227665706,0.510111634085079,0.0212365417867435,0.0428494857829673,0.0,0.0,,,0.06,0.0,0.766028818443804,0.341495685576929,8.21076657060519,3.58750079270285,0.0379020172910663,0.0466026674740176,,,,,,,,,,,,,,,,,,,,,,,,,,,,,,,,,2023.0,2001-03-08,,,2024,2
Javon Baker,NE,WR,16637,weighted,,,,,,,0.176205049732211,0.24542264303794,0.0,0.0,0.0,0.0,,,,,0.408259372609028,0.38265803372892,4.53295141545524,4.92072447964661,0.0193271076707037,0.034087941807037,,,,,,,,,,,,,,,,,,,,,,,,,,,,,,,,,2024.0,2002-02-18,,,2024,2
DeAndre Carter,CHI,WR,12394,weighted,,,,,,,1.16526584867076,1.24231700870401,0.0033640081799591,0.0057867660695355,0.0,0.0,,,,,0.445296523517382,0.329821610016803,4.93964212678937,4.60378355940057,0.0133844580777096,0.0153238900089383,,,,,,,,,,,,,,,,,,,,,,,,,,,,,,,,,2015.0,1993-04-10,,,2024,2
Dareke Young,SEA,WR,15941,weighted,,,,,,,0.0,,0.0,,0.0,,,,,,0.88,,10.11,,0.06,,,,,,,,,,,,,,,,,,,,,,,,,,,,,,,,,,2022.0,1999-06-04,,,2024,2
Jake Bobo,SEA,WR,16393,weighted,,,,,,,0.0823891708967851,0.0800452002974082,0.0,0.0,0.0,0.0,,,,,0.569329949238579,0.495850328548308,7.31730964467005,2.49261778828077,0.0267208121827411,0.0462115089618267,,,,,,,,,,,,,,,,,,,,,,,,,,,,,,,,,2023.0,1998-08-04,,,2024,2
Jermaine Burton,CIN,WR,16632,weighted,,,,,,,0.0283186687069625,0.0426531130173459,0.0,0.0,0.0,0.0,,,,,0.582234123947972,0.399529276848774,5.89930374904361,3.47418309597685,0.0125325172149962,0.0189853941855639,,,,,,,,,,,,,,,,,,,,,,,,,,,,,,,,,2024.0,2001-06-28,,,2024,2
Tylan Wallace,BAL,WR,15285,weighted,,,,,,,0.0,,0.0,,0.0,,,,,,0.8,,9.0,,0.0,,,,,,,,,,,,,,,,,,,,,,,,,,,,,,,,,,2021.0,1999-05-13,,,2024,2
Jacob Cowing,SF,WR,16640,weighted,,,,,,,0.39,,0.0,,0.0,,,,,,0.71,,8.69,,0.06,,,,,,,,,,,,,,,,,,,,,,,,,,,,,,,,,,2024.0,2001-02-04,,,2024,2
Ronnie Bell,SF,WR,16202,weighted,,,,,,,0.125381097560976,0.176776695296637,0.0,0.0,0.0,0.0,,,,,0.595289634146342,0.134350288425444,7.18861280487805,1.67584307141212,0.129786585365854,0.0989949493661167,,,,,,,,,,,,,,,,,,,,,,,,,,,,,,,,,2023.0,2000-01-28,,,2024,2
Xavier Hutchinson,HOU,WR,16201,weighted,,,,,,,1.29910020449898,1.54051018291633,0.0,0.0,0.0,0.0,,,,,0.556748466257669,0.14330030911551,6.17476482617587,2.78683370967313,0.0366462167689162,0.0322001780365185,,,,,,,,,,,,,,,,,,,,,,,,,,,,,,,,,2023.0,2000-06-01,,,2024,2
Bub Means,NO,WR,16751,weighted,,,,,,,0.0,0.0,0.0,0.0,0.0,0.0,,,,,0.380568527918782,0.2904005022009,4.53382741116751,3.57953479930712,0.0236590524534687,0.0319817541517191,,,,,,,,,,,,,,,,,,,,,,,,,,,,,,,,,2024.0,2001-01-10,,,2024,2
Devin Duvernay,JAC,WR,14847,weighted,,,,,,,0.930858895705521,0.120868958309754,0.0032924335378323,0.0057556646814168,0.0,0.0,,,,,0.545143149284254,0.266157367376941,4.75979890933879,2.88377382648062,0.0197501693922962,0.0264157704784356,,,,,,,,,,,,,,,,,,,,,,,,,,,,,,,,,2020.0,1997-09-12,,,2024,2
Tim Patrick,DET,WR,13377,weighted,,,,,,,0.0,,0.0,,0.0,,,,,,0.51,,7.51,,0.05,,,,,,,,,,,,,,,,,,,,,,,,,,,,,,,,,,2017.0,1993-11-23,,,2024,2
Casey Washington,ATL,WR,16760,weighted,,,,,,,0.0,0.0,0.0,0.0,0.0,0.0,,,,,0.5175,0.102530483272049,6.505,1.32228968081884,0.0412298387096774,0.0265450166647047,,,,,,,,,,,,,,,,,,,,,,,,,,,,,,,,,2024.0,2001-03-06,,,2024,2
Malik Heath,GB,WR,16413,weighted,,,,,,,0.0,0.0,0.0,0.0,0.0,0.0,,,,,0.498120184899846,0.572756492761103,4.0231124807396,4.24264068711928,0.055346687211094,0.0636396103067893,,,,,,,,,,,,,,,,,,,,,,,,,,,,,,,,,2023.0,2000-03-03,,,2024,2
John Metchie,HOU,WR,15759,weighted,,,,,,,0.539065989847716,0.415699902516451,0.0,0.0,0.0,0.0,,,,,0.484006768189509,0.190064269022922,5.06719458544839,1.68033874426182,0.0136964094841203,0.0151728653519858,,,,,,,,,,,,,,,,,,,,,,,,,,,,,,,,,2022.0,2000-07-18,,,2024,2
David Moore,CAR,WR,13348,weighted,,,,,,,0.0881025248661056,0.12271132151897,0.0,0.0,0.0,0.0,,,,,0.397174827850038,0.0546487159765228,5.42393649579189,1.07456926856679,0.0212245889340316,0.0210425153587397,,,,,,,,,,,,,,,,,,,,,,,,,,,,,,,,,2017.0,1995-01-15,,,2024,2
Velus Jones,CHI,WR,15767,weighted,,,,,,,5.64534764826176,0.402819521376589,0.0198261758691207,0.0263730010613484,0.0,0.0,,,,,0.461574642126789,0.224677400134235,5.08728016359918,2.35075124203098,0.0133844580777096,0.0153238900089383,,,,,,,,,,,,,,,,,,,,,,,,,,,,,,,,,2022.0,1997-05-11,,,2024,2
Chris Conley,SF,WR,12257,weighted,,,,,,,0.120365853658537,0.169705627484771,0.0,0.0,0.0,0.0,,,,,0.475228658536585,0.106066017177982,5.86763719512195,1.22329473145273,0.0799390243902439,0.0282842712474619,,,,,,,,,,,,,,,,,,,,,,,,,,,,,,,,,2015.0,1992-10-25,,,2024,2
Devontez Walker,BAL,WR,16621,weighted,,,,,,,0.1075,0.0035355339059327,0.0,0.0,0.0,0.0,,,,,0.45,0.0707106781186547,5.4025,1.08540890912135,0.0343901944894652,0.0220755986590047,,,,,,,,,,,,,,,,,,,,,,,,,,,,,,,,,2024.0,2001-06-19,,,2024,2
Anthony Gould,IND,WR,16732,weighted,,,,,,,0.0,,0.0,,0.0,,,,,,0.5,,6.0,,0.06,,,,,,,,,,,,,,,,,,,,,,,,,,,,,,,,,,2024.0,2001-04-06,,,2024,2
Ryan Flournoy,DAL,WR,16778,weighted,,,,,,,0.0,0.0,0.0,0.0,0.0,0.0,,,,,0.397976311336717,0.112002236409715,3.84818950930626,1.95789377331355,0.0161029376619156,0.0211293013729956,,,,,,,,,,,,,,,,,,,,,,,,,,,,,,,,,2024.0,1999-10-27,,,2024,2
Deonte Harris,BAL,WR,14558,weighted,,,,,,,0.46140243902439,0.650538238691624,0.0,0.0,0.0,0.0,,,,,0.445137195121951,0.0636396103067893,4.41931402439024,2.00111219075793,0.0300914634146341,0.0424264068711929,,,,,,,,,,,,,,,,,,,,,,,,,,,,,,,,,2019.0,1970-01-01,,,2024,2
Tim Jones,JAC,WR,16005,weighted,,,,,,,0.613826219512195,0.544472221513642,0.0,0.0,0.0,0.0,,,,,0.385259146341463,0.120208152801713,4.28891768292683,1.81726442764943,0.0300914634146341,0.0424264068711929,,,,,,,,,,,,,,,,,,,,,,,,,,,,,,,,,2021.0,1998-05-15,,,2024,2
Johnny Wilson,PHI,WR,16625,weighted,,,,,,,0.0872857142857143,0.0848782454269797,0.0,0.0,0.0,0.0,,,,,0.184,0.244472711104573,3.84657142857143,2.41474249040431,0.0167142857142857,0.020879923922792,,,,,,,,,,,,,,,,,,,,,,,,,,,,,,,,,2024.0,2001-04-03,,,2024,2
Britain Covey,PHI,WR,15772,weighted,,,,,,,0.0,0.0,0.0,0.0,0.0,0.0,,,,,0.350457317073171,0.212132034355964,3.56475609756098,2.20617315730203,0.0,0.0,,,,,,,,,,,,,,,,,,,,,,,,,,,,,,,,,2022.0,1997-03-18,,,2024,2
Ihmir Smith-Marsette,NYG,WR,15434,weighted,,,,,,,0.0,,0.0,,0.0,,,,,,0.38,,4.37,,0.03,,,,,,,,,,,,,,,,,,,,,,,,,,,,,,,,,,2021.0,1999-08-29,,,2024,2
Kayshon Boutte,NE,WR,16193,weighted,,,,,,,0.0752286585365854,0.106066017177982,0.0,0.0,0.0,0.0,,,,,0.215350609756098,0.162634559672906,2.58481707317073,2.23445742854949,0.0150457317073171,0.0212132034355964,,,,,,,,,,,,,,,,,,,,,,,,,,,,,,,,,2023.0,2002-05-07,,,2024,2
DJ Turner,LVR,WR,15995,weighted,,,,,,,1.70231124807396,0.424264068711929,0.0049614791987673,0.0070710678118654,0.0,0.0,,,,,0.42557781201849,0.106066017177982,4.04465331278891,0.0636396103067892,0.0099229583975346,0.014142135623731,,,,,,,,,,,,,,,,,,,,,,,,,,,,,,,,,2021.0,1997-01-18,,,2024,2
Scott Miller,PIT,WR,14280,weighted,,,,,,,0.0250762195121951,0.0353553390593274,0.0,0.0,0.0,0.0,,,,,0.199390243902439,0.282842712474619,2.9969512195122,1.4142135623731,0.0,0.0,,,,,,,,,,,,,,,,,,,,,,,,,,,,,,,,,2019.0,1970-01-01,,,2024,2
Bryce Ford-Wheaton,NYG,WR,16379,weighted,,,,,,,0.0,0.0,0.0,0.0,0.0,0.0,,,,,0.5,0.0,3.0,0.0,0.0,0.0,,,,,,,,,,,,,,,,,,,,,,,,,,,,,,,,,2023.0,2000-03-09,,,2024,2
Simi Fehoko,LAC,WR,15303,weighted,,,,,,,0.0,0.0,0.0,0.0,0.0,0.0,,,,,0.150385208012327,0.0707106781186548,1.06449922958398,0.0919238815542511,0.0049614791987673,0.0070710678118654,,,,,,,,,,,,,,,,,,,,,,,,,,,,,,,,,2021.0,1997-11-05,,,2024,2
Trishton Jackson,MIN,WR,14859,weighted,,,,,,,0.0503852080123267,0.0707106781186548,0.0,0.0,0.0,0.0,,,,,0.2,3.92534764114705e-17,1.57553158705701,0.820243866176395,0.0049614791987673,0.0070710678118654,,,,,,,,,,,,,,,,,,,,,,,,,,,,,,,,,2020.0,,,,2024,2
Kameron Johnson,TB,WR,16883,weighted,,,,,,,0.0,0.0,0.0,0.0,0.0,0.0,,,,,0.150385208012327,0.0707106781186548,1.14388289676425,0.205060966544099,0.0049614791987673,0.0070710678118654,,,,,,,,,,,,,,,,,,,,,,,,,,,,,,,,,2024.0,2002-03-17,,,2024,2
Kadarius Toney,CLE,WR,15289,weighted,,,,,,,1.83,,0.01,,0.0,,,,,,0.2,,1.86,,0.01,,,,,,,,,,,,,,,,,,,,,,,,,,,,,,,,,,2021.0,1970-01-01,Q,Undisclosed,2024,2
Zach Pascal,ARI,WR,13488,weighted,,,,,,,0.0,,0.0,,0.0,,,,,,0.2,,1.0,,0.0,,,,,,,,,,,,,,,,,,,,,,,,,,,,,,,,,,2017.0,1994-12-18,,,2024,2
Jason Brownlee,FA,WR,16423,weighted,,,,,,,0.0,,0.0,,0.0,,,,,,0.1,,1.09,,0.01,,,,,,,,,,,,,,,,,,,,,,,,,,,,,,,,,,2023.0,1999-01-30,,,2024,2
Travis Kelce,KC,TE,11244,weighted,,,,,,,0.171643612693247,0.218685674786495,0.0018576078112286,0.003543658577203,0.0710943856794142,0.0336302686424045,,,,,5.67954434499593,0.335680356962405,60.8686522143438,4.42280104217587,0.522917005695687,0.314736131490006,,,,,,,,,,,,,,,,,,,,,,,,,,,,,,,,,2013.0,1989-10-05,,,2024,2
Trey McBride,ARI,TE,15794,weighted,,,,,,,0.0,0.0,0.0,0.0,0.047233523189585,0.0362634812115056,,,,,5.57947111472742,0.402195550689309,56.0861449494362,3.9629022369554,0.281611065907242,0.143127615395448,,,,,,,,,,,,,,,,,,,,,,,,,,,,,,,,,2022.0,1999-11-22,,,2024,2
Sam LaPorta,DET,TE,16214,weighted,,,,,,,0.0,0.0,0.0,0.0,0.0410292921074044,0.0374202948612915,,,,,5.52217249796583,0.37239885924776,57.0461548297106,2.68087879729565,0.407477624084622,0.191198131667108,,,,,,,,,,,,,,,,,,,,,,,,,,,,,,,,,2023.0,2001-01-12,,,2024,2
Kyle Pitts,ATL,TE,15329,weighted,,,,,,,-0.0320314618931381,0.0329436557457015,0.0,0.0,0.0130593978844589,0.0208412506817913,,,,,4.17626932465419,0.584151978482428,51.2087696152505,5.71887283045271,0.317192839707079,0.174299361574219,,,,,,,,,,,,,,,,,,,,,,,,,,,,,,,,,2021.0,2000-10-06,,,2024,2
George Kittle,SF,TE,13299,weighted,,,,,,,0.0722538649308381,0.103880365869515,0.0,0.0,0.0130593978844589,0.0208412506817913,,,,,4.26377542717657,0.556709411415414,54.1230826455887,2.75484653832406,0.371859235150529,0.166379936545804,,,,,,,,,,,,,,,,,,,,,,,,,,,,,,,,,2017.0,1993-10-09,,,2024,2
Dalton Kincaid,BUF,TE,16213,weighted,,,,,,,0.0,0.0,0.0,0.0,0.0829129373474369,0.0171178615777433,,,,,4.72450772986168,0.50424329007108,45.8550180169708,4.93671949376242,0.239788445890968,0.12823364826011,,,,,,,,,,,,,,,,,,,,,,,,,,,,,,,,,2023.0,1999-10-18,,,2024,2
Brock Bowers,LVR,TE,16641,weighted,,,,,,,0.0320314618931381,0.0329436557457015,0.0,0.0,0.0612286411716843,0.034302018090856,,,,,4.31912123677787,0.493754803742792,45.6114954085784,4.30617484038417,0.182009764035801,0.0974759457185054,,,,,,,,,,,,,,,,,,,,,,,,,,,,,,,,,2024.0,2002-12-13,,,2024,2
Evan Engram,JAC,TE,13189,weighted,,,,,,,0.0,0.0,0.0,0.0,0.0912937347436941,0.0138941671211942,,,,,5.22693246541904,0.577090780970011,47.689016040916,3.52645570753922,0.255716029292107,0.113130466580435,,,,,,,,,,,,,,,,,,,,,,,,,,,,,,,,,2017.0,1994-09-02,,,2024,2
Mark Andrews,BAL,TE,13671,weighted,,,,,,,0.0,0.0,0.0,0.0,0.0388527257933279,0.0365441467833994,,,,,4.13023189585028,0.427908184796527,46.9026554690224,3.0089521690429,0.32393002441009,0.142360178428156,,,,,,,,,,,,,,,,,,,,,,,,,,,,,,,,,2018.0,1995-09-06,,,2024,2
Pat Freiermuth,PIT,TE,15331,weighted,,,,,,,0.0,0.0,0.0,0.0,0.0108828315703824,0.0173677089014928,,,,,3.45462978030919,0.542138724116118,35.2085958386609,6.05331648683136,0.173950366151343,0.0931969361459003,,,,,,,,,,,,,,,,,,,,,,,,,,,,,,,,,2021.0,1998-10-25,,,2024,2
Dallas Goedert,PHI,TE,13674,weighted,,,,,,,0.0320314618931381,0.0329436557457015,0.0,0.0,0.0130593978844589,0.0208412506817913,,,,,4.2179983726607,0.402309995914008,43.2341316982448,3.26789617114819,0.20046786004882,0.0930943828067134,,,,,,,,,,,,,,,,,,,,,,,,,,,,,,,,,2018.0,1995-01-03,,,2024,2
Isaiah Likely,BAL,TE,15798,weighted,,,,,,,0.0,0.0,0.0,0.0,0.0,0.0,,,,,3.56123677786819,0.349767680956043,40.2875130768337,3.81429008402248,0.308527257933279,0.174556742237798,,,,,,,,,,,,,,,,,,,,,,,,,,,,,,,,,2022.0,2000-04-18,,,2024,2
Colby Parkinson,LAR,TE,14871,weighted,,,,,,,0.0,0.0,0.0,0.0,0.0,0.0,,,,,3.43650122050447,0.340746525540107,37.2932837382308,3.65845804171923,0.181175752644426,0.0782417040769775,,,,,,,,,,,,,,,,,,,,,,,,,,,,,,,,,2020.0,1999-01-07,,,2024,2
Jordan Akins,CLE,TE,13753,weighted,,,,,,,0.0,0.0,0.0,0.0,0.0271257119609439,0.0331470222886459,,,,,2.87883238405207,0.217387470121618,28.1835441125189,5.47175019922258,0.187986167615948,0.0909918048663992,,,,,,,,,,,,,,,,,,,,,,,,,,,,,,,,,2018.0,1992-04-19,,,2024,2
Dalton Schultz,HOU,TE,13772,weighted,,,,,,,0.0,0.0,0.0,0.0,0.0332587469487388,0.0342742000024487,,,,,3.50194873881204,0.332408572984835,35.9007805416715,1.65076927246227,0.238539462978031,0.122136686791401,,,,,,,,,,,,,,,,,,,,,,,,,,,,,,,,,2018.0,1996-07-11,,,2024,2
Cole Kmet,CHI,TE,14867,weighted,,,,,,,0.0,0.0,0.0,0.0,0.0087062652563059,0.0138941671211942,,,,,2.72709113100081,0.526482977619473,26.8615366732535,6.09731179854699,0.196655817737998,0.0993984959839492,,,,,,,,,,,,,,,,,,,,,,,,,,,,,,,,,2020.0,1999-03-10,,,2024,2
Greg Dulcich,DEN,TE,15797,weighted,,,,,,,0.0,0.0,0.0,0.0,0.0,0.0,,,,,2.2863506916192,0.347604496432947,25.9578565616645,5.45214045655476,0.113909682668836,0.0622749909625962,,,,,,,,,,,,,,,,,,,,,,,,,,,,,,,,,2022.0,2000-03-26,,,2024,2
Zach Ertz,WAS,TE,11247,weighted,,,,,,,0.0,0.0,0.0,0.0,0.0,0.0,,,,,3.21508136696501,0.535798373948663,28.1596111821458,3.71508774714554,0.179886086248983,0.120187690564456,,,,,,,,,,,,,,,,,,,,,,,,,,,,,,,,,2013.0,1990-11-10,,,2024,2
Cade Otton,TB,TE,15802,weighted,,,,,,,0.0,0.0,0.0,0.0,0.0,0.0,,,,,3.17561025223759,0.500539647223759,30.4298326165291,3.1043453852699,0.179837266069976,0.0773470050572067,,,,,,,,,,,,,,,,,,,,,,,,,,,,,,,,,2022.0,1999-04-15,,,2024,2
Hunter Henry,NE,TE,12676,weighted,,,,,,,0.0,0.0,0.0,0.0,0.0,0.0,,,,,2.92398291293735,0.0830429659688889,30.736140881088,2.21084443311955,0.197937347436941,0.0979605109923417,,,,,,,,,,,,,,,,,,,,,,,,,,,,,,,,,2016.0,1994-12-07,,,2024,2
Chigoziem Okonkwo,TEN,TE,15889,weighted,,,,,,,0.0423889340927583,0.0783383855655606,0.0,0.0,0.0130593978844589,0.0208412506817913,,,,,2.72749389747762,0.375848994414296,27.6460414971522,4.285141234426,0.145138323840521,0.09272653083197,,,,,,,,,,,,,,,,,,,,,,,,,,,,,,,,,2022.0,1999-09-08,,,2024,2
Hayden Hurst,LAC,TE,13680,weighted,,,,,,,0.0,0.0,0.0,0.0,0.0,0.0,,,,,2.57650528885273,0.672425592144444,26.4232773451122,4.53357758423473,0.119300244100895,0.0854425541534708,,,,,,,,,,,,,,,,,,,,,,,,,,,,,,,,,2018.0,1993-08-24,,,2024,2
Noah Fant,SEA,TE,14137,weighted,,,,,,,0.0,0.0,0.0,0.0,0.0,0.0,,,,,2.84738812042311,0.342972966036862,28.8790759037545,3.1553478612292,0.136704637917006,0.0721861580814798,,,,,,,,,,,,,,,,,,,,,,,,,,,,,,,,,2019.0,1997-11-20,,,2024,2
Tyler Conklin,NYJ,TE,13675,weighted,,,,,,,0.0501231527093596,0.0309794351141351,0.0,0.0,0.0,0.0,,,,,3.01162068965517,0.265601437657415,29.514828407225,2.54939769982153,0.107182266009852,0.0877166199790631,,,,,,,,,,,,,,,,,,,,,,,,,,,,,,,,,2018.0,1995-07-30,,,2024,2
Juwan Johnson,NO,TE,14861,weighted,,,,,,,0.320314618931381,0.329436557457015,0.0,0.0,0.0,0.0,,,,,2.42133034987795,0.493168114229691,25.4733784726258,4.56176635292178,0.214641985353946,0.140212907087069,,,,,,,,,,,,,,,,,,,,,,,,,,,,,,,,,2020.0,1996-09-13,,,2024,2
Johnny Mundt,MIN,TE,13940,weighted,,,,,,,0.0,0.0,0.0,0.0,0.0,0.0,,,,,2.18717249796583,0.4127644171311,21.2821393699872,4.8535275050711,0.101228641171684,0.0559705097941318,,,,,,,,,,,,,,,,,,,,,,,,,,,,,,,,,2017.0,1994-11-23,,,2024,2
Foster Moreau,NO,TE,14239,weighted,,,,,,,0.317941317941318,0.363323927729237,0.0,0.0,0.0275132275132275,0.0365467395697309,,,,,2.07548821548822,0.673963233816698,23.5194227994228,6.56446389598963,0.135170755170755,0.0761197644595942,,,,,,,,,,,,,,,,,,,,,,,,,,,,,,,,,2019.0,1997-05-06,,,2024,2
Theo Johnson,NYG,TE,16649,weighted,,,,,,,0.0,0.0,0.0,0.0,0.0282527007984969,0.0367012890401048,,,,,2.20712071395021,0.754475051609121,23.1083364646939,7.0049533078081,0.0868576796618131,0.0738899731650961,,,,,,,,,,,,,,,,,,,,,,,,,,,,,,,,,2024.0,2001-02-26,,,2024,2
Jake Ferguson,DAL,TE,15799,weighted,,,,,,,0.0,0.0,0.0,0.0,0.0,0.0,,,,,1.94452644526445,0.818815019639295,19.8632841328413,7.82991862530076,0.140698475472044,0.0510963574544368,,,,,,,,,,,,,,,,,,,,,,,,,,,,,,,,,2022.0,1999-01-18,D,Knee - MCL,2024,2
Jonnu Smith,MIA,TE,13193,weighted,,,,,,,0.0,0.0,0.0,0.0,0.0,0.0,,,,,2.09827502034174,0.328385894484256,21.7208932930373,3.47533052659054,0.105097640358015,0.0562600293640818,,,,,,,,,,,,,,,,,,,,,,,,,,,,,,,,,2017.0,1995-08-22,,,2024,2
Tucker Kraft,GB,TE,16222,weighted,,,,,,,0.0,0.0,0.0,0.0,0.0,0.0,,,,,2.42483726606998,0.453616536549991,24.9241712193421,2.64552066451214,0.121342554922701,0.069059029527647,,,,,,,,,,,,,,,,,,,,,,,,,,,,,,,,,2023.0,2000-11-03,,,2024,2
Luke Musgrave,GB,TE,16215,weighted,,,,,,,0.0,0.0,0.0,0.0,0.0,0.0,,,,,1.50752237591538,0.523371413986491,16.7542642101592,5.29278591274934,0.083246541903987,0.069235486965147,,,,,,,,,,,,,,,,,,,,,,,,,,,,,,,,,2023.0,2000-09-02,,,2024,2
Kylen Granson,IND,TE,15419,weighted,,,,,,,0.0,0.0,0.0,0.0,0.0,0.0,,,,,1.9310048820179,0.153201728757013,21.1706596536092,3.61352947204022,0.0918551668022783,0.0416144996610825,,,,,,,,,,,,,,,,,,,,,,,,,,,,,,,,,2021.0,1998-03-27,,,2024,2
Mike Gesicki,CIN,TE,13672,weighted,,,,,,,0.0,0.0,0.0,0.0,0.0,0.0,,,,,3.0250081366965,0.573263133596983,25.7868882947809,2.22218948871289,0.17246948738812,0.123701108753538,,,,,,,,,,,,,,,,,,,,,,,,,,,,,,,,,2018.0,1995-10-03,,,2024,2
Ja'Tavion Sanders,CAR,TE,16643,weighted,,,,,,,0.0,0.0,0.0,0.0,0.0278173311635476,0.0336919186211286,,,,,1.7856346623271,0.926375921841557,15.6990770661397,7.94672379527844,0.0721724979658259,0.0593927086013364,,,,,,,,,,,,,,,,,,,,,,,,,,,,,,,,,2024.0,2003-03-27,,,2024,2
Luke Schoonmaker,DAL,TE,16221,weighted,,,,,,,0.0,0.0,0.0,0.0,0.0,0.0,,,,,2.09347436940602,0.647500317748957,19.7349075903754,6.09862793681668,0.177851912123678,0.0949330506675556,,,,,,,,,,,,,,,,,,,,,,,,,,,,,,,,,2023.0,1998-09-28,,,2024,2
Gerald Everett,CHI,TE,13236,weighted,,,,,,,0.0,0.0,0.0,0.0,0.0,0.0,,,,,2.20820585842148,0.430522469529916,19.7815872370103,4.63098429116719,0.141472742066721,0.0747667448398897,,,,,,,,,,,,,,,,,,,,,,,,,,,,,,,,,2017.0,1994-06-25,,,2024,2
Elijah Higgins,ARI,TE,16333,weighted,,,,,,,0.0,0.0,0.0,0.0,0.0,0.0,,,,,1.30237614237614,0.697924609207964,12.9752380952381,7.96810312787749,0.0716498316498316,0.0392332198776486,,,,,,,,,,,,,,,,,,,,,,,,,,,,,,,,,2023.0,2000-10-27,,,2024,2
Tanner Hudson,CIN,TE,14370,weighted,,,,,,,0.0,0.0,0.0,0.0,0.0626023657870792,0.11400231220033,,,,,1.84040036396724,0.871104641745448,17.0340309372157,7.36906059982141,0.07024567788899,0.0561970467865946,,,,,,,,,,,,,,,,,,,,,,,,,,,,,,,,,2018.0,1994-11-12,D,Knee,2024,2
Daniel Bellinger,NYG,TE,15873,weighted,,,,,,,0.0,0.0,0.0,0.0,0.0271257119609439,0.0331470222886459,,,,,1.38893816110659,0.673887530421051,13.5181314657678,7.16291573170714,0.0779943043124492,0.0681261356526166,,,,,,,,,,,,,,,,,,,,,,,,,,,,,,,,,2022.0,2000-09-22,,,2024,2
Josh Oliver,MIN,TE,14209,weighted,,,,,,,0.0,0.0,0.0,0.0,0.0,0.0,,,,,1.88178600488202,0.484084999437371,18.3432337556666,4.13623075413852,0.107245728234337,0.0608559579676499,,,,,,,,,,,,,,,,,,,,,,,,,,,,,,,,,2019.0,1997-03-21,,,2024,2
Austin Hooper,NE,TE,12677,weighted,,,,,,,0.0,0.0,0.0,0.0,0.0,0.0,,,,,1.73287225386493,0.411936073267577,16.77104324073,3.90064591158932,0.0526240846216436,0.0495123223301856,,,,,,,,,,,,,,,,,,,,,,,,,,,,,,,,,2016.0,1994-10-29,,,2024,2
Dawson Knox,BUF,TE,14143,weighted,,,,,,,0.0,0.0,0.0,0.0,0.0,0.0,,,,,1.85820992676973,0.215118801346057,18.4135958386609,2.42806923540794,0.128494711147274,0.0689331263884399,,,,,,,,,,,,,,,,,,,,,,,,,,,,,,,,,2019.0,1996-11-14,,,2024,2
Will Dissly,LAC,TE,13763,weighted,,,,,,,0.0,0.0,0.0,0.0,0.0,0.0,,,,,1.39810414971522,0.551110362619173,12.5607253283738,5.23613510603141,0.0932546786004882,0.0577198287747698,,,,,,,,,,,,,,,,,,,,,,,,,,,,,,,,,2018.0,,,,2024,2
Brevyn Spann-Ford,DAL,TE,16647,weighted,,,,,,,0.0,0.0,0.0,0.0,0.0,0.0,,,,,1.29046357615894,1.48492424049175,13.0180132450331,14.9906637611548,0.113377483443709,0.14142135623731,,,,,,,,,,,,,,,,,,,,,,,,,,,,,,,,,2024.0,1999-12-27,,,2024,2
Noah Gray,KC,TE,15337,weighted,,,,,,,0.0,0.0,0.0,0.0,0.0,0.0,,,,,1.33552888527258,0.390595234179217,15.8038155294665,3.91930987845,0.0725915378356387,0.0518695935939349,,,,,,,,,,,,,,,,,,,,,,,,,,,,,,,,,2021.0,1999-04-30,,,2024,2
Michael Mayer,LVR,TE,16212,weighted,,,,,,,0.0,0.0,0.0,0.0,0.0,0.0,,,,,1.60385679414158,0.493004130010346,17.3026612809485,2.46528070550759,0.0725630593978845,0.0506407083226864,,,,,,,,,,,,,,,,,,,,,,,,,,,,,,,,,2023.0,2001-07-06,,,2024,2
Tommy Tremble,CAR,TE,15332,weighted,,,,,,,0.0,0.0,0.0,0.0,0.0,0.0,,,,,1.51755651755652,0.47253241994111,14.3039826839827,4.1672250352966,0.107806637806638,0.101415009595594,,,,,,,,,,,,,,,,,,,,,,,,,,,,,,,,,2021.0,2000-06-02,Q,Hamstring,2024,2
Durham Smythe,MIA,TE,13676,weighted,,,,,,,0.0,0.0,0.0,0.0,0.0,0.0,,,,,1.25917267917268,0.365013940150478,11.8891534391534,4.5662969479676,0.0685810485810486,0.0566605074425316,,,,,,,,,,,,,,,,,,,,,,,,,,,,,,,,,2018.0,1995-08-09,,,2024,2
Brevin Jordan,HOU,TE,15330,weighted,,,,,,,0.0,0.0,0.0,0.0,0.0,0.0,,,,,1.14566285714286,0.499248334072337,12.7241257142857,6.5736748432853,0.09272,0.0293003609143532,,,,,,,,,,,,,,,,,,,,,,,,,,,,,,,,,2021.0,2000-07-16,,,2024,2
Taysom Hill,NO,TE,13424,weighted,,,,,,,12.9456792585641,7.55811229559535,0.0704758329422806,0.0969789622921949,0.0,0.0,,,,,1.47765837634913,0.338295270833281,14.9582308775223,2.36605892019168,0.0875175973721257,0.0764350484912561,,,,,,,,,,,,,,,,,,,,,,,,,,,,,,,,,2017.0,1990-08-23,,,2024,2
Ben Sinnott,WAS,TE,16644,weighted,,,,,,,0.0,0.0,0.0,0.0,0.0283309283309283,0.0371361153447501,,,,,0.584396344396344,0.64171976623213,6.68642135642136,6.03178035195989,0.0307551707551708,0.0457081301185243,,,,,,,,,,,,,,,,,,,,,,,,,,,,,,,,,2024.0,2002-06-14,,,2024,2
Adam Trautman,DEN,TE,14870,weighted,,,,,,,0.0,0.0,0.0,0.0,0.0,0.0,,,,,1.32624491456469,0.263272161845228,13.8126386144368,2.91929620057617,0.116619202603743,0.067735542537357,,,,,,,,,,,,,,,,,,,,,,,,,,,,,,,,,2020.0,1997-02-05,,,2024,2
Brock Wright,DET,TE,15626,weighted,,,,,,,0.0,0.0,0.0,0.0,0.0,0.0,,,,,0.785851428571429,0.679423332098479,7.54635428571429,4.71606980332554,0.0916571428571429,0.0728849200660263,,,,,,,,,,,,,,,,,,,,,,,,,,,,,,,,,2021.0,1998-11-27,,,2024,2
Luke Farrell,JAC,TE,15335,weighted,,,,,,,0.0,,0.0,,0.0,,,,,,1.2,,15.0,,0.0,,,,,,,,,,,,,,,,,,,,,,,,,,,,,,,,,,2021.0,1997-10-14,,,2024,2
Will Mallory,IND,TE,16220,weighted,,,,,,,0.0,0.0,0.0,0.0,0.0,0.0,,,,,0.647952029520295,0.260960832195894,8.11830258302583,5.1454854211068,0.0212453874538745,0.0395860576751581,,,,,,,,,,,,,,,,,,,,,,,,,,,,,,,,,2023.0,1999-06-22,,,2024,2
Mo Alie-Cox,IND,TE,13246,weighted,,,,,,,0.0,0.0,0.0,0.0,0.0,0.0,,,,,1.19209957726632,0.471782513112344,11.5298825739784,2.80502854934778,0.139981211836543,0.0895193855267967,,,,,,,,,,,,,,,,,,,,,,,,,,,,,,,,,2016.0,1993-09-19,,,2024,2
Connor Heyward,PIT,TE,15800,weighted,,,,,,,1.0,0.0,0.0,0.0,0.0,0.0,,,,,1.2684,0.23020835331164,11.9985666666667,2.2144605087969,0.0420631275720165,0.0526734750604449,,,,,,,,,,,,,,,,,,,,,,,,,,,,,,,,,2022.0,1999-01-22,,,2024,2
Josh Whyle,TEN,TE,16312,weighted,,,,,,,0.0,0.0,0.0,0.0,0.0,0.0,,,,,1.02089926010245,0.357468874247016,10.5597040409789,3.8719143064935,0.0831474103585657,0.0448906307453174,,,,,,,,,,,,,,,,,,,,,,,,,,,,,,,,,2023.0,1999-09-08,,,2024,2
Drew Sample,CIN,TE,14146,weighted,,,,,,,0.0,0.0,0.0,0.0,0.0279857142857143,0.0406528036767803,,,,,1.16553714285714,0.315769451008428,10.1320171428571,3.32595353777047,0.09448,0.013017550184415,,,,,,,,,,,,,,,,,,,,,,,,,,,,,,,,,2019.0,1996-04-16,,,2024,2
Jeremy Ruckert,NYJ,TE,15796,weighted,,,,,,,0.0,0.0,0.0,0.0,0.0,0.0,,,,,0.868,0.431623418876286,8.46755043227666,4.06347869367036,0.0397579250720461,0.0453967366973293,,,,,,,,,,,,,,,,,,,,,,,,,,,,,,,,,2022.0,2000-08-11,,,2024,2
AJ Barner,SEA,TE,16723,weighted,,,,,,,0.0,0.0,0.0,0.0,0.0,0.0,,,,,0.846490066225166,0.565685424949238,8.69165562913907,5.37401153701776,0.0,0.0,,,,,,,,,,,,,,,,,,,,,,,,,,,,,,,,,2024.0,2002-05-03,,,2024,2
Charlie Woerner,ATL,TE,14984,weighted,,,,,,,0.0,0.0,0.0,0.0,0.0,0.0,,,,,1.0428093883357,0.208637541000037,9.62856330014225,3.03604498863218,0.0557325746799431,0.0502877147686265,,,,,,,,,,,,,,,,,,,,,,,,,,,,,,,,,2020.0,1997-10-16,,,2024,2
Erick All,CIN,TE,16645,weighted,,,,,,,0.0,,0.0,,0.0,,,,,,1.1,,10.7,,0.1,,,,,,,,,,,,,,,,,,,,,,,,,,,,,,,,,,2024.0,2000-09-13,,,2024,2
John Bates,WAS,TE,15344,weighted,,,,,,,0.0,0.0,0.0,0.0,0.0,0.0,,,,,0.991203377902885,0.229239270962399,8.39341308937368,1.72161025330525,0.0400703729767769,0.0507923389437767,,,,,,,,,,,,,,,,,,,,,,,,,,,,,,,,,2021.0,1997-11-06,,,2024,2
Hunter Long,LAR,TE,15334,weighted,,,,,,,0.0,0.0,0.0,0.0,0.0,0.0,,,,,0.787079162875341,0.214471812852859,7.94813466787989,2.73388894443355,0.07024567788899,0.0561970467865946,,,,,,,,,,,,,,,,,,,,,,,,,,,,,,,,,2021.0,1998-08-19,,,2024,2
Charlie Kolar,BAL,TE,15795,weighted,,,,,,,0.0,,0.0,,0.0,,,,,,0.9,,10.0,,0.0,,,,,,,,,,,,,,,,,,,,,,,,,,,,,,,,,,2022.0,1999-02-10,,,2024,2
Grant Calcaterra,PHI,TE,15804,weighted,,,,,,,0.0,0.0,0.0,0.0,0.0,0.0,,,,,0.572326283987915,0.342545028626511,6.39575025176234,3.95355079711159,0.0378851963746224,0.0556177548293702,,,,,,,,,,,,,,,,,,,,,,,,,,,,,,,,,2022.0,1998-12-04,,,2024,2
Andrew Ogletree,IND,TE,15916,weighted,,,,,,,0.0,0.0,0.0,0.0,0.0,0.0,,,,,0.752100840336135,0.185592110037317,8.55350140056023,0.836229380492964,0.0769607843137255,0.048732534653623,,,,,,,,,,,,,,,,,,,,,,,,,,,,,,,,,2022.0,1998-07-28,,,2024,2
Payne Durham,TB,TE,16218,weighted,,,,,,,0.0,0.0,0.0,0.0,0.0,0.0,,,,,0.672444649446494,0.171925531976533,7.09290590405904,2.06286054554728,0.018210332103321,0.033930906578707,,,,,,,,,,,,,,,,,,,,,,,,,,,,,,,,,2023.0,2000-06-15,,,2024,2
Lucas Krull,DEN,TE,15970,weighted,,,,,,,0.0,0.0,0.0,0.0,0.0,0.0,,,,,0.570147058823529,0.18508039956854,6.35030112044818,1.88763507593485,0.0379131652661064,0.0491137754394461,,,,,,,,,,,,,,,,,,,,,,,,,,,,,,,,,2022.0,1998-07-11,,,2024,2
Darnell Washington,PIT,TE,16216,weighted,,,,,,,0.0,0.0,0.0,0.0,0.0,0.0,,,,,0.923120448179272,0.0723177211713887,8.08863641456583,0.635315062210399,0.0218823529411765,0.0323433306436353,,,,,,,,,,,,,,,,,,,,,,,,,,,,,,,,,2023.0,2001-08-17,,,2024,2
Jared Wiley,KC,TE,16648,weighted,,,,,,,0.0,0.0,0.0,0.0,0.02975432211101,0.0561970467865946,,,,,0.516014558689718,0.256351184711953,5.24513193812557,2.79504063910727,0.0313011828935396,0.057001156100165,,,,,,,,,,,,,,,,,,,,,,,,,,,,,,,,,2024.0,2000-11-02,,,2024,2
Peyton Hendershot,KC,TE,16000,weighted,,,,,,,0.0,0.0,0.0,0.0,0.0,0.0,,,,,0.551843778383288,0.261550983182531,5.58855585831063,2.60432796539499,0.0461852861035422,0.0512455157667195,,,,,,,,,,,,,,,,,,,,,,,,,,,,,,,,,2022.0,1999-04-23,,,2024,2
Brenton Strange,JAC,TE,16269,weighted,,,,,,,0.0,0.0,0.0,0.0,0.0,0.0,,,,,0.593207282913165,0.139150380377698,5.18792717086835,2.38432083661119,0.0379131652661064,0.0491137754394461,,,,,,,,,,,,,,,,,,,,,,,,,,,,,,,,,2023.0,2000-12-27,,,2024,2
Ross Dwelley,ATL,TE,13988,weighted,,,,,,,0.0,0.0,0.0,0.0,0.0,0.0,,,,,0.448733233979136,0.0707106781186547,6.48673621460507,2.05060966544099,0.0512667660208644,0.0707106781186548,,,,,,,,,,,,,,,,,,,,,,,,,,,,,,,,,2018.0,1970-01-01,,,2024,2
Devin Culp,TB,TE,16796,weighted,,,,,,,,,,,0.0,,,,,,0.7,,7.5,,0.1,,,,,,,,,,,,,,,,,,,,,,,,,,,,,,,,,,2024.0,2000-02-02,,,2024,2
Stone Smartt,LAC,TE,16113,weighted,,,,,,,0.0,0.0,0.0,0.0,0.0,0.0,,,,,0.32464,0.278568895929059,4.16368,2.17151844864215,0.0214971428571429,0.043687732635786,,,,,,,,,,,,,,,,,,,,,,,,,,,,,,,,,2022.0,1998-10-04,,,2024,2
Cade Stover,HOU,TE,16642,weighted,,,,,,,0.0,0.0,0.0,0.0,0.0,0.0,,,,,0.456333830104322,0.353553390593274,4.17853949329359,4.38406204335659,0.0512667660208644,0.0707106781186548,,,,,,,,,,,,,,,,,,,,,,,,,,,,,,,,,2024.0,2000-06-12,,,2024,2
MyCole Pruitt,PIT,TE,12309,weighted,,,,,,,0.0,0.0,0.0,0.0,0.0,0.0,,,,,0.518071780436312,0.120886645158212,5.74508092892329,1.5278798426771,0.0841379310344827,0.0339197493592255,,,,,,,,,,,,,,,,,,,,,,,,,,,,,,,,,2015.0,1992-03-24,,,2024,2
Dallin Holker,NO,TE,16807,weighted,,,,,,,1.0,0.0,0.0,0.0,0.0,0.0,,,,,0.648733233979136,0.0707106781186547,6.79493293591654,0.282842712474619,0.0512667660208644,0.0707106781186548,,,,,,,,,,,,,,,,,,,,,,,,,,,,,,,,,2024.0,2000-04-07,,,2024,2
Quintin Morris,BUF,TE,15341,weighted,,,,,,,0.0,0.0,0.0,0.0,0.0,0.0,,,,,0.356505914467698,0.285005780500825,3.6582347588717,2.61461226950174,0.0610555050045496,0.0599396374339212,,,,,,,,,,,,,,,,,,,,,,,,,,,,,,,,,2021.0,1999-01-21,,,2024,2
Tip Reiman,ARI,TE,16706,weighted,,,,,,,0.0,0.0,0.0,0.0,0.0,0.0,,,,,0.454959053685168,0.209490567571192,4.2673339399454,2.10384167211387,0.0313011828935396,0.057001156100165,,,,,,,,,,,,,,,,,,,,,,,,,,,,,,,,,2024.0,2001-09-17,,,2024,2
Eric Saubert,SF,TE,13315,weighted,,,,,,,0.0,0.0,0.0,0.0,0.0,0.0,,,,,0.393903548680619,0.171003468300495,4.024567788899,1.56344666875583,0.0313011828935396,0.057001156100165,,,,,,,,,,,,,,,,,,,,,,,,,,,,,,,,,2017.0,1994-05-09,,,2024,2
Marcedes Lewis,CHI,TE,8269,weighted,,,,,,,0.0,0.0,0.0,0.0,0.0,0.0,,,,,0.451266766020864,0.0707106781186547,4.33293591654247,1.83847763108502,0.148733233979136,0.0707106781186548,,,,,,,,,,,,,,,,,,,,,,,,,,,,,,,,,2006.0,1984-05-19,,,2024,2
Harrison Bryant,LVR,TE,14875,weighted,,,,,,,0.0,0.0,0.0,0.0,0.0,0.0,,,,,0.424902506963788,0.30816905435192,3.03693593314763,1.61585565220304,0.0333519034354689,0.0543875530897724,,,,,,,,,,,,,,,,,,,,,,,,,,,,,,,,,2020.0,1970-01-01,,,2024,2
Pharaoh Brown,SEA,TE,13994,weighted,,,,,,,0.0,,0.0,,0.0,,,,,,0.5,,4.8,,0.0,,,,,,,,,,,,,,,,,,,,,,,,,,,,,,,,,,2017.0,1994-05-04,O,Foot,2024,2
Ben Sims,GB,TE,16483,weighted,,,,,,,0.0,0.0,0.0,0.0,0.0,0.0,,,,,0.5,0.0,4.10253353204173,0.14142135623731,0.1,3.9264915141570104e-17,,,,,,,,,,,,,,,,,,,,,,,,,,,,,,,,,2023.0,2000-05-16,,,2024,2
Julian Hill,MIA,TE,16425,weighted,,,,,,,0.0,0.0,0.0,0.0,0.0403280718043949,0.0513564575922982,,,,,0.346648096564531,0.189144237543185,3.20646239554318,1.71178768545793,0.0029897864438254,0.0056331278799019,,,,,,,,,,,,,,,,,,,,,,,,,,,,,,,,,2023.0,2000-07-09,,,2024,2
Davis Allen,LAR,TE,16219,weighted,,,,,,,0.0,,0.0,,0.0,,,,,,0.4,,4.2,,0.0,,,,,,,,,,,,,,,,,,,,,,,,,,,,,,,,,,2023.0,2001-02-03,O,Back,2024,2
Jaheim Bell,NE,TE,16646,weighted,,,,,,,0.0,,0.0,,0.0,,,,,,0.5,,4.0,,0.0,,,,,,,,,,,,,,,,,,,,,,,,,,,,,,,,,,2024.0,2001-06-14,,,2024,2
Jordan Matthews,CAR,TE,11676,weighted,,,,,,,0.0,,0.0,,0.0,,,,,,0.38,,3.64,,0.02,,,,,,,,,,,,,,,,,,,,,,,,,,,,,,,,,,2014.0,1992-07-16,,,2024,2
Ko Kieft,TB,TE,15929,weighted,,,,,,,0.0,0.0,0.0,0.0,0.0,0.0,,,,,0.3,7.85298302831401e-17,2.82026825633383,1.13137084989848,0.0512667660208644,0.0707106781186548,,,,,,,,,,,,,,,,,,,,,,,,,,,,,,,,,2022.0,1998-01-20,,,2024,2
Nick Vannett,TEN,TE,12680,weighted,,,,,,,0.0,,0.0,,0.0,,,,,,0.3,,2.0,,0.0,,,,,,,,,,,,,,,,,,,,,,,,,,,,,,,,,,2016.0,1993-03-06,,,2024,2
Nate Adkins,DEN,TE,16474,weighted,,,,,,,0.0,,0.0,,0.0,,,,,,0.1,,1.0,,0.01,,,,,,,,,,,,,,,,,,,,,,,,,,,,,,,,,,2023.0,1999-07-09,,,2024,2
Feleipe Franks,FA,TE,15244,weighted,,,,,,,0.0,,0.0,,0.0,,,,,,0.13,,1.24,,0.01,,,,,,,,,,,,,,,,,,,,,,,,,,,,,,,,,,2021.0,1997-12-22,,,2024,2
Parker Hesse,DET,TE,15564,weighted,,,,,,,0.0,,0.0,,0.0,,,,,,0.12,,1.18,,0.01,,,,,,,,,,,,,,,,,,,,,,,,,,,,,,,,,,2019.0,1995-05-26,,,2024,2
Donald Parham,FA,TE,14341,weighted,,,,,,,0.0,,0.0,,0.0,,,,,,0.1,,1.09,,0.01,,,,,,,,,,,,,,,,,,,,,,,,,,,,,,,,,,2019.0,,,,2024,2
Jake Elliott,PHI,K,13303,weighted,,,,,,,,,,,,,,,,,,,,,,,0.0,0.0,0.580047905445713,0.0805877701135727,0.632755363086187,0.0942555284299172,0.438211536290734,0.0704971970710074,0.238108555912086,0.127713064012826,3.06772003745318,0.358953521292177,,,,,,,,,,,,,,,,,,,,,2017.0,1995-01-21,,,2024,2
Jake Moody,SF,K,16286,weighted,,,,,,,,,,,,,,,,,,,,,,,0.0,0.0,0.503760315371902,0.0321258641732337,0.547419092492217,0.0354749632234138,0.503760315371902,0.0321258641732337,0.24559796060359,0.127319906242174,3.06910112359551,0.202730805607427,,,,,,,,,,,,,,,,,,,,,2023.0,1999-11-23,,,2024,2
Harrison Butker,KC,K,13354,weighted,,,,,,,,,,,,,,,,,,,,,,,0.0,0.0,0.590173779653324,0.0626383422597895,0.666234795832222,0.0677711971544383,0.44050214174927,0.0318173778235053,0.226114236540587,0.113320191944712,2.91418539325843,0.232846581360607,,,,,,,,,,,,,,,,,,,,,2017.0,1995-07-14,,,2024,2
Jake Bates,DET,K,16846,weighted,,,,,,,,,,,,,,,,,,,,,,,0.0,0.0,0.450812239633841,0.101087976587684,0.676525318873028,0.179808299621676,0.452248373388217,0.127860533642299,0.111635791092582,0.0597016172359704,2.79468164794007,0.339525572863107,,,,,,,,,,,,,,,,,,,,,2023.0,1999-03-03,,,2024,2
Kaimi Fairbairn,HOU,K,12860,weighted,,,,,,,,,,,,,,,,,,,,,,,0.0,0.0,0.514194302400637,0.0408223698266561,0.561330878004661,0.0464967501963048,0.405698488344678,0.100022820537681,0.302580559130808,0.163493556462528,2.51572097378277,0.633749892414649,,,,,,,,,,,,,,,,,,,,,2016.0,1994-01-29,,,2024,2
Justin Tucker,BAL,K,10976,weighted,,,,,,,,,,,,,,,,,,,,,,,0.0,0.0,0.678298758108586,0.157485567378646,0.663318763099621,0.142580313526636,0.51097666148687,0.122640769097828,0.170929114263929,0.105921313802121,2.66045411985019,0.380587020242325,,,,,,,,,,,,,,,,,,,,,2012.0,1989-11-21,,,2024,2
Joshua Karty,LAR,K,16775,weighted,,,,,,,,,,,,,,,,,,,,,,,0.0,0.0,0.590331948218322,0.106266047969883,0.540784364723834,0.0802737845151922,0.504981895588031,0.0581477492881143,0.15598993904678,0.0740287097736669,2.38729400749064,0.418189868262364,,,,,,,,,,,,,,,,,,,,,2024.0,2002-03-07,,,2024,2
Brandon Aubrey,DAL,K,16414,weighted,,,,,,,,,,,,,,,,,,,,,,,0.0,0.0,0.450911996121449,0.0804871728950642,0.582243570290102,0.0176784644787179,0.474563496469334,0.0666865026100503,0.326865456284881,0.186049679072688,2.73930243445693,0.362167239903819,,,,,,,,,,,,,,,,,,,,,2023.0,1995-03-14,,,2024,2
Tyler Bass,BUF,K,14983,weighted,,,,,,,,,,,,,,,,,,,,,,,0.0,0.0,0.432515879610436,0.0780923257477633,0.717309282271333,0.135318223973493,0.432515879610436,0.0780923257477633,0.150502397960449,0.0820466306737812,2.64219569288389,0.351416510858665,,,,,,,,,,,,,,,,,,,,,2020.0,1997-02-14,,,2024,2
Chase McLaughlin,TB,K,14717,weighted,,,,,,,,,,,,,,,,,,,,,,,0.0,0.0,0.436708062560637,0.105736655267662,0.577149939910014,0.147907192923799,0.338649569500492,0.104738865195263,0.265179214684775,0.163366289980003,2.30117041198502,0.381129107180287,,,,,,,,,,,,,,,,,,,,,2019.0,1996-04-09,,,2024,2
Jason Sanders,MIA,K,13832,weighted,,,,,,,,,,,,,,,,,,,,,,,0.0,0.0,0.382759539596841,0.0975171037669673,0.537673931415125,0.127713455496183,0.450013821927751,0.106937941260129,0.20752818988585,0.116089760143462,2.6653277153558,0.342801804121988,,,,,,,,,,,,,,,,,,,,,2018.0,1995-11-16,,,2024,2
Younghoe Koo,ATL,K,13403,weighted,,,,,,,,,,,,,,,,,,,,,,,0.0,0.0,0.609793031762565,0.0811961418253982,0.562783122223125,0.0434769600052467,0.486087516139014,0.0450473725312736,0.219680484453605,0.114164358597061,2.1789372659176,0.359594835018701,,,,,,,,,,,,,,,,,,,,,2017.0,1994-08-03,,,2024,2
Cameron Dicker,LAC,K,15979,weighted,,,,,,,,,,,,,,,,,,,,,,,0.0,0.0,0.57825046279585,0.0899792178412105,0.520792207934431,0.0162339302444139,0.517451661727238,0.0632910757456948,0.235011813720972,0.12676488557653,2.2197425093633,0.309342313092029,,,,,,,,,,,,,,,,,,,,,2022.0,2000-05-06,,,2024,2
Evan McPherson,CIN,K,15368,weighted,,,,,,,,,,,,,,,,,,,,,,,0.0,0.0,0.400126588113023,0.077634897313318,0.502650501617684,0.0904253434362461,0.524863665041453,0.099135023501052,0.223057796204891,0.10948321643588,2.24681179775281,0.270550502514937,,,,,,,,,,,,,,,,,,,,,2021.0,1999-07-21,,,2024,2
Blake Grupe,NO,K,16444,weighted,,,,,,,,,,,,,,,,,,,,,,,0.0,0.0,0.473092144933405,0.0621828151907177,0.482596617167138,0.0630782681836167,0.473092144933405,0.0621828151907177,0.272148041024512,0.155843834066505,2.20154962546816,0.302121990692742,,,,,,,,,,,,,,,,,,,,,2023.0,1998-11-05,,,2024,2
Matt Prater,ARI,K,8930,weighted,,,,,,,,,,,,,,,,,,,,,,,0.0,0.0,0.388733396363312,0.106022658108992,0.620534082802341,0.162728358685046,0.388733396363312,0.106022658108992,0.261813383635715,0.152235179392119,2.03559456928839,0.371205134271927,,,,,,,,,,,,,,,,,,,,,2006.0,1984-08-10,,,2024,2
Brayden Narveson,GB,K,16873,weighted,,,,,,,,,,,,,,,,,,,,,,,0.0,0.0,0.439761563573027,0.163370675552157,0.516897209393121,0.185010623533884,0.30305333701412,0.109568876319513,0.115089437501075,0.082138251002113,2.18538857677903,0.194510828065891,,,,,,,,,,,,,,,,,,,,,2024.0,1999-09-28,,,2024,2
Cam Little,JAC,K,16680,weighted,,,,,,,,,,,,,,,,,,,,,,,0.0,0.0,0.436858787626578,0.0863242835231489,0.621057532251352,0.0922658002346648,0.475804896656957,0.0802519983755381,0.186704509987516,0.0967079307861092,2.10053370786517,0.226263335291069,,,,,,,,,,,,,,,,,,,,,2024.0,2003-08-17,,,2024,2
Will Reichard,MIN,K,16681,weighted,,,,,,,,,,,,,,,,,,,,,,,0.0,0.0,0.447439651484595,0.121644423473622,0.560631826039129,0.149390445982132,0.421781809014955,0.124194835629221,0.141372705010345,0.0756758745751778,2.04517322097378,0.251482818531201,,,,,,,,,,,,,,,,,,,,,2024.0,2001-01-09,,,2024,2
Austin Seibert,WAS,K,14258,weighted,,,,,,,,,,,,,,,,,,,,,,,0.0,0.0,0.322979349505415,0.0760552579190397,0.693282799430323,0.142757309501329,0.587746083160316,0.12443267320492,0.093552114320014,0.0504335442872929,1.79741293532338,0.51423773402014,,,,,,,,,,,,,,,,,,,,,2019.0,,,,2024,2
Greg Zuerlein,NYJ,K,10868,weighted,,,,,,,,,,,,,,,,,,,,,,,0.0,0.0,0.447106074511641,0.0333359417472061,0.556568385075045,0.0327826943249583,0.632352188450095,0.0984730983577518,0.229142977668469,0.112101433181071,1.97135299625468,0.288736418974554,,,,,,,,,,,,,,,,,,,,,2012.0,1987-12-27,,,2024,2
Matt Gay,IND,K,14244,weighted,,,,,,,,,,,,,,,,,,,,,,,0.0,0.0,0.502954739262498,0.079479047155788,0.549263997433837,0.0444794331929322,0.433423232593203,0.0343887365848136,0.262519581933511,0.130083343681772,2.07462078651685,0.14910592087293,,,,,,,,,,,,,,,,,,,,,2019.0,1994-03-15,,,2024,2
Dustin Hopkins,CLE,K,11387,weighted,,,,,,,,,,,,,,,,,,,,,,,0.0,0.0,0.408340354324646,0.0955374045428823,0.482046960985675,0.118395679591678,0.425571084057641,0.100589482588026,0.226872490387964,0.135903322744204,2.00549625468165,0.155549517910845,,,,,,,,,,,,,,,,,,,,,2013.0,1990-10-01,,,2024,2
Jason Myers,SEA,K,12437,weighted,,,,,,,,,,,,,,,,,,,,,,,0.0,0.0,0.479243592691996,0.055774762203686,0.593421819217207,0.0644172873460318,0.46433903049663,0.0505281071926858,0.206258394270573,0.107899415485413,2.05711142322097,0.12540255208225,,,,,,,,,,,,,,,,,,,,,,1991-05-12,,,2024,2
Cairo Santos,CHI,K,11945,weighted,,,,,,,,,,,,,,,,,,,,,,,0.0,0.0,0.44001191848102,0.105932608510134,0.487261150210588,0.127300997347399,0.457181562195607,0.109007575575532,0.226171136525771,0.135594108638485,1.89272003745318,0.20073342054734,,,,,,,,,,,,,,,,,,,,,2014.0,1991-11-12,,,2024,2
Chris Boswell,PIT,K,11936,weighted,,,,,,,,,,,,,,,,,,,,,,,0.0,0.0,0.487157756311985,0.0456175146596365,0.499703956523504,0.0476432677058628,0.577751853198085,0.059783368425883,0.262269160856589,0.154321199019969,1.93493913857678,0.207457764876235,,,,,,,,,,,,,,,,,,,,,2014.0,1991-03-16,,,2024,2
Wil Lutz,DEN,K,12956,weighted,,,,,,,,,,,,,,,,,,,,,,,0.0,0.0,0.481416880278999,0.0731292240034249,0.649106946340689,0.115658223986149,0.409086337575026,0.0617431810050253,0.168577500671391,0.0790891671770916,1.52312734082397,0.453576961495062,,,,,,,,,,,,,,,,,,,,,2016.0,1994-07-07,,,2024,2
Graham Gano,NYG,K,9694,weighted,,,,,,,,,,,,,,,,,,,,,,,0.0,0.0,0.389838817549492,0.0696193357169934,0.55110507470058,0.0949216256370782,0.431269172462993,0.0769365451641904,0.277437903856443,0.135604073913269,1.89408239700375,0.152042035703299,,,,,,,,,,,,,,,,,,,,,2009.0,1987-04-09,,,2024,2
Eddy Pineiro,CAR,K,13719,weighted,,,,,,,,,,,,,,,,,,,,,,,0.0,0.0,0.389504662587796,0.0826148774805767,0.552561536469998,0.117450624270317,0.547562298875769,0.137749655564948,0.151688136132316,0.0817133260935839,1.51397940074906,0.36406032588573,,,,,,,,,,,,,,,,,,,,,2018.0,1995-09-13,,,2024,2
Nick Folk,TEN,K,8851,weighted,,,,,,,,,,,,,,,,,,,,,,,0.0,0.0,0.517524805594314,0.079938510134129,0.497866831085326,0.0770635490975118,0.516843365727481,0.0777247126065854,0.156026956194463,0.074407294651137,1.85172752808989,0.121168435239858,,,,,,,,,,,,,,,,,,,,,2007.0,1984-11-05,,,2024,2
Joey Slye,NE,K,14600,weighted,,,,,,,,,,,,,,,,,,,,,,,0.0,0.0,0.418009211969886,0.0943981002045459,0.680596933757046,0.191143062655662,0.418009211969886,0.0943981002045459,0.131171263193735,0.0812698700097592,1.82200374531835,0.229025914205046,,,,,,,,,,,,,,,,,,,,,2019.0,1996-04-10,,,2024,2
Daniel Carlson,LVR,K,13718,weighted,,,,,,,,,,,,,,,,,,,,,,,0.0,0.0,0.516374824751936,0.0856645110613749,0.535816427136373,0.0882597968819166,0.414145757963378,0.0706425685173393,0.18600055165492,0.0895679294429379,1.52159176029963,0.426638814591278,,,,,,,,,,,,,,,,,,,,,2018.0,1995-01-23,,,2024,2
Spencer Shrader,,K,16896,weighted,,,,,,,,,,,,,,,,,,,,,,,,,,,,,,,,,1.0,,,,,,,,,,,,,,,,,,,,,,2024.0,1999-05-19,,,2024,2
Greg Joseph,FA,K,13898,weighted,,,,,,,,,,,,,,,,,,,,,,,,,,,,,,,,,0.0,0.0,,,,,,,,,,,,,,,,,,,,,2018.0,1970-01-01,,,2024,2
Cardinals,ARI,DST,519,weighted,,,,,,,,,,,,,,,,,,,,,,,,,,,,,,,,,,,0.734848484848485,0.190742688513226,2.08211159211159,0.464213019534471,0.0198749398749399,0.0214427682459888,0.133766233766234,0.0757956714661642,,,,,,,,,,,,,,,,,2024,2
Falcons,ATL,DST,526,weighted,,,,,,,,,,,,,,,,,,,,,,,,,,,,,,,,,,,0.702722462722463,0.222428568345945,2.47268398268398,0.380856353957184,0.0529036395703062,0.0314054659641947,0.106950456950457,0.0634196722403576,,,,,,,,,,,,,,,,,2024,2
Colts,IND,DST,502,weighted,,,,,,,,,,,,,,,,,,,,,,,,,,,,,,,,,,,0.776777296777297,0.228168421664655,2.76152958152958,0.731351857081702,0.0529036395703062,0.0314054659641947,0.115459355459355,0.0691088159782863,,,,,,,,,,,,,,,,,2024,2
Buccaneers,TB,DST,525,weighted,,,,,,,,,,,,,,,,,,,,,,,,,,,,,,,,,,,0.635632515632516,0.200203984687132,2.21838383838384,0.226866475393364,0.0165624498957832,0.017868973538324,0.06999518999519,0.0522582431281197,,,,,,,,,,,,,,,,,2024,2
Bengals,CIN,DST,506,weighted,,,,,,,,,,,,,,,,,,,,,,,,,,,,,,,,,,,0.768874458874459,0.126475996225192,2.00341991341991,0.187115382814678,0.0165624498957832,0.017868973538324,0.0896392496392496,0.0763137592014817,,,,,,,,,,,,,,,,,2024,2
Commanders,WAS,DST,520,weighted,,,,,,,,,,,,,,,,,,,,,,,,,,,,,,,,,,,0.767219817219817,0.191527840078734,3.76396344396344,1.35227249838102,0.0231874298540965,0.0250165629536536,0.124300144300144,0.0951202593847408,,,,,,,,,,,,,,,,,2024,2
Saints,NO,DST,529,weighted,,,,,,,,,,,,,,,,,,,,,,,,,,,,,,,,,,,0.841972101972102,0.106137680541844,2.2635113035113,0.397677448942452,0.053721340388007,0.0313015603781035,0.106950456950457,0.0634196722403576,,,,,,,,,,,,,,,,,2024,2
Vikings,MIN,DST,524,weighted,,,,,,,,,,,,,,,,,,,,,,,,,,,,,,,,,,,0.689047619047619,0.166113541573909,2.23259259259259,0.149240731520654,0.0198749398749399,0.0214427682459888,0.0904040404040404,0.0444891270930501,,,,,,,,,,,,,,,,,2024,2
Raiders,LVR,DST,513,weighted,,,,,,,,,,,,,,,,,,,,,,,,,,,,,,,,,,,0.656931216931217,0.169767981966013,2.3163443963444,0.331384384354893,0.0165624498957832,0.017868973538324,0.122645502645503,0.0739358165774315,,,,,,,,,,,,,,,,,2024,2
Browns,CLE,DST,507,weighted,,,,,,,,,,,,,,,,,,,,,,,,,,,,,,,,,,,0.883626743626744,0.2220642203091,2.69607984607985,0.460054433500745,0.0198749398749399,0.0214427682459888,0.155824915824916,0.0766085812706614,,,,,,,,,,,,,,,,,2024,2
Bears,CHI,DST,521,weighted,,,,,,,,,,,,,,,,,,,,,,,,,,,,,,,,,,,0.846796536796537,0.388756983974694,2.3950505050505,0.273197350072943,0.0198749398749399,0.0214427682459888,0.139172679172679,0.131633901390462,,,,,,,,,,,,,,,,,2024,2
Bills,BUF,DST,501,weighted,,,,,,,,,,,,,,,,,,,,,,,,,,,,,,,,,,,0.801914381914382,0.102419119030118,2.38246272246272,0.216718776192777,0.0165624498957832,0.017868973538324,0.124194324194324,0.0744775525051047,,,,,,,,,,,,,,,,,2024,2
Rams,LAR,DST,528,weighted,,,,,,,,,,,,,,,,,,,,,,,,,,,,,,,,,,,0.735800865800866,0.14180072761042,2.43104377104377,0.368498480950272,0.0529036395703062,0.0314054659641947,0.0793217893217893,0.0630118677935787,,,,,,,,,,,,,,,,,2024,2
Panthers,CAR,DST,527,weighted,,,,,,,,,,,,,,,,,,,,,,,,,,,,,,,,,,,0.657825877825878,0.184964400178469,1.98362674362674,0.227576176440081,0.0198749398749399,0.0214427682459888,0.112361712361712,0.0660157843626256,,,,,,,,,,,,,,,,,2024,2
Dolphins,MIA,DST,503,weighted,,,,,,,,,,,,,,,,,,,,,,,,,,,,,,,,,,,0.796859066859067,0.128712716094555,2.37829725829726,0.226710871363325,0.0165624498957832,0.017868973538324,0.125743145743146,0.0752249506995633,,,,,,,,,,,,,,,,,2024,2
Broncos,DEN,DST,511,weighted,,,,,,,,,,,,,,,,,,,,,,,,,,,,,,,,,,,0.726017316017316,0.193074312692082,2.59319865319865,0.29379420311643,0.151989738656405,0.133586122997257,0.0997306397306397,0.0563170880674752,,,,,,,,,,,,,,,,,2024,2
Packers,GB,DST,523,weighted,,,,,,,,,,,,,,,,,,,,,,,,,,,,,,,,,,,0.719451659451659,0.165341128872863,2.45871572871573,0.231658067372282,0.053721340388007,0.0313015603781035,0.133766233766234,0.0757956714661642,,,,,,,,,,,,,,,,,2024,2
Titans,TEN,DST,508,weighted,,,,,,,,,,,,,,,,,,,,,,,,,,,,,,,,,,,0.635584415584415,0.202520414979724,2.79149591149591,0.698658392863538,0.0198749398749399,0.0214427682459888,0.111596921596922,0.0664933906882382,,,,,,,,,,,,,,,,,2024,2
Eagles,PHI,DST,518,weighted,,,,,,,,,,,,,,,,,,,,,,,,,,,,,,,,,,,0.703535353535353,0.167922707483963,2.55887445887446,0.276962550222365,0.0198749398749399,0.0214427682459888,0.152592592592593,0.0787584585429199,,,,,,,,,,,,,,,,,2024,2
Texans,HOU,DST,532,weighted,,,,,,,,,,,,,,,,,,,,,,,,,,,,,,,,,,,0.821572871572872,0.108937412397481,3.30800865800866,0.939083174213073,0.0231874298540965,0.0250165629536536,0.157306397306397,0.0782617650674054,,,,,,,,,,,,,,,,,2024,2
Giants,NYG,DST,517,weighted,,,,,,,,,,,,,,,,,,,,,,,,,,,,,,,,,,,0.933213083213083,0.2888100606679,2.70715728715729,0.448805493036198,0.0231874298540965,0.0250165629536536,0.168388648388648,0.0963666498759379,,,,,,,,,,,,,,,,,2024,2
Chiefs,KC,DST,512,weighted,,,,,,,,,,,,,,,,,,,,,,,,,,,,,,,,,,,0.69007215007215,0.190610042121573,3.04342472342472,0.428764987632043,0.0165624498957832,0.017868973538324,0.141611351611352,0.0771689129120497,,,,,,,,,,,,,,,,,2024,2
Cowboys,DAL,DST,516,weighted,,,,,,,,,,,,,,,,,,,,,,,,,,,,,,,,,,,0.801332371332371,0.117168200725381,2.57313131313131,0.323785604901762,0.0198749398749399,0.0214427682459888,0.177782587782588,0.0954012023218902,,,,,,,,,,,,,,,,,2024,2
Lions,DET,DST,522,weighted,,,,,,,,,,,,,,,,,,,,,,,,,,,,,,,,,,,0.841029341029341,0.175128199117555,2.51933140933141,0.240973689934792,0.0867500400833734,0.0142951788306592,0.0808706108706109,0.0654738213139472,,,,,,,,,,,,,,,,,2024,2
Patriots,NE,DST,504,weighted,,,,,,,,,,,,,,,,,,,,,,,,,,,,,,,,,,,0.781096681096681,0.161549777295221,2.19901394901395,0.195101887836891,0.0198749398749399,0.0214427682459888,0.114728234728235,0.0679815857737542,,,,,,,,,,,,,,,,,2024,2
Steelers,PIT,DST,510,weighted,,,,,,,,,,,,,,,,,,,,,,,,,,,,,,,,,,,0.907296777296777,0.204200769097088,3.05610870610871,0.390875939759309,0.0900625300625301,0.0107213841229944,0.136892736892737,0.101933732499525,,,,,,,,,,,,,,,,,2024,2
49ers,SF,DST,530,weighted,,,,,,,,,,,,,,,,,,,,,,,,,,,,,,,,,,,1.05151034151034,0.243537866867775,2.94037518037518,0.280756326686827,0.0198749398749399,0.0214427682459888,0.144776334776335,0.0779935431728493,,,,,,,,,,,,,,,,,2024,2
Jaguars,JAC,DST,509,weighted,,,,,,,,,,,,,,,,,,,,,,,,,,,,,,,,,,,0.894064454064454,0.13267354868278,2.96525733525734,0.121577490885457,0.0231874298540965,0.0250165629536536,0.141577681577682,0.0781267762066613,,,,,,,,,,,,,,,,,2024,2
Jets,NYJ,DST,505,weighted,,,,,,,,,,,,,,,,,,,,,,,,,,,,,,,,,,,0.907551707551707,0.148860184144847,3.53508898508898,0.833612662116757,0.0529036395703062,0.0314054659641947,0.163602693602694,0.0786849316082077,,,,,,,,,,,,,,,,,2024,2
Seahawks,SEA,DST,515,weighted,,,,,,,,,,,,,,,,,,,,,,,,,,,,,,,,,,,0.90999037999038,0.179895576233789,2.69862914862915,0.493530529386657,0.0231874298540965,0.0250165629536536,0.141577681577682,0.0781267762066613,,,,,,,,,,,,,,,,,2024,2
Ravens,BAL,DST,531,weighted,,,,,,,,,,,,,,,,,,,,,,,,,,,,,,,,,,,0.88018759018759,0.159202013895824,2.87205868205868,0.31219685548602,0.0198749398749399,0.0214427682459888,0.154136604136604,0.0840759877050227,,,,,,,,,,,,,,,,,2024,2
Chargers,LAC,DST,514,weighted,,,,,,,,,,,,,,,,,,,,,,,,,,,,,,,,,,,0.759413179413179,0.145056680628981,3.5403848003848,0.466478442583887,0.0264999198332532,0.0285903576613184,0.146291486291486,0.0796255343584917,,,,,,,,,,,,,,,,,2024,2
Maxx Crosby,LVR,DL,14225,weighted,,,,,,,,,,,,,,,,,,,,,,,,,,,,,,,,,,,,,,,,,,,,,3.76965645311049,1.32698123167808,,,0.0,0.0,0.109953574744661,0.0095514791508587,0.0049767873723305,0.0047757395754293,2019.0,1997-08-22,,,2024,2
AShawn Robinson,CAR,DL,12697,weighted,,,,,,,,,,,,,,,,,,,,,,,,,,,,,,,,,,,,,,,,,,,,,4.002218798151,1.42835569799683,,,0.0049614791987673,0.0070710678118654,0.195038520801233,0.0070710678118654,0.0049614791987673,0.0070710678118654,2016.0,1995-03-21,,,2024,2
Christian Wilkins,LVR,DL,14162,weighted,,,,,,,,,,,,,,,,,,,,,,,,,,,,,,,,,,,,,,,,,,,,,2.89398328690808,1.36285887374791,,,0.0049767873723305,0.0047757395754293,0.129860724233983,0.0286544374525763,0.0049767873723305,0.0047757395754293,2019.0,1970-01-01,,,2024,2
Kobie Turner,LAR,DL,16282,weighted,,,,,,,,,,,,,,,,,,,,,,,,,,,,,,,,,,,,,,,,,,,,,2.95790446841294,2.22031529292576,,,0.0,0.0,0.114884437596302,0.0212132034355964,0.0049614791987673,0.0070710678118654,2023.0,1999-04-26,,,2024,2
John Jenkins,LVR,DL,11286,weighted,,,,,,,,,,,,,,,,,,,,,,,,,,,,,,,,,,,,,,,,,,,,,2.64510677808728,1.66099104486328,,,0.0,0.0,0.185069637883008,0.0143272187262882,0.0552089136490251,0.0429816561788645,2013.0,1989-07-11,,,2024,2
Micah Parsons,DAL,DL,15350,weighted,,,,,,,,,,,,,,,,,,,,,,,,,,,,,,,,,,,,,,,,,,,,,3.01125348189415,0.963264867463241,,,0.0,0.0,0.150232126276695,0.0477573957542939,0.0049767873723305,0.0047757395754293,2021.0,1999-05-26,,,2024,2
Zach Allen,DEN,DL,14153,weighted,,,,,,,,,,,,,,,,,,,,,,,,,,,,,,,,,,,,,,,,,,,,,3.06252696456086,1.3717871555019,,,0.0049614791987673,0.0070710678118654,0.124807395993837,0.0353553390593274,0.0049614791987673,0.0070710678118654,2019.0,1997-08-20,,,2024,2
Adam Butler,LVR,DL,13448,weighted,,,,,,,,,,,,,,,,,,,,,,,,,,,,,,,,,,,,,,,,,,,,,2.33706592386258,1.45686782382545,,,0.0,0.0,0.114930362116992,0.0143272187262882,0.0049767873723305,0.0047757395754293,,1994-04-12,,,2024,2
Demarcus Lawrence,DAL,DL,11769,weighted,,,,,,,,,,,,,,,,,,,,,,,,,,,,,,,,,,,,,,,,,,,,,2.78727948003714,0.986453872597368,,,0.0049767873723305,0.0047757395754293,0.225348189415042,0.0716360936314408,0.0049767873723305,0.0047757395754293,2014.0,1992-04-28,,,2024,2
Danielle Hunter,HOU,DL,12221,weighted,,,,,,,,,,,,,,,,,,,,,,,,,,,,,,,,,,,,,,,,,,,,,2.99383472609099,0.818327748502094,,,0.0,0.0,0.145255338904364,0.0525331353297233,0.0049767873723305,0.0047757395754293,2015.0,1994-10-29,,,2024,2
Carl Granderson,NO,DL,14405,weighted,,,,,,,,,,,,,,,,,,,,,,,,,,,,,,,,,,,,,,,,,,,,,2.89676880222841,0.855893842728965,,,0.0,0.0,0.109953574744661,0.0095514791508587,0.0049767873723305,0.0047757395754293,2019.0,1996-12-18,,,2024,2
Braden Fiske,LAR,DL,16694,weighted,,,,,,,,,,,,,,,,,,,,,,,,,,,,,,,,,,,,,,,,,,,,,2.98314329738059,1.25865007051205,,,0.0049614791987673,0.0070710678118654,0.0694607087827427,0.0989949493661166,0.0049614791987673,0.0070710678118654,2024.0,2000-01-18,,,2024,2
Zach Sieler,MIA,DL,13839,weighted,,,,,,,,,,,,,,,,,,,,,,,,,,,,,,,,,,,,,,,,,,,,,3.02856702619414,1.18086832458153,,,0.055346687211094,0.0636396103067893,0.22557781201849,0.106066017177982,0.055346687211094,0.0636396103067893,2018.0,1995-09-07,,,2024,2
Sam Hubbard,CIN,DL,13684,weighted,,,,,,,,,,,,,,,,,,,,,,,,,,,,,,,,,,,,,,,,,,,,,2.79975858867224,0.861517007915614,,,0.0,0.0,0.0646982358402971,0.062084614480582,0.0049767873723305,0.0047757395754293,2018.0,,,,2024,2
Nick Bosa,SF,DL,14147,weighted,,,,,,,,,,,,,,,,,,,,,,,,,,,,,,,,,,,,,,,,,,,,,2.70269266480966,0.92756629044106,,,0.0049767873723305,0.0047757395754293,0.135301764159703,0.062084614480582,0.0049767873723305,0.0047757395754293,2019.0,1997-10-23,,,2024,2
Jeffery Simmons,TEN,DL,14163,weighted,,,,,,,,,,,,,,,,,,,,,,,,,,,,,,,,,,,,,,,,,,,,,2.85260400616333,1.35764501987817,,,0.0,0.0,0.114884437596302,0.0212132034355964,0.0049614791987673,0.0070710678118654,2019.0,1997-07-28,,,2024,2
DeForest Buckner,IND,DL,12688,weighted,,,,,,,,,,,,,,,,,,,,,,,,,,,,,,,,,,,,,,,,,,,,,2.6536304549675,0.927852617703022,,,0.0,0.0,0.200464252553389,0.0955147915085878,0.0049767873723305,0.0047757395754293,2016.0,1994-03-17,Q,Back,2024,2
Jaelan Phillips,MIA,DL,15349,weighted,,,,,,,,,,,,,,,,,,,,,,,,,,,,,,,,,,,,,,,,,,,,,3.18980132450331,0.636396103067893,,,0.1,1.98041604282243e-17,0.3,0.0,0.1,1.98041604282243e-17,2021.0,1999-05-28,,,2024,2
Brian Burns,NYG,DL,14171,weighted,,,,,,,,,,,,,,,,,,,,,,,,,,,,,,,,,,,,,,,,,,,,,2.94003081664099,0.912167747730646,,,0.0049614791987673,0.0070710678118654,0.104961479198767,0.0070710678118654,0.0049614791987673,0.0070710678118654,2019.0,1998-04-23,,,2024,2
Jermaine Johnson,NYJ,DL,15809,weighted,,,,,,,,,,,,,,,,,,,,,,,,,,,,,,,,,,,,,,,,,,,,,2.64300835654596,0.725987027279803,,,0.0552089136490251,0.0429816561788645,0.260649953574745,0.133720708112023,0.0552089136490251,0.0429816561788645,2022.0,1999-01-08,,,2024,2
Jared Verse,LAR,DL,16653,weighted,,,,,,,,,,,,,,,,,,,,,,,,,,,,,,,,,,,,,,,,,,,,,2.70079851439183,0.744596022327395,,,0.0049767873723305,0.0047757395754293,0.114930362116992,0.0143272187262882,0.0049767873723305,0.0047757395754293,2024.0,2000-11-04,,,2024,2
Joey Bosa,LAC,DL,12686,weighted,,,,,,,,,,,,,,,,,,,,,,,,,,,,,,,,,,,,,,,,,,,,,2.60635761589404,0.989949493661167,,,0.0,0.0,0.2,3.96083208564486e-17,0.0,0.0,2016.0,1995-07-11,Q,Back,2024,2
Aidan Hutchinson,DET,DL,15805,weighted,,,,,,,,,,,,,,,,,,,,,,,,,,,,,,,,,,,,,,,,,,,,,2.54640668523677,0.685523198496659,,,0.0199071494893222,0.0191029583017175,0.275580315691736,0.119393489385735,0.0049767873723305,0.0047757395754293,2022.0,2000-08-09,,,2024,2
Quinnen Williams,NYJ,DL,14157,weighted,,,,,,,,,,,,,,,,,,,,,,,,,,,,,,,,,,,,,,,,,,,,,2.33914577530176,0.836121499402597,,,0.0552089136490251,0.0429816561788645,0.155208913649025,0.0429816561788645,0.0049767873723305,0.0047757395754293,2019.0,1997-12-21,,,2024,2
Gregory Rousseau,BUF,DL,15346,weighted,,,,,,,,,,,,,,,,,,,,,,,,,,,,,,,,,,,,,,,,,,,,,2.45238625812442,0.696665828324073,,,0.0049767873723305,0.0047757395754293,0.160185701021356,0.0382059166034351,0.0049767873723305,0.0047757395754293,2021.0,2000-04-05,,,2024,2
George Karlaftis,KC,DL,15808,weighted,,,,,,,,,,,,,,,,,,,,,,,,,,,,,,,,,,,,,,,,,,,,,2.26727948003714,0.775286220143448,,,0.0049767873723305,0.0047757395754293,0.104976787372331,0.0047757395754293,0.0049767873723305,0.0047757395754293,2022.0,2001-04-03,,,2024,2
Will Anderson,HOU,DL,16223,weighted,,,,,,,,,,,,,,,,,,,,,,,,,,,,,,,,,,,,,,,,,,,,,2.39810584958217,0.670423237695704,,,0.0049767873723305,0.0047757395754293,0.104976787372331,0.0047757395754293,0.0049767873723305,0.0047757395754293,2023.0,2001-09-02,,,2024,2
Harold Landry,TEN,DL,13700,weighted,,,,,,,,,,,,,,,,,,,,,,,,,,,,,,,,,,,,,,,,,,,,,3.08662251655629,0.14142135623731,,,0.0,0.0,0.1,1.98041604282243e-17,0.0,0.0,2018.0,1996-06-05,,,2024,2
Montez Sweat,CHI,DL,14148,weighted,,,,,,,,,,,,,,,,,,,,,,,,,,,,,,,,,,,,,,,,,,,,,2.4011513463324,0.650685045100055,,,0.0,0.0,0.150232126276695,0.0477573957542939,0.0049767873723305,0.0047757395754293,2019.0,1996-09-04,,,2024,2
Khalil Mack,LAC,DL,11721,weighted,,,,,,,,,,,,,,,,,,,,,,,,,,,,,,,,,,,,,,,,,,,,,2.53311258278146,0.707106781186548,,,0.0,0.0,0.7,0.0,0.0,0.0,2014.0,1991-02-22,,,2024,2
Myles Garrett,CLE,DL,13198,weighted,,,,,,,,,,,,,,,,,,,,,,,,,,,,,,,,,,,,,,,,,,,,,2.2891364902507,0.653574181070686,,,0.0,0.0,0.0850696378830084,0.0143272187262882,0.0049767873723305,0.0047757395754293,2017.0,1995-12-29,,,2024,2
Kwity Paye,IND,DL,15345,weighted,,,,,,,,,,,,,,,,,,,,,,,,,,,,,,,,,,,,,,,,,,,,,2.39569173630455,0.622280167959573,,,0.0049767873723305,0.0047757395754293,0.0900464252553389,0.0095514791508587,0.0049767873723305,0.0047757395754293,2021.0,1998-11-19,Q,Hamstring,2024,2
Jonathan Allen,WAS,DL,13208,weighted,,,,,,,,,,,,,,,,,,,,,,,,,,,,,,,,,,,,,,,,,,,,,2.05197771587744,0.742219424674542,,,0.0049767873723305,0.0047757395754293,0.0950232126276695,0.0047757395754293,0.0049767873723305,0.0047757395754293,2017.0,1995-01-16,,,2024,2
Jonathan Greenard,MIN,DL,14882,weighted,,,,,,,,,,,,,,,,,,,,,,,,,,,,,,,,,,,,,,,,,,,,,2.40317880794702,0.494974746830583,,,0.1,1.98041604282243e-17,0.3,0.0,0.1,1.98041604282243e-17,2020.0,1997-05-25,,,2024,2
Jayson Oweh,BAL,DL,15378,weighted,,,,,,,,,,,,,,,,,,,,,,,,,,,,,,,,,,,,,,,,,,,,,2.1764238410596,0.777817459305202,,,0.0,0.0,0.0,0.0,0.0,0.0,2021.0,1998-12-15,,,2024,2
Anfernee Jennings,NE,DL,14894,weighted,,,,,,,,,,,,,,,,,,,,,,,,,,,,,,,,,,,,,,,,,,,,,2.75668874172185,0.0707106781186545,,,0.0,0.0,0.0,0.0,0.0,0.0,2020.0,1997-05-01,,,2024,2
Da'Ron Payne,WAS,DL,13723,weighted,,,,,,,,,,,,,,,,,,,,,,,,,,,,,,,,,,,,,,,,,,,,,1.8733147632312,0.735694687283454,,,0.0049767873723305,0.0047757395754293,0.145255338904364,0.0525331353297233,0.0049767873723305,0.0047757395754293,2018.0,1997-05-27,,,2024,2
Dorance Armstrong,WAS,DL,13759,weighted,,,,,,,,,,,,,,,,,,,,,,,,,,,,,,,,,,,,,,,,,,,,,1.92289693593315,0.608377811029415,,,0.0,0.0,0.0248839368616527,0.0238786978771469,0.0049767873723305,0.0047757395754293,2018.0,1997-06-10,,,2024,2
T.J. Watt,PIT,DL,13214,weighted,,,,,,,,,,,,,,,,,,,,,,,,,,,,,,,,,,,,,,,,,,,,,2.48662251655629,0.14142135623731,,,0.0,0.0,0.3,0.0,0.0,0.0,2017.0,1994-10-11,,,2024,2
Jonathon Cooper,DEN,DL,15484,weighted,,,,,,,,,,,,,,,,,,,,,,,,,,,,,,,,,,,,,,,,,,,,,2.48662251655629,0.14142135623731,,,0.1,1.98041604282243e-17,0.1,1.98041604282243e-17,0.0,0.0,2021.0,1998-01-08,,,2024,2
Dre'Mont Jones,SEA,DL,14164,weighted,,,,,,,,,,,,,,,,,,,,,,,,,,,,,,,,,,,,,,,,,,,,,1.9764238410596,0.777817459305202,,,0.0,0.0,0.1,1.98041604282243e-17,0.0,0.0,2019.0,1997-01-05,,,2024,2
Josh Allen,JAC,DL,14167,weighted,,,,,,,,,,,,,,,,,,,,,,,,,,,,,,,,,,,,,,,,,,,,,2.3,0.0,,,0.1,1.98041604282243e-17,0.2,3.96083208564486e-17,0.0,0.0,2019.0,1997-07-13,,,2024,2
Laiatu Latu,IND,DL,16651,weighted,,,,,,,,,,,,,,,,,,,,,,,,,,,,,,,,,,,,,,,,,,,,,1.56304635761589,0.919238815542512,,,0.0,0.0,0.1,1.98041604282243e-17,0.0,0.0,2024.0,2000-12-31,,,2024,2
Michael Hoecht,LAR,DL,15565,weighted,,,,,,,,,,,,,,,,,,,,,,,,,,,,,,,,,,,,,,,,,,,,,1.90317880794702,0.494974746830583,,,0.0,0.0,0.1,1.98041604282243e-17,0.0,0.0,2020.0,1997-10-05,,,2024,2
Boye Mafe,SEA,DL,15853,weighted,,,,,,,,,,,,,,,,,,,,,,,,,,,,,,,,,,,,,,,,,,,,,2.25668874172185,0.0707106781186545,,,0.0,0.0,0.1,1.98041604282243e-17,0.0,0.0,2022.0,1998-11-30,,,2024,2
Zaven Collins,ARI,DL,15352,weighted,,,,,,,,,,,,,,,,,,,,,,,,,,,,,,,,,,,,,,,,,,,,,2.12675496688742,0.282842712474619,,,0.0,0.0,0.2,3.96083208564486e-17,0.0,0.0,2021.0,1999-05-19,,,2024,2
Alex Highsmith,PIT,DL,14940,weighted,,,,,,,,,,,,,,,,,,,,,,,,,,,,,,,,,,,,,,,,,,,,,2.02675496688742,0.282842712474619,,,0.1,1.98041604282243e-17,0.3,0.0,0.0,0.0,2020.0,1997-08-07,,,2024,2
Andrew Van Ginkel,MIN,DL,14249,weighted,,,,,,,,,,,,,,,,,,,,,,,,,,,,,,,,,,,,,,,,,,,,,2.07006622516556,0.212132034355964,,,0.2,3.96083208564486e-17,0.4,7.92166417128973e-17,0.2,3.96083208564486e-17,2019.0,1995-07-01,,,2024,2
Kayvon Thibodeaux,NYG,DL,15806,weighted,,,,,,,,,,,,,,,,,,,,,,,,,,,,,,,,,,,,,,,,,,,,,1.92993377483444,0.212132034355964,,,0.0,0.0,0.4,7.92166417128973e-17,0.0,0.0,2022.0,2000-12-15,,,2024,2
Joe Tryon,TB,DL,15379,weighted,,,,,,,,,,,,,,,,,,,,,,,,,,,,,,,,,,,,,,,,,,,,,1.53311258278146,0.707106781186548,,,0.0,0.0,0.1,1.98041604282243e-17,0.0,0.0,2021.0,1999-04-30,,,2024,2
Jadeveon Clowney,CAR,DL,11706,weighted,,,,,,,,,,,,,,,,,,,,,,,,,,,,,,,,,,,,,,,,,,,,,1.71655629139073,0.353553390593274,,,0.0,0.0,0.3,0.0,0.0,0.0,2014.0,1993-02-14,,,2024,2
Tuli Tuipulotu,LAC,DL,16266,weighted,,,,,,,,,,,,,,,,,,,,,,,,,,,,,,,,,,,,,,,,,,,,,1.3764238410596,0.777817459305202,,,0.0,0.0,0.2,3.96083208564486e-17,0.0,0.0,2023.0,2002-09-03,,,2024,2
Michael Danna,KC,DL,14978,weighted,,,,,,,,,,,,,,,,,,,,,,,,,,,,,,,,,,,,,,,,,,,,,1.65986754966887,0.424264068711929,,,0.0,0.0,0.1,1.98041604282243e-17,0.0,0.0,2020.0,1997-12-04,,,2024,2
Matt Judon,ATL,DL,12795,weighted,,,,,,,,,,,,,,,,,,,,,,,,,,,,,,,,,,,,,,,,,,,,,1.78344370860927,0.353553390593274,,,0.0,0.0,0.2,3.96083208564486e-17,0.0,0.0,2016.0,,,,2024,2
Travon Walker,JAC,DL,15815,weighted,,,,,,,,,,,,,,,,,,,,,,,,,,,,,,,,,,,,,,,,,,,,,1.87006622516556,0.212132034355964,,,0.0,0.0,0.1,1.98041604282243e-17,0.0,0.0,2022.0,2000-12-18,,,2024,2
Rashan Gary,GB,DL,14149,weighted,,,,,,,,,,,,,,,,,,,,,,,,,,,,,,,,,,,,,,,,,,,,,1.74013245033113,0.424264068711929,,,0.0,0.0,0.3,0.0,0.0,0.0,2019.0,1997-12-03,,,2024,2
Harrison Phillips,MIN,DL,13693,weighted,,,,,,,,,,,,,,,,,,,,,,,,,,,,,,,,,,,,,,,,,,,,,1.91337748344371,0.141421356237309,,,0.0,0.0,0.3,0.0,0.0,0.0,2018.0,1996-01-25,,,2024,2
Clelin Ferrell,WAS,DL,14151,weighted,,,,,,,,,,,,,,,,,,,,,,,,,,,,,,,,,,,,,,,,,,,,,1.55986754966887,0.424264068711928,,,0.0,0.0,0.2,3.96083208564486e-17,0.0,0.0,2019.0,1997-05-17,Q,Knee,2024,2
Josh Sweat,PHI,DL,13690,weighted,,,,,,,,,,,,,,,,,,,,,,,,,,,,,,,,,,,,,,,,,,,,,1.78662251655629,0.141421356237309,,,0.0,0.0,0.0,0.0,0.0,0.0,2018.0,1997-03-29,,,2024,2
D.J. Jones,DEN,DL,13332,weighted,,,,,,,,,,,,,,,,,,,,,,,,,,,,,,,,,,,,,,,,,,,,,1.55986754966887,0.424264068711928,,,0.0,0.0,0.0,0.0,0.0,0.0,2017.0,1995-01-19,,,2024,2
Baron Browning,DEN,DL,15356,weighted,,,,,,,,,,,,,,,,,,,,,,,,,,,,,,,,,,,,,,,,,,,,,1.77006622516556,0.212132034355964,,,0.0,0.0,0.2,3.96083208564486e-17,0.0,0.0,2021.0,1999-02-19,,,2024,2
B.J. Hill,CIN,DL,13742,weighted,,,,,,,,,,,,,,,,,,,,,,,,,,,,,,,,,,,,,,,,,,,,,1.77006622516556,0.212132034355964,,,0.1,1.98041604282243e-17,0.2,3.96083208564486e-17,0.0,0.0,2018.0,1995-04-20,,,2024,2
Davon Godchaux,NE,DL,13317,weighted,,,,,,,,,,,,,,,,,,,,,,,,,,,,,,,,,,,,,,,,,,,,,1.81337748344371,0.141421356237309,,,0.0,0.0,0.1,1.98041604282243e-17,0.0,0.0,2017.0,1994-11-11,,,2024,2
Micheal Clemons,NYJ,DL,15878,weighted,,,,,,,,,,,,,,,,,,,,,,,,,,,,,,,,,,,,,,,,,,,,,1.57324503311258,0.282842712474619,,,0.0,0.0,0.1,1.98041604282243e-17,0.0,0.0,2022.0,1997-08-21,Q,Triceps,2024,2
YaYa Diaby,TB,DL,16278,weighted,,,,,,,,,,,,,,,,,,,,,,,,,,,,,,,,,,,,,,,,,,,,,1.62993377483444,0.212132034355964,,,0.0,0.0,0.1,1.98041604282243e-17,0.0,0.0,2023.0,1999-05-30,,,2024,2
Dexter Lawrence,NYG,DL,14159,weighted,,,,,,,,,,,,,,,,,,,,,,,,,,,,,,,,,,,,,,,,,,,,,1.8,0.0,,,0.0,0.0,0.2,3.96083208564486e-17,0.0,0.0,2019.0,1997-11-12,,,2024,2
Osa Odighizuwa,DAL,DL,15393,weighted,,,,,,,,,,,,,,,,,,,,,,,,,,,,,,,,,,,,,,,,,,,,,1.8,0.0,,,0.0,0.0,0.0,0.0,0.0,0.0,2021.0,1998-08-13,,,2024,2
Lorenzo Carter,ATL,DL,13703,weighted,,,,,,,,,,,,,,,,,,,,,,,,,,,,,,,,,,,,,,,,,,,,,1.62993377483444,0.212132034355964,,,0.0,0.0,0.1,1.98041604282243e-17,0.0,0.0,2018.0,1995-12-10,,,2024,2
Preston Smith,GB,DL,12270,weighted,,,,,,,,,,,,,,,,,,,,,,,,,,,,,,,,,,,,,,,,,,,,,1.67006622516556,0.212132034355964,,,0.0,0.0,0.1,1.98041604282243e-17,0.0,0.0,2015.0,1992-11-17,,,2024,2
Shy Tuttle,CAR,DL,14675,weighted,,,,,,,,,,,,,,,,,,,,,,,,,,,,,,,,,,,,,,,,,,,,,1.54013245033113,0.424264068711929,,,0.0,0.0,0.1,1.98041604282243e-17,0.0,0.0,2019.0,1995-10-20,,,2024,2
Chris Jones,KC,DL,12741,weighted,,,,,,,,,,,,,,,,,,,,,,,,,,,,,,,,,,,,,,,,,,,,,1.47324503311258,0.282842712474619,,,0.0,0.0,0.2,3.96083208564486e-17,0.0,0.0,2016.0,1994-07-03,,,2024,2
Trey Hendrickson,CIN,DL,13284,weighted,,,,,,,,,,,,,,,,,,,,,,,,,,,,,,,,,,,,,,,,,,,,,1.64331125827815,0.0707106781186547,,,0.0,0.0,0.2,3.96083208564486e-17,0.0,0.0,2017.0,1994-12-05,,,2024,2
Javon Hargrave,SF,DL,12764,weighted,,,,,,,,,,,,,,,,,,,,,,,,,,,,,,,,,,,,,,,,,,,,,1.7,3.16866566851589e-16,,,0.0,0.0,0.1,1.98041604282243e-17,0.0,0.0,2016.0,1993-02-07,,,2024,2
Alim McNeill,DET,DL,15390,weighted,,,,,,,,,,,,,,,,,,,,,,,,,,,,,,,,,,,,,,,,,,,,,1.41655629139073,0.353553390593274,,,0.0,0.0,0.1,1.98041604282243e-17,0.0,0.0,2021.0,2000-05-11,,,2024,2
Grover Stewart,IND,DL,13298,weighted,,,,,,,,,,,,,,,,,,,,,,,,,,,,,,,,,,,,,,,,,,,,,1.7,3.16866566851589e-16,,,0.0,0.0,0.1,1.98041604282243e-17,0.0,0.0,2017.0,1993-10-20,,,2024,2
Ogbonnia Okoronkwo,CLE,DL,13685,weighted,,,,,,,,,,,,,,,,,,,,,,,,,,,,,,,,,,,,,,,,,,,,,1.35986754966887,0.424264068711928,,,0.0,0.0,0.1,1.98041604282243e-17,0.0,0.0,2018.0,1995-04-24,,,2024,2
Foley Fatukasi,HOU,DL,13798,weighted,,,,,,,,,,,,,,,,,,,,,,,,,,,,,,,,,,,,,,,,,,,,,1.47324503311258,0.282842712474619,,,0.0,0.0,0.1,1.98041604282243e-17,0.0,0.0,2018.0,1995-03-04,,,2024,2
Nathan Shepherd,NO,DL,13744,weighted,,,,,,,,,,,,,,,,,,,,,,,,,,,,,,,,,,,,,,,,,,,,,1.35986754966887,0.424264068711928,,,0.0,0.0,0.0,0.0,0.0,0.0,2018.0,1993-10-09,,,2024,2
Davon Hamilton,JAC,DL,14930,weighted,,,,,,,,,,,,,,,,,,,,,,,,,,,,,,,,,,,,,,,,,,,,,1.41655629139073,0.353553390593274,,,0.0,0.0,0.1,1.98041604282243e-17,0.0,0.0,2020.0,1997-02-01,,,2024,2
DeMarcus Walker,CHI,DL,13258,weighted,,,,,,,,,,,,,,,,,,,,,,,,,,,,,,,,,,,,,,,,,,,,,1.57006622516556,0.212132034355964,,,0.0,0.0,0.0,0.0,0.0,0.0,2017.0,1994-09-30,Q,Foot,2024,2
Ed Oliver,BUF,DL,14158,weighted,,,,,,,,,,,,,,,,,,,,,,,,,,,,,,,,,,,,,,,,,,,,,1.57006622516556,0.212132034355964,,,0.1,1.98041604282243e-17,0.2,3.96083208564486e-17,0.0,0.0,2019.0,1997-12-12,,,2024,2
Bobby Brown,LAR,DL,15412,weighted,,,,,,,,,,,,,,,,,,,,,,,,,,,,,,,,,,,,,,,,,,,,,1.48344370860927,0.353553390593274,,,0.0,0.0,0.0,0.0,0.0,0.0,2021.0,2000-08-07,,,2024,2
Tyquan Lewis,IND,DL,13687,weighted,,,,,,,,,,,,,,,,,,,,,,,,,,,,,,,,,,,,,,,,,,,,,1.6,3.16866566851589e-16,,,0.0,0.0,0.1,1.98041604282243e-17,0.0,0.0,2018.0,,,,2024,2
Justin Jones,ARI,DL,13748,weighted,,,,,,,,,,,,,,,,,,,,,,,,,,,,,,,,,,,,,,,,,,,,,1.6,3.16866566851589e-16,,,0.0,0.0,0.1,1.98041604282243e-17,0.0,0.0,2018.0,1995-08-17,,,2024,2
Leonard Floyd,SF,DL,12734,weighted,,,,,,,,,,,,,,,,,,,,,,,,,,,,,,,,,,,,,,,,,,,,,1.51337748344371,0.14142135623731,,,0.0,0.0,0.1,1.98041604282243e-17,0.0,0.0,2016.0,1992-09-08,,,2024,2
Marcus Davenport,DET,DL,13688,weighted,,,,,,,,,,,,,,,,,,,,,,,,,,,,,,,,,,,,,,,,,,,,,1.16688741721854,0.707106781186548,,,0.0,0.0,0.0,0.0,0.0,0.0,2018.0,1996-09-04,D,Groin,2024,2
Cameron Jordan,NO,DL,10292,weighted,,,,,,,,,,,,,,,,,,,,,,,,,,,,,,,,,,,,,,,,,,,,,1.51337748344371,0.14142135623731,,,0.0,0.0,0.1,1.98041604282243e-17,0.0,0.0,2011.0,1989-07-10,,,2024,2
Kenny Clark,GB,DL,12739,weighted,,,,,,,,,,,,,,,,,,,,,,,,,,,,,,,,,,,,,,,,,,,,,1.42675496688742,0.282842712474619,,,0.0,0.0,0.1,1.98041604282243e-17,0.0,0.0,2016.0,1995-10-04,,,2024,2
David Onyemata,ATL,DL,12782,weighted,,,,,,,,,,,,,,,,,,,,,,,,,,,,,,,,,,,,,,,,,,,,,1.51337748344371,0.14142135623731,,,0.0,0.0,0.1,1.98041604282243e-17,0.0,0.0,2016.0,1992-11-13,,,2024,2
T'Vondre Sweat,TEN,DL,16693,weighted,,,,,,,,,,,,,,,,,,,,,,,,,,,,,,,,,,,,,,,,,,,,,1.34013245033113,0.424264068711929,,,0.0,0.0,0.1,1.98041604282243e-17,0.0,0.0,2024.0,2001-07-11,,,2024,2
Arden Key,TEN,DL,13682,weighted,,,,,,,,,,,,,,,,,,,,,,,,,,,,,,,,,,,,,,,,,,,,,1.5,0.0,,,0.0,0.0,0.3,0.0,0.0,0.0,2018.0,1996-05-03,,,2024,2
Jarran Reed,SEA,DL,12698,weighted,,,,,,,,,,,,,,,,,,,,,,,,,,,,,,,,,,,,,,,,,,,,,1.44331125827815,0.0707106781186548,,,0.0,0.0,0.1,1.98041604282243e-17,0.0,0.0,2016.0,1992-12-16,,,2024,2
Patrick Jones,MIN,DL,15398,weighted,,,,,,,,,,,,,,,,,,,,,,,,,,,,,,,,,,,,,,,,,,,,,1.27324503311258,0.282842712474619,,,0.0,0.0,0.0,0.0,0.0,0.0,2021.0,1998-09-29,,,2024,2
Bryce Huff,PHI,DL,15121,weighted,,,,,,,,,,,,,,,,,,,,,,,,,,,,,,,,,,,,,,,,,,,,,1.32993377483444,0.212132034355964,,,0.0,0.0,0.1,1.98041604282243e-17,0.0,0.0,2020.0,1998-04-17,,,2024,2
ZaDarius Smith,CLE,DL,12301,weighted,,,,,,,,,,,,,,,,,,,,,,,,,,,,,,,,,,,,,,,,,,,,,1.44331125827815,0.0707106781186548,,,0.0,0.0,0.2,3.96083208564486e-17,0.0,0.0,,1992-09-08,,,2024,2
Michael Pierce,BAL,DL,12952,weighted,,,,,,,,,,,,,,,,,,,,,,,,,,,,,,,,,,,,,,,,,,,,,1.15986754966887,0.424264068711929,,,0.0,0.0,0.1,1.98041604282243e-17,0.0,0.0,2016.0,1992-11-06,,,2024,2
Bilal Nichols,ARI,DL,13777,weighted,,,,,,,,,,,,,,,,,,,,,,,,,,,,,,,,,,,,,,,,,,,,,1.21655629139073,0.353553390593274,,,0.0,0.0,0.1,1.98041604282243e-17,0.0,0.0,2018.0,1996-09-14,,,2024,2
Darrell Taylor,CHI,DL,14923,weighted,,,,,,,,,,,,,,,,,,,,,,,,,,,,,,,,,,,,,,,,,,,,,1.28344370860927,0.353553390593274,,,0.0,0.0,0.1,1.98041604282243e-17,0.0,0.0,2020.0,1997-03-24,,,2024,2
Anthony Nelson,TB,DL,14154,weighted,,,,,,,,,,,,,,,,,,,,,,,,,,,,,,,,,,,,,,,,,,,,,1.37006622516556,0.212132034355964,,,0.0,0.0,0.1,1.98041604282243e-17,0.0,0.0,2019.0,1997-03-04,,,2024,2
Sheldon Rankins,CIN,DL,12735,weighted,,,,,,,,,,,,,,,,,,,,,,,,,,,,,,,,,,,,,,,,,,,,,1.41337748344371,0.141421356237309,,,0.0,0.0,0.0,0.0,0.0,0.0,2016.0,1994-04-02,,,2024,2
DaQuan Jones,BUF,DL,11793,weighted,,,,,,,,,,,,,,,,,,,,,,,,,,,,,,,,,,,,,,,,,,,,,1.28344370860927,0.353553390593274,,,0.0,0.0,0.2,3.96083208564486e-17,0.0,0.0,2014.0,1991-12-17,,,2024,2
Shelby Harris,CLE,DL,11872,weighted,,,,,,,,,,,,,,,,,,,,,,,,,,,,,,,,,,,,,,,,,,,,,1.41337748344371,0.141421356237309,,,0.0,0.0,0.3,0.0,0.0,0.0,2014.0,1991-08-11,,,2024,2
Chop Robinson,MIA,DL,16655,weighted,,,,,,,,,,,,,,,,,,,,,,,,,,,,,,,,,,,,,,,,,,,,,1.11655629139073,0.353553390593274,,,0.0,0.0,0.1,1.98041604282243e-17,0.0,0.0,2024.0,2003-01-02,,,2024,2
Gervon Dexter,CHI,DL,16265,weighted,,,,,,,,,,,,,,,,,,,,,,,,,,,,,,,,,,,,,,,,,,,,,1.22993377483444,0.212132034355964,,,0.0,0.0,0.1,1.98041604282243e-17,0.0,0.0,2023.0,2000-10-05,,,2024,2
Jeremiah Pharms,NE,DL,16510,weighted,,,,,,,,,,,,,,,,,,,,,,,,,,,,,,,,,,,,,,,,,,,,,0.946490066225165,0.565685424949238,,,0.0,0.0,0.1,1.98041604282243e-17,0.0,0.0,2022.0,1996-10-16,,,2024,2
Roy Lopez,ARI,DL,15461,weighted,,,,,,,,,,,,,,,,,,,,,,,,,,,,,,,,,,,,,,,,,,,,,1.17324503311258,0.282842712474619,,,0.0,0.0,0.0,0.0,0.0,0.0,2021.0,1997-08-07,,,2024,2
Tedarrell Slaton,GB,DL,15446,weighted,,,,,,,,,,,,,,,,,,,,,,,,,,,,,,,,,,,,,,,,,,,,,1.4,0.0,,,0.0,0.0,0.1,1.98041604282243e-17,0.0,0.0,2021.0,1997-10-03,,,2024,2
Nik Bonitto,DEN,DL,15861,weighted,,,,,,,,,,,,,,,,,,,,,,,,,,,,,,,,,,,,,,,,,,,,,1.11655629139073,0.353553390593274,,,0.0,0.0,0.1,1.98041604282243e-17,0.0,0.0,2022.0,1999-09-26,,,2024,2
Javon Kinlaw,NYJ,DL,14899,weighted,,,,,,,,,,,,,,,,,,,,,,,,,,,,,,,,,,,,,,,,,,,,,1.28662251655629,0.141421356237309,,,0.0,0.0,0.1,1.98041604282243e-17,0.0,0.0,2020.0,1997-10-03,,,2024,2
Vita Vea,TB,DL,13692,weighted,,,,,,,,,,,,,,,,,,,,,,,,,,,,,,,,,,,,,,,,,,,,,1.4,0.0,,,0.0,0.0,0.0,0.0,0.0,0.0,2018.0,1995-02-05,,,2024,2
Josh Paschal,DET,DL,15855,weighted,,,,,,,,,,,,,,,,,,,,,,,,,,,,,,,,,,,,,,,,,,,,,1.00317880794702,0.494974746830583,,,0.0,0.0,0.2,3.96083208564486e-17,0.0,0.0,2022.0,1999-12-17,,,2024,2
Kingsley Enagbare,GB,DL,15813,weighted,,,,,,,,,,,,,,,,,,,,,,,,,,,,,,,,,,,,,,,,,,,,,1.22993377483444,0.212132034355964,,,0.0,0.0,0.1,1.98041604282243e-17,0.0,0.0,2022.0,2000-01-18,,,2024,2
Kingsley Enagbare,GB,DL,15813,weighted,,,,,,,,,,,,,,,,,,,,,,,,,,,,,,,,,,,,,,,,,,,,,1.22993377483444,0.212132034355964,,,0.0,0.0,0.1,1.98041604282243e-17,0.0,0.0,2022.0,1998-04-28,,,2024,2
Janarius Robinson,LVR,DL,15421,weighted,,,,,,,,,,,,,,,,,,,,,,,,,,,,,,,,,,,,,,,,,,,,,1.27006622516556,0.212132034355964,,,0.0,0.0,0.1,1.98041604282243e-17,0.0,0.0,2021.0,1999-05-05,,,2024,2
D.J. Reader,DET,DL,12802,weighted,,,,,,,,,,,,,,,,,,,,,,,,,,,,,,,,,,,,,,,,,,,,,1.27006622516556,0.212132034355964,,,0.0,0.0,0.1,1.98041604282243e-17,0.0,0.0,2016.0,1994-07-01,,,2024,2
Keeanu Benton,PIT,DL,16264,weighted,,,,,,,,,,,,,,,,,,,,,,,,,,,,,,,,,,,,,,,,,,,,,1.31337748344371,0.141421356237309,,,0.0,0.0,0.1,1.98041604282243e-17,0.0,0.0,2023.0,2001-07-17,,,2024,2
Dalvin Tomlinson,CLE,DL,13260,weighted,,,,,,,,,,,,,,,,,,,,,,,,,,,,,,,,,,,,,,,,,,,,,1.35668874172185,0.0707106781186547,,,0.0,0.0,0.0,0.0,0.0,0.0,2017.0,1994-02-18,,,2024,2
Arnold Ebiketie,ATL,DL,15851,weighted,,,,,,,,,,,,,,,,,,,,,,,,,,,,,,,,,,,,,,,,,,,,,1.07324503311258,0.282842712474619,,,0.0,0.0,0.1,1.98041604282243e-17,0.0,0.0,2022.0,1999-01-23,,,2024,2
Mario Edwards,HOU,DL,12219,weighted,,,,,,,,,,,,,,,,,,,,,,,,,,,,,,,,,,,,,,,,,,,,,1.24331125827815,0.0707106781186548,,,0.0,0.0,0.0,0.0,0.0,0.0,,1994-01-25,,,2024,2
Will McDonald,NYJ,DL,16252,weighted,,,,,,,,,,,,,,,,,,,,,,,,,,,,,,,,,,,,,,,,,,,,,1.17006622516556,0.212132034355964,,,0.0,0.0,0.0,0.0,0.0,0.0,2023.0,1999-06-04,,,2024,2
Dallas Turner,MIN,DL,16650,weighted,,,,,,,,,,,,,,,,,,,,,,,,,,,,,,,,,,,,,,,,,,,,,1.25668874172185,0.0707106781186548,,,0.0,0.0,0.0,0.0,0.0,0.0,2024.0,2003-02-02,,,2024,2
Derick Hall,SEA,DL,16235,weighted,,,,,,,,,,,,,,,,,,,,,,,,,,,,,,,,,,,,,,,,,,,,,1.25668874172185,0.0707106781186548,,,0.0,0.0,0.1,1.98041604282243e-17,0.0,0.0,2023.0,2001-03-19,,,2024,2
Maliek Collins,SF,DL,12754,weighted,,,,,,,,,,,,,,,,,,,,,,,,,,,,,,,,,,,,,,,,,,,,,1.21337748344371,0.141421356237309,,,0.0,0.0,0.1,1.98041604282243e-17,0.0,0.0,2016.0,1995-04-08,,,2024,2
Roy Robertson-Harris,JAC,DL,13434,weighted,,,,,,,,,,,,,,,,,,,,,,,,,,,,,,,,,,,,,,,,,,,,,0.99682119205298,0.494974746830583,,,0.0,0.0,0.1,1.98041604282243e-17,0.0,0.0,2016.0,1993-07-23,,,2024,2
Solomon Thomas,NYJ,DL,13199,weighted,,,,,,,,,,,,,,,,,,,,,,,,,,,,,,,,,,,,,,,,,,,,,1.21337748344371,0.141421356237309,,,0.0,0.0,0.1,1.98041604282243e-17,0.0,0.0,2017.0,1995-08-26,,,2024,2
Jordan Davis,PHI,DL,15817,weighted,,,,,,,,,,,,,,,,,,,,,,,,,,,,,,,,,,,,,,,,,,,,,1.21337748344371,0.141421356237309,,,0.0,0.0,0.0,0.0,0.0,0.0,2022.0,2000-01-12,,,2024,2
Dayo Odeyingbo,IND,DL,15386,weighted,,,,,,,,,,,,,,,,,,,,,,,,,,,,,,,,,,,,,,,,,,,,,0.973245033112583,0.282842712474619,,,0.0,0.0,0.0,0.0,0.0,0.0,2021.0,1999-09-24,,,2024,2
Von Miller,BUF,DL,10267,weighted,,,,,,,,,,,,,,,,,,,,,,,,,,,,,,,,,,,,,,,,,,,,,1.02993377483444,0.212132034355964,,,0.0,0.0,0.0,0.0,0.0,0.0,2011.0,1989-03-26,,,2024,2
Chase Young,NO,DL,14877,weighted,,,,,,,,,,,,,,,,,,,,,,,,,,,,,,,,,,,,,,,,,,,,,1.14331125827815,0.0707106781186547,,,0.0,0.0,0.1,1.98041604282243e-17,0.0,0.0,2020.0,1999-04-14,,,2024,2
Jerry Hughes,HOU,DL,9853,weighted,,,,,,,,,,,,,,,,,,,,,,,,,,,,,,,,,,,,,,,,,,,,,0.80317880794702,0.494974746830583,,,0.0,0.0,0.0,0.0,0.0,0.0,2010.0,1988-08-13,,,2024,2
A.J. Epenesa,BUF,DL,14879,weighted,,,,,,,,,,,,,,,,,,,,,,,,,,,,,,,,,,,,,,,,,,,,,1.15668874172185,0.0707106781186547,,,0.1,1.98041604282243e-17,0.2,3.96083208564486e-17,0.0,0.0,2020.0,1998-09-15,,,2024,2
Derek Barnett,HOU,DL,13201,weighted,,,,,,,,,,,,,,,,,,,,,,,,,,,,,,,,,,,,,,,,,,,,,0.983443708609271,0.353553390593274,,,0.0,0.0,0.0,0.0,0.0,0.0,2017.0,1996-06-25,,,2024,2
Nolan Smith,PHI,DL,16228,weighted,,,,,,,,,,,,,,,,,,,,,,,,,,,,,,,,,,,,,,,,,,,,,0.853509933774834,0.565685424949238,,,0.0,0.0,0.0,0.0,0.1,1.98041604282243e-17,2023.0,2001-01-18,,,2024,2
Devonte Wyatt,GB,DL,15819,weighted,,,,,,,,,,,,,,,,,,,,,,,,,,,,,,,,,,,,,,,,,,,,,1.07006622516556,0.212132034355964,,,0.0,0.0,0.0,0.0,0.0,0.0,2022.0,1998-03-31,,,2024,2
Bryan Bresee,NO,DL,16256,weighted,,,,,,,,,,,,,,,,,,,,,,,,,,,,,,,,,,,,,,,,,,,,,0.940132450331126,0.424264068711929,,,0.0,0.0,0.3,0.0,0.0,0.0,2023.0,2001-10-06,Q,Illness,2024,2
Zacch Pickens,CHI,DL,16270,weighted,,,,,,,,,,,,,,,,,,,,,,,,,,,,,,,,,,,,,,,,,,,,,0.89682119205298,0.494974746830583,,,0.0,0.0,0.0,0.0,0.0,0.0,2023.0,2000-03-06,,,2024,2
Andrew Billings,CHI,DL,12699,weighted,,,,,,,,,,,,,,,,,,,,,,,,,,,,,,,,,,,,,,,,,,,,,1.07006622516556,0.212132034355964,,,0.0,0.0,0.0,0.0,0.0,0.0,2016.0,1995-06-03,,,2024,2
Otito Ogbonnia,LAC,DL,15898,weighted,,,,,,,,,,,,,,,,,,,,,,,,,,,,,,,,,,,,,,,,,,,,,1.15668874172185,0.0707106781186547,,,0.0,0.0,0.0,0.0,0.0,0.0,2022.0,2000-08-25,,,2024,2
Alex Wright,CLE,DL,15864,weighted,,,,,,,,,,,,,,,,,,,,,,,,,,,,,,,,,,,,,,,,,,,,,0.929933774834437,0.212132034355964,,,0.0,0.0,0.1,1.98041604282243e-17,0.0,0.0,2022.0,2000-09-05,,,2024,2
Mazi Smith,DAL,DL,16258,weighted,,,,,,,,,,,,,,,,,,,,,,,,,,,,,,,,,,,,,,,,,,,,,0.929933774834437,0.212132034355964,,,0.0,0.0,0.1,1.98041604282243e-17,0.0,0.0,2023.0,2001-06-16,,,2024,2
Kevin Givens,SF,DL,14652,weighted,,,,,,,,,,,,,,,,,,,,,,,,,,,,,,,,,,,,,,,,,,,,,0.929933774834437,0.212132034355964,,,0.0,0.0,0.1,1.98041604282243e-17,0.0,0.0,2019.0,1997-03-01,,,2024,2
Felix Anudike-Uzomah,KC,DL,16257,weighted,,,,,,,,,,,,,,,,,,,,,,,,,,,,,,,,,,,,,,,,,,,,,0.816556291390728,0.353553390593274,,,0.0,0.0,0.1,1.98041604282243e-17,0.0,0.0,2023.0,2002-01-24,,,2024,2
David Ojabo,BAL,DL,15807,weighted,,,,,,,,,,,,,,,,,,,,,,,,,,,,,,,,,,,,,,,,,,,,,1.01337748344371,0.14142135623731,,,0.0,0.0,0.1,1.98041604282243e-17,0.0,0.0,2022.0,2000-05-17,,,2024,2
Azeez Ojulari,NYG,DL,15385,weighted,,,,,,,,,,,,,,,,,,,,,,,,,,,,,,,,,,,,,,,,,,,,,0.79682119205298,0.494974746830583,,,0.0,0.0,0.0,0.0,0.0,0.0,2021.0,2000-06-16,,,2024,2
Brandon Graham,PHI,DL,9826,weighted,,,,,,,,,,,,,,,,,,,,,,,,,,,,,,,,,,,,,,,,,,,,,0.970066225165563,0.212132034355964,,,0.0,0.0,0.0,0.0,0.0,0.0,2010.0,1988-04-03,,,2024,2
Chris Braswell,TB,DL,16656,weighted,,,,,,,,,,,,,,,,,,,,,,,,,,,,,,,,,,,,,,,,,,,,,1.01337748344371,0.14142135623731,,,0.0,0.0,0.0,0.0,0.0,0.0,2024.0,,,,2024,2
Chauncey Golston,DAL,DL,15397,weighted,,,,,,,,,,,,,,,,,,,,,,,,,,,,,,,,,,,,,,,,,,,,,0.926754966887417,0.282842712474619,,,0.0,0.0,0.0,0.0,0.0,0.0,2021.0,1998-02-10,,,2024,2
Arik Armstead,JAC,DL,12218,weighted,,,,,,,,,,,,,,,,,,,,,,,,,,,,,,,,,,,,,,,,,,,,,1.0,0.0,,,0.0,0.0,0.1,1.98041604282243e-17,0.0,0.0,2015.0,1993-11-15,,,2024,2
Khalil Davis,HOU,DL,14987,weighted,,,,,,,,,,,,,,,,,,,,,,,,,,,,,,,,,,,,,,,,,,,,,0.829933774834437,0.212132034355964,,,0.0,0.0,0.0,0.0,0.0,0.0,2020.0,1996-08-22,,,2024,2
Nick Herbig,PIT,DL,16303,weighted,,,,,,,,,,,,,,,,,,,,,,,,,,,,,,,,,,,,,,,,,,,,,0.829933774834437,0.212132034355964,,,0.0,0.0,0.1,1.98041604282243e-17,0.0,0.0,2023.0,2001-11-21,,,2024,2
Bud Dupree,LAC,DL,12234,weighted,,,,,,,,,,,,,,,,,,,,,,,,,,,,,,,,,,,,,,,,,,,,,0.956688741721854,0.0707106781186547,,,0.0,0.0,0.1,1.98041604282243e-17,0.0,0.0,2015.0,1993-02-12,,,2024,2
Levi Onwuzurike,DET,DL,15382,weighted,,,,,,,,,,,,,,,,,,,,,,,,,,,,,,,,,,,,,,,,,,,,,0.783443708609272,0.353553390593274,,,0.0,0.0,0.0,0.0,0.0,0.0,2021.0,1998-03-02,,,2024,2
Joseph Ossai,CIN,DL,15388,weighted,,,,,,,,,,,,,,,,,,,,,,,,,,,,,,,,,,,,,,,,,,,,,0.729933774834437,0.212132034355964,,,0.0,0.0,0.1,1.98041604282243e-17,0.0,0.0,2021.0,2000-04-13,,,2024,2
Payton Turner,NO,DL,15376,weighted,,,,,,,,,,,,,,,,,,,,,,,,,,,,,,,,,,,,,,,,,,,,,0.843311258278146,0.0707106781186547,,,0.0,0.0,0.1,1.98041604282243e-17,0.0,0.0,2021.0,1999-01-07,,,2024,2
Javontae Jean-Baptiste,WAS,DL,16780,weighted,,,,,,,,,,,,,,,,,,,,,,,,,,,,,,,,,,,,,,,,,,,,,0.640132450331126,0.424264068711929,,,0.0,0.0,0.0,0.0,0.0,0.0,2024.0,2000-05-16,,,2024,2
Jaylen Harrell,TEN,DL,16800,weighted,,,,,,,,,,,,,,,,,,,,,,,,,,,,,,,,,,,,,,,,,,,,,0.59682119205298,0.494974746830583,,,0.0,0.0,0.0,0.0,0.0,0.0,2024.0,2002-05-01,,,2024,2
Yetur Gross-Matos,SF,DL,14878,weighted,,,,,,,,,,,,,,,,,,,,,,,,,,,,,,,,,,,,,,,,,,,,,0.856688741721854,0.0707106781186547,,,0.0,0.0,0.0,0.0,0.0,0.0,2020.0,1998-02-26,,,2024,2
Jer'Zhan Newton,WAS,DL,16692,weighted,,,,,,,,,,,,,,,,,,,,,,,,,,,,,,,,,,,,,,,,,,,,,0.510198675496689,0.636396103067893,,,0.0,0.0,0.0,0.0,0.0,0.0,2024.0,2002-08-31,Q,Foot,2024,2
Robert Beal,SF,DL,16322,weighted,,,,,,,,,,,,,,,,,,,,,,,,,,,,,,,,,,,,,,,,,,,,,0.629933774834437,0.212132034355964,,,0.0,0.0,0.1,1.98041604282243e-17,0.0,0.0,2023.0,1999-08-18,,,2024,2
Johnathan Hankins,SEA,DL,11281,weighted,,,,,,,,,,,,,,,,,,,,,,,,,,,,,,,,,,,,,,,,,,,,,0.743311258278146,0.0707106781186548,,,0.0,0.0,0.1,1.98041604282243e-17,0.0,0.0,2013.0,1992-01-01,,,2024,2
Dante Fowler,WAS,DL,12217,weighted,,,,,,,,,,,,,,,,,,,,,,,,,,,,,,,,,,,,,,,,,,,,,0.756688741721854,0.0707106781186548,,,0.0,0.0,0.1,1.98041604282243e-17,0.0,0.0,,1994-08-03,,,2024,2
L.J. Collier,ARI,DL,14155,weighted,,,,,,,,,,,,,,,,,,,,,,,,,,,,,,,,,,,,,,,,,,,,,0.713377483443709,0.14142135623731,,,0.0,0.0,0.1,1.98041604282243e-17,0.0,0.0,2019.0,1995-09-12,,,2024,2
Tavius Robinson,BAL,DL,16298,weighted,,,,,,,,,,,,,,,,,,,,,,,,,,,,,,,,,,,,,,,,,,,,,0.586622516556291,0.141421356237309,,,0.0,0.0,0.0,0.0,0.0,0.0,2023.0,1999-01-03,,,2024,2
Mike Pennel,KC,DL,11970,weighted,,,,,,,,,,,,,,,,,,,,,,,,,,,,,,,,,,,,,,,,,,,,,0.7,0.0,,,0.0,0.0,0.1,1.98041604282243e-17,0.0,0.0,2014.0,1991-05-09,,,2024,2
Keondre Coburn,TEN,DL,16331,weighted,,,,,,,,,,,,,,,,,,,,,,,,,,,,,,,,,,,,,,,,,,,,,0.526754966887417,0.282842712474619,,,0.0,0.0,0.0,0.0,0.0,0.0,2023.0,2000-05-23,,,2024,2
Malik Herring,KC,DL,16058,weighted,,,,,,,,,,,,,,,,,,,,,,,,,,,,,,,,,,,,,,,,,,,,,0.486622516556291,0.141421356237309,,,0.0,0.0,0.0,0.0,0.0,0.0,2021.0,1997-11-09,,,2024,2
Alex Singleton,DEN,LB,14412,weighted,,,,,,,,,,,,,,,,,,,,,,,,,,,,,,,,,,,,,,,,,,,,,7.64577530176416,1.96691527294017,,,0.130324976787372,0.0668603540560114,0.445255338904364,0.0525331353297233,0.0049767873723305,0.0047757395754293,2015.0,1993-12-07,,,2024,2
Zaire Franklin,IND,LB,13837,weighted,,,,,,,,,,,,,,,,,,,,,,,,,,,,,,,,,,,,,,,,,,,,,7.01719591457753,2.33851288639316,,,0.0248839368616527,0.0238786978771469,0.329860724233983,0.0286544374525763,0.0049767873723305,0.0047757395754293,2018.0,1996-07-02,,,2024,2
Bobby Wagner,WAS,LB,10775,weighted,,,,,,,,,,,,,,,,,,,,,,,,,,,,,,,,,,,,,,,,,,,,,6.91374187558032,2.41910604462137,,,0.0348375116063138,0.0334301770280057,0.234373259052925,0.128944968536593,0.0099535747446611,0.0095514791508587,2012.0,1990-06-27,,,2024,2
T.J. Edwards,CHI,LB,14322,weighted,,,,,,,,,,,,,,,,,,,,,,,,,,,,,,,,,,,,,,,,,,,,,7.28154131847725,2.06295226012037,,,0.125348189415042,0.0716360936314408,0.375116063138347,0.023878697877147,0.0049767873723305,0.0047757395754293,2019.0,1996-08-12,,,2024,2
Terrel Bernard,BUF,LB,15869,weighted,,,,,,,,,,,,,,,,,,,,,,,,,,,,,,,,,,,,,,,,,,,,,6.94854224698236,2.08301764461233,,,0.145255338904364,0.0525331353297233,0.359721448467967,0.0573088749051527,0.0049767873723305,0.0047757395754293,2022.0,1999-05-07,,,2024,2
Azeez Al-Shaair,HOU,LB,14590,weighted,,,,,,,,,,,,,,,,,,,,,,,,,,,,,,,,,,,,,,,,,,,,,6.49961002785515,2.37803902632396,,,0.0248839368616527,0.0238786978771469,0.380092850510678,0.0191029583017176,0.0049767873723305,0.0047757395754293,2019.0,1997-08-04,,,2024,2
Roquan Smith,BAL,LB,13696,weighted,,,,,,,,,,,,,,,,,,,,,,,,,,,,,,,,,,,,,,,,,,,,,6.5941504178273,2.19577961224445,,,0.140278551532033,0.0573088749051527,0.460185701021356,0.0382059166034351,0.0049767873723305,0.0047757395754293,2018.0,1997-04-08,,,2024,2
Lavonte David,TB,LB,10768,weighted,,,,,,,,,,,,,,,,,,,,,,,,,,,,,,,,,,,,,,,,,,,,,6.54204271123491,2.21345301924455,,,0.0298607242339833,0.0286544374525763,0.329860724233983,0.0286544374525763,0.0049767873723305,0.0047757395754293,2012.0,1990-01-23,,,2024,2
Robert Spillane,LVR,LB,13987,weighted,,,,,,,,,,,,,,,,,,,,,,,,,,,,,,,,,,,,,,,,,,,,,6.27270194986072,2.32854818616713,,,0.0950232126276695,0.0047757395754293,0.314466109563603,0.109842010234876,0.0049767873723305,0.0047757395754293,2018.0,1995-12-14,,,2024,2
Quay Walker,GB,LB,15846,weighted,,,,,,,,,,,,,,,,,,,,,,,,,,,,,,,,,,,,,,,,,,,,,6.37322191272052,2.15674023355798,,,0.0149303621169916,0.0143272187262882,0.259721448467967,0.0573088749051527,0.0049767873723305,0.0047757395754293,2022.0,2000-05-08,,,2024,2
Fred Warner,SF,LB,13743,weighted,,,,,,,,,,,,,,,,,,,,,,,,,,,,,,,,,,,,,,,,,,,,,6.47379758588672,1.94223480958463,,,0.145255338904364,0.0525331353297233,0.465162488393686,0.0334301770280057,0.0049767873723305,0.0047757395754293,2018.0,1996-11-19,,,2024,2
Jordyn Brooks,MIA,LB,14892,weighted,,,,,,,,,,,,,,,,,,,,,,,,,,,,,,,,,,,,,,,,,,,,,6.00640668523677,2.39415361529415,,,0.0149303621169916,0.0143272187262882,0.249767873723306,0.0477573957542939,0.0049767873723305,0.0047757395754293,2020.0,1997-10-21,,,2024,2
Jeremiah Owusu-Koramoah,CLE,LB,15351,weighted,,,,,,,,,,,,,,,,,,,,,,,,,,,,,,,,,,,,,,,,,,,,,6.05522748375116,2.2057535783721,,,0.0751160631383473,0.0238786978771469,0.375116063138347,0.023878697877147,0.0049767873723305,0.0047757395754293,2021.0,1999-11-04,,,2024,2
David Long,MIA,LB,14268,weighted,,,,,,,,,,,,,,,,,,,,,,,,,,,,,,,,,,,,,,,,,,,,,5.88207985143918,2.34576468384776,,,0.0398142989786444,0.0382059166034351,0.254280408542247,0.148047926838311,0.0049767873723305,0.0047757395754293,2019.0,1970-01-01,,,2024,2
Kyzir White,ARI,LB,13762,weighted,,,,,,,,,,,,,,,,,,,,,,,,,,,,,,,,,,,,,,,,,,,,,6.02492107706592,2.15530820957277,,,0.0398142989786444,0.0382059166034351,0.354744661095636,0.0525331353297233,0.0049767873723305,0.0047757395754293,2018.0,1996-03-24,,,2024,2
Logan Wilson,CIN,LB,14928,weighted,,,,,,,,,,,,,,,,,,,,,,,,,,,,,,,,,,,,,,,,,,,,,6.01894150417827,2.1441986864625,,,0.104976787372331,0.0047757395754293,0.39455896007428,0.0907390519331584,0.0049767873723305,0.0047757395754293,2020.0,1996-07-08,,,2024,2
Nick Bolton,KC,LB,15355,weighted,,,,,,,,,,,,,,,,,,,,,,,,,,,,,,,,,,,,,,,,,,,,,6.20152274837512,1.94941652324695,,,0.0348375116063138,0.0334301770280057,0.4,0.0,0.0049767873723305,0.0047757395754293,2021.0,2000-03-10,,,2024,2
C.J. Mosley,NYJ,LB,11728,weighted,,,,,,,,,,,,,,,,,,,,,,,,,,,,,,,,,,,,,,,,,,,,,6.12544103992572,1.99434541418266,,,0.1,0.0,0.434837511606314,0.0334301770280057,0.0049767873723305,0.0047757395754293,2014.0,1992-06-19,,,2024,2
Shaq Green-Thompson,CAR,LB,12231,weighted,,,,,,,,,,,,,,,,,,,,,,,,,,,,,,,,,,,,,,,,,,,,,6.14688950789229,1.89155464220848,,,0.0149303621169916,0.0143272187262882,0.309953574744661,0.0095514791508587,0.0049767873723305,0.0047757395754293,,1994-04-21,,,2024,2
Alex Anzalone,DET,LB,13268,weighted,,,,,,,,,,,,,,,,,,,,,,,,,,,,,,,,,,,,,,,,,,,,,6.08317548746518,1.93470171551605,,,0.0199071494893222,0.0191029583017175,0.264698235840297,0.062084614480582,0.0049767873723305,0.0047757395754293,2017.0,1994-09-22,,,2024,2
Tremaine Edmunds,CHI,LB,13697,weighted,,,,,,,,,,,,,,,,,,,,,,,,,,,,,,,,,,,,,,,,,,,,,5.97714020427112,1.98956185428074,,,0.125348189415042,0.0716360936314408,0.375116063138347,0.023878697877147,0.0552089136490251,0.0429816561788645,2018.0,1998-05-02,,,2024,2
Tyrel Dodson,SEA,LB,14472,weighted,,,,,,,,,,,,,,,,,,,,,,,,,,,,,,,,,,,,,,,,,,,,,6.21704735376045,1.78992551918353,,,0.0149303621169916,0.0143272187262882,0.340278551532033,0.0573088749051527,0.0049767873723305,0.0047757395754293,2019.0,1998-06-25,Q,Shoulder,2024,2
DeVondre Campbell,SF,LB,12779,weighted,,,,,,,,,,,,,,,,,,,,,,,,,,,,,,,,,,,,,,,,,,,,,5.17277623026927,3.00478485225188,,,0.0298607242339833,0.0286544374525763,0.234373259052925,0.128944968536593,0.0049767873723305,0.0047757395754293,2016.0,1993-07-01,,,2024,2
Bobby Okereke,NYG,LB,14218,weighted,,,,,,,,,,,,,,,,,,,,,,,,,,,,,,,,,,,,,,,,,,,,,5.98059424326834,1.91010900500734,,,0.0850696378830084,0.0143272187262882,0.395023212627669,0.0047757395754293,0.0049767873723305,0.0047757395754293,2019.0,1996-07-29,,,2024,2
Josey Jewell,CAR,LB,13702,weighted,,,,,,,,,,,,,,,,,,,,,,,,,,,,,,,,,,,,,,,,,,,,,5.49480037140204,2.49091397469812,,,0.0199071494893222,0.0191029583017175,0.355208913649025,0.0429816561788645,0.0049767873723305,0.0047757395754293,2018.0,1994-12-25,,,2024,2
Nakobe Dean,PHI,LB,15821,weighted,,,,,,,,,,,,,,,,,,,,,,,,,,,,,,,,,,,,,,,,,,,,,5.15143918291551,2.94094080288878,,,0.0199071494893222,0.0191029583017175,0.154280408542247,0.148047926838311,0.0049767873723305,0.0047757395754293,2022.0,2000-12-13,,,2024,2
Isaiah McDuffie,GB,LB,15473,weighted,,,,,,,,,,,,,,,,,,,,,,,,,,,,,,,,,,,,,,,,,,,,,5.82878365831012,2.06669928014265,,,0.0149303621169916,0.0143272187262882,0.249767873723306,0.0477573957542939,0.0049767873723305,0.0047757395754293,2021.0,1999-07-21,,,2024,2
Devin Lloyd,JAC,LB,15822,weighted,,,,,,,,,,,,,,,,,,,,,,,,,,,,,,,,,,,,,,,,,,,,,5.89513463324048,1.9572264724977,,,0.0348375116063138,0.0334301770280057,0.349767873723305,0.0477573957542939,0.0049767873723305,0.0047757395754293,2022.0,1998-09-30,,,2024,2
Blake Cashman,MIN,LB,14251,weighted,,,,,,,,,,,,,,,,,,,,,,,,,,,,,,,,,,,,,,,,,,,,,5.28531104921077,2.68478630817872,,,0.0149303621169916,0.0143272187262882,0.18958217270195,0.085963312357729,0.0049767873723305,0.0047757395754293,2019.0,1996-05-10,,,2024,2
E.J. Speed,IND,LB,14257,weighted,,,,,,,,,,,,,,,,,,,,,,,,,,,,,,,,,,,,,,,,,,,,,6.08761374187558,1.66090922488428,,,0.0199071494893222,0.0191029583017175,0.3,0.0,0.0049767873723305,0.0047757395754293,2019.0,1995-06-01,,,2024,2
Dorian Williams,BUF,LB,16284,weighted,,,,,,,,,,,,,,,,,,,,,,,,,,,,,,,,,,,,,,,,,,,,,5.39532033426184,2.28916482530565,,,0.0149303621169916,0.0143272187262882,0.19455896007428,0.0907390519331584,0.0049767873723305,0.0047757395754293,2023.0,2001-06-28,,,2024,2
Kaden Elliss,ATL,LB,14303,weighted,,,,,,,,,,,,,,,,,,,,,,,,,,,,,,,,,,,,,,,,,,,,,5.66564531104921,1.88203539214706,,,0.0099535747446611,0.0095514791508587,0.219907149489322,0.0191029583017175,0.0049767873723305,0.0047757395754293,2019.0,1995-06-10,,,2024,2
Ja'Whaun Bentley,NE,LB,13775,weighted,,,,,,,,,,,,,,,,,,,,,,,,,,,,,,,,,,,,,,,,,,,,,5.32310120705664,2.25588689019957,,,0.0199071494893222,0.0191029583017175,0.199535747446611,0.0955147915085878,0.0049767873723305,0.0047757395754293,2018.0,1996-08-24,,,2024,2
Demario Davis,NO,LB,10816,weighted,,,,,,,,,,,,,,,,,,,,,,,,,,,,,,,,,,,,,,,,,,,,,5.38347260909935,2.07371486557477,,,0.0099535747446611,0.0095514791508587,0.275116063138347,0.0238786978771469,0.0049767873723305,0.0047757395754293,2012.0,1989-01-11,,,2024,2
Eric Kendricks,DAL,LB,12239,weighted,,,,,,,,,,,,,,,,,,,,,,,,,,,,,,,,,,,,,,,,,,,,,5.49008356545961,1.78456653268666,,,0.0751160631383473,0.0238786978771469,0.365162488393686,0.0334301770280057,0.0049767873723305,0.0047757395754293,2015.0,1992-02-29,,,2024,2
Germaine Pratt,CIN,LB,14210,weighted,,,,,,,,,,,,,,,,,,,,,,,,,,,,,,,,,,,,,,,,,,,,,5.12356545961003,2.16223039167669,,,0.0751160631383473,0.0238786978771469,0.370139275766017,0.0286544374525763,0.0049767873723305,0.0047757395754293,2019.0,1970-01-01,,,2024,2
Troy Reeder,LAR,LB,14672,weighted,,,,,,,,,,,,,,,,,,,,,,,,,,,,,,,,,,,,,,,,,,,,,4.36755803156917,3.19860024343542,,,0.0248839368616527,0.0238786978771469,0.164233983286908,0.15759940598917,0.0049767873723305,0.0047757395754293,2019.0,1994-09-13,,,2024,2
Foyesade Oluokun,JAC,LB,13813,weighted,,,,,,,,,,,,,,,,,,,,,,,,,,,,,,,,,,,,,,,,,,,,,6.47960264900662,1.27279220613579,,,0.0,0.0,0.4,7.92166417128973e-17,0.0,0.0,2018.0,1995-08-02,,,2024,2
Patrick Queen,PIT,LB,14896,weighted,,,,,,,,,,,,,,,,,,,,,,,,,,,,,,,,,,,,,,,,,,,,,5.58555246053853,1.51678169035063,,,0.0751160631383473,0.0238786978771469,0.259721448467967,0.0573088749051527,0.0049767873723305,0.0047757395754293,2020.0,1999-08-13,,,2024,2
Kenneth Murray,TEN,LB,14889,weighted,,,,,,,,,,,,,,,,,,,,,,,,,,,,,,,,,,,,,,,,,,,,,5.64627669452182,1.49751069552779,,,0.0099535747446611,0.0095514791508587,0.229860724233983,0.0286544374525763,0.0049767873723305,0.0047757395754293,2020.0,1998-11-16,,,2024,2
Henry To'oTo'o,HOU,LB,16236,weighted,,,,,,,,,,,,,,,,,,,,,,,,,,,,,,,,,,,,,,,,,,,,,4.68412256267409,2.41872738667711,,,0.0149303621169916,0.0143272187262882,0.239814298978644,0.0382059166034351,0.0049767873723305,0.0047757395754293,2023.0,2001-01-05,,,2024,2
Quincy Williams,NYJ,LB,14221,weighted,,,,,,,,,,,,,,,,,,,,,,,,,,,,,,,,,,,,,,,,,,,,,5.4222469823584,1.50065093542492,,,0.0099535747446611,0.0095514791508587,0.330324976787372,0.0668603540560114,0.0049767873723305,0.0047757395754293,2019.0,1996-08-28,,,2024,2
Frankie Luvu,WAS,LB,13952,weighted,,,,,,,,,,,,,,,,,,,,,,,,,,,,,,,,,,,,,,,,,,,,,4.85439182915506,2.0285971836715,,,0.0149303621169916,0.0143272187262882,0.154744661095636,0.0525331353297233,0.0049767873723305,0.0047757395754293,2018.0,1996-09-19,,,2024,2
Divine Deablo,LVR,LB,15396,weighted,,,,,,,,,,,,,,,,,,,,,,,,,,,,,,,,,,,,,,,,,,,,,5.14961931290622,1.47696820295707,,,0.0099535747446611,0.0095514791508587,0.179628597957289,0.0764118332068702,0.0049767873723305,0.0047757395754293,2021.0,1998-08-17,,,2024,2
Jordan Hicks,CLE,LB,12287,weighted,,,,,,,,,,,,,,,,,,,,,,,,,,,,,,,,,,,,,,,,,,,,,4.98544103992572,1.58749775531419,,,0.0850696378830084,0.0143272187262882,0.385069637883008,0.0143272187262882,0.0049767873723305,0.0047757395754293,2015.0,1992-06-27,,,2024,2
Jerome Baker,SEA,LB,13706,weighted,,,,,,,,,,,,,,,,,,,,,,,,,,,,,,,,,,,,,,,,,,,,,5.1102878365831,1.47823785227771,,,0.0751160631383473,0.0238786978771469,0.249767873723306,0.0477573957542939,0.0552089136490251,0.0429816561788645,2018.0,1996-12-25,Q,Hamstring,2024,2
Christian Rozeboom,LAR,LB,15076,weighted,,,,,,,,,,,,,,,,,,,,,,,,,,,,,,,,,,,,,,,,,,,,,5.07394614670381,1.48692443166391,,,0.0751160631383473,0.0238786978771469,0.360185701021356,0.0382059166034351,0.0049767873723305,0.0047757395754293,2020.0,1997-01-30,,,2024,2
Drue Tranquill,KC,LB,14235,weighted,,,,,,,,,,,,,,,,,,,,,,,,,,,,,,,,,,,,,,,,,,,,,4.58315691736305,1.70772290521665,,,0.0199071494893222,0.0191029583017175,0.18958217270195,0.085963312357729,0.0049767873723305,0.0047757395754293,2019.0,1995-08-15,,,2024,2
Darius Muasau,NYG,LB,16759,weighted,,,,,,,,,,,,,,,,,,,,,,,,,,,,,,,,,,,,,,,,,,,,,4.58245333333333,2.27688383542068,,,0.09,1.9825159407563102e-17,0.39,7.93006376302522e-17,0.01,0.0,2024.0,2001-02-10,O,Knee,2024,2
Zack Baun,PHI,LB,14893,weighted,,,,,,,,,,,,,,,,,,,,,,,,,,,,,,,,,,,,,,,,,,,,,4.38155988857939,1.4301246846841,,,0.0199071494893222,0.0191029583017175,0.224883936861653,0.0238786978771469,0.0049767873723305,0.0047757395754293,2020.0,1996-12-30,,,2024,2
Jahlani Tavai,NE,LB,14200,weighted,,,,,,,,,,,,,,,,,,,,,,,,,,,,,,,,,,,,,,,,,,,,,4.0447539461467,1.54572536006063,,,0.0751160631383473,0.0238786978771469,0.3,0.0,0.0049767873723305,0.0047757395754293,2019.0,1996-09-28,,,2024,2
Trenton Simpson,BAL,LB,16234,weighted,,,,,,,,,,,,,,,,,,,,,,,,,,,,,,,,,,,,,,,,,,,,,4.17621169916435,1.15426833873955,,,0.0149303621169916,0.0143272187262882,0.365626740947075,0.128944968536593,0.0049767873723305,0.0047757395754293,2023.0,2001-06-14,,,2024,2
Nate Landman,ATL,LB,16013,weighted,,,,,,,,,,,,,,,,,,,,,,,,,,,,,,,,,,,,,,,,,,,,,3.9333704735376,1.27597372310804,,,0.0149303621169916,0.0143272187262882,0.174651810584958,0.0716360936314408,0.0049767873723305,0.0047757395754293,2022.0,1998-11-19,Q,Calf,2024,2
Daiyan Henley,LAC,LB,16280,weighted,,,,,,,,,,,,,,,,,,,,,,,,,,,,,,,,,,,,,,,,,,,,,3.9491922005571,1.2022963623172,,,0.0149303621169916,0.0143272187262882,0.169675023212628,0.0668603540560114,0.0049767873723305,0.0047757395754293,2023.0,1999-11-18,,,2024,2
K.J. Britt,TB,LB,15449,weighted,,,,,,,,,,,,,,,,,,,,,,,,,,,,,,,,,,,,,,,,,,,,,3.79439182915506,1.36201987446619,,,0.0651624883936862,0.0334301770280057,0.280092850510678,0.0191029583017175,0.0049767873723305,0.0047757395754293,2021.0,1999-06-04,,,2024,2
Derrick Barnes,DET,LB,15409,weighted,,,,,,,,,,,,,,,,,,,,,,,,,,,,,,,,,,,,,,,,,,,,,3.7003156917363,1.47314398152789,,,0.0149303621169916,0.0143272187262882,0.124419684308264,0.119393489385735,0.0049767873723305,0.0047757395754293,2021.0,1999-05-29,,,2024,2
Ernest Jones,TEN,LB,15404,weighted,,,,,,,,,,,,,,,,,,,,,,,,,,,,,,,,,,,,,,,,,,,,,4.01559888579387,1.14740722093475,,,0.0099535747446611,0.0095514791508587,0.360649953574745,0.133720708112023,0.0049767873723305,0.0047757395754293,2021.0,1999-11-22,,,2024,2
Ernest Jones,TEN,LB,15404,weighted,,,,,,,,,,,,,,,,,,,,,,,,,,,,,,,,,,,,,,,,,,,,,4.01559888579387,1.14740722093475,,,0.0099535747446611,0.0095514791508587,0.360649953574745,0.133720708112023,0.0049767873723305,0.0047757395754293,2021.0,2004-06-08,,,2024,2
Pete Werner,NO,LB,15387,weighted,,,,,,,,,,,,,,,,,,,,,,,,,,,,,,,,,,,,,,,,,,,,,4.01899721448468,1.09709170394152,,,0.0651624883936862,0.0334301770280057,0.174651810584958,0.0716360936314408,0.0049767873723305,0.0047757395754293,2021.0,1999-06-05,,,2024,2
Mack Wilson,ARI,LB,14169,weighted,,,,,,,,,,,,,,,,,,,,,,,,,,,,,,,,,,,,,,,,,,,,,3.61032497678737,1.12934733043124,,,0.0149303621169916,0.0143272187262882,0.255208913649025,0.0429816561788645,0.0049767873723305,0.0047757395754293,2019.0,1998-02-14,,,2024,2
Ivan Pace,MIN,LB,16383,weighted,,,,,,,,,,,,,,,,,,,,,,,,,,,,,,,,,,,,,,,,,,,,,4.16932219127205,1.16982093679234,,,0.0651624883936862,0.0334301770280057,0.219907149489322,0.0191029583017175,0.0049767873723305,0.0047757395754293,2023.0,2000-12-16,,,2024,2
Jack Campbell,DET,LB,16239,weighted,,,,,,,,,,,,,,,,,,,,,,,,,,,,,,,,,,,,,,,,,,,,,3.71383472609099,0.998566069366818,,,0.0099535747446611,0.0095514791508587,0.159721448467967,0.0573088749051527,0.0049767873723305,0.0047757395754293,2023.0,2000-08-22,,,2024,2
Leo Chenal,KC,LB,15831,weighted,,,,,,,,,,,,,,,,,,,,,,,,,,,,,,,,,,,,,,,,,,,,,3.57104921077066,1.07592742506128,,,0.0099535747446611,0.0095514791508587,0.350696378830084,0.143272187262882,0.0049767873723305,0.0047757395754293,2022.0,2000-10-26,,,2024,2
DeMarvion Overshown,DAL,LB,16283,weighted,,,,,,,,,,,,,,,,,,,,,,,,,,,,,,,,,,,,,,,,,,,,,2.83039925719591,2.04624651678981,,,0.0099535747446611,0.0095514791508587,0.104512534818942,0.100290531084017,0.0049767873723305,0.0047757395754293,2023.0,2000-08-13,,,2024,2
Cody Barton,DEN,LB,14217,weighted,,,,,,,,,,,,,,,,,,,,,,,,,,,,,,,,,,,,,,,,,,,,,3.21271523178808,1.97989898732233,,,0.0,0.0,0.1,1.98041604282243e-17,0.0,0.0,2019.0,1996-11-13,,,2024,2
Elandon Roberts,PIT,LB,12831,weighted,,,,,,,,,,,,,,,,,,,,,,,,,,,,,,,,,,,,,,,,,,,,,3.63629139072848,1.20208152801713,,,0.0,0.0,0.1,1.98041604282243e-17,0.0,0.0,2016.0,1994-04-22,,,2024,2
Jack Gibbens,TEN,LB,16009,weighted,,,,,,,,,,,,,,,,,,,,,,,,,,,,,,,,,,,,,,,,,,,,,3.26512534818942,1.0199301171585,,,0.0601857010213556,0.0382059166034351,0.154744661095636,0.0525331353297233,0.0049767873723305,0.0047757395754293,2022.0,1998-11-24,,,2024,2
Troy Andersen,ATL,LB,15858,weighted,,,,,,,,,,,,,,,,,,,,,,,,,,,,,,,,,,,,,,,,,,,,,3.49008356545961,0.960601832284193,,,0.0049767873723305,0.0047757395754293,0.154744661095636,0.0525331353297233,0.0049767873723305,0.0047757395754293,2022.0,1999-04-23,,,2024,2
Devin White,PHI,LB,14168,weighted,,,,,,,,,,,,,,,,,,,,,,,,,,,,,,,,,,,,,,,,,,,,,2.4158940397351,2.47487373415292,,,0.1,1.98041604282243e-17,0.3,0.0,0.0,0.0,2019.0,1998-02-17,,,2024,2
Micah McFadden,NYG,LB,15890,weighted,,,,,,,,,,,,,,,,,,,,,,,,,,,,,,,,,,,,,,,,,,,,,3.96688741721854,0.707106781186548,,,0.0,0.0,0.2,3.96083208564486e-17,0.0,0.0,2022.0,2000-01-03,,,2024,2
Denzel Perryman,LAC,LB,12238,weighted,,,,,,,,,,,,,,,,,,,,,,,,,,,,,,,,,,,,,,,,,,,,,3.54869080779944,0.871431231888998,,,0.0149303621169916,0.0143272187262882,0.219907149489322,0.0191029583017175,0.0049767873723305,0.0047757395754293,,1992-12-05,,,2024,2
Jack Sanborn,CHI,LB,15975,weighted,,,,,,,,,,,,,,,,,,,,,,,,,,,,,,,,,,,,,,,,,,,,,1.82927152317881,2.33345237791561,,,0.0,0.0,0.0,0.0,0.0,0.0,2022.0,2000-07-29,,,2024,2
Jamin Davis,WAS,LB,15373,weighted,,,,,,,,,,,,,,,,,,,,,,,,,,,,,,,,,,,,,,,,,,,,,1.82609271523179,1.83847763108502,,,0.0,0.0,0.1,1.98041604282243e-17,0.0,0.0,2021.0,1998-12-12,,,2024,2
Damone Clark,DAL,LB,15826,weighted,,,,,,,,,,,,,,,,,,,,,,,,,,,,,,,,,,,,,,,,,,,,,2.5764238410596,0.777817459305202,,,0.0,0.0,0.1,1.98041604282243e-17,0.0,0.0,2022.0,2000-06-28,,,2024,2
Junior Colson,LAC,LB,16665,weighted,,,,,,,,,,,,,,,,,,,,,,,,,,,,,,,,,,,,,,,,,,,,,2.29046357615894,1.48492424049175,,,0.0,0.0,0.2,3.96083208564486e-17,0.0,0.0,2024.0,2002-12-06,,,2024,2
Jamien Sherwood,NYJ,LB,15428,weighted,,,,,,,,,,,,,,,,,,,,,,,,,,,,,,,,,,,,,,,,,,,,,2.03629139072848,1.20208152801713,,,0.0,0.0,0.2,3.96083208564486e-17,0.0,0.0,2021.0,2000-01-12,,,2024,2
Payton Wilson,PIT,LB,16716,weighted,,,,,,,,,,,,,,,,,,,,,,,,,,,,,,,,,,,,,,,,,,,,,2.04331125827815,0.0707106781186548,,,0.0,0.0,0.2,3.96083208564486e-17,0.0,0.0,2024.0,2000-04-21,,,2024,2
SirVocea Dennis,TB,LB,16314,weighted,,,,,,,,,,,,,,,,,,,,,,,,,,,,,,,,,,,,,,,,,,,,,1.82993377483444,0.212132034355964,,,0.0,0.0,0.0,0.0,0.0,0.0,2023.0,2000-03-09,,,2024,2
Willie Gay,NO,LB,14926,weighted,,,,,,,,,,,,,,,,,,,,,,,,,,,,,,,,,,,,,,,,,,,,,1.10635761589404,0.989949493661167,,,0.0,0.0,0.1,1.98041604282243e-17,0.0,0.0,2020.0,1998-02-15,,,2024,2
Edgerrin Cooper,GB,LB,16696,weighted,,,,,,,,,,,,,,,,,,,,,,,,,,,,,,,,,,,,,,,,,,,,,1.23311258278146,0.707106781186548,,,0.0,0.0,0.3,0.0,0.0,0.0,2024.0,2001-11-17,,,2024,2
Owen Pappoe,ARI,LB,16237,weighted,,,,,,,,,,,,,,,,,,,,,,,,,,,,,,,,,,,,,,,,,,,,,1.17324503311258,0.282842712474619,,,0.0,0.0,0.1,1.98041604282243e-17,0.0,0.0,2023.0,2000-09-29,,,2024,2
Eric Wilson,GB,LB,13447,weighted,,,,,,,,,,,,,,,,,,,,,,,,,,,,,,,,,,,,,,,,,,,,,1.34331125827815,0.0707106781186547,,,0.0,0.0,0.0,0.0,0.0,0.0,2017.0,1994-09-26,,,2024,2
Malcolm Rodriguez,DET,LB,15914,weighted,,,,,,,,,,,,,,,,,,,,,,,,,,,,,,,,,,,,,,,,,,,,,1.11655629139073,0.353553390593274,,,0.0,0.0,0.1,1.98041604282243e-17,0.0,0.0,2022.0,1999-03-29,,,2024,2
Malik Harrison,BAL,LB,14891,weighted,,,,,,,,,,,,,,,,,,,,,,,,,,,,,,,,,,,,,,,,,,,,,1.4,0.0,,,0.0,0.0,0.0,0.0,0.0,0.0,2020.0,1998-03-05,,,2024,2
Devin Bush,CLE,LB,14170,weighted,,,,,,,,,,,,,,,,,,,,,,,,,,,,,,,,,,,,,,,,,,,,,1.28662251655629,0.141421356237309,,,0.0,0.0,0.0,0.0,0.0,0.0,2019.0,1998-07-18,,,2024,2
Demetrius Flannigan-Fowles,SF,LB,15117,weighted,,,,,,,,,,,,,,,,,,,,,,,,,,,,,,,,,,,,,,,,,,,,,1.05350993377483,0.565685424949238,,,0.0,0.0,0.2,3.96083208564486e-17,0.0,0.0,2019.0,1996-09-04,,,2024,2
Akeem Davis-Gaither,CIN,LB,14943,weighted,,,,,,,,,,,,,,,,,,,,,,,,,,,,,,,,,,,,,,,,,,,,,1.14013245033113,0.424264068711928,,,0.0,0.0,0.0,0.0,0.0,0.0,2020.0,1997-09-21,,,2024,2
Luke Masterson,LVR,LB,16004,weighted,,,,,,,,,,,,,,,,,,,,,,,,,,,,,,,,,,,,,,,,,,,,,0.746490066225166,0.565685424949238,,,0.0,0.0,0.0,0.0,0.0,0.0,2022.0,1998-01-07,,,2024,2
Marist Liufau,DAL,LB,16707,weighted,,,,,,,,,,,,,,,,,,,,,,,,,,,,,,,,,,,,,,,,,,,,,1.04331125827815,0.0707106781186548,,,0.0,0.0,0.0,0.0,0.0,0.0,2024.0,2001-02-09,,,2024,2
Jaylon Carlies,IND,LB,16738,weighted,,,,,,,,,,,,,,,,,,,,,,,,,,,,,,,,,,,,,,,,,,,,,0.826754966887417,0.282842712474619,,,0.0,0.0,0.0,0.0,0.1,1.98041604282243e-17,2024.0,2001-09-13,,,2024,2
Mykal Walker,WAS,LB,14948,weighted,,,,,,,,,,,,,,,,,,,,,,,,,,,,,,,,,,,,,,,,,,,,,0.673245033112583,0.282842712474619,,,0.0,0.0,0.1,1.98041604282243e-17,0.0,0.0,2020.0,1997-08-28,,,2024,2
Buddy Johnson,DAL,LB,15424,weighted,,,,,,,,,,,,,,,,,,,,,,,,,,,,,,,,,,,,,,,,,,,,,0.510198675496689,0.636396103067893,,,0.0,0.0,0.0,0.0,0.0,0.0,2021.0,1999-02-27,,,2024,2
Nathaniel Watson,CLE,LB,16774,weighted,,,,,,,,,,,,,,,,,,,,,,,,,,,,,,,,,,,,,,,,,,,,,0.526754966887417,0.282842712474619,,,0.0,0.0,0.0,0.0,0.0,0.0,2024.0,2000-09-01,,,2024,2
Jaquan Brisker,CHI,DB,15835,weighted,,,,,,,,,,,,,,,,,,,,,,,,,,,,,,,,,,,,,,,,,,,,,5.68672237697307,1.46065003868155,,,0.0751160631383473,0.0238786978771469,0.365162488393686,0.0334301770280057,0.0049767873723305,0.0047757395754293,2022.0,1999-04-20,,,2024,2
Derwin James,LAC,DB,13714,weighted,,,,,,,,,,,,,,,,,,,,,,,,,,,,,,,,,,,,,,,,,,,,,5.97879294336119,1.20568495085032,,,0.104976787372331,0.0047757395754293,0.419907149489322,0.0191029583017175,0.0049767873723305,0.0047757395754293,2018.0,1996-08-03,,,2024,2
Budda Baker,ARI,DB,13251,weighted,,,,,,,,,,,,,,,,,,,,,,,,,,,,,,,,,,,,,,,,,,,,,5.89977715877437,1.23769904237959,,,0.0900464252553389,0.0095514791508587,0.299535747446611,0.0955147915085878,0.0049767873723305,0.0047757395754293,2017.0,1996-01-10,,,2024,2
Quentin Lake,LAR,DB,15923,weighted,,,,,,,,,,,,,,,,,,,,,,,,,,,,,,,,,,,,,,,,,,,,,5.12993500464253,2.14148342153147,,,0.0298607242339833,0.0286544374525763,0.375116063138347,0.023878697877147,0.0049767873723305,0.0047757395754293,2022.0,1999-01-29,Q,Hip,2024,2
Jessie Bates,ATL,DB,13737,weighted,,,,,,,,,,,,,,,,,,,,,,,,,,,,,,,,,,,,,,,,,,,,,5.82375116063138,1.29243418053284,,,0.235301764159703,0.062084614480582,0.595023212627669,0.0047757395754293,0.0601857010213556,0.0382059166034351,2018.0,1997-02-26,,,2024,2
Camryn Bynum,MIN,DB,15418,weighted,,,,,,,,,,,,,,,,,,,,,,,,,,,,,,,,,,,,,,,,,,,,,5.38677808727948,1.4017134150123,,,0.0950232126276695,0.0047757395754293,0.414930362116992,0.0143272187262882,0.0049767873723305,0.0047757395754293,2021.0,1998-07-19,,,2024,2
Reed Blankenship,PHI,DB,16018,weighted,,,,,,,,,,,,,,,,,,,,,,,,,,,,,,,,,,,,,,,,,,,,,5.20893221912721,1.39053615756689,,,0.21041782729805,0.085963312357729,0.495023212627669,0.0047757395754293,0.0049767873723305,0.0047757395754293,2022.0,1999-03-02,,,2024,2
Julian Love,SEA,DB,14179,weighted,,,,,,,,,,,,,,,,,,,,,,,,,,,,,,,,,,,,,,,,,,,,,5.34878365831012,1.22238874993873,,,0.165162488393686,0.0334301770280057,0.595487465181059,0.100290531084017,0.0049767873723305,0.0047757395754293,2019.0,1998-03-19,,,2024,2
Jordan Poyer,MIA,DB,11317,weighted,,,,,,,,,,,,,,,,,,,,,,,,,,,,,,,,,,,,,,,,,,,,,5.30909935004643,1.21530491316507,,,0.134837511606314,0.0334301770280057,0.49455896007428,0.0907390519331584,0.0099535747446611,0.0095514791508587,2013.0,1991-04-25,,,2024,2
Nate Hobbs,LVR,DB,15441,weighted,,,,,,,,,,,,,,,,,,,,,,,,,,,,,,,,,,,,,,,,,,,,,5.02839368616527,1.71596267058446,,,0.0850696378830084,0.0143272187262882,0.435301764159703,0.062084614480582,0.0049767873723305,0.0047757395754293,2021.0,1999-06-24,,,2024,2
Minkah Fitzpatrick,PIT,DB,13713,weighted,,,,,,,,,,,,,,,,,,,,,,,,,,,,,,,,,,,,,,,,,,,,,5.21203342618384,1.26098906830112,,,0.180092850510678,0.0191029583017176,0.529860724233983,0.0286544374525764,0.0049767873723305,0.0047757395754293,2018.0,1996-11-17,,,2024,2
Brian Branch,DET,DB,16244,weighted,,,,,,,,,,,,,,,,,,,,,,,,,,,,,,,,,,,,,,,,,,,,,4.82974930362117,1.61940160557809,,,0.170139275766017,0.0286544374525763,0.806369545032498,0.281768634950334,0.0049767873723305,0.0047757395754293,2023.0,2001-10-22,,,2024,2
Kamren Curl,LAR,DB,15001,weighted,,,,,,,,,,,,,,,,,,,,,,,,,,,,,,,,,,,,,,,,,,,,,5.10300835654596,1.30335486127926,,,0.0800928505106778,0.0191029583017176,0.475580315691736,0.119393489385735,0.0049767873723305,0.0047757395754293,2020.0,1999-03-03,,,2024,2
Donovan Wilson,DAL,DB,14283,weighted,,,,,,,,,,,,,,,,,,,,,,,,,,,,,,,,,,,,,,,,,,,,,4.85114206128134,1.56332601541959,,,0.0850696378830084,0.0143272187262882,0.284605385329619,0.0811875727822996,0.0049767873723305,0.0047757395754293,2019.0,1970-01-01,,,2024,2
Taylor Rapp,BUF,DB,14186,weighted,,,,,,,,,,,,,,,,,,,,,,,,,,,,,,,,,,,,,,,,,,,,,5.03935004642526,1.28723103798462,,,0.155208913649025,0.0429816561788645,0.625812441968431,0.167150885140029,0.0049767873723305,0.0047757395754293,2019.0,1970-01-01,,,2024,2
Kevin Byard,CHI,DB,12752,weighted,,,,,,,,,,,,,,,,,,,,,,,,,,,,,,,,,,,,,,,,,,,,,4.9452739090065,1.36909128862818,,,0.104976787372331,0.0047757395754293,0.374651810584958,0.0716360936314408,0.0049767873723305,0.0047757395754293,2016.0,1993-08-17,,,2024,2
Grant Delpit,CLE,DB,14907,weighted,,,,,,,,,,,,,,,,,,,,,,,,,,,,,,,,,,,,,,,,,,,,,5.06079851439183,1.19845228193025,,,0.160185701021356,0.0382059166034351,0.429860724233983,0.0286544374525763,0.0049767873723305,0.0047757395754293,2020.0,1998-09-20,,,2024,2
Antonio Johnson,JAC,DB,16246,weighted,,,,,,,,,,,,,,,,,,,,,,,,,,,,,,,,,,,,,,,,,,,,,5.09760445682451,1.12412697352018,,,0.175116063138347,0.0238786978771469,0.71585886722377,0.176702364290887,0.0099535747446611,0.0095514791508587,2023.0,2001-10-29,,,2024,2
Cam Lewis,BUF,DB,15140,weighted,,,,,,,,,,,,,,,,,,,,,,,,,,,,,,,,,,,,,,,,,,,,,5.26296,1.42128463018496,,,0.06,0.0,0.33,0.0,0.01,0.0,2019.0,1997-04-13,,,2024,2
Tyler Nubin,NYG,DB,16679,weighted,,,,,,,,,,,,,,,,,,,,,,,,,,,,,,,,,,,,,,,,,,,,,4.06833797585887,2.29610006685526,,,0.0597214484679666,0.0573088749051527,0.324419684308264,0.119393489385735,0.0049767873723305,0.0047757395754293,2024.0,2001-06-14,,,2024,2
Jordan Whitehead,TB,DB,13760,weighted,,,,,,,,,,,,,,,,,,,,,,,,,,,,,,,,,,,,,,,,,,,,,4.9458495821727,1.17052307971699,,,0.119907149489322,0.0191029583017176,0.509953574744661,0.0095514791508587,0.0049767873723305,0.0047757395754293,2018.0,1997-03-18,,,2024,2
Xavier McKinney,GB,DB,14908,weighted,,,,,,,,,,,,,,,,,,,,,,,,,,,,,,,,,,,,,,,,,,,,,4.89151346332405,1.19717722894156,,,0.165162488393686,0.0334301770280057,0.495023212627669,0.0047757395754293,0.0049767873723305,0.0047757395754293,2020.0,1999-08-09,,,2024,2
Nick Cross,IND,DB,15839,weighted,,,,,,,,,,,,,,,,,,,,,,,,,,,,,,,,,,,,,,,,,,,,,4.87316620241411,1.18782213625528,,,0.2,0.0,0.619907149489322,0.0191029583017176,0.0099535747446611,0.0095514791508587,2022.0,2001-09-10,,,2024,2
Justin Reid,KC,DB,13717,weighted,,,,,,,,,,,,,,,,,,,,,,,,,,,,,,,,,,,,,,,,,,,,,5.23756731662024,1.16994808148192,,,0.1,0.0,0.299535747446611,0.0955147915085878,0.0049767873723305,0.0047757395754293,2018.0,1997-02-15,,,2024,2
Justin Reid,KC,DB,13717,weighted,,,,,,,,,,,,,,,,,,,,,,,,,,,,,,,,,,,,,,,,,,,,,5.23756731662024,1.16994808148192,,,0.1,0.0,0.299535747446611,0.0955147915085878,0.0049767873723305,0.0047757395754293,2018.0,2002-05-24,,,2024,2
Jevon Holland,MIA,DB,15366,weighted,,,,,,,,,,,,,,,,,,,,,,,,,,,,,,,,,,,,,,,,,,,,,4.75816155988858,1.21913554986065,,,0.114930362116992,0.0143272187262882,0.545255338904364,0.0525331353297233,0.0552089136490251,0.0429816561788645,2021.0,2000-03-03,,,2024,2
Daxton Hill,CIN,DB,15836,weighted,,,,,,,,,,,,,,,,,,,,,,,,,,,,,,,,,,,,,,,,,,,,,4.86319405756732,1.25759098958489,,,0.0850696378830084,0.0143272187262882,0.525812441968431,0.167150885140029,0.0049767873723305,0.0047757395754293,2022.0,2000-09-29,,,2024,2
Jimmie Ward,HOU,DB,11768,weighted,,,,,,,,,,,,,,,,,,,,,,,,,,,,,,,,,,,,,,,,,,,,,4.83429897864438,1.11466357445805,,,0.150232126276695,0.0477573957542939,0.51041782729805,0.085963312357729,0.0049767873723305,0.0047757395754293,2014.0,1991-07-18,,,2024,2
Kyle Dugger,NE,DB,14921,weighted,,,,,,,,,,,,,,,,,,,,,,,,,,,,,,,,,,,,,,,,,,,,,4.46397400185701,1.5037757539513,,,0.129860724233983,0.0286544374525763,0.519907149489322,0.0191029583017176,0.0552089136490251,0.0429816561788645,2020.0,1996-03-22,Q,Ankle,2024,2
Amani Hooker,TEN,DB,14182,weighted,,,,,,,,,,,,,,,,,,,,,,,,,,,,,,,,,,,,,,,,,,,,,4.91647168059424,1.03101182141052,,,0.0850696378830084,0.0143272187262882,0.430324976787372,0.0668603540560114,0.0049767873723305,0.0047757395754293,2019.0,1998-06-14,,,2024,2
Vonn Bell,CIN,DB,12718,weighted,,,,,,,,,,,,,,,,,,,,,,,,,,,,,,,,,,,,,,,,,,,,,4.51285051067781,1.22072944431909,,,0.0751160631383473,0.0238786978771469,0.3,0.0,0.0049767873723305,0.0047757395754293,2016.0,1994-12-12,,,2024,2
Tyrique Stevenson,CHI,DB,16267,weighted,,,,,,,,,,,,,,,,,,,,,,,,,,,,,,,,,,,,,,,,,,,,,4.55675023212628,1.3431645512489,,,0.20544103992572,0.0907390519331584,0.676044568245125,0.214908280894322,0.0552089136490251,0.0429816561788645,2023.0,2000-05-26,,,2024,2
Javon Bullard,GB,DB,16677,weighted,,,,,,,,,,,,,,,,,,,,,,,,,,,,,,,,,,,,,,,,,,,,,4.69842154131848,1.04714154075705,,,0.104976787372331,0.0047757395754293,0.419907149489322,0.0191029583017175,0.0049767873723305,0.0047757395754293,2024.0,2002-09-05,,,2024,2
Josh Metellus,MIN,DB,14995,weighted,,,,,,,,,,,,,,,,,,,,,,,,,,,,,,,,,,,,,,,,,,,,,4.51630454967502,1.14056790904487,,,0.0348375116063138,0.0334301770280057,0.324883936861653,0.0238786978771469,0.0049767873723305,0.0047757395754293,2020.0,1998-01-21,,,2024,2
Chuck Clark,NYJ,DB,13322,weighted,,,,,,,,,,,,,,,,,,,,,,,,,,,,,,,,,,,,,,,,,,,,,4.52233983286908,1.0921551920208,,,0.140278551532033,0.0573088749051527,0.535766016713092,0.15759940598917,0.0049767873723305,0.0047757395754293,2017.0,1995-04-19,,,2024,2
Mike Sainristil,WAS,DB,16698,weighted,,,,,,,,,,,,,,,,,,,,,,,,,,,,,,,,,,,,,,,,,,,,,4.09205199628598,1.75599174780886,,,0.054744661095636,0.0525331353297233,0.354744661095636,0.0525331353297233,0.0049767873723305,0.0047757395754293,2024.0,2000-10-03,,,2024,2
Jartavius Martin,WAS,DB,16263,weighted,,,,,,,,,,,,,,,,,,,,,,,,,,,,,,,,,,,,,,,,,,,,,4.24350974930362,1.37324689687581,,,0.134837511606314,0.0334301770280057,0.424419684308264,0.119393489385735,0.0099535747446611,0.0095514791508587,2023.0,2000-04-17,Q,Hamstring,2024,2
Jamel Dean,TB,DB,14219,weighted,,,,,,,,,,,,,,,,,,,,,,,,,,,,,,,,,,,,,,,,,,,,,4.59026926648097,0.99201908826346,,,0.119907149489322,0.0191029583017176,0.454744661095636,0.0525331353297233,0.0049767873723305,0.0047757395754293,2019.0,1996-10-15,,,2024,2
Jalen Pitre,HOU,DB,15850,weighted,,,,,,,,,,,,,,,,,,,,,,,,,,,,,,,,,,,,,,,,,,,,,4.60679665738162,1.2023089029942,,,0.054744661095636,0.0525331353297233,0.419907149489322,0.0191029583017175,0.0049767873723305,0.0047757395754293,2022.0,1999-06-03,,,2024,2
P.J. Locke,DEN,DB,15094,weighted,,,,,,,,,,,,,,,,,,,,,,,,,,,,,,,,,,,,,,,,,,,,,4.2525348189415,1.2860850612065,,,0.104976787372331,0.0047757395754293,0.51041782729805,0.085963312357729,0.0049767873723305,0.0047757395754293,2019.0,1997-02-12,,,2024,2
Rayshawn Jenkins,SEA,DB,13288,weighted,,,,,,,,,,,,,,,,,,,,,,,,,,,,,,,,,,,,,,,,,,,,,4.72935933147632,0.94708095232202,,,0.1,0.0,0.450232126276695,0.0477573957542939,0.0049767873723305,0.0047757395754293,2017.0,1994-01-25,,,2024,2
Tony Adams,NYJ,DB,16014,weighted,,,,,,,,,,,,,,,,,,,,,,,,,,,,,,,,,,,,,,,,,,,,,4.52321262766945,0.985797378982849,,,0.175116063138347,0.0238786978771469,0.555208913649025,0.0429816561788645,0.0049767873723305,0.0047757395754293,2022.0,1999-01-24,,,2024,2
Harrison Smith,MIN,DB,10783,weighted,,,,,,,,,,,,,,,,,,,,,,,,,,,,,,,,,,,,,,,,,,,,,4.26794800371402,1.2218930274468,,,0.124883936861653,0.0238786978771469,0.454744661095636,0.0525331353297233,0.0049767873723305,0.0047757395754293,2012.0,1989-02-02,Q,Hip,2024,2
Riley Moss,DEN,DB,16279,weighted,,,,,,,,,,,,,,,,,,,,,,,,,,,,,,,,,,,,,,,,,,,,,4.44490250696379,1.09273104512695,,,0.0597214484679666,0.0573088749051527,0.274187558031569,0.167150885140029,0.0049767873723305,0.0047757395754293,2023.0,2000-03-03,,,2024,2
Devon Witherspoon,SEA,DB,16241,weighted,,,,,,,,,,,,,,,,,,,,,,,,,,,,,,,,,,,,,,,,,,,,,4.55779015784587,0.929460106571433,,,0.0348375116063138,0.0334301770280057,0.621299907149489,0.267441416224046,0.0049767873723305,0.0047757395754293,2023.0,2000-12-11,,,2024,2
Jalen Thompson,ARI,DB,14518,weighted,,,,,,,,,,,,,,,,,,,,,,,,,,,,,,,,,,,,,,,,,,,,,4.72085422469824,0.891233656494693,,,0.170139275766017,0.0286544374525763,0.600464252553389,0.0955147915085877,0.0049767873723305,0.0047757395754293,2019.0,1998-07-18,,,2024,2
George Odum,SF,DB,13939,weighted,,,,,,,,,,,,,,,,,,,,,,,,,,,,,,,,,,,,,,,,,,,,,3.07338904363974,2.49611480199721,,,0.0646982358402971,0.062084614480582,0.233909006499536,0.224459760045181,0.0049767873723305,0.0047757395754293,2018.0,1993-11-03,,,2024,2
Chauncey Gardner-Johnson,PHI,DB,14224,weighted,,,,,,,,,,,,,,,,,,,,,,,,,,,,,,,,,,,,,,,,,,,,,4.53569173630455,0.894913363638987,,,0.160185701021356,0.0382059166034351,0.429860724233983,0.0286544374525763,0.0049767873723305,0.0047757395754293,2019.0,1997-12-20,,,2024,2
Xavier Woods,CAR,DB,13325,weighted,,,,,,,,,,,,,,,,,,,,,,,,,,,,,,,,,,,,,,,,,,,,,4.21671309192201,1.13015350710061,,,0.145255338904364,0.0525331353297233,0.500464252553389,0.0955147915085877,0.0049767873723305,0.0047757395754293,2017.0,1995-07-26,,,2024,2
Darnell Savage,JAC,DB,14197,weighted,,,,,,,,,,,,,,,,,,,,,,,,,,,,,,,,,,,,,,,,,,,,,3.97637333333333,1.93747258045114,,,0.12,0.0,0.44,7.93006376302522e-17,0.01,0.0,2019.0,,O,Quadriceps,2024,2
Jordan Fuller,CAR,DB,14991,weighted,,,,,,,,,,,,,,,,,,,,,,,,,,,,,,,,,,,,,,,,,,,,,4.3655896007428,0.949845671608081,,,0.114930362116992,0.0143272187262882,0.535301764159703,0.062084614480582,0.0049767873723305,0.0047757395754293,2020.0,1998-03-04,,,2024,2
Jeremy Chinn,WAS,DB,14927,weighted,,,,,,,,,,,,,,,,,,,,,,,,,,,,,,,,,,,,,,,,,,,,,3.93114206128134,1.34046613607827,,,0.0348375116063138,0.0334301770280057,0.420371402042711,0.0764118332068702,0.0049767873723305,0.0047757395754293,2020.0,1998-02-26,,,2024,2
Kyler Gordon,CHI,DB,15852,weighted,,,,,,,,,,,,,,,,,,,,,,,,,,,,,,,,,,,,,,,,,,,,,4.15721448467967,1.24776373034881,,,0.0850696378830084,0.0143272187262882,0.324883936861653,0.0238786978771469,0.0049767873723305,0.0047757395754293,2022.0,1999-12-17,,,2024,2
Kenny Moore,IND,DB,13470,weighted,,,,,,,,,,,,,,,,,,,,,,,,,,,,,,,,,,,,,,,,,,,,,4.14824512534819,1.23306899776653,,,0.169675023212628,0.0668603540560114,0.443862581244197,0.23401123919604,0.0099535747446611,0.0095514791508587,2017.0,1995-08-23,,,2024,2
Ji'Ayir Brown,SF,DB,16281,weighted,,,,,,,,,,,,,,,,,,,,,,,,,,,,,,,,,,,,,,,,,,,,,4.4938904363974,0.818293508053452,,,0.180092850510678,0.0191029583017176,0.519907149489322,0.0191029583017176,0.0049767873723305,0.0047757395754293,2023.0,2000-01-25,,,2024,2
Bryan Cook,KC,DB,15860,weighted,,,,,,,,,,,,,,,,,,,,,,,,,,,,,,,,,,,,,,,,,,,,,4.41597028783658,1.14038537116927,,,0.109953574744661,0.0095514791508587,0.470139275766017,0.0286544374525763,0.0049767873723305,0.0047757395754293,2022.0,1999-09-07,,,2024,2
Kyle Hamilton,BAL,DB,15834,weighted,,,,,,,,,,,,,,,,,,,,,,,,,,,,,,,,,,,,,,,,,,,,,4.16893221912721,0.96647922055585,,,0.150232126276695,0.0477573957542939,0.495487465181059,0.100290531084017,0.0049767873723305,0.0047757395754293,2022.0,2001-03-16,,,2024,2
Kerby Joseph,DET,DB,15871,weighted,,,,,,,,,,,,,,,,,,,,,,,,,,,,,,,,,,,,,,,,,,,,,4.12321262766945,0.985797378982848,,,0.300464252553389,0.0955147915085878,0.70544103992572,0.0907390519331584,0.0099535747446611,0.0095514791508587,2022.0,2000-11-14,Q,Hamstring,2024,2
Deommodore Lenoir,SF,DB,15445,weighted,,,,,,,,,,,,,,,,,,,,,,,,,,,,,,,,,,,,,,,,,,,,,4.07602599814299,1.21326006459329,,,0.109953574744661,0.0095514791508587,0.575580315691736,0.119393489385735,0.0049767873723305,0.0047757395754293,2021.0,1999-10-06,,,2024,2
Quandre Diggs,TEN,DB,12349,weighted,,,,,,,,,,,,,,,,,,,,,,,,,,,,,,,,,,,,,,,,,,,,,3.79708449396472,1.23284704499038,,,0.0950232126276695,0.0047757395754293,0.339814298978644,0.0382059166034351,0.0049767873723305,0.0047757395754293,2015.0,1991-11-07,,,2024,2
Paulson Adebo,NO,DB,15394,weighted,,,,,,,,,,,,,,,,,,,,,,,,,,,,,,,,,,,,,,,,,,,,,4.51311049210771,0.672116536538787,,,0.165162488393686,0.0334301770280057,0.741207056638811,0.248338457922328,0.0049767873723305,0.0047757395754293,2021.0,1999-07-03,,,2024,2
Justin Simmons,ATL,DB,12767,weighted,,,,,,,,,,,,,,,,,,,,,,,,,,,,,,,,,,,,,,,,,,,,,4.45426183844011,0.969756852555081,,,0.154744661095636,0.0525331353297233,0.614930362116992,0.0143272187262882,0.0099535747446611,0.0095514791508587,2016.0,1993-11-19,,,2024,2
Jabrill Peppers,NE,DB,13231,weighted,,,,,,,,,,,,,,,,,,,,,,,,,,,,,,,,,,,,,,,,,,,,,4.01459610027855,1.032793138367,,,0.1,0.0,0.4,0.0,0.0049767873723305,0.0047757395754293,2017.0,1995-10-04,,,2024,2
Damar Hamlin,BUF,DB,15469,weighted,,,,,,,,,,,,,,,,,,,,,,,,,,,,,,,,,,,,,,,,,,,,,4.22115134633241,0.825047446349792,,,0.0850696378830084,0.0143272187262882,0.370139275766017,0.0286544374525763,0.0049767873723305,0.0047757395754293,2021.0,1998-03-24,,,2024,2
Quinyon Mitchell,PHI,DB,16690,weighted,,,,,,,,,,,,,,,,,,,,,,,,,,,,,,,,,,,,,,,,,,,,,3.76014856081708,1.38074678873083,,,0.0298607242339833,0.0286544374525763,0.40544103992572,0.0907390519331584,0.0049767873723305,0.0047757395754293,2024.0,2001-07-18,,,2024,2
Trevon Moehrig,LVR,DB,15365,weighted,,,,,,,,,,,,,,,,,,,,,,,,,,,,,,,,,,,,,,,,,,,,,3.8047539461467,1.10799930045683,,,0.1,0.0,0.349767873723305,0.0477573957542939,0.0049767873723305,0.0047757395754293,2021.0,1999-06-16,,,2024,2
Kendall Fuller,MIA,DB,12714,weighted,,,,,,,,,,,,,,,,,,,,,,,,,,,,,,,,,,,,,,,,,,,,,3.948356545961,1.0053496020587,,,0.119907149489322,0.0191029583017176,0.5,0.0,0.0049767873723305,0.0047757395754293,2016.0,1995-02-13,,,2024,2
Alohi Gilman,LAC,DB,14982,weighted,,,,,,,,,,,,,,,,,,,,,,,,,,,,,,,,,,,,,,,,,,,,,3.35940575673166,1.43081448149511,,,0.109953574744661,0.0095514791508587,0.475116063138347,0.0238786978771469,0.0049767873723305,0.0047757395754293,2020.0,1997-09-17,D,Knee,2024,2
Marcus Williams,BAL,DB,13253,weighted,,,,,,,,,,,,,,,,,,,,,,,,,,,,,,,,,,,,,,,,,,,,,3.89624883936862,1.00315179394286,,,0.119907149489322,0.0191029583017176,0.595487465181059,0.100290531084017,0.0049767873723305,0.0047757395754293,2017.0,1996-09-08,,,2024,2
Andre Cisco,JAC,DB,15364,weighted,,,,,,,,,,,,,,,,,,,,,,,,,,,,,,,,,,,,,,,,,,,,,3.60165273909007,1.30036497473733,,,0.180092850510678,0.0191029583017176,0.459721448467967,0.0573088749051527,0.0049767873723305,0.0047757395754293,2021.0,2000-03-23,,,2024,2
Terrion Arnold,DET,DB,16671,weighted,,,,,,,,,,,,,,,,,,,,,,,,,,,,,,,,,,,,,,,,,,,,,4.12196843082637,0.776576428054173,,,0.054744661095636,0.0525331353297233,0.364698235840297,0.062084614480582,0.0049767873723305,0.0047757395754293,2024.0,2003-03-22,,,2024,2
Carlton Davis,DET,DB,13710,weighted,,,,,,,,,,,,,,,,,,,,,,,,,,,,,,,,,,,,,,,,,,,,,3.93123491179201,1.01292580224514,,,0.104976787372331,0.0047757395754293,0.460185701021356,0.0382059166034351,0.0049767873723305,0.0047757395754293,2018.0,1996-12-31,,,2024,2
Cam Taylor-Britt,CIN,DB,15859,weighted,,,,,,,,,,,,,,,,,,,,,,,,,,,,,,,,,,,,,,,,,,,,,4.04969359331476,0.830227291528829,,,0.104976787372331,0.0047757395754293,0.555673166202414,0.138496447687452,0.0049767873723305,0.0047757395754293,2022.0,1999-10-15,,,2024,2
Jaycee Horn,CAR,DB,15361,weighted,,,,,,,,,,,,,,,,,,,,,,,,,,,,,,,,,,,,,,,,,,,,,3.93686165273909,0.891609909107006,,,0.0696750232126277,0.0668603540560114,0.399535747446611,0.0955147915085878,0.0049767873723305,0.0047757395754293,2021.0,1999-11-26,,,2024,2
Marcus Epps,LVR,DB,14270,weighted,,,,,,,,,,,,,,,,,,,,,,,,,,,,,,,,,,,,,,,,,,,,,4.11528319405757,0.805975420002196,,,0.0900464252553389,0.0095514791508587,0.380092850510678,0.0191029583017176,0.0049767873723305,0.0047757395754293,2019.0,1996-01-27,,,2024,2
Will Harris,NO,DB,14213,weighted,,,,,,,,,,,,,,,,,,,,,,,,,,,,,,,,,,,,,,,,,,,,,3.05307335190344,1.97907584459126,,,0.0900464252553389,0.0095514791508587,0.324883936861653,0.0238786978771469,0.0049767873723305,0.0047757395754293,2019.0,,,,2024,2
Deonte Banks,NYG,DB,16255,weighted,,,,,,,,,,,,,,,,,,,,,,,,,,,,,,,,,,,,,,,,,,,,,3.928356545961,0.783734268687245,,,0.109953574744661,0.0095514791508587,0.424883936861653,0.0238786978771469,0.0049767873723305,0.0047757395754293,2023.0,2001-04-03,,,2024,2
Avonte Maddox,PHI,DB,13767,weighted,,,,,,,,,,,,,,,,,,,,,,,,,,,,,,,,,,,,,,,,,,,,,3.10142989786444,1.81133280008496,,,0.0298607242339833,0.0286544374525763,0.209489322191272,0.105066270659447,0.0049767873723305,0.0047757395754293,2018.0,1996-03-31,,,2024,2
L'Jarius Sneed,TEN,DB,14956,weighted,,,,,,,,,,,,,,,,,,,,,,,,,,,,,,,,,,,,,,,,,,,,,3.84066852367688,0.932144444348217,,,0.0850696378830084,0.0143272187262882,0.415394614670381,0.0811875727822996,0.0049767873723305,0.0047757395754293,2020.0,1997-01-21,,,2024,2
Jason Pinnock,NYG,DB,15448,weighted,,,,,,,,,,,,,,,,,,,,,,,,,,,,,,,,,,,,,,,,,,,,,3.79418755803157,0.82588109883809,,,0.200464252553389,0.0955147915085878,0.490510677808728,0.105066270659447,0.0049767873723305,0.0047757395754293,2021.0,1999-06-30,,,2024,2
Michael Jackson,CAR,DB,14252,weighted,,,,,,,,,,,,,,,,,,,,,,,,,,,,,,,,,,,,,,,,,,,,,3.7522191272052,0.929460904926205,,,0.0398142989786444,0.0382059166034351,0.324883936861653,0.0238786978771469,0.0049767873723305,0.0047757395754293,2019.0,1997-01-10,,,2024,2
Jack Jones,LVR,DB,15881,weighted,,,,,,,,,,,,,,,,,,,,,,,,,,,,,,,,,,,,,,,,,,,,,3.56406685236769,1.1944605885905,,,0.129860724233983,0.0286544374525763,0.414466109563603,0.109842010234876,0.0552089136490251,0.0429816561788645,2022.0,1997-12-20,,,2024,2
Roger McCreary,TEN,DB,15849,weighted,,,,,,,,,,,,,,,,,,,,,,,,,,,,,,,,,,,,,,,,,,,,,3.88867223769731,0.732306624387259,,,0.0149303621169916,0.0143272187262882,0.270139275766017,0.0286544374525763,0.0049767873723305,0.0047757395754293,2022.0,2000-02-10,,,2024,2
Geno Stone,CIN,DB,15003,weighted,,,,,,,,,,,,,,,,,,,,,,,,,,,,,,,,,,,,,,,,,,,,,3.67238625812442,0.890034205024515,,,0.170139275766017,0.0286544374525763,0.485069637883008,0.0143272187262882,0.0049767873723305,0.0047757395754293,2020.0,1999-04-19,,,2024,2
John Johnson,LAR,DB,13274,weighted,,,,,,,,,,,,,,,,,,,,,,,,,,,,,,,,,,,,,,,,,,,,,3.5291922005571,0.997063634742652,,,0.20544103992572,0.0907390519331584,0.560649953574745,0.133720708112023,0.0049767873723305,0.0047757395754293,2017.0,1994-01-01,,,2024,2
Kristian Fulton,LAC,DB,14904,weighted,,,,,,,,,,,,,,,,,,,,,,,,,,,,,,,,,,,,,,,,,,,,,3.82237697307335,0.772862680030317,,,0.0497678737233055,0.0477573957542939,0.450232126276695,0.0477573957542939,0.0049767873723305,0.0047757395754293,2020.0,1998-09-03,,,2024,2
DeShon Elliott,PIT,DB,13806,weighted,,,,,,,,,,,,,,,,,,,,,,,,,,,,,,,,,,,,,,,,,,,,,3.6727948003714,0.871599334652126,,,0.130324976787372,0.0668603540560114,0.561114206128134,0.229235499620611,0.0049767873723305,0.0047757395754293,2018.0,1997-04-21,,,2024,2
TreDavious White,LAR,DB,13249,weighted,,,,,,,,,,,,,,,,,,,,,,,,,,,,,,,,,,,,,,,,,,,,,3.53675023212628,1.11811306257665,,,0.124883936861653,0.0238786978771469,0.399535747446611,0.0955147915085878,0.0049767873723305,0.0047757395754293,2017.0,1995-01-16,,,2024,2
Christian Gonzalez,NE,DB,16251,weighted,,,,,,,,,,,,,,,,,,,,,,,,,,,,,,,,,,,,,,,,,,,,,3.87114206128134,0.681760711706003,,,0.0696750232126277,0.0668603540560114,0.434837511606314,0.0334301770280057,0.0049767873723305,0.0047757395754293,2023.0,2002-06-28,,,2024,2
Marcus Jones,NE,DB,15868,weighted,,,,,,,,,,,,,,,,,,,,,,,,,,,,,,,,,,,,,,,,,,,,,3.67021355617456,0.860119859721694,,,0.104976787372331,0.0047757395754293,0.354744661095636,0.0525331353297233,0.0049767873723305,0.0047757395754293,2022.0,1998-10-22,,,2024,2
Sean Bunting,ARI,DB,14199,weighted,,,,,,,,,,,,,,,,,,,,,,,,,,,,,,,,,,,,,,,,,,,,,3.76170844939647,0.753626607093102,,,0.134837511606314,0.0334301770280057,0.469675023212628,0.0668603540560114,0.0049767873723305,0.0047757395754293,2019.0,1997-06-19,,,2024,2
Charvarius Ward,SF,DB,13920,weighted,,,,,,,,,,,,,,,,,,,,,,,,,,,,,,,,,,,,,,,,,,,,,3.92928505106778,0.603901729504796,,,0.155208913649025,0.0429816561788645,0.766555246053853,0.319974551553769,0.0049767873723305,0.0047757395754293,2018.0,1996-05-16,,,2024,2
Jordan Howden,NO,DB,16311,weighted,,,,,,,,,,,,,,,,,,,,,,,,,,,,,,,,,,,,,,,,,,,,,3.50791086350975,0.960313866528177,,,0.195487465181059,0.100290531084017,0.63125348189415,0.257889937073187,0.0049767873723305,0.0047757395754293,2023.0,2000-05-14,,,2024,2
Trent McDuffie,KC,DB,15845,weighted,,,,,,,,,,,,,,,,,,,,,,,,,,,,,,,,,,,,,,,,,,,,,3.87418755803157,0.625498454208361,,,0.0348375116063138,0.0334301770280057,0.510882079851439,0.181478103866317,0.0049767873723305,0.0047757395754293,2022.0,2000-09-13,,,2024,2
Kader Kohou,MIA,DB,16016,weighted,,,,,,,,,,,,,,,,,,,,,,,,,,,,,,,,,,,,,,,,,,,,,3.73398328690808,0.737842483807434,,,0.0298607242339833,0.0286544374525763,0.450696378830084,0.143272187262882,0.0049767873723305,0.0047757395754293,2022.0,1998-11-28,,,2024,2
Darius Slay,PHI,DB,11348,weighted,,,,,,,,,,,,,,,,,,,,,,,,,,,,,,,,,,,,,,,,,,,,,3.64928505106778,0.82186855040532,,,0.124883936861653,0.0238786978771469,0.751160631383473,0.238786978771469,0.0552089136490251,0.0429816561788645,2013.0,1991-01-01,,,2024,2
Jaylen Watson,KC,DB,15950,weighted,,,,,,,,,,,,,,,,,,,,,,,,,,,,,,,,,,,,,,,,,,,,,3.26395543175487,1.47084206105316,,,0.0646982358402971,0.062084614480582,0.374651810584958,0.0716360936314408,0.0049767873723305,0.0047757395754293,2022.0,1998-09-17,,,2024,2
Kamari Lassiter,HOU,DB,16672,weighted,,,,,,,,,,,,,,,,,,,,,,,,,,,,,,,,,,,,,,,,,,,,,3.42818941504178,1.13887532534413,,,0.054744661095636,0.0525331353297233,0.404976787372331,0.0047757395754293,0.0049767873723305,0.0047757395754293,2024.0,2003-01-23,,,2024,2
Brandon Jones,DEN,DB,14910,weighted,,,,,,,,,,,,,,,,,,,,,,,,,,,,,,,,,,,,,,,,,,,,,3.83714020427112,0.767280015115234,,,0.0950232126276695,0.0047757395754293,0.334837511606314,0.0334301770280057,0.0049767873723305,0.0047757395754293,2020.0,1998-04-02,,,2024,2
Jaire Alexander,GB,DB,13730,weighted,,,,,,,,,,,,,,,,,,,,,,,,,,,,,,,,,,,,,,,,,,,,,3.68011142061281,0.69847411243352,,,0.165162488393686,0.0334301770280057,0.585533890436397,0.109842010234876,0.0049767873723305,0.0047757395754293,2018.0,1997-02-09,,,2024,2
Jourdan Lewis,DAL,DB,13227,weighted,,,,,,,,,,,,,,,,,,,,,,,,,,,,,,,,,,,,,,,,,,,,,3.43422469823584,1.0177952284081,,,0.0398142989786444,0.0382059166034351,0.269675023212628,0.0668603540560114,0.0049767873723305,0.0047757395754293,2017.0,1995-08-31,,,2024,2
Keisean Nixon,GB,DB,14669,weighted,,,,,,,,,,,,,,,,,,,,,,,,,,,,,,,,,,,,,,,,,,,,,3.64376973073352,0.720565773153785,,,0.0751160631383473,0.0238786978771469,0.290046425255339,0.0095514791508587,0.0049767873723305,0.0047757395754293,2019.0,1997-06-22,,,2024,2
Ronald Darby,JAC,DB,12276,weighted,,,,,,,,,,,,,,,,,,,,,,,,,,,,,,,,,,,,,,,,,,,,,3.44623955431755,0.919070736832675,,,0.1,0.0,0.445255338904364,0.0525331353297233,0.0049767873723305,0.0047757395754293,2015.0,1994-01-02,,,2024,2
Christian Benford,BUF,DB,15913,weighted,,,,,,,,,,,,,,,,,,,,,,,,,,,,,,,,,,,,,,,,,,,,,3.57407613741876,0.779001375620185,,,0.150232126276695,0.0477573957542939,0.500464252553389,0.0955147915085877,0.0049767873723305,0.0047757395754293,2022.0,2000-09-21,,,2024,2
Byron Murphy,MIN,DB,14180,weighted,,,,,,,,,,,,,,,,,,,,,,,,,,,,,,,,,,,,,,,,,,,,,3.42191272051996,0.864660611053634,,,0.135301764159703,0.062084614480582,0.51585886722377,0.176702364290887,0.0049767873723305,0.0047757395754293,2019.0,1998-01-18,,,2024,2
Brandon Stephens,BAL,DB,15405,weighted,,,,,,,,,,,,,,,,,,,,,,,,,,,,,,,,,,,,,,,,,,,,,3.67160631383473,0.595535592291315,,,0.0800928505106778,0.0191029583017176,0.355208913649025,0.0429816561788645,0.0049767873723305,0.0047757395754293,2021.0,1997-12-29,,,2024,2
Trevon Diggs,DAL,DB,14903,weighted,,,,,,,,,,,,,,,,,,,,,,,,,,,,,,,,,,,,,,,,,,,,,3.48269266480966,0.721040368627455,,,0.195023212627669,0.0047757395754293,0.595023212627669,0.0047757395754293,0.0049767873723305,0.0047757395754293,2020.0,1998-09-20,,,2024,2
Martin Emerson,CLE,DB,15862,weighted,,,,,,,,,,,,,,,,,,,,,,,,,,,,,,,,,,,,,,,,,,,,,3.55619312906221,0.653926288168474,,,0.1,0.0,0.590974930362117,0.200581062168034,0.0049767873723305,0.0047757395754293,2022.0,2000-09-27,,,2024,2
D.J. Reed,NYJ,DB,13774,weighted,,,,,,,,,,,,,,,,,,,,,,,,,,,,,,,,,,,,,,,,,,,,,3.78748375116063,0.462874725201583,,,0.0398142989786444,0.0382059166034351,0.425348189415042,0.0716360936314408,0.0049767873723305,0.0047757395754293,2018.0,1996-11-11,Q,Knee,2024,2
Ronnie Hickman,CLE,DB,16460,weighted,,,,,,,,,,,,,,,,,,,,,,,,,,,,,,,,,,,,,,,,,,,,,2.77985143918292,1.34275325115401,,,0.0497678737233055,0.0477573957542939,0.29455896007428,0.0907390519331584,0.0049767873723305,0.0047757395754293,2023.0,2001-10-11,,,2024,2
Benjamin St-Juste,WAS,DB,15392,weighted,,,,,,,,,,,,,,,,,,,,,,,,,,,,,,,,,,,,,,,,,,,,,3.63831012070566,0.558153675263144,,,0.0447910863509749,0.0429816561788645,0.726740947075209,0.358180468157204,0.0049767873723305,0.0047757395754293,2021.0,1997-09-08,,,2024,2
Mike Hilton,CIN,DB,13414,weighted,,,,,,,,,,,,,,,,,,,,,,,,,,,,,,,,,,,,,,,,,,,,,3.50150417827298,0.65167743063963,,,0.0800928505106778,0.0191029583017176,0.355208913649025,0.0429816561788645,0.0049767873723305,0.0047757395754293,2016.0,1994-03-09,,,2024,2
Alontae Taylor,NO,DB,15856,weighted,,,,,,,,,,,,,,,,,,,,,,,,,,,,,,,,,,,,,,,,,,,,,3.63795728876509,0.606911474393651,,,0.130324976787372,0.0668603540560114,0.495951717734448,0.195805322592605,0.0049767873723305,0.0047757395754293,2022.0,1998-12-03,,,2024,2
Starling Thomas,ARI,DB,16519,weighted,,,,,,,,,,,,,,,,,,,,,,,,,,,,,,,,,,,,,,,,,,,,,3.37108635097493,0.773681402519886,,,0.0398142989786444,0.0382059166034351,0.319907149489322,0.0191029583017176,0.0049767873723305,0.0047757395754293,2023.0,2000-01-25,,,2024,2
Malik Hooker,DAL,DB,13228,weighted,,,,,,,,,,,,,,,,,,,,,,,,,,,,,,,,,,,,,,,,,,,,,3.21552460538533,0.853156158852412,,,0.150232126276695,0.0477573957542939,0.4,0.0,0.0049767873723305,0.0047757395754293,2017.0,1996-04-02,,,2024,2
Donte Jackson,PIT,DB,13738,weighted,,,,,,,,,,,,,,,,,,,,,,,,,,,,,,,,,,,,,,,,,,,,,3.29541318477252,0.831675888843848,,,0.180092850510678,0.0191029583017176,0.560185701021356,0.0382059166034351,0.0049767873723305,0.0047757395754293,2018.0,1995-11-08,,,2024,2
Patrick Surtain II,DEN,DB,15362,weighted,,,,,,,,,,,,,,,,,,,,,,,,,,,,,,,,,,,,,,,,,,,,,3.50794800371402,0.580212171629905,,,0.119907149489322,0.0191029583017176,0.540278551532034,0.0573088749051527,0.0049767873723305,0.0047757395754293,2021.0,2000-04-14,,,2024,2
Rasul Douglas,BUF,DB,13281,weighted,,,,,,,,,,,,,,,,,,,,,,,,,,,,,,,,,,,,,,,,,,,,,3.54170844939647,0.539433254173979,,,0.175116063138347,0.0238786978771469,0.590510677808728,0.105066270659447,0.0049767873723305,0.0047757395754293,2017.0,1994-08-29,,,2024,2
Tyrann Mathieu,NO,DB,11313,weighted,,,,,,,,,,,,,,,,,,,,,,,,,,,,,,,,,,,,,,,,,,,,,3.64152274837512,0.743958743970337,,,0.230324976787372,0.0668603540560114,0.655673166202414,0.138496447687452,0.0049767873723305,0.0047757395754293,2013.0,1992-05-13,,,2024,2
Stephon Gilmore,MIN,DB,10789,weighted,,,,,,,,,,,,,,,,,,,,,,,,,,,,,,,,,,,,,,,,,,,,,3.57171773444754,0.544310053741393,,,0.0746518105849582,0.0716360936314408,0.5,0.0,0.0049767873723305,0.0047757395754293,2012.0,1990-09-19,,,2024,2
Jaylon Jones,IND,DB,16350,weighted,,,,,,,,,,,,,,,,,,,,,,,,,,,,,,,,,,,,,,,,,,,,,3.77707241910632,0.537401153701776,,,0.059537750385208,0.0848528137423857,0.364499229583975,0.0919238815542512,0.0049614791987673,0.0070710678118654,2023.0,2002-04-03,,,2024,2
Tykee Smith,TB,DB,16708,weighted,,,,,,,,,,,,,,,,,,,,,,,,,,,,,,,,,,,,,,,,,,,,,3.11634168987929,0.86744804020016,,,0.0398142989786444,0.0382059166034351,0.425348189415042,0.0716360936314408,0.0049767873723305,0.0047757395754293,2024.0,2001-02-18,Q,Illness,2024,2
Caelen Carson,DAL,DB,16753,weighted,,,,,,,,,,,,,,,,,,,,,,,,,,,,,,,,,,,,,,,,,,,,,3.16809656453111,0.768365893472348,,,0.0850696378830084,0.0143272187262882,0.41041782729805,0.085963312357729,0.0049767873723305,0.0047757395754293,2024.0,2002-03-03,,,2024,2
Asante Samuel,LAC,DB,15384,weighted,,,,,,,,,,,,,,,,,,,,,,,,,,,,,,,,,,,,,,,,,,,,,3.41140204271124,0.507689180965801,,,0.124883936861653,0.0238786978771469,0.600464252553389,0.0955147915085877,0.0049767873723305,0.0047757395754293,2021.0,1999-10-03,,,2024,2
Derek Stingley Jr.,HOU,DB,15832,weighted,,,,,,,,,,,,,,,,,,,,,,,,,,,,,,,,,,,,,,,,,,,,,3.37207056638812,0.512614637071081,,,0.185069637883008,0.0143272187262882,0.615394614670381,0.0811875727822996,0.0049767873723305,0.0047757395754293,2022.0,2001-06-20,,,2024,2
Greg Newsome,CLE,DB,15375,weighted,,,,,,,,,,,,,,,,,,,,,,,,,,,,,,,,,,,,,,,,,,,,,3.01041782729805,0.751154398132997,,,0.0751160631383473,0.0238786978771469,0.586462395543175,0.300871593252051,0.0049767873723305,0.0047757395754293,2021.0,2000-05-18,,,2024,2
Mike Hughes,ATL,DB,13731,weighted,,,,,,,,,,,,,,,,,,,,,,,,,,,,,,,,,,,,,,,,,,,,,3.49099350046425,0.41613169822043,,,0.0348375116063138,0.0334301770280057,0.259721448467967,0.0573088749051527,0.0049767873723305,0.0047757395754293,2018.0,1997-02-11,,,2024,2
Ja'Quan McMillian,DEN,DB,16145,weighted,,,,,,,,,,,,,,,,,,,,,,,,,,,,,,,,,,,,,,,,,,,,,2.98345403899721,0.811386970483166,,,0.0950232126276695,0.0047757395754293,0.274651810584958,0.0716360936314408,0.0049767873723305,0.0047757395754293,2022.0,2000-06-04,,,2024,2
Decobie Durant,LAR,DB,15888,weighted,,,,,,,,,,,,,,,,,,,,,,,,,,,,,,,,,,,,,,,,,,,,,2.86839368616527,1.04937143947977,,,0.054744661095636,0.0525331353297233,0.500464252553389,0.0955147915085877,0.0049767873723305,0.0047757395754293,2022.0,1998-02-09,Q,Toe,2024,2
Tariq Woolen,SEA,DB,15894,weighted,,,,,,,,,,,,,,,,,,,,,,,,,,,,,,,,,,,,,,,,,,,,,3.00185701021356,0.747195137517911,,,0.180092850510678,0.0191029583017176,0.700928505106778,0.191029583017176,0.0049767873723305,0.0047757395754293,2022.0,1999-05-02,,,2024,2
Ahmad Gardner,NYJ,DB,15833,weighted,,,,,,,,,,,,,,,,,,,,,,,,,,,,,,,,,,,,,,,,,,,,,3.06597957288765,0.686097647978589,,,0.0447910863509749,0.0429816561788645,0.525812441968431,0.167150885140029,0.0049767873723305,0.0047757395754293,2022.0,2001-08-31,,,2024,2
Elijah Molden,LAC,DB,15402,weighted,,,,,,,,,,,,,,,,,,,,,,,,,,,,,,,,,,,,,,,,,,,,,3.02039735099338,1.27279220613579,,,0.1,1.98041604282243e-17,0.2,3.96083208564486e-17,0.1,1.98041604282243e-17,2021.0,1999-01-30,,,2024,2
Denzel Ward,CLE,DB,13707,weighted,,,,,,,,,,,,,,,,,,,,,,,,,,,,,,,,,,,,,,,,,,,,,3.15522748375116,0.580825437569911,,,0.215394614670381,0.0811875727822996,0.666090993500464,0.224459760045181,0.0049767873723305,0.0047757395754293,2018.0,1997-04-28,,,2024,2
Jaylon Johnson,CHI,DB,14924,weighted,,,,,,,,,,,,,,,,,,,,,,,,,,,,,,,,,,,,,,,,,,,,,3.03572887650882,0.528218634304389,,,0.185533890436397,0.109842010234876,0.606369545032498,0.281768634950334,0.0049767873723305,0.0047757395754293,2020.0,1999-04-19,,,2024,2
Jaylon Johnson,CHI,DB,14924,weighted,,,,,,,,,,,,,,,,,,,,,,,,,,,,,,,,,,,,,,,,,,,,,3.03572887650882,0.528218634304389,,,0.185533890436397,0.109842010234876,0.606369545032498,0.281768634950334,0.0049767873723305,0.0047757395754293,2020.0,1997-10-14,,,2024,2
Jaylon Johnson,CHI,DB,14924,weighted,,,,,,,,,,,,,,,,,,,,,,,,,,,,,,,,,,,,,,,,,,,,,3.03572887650882,0.528218634304389,,,0.185533890436397,0.109842010234876,0.606369545032498,0.281768634950334,0.0049767873723305,0.0047757395754293,2020.0,1999-12-02,,,2024,2
Marlon Humphrey,BAL,DB,13223,weighted,,,,,,,,,,,,,,,,,,,,,,,,,,,,,,,,,,,,,,,,,,,,,2.91767873723305,0.70224765495214,,,0.1,0.0,0.390046425255339,0.0095514791508587,0.0049767873723305,0.0047757395754293,2017.0,1996-07-08,,,2024,2
Calen Bullock,HOU,DB,16705,weighted,,,,,,,,,,,,,,,,,,,,,,,,,,,,,,,,,,,,,,,,,,,,,2.91973509933775,0.848528137423857,,,0.2,3.96083208564486e-17,0.8,1.58433283425795e-16,0.0,0.0,2024.0,2003-04-30,,,2024,2
Joey Porter Jr.,PIT,DB,16240,weighted,,,,,,,,,,,,,,,,,,,,,,,,,,,,,,,,,,,,,,,,,,,,,2.94809656453111,0.545770231832005,,,0.0398142989786444,0.0382059166034351,0.420371402042711,0.0764118332068702,0.0049767873723305,0.0047757395754293,2023.0,2000-07-26,,,2024,2
Joey Porter Jr.,PIT,DB,16240,weighted,,,,,,,,,,,,,,,,,,,,,,,,,,,,,,,,,,,,,,,,,,,,,2.94809656453111,0.545770231832005,,,0.0398142989786444,0.0382059166034351,0.420371402042711,0.0764118332068702,0.0049767873723305,0.0047757395754293,2023.0,2002-02-03,,,2024,2
A.J. Terrell,ATL,DB,14918,weighted,,,,,,,,,,,,,,,,,,,,,,,,,,,,,,,,,,,,,,,,,,,,,3.03619312906221,0.445017102512257,,,0.0348375116063138,0.0334301770280057,0.460649953574745,0.133720708112023,0.0049767873723305,0.0047757395754293,2020.0,1998-09-23,,,2024,2
A.J. Terrell,ATL,DB,14918,weighted,,,,,,,,,,,,,,,,,,,,,,,,,,,,,,,,,,,,,,,,,,,,,3.03619312906221,0.445017102512257,,,0.0348375116063138,0.0334301770280057,0.460649953574745,0.133720708112023,0.0049767873723305,0.0047757395754293,2020.0,2001-03-28,,,2024,2
Marshon Lattimore,NO,DB,13224,weighted,,,,,,,,,,,,,,,,,,,,,,,,,,,,,,,,,,,,,,,,,,,,,3.44331125827815,0.0707106781186548,,,0.2,3.96083208564486e-17,0.7,0.0,0.0,0.0,2017.0,1996-05-19,Q,Hamstring,2024,2
Talanoa Hufanga,SF,DB,15452,weighted,,,,,,,,,,,,,,,,,,,,,,,,,,,,,,,,,,,,,,,,,,,,,2.8764238410596,0.777817459305202,,,0.1,1.98041604282243e-17,0.5,0.0,0.0,0.0,2021.0,2000-02-01,D,Knee - ACL,2024,2
Noah Igbinoghene,WAS,DB,14919,weighted,,,,,,,,,,,,,,,,,,,,,,,,,,,,,,,,,,,,,,,,,,,,,2.86368,0.763675323681471,,,0.07,0.0,0.3,0.0,0.01,0.0,2020.0,1999-11-27,,,2024,2
Jalen Ramsey,MIA,DB,12711,weighted,,,,,,,,,,,,,,,,,,,,,,,,,,,,,,,,,,,,,,,,,,,,,2.85500464252553,0.377122655218209,,,0.170139275766017,0.0286544374525763,0.480092850510678,0.0191029583017175,0.0049767873723305,0.0047757395754293,2016.0,1994-10-24,,,2024,2
Rodney McLeod,CLE,DB,11017,weighted,,,,,,,,,,,,,,,,,,,,,,,,,,,,,,,,,,,,,,,,,,,,,2.56370860927152,1.20208152801713,,,0.0,0.0,0.4,7.92166417128973e-17,0.0,0.0,2012.0,1990-06-23,,,2024,2
Jonathan Jones,NE,DB,12988,weighted,,,,,,,,,,,,,,,,,,,,,,,,,,,,,,,,,,,,,,,,,,,,,2.8366573816156,0.367847343641727,,,0.054744661095636,0.0525331353297233,0.500464252553389,0.0955147915085877,0.0049767873723305,0.0047757395754293,2016.0,1993-09-20,,,2024,2
Damontae Kazee,PIT,DB,13301,weighted,,,,,,,,,,,,,,,,,,,,,,,,,,,,,,,,,,,,,,,,,,,,,1.95284768211921,1.5556349186104,,,0.1,1.98041604282243e-17,0.2,3.96083208564486e-17,0.0,0.0,2017.0,1993-06-05,,,2024,2
Jaylon Jones,CHI,DB,16026,weighted,,,,,,,,,,,,,,,,,,,,,,,,,,,,,,,,,,,,,,,,,,,,,2.63695364238411,0.919238815542512,,,0.0,0.0,0.1,1.98041604282243e-17,0.1,1.98041604282243e-17,2022.0,1997-10-14,,,2024,2
Zyon McCollum,TB,DB,15895,weighted,,,,,,,,,,,,,,,,,,,,,,,,,,,,,,,,,,,,,,,,,,,,,3.11337748344371,0.14142135623731,,,0.0,0.0,0.4,7.92166417128973e-17,0.0,0.0,2022.0,1999-05-03,Q,Concussion,2024,2
Chidobe Awuzie,TEN,DB,13263,weighted,,,,,,,,,,,,,,,,,,,,,,,,,,,,,,,,,,,,,,,,,,,,,2.92993377483444,0.212132034355964,,,0.0,0.0,0.3,0.0,0.0,0.0,2017.0,1995-05-24,,,2024,2
Kaevon Merriweather,TB,DB,16463,weighted,,,,,,,,,,,,,,,,,,,,,,,,,,,,,,,,,,,,,,,,,,,,,2.35033112582782,1.06066017177982,,,0.0,0.0,0.2,3.96083208564486e-17,0.0,0.0,2023.0,1999-12-20,,,2024,2
Markquese Bell,DAL,DB,15985,weighted,,,,,,,,,,,,,,,,,,,,,,,,,,,,,,,,,,,,,,,,,,,,,1.42609271523179,1.83847763108502,,,0.0,0.0,0.4,7.92166417128973e-17,0.0,0.0,2022.0,1999-01-06,,,2024,2
Max Melton,ARI,DB,16695,weighted,,,,,,,,,,,,,,,,,,,,,,,,,,,,,,,,,,,,,,,,,,,,,1.55284768211921,1.5556349186104,,,0.0,0.0,0.3,0.0,0.0,0.0,2024.0,2002-04-15,Q,Concussion,2024,2
Shaq Griffin,MIN,DB,13273,weighted,,,,,,,,,,,,,,,,,,,,,,,,,,,,,,,,,,,,,,,,,,,,,2.41655629139073,0.353553390593274,,,0.0,0.0,0.3,0.0,0.0,0.0,2017.0,1994-01-01,,,2024,2
Ja'Sir Taylor,LAC,DB,15926,weighted,,,,,,,,,,,,,,,,,,,,,,,,,,,,,,,,,,,,,,,,,,,,,2.52675496688742,0.282842712474619,,,0.1,1.98041604282243e-17,0.5,0.0,0.0,0.0,2022.0,1999-01-08,Q,Leg,2024,2
Eric Stokes,GB,DB,15377,weighted,,,,,,,,,,,,,,,,,,,,,,,,,,,,,,,,,,,,,,,,,,,,,2.31019867549669,0.636396103067893,,,0.0,0.0,0.2,3.96083208564486e-17,0.0,0.0,2021.0,1999-03-01,,,2024,2
Tre Brown,SEA,DB,15423,weighted,,,,,,,,,,,,,,,,,,,,,,,,,,,,,,,,,,,,,,,,,,,,,2.48662251655629,0.14142135623731,,,0.1,1.98041604282243e-17,0.6,0.0,0.0,0.0,2021.0,1997-09-24,,,2024,2
Michael Carter,NYJ,DB,15432,weighted,,,,,,,,,,,,,,,,,,,,,,,,,,,,,,,,,,,,,,,,,,,,,2.48662251655629,0.14142135623731,,,0.0,0.0,0.6,0.0,0.0,0.0,2021.0,1999-03-08,,,2024,2
Chamarri Conner,KC,DB,16295,weighted,,,,,,,,,,,,,,,,,,,,,,,,,,,,,,,,,,,,,,,,,,,,,2.48662251655629,0.14142135623731,,,0.1,1.98041604282243e-17,0.2,3.96083208564486e-17,0.0,0.0,2023.0,2000-07-11,,,2024,2
Isaac Yiadom,SF,DB,13754,weighted,,,,,,,,,,,,,,,,,,,,,,,,,,,,,,,,,,,,,,,,,,,,,2.51337748344371,0.14142135623731,,,0.0,0.0,0.8,1.58433283425795e-16,0.0,0.0,2018.0,1996-02-20,,,2024,2
Cordale Flott,NYG,DB,15866,weighted,,,,,,,,,,,,,,,,,,,,,,,,,,,,,,,,,,,,,,,,,,,,,2.42675496688742,0.282842712474619,,,0.1,1.98041604282243e-17,0.3,0.0,0.0,0.0,2022.0,2001-08-24,,,2024,2
Michael Davis,WAS,DB,13479,weighted,,,,,,,,,,,,,,,,,,,,,,,,,,,,,,,,,,,,,,,,,,,,,1.93311258278146,0.707106781186548,,,0.0,0.0,0.3,0.0,0.0,0.0,2017.0,1995-01-06,,,2024,2
Garrett Williams,ARI,DB,16274,weighted,,,,,,,,,,,,,,,,,,,,,,,,,,,,,,,,,,,,,,,,,,,,,2.32993377483444,0.212132034355964,,,0.1,1.98041604282243e-17,0.3,0.0,0.0,0.0,2023.0,2001-06-01,,,2024,2
Garrett Williams,ARI,DB,16274,weighted,,,,,,,,,,,,,,,,,,,,,,,,,,,,,,,,,,,,,,,,,,,,,2.32993377483444,0.212132034355964,,,0.1,1.98041604282243e-17,0.3,0.0,0.0,0.0,2023.0,2003-12-05,,,2024,2
Jamal Adams,TEN,DB,13230,weighted,,,,,,,,,,,,,,,,,,,,,,,,,,,,,,,,,,,,,,,,,,,,,1.76370860927152,1.20208152801713,,,0.0,0.0,0.1,1.98041604282243e-17,0.0,0.0,2017.0,1995-10-17,,,2024,2
Isaiah Rodgers,PHI,DB,14997,weighted,,,,,,,,,,,,,,,,,,,,,,,,,,,,,,,,,,,,,,,,,,,,,2.00317880794702,0.494974746830583,,,0.0,0.0,0.3,0.0,0.0,0.0,2020.0,1998-01-07,,,2024,2
Jakorian Bennett,LVR,DB,16289,weighted,,,,,,,,,,,,,,,,,,,,,,,,,,,,,,,,,,,,,,,,,,,,,2.34331125827815,0.0707106781186548,,,0.0,0.0,0.4,7.92166417128973e-17,0.0,0.0,2023.0,2000-08-23,,,2024,2
Jarrian Jones,JAC,DB,16714,weighted,,,,,,,,,,,,,,,,,,,,,,,,,,,,,,,,,,,,,,,,,,,,,2.01019867549669,0.636396103067893,,,0.0,0.0,0.5,0.0,0.0,0.0,2024.0,2001-05-08,,,2024,2
Troy Hill,CAR,DB,12589,weighted,,,,,,,,,,,,,,,,,,,,,,,,,,,,,,,,,,,,,,,,,,,,,2.17006622516556,0.212132034355964,,,0.0,0.0,0.2,3.96083208564486e-17,0.0,0.0,,,,,2024,2
Dane Belton,NYG,DB,15875,weighted,,,,,,,,,,,,,,,,,,,,,,,,,,,,,,,,,,,,,,,,,,,,,1.40635761589404,0.989949493661167,,,0.1,1.98041604282243e-17,0.4,7.92166417128973e-17,0.0,0.0,2022.0,2000-12-07,,,2024,2
Dallis Flowers,IND,DB,16064,weighted,,,,,,,,,,,,,,,,,,,,,,,,,,,,,,,,,,,,,,,,,,,,,2.15668874172185,0.0707106781186548,,,0.0,0.0,0.3,0.0,0.0,0.0,2022.0,1997-06-04,,,2024,2
Rodney Thomas II,IND,DB,15946,weighted,,,,,,,,,,,,,,,,,,,,,,,,,,,,,,,,,,,,,,,,,,,,,2.02675496688742,0.282842712474619,,,0.1,1.98041604282243e-17,0.2,3.96083208564486e-17,0.0,0.0,2022.0,1998-06-26,,,2024,2
Eric Murray,HOU,DB,12772,weighted,,,,,,,,,,,,,,,,,,,,,,,,,,,,,,,,,,,,,,,,,,,,,1.55033112582781,1.06066017177982,,,0.0,0.0,0.0,0.0,0.0,0.0,2016.0,1994-01-07,,,2024,2
Beanie Bishop,PIT,DB,16865,weighted,,,,,,,,,,,,,,,,,,,,,,,,,,,,,,,,,,,,,,,,,,,,,2.01337748344371,0.14142135623731,,,0.0,0.0,0.3,0.0,0.0,0.0,2024.0,1999-12-17,,,2024,2
Eddie Jackson,BAL,DB,13229,weighted,,,,,,,,,,,,,,,,,,,,,,,,,,,,,,,,,,,,,,,,,,,,,1.66688741721854,0.707106781186548,,,0.0,0.0,0.1,1.98041604282243e-17,0.0,0.0,2017.0,,,,2024,2
Antonio Hamilton,ATL,DB,12976,weighted,,,,,,,,,,,,,,,,,,,,,,,,,,,,,,,,,,,,,,,,,,,,,0.922913907284768,1.34350288425444,,,0.0,0.0,0.6,0.0,0.0,0.0,0.0,1993-01-24,Q,Groin,2024,2
Dee Alford,ATL,DB,16012,weighted,,,,,,,,,,,,,,,,,,,,,,,,,,,,,,,,,,,,,,,,,,,,,2.0,0.0,,,0.0,0.0,0.4,7.92166417128973e-17,0.0,0.0,2021.0,1997-11-05,,,2024,2
K'Von Wallace,SEA,DB,14950,weighted,,,,,,,,,,,,,,,,,,,,,,,,,,,,,,,,,,,,,,,,,,,,,1.33311258278146,0.707106781186547,,,0.0,0.0,0.1,1.98041604282243e-17,0.0,0.0,2020.0,1997-07-25,,,2024,2
Jaylinn Hawkins,NE,DB,14954,weighted,,,,,,,,,,,,,,,,,,,,,,,,,,,,,,,,,,,,,,,,,,,,,1.20701986754967,1.13137084989848,,,0.0,0.0,0.0,0.0,0.0,0.0,2020.0,1997-08-27,,,2024,2
Andru Phillips,NYG,DB,16703,weighted,,,,,,,,,,,,,,,,,,,,,,,,,,,,,,,,,,,,,,,,,,,,,1.45986754966887,0.424264068711929,,,0.0,0.0,0.3,0.0,0.0,0.0,2024.0,2001-11-30,,,2024,2
Isaiah Oliver,NYJ,DB,13709,weighted,,,,,,,,,,,,,,,,,,,,,,,,,,,,,,,,,,,,,,,,,,,,,0.792980132450331,1.13137084989848,,,0.0,0.0,0.0,0.0,0.0,0.0,2018.0,1996-09-30,,,2024,2
Amik Robertson,DET,DB,14957,weighted,,,,,,,,,,,,,,,,,,,,,,,,,,,,,,,,,,,,,,,,,,,,,1.37324503311258,0.282842712474619,,,0.1,1.98041604282243e-17,0.4,7.92166417128973e-17,0.0,0.0,2020.0,1998-07-06,,,2024,2
DJ Turner,CIN,DB,16268,weighted,,,,,,,,,,,,,,,,,,,,,,,,,,,,,,,,,,,,,,,,,,,,,0.863046357615894,0.919238815542512,,,0.0,0.0,0.3,0.0,0.0,0.0,2023.0,2000-11-09,,,2024,2
Trevor Denbow,IND,DB,16484,weighted,,,,,,,,,,,,,,,,,,,,,,,,,,,,,,,,,,,,,,,,,,,,,0.976423841059603,0.777817459305202,,,0.0,0.0,0.2,3.96083208564486e-17,0.0,0.0,2022.0,1998-08-26,,,2024,2
Joshua Williams,KC,DB,15885,weighted,,,,,,,,,,,,,,,,,,,,,,,,,,,,,,,,,,,,,,,,,,,,,1.42675496688742,0.282842712474619,,,0.0,0.0,0.4,7.92166417128973e-17,0.0,0.0,2022.0,1999-10-17,,,2024,2
Daniel Thomas,JAC,DB,14963,weighted,,,,,,,,,,,,,,,,,,,,,,,,,,,,,,,,,,,,,,,,,,,,,1.42675496688742,0.282842712474619,,,0.0,0.0,0.1,1.98041604282243e-17,0.0,0.0,2020.0,1998-07-01,,,2024,2
Clark Phillips,ATL,DB,16293,weighted,,,,,,,,,,,,,,,,,,,,,,,,,,,,,,,,,,,,,,,,,,,,,1.04649006622517,0.565685424949238,,,0.0,0.0,0.3,0.0,0.0,0.0,2023.0,2001-12-19,,,2024,2
Ar'Darius Washington,BAL,DB,15510,weighted,,,,,,,,,,,,,,,,,,,,,,,,,,,,,,,,,,,,,,,,,,,,,0.946490066225165,0.565685424949238,,,0.0,0.0,0.3,0.0,0.0,0.0,2021.0,1999-11-02,,,2024,2
Marco Wilson,NE,DB,15422,weighted,,,,,,,,,,,,,,,,,,,,,,,,,,,,,,,,,,,,,,,,,,,,,1.07324503311258,0.282842712474619,,,0.0,0.0,0.1,1.98041604282243e-17,0.0,0.0,2021.0,1999-03-03,,,2024,2
Levi Wallace,DEN,DB,13711,weighted,,,,,,,,,,,,,,,,,,,,,,,,,,,,,,,,,,,,,,,,,,,,,0.689801324503311,0.636396103067893,,,0.0,0.0,0.3,0.0,0.0,0.0,2018.0,,,,2024,2
Jarvis Brownlee,TEN,DB,16736,weighted,,,,,,,,,,,,,,,,,,,,,,,,,,,,,,,,,,,,,,,,,,,,,1.02993377483444,0.212132034355964,,,0.0,0.0,0.1,1.98041604282243e-17,0.0,0.0,2024.0,2001-07-13,,,2024,2
C.J. Goodwin,DAL,DB,12978,weighted,,,,,,,,,,,,,,,,,,,,,,,,,,,,,,,,,,,,,,,,,,,,,0.589801324503311,0.636396103067893,,,0.0,0.0,0.1,1.98041604282243e-17,0.0,0.0,,,,,2024,2
AJ Finley,LAC,DB,16515,weighted,,,,,,,,,,,,,,,,,,,,,,,,,,,,,,,,,,,,,,,,,,,,,0.840132450331126,0.424264068711929,,,0.0,0.0,0.1,1.98041604282243e-17,0.0,0.0,2023.0,2001-09-14,,,2024,2
Deantre Prince,JAC,DB,16739,weighted,,,,,,,,,,,,,,,,,,,,,,,,,,,,,,,,,,,,,,,,,,,,,0.773245033112583,0.282842712474619,,,0.0,0.0,0.0,0.0,0.0,0.0,2024.0,2000-10-12,,,2024,2
Kamren Kinchens,LAR,DB,16676,weighted,,,,,,,,,,,,,,,,,,,,,,,,,,,,,,,,,,,,,,,,,,,,,0.673245033112583,0.282842712474619,,,0.0,0.0,0.2,3.96083208564486e-17,0.0,0.0,2024.0,2002-09-29,,,2024,2
Nick Scott,CAR,DB,14302,weighted,,,,,,,,,,,,,,,,,,,,,,,,,,,,,,,,,,,,,,,,,,,,,0.729933774834437,0.212132034355964,,,0.0,0.0,0.0,0.0,0.0,0.0,2019.0,1995-05-17,,,2024,2
Marcus Maye,MIA,DB,13252,weighted,,,,,,,,,,,,,,,,,,,,,,,,,,,,,,,,,,,,,,,,,,,,,0.516556291390728,0.353553390593274,,,0.0,0.0,0.1,1.98041604282243e-17,0.0,0.0,2017.0,1994-01-01,,,2024,2
Kool-Aid McKinstry,NO,DB,16670,weighted,,,,,,,,,,,,,,,,,,,,,,,,,,,,,,,,,,,,,,,,,,,,,0.756688741721854,0.0707106781186548,,,0.0,0.0,0.2,3.96083208564486e-17,0.0,0.0,2024.0,2002-09-30,,,2024,2
Ashtyn Davis,NYJ,DB,14911,weighted,,,,,,,,,,,,,,,,,,,,,,,,,,,,,,,,,,,,,,,,,,,,,0.643311258278146,0.0707106781186547,,,0.2,3.96083208564486e-17,0.3,0.0,0.0,0.0,2020.0,1996-10-10,,,2024,2
Ennis Rakestraw,DET,DB,16701,weighted,,,,,,,,,,,,,,,,,,,,,,,,,,,,,,,,,,,,,,,,,,,,,0.286622516556291,0.14142135623731,,,0.0,0.0,0.1,1.98041604282243e-17,0.0,0.0,2024.0,2002-06-05,,,2024,2
