player,team,position,id,avg_type,pass_yds,pass_yds_sd,pass_tds,pass_tds_sd,pass_int,pass_int_sd,rush_yds,rush_yds_sd,rush_tds,rush_tds_sd,fumbles_lost,fumbles_lost_sd,two_pts,two_pts_sd,return_tds,return_tds_sd,rec,rec_sd,rec_yds,rec_yds_sd,rec_tds,rec_tds_sd,fg_0019,fg_0019_sd,fg_2029,fg_2029_sd,fg_3039,fg_3039_sd,fg_4049,fg_4049_sd,fg_50,fg_50_sd,xp,xp_sd,dst_int,dst_int_sd,dst_sacks,dst_sacks_sd,dst_safety,dst_safety_sd,dst_td,dst_td_sd,dst_blk,dst_blk_sd,idp_solo,idp_solo_sd,idp_sack,idp_sack_sd,idp_int,idp_int_sd,idp_pd,idp_pd_sd,idp_td,idp_td_sd,draft_year,birthdate,injury_status,injury_details,season_year,week
Joe Burrow,CIN,QB,14777,weighted,290.103817273044,14.0510452589976,2.18589910496338,0.24810676229893,0.734690805532954,0.208974445929733,14.0049279321167,2.74761457692738,0.121655817737998,0.0733494224994548,0.231757526444264,0.0222181764442408,,,,,,,,,,,,,,,,,,,,,,,,,,,,,,,,,,,,,,,,,,,2020.0,1996-12-10,,,2024,14
Brock Purdy,SF,QB,15698,weighted,246.733434848309,15.0131348131037,1.31452807160293,0.289598658472143,0.803828315703824,0.148971525596694,19.6688963152389,2.98786430112374,0.182518307567128,0.0871536472158581,0.194357200976404,0.0065338133129591,,,,,,,,,,,,,,,,,,,,,,,,,,,,,,,,,,,,,,,,,,,2022.0,1999-12-27,,,2024,14
Tua Tagovailoa,MIA,QB,14778,weighted,252.59910612577,12.5464306303443,1.81804312449146,0.151452580841429,0.769886086248983,0.18640024995945,6.51497849587353,1.55538119812379,0.039853539462978,0.0509360536733671,0.194357200976404,0.0065338133129591,,,,,,,,,,,,,,,,,,,,,,,,,,,,,,,,,,,,,,,,,,,2020.0,1998-03-02,,,2024,14
Jared Goff,DET,QB,12611,weighted,252.771049052656,11.8491546915145,1.80657445077299,0.163485171712067,0.771289666395443,0.171887506280297,4.05064221783099,1.35574013127348,0.0359519934906428,0.0451791224342809,0.134578925956062,0.0249249207469265,,,,,,,,,,,,,,,,,,,,,,,,,,,,,,,,,,,,,,,,,,,2016.0,1994-10-14,,,2024,14
Justin Herbert,LAC,QB,14779,weighted,238.470557944903,19.2706720884758,1.21896663954435,0.228519266827241,0.303486574450773,0.247688010055031,17.1876729048006,3.49476212255973,0.137095199349064,0.075158707160816,0.211285598047193,0.0130676266259183,,,,,,,,,,,,,,,,,,,,,,,,,,,,,,,,,,,,,,,,,,,2020.0,1998-03-10,,,2024,14
Sam Darnold,MIN,QB,13592,weighted,255.271064744856,11.4462091406941,1.83646053702197,0.162629973295006,0.740362082994304,0.366925048350592,14.3848692316634,2.65295591685871,0.0934662327095199,0.0879842845639508,0.257068755085435,0.0291125491892602,,,,,,,,,,,,,,,,,,,,,,,,,,,,,,,,,,,,,,,,,,,2018.0,1997-06-05,,,2024,14
Cooper Rush,DAL,QB,13124,weighted,248.253492967569,14.0016814872058,1.33507729861676,0.310819103972876,0.775821806346623,0.178983281870309,6.59818493548762,4.28504013767081,0.0597355573637103,0.0602563660179062,0.229739625711961,0.0617948167045231,,,,,,,,,,,,,,,,,,,,,,,,,,,,,,,,,,,,,,,,,,,2017.0,1993-11-21,,,2024,14
Baker Mayfield,TB,QB,13590,weighted,241.664304312449,15.3055783522458,1.88327908868999,0.222220519504768,0.868283157038242,0.127518742299462,14.0414541439033,1.06591956580203,0.12180227827502,0.0678060896479106,0.140221724979658,0.0306675132399054,,,,,,,,,,,,,,,,,,,,,,,,,,,,,,,,,,,,,,,,,,,2018.0,1995-04-14,,,2024,14
Geno Smith,SEA,QB,11150,weighted,247.362219574567,15.0592292260018,1.22610252237592,0.225166681959848,0.914528071602929,0.107616569978501,16.1701691270487,2.93588589773268,0.0817900732302685,0.0589415742936681,0.131757526444264,0.0222181764442408,,,,,,,,,,,,,,,,,,,,,,,,,,,,,,,,,,,,,,,,,,,2013.0,1990-10-10,,,2024,14
Matthew Stafford,LAR,QB,9431,weighted,237.35395675927,16.3029644733224,1.60295768917819,0.317127600973935,0.624764035801465,0.320097012087507,3.61080902010926,1.30389873548768,0.0172009764035801,0.0311058753775769,0.166224572823434,0.0301339586975752,,,,,,,,,,,,,,,,,,,,,,,,,,,,,,,,,,,,,,,,,,,2009.0,1988-02-07,,,2024,14
Matthew Stafford,LAR,QB,9431,weighted,237.35395675927,16.3029644733224,1.60295768917819,0.317127600973935,0.624764035801465,0.320097012087507,3.61080902010926,1.30389873548768,0.0172009764035801,0.0311058753775769,0.166224572823434,0.0301339586975752,,,,,,,,,,,,,,,,,,,,,,,,,,,,,,,,,,,,,,,,,,,2009.0,2003-05-23,,,2024,14
Josh Allen,BUF,QB,13589,weighted,248.012729280484,13.1439883071916,1.79380390561432,0.213281264808543,0.619373474369406,0.330632026912361,33.0257677554341,1.99211474725085,0.579304312449146,0.190356157662646,0.231757526444264,0.0222181764442408,,,,,,,,,,,,,,,,,,,,,,,,,,,,,,,,,,,,,,,,,,,2018.0,1996-05-21,,,2024,14
Jordan Love,GB,QB,14782,weighted,244.198010577705,12.9197228445474,1.60760374288039,0.321398180140215,0.869698942229455,0.114835335209775,8.78261652911775,2.19582682879253,0.0998901545972335,0.0561256754082876,0.10293327908869,0.048422487084621,,,,,,,,,,,,,,,,,,,,,,,,,,,,,,,,,,,,,,,,,,,2020.0,1998-11-02,,,2024,14
Patrick Mahomes,KC,QB,13116,weighted,245.074466465187,11.1025412130158,1.72617982099268,0.208515483482146,0.652843775427177,0.326020676126602,20.771642450308,1.35159578099096,0.0970951993490643,0.0503422209082469,0.0973718470301058,0.0794846801835633,,,,,,,,,,,,,,,,,,,,,,,,,,,,,,,,,,,,,,,,,,,2017.0,1995-09-17,,,2024,14
Russell Wilson,PIT,QB,10703,weighted,230.443787380617,13.8493011786493,1.41000939408173,0.239305773016111,0.654640676373884,0.203794201905629,15.090864255519,3.22769881510429,0.178356035697511,0.0934796004791702,0.258031939877877,0.0365339270978034,,,,,,,,,,,,,,,,,,,,,,,,,,,,,,,,,,,,,,,,,,,2012.0,1988-11-29,,,2024,14
Derek Carr,NO,QB,11644,weighted,228.506183308148,15.4146801988588,1.22973555736371,0.188692336682607,0.712021969080553,0.21169016370228,7.1784482157387,1.84868914235316,0.0525386493083808,0.0503870602902717,0.108576078112286,0.0531804989225348,,,,,,,,,,,,,,,,,,,,,,,,,,,,,,,,,,,,,,,,,,,2014.0,1991-03-28,,,2024,14
Kirk Cousins,ATL,QB,10700,weighted,237.309017203301,9.76170779836983,1.2043165174939,0.168944899713986,0.870435313262815,0.171773807666101,3.49942752528188,1.37850923030907,0.0332750203417412,0.0433855001502569,0.191535801464605,0.0098007199694387,,,,,,,,,,,,,,,,,,,,,,,,,,,,,,,,,,,,,,,,,,,2012.0,1988-08-19,,,2024,14
Jameis Winston,CLE,QB,12140,weighted,235.869005010177,13.6491762181607,1.24723813997182,0.212016029994934,1.08202912165336,0.0695593941425163,10.0727454203852,2.09985587065945,0.083842179426961,0.0478347723742572,0.262975575387506,0.0679927379861242,,,,,,,,,,,,,,,,,,,,,,,,,,,,,,,,,,,,,,,,,,,2015.0,1994-01-06,,,2024,14
Will Levis,TEN,QB,16149,weighted,226.388210507962,11.6414907882617,1.36881204231082,0.316668722588787,0.856155410903173,0.143245414906624,18.9099203766128,6.0459246769985,0.110252237591538,0.0736446940632261,0.251314076484947,0.0397423400917817,,,,,,,,,,,,,,,,,,,,,,,,,,,,,,,,,,,,,,,,,,,2023.0,1999-06-27,,,2024,14
Aaron Rodgers,NYJ,QB,7836,weighted,215.563019876787,15.8826415309203,1.23621643612693,0.198155879065345,0.711586655817738,0.219962644935748,5.32732651400674,1.09646536711,0.0158909682668836,0.0286217520475645,0.162711554109032,0.0297262827676372,,,,,,,,,,,,,,,,,,,,,,,,,,,,,,,,,,,,,,,,,,,2005.0,1983-12-02,,,2024,14
Aidan O'Connell,LVR,QB,16159,weighted,225.936964928762,14.312665051561,1.219342414279,0.139622107091466,0.799065288868013,0.13807348688367,4.45690151870988,3.09235733524046,0.0190653337728015,0.046784702508762,0.231487787693753,0.0339963689930621,,,,,,,,,,,,,,,,,,,,,,,,,,,,,,,,,,,,,,,,,,,2023.0,1998-09-01,,,2024,14
Kyler Murray,ARI,QB,14056,weighted,218.135425432988,8.91911425454606,1.16705451586656,0.221134443740515,0.523710333604557,0.30453534817678,32.69051493665,2.11227905718004,0.262323026851098,0.11645254336619,0.191535801464605,0.0098007199694387,,,,,,,,,,,,,,,,,,,,,,,,,,,,,,,,,,,,,,,,,,,2019.0,1997-08-07,,,2024,14
Jalen Hurts,PHI,QB,14783,weighted,215.593650470766,15.0797902008815,1.32860048820179,0.346380841489958,0.389812855980472,0.284390818910913,42.2286202487504,4.31686076593929,0.878494711147274,0.153280559888604,0.254135475996745,0.0366759116480583,,,,,,,,,,,,,,,,,,,,,,,,,,,,,,,,,,,,,,,,,,,2020.0,1998-08-07,,,2024,14
Drew Lock,NYG,QB,14057,weighted,177.414754971035,81.4463847457493,0.876768435885392,0.415818930190132,0.756918741193048,0.378900451035981,14.7484124001879,6.76422963963902,0.131014560826679,0.092085165685435,0.312441286989197,0.170155449487172,,,,,,,,,,,,,,,,,,,,,,,,,,,,,,,,,,,,,,,,,,,2019.0,1996-11-10,,,2024,14
Caleb Williams,CHI,QB,16579,weighted,208.360821225154,6.07295136585056,1.18727827502034,0.166261707916078,0.801472742066721,0.211307549213395,33.7847814715797,5.81682518675416,0.121045565500407,0.0792330084926051,0.214106997558991,0.0163345332823979,,,,,,,,,,,,,,,,,,,,,,,,,,,,,,,,,,,,,,,,,,,2024.0,2001-11-18,,,2024,14
Mac Jones,JAC,QB,15241,weighted,205.10005479881,9.27937607992927,1.0594222639737,0.0812190740869737,0.877379051197745,0.0843130659427989,8.71519884139659,1.6752354352008,0.0906294034758102,0.0666593448517909,0.216157820573039,0.0403651723812986,,,,,,,,,,,,,,,,,,,,,,,,,,,,,,,,,,,,,,,,,,,2021.0,1998-09-05,,,2024,14
Bryce Young,CAR,QB,16148,weighted,175.35581258807,11.7323157875494,0.952132456552372,0.120902646431361,0.836092062000939,0.146328917039712,15.8247909816815,2.39979547643042,0.112231094410521,0.0202113900143272,0.124741662752466,0.0185050047425381,,,,,,,,,,,,,,,,,,,,,,,,,,,,,,,,,,,,,,,,,,,2023.0,2001-07-25,,,2024,14
Tommy DeVito,NYG,QB,16441,weighted,85.4852459016393,109.672261762034,0.343666169895678,0.353553390593274,0.292399403874814,0.424264068711928,15.3377049180328,20.2232539419353,0.0974664679582712,0.14142135623731,0.146199701937407,0.212132034355964,,,,,,,,,,,,,,,,,,,,,,,,,,,,,,,,,,,,,,,,,,,2023.0,1998-08-07,,,2024,14
Desmond Ridder,LVR,QB,15697,weighted,18.1166361717101,27.3019412863918,0.0747642505277973,0.0906004473899693,0.0252779732582688,0.04751234253327,0.629697396199859,0.927866794072707,0.0230119634060521,0.0487203444138736,0.123011963406052,0.0487203444138736,,,,,,,,,,,,,,,,,,,,,,,,,,,,,,,,,,,,,,,,,,,2022.0,1999-08-31,,,2024,14
Jake Browning,CIN,QB,14358,weighted,15.7947501759324,20.1954239594979,0.100042223786066,0.133625574436503,0.0275439831104856,0.0467775012805517,0.726530612244898,0.958389796757743,0.0230119634060521,0.0487203444138736,0.0,0.0,,,,,,,,,,,,,,,,,,,,,,,,,,,,,,,,,,,,,,,,,,,2019.0,1970-01-01,,,2024,14
Taylor Heinicke,LAC,QB,12476,weighted,12.6823399715505,15.3580525267606,0.0363416898792943,0.0527098721977032,0.0667038068709378,0.108775106179545,0.873221906116643,1.40001979252225,0.0291073968705548,0.0466673264174085,0.0,0.0,,,,,,,,,,,,,,,,,,,,,,,,,,,,,,,,,,,,,,,,,,,,,,,2024,14
C.J. Beathard,JAC,QB,13125,weighted,11.9398451794511,15.4692812036996,0.0517522871217452,0.0534757066294209,0.0482899366643209,0.096118201739733,0.908233638282899,1.39009993367757,0.0,0.0,0.0,0.0,,,,,,,,,,,,,,,,,,,,,,,,,,,,,,,,,,,,,,,,,,,2017.0,1993-11-16,,,2024,14
Sam Howell,SEA,QB,15693,weighted,11.6126249120338,13.3175695714587,0.054018296973962,0.0518683932839197,0.0735679099225897,0.143591750590175,0.932441942294159,1.39079185633504,0.0230119634060521,0.0487203444138736,0.0,0.0,,,,,,,,,,,,,,,,,,,,,,,,,,,,,,,,,,,,,,,,,,,2022.0,2000-09-16,,,2024,14
Tyrod Taylor,NYJ,QB,10413,weighted,11.3736101337087,12.8874028712574,0.0977762139338494,0.135294400677272,0.0252779732582688,0.04751234253327,1.80450387051372,3.30943693638684,0.0,0.0,0.0406052076002815,0.0407410405534876,,,,,,,,,,,,,,,,,,,,,,,,,,,,,,,,,,,,,,,,,,,2011.0,1989-08-03,,,2024,14
Nick Mullens,MIN,QB,13968,weighted,11.6241379310345,12.7056576097557,0.0562843068261787,0.0506751462164222,0.0275439831104856,0.0467775012805517,0.472202674173118,0.577856102712407,0.0,0.0,0.0,0.0,,,,,,,,,,,,,,,,,,,,,,,,,,,,,,,,,,,,,,,,,,,2017.0,1995-03-21,,,2024,14
Tyler Huntley,MIA,QB,14789,weighted,29.0,0.0,0.2,,0.0,,4.0,0.0,0.0,0.0,0.0,0.0,,,,,,,,,,,,,,,,,,,,,,,,,,,,,,,,,,,,,,,,,,,2020.0,1998-02-03,,,2024,14
Mason Rudolph,TEN,QB,13595,weighted,9.74736101337087,10.6402581913896,0.0287403237156932,0.0475205771364587,0.0022660098522167,0.0048456784798893,0.242083040112597,0.49580954738787,0.0,0.0,0.0406052076002815,0.0407410405534876,,,,,,,,,,,,,,,,,,,,,,,,,,,,,,,,,,,,,,,,,,,2018.0,1995-07-17,,,2024,14
Dorian Thompson-Robinson,CLE,QB,16158,weighted,13.1387981510015,12.6289271119917,0.0049614791987673,0.0070710678118654,0.211463790446841,0.268700576850888,4.03081664098613,5.65685424949238,0.0,0.0,0.0,0.0,,,,,,,,,,,,,,,,,,,,,,,,,,,,,,,,,,,,,,,,,,,2023.0,1999-11-14,,,2024,14
Tyson Bagent,CHI,QB,16384,weighted,10.156052366566,7.01389223084022,0.0740584088620342,0.0458736661172572,0.0394159113796576,0.0529608613811046,0.814300100704935,0.719742847938573,0.0329305135951662,0.0575698711340869,0.0437395099026519,0.05110153071849,,,,,,,,,,,,,,,,,,,,,,,,,,,,,,,,,,,,,,,,,,,2023.0,2000-06-08,,,2024,14
Justin Fields,PIT,QB,15238,weighted,7.38812890812891,4.78793411282466,0.0416690716690717,0.0461790349733446,0.0047138047138047,0.0082484656657826,7.75444925444925,5.79685870346214,0.0623569023569024,0.0486459190813674,0.0381613756613757,0.032698757351771,,,,,,,,,,,,,,,,,,,,,,,,,,,,,,,,,,,,,,,,,,,2021.0,1999-03-05,,,2024,14
Andy Dalton,CAR,QB,10313,weighted,9.14243353783231,6.17938579579408,0.0603081664098613,0.0565685424949238,0.0603081664098613,0.0565685424949238,0.446489434219496,0.508509455693844,0.0,0.0,0.0,0.0,,,,,,,,,,,,,,,,,,,,,,,,,,,,,,,,,,,,,,,,,,,2011.0,1987-10-29,,,2024,14
Trey Lance,DAL,QB,15240,weighted,7.76939647168059,6.71129984257911,0.0089693593314763,0.016899383639706,0.0363416898792943,0.0527098721977032,0.899721448467967,0.766712322857281,0.0,0.0,0.0,0.0,,,,,,,,,,,,,,,,,,,,,,,,,,,,,,,,,,,,,,,,,,,2021.0,2000-05-09,,,2024,14
Malik Willis,GB,QB,15694,weighted,9.06084592145015,4.89735186801291,0.1069889224572,0.0893450083264842,0.0032426988922457,0.0057342082646571,2.75548841893253,3.70115971410868,0.0,0.0,0.0,0.0,,,,,,,,,,,,,,,,,,,,,,,,,,,,,,,,,,,,,,,,,,,2022.0,1999-05-25,,,2024,14
Michael Penix Jr.,ATL,QB,16583,weighted,8.62397534668721,6.23668181006535,0.0099229583975346,0.014142135623731,0.055346687211094,0.0636396103067893,0.503852080123267,0.707106781186547,0.0,0.0,0.0,0.0,,,,,,,,,,,,,,,,,,,,,,,,,,,,,,,,,,,,,,,,,,,2024.0,2000-05-08,,,2024,14
Hendon Hooker,DET,QB,16151,weighted,7.71550077041602,4.68104689145494,0.0099229583975346,0.014142135623731,0.0049614791987673,0.0070710678118654,0.0,0.0,0.0,0.0,0.0,0.0,,,,,,,,,,,,,,,,,,,,,,,,,,,,,,,,,,,,,,,,,,,2023.0,1998-01-13,,,2024,14
Easton Stick,LAC,QB,14069,weighted,11.0,0.0,0.0,,0.0,,1.0,0.0,0.0,0.0,0.0,0.0,,,,,,,,,,,,,,,,,,,,,,,,,,,,,,,,,,,,,,,,,,,2019.0,1995-09-09,O,Coach's Decision,2024,14
Mitchell Trubisky,BUF,QB,13115,weighted,6.27925404644616,3.85565831108927,0.0517522871217452,0.0534757066294209,0.0275439831104856,0.0467775012805517,0.0349753694581281,0.756599961051389,0.0,0.0,0.0,0.0,,,,,,,,,,,,,,,,,,,,,,,,,,,,,,,,,,,,,,,,,,,2017.0,1994-08-20,,,2024,14
Carson Wentz,KC,QB,12610,weighted,5.09407678244973,3.90690715631994,0.0402742230347349,0.0519823201718167,0.0029433272394881,0.005603700497341,0.377330895795247,0.68506129057589,0.0,0.0,0.0,0.0,,,,,,,,,,,,,,,,,,,,,,,,,,,,,,,,,,,,,,,,,,,2016.0,1992-12-30,,,2024,14
Brandon Allen,SF,QB,12621,weighted,6.83753753753754,3.7476659402887,0.0613213213213213,0.0565685424949238,0.0048348348348348,0.0070710678118654,0.413213213213213,0.565685424949238,0.0,0.0,0.0,0.0,,,,,,,,,,,,,,,,,,,,,,,,,,,,,,,,,,,,,,,,,,,2016.0,1992-09-05,,,2024,14
Kenny Pickett,PHI,QB,15692,weighted,7.4783081570997,3.06013448100742,0.0411278952668681,0.0534306662695347,0.0032426988922457,0.0057342082646571,0.727492447129909,1.22406683373623,0.0,0.0,0.0,0.0,,,,,,,,,,,,,,,,,,,,,,,,,,,,,,,,,,,,,,,,,,,2022.0,1998-06-06,,,2024,14
Jimmy Garoppolo,LAR,QB,11760,weighted,5.04878254750176,2.97067859643258,0.0310063335679099,0.0472081999281877,0.0045320197044335,0.0096913569597787,0.266291344123856,0.545390502126657,0.0,0.0,0.0,0.0,,,,,,,,,,,,,,,,,,,,,,,,,,,,,,,,,,,,,,,,,,,2014.0,1991-11-02,,,2024,14
Kyle Trask,TB,QB,15242,weighted,3.00589333333333,1.49199530830362,0.01288,0.0212132034355964,0.0042933333333333,0.0070710678118654,0.0,0.0,0.0,0.0,0.0,0.0,,,,,,,,,,,,,,,,,,,,,,,,,,,,,,,,,,,,,,,,,,,2021.0,1970-01-01,,,2024,14
Clayton Tune,ARI,QB,16160,weighted,3.28776579352851,0.410121933088198,0.0099229583975346,0.014142135623731,0.055346687211094,0.0636396103067893,0.503852080123267,0.707106781186547,0.0,0.0,0.150385208012327,0.0707106781186548,,,,,,,,,,,,,,,,,,,,,,,,,,,,,,,,,,,,,,,,,,,2023.0,1999-03-23,,,2024,14
Saquon Barkley,PHI,RB,13604,weighted,,,,,,,112.082765895618,9.86147110910989,0.83,0.0920146195721469,0.106529698942229,0.0104206253408957,,,,,2.80409275834011,0.412628913894888,22.6447622922236,2.05159621377357,0.17526444263629,0.0887628487889433,,,,,,,,,,,,,,,,,,,,,,,,,,,,,,,,,2018.0,1997-02-09,,,2024,14
Alvin Kamara,NO,RB,13132,weighted,,,,,,,86.38379402534,4.66455406043785,0.582327095199349,0.19965289964956,0.0761391375101709,0.033794892116904,,,,,5.0660048820179,0.61951118771391,40.2066162966407,2.4195693005648,0.134385679414158,0.0816304865631302,,,,,,,,,,,,,,,,,,,,,,,,,,,,,,,,,2017.0,1995-07-25,,,2024,14
Josh Jacobs,GB,RB,14073,weighted,,,,,,,76.0979745437638,6.05184896349272,0.639316517493897,0.160180540814982,0.0934703010577705,0.0104206253408957,,,,,2.60739218877136,0.428128593905477,20.6242868766709,2.06695456091388,0.0725345809601302,0.0509601425634983,,,,,,,,,,,,,,,,,,,,,,,,,,,,,,,,,2019.0,1998-02-11,,,2024,14
Chase Brown,CIN,RB,16181,weighted,,,,,,,71.9036754620481,9.24051634772099,0.597835638730675,0.19815884574925,0.104353132628153,0.0069470835605971,,,,,3.88172497965826,0.307212291553272,26.8082622341044,3.00734854963637,0.124422294548413,0.0694519480963886,,,,,,,,,,,,,,,,,,,,,,,,,,,,,,,,,2023.0,2000-03-21,,,2024,14
Isaac Guerendo,SF,RB,16688,weighted,,,,,,,74.2789067767058,6.10945193641393,0.413580146460537,0.184883623766016,0.172965825874695,0.0644143864550176,,,,,1.99920667209113,0.292088874530299,15.3563559223527,2.79373642743912,0.0839381611065907,0.0364059278779391,,,,,,,,,,,,,,,,,,,,,,,,,,,,,,,,,2024.0,2000-06-28,,,2024,14
Kyren Williams,LAR,RB,15710,weighted,,,,,,,77.1471283273277,3.93941357405522,0.700691619202604,0.149770749242031,0.150589910496338,0.0370996627360307,,,,,1.84184296175753,0.440513891201231,13.192812972219,2.03503119565219,0.0632506102522376,0.0454598044744486,,,,,,,,,,,,,,,,,,,,,,,,,,,,,,,,,2022.0,2000-08-26,,,2024,14
Jahmyr Gibbs,DET,RB,16162,weighted,,,,,,,68.3686196675578,7.13615504969821,0.660211554109032,0.170172013093833,0.0912937347436941,0.0138941671211942,,,,,2.97567127746135,0.277537123385985,24.3581047309078,2.37812217805625,0.0970951993490643,0.0503422209082469,,,,,,,,,,,,,,,,,,,,,,,,,,,,,,,,,2023.0,2002-03-20,,,2024,14
Devon Achane,MIA,RB,16167,weighted,,,,,,,66.0044408927118,7.71323843892636,0.593360455655004,0.189785959865347,0.0739625711960944,0.0332738469254355,,,,,4.46233523189585,0.326579634067625,33.9070335929327,2.38398235097399,0.267697314890155,0.203600185867812,,,,,,,,,,,,,,,,,,,,,,,,,,,,,,,,,2023.0,2001-10-13,,,2024,14
D'Andre Swift,CHI,RB,14797,weighted,,,,,,,68.3241398349413,7.3117850220974,0.494178193653377,0.225557771935307,0.0674328722538649,0.0338688244154335,,,,,2.34144426362897,0.423423433552964,17.2094542601418,4.27558907102766,0.0486940602115541,0.0469811832326241,,,,,,,,,,,,,,,,,,,,,,,,,,,,,,,,,2020.0,1999-01-14,,,2024,14
Bijan Robinson,ATL,RB,16161,weighted,,,,,,,70.2086650005812,4.96733143267982,0.545703824247356,0.196288913516417,0.104353132628153,0.0069470835605971,,,,,3.9643653376729,0.230483212853507,30.3277321864466,1.9624316464799,0.101110659072417,0.0518029811880444,,,,,,,,,,,,,,,,,,,,,,,,,,,,,,,,,2023.0,2002-01-30,,,2024,14
Tyrone Tracy,NYG,RB,16747,weighted,,,,,,,63.4448384284552,7.41510498397584,0.357115541090317,0.168299656244054,0.182068755085435,0.0601494562808972,,,,,2.25085842148088,0.389725051576745,16.5362786237359,0.902122774256385,0.0513995117982099,0.0479770159403942,,,,,,,,,,,,,,,,,,,,,,,,,,,,,,,,,2024.0,1999-11-23,,,2024,14
Tony Pollard,TEN,RB,14085,weighted,,,,,,,71.8836458212251,5.89884977401685,0.366310008136697,0.159527913969558,0.0934703010577705,0.0104206253408957,,,,,2.8959804719284,0.346804681889144,19.5658014646054,2.76127807204372,0.0552725793327909,0.0517910451653498,,,,,,,,,,,,,,,,,,,,,,,,,,,,,,,,,2019.0,1997-04-30,,,2024,14
Rico Dowdle,DAL,RB,14823,weighted,,,,,,,65.1629780309194,6.10924750815696,0.328270951993491,0.171659057178107,0.1,0.0,,,,,2.29038649308381,0.688332956691183,17.2081744740207,1.96530753751859,0.127937347436941,0.0937044686798947,,,,,,,,,,,,,,,,,,,,,,,,,,,,,,,,,2020.0,1998-06-14,,,2024,14
Najee Harris,PIT,RB,15254,weighted,,,,,,,67.1619109612926,4.48672380222193,0.404772172497966,0.183559075979403,0.0696094385679414,0.0333114118023006,,,,,2.18351098454028,0.413104647590647,16.4127897245147,2.43055710682427,0.0552725793327909,0.0517910451653498,,,,,,,,,,,,,,,,,,,,,,,,,,,,,,,,,2021.0,1998-03-09,,,2024,14
Zach Charbonnet,SEA,RB,16169,weighted,,,,,,,58.3809380448681,11.0852750194778,0.568816110659072,0.192777833083725,0.0848454027664768,0.0390280406770087,,,,,2.99953213995118,0.272189039881603,21.2036620946182,1.49635559128257,0.0918551668022783,0.0416144996610825,,,,,,,,,,,,,,,,,,,,,,,,,,,,,,,,,2023.0,2001-01-08,,,2024,14
James Conner,ARI,RB,13146,weighted,,,,,,,67.7291619202604,2.70591584710489,0.581814483319772,0.206884931564397,0.0934703010577705,0.0104206253408957,,,,,3.03796175752644,0.480695471267709,22.1923026851098,1.82902952985111,0.0732546786004882,0.0490607719772293,,,,,,,,,,,,,,,,,,,,,,,,,,,,,,,,,2017.0,1995-05-05,,,2024,14
Bucky Irving,TB,RB,16598,weighted,,,,,,,65.8121887713588,3.58562646885704,0.626017087062653,0.167315100936248,0.102176566314076,0.0034735417802985,,,,,2.81094385679414,0.194016160963782,20.850384749506,1.92737858520728,0.0619365337672905,0.0558816329801263,,,,,,,,,,,,,,,,,,,,,,,,,,,,,,,,,2024.0,2002-08-19,,,2024,14
James Cook,BUF,RB,15715,weighted,,,,,,,65.6348767871673,4.75120442197988,0.646606997558991,0.178427878988611,0.0934703010577705,0.0104206253408957,,,,,2.34088283157038,0.339666354024248,19.7030774148553,2.20370211696415,0.0892351505288853,0.0386023018419312,,,,,,,,,,,,,,,,,,,,,,,,,,,,,,,,,2022.0,1999-09-25,,,2024,14
Chuba Hubbard,CAR,RB,15261,weighted,,,,,,,61.6602952458445,3.97493888912555,0.361187957689178,0.158781776534922,0.135353946297803,0.0498143241843963,,,,,1.9619853539463,0.59538770213544,12.067366035104,1.82416778103858,0.0272375915378356,0.0392738029841895,,,,,,,,,,,,,,,,,,,,,,,,,,,,,,,,,2021.0,1999-06-11,,,2024,14
Aaron Jones,MIN,RB,13319,weighted,,,,,,,63.7239445542253,2.5268077848592,0.293116354759967,0.146277670960127,0.13753051261188,0.0474468660019332,,,,,3.05412937347437,0.467480113340499,22.2162582819946,3.29631582713817,0.135223759153784,0.0714027447055199,,,,,,,,,,,,,,,,,,,,,,,,,,,,,,,,,2017.0,1994-12-02,,,2024,14
Braelon Allen,NYJ,RB,16596,weighted,,,,,,,50.8671161222829,12.6615198459897,0.2663344182262,0.127402200751203,0.055939788445891,0.0412941351982458,,,,,2.26327095199349,0.66789571193705,17.1760699755899,4.96112819355716,0.11333197721725,0.069423124660533,,,,,,,,,,,,,,,,,,,,,,,,,,,,,,,,,2024.0,2004-01-20,,,2024,14
David Montgomery,DET,RB,14071,weighted,,,,,,,59.4434360106939,3.33390005269683,0.714344995931652,0.141005987144447,0.0934703010577705,0.0104206253408957,,,,,2.14108218063466,0.371270320036562,17.6756050215041,1.8937136293465,0.0425589910496338,0.0521183902482353,,,,,,,,,,,,,,,,,,,,,,,,,,,,,,,,,2019.0,1997-06-07,,,2024,14
Nick Chubb,CLE,RB,13610,weighted,,,,,,,55.3091677321864,3.55637074211739,0.315878763222132,0.145392183582513,0.0717860048820179,0.0331109352063695,,,,,0.899910496338487,0.597436145149245,7.80752760664884,2.45363138680996,0.0552115541090317,0.0728269573454488,,,,,,,,,,,,,,,,,,,,,,,,,,,,,,,,,2018.0,1995-12-27,,,2024,14
Isiah Pacheco,KC,RB,15749,weighted,,,,,,,51.0470800062627,5.28691605858736,0.396946923438234,0.0575904784516386,0.0867768905589479,0.0227118439723566,,,,,2.14616721465477,0.251728840692026,15.0946156254893,1.97762006738961,0.0630483795209018,0.0512297976025235,,,,,,,,,,,,,,,,,,,,,,,,,,,,,,,,,2022.0,1999-03-02,,,2024,14
Travis Etienne,JAC,RB,15253,weighted,,,,,,,47.7192543298849,7.45427111584319,0.25753051261188,0.129786798577653,0.0739625711960944,0.0332738469254355,,,,,2.56572823433686,0.370861572460345,17.3659996512844,1.95511682459434,0.0513425549227014,0.0479511616114922,,,,,,,,,,,,,,,,,,,,,,,,,,,,,,,,,2021.0,1999-01-26,,,2024,14
Sincere McCormick,LVR,RB,15743,weighted,,,,,,,40.6731227493346,12.5559498100959,0.251770784405824,0.136424554425787,0.0889807421324566,0.0189265366436305,,,,,1.33380930014091,0.469434067399304,8.71988335681854,3.16864376843037,0.0298356035697511,0.0428766912999154,,,,,,,,,,,,,,,,,,,,,,,,,,,,,,,,,2022.0,2000-09-10,,,2024,14
Gus Edwards,LAC,RB,13850,weighted,,,,,,,43.2722172497966,6.10458008096643,0.451761594792514,0.236140805141795,0.0912937347436941,0.0138941671211942,,,,,0.779043938161107,0.400369463120732,7.35929152621179,1.508092115673,0.0092839707078925,0.0169514529087727,,,,,,,,,,,,,,,,,,,,,,,,,,,,,,,,,2018.0,1995-04-13,,,2024,14
Kareem Hunt,KC,RB,13138,weighted,,,,,,,38.2342979193305,5.98635399517837,0.278303498779496,0.126390797981031,0.0494100895036615,0.0370996627360307,,,,,1.42271358828316,0.376063009661019,9.94124142740904,1.9068073218622,0.0400244100895037,0.0528980317507922,,,,,,,,,,,,,,,,,,,,,,,,,,,,,,,,,2017.0,1995-08-06,,,2024,14
Tank Bigsby,JAC,RB,16164,weighted,,,,,,,39.2626275717773,4.03441395765761,0.241834825061025,0.109911094087992,0.055939788445891,0.0412941351982458,,,,,0.865386493083808,0.365732290073684,5.84989887248634,2.44276826466759,0.0132424735557364,0.0238514600396371,,,,,,,,,,,,,,,,,,,,,,,,,,,,,,,,,2023.0,2002-08-30,,,2024,14
Jaylen Warren,PIT,RB,15742,weighted,,,,,,,36.605290015111,4.20011992729837,0.172620016273393,0.0926345035233613,0.0934703010577705,0.0104206253408957,,,,,2.47399918633035,0.330029601190557,19.7806985935139,2.13607936435902,0.0659804719283971,0.0605623852448378,,,,,,,,,,,,,,,,,,,,,,,,,,,,,,,,,2022.0,1998-11-01,,,2024,14
Ameer Abdullah,LVR,RB,12155,weighted,,,,,,,35.8137405556201,3.38682777381219,0.169157851912124,0.0748191545899773,0.110008136696501,0.0926006017801667,,,,,2.78823840520749,0.203243152452465,18.7910938044868,2.13472018809914,0.13853132628153,0.0734065661657387,,,,,,,,,,,,,,,,,,,,,,,,,,,,,,,,,2015.0,1993-06-13,,,2024,14
Jerome Ford,CLE,RB,15713,weighted,,,,,,,30.1072218993374,6.39026942448106,0.102420667209113,0.054207197240229,0.0087062652563059,0.0138941671211942,,,,,1.94692839707079,0.462872729012529,13.7317592700221,2.2224348882606,0.0653091944670464,0.0460329590619453,,,,,,,,,,,,,,,,,,,,,,,,,,,,,,,,,2022.0,1999-09-12,,,2024,14
Devin Singletary,NYG,RB,14080,weighted,,,,,,,34.4097681041497,5.60555551239566,0.148498779495525,0.0735649687306889,0.0505899104963385,0.0370996627360307,,,,,1.19522782750203,0.218128966156255,8.62578577240497,0.974627653844503,0.0092839707078925,0.0169514529087727,,,,,,,,,,,,,,,,,,,,,,,,,,,,,,,,,2019.0,1997-09-03,,,2024,14
Rachaad White,TB,RB,15721,weighted,,,,,,,35.4593943973033,2.51454720019677,0.191920260374288,0.103522092575947,0.1,0.0,,,,,3.07720097640358,0.103991370149401,24.25483726607,2.54577764142134,0.165858421480879,0.107258837127101,,,,,,,,,,,,,,,,,,,,,,,,,,,,,,,,,2022.0,1999-01-12,,,2024,14
Tyler Allgeier,ATL,RB,15712,weighted,,,,,,,30.7566523305824,2.54537670861425,0.149894222945484,0.0737070652703696,0.0087062652563059,0.0138941671211942,,,,,0.700984540276648,0.3495349916646,5.94024177612461,0.836410266546078,0.0105939788445891,0.0190811680317097,,,,,,,,,,,,,,,,,,,,,,,,,,,,,,,,,2022.0,2000-04-15,,,2024,14
Trey Benson,ARI,RB,16594,weighted,,,,,,,25.5173799837266,3.53458738597272,0.140492270138324,0.0749421751736808,0.0087062652563059,0.0138941671211942,,,,,0.539109031733116,0.302768720357073,3.75137103336046,0.945248967474025,0.0066354759967453,0.0122708172457654,,,,,,,,,,,,,,,,,,,,,,,,,,,,,,,,,2024.0,2002-07-23,,,2024,14
Jonathon Brooks,CAR,RB,16597,weighted,,,,,,,23.9883871905149,5.71635338272098,0.105789259560618,0.0796672120298864,0.0310821806346623,0.0337756182013682,,,,,1.37979658258747,0.332016790868285,8.63583052423573,1.13616654605681,0.0119324654190399,0.0216712234827547,,,,,,,,,,,,,,,,,,,,,,,,,,,,,,,,,2024.0,2003-07-21,,,2024,14
Jaylen Wright,MIA,RB,16610,weighted,,,,,,,28.1438672556085,2.26013353716418,0.140663140764849,0.0740695127482657,0.115154597233523,0.0390280406770087,,,,,0.833165174938975,0.352575392277352,5.73222480530048,2.68858588094199,0.0131855166802278,0.0262261275898114,,,,,,,,,,,,,,,,,,,,,,,,,,,,,,,,,2024.0,2003-04-01,,,2024,14
Isaiah Davis,NYJ,RB,16752,weighted,,,,,,,22.4896483784726,5.30070863483722,0.0972375915378356,0.0456540154185725,0.0310821806346623,0.0337756182013682,,,,,1.76306753458096,0.778218143770983,13.820726490759,4.16667284635011,0.0698291293734744,0.0487894579932969,,,,,,,,,,,,,,,,,,,,,,,,,,,,,,,,,2024.0,2002-02-21,,,2024,14
Ray Davis,BUF,RB,16603,weighted,,,,,,,22.845759037545,4.63833495419204,0.12573230268511,0.0705438948758844,0.0065296989422294,0.0104206253408957,,,,,0.588226200162734,0.427458533338479,7.67506683714983,3.92523729138043,0.0379210740439382,0.0451520370463379,,,,,,,,,,,,,,,,,,,,,,,,,,,,,,,,,2024.0,1999-11-20,,,2024,14
Tyjae Spears,TEN,RB,16165,weighted,,,,,,,25.6741125188888,2.65388679438582,0.115105777054516,0.0636706920830944,0.0108828315703824,0.0173677089014928,,,,,1.81146460537022,0.451988982823053,14.4358340113914,1.87139940672588,0.0439544344995932,0.0548596703098724,,,,,,,,,,,,,,,,,,,,,,,,,,,,,,,,,2023.0,2001-06-15,,,2024,14
Kimani Vidal,LAC,RB,16757,weighted,,,,,,,20.8544527947393,5.47661980464373,0.130789102865195,0.0416660990111765,0.0337623297322687,0.037328667033338,,,,,1.25216063879756,0.553243801654211,9.05202599029278,3.26438862780123,0.0678064819163927,0.041528810293693,,,,,,,,,,,,,,,,,,,,,,,,,,,,,,,,,2024.0,2001-08-28,,,2024,14
Emanuel Wilson,GB,RB,16432,weighted,,,,,,,18.3073613855632,5.2547419297077,0.093193653376729,0.0420808564350561,0.0065296989422294,0.0104206253408957,,,,,0.473657445077299,0.408742616634968,3.78250203417412,2.14615876616865,0.0218836452400325,0.0383973914253322,,,,,,,,,,,,,,,,,,,,,,,,,,,,,,,,,2023.0,1999-05-08,,,2024,14
Cam Akers,MIN,RB,14799,weighted,,,,,,,25.2279231250979,1.6627099360409,0.168318459370597,0.0535960024100281,0.0282527007984969,0.0367012890401048,,,,,0.9877266322217,0.0689744710669566,6.40444809769845,0.649220817669265,0.0662987896938969,0.0757704643551213,,,,,,,,,,,,,,,,,,,,,,,,,,,,,,,,,2020.0,1970-01-01,,,2024,14
Blake Corum,LAR,RB,16593,weighted,,,,,,,21.4746995234221,3.13736320889199,0.0723881204231082,0.071769237852758,0.0087062652563059,0.0138941671211942,,,,,0.250699755899105,0.17760641077999,2.42372602580495,0.424607392007742,0.0052969894222945,0.0095405840158548,,,,,,,,,,,,,,,,,,,,,,,,,,,,,,,,,2024.0,2000-11-25,,,2024,14
Kenny McIntosh,SEA,RB,16170,weighted,,,,,,,15.0344457142857,6.78216704633721,0.0841314285714286,0.0757630548560562,0.0255851428571429,0.0421833179816514,,,,,0.995925714285714,0.448500775324155,7.39932571428571,3.45093476753475,0.0325771428571429,0.0445919912334471,,,,,,,,,,,,,,,,,,,,,,,,,,,,,,,,,2023.0,2000-03-03,,,2024,14
Travis Homer,CHI,RB,14083,weighted,,,,,,,17.228507204611,6.80767187042188,0.0640057636887608,0.0568709124986768,0.0,0.0,,,,,0.974634005763689,0.443546100567977,6.40491642651297,3.99447198790346,0.0452449567723343,0.0452513700302287,,,,,,,,,,,,,,,,,,,,,,,,,,,,,,,,,2019.0,1998-08-07,,,2024,14
Kenneth Gainwell,PHI,RB,15255,weighted,,,,,,,18.9739596652331,5.65197269780208,0.0712815296989422,0.0517790895795944,0.0,0.0,,,,,0.537693246541904,0.464303059616906,4.55396140881088,2.01546681713821,0.0119894222945484,0.0256858566307008,,,,,,,,,,,,,,,,,,,,,,,,,,,,,,,,,2021.0,1999-03-14,,,2024,14
Chris Brooks,GB,RB,16387,weighted,,,,,,,16.1415669856459,5.54438059929854,0.109131920710868,0.0937210348128548,0.0,0.0,,,,,0.469166097060834,0.324014641840935,4.06649008885851,0.643242715075222,0.0,0.0,,,,,,,,,,,,,,,,,,,,,,,,,,,,,,,,,2023.0,2000-01-11,,,2024,14
Patrick Taylor,SF,RB,14817,weighted,,,,,,,15.989699719888,4.52993430197506,0.0817254901960784,0.027844465928354,0.0662128851540616,0.037437355290208,,,,,1.23704761904762,0.497628969993436,6.52469803921569,1.27457090087201,0.063406162464986,0.0425702019861281,,,,,,,,,,,,,,,,,,,,,,,,,,,,,,,,,2020.0,,,,2024,14
Kendre Miller,NO,RB,16171,weighted,,,,,,,14.4950626272115,5.01911572151809,0.084870831376233,0.0580868255834081,0.0,0.0,,,,,0.639065288868013,0.238360858124025,3.85739549084077,1.15566659565108,0.0107844058243307,0.0233967733383145,,,,,,,,,,,,,,,,,,,,,,,,,,,,,,,,,2023.0,2002-06-11,,,2024,14
Ezekiel Elliott,DAL,RB,12625,weighted,,,,,,,14.3697576426828,3.56603670659641,0.101720911310008,0.102122979318845,0.0260374288039056,0.0332738469254355,,,,,0.670284784377543,0.440451957211224,5.04775252818784,1.9662527617024,0.0199389747762408,0.035947306877076,,,,,,,,,,,,,,,,,,,,,,,,,,,,,,,,,2016.0,1995-07-22,,,2024,14
Emari Demercado,ARI,RB,16385,weighted,,,,,,,13.378839939556,3.14781537019095,0.0786696501220504,0.0362099572507797,0.0130593978844589,0.0208412506817913,,,,,0.878104149715216,0.223110762657733,6.08182901313495,1.61054567884646,0.0105939788445891,0.0190811680317097,,,,,,,,,,,,,,,,,,,,,,,,,,,,,,,,,2023.0,1999-01-20,,,2024,14
Cordarrelle Patterson,PIT,RB,11225,weighted,,,,,,,12.4979942279942,3.51187899240727,0.0667628667628668,0.0542090618169594,0.0,0.0,,,0.06,7.609888580279279e-18,0.725709475709476,0.16576213810835,5.44642616642617,1.22409151212367,0.008451208540574,0.0195859163621382,,,,,,,,,,,,,,,,,,,,,,,,,,,,,,,,,2013.0,1991-03-17,,,2024,14
Ty Johnson,BUF,RB,14095,weighted,,,,,,,11.2307538068116,3.74450636411292,0.0566151342554923,0.0459617512780716,0.0,0.0,,,,,0.779056143205858,0.553163569054514,7.43101185632919,2.8787778322721,0.0647314890154597,0.0550755354190864,,,,,,,,,,,,,,,,,,,,,,,,,,,,,,,,,2019.0,1997-09-17,,,2024,14
Khalil Herbert,CIN,RB,15271,weighted,,,,,,,13.5534514285714,3.62369243518567,0.114177142857143,0.0510468244358659,0.0279857142857143,0.0406528036767803,,,,,0.85528,0.266698127458536,5.97844,2.00894130581057,0.08512,0.0216503687737584,,,,,,,,,,,,,,,,,,,,,,,,,,,,,,,,,2021.0,1970-01-01,,,2024,14
Ty Chandler,MIN,RB,15723,weighted,,,,,,,6.6126916426513,5.93542682010397,0.0319193083573487,0.0419900871786066,0.0028342939481268,0.0040804347244486,,,,,0.310796541786744,0.160507660931259,2.04447723342939,1.10845507987842,0.006889391192079,0.0082598279301479,,,,,,,,,,,,,,,,,,,,,,,,,,,,,,,,,2022.0,1998-05-12,,,2024,14
Jamaal Williams,NO,RB,13139,weighted,,,,,,,12.9856661856662,2.73600201615344,0.0872390572390572,0.0435221395826441,0.0,0.0,,,,,0.453468013468013,0.356740730241813,3.17973063973064,1.83712615719848,0.0053554522118878,0.0117038796617912,,,,,,,,,,,,,,,,,,,,,,,,,,,,,,,,,2017.0,,,,2024,14
Carson Steele,KC,RB,16612,weighted,,,,,,,4.95611664295875,7.26835138345529,0.0,0.0,0.116073968705548,0.127294329102486,,,,,0.193072546230441,0.136293698690173,0.712652916073969,0.273484926847747,0.0027355772339325,0.0046694153606652,,,,,,,,,,,,,,,,,,,,,,,,,,,,,,,,,2024.0,2002-10-21,,,2024,14
Pierre Strong Jr.,CLE,RB,15733,weighted,,,,,,,5.05641037463977,4.94815231081199,0.0099175774787513,0.0122968987771493,0.0,0.0,,,,,0.238263976945245,0.161446914561898,2.20842766570605,1.59371447314264,0.003760288184438,0.0041880880182394,,,,,,,,,,,,,,,,,,,,,,,,,,,,,,,,,2022.0,1998-12-10,,,2024,14
Sean Tucker,TB,RB,16166,weighted,,,,,,,7.60299182299182,4.16629335652742,0.0859307359307359,0.0690528640722397,0.0066262626262626,0.0114912871905992,,,,,0.234959114959115,0.238002658903929,2.60326118326118,2.57893013159285,0.0188600288600289,0.0387506992941164,,,,,,,,,,,,,,,,,,,,,,,,,,,,,,,,,2023.0,2001-10-25,,,2024,14
Jeffery Wilson,MIA,RB,14017,weighted,,,,,,,7.60391576550939,3.65487300925832,0.0233238474672738,0.0432048778252023,0.0246033010813887,0.0413722328852258,,,,,0.310308480364257,0.326785406959866,2.04890381331816,1.64932861590392,0.0022666579583306,0.004251624859556,,,,,,,,,,,,,,,,,,,,,,,,,,,,,,,,,2018.0,1970-01-01,,,2024,14
Hassan Haskins,LAC,RB,15720,weighted,,,,,,,7.90937714285714,3.57821347655435,0.0796742857142857,0.0569668826360051,0.114857142857143,0.112474232271367,,,,,0.345302857142857,0.237118068480594,3.48839428571429,3.16585265703038,0.0074,0.0127503916829963,,,,,,,,,,,,,,,,,,,,,,,,,,,,,,,,,2022.0,1999-11-26,,,2024,14
Will Shipley,PHI,RB,16601,weighted,,,,,,,4.82358857142857,3.23545428715332,0.0252171428571429,0.0422314387924767,0.0,0.0,,,,,0.1334,0.0504800924173516,0.882931428571428,0.542196584603575,0.0056,0.0088346389774201,,,,,,,,,,,,,,,,,,,,,,,,,,,,,,,,,2024.0,2002-08-29,,,2024,14
Samaje Perine,KC,RB,13133,weighted,,,,,,,4.81480355689876,2.50846461502524,0.0353010577705452,0.0462648434947633,0.0087062652563059,0.0138941671211942,,,,,1.15622457282343,0.62778100686246,10.7381285598047,3.92698528941148,0.0479454841334418,0.0471267799108226,,,,,,,,,,,,,,,,,,,,,,,,,,,,,,,,,2017.0,1995-09-16,,,2024,14
Craig Reynolds,DET,RB,14727,weighted,,,,,,,3.12625177809388,3.15227453131148,0.0046301564722617,0.0057729487246234,0.0,0.0,,,,,0.228428165007112,0.108368735075076,2.03103840682788,1.0206584973923,0.0038680556461821,0.0049904437129552,,,,,,,,,,,,,,,,,,,,,,,,,,,,,,,,,2019.0,1996-06-15,,,2024,14
Dalvin Cook,DAL,RB,13128,weighted,,,,,,,3.46490066225166,5.65685424949238,0.0,0.0,0.0,0.0,,,,,0.173245033112583,0.282842712474619,0.866225165562914,1.4142135623731,0.0,0.0,,,,,,,,,,,,,,,,,,,,,,,,,,,,,,,,,2017.0,1995-08-10,,,2024,14
Clyde Edwards-Helaire,KC,RB,14803,weighted,,,,,,,7.0,1.25607980463071e-15,0.0,0.0,0.0,0.0,,,,,0.9,0.0,10.0,0.0,0.0,0.0,,,,,,,,,,,,,,,,,,,,,,,,,,,,,,,,,2020.0,1970-01-01,O,Coach's Decision,2024,14
Keilan Robinson,JAC,RB,16748,weighted,,,,,,,2.98355742296919,2.31952975355821,0.0259912854030501,0.0484015561110051,0.0,0.0,,,0.06,0.0,0.129810924369748,0.0464163978363935,0.924712885154062,0.349050969614494,0.0,0.0,,,,,,,,,,,,,,,,,,,,,,,,,,,,,,,,,2024.0,2000-02-16,,,2024,14
Eric Gray,NYG,RB,16173,weighted,,,,,,,3.4638386167147,1.42303432595654,0.0093602305475504,0.0139553143482916,0.0,0.0,,,,,0.486265129682997,0.263526540169438,4.1064265129683,0.64801711461895,0.013193083573487,0.0216658212785891,,,,,,,,,,,,,,,,,,,,,,,,,,,,,,,,,2023.0,1999-11-04,,,2024,14
Dylan Laube,LVR,RB,16613,weighted,,,,,,,2.89571033210332,1.83491867044899,0.006070110701107,0.0113103021929023,0.0332011070110701,0.0542402802635586,,,,,0.263551660516605,0.0633201738794603,1.40672509225092,0.654195283126822,0.0030350553505535,0.0056551510964511,,,,,,,,,,,,,,,,,,,,,,,,,,,,,,,,,2024.0,1999-12-14,,,2024,14
Hunter Luepke,DAL,RB,16391,weighted,,,,,,,3.07442389758179,0.810346534294733,0.0045803698435277,0.0097298535306984,0.0,0.0,,,,,0.807866287339972,0.146064533774099,6.09584637268848,1.05200526119844,0.0068705547652916,0.0145947802960476,,,,,,,,,,,,,,,,,,,,,,,,,,,,,,,,,2023.0,2000-02-28,,,2024,14
Deuce Vaughn,DAL,RB,16176,weighted,,,,,,,4.0,0.0,0.0,0.0,0.0,0.0,,,,,0.4,0.0,2.0,0.0,0.0,0.0,,,,,,,,,,,,,,,,,,,,,,,,,,,,,,,,,2023.0,2001-11-02,,,2024,14
Trayveon Williams,CIN,RB,14076,weighted,,,,,,,4.0,0.0,0.0,0.0,0.0,0.0,,,,,0.2,0.0,1.0,0.0,0.0,0.0,,,,,,,,,,,,,,,,,,,,,,,,,,,,,,,,,2019.0,1970-01-01,,,2024,14
Kyle Juszczyk,SF,RB,11367,weighted,,,,,,,2.37346285714286,0.593740315814678,0.0233371428571429,0.0432942157606969,0.0289571428571429,0.0412928891621357,,,,,1.28389714285714,0.513021603091734,11.2173371428571,3.98738486417338,0.0318171428571429,0.0465477509556397,,,,,,,,,,,,,,,,,,,,,,,,,,,,,,,,,2013.0,1991-04-23,,,2024,14
Alec Ingold,MIA,RB,14420,weighted,,,,,,,1.71334857142857,0.74178586202389,0.05984,0.087955196810115,0.0569428571428571,0.0436849998911163,,,,,0.397702857142857,0.274280169258661,4.00512,1.65702771543961,0.00368,0.0086783667896099,,,,,,,,,,,,,,,,,,,,,,,,,,,,,,,,,2019.0,1996-07-09,,,2024,14
Ronnie Rivers,LAR,RB,15726,weighted,,,,,,,1.13670205237084,1.26106462287871,0.0,0.0,0.0,0.0,,,,,0.148450106157113,0.173409838177343,0.587728237791932,0.295812956205462,0.0,0.0,,,,,,,,,,,,,,,,,,,,,,,,,,,,,,,,,2022.0,1999-01-31,,,2024,14
Raheem Blackshear,CAR,RB,15973,weighted,,,,,,,1.00015071348405,0.969660701244527,0.0179724779265009,0.0401323622669112,0.0,0.0,,,,,0.151195286195286,0.0851858886420778,0.900955587622254,0.580214913076482,0.0,0.0,,,,,,,,,,,,,,,,,,,,,,,,,,,,,,,,,2022.0,1998-06-05,,,2024,14
DeeJay Dallas,ARI,RB,14815,weighted,,,,,,,1.31115619596542,0.699106575209921,0.0,0.0,0.0,0.0,,,,,0.122829971181556,0.102053243462018,0.976888760806916,0.722267320676255,0.0028040345821325,0.0040483971897359,,,,,,,,,,,,,,,,,,,,,,,,,,,,,,,,,2020.0,1998-09-16,,,2024,14
Kene Nwangwu,NYJ,RB,15414,weighted,,,,,,,2.13472919418758,0.21920310216783,0.0,0.0,0.0,0.0,,,,,0.334808454425363,0.106066017177982,2.01323645970938,0.791959594928933,0.0,0.0,,,,,,,,,,,,,,,,,,,,,,,,,,,,,,,,,2021.0,1998-02-09,,,2024,14
Julius Chestnut,TEN,RB,15965,weighted,,,,,,,1.10100278551532,0.931329262564202,0.0029897864438254,0.0056331278799019,0.0,0.0,,,,,0.102989786443825,0.0056331278799019,1.02631383472609,0.826369171674622,0.0029897864438254,0.0056331278799019,,,,,,,,,,,,,,,,,,,,,,,,,,,,,,,,,2022.0,2000-10-26,,,2024,14
C.J. Ham,MIN,RB,12923,weighted,,,,,,,0.727706285714286,0.367265706071896,0.0217690095238095,0.0435952162220763,0.0289571428571429,0.0412928891621357,,,,,0.302891428571429,0.272429686425674,1.9016,0.948941972611383,0.00184,0.0043391833948049,,,,,,,,,,,,,,,,,,,,,,,,,,,,,,,,,2016.0,1993-07-22,,,2024,14
Avery Williams,ATL,RB,15454,weighted,,,,,,,1.0,0.0,0.0,0.0,0.0,0.0,,,,,0.1,0.0,0.0,0.0,0.0,0.0,,,,,,,,,,,,,,,,,,,,,,,,,,,,,,,,,2021.0,1998-07-15,,,2024,14
Adam Prentice,NO,RB,15650,weighted,,,,,,,0.524019153537226,0.158295122655568,0.0,0.0,0.0,0.0,,,,,0.115143651529194,0.102241648513423,1.43671918443003,0.522088059594307,0.0029842446709916,0.0056295727426032,,,,,,,,,,,,,,,,,,,,,,,,,,,,,,,,,2021.0,1997-01-16,,,2024,14
Ja'Marr Chase,CIN,WR,15281,weighted,,,,,,,0.541220504475183,0.364902585478947,0.0,0.0,0.047233523189585,0.0362634812115056,,,,,6.66958502847844,0.269199628698476,91.4640759037545,7.47942944837264,0.824320585842148,0.197961545059477,,,,,,,,,,,,,,,,,,,,,,,,,,,,,,,,,2021.0,2000-03-01,,,2024,14
Justin Jefferson,MIN,WR,14836,weighted,,,,,,,0.263091944670464,0.226625883412436,0.0,0.0,0.047233523189585,0.0362634812115056,,,,,6.12694873881204,0.266620290893611,89.6681372776938,2.99736844375761,0.649938974776241,0.263567870781205,,,,,,,,,,,,,,,,,,,,,,,,,,,,,,,,,2020.0,1999-06-16,,,2024,14
A.J. Brown,PHI,WR,14104,weighted,,,,,,,0.0961187957689178,0.130276661193056,0.0,0.0,0.0912937347436941,0.0138941671211942,,,,,5.46854759967453,0.393788338067521,80.4258985237708,6.23328163111956,0.447790886899919,0.20988314882951,,,,,,,,,,,,,,,,,,,,,,,,,,,,,,,,,2019.0,1997-06-30,,,2024,14
Puka Nacua,LAR,WR,16211,weighted,,,,,,,2.83564570498663,0.530498939328341,0.0029763040665921,0.0072109103087192,0.047233523189585,0.0362634812115056,,,,,6.18010577705452,0.472114498314708,81.4060095315588,5.53206186617491,0.37413344182262,0.193027462254686,,,,,,,,,,,,,,,,,,,,,,,,,,,,,,,,,2023.0,2001-05-29,,,2024,14
Jerry Jeudy,CLE,WR,14833,weighted,,,,,,,0.328043124491456,0.331639712476857,0.0,0.0,0.0494100895036615,0.0370996627360307,,,,,5.11348657445077,0.443637793524542,77.4660321980704,8.98361036882264,0.284662327095199,0.128928631477105,,,,,,,,,,,,,,,,,,,,,,,,,,,,,,,,,2020.0,1999-04-24,,,2024,14
CeeDee Lamb,DAL,WR,14832,weighted,,,,,,,4.53216378007672,1.06284710820645,0.0199104963384866,0.0359426073796876,0.0912937347436941,0.0138941671211942,,,,,6.41860862489829,0.552846225740823,75.9539590840404,7.30324124874521,0.381114727420667,0.168211623191643,,,,,,,,,,,,,,,,,,,,,,,,,,,,,,,,,2020.0,1999-04-08,,,2024,14
Tee Higgins,CIN,WR,14835,weighted,,,,,,,0.117941415785191,0.171662794696563,0.0,0.0,0.051586655817738,0.0382342891352277,,,,,5.85740032546786,0.488988201642184,76.7089695455074,5.37984847134896,0.693856794141579,0.233556742465001,,,,,,,,,,,,,,,,,,,,,,,,,,,,,,,,,2020.0,1999-01-18,,,2024,14
Malik Nabers,NYG,WR,16615,weighted,,,,,,,1.48371905149366,0.848548533557409,0.0027991029788247,0.0072363627694143,0.0450569568755085,0.0357466942391345,,,,,5.5993409275834,0.744956771169419,67.8290439381611,7.78107096992769,0.299410089503661,0.152036897173,,,,,,,,,,,,,,,,,,,,,,,,,,,,,,,,,2024.0,2003-07-28,,,2024,14
Amon-Ra St. Brown,DET,WR,15287,weighted,,,,,,,1.09289666395443,0.598701851359942,0.0035123406563601,0.0070922549401847,0.047233523189585,0.0362634812115056,,,,,6.61486167615948,0.346072130575979,74.7418150645124,3.09894040564803,0.598791700569569,0.307328213911215,,,,,,,,,,,,,,,,,,,,,,,,,,,,,,,,,2021.0,1999-10-24,,,2024,14
Ladd McConkey,LAC,WR,16627,weighted,,,,,,,0.0,0.0,0.0,0.0,0.0,0.0,,,,,3.53700483091787,2.96765770034722,38.9246376811594,38.0731841680072,0.272850241545894,0.228398931641554,,,,,,,,,,,,,,,,,,,,,,,,,,,,,,,,,2024.0,2001-11-11,O,Knee,2024,14
DK Metcalf,SEA,WR,14102,weighted,,,,,,,0.0815703824247355,0.103321800134893,0.0,0.0,0.0912937347436941,0.0138941671211942,,,,,4.79914564686737,0.388081924422811,70.3081866790654,3.97937231129514,0.342554922701383,0.154090414299285,,,,,,,,,,,,,,,,,,,,,,,,,,,,,,,,,2019.0,1997-12-14,,,2024,14
Calvin Ridley,TEN,WR,13629,weighted,,,,,,,1.37462048122748,0.809294436944639,0.0311228641171684,0.0467557837509976,0.0912937347436941,0.0138941671211942,,,,,4.3946786004882,0.422768263851949,65.62311635476,4.76560537855285,0.324434499593165,0.14268183606204,,,,,,,,,,,,,,,,,,,,,,,,,,,,,,,,,2018.0,1994-12-20,,,2024,14
Drake London,ATL,WR,15751,weighted,,,,,,,0.461554109031733,0.519124617154315,0.0014938143916386,0.0035854802776509,0.047233523189585,0.0362634812115056,,,,,5.80884865744508,0.213945591465696,70.266411716843,2.53631031456504,0.351842961757526,0.150749062333794,,,,,,,,,,,,,,,,,,,,,,,,,,,,,,,,,2022.0,2001-07-24,,,2024,14
Mike Evans,TB,WR,11671,weighted,,,,,,,0.26806753458096,0.335346847607081,0.0,0.0,0.047233523189585,0.0362634812115056,,,,,5.01459316517494,0.542420327399222,67.3517412530513,5.1614079849837,0.73160292921074,0.21697273909442,,,,,,,,,,,,,,,,,,,,,,,,,,,,,,,,,2014.0,1993-08-21,,,2024,14
Jaxon Smith-Njigba,SEA,WR,16185,weighted,,,,,,,1.25744798326165,0.560309644306152,0.0027474911852454,0.0072499215962179,0.0494100895036615,0.0370996627360307,,,,,5.82234336859235,0.371237264587312,65.7375630593979,3.8598621884547,0.302416598860862,0.146835563403604,,,,,,,,,,,,,,,,,,,,,,,,,,,,,,,,,2023.0,2002-02-14,,,2024,14
Cooper Kupp,LAR,WR,13164,weighted,,,,,,,1.06966639544345,0.604479137108334,0.00175617032818,0.0035461274700923,0.047233523189585,0.0362634812115056,,,,,6.18918226200163,0.489185538748088,64.6490718354063,4.38049083222523,0.401794141578519,0.17602357080952,,,,,,,,,,,,,,,,,,,,,,,,,,,,,,,,,2017.0,1993-06-15,,,2024,14
Tyreek Hill,MIA,WR,12801,weighted,,,,,,,2.20969371149599,0.820401490913382,0.0030199375654791,0.0072096849413416,0.0087062652563059,0.0138941671211942,,,,,4.94411310008137,0.483545091919024,64.5911536673253,4.41737944265011,0.417070789259561,0.180820850953054,,,,,,,,,,,,,,,,,,,,,,,,,,,,,,,,,2016.0,1994-03-01,,,2024,14
Brian Thomas Jr.,JAC,WR,16618,weighted,,,,,,,2.53129140997327,0.691487996894834,0.0027668895413969,0.0072445022978865,0.047233523189585,0.0362634812115056,,,,,4.34828315703824,0.372391297975616,62.462688597001,6.07614605096771,0.362087062652563,0.187788644862921,,,,,,,,,,,,,,,,,,,,,,,,,,,,,,,,,2024.0,2002-10-08,,,2024,14
Jauan Jennings,SF,WR,14860,weighted,,,,,,,1.04525630593979,1.35255742502917,0.0,0.0,0.0,0.0,,,,,4.72871033360456,0.432198280892705,63.428862024875,4.70117257361117,0.305052888527258,0.139646304896617,,,,,,,,,,,,,,,,,,,,,,,,,,,,,,,,,2020.0,1997-07-10,,,2024,14
Jakobi Meyers,LVR,WR,14127,weighted,,,,,,,1.45102522375915,0.376740235463114,0.0166962041665052,0.0358079229258361,0.0494100895036615,0.0370996627360307,,,,,5.75390154597233,0.23587770137824,65.7733569684994,3.00922416653622,0.313921887713588,0.140730554039185,,,,,,,,,,,,,,,,,,,,,,,,,,,,,,,,,2019.0,1996-11-09,,,2024,14
Davante Adams,NYJ,WR,11675,weighted,,,,,,,0.0761147274206672,0.0934542782200074,0.0,0.0,0.0108828315703824,0.0173677089014928,,,,,5.35807160292921,0.434502796130207,64.4289579216552,2.79599190811408,0.350805532953621,0.16157283537287,,,,,,,,,,,,,,,,,,,,,,,,,,,,,,,,,2014.0,1992-12-24,,,2024,14
D.J. Moore,CHI,WR,13635,weighted,,,,,,,2.71485179588516,0.911216030389567,0.0027965199974964,0.0072369757703615,0.0494100895036615,0.0370996627360307,,,,,5.13173718470301,0.397482336935018,61.4045280716029,4.07572532073818,0.331814483319772,0.167110364353215,,,,,,,,,,,,,,,,,,,,,,,,,,,,,,,,,2018.0,1997-04-14,,,2024,14
Khalil Shakir,BUF,WR,15761,weighted,,,,,,,0.747634546088574,0.616085311942043,0.0,0.0,0.0,0.0,,,,,5.44834825061025,0.320835442617201,65.2537696152505,2.54302367997086,0.305240032546786,0.168948004869746,,,,,,,,,,,,,,,,,,,,,,,,,,,,,,,,,2022.0,2000-02-03,,,2024,14
Garrett Wilson,NYJ,WR,15753,weighted,,,,,,,0.440862489829129,0.495721996499042,0.0,0.0,0.0891171684296176,0.0173677089014928,,,,,5.31737591537836,0.374267863949864,61.1136958037894,3.82127440146754,0.275821806346623,0.121657945211123,,,,,,,,,,,,,,,,,,,,,,,,,,,,,,,,,2022.0,2000-07-22,,,2024,14
Marvin Harrison Jr.,ARI,WR,16614,weighted,,,,,,,0.0979373474369406,0.133691827227762,0.0,0.0,0.0912937347436941,0.0138941671211942,,,,,4.0649755899105,0.139307456836372,56.7142432872254,4.55745747013809,0.382628152969894,0.184402237605391,,,,,,,,,,,,,,,,,,,,,,,,,,,,,,,,,2024.0,2002-08-11,,,2024,14
Jayden Reed,GB,WR,16184,weighted,,,,,,,5.95629780309194,2.09631526558307,0.0392595606183889,0.0457170295377174,0.047233523189585,0.0362634812115056,,,,,4.35296989422295,0.35181595401629,59.6521858653958,4.68907945307949,0.350272579332791,0.17549919587627,,,,,,,,,,,,,,,,,,,,,,,,,,,,,,,,,2023.0,2000-04-28,,,2024,14
Deebo Samuel,SF,WR,14136,weighted,,,,,,,8.56266476810415,1.49006443933849,0.082713588283157,0.0384148578632053,0.0696094385679414,0.0333114118023006,,,,,3.79870219690806,0.313251342188774,54.0899331628502,8.0272542540489,0.235785191212368,0.113787881535937,,,,,,,,,,,,,,,,,,,,,,,,,,,,,,,,,2019.0,1996-01-15,,,2024,14
Jordan Addison,MIN,WR,16186,weighted,,,,,,,0.837571777286993,0.44965872840503,0.0311228641171684,0.0467557837509976,0.0366761594792514,0.0359833551207534,,,,,3.98063466232709,0.163540499117908,56.6108944554225,3.63037823656963,0.330248169243287,0.164780086681796,,,,,,,,,,,,,,,,,,,,,,,,,,,,,,,,,2023.0,2002-01-27,,,2024,14
Jameson Williams,DET,WR,15756,weighted,,,,,,,3.88739276996397,0.945015931932122,0.0043528024050806,0.0108264094063432,0.0366761594792514,0.0359833551207534,,,,,3.43958909682669,0.462641838512144,54.4789032895502,5.80599449522552,0.319943043124491,0.141049811334212,,,,,,,,,,,,,,,,,,,,,,,,,,,,,,,,,2022.0,2001-03-26,,,2024,14
Darnell Mooney,ATL,WR,14974,weighted,,,,,,,0.31980065093572,0.358931726481831,0.0,0.0,0.0,0.0,,,,,4.16308787632221,0.418880502491625,55.9954475183076,3.85617975256266,0.257225386493084,0.109552859184427,,,,,,,,,,,,,,,,,,,,,,,,,,,,,,,,,2020.0,1997-10-29,,,2024,14
DeAndre Hopkins,KC,WR,11232,weighted,,,,,,,0.315960130187144,0.331660904656451,0.0177651206943314,0.0356774076818309,0.0494100895036615,0.0370996627360307,,,,,4.29932058584215,0.511856737992712,49.7818650470766,6.58948783852009,0.317819365337673,0.154372125149928,,,,,,,,,,,,,,,,,,,,,,,,,,,,,,,,,2013.0,1992-06-06,,,2024,14
Jaylen Waddle,MIA,WR,15284,weighted,,,,,,,1.18794315936301,0.401180637254586,0.0028310092309418,0.0072293620209293,0.0366761594792514,0.0359833551207534,,,,,4.02616354759967,0.245431037718987,53.6368819016622,4.08377849745132,0.242526444263629,0.109151379806527,,,,,,,,,,,,,,,,,,,,,,,,,,,,,,,,,2021.0,1998-11-25,,,2024,14
DeVonta Smith,PHI,WR,15282,weighted,,,,,,,0.0870260374288039,0.113339867492679,0.0,0.0,0.047233523189585,0.0362634812115056,,,,,4.28091537835639,0.45938585204964,53.5595966523306,4.72516286097197,0.312396257119609,0.170715573092,,,,,,,,,,,,,,,,,,,,,,,,,,,,,,,,,2021.0,1998-11-14,,,2024,14
Amari Cooper,BUF,WR,12175,weighted,,,,,,,0.0670219690805533,0.0774988984647462,0.0,0.0,0.0087062652563059,0.0138941671211942,,,,,3.77692432872254,0.233956755247688,53.1322091131001,2.57560970069944,0.349719283970708,0.1580905893598,,,,,,,,,,,,,,,,,,,,,,,,,,,,,,,,,2015.0,1994-06-18,,,2024,14
Keenan Allen,CHI,WR,11222,weighted,,,,,,,0.234076484947112,0.221285205324563,0.0,0.0,0.0494100895036615,0.0370996627360307,,,,,5.0489869812856,0.14375669172235,53.759840172033,2.62332164067862,0.311761594792514,0.150145291823493,,,,,,,,,,,,,,,,,,,,,,,,,,,,,,,,,2013.0,1992-04-27,,,2024,14
Quentin Johnston,LAC,WR,16188,weighted,,,,,,,0.541549459490875,0.343487725839498,0.0,0.0,0.0,0.0,,,,,3.21534987794955,0.360774160253548,47.5085133093107,5.71849481677445,0.30986574450773,0.174339764832722,,,,,,,,,,,,,,,,,,,,,,,,,,,,,,,,,2023.0,2001-09-06,,,2024,14
Calvin Austin III,PIT,WR,15777,weighted,,,,,,,2.04349877949552,2.00502207234308,0.0,0.0,0.0,0.0,,,,,3.13631407648495,0.487915133903008,45.9439154945949,7.04438491142116,0.327375915378356,0.215679326557573,,,,,,,,,,,,,,,,,,,,,,,,,,,,,,,,,2022.0,1999-03-24,,,2024,14
Elijah Moore,CLE,WR,15288,weighted,,,,,,,0.614308961990003,0.526115711828996,0.0,0.0,0.0,0.0,,,,,4.18417005695688,0.514543124864749,47.2046902243403,6.23343708991247,0.22406834825061,0.132260315421646,,,,,,,,,,,,,,,,,,,,,,,,,,,,,,,,,2021.0,2000-03-27,,,2024,14
Christian Watson,GB,WR,15789,weighted,,,,,,,1.65899337440428,1.08124411569356,0.0017115541090317,0.0036461853088989,0.0388527257933279,0.0365441467833994,,,,,3.22692026037429,0.46026724242411,50.0650854353133,4.08737207803349,0.255077298616762,0.117479391741867,,,,,,,,,,,,,,,,,,,,,,,,,,,,,,,,,2022.0,1999-05-12,,,2024,14
Rome Odunze,CHI,WR,16616,weighted,,,,,,,0.922021387887946,0.725768148498367,0.0,0.0,0.047233523189585,0.0362634812115056,,,,,3.5053702196908,0.359071286769087,46.9289346739509,4.19842951527217,0.191973148901546,0.136041473994614,,,,,,,,,,,,,,,,,,,,,,,,,,,,,,,,,2024.0,2002-06-03,,,2024,14
Adam Thielen,CAR,WR,11938,weighted,,,,,,,0.334755899104963,0.32257203433946,0.0,0.0,0.0494100895036615,0.0370996627360307,,,,,4.38159479251424,0.399958040905136,46.4240073230268,3.32957372067802,0.228441822620016,0.119072748136448,,,,,,,,,,,,,,,,,,,,,,,,,,,,,,,,,2014.0,1990-08-22,,,2024,14
Josh Palmer,LAC,WR,15319,weighted,,,,,,,0.1040032546786,0.10316122801151,0.0,0.0,0.0108828315703824,0.0173677089014928,,,,,3.13409275834011,0.370866367721912,41.4586225735209,7.02508216814922,0.149890154597234,0.0811788292440538,,,,,,,,,,,,,,,,,,,,,,,,,,,,,,,,,2021.0,1999-09-22,,,2024,14
Nick Westbrook-Ikhine,TEN,WR,15109,weighted,,,,,,,0.197594332237357,0.295179269233818,0.0,0.0,0.0,0.0,,,,,3.04605448567403,0.608663976433367,41.2269312666354,5.67001206188514,0.494776890558948,0.241796466703611,,,,,,,,,,,,,,,,,,,,,,,,,,,,,,,,,2020.0,1997-03-21,,,2024,14
Darius Slayton,NYG,WR,14122,weighted,,,,,,,0.39600081366965,0.339253127501894,0.0,0.0,0.0,0.0,,,,,2.74864524003255,0.497907510064046,39.66207311403,6.14371076407939,0.144650122050448,0.0770982951947132,,,,,,,,,,,,,,,,,,,,,,,,,,,,,,,,,2019.0,1997-01-12,,,2024,14
Dontayvion Wicks,GB,WR,16195,weighted,,,,,,,0.406013018714402,0.400485044461562,0.0,0.0,0.0,0.0,,,,,3.13194060211554,0.583187507838182,40.4601778449378,6.83894163644236,0.254991863303499,0.118478109800444,,,,,,,,,,,,,,,,,,,,,,,,,,,,,,,,,2023.0,2001-06-16,,,2024,14
Tre Tucker,LVR,WR,16287,weighted,,,,,,,3.37816052539812,1.19026090711223,0.0353010577705452,0.0462648434947633,0.0,0.0,,,,,2.84746948738812,0.539014432003831,37.867284668139,6.42142969622873,0.159092758340114,0.0786162937775699,,,,,,,,,,,,,,,,,,,,,,,,,,,,,,,,,2023.0,2001-03-08,,,2024,14
Marquez Valdes-Scantling,NO,WR,13793,weighted,,,,,,,0.579060211554109,0.556704129572362,0.0052685109845402,0.0106383824102771,0.0,0.0,,,,,2.57264849471115,0.538303407003156,40.8178681855167,8.36609055244568,0.269910496338487,0.121631737677143,,,,,,,,,,,,,,,,,,,,,,,,,,,,,,,,,2018.0,1994-10-10,,,2024,14
Xavier Worthy,KC,WR,16620,weighted,,,,,,,3.65908113448797,1.55843406686195,0.0626716392944113,0.0740457562610282,0.0,0.0,,,,,3.24617982099268,0.397086993308073,41.6229908171568,3.18050727855521,0.267262001627339,0.121336809582713,,,,,,,,,,,,,,,,,,,,,,,,,,,,,,,,,2024.0,2003-04-27,,,2024,14
Xavier Worthy,KC,WR,16620,weighted,,,,,,,3.65908113448797,1.55843406686195,0.0626716392944113,0.0740457562610282,0.0,0.0,,,,,3.24617982099268,0.397086993308073,41.6229908171568,3.18050727855521,0.267262001627339,0.121336809582713,,,,,,,,,,,,,,,,,,,,,,,,,,,,,,,,,2024.0,2003-04-27,,,2024,14
Xavier Legette,CAR,WR,16639,weighted,,,,,,,1.22311519237475,0.695639723484774,0.0,0.0,0.0,0.0,,,,,3.56307973962571,0.357281062954668,37.7675589910496,4.26883602309926,0.195313262815297,0.0944971812141805,,,,,,,,,,,,,,,,,,,,,,,,,,,,,,,,,2024.0,2001-01-29,,,2024,14
Cedrick Wilson,NO,WR,13652,weighted,,,,,,,0.618205858421481,0.532084390073877,0.0052685109845402,0.0106383824102771,0.0278173311635476,0.0336919186211286,,,,,2.31072416598861,0.555811698682624,30.6985568987562,6.91602432994609,0.149605370219691,0.0909797479311053,,,,,,,,,,,,,,,,,,,,,,,,,,,,,,,,,2018.0,,,,2024,14
David Moore,CAR,WR,13348,weighted,,,,,,,0.505789259560618,0.649887670231386,0.0,0.0,0.0,0.0,,,,,3.02759967453214,0.899391013356246,32.631626176915,9.64010895964897,0.116672091131001,0.0646568529134704,,,,,,,,,,,,,,,,,,,,,,,,,,,,,,,,,2017.0,1995-01-15,,,2024,14
Allen Lazard,NYJ,WR,13632,weighted,,,,,,,0.0960189193522527,0.143701160145914,0.0,0.0,0.0,0.0,,,,,2.08134199134199,0.506472976909317,26.0003222703223,8.12356830325685,0.190567580567581,0.127108315011637,,,,,,,,,,,,,,,,,,,,,,,,,,,,,,,,,2018.0,1995-12-11,,,2024,14
Wan'Dale Robinson,NYG,WR,15757,weighted,,,,,,,2.097121934209,0.443033847338831,0.0017146024221412,0.0036474536553162,0.0087062652563059,0.0138941671211942,,,,,4.1566476810415,0.604035642923456,38.4303527839126,3.85545565799178,0.149153783563873,0.0744071115101473,,,,,,,,,,,,,,,,,,,,,,,,,,,,,,,,,2022.0,2001-01-05,,,2024,14
Brandin Cooks,DAL,WR,11674,weighted,,,,,,,0.881061838893409,0.193518783750192,0.0018262406723554,0.0035467282025897,0.0388527257933279,0.0365441467833994,,,,,2.90375915378356,0.464991568660109,37.4369231663373,2.04927289517944,0.252343368592352,0.19323414135486,,,,,,,,,,,,,,,,,,,,,,,,,,,,,,,,,2014.0,1993-09-25,,,2024,14
Tyler Lockett,SEA,WR,12187,weighted,,,,,,,0.0652034174125305,0.0744099074760301,0.0,0.0,0.0087062652563059,0.0138941671211942,,,,,3.14423515052889,0.248662241108601,36.7251179820993,2.93112639427532,0.181118795768918,0.0789878179343411,,,,,,,,,,,,,,,,,,,,,,,,,,,,,,,,,2015.0,1992-09-28,,,2024,14
Michael Wilson,ARI,WR,16206,weighted,,,,,,,0.249882017900732,0.334571089025046,0.0,0.0,0.0549430431244915,0.0357466942391345,,,,,2.8556997558991,0.384938201222171,34.7668080902011,3.13895103861052,0.198572009764036,0.113262987414303,,,,,,,,,,,,,,,,,,,,,,,,,,,,,,,,,2023.0,2000-02-23,,,2024,14
Parker Washington,JAC,WR,16192,weighted,,,,,,,0.2213344182262,0.315568829061018,0.0,0.0,0.0,0.0,,,,,3.47393816110659,0.830443215316074,36.1227914680925,3.47156818869986,0.18993083807974,0.0890538062914929,,,,,,,,,,,,,,,,,,,,,,,,,,,,,,,,,2023.0,2002-03-21,,,2024,14
Jalen Tolbert,DAL,WR,15788,weighted,,,,,,,0.112485760781123,0.161247728831143,0.0,0.0,0.0,0.0,,,,,2.70993897477624,0.768097464797933,29.7396739509473,5.90627112460545,0.200618388934093,0.122119952235754,,,,,,,,,,,,,,,,,,,,,,,,,,,,,,,,,2022.0,1999-02-27,,,2024,14
Mike Williams,PIT,WR,13154,weighted,,,,,,,0.0424369406021155,0.0516651251396809,0.0,0.0,0.0130593978844589,0.0208412506817913,,,,,1.95054109031733,0.295385435497952,29.6894682087644,5.10237279807054,0.135252237591538,0.0714166165992155,,,,,,,,,,,,,,,,,,,,,,,,,,,,,,,,,2017.0,1994-10-04,,,2024,14
Ray-Ray McCloud,ATL,WR,13641,weighted,,,,,,,3.79794839009648,0.426129105030372,0.0031726985966985,0.0072211213331569,0.0549430431244915,0.0357466942391345,,,,,3.14344182262002,0.224765548522474,35.0414494943624,1.79782269751064,0.13586655817738,0.0818110936553448,,,,,,,,,,,,,,,,,,,,,,,,,,,,,,,,,2018.0,1996-10-15,,,2024,14
Van Jefferson,PIT,WR,14858,weighted,,,,,,,0.279792514239219,0.283956996806238,0.0,0.0,0.0,0.0,,,,,2.28589503661513,0.525838554763434,31.4984888992212,4.35468361514375,0.181151342554923,0.088336400856644,,,,,,,,,,,,,,,,,,,,,,,,,,,,,,,,,2020.0,1970-01-01,,,2024,14
Ricky Pearsall,SF,WR,16622,weighted,,,,,,,1.0523555736371,1.22068250935808,0.0,0.0,0.0,0.0,,,,,1.95655817737998,0.262807094179787,27.616561083343,5.729736128854,0.132571196094386,0.0950934202553703,,,,,,,,,,,,,,,,,,,,,,,,,,,,,,,,,2024.0,2000-09-09,,,2024,14
Sterling Shepard,TB,WR,12658,weighted,,,,,,,2.82800563644904,0.87871086638052,0.0019753761191055,0.0038942778759733,0.0,0.0,,,,,3.14950681070925,0.270017833005645,32.016782527008,4.02962592844202,0.171376232973227,0.0562732807613948,,,,,,,,,,,,,,,,,,,,,,,,,,,,,,,,,2016.0,,,,2024,14
Demarcus Robinson,LAR,WR,12785,weighted,,,,,,,0.190695687550854,0.199548546868291,0.0,0.0,0.0,0.0,,,,,2.63373881204231,0.309504784200416,32.8832779263048,1.32699277264081,0.242554922701383,0.146873946534721,,,,,,,,,,,,,,,,,,,,,,,,,,,,,,,,,2016.0,1994-09-21,,,2024,14
Jalen McMillan,TB,WR,16628,weighted,,,,,,,1.58637219574567,1.23489294822024,0.0,0.0,0.0,0.0,,,,,2.42795362082994,0.542998115060768,25.849739625712,5.33479699364161,0.151952807160293,0.0736588416491212,,,,,,,,,,,,,,,,,,,,,,,,,,,,,,,,,2024.0,2001-12-07,,,2024,14
Ryan Miller,,WR,16958,weighted,,,,,,,0.138569989929507,0.23315558737833,0.0,0.0,0.0,0.0,,,,,1.19931520644512,1.27254029090033,14.3270090634441,16.2743499524646,0.110412890231621,0.169372465621747,,,,,,,,,,,,,,,,,,,,,,,,,,,,,,,,,2023.0,2000-02-20,,,2024,14
Tyler Boyd,TEN,WR,12650,weighted,,,,,,,0.121590724165989,0.105307420900385,0.0,0.0,0.0065296989422294,0.0104206253408957,,,,,2.53111879576892,0.664306351100385,25.6340654422876,6.6788746213963,0.0757607811228641,0.0794703375717749,,,,,,,,,,,,,,,,,,,,,,,,,,,,,,,,,2016.0,1994-11-15,,,2024,14
Mike Woods,CLE,WR,15792,weighted,,,,,,,0.830343461030383,0.37476659402887,0.0,0.0,0.0,0.0,,,,,2.45215323645971,0.0848528137423858,29.1698546895641,1.1879393923934,0.2,3.9592350605742403e-17,,,,,,,,,,,,,,,,,,,,,,,,,,,,,,,,,2022.0,2000-03-19,,,2024,14
Curtis Samuel,BUF,WR,13157,weighted,,,,,,,2.1283680111589,0.993015871423224,0.0119894222945484,0.0256858566307008,0.0410292921074044,0.0374202948612915,,,,,1.91854759967453,0.525637611225281,21.4618708590027,4.76383267841124,0.140577705451587,0.0750013957355702,,,,,,,,,,,,,,,,,,,,,,,,,,,,,,,,,2017.0,1996-08-11,,,2024,14
Mack Hollins,BUF,WR,13289,weighted,,,,,,,0.329576891781936,0.337344597155059,0.0,0.0,0.0,0.0,,,,,1.783327908869,0.286331708815666,22.5502969894223,4.84249793377678,0.173897477624085,0.120161367539462,,,,,,,,,,,,,,,,,,,,,,,,,,,,,,,,,2017.0,1993-09-16,,,2024,14
KaVontae Turpin,DAL,WR,15981,weighted,,,,,,,2.6438021620365,0.876037679486534,0.0106224572823434,0.0199248909999491,0.0278173311635476,0.0336919186211286,,,0.13,3.00059589753424e-17,1.6413181448332,0.761230324367759,17.6033064047425,6.97762710780172,0.113885272579333,0.0675309265488332,,,,,,,,,,,,,,,,,,,,,,,,,,,,,,,,,2022.0,1996-08-02,,,2024,14
Tutu Atwell,LAR,WR,15301,weighted,,,,,,,0.988431938431938,0.662392978327152,0.0043636363636363,0.0075962257562545,0.0,0.0,,,,,1.558075998076,0.529087213016753,18.6645214045214,6.10136618370944,0.0825252525252525,0.0422123135648855,,,,,,,,,,,,,,,,,,,,,,,,,,,,,,,,,2021.0,1999-10-07,,,2024,14
Andrei Iosivas,CIN,WR,16207,weighted,,,,,,,0.175789259560618,0.187377367878109,0.0,0.0,0.0,0.0,,,,,1.91257119609439,0.437693951657041,26.5980593978845,1.0900468710996,0.210984540276648,0.145149429593556,,,,,,,,,,,,,,,,,,,,,,,,,,,,,,,,,2023.0,1999-10-15,,,2024,14
Kevin Austin,NO,WR,15765,weighted,,,,,,,1.5620967590418,0.272208513170478,0.0052158641205465,0.0116008031496915,0.0,0.0,,,,,1.76034758102396,0.437911118268417,19.4288954125568,6.38421928489063,0.0953593236261155,0.0477755627161804,,,,,,,,,,,,,,,,,,,,,,,,,,,,,,,,,2022.0,2000-03-30,,,2024,14
Jalen Reagor,LAC,WR,14839,weighted,,,,,,,0.157311522048364,0.35918327860251,0.0,0.0,0.0386913229018492,0.042431443034162,,,,,1.17975817923186,0.625179634450509,16.0677169274538,7.04476860472224,0.0766429587482219,0.0513268618887977,,,,,,,,,,,,,,,,,,,,,,,,,,,,,,,,,2020.0,1999-01-02,,,2024,14
Tim Patrick,DET,WR,13377,weighted,,,,,,,0.160113913751017,0.157596757385549,0.0,0.0,0.0,0.0,,,,,2.00347030105777,0.493325989420633,24.4004236894107,1.03508455176956,0.107925142392189,0.079963583507851,,,,,,,,,,,,,,,,,,,,,,,,,,,,,,,,,2017.0,1993-11-23,,,2024,14
Justin Watson,KC,WR,13776,weighted,,,,,,,0.217412530512612,0.346354181072702,0.0,0.0,0.0,0.0,,,,,1.18801057770545,0.363573568067386,17.0365523654539,4.01939366996525,0.0998901545972335,0.0561256754082876,,,,,,,,,,,,,,,,,,,,,,,,,,,,,,,,,2018.0,,,,2024,14
KhaDarel Hodge,ATL,WR,13963,weighted,,,,,,,0.0,0.0,0.0,0.0,0.0,0.0,,,,,0.642995461422088,0.582029998632623,10.8466944024206,10.1184914672254,0.0630937972768532,0.043458997872426,,,,,,,,,,,,,,,,,,,,,,,,,,,,,,,,,2018.0,1994-01-03,,,2024,14
Jalen Nailor,MIN,WR,15786,weighted,,,,,,,0.242432872253865,0.422886969889773,0.0,0.0,0.0278173311635476,0.0336919186211286,,,,,1.43310008136696,0.391416923938596,20.3046954550738,2.59228910682395,0.153620829943043,0.146773910365474,,,,,,,,,,,,,,,,,,,,,,,,,,,,,,,,,2022.0,1999-03-02,,,2024,14
Greg Dortch,ARI,WR,14108,weighted,,,,,,,0.971753246753247,0.376873428316276,0.0036725482674849,0.0077248932660529,0.0558441558441558,0.0393499244921545,,,,,1.53313612313612,0.62811020285484,14.8829148629149,4.43420848501736,0.0943915343915344,0.06449939046291,,,,,,,,,,,,,,,,,,,,,,,,,,,,,,,,,2019.0,1998-05-29,,,2024,14
Devin Duvernay,JAC,WR,14847,weighted,,,,,,,1.45674843674844,1.55818453052339,0.0020280904280904,0.003824159826407,0.0275132275132275,0.0365467395697309,,,,,1.28595478595479,0.556786603937794,13.1548917748918,6.1024592543693,0.049655349804466,0.0474396116972911,,,,,,,,,,,,,,,,,,,,,,,,,,,,,,,,,2020.0,1997-09-12,,,2024,14
Dante Pettis,NO,WR,13634,weighted,,,,,,,0.384491440080564,0.822477262888371,0.0,0.0,0.0,0.0,,,,,1.27190332326284,0.74840832474313,14.0890634441088,9.79617740125002,0.076797583081571,0.0676140744592611,,,,,,,,,,,,,,,,,,,,,,,,,,,,,,,,,2018.0,1995-10-23,,,2024,14
Trey Palmer,TB,WR,16199,weighted,,,,,,,0.540874285714286,0.422514236948905,0.0,0.0,0.0,0.0,,,,,1.32594857142857,0.2323897079493,16.1712,3.4853927191245,0.123337142857143,0.0432942157606969,,,,,,,,,,,,,,,,,,,,,,,,,,,,,,,,,2023.0,2001-04-02,,,2024,14
JuJu Smith-Schuster,KC,WR,13156,weighted,,,,,,,-0.0066395443449959,0.138118341967214,0.0,0.0,0.0,0.0,,,,,1.58188771358828,0.388343439406497,17.1589236312914,3.63665645580889,0.0825956061838893,0.056153496770812,,,,,,,,,,,,,,,,,,,,,,,,,,,,,,,,,2017.0,1996-11-22,,,2024,14
Jahan Dotson,PHI,WR,15755,weighted,,,,,,,0.213329419132613,0.258765404883311,0.0,0.0,0.0088154062940347,0.0151412293149044,,,,,1.24651479567872,0.253902175295339,15.7650344449663,3.15331877014157,0.102926256458431,0.0645404891367269,,,,,,,,,,,,,,,,,,,,,,,,,,,,,,,,,2022.0,2000-03-22,,,2024,14
Terrace Marshall,LVR,WR,15308,weighted,,,,,,,1.10136487716106,0.979779681490514,0.02975432211101,0.0561970467865946,0.0,0.0,,,,,1.71292083712466,0.214471812852859,19.9637852593267,1.44023693146621,0.07024567788899,0.0561970467865946,,,,,,,,,,,,,,,,,,,,,,,,,,,,,,,,,2021.0,2000-06-09,,,2024,14
Odell Beckham,MIA,WR,11679,weighted,,,,,,,0.0658171428571429,0.0951070087584212,0.0,0.0,0.0,0.0,,,,,1.27077714285714,0.318602606679075,15.8884342857143,4.33652370934915,0.10732,0.0230918980255096,,,,,,,,,,,,,,,,,,,,,,,,,,,,,,,,,2014.0,1992-11-05,,,2024,14
Ben Skowronek,PIT,WR,15491,weighted,,,,,,,0.304967562557924,0.368752014206514,0.0,0.0,0.0,0.0,,,,,1.22001853568119,0.368771084722352,15.4669416126043,4.18503628762628,0.118424467099166,0.0511932677642804,,,,,,,,,,,,,,,,,,,,,,,,,,,,,,,,,2021.0,1997-06-27,,,2024,14
Jonathan Mingo,DAL,WR,16197,weighted,,,,,,,0.145060926727593,0.150731223872114,0.0,0.0,0.0558441558441558,0.0393499244921545,,,,,1.1302886002886,0.348703345945782,13.3478354978355,4.28754634900283,0.0605675805675806,0.0474141868772101,,,,,,,,,,,,,,,,,,,,,,,,,,,,,,,,,2023.0,2001-04-20,,,2024,14
Zay Jones,ARI,WR,13176,weighted,,,,,,,0.188479576399395,0.288375500076401,0.0,0.0,0.0061951588502269,0.0094706010357531,,,,,1.29801059001513,0.892409136748219,12.1558018154312,7.36133152434406,0.0482602118003026,0.0430268676242726,,,,,,,,,,,,,,,,,,,,,,,,,,,,,,,,,2017.0,1995-03-30,,,2024,14
Jalen Coker,CAR,WR,16809,weighted,,,,,,,1.0,0.0,0.0,0.0,0.1,0.0,,,,,1.7,3.14019951157677e-16,20.0,0.0,0.0,0.0,,,,,,,,,,,,,,,,,,,,,,,,,,,,,,,,,2024.0,2001-10-30,O,Quadriceps,2024,14
Jalin Hyatt,NYG,WR,16183,weighted,,,,,,,0.0140398293029872,0.0294097126364267,0.0,0.0,0.0,0.0,,,,,1.02065433854908,0.484007926859026,12.7065931721195,5.10221978825814,0.058122332859175,0.0449295687663892,,,,,,,,,,,,,,,,,,,,,,,,,,,,,,,,,2023.0,2001-09-25,,,2024,14
Jalen Brooks,DAL,WR,16364,weighted,,,,,,,0.0,0.0,0.0,0.0,0.0,0.0,,,,,0.974406392694064,0.152463772921375,12.6984474885845,3.49176988859346,0.0682762557077626,0.0419898626744361,,,,,,,,,,,,,,,,,,,,,,,,,,,,,,,,,2023.0,2000-05-07,,,2024,14
Bo Melton,GB,WR,15785,weighted,,,,,,,1.40924608819346,1.28819273402308,0.0,0.0,0.0,0.0,,,,,1.04035561877667,0.252854792094055,14.5669701280228,3.55752602910758,0.0720199146514936,0.047009869900774,,,,,,,,,,,,,,,,,,,,,,,,,,,,,,,,,2022.0,1999-05-18,,,2024,14
Derius Davis,LAC,WR,16299,weighted,,,,,,,3.80487734487734,1.75347832572909,0.0048309844159646,0.0118255992683057,0.0,0.0,,,0.06,7.609888580279279e-18,1.2511063011063,0.564608415160105,12.1966907166907,4.43830028584799,0.0589514189514189,0.0495348696062746,,,,,,,,,,,,,,,,,,,,,,,,,,,,,,,,,2023.0,2000-09-11,,,2024,14
Malik Heath,GB,WR,16413,weighted,,,,,,,0.024304152637486,0.187055053743969,0.0,0.0,0.0,0.0,,,,,0.901750841750842,0.544020761717641,10.2455747955748,4.30963319005923,0.0826262626262626,0.0394832453867418,,,,,,,,,,,,,,,,,,,,,,,,,,,,,,,,,2023.0,2000-03-03,,,2024,14
Scott Miller,PIT,WR,14280,weighted,,,,,,,0.187923250564334,0.146335480991225,0.0,0.0,0.0,0.0,,,,,0.668058690744921,0.544842250084494,9.81982693754703,5.69159145246909,0.0333107599699022,0.0476353458259409,,,,,,,,,,,,,,,,,,,,,,,,,,,,,,,,,2019.0,1970-01-01,,,2024,14
Kadarius Toney,CLE,WR,15289,weighted,,,,,,,1.35975817923186,0.578818356214655,0.0,0.0,0.0087375533428165,0.0140435494257565,,,,,0.880085348506401,0.436117912344085,8.92354196301565,5.83234369142895,0.0511522048364154,0.0469334541905097,,,,,,,,,,,,,,,,,,,,,,,,,,,,,,,,,2021.0,1970-01-01,,,2024,14
Brandon Powell,MIN,WR,13910,weighted,,,,,,,0.574690556357223,0.625787298167326,0.0,0.0,0.0,0.0,,,,,0.782611832611833,0.529046215006934,7.72045214045214,4.67479115587488,0.0589514189514189,0.0495348696062746,,,,,,,,,,,,,,,,,,,,,,,,,,,,,,,,,2018.0,1970-01-01,,,2024,14
Malik Washington,MIA,WR,16684,weighted,,,,,,,2.12416351308735,0.555497375819626,0.0033306117511869,0.0077827911033431,0.0,0.0,,,,,1.09873699148534,0.116777810079504,13.0772398297067,3.38303127655712,0.0510075685903501,0.055128738410971,,,,,,,,,,,,,,,,,,,,,,,,,,,,,,,,,2024.0,2000-10-20,,,2024,14
Tim Jones,JAC,WR,16005,weighted,,,,,,,0.145189075630252,0.173402299612112,0.0,0.0,0.0,0.0,,,,,0.84906162464986,0.429314423084989,9.09105042016807,3.72262212863103,0.074796918767507,0.0474040355155162,,,,,,,,,,,,,,,,,,,,,,,,,,,,,,,,,2021.0,1998-05-15,,,2024,14
Jermaine Burton,CIN,WR,16632,weighted,,,,,,,0.0437178130511464,0.0452664025744331,0.0,0.0,0.0,0.0,,,,,0.601881246325691,0.364642787541155,7.77142974720752,5.27295513551841,0.0501998824221046,0.0490561630456058,,,,,,,,,,,,,,,,,,,,,,,,,,,,,,,,,2024.0,2001-06-28,,,2024,14
D.J. Chark,LAC,WR,13668,weighted,,,,,,,0.678803680981595,1.14694424115834,0.0,0.0,0.0667177914110429,0.0288901637809316,,,,,0.749100204498977,0.623972970637758,8.47594069529652,6.00033053092944,0.0231901840490798,0.0250968483066718,,,,,,,,,,,,,,,,,,,,,,,,,,,,,,,,,2018.0,1996-09-23,,,2024,14
Tyler Johnson,LAR,WR,14864,weighted,,,,,,,0.0228763828763829,0.0388967393079266,0.0,0.0,0.0,0.0,,,,,1.05618085618086,0.193210678733003,10.7470514670515,2.72188923682746,0.0606685906685907,0.0474510235696044,,,,,,,,,,,,,,,,,,,,,,,,,,,,,,,,,2020.0,1970-01-01,,,2024,14
Rakim Jarrett,TB,WR,16198,weighted,,,,,,,0.22073787772312,0.248796921277975,0.0,0.0,0.0,0.0,,,,,0.654891075193254,0.235261050611079,8.81797610681658,3.79953539840552,0.0470976809557273,0.043209023330761,,,,,,,,,,,,,,,,,,,,,,,,,,,,,,,,,2023.0,2001-01-24,,,2024,14
Ramel Keyton,LVR,WR,16863,weighted,,,,,,,0.303621169916435,0.565786664256952,0.0,0.0,0.0,0.0,,,,,0.779368616527391,0.41127961189774,8.63467038068709,5.66535125391516,0.0576787372330548,0.0510820202945905,,,,,,,,,,,,,,,,,,,,,,,,,,,,,,,,,2024.0,2000-09-14,,,2024,14
Jalen Virgil,BUF,WR,15996,weighted,,,,,,,0.1,,0.0,,0.1,,,,,,0.6,,11.8,,0.1,,,,,,,,,,,,,,,,,,,,,,,,,,,,,,,,,,2022.0,1998-07-13,,,2024,14
Jake Bobo,SEA,WR,16393,weighted,,,,,,,0.0732126801152738,0.0738309759368835,0.0,0.0,0.0,0.0,,,,,0.717187319884726,0.368716205224605,7.77375216138329,3.74203816613133,0.0435907780979827,0.051581308283192,,,,,,,,,,,,,,,,,,,,,,,,,,,,,,,,,2023.0,1998-08-04,,,2024,14
Johnny Wilson,PHI,WR,16625,weighted,,,,,,,0.127709510086455,0.114076612399242,0.0,0.0,0.0,0.0,,,,,0.585187319884726,0.453728019179364,6.23763112391931,4.3448677190104,0.0508933717579251,0.0468127935577471,,,,,,,,,,,,,,,,,,,,,,,,,,,,,,,,,2024.0,2001-04-03,,,2024,14
Allen Robinson,DET,WR,11678,weighted,,,,,,,0.0665989847715736,0.0288381317587795,0.0,0.0,0.0,0.0,,,,,0.423681895093063,0.342004658764954,4.65118781725888,3.93613909130298,0.0064592294080417,0.005586661366846,,,,,,,,,,,,,,,,,,,,,,,,,,,,,,,,,2014.0,1993-08-24,,,2024,14
Jordan Whittington,LAR,WR,16633,weighted,,,,,,,0.0,0.0,0.0,0.0,0.0,0.0,,,,,0.64,0.113137084989848,7.3425,1.48138870658582,0.0481302145411204,0.0309285472021375,,,,,,,,,,,,,,,,,,,,,,,,,,,,,,,,,2024.0,2000-10-01,,,2024,14
Trent Sherfield,MIN,WR,13893,weighted,,,,,,,0.0957495769881557,0.0949548505682243,0.0,0.0,0.0,0.0,,,,,0.469329949238579,0.417998914560497,5.61182741116751,4.00075399811185,0.0830964467005076,0.103989591779045,,,,,,,,,,,,,,,,,,,,,,,,,,,,,,,,,2018.0,1996-02-26,,,2024,14
Xavier Gipson,NYJ,WR,16416,weighted,,,,,,,0.576564417177914,0.514285924438895,0.0,0.0,0.0667177914110429,0.0288901637809316,,,0.06,0.0,0.563946830265849,0.207865702272259,6.00707566462168,1.73253291446471,0.0567689161554192,0.0378572527864716,,,,,,,,,,,,,,,,,,,,,,,,,,,,,,,,,2023.0,2001-03-08,,,2024,14
Zach Pascal,ARI,WR,13488,weighted,,,,,,,0.118016920473773,0.120007535274511,0.0,0.0,0.0,0.0,,,,,0.411336717428088,0.127275268647403,4.06398646362098,3.1151685488269,0.0236840762661686,0.0319667268005934,,,,,,,,,,,,,,,,,,,,,,,,,,,,,,,,,2017.0,1994-12-18,,,2024,14
Ainias Smith,PHI,WR,16686,weighted,,,,,,,0.3,,0.0,,0.0,,,,,,0.55,,7.09,,0.05,,,,,,,,,,,,,,,,,,,,,,,,,,,,,,,,,,2024.0,2001-05-31,,,2024,14
Chris Conley,SF,WR,12257,weighted,,,,,,,0.0818094873756695,0.113286068765384,0.0,0.0,0.0,0.0,,,,,0.341614384085693,0.254508977092393,5.14763580719204,1.95530513041032,0.0249579188982402,0.0300555520818919,,,,,,,,,,,,,,,,,,,,,,,,,,,,,,,,,2015.0,1992-10-25,,,2024,14
Deven Thompkins,CAR,WR,15977,weighted,,,,,,,0.474325153374233,0.815934015804518,0.0,0.0,0.0,0.0,,,,,0.430644171779141,0.0961269915630939,3.81423312883436,1.41774820956628,0.0167484662576687,0.0208806025026545,,,,,,,,,,,,,,,,,,,,,,,,,,,,,,,,,2022.0,1999-12-23,,,2024,14
DeAndre Carter,CHI,WR,12394,weighted,,,,,,,0.519175592960979,0.731522695835106,0.0,0.0,0.0,0.0,,,,,0.363695485845448,0.193961358015872,3.11113236419281,1.79351358307372,0.0091362747598401,0.0070801095398171,,,,,,,,,,,,,,,,,,,,,,,,,,,,,,,,,2015.0,1993-04-10,,,2024,14
Ryan Flournoy,DAL,WR,16778,weighted,,,,,,,0.0,0.0,0.0,0.0,0.0751926040061633,0.0353553390593274,,,,,0.40231124807396,0.424264068711928,3.09975346687211,2.70821897194448,0.0049614791987673,0.0070710678118654,,,,,,,,,,,,,,,,,,,,,,,,,,,,,,,,,2024.0,1999-10-27,,,2024,14
Laviska Shenault,LAC,WR,14838,weighted,,,,,,,0.0,,0.0,,0.0,,,,,,0.49,,4.75,,0.02,,,,,,,,,,,,,,,,,,,,,,,,,,,,,,,,,,2020.0,1970-01-01,,,2024,14
Ihmir Smith-Marsette,NYG,WR,15434,weighted,,,,,,,0.698613236419281,0.900201314049993,0.0,0.0,0.0,0.0,,,,,0.290032517214996,0.126260052833099,2.57687069625096,1.53129964743081,0.0094638775628795,0.0081938403743145,,,,,,,,,,,,,,,,,,,,,,,,,,,,,,,,,2021.0,1999-08-29,,,2024,14
Charlie Jones,CIN,WR,16203,weighted,,,,,,,0.0,0.0,0.0,0.0,0.0,0.0,,,,,0.4,0.0,4.0,0.0,0.0,0.0,,,,,,,,,,,,,,,,,,,,,,,,,,,,,,,,,2023.0,1998-10-29,Q,Groin,2024,14
Jacob Cowing,SF,WR,16640,weighted,,,,,,,0.0629303749043611,0.0850812837275598,0.0,0.0,0.0,0.0,,,,,0.203406656465187,0.0955314630679541,2.42128921193573,1.21739835283879,0.0148601518851216,0.0130025621720203,,,,,,,,,,,,,,,,,,,,,,,,,,,,,,,,,2024.0,2001-02-04,,,2024,14
Bryce Oliver,,WR,16975,weighted,,,,,,,0.0,,0.0,,0.0,,,,,,0.18,,2.55,,0.01,,,,,,,,,,,,,,,,,,,,,,,,,,,,,,,,,,2024.0,2000-05-19,,,2024,14
Nikko Remigio,KC,WR,16422,weighted,,,,,,,0.0,,0.0,,0.0,,,,,,0.14,,1.76,,0.01,,,,,,,,,,,,,,,,,,,,,,,,,,,,,,,,,,2023.0,1999-11-04,,,2024,14
D'Wayne Eskridge,MIA,WR,15302,weighted,,,,,,,0.0902743902439024,0.127279220613579,0.0,0.0,0.0,0.0,,,,,0.110030487804878,0.0141421356237309,1.34103658536585,0.480832611206852,0.0,0.0,,,,,,,,,,,,,,,,,,,,,,,,,,,,,,,,,2021.0,1970-01-01,,,2024,14
Keon Coleman,BUF,WR,16617,weighted,,,,,,,,,0.0,,,,,,,,1.0,0.0,,,0.0,,,,,,,,,,,,,,,,,,,,,,,,,,,,,,,,,,2024.0,2003-05-17,O,Wrist,2024,14
Brock Bowers,LVR,TE,16641,weighted,,,,,,,0.80646867371847,0.787244976125608,0.0046582587469487,0.0069131712602039,0.051586655817738,0.0382342891352277,,,,,6.76139544344996,0.374594182978828,73.897135301639,4.5129625159232,0.346484947111473,0.155882785233867,,,,,,,,,,,,,,,,,,,,,,,,,,,,,,,,,2024.0,2002-12-13,,,2024,14
Trey McBride,ARI,TE,15794,weighted,,,,,,,0.0,0.0,0.0234947111472742,0.0347483744806299,0.0494100895036615,0.0370996627360307,,,,,6.27392595606184,0.474529682640063,65.1661478553993,4.79866529230051,0.249186330349878,0.151612115556588,,,,,,,,,,,,,,,,,,,,,,,,,,,,,,,,,2022.0,1999-11-22,,,2024,14
Travis Kelce,KC,TE,11244,weighted,,,,,,,0.0722538649308381,0.103880365869515,0.0,0.0,0.095646867371847,0.0069470835605971,,,,,6.28519528071603,0.464186369986734,58.6935981634314,4.9611651094936,0.300504475183076,0.146849695851727,,,,,,,,,,,,,,,,,,,,,,,,,,,,,,,,,2013.0,1989-10-05,,,2024,14
George Kittle,SF,TE,13299,weighted,,,,,,,0.089113100081367,0.128119117905736,0.0,0.0,0.0130593978844589,0.0208412506817913,,,,,4.63038242473556,0.366310080798485,61.5420202255027,2.79517096529307,0.391684296175753,0.208030122453228,,,,,,,,,,,,,,,,,,,,,,,,,,,,,,,,,2017.0,1993-10-09,,,2024,14
Jonnu Smith,MIA,TE,13193,weighted,,,,,,,0.356270680770274,0.415464878813573,0.0023291293734743,0.0034565856301019,0.0,0.0,,,,,4.70233523189585,0.546590347280303,50.963100081367,4.83853714803827,0.320557363710334,0.14507163962543,,,,,,,,,,,,,,,,,,,,,,,,,,,,,,,,,2017.0,1995-08-22,,,2024,14
David Njoku,CLE,TE,13192,weighted,,,,,,,0.0,0.0,0.0,0.0,0.0605370219690806,0.0345575172081874,,,,,4.85696501220504,0.294220438256383,49.4263309310706,3.21391857443594,0.309967453213995,0.139401200279669,,,,,,,,,,,,,,,,,,,,,,,,,,,,,,,,,2017.0,1996-07-10,,,2024,14
T.J. Hockenson,MIN,TE,14138,weighted,,,,,,,0.0,0.0,0.0,0.0,0.0494100895036615,0.0370996627360307,,,,,4.68879170056957,0.29313920233252,46.9556352435197,1.86283811133559,0.2363344182262,0.114442337940728,,,,,,,,,,,,,,,,,,,,,,,,,,,,,,,,,2019.0,1997-07-03,,,2024,14
Evan Engram,JAC,TE,13189,weighted,,,,,,,0.0,0.0,0.0,0.0,0.0934703010577705,0.0104206253408957,,,,,5.4296948738812,0.447127730446499,45.9388544693712,1.90079621628902,0.201920260374288,0.0941446262809051,,,,,,,,,,,,,,,,,,,,,,,,,,,,,,,,,2017.0,1994-09-02,,,2024,14
Jake Ferguson,DAL,TE,15799,weighted,,,,,,,0.0,0.0,0.0,0.0,0.0912937347436941,0.0138941671211942,,,,,4.28903986981286,0.410122906141219,43.1278414506567,2.58612268412619,0.223348250610252,0.104734915124019,,,,,,,,,,,,,,,,,,,,,,,,,,,,,,,,,2022.0,1999-01-18,,,2024,14
Sam LaPorta,DET,TE,16214,weighted,,,,,,,0.0320314618931381,0.0329436557457015,0.0,0.0,0.0108828315703824,0.0173677089014928,,,,,3.90624491456469,0.199846604967673,42.9438184354295,2.55857769685748,0.324979658258747,0.163478907052274,,,,,,,,,,,,,,,,,,,,,,,,,,,,,,,,,2023.0,2001-01-12,,,2024,14
Cade Otton,TB,TE,15802,weighted,,,,,,,-0.0640629237862761,0.065887311491403,0.0,0.0,0.0549430431244915,0.0357466942391345,,,,,4.31730268510985,0.386198506886406,42.1383534813437,2.85595852041025,0.262379983726607,0.126251813050916,,,,,,,,,,,,,,,,,,,,,,,,,,,,,,,,,2022.0,1999-04-15,,,2024,14
Mike Gesicki,CIN,TE,13672,weighted,,,,,,,0.0,0.0,0.0,0.0,0.0549430431244915,0.0357466942391345,,,,,3.08848657445077,0.640831443897279,32.1479361850517,6.52514343565475,0.201248982912937,0.0994748957623249,,,,,,,,,,,,,,,,,,,,,,,,,,,,,,,,,2018.0,1995-10-03,,,2024,14
Tucker Kraft,GB,TE,16222,weighted,,,,,,,0.0,0.0,0.0,0.0,0.0549430431244915,0.0357466942391345,,,,,3.54350284784378,0.556784214694867,39.9025735208648,5.53556121574523,0.284524003254679,0.130578609523446,,,,,,,,,,,,,,,,,,,,,,,,,,,,,,,,,2023.0,2000-11-03,,,2024,14
Kyle Pitts,ATL,TE,15329,weighted,,,,,,,-0.0320314618931381,0.0329436557457015,0.0,0.0,0.0130593978844589,0.0208412506817913,,,,,3.12318958502848,0.427055300960397,37.2704963384866,1.91872467913091,0.179979658258747,0.0813427491609396,,,,,,,,,,,,,,,,,,,,,,,,,,,,,,,,,2021.0,2000-10-06,,,2024,14
Will Dissly,LAC,TE,13763,weighted,,,,,,,0.0320314618931381,0.0329436557457015,0.0,0.0,0.0,0.0,,,,,3.89651749389748,0.61943958334842,36.1393112867604,3.76742415530198,0.168043124491456,0.102212490216101,,,,,,,,,,,,,,,,,,,,,,,,,,,,,,,,,2018.0,,,,2024,14
Pat Freiermuth,PIT,TE,15331,weighted,,,,,,,0.0,0.0,0.0,0.0,0.0850895036615134,0.0145609627198126,,,,,3.47013018714402,0.412067197129532,36.3100046495409,3.071222003071,0.233006509357201,0.121296065341306,,,,,,,,,,,,,,,,,,,,,,,,,,,,,,,,,2021.0,1998-10-25,,,2024,14
Cole Kmet,CHI,TE,14867,weighted,,,,,,,0.0,0.0,0.0,0.0,0.0130593978844589,0.0208412506817913,,,,,3.16409682668836,0.322724443430846,31.4663611530861,4.07322395926415,0.193311635475997,0.0943335965175375,,,,,,,,,,,,,,,,,,,,,,,,,,,,,,,,,2020.0,1999-03-10,,,2024,14
Dawson Knox,BUF,TE,14143,weighted,,,,,,,0.0,0.0,0.0,0.0,0.0,0.0,,,,,3.02762408462164,0.515595211525201,35.0472713007091,2.55663224810902,0.221305939788446,0.11703267117278,,,,,,,,,,,,,,,,,,,,,,,,,,,,,,,,,2019.0,1996-11-14,,,2024,14
Grant Calcaterra,PHI,TE,15804,weighted,,,,,,,0.0,0.0,0.0,0.0,0.0,0.0,,,,,2.51213588283157,0.557522562319809,27.5016470998489,6.05176017229631,0.13120016273393,0.0716182838349973,,,,,,,,,,,,,,,,,,,,,,,,,,,,,,,,,2022.0,1998-12-04,,,2024,14
Juwan Johnson,NO,TE,14861,weighted,,,,,,,0.0,0.0,0.0,0.0,0.0,0.0,,,,,3.02286411716843,0.278987078527716,33.1320492851331,3.81934510381744,0.197847843775427,0.0917411527502152,,,,,,,,,,,,,,,,,,,,,,,,,,,,,,,,,2020.0,1996-09-13,,,2024,14
Noah Fant,SEA,TE,14137,weighted,,,,,,,0.0,0.0,0.0,0.0,0.0,0.0,,,,,3.11482912937347,0.401835326449212,30.5343374404278,1.60329951203113,0.0878925956061839,0.0623999134004177,,,,,,,,,,,,,,,,,,,,,,,,,,,,,,,,,2019.0,1997-11-20,,,2024,14
Noah Gray,KC,TE,15337,weighted,,,,,,,0.0,0.0,0.0,0.0,0.0,0.0,,,,,2.62694467046379,0.455465026950799,27.0318737649657,4.10727950426084,0.180097640358015,0.0940193912936407,,,,,,,,,,,,,,,,,,,,,,,,,,,,,,,,,2021.0,1999-04-30,,,2024,14
Foster Moreau,NO,TE,14239,weighted,,,,,,,0.0,0.0,0.0,0.0,0.0,0.0,,,,,1.97670995670996,0.639479214888706,22.2998268398268,6.03513175004265,0.140928330928331,0.07807819621827,,,,,,,,,,,,,,,,,,,,,,,,,,,,,,,,,2019.0,1997-05-06,,,2024,14
Ja'Tavion Sanders,CAR,TE,16643,weighted,,,,,,,0.0,0.0,0.0,0.0,0.0,0.0,,,,,2.3426769731489,0.558971666819591,23.88689701267,5.42019932246356,0.102676973148902,0.061713787221945,,,,,,,,,,,,,,,,,,,,,,,,,,,,,,,,,2024.0,2003-03-27,,,2024,14
Chigoziem Okonkwo,TEN,TE,15889,weighted,,,,,,,0.0457607811228641,0.0657908983840264,0.0,0.0,0.0354353132628153,0.0351109693931978,,,,,2.46405207485761,0.327832285402679,27.403425549227,2.68920789866701,0.137929210740439,0.0732936489444552,,,,,,,,,,,,,,,,,,,,,,,,,,,,,,,,,2022.0,1999-09-08,,,2024,14
Tyler Conklin,NYJ,TE,13675,weighted,,,,,,,0.0,0.0,0.0,0.0,0.0,0.0,,,,,2.887960591133,0.261849879611862,26.2119482758621,1.64223114282298,0.116911330049261,0.0680869530597022,,,,,,,,,,,,,,,,,,,,,,,,,,,,,,,,,2018.0,1995-07-30,,,2024,14
Tanner Hudson,CIN,TE,14370,weighted,,,,,,,0.0,0.0,0.0,0.0,0.0289571428571429,0.0412928891621357,,,,,1.95456571428571,0.682109272162881,17.66172,5.66583455866261,0.130697142857143,0.0459787332461459,,,,,,,,,,,,,,,,,,,,,,,,,,,,,,,,,2018.0,1994-11-12,,,2024,14
Tommy Tremble,CAR,TE,15332,weighted,,,,,,,0.0,0.0,0.0,0.0,0.0549430431244915,0.0357466942391345,,,,,1.94799430431245,0.738811823618168,16.8557898407532,4.44859759015515,0.11346623270952,0.071397885918932,,,,,,,,,,,,,,,,,,,,,,,,,,,,,,,,,2021.0,2000-06-02,,,2024,14
Josh Oliver,MIN,TE,14209,weighted,,,,,,,0.0,0.0,0.0,0.0,0.0,0.0,,,,,1.73704,0.468454805237794,18.4765828571429,5.81354745744204,0.16936,0.0881575360982032,,,,,,,,,,,,,,,,,,,,,,,,,,,,,,,,,2019.0,1997-03-21,,,2024,14
Colby Parkinson,LAR,TE,14871,weighted,,,,,,,0.0,0.0,0.0,0.0,0.0,0.0,,,,,1.69958909682669,0.546560982584089,15.4984360106939,4.6991741817889,0.089206672091131,0.039769533976231,,,,,,,,,,,,,,,,,,,,,,,,,,,,,,,,,2020.0,1999-01-07,,,2024,14
Luke Schoonmaker,DAL,TE,16221,weighted,,,,,,,0.0,0.0,0.0,0.0,0.0,0.0,,,,,1.26722945484133,0.595959358131939,12.7872155062188,5.65875665191103,0.110012205044752,0.0699875474449467,,,,,,,,,,,,,,,,,,,,,,,,,,,,,,,,,2023.0,1998-09-28,,,2024,14
Jordan Akins,CLE,TE,13753,weighted,,,,,,,0.0,0.0,0.0,0.0,0.0,0.0,,,,,1.67659428571429,0.205624387156245,18.5218571428571,1.8214815095344,0.10564,0.0131259942292237,,,,,,,,,,,,,,,,,,,,,,,,,,,,,,,,,2018.0,1992-04-19,,,2024,14
Michael Mayer,LVR,TE,16212,weighted,,,,,,,0.0,0.0,0.0,0.0,0.0,0.0,,,,,1.49006622516556,0.437106486522904,16.0325583412173,3.09573054567672,0.0673462630085147,0.0518843654477566,,,,,,,,,,,,,,,,,,,,,,,,,,,,,,,,,2023.0,2001-07-06,,,2024,14
Brenton Strange,JAC,TE,16269,weighted,,,,,,,0.0,0.0,0.0,0.0,0.0,0.0,,,,,1.61214857142857,0.240543228978713,15.75088,3.11814385996285,0.117817142857143,0.0457170295087368,,,,,,,,,,,,,,,,,,,,,,,,,,,,,,,,,2023.0,2000-12-27,,,2024,14
Chris Manhertz,NYG,TE,12955,weighted,,,,,,,0.0,0.0,0.0,0.0,0.0,0.0,,,,,1.25929627023223,0.623409350074337,12.7520056298381,6.97363534077846,0.0932019704433498,0.0145370354396681,,,,,,,,,,,,,,,,,,,,,,,,,,,,,,,,,,1992-04-10,,,2024,14
Daniel Bellinger,NYG,TE,15873,weighted,,,,,,,0.0,0.0,0.0,0.0,0.0,0.0,,,,,1.48933771723814,0.370035216694034,14.1258744324409,3.30447754791624,0.0908595584781588,0.0162760469553196,,,,,,,,,,,,,,,,,,,,,,,,,,,,,,,,,2022.0,2000-09-22,,,2024,14
Darnell Washington,PIT,TE,16216,weighted,,,,,,,0.0,0.0,0.0,0.0,0.0,0.0,,,,,1.35871301080319,0.248096158649545,15.9528722404885,1.68275680409893,0.0877313292625646,0.041720758002633,,,,,,,,,,,,,,,,,,,,,,,,,,,,,,,,,2023.0,2001-08-17,,,2024,14
Zach Davidson,BUF,TE,15343,weighted,,,,,,,0.0,0.0,0.0,0.0,0.0,0.0,,,,,1.57173333333333,0.282842712474619,16.0965866666667,2.13546247918337,0.11288,0.0212132034355964,,,,,,,,,,,,,,,,,,,,,,,,,,,,,,,,,2021.0,,,,2024,14
Josh Whyle,TEN,TE,16312,weighted,,,,,,,0.0,0.0,0.0,0.0,0.0,0.0,,,,,1.27267436267436,0.240931144255943,13.4897450697451,2.27101291319174,0.0668638768638769,0.0499352379125504,,,,,,,,,,,,,,,,,,,,,,,,,,,,,,,,,2023.0,1999-09-08,,,2024,14
Davis Allen,LAR,TE,16219,weighted,,,,,,,0.0,0.0,0.0,0.0,0.0,0.0,,,,,1.15772551189817,0.471960828857034,11.1001350304372,3.56027199663337,0.0746209186496956,0.042733405344786,,,,,,,,,,,,,,,,,,,,,,,,,,,,,,,,,2023.0,2001-02-03,,,2024,14
Elijah Higgins,ARI,TE,16333,weighted,,,,,,,0.0,0.0,0.0,0.0,0.0,0.0,,,,,1.10481481481481,0.292268161874793,10.9841991341991,3.22208995901078,0.0763636363636364,0.0384081292948209,,,,,,,,,,,,,,,,,,,,,,,,,,,,,,,,,2023.0,2000-10-27,,,2024,14
AJ Barner,SEA,TE,16723,weighted,,,,,,,0.0,0.0,0.0,0.0,0.0,0.0,,,,,1.44448292448292,0.367502244306019,12.5121067821068,1.74298002017151,0.122784992784993,0.105712384089181,,,,,,,,,,,,,,,,,,,,,,,,,,,,,,,,,2024.0,2002-05-03,,,2024,14
Stone Smartt,LAC,TE,16113,weighted,,,,,,,0.0,0.0,0.0,0.0,0.0,0.0,,,,,0.833947368421053,0.485411071874143,8.83219772403983,4.92921230278574,0.0557823613086771,0.0464367774149256,,,,,,,,,,,,,,,,,,,,,,,,,,,,,,,,,2022.0,1998-10-04,,,2024,14
Johnny Mundt,MIN,TE,13940,weighted,,,,,,,0.0,0.0,0.0,0.0,0.0,0.0,,,,,0.987303898543917,0.376377341804323,9.03482620948802,2.9649567080037,0.0847111319868483,0.025264237517909,,,,,,,,,,,,,,,,,,,,,,,,,,,,,,,,,2017.0,1994-11-23,,,2024,14
Brevyn Spann-Ford,DAL,TE,16647,weighted,,,,,,,0.0,0.0,0.0,0.0,0.0,0.0,,,,,0.467811348563007,0.586252535156341,6.35032240235814,5.32310045662263,0.0120707442888725,0.0188450445557767,,,,,,,,,,,,,,,,,,,,,,,,,,,,,,,,,2024.0,1999-12-27,,,2024,14
Brock Wright,DET,TE,15626,weighted,,,,,,,0.0,0.0,0.0,0.0,0.0,0.0,,,,,1.09748571428571,0.339666908745186,9.45651428571429,2.5948066935568,0.114022857142857,0.0844213342225784,,,,,,,,,,,,,,,,,,,,,,,,,,,,,,,,,2021.0,1998-11-27,,,2024,14
Drew Sample,CIN,TE,14146,weighted,,,,,,,0.311659451659452,0.522804557553354,0.0031553631553631,0.0036186194324035,0.0,0.0,,,,,1.03727272727273,0.457385977204362,9.16948532948533,3.15625743366935,0.0732996632996633,0.0416599601610623,,,,,,,,,,,,,,,,,,,,,,,,,,,,,,,,,2019.0,1996-04-16,,,2024,14
Payne Durham,TB,TE,16218,weighted,,,,,,,0.0,0.0,0.0,0.0,0.0,0.0,,,,,0.451646216768916,0.339738527383475,6.22166666666667,6.08937581338881,0.0133844580777096,0.0153238900089383,,,,,,,,,,,,,,,,,,,,,,,,,,,,,,,,,2023.0,2000-06-15,,,2024,14
Jeremy Ruckert,NYJ,TE,15796,weighted,,,,,,,0.0,0.0,0.0,0.0,0.0,0.0,,,,,1.06870317002882,0.312752480647079,9.64676657060519,1.64479777984835,0.0434697406340058,0.0441896247581496,,,,,,,,,,,,,,,,,,,,,,,,,,,,,,,,,2022.0,2000-08-11,,,2024,14
Luke Farrell,JAC,TE,15335,weighted,,,,,,,0.0,0.0,0.0,0.0,0.0,0.0,,,,,0.982069701280228,0.288117960442104,8.75128733997155,1.94745159230999,0.0535419630156472,0.0429499340285618,,,,,,,,,,,,,,,,,,,,,,,,,,,,,,,,,2021.0,1997-10-14,,,2024,14
Nick Vannett,TEN,TE,12680,weighted,,,,,,,0.0,0.0,0.0,0.0,0.0,0.0,,,,,0.928816163915765,0.246875807004933,7.54240182128628,2.01318228767739,0.0923961297666477,0.0706006694195484,,,,,,,,,,,,,,,,,,,,,,,,,,,,,,,,,2016.0,1993-03-06,,,2024,14
Charlie Woerner,ATL,TE,14984,weighted,,,,,,,0.0,0.0,0.0,0.0,0.0,0.0,,,,,0.700903271692745,0.249580784781286,6.48109530583215,2.31305471949334,0.0207610241820768,0.0284546532227836,,,,,,,,,,,,,,,,,,,,,,,,,,,,,,,,,2020.0,1997-10-16,,,2024,14
Julian Hill,MIA,TE,16425,weighted,,,,,,,0.0,0.0,0.0,0.0,0.0,0.0,,,,,0.860691642651297,0.123623543587897,7.05202305475504,1.27113971160284,0.0472219020172911,0.0452173178877813,,,,,,,,,,,,,,,,,,,,,,,,,,,,,,,,,2023.0,2000-07-09,,,2024,14
Durham Smythe,MIA,TE,13676,weighted,,,,,,,0.0,0.0,0.0,0.0,0.0,0.0,,,,,0.669043227665706,0.34977889328165,5.45334293948127,2.32229516139746,0.0397579250720461,0.0453967366973293,,,,,,,,,,,,,,,,,,,,,,,,,,,,,,,,,2018.0,1995-08-09,,,2024,14
MyCole Pruitt,PIT,TE,12309,weighted,,,,,,,0.0,0.0,0.0,0.0,0.0,0.0,,,,,0.706195286195286,0.197212291419249,6.76810004810005,1.50107631845226,0.0543386243386243,0.0454017628577531,,,,,,,,,,,,,,,,,,,,,,,,,,,,,,,,,2015.0,1992-03-24,,,2024,14
Tanner McLachlan,CIN,TE,16765,weighted,,,,,,,0.0,0.0,0.0,0.0,0.0,0.0,,,,,0.507600596125186,0.424264068711929,4.99880774962742,5.51543289325507,0.0512667660208644,0.0707106781186548,,,,,,,,,,,,,,,,,,,,,,,,,,,,,,,,,2024.0,1999-03-15,,,2024,14
C.J. Uzomah,PHI,TE,12317,weighted,,,,,,,0.0,0.0,0.0,0.0,0.0,0.0,,,,,0.733093333333333,0.21920310216783,6.91197333333333,1.83140656327316,0.08712,0.0212132034355964,,,,,,,,,,,,,,,,,,,,,,,,,,,,,,,,,2015.0,1993-01-14,,,2024,14
Greg Dulcich,NYG,TE,15797,weighted,,,,,,,0.0,0.0,0.0,0.0,0.0,0.0,,,,,0.812090239410681,0.156465846693247,7.54241252302026,0.54728990921242,0.0151473296500921,0.028258152925325,,,,,,,,,,,,,,,,,,,,,,,,,,,,,,,,,2022.0,2000-03-26,,,2024,14
Gerald Everett,CHI,TE,13236,weighted,,,,,,,0.0,0.0,0.0,0.0,0.0,0.0,,,,,0.89103,0.374791728936993,6.65131,1.6890900536618,0.04756,0.0505700696951743,,,,,,,,,,,,,,,,,,,,,,,,,,,,,,,,,2017.0,1994-06-25,,,2024,14
Connor Heyward,PIT,TE,15800,weighted,,,,,,,0.0,0.0,0.0,0.0,0.0,0.0,,,,,0.67297,0.458021345125007,5.53027,2.21816254682266,0.080037925,0.0349197295929594,,,,,,,,,,,,,,,,,,,,,,,,,,,,,,,,,2022.0,1999-01-22,,,2024,14
Blake Whiteheart,,TE,16940,weighted,,,,,,,0.0,0.0,0.0,0.0,0.0,0.0,,,,,0.454904996481351,0.130944608000203,5.68541871921182,1.94124624741479,0.0310063335679099,0.0472081999281877,,,,,,,,,,,,,,,,,,,,,,,,,,,,,,,,,2023.0,2000-03-22,,,2024,14
Pharaoh Brown,SEA,TE,13994,weighted,,,,,,,0.0,0.0,0.0,0.0,0.0,0.0,,,,,0.48028818443804,0.385638660604897,4.60011527377522,2.1306178472795,0.0169452449567723,0.0265629370696574,,,,,,,,,,,,,,,,,,,,,,,,,,,,,,,,,2017.0,1994-05-04,,,2024,14
Tucker Fisk,,TE,16557,weighted,,,,,,,,,,,0.0,,,,,,0.67,,5.04,,0.1,,,,,,,,,,,,,,,,,,,,,,,,,,,,,,,,,,2022.0,1999-01-19,,,2024,14
Kenny Yeboah,NYJ,TE,15339,weighted,,,,,,,0.0,0.0,0.0,0.0,0.0,0.0,,,,,0.412234206471495,0.410121933088197,4.13722650231125,4.08000612744638,0.105731895223421,0.134350288425444,,,,,,,,,,,,,,,,,,,,,,,,,,,,,,,,,2021.0,1970-01-01,,,2024,14
Ross Dwelley,ATL,TE,13988,weighted,,,,,,,0.0,0.0,0.0,0.0,0.0,0.0,,,,,0.548733233979136,0.0707106781186547,5.4354694485842,1.97989898732233,0.0512667660208644,0.0707106781186548,,,,,,,,,,,,,,,,,,,,,,,,,,,,,,,,,2018.0,1970-01-01,,,2024,14
Hunter Long,LAR,TE,15334,weighted,,,,,,,0.0,0.0,0.0,0.0,0.0,0.0,,,,,0.608570412517781,0.139749060139495,4.93157894736842,1.42568963046585,0.010304391377331,0.0188767888612353,,,,,,,,,,,,,,,,,,,,,,,,,,,,,,,,,2021.0,1998-08-19,,,2024,14
Dallin Holker,NO,TE,16807,weighted,,,,,,,0.433112582781457,0.707106781186548,0.0,0.0,0.0,0.0,,,,,0.573245033112583,0.282842712474619,4.86622516556291,1.4142135623731,0.0,0.0,,,,,,,,,,,,,,,,,,,,,,,,,,,,,,,,,2024.0,2000-04-07,,,2024,14
Tip Reiman,ARI,TE,16706,weighted,,,,,,,0.0,0.0,0.0,0.0,0.0,0.0,,,,,0.605731895223421,0.134350288425444,4.58545454545455,0.834386001800126,0.014884437596302,0.0212132034355964,,,,,,,,,,,,,,,,,,,,,,,,,,,,,,,,,2024.0,2001-09-17,,,2024,14
Eric Saubert,SF,TE,13315,weighted,,,,,,,0.0,0.0,0.0,0.0,0.0,0.0,,,,,0.303454038997215,0.0908035970613782,3.46722376973073,1.43427876702707,0.0059795728876508,0.011266255759804,,,,,,,,,,,,,,,,,,,,,,,,,,,,,,,,,2017.0,1994-05-09,,,2024,14
Marcedes Lewis,CHI,TE,8269,weighted,,,,,,,0.0,0.0,0.0,0.0,0.0,0.0,,,,,0.502533532041729,0.141421356237309,3.38420268256334,1.90918830920368,0.1,3.9264915141570104e-17,,,,,,,,,,,,,,,,,,,,,,,,,,,,,,,,,2006.0,1984-05-19,,,2024,14
Harrison Bryant,LVR,TE,14875,weighted,,,,,,,0.0,0.0,0.0,0.0,0.0,0.0,,,,,0.454862804878049,0.0636396103067893,3.59681402439024,0.841457069611992,0.0150457317073171,0.0212132034355964,,,,,,,,,,,,,,,,,,,,,,,,,,,,,,,,,2020.0,1970-01-01,,,2024,14
John FitzPatrick,GB,TE,15925,weighted,,,,,,,0.0,,0.0,,0.0,,,,,,0.23,,2.28,,0.02,,,,,,,,,,,,,,,,,,,,,,,,,,,,,,,,,,2022.0,2000-03-09,,,2024,14
Shane Zylstra,DET,TE,15604,weighted,,,,,,,,,,,0.0,,,,,,0.2,,2.0,,0.02,,,,,,,,,,,,,,,,,,,,,,,,,,,,,,,,,,2021.0,1996-11-16,,,2024,14
Jake Elliott,PHI,K,13303,weighted,,,,,,,,,,,,,,,,,,,,,,,0.0,0.0,0.553368075259461,0.0554240208533973,0.680512459173508,0.0754860290244419,0.468085284808131,0.0515361480095698,0.146955971229145,0.0858239388053777,3.04261235955056,0.301259123073,,,,,,,,,,,,,,,,,,,,,2017.0,1995-01-21,,,2024,14
Jake Bates,DET,K,16846,weighted,,,,,,,,,,,,,,,,,,,,,,,0.0,0.0,0.371944364416274,0.122022944699899,0.729054227087935,0.221010437288527,0.513016981977656,0.164185056684505,0.276081910832613,0.1559999592975,3.07953183520599,0.244654402274295,,,,,,,,,,,,,,,,,,,,,2023.0,1999-03-03,,,2024,14
Cade York,CIN,K,15882,weighted,,,,,,,,,,,,,,,,,,,,,,,0.0,0.0,0.424084017561866,0.0425719256665366,0.624410480100353,0.115060281489313,0.492172625156802,0.0618169746787596,0.319481525829627,0.0318760597103185,2.95066216216216,0.323934593603325,,,,,,,,,,,,,,,,,,,,,2022.0,2001-01-27,,,2024,14
Tyler Bass,BUF,K,14983,weighted,,,,,,,,,,,,,,,,,,,,,,,0.0,0.0,0.505308166962166,0.0333409839292833,0.654587066412083,0.0521636724198429,0.469142895610179,0.0381147651363272,0.16932930475561,0.0832058600592252,2.98966760299625,0.208501959511063,,,,,,,,,,,,,,,,,,,,,2020.0,1997-02-14,,,2024,14
Chase McLaughlin,TB,K,14717,weighted,,,,,,,,,,,,,,,,,,,,,,,0.0,0.0,0.543298273774323,0.145456112895898,0.520305785531244,0.120203665304898,0.346650861704824,0.160721049524002,0.243735787854468,0.162290185534337,2.80454588014981,0.304286142810448,,,,,,,,,,,,,,,,,,,,,2019.0,1996-04-09,,,2024,14
Brandon Aubrey,DAL,K,16414,weighted,,,,,,,,,,,,,,,,,,,,,,,0.0,0.0,0.479766353224315,0.0395940194445232,0.577140171665549,0.0284274703424329,0.505590131075892,0.0585222370403575,0.322379614767255,0.186551399351746,2.55950374531835,0.356616965868607,,,,,,,,,,,,,,,,,,,,,2023.0,1995-03-14,,,2024,14
Chris Boswell,PIT,K,11936,weighted,,,,,,,,,,,,,,,,,,,,,,,0.0,0.0,0.516738118521262,0.0524298514920739,0.563404523592957,0.0329678547497828,0.475426045068674,0.0356127134147088,0.289471517991812,0.162286057777089,2.36748127340824,0.407704140575158,,,,,,,,,,,,,,,,,,,,,2014.0,1991-03-16,,,2024,14
Brandon McManus,GB,K,11947,weighted,,,,,,,,,,,,,,,,,,,,,,,0.0,0.0,0.358357965533279,0.0635014200914293,0.679247142052826,0.101858098636795,0.529879623509828,0.0733808269376076,0.178756850352501,0.105408304537618,2.44178370786517,0.333062801578351,,,,,,,,,,,,,,,,,,,,,2014.0,1991-07-25,,,2024,14
Nick Folk,TEN,K,8851,weighted,,,,,,,,,,,,,,,,,,,,,,,0.0,0.0,0.452659306075739,0.10705532691716,0.406150710049938,0.112372478719418,0.518948189762797,0.125241369806811,0.233655993159592,0.16488848631095,2.27210674157303,0.429919949509056,,,,,,,,,,,,,,,,,,,,,2007.0,1984-11-05,,,2024,14
Chad Ryland,ARI,K,16292,weighted,,,,,,,,,,,,,,,,,,,,,,,0.0,0.0,0.41515318803484,0.109314489984298,0.653784913023516,0.173681014254203,0.365262233948469,0.102581598430102,0.213707800023611,0.0596918357875983,2.31889872717211,0.550927507495365,,,,,,,,,,,,,,,,,,,,,2023.0,1999-10-15,,,2024,14
Jason Sanders,MIA,K,13832,weighted,,,,,,,,,,,,,,,,,,,,,,,0.0,0.0,0.423866159270813,0.0993855403878273,0.568041098391162,0.14196371393903,0.392145393561283,0.107103790174325,0.267433139645748,0.172869117370401,2.64630149812734,0.343003928817433,,,,,,,,,,,,,,,,,,,,,2018.0,1995-11-16,,,2024,14
Jake Moody,SF,K,16286,weighted,,,,,,,,,,,,,,,,,,,,,,,0.0,0.0,0.575247199528854,0.0726949981706697,0.550221470238226,0.0406560772374243,0.505474857208217,0.0431926846228484,0.168653930394025,0.0816508335307966,2.3802106741573,0.393186281908548,,,,,,,,,,,,,,,,,,,,,2023.0,1999-11-23,,,2024,14
Will Reichard,MIN,K,16681,weighted,,,,,,,,,,,,,,,,,,,,,,,0.0,0.0,0.470212953054713,0.0565829580332088,0.637268691912887,0.0631455454544674,0.523213790301805,0.065474286809636,0.222803498974496,0.129123249392766,2.34038857677903,0.281976748223291,,,,,,,,,,,,,,,,,,,,,2024.0,2001-01-09,,,2024,14
Joshua Karty,LAR,K,16775,weighted,,,,,,,,,,,,,,,,,,,,,,,0.0,0.0,0.492845297460334,0.0955273392122885,0.600377269673326,0.117665133320983,0.389768792632264,0.107335329887126,0.16661362030499,0.0790483657344665,2.00568820224719,0.238204953470932,,,,,,,,,,,,,,,,,,,,,2024.0,2002-03-07,,,2024,14
Matthew Wright,KC,K,14426,weighted,,,,,,,,,,,,,,,,,,,,,,,0.0,0.0,0.443424631532232,0.0971489985132583,0.550157706610631,0.158327894789153,0.580067370852482,0.107103481052417,0.184911442083791,0.0773751013034995,2.17302711676812,0.303270703774811,,,,,,,,,,,,,,,,,,,,,2019.0,,,,2024,14
Younghoe Koo,ATL,K,13403,weighted,,,,,,,,,,,,,,,,,,,,,,,0.0,0.0,0.523559116640128,0.0447802156274422,0.545388505200286,0.0434578486160433,0.429761987592181,0.0341890198502155,0.249435111023334,0.11934961977786,2.04302902621723,0.212654140911232,,,,,,,,,,,,,,,,,,,,,2017.0,1994-08-03,,,2024,14
Jason Myers,SEA,K,12437,weighted,,,,,,,,,,,,,,,,,,,,,,,0.0,0.0,0.409545642528931,0.0545808008937606,0.594962081389491,0.062395993996553,0.500106463969856,0.0555403946144735,0.259100985865793,0.157603041573658,2.11749531835206,0.11879589310706,,,,,,,,,,,,,,,,,,,,,,1991-05-12,,,2024,14
Blake Grupe,NO,K,16444,weighted,,,,,,,,,,,,,,,,,,,,,,,0.0,0.0,0.484134721304252,0.0635578001844249,0.527552783285599,0.0693362147480572,0.447969449952266,0.0493551536024179,0.26832481342256,0.13162610506988,2.09294475655431,0.081699863421974,,,,,,,,,,,,,,,,,,,,,2023.0,1998-11-05,,,2024,14
Cameron Dicker,LAC,K,15979,weighted,,,,,,,,,,,,,,,,,,,,,,,0.049704563374729,0.0310145328882702,0.432741287331542,0.0410669939126151,0.440398632497187,0.0730623806607553,0.561651458328655,0.0701648045124086,0.283859078732156,0.154728222416132,1.95580524344569,0.214060501687683,,,,,,,,,,,,,,,,,,,,,2022.0,2000-05-06,,,2024,14
Dustin Hopkins,CLE,K,11387,weighted,,,,,,,,,,,,,,,,,,,,,,,0.0,0.0,0.360474927174365,0.088908311259565,0.566259602298928,0.11506387496832,0.542644104778936,0.111161016566724,0.206551207105982,0.10274094090831,1.62829119850187,0.440449979691132,,,,,,,,,,,,,,,,,,,,,2013.0,1990-10-01,,,2024,14
Cairo Santos,CHI,K,11945,weighted,,,,,,,,,,,,,,,,,,,,,,,0.0,0.0,0.467861409796894,0.0698217366998208,0.490827762340086,0.0761386034542137,0.490827762340086,0.0761386034542137,0.261163011960855,0.132782215635517,1.95570692883895,0.171284566572926,,,,,,,,,,,,,,,,,,,,,2014.0,1991-11-12,,,2024,14
Cam Little,JAC,K,16680,weighted,,,,,,,,,,,,,,,,,,,,,,,0.0,0.0,0.390667886004965,0.0809841055339151,0.657657630031225,0.137054740935182,0.390667886004965,0.0809841055339151,0.161647563578743,0.078124349295535,1.9625702247191,0.173699331329965,,,,,,,,,,,,,,,,,,,,,2024.0,2003-08-17,,,2024,14
Daniel Carlson,LVR,K,13718,weighted,,,,,,,,,,,,,,,,,,,,,,,0.0,0.0,0.567871753135585,0.0748686341124024,0.551786627036177,0.0567771957755327,0.436888150536162,0.0452762173939829,0.235013474553169,0.111339706240244,1.91410580524345,0.152185440326935,,,,,,,,,,,,,,,,,,,,,2018.0,1995-01-23,,,2024,14
Anders Carlson,NYJ,K,16339,weighted,,,,,,,,,,,,,,,,,,,,,,,0.0,0.0,0.339874745029387,0.084129165244408,0.540635448490276,0.0982360298604948,0.429112100911067,0.0776844787785626,0.385869885839274,0.0605067338624687,1.82966795794134,0.264531160457656,,,,,,,,,,,,,,,,,,,,,2023.0,1998-06-16,,,2024,14
Graham Gano,NYG,K,9694,weighted,,,,,,,,,,,,,,,,,,,,,,,0.0,0.0,0.285482235629294,0.100393391529844,0.362781488663842,0.0883016297696016,0.410931133137016,0.0691201527883206,0.173518398812516,0.0297766026091025,1.51878851540616,0.289830016326177,,,,,,,,,,,,,,,,,,,,,2009.0,1987-04-09,,,2024,14
Eddy Pineiro,CAR,K,13719,weighted,,,,,,,,,,,,,,,,,,,,,,,0.0,0.0,0.345754126351736,0.0994329710748715,0.449685733694583,0.125222640677298,0.380049597528254,0.106688522649289,0.0965262845917187,0.0729424164826762,1.43263517359135,0.301800470009391,,,,,,,,,,,,,,,,,,,,,2018.0,1995-09-13,,,2024,14
Panthers,CAR,DST,527,weighted,,,,,,,,,,,,,,,,,,,,,,,,,,,,,,,,,,,0.456108706108706,0.221216906581234,1.99236171236171,0.275555224130488,0.0165624498957832,0.017868973538324,0.0699615199615199,0.0529472503318661,,,,,,,,,,,,,,,,,2024,14
Cowboys,DAL,DST,516,weighted,,,,,,,,,,,,,,,,,,,,,,,,,,,,,,,,,,,0.668643578643579,0.170742106026078,2.73069745069745,0.741397640143489,0.0504088504088504,0.0311492131305687,0.143189033189033,0.0988303206586395,,,,,,,,,,,,,,,,,2024,14
Rams,LAR,DST,528,weighted,,,,,,,,,,,,,,,,,,,,,,,,,,,,,,,,,,,0.688148148148148,0.15759231336966,1.69739778739779,0.384676038817062,0.0495911495911496,0.0311492131305687,0.0903703703703704,0.0457150936356446,,,,,,,,,,,,,,,,,2024,14
Raiders,LVR,DST,513,weighted,,,,,,,,,,,,,,,,,,,,,,,,,,,,,,,,,,,0.741746031746032,0.233195176395066,2.19461279461279,0.199910351911147,0.0132499599166266,0.0142951788306592,0.102202982202982,0.0642761358028639,,,,,,,,,,,,,,,,,2024,14
Browns,CLE,DST,507,weighted,,,,,,,,,,,,,,,,,,,,,,,,,,,,,,,,,,,0.632044252044252,0.195298285687975,2.78860028860029,0.327822891659267,0.0495911495911496,0.0311492131305687,0.0998316498316498,0.053337221557649,,,,,,,,,,,,,,,,,2024,14
Packers,GB,DST,523,weighted,,,,,,,,,,,,,,,,,,,,,,,,,,,,,,,,,,,0.713722943722944,0.141563373679624,2.2533189033189,0.231463730042915,0.0165624498957832,0.017868973538324,0.0746416546416546,0.0576172777204852,,,,,,,,,,,,,,,,,2024,14
Bengals,CIN,DST,506,weighted,,,,,,,,,,,,,,,,,,,,,,,,,,,,,,,,,,,0.756103896103896,0.132173953652574,2.07414622414622,0.127690767783494,0.0529036395703062,0.0314054659641947,0.128908128908129,0.0743430329524723,,,,,,,,,,,,,,,,,2024,14
Jets,NYJ,DST,505,weighted,,,,,,,,,,,,,,,,,,,,,,,,,,,,,,,,,,,0.619004329004329,0.250121170671178,2.65128908128908,0.631748240559625,0.0132499599166266,0.0142951788306592,0.11011544011544,0.0641042732301416,,,,,,,,,,,,,,,,,2024,14
Giants,NYG,DST,517,weighted,,,,,,,,,,,,,,,,,,,,,,,,,,,,,,,,,,,0.611462241462241,0.247984937870598,2.07797017797018,0.378936966398908,0.0198749398749399,0.0214427682459888,0.0935016835016835,0.0483456362320641,,,,,,,,,,,,,,,,,2024,14
Falcons,ATL,DST,526,weighted,,,,,,,,,,,,,,,,,,,,,,,,,,,,,,,,,,,0.839182299182299,0.233269897819557,2.59831168831169,0.598394507350359,0.0165624498957832,0.017868973538324,0.122679172679173,0.0731662732654317,,,,,,,,,,,,,,,,,2024,14
Bears,CHI,DST,521,weighted,,,,,,,,,,,,,,,,,,,,,,,,,,,,,,,,,,,0.775069745069745,0.119697457466219,2.20334776334776,0.205803816178677,0.0165624498957832,0.017868973538324,0.1100481000481,0.0652439965520343,,,,,,,,,,,,,,,,,2024,14
Chargers,LAC,DST,514,weighted,,,,,,,,,,,,,,,,,,,,,,,,,,,,,,,,,,,0.827012987012987,0.139793745254479,2.80200096200096,0.340314923192084,0.0165624498957832,0.017868973538324,0.108499278499278,0.0642158367800894,,,,,,,,,,,,,,,,,2024,14
Titans,TEN,DST,508,weighted,,,,,,,,,,,,,,,,,,,,,,,,,,,,,,,,,,,0.82006253006253,0.117584886872121,2.35685906685907,0.187148161257915,0.0859323392656726,0.0637132922640039,0.105228475228475,0.0882412196337999,,,,,,,,,,,,,,,,,2024,14
Lions,DET,DST,522,weighted,,,,,,,,,,,,,,,,,,,,,,,,,,,,,,,,,,,0.83027898027898,0.105191373940171,1.85658970658971,0.305702406466307,0.0198749398749399,0.0214427682459888,0.125776815776816,0.0739650387590017,,,,,,,,,,,,,,,,,2024,14
Seahawks,SEA,DST,515,weighted,,,,,,,,,,,,,,,,,,,,,,,,,,,,,,,,,,,0.69025974025974,0.193043501983344,2.21837421837422,0.224689668976628,0.0495911495911496,0.0311492131305687,0.124959114959115,0.095947512513286,,,,,,,,,,,,,,,,,2024,14
Bills,BUF,DST,501,weighted,,,,,,,,,,,,,,,,,,,,,,,,,,,,,,,,,,,0.837166907166907,0.125889246965277,2.46031746031746,0.388727164654665,0.0165624498957832,0.017868973538324,0.127291967291967,0.0761719575354007,,,,,,,,,,,,,,,,,2024,14
Vikings,MIN,DST,524,weighted,,,,,,,,,,,,,,,,,,,,,,,,,,,,,,,,,,,0.890788840788841,0.263578779615796,2.59959114959115,0.400792096998825,0.0198749398749399,0.0214427682459888,0.135137085137085,0.0773337949123001,,,,,,,,,,,,,,,,,2024,14
Dolphins,MIA,DST,503,weighted,,,,,,,,,,,,,,,,,,,,,,,,,,,,,,,,,,,0.692914862914863,0.177087307480768,2.34703222703223,0.249678479902076,0.0198749398749399,0.0214427682459888,0.100514670514671,0.0855152913581792,,,,,,,,,,,,,,,,,2024,14
Cardinals,ARI,DST,519,weighted,,,,,,,,,,,,,,,,,,,,,,,,,,,,,,,,,,,0.810836940836941,0.217755192834635,3.00239538239538,0.355686998950056,0.0859323392656726,0.0637132922640039,0.100582010582011,0.0828790225687124,,,,,,,,,,,,,,,,,2024,14
Jaguars,JAC,DST,509,weighted,,,,,,,,,,,,,,,,,,,,,,,,,,,,,,,,,,,0.747753727753728,0.138913754495363,3.060962000962,0.479861748769899,0.0198749398749399,0.0214427682459888,0.128908128908129,0.0743430329524723,,,,,,,,,,,,,,,,,2024,14
49ers,SF,DST,530,weighted,,,,,,,,,,,,,,,,,,,,,,,,,,,,,,,,,,,0.804203944203944,0.180299132131778,2.985291005291,0.825174273983735,0.0165624498957832,0.017868973538324,0.16047138047138,0.0778282042922628,,,,,,,,,,,,,,,,,2024,14
Chiefs,KC,DST,512,weighted,,,,,,,,,,,,,,,,,,,,,,,,,,,,,,,,,,,0.439211159211159,0.236995822152394,2.80887926887927,0.52340846361446,0.0132499599166266,0.0142951788306592,0.109302549302549,0.0893339954996928,,,,,,,,,,,,,,,,,2024,14
Buccaneers,TB,DST,525,weighted,,,,,,,,,,,,,,,,,,,,,,,,,,,,,,,,,,,0.735901875901876,0.227048877448712,2.75568542568543,0.462254377734649,0.0529036395703062,0.0314054659641947,0.102097162097162,0.0858195443178875,,,,,,,,,,,,,,,,,2024,14
Eagles,PHI,DST,518,weighted,,,,,,,,,,,,,,,,,,,,,,,,,,,,,,,,,,,0.851106301106301,0.14145599851988,2.57909571909572,0.509050636773657,0.0231874298540965,0.0250165629536536,0.13049543049543,0.10064710129095,,,,,,,,,,,,,,,,,2024,14
Steelers,PIT,DST,510,weighted,,,,,,,,,,,,,,,,,,,,,,,,,,,,,,,,,,,1.06625781625782,0.16112555270344,3.05347763347763,0.470897327546083,0.053721340388007,0.0313015603781035,0.165185185185185,0.0789410694541864,,,,,,,,,,,,,,,,,2024,14
Saints,NO,DST,529,weighted,,,,,,,,,,,,,,,,,,,,,,,,,,,,,,,,,,,0.863140933140933,0.10209326676275,2.96694083694084,0.439756167379066,0.0562161295494629,0.0320605228190037,0.125815295815296,0.0974367847644747,,,,,,,,,,,,,,,,,2024,14
AShawn Robinson,CAR,DL,12697,weighted,,,,,,,,,,,,,,,,,,,,,,,,,,,,,,,,,,,,,,,,,,,,,4.39537750385208,0.848528137423857,,,0.0049614791987673,0.0070710678118654,0.134730354391371,0.0494974746830583,0.0049614791987673,0.0070710678118654,2016.0,1995-03-21,,,2024,14
Maxx Crosby,LVR,DL,14225,weighted,,,,,,,,,,,,,,,,,,,,,,,,,,,,,,,,,,,,,,,,,,,,,3.42779944289694,1.24867756321806,,,0.0049767873723305,0.0047757395754293,0.20544103992572,0.0907390519331584,0.0049767873723305,0.0047757395754293,2019.0,1997-08-22,,,2024,14
Brian Burns,NYG,DL,14171,weighted,,,,,,,,,,,,,,,,,,,,,,,,,,,,,,,,,,,,,,,,,,,,,3.25903435468895,1.12020643970847,,,0.0,0.0,0.371067780872795,0.219684020469752,0.0049767873723305,0.0047757395754293,2019.0,1998-04-23,,,2024,14
Jared Verse,LAR,DL,16653,weighted,,,,,,,,,,,,,,,,,,,,,,,,,,,,,,,,,,,,,,,,,,,,,3.04707520891365,1.09788980612223,,,0.0099535747446611,0.0095514791508587,0.185069637883008,0.0143272187262882,0.0049767873723305,0.0047757395754293,2024.0,2000-11-04,,,2024,14
Al-Quadin Muhammad,DET,DL,13330,weighted,,,,,,,,,,,,,,,,,,,,,,,,,,,,,,,,,,,,,,,,,,,,,2.30014856081708,1.82908669062951,,,0.0099535747446611,0.0095514791508587,0.204976787372331,0.0047757395754293,0.0049767873723305,0.0047757395754293,2017.0,1995-03-28,,,2024,14
Jeffery Simmons,TEN,DL,14163,weighted,,,,,,,,,,,,,,,,,,,,,,,,,,,,,,,,,,,,,,,,,,,,,3.19229583975347,1.41421356237309,,,0.0,0.0,0.165269645608629,0.0494974746830583,0.0049614791987673,0.0070710678118654,2019.0,1997-07-28,,,2024,14
Micah Parsons,DAL,DL,15350,weighted,,,,,,,,,,,,,,,,,,,,,,,,,,,,,,,,,,,,,,,,,,,,,2.90820798514392,1.02542595696973,,,0.0,0.0,0.0900464252553389,0.0095514791508587,0.0049767873723305,0.0047757395754293,2021.0,1999-05-26,,,2024,14
Kobie Turner,LAR,DL,16282,weighted,,,,,,,,,,,,,,,,,,,,,,,,,,,,,,,,,,,,,,,,,,,,,3.09802773497689,1.27986327394765,,,0.0,0.0,0.220616332819723,0.113137084989848,0.0049614791987673,0.0070710678118654,2023.0,1999-04-26,,,2024,14
Osa Odighizuwa,DAL,DL,15393,weighted,,,,,,,,,,,,,,,,,,,,,,,,,,,,,,,,,,,,,,,,,,,,,2.49192200557103,1.18161943205252,,,0.0,0.0,0.119907149489322,0.0191029583017176,0.0049767873723305,0.0047757395754293,2021.0,1998-08-13,,,2024,14
Shy Tuttle,CAR,DL,14675,weighted,,,,,,,,,,,,,,,,,,,,,,,,,,,,,,,,,,,,,,,,,,,,,2.51032497678737,1.12934733043124,,,0.0049767873723305,0.0047757395754293,0.185069637883008,0.0143272187262882,0.0049767873723305,0.0047757395754293,2019.0,1995-10-20,,,2024,14
Cameron Heyward,PIT,DL,10266,weighted,,,,,,,,,,,,,,,,,,,,,,,,,,,,,,,,,,,,,,,,,,,,,3.24499229583975,0.919238815542512,,,0.0049614791987673,0.0070710678118654,0.477503852080123,0.459619407771256,0.0049614791987673,0.0070710678118654,2011.0,1989-05-06,,,2024,14
Adam Butler,LVR,DL,13448,weighted,,,,,,,,,,,,,,,,,,,,,,,,,,,,,,,,,,,,,,,,,,,,,2.80285333333333,1.32228968081884,,,0.0,0.0,0.14,0.0,0.01,0.0,,1994-04-12,,,2024,14
B.J. Hill,CIN,DL,13742,weighted,,,,,,,,,,,,,,,,,,,,,,,,,,,,,,,,,,,,,,,,,,,,,2.49238625812442,1.09569121918808,,,0.0601857010213556,0.0382059166034351,0.290510677808728,0.105066270659447,0.0049767873723305,0.0047757395754293,2018.0,1995-04-20,,,2024,14
John Jenkins,LVR,DL,11286,weighted,,,,,,,,,,,,,,,,,,,,,,,,,,,,,,,,,,,,,,,,,,,,,2.15541318477252,1.50758404808573,,,0.0,0.0,0.129860724233983,0.0286544374525763,0.0049767873723305,0.0047757395754293,2013.0,1989-07-11,,,2024,14
Gregory Rousseau,BUF,DL,15346,weighted,,,,,,,,,,,,,,,,,,,,,,,,,,,,,,,,,,,,,,,,,,,,,2.74547818012999,0.839336054105397,,,0.0049767873723305,0.0047757395754293,0.21041782729805,0.085963312357729,0.0049767873723305,0.0047757395754293,2021.0,2000-04-05,,,2024,14
Tomon Fox,NYG,DL,16030,weighted,,,,,,,,,,,,,,,,,,,,,,,,,,,,,,,,,,,,,,,,,,,,,2.82557333333333,1.19501046020527,,,0.0,0.0,0.16,0.0,0.01,0.0,2022.0,1998-03-16,,,2024,14
Vita Vea,TB,DL,13692,weighted,,,,,,,,,,,,,,,,,,,,,,,,,,,,,,,,,,,,,,,,,,,,,2.29831012070566,1.18626876320159,,,0.0,0.0,0.109953574744661,0.0095514791508587,0.0049767873723305,0.0047757395754293,2018.0,1995-02-05,,,2024,14
Harrison Phillips,MIN,DL,13693,weighted,,,,,,,,,,,,,,,,,,,,,,,,,,,,,,,,,,,,,,,,,,,,,2.25299907149489,1.19464748118563,,,0.0,0.0,0.175116063138347,0.0238786978771469,0.0,0.0,2018.0,1996-01-25,,,2024,14
Dante Stills,ARI,DL,16344,weighted,,,,,,,,,,,,,,,,,,,,,,,,,,,,,,,,,,,,,,,,,,,,,2.27140204271124,1.13681038052075,,,0.0049767873723305,0.0047757395754293,0.0597214484679666,0.0573088749051527,0.0049767873723305,0.0047757395754293,2023.0,1999-12-14,,,2024,14
Jalen Carter,PHI,DL,16233,weighted,,,,,,,,,,,,,,,,,,,,,,,,,,,,,,,,,,,,,,,,,,,,,2.45602465331279,1.64755880016466,,,0.0,0.0,0.165269645608629,0.0494974746830583,0.0049614791987673,0.0070710678118654,2023.0,2001-04-04,,,2024,14
Leonard Williams,SEA,DL,12225,weighted,,,,,,,,,,,,,,,,,,,,,,,,,,,,,,,,,,,,,,,,,,,,,2.87057010785824,0.81317279836453,,,0.055346687211094,0.0636396103067893,0.175192604006163,0.0353553390593274,0.055346687211094,0.0636396103067893,2015.0,1994-06-20,,,2024,14
Grady Jarrett,ATL,DL,12305,weighted,,,,,,,,,,,,,,,,,,,,,,,,,,,,,,,,,,,,,,,,,,,,,2.61368258859784,1.15965512114594,,,0.0,0.0,0.114884437596302,0.0212132034355964,0.0049614791987673,0.0070710678118654,2015.0,1993-04-28,,,2024,14
Byron Murphy,SEA,DL,16689,weighted,,,,,,,,,,,,,,,,,,,,,,,,,,,,,,,,,,,,,,,,,,,,,2.21060092449923,1.72534054609518,,,0.0,0.0,0.07442218798151,0.106066017177982,0.0049614791987673,0.0070710678118654,2024.0,2002-09-08,,,2024,14
Alim McNeill,DET,DL,15390,weighted,,,,,,,,,,,,,,,,,,,,,,,,,,,,,,,,,,,,,,,,,,,,,1.97474466109564,1.25389464432495,,,0.0,0.0,0.0696750232126277,0.0668603540560114,0.0049767873723305,0.0047757395754293,2021.0,2000-05-11,,,2024,14
Braden Fiske,LAR,DL,16694,weighted,,,,,,,,,,,,,,,,,,,,,,,,,,,,,,,,,,,,,,,,,,,,,2.48314329738059,1.25865007051205,,,0.0049614791987673,0.0070710678118654,0.0644992295839753,0.0919238815542512,0.0049614791987673,0.0070710678118654,2024.0,2000-01-18,,,2024,14
Javon Kinlaw,NYJ,DL,14899,weighted,,,,,,,,,,,,,,,,,,,,,,,,,,,,,,,,,,,,,,,,,,,,,2.27238625812442,0.890034205024515,,,0.0099535747446611,0.0095514791508587,0.0846053853296193,0.0811875727822996,0.0049767873723305,0.0047757395754293,2020.0,1997-10-03,,,2024,14
Zach Sieler,MIA,DL,13839,weighted,,,,,,,,,,,,,,,,,,,,,,,,,,,,,,,,,,,,,,,,,,,,,2.67972265023112,0.96873629022557,,,0.055346687211094,0.0636396103067893,0.215654853620955,0.120208152801713,0.0049614791987673,0.0070710678118654,2018.0,1995-09-07,,,2024,14
Kris Jenkins,CIN,DL,16662,weighted,,,,,,,,,,,,,,,,,,,,,,,,,,,,,,,,,,,,,,,,,,,,,1.9961374187558,1.19576408739374,,,0.0,0.0,0.124883936861653,0.0238786978771469,0.0049767873723305,0.0047757395754293,2024.0,2001-10-10,,,2024,14
Quinnen Williams,NYJ,DL,14157,weighted,,,,,,,,,,,,,,,,,,,,,,,,,,,,,,,,,,,,,,,,,,,,,2.32713091922006,0.8362282716919,,,0.0049767873723305,0.0047757395754293,0.114930362116992,0.0143272187262882,0.0049767873723305,0.0047757395754293,2019.0,1997-12-21,,,2024,14
George Karlaftis,KC,DL,15808,weighted,,,,,,,,,,,,,,,,,,,,,,,,,,,,,,,,,,,,,,,,,,,,,2.2124791086351,0.941190866323304,,,0.0,0.0,0.150232126276695,0.0477573957542939,0.0049767873723305,0.0047757395754293,2022.0,2001-04-03,,,2024,14
Andrew Van Ginkel,MIN,DL,14249,weighted,,,,,,,,,,,,,,,,,,,,,,,,,,,,,,,,,,,,,,,,,,,,,3.07324503311258,0.282842712474619,,,0.1,1.98041604282243e-17,0.3,0.0,0.1,1.98041604282243e-17,2019.0,1995-07-01,,,2024,14
ZaDarius Smith,DET,DL,12301,weighted,,,,,,,,,,,,,,,,,,,,,,,,,,,,,,,,,,,,,,,,,,,,,2.07912720519963,0.976457141817314,,,0.0,0.0,0.1,0.0,0.0049767873723305,0.0047757395754293,,1992-09-08,,,2024,14
Carl Granderson,NO,DL,14405,weighted,,,,,,,,,,,,,,,,,,,,,,,,,,,,,,,,,,,,,,,,,,,,,2.57429897864438,0.623401889838842,,,0.0,0.0,0.155208913649025,0.0429816561788645,0.0049767873723305,0.0047757395754293,2019.0,1996-12-18,,,2024,14
Shelby Harris,CLE,DL,11872,weighted,,,,,,,,,,,,,,,,,,,,,,,,,,,,,,,,,,,,,,,,,,,,,2.00568245125348,0.933165397391625,,,0.0,0.0,0.170139275766017,0.0286544374525763,0.0049767873723305,0.0047757395754293,2014.0,1991-08-11,,,2024,14
Calijah Kancey,TB,DL,16254,weighted,,,,,,,,,,,,,,,,,,,,,,,,,,,,,,,,,,,,,,,,,,,,,2.92326656394453,0.318198051533946,,,0.0049614791987673,0.0070710678118654,0.104961479198767,0.0070710678118654,0.0049614791987673,0.0070710678118654,2023.0,2001-03-01,,,2024,14
Evan Anderson,,DL,16942,weighted,,,,,,,,,,,,,,,,,,,,,,,,,,,,,,,,,,,,,,,,,,,,,2.26546666666667,1.09601551083915,,,0.0,0.0,0.12,0.0,0.01,0.0,2024.0,2002-02-14,,,2024,14
Jonathan Greenard,MIN,DL,14882,weighted,,,,,,,,,,,,,,,,,,,,,,,,,,,,,,,,,,,,,,,,,,,,,2.70317880794702,0.494974746830583,,,0.0,0.0,0.2,3.96083208564486e-17,0.0,0.0,2020.0,1997-05-25,,,2024,14
Ogbonnia Okoronkwo,CLE,DL,13685,weighted,,,,,,,,,,,,,,,,,,,,,,,,,,,,,,,,,,,,,,,,,,,,,2.27342618384401,0.739066007105333,,,0.0,0.0,0.104976787372331,0.0047757395754293,0.0049767873723305,0.0047757395754293,2018.0,1995-04-24,,,2024,14
Myles Garrett,CLE,DL,13198,weighted,,,,,,,,,,,,,,,,,,,,,,,,,,,,,,,,,,,,,,,,,,,,,2.46837511606314,0.676071077962621,,,0.0,0.0,0.0751160631383473,0.0238786978771469,0.0049767873723305,0.0047757395754293,2017.0,1995-12-29,,,2024,14
T.J. Watt,PIT,DL,13214,weighted,,,,,,,,,,,,,,,,,,,,,,,,,,,,,,,,,,,,,,,,,,,,,2.55986754966887,0.424264068711929,,,0.0,0.0,0.3,0.0,0.0,0.0,2017.0,1994-10-11,,,2024,14
Trey Hendrickson,CIN,DL,13284,weighted,,,,,,,,,,,,,,,,,,,,,,,,,,,,,,,,,,,,,,,,,,,,,2.15923862581244,0.597431191650927,,,0.0,0.0,0.240742804085422,0.15282366641374,0.0049767873723305,0.0047757395754293,2017.0,1994-12-05,,,2024,14
Rashan Gary,GB,DL,14149,weighted,,,,,,,,,,,,,,,,,,,,,,,,,,,,,,,,,,,,,,,,,,,,,2.21996285979573,0.567504555246242,,,0.0,0.0,0.104976787372331,0.0047757395754293,0.0049767873723305,0.0047757395754293,2019.0,1997-12-03,,,2024,14
Kayvon Thibodeaux,NYG,DL,15806,weighted,,,,,,,,,,,,,,,,,,,,,,,,,,,,,,,,,,,,,,,,,,,,,2.2169730733519,0.562082466278606,,,0.0049767873723305,0.0047757395754293,0.175116063138347,0.0238786978771469,0.0049767873723305,0.0047757395754293,2022.0,2000-12-15,,,2024,14
Michael Danna,KC,DL,14978,weighted,,,,,,,,,,,,,,,,,,,,,,,,,,,,,,,,,,,,,,,,,,,,,2.11990714948932,0.602744683149513,,,0.0,0.0,0.104976787372331,0.0047757395754293,0.0049767873723305,0.0047757395754293,2020.0,1997-12-04,,,2024,14
L.J. Collier,ARI,DL,14155,weighted,,,,,,,,,,,,,,,,,,,,,,,,,,,,,,,,,,,,,,,,,,,,,1.9613556174559,0.713387054351424,,,0.0049767873723305,0.0047757395754293,0.104976787372331,0.0047757395754293,0.0049767873723305,0.0047757395754293,2019.0,1995-09-12,,,2024,14
YaYa Diaby,TB,DL,16278,weighted,,,,,,,,,,,,,,,,,,,,,,,,,,,,,,,,,,,,,,,,,,,,,2.68662251655629,0.141421356237309,,,0.0,0.0,0.0,0.0,0.0,0.0,2023.0,1999-05-30,,,2024,14
Chris Jones,KC,DL,12741,weighted,,,,,,,,,,,,,,,,,,,,,,,,,,,,,,,,,,,,,,,,,,,,,1.91909006499536,0.682858865089593,,,0.0049767873723305,0.0047757395754293,0.0900464252553389,0.0095514791508587,0.0049767873723305,0.0047757395754293,2016.0,1994-07-03,,,2024,14
Sam Okuayinonu,SF,DL,16077,weighted,,,,,,,,,,,,,,,,,,,,,,,,,,,,,,,,,,,,,,,,,,,,,1.87114206128134,0.681760711706003,,,0.0,0.0,0.0497678737233055,0.0477573957542939,0.0049767873723305,0.0047757395754293,2022.0,1998-05-01,,,2024,14
Maason Smith,JAC,DL,16697,weighted,,,,,,,,,,,,,,,,,,,,,,,,,,,,,,,,,,,,,,,,,,,,,1.96242666666667,0.926309883354377,,,0.0,0.0,0.11,1.9825159407563102e-17,0.01,0.0,2024.0,2002-10-13,,,2024,14
Khalil Mack,LAC,DL,11721,weighted,,,,,,,,,,,,,,,,,,,,,,,,,,,,,,,,,,,,,,,,,,,,,2.35986754966887,0.424264068711929,,,0.0,0.0,0.6,0.0,0.0,0.0,2014.0,1991-02-22,,,2024,14
Joey Bosa,LAC,DL,12686,weighted,,,,,,,,,,,,,,,,,,,,,,,,,,,,,,,,,,,,,,,,,,,,,2.18980132450331,0.636396103067893,,,0.0,0.0,0.2,3.96083208564486e-17,0.0,0.0,2016.0,1995-07-11,,,2024,14
Harold Landry,TEN,DL,13700,weighted,,,,,,,,,,,,,,,,,,,,,,,,,,,,,,,,,,,,,,,,,,,,,2.48344370860927,0.353553390593274,,,0.0,0.0,0.2,3.96083208564486e-17,0.0,0.0,2018.0,1996-06-05,,,2024,14
Josh Sweat,PHI,DL,13690,weighted,,,,,,,,,,,,,,,,,,,,,,,,,,,,,,,,,,,,,,,,,,,,,2.00202414113278,0.535037434346611,,,0.0049767873723305,0.0047757395754293,0.109953574744661,0.0095514791508587,0.0049767873723305,0.0047757395754293,2018.0,1997-03-29,,,2024,14
Will McDonald,NYJ,DL,16252,weighted,,,,,,,,,,,,,,,,,,,,,,,,,,,,,,,,,,,,,,,,,,,,,1.95671309192201,0.519024652631563,,,0.0049767873723305,0.0047757395754293,0.0950232126276695,0.0047757395754293,0.0049767873723305,0.0047757395754293,2023.0,1999-06-04,,,2024,14
D.J. Wonnum,CAR,DL,14947,weighted,,,,,,,,,,,,,,,,,,,,,,,,,,,,,,,,,,,,,,,,,,,,,2.32675496688742,0.282842712474619,,,0.0,0.0,0.1,1.98041604282243e-17,0.0,0.0,2020.0,1997-10-31,,,2024,14
A.J. Epenesa,BUF,DL,14879,weighted,,,,,,,,,,,,,,,,,,,,,,,,,,,,,,,,,,,,,,,,,,,,,1.69892293407614,0.638251972660413,,,0.0049767873723305,0.0047757395754293,0.155208913649025,0.0429816561788645,0.0049767873723305,0.0047757395754293,2020.0,1998-09-15,,,2024,14
Zaven Collins,ARI,DL,15352,weighted,,,,,,,,,,,,,,,,,,,,,,,,,,,,,,,,,,,,,,,,,,,,,2.05986754966887,0.424264068711928,,,0.0,0.0,0.2,3.96083208564486e-17,0.0,0.0,2021.0,1999-05-19,,,2024,14
Nolan Smith,PHI,DL,16228,weighted,,,,,,,,,,,,,,,,,,,,,,,,,,,,,,,,,,,,,,,,,,,,,1.75033112582781,1.06066017177982,,,0.0,0.0,0.1,1.98041604282243e-17,0.0,0.0,2023.0,2001-01-18,,,2024,14
Leonard Floyd,SF,DL,12734,weighted,,,,,,,,,,,,,,,,,,,,,,,,,,,,,,,,,,,,,,,,,,,,,1.90317880794702,0.494974746830583,,,0.0,0.0,0.1,1.98041604282243e-17,0.0,0.0,2016.0,1992-09-08,,,2024,14
Josh Allen,JAC,DL,14167,weighted,,,,,,,,,,,,,,,,,,,,,,,,,,,,,,,,,,,,,,,,,,,,,2.07324503311258,0.282842712474619,,,0.0,0.0,0.1,1.98041604282243e-17,0.0,0.0,2019.0,1997-07-13,,,2024,14
Chauncey Golston,DAL,DL,15397,weighted,,,,,,,,,,,,,,,,,,,,,,,,,,,,,,,,,,,,,,,,,,,,,1.95350993377483,0.565685424949238,,,0.0,0.0,0.0,0.0,0.0,0.0,2021.0,1998-02-10,,,2024,14
Sam Hubbard,CIN,DL,13684,weighted,,,,,,,,,,,,,,,,,,,,,,,,,,,,,,,,,,,,,,,,,,,,,1.85986754966887,0.424264068711929,,,0.1,1.98041604282243e-17,0.2,3.96083208564486e-17,0.0,0.0,2018.0,,,,2024,14
Nick Herbig,PIT,DL,16303,weighted,,,,,,,,,,,,,,,,,,,,,,,,,,,,,,,,,,,,,,,,,,,,,1.68026490066225,0.848528137423857,,,0.0,0.0,0.1,1.98041604282243e-17,0.0,0.0,2023.0,2001-11-21,,,2024,14
Anthony Nelson,TB,DL,14154,weighted,,,,,,,,,,,,,,,,,,,,,,,,,,,,,,,,,,,,,,,,,,,,,1.76688741721854,0.707106781186548,,,0.0,0.0,0.0,0.0,0.0,0.0,2019.0,1997-03-04,,,2024,14
Tyree Wilson,LVR,DL,16226,weighted,,,,,,,,,,,,,,,,,,,,,,,,,,,,,,,,,,,,,,,,,,,,,1.53311258278146,0.707106781186548,,,0.0,0.0,0.0,0.0,0.0,0.0,2023.0,2000-05-20,,,2024,14
Davon Hamilton,JAC,DL,14930,weighted,,,,,,,,,,,,,,,,,,,,,,,,,,,,,,,,,,,,,,,,,,,,,1.64649006622517,0.565685424949238,,,0.0,0.0,0.0,0.0,0.0,0.0,2020.0,1997-02-01,,,2024,14
Chop Robinson,MIA,DL,16655,weighted,,,,,,,,,,,,,,,,,,,,,,,,,,,,,,,,,,,,,,,,,,,,,1.65986754966887,0.424264068711929,,,0.0,0.0,0.3,0.0,0.0,0.0,2024.0,2003-01-02,,,2024,14
David Onyemata,ATL,DL,12782,weighted,,,,,,,,,,,,,,,,,,,,,,,,,,,,,,,,,,,,,,,,,,,,,1.77324503311258,0.282842712474619,,,0.0,0.0,0.1,1.98041604282243e-17,0.0,0.0,2016.0,1992-11-13,,,2024,14
Alex Highsmith,PIT,DL,14940,weighted,,,,,,,,,,,,,,,,,,,,,,,,,,,,,,,,,,,,,,,,,,,,,1.95668874172185,0.0707106781186548,,,0.0,0.0,0.3,0.0,0.0,0.0,2020.0,1997-08-07,,,2024,14
Emmanuel Ogbah,MIA,DL,12691,weighted,,,,,,,,,,,,,,,,,,,,,,,,,,,,,,,,,,,,,,,,,,,,,1.69682119205298,0.494974746830583,,,0.0,0.0,0.1,1.98041604282243e-17,0.0,0.0,2016.0,1993-11-06,,,2024,14
Michael Hoecht,LAR,DL,15565,weighted,,,,,,,,,,,,,,,,,,,,,,,,,,,,,,,,,,,,,,,,,,,,,1.87006622516556,0.212132034355964,,,0.0,0.0,0.1,1.98041604282243e-17,0.0,0.0,2020.0,1997-10-05,,,2024,14
Travon Walker,JAC,DL,15815,weighted,,,,,,,,,,,,,,,,,,,,,,,,,,,,,,,,,,,,,,,,,,,,,1.9,0.0,,,0.0,0.0,0.1,1.98041604282243e-17,0.1,1.98041604282243e-17,2022.0,2000-12-18,,,2024,14
Tuli Tuipulotu,LAC,DL,16266,weighted,,,,,,,,,,,,,,,,,,,,,,,,,,,,,,,,,,,,,,,,,,,,,1.50317880794702,0.494974746830583,,,0.0,0.0,0.2,3.96083208564486e-17,0.0,0.0,2023.0,2002-09-03,,,2024,14
Jarran Reed,SEA,DL,12698,weighted,,,,,,,,,,,,,,,,,,,,,,,,,,,,,,,,,,,,,,,,,,,,,1.50317880794702,0.494974746830583,,,0.1,1.98041604282243e-17,0.2,3.96083208564486e-17,0.0,0.0,2016.0,1992-12-16,,,2024,14
Boye Mafe,SEA,DL,15853,weighted,,,,,,,,,,,,,,,,,,,,,,,,,,,,,,,,,,,,,,,,,,,,,1.77006622516556,0.212132034355964,,,0.0,0.0,0.4,7.92166417128973e-17,0.0,0.0,2022.0,1998-11-30,,,2024,14
Derick Hall,SEA,DL,16235,weighted,,,,,,,,,,,,,,,,,,,,,,,,,,,,,,,,,,,,,,,,,,,,,1.77006622516556,0.212132034355964,,,0.0,0.0,0.0,0.0,0.1,1.98041604282243e-17,2023.0,2001-03-19,,,2024,14
Chase Young,NO,DL,14877,weighted,,,,,,,,,,,,,,,,,,,,,,,,,,,,,,,,,,,,,,,,,,,,,1.34649006622517,0.565685424949238,,,0.0,0.0,0.2,3.96083208564486e-17,0.0,0.0,2020.0,1999-04-14,,,2024,14
Haason Reddick,NYJ,DL,13245,weighted,,,,,,,,,,,,,,,,,,,,,,,,,,,,,,,,,,,,,,,,,,,,,1.62993377483444,0.212132034355964,,,0.0,0.0,0.1,1.98041604282243e-17,0.0,0.0,2017.0,1994-09-22,,,2024,14
Arnold Ebiketie,ATL,DL,15851,weighted,,,,,,,,,,,,,,,,,,,,,,,,,,,,,,,,,,,,,,,,,,,,,1.68662251655629,0.141421356237309,,,0.0,0.0,0.1,1.98041604282243e-17,0.0,0.0,2022.0,1999-01-23,,,2024,14
DeMarcus Walker,CHI,DL,13258,weighted,,,,,,,,,,,,,,,,,,,,,,,,,,,,,,,,,,,,,,,,,,,,,1.62675496688742,0.282842712474619,,,0.0,0.0,0.0,0.0,0.0,0.0,2017.0,1994-09-30,,,2024,14
Gervon Dexter,CHI,DL,16265,weighted,,,,,,,,,,,,,,,,,,,,,,,,,,,,,,,,,,,,,,,,,,,,,1.75668874172185,0.0707106781186548,,,0.0,0.0,0.1,1.98041604282243e-17,0.0,0.0,2023.0,2000-10-05,,,2024,14
Matt Judon,ATL,DL,12795,weighted,,,,,,,,,,,,,,,,,,,,,,,,,,,,,,,,,,,,,,,,,,,,,1.58662251655629,0.141421356237309,,,0.0,0.0,0.3,0.0,0.0,0.0,2016.0,,,,2024,14
Arden Key,TEN,DL,13682,weighted,,,,,,,,,,,,,,,,,,,,,,,,,,,,,,,,,,,,,,,,,,,,,1.7,3.16866566851589e-16,,,0.0,0.0,0.1,1.98041604282243e-17,0.0,0.0,2018.0,1996-05-03,,,2024,14
Lorenzo Carter,ATL,DL,13703,weighted,,,,,,,,,,,,,,,,,,,,,,,,,,,,,,,,,,,,,,,,,,,,,1.58662251655629,0.141421356237309,,,0.0,0.0,0.1,1.98041604282243e-17,0.0,0.0,2018.0,1995-12-10,,,2024,14
Yetur Gross-Matos,SF,DL,14878,weighted,,,,,,,,,,,,,,,,,,,,,,,,,,,,,,,,,,,,,,,,,,,,,1.57006622516556,0.212132034355964,,,0.0,0.0,0.0,0.0,0.0,0.0,2020.0,1998-02-26,,,2024,14
Jordan Elliott,SF,DL,14934,weighted,,,,,,,,,,,,,,,,,,,,,,,,,,,,,,,,,,,,,,,,,,,,,1.25986754966887,0.424264068711929,,,0.0,0.0,0.0,0.0,0.0,0.0,2020.0,1997-11-23,,,2024,14
Montez Sweat,CHI,DL,14148,weighted,,,,,,,,,,,,,,,,,,,,,,,,,,,,,,,,,,,,,,,,,,,,,1.44331125827815,0.0707106781186548,,,0.0,0.0,0.2,3.96083208564486e-17,0.0,0.0,2019.0,1996-09-04,,,2024,14
Cameron Jordan,NO,DL,10292,weighted,,,,,,,,,,,,,,,,,,,,,,,,,,,,,,,,,,,,,,,,,,,,,1.38662251655629,0.141421356237309,,,0.0,0.0,0.3,0.0,0.0,0.0,2011.0,1989-07-10,,,2024,14
Maliek Collins,SF,DL,12754,weighted,,,,,,,,,,,,,,,,,,,,,,,,,,,,,,,,,,,,,,,,,,,,,1.38662251655629,0.141421356237309,,,0.0,0.0,0.0,0.0,0.0,0.0,2016.0,1995-04-08,,,2024,14
DJ Johnson,CAR,DL,16277,weighted,,,,,,,,,,,,,,,,,,,,,,,,,,,,,,,,,,,,,,,,,,,,,1.5,0.0,,,0.0,0.0,0.1,1.98041604282243e-17,0.0,0.0,2023.0,1998-10-21,,,2024,14
Devonte Wyatt,GB,DL,15819,weighted,,,,,,,,,,,,,,,,,,,,,,,,,,,,,,,,,,,,,,,,,,,,,1.21655629139073,0.353553390593274,,,0.0,0.0,0.0,0.0,0.0,0.0,2022.0,1998-03-31,,,2024,14
Mazi Smith,DAL,DL,16258,weighted,,,,,,,,,,,,,,,,,,,,,,,,,,,,,,,,,,,,,,,,,,,,,1.27324503311258,0.282842712474619,,,0.0,0.0,0.0,0.0,0.0,0.0,2023.0,2001-06-16,,,2024,14
T'Vondre Sweat,TEN,DL,16693,weighted,,,,,,,,,,,,,,,,,,,,,,,,,,,,,,,,,,,,,,,,,,,,,1.41337748344371,0.141421356237309,,,0.0,0.0,0.0,0.0,0.0,0.0,2024.0,2001-07-11,,,2024,14
Bobby Brown,LAR,DL,15412,weighted,,,,,,,,,,,,,,,,,,,,,,,,,,,,,,,,,,,,,,,,,,,,,1.28344370860927,0.353553390593274,,,0.0,0.0,0.0,0.0,0.0,0.0,2021.0,2000-08-07,,,2024,14
Roy Lopez,ARI,DL,15461,weighted,,,,,,,,,,,,,,,,,,,,,,,,,,,,,,,,,,,,,,,,,,,,,1.4,0.0,,,0.0,0.0,0.3,0.0,0.0,0.0,2021.0,1997-08-07,,,2024,14
Khalen Saunders,NO,DL,14215,weighted,,,,,,,,,,,,,,,,,,,,,,,,,,,,,,,,,,,,,,,,,,,,,1.22993377483444,0.212132034355964,,,0.1,1.98041604282243e-17,0.1,1.98041604282243e-17,0.0,0.0,2019.0,1970-01-01,,,2024,14
Nathan Shepherd,NO,DL,13744,weighted,,,,,,,,,,,,,,,,,,,,,,,,,,,,,,,,,,,,,,,,,,,,,1.34331125827815,0.0707106781186547,,,0.0,0.0,0.0,0.0,0.0,0.0,2018.0,1993-10-09,,,2024,14
Johnathan Hankins,SEA,DL,11281,weighted,,,,,,,,,,,,,,,,,,,,,,,,,,,,,,,,,,,,,,,,,,,,,1.00317880794702,0.494974746830583,,,0.1,1.98041604282243e-17,0.1,1.98041604282243e-17,0.0,0.0,2013.0,1992-01-01,,,2024,14
Micheal Clemons,NYJ,DL,15878,weighted,,,,,,,,,,,,,,,,,,,,,,,,,,,,,,,,,,,,,,,,,,,,,1.35668874172185,0.0707106781186547,,,0.0,0.0,0.0,0.0,0.0,0.0,2022.0,1997-08-21,,,2024,14
Dalvin Tomlinson,CLE,DL,13260,weighted,,,,,,,,,,,,,,,,,,,,,,,,,,,,,,,,,,,,,,,,,,,,,1.27006622516556,0.212132034355964,,,0.0,0.0,0.0,0.0,0.0,0.0,2017.0,1994-02-18,,,2024,14
Keeanu Benton,PIT,DL,16264,weighted,,,,,,,,,,,,,,,,,,,,,,,,,,,,,,,,,,,,,,,,,,,,,1.31337748344371,0.141421356237309,,,0.0,0.0,0.5,0.0,0.0,0.0,2023.0,2001-07-17,,,2024,14
Kenny Clark,GB,DL,12739,weighted,,,,,,,,,,,,,,,,,,,,,,,,,,,,,,,,,,,,,,,,,,,,,1.3,0.0,,,0.0,0.0,0.1,1.98041604282243e-17,0.0,0.0,2016.0,1995-10-04,,,2024,14
Uchenna Nwosu,SEA,DL,13704,weighted,,,,,,,,,,,,,,,,,,,,,,,,,,,,,,,,,,,,,,,,,,,,,1.01655629139073,0.353553390593274,,,0.0,0.0,0.0,0.0,0.0,0.0,2018.0,1996-12-28,,,2024,14
Isaiah McGuire,CLE,DL,16300,weighted,,,,,,,,,,,,,,,,,,,,,,,,,,,,,,,,,,,,,,,,,,,,,1.25668874172185,0.0707106781186548,,,0.0,0.0,0.0,0.0,0.0,0.0,2023.0,2001-07-27,,,2024,14
Dallas Turner,MIN,DL,16650,weighted,,,,,,,,,,,,,,,,,,,,,,,,,,,,,,,,,,,,,,,,,,,,,1.21337748344371,0.141421356237309,,,0.0,0.0,0.0,0.0,0.0,0.0,2024.0,2003-02-02,,,2024,14
Ed Oliver,BUF,DL,14158,weighted,,,,,,,,,,,,,,,,,,,,,,,,,,,,,,,,,,,,,,,,,,,,,1.17006622516556,0.212132034355964,,,0.0,0.0,0.1,1.98041604282243e-17,0.0,0.0,2019.0,1997-12-12,,,2024,14
Tedarrell Slaton,GB,DL,15446,weighted,,,,,,,,,,,,,,,,,,,,,,,,,,,,,,,,,,,,,,,,,,,,,1.12675496688742,0.282842712474619,,,0.0,0.0,0.0,0.0,0.0,0.0,2021.0,1997-10-03,,,2024,14
Von Miller,BUF,DL,10267,weighted,,,,,,,,,,,,,,,,,,,,,,,,,,,,,,,,,,,,,,,,,,,,,0.973245033112583,0.282842712474619,,,0.1,1.98041604282243e-17,0.1,1.98041604282243e-17,0.0,0.0,2011.0,1989-03-26,,,2024,14
Naquan Jones,ARI,DL,15618,weighted,,,,,,,,,,,,,,,,,,,,,,,,,,,,,,,,,,,,,,,,,,,,,1.02993377483444,0.212132034355964,,,0.0,0.0,0.3,0.0,0.0,0.0,2021.0,1998-02-05,,,2024,14
Chris Braswell,TB,DL,16656,weighted,,,,,,,,,,,,,,,,,,,,,,,,,,,,,,,,,,,,,,,,,,,,,0.973245033112583,0.282842712474619,,,0.0,0.0,0.1,1.98041604282243e-17,0.0,0.0,2024.0,,,,2024,14
Arik Armstead,JAC,DL,12218,weighted,,,,,,,,,,,,,,,,,,,,,,,,,,,,,,,,,,,,,,,,,,,,,1.02993377483444,0.212132034355964,,,0.0,0.0,0.1,1.98041604282243e-17,0.0,0.0,2015.0,1993-11-15,,,2024,14
Joseph Ossai,CIN,DL,15388,weighted,,,,,,,,,,,,,,,,,,,,,,,,,,,,,,,,,,,,,,,,,,,,,1.11337748344371,0.141421356237309,,,0.0,0.0,0.1,1.98041604282243e-17,0.0,0.0,2021.0,2000-04-13,,,2024,14
Bryan Bresee,NO,DL,16256,weighted,,,,,,,,,,,,,,,,,,,,,,,,,,,,,,,,,,,,,,,,,,,,,0.986622516556291,0.14142135623731,,,0.0,0.0,0.3,0.0,0.0,0.0,2023.0,2001-10-06,,,2024,14
Bud Dupree,LAC,DL,12234,weighted,,,,,,,,,,,,,,,,,,,,,,,,,,,,,,,,,,,,,,,,,,,,,0.986622516556291,0.14142135623731,,,0.1,1.98041604282243e-17,0.1,1.98041604282243e-17,0.0,0.0,2015.0,1993-02-12,,,2024,14
Jordan Davis,PHI,DL,15817,weighted,,,,,,,,,,,,,,,,,,,,,,,,,,,,,,,,,,,,,,,,,,,,,1.04331125827815,0.0707106781186548,,,0.0,0.0,0.1,1.98041604282243e-17,0.0,0.0,2022.0,2000-01-12,,,2024,14
Tershawn Wharton,KC,DL,15081,weighted,,,,,,,,,,,,,,,,,,,,,,,,,,,,,,,,,,,,,,,,,,,,,0.986622516556291,0.14142135623731,,,0.0,0.0,0.1,1.98041604282243e-17,0.0,0.0,2020.0,1998-06-25,,,2024,14
Robert Beal,SF,DL,16322,weighted,,,,,,,,,,,,,,,,,,,,,,,,,,,,,,,,,,,,,,,,,,,,,0.873245033112583,0.282842712474619,,,0.0,0.0,0.0,0.0,0.0,0.0,2023.0,1999-08-18,,,2024,14
Felix Anudike-Uzomah,KC,DL,16257,weighted,,,,,,,,,,,,,,,,,,,,,,,,,,,,,,,,,,,,,,,,,,,,,0.646490066225166,0.565685424949238,,,0.0,0.0,0.0,0.0,0.0,0.0,2023.0,2002-01-24,,,2024,14
Payton Turner,NO,DL,15376,weighted,,,,,,,,,,,,,,,,,,,,,,,,,,,,,,,,,,,,,,,,,,,,,1.01337748344371,0.14142135623731,,,0.0,0.0,0.3,0.0,0.0,0.0,2021.0,1999-01-07,,,2024,14
Darius Robinson,ARI,DL,16660,weighted,,,,,,,,,,,,,,,,,,,,,,,,,,,,,,,,,,,,,,,,,,,,,1.05668874172185,0.0707106781186548,,,0.0,0.0,0.2,3.96083208564486e-17,0.0,0.0,2024.0,2001-09-13,,,2024,14
Tyler Lacy,JAC,DL,16302,weighted,,,,,,,,,,,,,,,,,,,,,,,,,,,,,,,,,,,,,,,,,,,,,1.01337748344371,0.14142135623731,,,0.0,0.0,0.0,0.0,0.0,0.0,2023.0,1999-11-10,,,2024,14
Otito Ogbonnia,LAC,DL,15898,weighted,,,,,,,,,,,,,,,,,,,,,,,,,,,,,,,,,,,,,,,,,,,,,1.05668874172185,0.0707106781186548,,,0.0,0.0,0.1,1.98041604282243e-17,0.0,0.0,2022.0,2000-08-25,,,2024,14
Myles Murphy,CIN,DL,16224,weighted,,,,,,,,,,,,,,,,,,,,,,,,,,,,,,,,,,,,,,,,,,,,,0.886622516556291,0.141421356237309,,,0.0,0.0,0.1,1.98041604282243e-17,0.0,0.0,2023.0,2002-01-03,,,2024,14
Austin Booker,CHI,DL,16734,weighted,,,,,,,,,,,,,,,,,,,,,,,,,,,,,,,,,,,,,,,,,,,,,0.773245033112583,0.282842712474619,,,0.0,0.0,0.0,0.0,0.0,0.0,2024.0,2002-12-14,,,2024,14
Jaylen Harrell,TEN,DL,16800,weighted,,,,,,,,,,,,,,,,,,,,,,,,,,,,,,,,,,,,,,,,,,,,,0.826754966887417,0.282842712474619,,,0.0,0.0,0.0,0.0,0.0,0.0,2024.0,2002-05-01,,,2024,14
Solomon Thomas,NYJ,DL,13199,weighted,,,,,,,,,,,,,,,,,,,,,,,,,,,,,,,,,,,,,,,,,,,,,0.9,0.0,,,0.0,0.0,0.1,1.98041604282243e-17,0.0,0.0,2017.0,1995-08-26,,,2024,14
DaQuan Jones,BUF,DL,11793,weighted,,,,,,,,,,,,,,,,,,,,,,,,,,,,,,,,,,,,,,,,,,,,,0.9,0.0,,,0.0,0.0,0.1,1.98041604282243e-17,0.0,0.0,2014.0,1991-12-17,,,2024,14
Darrell Taylor,CHI,DL,14923,weighted,,,,,,,,,,,,,,,,,,,,,,,,,,,,,,,,,,,,,,,,,,,,,0.9,0.0,,,0.0,0.0,0.1,1.98041604282243e-17,0.0,0.0,2020.0,1997-03-24,,,2024,14
Charles Snowden,LVR,DL,15515,weighted,,,,,,,,,,,,,,,,,,,,,,,,,,,,,,,,,,,,,,,,,,,,,0.8,1.58433283425795e-16,,,0.0,0.0,0.3,0.0,0.0,0.0,2021.0,1998-03-27,,,2024,14
Marshawn Kneeland,DAL,DL,16699,weighted,,,,,,,,,,,,,,,,,,,,,,,,,,,,,,,,,,,,,,,,,,,,,0.8,1.58433283425795e-16,,,0.0,0.0,0.1,1.98041604282243e-17,0.0,0.0,2024.0,2001-07-08,,,2024,14
Eric Watts,NYJ,DL,16893,weighted,,,,,,,,,,,,,,,,,,,,,,,,,,,,,,,,,,,,,,,,,,,,,0.743311258278146,0.0707106781186548,,,0.0,0.0,0.0,0.0,0.0,0.0,2024.0,2000-10-01,,,2024,14
Zacch Pickens,CHI,DL,16270,weighted,,,,,,,,,,,,,,,,,,,,,,,,,,,,,,,,,,,,,,,,,,,,,0.670066225165563,0.212132034355964,,,0.0,0.0,0.0,0.0,0.0,0.0,2023.0,2000-03-06,,,2024,14
Benito Jones,MIA,DL,15165,weighted,,,,,,,,,,,,,,,,,,,,,,,,,,,,,,,,,,,,,,,,,,,,,0.670066225165563,0.212132034355964,,,0.0,0.0,0.0,0.0,0.0,0.0,2020.0,1997-11-27,,,2024,14
Roy Robertson-Harris,SEA,DL,13434,weighted,,,,,,,,,,,,,,,,,,,,,,,,,,,,,,,,,,,,,,,,,,,,,0.7,0.0,,,0.0,0.0,0.1,1.98041604282243e-17,0.0,0.0,2016.0,1993-07-23,,,2024,14
Mike Pennel,KC,DL,11970,weighted,,,,,,,,,,,,,,,,,,,,,,,,,,,,,,,,,,,,,,,,,,,,,0.613377483443709,0.141421356237309,,,0.0,0.0,0.0,0.0,0.0,0.0,2014.0,1991-05-09,,,2024,14
Keondre Coburn,TEN,DL,16331,weighted,,,,,,,,,,,,,,,,,,,,,,,,,,,,,,,,,,,,,,,,,,,,,0.443311258278146,0.0707106781186547,,,0.0,0.0,0.1,1.98041604282243e-17,0.0,0.0,2023.0,2000-05-23,,,2024,14
Daiyan Henley,LAC,LB,16280,weighted,,,,,,,,,,,,,,,,,,,,,,,,,,,,,,,,,,,,,,,,,,,,,6.74347260909935,2.73425842965597,,,0.0149303621169916,0.0143272187262882,0.365162488393686,0.0334301770280057,0.0049767873723305,0.0047757395754293,2023.0,1999-11-18,,,2024,14
Ernest Jones,SEA,LB,15404,weighted,,,,,,,,,,,,,,,,,,,,,,,,,,,,,,,,,,,,,,,,,,,,,6.87786443825441,2.35206808461576,,,0.0248839368616527,0.0238786978771469,0.279628597957289,0.0764118332068702,0.0049767873723305,0.0047757395754293,2021.0,1999-11-22,,,2024,14
Ernest Jones,SEA,LB,15404,weighted,,,,,,,,,,,,,,,,,,,,,,,,,,,,,,,,,,,,,,,,,,,,,6.87786443825441,2.35206808461576,,,0.0248839368616527,0.0238786978771469,0.279628597957289,0.0764118332068702,0.0049767873723305,0.0047757395754293,2021.0,2004-06-08,,,2024,14
Jamien Sherwood,NYJ,LB,15428,weighted,,,,,,,,,,,,,,,,,,,,,,,,,,,,,,,,,,,,,,,,,,,,,6.61662024141133,2.59130513734858,,,0.0199071494893222,0.0191029583017175,0.219442896935933,0.114617749810305,0.0049767873723305,0.0047757395754293,2021.0,2000-01-12,,,2024,14
Eric Kendricks,DAL,LB,12239,weighted,,,,,,,,,,,,,,,,,,,,,,,,,,,,,,,,,,,,,,,,,,,,,6.61409470752089,2.49549384998735,,,0.0248839368616527,0.0238786978771469,0.274651810584958,0.0716360936314408,0.0049767873723305,0.0047757395754293,2015.0,1992-02-29,,,2024,14
Quay Walker,GB,LB,15846,weighted,,,,,,,,,,,,,,,,,,,,,,,,,,,,,,,,,,,,,,,,,,,,,6.63652739090065,2.11861493042592,,,0.0149303621169916,0.0143272187262882,0.254744661095636,0.0525331353297233,0.0049767873723305,0.0047757395754293,2022.0,2000-05-08,,,2024,14
Robert Spillane,LVR,LB,13987,weighted,,,,,,,,,,,,,,,,,,,,,,,,,,,,,,,,,,,,,,,,,,,,,6.59719591457753,2.12916661080792,,,0.0950232126276695,0.0047757395754293,0.319442896935933,0.114617749810305,0.0049767873723305,0.0047757395754293,2018.0,1995-12-14,,,2024,14
Terrel Bernard,BUF,LB,15869,weighted,,,,,,,,,,,,,,,,,,,,,,,,,,,,,,,,,,,,,,,,,,,,,6.23290622098422,2.43833318199893,,,0.155208913649025,0.0429816561788645,0.38958217270195,0.085963312357729,0.0099535747446611,0.0095514791508587,2022.0,1999-05-07,,,2024,14
Jack Campbell,DET,LB,16239,weighted,,,,,,,,,,,,,,,,,,,,,,,,,,,,,,,,,,,,,,,,,,,,,6.0089322191272,2.49192210325012,,,0.0099535747446611,0.0095514791508587,0.244791086350975,0.0429816561788645,0.0049767873723305,0.0047757395754293,2023.0,2000-08-22,,,2024,14
Blake Cashman,MIN,LB,14251,weighted,,,,,,,,,,,,,,,,,,,,,,,,,,,,,,,,,,,,,,,,,,,,,5.50180129990715,3.12026787331447,,,0.0149303621169916,0.0143272187262882,0.295023212627669,0.0047757395754293,0.0049767873723305,0.0047757395754293,2019.0,1996-05-10,,,2024,14
Fred Warner,SF,LB,13743,weighted,,,,,,,,,,,,,,,,,,,,,,,,,,,,,,,,,,,,,,,,,,,,,6.06373259052925,2.31206286538651,,,0.0900464252553389,0.0095514791508587,0.4,0.0,0.0049767873723305,0.0047757395754293,2018.0,1996-11-19,,,2024,14
Jordyn Brooks,MIA,LB,14892,weighted,,,,,,,,,,,,,,,,,,,,,,,,,,,,,,,,,,,,,,,,,,,,,6.12486536675952,2.24069776528055,,,0.0049767873723305,0.0047757395754293,0.234837511606314,0.0334301770280057,0.0049767873723305,0.0047757395754293,2020.0,1997-10-21,,,2024,14
Josey Jewell,CAR,LB,13702,weighted,,,,,,,,,,,,,,,,,,,,,,,,,,,,,,,,,,,,,,,,,,,,,6.0214113277623,2.32567717889932,,,0.0701392757660167,0.0286544374525763,0.355208913649025,0.0429816561788645,0.0049767873723305,0.0047757395754293,2018.0,1994-12-25,,,2024,14
T.J. Edwards,CHI,LB,14322,weighted,,,,,,,,,,,,,,,,,,,,,,,,,,,,,,,,,,,,,,,,,,,,,6.11249767873723,2.22153548795486,,,0.0850696378830084,0.0143272187262882,0.344791086350975,0.0429816561788645,0.0049767873723305,0.0047757395754293,2019.0,1996-08-12,,,2024,14
Germaine Pratt,CIN,LB,14210,weighted,,,,,,,,,,,,,,,,,,,,,,,,,,,,,,,,,,,,,,,,,,,,,6.21946146703807,1.9831126122901,,,0.0850696378830084,0.0143272187262882,0.29455896007428,0.0907390519331584,0.0049767873723305,0.0047757395754293,2019.0,1970-01-01,,,2024,14
Foyesade Oluokun,JAC,LB,13813,weighted,,,,,,,,,,,,,,,,,,,,,,,,,,,,,,,,,,,,,,,,,,,,,6.26581244196843,1.73417472235369,,,0.0751160631383473,0.0238786978771469,0.365162488393686,0.0334301770280057,0.0049767873723305,0.0047757395754293,2018.0,1995-08-02,,,2024,14
Nakobe Dean,PHI,LB,15821,weighted,,,,,,,,,,,,,,,,,,,,,,,,,,,,,,,,,,,,,,,,,,,,,5.78007428040854,2.07202804261028,,,0.0751160631383473,0.0238786978771469,0.319907149489322,0.0191029583017176,0.0049767873723305,0.0047757395754293,2022.0,2000-12-13,,,2024,14
Kyzir White,ARI,LB,13762,weighted,,,,,,,,,,,,,,,,,,,,,,,,,,,,,,,,,,,,,,,,,,,,,5.42516248839369,2.44885212819858,,,0.1,0.0,0.319442896935933,0.114617749810305,0.0049767873723305,0.0047757395754293,2018.0,1996-03-24,,,2024,14
DeMarvion Overshown,DAL,LB,16283,weighted,,,,,,,,,,,,,,,,,,,,,,,,,,,,,,,,,,,,,,,,,,,,,5.49790157845868,2.28582197063043,,,0.0199071494893222,0.0191029583017175,0.19455896007428,0.0907390519331584,0.0049767873723305,0.0047757395754293,2023.0,2000-08-13,,,2024,14
Lavonte David,TB,LB,10768,weighted,,,,,,,,,,,,,,,,,,,,,,,,,,,,,,,,,,,,,,,,,,,,,5.94436397400186,1.80738940463404,,,0.0298607242339833,0.0286544374525763,0.375116063138347,0.023878697877147,0.0049767873723305,0.0047757395754293,2012.0,1990-01-23,,,2024,14
Akeem Davis-Gaither,CIN,LB,14943,weighted,,,,,,,,,,,,,,,,,,,,,,,,,,,,,,,,,,,,,,,,,,,,,4.67853296193129,3.54381783510486,,,0.0900464252553389,0.0095514791508587,0.259257195914578,0.15282366641374,0.0049767873723305,0.0047757395754293,2020.0,1997-09-21,,,2024,14
Isaiah McDuffie,GB,LB,15473,weighted,,,,,,,,,,,,,,,,,,,,,,,,,,,,,,,,,,,,,,,,,,,,,5.33454038997215,2.48208993292363,,,0.0099535747446611,0.0095514791508587,0.244791086350975,0.0429816561788645,0.0049767873723305,0.0047757395754293,2021.0,1999-07-21,,,2024,14
Quincy Williams,NYJ,LB,14221,weighted,,,,,,,,,,,,,,,,,,,,,,,,,,,,,,,,,,,,,,,,,,,,,5.80796657381616,1.87670815197831,,,0.0149303621169916,0.0143272187262882,0.199535747446611,0.0955147915085878,0.0049767873723305,0.0047757395754293,2019.0,1996-08-28,,,2024,14
Kaden Elliss,ATL,LB,14303,weighted,,,,,,,,,,,,,,,,,,,,,,,,,,,,,,,,,,,,,,,,,,,,,6.11797585886722,1.64553857864107,,,0.0099535747446611,0.0095514791508587,0.219907149489322,0.0191029583017175,0.0049767873723305,0.0047757395754293,2019.0,1995-06-10,,,2024,14
Patrick Queen,PIT,LB,14896,weighted,,,,,,,,,,,,,,,,,,,,,,,,,,,,,,,,,,,,,,,,,,,,,5.5899721448468,1.91352348421621,,,0.0348375116063138,0.0334301770280057,0.334837511606314,0.0334301770280057,0.0049767873723305,0.0047757395754293,2020.0,1999-08-13,,,2024,14
Nick Bolton,KC,LB,15355,weighted,,,,,,,,,,,,,,,,,,,,,,,,,,,,,,,,,,,,,,,,,,,,,5.74822655524605,1.70573650628316,,,0.0199071494893222,0.0191029583017175,0.259721448467967,0.0573088749051527,0.0049767873723305,0.0047757395754293,2021.0,2000-03-10,,,2024,14
Zack Baun,PHI,LB,14893,weighted,,,,,,,,,,,,,,,,,,,,,,,,,,,,,,,,,,,,,,,,,,,,,5.60022284122563,1.82987697250676,,,0.0751160631383473,0.0238786978771469,0.264698235840297,0.062084614480582,0.0049767873723305,0.0047757395754293,2020.0,1996-12-30,,,2024,14
Tremaine Edmunds,CHI,LB,13697,weighted,,,,,,,,,,,,,,,,,,,,,,,,,,,,,,,,,,,,,,,,,,,,,5.13517177344475,2.07650493062093,,,0.0900464252553389,0.0095514791508587,0.395023212627669,0.0047757395754293,0.0049767873723305,0.0047757395754293,2018.0,1998-05-02,,,2024,14
Demario Davis,NO,LB,10816,weighted,,,,,,,,,,,,,,,,,,,,,,,,,,,,,,,,,,,,,,,,,,,,,5.18434540389972,1.98382028111157,,,0.0149303621169916,0.0143272187262882,0.275116063138347,0.0238786978771469,0.0049767873723305,0.0047757395754293,2012.0,1989-01-11,,,2024,14
Tyrice Knight,SEA,LB,16722,weighted,,,,,,,,,,,,,,,,,,,,,,,,,,,,,,,,,,,,,,,,,,,,,5.2700278551532,1.63924021305148,,,0.0149303621169916,0.0143272187262882,0.18958217270195,0.085963312357729,0.0049767873723305,0.0047757395754293,2024.0,1999-12-20,,,2024,14
Micah McFadden,NYG,LB,15890,weighted,,,,,,,,,,,,,,,,,,,,,,,,,,,,,,,,,,,,,,,,,,,,,5.26785515320334,1.5978377102249,,,0.0149303621169916,0.0143272187262882,0.244791086350975,0.0429816561788645,0.0049767873723305,0.0047757395754293,2022.0,2000-01-03,,,2024,14
Troy Dye,LAC,LB,14953,weighted,,,,,,,,,,,,,,,,,,,,,,,,,,,,,,,,,,,,,,,,,,,,,4.15571030640668,2.91350291579394,,,0.0149303621169916,0.0143272187262882,0.184605385329619,0.0811875727822996,0.0049767873723305,0.0047757395754293,2020.0,1996-09-18,,,2024,14
Mack Wilson,ARI,LB,14169,weighted,,,,,,,,,,,,,,,,,,,,,,,,,,,,,,,,,,,,,,,,,,,,,4.51706592386258,2.35670187773173,,,0.0850696378830084,0.0143272187262882,0.254744661095636,0.0525331353297233,0.0049767873723305,0.0047757395754293,2019.0,1998-02-14,,,2024,14
Christian Rozeboom,LAR,LB,15076,weighted,,,,,,,,,,,,,,,,,,,,,,,,,,,,,,,,,,,,,,,,,,,,,5.18033426183844,1.47024637665442,,,0.0800928505106778,0.0191029583017176,0.380092850510678,0.0191029583017176,0.0049767873723305,0.0047757395754293,2020.0,1997-01-30,,,2024,14
Omar Speights,LAR,LB,16870,weighted,,,,,,,,,,,,,,,,,,,,,,,,,,,,,,,,,,,,,,,,,,,,,4.31489322191272,2.40014023827178,,,0.0199071494893222,0.0191029583017175,0.199535747446611,0.0955147915085878,0.0049767873723305,0.0047757395754293,2024.0,2001-03-02,,,2024,14
Anthony Walker,MIA,LB,13306,weighted,,,,,,,,,,,,,,,,,,,,,,,,,,,,,,,,,,,,,,,,,,,,,4.5857938718663,1.63136507638448,,,0.0651624883936862,0.0334301770280057,0.239814298978644,0.0382059166034351,0.0049767873723305,0.0047757395754293,2017.0,1995-08-08,,,2024,14
Divine Deablo,LVR,LB,15396,weighted,,,,,,,,,,,,,,,,,,,,,,,,,,,,,,,,,,,,,,,,,,,,,4.65049210770659,1.36623137123355,,,0.0099535747446611,0.0095514791508587,0.119442896935933,0.114617749810305,0.0049767873723305,0.0047757395754293,2021.0,1998-08-17,,,2024,14
Devin Lloyd,JAC,LB,15822,weighted,,,,,,,,,,,,,,,,,,,,,,,,,,,,,,,,,,,,,,,,,,,,,4.68131847725162,1.27823677237026,,,0.0199071494893222,0.0191029583017175,0.295023212627669,0.0047757395754293,0.0049767873723305,0.0047757395754293,2022.0,1998-09-30,,,2024,14
Drue Tranquill,KC,LB,14235,weighted,,,,,,,,,,,,,,,,,,,,,,,,,,,,,,,,,,,,,,,,,,,,,4.32939647168059,1.51828612947577,,,0.0149303621169916,0.0143272187262882,0.214930362116992,0.0143272187262882,0.0049767873723305,0.0047757395754293,2019.0,1995-08-15,,,2024,14
Jordan Hicks,CLE,LB,12287,weighted,,,,,,,,,,,,,,,,,,,,,,,,,,,,,,,,,,,,,,,,,,,,,4.55522748375116,1.15405550973565,,,0.0248839368616527,0.0238786978771469,0.345255338904364,0.0525331353297233,0.0049767873723305,0.0047757395754293,2015.0,1992-06-27,,,2024,14
Mohamoud Diabate,CLE,LB,16439,weighted,,,,,,,,,,,,,,,,,,,,,,,,,,,,,,,,,,,,,,,,,,,,,3.89294336118849,1.74398670085412,,,0.0099535747446611,0.0095514791508587,0.275116063138347,0.0238786978771469,0.0049767873723305,0.0047757395754293,2023.0,2001-05-18,,,2024,14
Trevin Wallace,CAR,LB,16704,weighted,,,,,,,,,,,,,,,,,,,,,,,,,,,,,,,,,,,,,,,,,,,,,4.06614670380687,1.49290058661232,,,0.0099535747446611,0.0095514791508587,0.169675023212628,0.0668603540560114,0.0049767873723305,0.0047757395754293,2024.0,2003-02-22,,,2024,14
Pete Werner,NO,LB,15387,weighted,,,,,,,,,,,,,,,,,,,,,,,,,,,,,,,,,,,,,,,,,,,,,4.39513463324048,1.05716216133076,,,0.0149303621169916,0.0143272187262882,0.229860724233983,0.0286544374525763,0.0049767873723305,0.0047757395754293,2021.0,1999-06-05,,,2024,14
DeVondre Campbell,SF,LB,12779,weighted,,,,,,,,,,,,,,,,,,,,,,,,,,,,,,,,,,,,,,,,,,,,,3.8366573816156,1.44378721552246,,,0.0149303621169916,0.0143272187262882,0.179628597957289,0.0764118332068702,0.0049767873723305,0.0047757395754293,2016.0,1993-07-01,,,2024,14
Payton Wilson,PIT,LB,16716,weighted,,,,,,,,,,,,,,,,,,,,,,,,,,,,,,,,,,,,,,,,,,,,,3.46155988857939,1.21335587558876,,,0.0800928505106778,0.0191029583017176,0.209489322191272,0.105066270659447,0.0552089136490251,0.0429816561788645,2024.0,2000-04-21,,,2024,14
Matt Milano,BUF,LB,13307,weighted,,,,,,,,,,,,,,,,,,,,,,,,,,,,,,,,,,,,,,,,,,,,,3.87709333333333,1.27986327394765,,,0.06,0.0,0.3,0.0,0.01,0.0,2017.0,,,,2024,14
Dee Winters,SF,LB,16346,weighted,,,,,,,,,,,,,,,,,,,,,,,,,,,,,,,,,,,,,,,,,,,,,2.80226555246054,1.89869803538065,,,0.0099535747446611,0.0095514791508587,0.164698235840297,0.062084614480582,0.0049767873723305,0.0047757395754293,2023.0,2000-10-17,,,2024,14
Ventrell Miller,JAC,LB,16296,weighted,,,,,,,,,,,,,,,,,,,,,,,,,,,,,,,,,,,,,,,,,,,,,3.22568245125348,1.14677883621254,,,0.0099535747446611,0.0095514791508587,0.255208913649025,0.0429816561788645,0.0049767873723305,0.0047757395754293,2023.0,1999-01-15,,,2024,14
Troy Andersen,ATL,LB,15858,weighted,,,,,,,,,,,,,,,,,,,,,,,,,,,,,,,,,,,,,,,,,,,,,3.37370473537604,1.22082765206914,,,0.0651624883936862,0.0334301770280057,0.164698235840297,0.062084614480582,0.0552089136490251,0.0429816561788645,2022.0,1999-04-23,,,2024,14
Nate Landman,ATL,LB,16013,weighted,,,,,,,,,,,,,,,,,,,,,,,,,,,,,,,,,,,,,,,,,,,,,3.33565459610028,0.992899154510705,,,0.0099535747446611,0.0095514791508587,0.204976787372331,0.0047757395754293,0.0049767873723305,0.0047757395754293,2022.0,1998-11-19,,,2024,14
Darius Muasau,NYG,LB,16759,weighted,,,,,,,,,,,,,,,,,,,,,,,,,,,,,,,,,,,,,,,,,,,,,3.20872794800371,0.878387269491059,,,0.0751160631383473,0.0238786978771469,0.239814298978644,0.0382059166034351,0.0049767873723305,0.0047757395754293,2024.0,2001-02-10,,,2024,14
Eric Wilson,GB,LB,13447,weighted,,,,,,,,,,,,,,,,,,,,,,,,,,,,,,,,,,,,,,,,,,,,,2.7483008356546,1.11309093717739,,,0.0199071494893222,0.0191029583017175,0.169675023212628,0.0668603540560114,0.0049767873723305,0.0047757395754293,2017.0,1994-09-26,,,2024,14
Kwon Alexander,DET,LB,12233,weighted,,,,,,,,,,,,,,,,,,,,,,,,,,,,,,,,,,,,,,,,,,,,,2.8372,1.37885822331377,,,0.05,9.91257970378153e-18,0.27,0.0,0.01,0.0,2015.0,1994-08-03,,,2024,14
Devin Bush,CLE,LB,14170,weighted,,,,,,,,,,,,,,,,,,,,,,,,,,,,,,,,,,,,,,,,,,,,,3.07142061281337,0.771059690636607,,,0.0049767873723305,0.0047757395754293,0.144791086350975,0.0429816561788645,0.0049767873723305,0.0047757395754293,2019.0,1998-07-18,,,2024,14
Luke Gifford,TEN,LB,14495,weighted,,,,,,,,,,,,,,,,,,,,,,,,,,,,,,,,,,,,,,,,,,,,,2.25735099337748,2.1920310216783,,,0.0,0.0,0.0,0.0,0.0,0.0,2019.0,1995-08-28,,,2024,14
Joe Bachie,CIN,LB,15049,weighted,,,,,,,,,,,,,,,,,,,,,,,,,,,,,,,,,,,,,,,,,,,,,2.25284768211921,1.5556349186104,,,0.0,0.0,0.2,3.96083208564486e-17,0.0,0.0,2020.0,1998-02-26,,,2024,14
Otis Reese,TEN,LB,16459,weighted,,,,,,,,,,,,,,,,,,,,,,,,,,,,,,,,,,,,,,,,,,,,,2.41721854304636,1.76776695296637,,,0.0,0.0,0.0,0.0,0.0,0.0,2023.0,1998-07-02,,,2024,14
Ben Niemann,DET,LB,13913,weighted,,,,,,,,,,,,,,,,,,,,,,,,,,,,,,,,,,,,,,,,,,,,,2.34715231788079,1.5556349186104,,,0.0,0.0,0.0,0.0,0.0,0.0,2018.0,1970-01-01,,,2024,14
Tyrel Dodson,MIA,LB,14472,weighted,,,,,,,,,,,,,,,,,,,,,,,,,,,,,,,,,,,,,,,,,,,,,1.84966887417219,1.06066017177982,,,0.1,1.98041604282243e-17,0.1,1.98041604282243e-17,0.0,0.0,2019.0,1998-06-25,,,2024,14
Damone Clark,DAL,LB,15826,weighted,,,,,,,,,,,,,,,,,,,,,,,,,,,,,,,,,,,,,,,,,,,,,1.79298013245033,1.13137084989848,,,0.0,0.0,0.2,3.96083208564486e-17,0.0,0.0,2022.0,2000-06-28,,,2024,14
Leo Chenal,KC,LB,15831,weighted,,,,,,,,,,,,,,,,,,,,,,,,,,,,,,,,,,,,,,,,,,,,,2.47006622516556,0.212132034355964,,,0.0,0.0,0.2,3.96083208564486e-17,0.0,0.0,2022.0,2000-10-26,,,2024,14
Marist Liufau,DAL,LB,16707,weighted,,,,,,,,,,,,,,,,,,,,,,,,,,,,,,,,,,,,,,,,,,,,,1.8764238410596,0.777817459305202,,,0.0,0.0,0.1,1.98041604282243e-17,0.0,0.0,2024.0,2001-02-09,,,2024,14
Elandon Roberts,PIT,LB,12831,weighted,,,,,,,,,,,,,,,,,,,,,,,,,,,,,,,,,,,,,,,,,,,,,1.80317880794702,0.494974746830583,,,0.0,0.0,0.0,0.0,0.0,0.0,2016.0,1994-04-22,,,2024,14
Krys Barnes,ARI,LB,15082,weighted,,,,,,,,,,,,,,,,,,,,,,,,,,,,,,,,,,,,,,,,,,,,,1.40317880794702,0.494974746830583,,,0.0,0.0,0.1,1.98041604282243e-17,0.0,0.0,2020.0,1998-04-02,,,2024,14
Kamu Grugier-Hill,MIN,LB,12828,weighted,,,,,,,,,,,,,,,,,,,,,,,,,,,,,,,,,,,,,,,,,,,,,1.54013245033113,0.424264068711929,,,0.2,3.96083208564486e-17,0.5,0.0,0.0,0.0,2016.0,1994-05-16,,,2024,14
Willie Gay,NO,LB,14926,weighted,,,,,,,,,,,,,,,,,,,,,,,,,,,,,,,,,,,,,,,,,,,,,1.30317880794702,0.494974746830583,,,0.0,0.0,0.0,0.0,0.0,0.0,2020.0,1998-02-15,,,2024,14
Jack Sanborn,CHI,LB,15975,weighted,,,,,,,,,,,,,,,,,,,,,,,,,,,,,,,,,,,,,,,,,,,,,1.10317880794702,0.494974746830583,,,0.0,0.0,0.2,3.96083208564486e-17,0.0,0.0,2022.0,2000-07-29,,,2024,14
Trevor Nowaske,DET,LB,16532,weighted,,,,,,,,,,,,,,,,,,,,,,,,,,,,,,,,,,,,,,,,,,,,,1.18344370860927,0.353553390593274,,,0.0,0.0,0.1,1.98041604282243e-17,0.0,0.0,2023.0,1998-11-07,,,2024,14
Chazz Surratt,NYJ,LB,15353,weighted,,,,,,,,,,,,,,,,,,,,,,,,,,,,,,,,,,,,,,,,,,,,,1.08344370860927,0.353553390593274,,,0.0,0.0,0.0,0.0,0.0,0.0,2021.0,1997-02-16,,,2024,14
Winston Reid,,LB,16926,weighted,,,,,,,,,,,,,,,,,,,,,,,,,,,,,,,,,,,,,,,,,,,,,0.840132450331126,0.424264068711929,,,0.0,0.0,0.1,1.98041604282243e-17,0.0,0.0,2022.0,1999-08-03,,,2024,14
Budda Baker,ARI,DB,13251,weighted,,,,,,,,,,,,,,,,,,,,,,,,,,,,,,,,,,,,,,,,,,,,,6.55951717734448,1.3533415551913,,,0.0497678737233055,0.0477573957542939,0.319442896935933,0.114617749810305,0.0049767873723305,0.0047757395754293,2017.0,1996-01-10,,,2024,14
Derwin James,LAC,DB,13714,weighted,,,,,,,,,,,,,,,,,,,,,,,,,,,,,,,,,,,,,,,,,,,,,5.69569173630455,1.47750856152971,,,0.109953574744661,0.0095514791508587,0.480092850510678,0.0191029583017175,0.0049767873723305,0.0047757395754293,2018.0,1996-08-03,,,2024,14
Tyler Nubin,NYG,DB,16679,weighted,,,,,,,,,,,,,,,,,,,,,,,,,,,,,,,,,,,,,,,,,,,,,5.49604456824513,1.54765314650505,,,0.0900464252553389,0.0095514791508587,0.354744661095636,0.0525331353297233,0.0049767873723305,0.0047757395754293,2024.0,2001-06-14,,,2024,14
Quentin Lake,LAR,DB,15923,weighted,,,,,,,,,,,,,,,,,,,,,,,,,,,,,,,,,,,,,,,,,,,,,5.64486536675952,1.38199012931964,,,0.0348375116063138,0.0334301770280057,0.334837511606314,0.0334301770280057,0.0049767873723305,0.0047757395754293,2022.0,1999-01-29,,,2024,14
Grant Delpit,CLE,DB,14907,weighted,,,,,,,,,,,,,,,,,,,,,,,,,,,,,,,,,,,,,,,,,,,,,5.50259981429898,1.32378505177697,,,0.0900464252553389,0.0095514791508587,0.29455896007428,0.0907390519331584,0.0552089136490251,0.0429816561788645,2020.0,1998-09-20,,,2024,14
Kevin Byard,CHI,DB,12752,weighted,,,,,,,,,,,,,,,,,,,,,,,,,,,,,,,,,,,,,,,,,,,,,5.52739090064995,1.26471656746131,,,0.129860724233983,0.0286544374525763,0.529860724233983,0.0286544374525764,0.0049767873723305,0.0047757395754293,2016.0,1993-08-17,,,2024,14
Brian Branch,DET,DB,16244,weighted,,,,,,,,,,,,,,,,,,,,,,,,,,,,,,,,,,,,,,,,,,,,,5.25676880222841,1.47922736165736,,,0.230324976787372,0.0668603540560114,0.735766016713092,0.15759940598917,0.0099535747446611,0.0095514791508587,2023.0,2001-10-22,,,2024,14
Julian Love,SEA,DB,14179,weighted,,,,,,,,,,,,,,,,,,,,,,,,,,,,,,,,,,,,,,,,,,,,,5.39708449396472,1.23284704499038,,,0.160185701021356,0.0382059166034351,0.535301764159703,0.062084614480582,0.0049767873723305,0.0047757395754293,2019.0,1998-03-19,,,2024,14
Camryn Bynum,MIN,DB,15418,weighted,,,,,,,,,,,,,,,,,,,,,,,,,,,,,,,,,,,,,,,,,,,,,5.27827298050139,1.30714836214137,,,0.160185701021356,0.0382059166034351,0.585533890436397,0.109842010234876,0.0049767873723305,0.0047757395754293,2021.0,1998-07-19,,,2024,14
Jessie Bates,ATL,DB,13737,weighted,,,,,,,,,,,,,,,,,,,,,,,,,,,,,,,,,,,,,,,,,,,,,5.04480965645311,1.45703800559763,,,0.214930362116992,0.0143272187262882,0.609489322191272,0.105066270659447,0.0099535747446611,0.0095514791508587,2018.0,1997-02-26,,,2024,14
Donovan Wilson,DAL,DB,14283,weighted,,,,,,,,,,,,,,,,,,,,,,,,,,,,,,,,,,,,,,,,,,,,,4.75026926648097,1.64812735463728,,,0.0850696378830084,0.0143272187262882,0.319907149489322,0.0191029583017176,0.0049767873723305,0.0047757395754293,2019.0,1970-01-01,,,2024,14
Minkah Fitzpatrick,PIT,DB,13713,weighted,,,,,,,,,,,,,,,,,,,,,,,,,,,,,,,,,,,,,,,,,,,,,5.23049210770659,1.18455653202237,,,0.159721448467967,0.0573088749051527,0.499071494893222,0.191029583017176,0.0099535747446611,0.0095514791508587,2018.0,1996-11-17,,,2024,14
Antoine Winfield,TB,DB,14909,weighted,,,,,,,,,,,,,,,,,,,,,,,,,,,,,,,,,,,,,,,,,,,,,5.20651810584958,1.17241385796921,,,0.119907149489322,0.0191029583017176,0.555208913649025,0.0429816561788645,0.0601857010213556,0.0382059166034351,2020.0,1998-08-16,,,2024,14
Taylor Rapp,BUF,DB,14186,weighted,,,,,,,,,,,,,,,,,,,,,,,,,,,,,,,,,,,,,,,,,,,,,4.79346332404828,1.54562846492263,,,0.160185701021356,0.0382059166034351,0.490046425255339,0.0095514791508587,0.0049767873723305,0.0047757395754293,2019.0,1970-01-01,,,2024,14
Jordan Poyer,MIA,DB,11317,weighted,,,,,,,,,,,,,,,,,,,,,,,,,,,,,,,,,,,,,,,,,,,,,4.84222841225627,1.44918567060339,,,0.0950232126276695,0.0047757395754293,0.354744661095636,0.0525331353297233,0.0049767873723305,0.0047757395754293,2013.0,1991-04-25,,,2024,14
Taron Johnson,BUF,DB,13764,weighted,,,,,,,,,,,,,,,,,,,,,,,,,,,,,,,,,,,,,,,,,,,,,4.98922934076137,1.37414085395848,,,0.135301764159703,0.062084614480582,0.430324976787372,0.0668603540560114,0.0552089136490251,0.0429816561788645,2018.0,1996-07-27,,,2024,14
Elijah Molden,LAC,DB,15402,weighted,,,,,,,,,,,,,,,,,,,,,,,,,,,,,,,,,,,,,,,,,,,,,4.28978644382544,2.10132541318893,,,0.119907149489322,0.0191029583017176,0.404512534818942,0.100290531084017,0.0049767873723305,0.0047757395754293,2021.0,1999-01-30,,,2024,14
Kamren Curl,LAR,DB,15001,weighted,,,,,,,,,,,,,,,,,,,,,,,,,,,,,,,,,,,,,,,,,,,,,4.88348228043143,2.11424927574778,,,0.0347303543913713,0.0494974746830583,0.485885978428351,0.162634559672906,0.055346687211094,0.0636396103067893,2020.0,1999-03-03,,,2024,14
Jordan Battle,CIN,DB,16245,weighted,,,,,,,,,,,,,,,,,,,,,,,,,,,,,,,,,,,,,,,,,,,,,4.06763231197772,1.98567194633891,,,0.0348375116063138,0.0334301770280057,0.380092850510678,0.0191029583017176,0.0049767873723305,0.0047757395754293,2023.0,2000-12-14,,,2024,14
Xavier McKinney,GB,DB,14908,weighted,,,,,,,,,,,,,,,,,,,,,,,,,,,,,,,,,,,,,,,,,,,,,4.76074280408542,1.24492126145834,,,0.295487465181059,0.100290531084017,0.604976787372331,0.0047757395754293,0.0099535747446611,0.0095514791508587,2020.0,1999-08-09,,,2024,14
DeShon Elliott,PIT,DB,13806,weighted,,,,,,,,,,,,,,,,,,,,,,,,,,,,,,,,,,,,,,,,,,,,,5.11987000928505,0.982054179498037,,,0.1,0.0,0.460185701021356,0.0382059166034351,0.0049767873723305,0.0047757395754293,2018.0,1997-04-21,,,2024,14
Keisean Nixon,GB,DB,14669,weighted,,,,,,,,,,,,,,,,,,,,,,,,,,,,,,,,,,,,,,,,,,,,,4.40406685236769,1.64284006383093,,,0.0348375116063138,0.0334301770280057,0.324883936861653,0.0238786978771469,0.0049767873723305,0.0047757395754293,2019.0,1997-06-22,,,2024,14
Xavier Woods,CAR,DB,13325,weighted,,,,,,,,,,,,,,,,,,,,,,,,,,,,,,,,,,,,,,,,,,,,,4.89249767873723,0.999417919771759,,,0.195487465181059,0.100290531084017,0.500464252553389,0.0955147915085877,0.0049767873723305,0.0047757395754293,2017.0,1995-07-26,,,2024,14
Justin Reid,KC,DB,13717,weighted,,,,,,,,,,,,,,,,,,,,,,,,,,,,,,,,,,,,,,,,,,,,,4.70094707520891,1.1322587038603,,,0.0348375116063138,0.0334301770280057,0.324883936861653,0.0238786978771469,0.0049767873723305,0.0047757395754293,2018.0,1997-02-15,,,2024,14
Justin Reid,KC,DB,13717,weighted,,,,,,,,,,,,,,,,,,,,,,,,,,,,,,,,,,,,,,,,,,,,,4.70094707520891,1.1322587038603,,,0.0348375116063138,0.0334301770280057,0.324883936861653,0.0238786978771469,0.0049767873723305,0.0047757395754293,2018.0,2002-05-24,,,2024,14
Renardo Green,SF,DB,16702,weighted,,,,,,,,,,,,,,,,,,,,,,,,,,,,,,,,,,,,,,,,,,,,,4.1116991643454,1.81818863505746,,,0.0950232126276695,0.0047757395754293,0.545719591457753,0.148047926838311,0.0049767873723305,0.0047757395754293,2024.0,2000-11-09,,,2024,14
Javon Bullard,GB,DB,16677,weighted,,,,,,,,,,,,,,,,,,,,,,,,,,,,,,,,,,,,,,,,,,,,,4.68001857010214,1.09282680870099,,,0.0950232126276695,0.0047757395754293,0.299535747446611,0.0955147915085878,0.0049767873723305,0.0047757395754293,2024.0,2002-09-05,,,2024,14
Jordan Fuller,CAR,DB,14991,weighted,,,,,,,,,,,,,,,,,,,,,,,,,,,,,,,,,,,,,,,,,,,,,4.49790157845868,1.19279155851161,,,0.054744661095636,0.0525331353297233,0.369675023212628,0.0668603540560114,0.0049767873723305,0.0047757395754293,2020.0,1998-03-04,,,2024,14
Isaiah Pola-Mao,LVR,DB,16102,weighted,,,,,,,,,,,,,,,,,,,,,,,,,,,,,,,,,,,,,,,,,,,,,4.60739090064995,1.06402115032455,,,0.0646982358402971,0.062084614480582,0.530324976787372,0.0668603540560114,0.0049767873723305,0.0047757395754293,2022.0,1999-06-30,,,2024,14
Ji'Ayir Brown,SF,DB,16281,weighted,,,,,,,,,,,,,,,,,,,,,,,,,,,,,,,,,,,,,,,,,,,,,4.47058495821727,1.15778241836744,,,0.114930362116992,0.0143272187262882,0.485069637883008,0.0143272187262882,0.0049767873723305,0.0047757395754293,2023.0,2000-01-25,,,2024,14
Damar Hamlin,BUF,DB,15469,weighted,,,,,,,,,,,,,,,,,,,,,,,,,,,,,,,,,,,,,,,,,,,,,4.68053853296193,0.977371549272556,,,0.145255338904364,0.0525331353297233,0.395023212627669,0.0047757395754293,0.0049767873723305,0.0047757395754293,2021.0,1998-03-24,,,2024,14
Jamel Dean,TB,DB,14219,weighted,,,,,,,,,,,,,,,,,,,,,,,,,,,,,,,,,,,,,,,,,,,,,4.61201485608171,1.03437191362685,,,0.0646982358402971,0.062084614480582,0.444791086350975,0.0429816561788645,0.0049767873723305,0.0047757395754293,2019.0,1996-10-15,,,2024,14
Alontae Taylor,NO,DB,15856,weighted,,,,,,,,,,,,,,,,,,,,,,,,,,,,,,,,,,,,,,,,,,,,,4.74284122562674,0.902410429304663,,,0.0950232126276695,0.0047757395754293,0.636230269266481,0.253114197497758,0.0049767873723305,0.0047757395754293,2022.0,1998-12-03,,,2024,14
Coby Bryant,SEA,DB,15872,weighted,,,,,,,,,,,,,,,,,,,,,,,,,,,,,,,,,,,,,,,,,,,,,3.77272051996286,2.0145811322726,,,0.1,0.0,0.349767873723305,0.0477573957542939,0.0552089136490251,0.0429816561788645,2022.0,1999-03-29,,,2024,14
Jevon Holland,MIA,DB,15366,weighted,,,,,,,,,,,,,,,,,,,,,,,,,,,,,,,,,,,,,,,,,,,,,4.37058495821727,1.15778241836744,,,0.0348375116063138,0.0334301770280057,0.269675023212628,0.0668603540560114,0.0049767873723305,0.0047757395754293,2021.0,2000-03-03,,,2024,14
Harrison Smith,MIN,DB,10783,weighted,,,,,,,,,,,,,,,,,,,,,,,,,,,,,,,,,,,,,,,,,,,,,4.68698235840297,0.922359821378486,,,0.129860724233983,0.0286544374525763,0.514930362116992,0.0143272187262882,0.0049767873723305,0.0047757395754293,2012.0,1989-02-02,,,2024,14
Devon Witherspoon,SEA,DB,16241,weighted,,,,,,,,,,,,,,,,,,,,,,,,,,,,,,,,,,,,,,,,,,,,,4.41149489322191,1.24190914385663,,,0.0298607242339833,0.0286544374525763,0.309953574744661,0.0095514791508587,0.0049767873723305,0.0047757395754293,2023.0,2000-12-11,,,2024,14
Jalen Thompson,ARI,DB,14518,weighted,,,,,,,,,,,,,,,,,,,,,,,,,,,,,,,,,,,,,,,,,,,,,4.52280408542247,1.0153783619316,,,0.129860724233983,0.0286544374525763,0.524883936861653,0.023878697877147,0.0049767873723305,0.0047757395754293,2019.0,1998-07-18,,,2024,14
Trevon Moehrig,LVR,DB,15365,weighted,,,,,,,,,,,,,,,,,,,,,,,,,,,,,,,,,,,,,,,,,,,,,4.70544103992572,0.907936743631985,,,0.155208913649025,0.0429816561788645,0.520371402042711,0.0764118332068702,0.0049767873723305,0.0047757395754293,2021.0,1999-06-16,,,2024,14
Ugo Amadi,NO,DB,14236,weighted,,,,,,,,,,,,,,,,,,,,,,,,,,,,,,,,,,,,,,,,,,,,,4.39361188486537,1.09650605385905,,,0.0398142989786444,0.0382059166034351,0.430324976787372,0.0668603540560114,0.0049767873723305,0.0047757395754293,2019.0,1970-01-01,,,2024,14
Amani Hooker,TEN,DB,14182,weighted,,,,,,,,,,,,,,,,,,,,,,,,,,,,,,,,,,,,,,,,,,,,,4.18640668523677,1.08447448728212,,,0.255208913649025,0.0429816561788645,0.619907149489322,0.0191029583017176,0.0099535747446611,0.0095514791508587,2019.0,1998-06-14,,,2024,14
Kerby Joseph,DET,DB,15871,weighted,,,,,,,,,,,,,,,,,,,,,,,,,,,,,,,,,,,,,,,,,,,,,4.05903435468895,1.12020643970847,,,0.360649953574745,0.133720708112023,0.730324976787372,0.0668603540560114,0.0601857010213556,0.0382059166034351,2022.0,2000-11-14,,,2024,14
Jason Pinnock,NYG,DB,15448,weighted,,,,,,,,,,,,,,,,,,,,,,,,,,,,,,,,,,,,,,,,,,,,,4.1291364902507,1.06443191064714,,,0.0950232126276695,0.0047757395754293,0.284605385329619,0.0811875727822996,0.0049767873723305,0.0047757395754293,2021.0,1999-06-30,,,2024,14
Josh Metellus,MIN,DB,14995,weighted,,,,,,,,,,,,,,,,,,,,,,,,,,,,,,,,,,,,,,,,,,,,,4.27842154131848,0.858771800777721,,,0.135301764159703,0.062084614480582,0.415394614670381,0.0811875727822996,0.0049767873723305,0.0047757395754293,2020.0,1998-01-21,,,2024,14
Chauncey Gardner-Johnson,PHI,DB,14224,weighted,,,,,,,,,,,,,,,,,,,,,,,,,,,,,,,,,,,,,,,,,,,,,3.66789229340761,1.32160322133183,,,0.175116063138347,0.0238786978771469,0.509953574744661,0.0095514791508587,0.0049767873723305,0.0047757395754293,2019.0,1997-12-20,,,2024,14
Christian Izien,TB,DB,16457,weighted,,,,,,,,,,,,,,,,,,,,,,,,,,,,,,,,,,,,,,,,,,,,,3.8324791086351,1.16478756712988,,,0.0646982358402971,0.062084614480582,0.2791643454039,0.171926624715458,0.0049767873723305,0.0047757395754293,2023.0,2000-06-08,,,2024,14
Will Harris,NO,DB,14213,weighted,,,,,,,,,,,,,,,,,,,,,,,,,,,,,,,,,,,,,,,,,,,,,3.08843082636955,2.26784379822611,,,0.1,0.0,0.249303621169916,0.143272187262882,0.0049767873723305,0.0047757395754293,2019.0,,,,2024,14
Geno Stone,CIN,DB,15003,weighted,,,,,,,,,,,,,,,,,,,,,,,,,,,,,,,,,,,,,,,,,,,,,4.02068709377902,0.900882649703793,,,0.124883936861653,0.0238786978771469,0.354280408542247,0.148047926838311,0.0049767873723305,0.0047757395754293,2020.0,1999-04-19,,,2024,14
Cam Taylor-Britt,CIN,DB,15859,weighted,,,,,,,,,,,,,,,,,,,,,,,,,,,,,,,,,,,,,,,,,,,,,4.17026926648097,0.780907211818643,,,0.165162488393686,0.0334301770280057,0.786462395543176,0.300871593252052,0.0552089136490251,0.0429816561788645,2022.0,1999-10-15,,,2024,14
Zyon McCollum,TB,DB,15895,weighted,,,,,,,,,,,,,,,,,,,,,,,,,,,,,,,,,,,,,,,,,,,,,3.78798514391829,1.23218476663551,,,0.109953574744661,0.0095514791508587,0.575580315691736,0.119393489385735,0.0049767873723305,0.0047757395754293,2022.0,1999-05-03,,,2024,14
Darnell Savage,JAC,DB,14197,weighted,,,,,,,,,,,,,,,,,,,,,,,,,,,,,,,,,,,,,,,,,,,,,3.55892293407614,1.30577105007773,,,0.1,0.0,0.354744661095636,0.0525331353297233,0.0049767873723305,0.0047757395754293,2019.0,,,,2024,14
Daryl Worley,TEN,DB,12760,weighted,,,,,,,,,,,,,,,,,,,,,,,,,,,,,,,,,,,,,,,,,,,,,4.22682666666667,1.03237590053236,,,0.11,1.9825159407563102e-17,0.42,0.0,0.01,0.0,2016.0,,,,2024,14
Jaycee Horn,CAR,DB,15361,weighted,,,,,,,,,,,,,,,,,,,,,,,,,,,,,,,,,,,,,,,,,,,,,3.94882079851439,0.913222203439852,,,0.054744661095636,0.0525331353297233,0.61585886722377,0.176702364290887,0.0049767873723305,0.0047757395754293,2021.0,1999-11-26,,,2024,14
Chuck Clark,NYJ,DB,13322,weighted,,,,,,,,,,,,,,,,,,,,,,,,,,,,,,,,,,,,,,,,,,,,,3.97842154131848,0.858771800777721,,,0.0950232126276695,0.0047757395754293,0.490510677808728,0.105066270659447,0.0049767873723305,0.0047757395754293,2017.0,1995-04-19,,,2024,14
Adoree Jackson,NYG,DB,13226,weighted,,,,,,,,,,,,,,,,,,,,,,,,,,,,,,,,,,,,,,,,,,,,,3.78880222841226,1.3160165809423,,,0.0298607242339833,0.0286544374525763,0.309953574744661,0.0095514791508587,0.0049767873723305,0.0047757395754293,2017.0,1995-09-18,,,2024,14
Talanoa Hufanga,SF,DB,15452,weighted,,,,,,,,,,,,,,,,,,,,,,,,,,,,,,,,,,,,,,,,,,,,,4.22172701949861,0.776008323303696,,,0.200464252553389,0.0955147915085878,0.550696378830084,0.143272187262882,0.0049767873723305,0.0047757395754293,2021.0,2000-02-01,,,2024,14
Charvarius Ward,SF,DB,13920,weighted,,,,,,,,,,,,,,,,,,,,,,,,,,,,,,,,,,,,,,,,,,,,,4.13181058495822,0.698564455850138,,,0.0950232126276695,0.0047757395754293,0.585998142989786,0.205356801743464,0.0049767873723305,0.0047757395754293,2018.0,1996-05-16,,,2024,14
Decamerion Richardson,LVR,DB,16720,weighted,,,,,,,,,,,,,,,,,,,,,,,,,,,,,,,,,,,,,,,,,,,,,3.75509749303621,1.18044676179792,,,0.0597214484679666,0.0573088749051527,0.369675023212628,0.0668603540560114,0.0049767873723305,0.0047757395754293,2024.0,2001-03-16,,,2024,14
Dane Belton,NYG,DB,15875,weighted,,,,,,,,,,,,,,,,,,,,,,,,,,,,,,,,,,,,,,,,,,,,,2.89552460538533,1.73617346589751,,,0.0646982358402971,0.062084614480582,0.228932219127205,0.219684020469752,0.0049767873723305,0.0047757395754293,2022.0,2000-12-07,,,2024,14
Tyson Campbell,JAC,DB,15380,weighted,,,,,,,,,,,,,,,,,,,,,,,,,,,,,,,,,,,,,,,,,,,,,3.78809656453111,0.992203556979235,,,0.0398142989786444,0.0382059166034351,0.385069637883008,0.0143272187262882,0.0049767873723305,0.0047757395754293,2021.0,2000-03-17,,,2024,14
Jack Jones,LVR,DB,15881,weighted,,,,,,,,,,,,,,,,,,,,,,,,,,,,,,,,,,,,,,,,,,,,,4.12248839368617,0.640995899631572,,,0.129860724233983,0.0286544374525763,0.665626740947075,0.128944968536593,0.10544103992572,0.0907390519331584,2022.0,1997-12-20,,,2024,14
Cordale Flott,NYG,DB,15866,weighted,,,,,,,,,,,,,,,,,,,,,,,,,,,,,,,,,,,,,,,,,,,,,3.73117920148561,1.14345800571588,,,0.0447910863509749,0.0429816561788645,0.435301764159703,0.062084614480582,0.0049767873723305,0.0047757395754293,2022.0,2001-08-24,,,2024,14
Justin Simmons,ATL,DB,12767,weighted,,,,,,,,,,,,,,,,,,,,,,,,,,,,,,,,,,,,,,,,,,,,,3.48974930362117,1.17290786906849,,,0.18958217270195,0.085963312357729,0.644326833797586,0.138496447687452,0.0099535747446611,0.0095514791508587,2016.0,1993-11-19,,,2024,14
Isaiah Rodgers,PHI,DB,14997,weighted,,,,,,,,,,,,,,,,,,,,,,,,,,,,,,,,,,,,,,,,,,,,,3.04815227483751,1.55800275124037,,,0.0497678737233055,0.0477573957542939,0.349767873723305,0.0477573957542939,0.0049767873723305,0.0047757395754293,2020.0,1998-01-07,,,2024,14
Evan Williams,GB,DB,16719,weighted,,,,,,,,,,,,,,,,,,,,,,,,,,,,,,,,,,,,,,,,,,,,,3.46876508820799,1.2436127655777,,,0.1,0.0,0.29455896007428,0.0907390519331584,0.0049767873723305,0.0047757395754293,2024.0,2001-07-28,,,2024,14
Byron Murphy,MIN,DB,14180,weighted,,,,,,,,,,,,,,,,,,,,,,,,,,,,,,,,,,,,,,,,,,,,,4.0805756731662,0.61237449043671,,,0.20544103992572,0.0907390519331584,0.565626740947075,0.128944968536593,0.0049767873723305,0.0047757395754293,2019.0,1998-01-18,,,2024,14
Bryan Cook,KC,DB,15860,weighted,,,,,,,,,,,,,,,,,,,,,,,,,,,,,,,,,,,,,,,,,,,,,3.87290622098422,0.780205174816537,,,0.0900464252553389,0.0095514791508587,0.324883936861653,0.0238786978771469,0.0049767873723305,0.0047757395754293,2022.0,1999-09-07,,,2024,14
Chau Smith-Wade,CAR,DB,16741,weighted,,,,,,,,,,,,,,,,,,,,,,,,,,,,,,,,,,,,,,,,,,,,,3.4153017641597,1.31127125794984,,,0.0850696378830084,0.0143272187262882,0.309953574744661,0.0095514791508587,0.0049767873723305,0.0047757395754293,2024.0,2002-09-17,,,2024,14
Mike Hilton,CIN,DB,13414,weighted,,,,,,,,,,,,,,,,,,,,,,,,,,,,,,,,,,,,,,,,,,,,,3.8647539461467,0.687241601348043,,,0.0900464252553389,0.0095514791508587,0.324883936861653,0.0238786978771469,0.0049767873723305,0.0047757395754293,2016.0,1994-03-09,,,2024,14
Deommodore Lenoir,SF,DB,15445,weighted,,,,,,,,,,,,,,,,,,,,,,,,,,,,,,,,,,,,,,,,,,,,,4.35350993377483,0.565685424949238,,,0.2,3.96083208564486e-17,0.5,0.0,0.1,1.98041604282243e-17,2021.0,1999-10-06,,,2024,14
Tyrann Mathieu,NO,DB,11313,weighted,,,,,,,,,,,,,,,,,,,,,,,,,,,,,,,,,,,,,,,,,,,,,3.55439182915506,0.925290747819458,,,0.275116063138347,0.0238786978771469,0.659721448467967,0.0573088749051527,0.0099535747446611,0.0095514791508587,2013.0,1992-05-13,,,2024,14
Malik Hooker,DAL,DB,13228,weighted,,,,,,,,,,,,,,,,,,,,,,,,,,,,,,,,,,,,,,,,,,,,,3.57578458681523,0.877193931407578,,,0.0950232126276695,0.0047757395754293,0.334837511606314,0.0334301770280057,0.0049767873723305,0.0047757395754293,2017.0,1996-04-02,,,2024,14
Jalen Mills,NYJ,DB,12716,weighted,,,,,,,,,,,,,,,,,,,,,,,,,,,,,,,,,,,,,,,,,,,,,3.71269333333333,1.17379725676967,,,0.08,0.0,0.36,7.93006376302522e-17,0.01,0.0,2016.0,1994-04-06,,,2024,14
Michael Jackson,CAR,DB,14252,weighted,,,,,,,,,,,,,,,,,,,,,,,,,,,,,,,,,,,,,,,,,,,,,3.60092850510678,0.93670309317269,,,0.0298607242339833,0.0286544374525763,0.460649953574745,0.133720708112023,0.0049767873723305,0.0047757395754293,2019.0,1997-01-10,,,2024,14
Kool-Aid McKinstry,NO,DB,16670,weighted,,,,,,,,,,,,,,,,,,,,,,,,,,,,,,,,,,,,,,,,,,,,,3.74675951717734,0.72607119327594,,,0.054744661095636,0.0525331353297233,0.409953574744661,0.0095514791508587,0.0049767873723305,0.0047757395754293,2024.0,2002-09-30,,,2024,14
Tarheeb Still,LAC,DB,16729,weighted,,,,,,,,,,,,,,,,,,,,,,,,,,,,,,,,,,,,,,,,,,,,,3.78818666666667,0.96873629022557,,,0.13,0.0,0.46,7.93006376302522e-17,0.01,0.0,2024.0,2002-06-09,,,2024,14
Jourdan Lewis,DAL,DB,13227,weighted,,,,,,,,,,,,,,,,,,,,,,,,,,,,,,,,,,,,,,,,,,,,,3.31799442896936,1.04495178721257,,,0.0298607242339833,0.0286544374525763,0.400464252553389,0.0955147915085878,0.0049767873723305,0.0047757395754293,2017.0,1995-08-31,,,2024,14
Jarvis Brownlee,TEN,DB,16736,weighted,,,,,,,,,,,,,,,,,,,,,,,,,,,,,,,,,,,,,,,,,,,,,3.3191643454039,1.26420921025641,,,0.0696750232126277,0.0668603540560114,0.38958217270195,0.085963312357729,0.0049767873723305,0.0047757395754293,2024.0,2001-07-13,,,2024,14
D.J. Reed,NYJ,DB,13774,weighted,,,,,,,,,,,,,,,,,,,,,,,,,,,,,,,,,,,,,,,,,,,,,3.77459610027855,0.601148181158602,,,0.054744661095636,0.0525331353297233,0.560649953574745,0.133720708112023,0.0049767873723305,0.0047757395754293,2018.0,1996-11-11,,,2024,14
DaRon Bland,DAL,DB,15904,weighted,,,,,,,,,,,,,,,,,,,,,,,,,,,,,,,,,,,,,,,,,,,,,3.9864,0.636396103067893,,,0.15,0.0,0.5,0.0,0.01,0.0,2022.0,1999-07-12,,,2024,14
Josh Newton,CIN,DB,16737,weighted,,,,,,,,,,,,,,,,,,,,,,,,,,,,,,,,,,,,,,,,,,,,,3.53433611884865,0.794616852755784,,,0.0447910863509749,0.0429816561788645,0.585998142989786,0.205356801743464,0.0049767873723305,0.0047757395754293,2024.0,2000-09-14,,,2024,14
Kendall Fuller,MIA,DB,12714,weighted,,,,,,,,,,,,,,,,,,,,,,,,,,,,,,,,,,,,,,,,,,,,,3.50438254410399,0.846967021181409,,,0.0348375116063138,0.0334301770280057,0.41041782729805,0.085963312357729,0.0049767873723305,0.0047757395754293,2016.0,1995-02-13,,,2024,14
Christian Benford,BUF,DB,15913,weighted,,,,,,,,,,,,,,,,,,,,,,,,,,,,,,,,,,,,,,,,,,,,,3.58649953574745,0.707892385598711,,,0.1,0.0,0.500464252553389,0.0955147915085877,0.0049767873723305,0.0047757395754293,2022.0,2000-09-21,,,2024,14
Kyler Gordon,CHI,DB,15852,weighted,,,,,,,,,,,,,,,,,,,,,,,,,,,,,,,,,,,,,,,,,,,,,3.48943361188487,0.821516811427607,,,0.0900464252553389,0.0095514791508587,0.370139275766017,0.0286544374525763,0.0049767873723305,0.0047757395754293,2022.0,1999-12-17,,,2024,14
Trent McDuffie,KC,DB,15845,weighted,,,,,,,,,,,,,,,,,,,,,,,,,,,,,,,,,,,,,,,,,,,,,3.39799442896936,0.821711446592639,,,0.0199071494893222,0.0191029583017175,0.425812441968431,0.167150885140029,0.0049767873723305,0.0047757395754293,2022.0,2000-09-13,,,2024,14
Carlton Davis,DET,DB,13710,weighted,,,,,,,,,,,,,,,,,,,,,,,,,,,,,,,,,,,,,,,,,,,,,3.62670380687094,0.600897971050163,,,0.140278551532033,0.0573088749051527,0.581021355617456,0.210132541318893,0.0049767873723305,0.0047757395754293,2018.0,1996-12-31,,,2024,14
Chamarri Conner,KC,DB,16295,weighted,,,,,,,,,,,,,,,,,,,,,,,,,,,,,,,,,,,,,,,,,,,,,3.58696378830084,0.616401412803991,,,0.0850696378830084,0.0143272187262882,0.314930362116992,0.0143272187262882,0.0049767873723305,0.0047757395754293,2023.0,2000-07-11,,,2024,14
Rasul Douglas,BUF,DB,13281,weighted,,,,,,,,,,,,,,,,,,,,,,,,,,,,,,,,,,,,,,,,,,,,,3.60196843082637,0.568945915870101,,,0.119907149489322,0.0191029583017176,0.490046425255339,0.0095514791508587,0.0049767873723305,0.0047757395754293,2017.0,1994-08-29,,,2024,14
Kristian Fulton,LAC,DB,14904,weighted,,,,,,,,,,,,,,,,,,,,,,,,,,,,,,,,,,,,,,,,,,,,,3.35871866295265,0.748111888260782,,,0.104976787372331,0.0047757395754293,0.555673166202414,0.138496447687452,0.0049767873723305,0.0047757395754293,2020.0,1998-09-03,,,2024,14
Darrell Baker,TEN,DB,16139,weighted,,,,,,,,,,,,,,,,,,,,,,,,,,,,,,,,,,,,,,,,,,,,,3.41824,1.01823376490863,,,0.09,1.9825159407563102e-17,0.37,7.93006376302522e-17,0.01,0.0,2022.0,1998-03-27,,,2024,14
Martin Emerson,CLE,DB,15862,weighted,,,,,,,,,,,,,,,,,,,,,,,,,,,,,,,,,,,,,,,,,,,,,3.8491922005571,0.451907962529204,,,0.0800928505106778,0.0191029583017176,0.445719591457753,0.148047926838311,0.0049767873723305,0.0047757395754293,2022.0,2000-09-27,,,2024,14
Decobie Durant,LAR,DB,15888,weighted,,,,,,,,,,,,,,,,,,,,,,,,,,,,,,,,,,,,,,,,,,,,,3.2646982358403,0.759143064737888,,,0.124883936861653,0.0238786978771469,0.444791086350975,0.0429816561788645,0.0049767873723305,0.0047757395754293,2022.0,1998-02-09,,,2024,14
Terrion Arnold,DET,DB,16671,weighted,,,,,,,,,,,,,,,,,,,,,,,,,,,,,,,,,,,,,,,,,,,,,3.29845868152275,0.729496103921199,,,0.0348375116063138,0.0334301770280057,0.41041782729805,0.085963312357729,0.0049767873723305,0.0047757395754293,2024.0,2003-03-22,,,2024,14
Quinyon Mitchell,PHI,DB,16690,weighted,,,,,,,,,,,,,,,,,,,,,,,,,,,,,,,,,,,,,,,,,,,,,3.0158217270195,1.08419536870004,,,0.0298607242339833,0.0286544374525763,0.450696378830084,0.143272187262882,0.0049767873723305,0.0047757395754293,2024.0,2001-07-18,,,2024,14
Sean Bunting,ARI,DB,14199,weighted,,,,,,,,,,,,,,,,,,,,,,,,,,,,,,,,,,,,,,,,,,,,,3.23819870009285,0.715478173660118,,,0.139814298978644,0.0382059166034351,0.429396471680594,0.124169228961164,0.0049767873723305,0.0047757395754293,2019.0,1997-06-19,,,2024,14
Mike Brown,TEN,DB,16118,weighted,,,,,,,,,,,,,,,,,,,,,,,,,,,,,,,,,,,,,,,,,,,,,3.08187558031569,0.796527810675073,,,0.054744661095636,0.0525331353297233,0.299535747446611,0.0955147915085878,0.0049767873723305,0.0047757395754293,2022.0,1999-04-07,,,2024,14
Tony Adams,NYJ,DB,16014,weighted,,,,,,,,,,,,,,,,,,,,,,,,,,,,,,,,,,,,,,,,,,,,,3.32518105849582,0.750607709080194,,,0.104976787372331,0.0047757395754293,0.404976787372331,0.0047757395754293,0.0049767873723305,0.0047757395754293,2022.0,1999-01-24,,,2024,14
Cooper DeJean,PHI,DB,16675,weighted,,,,,,,,,,,,,,,,,,,,,,,,,,,,,,,,,,,,,,,,,,,,,3.49069333333333,0.643467170879758,,,0.05,9.91257970378153e-18,0.27,0.0,0.01,0.0,2024.0,2003-02-09,,,2024,14
Rayshawn Jenkins,SEA,DB,13288,weighted,,,,,,,,,,,,,,,,,,,,,,,,,,,,,,,,,,,,,,,,,,,,,2.69615894039735,1.62634559672906,,,0.1,1.98041604282243e-17,0.6,0.0,0.1,1.98041604282243e-17,2017.0,1994-01-25,,,2024,14
Trevon Diggs,DAL,DB,14903,weighted,,,,,,,,,,,,,,,,,,,,,,,,,,,,,,,,,,,,,,,,,,,,,3.32934076137419,0.541327325464863,,,0.175116063138347,0.0238786978771469,0.645719591457753,0.148047926838311,0.0049767873723305,0.0047757395754293,2020.0,1998-09-20,Q,Knee,2024,14
Joey Porter Jr.,PIT,DB,16240,weighted,,,,,,,,,,,,,,,,,,,,,,,,,,,,,,,,,,,,,,,,,,,,,3.46655524605385,0.423705680001762,,,0.109953574744661,0.0095514791508587,0.465162488393686,0.0334301770280057,0.0049767873723305,0.0047757395754293,2023.0,2000-07-26,,,2024,14
Joey Porter Jr.,PIT,DB,16240,weighted,,,,,,,,,,,,,,,,,,,,,,,,,,,,,,,,,,,,,,,,,,,,,3.46655524605385,0.423705680001762,,,0.109953574744661,0.0095514791508587,0.465162488393686,0.0334301770280057,0.0049767873723305,0.0047757395754293,2023.0,2002-02-03,,,2024,14
Andre Cisco,JAC,DB,15364,weighted,,,,,,,,,,,,,,,,,,,,,,,,,,,,,,,,,,,,,,,,,,,,,3.1527948003714,0.664709089828435,,,0.104976787372331,0.0047757395754293,0.344791086350975,0.0429816561788645,0.0049767873723305,0.0047757395754293,2021.0,2000-03-23,,,2024,14
A.J. Terrell,ATL,DB,14918,weighted,,,,,,,,,,,,,,,,,,,,,,,,,,,,,,,,,,,,,,,,,,,,,3.27541318477252,0.606436032870951,,,0.109953574744661,0.0095514791508587,0.51041782729805,0.085963312357729,0.0049767873723305,0.0047757395754293,2020.0,1998-09-23,,,2024,14
A.J. Terrell,ATL,DB,14918,weighted,,,,,,,,,,,,,,,,,,,,,,,,,,,,,,,,,,,,,,,,,,,,,3.27541318477252,0.606436032870951,,,0.109953574744661,0.0095514791508587,0.51041782729805,0.085963312357729,0.0049767873723305,0.0047757395754293,2020.0,2001-03-28,,,2024,14
Donte Jackson,PIT,DB,13738,weighted,,,,,,,,,,,,,,,,,,,,,,,,,,,,,,,,,,,,,,,,,,,,,2.95314763231198,0.741858664689579,,,0.330324976787372,0.0668603540560114,0.709953574744661,0.0095514791508587,0.0099535747446611,0.0095514791508587,2018.0,1995-11-08,,,2024,14
Tariq Woolen,SEA,DB,15894,weighted,,,,,,,,,,,,,,,,,,,,,,,,,,,,,,,,,,,,,,,,,,,,,2.93819870009285,0.715478173660118,,,0.119907149489322,0.0191029583017176,0.585533890436397,0.109842010234876,0.0049767873723305,0.0047757395754293,2022.0,1999-05-02,,,2024,14
Montaric Brown,JAC,DB,15933,weighted,,,,,,,,,,,,,,,,,,,,,,,,,,,,,,,,,,,,,,,,,,,,,2.97078922934076,0.660220958833194,,,0.0800928505106778,0.0191029583017176,0.395487465181058,0.100290531084017,0.0049767873723305,0.0047757395754293,2022.0,1999-08-24,,,2024,14
Darious Williams,LAR,DB,13959,weighted,,,,,,,,,,,,,,,,,,,,,,,,,,,,,,,,,,,,,,,,,,,,,3.18748375116063,0.462874725201583,,,0.0746518105849582,0.0716360936314408,0.490046425255339,0.0095514791508587,0.0049767873723305,0.0047757395754293,2018.0,1993-03-15,,,2024,14
Shaq Griffin,MIN,DB,13273,weighted,,,,,,,,,,,,,,,,,,,,,,,,,,,,,,,,,,,,,,,,,,,,,2.96035283194058,0.84731346823536,,,0.0800928505106778,0.0191029583017176,0.3,0.0,0.0049767873723305,0.0047757395754293,2017.0,1994-01-01,,,2024,14
Jalen Ramsey,MIA,DB,12711,weighted,,,,,,,,,,,,,,,,,,,,,,,,,,,,,,,,,,,,,,,,,,,,,3.1241782729805,0.502674801029352,,,0.145255338904364,0.0525331353297233,0.525812441968431,0.167150885140029,0.0049767873723305,0.0047757395754293,2016.0,1994-10-24,,,2024,14
Dee Alford,ATL,DB,16012,weighted,,,,,,,,,,,,,,,,,,,,,,,,,,,,,,,,,,,,,,,,,,,,,3.22727948003714,0.402126770692425,,,0.0298607242339833,0.0286544374525763,0.445719591457753,0.148047926838311,0.0049767873723305,0.0047757395754293,2021.0,1997-11-05,,,2024,14
Jonathan Owens,CHI,DB,14414,weighted,,,,,,,,,,,,,,,,,,,,,,,,,,,,,,,,,,,,,,,,,,,,,2.75730733519034,0.990070804292125,,,0.0199071494893222,0.0191029583017175,0.275116063138347,0.0238786978771469,0.0552089136490251,0.0429816561788645,2018.0,1995-07-22,,,2024,14
Juan Thornhill,CLE,DB,14207,weighted,,,,,,,,,,,,,,,,,,,,,,,,,,,,,,,,,,,,,,,,,,,,,2.63629139072848,1.20208152801713,,,0.0,0.0,0.2,3.96083208564486e-17,0.0,0.0,2019.0,1970-01-01,,,2024,14
Brandin Echols,NYJ,DB,15464,weighted,,,,,,,,,,,,,,,,,,,,,,,,,,,,,,,,,,,,,,,,,,,,,2.82039735099338,1.27279220613579,,,0.2,3.96083208564486e-17,0.3,0.0,0.1,1.98041604282243e-17,2021.0,1997-10-16,,,2024,14
Garrett Williams,ARI,DB,16274,weighted,,,,,,,,,,,,,,,,,,,,,,,,,,,,,,,,,,,,,,,,,,,,,3.02980501392758,0.469422973315813,,,0.160185701021356,0.0382059166034351,0.515394614670381,0.0811875727822996,0.0049767873723305,0.0047757395754293,2023.0,2001-06-01,,,2024,14
Garrett Williams,ARI,DB,16274,weighted,,,,,,,,,,,,,,,,,,,,,,,,,,,,,,,,,,,,,,,,,,,,,3.02980501392758,0.469422973315813,,,0.160185701021356,0.0382059166034351,0.515394614670381,0.0811875727822996,0.0049767873723305,0.0047757395754293,2023.0,2003-12-05,,,2024,14
Denzel Ward,CLE,DB,13707,weighted,,,,,,,,,,,,,,,,,,,,,,,,,,,,,,,,,,,,,,,,,,,,,2.87500464252553,0.594601758288154,,,0.150232126276695,0.0477573957542939,0.892367688022284,0.487125436693798,0.0049767873723305,0.0047757395754293,2018.0,1997-04-28,,,2024,14
Tyrique Stevenson,CHI,DB,16267,weighted,,,,,,,,,,,,,,,,,,,,,,,,,,,,,,,,,,,,,,,,,,,,,3.09392757660167,0.403711375878492,,,0.140278551532033,0.0573088749051527,0.621299907149489,0.267441416224046,0.0552089136490251,0.0429816561788645,2023.0,2000-05-26,,,2024,14
Starling Thomas,ARI,DB,16519,weighted,,,,,,,,,,,,,,,,,,,,,,,,,,,,,,,,,,,,,,,,,,,,,2.97470752089137,0.549291802256552,,,0.0348375116063138,0.0334301770280057,0.41041782729805,0.085963312357729,0.0049767873723305,0.0047757395754293,2023.0,2000-01-25,,,2024,14
Tristin McCollum,,DB,16571,weighted,,,,,,,,,,,,,,,,,,,,,,,,,,,,,,,,,,,,,,,,,,,,,2.53377483443709,1.4142135623731,,,0.0,0.0,0.3,0.0,0.0,0.0,2022.0,1999-05-03,,,2024,14
Jaylon Johnson,CHI,DB,14924,weighted,,,,,,,,,,,,,,,,,,,,,,,,,,,,,,,,,,,,,,,,,,,,,2.99702878365831,0.497217454928476,,,0.145255338904364,0.0525331353297233,0.530789229340761,0.162375145564599,0.0049767873723305,0.0047757395754293,2020.0,1999-04-19,,,2024,14
Jaylon Johnson,CHI,DB,14924,weighted,,,,,,,,,,,,,,,,,,,,,,,,,,,,,,,,,,,,,,,,,,,,,2.99702878365831,0.497217454928476,,,0.145255338904364,0.0525331353297233,0.530789229340761,0.162375145564599,0.0049767873723305,0.0047757395754293,2020.0,1997-10-14,,,2024,14
Jaylon Johnson,CHI,DB,14924,weighted,,,,,,,,,,,,,,,,,,,,,,,,,,,,,,,,,,,,,,,,,,,,,2.99702878365831,0.497217454928476,,,0.145255338904364,0.0525331353297233,0.530789229340761,0.162375145564599,0.0049767873723305,0.0047757395754293,2020.0,1999-12-02,,,2024,14
Mike Hughes,ATL,DB,13731,weighted,,,,,,,,,,,,,,,,,,,,,,,,,,,,,,,,,,,,,,,,,,,,,2.9644382544104,0.30982203339461,,,0.0348375116063138,0.0334301770280057,0.309953574744661,0.0095514791508587,0.0049767873723305,0.0047757395754293,2018.0,1997-02-11,,,2024,14
Antonio Johnson,JAC,DB,16246,weighted,,,,,,,,,,,,,,,,,,,,,,,,,,,,,,,,,,,,,,,,,,,,,2.74750232126277,0.749118538959943,,,0.0800928505106778,0.0191029583017176,0.285069637883008,0.0143272187262882,0.0049767873723305,0.0047757395754293,2023.0,2001-10-29,,,2024,14
Michael Carter,NYJ,DB,15432,weighted,,,,,,,,,,,,,,,,,,,,,,,,,,,,,,,,,,,,,,,,,,,,,2.7122191272052,0.481262405174153,,,0.0298607242339833,0.0286544374525763,0.295023212627669,0.0047757395754293,0.0049767873723305,0.0047757395754293,2021.0,1999-03-08,,,2024,14
Ronnie Hickman,CLE,DB,16460,weighted,,,,,,,,,,,,,,,,,,,,,,,,,,,,,,,,,,,,,,,,,,,,,2.57424326833798,0.602757880791292,,,0.0248839368616527,0.0238786978771469,0.229860724233983,0.0286544374525763,0.0049767873723305,0.0047757395754293,2023.0,2001-10-11,,,2024,14
Josh Jobe,SEA,DB,15989,weighted,,,,,,,,,,,,,,,,,,,,,,,,,,,,,,,,,,,,,,,,,,,,,2.81341333333333,0.51618795026618,,,0.06,0.0,0.29,0.0,0.01,0.0,2022.0,1998-04-09,,,2024,14
Darnay Holmes,LVR,DB,14944,weighted,,,,,,,,,,,,,,,,,,,,,,,,,,,,,,,,,,,,,,,,,,,,,2.78336,0.466690475583121,,,0.08,0.0,0.34,0.0,0.01,0.0,2020.0,1998-06-23,,,2024,14
Tavierre Thomas,TB,DB,13953,weighted,,,,,,,,,,,,,,,,,,,,,,,,,,,,,,,,,,,,,,,,,,,,,2.244,1.06066017177982,,,0.06,0.0,0.29,0.0,0.01,0.0,2018.0,1996-03-11,,,2024,14
Ronald Darby,JAC,DB,12276,weighted,,,,,,,,,,,,,,,,,,,,,,,,,,,,,,,,,,,,,,,,,,,,,2.59093779015785,0.398263905337537,,,0.0800928505106778,0.0191029583017176,0.485998142989786,0.205356801743464,0.0049767873723305,0.0047757395754293,2015.0,1994-01-02,,,2024,14
Darius Slay,PHI,DB,11348,weighted,,,,,,,,,,,,,,,,,,,,,,,,,,,,,,,,,,,,,,,,,,,,,3.0,0.0,,,0.0,0.0,0.6,0.0,0.0,0.0,2013.0,1991-01-01,,,2024,14
Cam Hart,LAC,DB,16731,weighted,,,,,,,,,,,,,,,,,,,,,,,,,,,,,,,,,,,,,,,,,,,,,2.39364238410596,0.989949493661167,,,0.0,0.0,0.3,0.0,0.0,0.0,2024.0,2000-12-05,,,2024,14
Joshua Williams,KC,DB,15885,weighted,,,,,,,,,,,,,,,,,,,,,,,,,,,,,,,,,,,,,,,,,,,,,2.2150417827298,0.879265737546294,,,0.0348375116063138,0.0334301770280057,0.254744661095636,0.0525331353297233,0.0049767873723305,0.0047757395754293,2022.0,1999-10-17,,,2024,14
Tykee Smith,TB,DB,16708,weighted,,,,,,,,,,,,,,,,,,,,,,,,,,,,,,,,,,,,,,,,,,,,,2.77006622516556,0.212132034355964,,,0.1,1.98041604282243e-17,0.4,7.92166417128973e-17,0.0,0.0,2024.0,2001-02-18,,,2024,14
Cameron Sutton,PIT,DB,13276,weighted,,,,,,,,,,,,,,,,,,,,,,,,,,,,,,,,,,,,,,,,,,,,,2.42629333333333,0.537401153701776,,,0.11,1.9825159407563102e-17,0.39,7.93006376302522e-17,0.01,0.0,2017.0,1995-02-27,,,2024,14
Kamren Kinchens,LAR,DB,16676,weighted,,,,,,,,,,,,,,,,,,,,,,,,,,,,,,,,,,,,,,,,,,,,,2.06597957288765,0.686097647978589,,,0.240742804085422,0.15282366641374,0.360185701021356,0.0382059166034351,0.10544103992572,0.0907390519331584,2024.0,2002-09-29,,,2024,14
Chidobe Awuzie,TEN,DB,13263,weighted,,,,,,,,,,,,,,,,,,,,,,,,,,,,,,,,,,,,,,,,,,,,,2.75668874172185,0.0707106781186545,,,0.0,0.0,0.2,3.96083208564486e-17,0.0,0.0,2017.0,1995-05-24,,,2024,14
Fabian Moreau,MIN,DB,13270,weighted,,,,,,,,,,,,,,,,,,,,,,,,,,,,,,,,,,,,,,,,,,,,,2.0764238410596,0.777817459305202,,,0.0,0.0,0.5,0.0,0.0,0.0,2017.0,1994-04-09,,,2024,14
Jordan Howden,NO,DB,16311,weighted,,,,,,,,,,,,,,,,,,,,,,,,,,,,,,,,,,,,,,,,,,,,,1.79298013245033,1.13137084989848,,,0.1,1.98041604282243e-17,0.3,0.0,0.0,0.0,2023.0,2000-05-14,,,2024,14
Kader Kohou,MIA,DB,16016,weighted,,,,,,,,,,,,,,,,,,,,,,,,,,,,,,,,,,,,,,,,,,,,,2.52993377483444,0.212132034355964,,,0.1,1.98041604282243e-17,0.6,0.0,0.0,0.0,2022.0,1998-11-28,,,2024,14
Vonn Bell,CIN,DB,12718,weighted,,,,,,,,,,,,,,,,,,,,,,,,,,,,,,,,,,,,,,,,,,,,,2.20317880794702,0.494974746830583,,,0.2,3.96083208564486e-17,0.3,0.0,0.1,1.98041604282243e-17,2016.0,1994-12-12,,,2024,14
Ja'Sir Taylor,LAC,DB,15926,weighted,,,,,,,,,,,,,,,,,,,,,,,,,,,,,,,,,,,,,,,,,,,,,1.53629139072848,1.20208152801713,,,0.0,0.0,0.9,0.0,0.0,0.0,2022.0,1999-01-08,,,2024,14
Damontae Kazee,PIT,DB,13301,weighted,,,,,,,,,,,,,,,,,,,,,,,,,,,,,,,,,,,,,,,,,,,,,1.47960264900662,1.27279220613579,,,0.2,3.96083208564486e-17,0.2,3.96083208564486e-17,0.0,0.0,2017.0,1993-06-05,,,2024,14
Avonte Maddox,PHI,DB,13767,weighted,,,,,,,,,,,,,,,,,,,,,,,,,,,,,,,,,,,,,,,,,,,,,1.26622516556291,1.4142135623731,,,0.0,0.0,0.6,0.0,0.0,0.0,2018.0,1996-03-31,,,2024,14
Nazeeh Johnson,KC,DB,15959,weighted,,,,,,,,,,,,,,,,,,,,,,,,,,,,,,,,,,,,,,,,,,,,,1.50635761589404,0.989949493661166,,,0.0,0.0,0.2,3.96083208564486e-17,0.0,0.0,2022.0,1998-07-17,,,2024,14
Amik Robertson,DET,DB,14957,weighted,,,,,,,,,,,,,,,,,,,,,,,,,,,,,,,,,,,,,,,,,,,,,2.02993377483444,0.212132034355964,,,0.0,0.0,0.3,0.0,0.0,0.0,2020.0,1998-07-06,,,2024,14
Isaiah Oliver,NYJ,DB,13709,weighted,,,,,,,,,,,,,,,,,,,,,,,,,,,,,,,,,,,,,,,,,,,,,1.06622516556291,1.4142135623731,,,0.0,0.0,0.1,1.98041604282243e-17,0.0,0.0,2018.0,1996-09-30,,,2024,14
Greg Newsome,CLE,DB,15375,weighted,,,,,,,,,,,,,,,,,,,,,,,,,,,,,,,,,,,,,,,,,,,,,2.04331125827815,0.0707106781186548,,,0.1,1.98041604282243e-17,0.6,0.0,0.0,0.0,2021.0,2000-05-18,,,2024,14
Eric Stokes,GB,DB,15377,weighted,,,,,,,,,,,,,,,,,,,,,,,,,,,,,,,,,,,,,,,,,,,,,1.92993377483444,0.212132034355964,,,0.0,0.0,0.1,1.98041604282243e-17,0.0,0.0,2021.0,1999-03-01,,,2024,14
Max Melton,ARI,DB,16695,weighted,,,,,,,,,,,,,,,,,,,,,,,,,,,,,,,,,,,,,,,,,,,,,1.77324503311258,0.282842712474619,,,0.0,0.0,0.3,0.0,0.0,0.0,2024.0,2002-04-15,,,2024,14
Beanie Bishop,PIT,DB,16865,weighted,,,,,,,,,,,,,,,,,,,,,,,,,,,,,,,,,,,,,,,,,,,,,1.04966887417219,1.06066017177982,,,0.2,3.96083208564486e-17,0.6,0.0,0.0,0.0,2024.0,1999-12-17,,,2024,14
Clark Phillips,ATL,DB,16293,weighted,,,,,,,,,,,,,,,,,,,,,,,,,,,,,,,,,,,,,,,,,,,,,1.16304635761589,0.919238815542512,,,0.1,1.98041604282243e-17,0.3,0.0,0.0,0.0,2023.0,2001-12-19,,,2024,14
Rodney McLeod,CLE,DB,11017,weighted,,,,,,,,,,,,,,,,,,,,,,,,,,,,,,,,,,,,,,,,,,,,,1.52993377483444,0.212132034355964,,,0.0,0.0,0.4,7.92166417128973e-17,0.1,1.98041604282243e-17,2012.0,1990-06-23,,,2024,14
C.J. Goodwin,DAL,DB,12978,weighted,,,,,,,,,,,,,,,,,,,,,,,,,,,,,,,,,,,,,,,,,,,,,0.692980132450331,1.13137084989848,,,0.2,3.96083208564486e-17,0.3,0.0,0.0,0.0,,,,,2024,14
Nick McCloud,SF,DB,15614,weighted,,,,,,,,,,,,,,,,,,,,,,,,,,,,,,,,,,,,,,,,,,,,,0.876423841059603,0.777817459305202,,,0.1,1.98041604282243e-17,0.2,3.96083208564486e-17,0.0,0.0,2021.0,1998-07-09,,,2024,14
Thomas Harper,,DB,16928,weighted,,,,,,,,,,,,,,,,,,,,,,,,,,,,,,,,,,,,,,,,,,,,,1.01019867549669,0.636396103067893,,,0.0,0.0,0.3,0.0,0.0,0.0,2024.0,2000-11-05,,,2024,14
Jaylen McCollough,,DB,16912,weighted,,,,,,,,,,,,,,,,,,,,,,,,,,,,,,,,,,,,,,,,,,,,,1.3,0.0,,,0.4,7.92166417128973e-17,0.5,0.0,0.1,1.98041604282243e-17,2024.0,2000-10-12,,,2024,14
Tre Avery,TEN,DB,16029,weighted,,,,,,,,,,,,,,,,,,,,,,,,,,,,,,,,,,,,,,,,,,,,,1.07324503311258,0.282842712474619,,,0.0,0.0,0.1,1.98041604282243e-17,0.0,0.0,2022.0,1997-02-26,,,2024,14
Jaden Hicks,KC,DB,16727,weighted,,,,,,,,,,,,,,,,,,,,,,,,,,,,,,,,,,,,,,,,,,,,,0.983443708609271,0.353553390593274,,,0.1,1.98041604282243e-17,0.2,3.96083208564486e-17,0.0,0.0,2024.0,2002-08-16,,,2024,14
Brandon Codrington,BUF,DB,16885,weighted,,,,,,,,,,,,,,,,,,,,,,,,,,,,,,,,,,,,,,,,,,,,,0.476423841059603,0.777817459305202,,,0.0,0.0,0.1,1.98041604282243e-17,0.0,0.0,2024.0,2000-11-17,,,2024,14
Dadrion Taylor-Demerson,ARI,DB,16717,weighted,,,,,,,,,,,,,,,,,,,,,,,,,,,,,,,,,,,,,,,,,,,,,0.629933774834437,0.212132034355964,,,0.0,0.0,0.1,1.98041604282243e-17,0.0,0.0,2024.0,2001-01-20,,,2024,14
Malik Mustapha,SF,DB,16725,weighted,,,,,,,,,,,,,,,,,,,,,,,,,,,,,,,,,,,,,,,,,,,,,0.529933774834437,0.212132034355964,,,0.3,0.0,0.3,0.0,0.0,0.0,2024.0,2002-06-25,,,2024,14
