player,team,position,id,avg_type,pass_yds,pass_yds_sd,pass_tds,pass_tds_sd,pass_int,pass_int_sd,rush_yds,rush_yds_sd,rush_tds,rush_tds_sd,fumbles_lost,fumbles_lost_sd,two_pts,two_pts_sd,return_tds,return_tds_sd,rec,rec_sd,rec_yds,rec_yds_sd,rec_tds,rec_tds_sd,fg_0019,fg_0019_sd,fg_2029,fg_2029_sd,fg_3039,fg_3039_sd,fg_4049,fg_4049_sd,fg_50,fg_50_sd,xp,xp_sd,dst_int,dst_int_sd,dst_sacks,dst_sacks_sd,dst_safety,dst_safety_sd,dst_td,dst_td_sd,dst_blk,dst_blk_sd,idp_solo,idp_solo_sd,idp_sack,idp_sack_sd,idp_int,idp_int_sd,idp_pd,idp_pd_sd,idp_td,idp_td_sd,draft_year,birthdate,injury_status,injury_details,season_year,week
Brock Purdy,SF,QB,15698,weighted,262.294031062756,27.2099399588022,1.77958372753075,0.208253534990155,0.760298013245033,0.199151752625729,10.2437653736991,1.14289383827947,0.0711447492904447,0.0558602275397831,0.153831598864711,0.0264382185815778,,,,,,,,,,,,,,,,,,,,,,,,,,,,,,,,,,,,,,,,,,,2022.0,1999-12-27,,,2024,3
Jared Goff,DET,QB,12611,weighted,272.048666824346,11.1644251537439,1.84008987701041,0.192287366014334,0.80376064333018,0.166420704801502,4.23859429202145,0.977444593043586,0.0587606433301798,0.0479666582809606,0.157686849574267,0.0290023759806656,,,,,,,,,,,,,,,,,,,,,,,,,,,,,,,,,,,,,,,,,,,2016.0,1994-10-14,,,2024,3
Matthew Stafford,LAR,QB,9431,weighted,247.995409176916,25.7337431946549,1.16557710501419,0.154059119850509,0.82376064333018,0.153314643254014,3.97092557552822,0.385352681817983,0.0293424787133396,0.0398274756764466,0.146121097445601,0.0217950585119727,,,,,,,,,,,,,,,,,,,,,,,,,,,,,,,,,,,,,,,,,,,2009.0,1988-02-07,,,2024,3
Matthew Stafford,LAR,QB,9431,weighted,247.995409176916,25.7337431946549,1.16557710501419,0.154059119850509,0.82376064333018,0.153314643254014,3.97092557552822,0.385352681817983,0.0293424787133396,0.0398274756764466,0.146121097445601,0.0217950585119727,,,,,,,,,,,,,,,,,,,,,,,,,,,,,,,,,,,,,,,,,,,2009.0,2003-05-23,,,2024,3
Dak Prescott,DAL,QB,12620,weighted,257.324985020498,13.6584003709323,1.84838221381268,0.16354917973776,0.857682119205298,0.130239479662887,12.1704612109745,1.33700415523922,0.0845033112582782,0.041610241817821,0.157686849574267,0.0290023759806656,,,,,,,,,,,,,,,,,,,,,,,,,,,,,,,,,,,,,,,,,,,2016.0,1993-07-29,,,2024,3
Joe Burrow,CIN,QB,14777,weighted,268.034913276569,7.9835845475014,1.93579943235572,0.184188314070823,0.559101229895932,0.341323395421603,13.7143361715547,2.67454368600409,0.0879328287606433,0.078988231784944,0.219276253547777,0.0158590136418581,,,,,,,,,,,,,,,,,,,,,,,,,,,,,,,,,,,,,,,,,,,2020.0,1996-12-10,,,2024,3
Patrick Mahomes,KC,QB,13116,weighted,262.660014191107,10.0533115135367,1.9344087038789,0.128102636359849,0.618136234626301,0.346252343548209,22.6738954588458,0.678422544593385,0.105860927152318,0.06493344694549,0.180818353831599,0.0460067630253113,,,,,,,,,,,,,,,,,,,,,,,,,,,,,,,,,,,,,,,,,,,2017.0,1995-09-17,,,2024,3
C.J. Stroud,HOU,QB,16150,weighted,263.015263323873,7.30335912472243,1.8016508987701,0.248060768346651,0.532871333964049,0.340402542832299,10.1369150110375,1.00075635991219,0.0711447492904447,0.0558602275397831,0.192289498580889,0.0063436054567432,,,,,,,,,,,,,,,,,,,,,,,,,,,,,,,,,,,,,,,,,,,2023.0,2001-10-03,,,2024,3
Geno Smith,SEA,QB,11150,weighted,242.957344686219,6.37032033351999,1.29884105960265,0.262356044314772,0.826475875118259,0.163635057213213,15.5932986439609,3.31948486669262,0.101291390728477,0.0566680248945791,0.192289498580889,0.0063436054567432,,,,,,,,,,,,,,,,,,,,,,,,,,,,,,,,,,,,,,,,,,,2013.0,1990-10-10,,,2024,3
Josh Allen,BUF,QB,13589,weighted,242.880745033113,8.20918520868154,1.77870387890255,0.184222525571016,0.902658467360454,0.0827051943059522,33.8317021444339,2.28758086884494,0.686579943235572,0.182266991010413,0.280723746452223,0.0158590136418581,,,,,,,,,,,,,,,,,,,,,,,,,,,,,,,,,,,,,,,,,,,2018.0,1996-05-21,,,2024,3
Derek Carr,NO,QB,11644,weighted,243.9373170924,7.29775343925528,1.81046830652791,0.228042445250371,0.792899716177862,0.175516778853345,5.23051482182277,1.45292194158606,0.0541911069063387,0.0457946655268034,0.153831598864711,0.0264382185815778,,,,,,,,,,,,,,,,,,,,,,,,,,,,,,,,,,,,,,,,,,,2014.0,1991-03-28,,,2024,3
Jalen Hurts,PHI,QB,14783,weighted,227.677603279723,9.31865863763332,1.23828287606433,0.198760999644112,0.85158940397351,0.136538220439868,41.5328358561968,3.0995237725512,0.717473982970672,0.156346147567604,0.230747398297067,0.0372603949974523,,,,,,,,,,,,,,,,,,,,,,,,,,,,,,,,,,,,,,,,,,,2020.0,1998-08-07,,,2024,3
Sam Darnold,MIN,QB,13592,weighted,227.129967675812,24.2020392189854,1.23458372753075,0.214667781293114,0.928826868495743,0.116799157896159,12.1853642384106,2.05171834922156,0.095515610217597,0.0968232988641492,0.246073793755913,0.0697610421235383,,,,,,,,,,,,,,,,,,,,,,,,,,,,,,,,,,,,,,,,,,,2018.0,1997-06-05,,,2024,3
Baker Mayfield,TB,QB,13590,weighted,239.058516240933,3.79095002618916,1.80360454115421,0.194049022276936,0.831210974456008,0.155056036221276,13.5745309050773,1.71449326338872,0.113680227057711,0.0669360287744555,0.153831598864711,0.0264382185815778,,,,,,,,,,,,,,,,,,,,,,,,,,,,,,,,,,,,,,,,,,,2018.0,1995-04-14,,,2024,3
Kirk Cousins,ATL,QB,10700,weighted,231.595215231788,7.82556939353759,1.64852885525071,0.294168205901673,0.820856196783349,0.155083650096435,5.55260722169663,0.833243440344865,0.0556811731315043,0.0469820971712553,0.149976348155156,0.0240196098241852,,,,,,,,,,,,,,,,,,,,,,,,,,,,,,,,,,,,,,,,,,,2012.0,1988-08-19,,,2024,3
Lamar Jackson,BAL,QB,13593,weighted,228.802060075686,10.2993390382354,1.27662724692526,0.239958331521826,0.775941343424787,0.199893357329505,54.5666903185115,2.28155348659803,0.263420056764428,0.139888099174996,0.269205298013245,0.0688713766182536,,,,,,,,,,,,,,,,,,,,,,,,,,,,,,,,,,,,,,,,,,,2018.0,1997-01-07,,,2024,3
Kyler Murray,ARI,QB,14056,weighted,237.646473509934,2.79450688883319,1.57470198675497,0.332521086737314,0.548339640491958,0.335413224560584,33.1783640807316,1.56531611755778,0.225974456007569,0.121455350888031,0.234602649006623,0.0344356883091268,,,,,,,,,,,,,,,,,,,,,,,,,,,,,,,,,,,,,,,,,,,2019.0,1997-08-07,,,2024,3
Caleb Williams,CHI,QB,16579,weighted,215.829798170924,21.6168176035166,1.02736991485336,0.194162537168207,0.647407757805109,0.358578959209996,24.9659460737938,9.32008240627735,0.163268684957427,0.100347737794816,0.188434247871334,0.0095154081851148,,,,,,,,,,,,,,,,,,,,,,,,,,,,,,,,,,,,,,,,,,,2024.0,2001-11-18,,,2024,3
Trevor Lawrence,JAC,QB,15237,weighted,229.043692841375,7.84168413722328,1.10801324503311,0.108084571028982,0.816012298959319,0.157564248158869,19.4938434247871,2.29165186040483,0.143230842005676,0.0775251129010175,0.307615894039735,0.0550090305188778,,,,,,,,,,,,,,,,,,,,,,,,,,,,,,,,,,,,,,,,,,,2021.0,1999-10-06,,,2024,3
Aaron Rodgers,NYJ,QB,7836,weighted,215.878330179754,22.0393166428429,1.33286660359508,0.401949694384169,0.463694418164617,0.329072266531514,6.52965862503942,1.61393348280116,0.0587606433301798,0.0479666582809606,0.192289498580889,0.0063436054567432,,,,,,,,,,,,,,,,,,,,,,,,,,,,,,,,,,,,,,,,,,,2005.0,1983-12-02,,,2024,3
Jayden Daniels,WAS,QB,16581,weighted,207.361698990855,14.459545970716,0.963282876064333,0.1435060573441,0.808462630085147,0.164427489436152,42.9154943235572,7.56488852363486,0.388377483443709,0.190860807259985,0.223084200567644,0.0633535125585284,,,,,,,,,,,,,,,,,,,,,,,,,,,,,,,,,,,,,,,,,,,2024.0,2000-12-18,,,2024,3
Justin Herbert,LAC,QB,14779,weighted,213.284377956481,11.9237774887172,1.09510406811731,0.142552047397952,0.504919583727531,0.326852428013501,13.4252160201829,3.23270156609479,0.0680321665089877,0.0530824297449328,0.242313150425733,0.0290023759806656,,,,,,,,,,,,,,,,,,,,,,,,,,,,,,,,,,,,,,,,,,,2020.0,1998-03-10,Q,Ankle,2024,3
Andy Dalton,CAR,QB,10313,weighted,205.767899159664,23.117852959675,0.964498599439776,0.253146535782584,0.796380952380952,0.143616445356105,8.61515182072829,1.93377649770784,0.0659439775910364,0.0433206854072268,0.180242763772176,0.0175693453424982,,,,,,,,,,,,,,,,,,,,,,,,,,,,,,,,,,,,,,,,,,,2011.0,1987-10-29,,,2024,3
Gardner Minshew,LVR,QB,14067,weighted,219.871430936613,8.16253229572188,1.1364995269631,0.173154242646533,0.82724692526017,0.156172199519331,8.79626852727846,3.22547217381343,0.0786613055818354,0.0705966011045411,0.219181646168401,0.0460067630253113,,,,,,,,,,,,,,,,,,,,,,,,,,,,,,,,,,,,,,,,,,,2019.0,1996-05-16,,,2024,3
Skylar Thompson,MIA,QB,15699,weighted,214.052538935574,6.93240573539159,1.07658263305322,0.143384202187617,1.0200056022409,0.0486374373087779,10.4913512605042,2.89539519530269,0.0530756302521008,0.0506826775892374,0.213292250233427,0.0641826853183982,,,,,,,,,,,,,,,,,,,,,,,,,,,,,,,,,,,,,,,,,,,2022.0,1997-06-04,,,2024,3
Will Levis,TEN,QB,16149,weighted,208.205142699464,6.29146613593613,1.0424550614948,0.139588767724619,0.847213812677389,0.130550729087536,14.7708711762851,2.93845562271092,0.0936092715231788,0.0479560299860307,0.322942289498581,0.103975940332589,,,,,,,,,,,,,,,,,,,,,,,,,,,,,,,,,,,,,,,,,,,2023.0,1999-06-27,,,2024,3
Anthony Richardson,IND,QB,16152,weighted,203.42871491643,8.67567682467456,1.14587038789026,0.17302759578121,0.874971617786187,0.140012670672878,37.174187953327,7.97132094141869,0.374659413434248,0.201261385946738,0.211518448438978,0.0554091517353825,,,,,,,,,,,,,,,,,,,,,,,,,,,,,,,,,,,,,,,,,,,2023.0,2002-05-22,,,2024,3
Deshaun Watson,CLE,QB,13113,weighted,203.486937086093,5.88859424700834,1.27184484389782,0.36189535038943,0.853344370860927,0.13642564063122,25.5776348155156,2.90209994221757,0.188774834437086,0.0966316323221804,0.188434247871334,0.0095154081851148,,,,,,,,,,,,,,,,,,,,,,,,,,,,,,,,,,,,,,,,,,,2017.0,1995-09-14,,,2024,3
Bo Nix,DEN,QB,16582,weighted,205.9949085462,6.14077163199299,0.98015610217597,0.103888201440213,0.918235572374645,0.139307533377727,20.018733837906,3.3041919586859,0.187190160832545,0.104873455140562,0.153831598864711,0.0264382185815778,,,,,,,,,,,,,,,,,,,,,,,,,,,,,,,,,,,,,,,,,,,2024.0,2000-02-25,,,2024,3
Daniel Jones,NYG,QB,14059,weighted,193.035974456008,11.5502131560747,0.974422894985809,0.148039897588975,0.789791863765374,0.182549833784965,29.942701829076,5.71706463471875,0.147734153263955,0.0836179395497774,0.17682119205298,0.0364171613223757,,,,,,,,,,,,,,,,,,,,,,,,,,,,,,,,,,,,,,,,,,,2019.0,1997-05-27,,,2024,3
Jacoby Brissett,NE,QB,12616,weighted,182.774486754967,29.9941137741429,0.94565752128666,0.183566970290468,0.749668874172185,0.207427166495149,13.9299621570483,2.36765054887767,0.0541532639545885,0.0586165192722658,0.149976348155156,0.0240196098241852,,,,,,,,,,,,,,,,,,,,,,,,,,,,,,,,,,,,,,,,,,,2016.0,1992-12-11,,,2024,3
Malik Willis,GB,QB,15694,weighted,134.966008963585,70.7740740859417,0.758218487394958,0.412173168757295,0.733927170868347,0.406037379185351,22.1125803921569,11.5927397801447,0.155949579831933,0.0857728773582047,0.201437908496732,0.0556162034150709,,,,,,,,,,,,,,,,,,,,,,,,,,,,,,,,,,,,,,,,,,,2022.0,1999-05-25,,,2024,3
Jordan Love,GB,QB,14782,weighted,149.732349323493,45.6489373448907,1.22146371463715,0.313460265777398,0.420848708487085,0.153527816182368,8.35725707257073,3.12173226237481,0.103544708399061,0.0066047762805696,0.165083025830258,0.0282269925537793,,,,,,,,,,,,,,,,,,,,,,,,,,,,,,,,,,,,,,,,,,,2020.0,1998-11-02,Q,Knee - MCL,2024,3
Justin Fields,PIT,QB,15238,weighted,163.4722713655,20.5307230899617,0.817540208136235,0.344340016581324,0.732346263008515,0.324991565194064,40.1188158309682,8.16340291886674,0.227847682119205,0.172260055456218,0.200047303689688,0.10611215866687,,,,,,,,,,,,,,,,,,,,,,,,,,,,,,,,,,,,,,,,,,,2021.0,1999-03-05,,,2024,3
Russell Wilson,PIT,QB,10703,weighted,77.9870848708487,87.7275028540711,0.498754612546126,0.561047983369059,0.181365313653137,0.20401744849784,9.52167896678967,10.7109160461366,0.0906826568265683,0.10200872424892,0.2,0.0,,,,,,,,,,,,,,,,,,,,,,,,,,,,,,,,,,,,,,,,,,,2012.0,1988-11-29,Q,Calf,2024,3
Joe Flacco,IND,QB,9064,weighted,43.9810885608856,49.4742312607261,0.317389298892989,0.35703053487122,0.226706642066421,0.2550218106223,0.453413284132841,0.510043621244599,0.0,0.0,0.1,0.0,,,,,,,,,,,,,,,,,,,,,,,,,,,,,,,,,,,,,,,,,,,2008.0,1985-01-16,,,2024,3
Jake Browning,CIN,QB,14358,weighted,61.0,1.0048638437045701e-14,0.4,,0.1,,5.0,0.0,0.1,0.0,0.0,0.0,,,,,,,,,,,,,,,,,,,,,,,,,,,,,,,,,,,,,,,,,,,2019.0,1970-01-01,,,2024,3
Sam Howell,SEA,QB,15693,weighted,59.0,0.0,0.3,,0.3,,4.0,0.0,0.1,0.0,0.0,0.0,,,,,,,,,,,,,,,,,,,,,,,,,,,,,,,,,,,,,,,,,,,2022.0,2000-09-16,,,2024,3
Aidan O'Connell,LVR,QB,16159,weighted,57.0,1.0048638437045701e-14,0.4,,0.3,,0.0,0.0,0.0,0.0,0.0,0.0,,,,,,,,,,,,,,,,,,,,,,,,,,,,,,,,,,,,,,,,,,,2023.0,1998-09-01,,,2024,3
Bryce Young,CAR,QB,16148,weighted,49.0,1.0048638437045701e-14,0.1,,0.2,,4.0,0.0,0.0,0.0,0.1,0.0,,,,,,,,,,,,,,,,,,,,,,,,,,,,,,,,,,,,,,,,,,,2023.0,2001-07-25,,,2024,3
Nick Mullens,MIN,QB,13968,weighted,45.0,0.0,0.1,,0.1,,2.0,0.0,0.0,0.0,0.0,0.0,,,,,,,,,,,,,,,,,,,,,,,,,,,,,,,,,,,,,,,,,,,2017.0,1995-03-21,,,2024,3
Tyrod Taylor,NYJ,QB,10413,weighted,14.5092250922509,16.3213958798272,0.136023985239852,0.15301308637338,0.0453413284132841,0.0510043621244599,3.62730627306273,4.0803489699568,0.0,0.0,0.1,0.0,,,,,,,,,,,,,,,,,,,,,,,,,,,,,,,,,,,,,,,,,,,2011.0,1989-08-03,,,2024,3
Michael Penix Jr.,ATL,QB,16583,weighted,11.0,0.0,0.0,,0.1,,2.0,0.0,0.0,0.0,0.1,0.0,,,,,,,,,,,,,,,,,,,,,,,,,,,,,,,,,,,,,,,,,,,2024.0,2000-05-08,,,2024,3
Drew Lock,NYG,QB,14057,weighted,10.0,0.0,0.0,,0.0,,2.0,0.0,0.0,0.0,0.0,0.0,,,,,,,,,,,,,,,,,,,,,,,,,,,,,,,,,,,,,,,,,,,2019.0,1996-11-10,,,2024,3
Drake Maye,NE,QB,16580,weighted,8.0,0.0,0.0,,0.3,,1.0,0.0,0.0,0.0,0.0,0.0,,,,,,,,,,,,,,,,,,,,,,,,,,,,,,,,,,,,,,,,,,,2024.0,2002-08-30,,,2024,3
Josh Johnson,BAL,QB,9207,weighted,2.59867549668874,4.24264068711928,0.0866225165562914,0.14142135623731,0.0,0.0,0.0,0.0,0.0,0.0,0.0,0.0,,,,,,,,,,,,,,,,,,,,,,,,,,,,,,,,,,,,,,,,,,,2008.0,1986-05-15,,,2024,3
Jameis Winston,CLE,QB,12140,weighted,1.73245033112583,2.82842712474619,0.0,0.0,0.0,0.0,0.433112582781457,0.707106781186548,0.0,0.0,0.0,0.0,,,,,,,,,,,,,,,,,,,,,,,,,,,,,,,,,,,,,,,,,,,2015.0,1994-01-06,,,2024,3
Jordan Mason,SF,RB,15972,weighted,,,,,,,89.9659649952696,8.42077732223943,0.786258278145695,0.12918985044729,0.0833538315988647,0.0217372607103743,,,,,1.609697256386,0.464056348254408,11.3495056764428,2.21150475947429,0.0695553453169347,0.0546540978569479,,,,,,,,,,,,,,,,,,,,,,,,,,,,,,,,,2022.0,1999-05-24,,,2024,3
Jonathan Taylor,IND,RB,14802,weighted,,,,,,,85.8111431725008,6.9411977359163,0.645979186376537,0.173297016194917,0.108323084200568,0.0108686303551872,,,,,1.6711967833491,0.411793048322585,13.9313883632923,1.17515054766318,0.0751655629139073,0.0387690423634292,,,,,,,,,,,,,,,,,,,,,,,,,,,,,,,,,2020.0,1999-01-19,,,2024,3
Josh Jacobs,GB,RB,14073,weighted,,,,,,,79.6261549984232,10.4991246564186,0.536149479659414,0.230666149994043,0.11655156102176,0.0443012440767949,,,,,2.21737464522233,0.468911483172213,14.0492762535478,2.40634758126112,0.059763481551561,0.0464045292467767,,,,,,,,,,,,,,,,,,,,,,,,,,,,,,,,,2019.0,1998-02-11,,,2024,3
Kyren Williams,LAR,RB,15710,weighted,,,,,,,72.8726434878587,10.127869685348,0.637478713339641,0.207698702444882,0.102774361400189,0.0036228767850623,,,,,2.68855250709555,0.350909585831699,19.4739072847682,4.39758398695977,0.0797350993377484,0.0411822130518819,,,,,,,,,,,,,,,,,,,,,,,,,,,,,,,,,2022.0,2000-08-26,,,2024,3
Bijan Robinson,ATL,RB,16161,weighted,,,,,,,73.7631456953642,4.743904189511,0.382076631977294,0.19492245681736,0.105548722800378,0.0072457535701247,,,,,4.04583727530747,0.63310522742545,31.515234153264,4.55589936962295,0.151617786187323,0.0928940602300962,,,,,,,,,,,,,,,,,,,,,,,,,,,,,,,,,2023.0,2002-01-30,,,2024,3
Breece Hall,NYJ,RB,15708,weighted,,,,,,,74.6599069694103,7.59935434504439,0.573207190160833,0.207145083914392,0.105548722800378,0.0072457535701247,,,,,4.40537369914853,0.571672939287683,32.6705763166194,4.23756181569998,0.165596026490066,0.0862557015206442,,,,,,,,,,,,,,,,,,,,,,,,,,,,,,,,,2022.0,2001-05-31,,,2024,3
James Cook,BUF,RB,15715,weighted,,,,,,,69.3429367707348,6.36468395957518,0.320889309366131,0.158251889339825,0.0916769157994324,0.0108686303551872,,,,,2.69493377483444,0.309435568939383,22.1209192683696,3.28920158618101,0.139394512771996,0.099488682208211,,,,,,,,,,,,,,,,,,,,,,,,,,,,,,,,,2022.0,1999-09-25,,,2024,3
Devon Achane,MIA,RB,16167,weighted,,,,,,,71.315903500473,6.63629959387597,0.445099337748344,0.215287357813112,0.066802270577105,0.0337249645328413,,,,,3.93442289498581,0.192599410429644,30.3695679596342,3.04246220954117,0.153576158940397,0.0783803871269669,,,,,,,,,,,,,,,,,,,,,,,,,,,,,,,,,2023.0,2001-10-13,,,2024,3
Saquon Barkley,PHI,RB,13604,weighted,,,,,,,74.9720774203721,2.97193918476975,0.661707663197729,0.184495818565552,0.108323084200568,0.0108686303551872,,,,,2.94389309366131,0.272911585998721,22.1987945443078,3.10379460834928,0.11526963103122,0.0664194119476365,,,,,,,,,,,,,,,,,,,,,,,,,,,,,,,,,2018.0,1997-02-09,,,2024,3
Derrick Henry,BAL,RB,12626,weighted,,,,,,,72.5771034374015,2.25853416810031,0.701523178807947,0.1921535782786,0.0612535477767266,0.0327460126926499,,,,,1.214394512772,0.236690155406525,11.5817518133081,2.29086977689254,0.0168543046357616,0.0316138960479785,,,,,,,,,,,,,,,,,,,,,,,,,,,,,,,,,2016.0,1994-01-04,,,2024,3
Alvin Kamara,NO,RB,13132,weighted,,,,,,,71.5000362661621,5.56571029837448,0.613453169347209,0.197686691984687,0.1,1.52209365118804e-17,,,,,4.25173131504257,0.371307680321825,33.4887369914853,4.86009197980388,0.168708609271523,0.0850688937959341,,,,,,,,,,,,,,,,,,,,,,,,,,,,,,,,,2017.0,1995-07-25,,,2024,3
Zach Charbonnet,SEA,RB,16169,weighted,,,,,,,61.4316414380322,17.1593245251947,0.484943235572375,0.307544143681313,0.0834484389782403,0.0443012440767949,,,,,3.18823084200568,0.725845292589091,21.6349440239672,4.08104246779817,0.0860264900662252,0.0415985754183547,,,,,,,,,,,,,,,,,,,,,,,,,,,,,,,,,2023.0,2001-01-08,,,2024,3
J.K. Dobbins,LAC,RB,14800,weighted,,,,,,,64.1740066225166,7.83606268456151,0.349720908230842,0.182526183964749,0.1,1.52209365118804e-17,,,,,2.12255912961211,0.467547279179207,14.2867455061495,2.06986955386682,0.0628429517502365,0.0474937238052702,,,,,,,,,,,,,,,,,,,,,,,,,,,,,,,,,2020.0,1998-12-17,,,2024,3
Tony Pollard,TEN,RB,14085,weighted,,,,,,,67.2035288552507,7.24465184995078,0.359210028382214,0.175725533006508,0.0612535477767266,0.0327460126926499,,,,,2.69809839167455,0.446502493063806,18.3580566067487,2.22118127529621,0.0628098391674551,0.0470875953856427,,,,,,,,,,,,,,,,,,,,,,,,,,,,,,,,,2019.0,1997-04-30,,,2024,3
Rhamondre Stevenson,NE,RB,15259,weighted,,,,,,,69.7643937243772,3.79177450596238,0.360345316934721,0.174319825695603,0.0889025543992431,0.0144915071402495,,,,,2.8617880794702,0.685565240245852,21.0415633869442,1.73201219484535,0.0797682119205298,0.0393473842183661,,,,,,,,,,,,,,,,,,,,,,,,,,,,,,,,,2021.0,1998-02-23,,,2024,3
James Conner,ARI,RB,13146,weighted,,,,,,,67.8856961526332,2.15082924416512,0.635085146641438,0.175963466247693,0.066802270577105,0.0337249645328413,,,,,2.2912582781457,0.392350301721452,16.0454028697572,1.22351128464058,0.0782450331125828,0.0385954372501467,,,,,,,,,,,,,,,,,,,,,,,,,,,,,,,,,2017.0,1995-05-05,,,2024,3
Zamir White,LVR,RB,15714,weighted,,,,,,,59.195302743614,8.21855748440622,0.315922421948912,0.157487608623311,0.0861281929990539,0.0181143839253119,,,,,1.80853358561968,0.5442650957624,11.9049763481552,3.40523832191784,0.013841059602649,0.0229599214033051,,,,,,,,,,,,,,,,,,,,,,,,,,,,,,,,,2022.0,1999-09-18,,,2024,3
Devin Singletary,NYG,RB,14080,weighted,,,,,,,64.4022146010722,3.93797572943311,0.330033112582782,0.15590657310279,0.11655156102176,0.0443012440767949,,,,,2.30855250709555,0.342527676351934,14.5948336486913,1.19129647425959,0.0566508987701041,0.0454430436546511,,,,,,,,,,,,,,,,,,,,,,,,,,,,,,,,,2019.0,1997-09-03,,,2024,3
D'Andre Swift,CHI,RB,14797,weighted,,,,,,,57.5353090507726,7.10557027812879,0.305676442762535,0.157609021776635,0.0612535477767266,0.0327460126926499,,,,,2.31093188268685,0.401741560653805,17.0828539892778,3.07589743719051,0.0587606433301798,0.0479666582809606,,,,,,,,,,,,,,,,,,,,,,,,,,,,,,,,,2020.0,1999-01-14,,,2024,3
Zack Moss,CIN,RB,14798,weighted,,,,,,,61.068165405235,3.6863676548827,0.545912961210975,0.218266512568002,0.0640279091769158,0.033041066172334,,,,,2.16427625354778,0.204086055078574,16.2177081362346,1.55252518213377,0.09980605487228,0.0637668099249561,,,,,,,,,,,,,,,,,,,,,,,,,,,,,,,,,2020.0,1970-01-01,,,2024,3
Cam Akers,HOU,RB,14799,weighted,,,,,,,57.4633932513403,4.26590241159255,0.319583727530747,0.167404982103985,0.066802270577105,0.0337249645328413,,,,,1.76312677388836,0.412642667649697,14.1673659728792,0.484081124720215,0.0417691579943236,0.0467265371814313,,,,,,,,,,,,,,,,,,,,,,,,,,,,,,,,,2020.0,1970-01-01,,,2024,3
Jahmyr Gibbs,DET,RB,16162,weighted,,,,,,,56.3741240933459,5.23875444178592,0.611934720908231,0.221594464626561,0.0916769157994324,0.0108686303551872,,,,,3.88682119205298,0.151450578506602,26.5959681488489,2.85425826350442,0.153207190160833,0.0897155851226669,,,,,,,,,,,,,,,,,,,,,,,,,,,,,,,,,2023.0,2002-03-20,,,2024,3
Chuba Hubbard,CAR,RB,15261,weighted,,,,,,,56.2102207505519,6.19508482151544,0.216736045411542,0.113575740071009,0.066802270577105,0.0337249645328413,,,,,2.29312204351939,0.349153728889768,15.6884673604541,1.28398987334954,0.018476821192053,0.0303794604530837,,,,,,,,,,,,,,,,,,,,,,,,,,,,,,,,,2021.0,1999-06-11,,,2024,3
Najee Harris,PIT,RB,15254,weighted,,,,,,,61.6349195837275,1.67674498172117,0.355808893093661,0.17422418617988,0.0889025543992431,0.0144915071402495,,,,,1.47138126773888,0.338197432327293,9.37662015137181,0.958503390468554,0.0566508987701041,0.0454430436546511,,,,,,,,,,,,,,,,,,,,,,,,,,,,,,,,,2021.0,1998-03-09,,,2024,3
Brian Robinson,WAS,RB,15716,weighted,,,,,,,57.5461400189215,4.49473926716499,0.264238410596026,0.128557828412332,0.0889025543992431,0.0144915071402495,,,,,2.17724692526017,0.407292186082092,16.8955905077263,2.43739399169114,0.0906669820245979,0.0629402045447674,,,,,,,,,,,,,,,,,,,,,,,,,,,,,,,,,2022.0,1999-03-22,,,2024,3
Jerome Ford,CLE,RB,15713,weighted,,,,,,,56.2671215704825,4.39067473089024,0.313041627246925,0.151827904071923,0.066802270577105,0.0337249645328413,,,,,2.66975875118259,0.337390707464494,16.8211155786818,1.17813610786409,0.0982166508987701,0.0670091366843197,,,,,,,,,,,,,,,,,,,,,,,,,,,,,,,,,2022.0,1999-09-12,,,2024,3
Javonte Williams,DEN,RB,15256,weighted,,,,,,,50.2330952380952,7.16681952367389,0.226982024597919,0.11396702750392,0.0861281929990539,0.0181143839253119,,,,,2.74965468306528,0.259990555617492,17.2786486912646,1.38270345088368,0.0736423841059603,0.0387408629789028,,,,,,,,,,,,,,,,,,,,,,,,,,,,,,,,,2021.0,2000-04-25,,,2024,3
Travis Etienne,JAC,RB,15253,weighted,,,,,,,58.8374306212551,1.85600922382238,0.389593188268685,0.199477413534288,0.133197729422895,0.0337249645328413,,,,,3.05969252601703,0.17539317365477,23.2345443077893,1.71733853374224,0.0673131504257332,0.0539633879284716,,,,,,,,,,,,,,,,,,,,,,,,,,,,,,,,,2021.0,1999-01-26,,,2024,3
Aaron Jones,MIN,RB,13319,weighted,,,,,,,54.2436944181646,2.6329977401447,0.274214758751183,0.146398344127799,0.11655156102176,0.0443012440767949,,,,,2.95675496688742,0.522292648686563,21.1077633238726,3.68743452139214,0.0813197729422895,0.0628173926462501,,,,,,,,,,,,,,,,,,,,,,,,,,,,,,,,,2017.0,1994-12-02,,,2024,3
David Montgomery,DET,RB,14071,weighted,,,,,,,55.0421665089877,1.56728337025391,0.677857142857143,0.176553872366221,0.0612535477767266,0.0327460126926499,,,,,1.37397350993378,0.401002899855344,10.427683695995,1.65970706148878,0.0581740775780511,0.0457479528816625,,,,,,,,,,,,,,,,,,,,,,,,,,,,,,,,,2019.0,1997-06-07,,,2024,3
Rachaad White,TB,RB,15721,weighted,,,,,,,52.5744110690634,2.06908519468198,0.25473036896878,0.132067912719685,0.102774361400189,0.0036228767850623,,,,,3.46044938505203,0.416398810611841,25.7661849574267,3.27005370761209,0.154900662251656,0.0791090325052222,,,,,,,,,,,,,,,,,,,,,,,,,,,,,,,,,2022.0,1999-01-12,,,2024,3
Kenneth Walker III,SEA,RB,15711,weighted,,,,,,,55.0,1.0048638437045701e-14,0.5,0.0,0.0,0.0,,,,,1.8,0.0,13.0,0.0,0.0,0.0,,,,,,,,,,,,,,,,,,,,,,,,,,,,,,,,,2022.0,2000-10-20,D,Oblique,2024,3
DOnta Foreman,CLE,RB,13134,weighted,,,,,,,45.5514884894355,6.4283649806721,0.178703878902554,0.126144149060941,0.0359720908230842,0.033041066172334,,,,,0.794522232734153,0.445026446296618,7.10313150425733,1.48525226348213,0.0107615894039735,0.0179538904109038,,,,,,,,,,,,,,,,,,,,,,,,,,,,,,,,,2017.0,1996-04-24,,,2024,3
Raheem Mostert,MIA,RB,12447,weighted,,,,,,,51.0,0.0,0.6,0.0,0.0,0.0,,,,,1.7,3.14019951157677e-16,13.0,0.0,0.2,0.0,,,,,,,,,,,,,,,,,,,,,,,,,,,,,,,,,,,D,Chest,2024,3
Gus Edwards,LAC,RB,13850,weighted,,,,,,,43.3711187322611,3.79195105607938,0.232436140018922,0.1189159670084,0.0861281929990539,0.0181143839253119,,,,,0.466594134342479,0.385273040834076,5.25066934720908,1.52145726976087,0.0123509933774834,0.0211997863269695,,,,,,,,,,,,,,,,,,,,,,,,,,,,,,,,,2018.0,1995-04-13,,,2024,3
Jamaal Williams,NO,RB,13139,weighted,,,,,,,34.125555029959,9.51133174460118,0.20418637653737,0.120389040732554,0.0,0.0,,,,,1.03872280037843,0.30585867558546,6.4980298013245,1.59743509717702,0.0122185430463576,0.0271468509890749,,,,,,,,,,,,,,,,,,,,,,,,,,,,,,,,,2017.0,,,,2024,3
Carson Steele,KC,RB,16612,weighted,,,,,,,38.0609322128852,13.2730261213157,0.252571428571429,0.140349125088377,0.0337871148459384,0.037437355290208,,,,,1.03379831932773,0.187900587490747,7.98876974789916,1.98971736992676,0.0310252100840336,0.0418136190054755,,,,,,,,,,,,,,,,,,,,,,,,,,,,,,,,,2024.0,2002-10-21,,,2024,3
Bucky Irving,TB,RB,16598,weighted,,,,,,,38.6125480920845,4.58690007673515,0.149285714285714,0.0961253357654367,0.0640279091769158,0.033041066172334,,,,,1.35601229895932,0.369349655593457,8.79604068117313,0.987745085743269,0.0153973509933775,0.0253162170442364,,,,,,,,,,,,,,,,,,,,,,,,,,,,,,,,,2024.0,2002-08-19,,,2024,3
Miles Sanders,CAR,RB,14079,weighted,,,,,,,34.6343140964995,8.35065242995396,0.106035950804163,0.0876557190067367,0.0359720908230842,0.033041066172334,,,,,1.38981078524125,0.336940385879235,9.01781772311574,1.69451044587419,0.0076490066225165,0.015540475053116,,,,,,,,,,,,,,,,,,,,,,,,,,,,,,,,,2019.0,1970-01-01,,,2024,3
Antonio Gibson,NE,RB,14852,weighted,,,,,,,32.5310296436455,6.44019981561976,0.152502365184484,0.0833665055048867,0.0612535477767266,0.0327460126926499,,,,,1.42552034058657,0.665667274915283,12.413743298644,4.813297503727,0.0261967833491012,0.039599913061759,,,,,,,,,,,,,,,,,,,,,,,,,,,,,,,,,2020.0,1970-01-01,,,2024,3
Tyler Allgeier,ATL,RB,15712,weighted,,,,,,,33.9313126773888,5.35961619102058,0.158079470198676,0.0764130918278421,0.0138718070009461,0.0181143839253119,,,,,1.0091059602649,0.0285796340797091,8.05601860611795,1.00227578301666,0.0511116367076632,0.0456042855266288,,,,,,,,,,,,,,,,,,,,,,,,,,,,,,,,,2022.0,2000-04-15,,,2024,3
Alexander Mattison,LVR,RB,14223,weighted,,,,,,,29.5482103437401,7.47182191707301,0.152407757805109,0.101477011278099,0.0640279091769158,0.033041066172334,,,,,2.02224692526017,0.620999388569282,12.8086187322611,2.742119408827,0.100070955534532,0.068256499884862,,,,,,,,,,,,,,,,,,,,,,,,,,,,,,,,,2019.0,,,,2024,3
Ezekiel Elliott,DAL,RB,12625,weighted,,,,,,,37.9919063386944,3.17082245029496,0.271792809839167,0.133926525868179,0.0584791863765374,0.0328502833036386,,,,,2.17637180700095,0.365542685290925,14.3616611479029,1.2376127313759,0.0688363292336802,0.0561898532513335,,,,,,,,,,,,,,,,,,,,,,,,,,,,,,,,,2016.0,1995-07-22,,,2024,3
Ty Chandler,MIN,RB,15723,weighted,,,,,,,35.7278823714916,2.95523435865483,0.185596026490066,0.099479170190291,0.0518472090823084,0.0343190584933973,,,,,1.514545884579,0.38016803084994,10.2454509618417,1.96801344543837,0.056717123935667,0.0470507670984818,,,,,,,,,,,,,,,,,,,,,,,,,,,,,,,,,2022.0,1998-05-12,,,2024,3
Justice Hill,BAL,RB,14086,weighted,,,,,,,15.8670403658152,10.780670630993,0.0782119205298013,0.0400074836690287,0.0,0.0,,,,,2.31763481551561,0.576852740598815,18.1812850835699,4.26977449307195,0.0696215704824976,0.0547129705854459,,,,,,,,,,,,,,,,,,,,,,,,,,,,,,,,,2019.0,1997-11-14,,,2024,3
Jaylen Warren,PIT,RB,15742,weighted,,,,,,,33.0580250709555,3.13029928675164,0.158145695364238,0.0769034852026394,0.0861281929990539,0.0181143839253119,,,,,2.66162251655629,0.330839683754337,16.8502412488174,0.946724011302458,0.0659555345316935,0.050221997639049,,,,,,,,,,,,,,,,,,,,,,,,,,,,,,,,,2022.0,1998-11-01,,,2024,3
Rico Dowdle,DAL,RB,14823,weighted,,,,,,,34.860499842321,1.10038186906669,0.154995269631031,0.0837016124809425,0.0083230842005676,0.0108686303551872,,,,,1.73466414380322,0.282320732825487,13.2525764742983,3.04596132712396,0.0721192052980133,0.0391118165846946,,,,,,,,,,,,,,,,,,,,,,,,,,,,,,,,,2020.0,1998-06-14,,,2024,3
Samaje Perine,KC,RB,13133,weighted,,,,,,,27.8787472406181,4.8148415814768,0.166613055818354,0.107231200276339,0.0683987701040681,0.0278332729486799,,,,,2.74187795648061,0.456537747925837,22.1466351308735,2.35309696873781,0.0981456953642384,0.0578976068327409,,,,,,,,,,,,,,,,,,,,,,,,,,,,,,,,,2017.0,1995-09-16,,,2024,3
Khalil Herbert,CHI,RB,15271,weighted,,,,,,,24.2741887417219,6.00318333804114,0.141631977294229,0.100772012607317,0.0110974456007569,0.0144915071402495,,,,,0.811144749290445,0.513069568435018,5.33845868811101,1.99641473082065,0.0107615894039735,0.0179538904109038,,,,,,,,,,,,,,,,,,,,,,,,,,,,,,,,,2021.0,1970-01-01,,,2024,3
Tyjae Spears,TEN,RB,16165,weighted,,,,,,,29.343289183223,4.12266396220838,0.13077578051088,0.0778411681278161,0.0110974456007569,0.0144915071402495,,,,,2.51391674550615,0.364670447134876,19.4100622831914,2.42862316813568,0.0844701986754967,0.0402373491571784,,,,,,,,,,,,,,,,,,,,,,,,,,,,,,,,,2023.0,2001-06-15,Q,Ankle,2024,3
Jaleel McLaughlin,DEN,RB,16390,weighted,,,,,,,27.6470750551876,3.70870151840286,0.13496215704825,0.0750115764381457,0.0415208136234626,0.0328502833036386,,,,,2.22614001892148,0.416937861940909,12.8767116051719,1.77658594716632,0.0705960264900662,0.0398707642564245,,,,,,,,,,,,,,,,,,,,,,,,,,,,,,,,,2023.0,2000-09-13,,,2024,3
Tank Bigsby,JAC,RB,16164,weighted,,,,,,,27.8219481236203,4.77070206037327,0.147894985808893,0.0957894314061366,0.0,0.0,,,,,0.788675496688742,0.312815149363046,4.26201592557553,2.03011688336789,0.0046026490066225,0.0081565411708486,,,,,,,,,,,,,,,,,,,,,,,,,,,,,,,,,2023.0,2002-08-30,Q,Shoulder,2024,3
Braelon Allen,NYJ,RB,16596,weighted,,,,,,,26.1687125512457,3.6340060936703,0.158699148533586,0.0984667731653737,0.0110974456007569,0.0144915071402495,,,,,1.23769157994324,0.221990015145894,10.0301702932829,1.03949926338762,0.0494891201513718,0.0481944543544325,,,,,,,,,,,,,,,,,,,,,,,,,,,,,,,,,2024.0,2004-01-20,,,2024,3
Chase Brown,CIN,RB,16181,weighted,,,,,,,25.3720766319773,2.38271022746633,0.107658467360454,0.0863921867037629,0.0083230842005676,0.0108686303551872,,,,,1.56490066225166,0.401892497315024,12.3872855566068,1.77934607293437,0.0581740775780511,0.0457479528816625,,,,,,,,,,,,,,,,,,,,,,,,,,,,,,,,,2023.0,2000-03-21,,,2024,3
Austin Ekeler,WAS,RB,13404,weighted,,,,,,,26.6023312835068,2.1551570744026,0.135378429517502,0.0825581282975727,0.0861281929990539,0.0181143839253119,,,,,2.88924787133396,0.216595270098668,22.9233837906023,3.06590827806264,0.0796972563859981,0.0613999957980876,,,,,,,,,,,,,,,,,,,,,,,,,,,,,,,,,,,,,2024,3
Dare Ogunbowale,HOU,RB,13148,weighted,,,,,,,20.2428744875434,5.98928326488477,0.0881078524124882,0.0985589292899691,0.0055487228003784,0.0072457535701247,,,,,1.8746215704825,0.273657728560846,13.3379746136865,3.24726756181903,0.0572043519394513,0.0480829229624347,,,,,,,,,,,,,,,,,,,,,,,,,,,,,,,,,2017.0,1994-05-04,,,2024,3
Trey Benson,ARI,RB,16594,weighted,,,,,,,18.619119362977,4.84974454444241,0.0765846736045412,0.0594254492179488,0.0083230842005676,0.0108686303551872,,,,,0.923826868495743,0.126522260475956,6.29195600756859,0.820148569478521,0.0107615894039735,0.0179538904109038,,,,,,,,,,,,,,,,,,,,,,,,,,,,,,,,,2024.0,2002-07-23,,,2024,3
Trey Sermon,IND,RB,15257,weighted,,,,,,,11.6519181646168,6.78336666239398,0.0340539262062441,0.0432269110418779,0.0,0.0,,,,,0.542563859981079,0.389008496864785,3.59834515925576,1.17066700744064,0.0046026490066225,0.0081565411708486,,,,,,,,,,,,,,,,,,,,,,,,,,,,,,,,,2021.0,1999-01-30,,,2024,3
Emanuel Wilson,GB,RB,16432,weighted,,,,,,,20.1937275307474,3.65219640934053,0.110212866603595,0.0699564997748838,0.0,0.0,,,,,0.776404919583728,0.450197634028384,6.04000946073794,1.26860665474953,0.012317880794702,0.0202529736353892,,,,,,,,,,,,,,,,,,,,,,,,,,,,,,,,,2023.0,1999-05-08,,,2024,3
Ray Davis,BUF,RB,16603,weighted,,,,,,,21.0357087669505,1.61750407782034,0.0772705771050142,0.0622008029024899,0.0,0.0,,,,,1.00188268684957,0.227475396670439,6.94773099968464,1.86499360333304,0.015364238410596,0.0259845522233507,,,,,,,,,,,,,,,,,,,,,,,,,,,,,,,,,2024.0,1999-11-20,,,2024,3
Blake Corum,LAR,RB,16593,weighted,,,,,,,14.8300864553314,4.60058815212852,0.0828933717579251,0.0451073925600091,0.0056685878962536,0.0081608694488973,,,,,0.186526801152738,0.152620479576222,1.3896507204611,1.15834682348409,0.0022755043227665,0.0042709796411568,,,,,,,,,,,,,,,,,,,,,,,,,,,,,,,,,2024.0,2000-11-25,,,2024,3
Isaac Guerendo,SF,RB,16688,weighted,,,,,,,15.3559654178674,3.48794383457853,0.0791008645533141,0.0441477663051624,0.0028342939481268,0.0040804347244486,,,,,0.449613832853026,0.448782113749174,4.23376368876081,4.23352099791071,0.0263112391930836,0.0415807716171724,,,,,,,,,,,,,,,,,,,,,,,,,,,,,,,,,2024.0,2000-06-28,,,2024,3
Kenny McIntosh,SEA,RB,16170,weighted,,,,,,,8.16984438040346,7.30418241854063,0.0350719036590078,0.0445254118200844,0.0,0.0,,,,,0.490962536023055,0.338595149429018,3.87040345821326,3.20752683454177,0.0039228586626019,0.0086085043275617,,,,,,,,,,,,,,,,,,,,,,,,,,,,,,,,,2023.0,2000-03-03,,,2024,3
Kenneth Gainwell,PHI,RB,15255,weighted,,,,,,,11.1251600441501,5.04306561235887,0.0587606433301798,0.0479666582809606,0.0166461684011353,0.0217372607103743,,,,,0.836277199621571,0.500766579998513,6.34792336802271,2.52304971616965,0.0318353831598865,0.0421466190363022,,,,,,,,,,,,,,,,,,,,,,,,,,,,,,,,,2021.0,1999-03-14,,,2024,3
Jeffery Wilson,MIA,RB,14017,weighted,,,,,,,13.872226173542,6.13476570586026,0.0719630156472262,0.0518500959471832,0.0,0.0,,,,,0.764061166429587,0.512558814510791,4.97310099573257,2.89113780172294,0.0050062446657183,0.0094992893222748,,,,,,,,,,,,,,,,,,,,,,,,,,,,,,,,,2018.0,1970-01-01,,,2024,3
Jaylen Wright,MIA,RB,16610,weighted,,,,,,,10.4477041942605,5.44235606573701,0.052081362346263,0.046562203229628,0.0,0.0,,,,,0.73294701986755,0.297347408925073,3.95546909492274,2.00020229942782,0.0139403973509934,0.02751103622356,,,,,,,,,,,,,,,,,,,,,,,,,,,,,,,,,2024.0,2003-04-01,,,2024,3
Roschon Johnson,CHI,RB,16175,weighted,,,,,,,5.88644956772334,5.64912542725188,0.0282881844380403,0.0420013385802162,0.0085028818443804,0.012241304173346,,,,,0.492760806916426,0.586654668167946,3.69189048991354,3.14983606338159,0.0094409221902017,0.0170890116967664,,,,,,,,,,,,,,,,,,,,,,,,,,,,,,,,,2023.0,2001-01-31,,,2024,3
Cordarrelle Patterson,PIT,RB,11225,weighted,,,,,,,9.12217439293598,3.25976212206897,0.0448155156102176,0.0502563068555092,0.0,0.0,,,0.06,7.6104682559402e-18,0.376546830652791,0.330764045736298,3.57880242825607,1.92985692666108,0.0066888385422718,0.0155593207889917,,,,,,,,,,,,,,,,,,,,,,,,,,,,,,,,,2013.0,1991-03-17,,,2024,3
Emari Demercado,ARI,RB,16385,weighted,,,,,,,7.14689214758751,4.53496005577101,0.0123841059602649,0.023722655179184,0.0166461684011353,0.0217372607103743,,,,,1.02473509933775,0.0445796803882139,6.92339325134027,1.02241432675959,0.016953642384106,0.0280406657339854,,,,,,,,,,,,,,,,,,,,,,,,,,,,,,,,,2023.0,1999-01-20,,,2024,3
Tyrone Tracy,NYG,RB,16747,weighted,,,,,,,9.88475165562914,2.83319681083735,0.0402128666035951,0.0461618492459227,0.0,0.0,,,,,0.745047303689688,0.3911053984537,6.22540602333649,1.02870212889654,0.0123841059602649,0.023722655179184,,,,,,,,,,,,,,,,,,,,,,,,,,,,,,,,,2024.0,1999-11-23,,,2024,3
Ty Johnson,BUF,RB,14095,weighted,,,,,,,6.54389388205613,3.60528883575407,0.0092715231788079,0.0164141579872729,0.0,0.0,,,,,0.861944181646168,0.525675439956709,9.17738489435509,1.46598633669267,0.0434578997161779,0.0521731551902325,,,,,,,,,,,,,,,,,,,,,,,,,,,,,,,,,2019.0,1997-09-17,,,2024,3
Deuce Vaughn,DAL,RB,16176,weighted,,,,,,,7.72361383285303,3.76569003782612,0.0508933717579251,0.0468127935577471,0.0,0.0,,,,,0.414340057636888,0.25155817319408,3.20162536023055,0.749306888754515,0.0067314812680115,0.0127133354915203,,,,,,,,,,,,,,,,,,,,,,,,,,,,,,,,,2023.0,2001-11-02,,,2024,3
Keaontay Ingram,KC,RB,15734,weighted,,,,,,,11.4740533333333,1.11015764646288,0.0914133333333333,0.014142135623731,0.0,0.0,,,,,0.560106666666667,0.0989949493661167,3.60232,0.82731493398826,0.0171733333333333,0.0282842712474619,,,,,,,,,,,,,,,,,,,,,,,,,,,,,,,,,2022.0,1999-10-26,,,2024,3
Ronnie Rivers,LAR,RB,15726,weighted,,,,,,,7.14278934090192,2.65082951535697,0.050558183538316,0.0475866519925552,0.0,0.0,,,,,0.685316934720908,0.29317216463611,3.97071665089877,1.68715781321098,0.004823624814164,0.0117224399061753,,,,,,,,,,,,,,,,,,,,,,,,,,,,,,,,,2022.0,1999-01-31,,,2024,3
Ameer Abdullah,LVR,RB,12155,weighted,,,,,,,4.88929682997118,2.77996379430333,0.0113469437281966,0.0260158824745308,0.0,0.0,,,,,0.524599423631124,0.496273965896467,3.8280288184438,2.57853759989976,0.0093198847262247,0.0169496818277974,,,,,,,,,,,,,,,,,,,,,,,,,,,,,,,,,2015.0,1993-06-13,,,2024,3
D'Ernest Johnson,JAC,RB,14331,weighted,,,,,,,5.11877773527161,2.54555687485563,0.0074762561725296,0.0054699033920522,0.0,0.0,,,,,0.252916985462892,0.108672080956523,3.19474751338944,2.62715342717736,0.0041483558084672,0.0043366249183254,,,,,,,,,,,,,,,,,,,,,,,,,,,,,,,,,2019.0,,,,2024,3
Craig Reynolds,DET,RB,14727,weighted,,,,,,,4.23013874788494,3.40433604055482,0.0060853156829567,0.0053290922172298,0.0,0.0,,,,,0.426517766497462,0.0665277460684496,4.18521150592217,1.58418513254997,0.0046238199587621,0.0050430876490843,,,,,,,,,,,,,,,,,,,,,,,,,,,,,,,,,2019.0,1996-06-15,,,2024,3
Patrick Ricard,BAL,RB,13455,weighted,,,,,,,4.65100154083205,4.7729707730092,0.0049614791987673,0.0070710678118654,0.0751926040061633,0.0353553390593274,,,,,0.310693374422188,0.127279220613579,3.32302003081664,2.39002092041053,0.055346687211094,0.0636396103067893,,,,,,,,,,,,,,,,,,,,,,,,,,,,,,,,,2017.0,1994-05-27,,,2024,3
Avery Williams,ATL,RB,15454,weighted,,,,,,,3.79984591679507,4.56083873865323,0.0,0.0,0.0,0.0,,,,,0.266040061633282,0.190918830920368,1.42942989214176,0.81317279836453,0.0049614791987673,0.0070710678118654,,,,,,,,,,,,,,,,,,,,,,,,,,,,,,,,,2021.0,1998-07-15,,,2024,3
Jeremy McNichols,WAS,RB,13143,weighted,,,,,,,3.89593231810491,2.7895856883097,0.0,0.0,0.0,0.0,,,,,0.117813874788494,0.0203640429835845,0.966598984771574,0.104172855021335,0.0,0.0,,,,,,,,,,,,,,,,,,,,,,,,,,,,,,,,,2017.0,1995-12-26,,,2024,3
British Brooks,HOU,RB,16816,weighted,,,,,,,4.57383667180277,3.45775216000222,0.0099229583975346,0.014142135623731,0.150385208012327,0.0707106781186548,,,,,0.316425269645609,0.261629509039023,1.43935285053929,0.799030662740799,0.0049614791987673,0.0070710678118654,,,,,,,,,,,,,,,,,,,,,,,,,,,,,,,,,2024.0,1999-11-18,,,2024,3
Jase McClellan,ATL,RB,16605,weighted,,,,,,,3.66533970276008,2.25950975743744,0.0158599122223279,0.0284025034706488,0.0,0.0,,,,,0.358351026185421,0.165526093101256,2.51311924982307,1.39471259999928,0.0158982209777854,0.0283886174325176,,,,,,,,,,,,,,,,,,,,,,,,,,,,,,,,,2024.0,2002-06-25,,,2024,3
Blake Watson,DEN,RB,16803,weighted,,,,,,,3.9186737804878,2.93449314192417,0.010030487804878,0.014142135623731,0.0,0.0,,,,,0.553948170731707,0.487903679018718,3.26974085365854,2.43951839509359,0.005015243902439,0.0070710678118654,,,,,,,,,,,,,,,,,,,,,,,,,,,,,,,,,2024.0,1999-10-14,,,2024,3
Patrick Taylor,SF,RB,14817,weighted,,,,,,,5.32047034764826,0.595248057789271,0.013241308793456,0.0152298956023043,0.0044614860259032,0.0051079633363127,,,,,0.253271983640082,0.13348906446836,1.78430470347648,1.06263331646675,0.0066564417177914,0.0057780327561863,,,,,,,,,,,,,,,,,,,,,,,,,,,,,,,,,2020.0,,,,2024,3
Trayveon Williams,CIN,RB,14076,weighted,,,,,,,6.0,0.0,0.0,0.0,0.0,0.0,,,,,0.5,0.0,2.0,0.0,0.0,0.0,,,,,,,,,,,,,,,,,,,,,,,,,,,,,,,,,2019.0,1970-01-01,,,2024,3
Eric Gray,NYG,RB,16173,weighted,,,,,,,3.50537752161383,1.42386726208516,0.0075446685878962,0.0128818567644675,0.0,0.0,,,,,0.209383285302594,0.223537488398172,1.52067435158501,0.937223265939141,0.0,0.0,,,,,,,,,,,,,,,,,,,,,,,,,,,,,,,,,2023.0,1999-11-04,,,2024,3
Kyle Juszczyk,SF,RB,11367,weighted,,,,,,,3.86911806543385,1.8450572270775,0.0373115220483642,0.0499056078169388,0.0,0.0,,,,,1.69157894736842,0.979224886564238,15.8202987197724,8.98376913346393,0.065149359886202,0.0477069425525687,,,,,,,,,,,,,,,,,,,,,,,,,,,,,,,,,2013.0,1991-04-23,,,2024,3
Raheem Blackshear,CAR,RB,15973,weighted,,,,,,,3.04907012195122,2.75064537881567,0.0554144817073171,0.0628617928474841,0.0,0.0,,,,,0.349542682926829,0.212132034355964,2.73615853658537,1.7819090885901,0.005015243902439,0.0070710678118654,,,,,,,,,,,,,,,,,,,,,,,,,,,,,,,,,2022.0,1998-06-05,,,2024,3
Tyler Goodson,IND,RB,15730,weighted,,,,,,,2.45904207492795,1.53874986869463,0.0070212368513898,0.0083095638933903,0.0,0.0,,,,,0.470731988472622,0.307456083028618,2.42801152737752,0.931060435778047,0.0037521613832853,0.0054225604278454,,,,,,,,,,,,,,,,,,,,,,,,,,,,,,,,,2022.0,2000-11-10,,,2024,3
Kimani Vidal,LAC,RB,16757,weighted,,,,,,,3.73298815566836,1.09638671532755,0.0135220831727843,0.0152221478599597,0.0665989847715736,0.0288381317587795,,,,,0.16214551607445,0.0328531022174165,0.966598984771574,0.104172855021335,0.0,0.0,,,,,,,,,,,,,,,,,,,,,,,,,,,,,,,,,2024.0,2001-08-28,,,2024,3
Jordan Mims,NO,RB,16424,weighted,,,,,,,3.1971472392638,2.32511285515767,0.0201840490797546,0.0347205964172135,0.0,0.0,,,,,0.282678936605317,0.0961069408382464,1.54733128834356,0.862142337073956,0.0075610890572998,0.0107724221600157,,,,,,,,,,,,,,,,,,,,,,,,,,,,,,,,,2023.0,1999-06-16,,,2024,3
Tyler Badie,DEN,RB,15718,weighted,,,,,,,4.9,,0.0,,0.0,,,,,,0.2,,1.7,,0.0,,,,,,,,,,,,,,,,,,,,,,,,,,,,,,,,,,2022.0,1999-02-07,,,2024,3
Will Shipley,PHI,RB,16601,weighted,,,,,,,3.56801353637902,0.436567631054667,0.0129374509637108,0.0154293382351697,0.0,0.0,,,,,0.211133671742809,0.0347242850071116,1.38522504230118,0.457165338736946,0.0081686198324664,0.0105007642738492,,,,,,,,,,,,,,,,,,,,,,,,,,,,,,,,,2024.0,2002-08-29,,,2024,3
Sione Vaki,DET,RB,16678,weighted,,,,,,,2.11161290322581,2.18495995386643,0.0,0.0,0.0,0.0,,,,,0.276451612903226,0.190918830920368,2.06655913978495,1.52027957955108,0.0130167873601053,0.0042209945611646,,,,,,,,,,,,,,,,,,,,,,,,,,,,,,,,,2024.0,2001-07-30,,,2024,3
Alec Ingold,MIA,RB,14420,weighted,,,,,,,2.22427112349118,0.962004271516852,0.0333519034354689,0.0543875530897724,0.0,0.0,,,,,0.39753017641597,0.249088495105257,3.14148560817085,2.35032329435938,0.0029897864438254,0.0056331278799019,,,,,,,,,,,,,,,,,,,,,,,,,,,,,,,,,2019.0,1996-07-09,,,2024,3
Isaiah Davis,NYJ,RB,16752,weighted,,,,,,,2.55,0.494974746830583,0.0137931034482759,0.008777877283695,0.0,0.0,,,,,0.1525,0.0247487373415292,1.0725,0.222738636073762,0.0,0.0,,,,,,,,,,,,,,,,,,,,,,,,,,,,,,,,,2024.0,2002-02-21,,,2024,3
Hassan Haskins,LAC,RB,15720,weighted,,,,,,,2.51376344086021,0.162634559672906,0.0072521362279733,0.0038447250840181,0.0,0.0,,,,,0.36247311827957,0.332340187157677,2.48559139784946,2.55265548008344,0.010713269964823,0.012993702336421,,,,,,,,,,,,,,,,,,,,,,,,,,,,,,,,,2022.0,1999-11-26,,,2024,3
DeeJay Dallas,ARI,RB,14815,weighted,,,,,,,1.0321063394683,1.32721599058011,0.0,0.0,0.0,0.0,,,,,0.170501022494888,0.104682882427416,0.982791411042945,1.04268793635301,0.0,0.0,,,,,,,,,,,,,,,,,,,,,,,,,,,,,,,,,2020.0,1998-09-16,,,2024,3
JaMycal Hasty,NE,RB,14821,weighted,,,,,,,1.58143649579189,0.533930059523639,0.0035717790492664,0.0043693609266183,0.0,0.0,,,,,0.140315608263198,0.0479206349212885,1.14771231828615,0.320446056218799,0.0034891892657768,0.0044073899411616,,,,,,,,,,,,,,,,,,,,,,,,,,,,,,,,,2020.0,1970-01-01,,,2024,3
Sean Tucker,TB,RB,16166,weighted,,,,,,,1.48097461928934,0.549829160556782,0.0,0.0,0.0,0.0,,,,,0.113360406091371,0.0152730322376884,0.650003384094755,0.554837364423826,0.0,0.0,,,,,,,,,,,,,,,,,,,,,,,,,,,,,,,,,2023.0,2001-10-25,,,2024,3
Julius Chestnut,TEN,RB,15965,weighted,,,,,,,2.0,0.0,0.0,0.0,0.0,0.0,,,,,0.4,0.0,4.0,0.0,0.0,0.0,,,,,,,,,,,,,,,,,,,,,,,,,,,,,,,,,2022.0,2000-10-26,,,2024,3
C.J. Ham,MIN,RB,12923,weighted,,,,,,,1.25081664098613,1.06773123959169,0.0,0.0,0.0751926040061633,0.0353553390593274,,,,,0.412234206471495,0.410121933088197,2.44209553158706,2.22031529292576,0.0049614791987673,0.0070710678118654,,,,,,,,,,,,,,,,,,,,,,,,,,,,,,,,,2016.0,1993-07-22,,,2024,3
Mike Boone,CAR,RB,13868,weighted,,,,,,,1.35226502311248,0.502045814642449,0.0049614791987673,0.0070710678118654,0.0,0.0,,,,,0.160308166409861,0.0565685424949238,0.935500770416025,0.0919238815542512,0.0,0.0,,,,,,,,,,,,,,,,,,,,,,,,,,,,,,,,,2018.0,1970-01-01,,,2024,3
Adam Prentice,NO,RB,15650,weighted,,,,,,,0.80874651810585,0.658672233252762,0.0029897864438254,0.0056331278799019,0.0,0.0,,,,,0.29355617455896,0.0862031051706604,1.88560817084494,0.747698841346187,0.0059795728876508,0.011266255759804,,,,,,,,,,,,,,,,,,,,,,,,,,,,,,,,,2021.0,1997-01-16,,,2024,3
Cody Schrader,LAR,RB,16600,weighted,,,,,,,1.29,,0.0,,0.0,,,,,,0.19,,0.37,,0.0,,,,,,,,,,,,,,,,,,,,,,,,,,,,,,,,,,2024.0,1999-09-08,,,2024,3
Dylan Laube,LVR,RB,16613,weighted,,,,,,,1.05789509306261,0.151937005442048,0.0041939847486461,0.0051953583197675,0.0,0.0,,,,,0.118016920473773,0.120007535274511,0.870653130287648,0.864574299490732,0.0044534686971235,0.0050910107458961,,,,,,,,,,,,,,,,,,,,,,,,,,,,,,,,,2024.0,1999-12-14,,,2024,3
Michael Burton,DEN,RB,12325,weighted,,,,,,,1.1,,0.01,,0.0,,,,,,0.34,,2.26,,0.01,,,,,,,,,,,,,,,,,,,,,,,,,,,,,,,,,,2015.0,1992-02-01,,,2024,3
Hunter Luepke,DAL,RB,16391,weighted,,,,,,,0.756887519260401,0.346482322781408,0.100770416024653,0.14142135623731,0.0,0.0,,,,,0.114884437596302,0.0212132034355964,0.436610169491525,0.622253967444162,0.0049614791987673,0.0070710678118654,,,,,,,,,,,,,,,,,,,,,,,,,,,,,,,,,2023.0,2000-02-28,,,2024,3
Khari Blasingame,CHI,RB,14552,weighted,,,,,,,0.54,,0.0,,0.0,,,,,,0.12,,0.88,,0.01,,,,,,,,,,,,,,,,,,,,,,,,,,,,,,,,,,2019.0,1970-01-01,O,Hand,2024,3
Myles Gaskin,MIN,RB,14081,weighted,,,,,,,0.49,,0.0,,0.0,,,,,,0.12,,0.78,,0.01,,,,,,,,,,,,,,,,,,,,,,,,,,,,,,,,,,2019.0,1970-01-01,,,2024,3
Reggie Gilliam,BUF,RB,15103,weighted,,,,,,,0.0,0.0,0.0,0.0,0.0,0.0,,,,,0.289306625577812,0.127279220613579,1.89306625577812,1.27279220613579,0.0099229583975346,0.014142135623731,,,,,,,,,,,,,,,,,,,,,,,,,,,,,,,,,2020.0,1997-08-20,,,2024,3
CeeDee Lamb,DAL,WR,14832,weighted,,,,,,,4.38619993692841,1.35213331750311,0.0278524124881741,0.0409243898384842,0.0889025543992431,0.0144915071402495,,,,,6.79099810785241,0.410462618974726,91.0029383475244,4.71148177199431,0.735458845789972,0.227090210214889,,,,,,,,,,,,,,,,,,,,,,,,,,,,,,,,,2020.0,1999-04-08,,,2024,3
Justin Jefferson,MIN,WR,14836,weighted,,,,,,,0.394031851151056,0.38181957123529,0.0,0.0,0.0612535477767266,0.0327460126926499,,,,,6.32322138126774,0.465242517072155,90.0436084831284,3.76217488228376,0.694801324503311,0.269215743031256,,,,,,,,,,,,,,,,,,,,,,,,,,,,,,,,,2020.0,1999-06-16,,,2024,3
Tyreek Hill,MIA,WR,12801,weighted,,,,,,,1.91273573005361,0.230593034850271,0.0046026490066225,0.0081565411708486,0.0584791863765374,0.0328502833036386,,,,,5.70411542100284,0.422074742228519,78.3279170608641,6.72489199674137,0.377540208136235,0.200484922516019,,,,,,,,,,,,,,,,,,,,,,,,,,,,,,,,,2016.0,1994-03-01,,,2024,3
Brandon Aiyuk,SF,WR,14840,weighted,,,,,,,1.46489025543992,1.15485128222086,0.0066680515859184,0.0155388966943712,0.0916769157994324,0.0108686303551872,,,,,5.52087038789026,0.571329650363827,81.1931748659729,7.01200797890058,0.389560075685904,0.200835543661868,,,,,,,,,,,,,,,,,,,,,,,,,,,,,,,,,2020.0,1970-01-01,,,2024,3
Amon-Ra St. Brown,DET,WR,15287,weighted,,,,,,,1.61988489435509,0.555071542070997,0.0022813720495839,0.0040626770261379,0.0612535477767266,0.0327460126926499,,,,,7.00294228949858,0.0576413468695815,84.288312046673,2.56019510738216,0.406518448438978,0.198708471294303,,,,,,,,,,,,,,,,,,,,,,,,,,,,,,,,,2021.0,1999-10-24,,,2024,3
Nico Collins,HOU,WR,15290,weighted,,,,,,,0.218660359508042,0.239979058716206,0.0,0.0,0.0640279091769158,0.033041066172334,,,,,5.48801797540208,0.371048543528296,81.8119307789341,3.08737085129028,0.666173131504257,0.282056500097691,,,,,,,,,,,,,,,,,,,,,,,,,,,,,,,,,2021.0,1999-03-19,,,2024,3
Ja'Marr Chase,CIN,WR,15281,weighted,,,,,,,0.519075212866604,0.423286480341822,0.0,0.0,0.0612535477767266,0.0327460126926499,,,,,6.73832071901608,0.306958070153614,84.0343803216651,1.28946016864487,0.723736991485336,0.252925663954869,,,,,,,,,,,,,,,,,,,,,,,,,,,,,,,,,2021.0,2000-03-01,,,2024,3
DeVonta Smith,PHI,WR,15282,weighted,,,,,,,0.133817407757805,0.160041733356828,0.0,0.0,0.0916769157994324,0.0108686303551872,,,,,5.97131031220435,0.309104042059256,77.7728910438348,1.87069303845666,0.437138126773888,0.217790332959482,,,,,,,,,,,,,,,,,,,,,,,,,,,,,,,,,2021.0,1998-11-14,,,2024,3
Rashee Rice,KC,WR,16194,weighted,,,,,,,0.731802270577105,0.439999601775983,0.0017825607064017,0.0038756333547239,0.0889025543992431,0.0144915071402495,,,,,6.26377010406812,0.703702707456651,68.7744891201514,6.68722339176813,0.641717123935667,0.304872833403647,,,,,,,,,,,,,,,,,,,,,,,,,,,,,,,,,2023.0,2000-04-22,,,2024,3
D.J. Moore,CHI,WR,13635,weighted,,,,,,,1.88687716808578,0.562278030529936,0.0191493494028766,0.0383919005584575,0.0612535477767266,0.0327460126926499,,,,,5.19194418164617,0.486636298305721,67.6630313781142,6.0150604170105,0.316187322611164,0.15381056886424,,,,,,,,,,,,,,,,,,,,,,,,,,,,,,,,,2018.0,1997-04-14,,,2024,3
Marvin Harrison Jr.,ARI,WR,16614,weighted,,,,,,,0.3510302743614,0.343092122461902,0.0,0.0,0.0490728476821192,0.0339167636570582,,,,,5.29943235572375,0.426183226242343,72.6225867234311,1.71184343333992,0.593287606433302,0.211800614216531,,,,,,,,,,,,,,,,,,,,,,,,,,,,,,,,,2024.0,2002-08-11,,,2024,3
Chris Olave,NO,WR,15754,weighted,,,,,,,1.18315830968149,0.582740574080417,0.0031343351019196,0.00784433194205,0.0612535477767266,0.0327460126926499,,,,,5.37206244087039,0.37395663400388,70.5335201829076,2.07152181167626,0.525056764427625,0.240252428984573,,,,,,,,,,,,,,,,,,,,,,,,,,,,,,,,,2022.0,2000-06-27,,,2024,3
George Pickens,PIT,WR,15762,weighted,,,,,,,1.01288710186061,1.04106453227966,0.0031796180407882,0.007827326722096,0.0612535477767266,0.0327460126926499,,,,,4.22637653736991,0.422171158746361,64.1388174077578,4.88703570613761,0.296144749290445,0.150099546178572,,,,,,,,,,,,,,,,,,,,,,,,,,,,,,,,,2022.0,2001-03-04,,,2024,3
Davante Adams,LVR,WR,11675,weighted,,,,,,,0.102651844843898,0.109280439370417,0.0,0.0,0.0612535477767266,0.0327460126926499,,,,,5.65224692526017,0.402735619374812,68.4996121097446,6.57636058341697,0.429872280037843,0.207884103037908,,,,,,,,,,,,,,,,,,,,,,,,,,,,,,,,,2014.0,1992-12-24,,,2024,3
Chris Godwin,TB,WR,13163,weighted,,,,,,,1.05289735099338,0.65846986375013,0.0,0.0,0.0889025543992431,0.0144915071402495,,,,,5.9961825922422,0.587912337197393,66.716238568275,3.59010356535247,0.368169347209082,0.188227777768967,,,,,,,,,,,,,,,,,,,,,,,,,,,,,,,,,2017.0,1996-02-27,,,2024,3
Garrett Wilson,NYJ,WR,15753,weighted,,,,,,,1.5844087038789,1.09370327107867,0.0035651214128035,0.0077512667094478,0.0861281929990539,0.0181143839253119,,,,,5.48742194891202,0.323527203343361,67.3542218543046,3.71901131563018,0.622748344370861,0.349465309913276,,,,,,,,,,,,,,,,,,,,,,,,,,,,,,,,,2022.0,2000-07-22,,,2024,3
Malik Nabers,NYG,WR,16615,weighted,,,,,,,0.723285714285714,0.216225370831739,0.0021880264900662,0.0037820352765591,0.0490728476821192,0.0339167636570582,,,,,5.22972563859981,0.382192610390714,65.583807158625,3.26069502563104,0.348197729422895,0.183167113045996,,,,,,,,,,,,,,,,,,,,,,,,,,,,,,,,,2024.0,2003-07-28,,,2024,3
Zay Flowers,BAL,WR,16190,weighted,,,,,,,4.31233443708609,1.17871493052962,0.0091721854304635,0.0193801660422912,0.0916769157994324,0.0108686303551872,,,,,5.31473509933775,0.397999554915286,63.3610122989593,3.79201832920632,0.337748344370861,0.159035177968335,,,,,,,,,,,,,,,,,,,,,,,,,,,,,,,,,2023.0,2000-09-11,,,2024,3
Mike Evans,TB,WR,11671,weighted,,,,,,,0.10042573320719,0.105741552705231,0.0,0.0,0.0490728476821192,0.0339167636570582,,,,,4.69617786187323,0.325657416866814,66.2968456322927,2.2372752747239,0.713864711447493,0.2390574993003,,,,,,,,,,,,,,,,,,,,,,,,,,,,,,,,,2014.0,1993-08-21,,,2024,3
Amari Cooper,CLE,WR,12175,weighted,,,,,,,0.10042573320719,0.105741552705231,0.0,0.0,0.0612535477767266,0.0327460126926499,,,,,4.13949858088931,0.15585468359303,59.5155715862504,5.60119144160436,0.318330179754021,0.155495988182116,,,,,,,,,,,,,,,,,,,,,,,,,,,,,,,,,2015.0,1994-06-18,,,2024,3
DK Metcalf,SEA,WR,14102,weighted,,,,,,,0.512725638599811,0.464215408037622,0.0021456953642384,0.0037791831368609,0.0612535477767266,0.0327460126926499,,,,,4.78336802270577,0.255537408453778,65.9023825291706,1.76649640210513,0.389829706717124,0.187777587437863,,,,,,,,,,,,,,,,,,,,,,,,,,,,,,,,,2019.0,1997-12-14,,,2024,3
Jaylen Waddle,MIA,WR,15284,weighted,,,,,,,1.85,0.941343475245265,0.0047778923750588,0.0117379869774684,0.04629848628193,0.0338990620882605,,,,,4.40847682119205,0.358352674371093,57.7132757805109,5.42750317860455,0.219389782403027,0.115407301736707,,,,,,,,,,,,,,,,,,,,,,,,,,,,,,,,,2021.0,1998-11-25,,,2024,3
Drake London,ATL,WR,15751,weighted,,,,,,,0.205303689687796,0.218560878740835,0.0,0.0,0.0889025543992431,0.0144915071402495,,,,,4.72192052980133,0.564988314867079,60.7372918637654,5.23335079524998,0.291896877956481,0.160247466161022,,,,,,,,,,,,,,,,,,,,,,,,,,,,,,,,,2022.0,2001-07-24,,,2024,3
Tee Higgins,CIN,WR,14835,weighted,,,,,,,0.326543046357616,0.341529434885798,0.0,0.0,0.0490728476821192,0.0339167636570582,,,,,3.67850993377483,0.90085261037969,50.7625512456638,12.7478832758808,0.299356669820246,0.158729038515663,,,,,,,,,,,,,,,,,,,,,,,,,,,,,,,,,2020.0,1999-01-18,,,2024,3
Jameson Williams,DET,WR,15756,weighted,,,,,,,3.11116051718701,0.91315452076551,0.0196717649532219,0.0383285542273263,0.066802270577105,0.0337249645328413,,,,,3.86412015137181,0.461368430440948,58.1445719016083,5.73346313833471,0.329446546830653,0.16865631900119,,,,,,,,,,,,,,,,,,,,,,,,,,,,,,,,,2022.0,2001-03-26,,,2024,3
Michael Pittman,IND,WR,14842,weighted,,,,,,,0.0959735099337748,0.0987199459082752,0.0,0.0,0.0612535477767266,0.0327460126926499,,,,,5.40984389782403,0.478581519891368,59.0470135603911,2.70418776700259,0.259337748344371,0.12487838973688,,,,,,,,,,,,,,,,,,,,,,,,,,,,,,,,,2020.0,1997-10-05,Q,Back,2024,3
Jaxon Smith-Njigba,SEA,WR,16185,weighted,,,,,,,0.644316934720908,0.443691354649541,0.0021456953642384,0.0037791831368609,0.0640279091769158,0.033041066172334,,,,,4.96149006622517,0.0633908449212308,56.6591982024598,3.79659086802276,0.254829706717124,0.132158562023823,,,,,,,,,,,,,,,,,,,,,,,,,,,,,,,,,2023.0,2002-02-14,,,2024,3
Rashid Shaheed,NO,WR,16080,weighted,,,,,,,3.24448517817723,1.08286869846337,0.0107284768211921,0.019861973367314,0.0640279091769158,0.033041066172334,,,0.06,7.6104682559402e-18,3.6959697256386,0.399610719073689,57.7988174077578,2.86329884222594,0.361840113528855,0.18084778758541,,,,,,,,,,,,,,,,,,,,,,,,,,,,,,,,,2022.0,1998-08-31,,,2024,3
Stefon Diggs,HOU,WR,12186,weighted,,,,,,,0.530613371176285,0.384688167371227,0.0,0.0,0.0612535477767266,0.0327460126926499,,,,,4.97718543046358,0.61264721363624,57.6817959634185,2.19130292509055,0.391215704824976,0.198878499533904,,,,,,,,,,,,,,,,,,,,,,,,,,,,,,,,,2015.0,1993-11-29,,,2024,3
Diontae Johnson,CAR,WR,14208,weighted,,,,,,,0.24305298013245,0.229110166557547,0.0,0.0,0.0612535477767266,0.0327460126926499,,,,,4.08979659413434,0.0978525503632181,51.3097910753705,5.26360434436908,0.211542100283822,0.108251641187172,,,,,,,,,,,,,,,,,,,,,,,,,,,,,,,,,2019.0,,,,2024,3
Terry McLaurin,WAS,WR,14109,weighted,,,,,,,0.324316934720908,0.341639507644883,0.0,0.0,0.0138718070009461,0.0181143839253119,,,,,4.36545884578997,0.389244737555044,56.3722508672343,1.55257630571741,0.206835383159887,0.105668642163162,,,,,,,,,,,,,,,,,,,,,,,,,,,,,,,,,2019.0,1995-09-15,,,2024,3
Calvin Ridley,TEN,WR,13629,weighted,,,,,,,2.14845238095238,0.620194200153134,0.0406103931523326,0.0763239650457047,0.0138718070009461,0.0181143839253119,,,,,4.12832544938505,0.504950695748726,55.6401710816777,1.94837560317029,0.300690633869442,0.147677457767617,,,,,,,,,,,,,,,,,,,,,,,,,,,,,,,,,2018.0,1994-12-20,,,2024,3
Jauan Jennings,SF,WR,14860,weighted,,,,,,,1.37206906338694,0.459267522113629,0.0037966712218367,0.0076280471219536,0.0,0.0,,,,,3.72107852412488,0.30192381896927,48.9941343424787,4.63189124212877,0.236840113528855,0.120194717800762,,,,,,,,,,,,,,,,,,,,,,,,,,,,,,,,,2020.0,1997-07-10,,,2024,3
Josh Palmer,LAC,WR,15319,weighted,,,,,,,0.322090823084201,0.341791594930481,0.0,0.0,0.04629848628193,0.0338990620882605,,,,,3.43348628192999,1.01151347525697,45.700357931252,8.36566915803362,0.158793755912961,0.0926995427523133,,,,,,,,,,,,,,,,,,,,,,,,,,,,,,,,,2021.0,1999-09-22,Q,Elbow,2024,3
Demarcus Robinson,LAR,WR,12785,weighted,,,,,,,1.0122421948912,0.741935733302416,0.0018156732891832,0.0039083923711391,0.0368968779564806,0.0328987096880197,,,,,4.22345789971618,0.468740402565561,51.7814545884579,3.45388444821695,0.281267738883633,0.155685427662445,,,,,,,,,,,,,,,,,,,,,,,,,,,,,,,,,2016.0,1994-09-21,,,2024,3
Ladd McConkey,LAC,WR,16627,weighted,,,,,,,0.821073793755913,1.07208876137273,0.0,0.0,0.0,0.0,,,,,3.68791863765374,0.936065882309761,44.4331590980763,12.4976645997264,0.22565752128666,0.115039439442812,,,,,,,,,,,,,,,,,,,,,,,,,,,,,,,,,2024.0,2001-11-11,,,2024,3
Nathaniel Dell,HOU,WR,16204,weighted,,,,,,,7.46803689687796,1.54285842745027,0.012317880794702,0.0202529736353892,0.0612535477767266,0.0327460126926499,,,,,4.04046357615894,0.103372865679417,51.9977830337433,3.35203384345546,0.259470198675497,0.122561075045953,,,,,,,,,,,,,,,,,,,,,,,,,,,,,,,,,2023.0,1999-10-29,,,2024,3
Courtland Sutton,DEN,WR,13630,weighted,,,,,,,0.0915212866603595,0.0917875320247115,0.0,0.0,0.0739474929044466,0.0218120571926654,,,,,3.68704824976348,0.367628684215096,47.1187708924629,3.32538516979063,0.242715231788079,0.120252278772977,,,,,,,,,,,,,,,,,,,,,,,,,,,,,,,,,2018.0,1995-10-10,,,2024,3
Brian Thomas Jr.,JAC,WR,16618,weighted,,,,,,,0.247599810785241,0.287086617487589,0.0,0.0,0.0138718070009461,0.0181143839253119,,,,,3.93935193945128,0.668272034100636,48.5764664143803,3.10372023381909,0.227180700094607,0.115016834399781,,,,,,,,,,,,,,,,,,,,,,,,,,,,,,,,,2024.0,2002-10-08,,,2024,3
Gabriel Davis,JAC,WR,14845,weighted,,,,,,,0.122592242194891,0.0941696205056841,0.0,0.0,0.0889025543992431,0.0144915071402495,,,,,3.19925260170293,0.609492033028702,45.7332812992747,6.32342460172382,0.181948912015137,0.127746914304989,,,,,,,,,,,,,,,,,,,,,,,,,,,,,,,,,2020.0,1970-01-01,,,2024,3
Quentin Johnston,LAC,WR,16188,weighted,,,,,,,0.333221381267739,0.341451632544478,0.0,0.0,0.0,0.0,,,,,3.59229422894986,0.421118728150705,43.9434523809524,5.0170150591733,0.188457899716178,0.0997461524417906,,,,,,,,,,,,,,,,,,,,,,,,,,,,,,,,,2023.0,2001-09-06,,,2024,3
Christian Kirk,JAC,WR,13633,weighted,,,,,,,0.400255439924314,0.328752394793597,0.0,0.0,0.0861281929990539,0.0181143839253119,,,,,3.88197256385998,0.659187060089529,48.719601072217,1.06110637862288,0.201362346263009,0.103489308343281,,,,,,,,,,,,,,,,,,,,,,,,,,,,,,,,,2018.0,1996-11-18,,,2024,3
Rome Odunze,CHI,WR,16616,weighted,,,,,,,0.328769157994324,0.341461417284363,0.0,0.0,0.0138718070009461,0.0181143839253119,,,,,3.24333491012299,0.670159940052834,41.5587409334595,8.27506319477711,0.196177861873226,0.145472223741442,,,,,,,,,,,,,,,,,,,,,,,,,,,,,,,,,2024.0,2002-06-03,,,2024,3
Darnell Mooney,ATL,WR,14974,weighted,,,,,,,0.687888678650268,0.71029224397608,0.0,0.0,0.0,0.0,,,,,2.85768684957427,0.364697612225887,40.6747697887102,5.64844182767143,0.182890255439924,0.108470796648625,,,,,,,,,,,,,,,,,,,,,,,,,,,,,,,,,2020.0,1997-10-29,,,2024,3
Tyler Lockett,SEA,WR,12187,weighted,,,,,,,0.965280037842952,0.968088007413621,0.0042913907284768,0.0075583662737219,0.0490728476821192,0.0339167636570582,,,,,3.99253547776727,0.205255515076282,45.1789372437717,3.310878016003,0.213585619678335,0.134630653586869,,,,,,,,,,,,,,,,,,,,,,,,,,,,,,,,,2015.0,1992-09-28,,,2024,3
Khalil Shakir,BUF,WR,15761,weighted,,,,,,,1.2020403658152,0.512083399884049,0.001602121124868,0.0039093912453787,0.0,0.0,,,,,3.88461684011353,0.669807534919708,45.9718740145065,2.55699936333032,0.265733207190161,0.131797521441999,,,,,,,,,,,,,,,,,,,,,,,,,,,,,,,,,2022.0,2000-02-03,,,2024,3
Xavier Worthy,KC,WR,16620,weighted,,,,,,,4.47206401766004,1.90209455971243,0.0261967833491012,0.039599913061759,0.0,0.0,,,,,3.49010406811731,0.545561612310595,44.6550709555345,5.3675482604015,0.274351939451277,0.135237793677689,,,,,,,,,,,,,,,,,,,,,,,,,,,,,,,,,2024.0,2003-04-27,,,2024,3
Xavier Worthy,KC,WR,16620,weighted,,,,,,,4.47206401766004,1.90209455971243,0.0261967833491012,0.039599913061759,0.0,0.0,,,,,3.49010406811731,0.545561612310595,44.6550709555345,5.3675482604015,0.274351939451277,0.135237793677689,,,,,,,,,,,,,,,,,,,,,,,,,,,,,,,,,2024.0,2003-04-27,,,2024,3
Adam Thielen,CAR,WR,11938,weighted,,,,,,,0.118234626300851,0.134438032551749,0.0,0.0,0.04629848628193,0.0338990620882605,,,,,3.89018921475875,0.581634901894646,42.4628673919899,4.81642502568447,0.184172185430464,0.0918404036824147,,,,,,,,,,,,,,,,,,,,,,,,,,,,,,,,,2014.0,1990-08-22,,,2024,3
Alec Pierce,IND,WR,15768,weighted,,,,,,,0.140515610217597,0.160184325533432,0.0,0.0,0.0,0.0,,,,,2.58165562913907,0.757904130945438,35.2922950173447,6.15956664578021,0.189049195837275,0.123486113113212,,,,,,,,,,,,,,,,,,,,,,,,,,,,,,,,,2022.0,2000-05-02,,,2024,3
DeAndre Hopkins,TEN,WR,11232,weighted,,,,,,,0.109330179754021,0.119989529358103,0.0,0.0,0.0110974456007569,0.0144915071402495,,,,,2.93114474929044,0.622483425777988,39.1479619993693,5.86362343337065,0.193514664143803,0.0988706532553425,,,,,,,,,,,,,,,,,,,,,,,,,,,,,,,,,2013.0,1992-06-06,,,2024,3
Jerry Jeudy,CLE,WR,14833,weighted,,,,,,,0.247599810785241,0.287086617487589,0.0,0.0,0.0612535477767266,0.0327460126926499,,,,,3.83737464522233,0.224068110201613,45.4130605487228,2.03107687007381,0.216901608325449,0.112886572740281,,,,,,,,,,,,,,,,,,,,,,,,,,,,,,,,,2020.0,1999-04-24,,,2024,3
Keon Coleman,BUF,WR,16617,weighted,,,,,,,0.104877956480606,0.112835702595981,0.0,0.0,0.079496215704825,0.0167881650133196,,,,,3.28614474929044,0.469836818771571,41.1437306843267,4.88039040432992,0.245761589403974,0.119511354247248,,,,,,,,,,,,,,,,,,,,,,,,,,,,,,,,,2024.0,2003-05-17,,,2024,3
Tyler Johnson,LAR,WR,14864,weighted,,,,,,,0.851361344537815,0.665213903018321,0.0018431372549019,0.0043422528117862,0.0,0.0,,,,,3.34943417366947,0.76936965118184,39.6597579831933,9.97892771760742,0.187131652661064,0.0469409099014442,,,,,,,,,,,,,,,,,,,,,,,,,,,,,,,,,2020.0,1970-01-01,,,2024,3
Jayden Reed,GB,WR,16184,weighted,,,,,,,7.55227924944812,2.75602085573793,0.0479564806054872,0.0777140290399674,0.04629848628193,0.0338990620882605,,,,,3.52257805108799,0.338808555448669,41.9847035635446,4.61479153612256,0.2240302743614,0.130922374450238,,,,,,,,,,,,,,,,,,,,,,,,,,,,,,,,,2023.0,2000-04-28,,,2024,3
Jalen Nailor,MIN,WR,15786,weighted,,,,,,,0.0,0.0,0.0,0.0,0.0,0.0,,,,,3.30310785241249,0.415794906739927,38.9259870703248,4.66128517343989,0.218226111636708,0.156403527326628,,,,,,,,,,,,,,,,,,,,,,,,,,,,,,,,,2022.0,1999-03-02,,,2024,3
Mike Williams,NYJ,WR,13154,weighted,,,,,,,0.0870690633869442,0.0849661456915467,0.0,0.0,0.0138718070009461,0.0181143839253119,,,,,2.73892620624409,0.440561311772638,36.2892423525702,5.08763163190816,0.196631977294229,0.119530864190079,,,,,,,,,,,,,,,,,,,,,,,,,,,,,,,,,2017.0,1994-10-04,,,2024,3
Romeo Doubs,GB,WR,15779,weighted,,,,,,,0.0959735099337748,0.0987199459082752,0.0,0.0,0.0490728476821192,0.0339167636570582,,,,,3.18553926206244,0.803484175996731,37.0314656259855,5.84785941392053,0.192223273415326,0.103148044498491,,,,,,,,,,,,,,,,,,,,,,,,,,,,,,,,,2022.0,2000-04-13,,,2024,3
Tutu Atwell,LAR,WR,15301,weighted,,,,,,,2.23408546199937,0.81636396180519,0.0046357615894039,0.0082070789936364,0.0368968779564806,0.0328987096880197,,,,,2.47858088930937,0.771060494402395,34.7070923998739,9.94037458149746,0.110468306527909,0.0748452198525106,,,,,,,,,,,,,,,,,,,,,,,,,,,,,,,,,2021.0,1999-10-07,,,2024,3
Jordan Whittington,LAR,WR,16633,weighted,,,,,,,1.62762535477767,1.34552112291292,0.0036313465783664,0.0078167847422783,0.0,0.0,,,,,2.68054399243141,0.721129312788916,32.292096341848,10.9297188240858,0.136447492904447,0.100820988929952,,,,,,,,,,,,,,,,,,,,,,,,,,,,,,,,,2024.0,2000-10-01,,,2024,3
Jakobi Meyers,LVR,WR,14127,weighted,,,,,,,1.94949700409965,0.409786842956092,0.0204141644948051,0.0382179071839519,0.0490728476821192,0.0339167636570582,,,,,3.4796357615894,0.343079148663079,39.3485674865973,2.13094668141041,0.190567644276254,0.0976817432726805,,,,,,,,,,,,,,,,,,,,,,,,,,,,,,,,,2019.0,1996-11-09,,,2024,3
Josh Reynolds,DEN,WR,13168,weighted,,,,,,,0.124912961210974,0.145370072680062,0.0,0.0,0.0,0.0,,,,,2.84748344370861,0.255249088192395,36.88752286345,3.37428105144072,0.147313150425733,0.0793923242325426,,,,,,,,,,,,,,,,,,,,,,,,,,,,,,,,,2017.0,1995-02-16,,,2024,3
Brandin Cooks,DAL,WR,11674,weighted,,,,,,,1.67553847366761,0.708656982397046,0.0017225544463114,0.0038808202408665,0.0490728476821192,0.0339167636570582,,,,,3.44556764427625,0.338211903704997,39.5740121412804,1.69775779928296,0.28120151371807,0.154726221236841,,,,,,,,,,,,,,,,,,,,,,,,,,,,,,,,,2014.0,1993-09-25,,,2024,3
Jalen Tolbert,DAL,WR,15788,weighted,,,,,,,0.178590350047304,0.176722687043887,0.0,0.0,0.0,0.0,,,,,2.47637180700095,0.46605559425132,31.9485067801955,6.00170198916899,0.127894985808893,0.0770062727035149,,,,,,,,,,,,,,,,,,,,,,,,,,,,,,,,,2022.0,1999-02-27,,,2024,3
Wan'Dale Robinson,NYG,WR,15757,weighted,,,,,,,3.1096412803532,0.40327392575333,0.0061258278145695,0.0117679993014181,0.0612535477767266,0.0327460126926499,,,,,3.80340113528855,0.235636933935862,35.9850346893724,3.72464398145757,0.170562913907285,0.0848956562422396,,,,,,,,,,,,,,,,,,,,,,,,,,,,,,,,,2022.0,2001-01-05,,,2024,3
Josh Downs,IND,WR,16187,weighted,,,,,,,0.406155156102176,0.430035390867217,0.0,0.0,0.0166461684011353,0.0217372607103743,,,,,2.80924787133396,0.656423072460035,34.5790531378114,4.23060885245909,0.161121097445601,0.0881627513979553,,,,,,,,,,,,,,,,,,,,,,,,,,,,,,,,,2023.0,2001-08-12,,,2024,3
Tyler Boyd,TEN,WR,12650,weighted,,,,,,,0.187494796594134,0.190482733414142,0.0,0.0,0.0640279091769158,0.033041066172334,,,,,3.11040681173132,0.456993958480484,32.1442596972564,3.40913517842042,0.127861873226112,0.0755244855252359,,,,,,,,,,,,,,,,,,,,,,,,,,,,,,,,,2016.0,1994-11-15,,,2024,3
Jahan Dotson,PHI,WR,15755,weighted,,,,,,,0.183042573320719,0.183575064049423,0.0,0.0,0.0166461684011353,0.0217372607103743,,,,,2.83294228949858,0.48719186902184,33.1711140018921,2.50969465019244,0.130875118259224,0.0764848392427527,,,,,,,,,,,,,,,,,,,,,,,,,,,,,,,,,2022.0,2000-03-22,,,2024,3
Curtis Samuel,BUF,WR,13157,weighted,,,,,,,2.28382765689057,0.786043090996944,0.0061920529801324,0.011861327589592,0.0083230842005676,0.0108686303551872,,,,,2.46796121097446,0.516926015712052,27.7753011668243,5.36536882966479,0.135279091769158,0.0883208776620036,,,,,,,,,,,,,,,,,,,,,,,,,,,,,,,,,2017.0,1996-08-11,,,2024,3
Christian Watson,GB,WR,15789,weighted,,,,,,,1.13769315673289,0.98083157089674,0.0180621255124566,0.038990952549254,0.0166461684011353,0.0217372607103743,,,,,2.57317407757805,0.41458521753429,31.1950709555345,3.6303513051647,0.23980605487228,0.142500930558076,,,,,,,,,,,,,,,,,,,,,,,,,,,,,,,,,2022.0,1999-05-12,,,2024,3
Justin Watson,KC,WR,13776,weighted,,,,,,,0.0,0.0,0.0,0.0,0.0,0.0,,,,,1.88211447492904,0.465398609513755,25.4952380952381,6.8944207481555,0.130676442762535,0.0832786475627895,,,,,,,,,,,,,,,,,,,,,,,,,,,,,,,,,2018.0,,,,2024,3
Xavier Legette,CAR,WR,16639,weighted,,,,,,,0.81831977294229,0.662333396797677,0.0,0.0,0.0,0.0,,,,,2.56815988647115,0.453650972660784,32.624798170924,6.53975482211033,0.115506149479659,0.0950421051296442,,,,,,,,,,,,,,,,,,,,,,,,,,,,,,,,,2024.0,2001-01-29,,,2024,3
Allen Lazard,NYJ,WR,13632,weighted,,,,,,,0.171912015137181,0.166562708192276,0.0,0.0,0.0,0.0,,,,,2.52640491958373,0.41664950132732,30.0183751182592,5.41633731534382,0.172057710501419,0.131106284180038,,,,,,,,,,,,,,,,,,,,,,,,,,,,,,,,,2018.0,1995-12-11,,,2024,3
Dyami Brown,WAS,WR,15292,weighted,,,,,,,0.550434247871334,0.711200033361799,0.0,0.0,0.0,0.0,,,,,1.89848628192999,0.925756762913225,23.4484713024283,8.57867787315033,0.0968921475875118,0.0624889031988132,,,,,,,,,,,,,,,,,,,,,,,,,,,,,,,,,2021.0,1999-11-01,,,2024,3
K.J. Osborn,NE,WR,14977,weighted,,,,,,,0.104877956480606,0.112835702595981,0.0,0.0,0.0,0.0,,,,,2.31008987701041,0.566831470335489,27.8607986439609,6.46603024216798,0.0998675496688742,0.0532843769166467,,,,,,,,,,,,,,,,,,,,,,,,,,,,,,,,,2020.0,1997-06-10,,,2024,3
Rashod Bateman,BAL,WR,15293,weighted,,,,,,,0.104877956480606,0.112835702595981,0.0,0.0,0.0,0.0,,,,,2.58210501419111,0.35272896924939,34.6730692210659,1.33774244610584,0.153472090823084,0.0830253850747368,,,,,,,,,,,,,,,,,,,,,,,,,,,,,,,,,2021.0,1999-11-29,,,2024,3
Darius Slayton,NYG,WR,14122,weighted,,,,,,,0.0937473982970672,0.0952413667070708,0.0,0.0,0.0,0.0,,,,,2.40429044465468,0.360255255000838,32.1836660359508,2.15862914986135,0.0968211920529801,0.0510609069490242,,,,,,,,,,,,,,,,,,,,,,,,,,,,,,,,,2019.0,1997-01-12,,,2024,3
Demario Douglas,NE,WR,16342,weighted,,,,,,,1.67546278776411,0.258546789258609,0.001745040054424,0.0038781675734604,0.0110974456007569,0.0144915071402495,,,,,2.79210028382214,0.293181128864292,32.3276710816777,3.52847401358121,0.110733207190161,0.0643085969204893,,,,,,,,,,,,,,,,,,,,,,,,,,,,,,,,,2023.0,2000-12-08,,,2024,3
Noah Brown,WAS,WR,13172,weighted,,,,,,,0.0777636887608069,0.080902624191752,0.0,0.0,0.0,0.0,,,,,1.41531412103746,0.543852134261454,18.4372564841499,10.2523366123965,0.0922939481268011,0.0522257794210626,,,,,,,,,,,,,,,,,,,,,,,,,,,,,,,,,2017.0,,,,2024,3
Michael Wilson,ARI,WR,16206,weighted,,,,,,,0.754290444654683,1.09370636018596,0.0,0.0,0.0,0.0,,,,,2.74003311258278,0.229226707230867,34.2340216020183,0.694361819876012,0.185865657521287,0.0955364294347933,,,,,,,,,,,,,,,,,,,,,,,,,,,,,,,,,2023.0,2000-02-23,,,2024,3
Ray-Ray McCloud,ATL,WR,13641,weighted,,,,,,,2.09405471460107,0.813864351070918,0.0030794701986755,0.0050632434088472,0.0,0.0,,,,,2.77652790917692,0.846334661993523,26.9705715862504,5.66589759623566,0.121532639545885,0.0984873197170255,,,,,,,,,,,,,,,,,,,,,,,,,,,,,,,,,2018.0,1996-10-15,,,2024,3
Elijah Moore,CLE,WR,15288,weighted,,,,,,,1.07009460737938,0.624154663760605,0.0,0.0,0.0368968779564806,0.0328987096880197,,,,,3.09414380321665,0.206930766930762,32.0908680227058,1.60769656704466,0.127724692526017,0.105100138112344,,,,,,,,,,,,,,,,,,,,,,,,,,,,,,,,,2021.0,2000-03-27,,,2024,3
Andrei Iosivas,CIN,WR,16207,weighted,,,,,,,0.218660359508042,0.239979058716206,0.0,0.0,0.0,0.0,,,,,2.68061967833491,0.449531039312717,32.1269473352255,1.48758985771565,0.24445600756859,0.190701369291223,,,,,,,,,,,,,,,,,,,,,,,,,,,,,,,,,2023.0,1999-10-15,,,2024,3
Adonai Mitchell,IND,WR,16626,weighted,,,,,,,0.0959735099337748,0.0987199459082752,0.0,0.0,0.0,0.0,,,,,2.05373226111637,0.828261265083647,23.3063284452854,7.92626670936094,0.130122989593188,0.0987421741604383,,,,,,,,,,,,,,,,,,,,,,,,,,,,,,,,,2024.0,2002-10-08,,,2024,3
Jalen McMillan,TB,WR,16628,weighted,,,,,,,0.54297729422895,0.380690964074575,0.0,0.0,0.0,0.0,,,,,2.34018921475875,0.366959671426873,27.7312401450647,2.3557681913869,0.159668874172185,0.0768103346797999,,,,,,,,,,,,,,,,,,,,,,,,,,,,,,,,,2024.0,2001-12-07,,,2024,3
Jonathan Mingo,CAR,WR,16197,weighted,,,,,,,1.04823054755043,0.794539028667587,0.0022351585014409,0.0042383342850201,0.0376753121998079,0.0370244577659858,,,,,2.06752737752161,0.406474087091205,25.6224207492795,5.80652018548042,0.0696541786743516,0.0618117717939483,,,,,,,,,,,,,,,,,,,,,,,,,,,,,,,,,2023.0,2001-04-20,,,2024,3
DeAndre Carter,CHI,WR,12394,weighted,,,,,,,2.54817211948791,2.50664786612056,0.0070199146514936,0.0147048563182134,0.0,0.0,,,,,1.97607396870555,1.00798778414489,18.8839971550498,11.7641994309719,0.0857041251778094,0.0728699134627728,,,,,,,,,,,,,,,,,,,,,,,,,,,,,,,,,2015.0,1993-04-10,,,2024,3
Ja'Lynn Polk,NE,WR,16631,weighted,,,,,,,1.0841059602649,0.689583096575414,0.0017825607064017,0.0038756333547239,0.0,0.0,,,,,2.065151371807,0.697192073047192,23.1867194891202,8.11114837552599,0.0947114474929045,0.0809205155468922,,,,,,,,,,,,,,,,,,,,,,,,,,,,,,,,,2024.0,2002-04-11,,,2024,3
Greg Dortch,ARI,WR,14108,weighted,,,,,,,1.59495931882687,0.70848432956596,0.0021063785291042,0.0037824770612128,0.0,0.0,,,,,3.32471617786187,0.868271701623026,29.4801663513087,0.828174469814053,0.129219489120151,0.0772375084298816,,,,,,,,,,,,,,,,,,,,,,,,,,,,,,,,,2019.0,1998-05-29,Q,Hamstring,2024,3
Marvin Mims,DEN,WR,16189,weighted,,,,,,,0.824841498559078,0.212188076247724,0.0,0.0,0.0,0.0,,,0.06,0.0,1.09446685878963,0.77590926174281,15.9612622478386,9.70453834838985,0.0734524495677233,0.043301422468514,,,,,,,,,,,,,,,,,,,,,,,,,,,,,,,,,2023.0,2002-03-19,,,2024,3
Chris Conley,SF,WR,12257,weighted,,,,,,,0.287880512091038,0.383339793136801,0.0,0.0,0.0,0.0,,,,,1.71044807965861,0.853844776423241,21.8736984352774,11.707042355519,0.160405405405405,0.102579632105729,,,,,,,,,,,,,,,,,,,,,,,,,,,,,,,,,2015.0,1992-10-25,,,2024,3
Devaughn Vele,DEN,WR,16788,weighted,,,,,,,0.0277317880794702,0.0361167781776879,0.0,0.0,0.0,0.0,,,,,1.98774834437086,0.854855075142798,21.4175007883948,9.58299096277688,0.100837275307474,0.0829413953784254,,,,,,,,,,,,,,,,,,,,,,,,,,,,,,,,,2024.0,1997-12-12,,,2024,3
Dontayvion Wicks,GB,WR,16195,weighted,,,,,,,0.194173131504257,0.200935424434377,0.0,0.0,0.0,0.0,,,,,1.88795648060549,0.480596627309392,25.4731062756228,2.40469564510175,0.114531693472091,0.114490687006962,,,,,,,,,,,,,,,,,,,,,,,,,,,,,,,,,2023.0,2001-06-16,,,2024,3
Brandon Powell,MIN,WR,13910,weighted,,,,,,,1.04066382844529,0.628037443266181,0.0,0.0,0.0,0.0,,,,,1.84738410596026,0.670059333355851,21.3114435509303,4.96275783765351,0.0950662251655629,0.0550837519658265,,,,,,,,,,,,,,,,,,,,,,,,,,,,,,,,,2018.0,1970-01-01,,,2024,3
Mack Hollins,BUF,WR,13289,weighted,,,,,,,0.0,0.0,0.0,0.0,0.0,0.0,,,,,1.40468587896254,0.487229142182607,18.699446685879,5.7484671518671,0.128420749279539,0.085794327405714,,,,,,,,,,,,,,,,,,,,,,,,,,,,,,,,,2017.0,1993-09-16,,,2024,3
Tyquan Thornton,NE,WR,15787,weighted,,,,,,,0.525168401135289,0.364386228151673,0.0,0.0,0.0,0.0,,,,,1.31001419110691,0.579633690512632,17.210633081047,6.72964987607059,0.0768874172185431,0.0469278666159165,,,,,,,,,,,,,,,,,,,,,,,,,,,,,,,,,2022.0,2000-08-07,,,2024,3
Jalin Hyatt,NYG,WR,16183,weighted,,,,,,,0.332000765110941,0.45978859259365,0.0,0.0,0.0,0.0,,,,,1.18877582249426,0.739907670381163,12.918752869166,9.84200453432669,0.0223871461361898,0.0262677907518327,,,,,,,,,,,,,,,,,,,,,,,,,,,,,,,,,2023.0,2001-09-25,,,2024,3
Kalif Raymond,DET,WR,13066,weighted,,,,,,,1.71065988647115,0.931334663669712,0.0015562913907284,0.0039758794492083,0.0,0.0,,,,,1.24396404919584,0.414386687234255,15.857986439609,6.38379679372137,0.0830132450331126,0.0445720464556485,,,,,,,,,,,,,,,,,,,,,,,,,,,,,,,,,2016.0,1994-08-08,,,2024,3
Britain Covey,PHI,WR,15772,weighted,,,,,,,0.0282352941176471,0.0401070134430734,0.0,0.0,0.0028249299719888,0.0040231313298142,,,,,1.96175910364146,0.359355199588418,19.7280179271709,6.19072653892299,0.0675854341736695,0.0674505194360659,,,,,,,,,,,,,,,,,,,,,,,,,,,,,,,,,2022.0,1997-03-18,,,2024,3
Tim Patrick,DET,WR,13377,weighted,,,,,,,0.112845227062095,0.115385634710995,0.0,0.0,0.0,0.0,,,,,1.36004633920297,0.449756759125065,17.3829101019462,6.33467023697179,0.111807228915663,0.03999763362617,,,,,,,,,,,,,,,,,,,,,,,,,,,,,,,,,2017.0,1993-11-23,,,2024,3
Van Jefferson,PIT,WR,14858,weighted,,,,,,,0.283468306527909,0.289194826826007,0.0,0.0,0.0,0.0,,,,,1.7617265846736,0.255437826553272,20.9544670450962,5.36678820904301,0.078240302743614,0.0594652347745302,,,,,,,,,,,,,,,,,,,,,,,,,,,,,,,,,2020.0,1970-01-01,,,2024,3
A.T. Perry,NO,WR,16196,weighted,,,,,,,0.503852080123267,0.707106781186547,0.0,0.0,0.0,0.0,,,,,0.96151001540832,1.19501046020527,13.251217257319,16.7442885784974,0.156117103235747,0.205060966544099,,,,,,,,,,,,,,,,,,,,,,,,,,,,,,,,,2023.0,1999-10-26,Q,Illness,2024,3
Calvin Austin III,PIT,WR,15777,weighted,,,,,,,1.5580408388521,0.816213869413889,0.0180621255124566,0.038990952549254,0.0,0.0,,,,,1.47195364238411,0.425907096049628,16.5984492273731,4.06669953532771,0.0736423841059603,0.0387408629789028,,,,,,,,,,,,,,,,,,,,,,,,,,,,,,,,,2022.0,1999-03-24,,,2024,3
Trenton Irwin,CIN,WR,14551,weighted,,,,,,,0.122686849574267,0.141718349771442,0.0,0.0,0.0,0.0,,,,,1.24822138126774,0.395948473708178,17.0648399558499,4.18704294820783,0.0741579943235573,0.0594752686528223,,,,,,,,,,,,,,,,,,,,,,,,,,,,,,,,,2019.0,1995-12-10,,,2024,3
Nelson Agholor,BAL,WR,12181,weighted,,,,,,,0.122592242194891,0.0941696205056841,0.0,0.0,0.0,0.0,,,,,1.40295175023652,0.477089576816614,16.374417376222,3.86646506668212,0.0874834437086093,0.0419160157290117,,,,,,,,,,,,,,,,,,,,,,,,,,,,,,,,,2015.0,1993-05-24,,,2024,3
Tre Tucker,LVR,WR,16287,weighted,,,,,,,1.414697256386,0.746729711289684,0.0,0.0,0.0,0.0,,,,,1.36556291390728,0.35333538317668,18.0345040996531,2.92790154335384,0.073670766319773,0.0567169077423549,,,,,,,,,,,,,,,,,,,,,,,,,,,,,,,,,2023.0,2001-03-08,,,2024,3
Olamide Zaccheaus,WAS,WR,14592,weighted,,,,,,,0.198761959654179,0.234398341287015,0.0,0.0,0.0,0.0,,,,,1.31834005763689,0.239809218491934,16.9581786743516,3.78934958082042,0.0678789625360231,0.060517553817788,,,,,,,,,,,,,,,,,,,,,,,,,,,,,,,,,2019.0,1997-07-23,,,2024,3
Luke McCaffrey,WAS,WR,16635,weighted,,,,,,,0.511811731315043,0.353374177801098,0.0,0.0,0.0,0.0,,,,,1.7615752128666,0.504389512111479,17.7589837590665,3.0479566873686,0.0783443708609272,0.040014340339242,,,,,,,,,,,,,,,,,,,,,,,,,,,,,,,,,2024.0,2001-04-02,,,2024,3
Cedric Tillman,CLE,WR,16191,weighted,,,,,,,0.304161383285303,0.389377218982124,0.0,0.0,0.0,0.0,,,,,1.30476657060519,0.414989138042177,14.4711527377522,3.58739656937799,0.0676772334293948,0.0641023156490565,,,,,,,,,,,,,,,,,,,,,,,,,,,,,,,,,2023.0,2000-04-19,,,2024,3
Nick Westbrook-Ikhine,TEN,WR,15109,weighted,,,,,,,0.0734822335025381,0.0701922950967276,0.0,0.0,0.0,0.0,,,,,0.575197969543147,0.661762036444326,9.30165482233502,9.44815887914113,0.0432182741116751,0.0512727134989189,,,,,,,,,,,,,,,,,,,,,,,,,,,,,,,,,2020.0,1997-03-21,,,2024,3
Robert Woods,HOU,WR,11228,weighted,,,,,,,0.568689024390244,0.608111831820431,0.0,0.0,0.0,0.0,,,,,1.17780487804878,1.01823376490863,12.2715091463415,10.8965154980847,0.0699085365853658,0.0424264068711929,,,,,,,,,,,,,,,,,,,,,,,,,,,,,,,,,2013.0,1992-04-10,,,2024,3
Jermaine Burton,CIN,WR,16632,weighted,,,,,,,0.053490818668707,0.0710478706433914,0.0,0.0,0.0,0.0,,,,,0.897498087222647,0.197108639152936,11.6837643458301,5.65603161967175,0.0372762050497322,0.0449040896369252,,,,,,,,,,,,,,,,,,,,,,,,,,,,,,,,,2024.0,2001-06-28,,,2024,3
Trent Sherfield,MIN,WR,13893,weighted,,,,,,,0.0163798008534851,0.0343113314091645,0.0,0.0,0.0,0.0,,,,,0.838079658605974,0.562262894172973,9.95913940256045,6.56649677160857,0.0603129445234708,0.055175170960374,,,,,,,,,,,,,,,,,,,,,,,,,,,,,,,,,2018.0,1996-02-26,,,2024,3
Cedrick Wilson,NO,WR,13652,weighted,,,,,,,0.100518731988473,0.119185966536035,0.0,0.0,0.0,0.0,,,,,1.1565878962536,0.192194788666328,14.1834812680115,2.73353808002281,0.0828933717579251,0.0451073925600091,,,,,,,,,,,,,,,,,,,,,,,,,,,,,,,,,2018.0,,,,2024,3
Skyy Moore,KC,WR,15766,weighted,,,,,,,0.385491583779648,0.431571870575304,0.0,0.0,0.0,0.0,,,,,0.470405508798776,0.696521792905636,6.79314460596787,7.64058040655866,0.0325172149961745,0.0457516310642158,,,,,,,,,,,,,,,,,,,,,,,,,,,,,,,,,2022.0,2000-09-10,,,2024,3
Ronnie Bell,SF,WR,16202,weighted,,,,,,,0.319174964438122,0.444231019240724,0.0,0.0,0.0,0.0,,,,,0.789125177809388,0.287841116138917,10.4028449502134,4.68013665412384,0.102446657183499,0.0661719347669903,,,,,,,,,,,,,,,,,,,,,,,,,,,,,,,,,2023.0,2000-01-28,,,2024,3
Treylon Burks,TEN,WR,15752,weighted,,,,,,,1.31225953957742,0.936615172790625,0.0,0.0,0.0083230842005676,0.0108686303551872,,,,,1.2785004730369,0.396564407823424,12.8659287291075,3.15788638172563,0.0449479659413434,0.050367520342033,,,,,,,,,,,,,,,,,,,,,,,,,,,,,,,,,2022.0,2000-03-23,,,2024,3
Chris Moore,ARI,WR,12773,weighted,,,,,,,0.0271165644171779,0.142345640116907,0.0,0.0,0.0,0.0,,,,,0.401124744376278,0.435914197791499,6.62866053169734,8.15635878017169,0.0100204498977505,0.0100308011756425,,,,,,,,,,,,,,,,,,,,,,,,,,,,,,,,,2016.0,1993-06-16,,,2024,3
Marquez Valdes-Scantling,BUF,WR,13793,weighted,,,,,,,0.0754881844380403,0.0773297002280307,0.0,0.0,0.0,0.0,,,,,0.920484149855908,0.131916651571109,12.7025014409222,2.93895743006923,0.0678789625360231,0.060517553817788,,,,,,,,,,,,,,,,,,,,,,,,,,,,,,,,,2018.0,1994-10-10,,,2024,3
Trey Palmer,TB,WR,16199,weighted,,,,,,,0.647006340057637,0.770780227869955,0.0,0.0,0.0,0.0,,,,,1.00961959654179,0.329903779893481,11.7201613832853,2.55945172224675,0.066028818443804,0.0410360275327263,,,,,,,,,,,,,,,,,,,,,,,,,,,,,,,,,2023.0,2001-04-02,,,2024,3
KhaDarel Hodge,ATL,WR,13963,weighted,,,,,,,0.0,0.0,0.0,0.0,0.0,0.0,,,,,0.457191547375596,0.406807564555075,7.36286639400136,6.97592405792846,0.0080784869467465,0.0073235388325305,,,,,,,,,,,,,,,,,,,,,,,,,,,,,,,,,2018.0,1994-01-03,,,2024,3
Braxton Berrios,MIA,WR,13638,weighted,,,,,,,0.298956480605487,0.262456413545229,0.0,0.0,0.0,0.0,,,0.06,7.6104682559402e-18,1.05274361400189,0.283424987116425,10.719853358562,3.16922134647375,0.0388552507095554,0.0506434736245681,,,,,,,,,,,,,,,,,,,,,,,,,,,,,,,,,2018.0,1995-10-06,,,2024,3
Parker Washington,JAC,WR,16192,weighted,,,,,,,0.123731138545953,0.110164452006494,0.0,0.0,0.0,0.0,,,,,1.03893689986283,0.207226388568583,11.0724708504801,2.09405037090208,0.0650274348422497,0.0463165682102338,,,,,,,,,,,,,,,,,,,,,,,,,,,,,,,,,2023.0,2002-03-21,,,2024,3
Bo Melton,GB,WR,15785,weighted,,,,,,,0.670756646216769,0.575566468141686,0.0,0.0,0.0,0.0,,,,,0.612453987730061,0.654958569568775,7.03564417177914,6.56615992727719,0.0098773006134969,0.0172669940442506,,,,,,,,,,,,,,,,,,,,,,,,,,,,,,,,,2022.0,1999-05-18,,,2024,3
Lil'Jordan Humphrey,DEN,WR,14118,weighted,,,,,,,0.0,0.0,0.0,0.0,0.0,0.0,,,,,1.17392338177015,0.0424264068711929,13.3999603698811,0.162634559672905,0.1,1.9796175302871202e-17,,,,,,,,,,,,,,,,,,,,,,,,,,,,,,,,,2019.0,1998-04-19,,,2024,3
Johnny Wilson,PHI,WR,16625,weighted,,,,,,,0.103835118592196,0.146304539167021,0.0,0.0,0.0,0.0,,,,,0.69814078041316,0.351330730704905,8.35618209640398,4.41166839090153,0.0274215761285386,0.0320455624919056,,,,,,,,,,,,,,,,,,,,,,,,,,,,,,,,,2024.0,2001-04-03,,,2024,3
Jalen Brooks,DAL,WR,16364,weighted,,,,,,,0.418005610813568,0.418575452491684,0.0,0.0,0.0,0.0,,,,,1.88864575363428,1.68581477378729,9.20985462892119,3.01682425573741,0.024743687834736,0.0376865381559212,,,,,,,,,,,,,,,,,,,,,,,,,,,,,,,,,2023.0,2000-05-07,Q,Ankle,2024,3
Jacob Cowing,SF,WR,16640,weighted,,,,,,,1.28090824837813,1.41367191148664,0.0030491195551436,0.0056640638485027,0.0,0.0,,,,,0.905616311399444,0.105470132336258,11.2755977757183,0.55682331679202,0.0878683966635774,0.0154202597746743,,,,,,,,,,,,,,,,,,,,,,,,,,,,,,,,,2024.0,2001-02-04,,,2024,3
Jake Bobo,SEA,WR,16393,weighted,,,,,,,0.0732126801152738,0.0738309759368835,0.0,0.0,0.0,0.0,,,,,0.956155619596542,0.119787745358914,9.55384438040346,1.945703908705,0.0565821325648415,0.049948620779652,,,,,,,,,,,,,,,,,,,,,,,,,,,,,,,,,2023.0,1998-08-04,,,2024,3
Laviska Shenault,SEA,WR,14838,weighted,,,,,,,5.49987319884726,3.54409436517656,0.0157500360908948,0.034410284191831,0.0,0.0,,,,,0.478824207492795,0.403397751814867,5.68906628242075,3.65000137574987,0.0139836313295817,0.0300314889226721,,,,,,,,,,,,,,,,,,,,,,,,,,,,,,,,,2020.0,1970-01-01,Q,Foot,2024,3
David Moore,CAR,WR,13348,weighted,,,,,,,0.0912490436113236,0.127426908438257,0.0,0.0,0.0,0.0,,,,,0.410604437643458,0.317287253567409,6.31355776587605,3.85651831515119,0.0249043611323642,0.0288676711860639,,,,,,,,,,,,,,,,,,,,,,,,,,,,,,,,,2017.0,1995-01-15,,,2024,3
KaVontae Turpin,DAL,WR,15981,weighted,,,,,,,3.2975446685879,1.33098527627367,0.0032773956665599,0.0048136565189848,0.0,0.0,,,0.06,0.0,0.644812680115274,0.367673455054185,8.48082997118156,2.28398528081885,0.0905648414985591,0.0709014811172321,,,,,,,,,,,,,,,,,,,,,,,,,,,,,,,,,2022.0,1996-08-02,,,2024,3
Velus Jones,CHI,WR,15767,weighted,,,,,,,2.41232665639445,2.26274169979695,0.0049614791987673,0.0070710678118654,0.0,0.0,,,,,0.497349768875193,0.431335136523794,6.69343605546995,6.13768686069923,0.0049614791987673,0.0070710678118654,,,,,,,,,,,,,,,,,,,,,,,,,,,,,,,,,2022.0,1997-05-11,,,2024,3
Isaiah Williams,DET,WR,16630,weighted,,,,,,,0.0,0.0,0.0,0.0,0.1,0.0,,,,,1.1,0.0,11.0,0.0,0.0,0.0,,,,,,,,,,,,,,,,,,,,,,,,,,,,,,,,,2024.0,2001-01-29,Q,Abdomen,2024,3
JuJu Smith-Schuster,KC,WR,13156,weighted,,,,,,,0.0283186687069625,0.0426531130173459,0.0,0.0,0.0,0.0,,,,,0.752218821729151,0.296293114992977,6.51247130833971,2.89509334141734,0.0300459066564652,0.0425511692451647,,,,,,,,,,,,,,,,,,,,,,,,,,,,,,,,,2017.0,1996-11-22,,,2024,3
Tyler Scott,CHI,WR,16205,weighted,,,,,,,0.601397849462366,0.841457069611992,0.0,0.0,0.0,0.0,,,,,0.543763440860215,0.494974746830583,6.26247311827957,5.58614357137373,0.0504301075268817,0.0565685424949238,,,,,,,,,,,,,,,,,,,,,,,,,,,,,,,,,2023.0,2001-10-12,,,2024,3
Roman Wilson,PIT,WR,16629,weighted,,,,,,,0.454714996174445,0.411178023451576,0.0,0.0,0.0,0.0,,,,,0.466666029074216,0.192880844911103,5.46397857689365,3.1876618049739,0.0238868213746926,0.0256450361149215,,,,,,,,,,,,,,,,,,,,,,,,,,,,,,,,,2024.0,2001-06-19,,,2024,3
Troy Franklin,DEN,WR,16619,weighted,,,,,,,0.0220256312165264,0.0331746434579357,0.0,0.0,0.0,0.0,,,,,0.526910864575364,0.214597094783884,6.20129495026779,2.77800548067376,0.0268444884510654,0.0224196308760052,,,,,,,,,,,,,,,,,,,,,,,,,,,,,,,,,2024.0,2003-02-06,,,2024,3
Mason Tipton,NO,WR,16858,weighted,,,,,,,0.0,,0.0,,0.0,,,,,,0.8,,9.8,,0.1,,,,,,,,,,,,,,,,,,,,,,,,,,,,,,,,,,2024.0,2000-09-27,,,2024,3
Ashton Dulin,IND,WR,14315,weighted,,,,,,,0.104284253578732,0.179389748155603,0.0,0.0,0.0,0.0,,,,,0.616298568507158,0.187821457159343,8.12773006134969,1.1177642396222,0.18040899795501,0.190874661645929,,,,,,,,,,,,,,,,,,,,,,,,,,,,,,,,,2019.0,1997-05-15,,,2024,3
Jamison Crowder,WAS,WR,12184,weighted,,,,,,,0.0,0.0,0.0,0.0,0.0,0.0,,,,,0.679089979550102,0.129590770127631,6.73150988411725,2.07609948637997,0.0202928829585441,0.0261231950813113,,,,,,,,,,,,,,,,,,,,,,,,,,,,,,,,,2015.0,1993-06-17,,,2024,3
Derius Davis,LAC,WR,16299,weighted,,,,,,,2.427039020658,2.11280853469353,0.0,0.0,0.0,0.0,,,0.06,8.01244693528844e-18,0.464835501147666,0.352365635718752,5.00685539403213,2.61684102298991,0.0200306044376435,0.0283674461634431,,,,,,,,,,,,,,,,,,,,,,,,,,,,,,,,,2023.0,2000-09-11,,,2024,3
Parris Campbell,PHI,WR,14112,weighted,,,,,,,0.27,,0.0,,0.0,,,,,,0.76,,8.29,,0.05,,,,,,,,,,,,,,,,,,,,,,,,,,,,,,,,,,2019.0,1997-07-16,,,2024,3
Xavier Gipson,NYJ,WR,16416,weighted,,,,,,,0.981799923488906,0.817823937075009,0.0418005610813568,0.0418575452491684,0.0,0.0,,,0.06,8.01244693528844e-18,0.423496557000765,0.44063225284216,4.6639403213466,3.60681997070227,0.0150497322111706,0.0238734666794502,,,,,,,,,,,,,,,,,,,,,,,,,,,,,,,,,2023.0,2001-03-08,,,2024,3
Tylan Wallace,BAL,WR,15285,weighted,,,,,,,0.0841002044989775,0.14466915173839,0.0,0.0,0.0,0.0,,,,,0.371329243353783,0.307569102612348,4.40273006134969,3.4507694479105,0.0073837948377825,0.0064997912084771,,,,,,,,,,,,,,,,,,,,,,,,,,,,,,,,,2021.0,1999-05-13,,,2024,3
Malachi Corley,NYJ,WR,16636,weighted,,,,,,,0.12900726855394,0.184108701040683,0.0,0.0,0.0,0.0,,,,,0.376052027543994,0.294616844996784,4.36302218821729,2.8588901888054,0.0273680183626626,0.03198398630579,,,,,,,,,,,,,,,,,,,,,,,,,,,,,,,,,2024.0,2002-03-21,,,2024,3
Casey Washington,ATL,WR,16760,weighted,,,,,,,0.0,0.0,0.0,0.0,0.0,0.0,,,,,0.5175,0.102530483272049,6.575,1.30814754519511,0.0413,0.0264457936163769,,,,,,,,,,,,,,,,,,,,,,,,,,,,,,,,,2024.0,2001-03-06,,,2024,3
Zach Pascal,ARI,WR,13488,weighted,,,,,,,0.0807361963190184,0.138882385668854,0.0,0.0,0.0,0.0,,,,,0.278159509202454,0.234833034212873,3.11510224948875,3.53648822597288,0.0234764826175869,0.0322377952389843,,,,,,,,,,,,,,,,,,,,,,,,,,,,,,,,,2017.0,1994-12-18,,,2024,3
Malik Heath,GB,WR,16413,weighted,,,,,,,0.0538241308793456,0.0925882571125694,0.0,0.0,0.0,0.0,,,,,0.492024539877301,0.404199456420792,4.60432515337423,3.18548268756776,0.0536196319018405,0.0501936966133435,,,,,,,,,,,,,,,,,,,,,,,,,,,,,,,,,2023.0,2000-03-03,,,2024,3
John Metchie,HOU,WR,15759,weighted,,,,,,,0.774314024390244,0.318198051533946,0.0,0.0,0.0,0.0,,,,,0.549542682926829,0.212132034355964,5.52050304878049,2.08596500450032,0.0,0.0,,,,,,,,,,,,,,,,,,,,,,,,,,,,,,,,,2022.0,2000-07-18,,,2024,3
Xavier Hutchinson,HOU,WR,16201,weighted,,,,,,,0.897464212678937,1.01554990492703,0.0,0.0,0.0,0.0,,,,,0.447024539877301,0.072528619886234,4.71943762781186,1.67235357386312,0.0266973415132924,0.0252365904563049,,,,,,,,,,,,,,,,,,,,,,,,,,,,,,,,,2023.0,2000-06-01,,,2024,3
Charlie Jones,CIN,WR,16203,weighted,,,,,,,0.0370040899795501,0.0636544267648915,0.0,0.0,0.0,0.0,,,,,0.363875255623722,0.206481427943604,4.02282208588957,1.77044522349157,0.0133128834355828,0.0115560655123727,,,,,,,,,,,,,,,,,,,,,,,,,,,,,,,,,2023.0,1998-10-29,,,2024,3
Bub Means,NO,WR,16751,weighted,,,,,,,0.0,0.0,0.0,0.0,0.0,0.0,,,,,0.280365482233503,0.190722777943406,3.36256514382403,2.41598190038935,0.0158379504265914,0.0212821819198017,,,,,,,,,,,,,,,,,,,,,,,,,,,,,,,,,2024.0,2001-01-10,,,2024,3
Devin Duvernay,JAC,WR,14847,weighted,,,,,,,1.38379495026779,1.08845494307577,0.0030606889922115,0.0047166681147696,0.0,0.0,,,,,0.352251338944147,0.150139088867439,3.66320964039786,1.30906637807713,0.0110331582538928,0.0129838940583011,,,,,,,,,,,,,,,,,,,,,,,,,,,,,,,,,2020.0,1997-09-12,,,2024,3
Kadarius Toney,CLE,WR,15289,weighted,,,,,,,1.00770416024653,1.41421356237309,0.0,0.0,0.0,0.0,,,,,0.452696456086287,0.494974746830583,2.95090909090909,2.92035100630044,0.0049614791987673,0.0070710678118654,,,,,,,,,,,,,,,,,,,,,,,,,,,,,,,,,2021.0,1970-01-01,Q,Undisclosed,2024,3
Malik Washington,MIA,WR,16684,weighted,,,,,,,0.0,0.0,0.0,0.0,0.0,0.0,,,,,0.7,0.0,5.0,0.0,0.0,0.0,,,,,,,,,,,,,,,,,,,,,,,,,,,,,,,,,2024.0,2000-10-20,D,Quadriceps,2024,3
Devontez Walker,BAL,WR,16621,weighted,,,,,,,0.06,0.0282842712474619,0.0,0.0,0.0,0.0,,,,,0.32,0.0565685424949238,3.9025,0.802566196646731,0.0205956375838926,0.0132997768743309,,,,,,,,,,,,,,,,,,,,,,,,,,,,,,,,,2024.0,2001-06-19,,,2024,3
DJ Turner,LVR,WR,15995,weighted,,,,,,,1.87596302003082,0.176776695296637,0.0099229583975346,0.014142135623731,0.0,0.0,,,,,0.324807395993837,0.0353553390593274,3.59537750385208,0.848528137423857,0.014884437596302,0.0212132034355964,,,,,,,,,,,,,,,,,,,,,,,,,,,,,,,,,2021.0,1997-01-18,,,2024,3
Scott Miller,PIT,WR,14280,weighted,,,,,,,0.0849560061208875,0.117997629452149,0.0,0.0,0.0,0.0,,,,,0.24736610558531,0.0778478097479564,3.17171576128539,1.04265280187052,0.0056851767947693,0.0042283189826359,,,,,,,,,,,,,,,,,,,,,,,,,,,,,,,,,2019.0,1970-01-01,,,2024,3
Ryan Flournoy,DAL,WR,16778,weighted,,,,,,,0.0,0.0,0.0,0.0,0.0,0.0,,,,,0.399695121951219,0.14142135623731,3.27278963414634,1.02530483272049,0.0,0.0,,,,,,,,,,,,,,,,,,,,,,,,,,,,,,,,,2024.0,1999-10-27,,,2024,3
Javon Baker,NE,WR,16637,weighted,,,,,,,0.053490818668707,0.0710478706433914,0.0,0.0,0.0,0.0,,,,,0.178617061973986,0.078976575932084,1.77340091813313,1.03094984238048,0.0057006373563055,0.0096579024305164,,,,,,,,,,,,,,,,,,,,,,,,,,,,,,,,,2024.0,2002-02-18,,,2024,3
Mecole Hardman,KC,WR,14113,weighted,,,,,,,0.290952380952381,0.300199773612071,0.0,0.0,0.0,0.0,,,,,0.167071428571429,0.0665625686070508,2.13783333333333,1.02816913714638,0.0172638283383529,0.0111193266475195,,,,,,,,,,,,,,,,,,,,,,,,,,,,,,,,,2019.0,1970-01-01,,,2024,3
Deonte Harris,BAL,WR,14558,weighted,,,,,,,0.127832310838446,0.219897110642352,0.0,0.0,0.0,0.0,,,,,0.20058282208589,0.105078566343671,2.20902862985685,0.92811908012737,0.0133844580777096,0.0153238900089383,,,,,,,,,,,,,,,,,,,,,,,,,,,,,,,,,2019.0,1970-01-01,Q,Calf,2024,3
Dareke Young,SEA,WR,15941,weighted,,,,,,,0.0,0.0,0.0,0.0,0.0,0.0,,,,,0.2,3.92534764114705e-17,1.66979969183359,0.954594154601839,0.0099229583975346,0.014142135623731,,,,,,,,,,,,,,,,,,,,,,,,,,,,,,,,,2022.0,1999-06-04,,,2024,3
Trishton Jackson,MIN,WR,14859,weighted,,,,,,,0.0,,0.0,,0.0,,,,,,0.2,,1.0,,0.0,,,,,,,,,,,,,,,,,,,,,,,,,,,,,,,,,,2020.0,,,,2024,3
Simi Fehoko,LAC,WR,15303,weighted,,,,,,,0.0,,0.0,,0.0,,,,,,0.2,,1.0,,0.0,,,,,,,,,,,,,,,,,,,,,,,,,,,,,,,,,,2021.0,1997-11-05,,,2024,3
Tim Jones,JAC,WR,16005,weighted,,,,,,,0.0,,0.0,,0.0,,,,,,0.2,,2.0,,0.0,,,,,,,,,,,,,,,,,,,,,,,,,,,,,,,,,,2021.0,1998-05-15,Q,Foot,2024,3
Bryce Ford-Wheaton,NYG,WR,16379,weighted,,,,,,,0.0,0.0,0.0,0.0,0.0,0.0,,,,,0.4,0.0,2.0,0.0,0.0,0.0,,,,,,,,,,,,,,,,,,,,,,,,,,,,,,,,,2023.0,2000-03-09,,,2024,3
Ihmir Smith-Marsette,NYG,WR,15434,weighted,,,,,,,0.0,,0.0,,0.0,,,,,,0.17,,1.8,,0.01,,,,,,,,,,,,,,,,,,,,,,,,,,,,,,,,,,2021.0,1999-08-29,,,2024,3
Kyle Philips,PHI,WR,15901,weighted,,,,,,,0.0,,0.0,,0.0,,,,,,0.09,,1.13,,0.01,,,,,,,,,,,,,,,,,,,,,,,,,,,,,,,,,,2022.0,1999-06-17,,,2024,3
Kayshon Boutte,NE,WR,16193,weighted,,,,,,,0.0,0.0,0.0,0.0,0.0,0.0,,,,,0.0900770416024653,0.014142135623731,1.04961479198767,0.0707106781186548,0.0,0.0,,,,,,,,,,,,,,,,,,,,,,,,,,,,,,,,,2023.0,2002-05-07,,,2024,3
Jason Brownlee,FA,WR,16423,weighted,,,,,,,0.0,,0.0,,0.0,,,,,,0.09,,1.09,,0.01,,,,,,,,,,,,,,,,,,,,,,,,,,,,,,,,,,2023.0,1999-01-30,,,2024,3
Travis Kelce,KC,TE,11244,weighted,,,,,,,0.316894039735099,0.546523657572428,0.0018344370860927,0.0038760332084582,0.0415208136234626,0.0328502833036386,,,,,5.30046830652791,0.527118529477484,52.3093803216651,3.70304922500026,0.347824030274361,0.176506484201055,,,,,,,,,,,,,,,,,,,,,,,,,,,,,,,,,2013.0,1989-10-05,,,2024,3
Trey McBride,ARI,TE,15794,weighted,,,,,,,0.0,0.0,0.0,0.0,0.0612535477767266,0.0327460126926499,,,,,5.67893566698202,0.357190669203466,55.6360170293283,2.47770428714432,0.297573320719016,0.158461244178142,,,,,,,,,,,,,,,,,,,,,,,,,,,,,,,,,2022.0,1999-11-22,,,2024,3
Sam LaPorta,DET,TE,16214,weighted,,,,,,,0.0,0.0,0.0,0.0,0.0166461684011353,0.0217372607103743,,,,,4.91152317880795,0.353608826395994,49.7175520340587,4.34965382443374,0.314077578051088,0.17570492157219,,,,,,,,,,,,,,,,,,,,,,,,,,,,,,,,,2023.0,2001-01-12,,,2024,3
Brock Bowers,LVR,TE,16641,weighted,,,,,,,0.0318196152633239,0.0360337610965521,0.0,0.0,0.0640279091769158,0.033041066172334,,,,,5.10330179754021,0.510906706854501,51.9783869441817,2.31564634058817,0.249607379375591,0.154532334032497,,,,,,,,,,,,,,,,,,,,,,,,,,,,,,,,,2024.0,2002-12-13,,,2024,3
Mark Andrews,BAL,TE,13671,weighted,,,,,,,0.0,0.0,0.0,0.0,0.0490728476821192,0.0339167636570582,,,,,4.17583254493851,0.461386789384401,48.1727948596657,2.83892947054961,0.27120151371807,0.144346465650335,,,,,,,,,,,,,,,,,,,,,,,,,,,,,,,,,2018.0,1995-09-06,,,2024,3
Kyle Pitts,ATL,TE,15329,weighted,,,,,,,-0.0318196152633239,0.0360337610965521,0.0,0.0,0.0166461684011353,0.0217372607103743,,,,,3.8805156102176,0.701390070288834,45.5301048565121,3.98107586525152,0.268126773888363,0.133635752456315,,,,,,,,,,,,,,,,,,,,,,,,,,,,,,,,,2021.0,2000-10-06,,,2024,3
Dalton Kincaid,BUF,TE,16213,weighted,,,,,,,0.0,0.0,0.0,0.0,0.0138718070009461,0.0181143839253119,,,,,4.45545884578997,0.503125374571919,44.0633293913592,4.75199678593024,0.226911069063387,0.134825166471999,,,,,,,,,,,,,,,,,,,,,,,,,,,,,,,,,2023.0,1999-10-18,,,2024,3
Dallas Goedert,PHI,TE,13674,weighted,,,,,,,0.0318196152633239,0.0360337610965521,0.0,0.0,0.0166461684011353,0.0217372607103743,,,,,4.21766792809839,0.48649040014898,43.5093093661306,4.44055050118882,0.226982024597919,0.11396702750392,,,,,,,,,,,,,,,,,,,,,,,,,,,,,,,,,2018.0,1995-01-03,,,2024,3
Eric Saubert,SF,TE,13315,weighted,,,,,,,0.0,0.0,0.0,0.0,0.0,0.0,,,,,2.29755742296919,1.04198716060247,24.2630420168067,14.3897844210835,0.178112044817927,0.126439261755538,,,,,,,,,,,,,,,,,,,,,,,,,,,,,,,,,2017.0,1994-05-09,,,2024,3
Hunter Henry,NE,TE,12676,weighted,,,,,,,0.0,0.0,0.0,0.0,0.0,0.0,,,,,3.71562913907285,0.600961617975716,38.8417644276254,6.18001948558031,0.230198675496689,0.114385595676539,,,,,,,,,,,,,,,,,,,,,,,,,,,,,,,,,2016.0,1994-12-07,,,2024,3
Jake Ferguson,DAL,TE,15799,weighted,,,,,,,0.0,0.0,0.0,0.0,0.0166461684011353,0.0217372607103743,,,,,4.15388363292337,0.187417351891514,43.7053681803847,0.786679998502691,0.218358561967833,0.11343367702262,,,,,,,,,,,,,,,,,,,,,,,,,,,,,,,,,2022.0,1999-01-18,,,2024,3
Luke Farrell,JAC,TE,15335,weighted,,,,,,,0.0310573731626363,0.0466160101246824,0.0,0.0,0.0386913229018492,0.042431443034162,,,,,2.09687055476529,1.21921364492181,20.5028876244666,13.0774897804954,0.120967283072546,0.0505853177105722,,,,,,,,,,,,,,,,,,,,,,,,,,,,,,,,,2021.0,1997-10-14,,,2024,3
Colby Parkinson,LAR,TE,14871,weighted,,,,,,,0.0,0.0,0.0,0.0,0.0,0.0,,,,,3.23361400189215,0.694289164211036,34.1243968779565,6.24446819305339,0.151882686849574,0.0811320179942187,,,,,,,,,,,,,,,,,,,,,,,,,,,,,,,,,2020.0,1999-01-07,,,2024,3
Cole Kmet,CHI,TE,14867,weighted,,,,,,,0.0,0.0,0.0,0.0,0.0138718070009461,0.0181143839253119,,,,,3.36744087038789,0.473704969876317,31.407697098707,3.3772454606804,0.182819299905393,0.094933940981889,,,,,,,,,,,,,,,,,,,,,,,,,,,,,,,,,2020.0,1999-03-10,,,2024,3
Isaiah Likely,BAL,TE,15798,weighted,,,,,,,0.0,0.0,0.0,0.0,0.0,0.0,,,,,3.18219016083254,0.452067248530482,35.4363000630716,2.80462959467304,0.234834437086093,0.114342993203182,,,,,,,,,,,,,,,,,,,,,,,,,,,,,,,,,2022.0,2000-04-18,,,2024,3
Dalton Schultz,HOU,TE,13772,weighted,,,,,,,0.0,0.0,0.0,0.0,0.0138718070009461,0.0181143839253119,,,,,3.13103595080416,0.2415861926191,33.0866934720908,2.04572608800644,0.181225165562914,0.0877347051764098,,,,,,,,,,,,,,,,,,,,,,,,,,,,,,,,,2018.0,1996-07-11,,,2024,3
Foster Moreau,NO,TE,14239,weighted,,,,,,,0.314889529298751,0.406059093812096,0.0,0.0,0.0,0.0,,,,,2.00385590778098,0.867263265071231,23.2121498559078,8.23267017254885,0.188103746397695,0.122001499573705,,,,,,,,,,,,,,,,,,,,,,,,,,,,,,,,,2019.0,1997-05-06,,,2024,3
Jonnu Smith,MIA,TE,13193,weighted,,,,,,,0.0,0.0,0.0,0.0,0.0,0.0,,,,,2.67105014191107,0.540267354595372,26.149293598234,4.29135618575612,0.1,0.0611901597444665,,,,,,,,,,,,,,,,,,,,,,,,,,,,,,,,,2017.0,1995-08-22,,,2024,3
Chigoziem Okonkwo,TEN,TE,15889,weighted,,,,,,,0.0406906338694418,0.0643923955055512,0.0,0.0,0.0138718070009461,0.0181143839253119,,,,,2.27554399243141,0.581384737242684,24.46096341848,5.51585444411195,0.112190160832545,0.0646580294509883,,,,,,,,,,,,,,,,,,,,,,,,,,,,,,,,,2022.0,1999-09-08,,,2024,3
Pat Freiermuth,PIT,TE,15331,weighted,,,,,,,0.0,0.0,0.0,0.0,0.0166461684011353,0.0217372607103743,,,,,3.48232734153264,0.417837956983304,32.0251639861243,0.93812795095899,0.151948912015137,0.0825320126698646,,,,,,,,,,,,,,,,,,,,,,,,,,,,,,,,,2021.0,1998-10-25,,,2024,3
Mike Gesicki,CIN,TE,13672,weighted,,,,,,,0.0,0.0,0.0,0.0,0.0,0.0,,,,,3.1044087038789,0.576804371657308,29.3595435193945,3.33247346549794,0.146140018921476,0.0944143556884435,,,,,,,,,,,,,,,,,,,,,,,,,,,,,,,,,2018.0,1995-10-03,,,2024,3
Greg Dulcich,DEN,TE,15797,weighted,,,,,,,0.0,0.0,0.0,0.0,0.0,0.0,,,,,2.48634342478713,0.402870959612864,25.8859429202144,5.11261294824246,0.0998675496688742,0.0532843769166467,,,,,,,,,,,,,,,,,,,,,,,,,,,,,,,,,2022.0,2000-03-26,,,2024,3
Brenton Strange,JAC,TE,16269,weighted,,,,,,,0.0,0.0,0.0,0.0,0.0,0.0,,,,,2.7655350140056,0.887303094292332,26.919049859944,7.08002307191418,0.136717086834734,0.0838691350757664,,,,,,,,,,,,,,,,,,,,,,,,,,,,,,,,,2023.0,2000-12-27,,,2024,3
Noah Fant,SEA,TE,14137,weighted,,,,,,,0.0,0.0,0.0,0.0,0.0,0.0,,,,,2.87356669820246,0.242238084486672,28.0462693156733,2.56835360645033,0.147280037842952,0.0786727636670976,,,,,,,,,,,,,,,,,,,,,,,,,,,,,,,,,2019.0,1997-11-20,,,2024,3
Cade Otton,TB,TE,15802,weighted,,,,,,,-0.127278461053295,0.144135044386208,0.0,0.0,0.0,0.0,,,,,2.68674077578051,0.429420715920306,26.6580463576159,2.4775787704012,0.17341059602649,0.083365983729708,,,,,,,,,,,,,,,,,,,,,,,,,,,,,,,,,2022.0,1999-04-15,,,2024,3
Zach Ertz,WAS,TE,11247,weighted,,,,,,,0.0,0.0,0.0,0.0,0.0,0.0,,,,,3.17368022705771,0.517210304765478,28.2118550930306,2.60903549330953,0.140988647114475,0.0780758585053129,,,,,,,,,,,,,,,,,,,,,,,,,,,,,,,,,2013.0,1990-11-10,,,2024,3
Juwan Johnson,NO,TE,14861,weighted,,,,,,,0.318196152633239,0.360337610965521,0.0,0.0,0.0,0.0,,,,,2.38953169347209,0.390660802258326,26.0285115105645,2.70454692407055,0.215212866603595,0.155257479910953,,,,,,,,,,,,,,,,,,,,,,,,,,,,,,,,,2020.0,1996-09-13,,,2024,3
Luke Schoonmaker,DAL,TE,16221,weighted,,,,,,,0.0,0.0,0.0,0.0,0.0,0.0,,,,,1.16162251655629,0.881493006429355,12.0854391359193,8.71381510740288,0.0573699148533586,0.0500225096811585,,,,,,,,,,,,,,,,,,,,,,,,,,,,,,,,,2023.0,1998-09-28,,,2024,3
Daniel Bellinger,NYG,TE,15873,weighted,,,,,,,0.0,0.0,0.0,0.0,0.0,0.0,,,,,1.02981637337414,1.28201254813467,11.4096710022953,12.4912214980802,0.017513389441469,0.0236964693251593,,,,,,,,,,,,,,,,,,,,,,,,,,,,,,,,,2022.0,2000-09-22,,,2024,3
Tyler Conklin,NYJ,TE,13675,weighted,,,,,,,0.0501482799525504,0.0346996739481684,0.0,0.0,0.0,0.0,,,,,2.67037366548043,0.437415670466986,25.074915776987,3.44450230049549,0.098932384341637,0.092938052136645,,,,,,,,,,,,,,,,,,,,,,,,,,,,,,,,,2018.0,1995-07-30,,,2024,3
Johnny Mundt,MIN,TE,13940,weighted,,,,,,,0.0,0.0,0.0,0.0,0.0,0.0,,,,,2.35468306527909,0.448182768323052,22.790885367392,4.05156931805858,0.107554399243141,0.0630562574706216,,,,,,,,,,,,,,,,,,,,,,,,,,,,,,,,,2017.0,1994-11-23,,,2024,3
Hayden Hurst,LAC,TE,13680,weighted,,,,,,,0.0,0.0,0.0,0.0,0.0,0.0,,,,,2.2711210974456,0.637092975936291,22.2638757489751,4.05317086797659,0.0782071901608326,0.0591180630544837,,,,,,,,,,,,,,,,,,,,,,,,,,,,,,,,,2018.0,1993-08-24,,,2024,3
Will Dissly,LAC,TE,13763,weighted,,,,,,,0.0,0.0,0.0,0.0,0.0,0.0,,,,,1.75181173131504,0.565607659077426,15.8523509933775,5.36354720582522,0.0937795648060549,0.0622088073827601,,,,,,,,,,,,,,,,,,,,,,,,,,,,,,,,,2018.0,,,,2024,3
Luke Musgrave,GB,TE,16215,weighted,,,,,,,0.0,0.0,0.0,0.0,0.0,0.0,,,,,1.35756385998108,0.544353381514352,14.4848785871965,6.0741570406986,0.0603831598864712,0.0482118157534604,,,,,,,,,,,,,,,,,,,,,,,,,,,,,,,,,2023.0,2000-09-02,,,2024,3
Tucker Kraft,GB,TE,16222,weighted,,,,,,,0.0,0.0,0.0,0.0,0.0,0.0,,,,,2.08465468306528,0.35110090382611,21.3489340901924,2.90434024843517,0.0937086092715232,0.046875729306459,,,,,,,,,,,,,,,,,,,,,,,,,,,,,,,,,2023.0,2000-11-03,,,2024,3
Theo Johnson,NYG,TE,16649,weighted,,,,,,,0.0,0.0,0.0,0.0,0.0,0.0,,,,,2.1598431372549,0.734839378146607,20.340537815126,4.80056084135429,0.0596414565826331,0.0515442466530134,,,,,,,,,,,,,,,,,,,,,,,,,,,,,,,,,2024.0,2001-02-26,,,2024,3
Kylen Granson,IND,TE,15419,weighted,,,,,,,0.0,0.0,0.0,0.0,0.0,0.0,,,,,1.36039735099338,0.426535267111093,16.3019489120151,4.46315667094645,0.0827814569536424,0.0444962723988461,,,,,,,,,,,,,,,,,,,,,,,,,,,,,,,,,2021.0,1998-03-27,,,2024,3
Durham Smythe,MIA,TE,13676,weighted,,,,,,,0.0,0.0,0.0,0.0,0.0,0.0,,,,,1.05638867635807,0.867935330186969,9.43244835501148,9.72941428901868,0.0425325172149962,0.0435244622924515,,,,,,,,,,,,,,,,,,,,,,,,,,,,,,,,,2018.0,1995-08-09,,,2024,3
Jordan Akins,CLE,TE,13753,weighted,,,,,,,0.0318196152633239,0.0360337610965521,0.0,0.0,0.0368968779564806,0.0328987096880197,,,,,2.23972090823084,0.414071388020475,19.6325938189845,2.36943023545962,0.107587511825922,0.0624771319503764,,,,,,,,,,,,,,,,,,,,,,,,,,,,,,,,,2018.0,1992-04-19,,,2024,3
Elijah Higgins,ARI,TE,16333,weighted,,,,,,,0.0,0.0,0.0,0.0,0.0,0.0,,,,,1.07757925072046,0.450507423021837,11.4796541786744,5.24378462586776,0.0848760806916427,0.0721702837672022,,,,,,,,,,,,,,,,,,,,,,,,,,,,,,,,,2023.0,2000-10-27,,,2024,3
Tommy Tremble,CAR,TE,15332,weighted,,,,,,,0.0,0.0,0.0,0.0,0.0,0.0,,,,,1.71326224783862,0.409851955612114,16.2489971181556,3.5170546109724,0.0791008645533141,0.0441477663051624,,,,,,,,,,,,,,,,,,,,,,,,,,,,,,,,,2021.0,2000-06-02,,,2024,3
Gerald Everett,CHI,TE,13236,weighted,,,,,,,0.0,0.0,0.0,0.0,0.0,0.0,,,,,1.85994796594134,0.264397347722005,15.7631173131504,3.4628514830258,0.0875165562913907,0.0414933825359798,,,,,,,,,,,,,,,,,,,,,,,,,,,,,,,,,2017.0,1994-06-25,,,2024,3
Dawson Knox,BUF,TE,14143,weighted,,,,,,,0.0,0.0,0.0,0.0,0.0,0.0,,,,,1.4153642384106,0.481527779032571,13.3474321980448,3.50710959631466,0.103051087984863,0.0625177587825612,,,,,,,,,,,,,,,,,,,,,,,,,,,,,,,,,2019.0,1996-11-14,,,2024,3
Erick All,CIN,TE,16645,weighted,,,,,,,0.0,0.0,0.0,0.0,0.0,0.0,,,,,1.57710306406685,0.646113480090989,14.2283194057567,7.60042666788019,0.0905663881151346,0.081732011490391,,,,,,,,,,,,,,,,,,,,,,,,,,,,,,,,,2024.0,2000-09-13,,,2024,3
Hunter Long,LAR,TE,15334,weighted,,,,,,,0.0,0.0,0.0,0.0,0.0,0.0,,,,,1.2235761589404,0.777817459305202,13.0498013245033,10.040916292849,0.0566887417218543,0.0707106781186548,,,,,,,,,,,,,,,,,,,,,,,,,,,,,,,,,2021.0,1998-08-19,,,2024,3
Michael Mayer,LVR,TE,16212,weighted,,,,,,,0.0,0.0,0.0,0.0,0.0,0.0,,,,,1.25175969725639,0.328388354048627,13.9748833175654,2.43498235461166,0.0618732261116367,0.0487166466731066,,,,,,,,,,,,,,,,,,,,,,,,,,,,,,,,,2023.0,2001-07-06,,,2024,3
Noah Gray,KC,TE,15337,weighted,,,,,,,0.0318196152633239,0.0360337610965521,0.0,0.0,0.0,0.0,,,,,1.2493188268685,0.602082994708477,12.336660359508,5.29962581361834,0.05899243140965,0.0578534746514198,,,,,,,,,,,,,,,,,,,,,,,,,,,,,,,,,2021.0,1999-04-30,,,2024,3
Austin Hooper,NE,TE,12677,weighted,,,,,,,0.0,0.0,0.0,0.0,0.0,0.0,,,,,1.33929990539262,0.352790936963061,13.6998643960896,1.84612022609931,0.044914853358562,0.0492235845904252,,,,,,,,,,,,,,,,,,,,,,,,,,,,,,,,,2016.0,1994-10-29,,,2024,3
Adam Trautman,DEN,TE,14870,weighted,,,,,,,0.0,0.0,0.0,0.0,0.0,0.0,,,,,0.851300851466414,0.513479038085476,7.10291548407443,4.33712000389226,0.0417975402081362,0.0776766674617528,,,,,,,,,,,,,,,,,,,,,,,,,,,,,,,,,2020.0,1997-02-05,,,2024,3
Charlie Woerner,ATL,TE,14984,weighted,,,,,,,0.0,0.0,0.0,0.0,0.0,0.0,,,,,0.899758588672238,0.579808594174735,8.57649025069638,5.32090153398298,0.0149489322191272,0.02816563939951,,,,,,,,,,,,,,,,,,,,,,,,,,,,,,,,,2020.0,1997-10-16,,,2024,3
Jake Tonges,SF,TE,16036,weighted,,,,,,,0.0,0.0,0.0,0.0,0.0,0.0,,,,,1.11478180129991,0.4999051091738,11.5959517177344,4.63567484904771,0.0756174558960074,0.0622721237763142,,,,,,,,,,,,,,,,,,,,,,,,,,,,,,,,,2022.0,1999-07-08,,,2024,3
Ja'Tavion Sanders,CAR,TE,16643,weighted,,,,,,,0.0,0.0,0.0,0.0,0.0,0.0,,,,,1.09304162724693,0.564225854627766,9.75637101860612,4.26329209530415,0.0537038789025544,0.0515503557200607,,,,,,,,,,,,,,,,,,,,,,,,,,,,,,,,,2024.0,2003-03-27,,,2024,3
Josh Whyle,TEN,TE,16312,weighted,,,,,,,0.0,0.0,0.0,0.0,0.0,0.0,,,,,0.971798270893372,0.364496324232038,9.9356023054755,3.41262038092948,0.0642536023054755,0.0448496898015679,,,,,,,,,,,,,,,,,,,,,,,,,,,,,,,,,2023.0,1999-09-08,,,2024,3
Josh Oliver,MIN,TE,14209,weighted,,,,,,,0.0,0.0,0.0,0.0,0.0,0.0,,,,,1.08121570482498,0.55531707621831,9.06660122989593,3.19380497197245,0.0854777672658467,0.0705153704430032,,,,,,,,,,,,,,,,,,,,,,,,,,,,,,,,,2019.0,1997-03-21,,,2024,3
Will Mallory,IND,TE,16220,weighted,,,,,,,0.0,0.0,0.0,0.0,0.0,0.0,,,,,0.659268292682927,0.339411254969543,8.73704268292683,6.01040764008565,0.0200609756097561,0.0282842712474619,,,,,,,,,,,,,,,,,,,,,,,,,,,,,,,,,2023.0,1999-06-22,,,2024,3
Pharaoh Brown,SEA,TE,13994,weighted,,,,,,,0.0,0.0,0.0,0.0,0.0,0.0,,,,,0.813826219512195,0.544472221513641,8.7069512195122,6.05283404695685,0.0300914634146341,0.0424264068711929,,,,,,,,,,,,,,,,,,,,,,,,,,,,,,,,,2017.0,1994-05-04,Q,Foot,2024,3
Mo Alie-Cox,IND,TE,13246,weighted,,,,,,,0.0,0.0,0.0,0.0,0.0,0.0,,,,,1.10428571428571,0.546658355317938,9.79558319327731,2.12919799818042,0.105535014005602,0.0532218134393432,,,,,,,,,,,,,,,,,,,,,,,,,,,,,,,,,2016.0,1993-09-19,,,2024,3
Drew Sample,CIN,TE,14146,weighted,,,,,,,0.0,0.0,0.0,0.0,0.0386913229018492,0.042431443034162,,,,,0.72448079658606,0.519108984328638,6.44871266002845,3.97312823254699,0.0699786628733997,0.0392518761151554,,,,,,,,,,,,,,,,,,,,,,,,,,,,,,,,,2019.0,1996-04-16,,,2024,3
Jeremy Ruckert,NYJ,TE,15796,weighted,,,,,,,0.0,0.0,0.0,0.0,0.0,0.0,,,,,0.856582132564841,0.312644340605344,8.69548703170029,3.28771766366385,0.0397579250720461,0.0453967366973293,,,,,,,,,,,,,,,,,,,,,,,,,,,,,,,,,2022.0,2000-08-11,,,2024,3
Cade Stover,HOU,TE,16642,weighted,,,,,,,0.0,0.0,0.0,0.0,0.0,0.0,,,,,0.822368421052632,0.238884661209923,8.69342816500711,2.83307590249951,0.0513513513513513,0.0441719240080252,,,,,,,,,,,,,,,,,,,,,,,,,,,,,,,,,2024.0,2000-06-12,,,2024,3
Grant Calcaterra,PHI,TE,15804,weighted,,,,,,,0.0,0.0,0.0,0.0,0.0,0.0,,,,,0.915877437325905,0.167900154725799,9.42324976787372,1.56830033944136,0.0546889507892293,0.0511868173619958,,,,,,,,,,,,,,,,,,,,,,,,,,,,,,,,,2022.0,1998-12-04,,,2024,3
Darnell Washington,PIT,TE,16216,weighted,,,,,,,0.0,0.0,0.0,0.0,0.0,0.0,,,,,0.954033613445378,0.0696322246393671,8.46944201680672,1.36891325191152,0.0641792717086835,0.0422548861752166,,,,,,,,,,,,,,,,,,,,,,,,,,,,,,,,,2023.0,2001-08-17,,,2024,3
Ben Sinnott,WAS,TE,16644,weighted,,,,,,,0.0,0.0,0.0,0.0,0.0,0.0,,,,,0.298217291507269,0.39331654715081,3.59369548584545,3.72610711883298,0.0200841622035195,0.0337583608917233,,,,,,,,,,,,,,,,,,,,,,,,,,,,,,,,,2024.0,2002-06-14,,,2024,3
Andrew Ogletree,IND,TE,15916,weighted,,,,,,,0.0,0.0,0.0,0.0,0.0,0.0,,,,,0.746628733997155,0.172252630268303,7.49684210526316,1.22508778873209,0.0674395448079659,0.0469745588197221,,,,,,,,,,,,,,,,,,,,,,,,,,,,,,,,,2022.0,1998-07-28,,,2024,3
Connor Heyward,PIT,TE,15800,weighted,,,,,,,1.0,0.0,0.0,0.0,0.0,0.0,,,,,1.04984756097561,0.0707106781186548,6.99390243902439,2.82842712474619,0.0,0.0,,,,,,,,,,,,,,,,,,,,,,,,,,,,,,,,,2022.0,1999-01-22,,,2024,3
John Bates,WAS,TE,15344,weighted,,,,,,,0.0,0.0,0.0,0.0,0.0,0.0,,,,,0.941232665639445,0.226274169979695,8.34012326656394,0.940452018978108,0.0198459167950693,0.0282842712474619,,,,,,,,,,,,,,,,,,,,,,,,,,,,,,,,,2021.0,1997-11-06,,,2024,3
Payne Durham,TB,TE,16218,weighted,,,,,,,0.0,0.0,0.0,0.0,0.0,0.0,,,,,0.619451219512195,0.254558441227157,6.68797256097561,3.25976226126998,0.0150457317073171,0.0212132034355964,,,,,,,,,,,,,,,,,,,,,,,,,,,,,,,,,2023.0,2000-06-15,,,2024,3
Jared Wiley,KC,TE,16648,weighted,,,,,,,0.0,0.0,0.0,0.0,0.0667177914110429,0.0288901637809316,,,,,0.548098159509202,0.213944403307644,5.20925357873211,2.69115715396066,0.0300613496932515,0.0300924035269276,,,,,,,,,,,,,,,,,,,,,,,,,,,,,,,,,2024.0,2000-11-02,,,2024,3
Brock Wright,DET,TE,15626,weighted,,,,,,,0.0,0.0,0.0,0.0,0.0,0.0,,,,,0.444028629856851,0.659416789065621,4.78486707566462,3.34751394310724,0.0367280163599182,0.055149135622888,,,,,,,,,,,,,,,,,,,,,,,,,,,,,,,,,2021.0,1998-11-27,,,2024,3
Charlie Kolar,BAL,TE,15795,weighted,,,,,,,0.0,0.0,0.0,0.0,0.0,0.0,,,,,0.661078582434515,0.197989898732233,6.82909090909091,1.66877200360025,0.0198459167950693,0.0282842712474619,,,,,,,,,,,,,,,,,,,,,,,,,,,,,,,,,2022.0,1999-02-10,,,2024,3
Taysom Hill,NO,TE,13424,weighted,,,,,,,,,0.0,,0.0,0.0,,,,,0.930296610169492,0.106066017177982,7.8,1.2592179987837101e-15,0.0,0.0,,,,,,,,,,,,,,,,,,,,,,,,,,,,,,,,,2017.0,1990-08-23,D,Chest,2024,3
Dallin Holker,NO,TE,16807,weighted,,,,,,,1.0,,0.0,,0.0,,,,,,0.8,,7.0,,0.0,,,,,,,,,,,,,,,,,,,,,,,,,,,,,,,,,,2024.0,2000-04-07,,,2024,3
Lucas Krull,DEN,TE,15970,weighted,,,,,,,0.0,0.0,0.0,0.0,0.0,0.0,,,,,0.200770416024653,0.14142135623731,3.0253312788906,2.81428498912246,0.0049614791987673,0.0070710678118654,,,,,,,,,,,,,,,,,,,,,,,,,,,,,,,,,2022.0,1998-07-11,,,2024,3
Stone Smartt,LAC,TE,16113,weighted,,,,,,,0.0,0.0,0.0,0.0,0.0,0.0,,,,,0.236830265848671,0.319998792400839,2.38022494887526,2.27498700267363,0.0032924335378323,0.0057556646814168,,,,,,,,,,,,,,,,,,,,,,,,,,,,,,,,,2022.0,1998-10-04,,,2024,3
AJ Barner,SEA,TE,16723,weighted,,,,,,,0.0,,0.0,,0.0,,,,,,0.7,,5.0,,0.0,,,,,,,,,,,,,,,,,,,,,,,,,,,,,,,,,,2024.0,2002-05-03,,,2024,3
Quintin Morris,BUF,TE,15341,weighted,,,,,,,0.0,0.0,0.0,0.0,0.0,0.0,,,,,0.350457317073171,0.212132034355964,3.00108231707317,2.82135605693432,0.0300914634146341,0.0424264068711929,,,,,,,,,,,,,,,,,,,,,,,,,,,,,,,,,2021.0,1999-01-21,,,2024,3
Nick Vannett,TEN,TE,12680,weighted,,,,,,,0.0,,0.0,,0.0,,,,,,0.4,,2.0,,0.0,,,,,,,,,,,,,,,,,,,,,,,,,,,,,,,,,,2016.0,1993-03-06,,,2024,3
Ben Sims,GB,TE,16483,weighted,,,,,,,0.0,0.0,0.0,0.0,0.0,0.0,,,,,0.301540832049307,0.282842712474619,2.47186440677966,2.17788888605457,0.0503852080123267,0.0707106781186548,,,,,,,,,,,,,,,,,,,,,,,,,,,,,,,,,2023.0,2000-05-16,,,2024,3
Harrison Bryant,LVR,TE,14875,weighted,,,,,,,0.0,0.0,0.0,0.0,0.0,0.0,,,,,0.505731895223421,0.134350288425444,3.89580893682589,0.148492424049175,0.0652696456086287,0.0494974746830583,,,,,,,,,,,,,,,,,,,,,,,,,,,,,,,,,2020.0,1970-01-01,,,2024,3
Jaheim Bell,NE,TE,16646,weighted,,,,,,,0.0,,0.0,,0.0,,,,,,0.5,,4.0,,0.0,,,,,,,,,,,,,,,,,,,,,,,,,,,,,,,,,,2024.0,2001-06-14,,,2024,3
Tip Reiman,ARI,TE,16706,weighted,,,,,,,0.0,,0.0,,0.0,,,,,,0.5,,4.0,,0.0,,,,,,,,,,,,,,,,,,,,,,,,,,,,,,,,,,2024.0,2001-09-17,,,2024,3
Julian Hill,MIA,TE,16425,weighted,,,,,,,0.0,0.0,0.0,0.0,0.0751926040061633,0.0353553390593274,,,,,0.306502311248074,0.275771644662754,2.47186440677966,2.17788888605457,0.0,0.0,,,,,,,,,,,,,,,,,,,,,,,,,,,,,,,,,2023.0,2000-07-09,,,2024,3
Brevyn Spann-Ford,DAL,TE,16647,weighted,,,,,,,0.0,,0.0,,0.0,,,,,,0.24,,2.39,,0.02,,,,,,,,,,,,,,,,,,,,,,,,,,,,,,,,,,2024.0,1999-12-27,,,2024,3
Nate Adkins,DEN,TE,16474,weighted,,,,,,,0.0,,0.0,,0.0,,,,,,0.1,,1.0,,0.01,,,,,,,,,,,,,,,,,,,,,,,,,,,,,,,,,,2023.0,1999-07-09,,,2024,3
Jordan Matthews,FA,TE,11676,weighted,,,,,,,0.0,,0.0,,0.0,,,,,,0.11,,1.15,,0.01,,,,,,,,,,,,,,,,,,,,,,,,,,,,,,,,,,2014.0,1992-07-16,,,2024,3
Ko Kieft,TB,TE,15929,weighted,,,,,,,0.0,0.0,0.0,0.0,0.0,0.0,,,,,0.155346687211094,0.0636396103067893,1.05457627118644,0.0777817459305203,0.0049614791987673,0.0070710678118654,,,,,,,,,,,,,,,,,,,,,,,,,,,,,,,,,2022.0,1998-01-20,,,2024,3
Donald Parham,FA,TE,14341,weighted,,,,,,,0.0,,0.0,,0.0,,,,,,0.1,,1.08,,0.01,,,,,,,,,,,,,,,,,,,,,,,,,,,,,,,,,,2019.0,,,,2024,3
Tyler Bass,BUF,K,14983,weighted,,,,,,,,,,,,,,,,,,,,,,,0.0,0.0,0.418461790966386,0.0627275731891391,0.722279083508403,0.0864880745638042,0.476330094537815,0.049761430760569,0.127060628939076,0.0863353048975672,3.00688058035714,0.227426282141431,,,,,,,,,,,,,,,,,,,,,2020.0,1997-02-14,,,2024,3
Blake Grupe,NO,K,16444,weighted,,,,,,,,,,,,,,,,,,,,,,,0.0,0.0,0.581529017857143,0.105207331569826,0.495474330357143,0.0506445487461439,0.481640625,0.0433523803912557,0.273952287946429,0.170679547832284,2.54756138392857,0.543613320618266,,,,,,,,,,,,,,,,,,,,,2023.0,1998-11-05,,,2024,3
Harrison Butker,KC,K,13354,weighted,,,,,,,,,,,,,,,,,,,,,,,0.105041719812925,0.0222450649769459,0.61039400135054,0.131594020276363,0.679891112695078,0.142873632607413,0.468704544317727,0.0995278445141202,0.261975338904501,0.152399947660308,2.66380022321429,0.462753156172935,,,,,,,,,,,,,,,,,,,,,2017.0,1995-07-14,,,2024,3
Evan McPherson,CIN,K,15368,weighted,,,,,,,,,,,,,,,,,,,,,,,0.0,0.0,0.450680116500429,0.0275963835175663,0.535721608885671,0.0263476271738529,0.567297079445517,0.0362297709410131,0.250387843200343,0.144105304691206,2.87764508928571,0.259658870740197,,,,,,,,,,,,,,,,,,,,,2021.0,1999-07-21,,,2024,3
Jake Moody,SF,K,16286,weighted,,,,,,,,,,,,,,,,,,,,,,,0.0,0.0,0.578191600648493,0.152640911109543,0.659638383422231,0.173404124779604,0.51643345989219,0.135183595297211,0.221560486563637,0.125705404587716,2.71134486607143,0.433447778702829,,,,,,,,,,,,,,,,,,,,,2023.0,1999-11-23,,,2024,3
Jake Bates,DET,K,16846,weighted,,,,,,,,,,,,,,,,,,,,,,,0.0,0.0,0.485566716269841,0.0670975289980677,0.825642361111111,0.190889478905179,0.397914186507937,0.106721900399127,0.104000496031746,0.0626038260247893,2.83725446428571,0.240931928969445,,,,,,,,,,,,,,,,,,,,,2023.0,1999-03-03,,,2024,3
Daniel Carlson,LVR,K,13718,weighted,,,,,,,,,,,,,,,,,,,,,,,0.0,0.0,0.512722829433497,0.0205126216022626,0.595542256773399,0.0298143416381534,0.429903402093596,0.0182171470884269,0.273135391009852,0.170754336775132,2.38931361607143,0.385792343333478,,,,,,,,,,,,,,,,,,,,,2018.0,1995-01-23,,,2024,3
Chase McLaughlin,TB,K,14717,weighted,,,,,,,,,,,,,,,,,,,,,,,0.0,0.0,0.450404600026138,0.0350171843093046,0.672753752168282,0.0758501790176369,0.343472556375345,0.0796814421081324,0.283644615530843,0.171899392228115,2.484609375,0.419691621253711,,,,,,,,,,,,,,,,,,,,,2019.0,1996-04-09,,,2024,3
Jason Myers,SEA,K,12437,weighted,,,,,,,,,,,,,,,,,,,,,,,0.0,0.0,0.491182208994709,0.0379997608037994,0.710003720238095,0.0945468803951812,0.525676669973545,0.031130456311622,0.166181795634921,0.102635124135972,2.36040178571429,0.441639711175751,,,,,,,,,,,,,,,,,,,,,,1991-05-12,,,2024,3
Jake Elliott,PHI,K,13303,weighted,,,,,,,,,,,,,,,,,,,,,,,0.0,0.0,0.514199140085028,0.139919095157107,0.494649519386157,0.124090008061617,0.396015065604644,0.120248180657698,0.175164338571967,0.11668689137012,2.6017578125,0.367463809346085,,,,,,,,,,,,,,,,,,,,,2017.0,1995-01-21,,,2024,3
Matt Prater,ARI,K,8930,weighted,,,,,,,,,,,,,,,,,,,,,,,0.0,0.0,0.344658637004443,0.0936187307243162,0.543243308911483,0.137216720445942,0.39070539452324,0.0973035105691867,0.278877502705628,0.214067188200584,2.34376674107143,0.439330770556246,,,,,,,,,,,,,,,,,,,,,2006.0,1984-08-10,,,2024,3
Brandon Aubrey,DAL,K,16414,weighted,,,,,,,,,,,,,,,,,,,,,,,0.0,0.0,0.475727952656815,0.131440369124112,0.626950778743772,0.127490011508568,0.550249567009078,0.124842432873485,0.356748828293859,0.246838969764126,2.43247209821429,0.421216212367026,,,,,,,,,,,,,,,,,,,,,2023.0,1995-03-14,,,2024,3
Kaimi Fairbairn,HOU,K,12860,weighted,,,,,,,,,,,,,,,,,,,,,,,0.0,0.0,0.539061702806122,0.124631414974095,0.614887595663265,0.143364318601707,0.432120801445578,0.111237883370727,0.385195127293342,0.289860847422335,2.1640234375,0.495609169141443,,,,,,,,,,,,,,,,,,,,,2016.0,1994-01-29,,,2024,3
Justin Tucker,BAL,K,10976,weighted,,,,,,,,,,,,,,,,,,,,,,,0.0,0.0,0.581158390500628,0.0748760963257093,0.612623324256389,0.0545390841639712,0.612623324256389,0.0545390841639712,0.135395501675744,0.103670388338649,2.41068080357143,0.385959272479131,,,,,,,,,,,,,,,,,,,,,2012.0,1989-11-21,,,2024,3
Jason Sanders,MIA,K,13832,weighted,,,,,,,,,,,,,,,,,,,,,,,0.0,0.0,0.310538435692279,0.0991770678092043,0.470211680237676,0.154567160610548,0.382620999434105,0.118378215877362,0.129178213814135,0.105903833503213,2.31310267857143,0.335730401210624,,,,,,,,,,,,,,,,,,,,,2018.0,1995-11-16,,,2024,3
Will Reichard,MIN,K,16681,weighted,,,,,,,,,,,,,,,,,,,,,,,0.0,0.0,0.589251925529827,0.150954749220296,0.633120523449764,0.126487953622411,0.368699960753532,0.0927535804727946,0.106017832613815,0.0598540868827933,2.10420200892857,0.17218424991991,,,,,,,,,,,,,,,,,,,,,2024.0,2001-01-09,,,2024,3
Dustin Hopkins,CLE,K,11387,weighted,,,,,,,,,,,,,,,,,,,,,,,0.0,0.0,0.434504649156442,0.0253210248488627,0.547424613825592,0.0325330394732403,0.518799264625329,0.0305401487021628,0.250883990195004,0.169837188326573,2.06462611607143,0.249698913510464,,,,,,,,,,,,,,,,,,,,,2013.0,1990-10-01,,,2024,3
Brayden Narveson,GB,K,16873,weighted,,,,,,,,,,,,,,,,,,,,,,,0.0,0.0,0.40011933818822,0.152631902950147,0.53889002337891,0.240267172221257,0.40011933818822,0.152631902950147,0.088718375594476,0.0779748584581789,2.09548549107143,0.163024513532728,,,,,,,,,,,,,,,,,,,,,2024.0,1999-09-28,,,2024,3
Greg Zuerlein,NYJ,K,10868,weighted,,,,,,,,,,,,,,,,,,,,,,,0.0,0.0,0.442026180263772,0.0316753586392612,0.61573737307423,0.0493368604134491,0.582347798494398,0.0598012939853532,0.209237241771709,0.116629312105952,1.95857142857143,0.373591586697776,,,,,,,,,,,,,,,,,,,,,2012.0,1987-12-27,,,2024,3
Younghoe Koo,ATL,K,13403,weighted,,,,,,,,,,,,,,,,,,,,,,,0.0,0.0,0.565251383074163,0.0510947483329791,0.649490638884142,0.064735768878549,0.429399697752905,0.021024153699587,0.192059271936945,0.11963771036356,2.07198660714286,0.248529286286161,,,,,,,,,,,,,,,,,,,,,2017.0,1994-08-03,,,2024,3
Joshua Karty,LAR,K,16775,weighted,,,,,,,,,,,,,,,,,,,,,,,0.0,0.0,0.662704382277546,0.156199908459189,0.452981458550574,0.088813929390503,0.513491131169621,0.0882980221399497,0.140962862791102,0.0763589517159366,1.98208705357143,0.238590940508405,,,,,,,,,,,,,,,,,,,,,2024.0,2002-03-07,Q,Groin,2024,3
Cam Little,JAC,K,16680,weighted,,,,,,,,,,,,,,,,,,,,,,,0.0,0.0,0.507218003155209,0.0975126428051388,0.561589101100967,0.100693898016113,0.449349699583781,0.075677445243986,0.180620489560956,0.106261700284391,1.96359933035714,0.184672911121705,,,,,,,,,,,,,,,,,,,,,2024.0,2003-08-17,,,2024,3
Cairo Santos,CHI,K,11945,weighted,,,,,,,,,,,,,,,,,,,,,,,0.0,0.0,0.475087404189956,0.0350096012907469,0.557238969001726,0.047998373843206,0.510176266079648,0.0237466026801684,0.277295607379171,0.205049506380176,1.98907924107143,0.108564881862699,,,,,,,,,,,,,,,,,,,,,2014.0,1991-11-12,,,2024,3
Matt Gay,IND,K,14244,weighted,,,,,,,,,,,,,,,,,,,,,,,0.0,0.0,0.507966827078465,0.131652311017243,0.712248476036125,0.185130539314175,0.446208686322162,0.122435869890667,0.241051500111879,0.135504285495487,2.02766741071429,0.0873958105303248,,,,,,,,,,,,,,,,,,,,,2019.0,1994-03-15,,,2024,3
Chris Boswell,PIT,K,11936,weighted,,,,,,,,,,,,,,,,,,,,,,,0.0,0.0,0.470746559372157,0.136975810627424,0.443834700580073,0.116837867218335,0.457290629976115,0.115039916233513,0.250985365483773,0.214515383256681,1.92713727678571,0.231834223397296,,,,,,,,,,,,,,,,,,,,,2014.0,1991-03-16,,,2024,3
Cameron Dicker,LAC,K,15979,weighted,,,,,,,,,,,,,,,,,,,,,,,0.0,0.0,0.528330934434596,0.142810954891068,0.54523185226622,0.146191246301835,0.659588055273739,0.174886533972851,0.203390326628865,0.118320555297298,1.97255580357143,0.0762351119623116,,,,,,,,,,,,,,,,,,,,,2022.0,2000-05-06,,,2024,3
Nick Folk,TEN,K,8851,weighted,,,,,,,,,,,,,,,,,,,,,,,0.0,0.0,0.517201026243831,0.0837625852143499,0.547097333725157,0.0919616803376697,0.517201026243831,0.0837625852143499,0.14015545801654,0.0760228770857595,1.90853794642857,0.138966915838187,,,,,,,,,,,,,,,,,,,,,2007.0,1984-11-05,,,2024,3
Joey Slye,NE,K,14600,weighted,,,,,,,,,,,,,,,,,,,,,,,0.0,0.0,0.537655865147783,0.0820390732082907,0.68443176570197,0.126109670817116,0.364050954433498,0.0867897608773152,0.152152286022167,0.0817464451220929,1.64718191964286,0.405576422111977,,,,,,,,,,,,,,,,,,,,,2019.0,1996-04-10,,,2024,3
Wil Lutz,DEN,K,12956,weighted,,,,,,,,,,,,,,,,,,,,,,,0.0,0.0,0.541685037039451,0.101050679735512,0.634510476407716,0.12244529027807,0.420665691801356,0.0765689783822961,0.122836953097845,0.0752440733013763,1.84643415178571,0.242035650112447,,,,,,,,,,,,,,,,,,,,,2016.0,1994-07-07,,,2024,3
Austin Seibert,WAS,K,14258,weighted,,,,,,,,,,,,,,,,,,,,,,,0.0,0.0,0.425338528658841,0.282152394394332,0.493242538711289,0.160100283317234,0.428248275162338,0.138435733720969,0.0625847199675325,0.0493350614030411,1.88316964285714,0.256172608215217,,,,,,,,,,,,,,,,,,,,,2019.0,,,,2024,3
Greg Joseph,NYG,K,13898,weighted,,,,,,,,,,,,,,,,,,,,,,,0.0,0.0,0.362960164835165,0.112499906295551,0.417692307692308,0.131175252633381,0.290944368131868,0.116282472486568,0.157464800824176,0.111098054216753,1.58373325892857,0.363925326888565,,,,,,,,,,,,,,,,,,,,,2018.0,1970-01-01,,,2024,3
Eddy Pineiro,CAR,K,13719,weighted,,,,,,,,,,,,,,,,,,,,,,,0.0,0.0,0.294782366071429,0.0910653834706044,0.44194568452381,0.138865557045879,0.385779389880952,0.134977051815089,0.120283854166667,0.0828244117134184,1.55654575892857,0.411333295970524,,,,,,,,,,,,,,,,,,,,,2018.0,1995-09-13,,,2024,3
Eagles,PHI,DST,518,weighted,,,,,,,,,,,,,,,,,,,,,,,,,,,,,,,,,,,0.689089337175792,0.207258806844951,2.23063976945245,0.446761672382287,0.025028818443804,0.0172163137953376,0.0884610951008646,0.0508320811210198,,,,,,,,,,,,,,,,,2024,3
Commanders,WAS,DST,520,weighted,,,,,,,,,,,,,,,,,,,,,,,,,,,,,,,,,,,0.668224783861671,0.243164398745941,2.5707204610951,0.680766975231621,0.025028818443804,0.0172163137953376,0.0677579250720461,0.0603990769611413,,,,,,,,,,,,,,,,,2024,3
Titans,TEN,DST,508,weighted,,,,,,,,,,,,,,,,,,,,,,,,,,,,,,,,,,,0.752559077809798,0.315516693392445,2.55145821325648,0.777870264738931,0.0350403458213256,0.0241028393134727,0.131850144092219,0.0831180372142482,,,,,,,,,,,,,,,,,2024,3
Rams,LAR,DST,528,weighted,,,,,,,,,,,,,,,,,,,,,,,,,,,,,,,,,,,0.681371757925072,0.184691540809854,2.1895446685879,0.28516625097527,0.0799769452449568,0.0137730510362701,0.0715100864553314,0.0641919358663598,,,,,,,,,,,,,,,,,2024,3
Cardinals,ARI,DST,519,weighted,,,,,,,,,,,,,,,,,,,,,,,,,,,,,,,,,,,0.670201729106628,0.242053365199793,1.98086455331412,0.106416774062741,0.0300345821325648,0.0206595765544051,0.0885014409221902,0.0494560582684761,,,,,,,,,,,,,,,,,2024,3
Dolphins,MIA,DST,503,weighted,,,,,,,,,,,,,,,,,,,,,,,,,,,,,,,,,,,0.754536023054755,0.184266482893868,2.33521037463977,0.223442480884606,0.0300345821325648,0.0206595765544051,0.111060518731988,0.0720745589536471,,,,,,,,,,,,,,,,,2024,3
Lions,DET,DST,522,weighted,,,,,,,,,,,,,,,,,,,,,,,,,,,,,,,,,,,0.785262247838617,0.148795181038005,2.24680691642651,0.183859007148666,0.074971181556196,0.0172163137953376,0.0733256484149856,0.0684690524756804,,,,,,,,,,,,,,,,,2024,3
Jaguars,JAC,DST,509,weighted,,,,,,,,,,,,,,,,,,,,,,,,,,,,,,,,,,,0.731902017291066,0.187918821046148,2.05841498559078,0.137726398919337,0.025028818443804,0.0172163137953376,0.0884610951008646,0.0508320811210198,,,,,,,,,,,,,,,,,2024,3
Falcons,ATL,DST,526,weighted,,,,,,,,,,,,,,,,,,,,,,,,,,,,,,,,,,,0.683481268011527,0.208091848430505,2.14971181556196,0.172389321711334,0.074971181556196,0.0172163137953376,0.0884610951008646,0.0508320811210198,,,,,,,,,,,,,,,,,2024,3
Patriots,NE,DST,504,weighted,,,,,,,,,,,,,,,,,,,,,,,,,,,,,,,,,,,0.644662824207493,0.230685813627006,2.26812680115274,0.368019446196399,0.0300345821325648,0.0206595765544051,0.0922132564841499,0.0539272018547821,,,,,,,,,,,,,,,,,2024,3
Cowboys,DAL,DST,516,weighted,,,,,,,,,,,,,,,,,,,,,,,,,,,,,,,,,,,0.781510086455331,0.152334319440039,2.30265129682997,0.25702875928928,0.025028818443804,0.0172163137953376,0.116749279538905,0.0731647241564952,,,,,,,,,,,,,,,,,2024,3
Bears,CHI,DST,521,weighted,,,,,,,,,,,,,,,,,,,,,,,,,,,,,,,,,,,0.877636887608069,0.260538206993791,2.34880691642651,0.19544250782923,0.0300345821325648,0.0206595765544051,0.152507204610951,0.145359710417026,,,,,,,,,,,,,,,,,2024,3
Ravens,BAL,DST,531,weighted,,,,,,,,,,,,,,,,,,,,,,,,,,,,,,,,,,,0.813435158501441,0.107640108434734,2.65835158501441,0.469248346594753,0.025028818443804,0.0172163137953376,0.101654178674352,0.0617061862555287,,,,,,,,,,,,,,,,,2024,3
Giants,NYG,DST,517,weighted,,,,,,,,,,,,,,,,,,,,,,,,,,,,,,,,,,,0.815371757925072,0.208570311570865,2.82955043227666,0.231051981336611,0.0300345821325648,0.0206595765544051,0.112956772334294,0.0721732056827746,,,,,,,,,,,,,,,,,2024,3
Saints,NO,DST,529,weighted,,,,,,,,,,,,,,,,,,,,,,,,,,,,,,,,,,,0.905936599423631,0.238502187007647,2.30691642651297,0.177618177330514,0.0300345821325648,0.0206595765544051,0.0940691642651297,0.0565343995261212,,,,,,,,,,,,,,,,,2024,3
Vikings,MIN,DST,524,weighted,,,,,,,,,,,,,,,,,,,,,,,,,,,,,,,,,,,0.773752161383285,0.199265064836772,2.92902593659942,0.411515908992057,0.0300345821325648,0.0206595765544051,0.111060518731988,0.0720745589536471,,,,,,,,,,,,,,,,,2024,3
Broncos,DEN,DST,511,weighted,,,,,,,,,,,,,,,,,,,,,,,,,,,,,,,,,,,0.777389048991354,0.178594102151685,2.65089337175793,0.302100525001798,0.129919308357349,0.0482056786269453,0.0752622478386167,0.0682053449956167,,,,,,,,,,,,,,,,,2024,3
Chiefs,KC,DST,512,weighted,,,,,,,,,,,,,,,,,,,,,,,,,,,,,,,,,,,0.679884726224784,0.246412793769847,2.48779250720461,0.385406125430047,0.025028818443804,0.0172163137953376,0.147025936599424,0.0824503878492714,,,,,,,,,,,,,,,,,2024,3
Panthers,CAR,DST,527,weighted,,,,,,,,,,,,,,,,,,,,,,,,,,,,,,,,,,,0.695025936599424,0.184950950446012,1.93263976945245,0.354843060341625,0.0350403458213256,0.0241028393134727,0.0997579250720461,0.0599745912706175,,,,,,,,,,,,,,,,,2024,3
Colts,IND,DST,502,weighted,,,,,,,,,,,,,,,,,,,,,,,,,,,,,,,,,,,0.813515850144092,0.10624561277027,2.60201729106628,0.406924029921931,0.0799769452449568,0.0137730510362701,0.118524495677233,0.0767917987074435,,,,,,,,,,,,,,,,,2024,3
Bills,BUF,DST,501,weighted,,,,,,,,,,,,,,,,,,,,,,,,,,,,,,,,,,,0.943665706051873,0.263936191913977,2.53314121037464,0.389979256673947,0.0300345821325648,0.0206595765544051,0.158115273775216,0.145334202773078,,,,,,,,,,,,,,,,,2024,3
Seahawks,SEA,DST,515,weighted,,,,,,,,,,,,,,,,,,,,,,,,,,,,,,,,,,,0.897769452449568,0.130327887475759,2.45237463976945,0.293587661568491,0.0350403458213256,0.0241028393134727,0.131850144092219,0.0831180372142482,,,,,,,,,,,,,,,,,2024,3
Texans,HOU,DST,532,weighted,,,,,,,,,,,,,,,,,,,,,,,,,,,,,,,,,,,0.973250720461095,0.202938282216032,3.16126801152738,0.627467759348574,0.0300345821325648,0.0206595765544051,0.114772334293948,0.0750543463941443,,,,,,,,,,,,,,,,,2024,3
Browns,CLE,DST,507,weighted,,,,,,,,,,,,,,,,,,,,,,,,,,,,,,,,,,,0.859198847262248,0.147305200655526,3.59593083573487,0.760963581022133,0.13492507204611,0.0447624158678778,0.16578674351585,0.0902147851200182,,,,,,,,,,,,,,,,,2024,3
49ers,SF,DST,530,weighted,,,,,,,,,,,,,,,,,,,,,,,,,,,,,,,,,,,0.847492795389049,0.0981357160887702,2.60091066282421,0.359030989479307,0.025028818443804,0.0172163137953376,0.13378674351585,0.0823563720943147,,,,,,,,,,,,,,,,,2024,3
Packers,GB,DST,523,weighted,,,,,,,,,,,,,,,,,,,,,,,,,,,,,,,,,,,0.909971181556196,0.241044260740398,2.65297406340058,0.398300012091273,0.0300345821325648,0.0206595765544051,0.1015734870317,0.0638688071953123,,,,,,,,,,,,,,,,,2024,3
Steelers,PIT,DST,510,weighted,,,,,,,,,,,,,,,,,,,,,,,,,,,,,,,,,,,0.840230547550432,0.24504908917146,2.43271469740634,0.283463867770416,0.0799769452449568,0.0137730510362701,0.118691642651297,0.104363101616178,,,,,,,,,,,,,,,,,2024,3
Bengals,CIN,DST,506,weighted,,,,,,,,,,,,,,,,,,,,,,,,,,,,,,,,,,,0.874132564841499,0.167110121617464,2.43310662824207,0.240578123834908,0.0350403458213256,0.0241028393134727,0.111146974063401,0.0997338803385705,,,,,,,,,,,,,,,,,2024,3
Chargers,LAC,DST,514,weighted,,,,,,,,,,,,,,,,,,,,,,,,,,,,,,,,,,,0.772023054755043,0.173529864722129,2.79244956772334,0.233878589190793,0.0400461095100865,0.0275461020725402,0.113083573487032,0.0998396010881977,,,,,,,,,,,,,,,,,2024,3
Raiders,LVR,DST,513,weighted,,,,,,,,,,,,,,,,,,,,,,,,,,,,,,,,,,,0.905723342939481,0.131124225533741,2.62434005763689,0.532586508471083,0.0849827089337176,0.0103297882772026,0.171400576368876,0.108311549274828,,,,,,,,,,,,,,,,,2024,3
Jets,NYJ,DST,505,weighted,,,,,,,,,,,,,,,,,,,,,,,,,,,,,,,,,,,0.825250720461095,0.18081872823387,2.60182132564842,0.758961706498612,0.0799769452449568,0.0137730510362701,0.160138328530259,0.0874025646011225,,,,,,,,,,,,,,,,,2024,3
Buccaneers,TB,DST,525,weighted,,,,,,,,,,,,,,,,,,,,,,,,,,,,,,,,,,,0.885435158501441,0.086971724476901,2.35538904899135,0.38216076161838,0.0849827089337176,0.0103297882772026,0.11485878962536,0.103715523334118,,,,,,,,,,,,,,,,,2024,3
Maxx Crosby,LVR,DL,14225,weighted,,,,,,,,,,,,,,,,,,,,,,,,,,,,,,,,,,,,,,,,,,,,,3.63078922934076,1.25426835477651,,,0.0049767873723305,0.0047757395754293,0.155208913649025,0.0429816561788645,0.0049767873723305,0.0047757395754293,2019.0,1997-08-22,Q,Ankle,2024,3
Carl Granderson,NO,DL,14405,weighted,,,,,,,,,,,,,,,,,,,,,,,,,,,,,,,,,,,,,,,,,,,,,3.05897864438254,1.20554062478743,,,0.0,0.0,0.114930362116992,0.0143272187262882,0.0049767873723305,0.0047757395754293,2019.0,1996-12-18,,,2024,3
Kobie Turner,LAR,DL,16282,weighted,,,,,,,,,,,,,,,,,,,,,,,,,,,,,,,,,,,,,,,,,,,,,2.92813559322034,2.17788888605457,,,0.0049614791987673,0.0070710678118654,0.114884437596302,0.0212132034355964,0.0049614791987673,0.0070710678118654,2023.0,1999-04-26,,,2024,3
Dexter Lawrence,NYG,DL,14159,weighted,,,,,,,,,,,,,,,,,,,,,,,,,,,,,,,,,,,,,,,,,,,,,2.74573816155989,1.28222787141485,,,0.0,0.0,0.165162488393686,0.0334301770280057,0.0049767873723305,0.0047757395754293,2019.0,1997-11-12,,,2024,3
Christian Wilkins,LVR,DL,14162,weighted,,,,,,,,,,,,,,,,,,,,,,,,,,,,,,,,,,,,,,,,,,,,,2.84321262766945,1.19107118458263,,,0.0049767873723305,0.0047757395754293,0.129860724233983,0.0286544374525763,0.0049767873723305,0.0047757395754293,2019.0,1970-01-01,Q,Knee,2024,3
Zach Allen,DEN,DL,14153,weighted,,,,,,,,,,,,,,,,,,,,,,,,,,,,,,,,,,,,,,,,,,,,,3.09229583975347,1.41421356237309,,,0.0099229583975346,0.014142135623731,0.124807395993837,0.0353553390593274,0.0049614791987673,0.0070710678118654,2019.0,1997-08-20,,,2024,3
Jared Verse,LAR,DL,16653,weighted,,,,,,,,,,,,,,,,,,,,,,,,,,,,,,,,,,,,,,,,,,,,,3.17255338904364,0.855066076863239,,,0.0099535747446611,0.0095514791508587,0.129860724233983,0.0286544374525763,0.0049767873723305,0.0047757395754293,2024.0,2000-11-04,,,2024,3
Malcolm Roach,DEN,DL,15089,weighted,,,,,,,,,,,,,,,,,,,,,,,,,,,,,,,,,,,,,,,,,,,,,2.9372,1.37885822331377,,,0.01,0.0,0.18,3.96503188151261e-17,0.01,0.0,2020.0,1998-06-09,,,2024,3
Danielle Hunter,HOU,DL,12221,weighted,,,,,,,,,,,,,,,,,,,,,,,,,,,,,,,,,,,,,,,,,,,,,2.90872794800371,0.87838726949106,,,0.0,0.0,0.140278551532033,0.0573088749051527,0.0049767873723305,0.0047757395754293,2015.0,1994-10-29,,,2024,3
AShawn Robinson,CAR,DL,12697,weighted,,,,,,,,,,,,,,,,,,,,,,,,,,,,,,,,,,,,,,,,,,,,,3.54653312788906,0.636396103067893,,,0.0049614791987673,0.0070710678118654,0.134730354391371,0.0494974746830583,0.0049614791987673,0.0070710678118654,2016.0,1995-03-21,Q,Knee,2024,3
Harrison Phillips,MIN,DL,13693,weighted,,,,,,,,,,,,,,,,,,,,,,,,,,,,,,,,,,,,,,,,,,,,,2.51325905292479,1.21378984704423,,,0.0,0.0,0.129860724233983,0.0286544374525763,0.0,0.0,2018.0,1996-01-25,,,2024,3
Nick Bosa,SF,DL,14147,weighted,,,,,,,,,,,,,,,,,,,,,,,,,,,,,,,,,,,,,,,,,,,,,2.67831012070566,0.969762930910804,,,0.0049767873723305,0.0047757395754293,0.0950232126276695,0.0047757395754293,0.0049767873723305,0.0047757395754293,2019.0,1997-10-23,Q,Ribs,2024,3
Gregory Rousseau,BUF,DL,15346,weighted,,,,,,,,,,,,,,,,,,,,,,,,,,,,,,,,,,,,,,,,,,,,,2.76640668523677,0.878767949264711,,,0.0049767873723305,0.0047757395754293,0.160185701021356,0.0382059166034351,0.0049767873723305,0.0047757395754293,2021.0,2000-04-05,,,2024,3
Quinnen Williams,NYJ,DL,14157,weighted,,,,,,,,,,,,,,,,,,,,,,,,,,,,,,,,,,,,,,,,,,,,,2.78997333333333,1.30107647738325,,,0.01,0.0,0.14,0.0,0.01,0.0,2019.0,1997-12-21,,,2024,3
Braden Fiske,LAR,DL,16694,weighted,,,,,,,,,,,,,,,,,,,,,,,,,,,,,,,,,,,,,,,,,,,,,2.94841294298921,1.209152595829,,,0.0049614791987673,0.0070710678118654,0.07442218798151,0.106066017177982,0.0049614791987673,0.0070710678118654,2024.0,2000-01-18,,,2024,3
Micah Parsons,DAL,DL,15350,weighted,,,,,,,,,,,,,,,,,,,,,,,,,,,,,,,,,,,,,,,,,,,,,2.8091922005571,0.802692962809794,,,0.0,0.0,0.150232126276695,0.0477573957542939,0.0049767873723305,0.0047757395754293,2021.0,1999-05-26,,,2024,3
Zach Sieler,MIA,DL,13839,weighted,,,,,,,,,,,,,,,,,,,,,,,,,,,,,,,,,,,,,,,,,,,,,2.82283513097072,1.31521861300698,,,0.055346687211094,0.0636396103067893,0.170231124807396,0.0424264068711928,0.055346687211094,0.0636396103067893,2018.0,1995-09-07,,,2024,3
Sam Hubbard,CIN,DL,13684,weighted,,,,,,,,,,,,,,,,,,,,,,,,,,,,,,,,,,,,,,,,,,,,,2.73351903435469,0.816803542585789,,,0.0,0.0,0.0597214484679666,0.0573088749051527,0.0049767873723305,0.0047757395754293,2018.0,,,,2024,3
Brian Burns,NYG,DL,14171,weighted,,,,,,,,,,,,,,,,,,,,,,,,,,,,,,,,,,,,,,,,,,,,,2.94918335901387,1.06773123959169,,,0.0,0.0,0.200770416024653,0.14142135623731,0.0049614791987673,0.0070710678118654,2019.0,1998-04-23,Q,Groin,2024,3
Leonard Williams,SEA,DL,12225,weighted,,,,,,,,,,,,,,,,,,,,,,,,,,,,,,,,,,,,,,,,,,,,,2.63198767334361,1.47078210486802,,,0.0049614791987673,0.0070710678118654,0.124807395993837,0.0353553390593274,0.0049614791987673,0.0070710678118654,2015.0,1994-06-20,,,2024,3
Ed Oliver,BUF,DL,14158,weighted,,,,,,,,,,,,,,,,,,,,,,,,,,,,,,,,,,,,,,,,,,,,,2.39584029712163,1.01711012846362,,,0.0552089136490251,0.0429816561788645,0.165162488393686,0.0334301770280057,0.0049767873723305,0.0047757395754293,2019.0,1997-12-12,,,2024,3
Justin Madubuike,BAL,DL,14900,weighted,,,,,,,,,,,,,,,,,,,,,,,,,,,,,,,,,,,,,,,,,,,,,2.86483821263482,0.947523086789974,,,0.0,0.0,0.0545762711864407,0.0777817459305202,0.0049614791987673,0.0070710678118654,2020.0,1997-11-17,,,2024,3
Aidan Hutchinson,DET,DL,15805,weighted,,,,,,,,,,,,,,,,,,,,,,,,,,,,,,,,,,,,,,,,,,,,,2.61264623955432,0.737160806098729,,,0.0149303621169916,0.0143272187262882,0.265626740947075,0.128944968536593,0.0049767873723305,0.0047757395754293,2022.0,2000-08-09,,,2024,3
Kwity Paye,IND,DL,15345,weighted,,,,,,,,,,,,,,,,,,,,,,,,,,,,,,,,,,,,,,,,,,,,,2.74456824512535,0.865264273867129,,,0.0,0.0,0.1,0.0,0.0049767873723305,0.0047757395754293,2021.0,1998-11-19,,,2024,3
Will Anderson,HOU,DL,16223,weighted,,,,,,,,,,,,,,,,,,,,,,,,,,,,,,,,,,,,,,,,,,,,,2.47923862581244,0.797771214073975,,,0.0049767873723305,0.0047757395754293,0.0497678737233055,0.0477573957542939,0.0049767873723305,0.0047757395754293,2023.0,2001-09-02,,,2024,3
George Karlaftis,KC,DL,15808,weighted,,,,,,,,,,,,,,,,,,,,,,,,,,,,,,,,,,,,,,,,,,,,,2.35779015784587,0.929460106571433,,,0.0049767873723305,0.0047757395754293,0.109953574744661,0.0095514791508587,0.0049767873723305,0.0047757395754293,2022.0,2001-04-03,,,2024,3
Jeffery Simmons,TEN,DL,14163,weighted,,,,,,,,,,,,,,,,,,,,,,,,,,,,,,,,,,,,,,,,,,,,,2.60375963020031,1.14551298552221,,,0.0,0.0,0.104961479198767,0.0070710678118654,0.0049614791987673,0.0070710678118654,2019.0,1997-07-28,,,2024,3
Jaelan Phillips,MIA,DL,15349,weighted,,,,,,,,,,,,,,,,,,,,,,,,,,,,,,,,,,,,,,,,,,,,,2.60635761589404,0.989949493661167,,,0.1,1.98041604282243e-17,0.4,7.92166417128973e-17,0.0,0.0,2021.0,1999-05-28,,,2024,3
Montez Sweat,CHI,DL,14148,weighted,,,,,,,,,,,,,,,,,,,,,,,,,,,,,,,,,,,,,,,,,,,,,2.35485608170845,0.838042594872349,,,0.0049767873723305,0.0047757395754293,0.20544103992572,0.0907390519331584,0.0049767873723305,0.0047757395754293,2019.0,1996-09-04,,,2024,3
Trey Hendrickson,CIN,DL,13284,weighted,,,,,,,,,,,,,,,,,,,,,,,,,,,,,,,,,,,,,,,,,,,,,2.24934076137419,0.741564137911125,,,0.0,0.0,0.0800928505106778,0.0191029583017176,0.0049767873723305,0.0047757395754293,2017.0,1994-12-05,,,2024,3
Dorance Armstrong,WAS,DL,13759,weighted,,,,,,,,,,,,,,,,,,,,,,,,,,,,,,,,,,,,,,,,,,,,,2.15526462395543,0.832786258619843,,,0.0,0.0,0.1,0.0,0.0049767873723305,0.0047757395754293,2018.0,1997-06-10,,,2024,3
Joey Bosa,LAC,DL,12686,weighted,,,,,,,,,,,,,,,,,,,,,,,,,,,,,,,,,,,,,,,,,,,,,2.13629139072848,1.20208152801713,,,0.0,0.0,0.2,3.96083208564486e-17,0.0,0.0,2016.0,1995-07-11,,,2024,3
Kayvon Thibodeaux,NYG,DL,15806,weighted,,,,,,,,,,,,,,,,,,,,,,,,,,,,,,,,,,,,,,,,,,,,,2.31949860724234,0.635435318085418,,,0.0099535747446611,0.0095514791508587,0.215394614670381,0.0811875727822996,0.0049767873723305,0.0047757395754293,2022.0,2000-12-15,,,2024,3
Jayson Oweh,BAL,DL,15378,weighted,,,,,,,,,,,,,,,,,,,,,,,,,,,,,,,,,,,,,,,,,,,,,2.3764238410596,0.777817459305202,,,0.0,0.0,0.0,0.0,0.0,0.0,2021.0,1998-12-15,,,2024,3
Khalil Mack,LAC,DL,11721,weighted,,,,,,,,,,,,,,,,,,,,,,,,,,,,,,,,,,,,,,,,,,,,,2.44649006622517,0.565685424949238,,,0.0,0.0,0.6,0.0,0.0,0.0,2014.0,1991-02-22,,,2024,3
Anfernee Jennings,NE,DL,14894,weighted,,,,,,,,,,,,,,,,,,,,,,,,,,,,,,,,,,,,,,,,,,,,,2.67324503311258,0.282842712474619,,,0.0,0.0,0.0,0.0,0.0,0.0,2020.0,1997-05-01,,,2024,3
Jonathon Cooper,DEN,DL,15484,weighted,,,,,,,,,,,,,,,,,,,,,,,,,,,,,,,,,,,,,,,,,,,,,2.72675496688742,0.282842712474619,,,0.1,1.98041604282243e-17,0.1,1.98041604282243e-17,0.0,0.0,2021.0,1998-01-08,,,2024,3
T.J. Watt,PIT,DL,13214,weighted,,,,,,,,,,,,,,,,,,,,,,,,,,,,,,,,,,,,,,,,,,,,,2.64331125827815,0.0707106781186548,,,0.0,0.0,0.4,7.92166417128973e-17,0.0,0.0,2017.0,1994-10-11,,,2024,3
Jonathan Greenard,MIN,DL,14882,weighted,,,,,,,,,,,,,,,,,,,,,,,,,,,,,,,,,,,,,,,,,,,,,2.25986754966887,0.424264068711929,,,0.1,1.98041604282243e-17,0.3,0.0,0.1,1.98041604282243e-17,2020.0,1997-05-25,,,2024,3
Harold Landry,TEN,DL,13700,weighted,,,,,,,,,,,,,,,,,,,,,,,,,,,,,,,,,,,,,,,,,,,,,2.6,0.0,,,0.0,0.0,0.3,0.0,0.0,0.0,2018.0,1996-06-05,,,2024,3
Myles Garrett,CLE,DL,13198,weighted,,,,,,,,,,,,,,,,,,,,,,,,,,,,,,,,,,,,,,,,,,,,,2.06367688022284,0.468116952175966,,,0.0,0.0,0.0601857010213556,0.0382059166034351,0.0049767873723305,0.0047757395754293,2017.0,1995-12-29,,,2024,3
Andrew Van Ginkel,MIN,DL,14249,weighted,,,,,,,,,,,,,,,,,,,,,,,,,,,,,,,,,,,,,,,,,,,,,2.35668874172185,0.0707106781186548,,,0.2,3.96083208564486e-17,0.5,0.0,0.2,3.96083208564486e-17,2019.0,1995-07-01,,,2024,3
Zaven Collins,ARI,DL,15352,weighted,,,,,,,,,,,,,,,,,,,,,,,,,,,,,,,,,,,,,,,,,,,,,2.22675496688742,0.282842712474619,,,0.0,0.0,0.2,3.96083208564486e-17,0.0,0.0,2021.0,1999-05-19,,,2024,3
Josh Allen,JAC,DL,14167,weighted,,,,,,,,,,,,,,,,,,,,,,,,,,,,,,,,,,,,,,,,,,,,,2.2,0.0,,,0.1,1.98041604282243e-17,0.3,0.0,0.0,0.0,2019.0,1997-07-13,,,2024,3
Dre'Mont Jones,SEA,DL,14164,weighted,,,,,,,,,,,,,,,,,,,,,,,,,,,,,,,,,,,,,,,,,,,,,1.74649006622517,0.565685424949238,,,0.0,0.0,0.1,1.98041604282243e-17,0.0,0.0,2019.0,1997-01-05,,,2024,3
Demarcus Lawrence,DAL,DL,11769,weighted,,,,,,,,,,,,,,,,,,,,,,,,,,,,,,,,,,,,,,,,,,,,,2.11337748344371,0.14142135623731,,,0.0,0.0,0.3,0.0,0.0,0.0,2014.0,1992-04-28,,,2024,3
Boye Mafe,SEA,DL,15853,weighted,,,,,,,,,,,,,,,,,,,,,,,,,,,,,,,,,,,,,,,,,,,,,2.11337748344371,0.14142135623731,,,0.0,0.0,0.1,1.98041604282243e-17,0.0,0.0,2022.0,1998-11-30,Q,Knee,2024,3
Jadeveon Clowney,CAR,DL,11706,weighted,,,,,,,,,,,,,,,,,,,,,,,,,,,,,,,,,,,,,,,,,,,,,1.75986754966887,0.424264068711929,,,0.0,0.0,0.3,0.0,0.0,0.0,2014.0,1993-02-14,,,2024,3
Alex Highsmith,PIT,DL,14940,weighted,,,,,,,,,,,,,,,,,,,,,,,,,,,,,,,,,,,,,,,,,,,,,2.1,0.0,,,0.0,0.0,0.3,0.0,0.0,0.0,2020.0,1997-08-07,,,2024,3
Laiatu Latu,IND,DL,16651,weighted,,,,,,,,,,,,,,,,,,,,,,,,,,,,,,,,,,,,,,,,,,,,,1.4764238410596,0.777817459305202,,,0.0,0.0,0.1,1.98041604282243e-17,0.0,0.0,2024.0,2000-12-31,Q,Hip,2024,3
Michael Hoecht,LAR,DL,15565,weighted,,,,,,,,,,,,,,,,,,,,,,,,,,,,,,,,,,,,,,,,,,,,,2.05668874172185,0.0707106781186548,,,0.0,0.0,0.1,1.98041604282243e-17,0.0,0.0,2020.0,1997-10-05,,,2024,3
Joe Tryon,TB,DL,15379,weighted,,,,,,,,,,,,,,,,,,,,,,,,,,,,,,,,,,,,,,,,,,,,,1.65986754966887,0.424264068711929,,,0.0,0.0,0.0,0.0,0.0,0.0,2021.0,1999-04-30,,,2024,3
Tyree Wilson,LVR,DL,16226,weighted,,,,,,,,,,,,,,,,,,,,,,,,,,,,,,,,,,,,,,,,,,,,,1.54649006622517,0.565685424949238,,,0.0,0.0,0.1,1.98041604282243e-17,0.0,0.0,2023.0,2000-05-20,Q,Knee,2024,3
Ogbonnia Okoronkwo,CLE,DL,13685,weighted,,,,,,,,,,,,,,,,,,,,,,,,,,,,,,,,,,,,,,,,,,,,,1.43311258278146,0.707106781186548,,,0.0,0.0,0.1,1.98041604282243e-17,0.0,0.0,2018.0,1995-04-24,,,2024,3
Matt Judon,ATL,DL,12795,weighted,,,,,,,,,,,,,,,,,,,,,,,,,,,,,,,,,,,,,,,,,,,,,1.91337748344371,0.141421356237309,,,0.0,0.0,0.1,1.98041604282243e-17,0.0,0.0,2016.0,,,,2024,3
Michael Danna,KC,DL,14978,weighted,,,,,,,,,,,,,,,,,,,,,,,,,,,,,,,,,,,,,,,,,,,,,1.72993377483444,0.212132034355964,,,0.0,0.0,0.1,1.98041604282243e-17,0.0,0.0,2020.0,1997-12-04,,,2024,3
YaYa Diaby,TB,DL,16278,weighted,,,,,,,,,,,,,,,,,,,,,,,,,,,,,,,,,,,,,,,,,,,,,1.77006622516556,0.212132034355964,,,0.0,0.0,0.1,1.98041604282243e-17,0.0,0.0,2023.0,1999-05-30,,,2024,3
Travon Walker,JAC,DL,15815,weighted,,,,,,,,,,,,,,,,,,,,,,,,,,,,,,,,,,,,,,,,,,,,,1.77006622516556,0.212132034355964,,,0.0,0.0,0.1,1.98041604282243e-17,0.0,0.0,2022.0,2000-12-18,,,2024,3
Adam Butler,LVR,DL,13448,weighted,,,,,,,,,,,,,,,,,,,,,,,,,,,,,,,,,,,,,,,,,,,,,1.68344370860927,0.353553390593274,,,0.0,0.0,0.2,3.96083208564486e-17,0.0,0.0,,1994-04-12,,,2024,3
Grover Stewart,IND,DL,13298,weighted,,,,,,,,,,,,,,,,,,,,,,,,,,,,,,,,,,,,,,,,,,,,,1.81337748344371,0.141421356237309,,,0.0,0.0,0.1,1.98041604282243e-17,0.0,0.0,2017.0,1993-10-20,,,2024,3
Davon Godchaux,NE,DL,13317,weighted,,,,,,,,,,,,,,,,,,,,,,,,,,,,,,,,,,,,,,,,,,,,,1.72675496688742,0.282842712474619,,,0.0,0.0,0.1,1.98041604282243e-17,0.0,0.0,2017.0,1994-11-11,,,2024,3
Rashan Gary,GB,DL,14149,weighted,,,,,,,,,,,,,,,,,,,,,,,,,,,,,,,,,,,,,,,,,,,,,1.8,0.0,,,0.0,0.0,0.3,0.0,0.0,0.0,2019.0,1997-12-03,,,2024,3
Josh Sweat,PHI,DL,13690,weighted,,,,,,,,,,,,,,,,,,,,,,,,,,,,,,,,,,,,,,,,,,,,,1.74331125827815,0.0707106781186548,,,0.0,0.0,0.0,0.0,0.0,0.0,2018.0,1997-03-29,,,2024,3
Lorenzo Carter,ATL,DL,13703,weighted,,,,,,,,,,,,,,,,,,,,,,,,,,,,,,,,,,,,,,,,,,,,,1.57324503311258,0.282842712474619,,,0.0,0.0,0.1,1.98041604282243e-17,0.0,0.0,2018.0,1995-12-10,,,2024,3
D.J. Jones,DEN,DL,13332,weighted,,,,,,,,,,,,,,,,,,,,,,,,,,,,,,,,,,,,,,,,,,,,,1.57324503311258,0.282842712474619,,,0.0,0.0,0.1,1.98041604282243e-17,0.0,0.0,2017.0,1995-01-19,,,2024,3
DeMarcus Walker,CHI,DL,13258,weighted,,,,,,,,,,,,,,,,,,,,,,,,,,,,,,,,,,,,,,,,,,,,,1.58344370860927,0.353553390593274,,,0.0,0.0,0.0,0.0,0.0,0.0,2017.0,1994-09-30,,,2024,3
Preston Smith,GB,DL,12270,weighted,,,,,,,,,,,,,,,,,,,,,,,,,,,,,,,,,,,,,,,,,,,,,1.64331125827815,0.0707106781186547,,,0.0,0.0,0.2,3.96083208564486e-17,0.0,0.0,2015.0,1992-11-17,,,2024,3
ZaDarius Smith,CLE,DL,12301,weighted,,,,,,,,,,,,,,,,,,,,,,,,,,,,,,,,,,,,,,,,,,,,,1.52993377483444,0.212132034355964,,,0.0,0.0,0.2,3.96083208564486e-17,0.0,0.0,,1992-09-08,,,2024,3
Osa Odighizuwa,DAL,DL,15393,weighted,,,,,,,,,,,,,,,,,,,,,,,,,,,,,,,,,,,,,,,,,,,,,1.7,3.16866566851589e-16,,,0.0,0.0,0.1,1.98041604282243e-17,0.0,0.0,2021.0,1998-08-13,,,2024,3
Tyquan Lewis,IND,DL,13687,weighted,,,,,,,,,,,,,,,,,,,,,,,,,,,,,,,,,,,,,,,,,,,,,1.52675496688742,0.282842712474619,,,0.0,0.0,0.1,1.98041604282243e-17,0.0,0.0,2018.0,,,,2024,3
Bobby Brown,LAR,DL,15412,weighted,,,,,,,,,,,,,,,,,,,,,,,,,,,,,,,,,,,,,,,,,,,,,1.48344370860927,0.353553390593274,,,0.0,0.0,0.0,0.0,0.0,0.0,2021.0,2000-08-07,Q,Ankle,2024,3
Dalvin Tomlinson,CLE,DL,13260,weighted,,,,,,,,,,,,,,,,,,,,,,,,,,,,,,,,,,,,,,,,,,,,,1.25986754966887,0.424264068711929,,,0.0,0.0,0.0,0.0,0.0,0.0,2017.0,1994-02-18,,,2024,3
Jonathan Allen,WAS,DL,13208,weighted,,,,,,,,,,,,,,,,,,,,,,,,,,,,,,,,,,,,,,,,,,,,,1.6,3.16866566851589e-16,,,0.0,0.0,0.0,0.0,0.0,0.0,2017.0,1995-01-16,,,2024,3
Tuli Tuipulotu,LAC,DL,16266,weighted,,,,,,,,,,,,,,,,,,,,,,,,,,,,,,,,,,,,,,,,,,,,,1.37324503311258,0.282842712474619,,,0.0,0.0,0.2,3.96083208564486e-17,0.0,0.0,2023.0,2002-09-03,,,2024,3
Dayo Odeyingbo,IND,DL,15386,weighted,,,,,,,,,,,,,,,,,,,,,,,,,,,,,,,,,,,,,,,,,,,,,1.20317880794702,0.494974746830583,,,0.0,0.0,0.0,0.0,0.0,0.0,2021.0,1999-09-24,,,2024,3
Nik Bonitto,DEN,DL,15861,weighted,,,,,,,,,,,,,,,,,,,,,,,,,,,,,,,,,,,,,,,,,,,,,1.54331125827815,0.0707106781186548,,,0.0,0.0,0.1,1.98041604282243e-17,0.0,0.0,2022.0,1999-09-26,,,2024,3
Justin Jones,ARI,DL,13748,weighted,,,,,,,,,,,,,,,,,,,,,,,,,,,,,,,,,,,,,,,,,,,,,1.6,3.16866566851589e-16,,,0.0,0.0,0.1,1.98041604282243e-17,0.0,0.0,2018.0,1995-08-17,,,2024,3
Davon Hamilton,JAC,DL,14930,weighted,,,,,,,,,,,,,,,,,,,,,,,,,,,,,,,,,,,,,,,,,,,,,1.37324503311258,0.282842712474619,,,0.0,0.0,0.1,1.98041604282243e-17,0.0,0.0,2020.0,1997-02-01,,,2024,3
Javon Hargrave,SF,DL,12764,weighted,,,,,,,,,,,,,,,,,,,,,,,,,,,,,,,,,,,,,,,,,,,,,1.55668874172185,0.0707106781186548,,,0.0,0.0,0.1,1.98041604282243e-17,0.0,0.0,2016.0,1993-02-07,,,2024,3
Andrew Billings,CHI,DL,12699,weighted,,,,,,,,,,,,,,,,,,,,,,,,,,,,,,,,,,,,,,,,,,,,,1.34013245033113,0.424264068711929,,,0.0,0.0,0.0,0.0,0.0,0.0,2016.0,1995-06-03,,,2024,3
David Onyemata,ATL,DL,12782,weighted,,,,,,,,,,,,,,,,,,,,,,,,,,,,,,,,,,,,,,,,,,,,,1.47006622516556,0.212132034355964,,,0.0,0.0,0.1,1.98041604282243e-17,0.0,0.0,2016.0,1992-11-13,,,2024,3
Nick Thurman,CAR,DL,15110,weighted,,,,,,,,,,,,,,,,,,,,,,,,,,,,,,,,,,,,,,,,,,,,,1.42675496688742,0.282842712474619,,,0.0,0.0,0.2,3.96083208564486e-17,0.0,0.0,2018.0,1995-06-12,,,2024,3
Chris Jones,KC,DL,12741,weighted,,,,,,,,,,,,,,,,,,,,,,,,,,,,,,,,,,,,,,,,,,,,,1.38662251655629,0.141421356237309,,,0.0,0.0,0.2,3.96083208564486e-17,0.0,0.0,2016.0,1994-07-03,,,2024,3
Kenny Clark,GB,DL,12739,weighted,,,,,,,,,,,,,,,,,,,,,,,,,,,,,,,,,,,,,,,,,,,,,1.5,0.0,,,0.0,0.0,0.1,1.98041604282243e-17,0.0,0.0,2016.0,1995-10-04,,,2024,3
Jarran Reed,SEA,DL,12698,weighted,,,,,,,,,,,,,,,,,,,,,,,,,,,,,,,,,,,,,,,,,,,,,1.44331125827815,0.0707106781186548,,,0.0,0.0,0.1,1.98041604282243e-17,0.0,0.0,2016.0,1992-12-16,,,2024,3
Bryce Huff,PHI,DL,15121,weighted,,,,,,,,,,,,,,,,,,,,,,,,,,,,,,,,,,,,,,,,,,,,,1.32993377483444,0.212132034355964,,,0.0,0.0,0.1,1.98041604282243e-17,0.0,0.0,2020.0,1998-04-17,,,2024,3
Arden Key,TEN,DL,13682,weighted,,,,,,,,,,,,,,,,,,,,,,,,,,,,,,,,,,,,,,,,,,,,,1.5,0.0,,,0.0,0.0,0.2,3.96083208564486e-17,0.0,0.0,2018.0,1996-05-03,,,2024,3
Tedarrell Slaton,GB,DL,15446,weighted,,,,,,,,,,,,,,,,,,,,,,,,,,,,,,,,,,,,,,,,,,,,,1.44331125827815,0.0707106781186548,,,0.0,0.0,0.1,1.98041604282243e-17,0.0,0.0,2021.0,1997-10-03,,,2024,3
Da'Ron Payne,WAS,DL,13723,weighted,,,,,,,,,,,,,,,,,,,,,,,,,,,,,,,,,,,,,,,,,,,,,1.44331125827815,0.0707106781186548,,,0.0,0.0,0.1,1.98041604282243e-17,0.0,0.0,2018.0,1997-05-27,,,2024,3
Roy Lopez,ARI,DL,15461,weighted,,,,,,,,,,,,,,,,,,,,,,,,,,,,,,,,,,,,,,,,,,,,,1.27324503311258,0.282842712474619,,,0.0,0.0,0.0,0.0,0.0,0.0,2021.0,1997-08-07,,,2024,3
Nathan Shepherd,NO,DL,13744,weighted,,,,,,,,,,,,,,,,,,,,,,,,,,,,,,,,,,,,,,,,,,,,,1.44331125827815,0.0707106781186548,,,0.0,0.0,0.0,0.0,0.0,0.0,2018.0,1993-10-09,,,2024,3
Shelby Harris,CLE,DL,11872,weighted,,,,,,,,,,,,,,,,,,,,,,,,,,,,,,,,,,,,,,,,,,,,,1.32993377483444,0.212132034355964,,,0.0,0.0,0.2,3.96083208564486e-17,0.0,0.0,2014.0,1991-08-11,,,2024,3
Leonard Floyd,SF,DL,12734,weighted,,,,,,,,,,,,,,,,,,,,,,,,,,,,,,,,,,,,,,,,,,,,,1.41337748344371,0.141421356237309,,,0.0,0.0,0.0,0.0,0.0,0.0,2016.0,1992-09-08,,,2024,3
Marcus Davenport,DET,DL,13688,weighted,,,,,,,,,,,,,,,,,,,,,,,,,,,,,,,,,,,,,,,,,,,,,1.11019867549669,0.636396103067893,,,0.0,0.0,0.0,0.0,0.0,0.0,2018.0,1996-09-04,,,2024,3
Gervon Dexter,CHI,DL,16265,weighted,,,,,,,,,,,,,,,,,,,,,,,,,,,,,,,,,,,,,,,,,,,,,1.45668874172185,0.0707106781186548,,,0.0,0.0,0.1,1.98041604282243e-17,0.0,0.0,2023.0,2000-10-05,,,2024,3
Von Miller,BUF,DL,10267,weighted,,,,,,,,,,,,,,,,,,,,,,,,,,,,,,,,,,,,,,,,,,,,,1.11655629139073,0.353553390593274,,,0.0,0.0,0.0,0.0,0.0,0.0,2011.0,1989-03-26,,,2024,3
Alim McNeill,DET,DL,15390,weighted,,,,,,,,,,,,,,,,,,,,,,,,,,,,,,,,,,,,,,,,,,,,,1.34331125827815,0.0707106781186547,,,0.0,0.0,0.1,1.98041604282243e-17,0.0,0.0,2021.0,2000-05-11,,,2024,3
Arnold Ebiketie,ATL,DL,15851,weighted,,,,,,,,,,,,,,,,,,,,,,,,,,,,,,,,,,,,,,,,,,,,,1.11655629139073,0.353553390593274,,,0.0,0.0,0.1,1.98041604282243e-17,0.0,0.0,2022.0,1999-01-23,,,2024,3
Michael Pierce,BAL,DL,12952,weighted,,,,,,,,,,,,,,,,,,,,,,,,,,,,,,,,,,,,,,,,,,,,,1.11655629139073,0.353553390593274,,,0.0,0.0,0.1,1.98041604282243e-17,0.0,0.0,2016.0,1992-11-06,,,2024,3
Patrick Jones,MIN,DL,15398,weighted,,,,,,,,,,,,,,,,,,,,,,,,,,,,,,,,,,,,,,,,,,,,,1.4,0.0,,,0.0,0.0,0.1,1.98041604282243e-17,0.0,0.0,2021.0,1998-09-29,,,2024,3
Foley Fatukasi,HOU,DL,13798,weighted,,,,,,,,,,,,,,,,,,,,,,,,,,,,,,,,,,,,,,,,,,,,,1.4,0.0,,,0.0,0.0,0.1,1.98041604282243e-17,0.0,0.0,2018.0,1995-03-04,,,2024,3
Bilal Nichols,ARI,DL,13777,weighted,,,,,,,,,,,,,,,,,,,,,,,,,,,,,,,,,,,,,,,,,,,,,1.22993377483444,0.212132034355964,,,0.0,0.0,0.1,1.98041604282243e-17,0.0,0.0,2018.0,1996-09-14,,,2024,3
Kingsley Enagbare,GB,DL,15813,weighted,,,,,,,,,,,,,,,,,,,,,,,,,,,,,,,,,,,,,,,,,,,,,1.22993377483444,0.212132034355964,,,0.0,0.0,0.1,1.98041604282243e-17,0.0,0.0,2022.0,2000-01-18,,,2024,3
Kingsley Enagbare,GB,DL,15813,weighted,,,,,,,,,,,,,,,,,,,,,,,,,,,,,,,,,,,,,,,,,,,,,1.22993377483444,0.212132034355964,,,0.0,0.0,0.1,1.98041604282243e-17,0.0,0.0,2022.0,1998-04-28,,,2024,3
Dante Fowler,WAS,DL,12217,weighted,,,,,,,,,,,,,,,,,,,,,,,,,,,,,,,,,,,,,,,,,,,,,1.09682119205298,0.494974746830583,,,0.0,0.0,0.1,1.98041604282243e-17,0.0,0.0,,1994-08-03,,,2024,3
Cameron Jordan,NO,DL,10292,weighted,,,,,,,,,,,,,,,,,,,,,,,,,,,,,,,,,,,,,,,,,,,,,1.35668874172185,0.0707106781186547,,,0.0,0.0,0.2,3.96083208564486e-17,0.0,0.0,2011.0,1989-07-10,,,2024,3
Levi Onwuzurike,DET,DL,15382,weighted,,,,,,,,,,,,,,,,,,,,,,,,,,,,,,,,,,,,,,,,,,,,,0.966887417218543,0.707106781186547,,,0.0,0.0,0.0,0.0,0.0,0.0,2021.0,1998-03-02,,,2024,3
Maliek Collins,SF,DL,12754,weighted,,,,,,,,,,,,,,,,,,,,,,,,,,,,,,,,,,,,,,,,,,,,,1.31337748344371,0.141421356237309,,,0.0,0.0,0.1,1.98041604282243e-17,0.0,0.0,2016.0,1995-04-08,,,2024,3
T'Vondre Sweat,TEN,DL,16693,weighted,,,,,,,,,,,,,,,,,,,,,,,,,,,,,,,,,,,,,,,,,,,,,1.09682119205298,0.494974746830583,,,0.0,0.0,0.1,1.98041604282243e-17,0.0,0.0,2024.0,2001-07-11,,,2024,3
Keeanu Benton,PIT,DL,16264,weighted,,,,,,,,,,,,,,,,,,,,,,,,,,,,,,,,,,,,,,,,,,,,,1.27006622516556,0.212132034355964,,,0.0,0.0,0.1,1.98041604282243e-17,0.0,0.0,2023.0,2001-07-17,,,2024,3
A.J. Epenesa,BUF,DL,14879,weighted,,,,,,,,,,,,,,,,,,,,,,,,,,,,,,,,,,,,,,,,,,,,,1.3,0.0,,,0.1,1.98041604282243e-17,0.2,3.96083208564486e-17,0.0,0.0,2020.0,1998-09-15,,,2024,3
John Jenkins,LVR,DL,11286,weighted,,,,,,,,,,,,,,,,,,,,,,,,,,,,,,,,,,,,,,,,,,,,,1.3,0.0,,,0.0,0.0,0.2,3.96083208564486e-17,0.1,1.98041604282243e-17,2013.0,1989-07-11,,,2024,3
Jeremiah Pharms,NE,DL,16510,weighted,,,,,,,,,,,,,,,,,,,,,,,,,,,,,,,,,,,,,,,,,,,,,0.90317880794702,0.494974746830583,,,0.0,0.0,0.1,1.98041604282243e-17,0.0,0.0,2022.0,1996-10-16,,,2024,3
Darrell Taylor,CHI,DL,14923,weighted,,,,,,,,,,,,,,,,,,,,,,,,,,,,,,,,,,,,,,,,,,,,,1.17006622516556,0.212132034355964,,,0.0,0.0,0.1,1.98041604282243e-17,0.0,0.0,2020.0,1997-03-24,,,2024,3
Javontae Jean-Baptiste,WAS,DL,16780,weighted,,,,,,,,,,,,,,,,,,,,,,,,,,,,,,,,,,,,,,,,,,,,,0.953509933774834,0.565685424949238,,,0.0,0.0,0.1,1.98041604282243e-17,0.0,0.0,2024.0,2000-05-16,,,2024,3
DaQuan Jones,BUF,DL,11793,weighted,,,,,,,,,,,,,,,,,,,,,,,,,,,,,,,,,,,,,,,,,,,,,1.08344370860927,0.353553390593274,,,0.0,0.0,0.2,3.96083208564486e-17,0.0,0.0,2014.0,1991-12-17,,,2024,3
Roy Robertson-Harris,JAC,DL,13434,weighted,,,,,,,,,,,,,,,,,,,,,,,,,,,,,,,,,,,,,,,,,,,,,1.08344370860927,0.353553390593274,,,0.0,0.0,0.1,1.98041604282243e-17,0.0,0.0,2016.0,1993-07-23,,,2024,3
Jordan Davis,PHI,DL,15817,weighted,,,,,,,,,,,,,,,,,,,,,,,,,,,,,,,,,,,,,,,,,,,,,1.17006622516556,0.212132034355964,,,0.0,0.0,0.2,3.96083208564486e-17,0.0,0.0,2022.0,2000-01-12,,,2024,3
Chop Robinson,MIA,DL,16655,weighted,,,,,,,,,,,,,,,,,,,,,,,,,,,,,,,,,,,,,,,,,,,,,1.14331125827815,0.0707106781186547,,,0.0,0.0,0.1,1.98041604282243e-17,0.0,0.0,2024.0,2003-01-02,,,2024,3
Chase Young,NO,DL,14877,weighted,,,,,,,,,,,,,,,,,,,,,,,,,,,,,,,,,,,,,,,,,,,,,1.2,0.0,,,0.0,0.0,0.1,1.98041604282243e-17,0.0,0.0,2020.0,1999-04-14,,,2024,3
Mario Edwards,HOU,DL,12219,weighted,,,,,,,,,,,,,,,,,,,,,,,,,,,,,,,,,,,,,,,,,,,,,1.2,0.0,,,0.0,0.0,0.0,0.0,0.0,0.0,,1994-01-25,,,2024,3
Josh Paschal,DET,DL,15855,weighted,,,,,,,,,,,,,,,,,,,,,,,,,,,,,,,,,,,,,,,,,,,,,0.859867549668874,0.424264068711929,,,0.0,0.0,0.1,1.98041604282243e-17,0.0,0.0,2022.0,1999-12-17,,,2024,3
Alex Wright,CLE,DL,15864,weighted,,,,,,,,,,,,,,,,,,,,,,,,,,,,,,,,,,,,,,,,,,,,,1.15668874172185,0.0707106781186547,,,0.0,0.0,0.1,1.98041604282243e-17,0.0,0.0,2022.0,2000-09-05,,,2024,3
Derek Barnett,HOU,DL,13201,weighted,,,,,,,,,,,,,,,,,,,,,,,,,,,,,,,,,,,,,,,,,,,,,1.02675496688742,0.282842712474619,,,0.0,0.0,0.0,0.0,0.0,0.0,2017.0,1996-06-25,,,2024,3
Nolan Smith,PHI,DL,16228,weighted,,,,,,,,,,,,,,,,,,,,,,,,,,,,,,,,,,,,,,,,,,,,,0.853509933774834,0.565685424949238,,,0.0,0.0,0.0,0.0,0.0,0.0,2023.0,2001-01-18,,,2024,3
Yetur Gross-Matos,SF,DL,14878,weighted,,,,,,,,,,,,,,,,,,,,,,,,,,,,,,,,,,,,,,,,,,,,,1.02675496688742,0.282842712474619,,,0.0,0.0,0.0,0.0,0.0,0.0,2020.0,1998-02-26,,,2024,3
Bryan Bresee,NO,DL,16256,weighted,,,,,,,,,,,,,,,,,,,,,,,,,,,,,,,,,,,,,,,,,,,,,0.940132450331126,0.424264068711929,,,0.0,0.0,0.3,0.0,0.0,0.0,2023.0,2001-10-06,,,2024,3
Kris Jenkins,CIN,DL,16662,weighted,,,,,,,,,,,,,,,,,,,,,,,,,,,,,,,,,,,,,,,,,,,,,0.89682119205298,0.494974746830583,,,0.0,0.0,0.0,0.0,0.0,0.0,2024.0,2001-10-10,Q,Thumb,2024,3
Otito Ogbonnia,LAC,DL,15898,weighted,,,,,,,,,,,,,,,,,,,,,,,,,,,,,,,,,,,,,,,,,,,,,1.07006622516556,0.212132034355964,,,0.0,0.0,0.0,0.0,0.0,0.0,2022.0,2000-08-25,,,2024,3
Devonte Wyatt,GB,DL,15819,weighted,,,,,,,,,,,,,,,,,,,,,,,,,,,,,,,,,,,,,,,,,,,,,1.1,0.0,,,0.0,0.0,0.0,0.0,0.0,0.0,2022.0,1998-03-31,,,2024,3
Arik Armstead,JAC,DL,12218,weighted,,,,,,,,,,,,,,,,,,,,,,,,,,,,,,,,,,,,,,,,,,,,,0.986622516556291,0.14142135623731,,,0.0,0.0,0.1,1.98041604282243e-17,0.0,0.0,2015.0,1993-11-15,,,2024,3
Anthony Nelson,TB,DL,14154,weighted,,,,,,,,,,,,,,,,,,,,,,,,,,,,,,,,,,,,,,,,,,,,,1.1,0.0,,,0.0,0.0,0.0,0.0,0.0,0.0,2019.0,1997-03-04,,,2024,3
Janarius Robinson,LVR,DL,15421,weighted,,,,,,,,,,,,,,,,,,,,,,,,,,,,,,,,,,,,,,,,,,,,,0.873245033112583,0.282842712474619,,,0.0,0.0,0.0,0.0,0.0,0.0,2021.0,1999-05-05,,,2024,3
Kevin Givens,SF,DL,14652,weighted,,,,,,,,,,,,,,,,,,,,,,,,,,,,,,,,,,,,,,,,,,,,,0.873245033112583,0.282842712474619,,,0.0,0.0,0.1,1.98041604282243e-17,0.0,0.0,2019.0,1997-03-01,,,2024,3
Johnathan Hankins,SEA,DL,11281,weighted,,,,,,,,,,,,,,,,,,,,,,,,,,,,,,,,,,,,,,,,,,,,,0.873245033112583,0.282842712474619,,,0.0,0.0,0.1,1.98041604282243e-17,0.0,0.0,2013.0,1992-01-01,,,2024,3
David Ojabo,BAL,DL,15807,weighted,,,,,,,,,,,,,,,,,,,,,,,,,,,,,,,,,,,,,,,,,,,,,0.926754966887417,0.282842712474619,,,0.0,0.0,0.1,1.98041604282243e-17,0.0,0.0,2022.0,2000-05-17,Q,Quadriceps,2024,3
Azeez Ojulari,NYG,DL,15385,weighted,,,,,,,,,,,,,,,,,,,,,,,,,,,,,,,,,,,,,,,,,,,,,0.883443708609272,0.353553390593274,,,0.0,0.0,0.0,0.0,0.0,0.0,2021.0,2000-06-16,,,2024,3
Brandon Graham,PHI,DL,9826,weighted,,,,,,,,,,,,,,,,,,,,,,,,,,,,,,,,,,,,,,,,,,,,,0.926754966887417,0.282842712474619,,,0.0,0.0,0.0,0.0,0.0,0.0,2010.0,1988-04-03,,,2024,3
Joseph Ossai,CIN,DL,15388,weighted,,,,,,,,,,,,,,,,,,,,,,,,,,,,,,,,,,,,,,,,,,,,,1.01337748344371,0.14142135623731,,,0.0,0.0,0.1,1.98041604282243e-17,0.0,0.0,2021.0,2000-04-13,,,2024,3
Chauncey Golston,DAL,DL,15397,weighted,,,,,,,,,,,,,,,,,,,,,,,,,,,,,,,,,,,,,,,,,,,,,1.05668874172185,0.0707106781186548,,,0.0,0.0,0.0,0.0,0.0,0.0,2021.0,1998-02-10,,,2024,3
D.J. Reader,DET,DL,12802,weighted,,,,,,,,,,,,,,,,,,,,,,,,,,,,,,,,,,,,,,,,,,,,,1.01337748344371,0.14142135623731,,,0.0,0.0,0.1,1.98041604282243e-17,0.0,0.0,2016.0,1994-07-01,,,2024,3
Tyler Lacy,JAC,DL,16302,weighted,,,,,,,,,,,,,,,,,,,,,,,,,,,,,,,,,,,,,,,,,,,,,1.01337748344371,0.14142135623731,,,0.0,0.0,0.0,0.0,0.0,0.0,2023.0,1999-11-10,,,2024,3
Khalil Davis,HOU,DL,14987,weighted,,,,,,,,,,,,,,,,,,,,,,,,,,,,,,,,,,,,,,,,,,,,,0.829933774834437,0.212132034355964,,,0.0,0.0,0.0,0.0,0.0,0.0,2020.0,1996-08-22,,,2024,3
Nick Herbig,PIT,DL,16303,weighted,,,,,,,,,,,,,,,,,,,,,,,,,,,,,,,,,,,,,,,,,,,,,0.829933774834437,0.212132034355964,,,0.0,0.0,0.1,1.98041604282243e-17,0.0,0.0,2023.0,2001-11-21,,,2024,3
Mazi Smith,DAL,DL,16258,weighted,,,,,,,,,,,,,,,,,,,,,,,,,,,,,,,,,,,,,,,,,,,,,0.886622516556291,0.141421356237309,,,0.0,0.0,0.1,1.98041604282243e-17,0.0,0.0,2023.0,2001-06-16,Q,Back,2024,3
Bud Dupree,LAC,DL,12234,weighted,,,,,,,,,,,,,,,,,,,,,,,,,,,,,,,,,,,,,,,,,,,,,0.956688741721854,0.0707106781186547,,,0.0,0.0,0.1,1.98041604282243e-17,0.0,0.0,2015.0,1993-02-12,Q,Illness,2024,3
James Smith-Williams,ATL,DL,15007,weighted,,,,,,,,,,,,,,,,,,,,,,,,,,,,,,,,,,,,,,,,,,,,,0.956688741721854,0.0707106781186547,,,0.0,0.0,0.0,0.0,0.0,0.0,2020.0,1997-07-30,,,2024,3
L.J. Collier,ARI,DL,14155,weighted,,,,,,,,,,,,,,,,,,,,,,,,,,,,,,,,,,,,,,,,,,,,,0.726754966887417,0.282842712474619,,,0.0,0.0,0.3,0.0,0.0,0.0,2019.0,1995-09-12,,,2024,3
Payton Turner,NO,DL,15376,weighted,,,,,,,,,,,,,,,,,,,,,,,,,,,,,,,,,,,,,,,,,,,,,0.8,1.58433283425795e-16,,,0.0,0.0,0.1,1.98041604282243e-17,0.0,0.0,2021.0,1999-01-07,,,2024,3
Chris Braswell,TB,DL,16656,weighted,,,,,,,,,,,,,,,,,,,,,,,,,,,,,,,,,,,,,,,,,,,,,0.8,1.58433283425795e-16,,,0.0,0.0,0.0,0.0,0.0,0.0,2024.0,,,,2024,3
Adetomiwa Adebawore,IND,DL,16291,weighted,,,,,,,,,,,,,,,,,,,,,,,,,,,,,,,,,,,,,,,,,,,,,0.8,1.58433283425795e-16,,,0.0,0.0,0.0,0.0,0.0,0.0,2023.0,2001-03-04,,,2024,3
Jaylen Harrell,TEN,DL,16800,weighted,,,,,,,,,,,,,,,,,,,,,,,,,,,,,,,,,,,,,,,,,,,,,0.540132450331126,0.424264068711929,,,0.0,0.0,0.0,0.0,0.0,0.0,2024.0,2002-05-01,,,2024,3
Jer'Zhan Newton,WAS,DL,16692,weighted,,,,,,,,,,,,,,,,,,,,,,,,,,,,,,,,,,,,,,,,,,,,,0.540132450331126,0.424264068711929,,,0.0,0.0,0.0,0.0,0.0,0.0,2024.0,2002-08-31,,,2024,3
Tavius Robinson,BAL,DL,16298,weighted,,,,,,,,,,,,,,,,,,,,,,,,,,,,,,,,,,,,,,,,,,,,,0.656688741721854,0.0707106781186547,,,0.0,0.0,0.0,0.0,0.0,0.0,2023.0,1999-01-03,,,2024,3
Mike Pennel,KC,DL,11970,weighted,,,,,,,,,,,,,,,,,,,,,,,,,,,,,,,,,,,,,,,,,,,,,0.656688741721854,0.0707106781186547,,,0.0,0.0,0.0,0.0,0.0,0.0,2014.0,1991-05-09,,,2024,3
Jeremiah Ledbetter,JAC,DL,13336,weighted,,,,,,,,,,,,,,,,,,,,,,,,,,,,,,,,,,,,,,,,,,,,,0.613377483443709,0.141421356237309,,,0.0,0.0,0.1,1.98041604282243e-17,0.0,0.0,2017.0,1994-06-02,,,2024,3
Alex Singleton,DEN,LB,14412,weighted,,,,,,,,,,,,,,,,,,,,,,,,,,,,,,,,,,,,,,,,,,,,,7.38395543175487,2.23071864044119,,,0.0850696378830084,0.0143272187262882,0.354744661095636,0.0525331353297233,0.0049767873723305,0.0047757395754293,2015.0,1993-12-07,,,2024,3
Blake Cashman,MIN,LB,14251,weighted,,,,,,,,,,,,,,,,,,,,,,,,,,,,,,,,,,,,,,,,,,,,,6.44882079851439,3.15533061938554,,,0.0149303621169916,0.0143272187262882,0.450696378830084,0.143272187262882,0.0049767873723305,0.0047757395754293,2019.0,1996-05-10,,,2024,3
Zaire Franklin,IND,LB,13837,weighted,,,,,,,,,,,,,,,,,,,,,,,,,,,,,,,,,,,,,,,,,,,,,7.14714948932219,2.32682018922611,,,0.0149303621169916,0.0143272187262882,0.314930362116992,0.0143272187262882,0.0049767873723305,0.0047757395754293,2018.0,1996-07-02,,,2024,3
Roquan Smith,BAL,LB,13696,weighted,,,,,,,,,,,,,,,,,,,,,,,,,,,,,,,,,,,,,,,,,,,,,6.96837511606314,2.50473502919506,,,0.150232126276695,0.0477573957542939,0.480092850510678,0.0191029583017175,0.0049767873723305,0.0047757395754293,2018.0,1997-04-08,,,2024,3
Bobby Wagner,WAS,LB,10775,weighted,,,,,,,,,,,,,,,,,,,,,,,,,,,,,,,,,,,,,,,,,,,,,7.25962859795729,2.21244563182925,,,0.0348375116063138,0.0334301770280057,0.349767873723305,0.0477573957542939,0.0049767873723305,0.0047757395754293,2012.0,1990-06-27,,,2024,3
Ernest Jones,TEN,LB,15404,weighted,,,,,,,,,,,,,,,,,,,,,,,,,,,,,,,,,,,,,,,,,,,,,6.37717734447539,2.81060187849373,,,0.0447910863509749,0.0429816561788645,0.409953574744661,0.0095514791508587,0.0099535747446611,0.0095514791508587,2021.0,1999-11-22,,,2024,3
Ernest Jones,TEN,LB,15404,weighted,,,,,,,,,,,,,,,,,,,,,,,,,,,,,,,,,,,,,,,,,,,,,6.37717734447539,2.81060187849373,,,0.0447910863509749,0.0429816561788645,0.409953574744661,0.0095514791508587,0.0099535747446611,0.0095514791508587,2021.0,2004-06-08,,,2024,3
Azeez Al-Shaair,HOU,LB,14590,weighted,,,,,,,,,,,,,,,,,,,,,,,,,,,,,,,,,,,,,,,,,,,,,6.56033426183844,2.31018896703031,,,0.0298607242339833,0.0286544374525763,0.390046425255339,0.0095514791508587,0.0049767873723305,0.0047757395754293,2019.0,1997-08-04,,,2024,3
T.J. Edwards,CHI,LB,14322,weighted,,,,,,,,,,,,,,,,,,,,,,,,,,,,,,,,,,,,,,,,,,,,,7.07649025069638,1.91497321281514,,,0.130324976787372,0.0668603540560114,0.390046425255339,0.0095514791508587,0.0049767873723305,0.0047757395754293,2019.0,1996-08-12,,,2024,3
Shaq Green-Thompson,CAR,LB,12231,weighted,,,,,,,,,,,,,,,,,,,,,,,,,,,,,,,,,,,,,,,,,,,,,6.55838440111421,1.9941272694853,,,0.0149303621169916,0.0143272187262882,0.309953574744661,0.0095514791508587,0.0049767873723305,0.0047757395754293,,1994-04-21,,,2024,3
Fred Warner,SF,LB,13743,weighted,,,,,,,,,,,,,,,,,,,,,,,,,,,,,,,,,,,,,,,,,,,,,6.61318477251625,1.8950390573626,,,0.145255338904364,0.0525331353297233,0.565626740947075,0.128944968536593,0.0049767873723305,0.0047757395754293,2018.0,1996-11-19,,,2024,3
Kyzir White,ARI,LB,13762,weighted,,,,,,,,,,,,,,,,,,,,,,,,,,,,,,,,,,,,,,,,,,,,,6.00594243268338,2.48656211445538,,,0.0348375116063138,0.0334301770280057,0.28958217270195,0.085963312357729,0.0049767873723305,0.0047757395754293,2018.0,1996-03-24,,,2024,3
Quay Walker,GB,LB,15846,weighted,,,,,,,,,,,,,,,,,,,,,,,,,,,,,,,,,,,,,,,,,,,,,6.30703806870938,2.04560384218865,,,0.0149303621169916,0.0143272187262882,0.254744661095636,0.0525331353297233,0.0049767873723305,0.0047757395754293,2022.0,2000-05-08,,,2024,3
E.J. Speed,IND,LB,14257,weighted,,,,,,,,,,,,,,,,,,,,,,,,,,,,,,,,,,,,,,,,,,,,,6.63205199628598,1.78621979965963,,,0.0149303621169916,0.0143272187262882,0.244791086350975,0.0429816561788645,0.0049767873723305,0.0047757395754293,2019.0,1995-06-01,,,2024,3
Eric Kendricks,DAL,LB,12239,weighted,,,,,,,,,,,,,,,,,,,,,,,,,,,,,,,,,,,,,,,,,,,,,6.20024141132776,2.07299105980393,,,0.0800928505106778,0.0191029583017176,0.329860724233983,0.0286544374525763,0.0049767873723305,0.0047757395754293,2015.0,1992-02-29,,,2024,3
David Long,MIA,LB,14268,weighted,,,,,,,,,,,,,,,,,,,,,,,,,,,,,,,,,,,,,,,,,,,,,5.84867223769731,2.47790770213016,,,0.0398142989786444,0.0382059166034351,0.209025069637883,0.200581062168034,0.0049767873723305,0.0047757395754293,2019.0,1970-01-01,,,2024,3
Robert Spillane,LVR,LB,13987,weighted,,,,,,,,,,,,,,,,,,,,,,,,,,,,,,,,,,,,,,,,,,,,,6.07662024141133,2.15512576557994,,,0.165162488393686,0.0334301770280057,0.409489322191272,0.105066270659447,0.0099535747446611,0.0095514791508587,2018.0,1995-12-14,,,2024,3
Josey Jewell,CAR,LB,13702,weighted,,,,,,,,,,,,,,,,,,,,,,,,,,,,,,,,,,,,,,,,,,,,,5.80037140204271,2.48638766664138,,,0.0199071494893222,0.0191029583017175,0.304976787372331,0.0047757395754293,0.0049767873723305,0.0047757395754293,2018.0,1994-12-25,,,2024,3
Bobby Okereke,NYG,LB,14218,weighted,,,,,,,,,,,,,,,,,,,,,,,,,,,,,,,,,,,,,,,,,,,,,6.37426183844011,1.86363345446268,,,0.0800928505106778,0.0191029583017176,0.390046425255339,0.0095514791508587,0.0049767873723305,0.0047757395754293,2019.0,1996-07-29,,,2024,3
Nick Bolton,KC,LB,15355,weighted,,,,,,,,,,,,,,,,,,,,,,,,,,,,,,,,,,,,,,,,,,,,,6.06466109563603,2.13300577484199,,,0.0348375116063138,0.0334301770280057,0.395023212627669,0.0047757395754293,0.0049767873723305,0.0047757395754293,2021.0,2000-03-10,,,2024,3
Jordyn Brooks,MIA,LB,14892,weighted,,,,,,,,,,,,,,,,,,,,,,,,,,,,,,,,,,,,,,,,,,,,,5.63361188486537,2.6713848570647,,,0.0149303621169916,0.0143272187262882,0.3,0.0,0.0049767873723305,0.0047757395754293,2020.0,1997-10-21,,,2024,3
Tyrel Dodson,SEA,LB,14472,weighted,,,,,,,,,,,,,,,,,,,,,,,,,,,,,,,,,,,,,,,,,,,,,6.28622098421541,1.88613253216734,,,0.0199071494893222,0.0191029583017175,0.309953574744661,0.0095514791508587,0.0049767873723305,0.0047757395754293,2019.0,1998-06-25,,,2024,3
Nakobe Dean,PHI,LB,15821,weighted,,,,,,,,,,,,,,,,,,,,,,,,,,,,,,,,,,,,,,,,,,,,,5.33901578458681,3.01665598124724,,,0.0199071494893222,0.0191029583017175,0.159257195914578,0.15282366641374,0.0049767873723305,0.0047757395754293,2022.0,2000-12-13,,,2024,3
Logan Wilson,CIN,LB,14928,weighted,,,,,,,,,,,,,,,,,,,,,,,,,,,,,,,,,,,,,,,,,,,,,6.20755803156917,1.89836409552697,,,0.109953574744661,0.0095514791508587,0.39455896007428,0.0907390519331584,0.0049767873723305,0.0047757395754293,2020.0,1996-07-08,,,2024,3
Lavonte David,TB,LB,10768,weighted,,,,,,,,,,,,,,,,,,,,,,,,,,,,,,,,,,,,,,,,,,,,,6.41422469823584,1.73560685291808,,,0.0248839368616527,0.0238786978771469,0.319907149489322,0.0191029583017176,0.0049767873723305,0.0047757395754293,2012.0,1990-01-23,,,2024,3
Jeremiah Owusu-Koramoah,CLE,LB,15351,weighted,,,,,,,,,,,,,,,,,,,,,,,,,,,,,,,,,,,,,,,,,,,,,5.92883936861653,1.98612377684707,,,0.0751160631383473,0.0238786978771469,0.365162488393686,0.0334301770280057,0.0049767873723305,0.0047757395754293,2021.0,1999-11-04,,,2024,3
Foyesade Oluokun,JAC,LB,13813,weighted,,,,,,,,,,,,,,,,,,,,,,,,,,,,,,,,,,,,,,,,,,,,,6.56046425255339,1.66076076315555,,,0.0298607242339833,0.0286544374525763,0.329860724233983,0.0286544374525763,0.0049767873723305,0.0047757395754293,2018.0,1995-08-02,,,2024,3
Frankie Luvu,WAS,LB,13952,weighted,,,,,,,,,,,,,,,,,,,,,,,,,,,,,,,,,,,,,,,,,,,,,5.75270194986072,2.11089451032088,,,0.0149303621169916,0.0143272187262882,0.184605385329619,0.0811875727822996,0.0049767873723305,0.0047757395754293,2018.0,1996-09-19,,,2024,3
Tremaine Edmunds,CHI,LB,13697,weighted,,,,,,,,,,,,,,,,,,,,,,,,,,,,,,,,,,,,,,,,,,,,,6.04137418755803,1.80176529940759,,,0.135301764159703,0.062084614480582,0.390046425255339,0.0095514791508587,0.0552089136490251,0.0429816561788645,2018.0,1998-05-02,,,2024,3
Germaine Pratt,CIN,LB,14210,weighted,,,,,,,,,,,,,,,,,,,,,,,,,,,,,,,,,,,,,,,,,,,,,5.59233054781801,2.28385696129443,,,0.0800928505106778,0.0191029583017176,0.380092850510678,0.0191029583017176,0.0049767873723305,0.0047757395754293,2019.0,1970-01-01,,,2024,3
Isaiah McDuffie,GB,LB,15473,weighted,,,,,,,,,,,,,,,,,,,,,,,,,,,,,,,,,,,,,,,,,,,,,5.51377901578459,2.12944738872246,,,0.0149303621169916,0.0143272187262882,0.3,0.0,0.0049767873723305,0.0047757395754293,2021.0,1999-07-21,,,2024,3
Quincy Williams,NYJ,LB,14221,weighted,,,,,,,,,,,,,,,,,,,,,,,,,,,,,,,,,,,,,,,,,,,,,6.13093333333333,2.1920310216783,,,0.02,0.0,0.28,0.0,0.01,0.0,2019.0,1996-08-28,,,2024,3
Demario Davis,NO,LB,10816,weighted,,,,,,,,,,,,,,,,,,,,,,,,,,,,,,,,,,,,,,,,,,,,,5.37151346332405,2.05174838242108,,,0.0099535747446611,0.0095514791508587,0.275116063138347,0.0238786978771469,0.0049767873723305,0.0047757395754293,2012.0,1989-01-11,,,2024,3
DeVondre Campbell,SF,LB,12779,weighted,,,,,,,,,,,,,,,,,,,,,,,,,,,,,,,,,,,,,,,,,,,,,4.80107706592386,2.76219203142917,,,0.0248839368616527,0.0238786978771469,0.224419684308264,0.119393489385735,0.0049767873723305,0.0047757395754293,2016.0,1993-07-01,,,2024,3
Kaden Elliss,ATL,LB,14303,weighted,,,,,,,,,,,,,,,,,,,,,,,,,,,,,,,,,,,,,,,,,,,,,5.6422469823584,1.694475330445,,,0.0099535747446611,0.0095514791508587,0.169675023212628,0.0668603540560114,0.0049767873723305,0.0047757395754293,2019.0,1995-06-10,,,2024,3
Jahlani Tavai,NE,LB,14200,weighted,,,,,,,,,,,,,,,,,,,,,,,,,,,,,,,,,,,,,,,,,,,,,5.92664,2.18495995386643,,,0.03,0.0,0.28,0.0,0.01,0.0,2019.0,1996-09-28,,,2024,3
Troy Reeder,LAR,LB,14672,weighted,,,,,,,,,,,,,,,,,,,,,,,,,,,,,,,,,,,,,,,,,,,,,4.39786443825441,3.28524423973664,,,0.0298607242339833,0.0286544374525763,0.1791643454039,0.171926624715458,0.0049767873723305,0.0047757395754293,2019.0,1994-09-13,,,2024,3
Baylon Spector,BUF,LB,15939,weighted,,,,,,,,,,,,,,,,,,,,,,,,,,,,,,,,,,,,,,,,,,,,,5.01119777158774,2.13002541873875,,,0.0199071494893222,0.0191029583017175,0.204512534818942,0.100290531084017,0.0049767873723305,0.0047757395754293,2022.0,1998-10-20,,,2024,3
Micah McFadden,NYG,LB,15890,weighted,,,,,,,,,,,,,,,,,,,,,,,,,,,,,,,,,,,,,,,,,,,,,5.13411327762303,1.93411894119555,,,0.0199071494893222,0.0191029583017175,0.3,0.0,0.0049767873723305,0.0047757395754293,2022.0,2000-01-03,,,2024,3
Patrick Queen,PIT,LB,14896,weighted,,,,,,,,,,,,,,,,,,,,,,,,,,,,,,,,,,,,,,,,,,,,,5.55220055710307,1.52395004435345,,,0.0199071494893222,0.0191029583017175,0.345255338904364,0.0525331353297233,0.0049767873723305,0.0047757395754293,2020.0,1999-08-13,,,2024,3
Jordan Hicks,CLE,LB,12287,weighted,,,,,,,,,,,,,,,,,,,,,,,,,,,,,,,,,,,,,,,,,,,,,5.16692664809656,1.77285342228015,,,0.0900464252553389,0.0095514791508587,0.540742804085423,0.15282366641374,0.0049767873723305,0.0047757395754293,2015.0,1992-06-27,,,2024,3
Christian Rozeboom,LAR,LB,15076,weighted,,,,,,,,,,,,,,,,,,,,,,,,,,,,,,,,,,,,,,,,,,,,,5.19740018570102,1.61001877728491,,,0.0800928505106778,0.0191029583017176,0.380092850510678,0.0191029583017176,0.0049767873723305,0.0047757395754293,2020.0,1997-01-30,,,2024,3
Dorian Williams,BUF,LB,16284,weighted,,,,,,,,,,,,,,,,,,,,,,,,,,,,,,,,,,,,,,,,,,,,,5.25214484679666,1.55669872915859,,,0.0651624883936862,0.0334301770280057,0.239814298978644,0.0382059166034351,0.0049767873723305,0.0047757395754293,2023.0,2001-06-28,,,2024,3
Kenneth Murray,TEN,LB,14889,weighted,,,,,,,,,,,,,,,,,,,,,,,,,,,,,,,,,,,,,,,,,,,,,5.31034354688951,1.44678231411751,,,0.0248839368616527,0.0238786978771469,0.254744661095636,0.0525331353297233,0.0049767873723305,0.0047757395754293,2020.0,1998-11-16,,,2024,3
Jack Campbell,DET,LB,16239,weighted,,,,,,,,,,,,,,,,,,,,,,,,,,,,,,,,,,,,,,,,,,,,,4.80033426183844,1.67425220441742,,,0.0099535747446611,0.0095514791508587,0.179628597957289,0.0764118332068702,0.0049767873723305,0.0047757395754293,2023.0,2000-08-22,,,2024,3
Tyrice Knight,SEA,LB,16722,weighted,,,,,,,,,,,,,,,,,,,,,,,,,,,,,,,,,,,,,,,,,,,,,4.09442896935933,2.27041105359217,,,0.0348375116063138,0.0334301770280057,0.224419684308264,0.119393489385735,0.0049767873723305,0.0047757395754293,2024.0,1999-12-20,,,2024,3
Devin Lloyd,JAC,LB,15822,weighted,,,,,,,,,,,,,,,,,,,,,,,,,,,,,,,,,,,,,,,,,,,,,4.87487465181059,1.33763404054576,,,0.0298607242339833,0.0286544374525763,0.425348189415042,0.0716360936314408,0.0049767873723305,0.0047757395754293,2022.0,1998-09-30,,,2024,3
Henry To'oTo'o,HOU,LB,16236,weighted,,,,,,,,,,,,,,,,,,,,,,,,,,,,,,,,,,,,,,,,,,,,,4.33773444753946,1.93446553001153,,,0.0149303621169916,0.0143272187262882,0.229860724233983,0.0286544374525763,0.0049767873723305,0.0047757395754293,2023.0,2001-01-05,,,2024,3
Derrick Barnes,DET,LB,15409,weighted,,,,,,,,,,,,,,,,,,,,,,,,,,,,,,,,,,,,,,,,,,,,,4.43743732590529,1.71476815195717,,,0.0149303621169916,0.0143272187262882,0.234837511606314,0.0334301770280057,0.0049767873723305,0.0047757395754293,2021.0,1999-05-29,,,2024,3
Damone Clark,DAL,LB,15826,weighted,,,,,,,,,,,,,,,,,,,,,,,,,,,,,,,,,,,,,,,,,,,,,4.55595171773445,1.50677539161955,,,0.0049767873723305,0.0047757395754293,0.169675023212628,0.0668603540560114,0.0049767873723305,0.0047757395754293,2022.0,2000-06-28,,,2024,3
Drue Tranquill,KC,LB,14235,weighted,,,,,,,,,,,,,,,,,,,,,,,,,,,,,,,,,,,,,,,,,,,,,4.36263695450325,1.67765918595604,,,0.0199071494893222,0.0191029583017175,0.184605385329619,0.0811875727822996,0.0049767873723305,0.0047757395754293,2019.0,1995-08-15,,,2024,3
Cody Barton,DEN,LB,14217,weighted,,,,,,,,,,,,,,,,,,,,,,,,,,,,,,,,,,,,,,,,,,,,,4.51667595171774,1.45800876890525,,,0.0298607242339833,0.0286544374525763,0.164233983286908,0.15759940598917,0.0049767873723305,0.0047757395754293,2019.0,1996-11-13,,,2024,3
Zack Baun,PHI,LB,14893,weighted,,,,,,,,,,,,,,,,,,,,,,,,,,,,,,,,,,,,,,,,,,,,,4.79409470752089,1.2272187703556,,,0.0199071494893222,0.0191029583017175,0.179628597957289,0.0764118332068702,0.0049767873723305,0.0047757395754293,2020.0,1996-12-30,,,2024,3
Trenton Simpson,BAL,LB,16234,weighted,,,,,,,,,,,,,,,,,,,,,,,,,,,,,,,,,,,,,,,,,,,,,4.38460538532962,1.35496257310954,,,0.0149303621169916,0.0143272187262882,0.325348189415042,0.0716360936314408,0.0049767873723305,0.0047757395754293,2023.0,2001-06-14,,,2024,3
Jamien Sherwood,NYJ,LB,15428,weighted,,,,,,,,,,,,,,,,,,,,,,,,,,,,,,,,,,,,,,,,,,,,,4.81018666666667,1.49906637611548,,,0.02,0.0,0.25,0.0,0.01,0.0,2021.0,2000-01-12,,,2024,3
Ivan Pace,MIN,LB,16383,weighted,,,,,,,,,,,,,,,,,,,,,,,,,,,,,,,,,,,,,,,,,,,,,4.24936,2.05768073325285,,,0.03,0.0,0.25,0.0,0.01,0.0,2023.0,2000-12-16,O,Quadriceps,2024,3
Denzel Perryman,LAC,LB,12238,weighted,,,,,,,,,,,,,,,,,,,,,,,,,,,,,,,,,,,,,,,,,,,,,4.64505106778087,1.36852699378897,,,0.0199071494893222,0.0191029583017175,0.239814298978644,0.0382059166034351,0.0049767873723305,0.0047757395754293,,1992-12-05,,,2024,3
Daiyan Henley,LAC,LB,16280,weighted,,,,,,,,,,,,,,,,,,,,,,,,,,,,,,,,,,,,,,,,,,,,,4.43188486536676,1.001582620279,,,0.0149303621169916,0.0143272187262882,0.224883936861653,0.0238786978771469,0.0049767873723305,0.0047757395754293,2023.0,1999-11-18,,,2024,3
K.J. Britt,TB,LB,15449,weighted,,,,,,,,,,,,,,,,,,,,,,,,,,,,,,,,,,,,,,,,,,,,,3.85177344475395,1.22802187781863,,,0.0651624883936862,0.0334301770280057,0.280092850510678,0.0191029583017175,0.0049767873723305,0.0047757395754293,2021.0,1999-06-04,,,2024,3
Raekwon McMillan,NE,LB,13222,weighted,,,,,,,,,,,,,,,,,,,,,,,,,,,,,,,,,,,,,,,,,,,,,4.03290666666667,1.3717871555019,,,0.01,0.0,0.19,3.96503188151261e-17,0.01,0.0,2017.0,1996-11-17,,,2024,3
Alex Anzalone,DET,LB,13268,weighted,,,,,,,,,,,,,,,,,,,,,,,,,,,,,,,,,,,,,,,,,,,,,4.22235840297122,1.04016189701041,,,0.0099535747446611,0.0095514791508587,0.209953574744661,0.0095514791508587,0.0049767873723305,0.0047757395754293,2017.0,1994-09-22,Q,Concussion,2024,3
Pete Werner,NO,LB,15387,weighted,,,,,,,,,,,,,,,,,,,,,,,,,,,,,,,,,,,,,,,,,,,,,3.92590529247911,0.991306059015741,,,0.0149303621169916,0.0143272187262882,0.169675023212628,0.0668603540560114,0.0049767873723305,0.0047757395754293,2021.0,1999-06-05,,,2024,3
Troy Andersen,ATL,LB,15858,weighted,,,,,,,,,,,,,,,,,,,,,,,,,,,,,,,,,,,,,,,,,,,,,3.66791086350975,0.6968829469206,,,0.0049767873723305,0.0047757395754293,0.149767873723305,0.0477573957542939,0.0049767873723305,0.0047757395754293,2022.0,1999-04-23,,,2024,3
DeMarvion Overshown,DAL,LB,16283,weighted,,,,,,,,,,,,,,,,,,,,,,,,,,,,,,,,,,,,,,,,,,,,,2.83207056638811,1.15657777537485,,,0.0099535747446611,0.0095514791508587,0.099535747446611,0.0955147915085878,0.0049767873723305,0.0047757395754293,2023.0,2000-08-13,,,2024,3
Leo Chenal,KC,LB,15831,weighted,,,,,,,,,,,,,,,,,,,,,,,,,,,,,,,,,,,,,,,,,,,,,3.2455338904364,0.797877147331904,,,0.0049767873723305,0.0047757395754293,0.290510677808728,0.105066270659447,0.0049767873723305,0.0047757395754293,2022.0,2000-10-26,,,2024,3
SirVocea Dennis,TB,LB,16314,weighted,,,,,,,,,,,,,,,,,,,,,,,,,,,,,,,,,,,,,,,,,,,,,3.22378830083565,0.869318076106229,,,0.0149303621169916,0.0143272187262882,0.159721448467967,0.0573088749051527,0.0049767873723305,0.0047757395754293,2023.0,2000-03-09,,,2024,3
Elandon Roberts,PIT,LB,12831,weighted,,,,,,,,,,,,,,,,,,,,,,,,,,,,,,,,,,,,,,,,,,,,,3.29298013245033,1.13137084989848,,,0.0,0.0,0.1,1.98041604282243e-17,0.0,0.0,2016.0,1994-04-22,,,2024,3
Jamin Davis,WAS,LB,15373,weighted,,,,,,,,,,,,,,,,,,,,,,,,,,,,,,,,,,,,,,,,,,,,,2.26940397350993,1.90918830920368,,,0.0,0.0,0.2,3.96083208564486e-17,0.0,0.0,2021.0,1998-12-12,,,2024,3
Darius Muasau,NYG,LB,16759,weighted,,,,,,,,,,,,,,,,,,,,,,,,,,,,,,,,,,,,,,,,,,,,,2.93377483443709,1.41421356237309,,,0.1,1.98041604282243e-17,0.2,3.96083208564486e-17,0.1,1.98041604282243e-17,2024.0,2001-02-10,Q,Knee,2024,3
Jack Sanborn,CHI,LB,15975,weighted,,,,,,,,,,,,,,,,,,,,,,,,,,,,,,,,,,,,,,,,,,,,,1.94264900662252,2.1920310216783,,,0.0,0.0,0.2,3.96083208564486e-17,0.0,0.0,2022.0,2000-07-29,,,2024,3
Mack Wilson,ARI,LB,14169,weighted,,,,,,,,,,,,,,,,,,,,,,,,,,,,,,,,,,,,,,,,,,,,,2.76688741721854,0.707106781186548,,,0.0,0.0,0.3,0.0,0.0,0.0,2019.0,1998-02-14,,,2024,3
Luke Masterson,LVR,LB,16004,weighted,,,,,,,,,,,,,,,,,,,,,,,,,,,,,,,,,,,,,,,,,,,,,2.19046357615894,1.48492424049175,,,0.0,0.0,0.0,0.0,0.0,0.0,2022.0,1998-01-07,,,2024,3
Nicholas Morrow,BUF,LB,13426,weighted,,,,,,,,,,,,,,,,,,,,,,,,,,,,,,,,,,,,,,,,,,,,,1.47960264900662,1.27279220613579,,,0.0,0.0,0.2,3.96083208564486e-17,0.0,0.0,2017.0,1995-07-10,,,2024,3
Marist Liufau,DAL,LB,16707,weighted,,,,,,,,,,,,,,,,,,,,,,,,,,,,,,,,,,,,,,,,,,,,,1.96688741721854,0.707106781186548,,,0.0,0.0,0.0,0.0,0.0,0.0,2024.0,2001-02-09,,,2024,3
Kamu Grugier-Hill,MIN,LB,12828,weighted,,,,,,,,,,,,,,,,,,,,,,,,,,,,,,,,,,,,,,,,,,,,,1.78026490066225,0.848528137423857,,,0.1,1.98041604282243e-17,0.1,1.98041604282243e-17,0.0,0.0,2016.0,1994-05-16,,,2024,3
Payton Wilson,PIT,LB,16716,weighted,,,,,,,,,,,,,,,,,,,,,,,,,,,,,,,,,,,,,,,,,,,,,1.87324503311258,0.282842712474619,,,0.0,0.0,0.1,1.98041604282243e-17,0.0,0.0,2024.0,2000-04-21,,,2024,3
Brian Asamoah,MIN,LB,15829,weighted,,,,,,,,,,,,,,,,,,,,,,,,,,,,,,,,,,,,,,,,,,,,,1.14966887417219,1.06066017177982,,,0.0,0.0,0.0,0.0,0.0,0.0,2022.0,2000-03-29,,,2024,3
Willie Gay,NO,LB,14926,weighted,,,,,,,,,,,,,,,,,,,,,,,,,,,,,,,,,,,,,,,,,,,,,1.23311258278146,0.707106781186548,,,0.0,0.0,0.1,1.98041604282243e-17,0.0,0.0,2020.0,1998-02-15,,,2024,3
Edgerrin Cooper,GB,LB,16696,weighted,,,,,,,,,,,,,,,,,,,,,,,,,,,,,,,,,,,,,,,,,,,,,1.14649006622517,0.565685424949238,,,0.0,0.0,0.2,3.96083208564486e-17,0.0,0.0,2024.0,2001-11-17,,,2024,3
Malcolm Rodriguez,DET,LB,15914,weighted,,,,,,,,,,,,,,,,,,,,,,,,,,,,,,,,,,,,,,,,,,,,,1.37324503311258,0.282842712474619,,,0.0,0.0,0.0,0.0,0.0,0.0,2022.0,1999-03-29,,,2024,3
Owen Pappoe,ARI,LB,16237,weighted,,,,,,,,,,,,,,,,,,,,,,,,,,,,,,,,,,,,,,,,,,,,,1.21655629139073,0.353553390593274,,,0.0,0.0,0.1,1.98041604282243e-17,0.0,0.0,2023.0,2000-09-29,,,2024,3
Jaylon Carlies,IND,LB,16738,weighted,,,,,,,,,,,,,,,,,,,,,,,,,,,,,,,,,,,,,,,,,,,,,1.15350993377483,0.565685424949238,,,0.0,0.0,0.0,0.0,0.1,1.98041604282243e-17,2024.0,2001-09-13,,,2024,3
Chad Muma,JAC,LB,15830,weighted,,,,,,,,,,,,,,,,,,,,,,,,,,,,,,,,,,,,,,,,,,,,,0.946490066225165,0.565685424949238,,,0.0,0.0,0.2,3.96083208564486e-17,0.0,0.0,2022.0,1999-08-18,,,2024,3
Devin Bush,CLE,LB,14170,weighted,,,,,,,,,,,,,,,,,,,,,,,,,,,,,,,,,,,,,,,,,,,,,0.946490066225165,0.565685424949238,,,0.0,0.0,0.0,0.0,0.0,0.0,2019.0,1998-07-18,,,2024,3
Eric Wilson,GB,LB,13447,weighted,,,,,,,,,,,,,,,,,,,,,,,,,,,,,,,,,,,,,,,,,,,,,1.34331125827815,0.0707106781186547,,,0.0,0.0,0.0,0.0,0.0,0.0,2017.0,1994-09-26,,,2024,3
Demetrius Flannigan-Fowles,SF,LB,15117,weighted,,,,,,,,,,,,,,,,,,,,,,,,,,,,,,,,,,,,,,,,,,,,,1.05350993377483,0.565685424949238,,,0.0,0.0,0.2,3.96083208564486e-17,0.0,0.0,2019.0,1996-09-04,,,2024,3
Troy Dye,LAC,LB,14953,weighted,,,,,,,,,,,,,,,,,,,,,,,,,,,,,,,,,,,,,,,,,,,,,1.14013245033113,0.424264068711928,,,0.0,0.0,0.1,1.98041604282243e-17,0.0,0.0,2020.0,1996-09-18,,,2024,3
Akeem Davis-Gaither,CIN,LB,14943,weighted,,,,,,,,,,,,,,,,,,,,,,,,,,,,,,,,,,,,,,,,,,,,,1.14013245033113,0.424264068711928,,,0.0,0.0,0.0,0.0,0.0,0.0,2020.0,1997-09-21,,,2024,3
Malik Harrison,BAL,LB,14891,weighted,,,,,,,,,,,,,,,,,,,,,,,,,,,,,,,,,,,,,,,,,,,,,0.929933774834437,0.212132034355964,,,0.0,0.0,0.0,0.0,0.0,0.0,2020.0,1998-03-05,,,2024,3
Ventrell Miller,JAC,LB,16296,weighted,,,,,,,,,,,,,,,,,,,,,,,,,,,,,,,,,,,,,,,,,,,,,0.629933774834437,0.212132034355964,,,0.0,0.0,0.1,1.98041604282243e-17,0.0,0.0,2023.0,1999-01-15,,,2024,3
Drake Thomas,SEA,LB,16450,weighted,,,,,,,,,,,,,,,,,,,,,,,,,,,,,,,,,,,,,,,,,,,,,0.583443708609272,0.353553390593274,,,0.0,0.0,0.0,0.0,0.0,0.0,2023.0,2000-02-25,,,2024,3
Budda Baker,ARI,DB,13251,weighted,,,,,,,,,,,,,,,,,,,,,,,,,,,,,,,,,,,,,,,,,,,,,6.17838440111421,1.25866094766714,,,0.0850696378830084,0.0143272187262882,0.339814298978644,0.0382059166034351,0.0049767873723305,0.0047757395754293,2017.0,1996-01-10,,,2024,3
Quentin Lake,LAR,DB,15923,weighted,,,,,,,,,,,,,,,,,,,,,,,,,,,,,,,,,,,,,,,,,,,,,5.2508077994429,2.31055961383624,,,0.0348375116063138,0.0334301770280057,0.390046425255339,0.0095514791508587,0.0049767873723305,0.0047757395754293,2022.0,1999-01-29,,,2024,3
Derwin James,LAC,DB,13714,weighted,,,,,,,,,,,,,,,,,,,,,,,,,,,,,,,,,,,,,,,,,,,,,5.54176415970288,1.5402931109539,,,0.104976787372331,0.0047757395754293,0.379628597957289,0.0764118332068702,0.0049767873723305,0.0047757395754293,2018.0,1996-08-03,,,2024,3
Jaquan Brisker,CHI,DB,15835,weighted,,,,,,,,,,,,,,,,,,,,,,,,,,,,,,,,,,,,,,,,,,,,,5.32037140204271,1.59410634208964,,,0.0348375116063138,0.0334301770280057,0.329860724233983,0.0286544374525763,0.0049767873723305,0.0047757395754293,2022.0,1999-04-20,,,2024,3
Reed Blankenship,PHI,DB,16018,weighted,,,,,,,,,,,,,,,,,,,,,,,,,,,,,,,,,,,,,,,,,,,,,5.44228412256267,1.36352142341201,,,0.165162488393686,0.0334301770280057,0.449767873723306,0.0477573957542939,0.0049767873723305,0.0047757395754293,2022.0,1999-03-02,,,2024,3
Julian Love,SEA,DB,14179,weighted,,,,,,,,,,,,,,,,,,,,,,,,,,,,,,,,,,,,,,,,,,,,,5.75493036211699,1.1596633570434,,,0.204976787372331,0.0047757395754293,0.735301764159703,0.062084614480582,0.0099535747446611,0.0095514791508587,2019.0,1998-03-19,,,2024,3
Jessie Bates,ATL,DB,13737,weighted,,,,,,,,,,,,,,,,,,,,,,,,,,,,,,,,,,,,,,,,,,,,,5.41461467038069,1.29908194685844,,,0.230324976787372,0.0668603540560114,0.580092850510678,0.0191029583017175,0.0049767873723305,0.0047757395754293,2018.0,1997-02-26,,,2024,3
Camryn Bynum,MIN,DB,15418,weighted,,,,,,,,,,,,,,,,,,,,,,,,,,,,,,,,,,,,,,,,,,,,,5.28724233983287,1.32399677735326,,,0.0900464252553389,0.0095514791508587,0.4,0.0,0.0049767873723305,0.0047757395754293,2021.0,1998-07-19,,,2024,3
Minkah Fitzpatrick,PIT,DB,13713,weighted,,,,,,,,,,,,,,,,,,,,,,,,,,,,,,,,,,,,,,,,,,,,,5.30300835654596,1.30335486127926,,,0.160185701021356,0.0382059166034351,0.439814298978644,0.0382059166034351,0.0049767873723305,0.0047757395754293,2018.0,1996-11-17,,,2024,3
Brian Branch,DET,DB,16244,weighted,,,,,,,,,,,,,,,,,,,,,,,,,,,,,,,,,,,,,,,,,,,,,5.02681522748375,1.51315390034548,,,0.215394614670381,0.0811875727822996,0.896880222841226,0.38683490560978,0.0049767873723305,0.0047757395754293,2023.0,2001-10-22,,,2024,3
Donovan Wilson,DAL,DB,14283,weighted,,,,,,,,,,,,,,,,,,,,,,,,,,,,,,,,,,,,,,,,,,,,,4.76557103064067,1.79154060685994,,,0.145255338904364,0.0525331353297233,0.349767873723305,0.0477573957542939,0.0049767873723305,0.0047757395754293,2019.0,1970-01-01,,,2024,3
Kamren Curl,LAR,DB,15001,weighted,,,,,,,,,,,,,,,,,,,,,,,,,,,,,,,,,,,,,,,,,,,,,5.12733519034355,1.33568005657214,,,0.0900464252553389,0.0095514791508587,0.445255338904364,0.0525331353297233,0.0049767873723305,0.0047757395754293,2020.0,1999-03-03,,,2024,3
Nick Cross,IND,DB,15839,weighted,,,,,,,,,,,,,,,,,,,,,,,,,,,,,,,,,,,,,,,,,,,,,5.18512534818942,1.21033421738973,,,0.114930362116992,0.0143272187262882,0.39455896007428,0.0907390519331584,0.0049767873723305,0.0047757395754293,2022.0,2001-09-10,,,2024,3
Jordan Poyer,MIA,DB,11317,weighted,,,,,,,,,,,,,,,,,,,,,,,,,,,,,,,,,,,,,,,,,,,,,4.97862581244197,1.34376911247009,,,0.139814298978644,0.0382059166034351,0.454280408542247,0.148047926838311,0.0099535747446611,0.0095514791508587,2013.0,1991-04-25,,,2024,3
Kevin Byard,CHI,DB,12752,weighted,,,,,,,,,,,,,,,,,,,,,,,,,,,,,,,,,,,,,,,,,,,,,4.89398328690808,1.36285887374791,,,0.0696750232126277,0.0668603540560114,0.359257195914578,0.15282366641374,0.0049767873723305,0.0047757395754293,2016.0,1993-08-17,,,2024,3
Andru Phillips,NYG,DB,16703,weighted,,,,,,,,,,,,,,,,,,,,,,,,,,,,,,,,,,,,,,,,,,,,,4.43825441039926,1.72873074512495,,,0.0348375116063138,0.0334301770280057,0.329860724233983,0.0286544374525763,0.0049767873723305,0.0047757395754293,2024.0,2001-11-30,,,2024,3
Elijah Molden,LAC,DB,15402,weighted,,,,,,,,,,,,,,,,,,,,,,,,,,,,,,,,,,,,,,,,,,,,,3.93294336118849,2.19353555620493,,,0.160185701021356,0.0382059166034351,0.384605385329619,0.0811875727822996,0.0049767873723305,0.0047757395754293,2021.0,1999-01-30,,,2024,3
Justin Reid,KC,DB,13717,weighted,,,,,,,,,,,,,,,,,,,,,,,,,,,,,,,,,,,,,,,,,,,,,5.07327762302693,1.13201526809141,,,0.0447910863509749,0.0429816561788645,0.29455896007428,0.0907390519331584,0.0049767873723305,0.0047757395754293,2018.0,1997-02-15,,,2024,3
Justin Reid,KC,DB,13717,weighted,,,,,,,,,,,,,,,,,,,,,,,,,,,,,,,,,,,,,,,,,,,,,5.07327762302693,1.13201526809141,,,0.0447910863509749,0.0429816561788645,0.29455896007428,0.0907390519331584,0.0049767873723305,0.0047757395754293,2018.0,2002-05-24,,,2024,3
Tyler Nubin,NYG,DB,16679,weighted,,,,,,,,,,,,,,,,,,,,,,,,,,,,,,,,,,,,,,,,,,,,,4.20519962859796,2.02967203100914,,,0.054744661095636,0.0525331353297233,0.264233983286908,0.15759940598917,0.0049767873723305,0.0047757395754293,2024.0,2001-06-14,,,2024,3
Kyle Dugger,NE,DB,14921,weighted,,,,,,,,,,,,,,,,,,,,,,,,,,,,,,,,,,,,,,,,,,,,,4.61532033426184,1.40010872377814,,,0.0850696378830084,0.0143272187262882,0.420371402042711,0.0764118332068702,0.0552089136490251,0.0429816561788645,2020.0,1996-03-22,,,2024,3
Grant Delpit,CLE,DB,14907,weighted,,,,,,,,,,,,,,,,,,,,,,,,,,,,,,,,,,,,,,,,,,,,,4.73377901578459,1.25985952350363,,,0.104976787372331,0.0047757395754293,0.424883936861653,0.0238786978771469,0.0049767873723305,0.0047757395754293,2020.0,1998-09-20,,,2024,3
Xavier McKinney,GB,DB,14908,weighted,,,,,,,,,,,,,,,,,,,,,,,,,,,,,,,,,,,,,,,,,,,,,4.86425255338904,1.13209821470037,,,0.270603528319406,0.124169228961164,0.555208913649025,0.0429816561788645,0.0049767873723305,0.0047757395754293,2020.0,1999-08-09,,,2024,3
Jimmie Ward,HOU,DB,11768,weighted,,,,,,,,,,,,,,,,,,,,,,,,,,,,,,,,,,,,,,,,,,,,,5.02544103992572,1.04688012719225,,,0.165162488393686,0.0334301770280057,0.490046425255339,0.0095514791508587,0.0049767873723305,0.0047757395754293,2014.0,1991-07-18,,,2024,3
Nate Hobbs,LVR,DB,15441,weighted,,,,,,,,,,,,,,,,,,,,,,,,,,,,,,,,,,,,,,,,,,,,,4.69901578458682,1.4422566766871,,,0.0950232126276695,0.0047757395754293,0.395023212627669,0.0047757395754293,0.0049767873723305,0.0047757395754293,2021.0,1999-06-24,,,2024,3
Antonio Johnson,JAC,DB,16246,weighted,,,,,,,,,,,,,,,,,,,,,,,,,,,,,,,,,,,,,,,,,,,,,4.79502321262767,1.07565602501717,,,0.185069637883008,0.0143272187262882,0.630324976787372,0.0668603540560114,0.0099535747446611,0.0095514791508587,2023.0,2001-10-29,,,2024,3
Jartavius Martin,WAS,DB,16263,weighted,,,,,,,,,,,,,,,,,,,,,,,,,,,,,,,,,,,,,,,,,,,,,4.47346332404828,1.3240096628023,,,0.134837511606314,0.0334301770280057,0.434373259052925,0.128944968536593,0.0099535747446611,0.0095514791508587,2023.0,2000-04-17,,,2024,3
Rayshawn Jenkins,SEA,DB,13288,weighted,,,,,,,,,,,,,,,,,,,,,,,,,,,,,,,,,,,,,,,,,,,,,5.01998142989787,1.00684493813143,,,0.129860724233983,0.0286544374525763,0.474651810584958,0.0716360936314408,0.0049767873723305,0.0047757395754293,2017.0,1994-01-25,,,2024,3
Kyle Hamilton,BAL,DB,15834,weighted,,,,,,,,,,,,,,,,,,,,,,,,,,,,,,,,,,,,,,,,,,,,,4.837808727948,1.01472945807597,,,0.160185701021356,0.0382059166034351,0.570603528319406,0.124169228961164,0.0049767873723305,0.0047757395754293,2022.0,2001-03-16,,,2024,3
Jordan Whitehead,TB,DB,13760,weighted,,,,,,,,,,,,,,,,,,,,,,,,,,,,,,,,,,,,,,,,,,,,,4.80744661095636,1.02700555767228,,,0.114930362116992,0.0143272187262882,0.495023212627669,0.0047757395754293,0.0049767873723305,0.0047757395754293,2018.0,1997-03-18,,,2024,3
Daxton Hill,CIN,DB,15836,weighted,,,,,,,,,,,,,,,,,,,,,,,,,,,,,,,,,,,,,,,,,,,,,4.7483008356546,1.11309093717739,,,0.0348375116063138,0.0334301770280057,0.475580315691736,0.119393489385735,0.0049767873723305,0.0047757395754293,2022.0,2000-09-29,,,2024,3
Vonn Bell,CIN,DB,12718,weighted,,,,,,,,,,,,,,,,,,,,,,,,,,,,,,,,,,,,,,,,,,,,,4.32170844939647,1.41711398840989,,,0.0751160631383473,0.0238786978771469,0.254744661095636,0.0525331353297233,0.0049767873723305,0.0047757395754293,2016.0,1994-12-12,Q,Back,2024,3
Jalen Pitre,HOU,DB,15850,weighted,,,,,,,,,,,,,,,,,,,,,,,,,,,,,,,,,,,,,,,,,,,,,5.08908077994429,0.715196254036972,,,0.0696750232126277,0.0668603540560114,0.449767873723306,0.0477573957542939,0.0049767873723305,0.0047757395754293,2022.0,1999-06-03,,,2024,3
Amani Hooker,TEN,DB,14182,weighted,,,,,,,,,,,,,,,,,,,,,,,,,,,,,,,,,,,,,,,,,,,,,4.95034354688951,1.01660622856709,,,0.134837511606314,0.0334301770280057,0.534837511606314,0.0334301770280057,0.0099535747446611,0.0095514791508587,2019.0,1998-06-14,,,2024,3
Ji'Ayir Brown,SF,DB,16281,weighted,,,,,,,,,,,,,,,,,,,,,,,,,,,,,,,,,,,,,,,,,,,,,4.63177344475395,1.03219349891477,,,0.180092850510678,0.0191029583017176,0.469675023212628,0.0668603540560114,0.0049767873723305,0.0047757395754293,2023.0,2000-01-25,,,2024,3
Devon Witherspoon,SEA,DB,16241,weighted,,,,,,,,,,,,,,,,,,,,,,,,,,,,,,,,,,,,,,,,,,,,,4.69964716805942,1.00552526334392,,,0.054744661095636,0.0525331353297233,0.565626740947075,0.128944968536593,0.0049767873723305,0.0047757395754293,2023.0,2000-12-11,,,2024,3
Jevon Holland,MIA,DB,15366,weighted,,,,,,,,,,,,,,,,,,,,,,,,,,,,,,,,,,,,,,,,,,,,,4.28882079851439,1.35864494344406,,,0.114930362116992,0.0143272187262882,0.495023212627669,0.0047757395754293,0.0049767873723305,0.0047757395754293,2021.0,2000-03-03,,,2024,3
Jeremy Chinn,WAS,DB,14927,weighted,,,,,,,,,,,,,,,,,,,,,,,,,,,,,,,,,,,,,,,,,,,,,4.12464252553389,1.53044237256175,,,0.0398142989786444,0.0382059166034351,0.385069637883008,0.0143272187262882,0.0049767873723305,0.0047757395754293,2020.0,1998-02-26,,,2024,3
Alontae Taylor,NO,DB,15856,weighted,,,,,,,,,,,,,,,,,,,,,,,,,,,,,,,,,,,,,,,,,,,,,4.82337975858867,0.937245029189867,,,0.135301764159703,0.062084614480582,0.525812441968431,0.167150885140029,0.0049767873723305,0.0047757395754293,2022.0,1998-12-03,,,2024,3
Jalen Thompson,ARI,DB,14518,weighted,,,,,,,,,,,,,,,,,,,,,,,,,,,,,,,,,,,,,,,,,,,,,4.69595171773445,0.938610921081676,,,0.160185701021356,0.0382059166034351,0.530324976787372,0.0668603540560114,0.0049767873723305,0.0047757395754293,2019.0,1998-07-18,,,2024,3
Tony Adams,NYJ,DB,16014,weighted,,,,,,,,,,,,,,,,,,,,,,,,,,,,,,,,,,,,,,,,,,,,,4.38635097493036,1.16427409308356,,,0.165162488393686,0.0334301770280057,0.590510677808728,0.105066270659447,0.0049767873723305,0.0047757395754293,2022.0,1999-01-24,,,2024,3
Harrison Smith,MIN,DB,10783,weighted,,,,,,,,,,,,,,,,,,,,,,,,,,,,,,,,,,,,,,,,,,,,,4.33424326833798,1.1742348932567,,,0.119907149489322,0.0191029583017176,0.495023212627669,0.0047757395754293,0.0049767873723305,0.0047757395754293,2012.0,1989-02-02,,,2024,3
Chauncey Gardner-Johnson,PHI,DB,14224,weighted,,,,,,,,,,,,,,,,,,,,,,,,,,,,,,,,,,,,,,,,,,,,,4.31026926648097,1.20828325380304,,,0.114930362116992,0.0143272187262882,0.334373259052925,0.128944968536593,0.0049767873723305,0.0047757395754293,2019.0,1997-12-20,Q,Foot,2024,3
Taylor Rapp,BUF,DB,14186,weighted,,,,,,,,,,,,,,,,,,,,,,,,,,,,,,,,,,,,,,,,,,,,,4.48646239554318,1.02463640871566,,,0.160185701021356,0.0382059166034351,0.525348189415042,0.0716360936314408,0.0049767873723305,0.0047757395754293,2019.0,1970-01-01,,,2024,3
Tyrique Stevenson,CHI,DB,16267,weighted,,,,,,,,,,,,,,,,,,,,,,,,,,,,,,,,,,,,,,,,,,,,,4.31782729805014,1.41121726454197,,,0.170139275766017,0.0286544374525763,0.655673166202414,0.138496447687452,0.0552089136490251,0.0429816561788645,2023.0,2000-05-26,,,2024,3
Cam Lewis,BUF,DB,15140,weighted,,,,,,,,,,,,,,,,,,,,,,,,,,,,,,,,,,,,,,,,,,,,,4.80410666666667,1.15965512114594,,,0.06,0.0,0.32,0.0,0.01,0.0,2019.0,1997-04-13,,,2024,3
Christian Izien,TB,DB,16457,weighted,,,,,,,,,,,,,,,,,,,,,,,,,,,,,,,,,,,,,,,,,,,,,4.61144,1.33643181644258,,,0.14,0.0,0.51,0.0,0.01,0.0,2023.0,2000-06-08,,,2024,3
Kerby Joseph,DET,DB,15871,weighted,,,,,,,,,,,,,,,,,,,,,,,,,,,,,,,,,,,,,,,,,,,,,4.45316620241411,0.997658792896287,,,0.285533890436397,0.109842010234876,0.730789229340761,0.162375145564599,0.0049767873723305,0.0047757395754293,2022.0,2000-11-14,,,2024,3
Jordan Fuller,CAR,DB,14991,weighted,,,,,,,,,,,,,,,,,,,,,,,,,,,,,,,,,,,,,,,,,,,,,4.341095636026,1.08673483028521,,,0.109953574744661,0.0095514791508587,0.429860724233983,0.0286544374525763,0.0049767873723305,0.0047757395754293,2020.0,1998-03-04,,,2024,3
P.J. Locke,DEN,DB,15094,weighted,,,,,,,,,,,,,,,,,,,,,,,,,,,,,,,,,,,,,,,,,,,,,4.14655524605385,1.27526625432174,,,0.109953574744661,0.0095514791508587,0.575580315691736,0.119393489385735,0.0049767873723305,0.0047757395754293,2019.0,1997-02-12,,,2024,3
Deommodore Lenoir,SF,DB,15445,weighted,,,,,,,,,,,,,,,,,,,,,,,,,,,,,,,,,,,,,,,,,,,,,4.14174558960074,1.44820233425436,,,0.104976787372331,0.0047757395754293,0.465162488393686,0.0334301770280057,0.0049767873723305,0.0047757395754293,2021.0,1999-10-06,,,2024,3
Chuck Clark,NYJ,DB,13322,weighted,,,,,,,,,,,,,,,,,,,,,,,,,,,,,,,,,,,,,,,,,,,,,4.3291922005571,0.997063634742653,,,0.140278551532033,0.0573088749051527,0.480557103064067,0.114617749810305,0.0049767873723305,0.0047757395754293,2017.0,1995-04-19,,,2024,3
Jamel Dean,TB,DB,14219,weighted,,,,,,,,,,,,,,,,,,,,,,,,,,,,,,,,,,,,,,,,,,,,,4.4971773444754,0.831503528602777,,,0.114930362116992,0.0143272187262882,0.490046425255339,0.0095514791508587,0.0049767873723305,0.0047757395754293,2019.0,1996-10-15,,,2024,3
Kenny Moore,IND,DB,13470,weighted,,,,,,,,,,,,,,,,,,,,,,,,,,,,,,,,,,,,,,,,,,,,,4.3363974001857,0.983912192409687,,,0.129860724233983,0.0286544374525763,0.519907149489322,0.0191029583017176,0.0049767873723305,0.0047757395754293,2017.0,1995-08-23,,,2024,3
Xavier Woods,CAR,DB,13325,weighted,,,,,,,,,,,,,,,,,,,,,,,,,,,,,,,,,,,,,,,,,,,,,3.98928505106778,1.26557947219348,,,0.0950232126276695,0.0047757395754293,0.390046425255339,0.0095514791508587,0.0049767873723305,0.0047757395754293,2017.0,1995-07-26,,,2024,3
Jason Pinnock,NYG,DB,15448,weighted,,,,,,,,,,,,,,,,,,,,,,,,,,,,,,,,,,,,,,,,,,,,,4.4661095636026,0.889859210031599,,,0.195487465181059,0.100290531084017,0.490510677808728,0.105066270659447,0.0049767873723305,0.0047757395754293,2021.0,1999-06-30,,,2024,3
Marcus Williams,BAL,DB,13253,weighted,,,,,,,,,,,,,,,,,,,,,,,,,,,,,,,,,,,,,,,,,,,,,4.35409470752089,0.862985541076605,,,0.129860724233983,0.0286544374525763,0.670603528319406,0.124169228961164,0.0049767873723305,0.0047757395754293,2017.0,1996-09-08,,,2024,3
Quinyon Mitchell,PHI,DB,16690,weighted,,,,,,,,,,,,,,,,,,,,,,,,,,,,,,,,,,,,,,,,,,,,,3.79298050139276,1.5653054753535,,,0.0298607242339833,0.0286544374525763,0.455673166202414,0.138496447687452,0.0049767873723305,0.0047757395754293,2024.0,2001-07-18,,,2024,3
Brandon Jones,DEN,DB,14910,weighted,,,,,,,,,,,,,,,,,,,,,,,,,,,,,,,,,,,,,,,,,,,,,4.2330547818013,0.898983133459202,,,0.109953574744661,0.0095514791508587,0.369675023212628,0.0668603540560114,0.0049767873723305,0.0047757395754293,2020.0,1998-04-02,,,2024,3
Jabrill Peppers,NE,DB,13231,weighted,,,,,,,,,,,,,,,,,,,,,,,,,,,,,,,,,,,,,,,,,,,,,3.94144846796657,1.18062908573668,,,0.0701392757660167,0.0286544374525763,0.290046425255339,0.0095514791508587,0.0049767873723305,0.0047757395754293,2017.0,1995-10-04,,,2024,3
Quandre Diggs,TEN,DB,12349,weighted,,,,,,,,,,,,,,,,,,,,,,,,,,,,,,,,,,,,,,,,,,,,,4.08950789229341,0.993904282973671,,,0.159721448467967,0.0573088749051527,0.4791643454039,0.171926624715458,0.0099535747446611,0.0095514791508587,2015.0,1991-11-07,,,2024,3
Will Harris,NO,DB,14213,weighted,,,,,,,,,,,,,,,,,,,,,,,,,,,,,,,,,,,,,,,,,,,,,3.2064252553389,2.15006041803087,,,0.140278551532033,0.0573088749051527,0.334837511606314,0.0334301770280057,0.0049767873723305,0.0047757395754293,2019.0,,Q,Shin,2024,3
Paulson Adebo,NO,DB,15394,weighted,,,,,,,,,,,,,,,,,,,,,,,,,,,,,,,,,,,,,,,,,,,,,4.59827298050139,0.714272036839926,,,0.220371402042711,0.0764118332068702,0.901857010213556,0.382059166034351,0.0049767873723305,0.0047757395754293,2021.0,1999-07-03,,,2024,3
Brandin Echols,NYJ,DB,15464,weighted,,,,,,,,,,,,,,,,,,,,,,,,,,,,,,,,,,,,,,,,,,,,,3.76904,1.7606958851545,,,0.13,0.0,0.46,7.93006376302522e-17,0.01,0.0,2021.0,1997-10-16,,,2024,3
Julian Blackmon,IND,DB,14933,weighted,,,,,,,,,,,,,,,,,,,,,,,,,,,,,,,,,,,,,,,,,,,,,4.36304635761589,0.919238815542512,,,0.2,3.96083208564486e-17,0.5,0.0,0.0,0.0,2020.0,1998-08-24,,,2024,3
Justin Simmons,ATL,DB,12767,weighted,,,,,,,,,,,,,,,,,,,,,,,,,,,,,,,,,,,,,,,,,,,,,4.03909006499536,0.858596622860184,,,0.149767873723305,0.0477573957542939,0.504512534818942,0.100290531084017,0.0099535747446611,0.0095514791508587,2016.0,1993-11-19,,,2024,3
Carlton Davis,DET,DB,13710,weighted,,,,,,,,,,,,,,,,,,,,,,,,,,,,,,,,,,,,,,,,,,,,,4.07062209842154,0.86699975238633,,,0.0950232126276695,0.0047757395754293,0.390046425255339,0.0095514791508587,0.0049767873723305,0.0047757395754293,2018.0,1996-12-31,,,2024,3
Zyon McCollum,TB,DB,15895,weighted,,,,,,,,,,,,,,,,,,,,,,,,,,,,,,,,,,,,,,,,,,,,,3.99454038997214,0.909298371880564,,,0.0597214484679666,0.0573088749051527,0.520371402042711,0.0764118332068702,0.0049767873723305,0.0047757395754293,2022.0,1999-05-03,,,2024,3
Keisean Nixon,GB,DB,14669,weighted,,,,,,,,,,,,,,,,,,,,,,,,,,,,,,,,,,,,,,,,,,,,,3.93604456824513,0.904607228733817,,,0.0800928505106778,0.0191029583017176,0.3,0.0,0.0049767873723305,0.0047757395754293,2019.0,1997-06-22,,,2024,3
Kendall Fuller,MIA,DB,12714,weighted,,,,,,,,,,,,,,,,,,,,,,,,,,,,,,,,,,,,,,,,,,,,,3.73927576601671,1.21843143346959,,,0.0746518105849582,0.0716360936314408,0.504976787372331,0.0047757395754293,0.0049767873723305,0.0047757395754293,2016.0,1995-02-13,,,2024,3
Damar Hamlin,BUF,DB,15469,weighted,,,,,,,,,,,,,,,,,,,,,,,,,,,,,,,,,,,,,,,,,,,,,4.24605385329619,0.738261056731398,,,0.0850696378830084,0.0143272187262882,0.319907149489322,0.0191029583017176,0.0049767873723305,0.0047757395754293,2021.0,1998-03-24,,,2024,3
Josh Metellus,MIN,DB,14995,weighted,,,,,,,,,,,,,,,,,,,,,,,,,,,,,,,,,,,,,,,,,,,,,4.11522748375116,0.793326850360411,,,0.130324976787372,0.0668603540560114,0.360185701021356,0.0382059166034351,0.0049767873723305,0.0047757395754293,2020.0,1998-01-21,,,2024,3
Riley Moss,DEN,DB,16279,weighted,,,,,,,,,,,,,,,,,,,,,,,,,,,,,,,,,,,,,,,,,,,,,4.11938718662953,0.767431155027756,,,0.0597214484679666,0.0573088749051527,0.269210770659239,0.162375145564599,0.0049767873723305,0.0047757395754293,2023.0,2000-03-03,,,2024,3
Deonte Banks,NYG,DB,16255,weighted,,,,,,,,,,,,,,,,,,,,,,,,,,,,,,,,,,,,,,,,,,,,,4.19810584958217,0.670423237695704,,,0.104976787372331,0.0047757395754293,0.515394614670381,0.0811875727822996,0.0049767873723305,0.0047757395754293,2023.0,2001-04-03,,,2024,3
Avonte Maddox,PHI,DB,13767,weighted,,,,,,,,,,,,,,,,,,,,,,,,,,,,,,,,,,,,,,,,,,,,,3.1744103992572,2.05971711239055,,,0.0348375116063138,0.0334301770280057,0.259721448467967,0.0573088749051527,0.0049767873723305,0.0047757395754293,2018.0,1996-03-31,,,2024,3
Andre Cisco,JAC,DB,15364,weighted,,,,,,,,,,,,,,,,,,,,,,,,,,,,,,,,,,,,,,,,,,,,,3.53201485608171,1.25844109396872,,,0.134837511606314,0.0334301770280057,0.429396471680594,0.124169228961164,0.0049767873723305,0.0047757395754293,2021.0,2000-03-23,,,2024,3
Bryan Cook,KC,DB,15860,weighted,,,,,,,,,,,,,,,,,,,,,,,,,,,,,,,,,,,,,,,,,,,,,4.26709377901579,0.876680110986717,,,0.104976787372331,0.0047757395754293,0.460185701021356,0.0382059166034351,0.0049767873723305,0.0047757395754293,2022.0,1999-09-07,,,2024,3
Tyrann Mathieu,NO,DB,11313,weighted,,,,,,,,,,,,,,,,,,,,,,,,,,,,,,,,,,,,,,,,,,,,,4.1302878365831,0.871684265952004,,,0.350696378830084,0.143272187262882,0.805905292479109,0.186253843441746,0.0099535747446611,0.0095514791508587,2013.0,1992-05-13,,,2024,3
Trevon Moehrig,LVR,DB,15365,weighted,,,,,,,,,,,,,,,,,,,,,,,,,,,,,,,,,,,,,,,,,,,,,3.79630454967502,0.935099228063731,,,0.114930362116992,0.0143272187262882,0.374651810584958,0.0716360936314408,0.0049767873723305,0.0047757395754293,2021.0,1999-06-16,,,2024,3
Jaycee Horn,CAR,DB,15361,weighted,,,,,,,,,,,,,,,,,,,,,,,,,,,,,,,,,,,,,,,,,,,,,3.83082636954503,0.987704172066091,,,0.124883936861653,0.0238786978771469,0.504976787372331,0.0047757395754293,0.0049767873723305,0.0047757395754293,2021.0,1999-11-26,,,2024,3
Christian Gonzalez,NE,DB,16251,weighted,,,,,,,,,,,,,,,,,,,,,,,,,,,,,,,,,,,,,,,,,,,,,4.01041782729805,0.751154398132997,,,0.0298607242339833,0.0286544374525763,0.400464252553389,0.0955147915085878,0.0049767873723305,0.0047757395754293,2023.0,2002-06-28,,,2024,3
Marcus Jones,NE,DB,15868,weighted,,,,,,,,,,,,,,,,,,,,,,,,,,,,,,,,,,,,,,,,,,,,,3.81892293407614,0.859280113550802,,,0.0701392757660167,0.0286544374525763,0.335301764159703,0.062084614480582,0.0049767873723305,0.0047757395754293,2022.0,1998-10-22,,,2024,3
Javon Bullard,GB,DB,16677,weighted,,,,,,,,,,,,,,,,,,,,,,,,,,,,,,,,,,,,,,,,,,,,,4.09142061281337,0.817035476410169,,,0.0950232126276695,0.0047757395754293,0.485533890436397,0.109842010234876,0.0049767873723305,0.0047757395754293,2024.0,2002-09-05,,,2024,3
Mike Sainristil,WAS,DB,16698,weighted,,,,,,,,,,,,,,,,,,,,,,,,,,,,,,,,,,,,,,,,,,,,,3.61840297121634,1.06203652914109,,,0.0398142989786444,0.0382059166034351,0.319907149489322,0.0191029583017176,0.0049767873723305,0.0047757395754293,2024.0,2000-10-03,,,2024,3
Cam Taylor-Britt,CIN,DB,15859,weighted,,,,,,,,,,,,,,,,,,,,,,,,,,,,,,,,,,,,,,,,,,,,,3.87706592386258,0.784325721936087,,,0.160185701021356,0.0382059166034351,0.671067780872795,0.219684020469752,0.0049767873723305,0.0047757395754293,2022.0,1999-10-15,,,2024,3
Darius Slay,PHI,DB,11348,weighted,,,,,,,,,,,,,,,,,,,,,,,,,,,,,,,,,,,,,,,,,,,,,3.73088207985144,0.880821056830201,,,0.124883936861653,0.0238786978771469,0.655673166202414,0.138496447687452,0.0552089136490251,0.0429816561788645,2013.0,1991-01-01,,,2024,3
Kyler Gordon,CHI,DB,15852,weighted,,,,,,,,,,,,,,,,,,,,,,,,,,,,,,,,,,,,,,,,,,,,,3.68891364902507,1.04115788294833,,,0.0900464252553389,0.0095514791508587,0.324883936861653,0.0238786978771469,0.0049767873723305,0.0047757395754293,2022.0,1999-12-17,,,2024,3
L'Jarius Sneed,TEN,DB,14956,weighted,,,,,,,,,,,,,,,,,,,,,,,,,,,,,,,,,,,,,,,,,,,,,3.83773444753946,0.809326891840331,,,0.139814298978644,0.0382059166034351,0.474651810584958,0.0716360936314408,0.0099535747446611,0.0095514791508587,2020.0,1997-01-21,,,2024,3
Stephon Gilmore,MIN,DB,10789,weighted,,,,,,,,,,,,,,,,,,,,,,,,,,,,,,,,,,,,,,,,,,,,,3.92207985143918,0.688236312244463,,,0.0796285979572888,0.0764118332068702,0.459721448467967,0.0573088749051527,0.0049767873723305,0.0047757395754293,2012.0,1990-09-19,,,2024,3
Geno Stone,CIN,DB,15003,weighted,,,,,,,,,,,,,,,,,,,,,,,,,,,,,,,,,,,,,,,,,,,,,3.68779944289694,0.83902514912149,,,0.170139275766017,0.0286544374525763,0.439814298978644,0.0382059166034351,0.0049767873723305,0.0047757395754293,2020.0,1999-04-19,,,2024,3
Sean Bunting,ARI,DB,14199,weighted,,,,,,,,,,,,,,,,,,,,,,,,,,,,,,,,,,,,,,,,,,,,,3.63422469823584,1.0177952284081,,,0.119907149489322,0.0191029583017176,0.339350046425255,0.133720708112023,0.0049767873723305,0.0047757395754293,2019.0,1997-06-19,,,2024,3
Marcus Epps,LVR,DB,14270,weighted,,,,,,,,,,,,,,,,,,,,,,,,,,,,,,,,,,,,,,,,,,,,,4.01580315691736,0.828505722857993,,,0.1,0.0,0.349767873723305,0.0477573957542939,0.0049767873723305,0.0047757395754293,2019.0,1996-01-27,,,2024,3
Montaric Brown,JAC,DB,15933,weighted,,,,,,,,,,,,,,,,,,,,,,,,,,,,,,,,,,,,,,,,,,,,,4.07226666666667,0.777817459305202,,,0.1,1.9825159407563102e-17,0.39,7.93006376302522e-17,0.01,0.0,2022.0,1999-08-24,,,2024,3
Jack Jones,LVR,DB,15881,weighted,,,,,,,,,,,,,,,,,,,,,,,,,,,,,,,,,,,,,,,,,,,,,3.55216341689879,1.04717264723453,,,0.154744661095636,0.0525331353297233,0.614930362116992,0.0143272187262882,0.0601857010213556,0.0382059166034351,2022.0,1997-12-20,,,2024,3
Trent McDuffie,KC,DB,15845,weighted,,,,,,,,,,,,,,,,,,,,,,,,,,,,,,,,,,,,,,,,,,,,,3.82542246982358,0.696612923953429,,,0.0298607242339833,0.0286544374525763,0.505905292479109,0.186253843441746,0.0049767873723305,0.0047757395754293,2022.0,2000-09-13,,,2024,3
Brandon Stephens,BAL,DB,15405,weighted,,,,,,,,,,,,,,,,,,,,,,,,,,,,,,,,,,,,,,,,,,,,,4.13244196843083,0.56060537291635,,,0.0850696378830084,0.0143272187262882,0.465626740947075,0.128944968536593,0.0049767873723305,0.0047757395754293,2021.0,1997-12-29,,,2024,3
DeShon Elliott,PIT,DB,13806,weighted,,,,,,,,,,,,,,,,,,,,,,,,,,,,,,,,,,,,,,,,,,,,,3.61851439182916,0.85869838585989,,,0.120371402042711,0.0764118332068702,0.435766016713092,0.15759940598917,0.0049767873723305,0.0047757395754293,2018.0,1997-04-21,,,2024,3
Kristian Fulton,LAC,DB,14904,weighted,,,,,,,,,,,,,,,,,,,,,,,,,,,,,,,,,,,,,,,,,,,,,3.46154131847725,1.0943064282558,,,0.054744661095636,0.0525331353297233,0.460185701021356,0.0382059166034351,0.0049767873723305,0.0047757395754293,2020.0,1998-09-03,,,2024,3
Michael Jackson,CAR,DB,14252,weighted,,,,,,,,,,,,,,,,,,,,,,,,,,,,,,,,,,,,,,,,,,,,,3.43117920148561,1.14345800571588,,,0.0348375116063138,0.0334301770280057,0.264698235840297,0.062084614480582,0.0049767873723305,0.0047757395754293,2019.0,1997-01-10,,,2024,3
Jaylen Watson,KC,DB,15950,weighted,,,,,,,,,,,,,,,,,,,,,,,,,,,,,,,,,,,,,,,,,,,,,3.24044568245125,1.49096638782784,,,0.054744661095636,0.0525331353297233,0.354744661095636,0.0525331353297233,0.0049767873723305,0.0047757395754293,2022.0,1998-09-17,,,2024,3
Charvarius Ward,SF,DB,13920,weighted,,,,,,,,,,,,,,,,,,,,,,,,,,,,,,,,,,,,,,,,,,,,,3.56505106778087,0.87636393746782,,,0.150232126276695,0.0477573957542939,0.651160631383473,0.238786978771469,0.0049767873723305,0.0047757395754293,2018.0,1996-05-16,Q,Hamstring,2024,3
Talanoa Hufanga,SF,DB,15452,weighted,,,,,,,,,,,,,,,,,,,,,,,,,,,,,,,,,,,,,,,,,,,,,3.30953642384106,1.48492424049175,,,0.2,3.96083208564486e-17,0.5,0.0,0.0,0.0,2021.0,2000-02-01,,,2024,3
Christian Benford,BUF,DB,15913,weighted,,,,,,,,,,,,,,,,,,,,,,,,,,,,,,,,,,,,,,,,,,,,,3.69851439182916,0.646061762717574,,,0.215394614670381,0.0811875727822996,0.530324976787372,0.0668603540560114,0.0049767873723305,0.0047757395754293,2022.0,2000-09-21,,,2024,3
Kamari Lassiter,HOU,DB,16672,weighted,,,,,,,,,,,,,,,,,,,,,,,,,,,,,,,,,,,,,,,,,,,,,3.52272980501393,0.902889842081323,,,0.185069637883008,0.0143272187262882,0.519907149489322,0.0191029583017176,0.0049767873723305,0.0047757395754293,2024.0,2003-01-23,,,2024,3
Benjamin St-Juste,WAS,DB,15392,weighted,,,,,,,,,,,,,,,,,,,,,,,,,,,,,,,,,,,,,,,,,,,,,3.89909006499536,0.54494499759982,,,0.0950232126276695,0.0047757395754293,0.832181987000929,0.448919520090362,0.0049767873723305,0.0047757395754293,2021.0,1997-09-08,,,2024,3
Greg Newsome,CLE,DB,15375,weighted,,,,,,,,,,,,,,,,,,,,,,,,,,,,,,,,,,,,,,,,,,,,,3.1239182915506,1.16707814266735,,,0.0800928505106778,0.0191029583017176,0.495951717734448,0.195805322592605,0.0049767873723305,0.0047757395754293,2021.0,2000-05-18,,,2024,3
Jaire Alexander,GB,DB,13730,weighted,,,,,,,,,,,,,,,,,,,,,,,,,,,,,,,,,,,,,,,,,,,,,3.62588672237697,0.614010938909317,,,0.170139275766017,0.0286544374525763,0.635766016713092,0.15759940598917,0.0049767873723305,0.0047757395754293,2018.0,1997-02-09,,,2024,3
Terrion Arnold,DET,DB,16671,weighted,,,,,,,,,,,,,,,,,,,,,,,,,,,,,,,,,,,,,,,,,,,,,3.62928505106778,0.603901729504796,,,0.0398142989786444,0.0382059166034351,0.274651810584958,0.0716360936314408,0.0049767873723305,0.0047757395754293,2024.0,2003-03-22,Q,Illness,2024,3
Trevon Diggs,DAL,DB,14903,weighted,,,,,,,,,,,,,,,,,,,,,,,,,,,,,,,,,,,,,,,,,,,,,3.47671309192201,0.709774112867651,,,0.149767873723305,0.0477573957542939,0.549767873723306,0.0477573957542939,0.0099535747446611,0.0095514791508587,2020.0,1998-09-20,,,2024,3
Marlon Humphrey,BAL,DB,13223,weighted,,,,,,,,,,,,,,,,,,,,,,,,,,,,,,,,,,,,,,,,,,,,,3.76016713091922,0.460027393714369,,,0.165162488393686,0.0334301770280057,0.520371402042711,0.0764118332068702,0.0049767873723305,0.0047757395754293,2017.0,1996-07-08,,,2024,3
Jaylon Jones,IND,DB,16350,weighted,,,,,,,,,,,,,,,,,,,,,,,,,,,,,,,,,,,,,,,,,,,,,3.74080123266564,0.770746391493337,,,0.0900770416024653,0.014142135623731,0.375192604006163,0.0353553390593274,0.0049614791987673,0.0070710678118654,2023.0,2002-04-03,,,2024,3
Malik Hooker,DAL,DB,13228,weighted,,,,,,,,,,,,,,,,,,,,,,,,,,,,,,,,,,,,,,,,,,,,,3.06371402042711,1.04443821498129,,,0.104976787372331,0.0047757395754293,0.354744661095636,0.0525331353297233,0.0049767873723305,0.0047757395754293,2017.0,1996-04-02,,,2024,3
Kool-Aid McKinstry,NO,DB,16670,weighted,,,,,,,,,,,,,,,,,,,,,,,,,,,,,,,,,,,,,,,,,,,,,2.62211699164345,1.43091958141259,,,0.0398142989786444,0.0382059166034351,0.380092850510678,0.0191029583017176,0.0049767873723305,0.0047757395754293,2024.0,2002-09-30,,,2024,3
Chidobe Awuzie,TEN,DB,13263,weighted,,,,,,,,,,,,,,,,,,,,,,,,,,,,,,,,,,,,,,,,,,,,,3.49259052924791,0.585452505568793,,,0.054744661095636,0.0525331353297233,0.349767873723305,0.0477573957542939,0.0049767873723305,0.0047757395754293,2017.0,1995-05-24,,,2024,3
TreDavious White,LAR,DB,13249,weighted,,,,,,,,,,,,,,,,,,,,,,,,,,,,,,,,,,,,,,,,,,,,,3.2197400185701,0.898045094715375,,,0.134837511606314,0.0334301770280057,0.519907149489322,0.0191029583017176,0.0049767873723305,0.0047757395754293,2017.0,1995-01-16,,,2024,3
Patrick Surtain II,DEN,DB,15362,weighted,,,,,,,,,,,,,,,,,,,,,,,,,,,,,,,,,,,,,,,,,,,,,3.42289693593315,0.608377811029415,,,0.129860724233983,0.0286544374525763,0.509953574744661,0.0095514791508587,0.0049767873723305,0.0047757395754293,2021.0,2000-04-14,,,2024,3
Jonathan Jones,NE,DB,12988,weighted,,,,,,,,,,,,,,,,,,,,,,,,,,,,,,,,,,,,,,,,,,,,,3.35918291550604,0.659490922888684,,,0.0298607242339833,0.0286544374525763,0.350232126276695,0.0477573957542939,0.0049767873723305,0.0047757395754293,2016.0,1993-09-20,,,2024,3
Roger McCreary,TEN,DB,15849,weighted,,,,,,,,,,,,,,,,,,,,,,,,,,,,,,,,,,,,,,,,,,,,,3.5897121634169,0.613824012092188,,,0.0298607242339833,0.0286544374525763,0.3,0.0,0.0049767873723305,0.0047757395754293,2022.0,2000-02-10,,,2024,3
Ronnie Hickman,CLE,DB,16460,weighted,,,,,,,,,,,,,,,,,,,,,,,,,,,,,,,,,,,,,,,,,,,,,2.80891364902507,1.26558740275094,,,0.0497678737233055,0.0477573957542939,0.28958217270195,0.085963312357729,0.0049767873723305,0.0047757395754293,2023.0,2001-10-11,,,2024,3
Martin Emerson,CLE,DB,15862,weighted,,,,,,,,,,,,,,,,,,,,,,,,,,,,,,,,,,,,,,,,,,,,,3.36896935933148,0.691142878413946,,,0.1,0.0,0.540742804085423,0.15282366641374,0.0049767873723305,0.0047757395754293,2022.0,2000-09-27,,,2024,3
Cordale Flott,NYG,DB,15866,weighted,,,,,,,,,,,,,,,,,,,,,,,,,,,,,,,,,,,,,,,,,,,,,3.27413184772516,0.687330834706082,,,0.0950232126276695,0.0047757395754293,0.329860724233983,0.0286544374525763,0.0049767873723305,0.0047757395754293,2022.0,2001-08-24,,,2024,3
Rasul Douglas,BUF,DB,13281,weighted,,,,,,,,,,,,,,,,,,,,,,,,,,,,,,,,,,,,,,,,,,,,,3.43619312906221,0.445017102512257,,,0.180092850510678,0.0191029583017176,0.555208913649025,0.0429816561788645,0.0049767873723305,0.0047757395754293,2017.0,1994-08-29,,,2024,3
Tariq Woolen,SEA,DB,15894,weighted,,,,,,,,,,,,,,,,,,,,,,,,,,,,,,,,,,,,,,,,,,,,,3.1805756731662,0.61237449043671,,,0.224883936861653,0.0238786978771469,0.81041782729805,0.085963312357729,0.0099535747446611,0.0095514791508587,2022.0,1999-05-02,,,2024,3
Asante Samuel,LAC,DB,15384,weighted,,,,,,,,,,,,,,,,,,,,,,,,,,,,,,,,,,,,,,,,,,,,,3.12623955431755,0.694474740030792,,,0.129860724233983,0.0286544374525763,0.560185701021356,0.0382059166034351,0.0049767873723305,0.0047757395754293,2021.0,1999-10-03,,,2024,3
Marshon Lattimore,NO,DB,13224,weighted,,,,,,,,,,,,,,,,,,,,,,,,,,,,,,,,,,,,,,,,,,,,,3.55986754966887,0.424264068711929,,,0.3,0.0,1.0,0.0,0.1,1.98041604282243e-17,2017.0,1996-05-19,,,2024,3
Mike Hilton,CIN,DB,13414,weighted,,,,,,,,,,,,,,,,,,,,,,,,,,,,,,,,,,,,,,,,,,,,,3.28707520891365,0.508114179975459,,,0.0800928505106778,0.0191029583017176,0.345255338904364,0.0525331353297233,0.0049767873723305,0.0047757395754293,2016.0,1994-03-09,,,2024,3
Donte Jackson,PIT,DB,13738,weighted,,,,,,,,,,,,,,,,,,,,,,,,,,,,,,,,,,,,,,,,,,,,,2.9475208913649,0.880288974668074,,,0.155208913649025,0.0429816561788645,0.450232126276695,0.0477573957542939,0.0049767873723305,0.0047757395754293,2018.0,1995-11-08,,,2024,3
Decobie Durant,LAR,DB,15888,weighted,,,,,,,,,,,,,,,,,,,,,,,,,,,,,,,,,,,,,,,,,,,,,2.71324048282266,1.11610615524639,,,0.0696750232126277,0.0668603540560114,0.429860724233983,0.0286544374525763,0.0049767873723305,0.0047757395754293,2022.0,1998-02-09,Q,Toe,2024,3
Derek Stingley Jr.,HOU,DB,15832,weighted,,,,,,,,,,,,,,,,,,,,,,,,,,,,,,,,,,,,,,,,,,,,,3.24217270194986,0.456283358272061,,,0.270139275766017,0.0286544374525763,0.740278551532033,0.0573088749051527,0.0099535747446611,0.0095514791508587,2022.0,2001-06-20,,,2024,3
D.J. Reed,NYJ,DB,13774,weighted,,,,,,,,,,,,,,,,,,,,,,,,,,,,,,,,,,,,,,,,,,,,,3.67006622516556,0.212132034355964,,,0.0,0.0,0.5,0.0,0.0,0.0,2018.0,1996-11-11,,,2024,3
Joey Porter Jr.,PIT,DB,16240,weighted,,,,,,,,,,,,,,,,,,,,,,,,,,,,,,,,,,,,,,,,,,,,,2.92020427112349,0.802568748516731,,,0.0298607242339833,0.0286544374525763,0.450696378830084,0.143272187262882,0.0049767873723305,0.0047757395754293,2023.0,2000-07-26,,,2024,3
Joey Porter Jr.,PIT,DB,16240,weighted,,,,,,,,,,,,,,,,,,,,,,,,,,,,,,,,,,,,,,,,,,,,,2.92020427112349,0.802568748516731,,,0.0298607242339833,0.0286544374525763,0.450696378830084,0.143272187262882,0.0049767873723305,0.0047757395754293,2023.0,2002-02-03,,,2024,3
Starling Thomas,ARI,DB,16519,weighted,,,,,,,,,,,,,,,,,,,,,,,,,,,,,,,,,,,,,,,,,,,,,3.02066852367688,0.707102786617996,,,0.0298607242339833,0.0286544374525763,0.244791086350975,0.0429816561788645,0.0049767873723305,0.0047757395754293,2023.0,2000-01-25,,,2024,3
Mike Hughes,ATL,DB,13731,weighted,,,,,,,,,,,,,,,,,,,,,,,,,,,,,,,,,,,,,,,,,,,,,3.17886722376973,0.517039139664283,,,0.0348375116063138,0.0334301770280057,0.304976787372331,0.0047757395754293,0.0049767873723305,0.0047757395754293,2018.0,1997-02-11,,,2024,3
Byron Murphy,MIN,DB,14180,weighted,,,,,,,,,,,,,,,,,,,,,,,,,,,,,,,,,,,,,,,,,,,,,3.02330547818013,0.592800703708438,,,0.0751160631383473,0.0238786978771469,0.490974930362117,0.200581062168034,0.0049767873723305,0.0047757395754293,2019.0,1998-01-18,,,2024,3
Ja'Sir Taylor,LAC,DB,15926,weighted,,,,,,,,,,,,,,,,,,,,,,,,,,,,,,,,,,,,,,,,,,,,,2.83515320334262,0.826939563214633,,,0.0348375116063138,0.0334301770280057,0.304976787372331,0.0047757395754293,0.0049767873723305,0.0047757395754293,2022.0,1999-01-08,Q,Leg,2024,3
Tykee Smith,TB,DB,16708,weighted,,,,,,,,,,,,,,,,,,,,,,,,,,,,,,,,,,,,,,,,,,,,,2.97160631383473,0.595535592291314,,,0.0298607242339833,0.0286544374525763,0.350232126276695,0.0477573957542939,0.0049767873723305,0.0047757395754293,2024.0,2001-02-18,,,2024,3
Calen Bullock,HOU,DB,16705,weighted,,,,,,,,,,,,,,,,,,,,,,,,,,,,,,,,,,,,,,,,,,,,,2.84966887417219,1.06066017177982,,,0.2,3.96083208564486e-17,0.7,0.0,0.0,0.0,2024.0,2003-04-30,,,2024,3
Alohi Gilman,LAC,DB,14982,weighted,,,,,,,,,,,,,,,,,,,,,,,,,,,,,,,,,,,,,,,,,,,,,3.26688741721854,0.707106781186548,,,0.1,1.98041604282243e-17,0.4,7.92166417128973e-17,0.0,0.0,2020.0,1997-09-17,Q,Knee,2024,3
Ahmad Gardner,NYJ,DB,15833,weighted,,,,,,,,,,,,,,,,,,,,,,,,,,,,,,,,,,,,,,,,,,,,,2.88092850510678,0.711412049559744,,,0.0398142989786444,0.0382059166034351,0.470603528319406,0.124169228961164,0.0049767873723305,0.0047757395754293,2022.0,2001-08-31,,,2024,3
Eric Murray,HOU,DB,12772,weighted,,,,,,,,,,,,,,,,,,,,,,,,,,,,,,,,,,,,,,,,,,,,,2.2913834726091,1.27495961493068,,,0.0348375116063138,0.0334301770280057,0.199535747446611,0.0955147915085878,0.0049767873723305,0.0047757395754293,2016.0,1994-01-07,,,2024,3
Jalen Ramsey,MIA,DB,12711,weighted,,,,,,,,,,,,,,,,,,,,,,,,,,,,,,,,,,,,,,,,,,,,,2.81515320334262,0.601926561387548,,,0.129860724233983,0.0286544374525763,0.449767873723306,0.0477573957542939,0.0049767873723305,0.0047757395754293,2016.0,1994-10-24,,,2024,3
Rodney Thomas II,IND,DB,15946,weighted,,,,,,,,,,,,,,,,,,,,,,,,,,,,,,,,,,,,,,,,,,,,,2.2933147632312,0.929466100183829,,,0.139814298978644,0.0382059166034351,0.318978644382544,0.210132541318893,0.0049767873723305,0.0047757395754293,2022.0,1998-06-26,,,2024,3
Ja'Quan McMillian,DEN,DB,16145,weighted,,,,,,,,,,,,,,,,,,,,,,,,,,,,,,,,,,,,,,,,,,,,,2.68737233054782,0.626947322162475,,,0.0950232126276695,0.0047757395754293,0.214466109563603,0.109842010234876,0.0049767873723305,0.0047757395754293,2022.0,2000-06-04,,,2024,3
Jakorian Bennett,LVR,DB,16289,weighted,,,,,,,,,,,,,,,,,,,,,,,,,,,,,,,,,,,,,,,,,,,,,2.79944289693593,0.485276152077044,,,0.0447910863509749,0.0429816561788645,0.5208356545961,0.171926624715458,0.0049767873723305,0.0047757395754293,2023.0,2000-08-23,,,2024,3
Jaylon Johnson,CHI,DB,14924,weighted,,,,,,,,,,,,,,,,,,,,,,,,,,,,,,,,,,,,,,,,,,,,,2.71474466109564,0.579756849437075,,,0.140278551532033,0.0573088749051527,0.571067780872795,0.219684020469752,0.0049767873723305,0.0047757395754293,2020.0,1999-04-19,,,2024,3
Jaylon Johnson,CHI,DB,14924,weighted,,,,,,,,,,,,,,,,,,,,,,,,,,,,,,,,,,,,,,,,,,,,,2.71474466109564,0.579756849437075,,,0.140278551532033,0.0573088749051527,0.571067780872795,0.219684020469752,0.0049767873723305,0.0047757395754293,2020.0,1997-10-14,,,2024,3
Jaylon Johnson,CHI,DB,14924,weighted,,,,,,,,,,,,,,,,,,,,,,,,,,,,,,,,,,,,,,,,,,,,,2.71474466109564,0.579756849437075,,,0.140278551532033,0.0573088749051527,0.571067780872795,0.219684020469752,0.0049767873723305,0.0047757395754293,2020.0,1999-12-02,,,2024,3
Jaylon Jones,CHI,DB,16026,weighted,,,,,,,,,,,,,,,,,,,,,,,,,,,,,,,,,,,,,,,,,,,,,2.52039735099338,1.27279220613579,,,0.0,0.0,0.1,1.98041604282243e-17,0.1,1.98041604282243e-17,2022.0,1997-10-14,,,2024,3
Jordan Howden,NO,DB,16311,weighted,,,,,,,,,,,,,,,,,,,,,,,,,,,,,,,,,,,,,,,,,,,,,2.12291390728477,1.34350288425444,,,0.3,0.0,0.9,0.0,0.0,0.0,2023.0,2000-05-14,,,2024,3
A.J. Terrell,ATL,DB,14918,weighted,,,,,,,,,,,,,,,,,,,,,,,,,,,,,,,,,,,,,,,,,,,,,2.82675496688742,0.282842712474619,,,0.0,0.0,0.5,0.0,0.0,0.0,2020.0,1998-09-23,,,2024,3
A.J. Terrell,ATL,DB,14918,weighted,,,,,,,,,,,,,,,,,,,,,,,,,,,,,,,,,,,,,,,,,,,,,2.82675496688742,0.282842712474619,,,0.0,0.0,0.5,0.0,0.0,0.0,2020.0,2001-03-28,,,2024,3
Tre Brown,SEA,DB,15423,weighted,,,,,,,,,,,,,,,,,,,,,,,,,,,,,,,,,,,,,,,,,,,,,2.50317880794702,0.494974746830583,,,0.1,1.98041604282243e-17,0.7,0.0,0.0,0.0,2021.0,1997-09-24,,,2024,3
Damontae Kazee,PIT,DB,13301,weighted,,,,,,,,,,,,,,,,,,,,,,,,,,,,,,,,,,,,,,,,,,,,,1.93629139072848,1.20208152801713,,,0.2,3.96083208564486e-17,0.3,0.0,0.0,0.0,2017.0,1993-06-05,,,2024,3
Caelen Carson,DAL,DB,16753,weighted,,,,,,,,,,,,,,,,,,,,,,,,,,,,,,,,,,,,,,,,,,,,,2.61655629139073,0.353553390593274,,,0.1,1.98041604282243e-17,0.4,7.92166417128973e-17,0.0,0.0,2024.0,2002-03-03,,,2024,3
Ronald Darby,JAC,DB,12276,weighted,,,,,,,,,,,,,,,,,,,,,,,,,,,,,,,,,,,,,,,,,,,,,2.59682119205298,0.494974746830583,,,0.1,1.98041604282243e-17,0.5,0.0,0.0,0.0,2015.0,1994-01-02,,,2024,3
Jourdan Lewis,DAL,DB,13227,weighted,,,,,,,,,,,,,,,,,,,,,,,,,,,,,,,,,,,,,,,,,,,,,2.68344370860927,0.353553390593274,,,0.0,0.0,0.3,0.0,0.0,0.0,2017.0,1995-08-31,,,2024,3
Kader Kohou,MIA,DB,16016,weighted,,,,,,,,,,,,,,,,,,,,,,,,,,,,,,,,,,,,,,,,,,,,,2.85668874172185,0.0707106781186548,,,0.0,0.0,0.5,0.0,0.0,0.0,2022.0,1998-11-28,,,2024,3
Markquese Bell,DAL,DB,15985,weighted,,,,,,,,,,,,,,,,,,,,,,,,,,,,,,,,,,,,,,,,,,,,,1.32609271523179,1.83847763108502,,,0.0,0.0,0.3,0.0,0.0,0.0,2022.0,1999-01-06,,,2024,3
Dane Belton,NYG,DB,15875,weighted,,,,,,,,,,,,,,,,,,,,,,,,,,,,,,,,,,,,,,,,,,,,,1.60953642384106,1.48492424049175,,,0.1,1.98041604282243e-17,0.4,7.92166417128973e-17,0.0,0.0,2022.0,2000-12-07,,,2024,3
Denzel Ward,CLE,DB,13707,weighted,,,,,,,,,,,,,,,,,,,,,,,,,,,,,,,,,,,,,,,,,,,,,2.6,0.0,,,0.2,3.96083208564486e-17,0.7,0.0,0.0,0.0,2018.0,1997-04-28,,,2024,3
Isaac Yiadom,SF,DB,13754,weighted,,,,,,,,,,,,,,,,,,,,,,,,,,,,,,,,,,,,,,,,,,,,,2.48662251655629,0.14142135623731,,,0.0,0.0,0.6,0.0,0.0,0.0,2018.0,1996-02-20,,,2024,3
Shaq Griffin,MIN,DB,13273,weighted,,,,,,,,,,,,,,,,,,,,,,,,,,,,,,,,,,,,,,,,,,,,,2.37324503311258,0.282842712474619,,,0.0,0.0,0.3,0.0,0.0,0.0,2017.0,1994-01-01,,,2024,3
Max Melton,ARI,DB,16695,weighted,,,,,,,,,,,,,,,,,,,,,,,,,,,,,,,,,,,,,,,,,,,,,1.63629139072848,1.20208152801713,,,0.0,0.0,0.3,0.0,0.0,0.0,2024.0,2002-04-15,,,2024,3
Nazeeh Johnson,KC,DB,15959,weighted,,,,,,,,,,,,,,,,,,,,,,,,,,,,,,,,,,,,,,,,,,,,,1.93311258278146,0.707106781186548,,,0.0,0.0,0.4,7.92166417128973e-17,0.0,0.0,2022.0,1998-07-17,,,2024,3
Michael Davis,WAS,DB,13479,weighted,,,,,,,,,,,,,,,,,,,,,,,,,,,,,,,,,,,,,,,,,,,,,1.98980132450331,0.636396103067893,,,0.0,0.0,0.3,0.0,0.0,0.0,2017.0,1995-01-06,,,2024,3
Chamarri Conner,KC,DB,16295,weighted,,,,,,,,,,,,,,,,,,,,,,,,,,,,,,,,,,,,,,,,,,,,,2.27324503311258,0.282842712474619,,,0.1,1.98041604282243e-17,0.2,3.96083208564486e-17,0.1,1.98041604282243e-17,2023.0,2000-07-11,,,2024,3
Garrett Williams,ARI,DB,16274,weighted,,,,,,,,,,,,,,,,,,,,,,,,,,,,,,,,,,,,,,,,,,,,,2.28344370860927,0.353553390593274,,,0.0,0.0,0.3,0.0,0.0,0.0,2023.0,2001-06-01,,,2024,3
Garrett Williams,ARI,DB,16274,weighted,,,,,,,,,,,,,,,,,,,,,,,,,,,,,,,,,,,,,,,,,,,,,2.28344370860927,0.353553390593274,,,0.0,0.0,0.3,0.0,0.0,0.0,2023.0,2003-12-05,,,2024,3
Isaiah Rodgers,PHI,DB,14997,weighted,,,,,,,,,,,,,,,,,,,,,,,,,,,,,,,,,,,,,,,,,,,,,1.49298013245033,1.13137084989848,,,0.0,0.0,0.4,7.92166417128973e-17,0.0,0.0,2020.0,1998-01-07,,,2024,3
Michael Carter,NYJ,DB,15432,weighted,,,,,,,,,,,,,,,,,,,,,,,,,,,,,,,,,,,,,,,,,,,,,2.4,0.0,,,0.0,0.0,0.5,0.0,0.0,0.0,2021.0,1999-03-08,,,2024,3
Troy Hill,CAR,DB,12589,weighted,,,,,,,,,,,,,,,,,,,,,,,,,,,,,,,,,,,,,,,,,,,,,2.09682119205298,0.494974746830583,,,0.0,0.0,0.2,3.96083208564486e-17,0.0,0.0,,,,,2024,3
Eric Stokes,GB,DB,15377,weighted,,,,,,,,,,,,,,,,,,,,,,,,,,,,,,,,,,,,,,,,,,,,,2.14013245033113,0.424264068711928,,,0.0,0.0,0.2,3.96083208564486e-17,0.0,0.0,2021.0,1999-03-01,,,2024,3
Kamren Kinchens,LAR,DB,16676,weighted,,,,,,,,,,,,,,,,,,,,,,,,,,,,,,,,,,,,,,,,,,,,,2.01019867549669,0.636396103067893,,,0.0,0.0,0.3,0.0,0.0,0.0,2024.0,2002-09-29,,,2024,3
Darnell Savage,JAC,DB,14197,weighted,,,,,,,,,,,,,,,,,,,,,,,,,,,,,,,,,,,,,,,,,,,,,1.9235761589404,0.777817459305202,,,0.0,0.0,0.4,7.92166417128973e-17,0.0,0.0,2019.0,,Q,Quadriceps,2024,3
Beanie Bishop,PIT,DB,16865,weighted,,,,,,,,,,,,,,,,,,,,,,,,,,,,,,,,,,,,,,,,,,,,,1.98344370860927,0.353553390593274,,,0.0,0.0,0.2,3.96083208564486e-17,0.0,0.0,2024.0,1999-12-17,,,2024,3
Dallis Flowers,IND,DB,16064,weighted,,,,,,,,,,,,,,,,,,,,,,,,,,,,,,,,,,,,,,,,,,,,,1.58980132450331,0.636396103067893,,,0.0,0.0,0.4,7.92166417128973e-17,0.0,0.0,2022.0,1997-06-04,,,2024,3
Rodney McLeod,CLE,DB,11017,weighted,,,,,,,,,,,,,,,,,,,,,,,,,,,,,,,,,,,,,,,,,,,,,1.79682119205298,0.494974746830583,,,0.0,0.0,0.3,0.0,0.0,0.0,2012.0,1990-06-23,,,2024,3
K'Von Wallace,SEA,DB,14950,weighted,,,,,,,,,,,,,,,,,,,,,,,,,,,,,,,,,,,,,,,,,,,,,1.31973509933775,0.848528137423857,,,0.0,0.0,0.1,1.98041604282243e-17,0.0,0.0,2020.0,1997-07-25,Q,Shoulder,2024,3
Dee Alford,ATL,DB,16012,weighted,,,,,,,,,,,,,,,,,,,,,,,,,,,,,,,,,,,,,,,,,,,,,1.95668874172185,0.0707106781186548,,,0.0,0.0,0.4,7.92166417128973e-17,0.0,0.0,2021.0,1997-11-05,,,2024,3
Nate Wiggins,BAL,DB,16673,weighted,,,,,,,,,,,,,,,,,,,,,,,,,,,,,,,,,,,,,,,,,,,,,1.46688741721854,0.707106781186547,,,0.0,0.0,0.1,1.98041604282243e-17,0.0,0.0,2024.0,2003-08-28,Q,Neck,2024,3
Jaylinn Hawkins,NE,DB,14954,weighted,,,,,,,,,,,,,,,,,,,,,,,,,,,,,,,,,,,,,,,,,,,,,1.10701986754967,1.13137084989848,,,0.0,0.0,0.1,1.98041604282243e-17,0.0,0.0,2020.0,1997-08-27,,,2024,3
Eddie Jackson,BAL,DB,13229,weighted,,,,,,,,,,,,,,,,,,,,,,,,,,,,,,,,,,,,,,,,,,,,,1.71337748344371,0.141421356237309,,,0.0,0.0,0.1,1.98041604282243e-17,0.0,0.0,2017.0,,,,2024,3
Ar'Darius Washington,BAL,DB,15510,weighted,,,,,,,,,,,,,,,,,,,,,,,,,,,,,,,,,,,,,,,,,,,,,0.849668874172186,1.06066017177982,,,0.0,0.0,0.4,7.92166417128973e-17,0.0,0.0,2021.0,1999-11-02,,,2024,3
Amik Robertson,DET,DB,14957,weighted,,,,,,,,,,,,,,,,,,,,,,,,,,,,,,,,,,,,,,,,,,,,,1.37324503311258,0.282842712474619,,,0.1,1.98041604282243e-17,0.5,0.0,0.0,0.0,2020.0,1998-07-06,,,2024,3
Jarrian Jones,JAC,DB,16714,weighted,,,,,,,,,,,,,,,,,,,,,,,,,,,,,,,,,,,,,,,,,,,,,1.5,0.0,,,0.0,0.0,0.2,3.96083208564486e-17,0.0,0.0,2024.0,2001-05-08,,,2024,3
Isaiah Pola-Mao,LVR,DB,16102,weighted,,,,,,,,,,,,,,,,,,,,,,,,,,,,,,,,,,,,,,,,,,,,,0.933112582781457,0.707106781186548,,,0.0,0.0,0.0,0.0,0.0,0.0,2022.0,1999-06-30,,,2024,3
Isaiah Oliver,NYJ,DB,13709,weighted,,,,,,,,,,,,,,,,,,,,,,,,,,,,,,,,,,,,,,,,,,,,,1.04649006622517,0.565685424949238,,,0.0,0.0,0.0,0.0,0.0,0.0,2018.0,1996-09-30,,,2024,3
Daniel Thomas,JAC,DB,14963,weighted,,,,,,,,,,,,,,,,,,,,,,,,,,,,,,,,,,,,,,,,,,,,,0.719735099337748,0.848528137423857,,,0.0,0.0,0.0,0.0,0.0,0.0,2020.0,1998-07-01,,,2024,3
George Odum,SF,DB,13939,weighted,,,,,,,,,,,,,,,,,,,,,,,,,,,,,,,,,,,,,,,,,,,,,0.966887417218543,0.707106781186547,,,0.0,0.0,0.0,0.0,0.0,0.0,2018.0,1993-11-03,,,2024,3
Jarvis Brownlee,TEN,DB,16736,weighted,,,,,,,,,,,,,,,,,,,,,,,,,,,,,,,,,,,,,,,,,,,,,1.07324503311258,0.282842712474619,,,0.0,0.0,0.1,1.98041604282243e-17,0.0,0.0,2024.0,2001-07-13,,,2024,3
Corey Ballentine,GB,DB,14263,weighted,,,,,,,,,,,,,,,,,,,,,,,,,,,,,,,,,,,,,,,,,,,,,1.02993377483444,0.212132034355964,,,0.0,0.0,0.4,7.92166417128973e-17,0.0,0.0,2019.0,,,,2024,3
Clark Phillips,ATL,DB,16293,weighted,,,,,,,,,,,,,,,,,,,,,,,,,,,,,,,,,,,,,,,,,,,,,0.916556291390728,0.353553390593274,,,0.0,0.0,0.2,3.96083208564486e-17,0.0,0.0,2023.0,2001-12-19,,,2024,3
Joshua Williams,KC,DB,15885,weighted,,,,,,,,,,,,,,,,,,,,,,,,,,,,,,,,,,,,,,,,,,,,,0.70317880794702,0.494974746830583,,,0.0,0.0,0.3,0.0,0.0,0.0,2022.0,1999-10-17,,,2024,3
Juanyeh Thomas,DAL,DB,16472,weighted,,,,,,,,,,,,,,,,,,,,,,,,,,,,,,,,,,,,,,,,,,,,,0.546490066225166,0.565685424949238,,,0.0,0.0,0.2,3.96083208564486e-17,0.0,0.0,2022.0,2000-06-24,,,2024,3
Jamal Adams,TEN,DB,13230,weighted,,,,,,,,,,,,,,,,,,,,,,,,,,,,,,,,,,,,,,,,,,,,,0.773245033112583,0.282842712474619,,,0.0,0.0,0.1,1.98041604282243e-17,0.0,0.0,2017.0,1995-10-17,,,2024,3
Alex Austin,NE,DB,16371,weighted,,,,,,,,,,,,,,,,,,,,,,,,,,,,,,,,,,,,,,,,,,,,,0.786622516556291,0.14142135623731,,,0.0,0.0,0.2,3.96083208564486e-17,0.0,0.0,2023.0,2001-05-22,,,2024,3
Marcus Maye,MIA,DB,13252,weighted,,,,,,,,,,,,,,,,,,,,,,,,,,,,,,,,,,,,,,,,,,,,,0.429933774834437,0.212132034355964,,,0.0,0.0,0.0,0.0,0.0,0.0,2017.0,1994-01-01,,,2024,3
Deantre Prince,JAC,DB,16739,weighted,,,,,,,,,,,,,,,,,,,,,,,,,,,,,,,,,,,,,,,,,,,,,0.313377483443709,0.14142135623731,,,0.0,0.0,0.0,0.0,0.0,0.0,2024.0,2000-10-12,,,2024,3
AJ Finley,LAC,DB,16515,weighted,,,,,,,,,,,,,,,,,,,,,,,,,,,,,,,,,,,,,,,,,,,,,0.243311258278146,0.0707106781186547,,,0.0,0.0,0.1,1.98041604282243e-17,0.0,0.0,2023.0,2001-09-14,,,2024,3
