player,team,position,id,avg_type,pass_yds,pass_yds_sd,pass_tds,pass_tds_sd,pass_int,pass_int_sd,rush_yds,rush_yds_sd,rush_tds,rush_tds_sd,fumbles_lost,fumbles_lost_sd,two_pts,two_pts_sd,return_tds,return_tds_sd,rec,rec_sd,rec_yds,rec_yds_sd,rec_tds,rec_tds_sd,fg_0019,fg_0019_sd,fg_2029,fg_2029_sd,fg_3039,fg_3039_sd,fg_4049,fg_4049_sd,fg_50,fg_50_sd,xp,xp_sd,dst_int,dst_int_sd,dst_sacks,dst_sacks_sd,dst_safety,dst_safety_sd,dst_td,dst_td_sd,dst_blk,dst_blk_sd,idp_solo,idp_solo_sd,idp_sack,idp_sack_sd,idp_int,idp_int_sd,idp_pd,idp_pd_sd,idp_td,idp_td_sd,draft_year,birthdate,injury_status,injury_details,season_year,week
Patrick Mahomes,KC,QB,13116,weighted,296.05083807974,16.2210999242445,2.15846623270952,0.178342071177933,0.794174125305126,0.183319638511183,25.8368592351505,3.56062831525316,0.12920260374288,0.0735335388856562,0.0577603742880391,0.0289059489788171,0.16,0.0,,,,,,,,,,,,,,,,,,,,,,,,,,,,,,,,,,,,,,,,,2017.0,1995-09-17,,,,7
Tua Tagovailoa,MIA,QB,14778,weighted,298.115878763222,9.11137603489787,1.96052481692433,0.133025831371852,0.877721724979658,0.107801402762392,5.26583401139137,0.976404409178475,0.0333034987794955,0.0430479489262776,0.109186330349878,0.0155320887840963,0.03,0.0,,,,,,,,,,,,,,,,,,,,,,,,,,,,,,,,,,,,,,,,,2020.0,1998-03-02,,,,7
Jalen Hurts,PHI,QB,14783,weighted,255.437078925956,14.4338604859886,1.37089096826688,0.337545380414025,0.694149715215622,0.335170738036113,41.3866029292107,2.42904517875573,0.725410903173311,0.174646018452527,0.128854759967453,0.0441328129415405,0.13,3.00059589753424e-17,,,,,,,,,,,,,,,,,,,,,,,,,,,,,,,,,,,,,,,,,2020.0,1998-08-07,,,,7
Kirk Cousins,MIN,QB,10700,weighted,260.415321399512,17.2449516746636,1.34888527257933,0.335189373057893,0.855996745321399,0.12492525077098,5.14271358828316,1.26084167264542,0.0325345809601302,0.0437639960953268,0.271592758340114,0.114014436419663,0.13,3.00059589753424e-17,,,,,,,,,,,,,,,,,,,,,,,,,,,,,,,,,,,,,,,,,2012.0,1988-08-19,,,,7
Josh Allen,BUF,QB,13589,weighted,254.648689991863,20.0705228086027,1.88806346623271,0.139365014190838,0.927725793327909,0.0790135895670161,26.9665947925142,6.21478953733514,0.243006509357201,0.124628923891236,0.16896460537022,0.0359359732212753,0.16,0.0,,,,,,,,,,,,,,,,,,,,,,,,,,,,,,,,,,,,,,,,,2018.0,1996-05-21,,,,7
Justin Herbert,LAC,QB,14779,weighted,263.924304312449,17.56251441162,1.69496338486574,0.262172520067362,0.824043938161107,0.144877916249221,15.2318917819365,2.65033080304366,0.151147274206672,0.0744023979624853,0.0802502034174125,0.022868346595357,0.16,0.0,,,,,,,,,,,,,,,,,,,,,,,,,,,,,,,,,,,,,,,,,2020.0,1998-03-10,,,,7
Jared Goff,DET,QB,12611,weighted,251.590317331164,18.8112158170403,1.30581773799837,0.271641931353364,0.750679414157852,0.206709564744666,5.18692432872254,1.83208141937828,0.0645606183889341,0.0458319307459498,0.171786004882018,0.0326690665647957,0.13,3.00059589753424e-17,,,,,,,,,,,,,,,,,,,,,,,,,,,,,,,,,,,,,,,,,2016.0,1994-10-14,,,,7
Matthew Stafford,LAR,QB,9431,weighted,263.190899104963,11.5314706795577,1.55595199349064,0.357573882632977,0.892270138323841,0.134997325243714,5.80180227827502,0.557034704465228,0.0606021155410903,0.0452500352165845,0.0887144019528072,0.0130676266259183,0.09,0.0,,,,,,,,,,,,,,,,,,,,,,,,,,,,,,,,,,,,,,,,,2009.0,1988-02-07,,,,7
Derek Carr,NO,QB,11644,weighted,236.888897477624,16.2001753958916,1.22656631407648,0.229447915988175,0.800032546786005,0.15756894150578,4.25578112286412,1.42666028610717,0.0333319772172498,0.0434264418222133,0.109074450772986,0.048424479489838,0.03,0.0,,,,,,,,,,,,,,,,,,,,,,,,,,,,,,,,,,,,,,,,,2014.0,1991-03-28,,,,7
Geno Smith,SEA,QB,11150,weighted,255.113246541904,7.06831886249339,1.8220179007323,0.171287819493537,0.779247355573637,0.20928921632069,13.9050406834825,2.1625929018121,0.0724165988608625,0.0709401627511455,0.0971786004882018,0.0032669066564795,0.03,0.0,,,,,,,,,,,,,,,,,,,,,,,,,,,,,,,,,,,,,,,,,2013.0,1990-10-10,,,,7
Brock Purdy,SF,QB,15698,weighted,243.610158665582,10.7758961381731,1.76605370219691,0.194789674185103,0.388482506102522,0.322268120533133,6.38110659072417,2.72694763967153,0.118433685923515,0.105005878998569,0.0830716029292107,0.0196014399388774,0.06,0.0,,,,,,,,,,,,,,,,,,,,,,,,,,,,,,,,,,,,,,,,,2022.0,1999-12-27,,,,7
Jordan Love,GB,QB,14782,weighted,239.384450772986,11.8483306732166,1.67440195280716,0.264809607993608,0.987876322213181,0.103475642062787,17.1845484133442,2.27894794190249,0.171086248982913,0.0931026508700328,0.046586655817738,0.0309132065327277,0.11,0.0,,,,,,,,,,,,,,,,,,,,,,,,,,,,,,,,,,,,,,,,,2020.0,1998-11-02,,,,7
Sam Howell,WAS,QB,15693,weighted,231.694218877136,9.98906167284363,1.22997152156225,0.194257514885761,0.945655004068348,0.222607704600048,17.9255695687551,3.15018285505603,0.145126118795769,0.0786838042578951,0.114025630593979,0.0427119814367564,0.08,0.0,,,,,,,,,,,,,,,,,,,,,,,,,,,,,,,,,,,,,,,,,2022.0,2000-09-16,,,,7
Baker Mayfield,TB,QB,13590,weighted,222.814422294548,13.6700375906327,1.38096013018714,0.32570003584381,0.850711960943857,0.118054768351432,12.8863303498779,4.1021351230326,0.0504475183075671,0.0637956001894678,0.0887144019528072,0.0130676266259183,0.09,0.0,,,,,,,,,,,,,,,,,,,,,,,,,,,,,,,,,,,,,,,,,2018.0,1995-04-14,,,,7
Trevor Lawrence,JAC,QB,15237,weighted,229.237681041497,16.4759165756234,1.1733360455655,0.182727404934469,0.866672091131001,0.136872255409125,21.1308868999186,3.56809149158853,0.0959275834011391,0.0446908528929503,0.348411310008137,0.094930172112705,0.16,0.0,,,,,,,,,,,,,,,,,,,,,,,,,,,,,,,,,,,,,,,,,2021.0,1999-10-06,,,,7
Deshaun Watson,CLE,QB,13113,weighted,229.101118795769,11.7421860632584,1.21568755085435,0.210555572248506,0.805740439381611,0.165410172714996,24.4634987794955,3.94482282004799,0.166981285598047,0.0868067666920657,0.189324654190399,0.0681019372389201,0.19,0.0,,,,,,,,,,,,,,,,,,,,,,,,,,,,,,,,,,,,,,,,,2017.0,1995-09-14,Q,Shoulder,2023.0,7
Brian Hoyer,LVR,QB,9714,weighted,222.111863303499,29.3317450497765,1.08406834825061,0.241326973166337,1.06039869812856,0.454571292506347,6.991639544345,3.92146257325065,0.0426444263628967,0.0539677060763003,0.0522294548413344,0.0347836064636212,0.03,0.0,,,,,,,,,,,,,,,,,,,,,,,,,,,,,,,,,,,,,,,,,2009.0,1985-10-31,,,,7
Kenny Pickett,PIT,QB,15692,weighted,218.674397884459,11.5857146484036,1.02452400325468,0.142555528739603,0.827103336045565,0.124399600268805,11.6659397884459,4.44661782213419,0.103645240032547,0.0822670315822992,0.0542473555736371,0.0293513692042012,0.09,0.0,,,,,,,,,,,,,,,,,,,,,,,,,,,,,,,,,,,,,,,,,2022.0,1998-06-06,,,,7
Gardner Minshew,IND,QB,14067,weighted,212.670215622457,14.9111117286618,1.06155410903173,0.160936902431883,0.929048006509357,0.128432021346369,8.82875101708706,5.04211928327843,0.0584255492270138,0.0580321998029415,0.219587062652563,0.0928812358563148,0.14,0.0,,,,,,,,,,,,,,,,,,,,,,,,,,,,,,,,,,,,,,,,,2019.0,1996-05-16,,,,7
Desmond Ridder,ATL,QB,15697,weighted,210.229654190399,17.5591502293387,0.990215622457282,0.0885690109791293,0.811297803091945,0.14162569879886,13.6656834825061,2.89319833661924,0.103962571196094,0.0580207184209549,0.248411310008137,0.094930172112705,0.07,0.0,,,,,,,,,,,,,,,,,,,,,,,,,,,,,,,,,,,,,,,,,2022.0,1999-08-31,,,,7
Russell Wilson,DEN,QB,10703,weighted,218.909601301871,11.3611437906779,1.59049633848657,0.302409854799349,0.782123677786818,0.167430733425281,24.0122823433686,2.76752354353162,0.107888527257933,0.0613775511420088,0.137207078925956,0.0554192157361382,0.03,0.0,,,,,,,,,,,,,,,,,,,,,,,,,,,,,,,,,,,,,,,,,2012.0,1988-11-29,,,,7
Tyrod Taylor,NYG,QB,10413,weighted,191.772127759512,27.0152650569905,0.938276186002818,0.217826158800309,0.631460779708784,0.298816443662127,20.5889196806012,8.60267654699009,0.132165335838422,0.0794317409072549,0.0608736496007515,0.0393288321832089,,,,,,,,,,,,,,,,,,,,,,,,,,,,,,,,,,,,,,,,,,,2011.0,1989-08-03,,,,7
Lamar Jackson,BAL,QB,13593,weighted,217.272168429618,8.7181003639817,1.19914157851912,0.187787246387278,0.854507729861676,0.175289013685982,56.9642107404394,4.13576850442196,0.507843775427177,0.216065219314227,0.31170260374288,0.121821198667056,0.09,0.0,,,,,,,,,,,,,,,,,,,,,,,,,,,,,,,,,,,,,,,,,2018.0,1997-01-07,,,,7
Joshua Dobbs,ARI,QB,13119,weighted,211.769357200976,14.1703653756773,1.0433034987795,0.141773369321824,0.668441822620016,0.344733478965433,24.8709926769731,3.58066808393218,0.135724165988609,0.0825820656721416,0.339143612693246,0.14521688293235,0.08,0.0,,,,,,,,,,,,,,,,,,,,,,,,,,,,,,,,,,,,,,,,,2017.0,1995-01-26,,,,7
Mac Jones,NE,QB,15241,weighted,196.180450915923,14.0103080105013,0.947083137623297,0.112657226564023,0.965777360263034,0.121629430868342,10.0340723344293,0.973424977838831,0.0492672616251761,0.0573974097874931,0.165547205260686,0.0426941168714534,0.09,0.0,,,,,,,,,,,,,,,,,,,,,,,,,,,,,,,,,,,,,,,,,2021.0,1998-09-05,,,,7
Tyson Bagent,CHI,QB,16384,weighted,189.555772986168,20.0346531664776,1.0586818551668,0.187553446947192,1.0609886086249,0.28798645758184,13.6497274206672,9.44476945847146,0.0997274206672091,0.111222909642346,0.244898291293735,0.125748497759439,0.06,0.0,,,,,,,,,,,,,,,,,,,,,,,,,,,,,,,,,,,,,,,,,2023.0,2000-06-08,,,,7
Daniel Jones,NYG,QB,14059,weighted,115.99595,79.9015809804213,0.443666169895678,0.353553390593274,0.394932935916542,0.282842712474619,19.6943,12.1382188306729,0.20515812099359,0.101203672523601,0.0983,0.100315858104735,,,,,,,,,,,,,,,,,,,,,,,,,,,,,,,,,,,,,,,,,,,2019.0,1997-05-27,Q,Neck,2023.0,7
Aidan O'Connell,LVR,QB,16159,weighted,59.7749299719888,62.5699283880035,0.246610644257703,0.286562484190415,0.54890756302521,0.915645879895156,1.20696078431373,2.39384608600417,0.0023039215686274,0.0048732534653623,0.124621848739496,0.180332891627583,,,,,,,,,,,,,,,,,,,,,,,,,,,,,,,,,,,,,,,,,,,2023.0,1998-09-01,,,,7
Mitchell Trubisky,PIT,QB,13115,weighted,28.0447140221402,38.855222049669,0.111743542435424,0.156310586333835,0.169040590405904,0.269289551083962,0.609391143911439,1.12421879104128,0.0030350553505535,0.0056551510964511,0.0,0.0,0.03,0.0,,,,,,,,,,,,,,,,,,,,,,,,,,,,,,,,,,,,,,,,,2017.0,1994-08-20,,,,7
Tyler Huntley,BAL,QB,14789,weighted,19.9991946778711,23.4871912270266,0.0631162464985994,0.0496989737659093,0.0736064425770308,0.0482112145919568,3.73189775910364,6.5069543987146,0.0275070028011205,0.0466590150591895,0.0638375350140056,0.0891473906707943,,,,,,,,,,,,,,,,,,,,,,,,,,,,,,,,,,,,,,,,,,,2020.0,1998-02-03,,,,7
Sam Ehlinger,IND,QB,15250,weighted,24.6977645305514,25.2437120883597,0.148733233979136,0.0707106781186548,0.0512667660208644,0.0707106781186548,2.51326378539493,2.05060966544099,0.0,0.0,0.0487332339791356,0.0707106781186548,,,,,,,,,,,,,,,,,,,,,,,,,,,,,,,,,,,,,,,,,,,2021.0,1998-09-30,,,,7
Jameis Winston,NO,QB,12140,weighted,17.5755882352941,15.7406335579135,0.0562044817927171,0.0505596069077748,0.0642296918767507,0.0933680349711693,0.0966911764705882,0.600810745465004,0.0023039215686274,0.0048732534653623,0.0030532212885154,0.0045695950449688,,,,,,,,,,,,,,,,,,,,,,,,,,,,,,,,,,,,,,,,,,,2015.0,1994-01-06,,,,7
Bailey Zappe,NE,QB,15696,weighted,26.177795202952,10.667684859217,0.0514114391143911,0.0530559350038635,0.115175276752768,0.0282757554822558,0.012140221402214,0.0226206043858046,0.0030350553505535,0.0056551510964511,0.0476783517835178,0.0444257292486966,,,,,,,,,,,,,,,,,,,,,,,,,,,,,,,,,,,,,,,,,,,2022.0,1999-04-26,,,,7
Taylor Heinicke,ATL,QB,12476,weighted,16.545442804428,11.5183768104097,0.105673431734317,0.159146513559459,0.0453413284132841,0.0510043621244599,0.670119926199262,1.07509133925422,0.0,0.0,0.0650830258302583,0.0282269925537793,0.03,0.0,,,,,,,,,,,,,,,,,,,,,,,,,,,,,,,,,,,,,,,,,,,,,,7
Marcus Mariota,PHI,QB,12141,weighted,19.1055141579732,13.6471608769004,0.148733233979136,0.0707106781186548,0.0487332339791356,0.0707106781186548,3.64172876304024,3.25269119345812,0.0487332339791356,0.0707106781186548,0.0,0.0,,,,,,,,,,,,,,,,,,,,,,,,,,,,,,,,,,,,,,,,,,,2015.0,1993-10-30,,,,7
Mike White,MIA,QB,13598,weighted,17.1043219076006,8.1317279836453,0.148733233979136,0.0707106781186548,0.0974664679582712,0.14142135623731,-0.0411326378539493,0.494974746830583,0.0,0.0,0.0,0.0,,,,,,,,,,,,,,,,,,,,,,,,,,,,,,,,,,,,,,,,,,,2018.0,1995-03-25,,,,7
Tommy DeVito,,QB,16441,weighted,21.2956538969617,0.0070710678118665,0.0826155878467636,0.0282842712474619,0.108692206076618,0.0141421356237309,0.104346103038309,0.0070710678118654,0.0086922060766182,0.0141421356237309,0.0071730515191545,0.0035355339059327,,,,,,,,,,,,,,,,,,,,,,,,,,,,,,,,,,,,,,,,,,,2023.0,1998-08-07,,,,7
Drew Lock,SEA,QB,14057,weighted,14.0481333333333,5.96452782582516,0.0453666666666667,0.0512036201419589,0.0,0.0,1.37236666666667,0.536933516131429,0.0,0.0,0.0,0.0,,,,,,,,,,,,,,,,,,,,,,,,,,,,,,,,,,,,,,,,,,,2019.0,1996-11-10,,,,7
Jaren Hall,MIN,QB,16154,weighted,12.3470110701107,4.73300892012117,0.018210332103321,0.033930906578707,0.148376383763838,0.051732077703345,0.413985239852399,0.479076507676803,0.006070110701107,0.0113103021929023,0.0043511685116851,0.0048898817653936,,,,,,,,,,,,,,,,,,,,,,,,,,,,,,,,,,,,,,,,,,,2023.0,1998-03-24,,,,7
Sam Darnold,SF,QB,13592,weighted,9.73958683473389,4.1834124096075,0.0379131652661064,0.0491137754394461,0.0138235294117647,0.0292395207921738,0.25249299719888,0.626090041910588,0.0046078431372549,0.0097465069307246,0.0030532212885154,0.0045695950449688,,,,,,,,,,,,,,,,,,,,,,,,,,,,,,,,,,,,,,,,,,,2018.0,1997-06-05,,,,7
Clayton Tune,ARI,QB,16160,weighted,11.6479335793358,4.0923335776159,0.0151752767527675,0.0282757554822558,0.130166051660517,0.0564539851075585,1.08107011070111,1.55247347120165,0.006070110701107,0.0113103021929023,0.0043511685116851,0.0048898817653936,0.04,0.0,,,,,,,,,,,,,,,,,,,,,,,,,,,,,,,,,,,,,,,,,2023.0,1999-03-23,,,,7
Teddy Bridgewater,DET,QB,11640,weighted,10.2363688104724,2.91747831707832,0.0546681844052362,0.0442464260717665,0.0380853727945361,0.0440076953248005,0.233466135458167,0.453054234652732,0.0,0.0,0.0,0.0,0.02,0.0,,,,,,,,,,,,,,,,,,,,,,,,,,,,,,,,,,,,,,,,,2014.0,1992-11-10,,,,7
Phillip Walker,CLE,QB,13416,weighted,10.7552311756935,5.29622979108724,0.0217305151915456,0.0353553390593274,0.108692206076618,0.0141421356237309,0.0217305151915456,0.0353553390593274,0.0,0.0,0.0,0.0,,,,,,,,,,,,,,,,,,,,,,,,,,,,,,,,,,,,,,,,,,,2017.0,1995-02-26,,,,7
Sean Clifford,GB,QB,16313,weighted,9.83713585434174,4.04795827825106,0.1,0.0,0.0599229691876751,0.0664831517852583,0.237303921568627,0.251710854068534,0.0046078431372549,0.0097465069307246,0.0030532212885154,0.0045695950449688,0.04,8.03046437291669e-18,,,,,,,,,,,,,,,,,,,,,,,,,,,,,,,,,,,,,,,,,2023.0,1998-07-14,,,,7
Jacoby Brissett,WAS,QB,12616,weighted,9.3855462184874,2.89667057003926,0.0562044817927171,0.0505596069077748,0.0310014005602241,0.0470846716734817,0.592864145658263,0.622674580443832,0.0046078431372549,0.0097465069307246,0.0030532212885154,0.0045695950449688,0.01,2.0076160932291698e-18,,,,,,,,,,,,,,,,,,,,,,,,,,,,,,,,,,,,,,,,,2016.0,1992-12-11,,,,7
Blaine Gabbert,KC,QB,10262,weighted,10.2313675696012,1.25696336257644,0.0752445447705041,0.0299899139503003,0.141741911211437,0.17680719091514,-0.0854495861550038,0.37578868667773,0.0030944319036869,0.0047229257681415,0.0,0.0,0.01,2.0032273414814097e-18,,,,,,,,,,,,,,,,,,,,,,,,,,,,,,,,,,,,,,,,,2011.0,1989-10-15,,,,7
Kyle Trask,TB,QB,15242,weighted,6.17573170731707,7.29734198184517,0.0351067073170732,0.0494974746830583,0.0300914634146341,0.0424264068711929,-0.0749237804878049,0.0353553390593274,0.005015243902439,0.0070710678118654,0.005015243902439,0.0070710678118654,,,,,,,,,,,,,,,,,,,,,,,,,,,,,,,,,,,,,,,,,,,2021.0,1970-01-01,,,,7
Jarrett Stidham,DEN,QB,14063,weighted,9.48673621460507,2.05060966544099,0.1,3.9264915141570104e-17,0.0487332339791356,0.0707106781186548,0.846199701937407,0.212132034355964,0.0,0.0,0.0,0.0,,,,,,,,,,,,,,,,,,,,,,,,,,,,,,,,,,,,,,,,,,,2019.0,1996-08-08,,,,7
Kyle Allen,BUF,QB,13879,weighted,10.0,,0.1,,0.0,,0.1,,0.0,,0.0,,,,,,,,,,,,,,,,,,,,,,,,,,,,,,,,,,,,,,,,,,,,2018.0,1996-03-08,,,,7
C.J. Beathard,JAC,QB,13125,weighted,7.1532041728763,2.9698484809835,0.0512667660208644,0.0707106781186548,0.1,3.9264915141570104e-17,-0.289865871833085,0.565685424949238,0.0,0.0,0.0,0.0,,,,,,,,,,,,,,,,,,,,,,,,,,,,,,,,,,,,,,,,,,,2017.0,1993-11-16,,,,7
Brett Rypien,LAR,QB,14065,weighted,3.10335365853659,1.5556349186104,0.0749237804878049,0.0353553390593274,0.1,0.0,0.0,0.0,0.0,0.0,0.0,0.0,,,,,,,,,,,,,,,,,,,,,,,,,,,,,,,,,,,,,,,,,,,2019.0,,,,,7
Easton Stick,LAC,QB,14069,weighted,1.0,,0.0,,0.0,,0.0,,0.0,,0.0,,,,,,,,,,,,,,,,,,,,,,,,,,,,,,,,,,,,,,,,,,,,2019.0,1995-09-09,,,,7
Kenneth Walker III,SEA,RB,15711,weighted,,,,,,,80.0090195280716,7.20694416597627,0.851354759967453,0.142922111351517,0.0590520748576078,0.0347939169726128,,,,,2.11210333604557,0.427310321059549,16.4863344182262,2.39177797344157,0.0566680227827502,0.0509046034047408,,,,,,,,,,,,,,,,,,,,,,,,,,,,,,,,,2022.0,2000-10-20,,,,7
Christian McCaffrey,SF,RB,13130,weighted,,,,,,,64.0327379983727,16.3507083434376,0.688376729048006,0.291289860686438,0.0847640358014646,0.0243147924620899,,,,,3.42786411716843,0.556012345396507,28.5565174938975,5.90721224507435,0.164621643612693,0.094679377490606,,,,,,,,,,,,,,,,,,,,,,,,,,,,,,,,,2017.0,1996-06-07,Q,Oblique,2023.0,7
Josh Jacobs,LVR,RB,14073,weighted,,,,,,,74.9569731489015,8.18466758507611,0.620744507729862,0.171367117830986,0.0912937347436941,0.0138941671211942,,,,,3.51815703824247,0.479547606873901,26.8579048006509,2.95230584705758,0.0633034987794955,0.0570862182561649,,,,,,,,,,,,,,,,,,,,,,,,,,,,,,,,,2019.0,1998-02-11,,,,7
Saquon Barkley,NYG,RB,13604,weighted,,,,,,,70.376525630594,8.58414646564117,0.541676159479251,0.221700315046687,0.0546989422294548,0.0367557619928805,,,,,3.35216842961758,0.428889877925712,21.5587103336046,3.77749773349592,0.103230268510985,0.057000263535278,,,,,,,,,,,,,,,,,,,,,,,,,,,,,,,,,2018.0,1997-02-09,,,,7
Travis Etienne,JAC,RB,15253,weighted,,,,,,,73.9768104149715,2.64277150980848,0.548828315703824,0.238656174078191,0.106529698942229,0.0104206253408957,0.07,0.0,,,2.85128152969894,0.184278739210145,22.286460537022,1.53261521000456,0.0526240846216436,0.050226457512197,,,,,,,,,,,,,,,,,,,,,,,,,,,,,,,,,2021.0,1999-01-26,,,,7
Raheem Mostert,MIA,RB,12447,weighted,,,,,,,65.8437469487388,8.2852398215111,0.67753051261188,0.182062477372721,0.1,0.0,,,,,2.69295362082994,0.504707625851779,21.521948738812,3.84274466437308,0.129804719283971,0.0695049057151559,,,,,,,,,,,,,,,,,,,,,,,,,,,,,,,,,,,,,,7
DOnta Foreman,CHI,RB,13134,weighted,,,,,,,63.3546338486574,9.96885703458704,0.308946297803092,0.193046633839167,0.0891171684296176,0.0173677089014928,0.04,0.0,,,1.22528478437754,0.423519141169438,8.19705451586656,2.72146362793037,0.0132424735557364,0.0238514600396371,,,,,,,,,,,,,,,,,,,,,,,,,,,,,,,,,2017.0,1996-04-24,,,,7
Isiah Pacheco,KC,RB,15749,weighted,,,,,,,68.3571969080553,6.06375689171698,0.562961757526444,0.202714876664947,0.1,0.0,,,,,2.52577298616762,0.379477087099916,19.5613832384052,2.03568882779544,0.0579495524816924,0.0525936425927895,,,,,,,,,,,,,,,,,,,,,,,,,,,,,,,,,2022.0,1999-03-02,,,,7
D'Andre Swift,PHI,RB,14797,weighted,,,,,,,60.858637103336,6.52348694643831,0.383494711147274,0.17516015550263,0.1,0.0,0.03,0.0,,,3.72049633848657,0.29436878463399,25.8248616761595,4.23125570952283,0.129804719283971,0.0695049057151559,,,,,,,,,,,,,,,,,,,,,,,,,,,,,,,,,2020.0,1999-01-14,,,,7
Jonathan Taylor,IND,RB,14802,weighted,,,,,,,59.4483482506103,10.9926300321705,0.332184703010578,0.212858197427832,0.132567127746135,0.0338688244154335,,,,,2.58453213995118,0.53598402564443,19.7272701383238,4.12440727687197,0.0733441822620016,0.0392687636570275,,,,,,,,,,,,,,,,,,,,,,,,,,,,,,,,,2020.0,1999-01-19,,,,7
Alvin Kamara,NO,RB,13132,weighted,,,,,,,56.3325427176566,8.90778826185662,0.308812042310822,0.149658809447268,0.0891171684296176,0.0173677089014928,,,,,4.33867778681855,0.44816353255189,32.7552481692433,4.56949637390567,0.113938161106591,0.0614199005402234,,,,,,,,,,,,,,,,,,,,,,,,,,,,,,,,,2017.0,1995-07-25,,,,7
Aaron Jones,GB,RB,13319,weighted,,,,,,,58.6758909682669,10.6413805478703,0.249519934906428,0.133411677509968,0.0825874694873881,0.0277883342423884,,,,,2.90263222131814,0.246379220781643,26.6217575264443,3.61973441370538,0.174572823433686,0.105394425003253,,,,,,,,,,,,,,,,,,,,,,,,,,,,,,,,,2017.0,1994-12-02,Q,Hamstring,2023.0,7
Brian Robinson,WAS,RB,15716,weighted,,,,,,,63.1938812042311,3.94478575983043,0.344511798209927,0.161289869163239,0.0278173311635476,0.0336919186211286,0.04,0.0,,,1.68224979658259,0.254236080529546,13.9329617575264,1.7705854199007,0.1059967453214,0.0708541925006945,,,,,,,,,,,,,,,,,,,,,,,,,,,,,,,,,2022.0,1999-03-22,,,,7
Bijan Robinson,ATL,RB,16161,weighted,,,,,,,60.1608258746949,7.38703112126321,0.286395443449959,0.142146974116542,0.12019934906428,0.0365118495183781,0.01,0.0,,,4.01752237591538,0.817883248082004,29.6161554109032,5.96978609695483,0.152611879576892,0.0928270544087071,,,,,,,,,,,,,,,,,,,,,,,,,,,,,,,,,2023.0,2002-01-30,,,,7
Austin Ekeler,LAC,RB,13404,weighted,,,,,,,56.9573677786819,5.95609979587903,0.45726606997559,0.230590635727401,0.106448331977217,0.0478578827881328,,,,,4.70084621643613,0.432281679243942,36.1395362082994,2.91339935834214,0.169072416598861,0.0807672395221112,,,,,,,,,,,,,,,,,,,,,,,,,,,,,,,,,,,,,,7
Jerome Ford,CLE,RB,15713,weighted,,,,,,,57.8163873067535,5.06307090816677,0.228978844589097,0.110714343493704,0.105044751830757,0.0568431115855714,0.01,0.0,,,2.46408462164361,0.7666636447209,17.3627054515867,3.31430340795721,0.141989422294548,0.126720193630792,,,,,,,,,,,,,,,,,,,,,,,,,,,,,,,,,2022.0,1999-09-12,,,,7
Jahmyr Gibbs,DET,RB,16162,weighted,,,,,,,53.5462530512612,12.1510568067351,0.42493490642799,0.262438255141541,0.104963384865744,0.0511455609386025,0.01,0.0,,,3.24342961757526,0.49959168923844,23.1169609438568,2.15192695315602,0.0891781936533767,0.0416533266016633,,,,,,,,,,,,,,,,,,,,,,,,,,,,,,,,,2023.0,2002-03-20,,,,7
James Cook,BUF,RB,15715,weighted,,,,,,,58.2972253864931,3.011791827758,0.260406834825061,0.125165158378578,0.0739625711960944,0.0332738469254355,0.01,0.0,,,2.41211960943857,0.449591874127193,19.8114320585842,3.72948333079775,0.07,0.0470039090699047,,,,,,,,,,,,,,,,,,,,,,,,,,,,,,,,,2022.0,1999-09-25,,,,7
Rhamondre Stevenson,NE,RB,15259,weighted,,,,,,,55.3497640358015,2.59066239794219,0.301061838893409,0.145974080956723,0.0546989422294548,0.0367557619928805,,,,,2.82125305126119,0.419102630993776,19.2140113913751,2.25803804531394,0.0606550040683482,0.0544170815634799,,,,,,,,,,,,,,,,,,,,,,,,,,,,,,,,,2021.0,1998-02-23,,,,7
Alexander Mattison,MIN,RB,14223,weighted,,,,,,,51.3098413344182,6.75694228985376,0.228352318958503,0.109234585764927,0.0912937347436941,0.0138941671211942,,,,,3.04828722538649,0.479323142825393,22.2927257933279,4.61586901706615,0.106554109031733,0.0571924732669277,,,,,,,,,,,,,,,,,,,,,,,,,,,,,,,,,2019.0,,,,,7
Gus Edwards,BAL,RB,13850,weighted,,,,,,,49.105113913751,4.30263735272559,0.25240032546786,0.11597138902699,0.0494100895036615,0.0370996627360307,,,,,0.53333197721725,0.301588638685391,3.53949552481692,2.19501989779965,0.0079739625711961,0.0154020164551789,,,,,,,,,,,,,,,,,,,,,,,,,,,,,,,,,2018.0,1995-04-13,,,,7
Rachaad White,TB,RB,15721,weighted,,,,,,,51.378620829943,8.60788395260737,0.251192026037429,0.138660110164687,0.13753051261188,0.0474468660019332,,,,,2.97250610252238,0.354740643029695,19.1174898291294,2.90397419843775,0.0699715215622457,0.0466592048507179,,,,,,,,,,,,,,,,,,,,,,,,,,,,,,,,,2022.0,1999-01-12,,,,7
Najee Harris,PIT,RB,15254,weighted,,,,,,,52.669918633035,3.46301846856093,0.224719283970708,0.146490957810451,0.0505899104963385,0.0370996627360307,,,,,1.48825061025224,0.384363170172044,10.3855451586656,1.58032749107712,0.0659275834011391,0.0465083306283472,,,,,,,,,,,,,,,,,,,,,,,,,,,,,,,,,2021.0,1998-03-09,,,,7
AJ Dillon,GB,RB,14805,weighted,,,,,,,42.5176322213181,8.20316391085145,0.261253051261188,0.155871362658633,0.0,0.0,,,,,0.996407648494711,0.541888298856222,8.14698128559805,4.33962242396659,0.0158909682668836,0.0286217520475645,,,,,,,,,,,,,,,,,,,,,,,,,,,,,,,,,2020.0,1998-05-02,,,,7
Tyler Allgeier,ATL,RB,15712,weighted,,,,,,,45.9299918633035,5.69409484261836,0.231147274206672,0.119411751857207,0.0278173311635476,0.0336919186211286,,,,,0.953051261187958,0.0637120989726294,6.39221318144833,0.895649483077289,0.0079454841334418,0.0143108760237823,,,,,,,,,,,,,,,,,,,,,,,,,,,,,,,,,2022.0,2000-04-15,,,,7
Zack Moss,IND,RB,14798,weighted,,,,,,,45.5529210740439,8.49882053343754,0.234967453213995,0.145681802580669,0.0267290480065094,0.0338427028772076,,,,,1.54115134255492,0.465076318797514,11.8008584214809,3.70625430189704,0.0720626525630594,0.0399299535269256,,,,,,,,,,,,,,,,,,,,,,,,,,,,,,,,,2020.0,1970-01-01,,,,7
Javonte Williams,DEN,RB,15256,weighted,,,,,,,49.1169406021155,2.14588241861108,0.213222131814483,0.126299075925441,0.0761391375101709,0.033794892116904,0.01,0.0,,,2.03211960943857,0.55459737754501,14.0294385679414,2.50217674878363,0.0865581773799837,0.038431451377911,,,,,,,,,,,,,,,,,,,,,,,,,,,,,,,,,2021.0,2000-04-25,,,,7
Keaontay Ingram,ARI,RB,15734,weighted,,,,,,,40.9063059397884,7.7495182802421,0.220077298616762,0.157236485379694,0.0289056143205858,0.0336302686424045,0.01,0.0,,,1.49358014646054,0.517454682978237,10.7502644426363,3.30122783413907,0.0266029292107404,0.040398118020939,,,,,,,,,,,,,,,,,,,,,,,,,,,,,,,,,2022.0,1999-10-26,,,,7
Royce Freeman,FA,RB,13617,weighted,,,,,,,41.5626932465419,5.32054073145295,0.213047192839707,0.103663782913378,0.0963384865744508,0.0569667813301816,0.01,0.0,,,1.25235964198535,0.459788032248597,8.64927990235964,2.24455677432051,0.0145809601301871,0.0264091550497635,,,,,,,,,,,,,,,,,,,,,,,,,,,,,,,,,2018.0,1996-02-24,,,,7
Royce Freeman,LAR,RB,13617,weighted,,,,,,,41.5626932465419,5.32054073145295,0.213047192839707,0.103663782913378,0.0963384865744508,0.0569667813301816,0.01,0.0,,,1.25235964198535,0.459788032248597,8.64927990235964,2.24455677432051,0.0145809601301871,0.0264091550497635,,,,,,,,,,,,,,,,,,,,,,,,,,,,,,,,,2018.0,1996-02-24,,,,7
Ezekiel Elliott,NE,RB,12625,weighted,,,,,,,37.4491985353946,6.08114424481732,0.206830756712775,0.129691697140892,0.0549430431244915,0.0357466942391345,,,,,1.39074043938161,0.393939444294555,8.33929617575264,1.98420885587086,0.0092554922701383,0.01690085684693,,,,,,,,,,,,,,,,,,,,,,,,,,,,,,,,,2016.0,1995-07-22,,,,7
Jaleel McLaughlin,DEN,RB,16390,weighted,,,,,,,35.415016273393,5.04127441932194,0.236521562245728,0.146220825370005,0.0289056143205858,0.0336302686424045,,,,,1.93642392188771,0.415332295885997,14.5626444263629,3.470066413134,0.100614320585842,0.075224196396414,,,,,,,,,,,,,,,,,,,,,,,,,,,,,,,,,2023.0,2000-09-13,,,,7
Kareem Hunt,CLE,RB,13138,weighted,,,,,,,31.1611757526444,8.62470201618786,0.207865786558678,0.110729212780964,0.0,0.0,0.03,0.0,,,1.61722131814483,0.229420843507174,11.8971399511798,1.56710807447554,0.0558321404044139,0.0426828617252135,,,,,,,,,,,,,,,,,,,,,,,,,,,,,,,,,2017.0,1995-08-06,Q,Thigh,2023.0,7
Craig Reynolds,DET,RB,14727,weighted,,,,,,,26.2354841334418,10.8015295981553,0.160292921074044,0.101336747174296,0.0271257119609439,0.0331470222886459,,,,,0.964694873881204,0.247232437226627,7.26452807160293,2.11186887400157,0.0105370219690806,0.0219997121564113,,,,,,,,,,,,,,,,,,,,,,,,,,,,,,,,,2019.0,1996-06-15,Q,Hamstring,2023.0,7
Latavius Murray,BUF,RB,11390,weighted,,,,,,,32.5921765663141,6.3269612314427,0.225716029292107,0.109958594298819,0.0,0.0,,,,,1.03262001627339,0.162746762833646,6.69024816924329,1.43942828338543,0.0092554922701383,0.01690085684693,,,,,,,,,,,,,,,,,,,,,,,,,,,,,,,,,2013.0,1990-01-18,,,,7
Darrynton Evans,CHI,RB,14808,weighted,,,,,,,26.9982914285714,8.5701387960474,0.179777142857143,0.110086790816931,0.0278331428571429,0.0414825082552965,,,,,0.726897142857143,0.419967880825677,5.45886857142857,2.63553575603122,0.013,0.0192207524912424,,,,,,,,,,,,,,,,,,,,,,,,,,,,,,,,,2020.0,1970-01-01,,,,7
Darrell Henderson,LAR,RB,14087,weighted,,,,,,,32.822527007985,5.2103486003087,0.215260685767966,0.0435683527389974,0.0,0.0,,,,,1.1080554250822,0.249676041446366,8.14731329262565,2.179389053548,0.0328933771723814,0.0444241397169442,,,,,,,,,,,,,,,,,,,,,,,,,,,,,,,,,2019.0,1970-01-01,,,,7
Jordan Mason,SF,RB,15972,weighted,,,,,,,27.7416802278275,10.6358589060924,0.187445077298617,0.121797715312601,0.0021765663140764,0.0034735417802985,,,,,0.545854353132628,0.511605442040601,4.55693246541904,3.26388221510361,0.0118185516680228,0.0288490420863361,,,,,,,,,,,,,,,,,,,,,,,,,,,,,,,,,2022.0,1999-05-24,,,,7
Elijah Mitchell,SF,RB,15263,weighted,,,,,,,27.0592229454841,8.15603707865244,0.169605370219691,0.0992582534927381,0.0,0.0,,,,,0.794450772986168,0.364157251186138,6.1826851098454,2.72362766111844,0.0218836452400325,0.0383973914253322,,,,,,,,,,,,,,,,,,,,,,,,,,,,,,,,,2021.0,1970-01-01,,,,7
Cam Akers,MIN,RB,14799,weighted,,,,,,,22.2569528071603,7.85580245837831,0.110541090317331,0.0593141266186605,0.0130593978844589,0.0208412506817913,,,,,1.27171277461351,0.336413852226931,8.81873881204231,1.88401958598102,0.0132424735557364,0.0238514600396371,,,,,,,,,,,,,,,,,,,,,,,,,,,,,,,,,2020.0,1970-01-01,,,,7
Jaylen Warren,PIT,RB,15742,weighted,,,,,,,32.0617290480065,4.48625929315336,0.126981285598047,0.0768971425847485,0.0021765663140764,0.0034735417802985,,,,,3.29525630593979,0.642544346363005,24.8749593165175,4.99537485828664,0.0566395443449959,0.0511860592236295,,,,,,,,,,,,,,,,,,,,,,,,,,,,,,,,,2022.0,1998-11-01,,,,7
Justice Hill,BAL,RB,14086,weighted,,,,,,,30.3146786004882,5.2062385536694,0.18580146460537,0.0896964232747108,0.129515866558177,0.081375783247892,,,,,1.36045565500407,0.362489434383822,7.80034987794955,3.20282872461086,0.0079170056956875,0.0153064004049856,,,,,,,,,,,,,,,,,,,,,,,,,,,,,,,,,2019.0,1997-11-14,,,,7
Ke'Shawn Vaughn,TB,RB,14810,weighted,,,,,,,24.5148965848966,11.092147939903,0.146123136123136,0.0895618655566501,0.0356844636844637,0.0392979294547563,,,,,0.738667628667629,0.297829998424038,4.50864838864839,1.97045145884826,0.0109090909090909,0.0199676847790475,,,,,,,,,,,,,,,,,,,,,,,,,,,,,,,,,2020.0,1970-01-01,,,,7
Jeffery Wilson,MIA,RB,14017,weighted,,,,,,,23.5206021155411,6.77901102645038,0.177506102522376,0.0990786814504755,0.0605370219690806,0.0345575172081874,,,,,1.41329129373474,0.482639074155994,10.5171236777868,3.24249992483876,0.04,0.0459129070687573,,,,,,,,,,,,,,,,,,,,,,,,,,,,,,,,,2018.0,1970-01-01,,,,7
Antonio Gibson,WAS,RB,14852,weighted,,,,,,,18.41532546786,5.37525744658192,0.0892921074043938,0.0386380438743365,0.052766476810415,0.0362634812115056,0.03,0.0,,,2.18116354759967,0.267638213779088,18.4968470301058,2.25341753096722,0.0812896663954435,0.0362116774087512,,,,,,,,,,,,,,,,,,,,,,,,,,,,,,,,,2020.0,1970-01-01,,,,7
Jamaal Williams,NO,RB,13139,weighted,,,,,,,23.5312530512612,4.40808183204387,0.154442636289666,0.0942696702726158,0.0498982912937347,0.0669807565821819,0.03,0.0,,,0.554365337672905,0.330253896987257,3.63764849471115,2.13635978056363,0.0039585028478437,0.0076532002024928,,,,,,,,,,,,,,,,,,,,,,,,,,,,,,,,,2017.0,,,,,7
Salvon Ahmed,MIA,RB,14811,weighted,,,,,,,14.7796175752644,6.61219441086456,0.113152969894223,0.092416452701739,0.0,0.0,,,,,0.943340113913751,0.133507237394472,6.72154597233523,0.706469494794719,0.0119039869812856,0.0216203553183939,,,,,,,,,,,,,,,,,,,,,,,,,,,,,,,,,2020.0,1998-12-29,,,,7
Joshua Kelley,LAC,RB,14807,weighted,,,,,,,19.5452034174125,5.82304358094844,0.103258746948739,0.0567320540814816,0.0043531326281529,0.0069470835605971,,,,,0.804926769731489,0.176341285209481,5.42777461350692,1.57775273613662,0.0052969894222945,0.0095405840158548,,,,,,,,,,,,,,,,,,,,,,,,,,,,,,,,,2020.0,1970-01-01,,,,7
Kenneth Gainwell,PHI,RB,15255,weighted,,,,,,,20.9032831570382,3.3338513857787,0.140549227013832,0.0745677127784053,0.0065296989422294,0.0104206253408957,0.03,0.0,,,1.30353539462978,0.273504590763594,10.1580065093572,1.22942050307561,0.0473840520748576,0.0464251609760075,,,,,,,,,,,,,,,,,,,,,,,,,,,,,,,,,2021.0,1999-03-14,,,,7
DeeJay Dallas,SEA,RB,14815,weighted,,,,,,,12.9227624084622,8.03997299277146,0.0587591537835639,0.0455370742393842,0.0,0.0,,,0.01,0.0,1.08281122864117,0.507671276720747,7.84548006509357,2.85725339802832,0.0079454841334418,0.0143108760237823,,,,,,,,,,,,,,,,,,,,,,,,,,,,,,,,,2020.0,1998-09-16,,,,7
Damien Williams,ARI,RB,11886,weighted,,,,,,,16.3230303030303,5.64162851734558,0.0808369408369408,0.0674215421899472,0.0044175084175084,0.0076608581270661,,,,,0.649153439153439,0.409376862348241,5.33887926887927,2.63740445193425,0.0093939393939393,0.0152584147067211,,,,,,,,,,,,,,,,,,,,,,,,,,,,,,,,,2014.0,1992-04-03,,,,7
Zach Evans,LAR,RB,16163,weighted,,,,,,,16.5825427176566,5.60264396934928,0.0905248169243287,0.0941953366702019,0.0245524816924329,0.0344062943675801,,,,,0.477900732302685,0.360071550956563,3.58488608624898,2.73989551934843,0.0079170056956875,0.0153064004049856,,,,,,,,,,,,,,,,,,,,,,,,,,,,,,,,,2023.0,2001-05-30,,,,7
Matt Breida,NYG,RB,13378,weighted,,,,,,,14.4464157851912,4.24507102106667,0.0913262815296989,0.059162006324424,0.0043531326281529,0.0069470835605971,,,,,0.917164361269325,0.26797649457734,5.85904800650936,1.23581550610054,0.0219406021155411,0.0367644030847402,,,,,,,,,,,,,,,,,,,,,,,,,,,,,,,,,2017.0,1995-02-28,,,,7
Pierre Strong Jr.,CLE,RB,15733,weighted,,,,,,,13.3492457142857,7.30767554587649,0.105885714285714,0.065292521541543,0.002248,0.0042616298292028,,,,,0.38592,0.176233231697332,2.70761142857143,1.23965712762557,0.0056,0.0088346389774201,,,,,,,,,,,,,,,,,,,,,,,,,,,,,,,,,2022.0,1998-12-10,,,,7
Travis Homer,CHI,RB,14083,weighted,,,,,,,14.7794709737828,5.19016791258976,0.0438436329588015,0.0499779796863306,0.111376404494382,0.0776645945743032,,,,,1.08893258426966,0.488381589247406,7.58151685393258,2.93795525286443,0.0277387640449438,0.0441296237964436,,,,,,,,,,,,,,,,,,,,,,,,,,,,,,,,,2019.0,1998-08-07,,,,7
Emari Demercado,ARI,RB,16385,weighted,,,,,,,13.8029943043124,5.57046680965024,0.0706631407648495,0.0463058929119189,0.0245524816924329,0.0344062943675801,,,,,0.927221318144833,0.406974511199445,6.32924328722539,3.7043426589738,0.0053254678600488,0.0110884765451861,,,,,,,,,,,,,,,,,,,,,,,,,,,,,,,,,2023.0,1999-01-20,,,,7
Cordarrelle Patterson,ATL,RB,11225,weighted,,,,,,,10.1839826839827,6.13636374954585,0.0873785473785474,0.0648545349858999,0.0022087542087542,0.003830429063533,,,0.09,0.0,0.726522366522366,0.368091734860758,6.07761904761905,1.39066602332742,0.0259066859066859,0.0394598333683085,,,,,,,,,,,,,,,,,,,,,,,,,,,,,,,,,2013.0,1991-03-17,,,,7
Zach Charbonnet,SEA,RB,16169,weighted,,,,,,,16.3889366998578,3.2616938597248,0.0843093972748751,0.0573861801082548,0.0,0.0,,,,,1.24104907539118,0.302109061508049,7.62488620199147,2.30015280602082,0.0216967954796902,0.037402233062016,,,,,,,,,,,,,,,,,,,,,,,,,,,,,,,,,2023.0,2001-01-08,Q,Hamstring,2023.0,7
Samaje Perine,DEN,RB,13133,weighted,,,,,,,14.2926566314076,3.67956866824763,0.0893490642799024,0.0417526262384007,0.0946501220504475,0.0778112570345778,,,,,2.06437347436941,0.219286170667951,17.0663059397884,2.8019539280856,0.074593165174939,0.0494126769641387,,,,,,,,,,,,,,,,,,,,,,,,,,,,,,,,,2017.0,1995-09-16,,,,7
Kendre Miller,NO,RB,16171,weighted,,,,,,,15.0142367308596,2.69538665287598,0.0861531235321747,0.0404338532027269,0.0271507750117426,0.0368671736305969,,,,,1.0132456552372,0.161773423814259,8.31615782057304,2.16414427835472,0.0137764208548614,0.0229660058956042,,,,,,,,,,,,,,,,,,,,,,,,,,,,,,,,,2023.0,2002-06-11,,,,7
Clyde Edwards-Helaire,KC,RB,14803,weighted,,,,,,,13.7404109031733,3.68841650302028,0.104654190398698,0.0586538180344946,0.0065296989422294,0.0104206253408957,,,,,0.734255492270138,0.36000559816814,4.85019121236778,2.44427789469423,0.0446216436126932,0.0463155391738605,,,,,,,,,,,,,,,,,,,,,,,,,,,,,,,,,2020.0,1970-01-01,,,,7
Chris Rodriguez,WAS,RB,16174,weighted,,,,,,,13.1871236171236,2.93057518164981,0.0637999037999038,0.0488531785588618,0.025017797017797,0.0379295419461107,,,,,0.251320346320346,0.106896934862966,1.86867404200738,1.26874018573793,0.0036588103254769,0.0048657627813299,,,,,,,,,,,,,,,,,,,,,,,,,,,,,,,,,2023.0,1999-09-26,,,,7
Tank Bigsby,JAC,RB,16164,weighted,,,,,,,13.0842717656631,3.97869000947663,0.112660699755899,0.0690494910860054,0.0707892595606184,0.0656456404073977,,,,,0.503124491456469,0.30376122611382,2.76655410903173,1.76663839884345,0.0052969894222945,0.0095405840158548,,,,,,,,,,,,,,,,,,,,,,,,,,,,,,,,,2023.0,2002-08-30,,,,7
Boston Scott,PHI,RB,13814,weighted,,,,,,,10.5276575276575,4.39456467666775,0.125916305916306,0.103939309139758,0.0022087542087542,0.003830429063533,,,,,0.309066859066859,0.164477451639183,2.35747955747956,0.375092584201781,0.0046801346801346,0.0081977258035897,,,,,,,,,,,,,,,,,,,,,,,,,,,,,,,,,2018.0,1995-04-27,,,,7
Sean Tucker,TB,RB,16166,weighted,,,,,,,8.0550426742532,6.70308246921137,0.0163300142247511,0.0283266668971024,0.0029125177809388,0.0046811831419188,,,,,0.486386913229018,0.413620493989878,2.73084637268848,1.64636623993627,0.0069701280227596,0.0095413885105137,,,,,,,,,,,,,,,,,,,,,,,,,,,,,,,,,2023.0,2001-10-25,,,,7
Zamir White,LVR,RB,15714,weighted,,,,,,,11.9462082994304,2.23338287940631,0.0539625711960944,0.0502795846569303,0.0931651749389748,0.0982324620768555,,,,,0.349637917005696,0.402765956811253,2.66581366965012,2.6851534985663,0.0039585028478437,0.0076532002024928,,,,,,,,,,,,,,,,,,,,,,,,,,,,,,,,,2022.0,1999-09-18,,,,7
Jerick McKinnon,KC,RB,11761,weighted,,,,,,,8.38181448331977,3.20541273945507,0.0434540276647681,0.04646660080316,0.0,0.0,,,,,2.08003254678601,0.293533484544678,17.8838486574451,3.16034418697894,0.161151342554923,0.122569960767274,,,,,,,,,,,,,,,,,,,,,,,,,,,,,,,,,2014.0,1992-05-03,,,,7
Isaiah Spiller,LAC,RB,15709,weighted,,,,,,,7.71045519203414,3.27082923829013,0.0487624466571835,0.0534584804989006,0.0,0.0,,,,,0.243897581792319,0.166187918387879,1.92604551920341,0.0884941698972402,0.0022901849217638,0.0048649267653492,,,,,,,,,,,,,,,,,,,,,,,,,,,,,,,,,2022.0,2001-08-09,,,,7
Anthony McFarland,PIT,RB,14804,weighted,,,,,,,6.70961254612546,4.20312691901157,0.0514114391143911,0.0530559350038635,0.0030350553505535,0.0056551510964511,,,,,0.630507380073801,0.2431714971474,3.99249077490775,1.74440081661344,0.006070110701107,0.0113103021929023,,,,,,,,,,,,,,,,,,,,,,,,,,,,,,,,,2020.0,1970-01-01,,Knee,2023.0,7
Keaton Mitchell,BAL,RB,16178,weighted,,,,,,,8.03584033613445,2.8090075564005,0.0402170868347339,0.0507170866576469,0.025203081232493,0.0474040355155162,,,,,0.381610644257703,0.165632477806258,2.84962885154062,1.13902932726036,0.0046078431372549,0.0097465069307246,,,,,,,,,,,,,,,,,,,,,,,,,,,,,,,,,2023.0,2002-01-17,,,,7
Rashaad Penny,PHI,RB,13608,weighted,,,,,,,5.87034277198212,6.7175144212722,0.0512667660208644,0.0707106781186548,0.0,0.0,,,,,0.0512667660208644,0.0707106781186548,0.356333830104322,0.353553390593274,0.0,0.0,,,,,,,,,,,,,,,,,,,,,,,,,,,,,,,,,2018.0,1996-02-02,,,,7
D'Ernest Johnson,JAC,RB,14331,weighted,,,,,,,5.34626262626263,2.80772381586485,0.0109427609427609,0.0180370288999783,0.0,0.0,,,,,0.32001443001443,0.166507291380304,2.14739297739298,0.770020501141413,0.0062626262626262,0.0101722764711474,,,,,,,,,,,,,,,,,,,,,,,,,,,,,,,,,2019.0,,,,,7
Trey Sermon,IND,RB,15257,weighted,,,,,,,3.8847439544808,3.95348459906379,0.0139900426742532,0.023504934950387,0.0029125177809388,0.0046811831419188,,,,,0.225689900426743,0.0477764560351059,1.47047652916074,0.565726064504405,0.0069701280227596,0.0095413885105137,,,,,,,,,,,,,,,,,,,,,,,,,,,,,,,,,2021.0,1999-01-30,,,,7
Tyrion Davis-Price,SF,RB,15746,weighted,,,,,,,6.66416155419223,4.71933233021266,0.026840490797546,0.03796542330858,0.0044614860259032,0.0051079633363127,,,,,0.166421267893661,0.0610211346832613,0.658139059304704,0.774701177609771,0.0066564417177914,0.0057780327561863,,,,,,,,,,,,,,,,,,,,,,,,,,,,,,,,,2022.0,2000-10-23,,,,7
Ty Chandler,MIN,RB,15723,weighted,,,,,,,6.15295007564296,3.40681207080419,0.0409001512859304,0.0458423314276022,0.0030975794251134,0.0047353005178765,,,,,0.401875945537065,0.101799523864455,3.18547655068079,1.097239522489,0.0074130105900151,0.0095892025519976,,,,,,,,,,,,,,,,,,,,,,,,,,,,,,,,,2022.0,1998-05-12,,,,7
Devine Ozigbo,DET,RB,14096,weighted,,,,,,,7.69222797927461,2.05060966544099,0.1,0.0,0.0,0.0,,,,,0.433678756476684,0.212132034355964,3.21502590673575,2.40416305603426,0.0,0.0,,,,,,,,,,,,,,,,,,,,,,,,,,,,,,,,,2019.0,1970-01-01,,,,7
Emanuel Wilson,GB,RB,16432,weighted,,,,,,,5.30583926031294,3.83067256792109,0.0186699857752489,0.0331718236032237,0.0029125177809388,0.0046811831419188,,,,,0.302667140825036,0.139309283834027,1.90303698435277,0.540948318322671,0.0093100995732574,0.0140285774626833,,,,,,,,,,,,,,,,,,,,,,,,,,,,,,,,,2023.0,1999-05-08,,,,7
Ty Johnson,BUF,RB,14095,weighted,,,,,,,6.32532364597094,3.13248304065641,0.0173844121532365,0.0282842712474619,0.0043461030383091,0.0070710678118654,,,,,0.691228533685601,0.311126983722081,4.47771466314399,2.24152849636136,0.0086922060766182,0.0141421356237309,,,,,,,,,,,,,,,,,,,,,,,,,,,,,,,,,2019.0,1997-09-17,,,,7
Mohamed Ibrahim,FA,RB,16172,weighted,,,,,,,6.18186261558785,3.06177236253775,0.0217305151915456,0.0353553390593274,0.0043461030383091,0.0070710678118654,,,,,0.326036988110964,0.205060966544099,1.45634081902246,0.742462120245875,0.0043461030383091,0.0070710678118654,,,,,,,,,,,,,,,,,,,,,,,,,,,,,,,,,2023.0,1998-09-08,,,,7
Khari Blasingame,CHI,RB,14552,weighted,,,,,,,4.38235714285714,3.30907043175303,0.0305331277450706,0.0262544384275887,0.0133571428571429,0.0057838773681737,,,,,0.2355,0.209910052679302,1.8555,0.709963267871387,0.0066428571428571,0.0057838773681737,,,,,,,,,,,,,,,,,,,,,,,,,,,,,,,,,2019.0,1970-01-01,,,,7
Deon Jackson,FA,RB,15277,weighted,,,,,,,7.7,,0.1,,0.0,,,,,,0.0,,0.0,,0.0,,,,,,,,,,,,,,,,,,,,,,,,,,,,,,,,,,2021.0,1970-01-01,,,,7
Eric Gray,NYG,RB,16173,weighted,,,,,,,5.56363636363636,1.44063528530711,0.0139204545454545,0.0190781480080639,0.0038778409090909,0.0042483800180086,,,0.01,0.0,0.273069957386364,0.123567577200302,2.29882457386364,1.11763477057901,0.0112515122645104,0.0128356079621783,,,,,,,,,,,,,,,,,,,,,,,,,,,,,,,,,2023.0,1999-11-04,,,,7
Brandon Bolden,LVR,RB,10932,weighted,,,,,,,4.84229441624365,1.88542538731967,0.009278059785674,0.0100792484223666,0.0044534686971235,0.0050910107458961,0.05,8.49839224035348e-18,,,0.493116751269036,0.0944287315967255,3.67267005076142,0.398032674755402,0.0507663307126689,0.0429730329048189,,,,,,,,,,,,,,,,,,,,,,,,,,,,,,,,,2012.0,1990-01-26,,,,7
Elijah Dotson,LAC,RB,16409,weighted,,,,,,,4.43523031203566,2.55265548008344,0.0608915304606241,0.0565685424949238,0.0,0.0,,,0.01,2.45387904498403e-18,0.280876671619614,0.261629509039022,1.69726597325409,1.44249783362056,0.0048885586924219,0.0070710678118654,,,,,,,,,,,,,,,,,,,,,,,,,,,,,,,,,2023.0,1999-01-19,,,,7
Godwin Igwebuike,FA,RB,14011,weighted,,,,,,,3.40953800298063,3.32340187157677,0.1,3.9264915141570104e-17,0.0,0.0,,,,,0.248733233979136,0.0707106781186547,1.89746646795827,0.141421356237309,0.0,0.0,,,,,,,,,,,,,,,,,,,,,,,,,,,,,,,,,2018.0,1970-01-01,,,,7
Godwin Igwebuike,PIT,RB,14011,weighted,,,,,,,3.40953800298063,3.32340187157677,0.1,3.9264915141570104e-17,0.0,0.0,,,,,0.248733233979136,0.0707106781186547,1.89746646795827,0.141421356237309,0.0,0.0,,,,,,,,,,,,,,,,,,,,,,,,,,,,,,,,,2018.0,1970-01-01,,,,7
Ameer Abdullah,LVR,RB,12155,weighted,,,,,,,2.6237325648415,1.65156305351073,0.0081337643570145,0.0171116719654736,0.0,0.0,,,,,0.914455331412104,0.20859860210696,7.7531757925072,2.068601957297,0.013193083573487,0.0216658212785891,,,,,,,,,,,,,,,,,,,,,,,,,,,,,,,,,2015.0,1993-06-13,,,,7
Ty Montgomery,NE,RB,12261,weighted,,,,,,,2.70427089337176,1.53999897722232,0.0075446685878962,0.0128818567644675,0.0,0.0,,,,,0.843331412103746,0.0931661224999566,5.56866858789625,1.0635941906966,0.0093602305475504,0.0139553143482916,,,,,,,,,,,,,,,,,,,,,,,,,,,,,,,,,2015.0,1993-01-22,,,,7
Gary Brightwell,NYG,RB,15462,weighted,,,,,,,3.49671779141104,2.02137541583503,0.0133844580777096,0.0153238900089383,0.0,0.0,,,,,0.371022494887526,0.160431080275234,3.56929447852761,1.91205282916482,0.0100204498977505,0.0100308011756425,,,,,,,,,,,,,,,,,,,,,,,,,,,,,,,,,2021.0,,,,,7
Kyle Juszczyk,SF,RB,11367,weighted,,,,,,,2.38302388969056,1.05380894256083,0.0068000816900441,0.0156594756755167,0.0,0.0,,,,,1.08952861952862,0.251212709936214,9.31097643097643,2.73771472966516,0.0575372775372775,0.0465650493890537,,,,,,,,,,,,,,,,,,,,,,,,,,,,,,,,,2013.0,1991-04-23,,,,7
Myles Gaskin,LAR,RB,14081,weighted,,,,,,,3.4,,0.0,,0.0,,,,,,0.1,,0.8,,0.0,,,,,,,,,,,,,,,,,,,,,,,,,,,,,,,,,,2019.0,1970-01-01,,,,7
Michael Burton,DEN,RB,12325,weighted,,,,,,,1.96722264728386,0.796596380347873,0.0100153022188217,0.0141837230817216,0.0,0.0,0.03,4.00622346764422e-18,,,0.15914116296863,0.0496845859717202,0.799818286151492,0.671847801197411,0.00623947972456,0.0047848499040877,,,,,,,,,,,,,,,,,,,,,,,,,,,,,,,,,2015.0,1992-02-01,,,,7
Dwayne Washington,DEN,RB,12845,weighted,,,,,,,2.23,,0.02,,0.0,,,,,,0.34,,3.68,,0.02,,,,,,,,,,,,,,,,,,,,,,,,,,,,,,,,,,2016.0,,,,,7
Patrick Taylor,FA,RB,14817,weighted,,,,,,,2.19,,0.02,,0.0,,,,,,0.23,,1.69,,0.01,,,,,,,,,,,,,,,,,,,,,,,,,,,,,,,,,,2020.0,,,,,7
Keith Smith,ATL,RB,12040,weighted,,,,,,,1.41672022443254,0.389258017488369,0.0041057114571935,0.0041850281757852,0.0,0.0,,,,,0.196700459066565,0.0788037479630978,3.09702626880898,2.02935973243511,0.0058643392180755,0.0041980206023087,,,,,,,,,,,,,,,,,,,,,,,,,,,,,,,,,2014.0,1992-04-08,,,,7
Patrick Ricard,BAL,RB,13455,weighted,,,,,,,0.597543993879113,0.500768396901058,0.00623947972456,0.0047848499040877,0.0,0.0,,,,,0.299892884468248,0.238018266745201,2.52992348890589,0.647918615581361,0.0149961744452946,0.0191980035970378,,,,,,,,,,,,,,,,,,,,,,,,,,,,,,,,,2017.0,1994-05-27,,,,7
James Robinson,GB,RB,14813,weighted,,,,,,,1.18,,0.01,,0.0,,,,,,0.0,,0.0,,0.0,,,,,,,,,,,,,,,,,,,,,,,,,,,,,,,,,,2020.0,1970-01-01,,,,7
C.J. Ham,MIN,RB,12923,weighted,,,,,,,0.808388855239249,0.132898433855517,0.0879679823675887,0.070072587083823,0.0,0.0,,,,,0.808697758933979,0.265310187238648,5.49089036947305,1.81638713424694,0.0098788612961841,0.0141327243790802,,,,,,,,,,,,,,,,,,,,,,,,,,,,,,,,,2016.0,1993-07-22,,,,7
Alec Ingold,MIA,RB,14420,weighted,,,,,,,0.640359602142311,0.458594818588523,0.003092960979342,0.0047108172694901,0.0,0.0,,,,,0.614560061208875,0.312166723201536,3.64571537872992,1.11720781837499,0.0150497322111706,0.0238734666794502,,,,,,,,,,,,,,,,,,,,,,,,,,,,,,,,,2019.0,1996-07-09,Q,Foot,2023.0,7
Kene Nwangwu,MIN,RB,15414,weighted,,,,,,,0.964893292682927,0.0494974746830583,0.005015243902439,0.0070710678118654,0.0,0.0,,,,,0.140121951219512,0.0565685424949238,1.21565548780488,0.304055915910215,0.005015243902439,0.0070710678118654,,,,,,,,,,,,,,,,,,,,,,,,,,,,,,,,,2021.0,1998-02-09,,,,7
Jakob Johnson,LVR,RB,14359,weighted,,,,,,,0.0,0.0,0.0,0.0,0.0,0.0,,,,,0.270092024539877,0.113756518996617,0.9959918200409,0.559560262083596,0.0066564417177914,0.0057780327561863,,,,,,,,,,,,,,,,,,,,,,,,,,,,,,,,,2019.0,1970-01-01,,,,7
Tyreek Hill,MIA,WR,12801,weighted,,,,,,,1.54276647681041,0.929973301874258,0.0015012205044751,0.0036049682394963,0.0,0.0,,,,,7.35805126118796,0.604735187466878,112.123132628153,8.08973360036194,0.799170056956875,0.186518239271966,,,,,,,,,,,,,,,,,,,,,,,,,,,,,,,,,2016.0,1994-03-01,,,,7
Cooper Kupp,LAR,WR,13164,weighted,,,,,,,2.87373067534581,2.82590335971438,0.0293368592351505,0.0495691623464413,0.0721826688364524,0.0336919186211286,,,,,7.09555736371033,0.579155807659795,94.5812896663954,9.59656396081157,0.591908055329536,0.302716893280645,,,,,,,,,,,,,,,,,,,,,,,,,,,,,,,,,2017.0,1993-06-15,,,,7
Stefon Diggs,BUF,WR,12186,weighted,,,,,,,0.0442636289666395,0.107089536047883,0.0,0.0,0.0549430431244915,0.0357466942391345,,,,,7.30694873881204,0.37448932355956,89.3084377542718,5.29525113552895,0.576655817737998,0.300588607329606,,,,,,,,,,,,,,,,,,,,,,,,,,,,,,,,,2015.0,1993-11-29,,,,7
A.J. Brown,PHI,WR,14104,weighted,,,,,,,0.0403824247355574,0.0628510661857166,0.0,0.0,0.0271257119609439,0.0331470222886459,,,,,5.86443043124491,0.221957485143308,91.4617982099268,3.51784096792461,0.442188771358828,0.19812541658867,,,,,,,,,,,,,,,,,,,,,,,,,,,,,,,,,2019.0,1997-06-30,,,,7
Keenan Allen,LAC,WR,11222,weighted,,,,,,,0.56720097640358,0.511260642569955,0.0030593978844589,0.0072739954131795,0.0,0.0,,,,,7.15926769731489,0.406163325995654,82.1516924328723,6.75046330274697,0.390439381611066,0.182783187440954,,,,,,,,,,,,,,,,,,,,,,,,,,,,,,,,,2013.0,1992-04-27,,,,7
D.J. Moore,CHI,WR,13635,weighted,,,,,,,0.521350691619203,0.526819510192843,0.0,0.0,0.0,0.0,,,,,4.8120016273393,0.256059464160704,68.4696297803092,8.91803622161796,0.371537835638731,0.211133896913148,,,,,,,,,,,,,,,,,,,,,,,,,,,,,,,,,2018.0,1997-04-14,,,,7
Brandon Aiyuk,SF,WR,14840,weighted,,,,,,,0.858673718470301,1.78025303256129,0.0177651206943314,0.0356774076818309,0.0271257119609439,0.0331470222886459,,,,,5.33499593165175,0.421637825600189,79.7891253051261,5.28514261839063,0.499060211554109,0.309100320753879,,,,,,,,,,,,,,,,,,,,,,,,,,,,,,,,,2020.0,1970-01-01,,,,7
Amon-Ra St. Brown,DET,WR,15287,weighted,,,,,,,1.57570382424736,1.00241958616244,0.0015012205044751,0.0036049682394963,0.0549430431244915,0.0357466942391345,,,,,6.88850691619203,0.670326413249422,78.3454882017901,6.36791917041758,0.37186737184703,0.172854511789453,,,,,,,,,,,,,,,,,,,,,,,,,,,,,,,,,2021.0,1999-10-24,,,,7
Davante Adams,LVR,WR,11675,weighted,,,,,,,0.0137672904800651,0.0327329793593079,0.0,0.0,0.0,0.0,,,,,5.86714401952807,0.373371504801437,78.1635353946298,4.0959595325251,0.454641985353946,0.217902379510879,,,,,,,,,,,,,,,,,,,,,,,,,,,,,,,,,2014.0,1992-12-24,,,,7
Puka Nacua,LAR,WR,16211,weighted,,,,,,,1.01544751830757,0.618555358152032,0.0015012205044751,0.0036049682394963,0.0278173311635476,0.0336919186211286,,,0.01,0.0,5.72976810414971,0.611859997615649,73.0309397884459,6.14829083939586,0.313112286411717,0.148206116409574,,,,,,,,,,,,,,,,,,,,,,,,,,,,,,,,,2023.0,2001-05-29,,,,7
Jaylen Waddle,MIA,WR,15284,weighted,,,,,,,0.804458909682669,0.450345865797667,0.0015012205044751,0.0036049682394963,0.0,0.0,,,,,5.20349471114727,0.356606023061518,70.6388730675346,5.60990445220884,0.494951179820993,0.217599196797224,,,,,,,,,,,,,,,,,,,,,,,,,,,,,,,,,2021.0,1998-11-25,,,,7
Chris Olave,NO,WR,15754,weighted,,,,,,,0.0107078925956062,0.0254589839461284,0.0,0.0,0.0271257119609439,0.0331470222886459,,,,,4.98348250610252,0.139509610993094,70.1840764849471,3.44788158091534,0.291155410903173,0.13001521853108,,,,,,,,,,,,,,,,,,,,,,,,,,,,,,,,,2022.0,2000-06-27,,,,7
Mike Evans,TB,WR,11671,weighted,,,,,,,0.0373230268510985,0.0570751926434677,0.0,0.0,0.0,0.0,,,,,5.23543938161107,0.555535511802142,70.7640154597234,4.46829159809023,0.545821806346623,0.197225771479962,,,,,,,,,,,,,,,,,,,,,,,,,,,,,,,,,2014.0,1993-08-21,,,,7
Christian Watson,GB,WR,15789,weighted,,,,,,,3.61141171684296,1.27887108507126,0.0326240846216436,0.045854744607357,0.0,0.0,,,,,4.14686737184703,0.996723372929204,59.5023637103336,8.49024996851187,0.449837266069976,0.277395055181428,,,,,,,,,,,,,,,,,,,,,,,,,,,,,,,,,2022.0,1999-05-12,,,,7
DK Metcalf,SEA,WR,14102,weighted,,,,,,,0.0433604556550041,0.0473769278659518,0.0,0.0,0.0271257119609439,0.0331470222886459,,,,,4.99703010577705,0.55016843054363,64.448458096013,7.60088005284714,0.371729048006509,0.183212457960748,,,,,,,,,,,,,,,,,,,,,,,,,,,,,,,,,2019.0,1997-12-14,Q,Ribs,2023.0,7
Marquise Brown,ARI,WR,14105,weighted,,,,,,,0.633620829943043,0.708762789235001,0.0015296989422294,0.0036369977065897,0.0,0.0,,,,,5.17255085435313,0.527919158615091,61.8171806346623,6.81818650948647,0.352770545158666,0.17050884940915,,,,,,,,,,,,,,,,,,,,,,,,,,,,,,,,,2019.0,1997-06-04,,,,7
Amari Cooper,CLE,WR,12175,weighted,,,,,,,0.0214157851912124,0.0509179678922567,0.0,0.0,0.0,0.0,,,,,4.69681448331977,0.65833413637999,68.4201423921888,3.58457106566863,0.333775427176566,0.148381940685442,,,,,,,,,,,,,,,,,,,,,,,,,,,,,,,,,2015.0,1994-06-18,,,,7
Christian Kirk,JAC,WR,13633,weighted,,,,,,,1.00704231082181,0.610304518170515,0.0026484947111472,0.0047702920079274,0.0,0.0,,,,,5.64385272579333,0.744618631308952,64.0554515866558,5.27522428450001,0.299247355573637,0.134970510199098,,,,,,,,,,,,,,,,,,,,,,,,,,,,,,,,,2018.0,1996-11-18,,,,7
DeVonta Smith,PHI,WR,15282,weighted,,,,,,,0.0320423108218063,0.0488723192287995,0.0,0.0,0.0,0.0,,,,,4.92200569568755,0.611204173847791,63.4304231082181,6.70403461289329,0.347127746135069,0.156397566614405,,,,,,,,,,,,,,,,,,,,,,,,,,,,,,,,,2021.0,1998-11-14,,,,7
Terry McLaurin,WAS,WR,14109,weighted,,,,,,,0.34960130187144,0.390586115263661,0.0,0.0,0.0,0.0,,,,,4.79100895036615,0.298338403282766,66.0834825061025,4.49752565711487,0.255968266883645,0.131194459002464,,,,,,,,,,,,,,,,,,,,,,,,,,,,,,,,,2019.0,1995-09-15,,,,7
Chris Godwin,TB,WR,13163,weighted,,,,,,,0.290561432058584,0.341055667845342,0.0,0.0,0.0549430431244915,0.0357466942391345,,,,,5.63828315703824,0.396442812742244,60.9497518307567,7.10206442668842,0.269161920260374,0.120831423176254,,,,,,,,,,,,,,,,,,,,,,,,,,,,,,,,,2017.0,1996-02-27,,,,7
Calvin Ridley,JAC,WR,13629,weighted,,,,,,,1.63685923515053,1.03402262539106,0.0015012205044751,0.0036049682394963,0.0,0.0,,,,,5.08226606997559,0.417302443242497,63.5980065093572,1.95101217386397,0.338515052888527,0.14453237005409,,,,,,,,,,,,,,,,,,,,,,,,,,,,,,,,,2018.0,1994-12-20,,,,7
Michael Pittman,IND,WR,14842,weighted,,,,,,,0.466899918633035,0.435372388491616,0.0015296989422294,0.0036369977065897,0.0,0.0,,,,,5.48486574450773,0.74873220784461,59.9613751017087,5.27790954143483,0.231781936533767,0.106299131370398,,,,,,,,,,,,,,,,,,,,,,,,,,,,,,,,,2020.0,1997-10-05,,,,7
Tyler Lockett,SEA,WR,12187,weighted,,,,,,,0.0296745321399512,0.0445965433966454,0.0,0.0,0.0,0.0,,,,,4.87725386493084,0.161805678275736,61.4134662327095,4.42200625540192,0.390988608624898,0.171588335257696,,,,,,,,,,,,,,,,,,,,,,,,,,,,,,,,,2015.0,1992-09-28,,,,7
George Pickens,PIT,WR,15762,weighted,,,,,,,1.31727013832384,0.777505625282528,0.0015012205044751,0.0036049682394963,0.0,0.0,,,,,3.9983360455655,0.516886869001813,61.2338649308381,4.98799313025315,0.28073230268511,0.135216839342566,,,,,,,,,,,,,,,,,,,,,,,,,,,,,,,,,2022.0,2001-03-04,,,,7
Zay Flowers,BAL,WR,16190,weighted,,,,,,,2.93875508543531,1.45639804937914,0.0026484947111472,0.0047702920079274,0.0278173311635476,0.0336919186211286,,,,,5.3293246541904,0.617102941340565,60.2369772172498,5.45253099589668,0.272973962571196,0.120337519862801,,,,,,,,,,,,,,,,,,,,,,,,,,,,,,,,,2023.0,2000-09-11,,,,7
Jordan Addison,MIN,WR,16186,weighted,,,,,,,0.0578193653376729,0.0871402411877923,0.0,0.0,0.0278173311635476,0.0336919186211286,,,,,4.55742066720911,0.393608224814662,59.6871521562246,4.77022263511762,0.30993083807974,0.150887050007303,,,,,,,,,,,,,,,,,,,,,,,,,,,,,,,,,2023.0,2002-01-27,,,,7
Jakobi Meyers,LVR,WR,14127,weighted,,,,,,,0.708226200162734,0.560735515453609,0.0015012205044751,0.0036049682394963,0.0278173311635476,0.0336919186211286,,,,,5.17746135069162,0.437368479322423,60.9379007323027,3.10996040150986,0.371427990235964,0.188456278199209,,,,,,,,,,,,,,,,,,,,,,,,,,,,,,,,,2019.0,1996-11-09,,,,7
Courtland Sutton,DEN,WR,13630,weighted,,,,,,,0.0403824247355574,0.0628510661857166,0.0,0.0,0.0827603742880391,0.0610509457108886,,,,,4.20080960130187,0.572148808603806,53.0799796582587,5.98411394274255,0.306480878763222,0.137000177379145,,,,,,,,,,,,,,,,,,,,,,,,,,,,,,,,,2018.0,1995-10-10,,,,7
Jerry Jeudy,DEN,WR,14833,weighted,,,,,,,0.543515052888527,0.495603713074398,0.0015296989422294,0.0036369977065897,0.0,0.0,,,,,4.15531733116355,0.428422368691911,55.6584865744508,4.77930525390834,0.237843775427177,0.113481251080744,,,,,,,,,,,,,,,,,,,,,,,,,,,,,,,,,2020.0,1999-04-24,,,,7
Diontae Johnson,PIT,WR,14208,weighted,,,,,,,1.0539869812856,0.585662635500985,0.0026484947111472,0.0047702920079274,0.0271257119609439,0.0331470222886459,,,,,4.35008950366151,0.528640585333511,52.2949104963385,6.67895012400396,0.202546786004882,0.0944343858297296,,,,,,,,,,,,,,,,,,,,,,,,,,,,,,,,,2019.0,,,,,7
Drake London,ATL,WR,15751,weighted,,,,,,,0.158275020341741,0.360426917906188,0.0,0.0,0.0549430431244915,0.0357466942391345,,,,,4.56251423921888,0.40304050607123,56.0621155410903,5.05620228203426,0.258706265256306,0.115756038175893,,,,,,,,,,,,,,,,,,,,,,,,,,,,,,,,,2022.0,2001-07-24,,,,7
Gabriel Davis,BUF,WR,14845,weighted,,,,,,,0.240459723352319,0.402598995788228,0.0,0.0,0.0549430431244915,0.0357466942391345,,,,,3.46146053702197,0.314579786473228,53.6003905614321,5.51389209871964,0.374548413344182,0.190980144045929,,,,,,,,,,,,,,,,,,,,,,,,,,,,,,,,,2020.0,1970-01-01,,,,7
Michael Thomas,NO,WR,12652,weighted,,,,,,,0.0250854353132628,0.0393075333637023,0.0,0.0,0.0,0.0,,,,,4.59812855980472,0.370744527340914,53.9655085435313,3.09093793068506,0.205219690805533,0.115926471779139,,,,,,,,,,,,,,,,,,,,,,,,,,,,,,,,,2016.0,1994-08-16,,,,7
Josh Palmer,LAC,WR,15319,weighted,,,,,,,0.094353132628153,0.104929086967333,0.0,0.0,0.0549430431244915,0.0357466942391345,,,,,4.32355166802278,0.363341309034233,52.716460537022,3.96582549845682,0.212636289666395,0.114952327943047,,,,,,,,,,,,,,,,,,,,,,,,,,,,,,,,,2021.0,1999-09-22,,,,7
Kendrick Bourne,NE,WR,13418,weighted,,,,,,,1.03078925956062,1.0828924136604,0.0015296989422294,0.0036369977065897,0.0,0.0,,,,,4.30317331163548,0.532802580330269,48.9360170870626,6.05508527399677,0.188759153783564,0.106652184423501,,,,,,,,,,,,,,,,,,,,,,,,,,,,,,,,,2017.0,1995-08-04,,,,7
K.J. Osborn,MIN,WR,14977,weighted,,,,,,,0.117217249796583,0.110632961564988,0.0,0.0,0.0,0.0,,,,,4.20390968266884,0.553655502283992,50.7990642799024,3.71962742239623,0.269894222945484,0.145540941234846,,,,,,,,,,,,,,,,,,,,,,,,,,,,,,,,,2020.0,1997-06-10,,,,7
Rashee Rice,KC,WR,16194,weighted,,,,,,,0.332912937347437,0.39080927359636,0.0177651206943314,0.0356774076818309,0.0278173311635476,0.0336919186211286,,,,,3.57213995117982,0.500940933556017,45.9226688364524,5.9666906071649,0.265793327908869,0.144837049947168,,,,,,,,,,,,,,,,,,,,,,,,,,,,,,,,,2023.0,2000-04-22,,,,7
Jayden Reed,GB,WR,16184,weighted,,,,,,,0.835923515052888,0.825369896591282,0.0015012205044751,0.0036049682394963,0.0278173311635476,0.0336919186211286,,,0.01,0.0,3.06869406021155,0.531854019015899,41.3346013018714,7.28137513484637,0.237872253864931,0.117271044746663,,,,,,,,,,,,,,,,,,,,,,,,,,,,,,,,,2023.0,2000-04-28,,,,7
Demario Douglas,NE,WR,16342,weighted,,,,,,,0.720367965367965,0.743811657089404,0.0018462401795735,0.0039322325400338,0.0283309283309283,0.0371361153447501,,,,,2.02122655122655,1.31254873036489,24.8156565656566,17.4441468408756,0.0908369408369408,0.114020530733415,,,,,,,,,,,,,,,,,,,,,,,,,,,,,,,,,2023.0,2000-12-08,Q,Concussion,2023.0,7
Josh Downs,IND,WR,16187,weighted,,,,,,,0.116379170056957,0.134366416571804,0.0,0.0,0.0278173311635476,0.0336919186211286,,,,,3.76727420667209,0.289213250081566,44.0379576891782,5.94506915270238,0.178555736371033,0.0766549054016781,,,,,,,,,,,,,,,,,,,,,,,,,,,,,,,,,2023.0,2001-08-12,,,,7
Rashid Shaheed,NO,WR,16080,weighted,,,,,,,4.31658665581774,1.94970404186937,0.0053254678600488,0.0110884765451861,0.0278173311635476,0.0336919186211286,,,0.01,0.0,2.52135475996745,0.416499814487681,40.4079536208299,7.23916298632363,0.196737184703011,0.102547214429559,,,,,,,,,,,,,,,,,,,,,,,,,,,,,,,,,2022.0,1998-08-31,,,,7
Elijah Moore,CLE,WR,15288,weighted,,,,,,,4.40032546786005,3.46819963308179,0.0160048820179007,0.036416958044864,0.0462367778681855,0.0396417424090329,,,,,3.46788852725793,0.590846207988634,39.506704637917,7.38918214640728,0.157221318144833,0.076350822917965,,,,,,,,,,,,,,,,,,,,,,,,,,,,,,,,,2021.0,2000-03-27,,,,7
Josh Reynolds,DET,WR,13168,weighted,,,,,,,0.0229454841334418,0.0545549655988465,0.0,0.0,0.0,0.0,,,,,3.11043124491456,0.477520421322029,43.1474003254679,7.20131775676151,0.236851098454028,0.119183099444399,,,,,,,,,,,,,,,,,,,,,,,,,,,,,,,,,2017.0,1995-02-16,,,,7
Darius Slayton,NYG,WR,14122,weighted,,,,,,,-0.021106590724166,0.0827189862494493,0.0,0.0,0.0,0.0,,,,,2.78513425549227,0.431395086018693,41.1441131000814,4.18207027960814,0.140691619202604,0.0747112551776692,,,,,,,,,,,,,,,,,,,,,,,,,,,,,,,,,2019.0,1997-01-12,,,,7
Kalif Raymond,DET,WR,13066,weighted,,,,,,,2.41617982099268,1.42570702693833,0.0026484947111472,0.0047702920079274,0.0,0.0,,,0.01,0.0,2.1036818551668,0.914526018017937,25.6055248169243,12.4323042085535,0.106692432872254,0.0709346801043522,,,,,,,,,,,,,,,,,,,,,,,,,,,,,,,,,2016.0,1994-08-08,,,,7
Romeo Doubs,GB,WR,15779,weighted,,,,,,,0.212115541090317,0.353127821615086,0.0,0.0,0.0,0.0,,,,,3.8693409275834,0.374635572424761,46.0087754271766,2.49949148340312,0.313157038242474,0.151626429466179,,,,,,,,,,,,,,,,,,,,,,,,,,,,,,,,,2022.0,2000-04-13,,,,7
Jauan Jennings,SF,WR,14860,weighted,,,,,,,0.300427430718647,0.417536677614837,0.0,0.0,0.0,0.0,,,,,2.66604978863316,0.525546945672775,34.9950211366839,8.00688876495608,0.174762799436355,0.0640238978669451,,,,,,,,,,,,,,,,,,,,,,,,,,,,,,,,,2020.0,1997-07-10,,,,7
Michael Wilson,ARI,WR,16206,weighted,,,,,,,0.148502847843775,0.191318546742357,0.0,0.0,0.0,0.0,,,,,2.6296867371847,0.475424052004571,35.5440480065094,8.37155330198466,0.189580960130187,0.11744140742676,,,,,,,,,,,,,,,,,,,,,,,,,,,,,,,,,2023.0,2000-02-23,,,,7
Jameson Williams,DET,WR,15756,weighted,,,,,,,0.872371847030106,0.737142068443439,0.0,0.0,0.0271257119609439,0.0331470222886459,,,,,2.04382424735557,0.60134052003037,27.7821969080553,10.5262485682405,0.113856794141579,0.0682217760655035,,,,,,,,,,,,,,,,,,,,,,,,,,,,,,,,,2022.0,2001-03-26,,,,7
Wan'Dale Robinson,NYG,WR,15757,weighted,,,,,,,2.83765663140765,2.66697951661738,0.0026484947111472,0.0047702920079274,0.0,0.0,,,,,3.95975996745321,0.544539515425552,39.841867371847,4.3979853191186,0.149357200976404,0.0989479946902744,,,,,,,,,,,,,,,,,,,,,,,,,,,,,,,,,2022.0,2001-01-05,,,,7
Curtis Samuel,WAS,WR,13157,weighted,,,,,,,5.165016273393,1.58478791044438,0.0325671277461351,0.0458730259855577,0.0,0.0,,,,,3.73746135069162,0.317597864432634,41.7366761594793,3.52616959174847,0.211236777868186,0.10149580384835,,,,,,,,,,,,,,,,,,,,,,,,,,,,,,,,,2017.0,1996-08-11,,,,7
Odell Beckham,BAL,WR,11679,weighted,,,,,,,0.150642799023596,0.184376254796532,0.0,0.0,0.0,0.0,,,,,2.46324654190399,0.469643647131923,30.4228193653377,7.04268244114304,0.158612693246542,0.106312939124716,,,,,,,,,,,,,,,,,,,,,,,,,,,,,,,,,2014.0,1992-11-05,,,,7
Jaxon Smith-Njigba,SEA,WR,16185,weighted,,,,,,,0.181057770545159,0.197153918515306,0.0,0.0,0.0278173311635476,0.0336919186211286,,,,,3.39207485760781,0.354249231872426,39.0673555736371,2.54790011603748,0.161204231082181,0.107997487273738,,,,,,,,,,,,,,,,,,,,,,,,,,,,,,,,,2023.0,2002-02-14,,,,7
Tutu Atwell,LAR,WR,15301,weighted,,,,,,,3.64209926769731,2.02048181508009,0.0186004882017901,0.0356970699352781,0.0,0.0,,,,,2.92060618388934,0.132143929365889,37.7770463791701,2.84314938160401,0.227823433685924,0.119809455762943,,,,,,,,,,,,,,,,,,,,,,,,,,,,,,,,,2021.0,1999-10-07,,,,7
DeVante Parker,NE,WR,12176,weighted,,,,,,,0.0107078925956062,0.0254589839461284,0.0,0.0,0.0,0.0,,,,,2.90945890968267,0.0921028897658124,37.2520626525631,2.61709264674337,0.160687550854353,0.0819926133768085,,,,,,,,,,,,,,,,,,,,,,,,,,,,,,,,,2015.0,1993-01-20,,,,7
Kadarius Toney,KC,WR,15289,weighted,,,,,,,4.72313262815297,1.38698705271043,0.0209224305800886,0.0367053541270339,0.0021765663140764,0.0034735417802985,,,,,3.38164361269325,0.508442295057482,33.658653376729,3.72684805693074,0.200528885272579,0.0971980949529883,,,,,,,,,,,,,,,,,,,,,,,,,,,,,,,,,2021.0,1970-01-01,,,,7
Darnell Mooney,CHI,WR,14974,weighted,,,,,,,0.154312449145647,0.194368106393809,0.0,0.0,0.0,0.0,,,,,2.61725793327909,0.356045067100518,34.8652644426363,3.73785498097129,0.151375101708706,0.0823802751959021,,,,,,,,,,,,,,,,,,,,,,,,,,,,,,,,,2020.0,1997-10-29,,,,7
JuJu Smith-Schuster,NE,WR,13156,weighted,,,,,,,0.346288515406162,0.432170396537852,0.0,0.0,0.0286589635854342,0.0464740323983792,,,,,2.37258403361345,1.41880045670272,22.0816701680672,12.6985814085777,0.0806558165368078,0.0863460563946815,,,,,,,,,,,,,,,,,,,,,,,,,,,,,,,,,2017.0,1996-11-22,Q,Concussion,2023.0,7
Brandon Powell,MIN,WR,13910,weighted,,,,,,,2.39017087062653,1.42893235754835,0.0066639544344995,0.0146185511921026,0.0556346623270952,0.0673838372422573,,,,,2.88352318958503,0.606905748965314,29.279820992677,5.12376654799627,0.138490642799024,0.0736842504993502,,,,,,,,,,,,,,,,,,,,,,,,,,,,,,,,,2018.0,1970-01-01,,,,7
Rondale Moore,ARI,WR,15283,weighted,,,,,,,10.2396582587469,2.21829798725807,0.0606590724165989,0.0465971763409445,0.0021765663140764,0.0034735417802985,,,,,3.29072009764036,0.417145030466183,29.0426891781936,4.24973762966908,0.089206672091131,0.039769533976231,,,,,,,,,,,,,,,,,,,,,,,,,,,,,,,,,2021.0,1970-01-01,,,,7
Isaiah Hodgins,NYG,WR,14849,weighted,,,,,,,-0.0091780178487552,0.0452037286322441,0.0,0.0,0.0557069046500705,0.0388968704325426,,,,,1.6085157350869,1.02146744001808,19.8510333489901,11.0763581237858,0.18025364020667,0.165976706779601,,,,,,,,,,,,,,,,,,,,,,,,,,,,,,,,,2020.0,1970-01-01,,,,7
Jahan Dotson,WAS,WR,15755,weighted,,,,,,,0.167583401139138,0.374336814194935,0.0,0.0,0.0,0.0,,,,,2.70478437754272,0.417959173646067,33.273523189585,4.8301852562413,0.187786818551668,0.105537247955812,,,,,,,,,,,,,,,,,,,,,,,,,,,,,,,,,2022.0,2000-03-22,,,,7
Mack Hollins,ATL,WR,13289,weighted,,,,,,,0.394283701268201,0.401024234859183,0.0,0.0,0.0,0.0,,,,,1.93676373884453,0.574847687476008,25.1215969938938,7.44151905255536,0.11246124941287,0.0471791488028489,,,,,,,,,,,,,,,,,,,,,,,,,,,,,,,,,2017.0,1993-09-16,,,,7
Rashod Bateman,BAL,WR,15293,weighted,,,,,,,-0.0227827502034174,0.0779459066374045,0.0,0.0,0.0271257119609439,0.0331470222886459,,,,,2.17432872253865,0.396858168329874,25.7354149715216,4.96337723909465,0.0971806346623271,0.045591580136817,,,,,,,,,,,,,,,,,,,,,,,,,,,,,,,,,2021.0,1999-11-29,,,,7
Julio Jones,PHI,WR,10271,weighted,,,,,,,0.872887073863636,0.793621235347719,0.0058416193181818,0.0093469311518885,0.0,0.0,,,,,1.6584765625,0.8753346625328,19.5548188920455,10.0691018300068,0.120617709153325,0.0616833907281044,,,,,,,,,,,,,,,,,,,,,,,,,,,,,,,,,2011.0,1989-02-03,,,,7
Quentin Johnston,LAC,WR,16188,weighted,,,,,,,0.0889821822768843,0.131974872778462,0.0,0.0,0.0,0.0,,,,,2.00095080416272,0.535444579051856,22.8313765373699,6.43750944635995,0.088519394512772,0.0772833693965732,,,,,,,,,,,,,,,,,,,,,,,,,,,,,,,,,2023.0,2001-09-06,,,,7
Skyy Moore,KC,WR,15766,weighted,,,,,,,1.95605777054516,1.07408724185376,0.0015012205044751,0.0036049682394963,0.0278173311635476,0.0336919186211286,,,0.01,0.0,2.2323555736371,0.400750626122111,28.2228681855167,3.42103708107306,0.153376729048007,0.075195749660196,,,,,,,,,,,,,,,,,,,,,,,,,,,,,,,,,2022.0,2000-09-10,,,,7
Donovan Peoples-Jones,CLE,WR,14857,weighted,,,,,,,0.164393816110659,0.358638660902023,0.0,0.0,0.0,0.0,,,0.01,0.0,2.05555736371033,0.249822576875493,29.0513669650122,2.22042032370055,0.103930024410089,0.0569947756521789,,,,,,,,,,,,,,,,,,,,,,,,,,,,,,,,,2020.0,1970-01-01,,,,7
Cedrick Wilson,MIA,WR,13652,weighted,,,,,,,0.103304473304473,0.196885217682449,0.0,0.0,0.0,0.0,,,,,1.24271284271284,0.662544498351111,16.51367003367,9.0581319168387,0.0574699374699375,0.0457358245015371,,,,,,,,,,,,,,,,,,,,,,,,,,,,,,,,,2018.0,,,,,7
Marquez Valdes-Scantling,KC,WR,13793,weighted,,,,,,,0.024833197721725,0.0779655593819991,0.0,0.0,0.0,0.0,,,,,1.64542717656631,0.372769843122809,26.5390886899919,3.63426885946277,0.139381611065907,0.0744039807910512,,,,,,,,,,,,,,,,,,,,,,,,,,,,,,,,,2018.0,1994-10-10,,,,7
Calvin Austin III,PIT,WR,15777,weighted,,,,,,,1.13780716029292,0.738408793791847,0.0026484947111472,0.0047702920079274,0.0278173311635476,0.0336919186211286,,,0.01,0.0,1.46929617575264,0.49481487029921,18.1349552481692,7.28124533459898,0.0746216436126933,0.0488029532081467,,,,,,,,,,,,,,,,,,,,,,,,,,,,,,,,,2022.0,1999-03-24,,,,7
Marvin Mims,DEN,WR,16189,weighted,,,,,,,1.71849064279902,1.50101343964813,0.0026769731489015,0.007361921283366,0.0556346623270952,0.0673838372422573,,,0.01,0.0,1.50886899918633,0.448834429578237,22.6849104963385,6.95251768331298,0.121525630593979,0.0931847850528617,,,,,,,,,,,,,,,,,,,,,,,,,,,,,,,,,2023.0,2002-03-19,,,,7
Nelson Agholor,BAL,WR,12181,weighted,,,,,,,0.0425223759153784,0.0736791925493822,0.0,0.0,0.0,0.0,,,,,1.94876729048007,0.350741791607211,25.6691090317331,3.71745067573045,0.113767290480065,0.0634106262511801,,,,,,,,,,,,,,,,,,,,,,,,,,,,,,,,,2015.0,1993-05-24,,,,7
Alec Pierce,IND,WR,15768,weighted,,,,,,,0.0747762408462164,0.125015595150764,0.0,0.0,0.0,0.0,,,,,1.77842554922701,0.430297228546657,22.5157892595606,6.45216696263146,0.0793083807973963,0.0917906593124539,,,,,,,,,,,,,,,,,,,,,,,,,,,,,,,,,2022.0,2000-05-02,Q,Shoulder,2023.0,7
Jalin Hyatt,NYG,WR,16183,weighted,,,,,,,0.0819853539462978,0.146391924207182,0.0,0.0,0.0,0.0,,,,,1.54224572823434,0.439549087325678,21.340211554109,7.18444890030093,0.0720585842148088,0.0490618428587798,,,,,,,,,,,,,,,,,,,,,,,,,,,,,,,,,2023.0,2001-09-25,,,,7
Parris Campbell,NYG,WR,14112,weighted,,,,,,,0.555180836073274,0.81207666690253,0.0,0.0,0.0,0.0,,,,,1.36263973696571,1.14024910530049,13.483701268201,9.72261144662047,0.0462564584311883,0.0474642342544017,,,,,,,,,,,,,,,,,,,,,,,,,,,,,,,,,2019.0,1997-07-16,,,,7
Allen Robinson,PIT,WR,11678,weighted,,,,,,,0.190219690805533,0.350142629633313,0.0,0.0,0.0,0.0,,,,,2.43304312449146,0.396636752436243,23.3657200976404,4.20383409807038,0.11199755899105,0.0852149118337263,,,,,,,,,,,,,,,,,,,,,,,,,,,,,,,,,2014.0,1993-08-24,,,,7
Trey Palmer,TB,WR,16199,weighted,,,,,,,0.077526444263629,0.0809879249896468,0.0,0.0,0.0,0.0,,,,,2.08117168429618,0.0808123818425851,24.569772172498,1.89929357191629,0.143230268510985,0.0723790407656796,,,,,,,,,,,,,,,,,,,,,,,,,,,,,,,,,2023.0,2001-04-02,,,,7
Braxton Berrios,MIA,WR,13638,weighted,,,,,,,1.24427176566314,1.82222955835689,0.0159072416598861,0.0370383827497352,0.0,0.0,,,0.01,0.0,2.16008543531326,0.232936871025652,22.8476403580146,2.23280996965514,0.113909682668836,0.0619051135831022,,,,,,,,,,,,,,,,,,,,,,,,,,,,,,,,,2018.0,1995-10-06,,,,7
Deonte Harris,BUF,WR,14558,weighted,,,,,,,2.29103742880391,2.80636533487124,0.0026769731489015,0.007361921283366,0.0,0.0,,,0.02,0.0,1.71480065093572,0.420857696223013,18.6501708706265,5.36525174646341,0.0958991049633849,0.0439631992210801,,,,,,,,,,,,,,,,,,,,,,,,,,,,,,,,,2019.0,1970-01-01,,,,7
Olamide Zaccheaus,PHI,WR,14592,weighted,,,,,,,0.0494452461119128,0.077862554990998,0.0,0.0,0.0,0.0,,,,,1.27159211159211,0.399787550374696,16.922000962001,4.42255037304981,0.109389129389129,0.10040405194073,,,,,,,,,,,,,,,,,,,,,,,,,,,,,,,,,2019.0,1997-07-23,,,,7
Tyler Scott,CHI,WR,16205,weighted,,,,,,,1.79501220504475,0.946502412710986,0.0026484947111472,0.0047702920079274,0.0,0.0,,,,,1.32277461350692,0.419830778306651,15.1126566314076,5.09697961080983,0.0540195280716029,0.0538109863563186,,,,,,,,,,,,,,,,,,,,,,,,,,,,,,,,,2023.0,2001-10-12,,,,7
Tyquan Thornton,NE,WR,15787,weighted,,,,,,,0.643344748858448,0.481428582846203,0.0,0.0,0.0,0.0,,,,,1.6349200913242,0.397193551260334,18.1954223744292,3.59890236924417,0.075587899543379,0.0426544934756881,,,,,,,,,,,,,,,,,,,,,,,,,,,,,,,,,2022.0,2000-08-07,,,,7
Hunter Renfrow,LVR,WR,14123,weighted,,,,,,,0.0092156862745098,0.0217112640589314,0.0,0.0,0.0,0.0,,,,,1.15552941176471,0.686205818961154,12.4984257703081,6.81559695021219,0.038515406162465,0.048989118332912,,,,,,,,,,,,,,,,,,,,,,,,,,,,,,,,,2019.0,1970-01-01,,,,7
Tre Tucker,LVR,WR,16287,weighted,,,,,,,3.42726310726311,1.66678424720563,0.0046801346801346,0.0081977258035897,0.0,0.0,,,,,0.718585858585858,0.460945581828702,9.61968734968735,7.19999398312128,0.0528234728234728,0.0457537471625378,,,,,,,,,,,,,,,,,,,,,,,,,,,,,,,,,2023.0,2001-03-08,,,,7
Brandon Johnson,DEN,WR,15987,weighted,,,,,,,0.0769161920260374,0.0912821247378758,0.0,0.0,0.0,0.0,,,,,1.44128152969894,0.377404422803089,17.4050528885273,3.19308144243556,0.125296989422295,0.0928188622486948,,,,,,,,,,,,,,,,,,,,,,,,,,,,,,,,,2022.0,1998-07-26,,,,7
Deven Thompkins,TB,WR,15977,weighted,,,,,,,3.32025493025493,0.861693161145329,0.0047138047138047,0.0082484656657826,0.0283309283309283,0.0371361153447501,,,0.01,0.0,1.77427128427128,0.308031786756864,17.651746031746,4.93266564021839,0.0825589225589226,0.0404009986888054,,,,,,,,,,,,,,,,,,,,,,,,,,,,,,,,,2022.0,1999-12-23,,,,7
Van Jefferson,ATL,WR,14858,weighted,,,,,,,0.254868571428571,0.419228804642825,0.0,0.0,0.0,0.0,,,,,1.14722857142857,0.453714113239377,15.4503942857143,5.8736949449503,0.087,0.0192207524912424,,,,,,,,,,,,,,,,,,,,,,,,,,,,,,,,,2020.0,1970-01-01,,,,7
Jamal Agnew,JAC,WR,13308,weighted,,,,,,,1.31694117647059,0.886133239848851,0.0021725490196078,0.0041986851423996,0.0375536881419234,0.036509020498295,,,0.07,1.5541571539397e-17,1.43222408963585,0.517707760401276,14.8091932773109,5.46385486935323,0.103770308123249,0.055256928460131,,,,,,,,,,,,,,,,,,,,,,,,,,,,,,,,,2017.0,,,,,7
Greg Dortch,ARI,WR,14108,weighted,,,,,,,1.24995850144092,0.286416361868192,0.0026264762902803,0.0040749394299805,0.0,0.0,,,0.02,0.0,1.05551585014409,0.819550161006326,11.645060518732,6.40223441084225,0.0374870317002882,0.0467581564255567,,,,,,,,,,,,,,,,,,,,,,,,,,,,,,,,,2019.0,1998-05-29,,,,7
Mecole Hardman,KC,WR,14113,weighted,,,,,,,2.00204,1.34025986954435,0.0233771428571429,0.0427363916379376,0.0289571428571429,0.0412928891621357,,,,,1.18072571428571,0.307836877183302,14.7783885714286,4.41201732839485,0.10356,0.0278054452624741,,,,,,,,,,,,,,,,,,,,,,,,,,,,,,,,,2019.0,1970-01-01,,,,7
Jake Bobo,SEA,WR,16393,weighted,,,,,,,0.235671277461351,0.356170173698661,0.0,0.0,0.0,0.0,,,,,0.978779495524817,0.2042267010376,12.1628803905614,3.2236989974405,0.0780227827502034,0.0676638519519682,,,,,,,,,,,,,,,,,,,,,,,,,,,,,,,,,2023.0,1998-08-04,,,,7
Trent Sherfield,BUF,WR,13893,weighted,,,,,,,0.251987333654,0.369001177263036,0.0,0.0,0.0275132275132275,0.0365467395697309,,,,,1.27418951418951,0.654469717046541,13.2940115440115,6.01674313642214,0.074983164983165,0.0532054541087117,,,,,,,,,,,,,,,,,,,,,,,,,,,,,,,,,2018.0,1996-02-26,,,,7
Justyn Ross,KC,WR,15763,weighted,,,,,,,0.168658810325477,0.22127223896999,0.0,0.0,0.0,0.0,,,,,0.717585377585378,0.260734196770701,10.7275805675806,4.69732305469154,0.0543722943722944,0.0454023377606488,,,,,,,,,,,,,,,,,,,,,,,,,,,,,,,,,2022.0,1999-12-15,,,,7
Dyami Brown,WAS,WR,15292,weighted,,,,,,,0.0204795389048991,0.0384388167704117,0.0,0.0,0.0,0.0,,,,,1.04262247838617,0.143930725042314,15.6413544668588,0.81933639963879,0.0509337175792507,0.0463282468755508,,,,,,,,,,,,,,,,,,,,,,,,,,,,,,,,,2021.0,1999-11-01,,,,7
Ray-Ray McCloud,SF,WR,13641,weighted,,,,,,,3.98868011527378,1.84609948493875,0.0075446685878962,0.0128818567644675,0.0,0.0,,,0.01,0.0,1.16959077809798,0.12155075967764,14.8504726224784,2.08340870895909,0.0546051873198847,0.050381475877499,,,,,,,,,,,,,,,,,,,,,,,,,,,,,,,,,2018.0,1996-10-15,,,,7
Ronnie Bell,SF,WR,16202,weighted,,,,,,,0.160342857142857,0.204653442248742,0.0,0.0,0.0,0.0,,,,,0.6886,0.317621504019104,8.72651428571429,5.18134309806002,0.0626742857142857,0.0425914684245925,,,,,,,,,,,,,,,,,,,,,,,,,,,,,,,,,2023.0,2000-01-28,,,,7
Dontayvion Wicks,GB,WR,16195,weighted,,,,,,,0.133165784832451,0.0979070366192832,0.0,0.0,0.0,0.0,,,,,0.992515632515632,0.172319806766158,13.3115776815777,2.27204330028635,0.0763636363636364,0.0384081292948209,,,,,,,,,,,,,,,,,,,,,,,,,,,,,,,,,2023.0,2001-06-16,,,,7
Ben Skowronek,LAR,WR,15491,weighted,,,,,,,0.529468302658487,0.500786177402093,0.0,0.0,0.0,0.0,,,,,0.779049079754601,0.810719487483866,8.02565439672802,7.16977346926769,0.0133844580777096,0.0153238900089383,,,,,,,,,,,,,,,,,,,,,,,,,,,,,,,,,2021.0,1997-06-27,Q,Achilles,2023.0,7
Khalil Shakir,BUF,WR,15761,weighted,,,,,,,0.0076484947111472,0.0181849885329488,0.0,0.0,0.0,0.0,,,,,0.991993490642799,0.205887282108958,10.9942270138324,2.52805116173381,0.0626322213181448,0.0728743729073411,,,,,,,,,,,,,,,,,,,,,,,,,,,,,,,,,2022.0,2000-02-03,,,,7
KhaDarel Hodge,ATL,WR,13963,weighted,,,,,,,0.144035594035594,0.191879883019822,0.0,0.0,0.0,0.0,,,,,0.615882635882636,0.431142668001457,8.92451178451178,4.8061444941086,0.025974025974026,0.0394681651237043,,,,,,,,,,,,,,,,,,,,,,,,,,,,,,,,,2018.0,1994-01-03,,,,7
Marquise Goodwin,CLE,WR,11239,weighted,,,,,,,1.78892817059484,0.34734751370111,0.0054115520709083,0.0079523621613575,0.0,0.0,,,,,0.79001443001443,0.212014987915827,9.64852813852814,2.90878540169636,0.0463492063492063,0.045478946792105,,,,,,,,,,,,,,,,,,,,,,,,,,,,,,,,,2013.0,1990-11-19,,,,7
Samori Toure,GB,WR,15841,weighted,,,,,,,0.0619969742813918,0.0963636240864379,0.0,0.0,0.0,0.0,,,,,0.467798789712557,0.370473279704456,7.10520423600605,5.13061496457632,0.0408472012102874,0.0436582216497727,,,,,,,,,,,,,,,,,,,,,,,,,,,,,,,,,2022.0,1998-03-24,,,,7
Tim Jones,JAC,WR,16005,weighted,,,,,,,0.461897406340058,0.847329895604768,0.0,0.0,0.0376753121998079,0.0370244577659858,,,,,0.720438040345821,0.295451025362533,8.26089913544669,3.96906663418582,0.0130720461095101,0.0215120469105953,,,,,,,,,,,,,,,,,,,,,,,,,,,,,,,,,2021.0,1998-05-15,,,,7
Devin Duvernay,BAL,WR,14847,weighted,,,,,,,1.90167608069164,1.55032617580188,0.0068265129682997,0.0128129389234706,0.0,0.0,,,0.06,0.0,0.41314121037464,0.448931529269763,5.41935446685879,4.97206742982503,0.0263919308357349,0.0415653085238716,,,,,,,,,,,,,,,,,,,,,,,,,,,,,,,,,2020.0,1997-09-12,,,,7
Sterling Shepard,NYG,WR,12658,weighted,,,,,,,-0.0815166565717747,0.14113103436936,0.0,0.0,0.0,0.0,,,,,0.65396729254997,0.661617807332245,7.31058146577832,5.49549285154353,0.0287643852210781,0.0426501135122898,,,,,,,,,,,,,,,,,,,,,,,,,,,,,,,,,2016.0,,,,,7
Demarcus Robinson,LAR,WR,12785,weighted,,,,,,,0.0178138747884941,0.0203640429835845,0.0,0.0,0.0,0.0,,,,,0.927526226734348,0.600553303524457,8.39511336717428,4.06514754075281,0.0535887297800173,0.0400745022620844,,,,,,,,,,,,,,,,,,,,,,,,,,,,,,,,,2016.0,1994-09-21,,,,7
David Bell,CLE,WR,15758,weighted,,,,,,,0.0091020172910662,0.0170839185646274,0.0,0.0,0.0,0.0,,,,,0.987890489913545,0.312094968303279,9.4525590778098,2.48098592785572,0.0168242074927954,0.0264017600491143,,,,,,,,,,,,,,,,,,,,,,,,,,,,,,,,,2022.0,2000-12-14,,,,7
Isaiah McKenzie,IND,WR,13313,weighted,,,,,,,1.35518962536023,0.341579758845762,0.0065133892995865,0.0083757422607793,0.0,0.0,,,,,1.00668587896254,0.131265226815513,9.59201729106628,3.3208020190414,0.0547262247838617,0.0490387255944083,,,,,,,,,,,,,,,,,,,,,,,,,,,,,,,,,2017.0,1995-04-09,,,,7
Chase Claypool,MIA,WR,14841,weighted,,,,,,,1.71500503524673,2.09715839950395,0.0,0.0,0.0,0.0,,,,,0.734441087613293,0.34796462333108,9.40211480362538,3.80510054149402,0.0443705941591138,0.0517889933537791,,,,,,,,,,,,,,,,,,,,,,,,,,,,,,,,,2020.0,1970-01-01,,,,7
Zach Pascal,ARI,WR,13488,weighted,,,,,,,0.0475990059323393,0.0777286236832468,0.0,0.0,0.0,0.0,,,,,0.889413179413179,0.372390595227873,8.26808080808081,2.80591446413825,0.0243578643578644,0.0389912079952866,,,,,,,,,,,,,,,,,,,,,,,,,,,,,,,,,2017.0,1994-12-18,Q,Neck,2023.0,7
Robby Anderson,MIA,WR,12930,weighted,,,,,,,0.239634574841883,0.377795583517862,0.0,0.0,0.0,0.0,,,,,0.306971187631764,0.286504623830535,6.02782853127196,3.90494559555807,0.0286999297259311,0.0475014696030043,,,,,,,,,,,,,,,,,,,,,,,,,,,,,,,,,2016.0,1993-05-09,,,,7
DeAndre Carter,LVR,WR,12394,weighted,,,,,,,1.01974639769452,0.585290785965412,0.0022351585014409,0.0042383342850201,0.0,0.0,,,,,0.549371757925072,0.326465907944082,7.72723342939481,2.17778008935421,0.0150086455331412,0.021690241711382,,,,,,,,,,,,,,,,,,,,,,,,,,,,,,,,,2015.0,1993-04-10,,,,7
Kayshon Boutte,NE,WR,16193,weighted,,,,,,,0.130535055350554,0.146696452961809,0.0,0.0,0.0402829028290283,0.051175938727456,,,,,0.663127306273063,0.268715983911599,8.21820110701107,3.34877204433318,0.0151752767527675,0.0282757554822558,,,,,,,,,,,,,,,,,,,,,,,,,,,,,,,,,2023.0,2002-05-07,Q,Hamstring,2023.0,7
Derius Davis,LAC,WR,16299,weighted,,,,,,,2.97238040345821,0.720873367044625,0.0094409221902017,0.0170890116967664,0.0,0.0,,,,,0.815239193083573,0.12507264577537,7.47830547550432,1.14927035019439,0.016864553314121,0.0246125316314552,,,,,,,,,,,,,,,,,,,,,,,,,,,,,,,,,2023.0,2000-09-11,,,,7
Byron Pringle,WAS,WR,13863,weighted,,,,,,,0.0113775216138329,0.0213548982057843,0.0,0.0,0.0,0.0,,,,,0.294368876080692,0.214791693581118,5.3942939481268,1.88499758019931,0.0075446685878962,0.0128818567644675,,,,,,,,,,,,,,,,,,,,,,,,,,,,,,,,,2018.0,1970-01-01,,,,7
Velus Jones,CHI,WR,15767,weighted,,,,,,,3.54507204610951,2.19674194798229,0.0037925072046109,0.0087805125908569,0.0028342939481268,0.0040804347244486,,,,,0.57806916426513,0.230933338894563,6.03907204610951,0.855146611769314,0.013193083573487,0.0216658212785891,,,,,,,,,,,,,,,,,,,,,,,,,,,,,,,,,2022.0,1997-05-11,,,,7
Elijah Cooks,,WR,16453,weighted,,,,,,,0.278229854689564,0.127279220613579,0.0,0.0,0.0,0.0,,,,,0.44776750330251,0.240416305603426,5.15590488771466,2.53144227664784,0.0260766182298547,0.0424264068711929,,,,,,,,,,,,,,,,,,,,,,,,,,,,,,,,,2023.0,1998-10-13,,,,7
Austin Trammell,LAR,WR,16120,weighted,,,,,,,0.0828095238095238,0.0799250248190524,0.0,0.0,0.0,0.0,,,,,0.278214285714286,0.240087663845803,4.5507380952381,2.38245583450298,0.0251076172616257,0.0215286552445129,,,,,,,,,,,,,,,,,,,,,,,,,,,,,,,,,2021.0,1998-07-04,,,,7
Keelan Doss,LAC,WR,14317,weighted,,,,,,,0.15,,0.0,,0.0,,,,,,0.46,,6.12,,0.04,,,,,,,,,,,,,,,,,,,,,,,,,,,,,,,,,,2019.0,1970-01-01,,,,7
Lil'Jordan Humphrey,FA,WR,14118,weighted,,,,,,,0.04,,0.0,,0.0,,,,,,0.35,,6.0,,0.03,,,,,,,,,,,,,,,,,,,,,,,,,,,,,,,,,,2019.0,1998-04-19,,,,7
Montrell Washington,FA,WR,15900,weighted,,,,,,,0.0,,0.0,,0.0,,,,,,0.44,,5.87,,0.05,,,,,,,,,,,,,,,,,,,,,,,,,,,,,,,,,,2022.0,1998-03-14,,,,7
Cedric Tillman,CLE,WR,16191,weighted,,,,,,,0.114171757925072,0.143361404398381,0.0,0.0,0.0,0.0,,,,,0.219135446685879,0.182161975634793,3.67358501440922,1.97223889492986,0.0056484149855907,0.0088543123565524,,,,,,,,,,,,,,,,,,,,,,,,,,,,,,,,,2023.0,2000-04-19,,,,7
Rakim Jarrett,TB,WR,16198,weighted,,,,,,,0.210139481268012,0.254362709790697,0.0,0.0,0.0,0.0,,,,,0.281250720461095,0.190041297976175,3.28200576368876,1.45551593416193,0.0075446685878962,0.0128818567644675,,,,,,,,,,,,,,,,,,,,,,,,,,,,,,,,,2023.0,2001-01-24,,,,7
Jamison Crowder,WAS,WR,12184,weighted,,,,,,,0.118619047619048,0.119870033536526,0.0,0.0,0.0,0.0,,,0.01,2.12464788137759e-18,0.375380952380952,0.02212890077253,4.59504761904762,0.785807562434885,0.0131442448759578,0.0058777109144092,,,,,,,,,,,,,,,,,,,,,,,,,,,,,,,,,2015.0,1993-06-17,,,,7
Matthew Slater,NE,WR,9200,weighted,,,,,,,0.15,,0.0,,0.0,,,,,,0.05,,5.06,,0.01,,,,,,,,,,,,,,,,,,,,,,,,,,,,,,,,,,2008.0,1985-09-09,,,,7
N'Keal Harry,MIN,WR,14101,weighted,,,,,,,0.0,0.0,0.0,0.0,0.0,0.0,,,,,0.529230769230769,0.394351717106366,3.96259499536608,1.09797276120734,0.0059684893419833,0.0112591454852065,,,,,,,,,,,,,,,,,,,,,,,,,,,,,,,,,2019.0,1970-01-01,,,,7
Lynn Bowden,NO,WR,14843,weighted,,,,,,,0.437335788827502,0.174149544242764,0.0,0.0,0.0,0.0,,,,,0.248499079189687,0.212067678871489,3.48790976058932,1.35915854149848,0.0060589318600368,0.01130326117013,,,,,,,,,,,,,,,,,,,,,,,,,,,,,,,,,2020.0,1970-01-01,,,,7
Scott Miller,ATL,WR,14280,weighted,,,,,,,0.0136530259365994,0.0256258778469411,0.0,0.0,0.0,0.0,,,,,0.339371757925072,0.211272133691934,4.25787896253602,0.355125815600744,0.0075043227665706,0.010845120855691,,,,,,,,,,,,,,,,,,,,,,,,,,,,,,,,,2019.0,1970-01-01,,,,7
Cody Thompson,SEA,WR,14321,weighted,,,,,,,0.13,,0.0,,0.0,,,,,,0.19,,4.79,,0.02,,,,,,,,,,,,,,,,,,,,,,,,,,,,,,,,,,2019.0,1970-01-01,,,,7
Miles Boykin,PIT,WR,14125,weighted,,,,,,,0.0201840490797546,0.0347205964172135,0.0,0.0,0.0,0.0,,,,,0.262709611451943,0.100290887713216,2.97005112474438,1.44885850147452,0.013241308793456,0.0152298956023043,,,,,,,,,,,,,,,,,,,,,,,,,,,,,,,,,2019.0,1970-01-01,,,,7
Keith Kirkwood,NO,WR,13882,weighted,,,,,,,0.0125860749808722,0.0189569391188204,0.0,0.0,0.0,0.0,,,,,0.214904361132364,0.169566058854663,3.39286916602907,0.967202842098116,0.0074980872226472,0.0095990017985189,,,,,,,,,,,,,,,,,,,,,,,,,,,,,,,,,2018.0,1970-01-01,,,,7
Trent Taylor,CHI,WR,13316,weighted,,,,,,,0.28647619047619,0.295151873274357,0.0,0.0,0.0,0.0,,,,,0.121714285714286,0.19584900952615,3.15971428571429,0.863777882453486,0.0081660714285714,0.0104155239181334,,,,,,,,,,,,,,,,,,,,,,,,,,,,,,,,,2017.0,1994-04-30,,,,7
Easop Winston,FA,WR,15529,weighted,,,,,,,0.24,,0.0,,0.0,,,,,,0.24,,3.88,,0.02,,,,,,,,,,,,,,,,,,,,,,,,,,,,,,,,,,2020.0,1996-12-17,,,,7
Antoine Green,DET,WR,16349,weighted,,,,,,,0.11,,0.0,,0.0,,,,,,0.04,,1.46,,0.0,,,,,,,,,,,,,,,,,,,,,,,,,,,,,,,,,,2023.0,1999-11-15,,,,7
Travis Kelce,KC,TE,11244,weighted,,,,,,,0.0470707892595606,0.0573153687777629,0.0,0.0,0.0,0.0,,,,,6.75989829129373,0.513555218012276,74.8856346623271,5.57897458747842,0.76966639544345,0.17533440519197,,,,,,,,,,,,,,,,,,,,,,,,,,,,,,,,,2013.0,1989-10-05,,,,7
Mark Andrews,BAL,TE,13671,weighted,,,,,,,0.19426688364524,0.368010635573784,0.0018860862489829,0.0035729187919784,0.0,0.0,,,,,5.00717656631408,0.325559471839878,59.2891171684296,5.15926437296143,0.405707892595606,0.188186790780769,,,,,,,,,,,,,,,,,,,,,,,,,,,,,,,,,2018.0,1995-09-06,,,,7
T.J. Hockenson,MIN,TE,14138,weighted,,,,,,,0.022633034987795,0.0428750255037419,0.0,0.0,0.0549430431244915,0.0357466942391345,,,,,5.86689585028478,0.601863800852821,59.5841822620016,1.88837850972686,0.292554922701383,0.157227518670083,,,,,,,,,,,,,,,,,,,,,,,,,,,,,,,,,2019.0,1997-07-03,,,,7
George Kittle,SF,TE,13299,weighted,,,,,,,0.0999625711960944,0.18936469597486,0.0018860862489829,0.0035729187919784,0.0,0.0,,,,,3.9946704637917,0.638407359971938,49.2604312449146,6.25718082268535,0.358482506102522,0.156991888414737,,,,,,,,,,,,,,,,,,,,,,,,,,,,,,,,,2017.0,1993-10-09,,,,7
Dallas Goedert,PHI,TE,13674,weighted,,,,,,,0.0094304312449145,0.0178645939598924,0.0,0.0,0.0,0.0,,,,,4.25940602115541,0.390744674769324,48.4917575264443,3.81669188427012,0.207017900732303,0.0987802821494829,,,,,,,,,,,,,,,,,,,,,,,,,,,,,,,,,2018.0,1995-01-03,,,,7
Sam LaPorta,DET,TE,16214,weighted,,,,,,,0.0150886899918633,0.0285833503358279,0.0,0.0,0.0278173311635476,0.0336919186211286,,,,,4.32137510170871,0.405212729836489,49.1319528071603,4.79192755224576,0.277221318144833,0.124417459852528,,,,,,,,,,,,,,,,,,,,,,,,,,,,,,,,,2023.0,2001-01-12,,,,7
Evan Engram,JAC,TE,13189,weighted,,,,,,,0.0565825874694874,0.107187563759355,0.0,0.0,0.0,0.0,,,,,4.84049227013832,0.182902002407681,46.7951423921888,4.30615132082584,0.177937347436941,0.0959101665939681,,,,,,,,,,,,,,,,,,,,,,,,,,,,,,,,,2017.0,1994-09-02,,,,7
Darren Waller,NYG,TE,12263,weighted,,,,,,,0.0169747762408462,0.0321562691278064,0.0,0.0,0.0,0.0,,,,,4.03815296989422,0.335338902933427,47.8204068348251,2.67013688838573,0.191354759967453,0.0901562129651305,,,,,,,,,,,,,,,,,,,,,,,,,,,,,,,,,2015.0,1992-09-13,,,,7
Cole Kmet,CHI,TE,14867,weighted,,,,,,,0.427512883102794,0.662746845260596,0.0,0.0,0.0,0.0,,,,,4.04849064279902,0.53471740653291,41.0953539462978,7.93658734102595,0.261558177379984,0.136354977409378,,,,,,,,,,,,,,,,,,,,,,,,,,,,,,,,,2020.0,1999-03-10,,,,7
Kyle Pitts,ATL,TE,15329,weighted,,,,,,,0.206141849742338,0.432166259461651,0.0,0.0,0.0,0.0,,,,,3.64144019528072,0.255352070187458,43.9264971521562,3.56468275439628,0.165956061838893,0.0843617084680999,,,,,,,,,,,,,,,,,,,,,,,,,,,,,,,,,2021.0,2000-10-06,,,,7
Logan Thomas,WAS,TE,11647,weighted,,,,,,,0.175406021155411,0.332281447653999,0.0,0.0,0.0549430431244915,0.0357466942391345,,,,,3.33432872253865,0.358706304908108,35.1108258746949,5.5437452866061,0.222790886899919,0.10693254893145,,,,,,,,,,,,,,,,,,,,,,,,,,,,,,,,,2014.0,1991-07-01,,,,7
Jonnu Smith,ATL,TE,13193,weighted,,,,,,,0.162122050447518,0.265817575372927,0.0,0.0,0.0549430431244915,0.0357466942391345,,,,,3.21024003254679,0.665149453022627,34.1493083807974,6.49577870276609,0.0972091131000814,0.0452823124636091,,,,,,,,,,,,,,,,,,,,,,,,,,,,,,,,,2017.0,1995-08-22,,,,7
Tyler Higbee,LAR,TE,12678,weighted,,,,,,,0.0132026037428804,0.0250104315438494,0.0,0.0,0.0,0.0,,,,,3.24445484133442,0.322040294160593,34.7666151342555,3.78974111798012,0.159898291293735,0.0772243898123121,,,,,,,,,,,,,,,,,,,,,,,,,,,,,,,,,2016.0,1993-01-01,,,,7
Gerald Everett,LAC,TE,13236,weighted,,,,,,,0.643599132085707,0.75017514057093,0.0031434770816381,0.0072692410274059,0.0,0.0,,,,,3.0783197721725,0.600652101038164,31.4135435313263,3.50998374732046,0.157896663954434,0.0791591998976721,,,,,,,,,,,,,,,,,,,,,,,,,,,,,,,,,2017.0,1994-06-25,,,,7
Hunter Henry,NE,TE,12676,weighted,,,,,,,0.0319820992676973,0.0386758230026203,0.0,0.0,0.0,0.0,,,,,2.833311635476,0.296656503035056,30.7249633848657,4.61155430899579,0.181322213181448,0.0883336048330303,,,,,,,,,,,,,,,,,,,,,,,,,,,,,,,,,2016.0,1994-12-07,Q,Ankle,2023.0,7
Noah Fant,SEA,TE,14137,weighted,,,,,,,0.0357542717656631,0.0423076630635796,0.0,0.0,0.0,0.0,,,,,2.56261594792514,0.745117324685483,27.4753376729048,7.21366872459377,0.130638730675346,0.0701171804194211,,,,,,,,,,,,,,,,,,,,,,,,,,,,,,,,,2019.0,1997-11-20,,,,7
Luke Musgrave,GB,TE,16215,weighted,,,,,,,0.0132026037428804,0.0250104315438494,0.0,0.0,0.0278173311635476,0.0336919186211286,,,,,3.18179820992677,0.242633017068589,33.1425589910496,3.39931547687089,0.162603742880391,0.0789953804845144,,,,,,,,,,,,,,,,,,,,,,,,,,,,,,,,,2023.0,2000-09-02,,,,7
David Njoku,CLE,TE,13192,weighted,,,,,,,-0.02993327908869,0.127827899221447,0.0,0.0,0.0549430431244915,0.0357466942391345,,,,,3.24332384052075,0.376148814680674,34.8113181448332,3.11871223310123,0.171920260374288,0.0731513625817889,,,,,,,,,,,,,,,,,,,,,,,,,,,,,,,,,2017.0,1996-07-10,,,,7
Michael Mayer,LVR,TE,16212,weighted,,,,,,,0.0188608624898291,0.0357291879197849,0.0,0.0,0.0278173311635476,0.0336919186211286,,,,,2.53312855980472,0.388093095397772,28.8617575264443,5.27345186120797,0.0985191212367779,0.0468489309510338,,,,,,,,,,,,,,,,,,,,,,,,,,,,,,,,,2023.0,2001-07-06,,,,7
Zach Ertz,ARI,TE,11247,weighted,,,,,,,0.0188608624898291,0.0357291879197849,0.0,0.0,0.0,0.0,,,,,3.20340113913751,0.555883235139821,29.1197599674532,3.73102622953725,0.165455655004068,0.0790164553918387,,,,,,,,,,,,,,,,,,,,,,,,,,,,,,,,,2013.0,1990-11-10,,,,7
Taysom Hill,NO,TE,13424,weighted,,,,,,,11.6330444806075,7.97962202578695,0.0881461893138053,0.0807057649286166,0.0,0.0,,,,,1.79120423108218,0.604836555669202,17.5310984540277,6.16862957881264,0.094593165174939,0.05693053202462,,,,,,,,,,,,,,,,,,,,,,,,,,,,,,,,,2017.0,1990-08-23,,,,7
Darnell Washington,PIT,TE,16216,weighted,,,,,,,0.0282912937347437,0.0535937818796773,0.0,0.0,0.0,0.0,,,,,1.78152156224573,0.587024899964294,18.1942554922701,6.98090727155501,0.110545158665582,0.0878420452266712,,,,,,,,,,,,,,,,,,,,,,,,,,,,,,,,,2023.0,2001-08-17,,,,7
Dawson Knox,BUF,TE,14143,weighted,,,,,,,0.0319820992676973,0.0386758230026203,0.0,0.0,0.0,0.0,,,,,2.68425956061839,0.359300557086995,27.3181041497152,1.98248170746256,0.19573230268511,0.0914203352317892,,,,,,,,,,,,,,,,,,,,,,,,,,,,,,,,,2019.0,1996-11-14,,,,7
Trey McBride,ARI,TE,15794,weighted,,,,,,,0.0113165174938975,0.0214375127518709,0.0,0.0,0.0,0.0,,,,,2.31373067534581,0.351933765069283,24.9077420667209,3.17966172304044,0.0853580146460537,0.0643093930880179,,,,,,,,,,,,,,,,,,,,,,,,,,,,,,,,,2022.0,1999-11-22,,,,7
Cade Otton,TB,TE,15802,weighted,,,,,,,0.0113165174938975,0.0214375127518709,0.0,0.0,0.0,0.0,,,,,2.30834011391375,0.763550471945582,23.6071684296176,3.58151076365249,0.144654190398698,0.0743090081511096,,,,,,,,,,,,,,,,,,,,,,,,,,,,,,,,,2022.0,1999-04-15,,,,7
Dalton Kincaid,BUF,TE,16213,weighted,,,,,,,0.0150886899918633,0.0285833503358279,0.0,0.0,0.0278173311635476,0.0336919186211286,,,,,2.83143612693247,0.583941180275701,24.9827705451587,2.94588364289903,0.13853539462978,0.0955179281255841,,,,,,,,,,,,,,,,,,,,,,,,,,,,,,,,,2023.0,1999-10-18,,,,7
Mike Gesicki,NE,TE,13672,weighted,,,,,,,0.0075443449959316,0.014291675167914,0.0,0.0,0.0,0.0,,,,,2.18121236777868,0.401971503242399,20.3238771358828,3.16932070848555,0.0746501220504475,0.0488236571552971,,,,,,,,,,,,,,,,,,,,,,,,,,,,,,,,,2018.0,1995-10-03,,,,7
Adam Trautman,DEN,TE,14870,weighted,,,,,,,0.0132026037428804,0.0250104315438494,0.0,0.0,0.0,0.0,,,,,2.0110211554109,0.176364337732285,18.8261554109032,2.83566308541779,0.135756712774614,0.0751883807229307,,,,,,,,,,,,,,,,,,,,,,,,,,,,,,,,,2020.0,1997-02-05,,,,7
Connor Heyward,PIT,TE,15800,weighted,,,,,,,0.881822766570605,0.942821721003095,0.0023703170028818,0.0042689490115633,0.0,0.0,,,,,1.61107204610951,0.361692368568668,17.3708703170029,4.85049530807833,0.062028818443804,0.060720674327941,,,,,,,,,,,,,,,,,,,,,,,,,,,,,,,,,2022.0,1999-01-22,,,,7
Foster Moreau,NO,TE,14239,weighted,,,,,,,0.4886,0.839699156637243,0.0,0.0,0.0,0.0,,,,,1.62430285714286,0.598244353056974,17.9842628571429,6.25282867740434,0.133605714285714,0.041521984676994,,,,,,,,,,,,,,,,,,,,,,,,,,,,,,,,,2019.0,1997-05-06,,,,7
Durham Smythe,MIA,TE,13676,weighted,,,,,,,0.0414938974776241,0.0786042134235267,0.0,0.0,0.0,0.0,,,,,1.88947111472742,0.174095029779761,18.8244914564687,2.68918316782933,0.0906021155410903,0.0392299859257892,,,,,,,,,,,,,,,,,,,,,,,,,,,,,,,,,2018.0,1995-08-09,,,,7
Andrew Ogletree,IND,TE,15916,weighted,,,,,,,0.0789285714285714,0.126034166718089,0.0,0.0,0.0275132275132275,0.0365467395697309,,,,,1.67504569504569,0.543817367253264,18.8034247234247,5.6169639863175,0.0944203944203944,0.0782741857015924,,,,,,,,,,,,,,,,,,,,,,,,,,,,,,,,,2022.0,1998-07-28,,,,7
Austin Hooper,LVR,TE,12677,weighted,,,,,,,0.0113165174938975,0.0214375127518709,0.0,0.0,0.0,0.0,,,,,1.48980065093572,0.438456246411439,14.3078681855167,4.94858312771763,0.0773555736371033,0.052777503942373,,,,,,,,,,,,,,,,,,,,,,,,,,,,,,,,,2016.0,1994-10-29,,,,7
Donald Parham,LAC,TE,14341,weighted,,,,,,,0.0094304312449145,0.0178645939598924,0.0,0.0,0.0,0.0,,,,,1.75362896663954,0.243144517633759,16.706606997559,3.55832624776364,0.151891781936534,0.10936612837735,,,,,,,,,,,,,,,,,,,,,,,,,,,,,,,,,2019.0,,,,,7
Noah Gray,KC,TE,15337,weighted,,,,,,,0.352658258746949,0.44800678122834,0.0023291293734743,0.0034565856301019,0.0,0.0,,,,,1.44920260374288,0.329738626800025,15.3379414157852,3.63697577158584,0.0892921074043938,0.0386380438743365,,,,,,,,,,,,,,,,,,,,,,,,,,,,,,,,,2021.0,1999-04-30,,,,7
Isaiah Likely,BAL,TE,15798,weighted,,,,,,,0.0091864969562811,0.0168296058635044,0.0,0.0,0.0,0.0,,,,,0.964554510237963,0.570271290178305,9.4967847260653,6.19884870320053,0.0480575539568345,0.050806194795461,,,,,,,,,,,,,,,,,,,,,,,,,,,,,,,,,2022.0,2000-04-18,,,,7
Colby Parkinson,SEA,TE,14871,weighted,,,,,,,0.0167424242424242,0.0267345202129281,0.0,0.0,0.0,0.0,,,,,1.75804713804714,0.375310515582439,18.3018278018278,3.3686562712048,0.0824531024531025,0.0664359033418629,,,,,,,,,,,,,,,,,,,,,,,,,,,,,,,,,2020.0,1999-01-07,,,,7
Robert Tonyan,CHI,TE,13427,weighted,,,,,,,0.0167424242424242,0.0267345202129281,0.0,0.0,0.0,0.0,,,,,1.430962000962,0.276440804498414,12.5074410774411,3.66268293961085,0.066998556998557,0.0543559078756025,,,,,,,,,,,,,,,,,,,,,,,,,,,,,,,,,2017.0,1994-04-30,,,,7
Mo Alie-Cox,IND,TE,13246,weighted,,,,,,,0.0132026037428804,0.0250104315438494,0.0,0.0,0.0,0.0,,,,,1.21528071602929,0.418776849223216,14.6295972335232,3.9124860217512,0.106659886086249,0.0912890339123004,,,,,,,,,,,,,,,,,,,,,,,,,,,,,,,,,2016.0,1993-09-19,,,,7
Will Dissly,SEA,TE,13763,weighted,,,,,,,0.0191341991341991,0.0305537373862035,0.0,0.0,0.0,0.0,,,,,1.26416546416546,0.226214708175908,12.8439730639731,2.86434013693155,0.0825589225589226,0.0404009986888054,,,,,,,,,,,,,,,,,,,,,,,,,,,,,,,,,2018.0,,,,,7
John Bates,WAS,TE,15344,weighted,,,,,,,0.0333886483886484,0.0365024575086779,0.0,0.0,0.0,0.0,,,,,0.86978354978355,0.462186167133498,9.00737373737374,4.91410647156468,0.0417364117364117,0.0477624885395183,,,,,,,,,,,,,,,,,,,,,,,,,,,,,,,,,2021.0,1997-11-06,,,,7
Will Mallory,IND,TE,16220,weighted,,,,,,,0.0327596017069701,0.068622662818329,0.0,0.0,0.0,0.0,,,,,0.676344238975818,0.329596666574851,8.36309388335704,5.05951282788099,0.0747083926031294,0.0418876594776086,,,,,,,,,,,,,,,,,,,,,,,,,,,,,,,,,2023.0,1999-06-22,,,,7
Jordan Akins,CLE,TE,13753,weighted,,,,,,,0.0095670995670995,0.0152768686931017,0.0,0.0,0.0,0.0,,,,,1.00080808080808,0.167982862117179,10.7993314093314,2.39466076149029,0.0747811447811448,0.0384364840922077,,,,,,,,,,,,,,,,,,,,,,,,,,,,,,,,,2018.0,1992-04-19,,,,7
Josh Oliver,MIN,TE,14209,weighted,,,,,,,0.0167424242424242,0.0267345202129281,0.0,0.0,0.0558441558441558,0.0393499244921545,,,,,1.12568061568062,0.289811767140913,10.9520202020202,2.56357733098244,0.0732996632996633,0.0416599601610623,,,,,,,,,,,,,,,,,,,,,,,,,,,,,,,,,2019.0,1997-03-21,,,,7
Josiah Deguara,GB,TE,14876,weighted,,,,,,,0.0119588744588745,0.0190960858663772,0.0,0.0,0.0,0.0,,,,,1.21340067340067,0.266204553369434,10.9345743145743,1.51965661581911,0.0653487253487254,0.0492491217744474,,,,,,,,,,,,,,,,,,,,,,,,,,,,,,,,,2020.0,1970-01-01,,,,7
Jack Stoll,PHI,TE,15541,weighted,,,,,,,0.0142285714285714,0.0255011848007767,0.0,0.0,0.0,0.0,,,,,0.715822857142857,0.515135178224609,6.41856,4.24915841384886,0.0327371428571429,0.0424592291260661,,,,,,,,,,,,,,,,,,,,,,,,,,,,,,,,,2021.0,1998-01-28,,,,7
Brock Wright,DET,TE,15626,weighted,,,,,,,0.0094812680115273,0.0170757960462533,0.0,0.0,0.0,0.0,,,,,0.809677233429395,0.501776613854708,8.53048414985591,2.71445371264211,0.0678443804034582,0.0420625869989499,,,,,,,,,,,,,,,,,,,,,,,,,,,,,,,,,2021.0,1998-11-27,,,,7
Brycen Hopkins,LAR,TE,14868,weighted,,,,,,,0.0134560327198364,0.0231470642781424,0.0,0.0,0.0,0.0,,,,,0.535102249488753,0.298185729686243,6.83567484662577,4.91215736696254,0.0267689161554192,0.0306477800178765,,,,,,,,,,,,,,,,,,,,,,,,,,,,,,,,,2020.0,1970-01-01,,,,7
Cole Turner,WAS,TE,15803,weighted,,,,,,,0.0074701986754966,0.0156330407786438,0.0,0.0,0.0,0.0,,,,,0.680766319772942,0.295599100493214,7.73140491958373,3.33788314172196,0.045922421948912,0.0487147149941671,,,,,,,,,,,,,,,,,,,,,,,,,,,,,,,,,2022.0,2000-03-16,,,,7
Brenton Strange,JAC,TE,16269,weighted,,,,,,,0.0119588744588745,0.0190960858663772,0.0,0.0,0.0,0.0,,,,,0.937412217412217,0.266457853999279,8.24013949013949,2.99576714767868,0.0574699374699375,0.0457358245015371,,,,,,,,,,,,,,,,,,,,,,,,,,,,,,,,,2023.0,2000-12-27,,,,7
Daniel Bellinger,NYG,TE,15873,weighted,,,,,,,0.0315047619047619,0.0404277939533325,0.0,0.0,0.0,0.0,,,,,0.73208,0.517573283417912,6.50233714285714,3.6780054152268,0.0346571428571429,0.0462289340367656,,,,,,,,,,,,,,,,,,,,,,,,,,,,,,,,,2022.0,2000-09-22,,,,7
Payne Durham,TB,TE,16218,weighted,,,,,,,0.0654572864321608,0.0644027862851985,0.0,0.0,0.0,0.0,,,,,0.745035175879397,0.406612290426186,6.80382914572864,3.20506130467539,0.0575075376884422,0.0381610280005285,,,,,,,,,,,,,,,,,,,,,,,,,,,,,,,,,2023.0,2000-06-15,,,,7
Luke Farrell,JAC,TE,15335,weighted,,,,,,,0.0302760736196319,0.0520808946258203,0.0,0.0,0.0,0.0,,,,,0.568261758691207,0.396637375441198,5.48915132924335,4.10693256478209,0.0501840490797546,0.045765851012446,,,,,,,,,,,,,,,,,,,,,,,,,,,,,,,,,2021.0,1997-10-14,,,,7
Chris Manhertz,DEN,TE,12955,weighted,,,,,,,0.0093598862019914,0.0196064750909511,0.0,0.0,0.0,0.0,,,,,0.654580369843528,0.216696113322699,6.67702702702703,2.51057123076744,0.058072546230441,0.0482568951991967,,,,,,,,,,,,,,,,,,,,,,,,,,,,,,,,,,1992-04-10,,,,7
Harrison Bryant,CLE,TE,14875,weighted,,,,,,,0.732839826839827,0.932511576429972,0.0019134199134199,0.0039275962893773,0.0,0.0,,,,,0.991212121212121,0.180664053004854,8.13632996632997,1.12921582504201,0.0865800865800866,0.06730319919597,,,,,,,,,,,,,,,,,,,,,,,,,,,,,,,,,2020.0,1970-01-01,Q,Hip,2023.0,7
Pharaoh Brown,NE,TE,13994,weighted,,,,,,,0.0094857142857142,0.0170007898671845,0.0,0.0,0.0,0.0,,,,,0.564605714285714,0.29149047955413,5.82825714285714,2.68707828745832,0.0363771428571429,0.041948511205916,,,,,,,,,,,,,,,,,,,,,,,,,,,,,,,,,2017.0,1994-05-04,,,,7
Tommy Sweeney,NYG,TE,14294,weighted,,,,,,,0.0,0.0,0.0,0.0,0.0,0.0,,,,,0.688906666666667,0.311126983722081,6.57493333333333,3.25269119345812,0.0214666666666667,0.0353553390593274,,,,,,,,,,,,,,,,,,,,,,,,,,,,,,,,,2019.0,1970-01-01,,Undisclosed,2023.0,7
Julian Hill,MIA,TE,16425,weighted,,,,,,,0.0,,0.0,,0.0,,,,,,0.8,,9.0,,0.0,,,,,,,,,,,,,,,,,,,,,,,,,,,,,,,,,,2023.0,2000-07-09,,,,7
Charlie Woerner,SF,TE,14984,weighted,,,,,,,0.0,0.0,0.0,0.0,0.0,0.0,,,,,0.527457627118644,0.466690475583121,6.36166409861325,3.36582827844797,0.0396918335901387,0.0565685424949238,,,,,,,,,,,,,,,,,,,,,,,,,,,,,,,,,2020.0,1997-10-16,,,,7
Nate Adkins,,TE,16474,weighted,,,,,,,0.0,0.0,0.0,0.0,0.0,0.0,,,,,0.583658310120706,0.263169655364779,5.75171773444754,3.26462078556794,0.0636583101207057,0.0527098721977032,,,,,,,,,,,,,,,,,,,,,,,,,,,,,,,,,2023.0,1999-07-09,,,,7
Ross Dwelley,SF,TE,13988,weighted,,,,,,,0.0,0.0,0.0,0.0,0.0,0.0,,,,,0.402084095063985,0.12095452772321,5.79460694698355,2.1566471226067,0.0461608775137112,0.0514284994454191,,,,,,,,,,,,,,,,,,,,,,,,,,,,,,,,,2018.0,1970-01-01,,,,7
MyCole Pruitt,ATL,TE,12309,weighted,,,,,,,0.0,0.0,0.0,0.0,0.0,0.0,,,,,0.649474285714286,0.239306120459938,5.75741714285714,1.51424257417462,0.0438628571428571,0.0510224067380087,,,,,,,,,,,,,,,,,,,,,,,,,,,,,,,,,2015.0,1992-03-24,,,,7
James Mitchell,DET,TE,15909,weighted,,,,,,,0.0,,0.0,,0.0,,,,,,0.8,,8.0,,0.1,,,,,,,,,,,,,,,,,,,,,,,,,,,,,,,,,,2022.0,1999-08-11,Q,Hamstring,2023.0,7
Ko Kieft,TB,TE,15929,weighted,,,,,,,0.0300914634146341,0.0424264068711929,0.0,0.0,0.0,0.0,,,,,0.694070121951219,0.431335136523794,5.87353658536585,2.99813275223096,0.0699085365853658,0.0424264068711929,,,,,,,,,,,,,,,,,,,,,,,,,,,,,,,,,2022.0,1998-01-20,,,,7
Johnny Mundt,MIN,TE,13940,weighted,,,,,,,0.0,0.0,0.0,0.0,0.0,0.0,,,,,0.756887519260401,0.346482322781408,6.61078582434515,1.97989898732233,0.014884437596302,0.0212132034355964,,,,,,,,,,,,,,,,,,,,,,,,,,,,,,,,,2017.0,1994-11-23,,,,7
Blake Bell,KC,TE,12213,weighted,,,,,,,0.0,0.0,0.0,0.0,0.0,0.0,,,,,0.702533532041729,0.14142135623731,5.89687034277198,2.61629509039023,0.102533532041729,0.14142135623731,,,,,,,,,,,,,,,,,,,,,,,,,,,,,,,,,2015.0,1991-08-07,,,,7
Davis Allen,LAR,TE,16219,weighted,,,,,,,,,,,0.0,,,,,,0.7,,7.5,,0.1,,,,,,,,,,,,,,,,,,,,,,,,,,,,,,,,,,2023.0,2001-02-03,,,,7
Jimmy Graham,NO,TE,9925,weighted,,,,,,,0.24427453769559,0.482231751787606,0.0,0.0,0.0,0.0,,,,,0.644374110953058,0.102975388515862,6.29483641536273,0.617603965364961,0.0768492176386913,0.0288647436231174,,,,,,,,,,,,,,,,,,,,,,,,,,,,,,,,,2010.0,1986-11-24,,,,7
Brady Russell,,TE,16496,weighted,,,,,,,,,,,0.0,,,,,,0.7,,7.1,,0.1,,,,,,,,,,,,,,,,,,,,,,,,,,,,,,,,,,2023.0,1998-08-31,,,,7
Brayden Willis,SF,TE,16367,weighted,,,,,,,,,,,0.0,,,,,,0.6,,6.5,,0.1,,,,,,,,,,,,,,,,,,,,,,,,,,,,,,,,,,2023.0,1999-11-11,,,,7
Albert Okwuegbunam,PHI,TE,14873,weighted,,,,,,,0.0,0.0,0.0,0.0,0.0,0.0,,,,,0.356333830104322,0.353553390593274,3.71713859910581,3.7476659402887,0.0512667660208644,0.0707106781186548,,,,,,,,,,,,,,,,,,,,,,,,,,,,,,,,,2020.0,1998-04-25,,,,7
Ben Sims,,TE,16483,weighted,,,,,,,0.0,0.0,0.0,0.0,0.0,0.0,,,,,0.356333830104322,0.353553390593274,3.66587183308495,3.67695526217005,0.0512667660208644,0.0707106781186548,,,,,,,,,,,,,,,,,,,,,,,,,,,,,,,,,2023.0,2000-05-16,,,,7
Stone Smartt,LAC,TE,16113,weighted,,,,,,,0.0,0.0,0.0,0.0,0.0,0.0,,,,,0.49016,0.148492424049175,4.82610666666667,1.68998520703585,0.0171733333333333,0.0282842712474619,,,,,,,,,,,,,,,,,,,,,,,,,,,,,,,,,2022.0,1998-10-04,,,,7
Tucker Kraft,GB,TE,16222,weighted,,,,,,,0.0142219020172911,0.0256136940693799,0.0,0.0,0.0,0.0,,,,,0.324512968299712,0.250686966299252,4.23753890489914,1.3385104125088,0.0112968299711816,0.0177086247131049,,,,,,,,,,,,,,,,,,,,,,,,,,,,,,,,,2023.0,2000-11-03,,,,7
Tre' McKitty,LAC,TE,15333,weighted,,,,,,,0.0,,0.0,,0.0,,,,,,0.8,,6.0,,0.0,,,,,,,,,,,,,,,,,,,,,,,,,,,,,,,,,,2021.0,,,,,7
Charlie Kolar,BAL,TE,15795,weighted,,,,,,,0.0300914634146341,0.0424264068711929,0.0,0.0,0.0,0.0,,,,,0.424771341463415,0.106066017177982,4.25381097560976,1.76776695296637,0.0200609756097561,0.0282842712474619,,,,,,,,,,,,,,,,,,,,,,,,,,,,,,,,,2022.0,1999-02-10,,,,7
Jesper Horsted,LVR,TE,14752,weighted,,,,,,,,,,,0.0,,,,,,0.5,,4.8,,0.1,,,,,,,,,,,,,,,,,,,,,,,,,,,,,,,,,,2019.0,1970-01-01,,,,7
Geoff Swaim,ARI,TE,12378,weighted,,,,,,,0.0,0.0,0.0,0.0,0.0,0.0,,,,,0.361078582434515,0.197989898732233,3.01762711864407,1.40007142674936,0.0049614791987673,0.0070710678118654,,,,,,,,,,,,,,,,,,,,,,,,,,,,,,,,,,,,,,7
David Wells,,TE,14355,weighted,,,,,,,0.0,,0.0,,0.0,,,,,,0.1,,1.0,,0.0,,,,,,,,,,,,,,,,,,,,,,,,,,,,,,,,,,2018.0,1995-05-02,,,,7
Grant Calcaterra,PHI,TE,15804,weighted,,,,,,,0.0,,0.0,,0.0,,,,,,0.1,,1.0,,0.0,,,,,,,,,,,,,,,,,,,,,,,,,,,,,,,,,,2022.0,1998-12-04,,,,7
Tyler Bass,BUF,K,14983,weighted,,,,,,,,,,,,,,,,,,,,,,,0.0203640538612449,0.0180814549111402,0.465391920813269,0.0919602670290812,0.658759586231496,0.109573749041333,0.428736623863028,0.0746014805693321,0.182802876612568,0.097704217436424,2.47560393258427,0.701458519983775,,,,,,,,,,,,,,,,,,,,,2020.0,1997-02-14,,,,7
Riley Patterson,DET,K,15369,weighted,,,,,,,,,,,,,,,,,,,,,,,0.0151240535369749,0.0181106189982583,0.331288927598619,0.110884148062683,0.653926879144576,0.235507205612896,0.360699019691295,0.111733161956855,0.0588696328250401,0.0372969843166618,2.47962546816479,0.59917063915653,,,,,,,,,,,,,,,,,,,,,2021.0,1999-09-07,,,,7
Jake Moody,SF,K,16286,weighted,,,,,,,,,,,,,,,,,,,,,,,0.0,0.0,0.708435684105331,0.162474852629774,0.497192066789992,0.105478262564044,0.461578345650662,0.0925618251857162,0.111960986267166,0.0643095682337923,2.79514981273408,0.434799458934267,,,,,,,,,,,,,,,,,,,,,2023.0,1999-11-23,,,,7
Harrison Butker,KC,K,13354,weighted,,,,,,,,,,,,,,,,,,,,,,,0.0,0.0,0.463339283260927,0.0471565403768238,0.723772377829149,0.082647722556971,0.455654125098241,0.0413082302372448,0.196136088113542,0.107272902176495,3.02298220973783,0.127311420198562,,,,,,,,,,,,,,,,,,,,,2017.0,1995-07-14,,,,7
Jake Elliott,PHI,K,13303,weighted,,,,,,,,,,,,,,,,,,,,,,,0.0037288844191674,0.0035542596150862,0.518935700298279,0.031468394464381,0.712340219624754,0.0487612217061083,0.434874622689799,0.0729246905901271,0.200045830869308,0.106762199453771,2.54961610486891,0.797611060004363,,,,,,,,,,,,,,,,,,,,,2017.0,1995-01-21,,,,7
Jason Sanders,MIA,K,13832,weighted,,,,,,,,,,,,,,,,,,,,,,,0.018945972140088,0.0250333900675703,0.33523225197826,0.0813173404691095,0.34876508922118,0.0943019861772245,0.413337971958611,0.0720311033871968,0.0629816152428512,0.0368175049060528,2.79741573033708,0.463406602736846,,,,,,,,,,,,,,,,,,,,,2018.0,1995-11-16,,,,7
Jason Myers,SEA,K,12437,weighted,,,,,,,,,,,,,,,,,,,,,,,0.0168372196045266,0.0149565281135328,0.561757430228344,0.125443390764898,0.877353459385446,0.235964232336064,0.506606510007652,0.136405239940201,0.211420880149813,0.116356940806145,2.55434925093633,0.362173796009429,,,,,,,,,,,,,,,,,,,,,,1991-05-12,,,,7
Anders Carlson,GB,K,16339,weighted,,,,,,,,,,,,,,,,,,,,,,,0.0,0.0,0.398398172627353,0.11259229447554,0.501115111931164,0.162856109770354,0.300304521309148,0.143288546802005,0.141759207240949,0.0974812234040682,2.23946629213483,0.487039169682871,,,,,,,,,,,,,,,,,,,,,2023.0,1998-06-16,,,,7
Daniel Carlson,LVR,K,13718,weighted,,,,,,,,,,,,,,,,,,,,,,,0.0,0.0,0.505326862059124,0.158534766783779,0.434017088518438,0.126833896203686,0.333138648710921,0.098615749961253,0.13778441891245,0.098757529174958,2.06380617977528,0.545628964478211,,,,,,,,,,,,,,,,,,,,,2018.0,1995-01-23,,,,7
Cameron Dicker,LAC,K,15979,weighted,,,,,,,,,,,,,,,,,,,,,,,0.003221295072336,0.0036365252715506,0.472688522830625,0.143679786722708,0.487051811649465,0.144497076216531,0.337682517187226,0.106874341039159,0.0595232081692756,0.0366432110467851,2.30406367041198,0.404824897009228,,,,,,,,,,,,,,,,,,,,,2022.0,2000-05-06,,,,7
Matt Gay,IND,K,14244,weighted,,,,,,,,,,,,,,,,,,,,,,,0.0309550349478118,0.0362567099585565,0.396170518144836,0.11210525540927,0.406252908778992,0.132662785302228,0.334665129472513,0.0972295193777584,0.232277777777778,0.159948073798481,2.04288857677903,0.651151465837,,,,,,,,,,,,,,,,,,,,,2019.0,1994-03-15,,,,7
Blake Grupe,,K,16444,weighted,,,,,,,,,,,,,,,,,,,,,,,0.0,0.0,0.423242991636576,0.12067585873994,0.410455262529843,0.116886561666682,0.388839000852109,0.108653987921115,0.139047396112003,0.0982692375707301,2.08550093632959,0.512661380315277,,,,,,,,,,,,,,,,,,,,,2023.0,1998-11-05,,,,7
Brett Maher,LAR,K,13909,weighted,,,,,,,,,,,,,,,,,,,,,,,0.0,0.0,0.431848883130094,0.101224200321053,0.557014401190431,0.133525054379178,0.561083373266582,0.140649921397023,0.205698227594295,0.135824888112537,2.39738764044944,0.37405406783535,,,,,,,,,,,,,,,,,,,,,2017.0,1970-01-01,,,,7
Chase McLaughlin,TB,K,14717,weighted,,,,,,,,,,,,,,,,,,,,,,,0.003446145946599,0.0036210862625095,0.482283174611249,0.107759879829657,0.566333684125743,0.127957277380687,0.401837136587189,0.112243837142551,0.212263248242329,0.135458976296142,2.17930711610487,0.548703778002855,,,,,,,,,,,,,,,,,,,,,2019.0,1996-04-09,,,,7
Cairo Santos,CHI,K,11945,weighted,,,,,,,,,,,,,,,,,,,,,,,0.0,0.0,0.573705088363766,0.122429057703126,0.501380801725661,0.121143854352052,0.456379465715817,0.0999720100035047,0.159799157303371,0.0784531076423832,1.71431179775281,0.670056569823516,,,,,,,,,,,,,,,,,,,,,2014.0,1991-11-12,,,,7
Justin Tucker,BAL,K,10976,weighted,,,,,,,,,,,,,,,,,,,,,,,0.0,0.0,0.625018414159803,0.0745174013567089,0.547324764323234,0.0378748318684526,0.535751883610399,0.0335851643204427,0.195978008574808,0.107341139239446,2.11416666666667,0.257272261716505,,,,,,,,,,,,,,,,,,,,,2012.0,1989-11-21,,,,7
Chris Boswell,PIT,K,11936,weighted,,,,,,,,,,,,,,,,,,,,,,,0.0,0.0,0.472328465803916,0.0551025187072306,0.496140866399063,0.0713522590276626,0.661753454789471,0.120645525374733,0.263957729549373,0.15553319806815,1.91309456928839,0.378581850513675,,,,,,,,,,,,,,,,,,,,,2014.0,1991-03-16,,,,7
Greg Joseph,MIN,K,13898,weighted,,,,,,,,,,,,,,,,,,,,,,,0.0111065817118845,0.0106526254577957,0.563482758195693,0.112327097291515,0.469971942737084,0.173703214632811,0.425455957709657,0.094488508337462,0.206164764282742,0.102666499019288,1.99149344569288,0.280527215431286,,,,,,,,,,,,,,,,,,,,,2018.0,1970-01-01,,,,7
Brandon McManus,JAC,K,11947,weighted,,,,,,,,,,,,,,,,,,,,,,,0.0,0.0,0.416493340091802,0.104685870706743,0.526548581190805,0.072131452397037,0.668110256915697,0.169653203371419,0.238412202674289,0.130052395421016,2.07537921348315,0.152253866525497,,,,,,,,,,,,,,,,,,,,,2014.0,1991-07-25,,,,7
Wil Lutz,DEN,K,12956,weighted,,,,,,,,,,,,,,,,,,,,,,,0.0259153573277306,0.0248561260681901,0.620222101873239,0.104427993642517,0.594486060905285,0.111615526105981,0.37079583665018,0.0953778250424618,0.155648058973902,0.0748535906917015,2.02627808988764,0.120473153190995,,,,,,,,,,,,,,,,,,,,,2016.0,1994-07-07,,,,7
Graham Gano,NYG,K,9694,weighted,,,,,,,,,,,,,,,,,,,,,,,0.0,0.0,0.411640555514757,0.102044492393736,0.565732897195499,0.0643433532324283,0.533435768606236,0.0631210298381852,0.2723896089855,0.156395385387233,1.75938670411985,0.305249096303497,,,,,,,,,,,,,,,,,,,,,2009.0,1987-04-09,,,,7
Dustin Hopkins,CLE,K,11387,weighted,,,,,,,,,,,,,,,,,,,,,,,0.0197610660993486,0.0179534680167355,0.373317494288602,0.0988171684780475,0.493253628542553,0.0696479114638978,0.65443671600975,0.164736291396288,0.29916492776886,0.184955642879043,1.73108146067416,0.358445454222607,,,,,,,,,,,,,,,,,,,,,2013.0,1990-10-01,,,,7
Matt Prater,ARI,K,8930,weighted,,,,,,,,,,,,,,,,,,,,,,,0.009254985322401,0.0108750815553958,0.326148845474688,0.11029761018337,0.544568032451927,0.16142177556834,0.316893860152287,0.102415263662768,0.22133368012207,0.16235166897949,1.78065543071161,0.267863217486848,,,,,,,,,,,,,,,,,,,,,2006.0,1984-08-10,,,,7
Joey Slye,WAS,K,14600,weighted,,,,,,,,,,,,,,,,,,,,,,,0.0,0.0,0.517000772843469,0.0974699452170043,0.568961194340408,0.107780443892138,0.488491097437727,0.0877331814332445,0.189933119315142,0.0994549110185282,1.75472846441948,0.267389843411762,,,,,,,,,,,,,,,,,,,,,2019.0,1996-04-10,,,,7
Younghoe Koo,ATL,K,13403,weighted,,,,,,,,,,,,,,,,,,,,,,,0.0,0.0,0.55806420661074,0.107004836388444,0.570228754914721,0.110823268200121,0.488083840756001,0.105674368014828,0.111893749541015,0.0636686764708,1.65096441947566,0.3485994655176,,,,,,,,,,,,,,,,,,,,,2017.0,1994-08-03,,,,7
Chad Ryland,NE,K,16292,weighted,,,,,,,,,,,,,,,,,,,,,,,0.0084746648211474,0.0106733660759401,0.326533520352524,0.071819024673051,0.278158983582775,0.0731410623973463,0.380909269786285,0.0730113931406332,0.134387129724208,0.0724620207570342,1.48019662921348,0.32088841802818,,,,,,,,,,,,,,,,,,,,,2023.0,1999-10-15,,,,7
Broncos,DEN,DST,0511,weighted,,,,,,,,,,,,,,,,,,,,,,,,,,,,,,,,,,,0.876541606541607,0.136562547559687,1.97779701779702,0.0444738433725448,0.0132499599166266,0.0142951788306592,0.135238095238095,0.0751504315835143,,,,,,,,,,,,,,,,,,7
Vikings,MIN,DST,0524,weighted,,,,,,,,,,,,,,,,,,,,,,,,,,,,,,,,,,,0.484444444444444,0.255749494918399,2.16880711880712,0.192569689250686,0.0099374699374699,0.0107213841229944,0.112429052429052,0.0648992113872842,,,,,,,,,,,,,,,,,,7
Chargers,LAC,DST,0514,weighted,,,,,,,,,,,,,,,,,,,,,,,,,,,,,,,,,,,0.702929292929293,0.19498143515801,2.14057239057239,0.346512953823103,0.0066249799583132,0.0071475894153295,0.100716690716691,0.082975422205211,,,,,,,,,,,,,,,,,,7
Cardinals,ARI,DST,0519,weighted,,,,,,,,,,,,,,,,,,,,,,,,,,,,,,,,,,,0.772236652236652,0.189250330686028,2.50976911976912,0.398556258387232,0.0099374699374699,0.0107213841229944,0.0967676767676768,0.0514829763312705,,,,,,,,,,,,,,,,,,7
Patriots,NE,DST,0504,weighted,,,,,,,,,,,,,,,,,,,,,,,,,,,,,,,,,,,0.81047619047619,0.131107766802408,1.84445406445406,0.152013441421896,0.0429661696328363,0.0318566461320019,0.128975468975469,0.0733350536992604,,,,,,,,,,,,,,,,,,7
Dolphins,MIA,DST,0503,weighted,,,,,,,,,,,,,,,,,,,,,,,,,,,,,,,,,,,0.735733525733526,0.226209758624547,2.78534391534392,0.209509194315184,0.0768125701459035,0.0250165629536536,0.113280423280423,0.0657634567571268,,,,,,,,,,,,,,,,,,7
Eagles,PHI,DST,0518,weighted,,,,,,,,,,,,,,,,,,,,,,,,,,,,,,,,,,,0.788475228475228,0.242313794044505,2.38077922077922,0.379128750814207,0.0429661696328363,0.0318566461320019,0.116378066378066,0.0671743212558569,,,,,,,,,,,,,,,,,,7
Bears,CHI,DST,0521,weighted,,,,,,,,,,,,,,,,,,,,,,,,,,,,,,,,,,,0.887508417508417,0.227297440067702,2.05805675805676,0.450404684007783,0.0198749398749399,0.0214427682459888,0.125916305916306,0.095139332931412,,,,,,,,,,,,,,,,,,7
Giants,NYG,DST,0517,weighted,,,,,,,,,,,,,,,,,,,,,,,,,,,,,,,,,,,0.912202982202982,0.258156077051049,3.42417508417508,0.767662016284714,0.0231874298540965,0.0250165629536536,0.158922558922559,0.0772201914694893,,,,,,,,,,,,,,,,,,7
Jaguars,JAC,DST,0509,weighted,,,,,,,,,,,,,,,,,,,,,,,,,,,,,,,,,,,0.895834535834536,0.234340462250872,2.4989417989418,0.305795454066524,0.0099374699374699,0.0107213841229944,0.157373737373737,0.0768125841528133,,,,,,,,,,,,,,,,,,7
Colts,IND,DST,0502,weighted,,,,,,,,,,,,,,,,,,,,,,,,,,,,,,,,,,,0.794160654160654,0.120600150845852,3.45117364117364,0.512669293983577,0.0198749398749399,0.0214427682459888,0.132073112073112,0.0743179067815061,,,,,,,,,,,,,,,,,,7
Steelers,PIT,DST,0510,weighted,,,,,,,,,,,,,,,,,,,,,,,,,,,,,,,,,,,0.917662337662338,0.13462552546131,2.94372775372775,0.408209675894882,0.0429661696328363,0.0318566461320019,0.133689273689274,0.0746396361673142,,,,,,,,,,,,,,,,,,7
Lions,DET,DST,0522,weighted,,,,,,,,,,,,,,,,,,,,,,,,,,,,,,,,,,,0.925714285714286,0.167713798005873,2.69680134680135,0.202667426274672,0.0198749398749399,0.0214427682459888,0.132106782106782,0.074073881577649,,,,,,,,,,,,,,,,,,7
Falcons,ATL,DST,0526,weighted,,,,,,,,,,,,,,,,,,,,,,,,,,,,,,,,,,,0.790553150553151,0.199854492310829,1.85023088023088,0.681275436562685,0.0165624498957832,0.017868973538324,0.104511784511785,0.0589649163918236,,,,,,,,,,,,,,,,,,7
Saints,NO,DST,0529,weighted,,,,,,,,,,,,,,,,,,,,,,,,,,,,,,,,,,,0.889456469456469,0.144586103307234,2.42959114959115,0.279837700705598,0.0099374699374699,0.0107213841229944,0.158888888888889,0.0779425763305142,,,,,,,,,,,,,,,,,,7
Packers,GB,DST,0523,weighted,,,,,,,,,,,,,,,,,,,,,,,,,,,,,,,,,,,0.942053872053872,0.258334643915108,3.09340067340067,0.537467629267698,0.0099374699374699,0.0107213841229944,0.133621933621934,0.075119515717777,,,,,,,,,,,,,,,,,,7
Commanders,WAS,DST,0520,weighted,,,,,,,,,,,,,,,,,,,,,,,,,,,,,,,,,,,0.849470899470899,0.140763051244182,3.36883597883598,0.834260542239853,0.0132499599166266,0.0142951788306592,0.146291486291486,0.0796255343584917,,,,,,,,,,,,,,,,,,7
Ravens,BAL,DST,0531,weighted,,,,,,,,,,,,,,,,,,,,,,,,,,,,,,,,,,,0.752607022607023,0.195764666920293,2.2516835016835,0.214912179285185,0.0429661696328363,0.0318566461320019,0.107753727753728,0.0877248642134748,,,,,,,,,,,,,,,,,,7
Chiefs,KC,DST,0512,weighted,,,,,,,,,,,,,,,,,,,,,,,,,,,,,,,,,,,0.777821067821068,0.151899367240337,2.58625781625782,0.326326907701421,0.0099374699374699,0.0107213841229944,0.14002886002886,0.0770657482857045,,,,,,,,,,,,,,,,,,7
Browns,CLE,DST,0507,weighted,,,,,,,,,,,,,,,,,,,,,,,,,,,,,,,,,,,0.872188552188552,0.187370835294242,2.8289898989899,0.507167294327334,0.0099374699374699,0.0107213841229944,0.143126503126503,0.0793721820821249,,,,,,,,,,,,,,,,,,7
Rams,LAR,DST,0528,weighted,,,,,,,,,,,,,,,,,,,,,,,,,,,,,,,,,,,0.862674362674363,0.103268394162572,2.37732563732564,0.368660696100767,0.0437838704505371,0.0320605228190037,0.125882635882636,0.0955177975604462,,,,,,,,,,,,,,,,,,7
Raiders,LVR,DST,0513,weighted,,,,,,,,,,,,,,,,,,,,,,,,,,,,,,,,,,,0.995618085618086,0.303286486439375,2.78023088023088,0.782983738686754,0.0462786596119929,0.0313015603781035,0.125848965848966,0.0962866957009113,,,,,,,,,,,,,,,,,,7
Seahawks,SEA,DST,0515,weighted,,,,,,,,,,,,,,,,,,,,,,,,,,,,,,,,,,,0.862929292929293,0.0815237531570534,2.82049062049062,0.450864637250607,0.0132499599166266,0.0142951788306592,0.161986531986532,0.0798112734939035,,,,,,,,,,,,,,,,,,7
Buccaneers,TB,DST,0525,weighted,,,,,,,,,,,,,,,,,,,,,,,,,,,,,,,,,,,0.857316017316017,0.136890446820422,3.00991822991823,0.258914853340265,0.0198749398749399,0.0214427682459888,0.143126503126503,0.0793721820821249,,,,,,,,,,,,,,,,,,7
49ers,SF,DST,0530,weighted,,,,,,,,,,,,,,,,,,,,,,,,,,,,,,,,,,,1.05835497835498,0.360661264560354,2.54732082732083,0.304305673800285,0.0099374699374699,0.0107213841229944,0.130562770562771,0.0984170180444976,,,,,,,,,,,,,,,,,,7
Bills,BUF,DST,0501,weighted,,,,,,,,,,,,,,,,,,,,,,,,,,,,,,,,,,,1.07320346320346,0.178812525009004,2.89331409331409,0.633131854574102,0.0429661696328363,0.0318566461320019,0.163569023569024,0.0796255724511392,,,,,,,,,,,,,,,,,,7
Maxx Crosby,LVR,DL,14225,weighted,,,,,,,,,,,,,,,,,,,,,,,,,,,,,,,,,,,,,,,,,,,,,3.66220984215413,1.42748956186309,0.775580315691736,0.119393489385735,0.0,0.0,0.165162488393686,0.0334301770280057,0.0049767873723305,0.0047757395754293,2019.0,1997-08-22,,,,7
Harrison Phillips,MIN,DL,13693,weighted,,,,,,,,,,,,,,,,,,,,,,,,,,,,,,,,,,,,,,,,,,,,,3.5453312788906,1.77483802077823,0.215654853620955,0.120208152801713,0.0,0.0,0.134730354391371,0.0494974746830583,0.0049614791987673,0.0070710678118654,2018.0,1996-01-25,,,,7
Danielle Hunter,MIN,DL,12221,weighted,,,,,,,,,,,,,,,,,,,,,,,,,,,,,,,,,,,,,,,,,,,,,3.26436397400186,1.12360004221601,0.880557103064067,0.114617749810305,0.0049767873723305,0.0047757395754293,0.20544103992572,0.0907390519331584,0.0049767873723305,0.0047757395754293,2015.0,1994-10-29,,,,7
Carl Granderson,NO,DL,14405,weighted,,,,,,,,,,,,,,,,,,,,,,,,,,,,,,,,,,,,,,,,,,,,,2.71936861652739,1.44934092576847,0.625348189415042,0.0716360936314408,0.0,0.0,0.0597214484679666,0.0573088749051527,0.0049767873723305,0.0047757395754293,2019.0,1996-12-18,,,,7
Aaron Donald,LAR,DL,11757,weighted,,,,,,,,,,,,,,,,,,,,,,,,,,,,,,,,,,,,,,,,,,,,,2.6591643454039,1.40358642676092,0.575116063138347,0.0238786978771469,0.0,0.0,0.109953574744661,0.0095514791508587,0.0049767873723305,0.0047757395754293,2014.0,1991-05-23,,,,7
DeForest Buckner,IND,DL,12688,weighted,,,,,,,,,,,,,,,,,,,,,,,,,,,,,,,,,,,,,,,,,,,,,2.63184772516249,1.42416979147583,0.579628597957289,0.0764118332068702,0.0,0.0,0.1,0.0,0.0552089136490251,0.0429816561788645,2016.0,1994-03-17,,,,7
Christian Wilkins,MIA,DL,14162,weighted,,,,,,,,,,,,,,,,,,,,,,,,,,,,,,,,,,,,,,,,,,,,,3.24268104776579,1.34350288425444,0.365269645608629,0.0494974746830583,0.0049614791987673,0.0070710678118654,0.22557781201849,0.106066017177982,0.0049614791987673,0.0070710678118654,2019.0,1970-01-01,,,,7
Leonard Williams,NYG,DL,12225,weighted,,,,,,,,,,,,,,,,,,,,,,,,,,,,,,,,,,,,,,,,,,,,,3.43926040061633,1.05358910396796,0.448073959938367,0.353553390593274,0.0049614791987673,0.0070710678118654,0.0545762711864407,0.0777817459305202,0.0049614791987673,0.0070710678118654,2015.0,1994-06-20,,,,7
Jonathan Allen,WAS,DL,13208,weighted,,,,,,,,,,,,,,,,,,,,,,,,,,,,,,,,,,,,,,,,,,,,,2.80581244196843,1.26277460309603,0.570139275766017,0.0286544374525763,0.0049767873723305,0.0047757395754293,0.165162488393686,0.0334301770280057,0.0049767873723305,0.0047757395754293,2017.0,1995-01-16,,,,7
Da'Ron Payne,WAS,DL,13723,weighted,,,,,,,,,,,,,,,,,,,,,,,,,,,,,,,,,,,,,,,,,,,,,2.78271123491179,1.08972362793165,0.475116063138347,0.0238786978771469,0.0049767873723305,0.0047757395754293,0.265626740947075,0.128944968536593,0.0049767873723305,0.0047757395754293,2018.0,1997-05-27,,,,7
Cameron Jordan,NO,DL,10292,weighted,,,,,,,,,,,,,,,,,,,,,,,,,,,,,,,,,,,,,,,,,,,,,2.41426183844011,1.32278328502296,0.564698235840297,0.062084614480582,0.0049767873723305,0.0047757395754293,0.21041782729805,0.085963312357729,0.0049767873723305,0.0047757395754293,2011.0,1989-07-10,,,,7
Dexter Lawrence,NYG,DL,14159,weighted,,,,,,,,,,,,,,,,,,,,,,,,,,,,,,,,,,,,,,,,,,,,,2.52410399257196,1.22325575569759,0.334373259052925,0.128944968536593,0.0,0.0,0.109953574744661,0.0095514791508587,0.0049767873723305,0.0047757395754293,2019.0,1997-11-12,,,,7
Zach Allen,DEN,DL,14153,weighted,,,,,,,,,,,,,,,,,,,,,,,,,,,,,,,,,,,,,,,,,,,,,2.71060092449923,1.72534054609518,0.324807395993837,0.0353553390593274,0.0049614791987673,0.0070710678118654,0.124807395993837,0.0353553390593274,0.0049614791987673,0.0070710678118654,2019.0,1997-08-20,,,,7
Zach Sieler,MIA,DL,13839,weighted,,,,,,,,,,,,,,,,,,,,,,,,,,,,,,,,,,,,,,,,,,,,,3.14003081664099,0.912167747730646,0.420616332819723,0.113137084989848,0.0,0.0,0.119845916795069,0.0282842712474619,0.0049614791987673,0.0070710678118654,2018.0,1995-09-07,,,,7
Grady Jarrett,ATL,DL,12305,weighted,,,,,,,,,,,,,,,,,,,,,,,,,,,,,,,,,,,,,,,,,,,,,2.57587057010786,1.67584307141212,0.2,3.92534764114705e-17,0.0,0.0,0.175192604006163,0.0353553390593274,0.0049614791987673,0.0070710678118654,2015.0,1993-04-28,,,,7
Kayvon Thibodeaux,NYG,DL,15806,weighted,,,,,,,,,,,,,,,,,,,,,,,,,,,,,,,,,,,,,,,,,,,,,2.36947075208914,1.25053483151831,0.854744661095636,0.0525331353297233,0.0099535747446611,0.0095514791508587,0.145255338904364,0.0525331353297233,0.0049767873723305,0.0047757395754293,2022.0,2000-12-15,,,,7
Sebastian Joseph,LAC,DL,13810,weighted,,,,,,,,,,,,,,,,,,,,,,,,,,,,,,,,,,,,,,,,,,,,,2.60144838212635,1.56977705423414,0.265269645608629,0.0494974746830583,0.0049614791987673,0.0070710678118654,0.129768875192604,0.0424264068711928,0.0049614791987673,0.0070710678118654,2018.0,1995-03-21,,,,7
Myles Garrett,CLE,DL,13198,weighted,,,,,,,,,,,,,,,,,,,,,,,,,,,,,,,,,,,,,,,,,,,,,2.47151346332405,0.996506733801175,0.870139275766017,0.0286544374525764,0.0,0.0,0.140278551532033,0.0573088749051527,0.0049767873723305,0.0047757395754293,2017.0,1995-12-29,,,,7
Zaven Collins,ARI,DL,15352,weighted,,,,,,,,,,,,,,,,,,,,,,,,,,,,,,,,,,,,,,,,,,,,,2.92039735099338,1.27279220613579,0.4,7.92166417128973e-17,0.1,1.98041604282243e-17,0.2,3.96083208564486e-17,0.0,0.0,2021.0,1999-05-19,,,,7
David Onyemata,ATL,DL,12782,weighted,,,,,,,,,,,,,,,,,,,,,,,,,,,,,,,,,,,,,,,,,,,,,1.76503249767874,1.43313398510775,0.239814298978644,0.0382059166034351,0.0049767873723305,0.0047757395754293,0.225348189415042,0.0716360936314408,0.0049767873723305,0.0047757395754293,2016.0,1992-11-13,,,,7
Justin Jones,CHI,DL,13748,weighted,,,,,,,,,,,,,,,,,,,,,,,,,,,,,,,,,,,,,,,,,,,,,2.13693593314763,1.12958598881025,0.154744661095636,0.0525331353297233,0.0,0.0,0.225348189415042,0.0716360936314408,0.0049767873723305,0.0047757395754293,2018.0,1995-08-17,,,,7
Justin Madubuike,BAL,DL,14900,weighted,,,,,,,,,,,,,,,,,,,,,,,,,,,,,,,,,,,,,,,,,,,,,2.82514637904468,0.89095454429505,0.495808936825886,0.148492424049175,0.0,0.0,0.114884437596302,0.0212132034355964,0.0049614791987673,0.0070710678118654,2020.0,1997-11-17,,,,7
Khalen Saunders,NO,DL,14215,weighted,,,,,,,,,,,,,,,,,,,,,,,,,,,,,,,,,,,,,,,,,,,,,1.60911792014856,1.6085070827697,0.154744661095636,0.0525331353297233,0.0,0.0,0.119907149489322,0.0191029583017176,0.0049767873723305,0.0047757395754293,2019.0,1970-01-01,,,,7
Lawrence Guy,NE,DL,10457,weighted,,,,,,,,,,,,,,,,,,,,,,,,,,,,,,,,,,,,,,,,,,,,,2.50298921417565,1.28693434175952,0.170231124807396,0.0424264068711928,0.0049614791987673,0.0070710678118654,0.0793836671802774,0.113137084989848,0.0049614791987673,0.0070710678118654,2011.0,1990-03-17,,,,7
Michael Danna,KC,DL,14978,weighted,,,,,,,,,,,,,,,,,,,,,,,,,,,,,,,,,,,,,,,,,,,,,2.07069637883008,1.07481461702723,0.460185701021356,0.0382059166034351,0.0,0.0,0.21041782729805,0.085963312357729,0.0049767873723305,0.0047757395754293,2020.0,1997-12-04,,,,7
D.J. Wonnum,MIN,DL,14947,weighted,,,,,,,,,,,,,,,,,,,,,,,,,,,,,,,,,,,,,,,,,,,,,1.42822655524605,1.51185880841789,0.234373259052925,0.128944968536593,0.0049767873723305,0.0047757395754293,0.114930362116992,0.0143272187262882,0.0552089136490251,0.0429816561788645,2020.0,1997-10-31,,,,7
Kwity Paye,IND,DL,15345,weighted,,,,,,,,,,,,,,,,,,,,,,,,,,,,,,,,,,,,,,,,,,,,,2.16148560817085,1.2026252372944,0.609953574744661,0.0095514791508587,0.0,0.0,0.0447910863509749,0.0429816561788645,0.0049767873723305,0.0047757395754293,2021.0,1998-11-19,,,,7
Calais Campbell,ATL,DL,9051,weighted,,,,,,,,,,,,,,,,,,,,,,,,,,,,,,,,,,,,,,,,,,,,,2.40872110939908,1.15258405333407,0.234730354391371,0.0494974746830583,0.0099229583975346,0.014142135623731,0.0793836671802774,0.113137084989848,0.0049614791987673,0.0070710678118654,2008.0,1986-09-01,,,,7
Deatrich Wise,NE,DL,13296,weighted,,,,,,,,,,,,,,,,,,,,,,,,,,,,,,,,,,,,,,,,,,,,,2.52514637904468,0.89095454429505,0.295038520801233,0.0070710678118654,0.0,0.0,0.165269645608629,0.0494974746830583,0.0049614791987673,0.0070710678118654,2017.0,1994-07-26,,,,7
Aidan Hutchinson,DET,DL,15805,weighted,,,,,,,,,,,,,,,,,,,,,,,,,,,,,,,,,,,,,,,,,,,,,2.3857938718663,0.686231178508504,0.719907149489322,0.0191029583017176,0.129860724233983,0.0286544374525763,0.409953574744661,0.0095514791508587,0.0099535747446611,0.0095514791508587,2022.0,2000-08-09,,,,7
Bradley Chubb,MIA,DL,13681,weighted,,,,,,,,,,,,,,,,,,,,,,,,,,,,,,,,,,,,,,,,,,,,,1.962191272052,0.994766817307582,0.304512534818941,0.100290531084017,0.0049767873723305,0.0047757395754293,0.0646982358402971,0.062084614480582,0.0049767873723305,0.0047757395754293,2018.0,1996-06-24,,,,7
Chase Young,WAS,DL,14877,weighted,,,,,,,,,,,,,,,,,,,,,,,,,,,,,,,,,,,,,,,,,,,,,1.94120705663881,0.975399466039613,0.409953574744661,0.0095514791508587,0.0049767873723305,0.0047757395754293,0.160185701021356,0.0382059166034351,0.0049767873723305,0.0047757395754293,2020.0,1999-04-14,,,,7
Jonathan Ledbetter,ARI,DL,14400,weighted,,,,,,,,,,,,,,,,,,,,,,,,,,,,,,,,,,,,,,,,,,,,,1.85574744661096,1.04747603697838,0.19455896007428,0.0907390519331584,0.0049767873723305,0.0047757395754293,0.0696750232126277,0.0668603540560114,0.0049767873723305,0.0047757395754293,2019.0,1997-09-12,,,,7
Larry Ogunjobi,PIT,DL,13265,weighted,,,,,,,,,,,,,,,,,,,,,,,,,,,,,,,,,,,,,,,,,,,,,2.43010785824345,0.898025612106915,0.239691833590139,0.0565685424949238,0.0,0.0,0.0644992295839753,0.0919238815542512,0.0049614791987673,0.0070710678118654,2017.0,1994-06-03,,,,7
Kenny Clark,GB,DL,12739,weighted,,,,,,,,,,,,,,,,,,,,,,,,,,,,,,,,,,,,,,,,,,,,,2.11787365177196,1.30814754519511,0.334730354391371,0.0494974746830583,0.0,0.0,0.0545762711864407,0.0777817459305202,0.0049614791987673,0.0070710678118654,2016.0,1995-10-04,,,,7
Chris Jones,KC,DL,12741,weighted,,,,,,,,,,,,,,,,,,,,,,,,,,,,,,,,,,,,,,,,,,,,,2.02419684308264,0.809345961814093,0.825812441968431,0.167150885140029,0.0049767873723305,0.0047757395754293,0.250696378830084,0.143272187262882,0.0049767873723305,0.0047757395754293,2016.0,1994-07-03,,,,7
Josh Allen,JAC,DL,14167,weighted,,,,,,,,,,,,,,,,,,,,,,,,,,,,,,,,,,,,,,,,,,,,,2.44649006622517,0.565685424949238,1.1,0.0,0.0,0.0,0.1,1.98041604282243e-17,0.0,0.0,2019.0,1997-07-13,,,,7
Samson Ebukam,IND,DL,13294,weighted,,,,,,,,,,,,,,,,,,,,,,,,,,,,,,,,,,,,,,,,,,,,,2.27130919220056,0.618794452824288,0.644791086350975,0.0429816561788645,0.0049767873723305,0.0047757395754293,0.0398142989786444,0.0382059166034351,0.0049767873723305,0.0047757395754293,2017.0,1995-05-09,,,,7
Vita Vea,TB,DL,13692,weighted,,,,,,,,,,,,,,,,,,,,,,,,,,,,,,,,,,,,,,,,,,,,,1.75327762302693,0.986730582615318,0.425348189415042,0.0716360936314408,0.0,0.0,0.054744661095636,0.0525331353297233,0.0049767873723305,0.0047757395754293,2018.0,1995-02-05,Q,Foot,2023.0,7
Dante Stills,ARI,DL,16344,weighted,,,,,,,,,,,,,,,,,,,,,,,,,,,,,,,,,,,,,,,,,,,,,2.81288,0.0212132034355966,0.33,0.0,0.01,0.0,0.13,0.0,0.01,0.0,2023.0,1999-12-14,,,,7
Josh Sweat,PHI,DL,13690,weighted,,,,,,,,,,,,,,,,,,,,,,,,,,,,,,,,,,,,,,,,,,,,,2.04646239554318,0.671947875945802,0.550696378830084,0.143272187262882,0.0049767873723305,0.0047757395754293,0.109953574744661,0.0095514791508587,0.0049767873723305,0.0047757395754293,2018.0,1997-03-29,,,,7
Nick Bosa,SF,DL,14147,weighted,,,,,,,,,,,,,,,,,,,,,,,,,,,,,,,,,,,,,,,,,,,,,2.07171773444754,0.544310053741393,0.695023212627669,0.0047757395754293,0.0049767873723305,0.0047757395754293,0.0900464252553389,0.0095514791508587,0.0049767873723305,0.0047757395754293,2019.0,1997-10-23,,,,7
Gregory Rousseau,BUF,DL,15346,weighted,,,,,,,,,,,,,,,,,,,,,,,,,,,,,,,,,,,,,,,,,,,,,2.20317880794702,0.494974746830583,0.8,1.58433283425795e-16,0.0,0.0,0.5,0.0,0.0,0.0,2021.0,2000-04-05,,,,7
Preston Smith,GB,DL,12270,weighted,,,,,,,,,,,,,,,,,,,,,,,,,,,,,,,,,,,,,,,,,,,,,2.08980132450331,0.636396103067893,0.5,0.0,0.0,0.0,0.1,1.98041604282243e-17,0.0,0.0,2015.0,1992-11-17,,,,7
Shaquil Barrett,TB,DL,12075,weighted,,,,,,,,,,,,,,,,,,,,,,,,,,,,,,,,,,,,,,,,,,,,,2.20317880794702,0.494974746830583,0.4,7.92166417128973e-17,0.1,1.98041604282243e-17,0.1,1.98041604282243e-17,0.1,1.98041604282243e-17,2014.0,1992-11-17,,,,7
Jaelan Phillips,MIA,DL,15349,weighted,,,,,,,,,,,,,,,,,,,,,,,,,,,,,,,,,,,,,,,,,,,,,1.57960264900662,1.27279220613579,0.3,0.0,0.0,0.0,0.1,1.98041604282243e-17,0.0,0.0,2021.0,1999-05-28,,,,7
Montez Sweat,WAS,DL,14148,weighted,,,,,,,,,,,,,,,,,,,,,,,,,,,,,,,,,,,,,,,,,,,,,1.8461095636026,0.779977571996551,0.530324976787372,0.0668603540560114,0.0049767873723305,0.0047757395754293,0.155208913649025,0.0429816561788645,0.0049767873723305,0.0047757395754293,2019.0,1996-09-04,,,,7
Jonathon Cooper,DEN,DL,15484,weighted,,,,,,,,,,,,,,,,,,,,,,,,,,,,,,,,,,,,,,,,,,,,,2.05986754966887,0.424264068711928,0.7,0.0,0.0,0.0,0.2,3.96083208564486e-17,0.1,1.98041604282243e-17,2021.0,1998-01-08,,,,7
Yannick Ngakoue,CHI,DL,12756,weighted,,,,,,,,,,,,,,,,,,,,,,,,,,,,,,,,,,,,,,,,,,,,,1.90254410399257,0.518445617254665,0.449767873723306,0.0477573957542939,0.0099535747446611,0.0095514791508587,0.109953574744661,0.0095514791508587,0.0049767873723305,0.0047757395754293,2016.0,1995-03-31,,,,7
T.J. Watt,PIT,DL,13214,weighted,,,,,,,,,,,,,,,,,,,,,,,,,,,,,,,,,,,,,,,,,,,,,2.01655629139073,0.353553390593274,1.1,0.0,0.0,0.0,0.6,0.0,0.1,1.98041604282243e-17,2017.0,1994-10-11,,,,7
Uchenna Nwosu,SEA,DL,13704,weighted,,,,,,,,,,,,,,,,,,,,,,,,,,,,,,,,,,,,,,,,,,,,,2.07324503311258,0.282842712474619,0.6,0.0,0.0,0.0,0.2,3.96083208564486e-17,0.0,0.0,2018.0,1996-12-28,,,,7
Tuli Tuipulotu,LAC,DL,16266,weighted,,,,,,,,,,,,,,,,,,,,,,,,,,,,,,,,,,,,,,,,,,,,,2.17006622516556,0.212132034355964,0.2,3.96083208564486e-17,0.0,0.0,0.0,0.0,0.0,0.0,2023.0,2002-09-03,,,,7
Alex Highsmith,PIT,DL,14940,weighted,,,,,,,,,,,,,,,,,,,,,,,,,,,,,,,,,,,,,,,,,,,,,1.74649006622517,0.565685424949238,0.5,0.0,0.1,1.98041604282243e-17,0.2,3.96083208564486e-17,0.1,1.98041604282243e-17,2020.0,1997-08-07,,,,7
Jayson Oweh,BAL,DL,15378,weighted,,,,,,,,,,,,,,,,,,,,,,,,,,,,,,,,,,,,,,,,,,,,,1.63311258278146,0.707106781186548,0.4,7.92166417128973e-17,0.0,0.0,0.1,1.98041604282243e-17,0.0,0.0,2021.0,1998-12-15,,,,7
Khalil Mack,LAC,DL,11721,weighted,,,,,,,,,,,,,,,,,,,,,,,,,,,,,,,,,,,,,,,,,,,,,1.87324503311258,0.282842712474619,0.8,1.58433283425795e-16,0.0,0.0,0.2,3.96083208564486e-17,0.0,0.0,2014.0,1991-02-22,,,,7
Joey Bosa,LAC,DL,12686,weighted,,,,,,,,,,,,,,,,,,,,,,,,,,,,,,,,,,,,,,,,,,,,,1.64649006622517,0.565685424949238,0.8,1.58433283425795e-16,0.0,0.0,0.1,1.98041604282243e-17,0.0,0.0,2016.0,1995-07-11,,,,7
Michael Hoecht,LAR,DL,15565,weighted,,,,,,,,,,,,,,,,,,,,,,,,,,,,,,,,,,,,,,,,,,,,,1.4764238410596,0.777817459305202,0.2,3.96083208564486e-17,0.0,0.0,0.1,1.98041604282243e-17,0.0,0.0,2020.0,1997-10-05,,,,7
Charles Harris,DET,DL,13204,weighted,,,,,,,,,,,,,,,,,,,,,,,,,,,,,,,,,,,,,,,,,,,,,1.64649006622517,0.565685424949238,0.3,0.0,0.0,0.0,0.1,1.98041604282243e-17,0.0,0.0,2017.0,,,,,7
Byron Young,LAR,DL,16276,weighted,,,,,,,,,,,,,,,,,,,,,,,,,,,,,,,,,,,,,,,,,,,,,1.03629139072848,1.20208152801713,0.3,0.0,0.0,0.0,0.0,0.0,0.0,0.0,2023.0,1998-03-13,,,,7
Malcolm Koonce,LVR,DL,15395,weighted,,,,,,,,,,,,,,,,,,,,,,,,,,,,,,,,,,,,,,,,,,,,,1.09298013245033,1.13137084989848,0.4,7.92166417128973e-17,0.0,0.0,0.1,1.98041604282243e-17,0.0,0.0,2021.0,1998-06-06,,,,7
Joe Tryon,TB,DL,15379,weighted,,,,,,,,,,,,,,,,,,,,,,,,,,,,,,,,,,,,,,,,,,,,,1.65986754966887,0.424264068711929,0.4,7.92166417128973e-17,0.0,0.0,0.2,3.96083208564486e-17,0.0,0.0,2021.0,1999-04-30,,,,7
Andrew Van Ginkel,MIA,DL,14249,weighted,,,,,,,,,,,,,,,,,,,,,,,,,,,,,,,,,,,,,,,,,,,,,1.94331125827815,0.0707106781186548,0.3,0.0,0.0,0.0,0.2,3.96083208564486e-17,0.0,0.0,2019.0,1995-07-01,,,,7
Nik Bonitto,DEN,DL,15861,weighted,,,,,,,,,,,,,,,,,,,,,,,,,,,,,,,,,,,,,,,,,,,,,1.72993377483444,0.212132034355964,0.5,0.0,0.0,0.0,0.1,1.98041604282243e-17,0.0,0.0,2022.0,1999-09-26,,,,7
Bryan Bresee,NO,DL,16256,weighted,,,,,,,,,,,,,,,,,,,,,,,,,,,,,,,,,,,,,,,,,,,,,0.949668874172185,1.06066017177982,0.4,7.92166417128973e-17,0.0,0.0,0.2,3.96083208564486e-17,0.0,0.0,2023.0,2001-10-06,,,,7
Javon Hargrave,SF,DL,12764,weighted,,,,,,,,,,,,,,,,,,,,,,,,,,,,,,,,,,,,,,,,,,,,,1.11973509933775,0.848528137423857,0.5,0.0,0.0,0.0,0.1,1.98041604282243e-17,0.0,0.0,2016.0,1993-02-07,,,,7
Jadeveon Clowney,BAL,DL,11706,weighted,,,,,,,,,,,,,,,,,,,,,,,,,,,,,,,,,,,,,,,,,,,,,1.40317880794702,0.494974746830583,0.5,0.0,0.0,0.0,0.2,3.96083208564486e-17,0.0,0.0,2014.0,1993-02-14,,,,7
DeMarcus Walker,CHI,DL,13258,weighted,,,,,,,,,,,,,,,,,,,,,,,,,,,,,,,,,,,,,,,,,,,,,1.51655629139073,0.353553390593274,0.3,0.0,0.0,0.0,0.0,0.0,0.0,0.0,2017.0,1994-09-30,,,,7
Travon Walker,JAC,DL,15815,weighted,,,,,,,,,,,,,,,,,,,,,,,,,,,,,,,,,,,,,,,,,,,,,1.24649006622517,0.565685424949238,0.4,7.92166417128973e-17,0.0,0.0,0.1,1.98041604282243e-17,0.0,0.0,2022.0,2000-12-18,,,,7
Trey Flowers,NE,DL,12222,weighted,,,,,,,,,,,,,,,,,,,,,,,,,,,,,,,,,,,,,,,,,,,,,1.13311258278146,0.707106781186548,0.4,7.92166417128973e-17,0.0,0.0,0.2,3.96083208564486e-17,0.0,0.0,2015.0,1993-08-16,,Foot,2023.0,7
Dayo Odeyingbo,IND,DL,15386,weighted,,,,,,,,,,,,,,,,,,,,,,,,,,,,,,,,,,,,,,,,,,,,,0.849668874172186,1.06066017177982,0.2,3.96083208564486e-17,0.0,0.0,0.1,1.98041604282243e-17,0.0,0.0,2021.0,1999-09-24,,,,7
Rashan Gary,GB,DL,14149,weighted,,,,,,,,,,,,,,,,,,,,,,,,,,,,,,,,,,,,,,,,,,,,,0.919735099337748,0.848528137423857,0.3,0.0,0.0,0.0,0.3,0.0,0.0,0.0,2019.0,1997-12-03,,,,7
Boye Mafe,SEA,DL,15853,weighted,,,,,,,,,,,,,,,,,,,,,,,,,,,,,,,,,,,,,,,,,,,,,1.15986754966887,0.424264068711929,0.4,7.92166417128973e-17,0.0,0.0,0.0,0.0,0.0,0.0,2022.0,1998-11-30,,,,7
Khyiris Tonga,MIN,DL,15492,weighted,,,,,,,,,,,,,,,,,,,,,,,,,,,,,,,,,,,,,,,,,,,,,0.819735099337748,0.848528137423857,0.2,3.96083208564486e-17,0.0,0.0,0.1,1.98041604282243e-17,0.0,0.0,2021.0,1996-07-07,,,,7
Arik Armstead,SF,DL,12218,weighted,,,,,,,,,,,,,,,,,,,,,,,,,,,,,,,,,,,,,,,,,,,,,1.10317880794702,0.494974746830583,0.2,3.96083208564486e-17,0.0,0.0,0.0,0.0,0.0,0.0,2015.0,1993-11-15,,,,7
George Karlaftis,KC,DL,15808,weighted,,,,,,,,,,,,,,,,,,,,,,,,,,,,,,,,,,,,,,,,,,,,,0.663046357615894,0.919238815542512,0.5,0.0,0.0,0.0,0.5,0.0,0.0,0.0,2022.0,2001-04-03,,,,7
A.J. Epenesa,BUF,DL,14879,weighted,,,,,,,,,,,,,,,,,,,,,,,,,,,,,,,,,,,,,,,,,,,,,1.00317880794702,0.494974746830583,0.5,0.0,0.0,0.0,0.3,0.0,0.0,0.0,2020.0,1998-09-15,,,,7
Jordan Davis,PHI,DL,15817,weighted,,,,,,,,,,,,,,,,,,,,,,,,,,,,,,,,,,,,,,,,,,,,,0.833112582781457,0.707106781186547,0.3,0.0,0.0,0.0,0.0,0.0,0.0,0.0,2022.0,2000-01-12,,,,7
Baron Browning,DEN,DL,15356,weighted,,,,,,,,,,,,,,,,,,,,,,,,,,,,,,,,,,,,,,,,,,,,,0.776423841059603,0.777817459305202,0.3,0.0,0.0,0.0,0.1,1.98041604282243e-17,0.0,0.0,2021.0,1999-02-19,,,,7
Ogbonnia Okoronkwo,CLE,DL,13685,weighted,,,,,,,,,,,,,,,,,,,,,,,,,,,,,,,,,,,,,,,,,,,,,1.35668874172185,0.0707106781186547,0.3,0.0,0.0,0.0,0.1,1.98041604282243e-17,0.0,0.0,2018.0,1995-04-24,,,,7
Bud Dupree,ATL,DL,12234,weighted,,,,,,,,,,,,,,,,,,,,,,,,,,,,,,,,,,,,,,,,,,,,,0.676423841059603,0.777817459305202,0.3,0.0,0.0,0.0,0.3,0.0,0.0,0.0,2015.0,1993-02-12,,,,7
Romeo Okwara,DET,DL,12948,weighted,,,,,,,,,,,,,,,,,,,,,,,,,,,,,,,,,,,,,,,,,,,,,0.733112582781457,0.707106781186548,0.3,0.0,0.0,0.0,0.0,0.0,0.0,0.0,2016.0,1995-06-17,,,,7
Darrell Taylor,SEA,DL,14923,weighted,,,,,,,,,,,,,,,,,,,,,,,,,,,,,,,,,,,,,,,,,,,,,1.07324503311258,0.282842712474619,0.3,0.0,0.0,0.0,0.1,1.98041604282243e-17,0.0,0.0,2020.0,1997-03-24,,,,7
Christian Barmore,NE,DL,15357,weighted,,,,,,,,,,,,,,,,,,,,,,,,,,,,,,,,,,,,,,,,,,,,,0.90317880794702,0.494974746830583,0.1,1.98041604282243e-17,0.0,0.0,0.3,0.0,0.0,0.0,2021.0,1999-07-28,Q,Knee,2023.0,7
D.J. Jones,DEN,DL,13332,weighted,,,,,,,,,,,,,,,,,,,,,,,,,,,,,,,,,,,,,,,,,,,,,1.01655629139073,0.353553390593274,0.0,0.0,0.0,0.0,0.1,1.98041604282243e-17,0.0,0.0,2017.0,1995-01-19,,,,7
K'Lavon Chaisson,JAC,DL,14888,weighted,,,,,,,,,,,,,,,,,,,,,,,,,,,,,,,,,,,,,,,,,,,,,0.916556291390728,0.353553390593274,0.3,0.0,0.0,0.0,0.0,0.0,0.0,0.0,2020.0,1999-07-25,,,,7
Von Miller,BUF,DL,10267,weighted,,,,,,,,,,,,,,,,,,,,,,,,,,,,,,,,,,,,,,,,,,,,,0.873245033112583,0.282842712474619,0.3,0.0,0.0,0.0,0.1,1.98041604282243e-17,0.0,0.0,2011.0,1989-03-26,,,,7
Jerry Tillery,LVR,DL,14161,weighted,,,,,,,,,,,,,,,,,,,,,,,,,,,,,,,,,,,,,,,,,,,,,0.70317880794702,0.494974746830583,0.1,1.98041604282243e-17,0.0,0.0,0.0,0.0,0.0,0.0,2019.0,1996-10-08,,,,7
Brandon Graham,PHI,DL,9826,weighted,,,,,,,,,,,,,,,,,,,,,,,,,,,,,,,,,,,,,,,,,,,,,0.546490066225166,0.565685424949238,0.3,0.0,0.0,0.0,0.0,0.0,0.0,0.0,2010.0,1988-04-03,,,,7
Jalen Carter,PHI,DL,16233,weighted,,,,,,,,,,,,,,,,,,,,,,,,,,,,,,,,,,,,,,,,,,,,,0.389801324503311,0.636396103067893,0.3,0.0,0.0,0.0,0.0,0.0,0.0,0.0,2023.0,2001-04-04,,,,7
Drake Jackson,SF,DL,15811,weighted,,,,,,,,,,,,,,,,,,,,,,,,,,,,,,,,,,,,,,,,,,,,,0.359867549668874,0.424264068711929,0.3,0.0,0.0,0.0,0.3,0.0,0.0,0.0,2022.0,2001-04-12,,,,7
Alex Singleton,DEN,LB,14412,weighted,,,,,,,,,,,,,,,,,,,,,,,,,,,,,,,,,,,,,,,,,,,,,6.60590529247911,3.67849361150084,0.0199071494893222,0.0191029583017175,0.0248839368616527,0.0238786978771469,0.299535747446611,0.0955147915085878,0.0049767873723305,0.0047757395754293,2015.0,1993-12-07,,,,7
Foyesade Oluokun,JAC,LB,13813,weighted,,,,,,,,,,,,,,,,,,,,,,,,,,,,,,,,,,,,,,,,,,,,,7.36909935004643,2.8922692615688,0.109953574744661,0.0095514791508587,0.0248839368616527,0.0238786978771469,0.395023212627669,0.0047757395754293,0.0049767873723305,0.0047757395754293,2018.0,1995-08-02,,,,7
Roquan Smith,BAL,LB,13696,weighted,,,,,,,,,,,,,,,,,,,,,,,,,,,,,,,,,,,,,,,,,,,,,6.2433426183844,3.49502385807598,0.255208913649025,0.0429816561788645,0.0950232126276695,0.0047757395754293,0.520371402042711,0.0764118332068702,0.0049767873723305,0.0047757395754293,2018.0,1997-04-08,,,,7
Zaire Franklin,IND,LB,13837,weighted,,,,,,,,,,,,,,,,,,,,,,,,,,,,,,,,,,,,,,,,,,,,,6.96534818941504,3.01912133648803,0.280092850510678,0.0191029583017175,0.0149303621169916,0.0143272187262882,0.360185701021356,0.0382059166034351,0.0049767873723305,0.0047757395754293,2018.0,1996-07-02,,,,7
Ernest Jones,LAR,LB,15404,weighted,,,,,,,,,,,,,,,,,,,,,,,,,,,,,,,,,,,,,,,,,,,,,6.18300835654596,3.07864699990317,0.114930362116992,0.0143272187262882,0.0900464252553389,0.0095514791508587,0.319442896935933,0.114617749810305,0.0049767873723305,0.0047757395754293,2021.0,1999-11-22,Q,Knee,2023.0,7
Nick Bolton,KC,LB,15355,weighted,,,,,,,,,,,,,,,,,,,,,,,,,,,,,,,,,,,,,,,,,,,,,5.86789229340761,3.16936530107159,0.0298607242339833,0.0286544374525763,0.0800928505106778,0.0191029583017176,0.299535747446611,0.0955147915085878,0.0049767873723305,0.0047757395754293,2021.0,2000-03-10,,,,7
Bobby Okereke,NYG,LB,14218,weighted,,,,,,,,,,,,,,,,,,,,,,,,,,,,,,,,,,,,,,,,,,,,,6.24852367688022,2.80963282637003,0.0900464252553389,0.0095514791508587,0.0850696378830084,0.0143272187262882,0.550696378830084,0.143272187262882,0.0049767873723305,0.0047757395754293,2019.0,1996-07-29,,,,7
T.J. Edwards,CHI,LB,14322,weighted,,,,,,,,,,,,,,,,,,,,,,,,,,,,,,,,,,,,,,,,,,,,,6.158904363974,3.06002413199437,0.170139275766017,0.0286544374525763,0.0298607242339833,0.0286544374525763,0.244326833797586,0.138496447687452,0.0049767873723305,0.0047757395754293,2019.0,1996-08-12,,,,7
Cody Barton,WAS,LB,14217,weighted,,,,,,,,,,,,,,,,,,,,,,,,,,,,,,,,,,,,,,,,,,,,,5.60059424326834,3.13713417356337,0.0497678737233055,0.0477573957542939,0.0298607242339833,0.0286544374525763,0.239350046425255,0.133720708112023,0.0049767873723305,0.0047757395754293,2019.0,1996-11-13,,,,7
Terrel Bernard,BUF,LB,15869,weighted,,,,,,,,,,,,,,,,,,,,,,,,,,,,,,,,,,,,,,,,,,,,,6.23754874651811,2.66006272545038,0.195023212627669,0.0047757395754293,0.200464252553389,0.0955147915085878,0.429860724233983,0.0286544374525763,0.0049767873723305,0.0047757395754293,2022.0,1999-05-07,,,,7
Jordan Hicks,MIN,LB,12287,weighted,,,,,,,,,,,,,,,,,,,,,,,,,,,,,,,,,,,,,,,,,,,,,5.64599814298979,2.74002479998225,0.144791086350975,0.0429816561788645,0.0950232126276695,0.0047757395754293,0.465162488393686,0.0334301770280057,0.0552089136490251,0.0429816561788645,2015.0,1992-06-27,,,,7
Bobby Wagner,SEA,LB,10775,weighted,,,,,,,,,,,,,,,,,,,,,,,,,,,,,,,,,,,,,,,,,,,,,5.66627669452182,2.92351421828301,0.245255338904364,0.0525331353297233,0.0950232126276695,0.0047757395754293,0.309489322191272,0.105066270659447,0.0049767873723305,0.0047757395754293,2012.0,1990-06-27,,,,7
Tremaine Edmunds,CHI,LB,13697,weighted,,,,,,,,,,,,,,,,,,,,,,,,,,,,,,,,,,,,,,,,,,,,,5.14155988857939,2.95958273707659,0.0199071494893222,0.0191029583017175,0.0398142989786444,0.0382059166034351,0.309489322191272,0.105066270659447,0.0049767873723305,0.0047757395754293,2018.0,1998-05-02,,,,7
Fred Warner,SF,LB,13743,weighted,,,,,,,,,,,,,,,,,,,,,,,,,,,,,,,,,,,,,,,,,,,,,5.67598885793872,2.37973672782238,0.155208913649025,0.0429816561788645,0.130324976787372,0.0668603540560114,0.480557103064067,0.114617749810305,0.0049767873723305,0.0047757395754293,2018.0,1996-11-19,,,,7
Kyzir White,ARI,LB,13762,weighted,,,,,,,,,,,,,,,,,,,,,,,,,,,,,,,,,,,,,,,,,,,,,5.39182915506035,2.69821672342183,0.220371402042711,0.0764118332068702,0.109953574744661,0.0095514791508587,0.38958217270195,0.085963312357729,0.0049767873723305,0.0047757395754293,2018.0,1996-03-24,,,,7
Ja'Whaun Bentley,NE,LB,13775,weighted,,,,,,,,,,,,,,,,,,,,,,,,,,,,,,,,,,,,,,,,,,,,,4.46683379758589,3.19236131624284,0.175116063138347,0.0238786978771469,0.0199071494893222,0.0191029583017175,0.254744661095636,0.0525331353297233,0.0049767873723305,0.0047757395754293,2018.0,1996-08-24,,,,7
Lavonte David,TB,LB,10768,weighted,,,,,,,,,,,,,,,,,,,,,,,,,,,,,,,,,,,,,,,,,,,,,5.76542246982358,2.17944725586329,0.245255338904364,0.0525331353297233,0.0348375116063138,0.0334301770280057,0.344791086350975,0.0429816561788645,0.0049767873723305,0.0047757395754293,2012.0,1990-01-23,,,,7
Robert Spillane,LVR,LB,13987,weighted,,,,,,,,,,,,,,,,,,,,,,,,,,,,,,,,,,,,,,,,,,,,,4.77929433611885,2.74966959084696,0.104976787372331,0.0047757395754293,0.140278551532033,0.0573088749051527,0.354744661095636,0.0525331353297233,0.0049767873723305,0.0047757395754293,2018.0,1995-12-14,,,,7
Jordyn Brooks,SEA,LB,14892,weighted,,,,,,,,,,,,,,,,,,,,,,,,,,,,,,,,,,,,,,,,,,,,,4.79576601671309,3.04428900392373,0.190510677808728,0.105066270659447,0.0049767873723305,0.0047757395754293,0.229860724233983,0.0286544374525763,0.0049767873723305,0.0047757395754293,2020.0,1997-10-21,,,,7
Isaiah McDuffie,GB,LB,15473,weighted,,,,,,,,,,,,,,,,,,,,,,,,,,,,,,,,,,,,,,,,,,,,,5.01855153203343,2.43274049930852,0.130324976787372,0.0668603540560114,0.0099535747446611,0.0095514791508587,0.18958217270195,0.085963312357729,0.0049767873723305,0.0047757395754293,2021.0,1999-07-21,,,,7
Cole Holcomb,PIT,LB,14260,weighted,,,,,,,,,,,,,,,,,,,,,,,,,,,,,,,,,,,,,,,,,,,,,5.43541318477252,2.13868693349004,0.0751160631383473,0.0238786978771469,0.0199071494893222,0.0191029583017175,0.309953574744661,0.0095514791508587,0.0049767873723305,0.0047757395754293,2019.0,1996-07-30,,,,7
Patrick Queen,BAL,LB,14896,weighted,,,,,,,,,,,,,,,,,,,,,,,,,,,,,,,,,,,,,,,,,,,,,4.98155988857939,2.44408070918672,0.330324976787372,0.0668603540560114,0.0751160631383473,0.0238786978771469,0.304976787372331,0.0047757395754293,0.0049767873723305,0.0047757395754293,2020.0,1999-08-13,,,,7
Alex Anzalone,DET,LB,13268,weighted,,,,,,,,,,,,,,,,,,,,,,,,,,,,,,,,,,,,,,,,,,,,,5.56376973073352,2.003165240558,0.109953574744661,0.0095514791508587,0.0199071494893222,0.0191029583017175,0.40544103992572,0.0907390519331584,0.0049767873723305,0.0047757395754293,2017.0,1994-09-22,,,,7
Devin Lloyd,JAC,LB,15822,weighted,,,,,,,,,,,,,,,,,,,,,,,,,,,,,,,,,,,,,,,,,,,,,4.33392757660167,2.75942805722471,0.0149303621169916,0.0143272187262882,0.0900464252553389,0.0095514791508587,0.550696378830084,0.143272187262882,0.0049767873723305,0.0047757395754293,2022.0,1998-09-30,,,,7
Pete Werner,NO,LB,15387,weighted,,,,,,,,,,,,,,,,,,,,,,,,,,,,,,,,,,,,,,,,,,,,,5.05821727019499,2.36615653443923,0.125348189415042,0.0716360936314408,0.0701392757660167,0.0286544374525763,0.304976787372331,0.0047757395754293,0.0049767873723305,0.0047757395754293,2021.0,1999-06-05,,,,7
Devin White,TB,LB,14168,weighted,,,,,,,,,,,,,,,,,,,,,,,,,,,,,,,,,,,,,,,,,,,,,4.90681522748375,2.3107636584896,0.204976787372331,0.0047757395754293,0.0751160631383473,0.0238786978771469,0.304976787372331,0.0047757395754293,0.0049767873723305,0.0047757395754293,2019.0,1998-02-17,,,,7
Kaden Elliss,ATL,LB,14303,weighted,,,,,,,,,,,,,,,,,,,,,,,,,,,,,,,,,,,,,,,,,,,,,4.91442896935933,2.12400712678577,0.354744661095636,0.0525331353297233,0.0149303621169916,0.0143272187262882,0.179628597957289,0.0764118332068702,0.0049767873723305,0.0047757395754293,2019.0,1995-06-10,,,,7
Divine Deablo,LVR,LB,15396,weighted,,,,,,,,,,,,,,,,,,,,,,,,,,,,,,,,,,,,,,,,,,,,,4.22506963788301,2.70218641188245,0.0751160631383473,0.0238786978771469,0.0099535747446611,0.0095514791508587,0.18958217270195,0.085963312357729,0.0049767873723305,0.0047757395754293,2021.0,1998-08-17,,,,7
Kenneth Murray,LAC,LB,14889,weighted,,,,,,,,,,,,,,,,,,,,,,,,,,,,,,,,,,,,,,,,,,,,,5.03194057567317,1.86339941642964,0.1,0.0,0.0701392757660167,0.0286544374525763,0.304976787372331,0.0047757395754293,0.0049767873723305,0.0047757395754293,2020.0,1998-11-16,,,,7
Dre Greenlaw,SF,LB,14247,weighted,,,,,,,,,,,,,,,,,,,,,,,,,,,,,,,,,,,,,,,,,,,,,4.90092850510678,1.88758822366124,0.0751160631383473,0.0238786978771469,0.0149303621169916,0.0143272187262882,0.295023212627669,0.0047757395754293,0.0049767873723305,0.0047757395754293,2019.0,1997-05-25,Q,Hamstring,2023.0,7
Josey Jewell,DEN,LB,13702,weighted,,,,,,,,,,,,,,,,,,,,,,,,,,,,,,,,,,,,,,,,,,,,,4.37234911792015,2.53492418481594,0.1,0.0,0.0651624883936862,0.0334301770280057,0.295023212627669,0.0047757395754293,0.0049767873723305,0.0047757395754293,2018.0,1994-12-25,,,,7
Jamin Davis,WAS,LB,15373,weighted,,,,,,,,,,,,,,,,,,,,,,,,,,,,,,,,,,,,,,,,,,,,,4.66675951717735,2.00831015638321,0.204976787372331,0.0047757395754293,0.0701392757660167,0.0286544374525763,0.285069637883008,0.0143272187262882,0.0049767873723305,0.0047757395754293,2021.0,1998-12-12,,,,7
Micah McFadden,NYG,LB,15890,weighted,,,,,,,,,,,,,,,,,,,,,,,,,,,,,,,,,,,,,,,,,,,,,4.47866295264624,2.02535423201917,0.18958217270195,0.085963312357729,0.0800928505106778,0.0191029583017176,0.304976787372331,0.0047757395754293,0.0049767873723305,0.0047757395754293,2022.0,2000-01-03,,,,7
Demario Davis,NO,LB,10816,weighted,,,,,,,,,,,,,,,,,,,,,,,,,,,,,,,,,,,,,,,,,,,,,3.9691922005571,2.47974660572044,0.355208913649025,0.0429816561788645,0.0149303621169916,0.0143272187262882,0.325348189415042,0.0716360936314408,0.0049767873723305,0.0047757395754293,2012.0,1989-01-11,,,,7
Darius Leonard,IND,LB,13733,weighted,,,,,,,,,,,,,,,,,,,,,,,,,,,,,,,,,,,,,,,,,,,,,4.37719591457753,1.92343940514506,0.0751160631383473,0.0238786978771469,0.1,0.0,0.259257195914578,0.15282366641374,0.0049767873723305,0.0047757395754293,2018.0,,,,,7
David Long,MIA,LB,14268,weighted,,,,,,,,,,,,,,,,,,,,,,,,,,,,,,,,,,,,,,,,,,,,,4.20657381615599,2.43020648982644,0.135301764159703,0.062084614480582,0.0298607242339833,0.0286544374525763,0.219442896935933,0.114617749810305,0.0049767873723305,0.0047757395754293,2019.0,1970-01-01,,,,7
Jeremiah Owusu-Koramoah,CLE,LB,15351,weighted,,,,,,,,,,,,,,,,,,,,,,,,,,,,,,,,,,,,,,,,,,,,,4.51634168987929,1.85750993155586,0.150232126276695,0.0477573957542939,0.0099535747446611,0.0095514791508587,0.275116063138347,0.0238786978771469,0.0049767873723305,0.0047757395754293,2021.0,1999-11-04,,,,7
Dorian Williams,BUF,LB,16284,weighted,,,,,,,,,,,,,,,,,,,,,,,,,,,,,,,,,,,,,,,,,,,,,6.30429333333333,0.0070710678118653,0.09,1.9825159407563102e-17,0.03,0.0,0.26,0.0,0.01,0.0,2023.0,2001-06-28,,,,7
Derrick Barnes,DET,LB,15409,weighted,,,,,,,,,,,,,,,,,,,,,,,,,,,,,,,,,,,,,,,,,,,,,3.61103064066852,2.16191603917939,0.144791086350975,0.0429816561788645,0.0099535747446611,0.0095514791508587,0.164698235840297,0.062084614480582,0.0049767873723305,0.0047757395754293,2021.0,1999-05-29,,,,7
Zach Cunningham,PHI,LB,13216,weighted,,,,,,,,,,,,,,,,,,,,,,,,,,,,,,,,,,,,,,,,,,,,,3.83036211699164,2.00025557278583,0.0099535747446611,0.0095514791508587,0.0099535747446611,0.0095514791508587,0.169675023212628,0.0668603540560114,0.0049767873723305,0.0047757395754293,2017.0,1994-12-12,,,,7
Chad Muma,JAC,LB,15830,weighted,,,,,,,,,,,,,,,,,,,,,,,,,,,,,,,,,,,,,,,,,,,,,3.2108635097493,2.28141679136031,0.134837511606314,0.0334301770280057,0.0099535747446611,0.0095514791508587,0.320371402042711,0.0764118332068702,0.0049767873723305,0.0047757395754293,2022.0,1999-08-18,,,,7
Eric Kendricks,LAC,LB,12239,weighted,,,,,,,,,,,,,,,,,,,,,,,,,,,,,,,,,,,,,,,,,,,,,4.55058495821727,1.85331553200013,0.150232126276695,0.0477573957542939,0.0701392757660167,0.0286544374525763,0.290046425255339,0.0095514791508587,0.0049767873723305,0.0047757395754293,2015.0,1992-02-29,,,,7
Jahlani Tavai,NE,LB,14200,weighted,,,,,,,,,,,,,,,,,,,,,,,,,,,,,,,,,,,,,,,,,,,,,3.88180129990715,1.62645916461126,0.170139275766017,0.0286544374525763,0.0651624883936862,0.0334301770280057,0.280092850510678,0.0191029583017175,0.0049767873723305,0.0047757395754293,2019.0,1996-09-28,,,,7
Quay Walker,GB,LB,15846,weighted,,,,,,,,,,,,,,,,,,,,,,,,,,,,,,,,,,,,,,,,,,,,,3.11907284768212,2.9698484809835,0.1,1.98041604282243e-17,0.0,0.0,0.3,0.0,0.0,0.0,2022.0,2000-05-08,Q,Knee,2023.0,7
Nate Landman,ATL,LB,16013,weighted,,,,,,,,,,,,,,,,,,,,,,,,,,,,,,,,,,,,,,,,,,,,,4.63352850539291,1.1879393923934,0.0751926040061633,0.0353553390593274,0.0248073959938367,0.0353553390593274,0.199229583975347,0.14142135623731,0.0049614791987673,0.0070710678118654,2022.0,1998-11-19,,,,7
Willie Gay,KC,LB,14926,weighted,,,,,,,,,,,,,,,,,,,,,,,,,,,,,,,,,,,,,,,,,,,,,3.61039925719591,1.4333230925857,0.0950232126276695,0.0047757395754293,0.0199071494893222,0.0191029583017175,0.340278551532033,0.0573088749051527,0.0049767873723305,0.0047757395754293,2020.0,1998-02-15,,,,7
Nicholas Morrow,PHI,LB,13426,weighted,,,,,,,,,,,,,,,,,,,,,,,,,,,,,,,,,,,,,,,,,,,,,3.73998142989786,1.13385729938159,0.0900464252553389,0.0095514791508587,0.0199071494893222,0.0191029583017175,0.184605385329619,0.0811875727822996,0.0049767873723305,0.0047757395754293,2017.0,1995-07-10,,,,7
Eric Wilson,GB,LB,13447,weighted,,,,,,,,,,,,,,,,,,,,,,,,,,,,,,,,,,,,,,,,,,,,,2.50274837511606,1.92569495077059,0.150232126276695,0.0477573957542939,0.0149303621169916,0.0143272187262882,0.119442896935933,0.114617749810305,0.0049767873723305,0.0047757395754293,2017.0,1994-09-26,,,,7
Elandon Roberts,PIT,LB,12831,weighted,,,,,,,,,,,,,,,,,,,,,,,,,,,,,,,,,,,,,,,,,,,,,3.6397400185701,1.35584216905819,0.104976787372331,0.0047757395754293,0.0049767873723305,0.0047757395754293,0.144791086350975,0.0429816561788645,0.0049767873723305,0.0047757395754293,2016.0,1994-04-22,,,,7
Jack Campbell,DET,LB,16239,weighted,,,,,,,,,,,,,,,,,,,,,,,,,,,,,,,,,,,,,,,,,,,,,3.15522748375116,1.15405550973565,0.170139275766017,0.0286544374525763,0.0099535747446611,0.0095514791508587,0.204976787372331,0.0047757395754293,0.0049767873723305,0.0047757395754293,2023.0,2000-08-22,,,,7
Jerome Baker,MIA,LB,13706,weighted,,,,,,,,,,,,,,,,,,,,,,,,,,,,,,,,,,,,,,,,,,,,,3.19615894039735,1.62634559672906,0.4,7.92166417128973e-17,0.0,0.0,0.1,1.98041604282243e-17,0.0,0.0,2018.0,1996-12-25,,,,7
Josh Woods,ARI,LB,14379,weighted,,,,,,,,,,,,,,,,,,,,,,,,,,,,,,,,,,,,,,,,,,,,,2.92885793871866,1.41918803069021,0.0751160631383473,0.0238786978771469,0.0199071494893222,0.0191029583017175,0.229860724233983,0.0286544374525763,0.0049767873723305,0.0047757395754293,2018.0,1996-07-01,Q,Back,2023.0,7
E.J. Speed,IND,LB,14257,weighted,,,,,,,,,,,,,,,,,,,,,,,,,,,,,,,,,,,,,,,,,,,,,3.31381615598886,1.42045699944587,0.180092850510678,0.0191029583017176,0.0049767873723305,0.0047757395754293,0.285533890436397,0.109842010234876,0.0049767873723305,0.0047757395754293,2019.0,1995-06-01,,,,7
Oren Burks,SF,LB,13750,weighted,,,,,,,,,,,,,,,,,,,,,,,,,,,,,,,,,,,,,,,,,,,,,2.36328690807799,1.65947932353952,0.0398142989786444,0.0382059166034351,0.0601857010213556,0.0382059166034351,0.159721448467967,0.0573088749051527,0.0049767873723305,0.0047757395754293,2018.0,1995-03-21,,,,7
Ivan Pace,MIN,LB,16383,weighted,,,,,,,,,,,,,,,,,,,,,,,,,,,,,,,,,,,,,,,,,,,,,2.8750417827298,1.33040532990977,0.0850696378830084,0.0143272187262882,0.0099535747446611,0.0095514791508587,0.204976787372331,0.0047757395754293,0.0049767873723305,0.0047757395754293,2023.0,2000-12-16,,,,7
DeVondre Campbell,GB,LB,12779,weighted,,,,,,,,,,,,,,,,,,,,,,,,,,,,,,,,,,,,,,,,,,,,,2.76940397350993,1.90918830920368,0.0,0.0,0.1,1.98041604282243e-17,0.1,1.98041604282243e-17,0.0,0.0,2016.0,1993-07-01,D,Ankle,2023.0,7
Kwon Alexander,FA,LB,12233,weighted,,,,,,,,,,,,,,,,,,,,,,,,,,,,,,,,,,,,,,,,,,,,,3.10401114206128,1.13289832069986,0.145255338904364,0.0525331353297233,0.0149303621169916,0.0143272187262882,0.159721448467967,0.0573088749051527,0.0049767873723305,0.0047757395754293,2015.0,1994-08-03,,,,7
Christian Rozeboom,LAR,LB,15076,weighted,,,,,,,,,,,,,,,,,,,,,,,,,,,,,,,,,,,,,,,,,,,,,3.22096564531105,1.02420207261798,0.120371402042711,0.0764118332068702,0.120371402042711,0.0764118332068702,0.229860724233983,0.0286544374525763,0.0049767873723305,0.0047757395754293,2020.0,1997-01-30,,,,7
Isaiah Simmons,NYG,LB,14887,weighted,,,,,,,,,,,,,,,,,,,,,,,,,,,,,,,,,,,,,,,,,,,,,2.92724233983287,0.825480229622795,0.185069637883008,0.0143272187262882,0.0199071494893222,0.0191029583017175,0.219907149489322,0.0191029583017175,0.0049767873723305,0.0047757395754293,2020.0,1998-07-26,,,,7
Tyler Matakevich,BUF,LB,12851,weighted,,,,,,,,,,,,,,,,,,,,,,,,,,,,,,,,,,,,,,,,,,,,,2.30953642384106,1.48492424049175,0.1,1.98041604282243e-17,0.1,1.98041604282243e-17,0.4,7.92166417128973e-17,0.0,0.0,2016.0,1992-12-22,,,,7
Anthony Walker,CLE,LB,13306,weighted,,,,,,,,,,,,,,,,,,,,,,,,,,,,,,,,,,,,,,,,,,,,,2.36622516556291,1.4142135623731,0.0,0.0,0.0,0.0,0.3,0.0,0.0,0.0,2017.0,1995-08-08,,,,7
Jack Sanborn,CHI,LB,15975,weighted,,,,,,,,,,,,,,,,,,,,,,,,,,,,,,,,,,,,,,,,,,,,,2.8744103992572,0.773943113756375,0.0950232126276695,0.0047757395754293,0.0651624883936862,0.0334301770280057,0.159721448467967,0.0573088749051527,0.0049767873723305,0.0047757395754293,2022.0,2000-07-29,,,,7
Drue Tranquill,KC,LB,14235,weighted,,,,,,,,,,,,,,,,,,,,,,,,,,,,,,,,,,,,,,,,,,,,,2.20635761589404,0.989949493661167,0.2,3.96083208564486e-17,0.0,0.0,0.0,0.0,0.0,0.0,2019.0,1995-08-15,,,,7
Dennis Gardeck,ARI,LB,13888,weighted,,,,,,,,,,,,,,,,,,,,,,,,,,,,,,,,,,,,,,,,,,,,,2.00106666666667,0.989949493661166,0.32,0.0,0.03,0.0,0.18,3.96503188151261e-17,0.01,0.0,2018.0,1994-08-09,,,,7
Nick Niemann,LAC,LB,15456,weighted,,,,,,,,,,,,,,,,,,,,,,,,,,,,,,,,,,,,,,,,,,,,,1.69298013245033,1.13137084989848,0.2,3.96083208564486e-17,0.1,1.98041604282243e-17,0.2,3.96083208564486e-17,0.0,0.0,2021.0,1997-12-02,,,,7
Haason Reddick,PHI,LB,13245,weighted,,,,,,,,,,,,,,,,,,,,,,,,,,,,,,,,,,,,,,,,,,,,,1.77530666666667,0.947523086789974,0.49,0.0,0.01,0.0,0.1,1.9825159407563102e-17,0.01,0.0,2017.0,1994-09-22,,,,7
Brian Asamoah,MIN,LB,15829,weighted,,,,,,,,,,,,,,,,,,,,,,,,,,,,,,,,,,,,,,,,,,,,,1.70635761589404,0.989949493661167,0.2,3.96083208564486e-17,0.0,0.0,0.1,1.98041604282243e-17,0.0,0.0,2022.0,2000-03-29,,,,7
Krys Barnes,ARI,LB,15082,weighted,,,,,,,,,,,,,,,,,,,,,,,,,,,,,,,,,,,,,,,,,,,,,1.76304635761589,0.919238815542512,0.0,0.0,0.0,0.0,0.4,7.92166417128973e-17,0.0,0.0,2020.0,1998-04-02,,,,7
Nakobe Dean,PHI,LB,15821,weighted,,,,,,,,,,,,,,,,,,,,,,,,,,,,,,,,,,,,,,,,,,,,,1.73311258278146,0.707106781186547,0.2,3.96083208564486e-17,0.0,0.0,0.1,1.98041604282243e-17,0.0,0.0,2022.0,2000-12-13,,,,7
Malcolm Rodriguez,DET,LB,15914,weighted,,,,,,,,,,,,,,,,,,,,,,,,,,,,,,,,,,,,,,,,,,,,,1.41973509933775,0.848528137423857,0.0,0.0,0.0,0.0,0.1,1.98041604282243e-17,0.0,0.0,2022.0,1999-03-29,,,,7
Zack Baun,NO,LB,14893,weighted,,,,,,,,,,,,,,,,,,,,,,,,,,,,,,,,,,,,,,,,,,,,,1.3764238410596,0.777817459305202,0.0,0.0,0.2,3.96083208564486e-17,0.2,3.96083208564486e-17,0.0,0.0,2020.0,1996-12-30,,,,7
Leo Chenal,KC,LB,15831,weighted,,,,,,,,,,,,,,,,,,,,,,,,,,,,,,,,,,,,,,,,,,,,,1.54649006622517,0.565685424949238,0.2,3.96083208564486e-17,0.0,0.0,0.0,0.0,0.0,0.0,2022.0,2000-10-26,,,,7
Tony Fields,CLE,LB,15431,weighted,,,,,,,,,,,,,,,,,,,,,,,,,,,,,,,,,,,,,,,,,,,,,1.21973509933775,0.848528137423857,0.1,1.98041604282243e-17,0.0,0.0,0.1,1.98041604282243e-17,0.0,0.0,2021.0,1999-06-18,,,,7
Mark Robinson,PIT,LB,15936,weighted,,,,,,,,,,,,,,,,,,,,,,,,,,,,,,,,,,,,,,,,,,,,,1.44649006622517,0.565685424949238,0.1,1.98041604282243e-17,0.0,0.0,0.0,0.0,0.0,0.0,2022.0,1999-08-14,,,,7
David Mayo,WAS,LB,12326,weighted,,,,,,,,,,,,,,,,,,,,,,,,,,,,,,,,,,,,,,,,,,,,,1.06304635761589,0.919238815542512,0.4,7.92166417128973e-17,0.0,0.0,0.0,0.0,0.0,0.0,2015.0,1993-08-18,,,,7
Jake Hummel,LAR,LB,16017,weighted,,,,,,,,,,,,,,,,,,,,,,,,,,,,,,,,,,,,,,,,,,,,,1.23311258278146,0.707106781186548,0.3,0.0,0.0,0.0,0.1,1.98041604282243e-17,0.0,0.0,2022.0,1999-01-04,,,,7
SirVocea Dennis,TB,LB,16314,weighted,,,,,,,,,,,,,,,,,,,,,,,,,,,,,,,,,,,,,,,,,,,,,1.13311258278146,0.707106781186548,0.2,3.96083208564486e-17,0.0,0.0,0.1,1.98041604282243e-17,0.0,0.0,2023.0,2000-03-09,,,,7
Trenton Simpson,BAL,LB,16234,weighted,,,,,,,,,,,,,,,,,,,,,,,,,,,,,,,,,,,,,,,,,,,,,0.989801324503311,0.636396103067893,0.3,0.0,0.0,0.0,0.2,3.96083208564486e-17,0.0,0.0,2023.0,2001-06-14,,,,7
Christian Elliss,PHI,LB,15681,weighted,,,,,,,,,,,,,,,,,,,,,,,,,,,,,,,,,,,,,,,,,,,,,1.27324503311258,0.282842712474619,0.0,0.0,0.0,0.0,0.0,0.0,0.0,0.0,2021.0,1999-01-02,,,,7
Tyrel Dodson,BUF,LB,14472,weighted,,,,,,,,,,,,,,,,,,,,,,,,,,,,,,,,,,,,,,,,,,,,,1.11655629139073,0.353553390593274,0.1,1.98041604282243e-17,0.0,0.0,0.1,1.98041604282243e-17,0.0,0.0,2019.0,1998-06-25,,,,7
Kamren Curl,WAS,DB,15001,weighted,,,,,,,,,,,,,,,,,,,,,,,,,,,,,,,,,,,,,,,,,,,,,5.31598885793872,1.94218562912675,0.0950232126276695,0.0047757395754293,0.0398142989786444,0.0382059166034351,0.450232126276695,0.0477573957542939,0.0049767873723305,0.0047757395754293,2020.0,1999-03-03,,,,7
DeShon Elliott,MIA,DB,13806,weighted,,,,,,,,,,,,,,,,,,,,,,,,,,,,,,,,,,,,,,,,,,,,,5.06880222841226,1.73971957825722,0.0248839368616527,0.0238786978771469,0.0348375116063138,0.0334301770280057,0.535766016713092,0.15759940598917,0.0049767873723305,0.0047757395754293,2018.0,1997-04-21,,,,7
Minkah Fitzpatrick,PIT,DB,13713,weighted,,,,,,,,,,,,,,,,,,,,,,,,,,,,,,,,,,,,,,,,,,,,,4.82876508820798,1.8247581423556,0.0099535747446611,0.0095514791508587,0.170139275766017,0.0286544374525763,0.560185701021356,0.0382059166034351,0.0049767873723305,0.0047757395754293,2018.0,1996-11-17,,,,7
Jaquan Brisker,CHI,DB,15835,weighted,,,,,,,,,,,,,,,,,,,,,,,,,,,,,,,,,,,,,,,,,,,,,4.10545961002786,2.10735053384484,0.119907149489322,0.0191029583017176,0.109953574744661,0.0095514791508587,0.329396471680594,0.124169228961164,0.0049767873723305,0.0047757395754293,2022.0,1999-04-20,Q,Groin,2023.0,7
Antoine Winfield,TB,DB,14909,weighted,,,,,,,,,,,,,,,,,,,,,,,,,,,,,,,,,,,,,,,,,,,,,4.94891364902507,1.57103311531523,0.250232126276695,0.0477573957542939,0.1,0.0,0.450232126276695,0.0477573957542939,0.0049767873723305,0.0047757395754293,2020.0,1998-08-16,,,,7
Richie Grant,ATL,DB,15381,weighted,,,,,,,,,,,,,,,,,,,,,,,,,,,,,,,,,,,,,,,,,,,,,4.03875580315692,2.12971302249278,0.0099535747446611,0.0095514791508587,0.109953574744661,0.0095514791508587,0.339350046425255,0.133720708112023,0.0049767873723305,0.0047757395754293,2021.0,1997-11-09,,,,7
Rayshawn Jenkins,JAC,DB,13288,weighted,,,,,,,,,,,,,,,,,,,,,,,,,,,,,,,,,,,,,,,,,,,,,4.52740947075209,1.59353401601583,0.0199071494893222,0.0191029583017175,0.0950232126276695,0.0047757395754293,0.50544103992572,0.0907390519331584,0.0049767873723305,0.0047757395754293,2017.0,1994-01-25,,,,7
Jordan Fuller,LAR,DB,14991,weighted,,,,,,,,,,,,,,,,,,,,,,,,,,,,,,,,,,,,,,,,,,,,,4.04612813370474,1.92720797714136,0.0149303621169916,0.0143272187262882,0.1,0.0,0.359721448467967,0.0573088749051527,0.0049767873723305,0.0047757395754293,2020.0,1998-03-04,,,,7
Jevon Holland,MIA,DB,15366,weighted,,,,,,,,,,,,,,,,,,,,,,,,,,,,,,,,,,,,,,,,,,,,,5.22854224698236,1.09982545890508,0.0447910863509749,0.0429816561788645,0.109953574744661,0.0095514791508587,0.475116063138347,0.0238786978771469,0.0049767873723305,0.0047757395754293,2021.0,2000-03-03,,,,7
Harrison Smith,MIN,DB,10783,weighted,,,,,,,,,,,,,,,,,,,,,,,,,,,,,,,,,,,,,,,,,,,,,4.28245125348189,1.58186755095222,0.109953574744661,0.0095514791508587,0.139814298978644,0.0382059166034351,0.444326833797586,0.138496447687452,0.0099535747446611,0.0095514791508587,2012.0,1989-02-02,,,,7
Grant Delpit,CLE,DB,14907,weighted,,,,,,,,,,,,,,,,,,,,,,,,,,,,,,,,,,,,,,,,,,,,,4.64456824512535,1.32592204966762,0.0199071494893222,0.0191029583017175,0.175116063138347,0.0238786978771469,0.509953574744661,0.0095514791508587,0.0049767873723305,0.0047757395754293,2020.0,1998-09-20,,,,7
Devon Witherspoon,SEA,DB,16241,weighted,,,,,,,,,,,,,,,,,,,,,,,,,,,,,,,,,,,,,,,,,,,,,4.64245125348189,1.20656951947472,0.175116063138347,0.0238786978771469,0.160185701021356,0.0382059166034351,0.821764159702878,0.362956207732633,0.0552089136490251,0.0429816561788645,2023.0,2000-12-11,,,,7
L'Jarius Sneed,KC,DB,14956,weighted,,,,,,,,,,,,,,,,,,,,,,,,,,,,,,,,,,,,,,,,,,,,,4.71179201485608,1.27263819633929,0.0900464252553389,0.0095514791508587,0.114930362116992,0.0143272187262882,0.635766016713092,0.15759940598917,0.0049767873723305,0.0047757395754293,2020.0,1997-01-21,,,,7
Kyle Hamilton,BAL,DB,15834,weighted,,,,,,,,,,,,,,,,,,,,,,,,,,,,,,,,,,,,,,,,,,,,,4.69877437325905,1.09692797642774,0.240278551532033,0.0573088749051527,0.0900464252553389,0.0095514791508587,0.334837511606314,0.0334301770280057,0.0049767873723305,0.0047757395754293,2022.0,2001-03-16,,,,7
Johnathan Ford,GB,DB,13339,weighted,,,,,,,,,,,,,,,,,,,,,,,,,,,,,,,,,,,,,,,,,,,,,4.86781801299907,1.08282346400778,0.0248839368616527,0.0238786978771469,0.250696378830084,0.143272187262882,0.61585886722377,0.176702364290887,0.0049767873723305,0.0047757395754293,2017.0,1994-11-01,,,,7
Xavier McKinney,NYG,DB,14908,weighted,,,,,,,,,,,,,,,,,,,,,,,,,,,,,,,,,,,,,,,,,,,,,4.33554317548747,1.33824696110832,0.109953574744661,0.0095514791508587,0.0696750232126277,0.0668603540560114,0.545255338904364,0.0525331353297233,0.0049767873723305,0.0047757395754293,2020.0,1999-08-09,,,,7
Tracy Walker,DET,DB,13747,weighted,,,,,,,,,,,,,,,,,,,,,,,,,,,,,,,,,,,,,,,,,,,,,4.59121634168988,1.16413483787091,0.0398142989786444,0.0382059166034351,0.0348375116063138,0.0334301770280057,0.420371402042711,0.0764118332068702,0.0049767873723305,0.0047757395754293,2018.0,1995-02-01,,,,7
Brian Branch,DET,DB,16244,weighted,,,,,,,,,,,,,,,,,,,,,,,,,,,,,,,,,,,,,,,,,,,,,5.10635761589404,0.989949493661167,0.0,0.0,0.2,3.96083208564486e-17,0.9,0.0,0.1,1.98041604282243e-17,2023.0,2001-10-22,,,,7
Kenny Moore,IND,DB,13470,weighted,,,,,,,,,,,,,,,,,,,,,,,,,,,,,,,,,,,,,,,,,,,,,4.69513463324048,1.05716216133076,0.109953574744661,0.0095514791508587,0.0597214484679666,0.0573088749051527,0.424883936861653,0.0238786978771469,0.0049767873723305,0.0047757395754293,2017.0,1995-08-23,,,,7
Camryn Bynum,MIN,DB,15418,weighted,,,,,,,,,,,,,,,,,,,,,,,,,,,,,,,,,,,,,,,,,,,,,4.44473537604457,1.35770701693565,0.0149303621169916,0.0143272187262882,0.1,0.0,0.354744661095636,0.0525331353297233,0.0049767873723305,0.0047757395754293,2021.0,1998-07-19,,,,7
Talanoa Hufanga,SF,DB,15452,weighted,,,,,,,,,,,,,,,,,,,,,,,,,,,,,,,,,,,,,,,,,,,,,3.97693593314763,1.49254431518313,0.0850696378830084,0.0143272187262882,0.155208913649025,0.0429816561788645,0.414930362116992,0.0143272187262882,0.0049767873723305,0.0047757395754293,2021.0,2000-02-01,,,,7
Kareem Jackson,DEN,DB,9861,weighted,,,,,,,,,,,,,,,,,,,,,,,,,,,,,,,,,,,,,,,,,,,,,4.03467038068709,1.44907826232789,0.0199071494893222,0.0191029583017175,0.114930362116992,0.0143272187262882,0.334373259052925,0.128944968536593,0.0049767873723305,0.0047757395754293,2010.0,1988-04-10,,,,7
Kerby Joseph,DET,DB,15871,weighted,,,,,,,,,,,,,,,,,,,,,,,,,,,,,,,,,,,,,,,,,,,,,4.79043639740019,0.867139354122856,0.0149303621169916,0.0143272187262882,0.104976787372331,0.0047757395754293,0.520371402042711,0.0764118332068702,0.0049767873723305,0.0047757395754293,2022.0,2000-11-14,,,,7
Kyle Dugger,NE,DB,14921,weighted,,,,,,,,,,,,,,,,,,,,,,,,,,,,,,,,,,,,,,,,,,,,,3.74874651810585,1.58858829521354,0.0199071494893222,0.0191029583017175,0.104976787372331,0.0047757395754293,0.419907149489322,0.0191029583017175,0.0552089136490251,0.0429816561788645,2020.0,1996-03-22,Q,Foot,2023.0,7
Jason Pinnock,NYG,DB,15448,weighted,,,,,,,,,,,,,,,,,,,,,,,,,,,,,,,,,,,,,,,,,,,,,4.14538532961931,1.2453826563418,0.114930362116992,0.0143272187262882,0.104976787372331,0.0047757395754293,0.364698235840297,0.062084614480582,0.0552089136490251,0.0429816561788645,2021.0,1999-06-30,,,,7
Julian Blackmon,IND,DB,14933,weighted,,,,,,,,,,,,,,,,,,,,,,,,,,,,,,,,,,,,,,,,,,,,,4.63979572887651,1.44124624362247,0.0398142989786444,0.0382059166034351,0.0900464252553389,0.0095514791508587,0.279628597957289,0.0764118332068702,0.0049767873723305,0.0047757395754293,2020.0,1998-08-24,,,,7
Taron Johnson,BUF,DB,13764,weighted,,,,,,,,,,,,,,,,,,,,,,,,,,,,,,,,,,,,,,,,,,,,,4.31519034354689,1.20969197532821,0.0447910863509749,0.0429816561788645,0.0298607242339833,0.0286544374525763,0.41041782729805,0.085963312357729,0.0049767873723305,0.0047757395754293,2018.0,1996-07-27,,,,7
K'Von Wallace,ARI,DB,14950,weighted,,,,,,,,,,,,,,,,,,,,,,,,,,,,,,,,,,,,,,,,,,,,,3.97710306406685,1.43462625652626,0.0149303621169916,0.0143272187262882,0.104976787372331,0.0047757395754293,0.470139275766017,0.0286544374525763,0.0049767873723305,0.0047757395754293,2020.0,1997-07-25,,,,7
Justin Simmons,DEN,DB,12767,weighted,,,,,,,,,,,,,,,,,,,,,,,,,,,,,,,,,,,,,,,,,,,,,4.14883936861653,1.17610801800432,0.0199071494893222,0.0191029583017175,0.265162488393686,0.0334301770280057,0.549303621169916,0.143272187262882,0.0099535747446611,0.0095514791508587,2016.0,1993-11-19,,,,7
Jordan Poyer,BUF,DB,11317,weighted,,,,,,,,,,,,,,,,,,,,,,,,,,,,,,,,,,,,,,,,,,,,,3.72833797585887,1.46537856160454,0.0850696378830084,0.0143272187262882,0.175116063138347,0.0238786978771469,0.404512534818942,0.100290531084017,0.0049767873723305,0.0047757395754293,2013.0,1991-04-25,,,,7
Jabrill Peppers,NE,DB,13231,weighted,,,,,,,,,,,,,,,,,,,,,,,,,,,,,,,,,,,,,,,,,,,,,4.06947075208914,1.25053483151831,0.0199071494893222,0.0191029583017175,0.0298607242339833,0.0286544374525763,0.360185701021356,0.0382059166034351,0.0049767873723305,0.0047757395754293,2017.0,1995-10-04,,,,7
Justin Reid,KC,DB,13717,weighted,,,,,,,,,,,,,,,,,,,,,,,,,,,,,,,,,,,,,,,,,,,,,4.49348189415042,0.888575079976999,0.125348189415042,0.0716360936314408,0.0900464252553389,0.0095514791508587,0.581021355617456,0.210132541318893,0.0049767873723305,0.0047757395754293,2018.0,1997-02-15,,,,7
Michael Davis,LAC,DB,13479,weighted,,,,,,,,,,,,,,,,,,,,,,,,,,,,,,,,,,,,,,,,,,,,,4.2086165273909,1.02188014429563,0.0601857010213556,0.0382059166034351,0.0900464252553389,0.0095514791508587,0.636230269266481,0.253114197497758,0.0049767873723305,0.0047757395754293,2017.0,1995-01-06,,,,7
Charvarius Ward,SF,DB,13920,weighted,,,,,,,,,,,,,,,,,,,,,,,,,,,,,,,,,,,,,,,,,,,,,4.1014113277623,1.05276800678304,0.0049767873723305,0.0047757395754293,0.0850696378830084,0.0143272187262882,0.571067780872795,0.219684020469752,0.0049767873723305,0.0047757395754293,2018.0,1996-05-16,,,,7
Jeff Okudah,ATL,DB,14902,weighted,,,,,,,,,,,,,,,,,,,,,,,,,,,,,,,,,,,,,,,,,,,,,3.5050139275766,1.56410077842177,0.0049767873723305,0.0047757395754293,0.0646982358402971,0.062084614480582,0.439814298978644,0.0382059166034351,0.0049767873723305,0.0047757395754293,2020.0,1999-02-02,,,,7
Terrell Edmunds,PHI,DB,13716,weighted,,,,,,,,,,,,,,,,,,,,,,,,,,,,,,,,,,,,,,,,,,,,,3.20924791086351,1.76290488746399,0.0800928505106778,0.0191029583017176,0.0398142989786444,0.0382059166034351,0.279628597957289,0.0764118332068702,0.0049767873723305,0.0047757395754293,2018.0,1997-01-20,,,,7
Tyrann Mathieu,NO,DB,11313,weighted,,,,,,,,,,,,,,,,,,,,,,,,,,,,,,,,,,,,,,,,,,,,,3.5380129990715,1.47299647179894,0.0298607242339833,0.0286544374525763,0.139814298978644,0.0382059166034351,0.534837511606314,0.0334301770280057,0.0601857010213556,0.0382059166034351,2013.0,1992-05-13,,,,7
Jessie Bates,ATL,DB,13737,weighted,,,,,,,,,,,,,,,,,,,,,,,,,,,,,,,,,,,,,,,,,,,,,3.39927576601671,1.70961532190043,0.0049767873723305,0.0047757395754293,0.265162488393686,0.0334301770280057,0.649767873723305,0.0477573957542939,0.0099535747446611,0.0095514791508587,2018.0,1997-02-26,,,,7
Russ Yeast,LAR,DB,15955,weighted,,,,,,,,,,,,,,,,,,,,,,,,,,,,,,,,,,,,,,,,,,,,,3.33333333333333,1.633326736661,0.0149303621169916,0.0143272187262882,0.0497678737233055,0.0477573957542939,0.354744661095636,0.0525331353297233,0.0049767873723305,0.0047757395754293,2022.0,1999-05-08,,,,7
Julius Brents,IND,DB,16261,weighted,,,,,,,,,,,,,,,,,,,,,,,,,,,,,,,,,,,,,,,,,,,,,4.2608356545961,0.84922604189417,0.0099535747446611,0.0095514791508587,0.150232126276695,0.0477573957542939,0.50544103992572,0.0907390519331584,0.0049767873723305,0.0047757395754293,2023.0,2000-01-18,,,,7
Budda Baker,ARI,DB,13251,weighted,,,,,,,,,,,,,,,,,,,,,,,,,,,,,,,,,,,,,,,,,,,,,3.76074280408542,1.24492126145834,0.0248839368616527,0.0238786978771469,0.0950232126276695,0.0047757395754293,0.390046425255339,0.0095514791508587,0.0049767873723305,0.0047757395754293,2017.0,1996-01-10,Q,Hamstring,2023.0,7
Ryan Neal,TB,DB,14028,weighted,,,,,,,,,,,,,,,,,,,,,,,,,,,,,,,,,,,,,,,,,,,,,3.80798514391829,1.41767418903217,0.0800928505106778,0.0191029583017176,0.0398142989786444,0.0382059166034351,0.274651810584958,0.0716360936314408,0.0049767873723305,0.0047757395754293,2018.0,1995-12-24,,,,7
Brandon Stephens,BAL,DB,15405,weighted,,,,,,,,,,,,,,,,,,,,,,,,,,,,,,,,,,,,,,,,,,,,,3.65435468895079,1.26222591715942,0.0601857010213556,0.0382059166034351,0.0348375116063138,0.0334301770280057,0.319907149489322,0.0191029583017176,0.0049767873723305,0.0047757395754293,2021.0,1997-12-29,,,,7
Marco Wilson,ARI,DB,15422,weighted,,,,,,,,,,,,,,,,,,,,,,,,,,,,,,,,,,,,,,,,,,,,,3.80440111420613,1.05839454368031,0.0049767873723305,0.0047757395754293,0.124883936861653,0.0238786978771469,0.555208913649025,0.0429816561788645,0.0049767873723305,0.0047757395754293,2021.0,1999-03-03,,,,7
Dee Alford,ATL,DB,16012,weighted,,,,,,,,,,,,,,,,,,,,,,,,,,,,,,,,,,,,,,,,,,,,,3.04042711234912,1.72023971944339,0.0398142989786444,0.0382059166034351,0.0597214484679666,0.0573088749051527,0.470139275766017,0.0286544374525763,0.0049767873723305,0.0047757395754293,2021.0,1997-11-05,,,,7
Dean Marlowe,LAC,DB,12486,weighted,,,,,,,,,,,,,,,,,,,,,,,,,,,,,,,,,,,,,,,,,,,,,5.10858666666667,0.0141421356237313,0.02,0.0,0.09,1.9825159407563102e-17,0.38,7.93006376302522e-17,0.01,0.0,,,,,,7
Micah Hyde,BUF,DB,11382,weighted,,,,,,,,,,,,,,,,,,,,,,,,,,,,,,,,,,,,,,,,,,,,,3.80363974001857,1.12637875753598,0.0149303621169916,0.0143272187262882,0.235301764159703,0.062084614480582,0.524883936861653,0.023878697877147,0.0049767873723305,0.0047757395754293,2013.0,1990-12-31,,,,7
Jerry Jacobs,DET,DB,15549,weighted,,,,,,,,,,,,,,,,,,,,,,,,,,,,,,,,,,,,,,,,,,,,,4.03985143918292,0.897008737046693,0.0701392757660167,0.0286544374525763,0.1,0.0,0.450232126276695,0.0477573957542939,0.0049767873723305,0.0047757395754293,2021.0,1997-09-26,Q,Knee,2023.0,7
Damarri Mathis,DEN,DB,15876,weighted,,,,,,,,,,,,,,,,,,,,,,,,,,,,,,,,,,,,,,,,,,,,,3.91125348189415,0.963264867463241,0.0049767873723305,0.0047757395754293,0.0398142989786444,0.0382059166034351,0.430324976787372,0.0668603540560114,0.0049767873723305,0.0047757395754293,2022.0,1999-04-12,,,,7
Elijah Hicks,CHI,DB,15956,weighted,,,,,,,,,,,,,,,,,,,,,,,,,,,,,,,,,,,,,,,,,,,,,5.01717333333333,0.0282842712474619,0.02,0.0,0.15,0.0,0.5,0.0,0.01,0.0,2022.0,1997-09-16,,,,7
Marcus Epps,LVR,DB,14270,weighted,,,,,,,,,,,,,,,,,,,,,,,,,,,,,,,,,,,,,,,,,,,,,4.23368616527391,0.794279426029001,0.0049767873723305,0.0047757395754293,0.150232126276695,0.0477573957542939,0.500464252553389,0.0955147915085877,0.0049767873723305,0.0047757395754293,2019.0,1996-01-27,,,,7
Kaiir Elam,BUF,DB,15847,weighted,,,,,,,,,,,,,,,,,,,,,,,,,,,,,,,,,,,,,,,,,,,,,3.09299907149489,1.63806934662089,0.0049767873723305,0.0047757395754293,0.114930362116992,0.0143272187262882,0.329396471680594,0.124169228961164,0.0049767873723305,0.0047757395754293,2022.0,2001-05-05,,,,7
Tyrique Stevenson,CHI,DB,16267,weighted,,,,,,,,,,,,,,,,,,,,,,,,,,,,,,,,,,,,,,,,,,,,,3.49110492107707,1.22159054046113,0.0049767873723305,0.0047757395754293,0.114930362116992,0.0143272187262882,0.379628597957289,0.0764118332068702,0.0049767873723305,0.0047757395754293,2023.0,2000-05-26,,,,7
Derion Kendrick,LAR,DB,15924,weighted,,,,,,,,,,,,,,,,,,,,,,,,,,,,,,,,,,,,,,,,,,,,,3.57333333333333,1.76776695296637,0.01,0.0,0.07,0.0,0.35,7.93006376302522e-17,0.01,0.0,2022.0,2000-08-24,Q,Personal,2023.0,7
Deommodore Lenoir,SF,DB,15445,weighted,,,,,,,,,,,,,,,,,,,,,,,,,,,,,,,,,,,,,,,,,,,,,4.10889507892293,0.872858948942466,0.0149303621169916,0.0143272187262882,0.145255338904364,0.0525331353297233,0.440278551532033,0.0573088749051527,0.0049767873723305,0.0047757395754293,2021.0,1999-10-06,,,,7
Benjamin St-Juste,WAS,DB,15392,weighted,,,,,,,,,,,,,,,,,,,,,,,,,,,,,,,,,,,,,,,,,,,,,3.74759517177344,0.951503679821382,0.104976787372331,0.0047757395754293,0.0348375116063138,0.0334301770280057,0.415394614670381,0.0811875727822996,0.0049767873723305,0.0047757395754293,2021.0,1997-09-08,,,,7
Carlton Davis,TB,DB,13710,weighted,,,,,,,,,,,,,,,,,,,,,,,,,,,,,,,,,,,,,,,,,,,,,3.7655896007428,0.949845671608081,0.0049767873723305,0.0047757395754293,0.0950232126276695,0.0047757395754293,0.590974930362117,0.200581062168034,0.0049767873723305,0.0047757395754293,2018.0,1996-12-31,,,,7
Josh Metellus,MIN,DB,14995,weighted,,,,,,,,,,,,,,,,,,,,,,,,,,,,,,,,,,,,,,,,,,,,,4.89570666666667,0.0070710678118659,0.07,0.0,0.05,9.91257970378153e-18,0.3,0.0,0.01,0.0,2020.0,1998-01-21,,,,7
Rasul Douglas,GB,DB,13281,weighted,,,,,,,,,,,,,,,,,,,,,,,,,,,,,,,,,,,,,,,,,,,,,4.05320334261838,0.648362836382877,0.0149303621169916,0.0143272187262882,0.20544103992572,0.0907390519331584,0.656137418755803,0.23401123919604,0.0049767873723305,0.0047757395754293,2017.0,1994-08-29,,,,7
Andre Cisco,JAC,DB,15364,weighted,,,,,,,,,,,,,,,,,,,,,,,,,,,,,,,,,,,,,,,,,,,,,3.57374187558032,1.0740745041782,0.0199071494893222,0.0191029583017175,0.215394614670381,0.0811875727822996,0.580557103064067,0.114617749810305,0.0049767873723305,0.0047757395754293,2021.0,2000-03-23,,,,7
Jamel Dean,TB,DB,14219,weighted,,,,,,,,,,,,,,,,,,,,,,,,,,,,,,,,,,,,,,,,,,,,,3.59888579387187,0.970552304154087,0.0049767873723305,0.0047757395754293,0.054744661095636,0.0525331353297233,0.359721448467967,0.0573088749051527,0.0049767873723305,0.0047757395754293,2019.0,1996-10-15,,,,7
Myles Bryant,NE,DB,15177,weighted,,,,,,,,,,,,,,,,,,,,,,,,,,,,,,,,,,,,,,,,,,,,,3.65662024141133,0.933348468532938,0.0850696378830084,0.0143272187262882,0.0348375116063138,0.0334301770280057,0.360185701021356,0.0382059166034351,0.0049767873723305,0.0047757395754293,2020.0,1998-01-02,,,,7
Trent McDuffie,KC,DB,15845,weighted,,,,,,,,,,,,,,,,,,,,,,,,,,,,,,,,,,,,,,,,,,,,,3.72596100278552,1.01621575976983,0.0298607242339833,0.0286544374525763,0.0248839368616527,0.0238786978771469,0.536230269266481,0.253114197497758,0.0049767873723305,0.0047757395754293,2022.0,2000-09-13,,,,7
Julian Love,SEA,DB,14179,weighted,,,,,,,,,,,,,,,,,,,,,,,,,,,,,,,,,,,,,,,,,,,,,4.00560817084494,1.10525737501537,0.0149303621169916,0.0143272187262882,0.0850696378830084,0.0143272187262882,0.5208356545961,0.171926624715458,0.0049767873723305,0.0047757395754293,2019.0,1998-03-19,,,,7
Akayleb Evans,MIN,DB,15880,weighted,,,,,,,,,,,,,,,,,,,,,,,,,,,,,,,,,,,,,,,,,,,,,3.31214484679666,1.20172409077953,0.0049767873723305,0.0047757395754293,0.0298607242339833,0.0286544374525763,0.40544103992572,0.0907390519331584,0.0049767873723305,0.0047757395754293,2022.0,1999-06-22,Q,Oblique,2023.0,7
Kader Kohou,MIA,DB,16016,weighted,,,,,,,,,,,,,,,,,,,,,,,,,,,,,,,,,,,,,,,,,,,,,4.01656453110492,0.620207967683203,0.0651624883936862,0.0334301770280057,0.0850696378830084,0.0143272187262882,0.666555246053853,0.319974551553769,0.0049767873723305,0.0047757395754293,2022.0,1998-11-28,,,,7
Trevon Moehrig,LVR,DB,15365,weighted,,,,,,,,,,,,,,,,,,,,,,,,,,,,,,,,,,,,,,,,,,,,,3.27702878365831,1.08719368082108,0.0651624883936862,0.0334301770280057,0.0447910863509749,0.0429816561788645,0.334837511606314,0.0334301770280057,0.0049767873723305,0.0047757395754293,2021.0,1999-06-16,,,,7
Juan Thornhill,CLE,DB,14207,weighted,,,,,,,,,,,,,,,,,,,,,,,,,,,,,,,,,,,,,,,,,,,,,3.33699164345404,1.12870962735219,0.0149303621169916,0.0143272187262882,0.104976787372331,0.0047757395754293,0.359721448467967,0.0573088749051527,0.0049767873723305,0.0047757395754293,2019.0,1970-01-01,,,,7
Christian Benford,BUF,DB,15913,weighted,,,,,,,,,,,,,,,,,,,,,,,,,,,,,,,,,,,,,,,,,,,,,4.60429333333333,0.0070710678118659,0.01,0.0,0.1,1.9825159407563102e-17,0.39,7.93006376302522e-17,0.01,0.0,2022.0,2000-09-21,,,,7
Jartavius Martin,WAS,DB,16263,weighted,,,,,,,,,,,,,,,,,,,,,,,,,,,,,,,,,,,,,,,,,,,,,3.3528476821192,1.5556349186104,0.1,1.98041604282243e-17,0.1,1.98041604282243e-17,0.7,0.0,0.0,0.0,2023.0,2000-04-17,,,,7
Darius Slay,PHI,DB,11348,weighted,,,,,,,,,,,,,,,,,,,,,,,,,,,,,,,,,,,,,,,,,,,,,4.01847725162488,0.640203453116768,0.0,0.0,0.214930362116992,0.0143272187262882,0.735301764159703,0.062084614480582,0.0601857010213556,0.0382059166034351,2013.0,1991-01-01,,,,7
Paulson Adebo,NO,DB,15394,weighted,,,,,,,,,,,,,,,,,,,,,,,,,,,,,,,,,,,,,,,,,,,,,3.54846796657382,0.844969181985299,0.0049767873723305,0.0047757395754293,0.104976787372331,0.0047757395754293,0.50544103992572,0.0907390519331584,0.0049767873723305,0.0047757395754293,2021.0,1999-07-03,,,,7
Will Harris,DET,DB,14213,weighted,,,,,,,,,,,,,,,,,,,,,,,,,,,,,,,,,,,,,,,,,,,,,3.15299907149489,1.19464748118563,0.0099535747446611,0.0095514791508587,0.0751160631383473,0.0238786978771469,0.244791086350975,0.0429816561788645,0.0049767873723305,0.0047757395754293,2019.0,,,,,7
Marshon Lattimore,NO,DB,13224,weighted,,,,,,,,,,,,,,,,,,,,,,,,,,,,,,,,,,,,,,,,,,,,,3.61522748375116,0.793326850360411,0.0049767873723305,0.0047757395754293,0.109953574744661,0.0095514791508587,0.470139275766017,0.0286544374525763,0.0049767873723305,0.0047757395754293,2017.0,1996-05-19,,,,7
Geno Stone,BAL,DB,15003,weighted,,,,,,,,,,,,,,,,,,,,,,,,,,,,,,,,,,,,,,,,,,,,,3.22614670380687,1.05885769974756,0.0099535747446611,0.0095514791508587,0.114930362116992,0.0143272187262882,0.324419684308264,0.119393489385735,0.0049767873723305,0.0047757395754293,2020.0,1999-04-19,,,,7
Levi Wallace,PIT,DB,13711,weighted,,,,,,,,,,,,,,,,,,,,,,,,,,,,,,,,,,,,,,,,,,,,,3.31764159702878,0.955565824205333,0.0049767873723305,0.0047757395754293,0.160185701021356,0.0382059166034351,0.525348189415042,0.0716360936314408,0.0049767873723305,0.0047757395754293,2018.0,,,,,7
Rodney Thomas II,IND,DB,15946,weighted,,,,,,,,,,,,,,,,,,,,,,,,,,,,,,,,,,,,,,,,,,,,,3.63444753946147,0.663250469608132,0.0149303621169916,0.0143272187262882,0.0597214484679666,0.0573088749051527,0.369675023212628,0.0668603540560114,0.0049767873723305,0.0047757395754293,2022.0,1998-06-26,,,,7
Marcus Maye,NO,DB,13252,weighted,,,,,,,,,,,,,,,,,,,,,,,,,,,,,,,,,,,,,,,,,,,,,3.60635761589404,0.989949493661167,0.1,1.98041604282243e-17,0.2,3.96083208564486e-17,0.6,0.0,0.0,0.0,2017.0,1994-01-01,,,,7
Quandre Diggs,SEA,DB,12349,weighted,,,,,,,,,,,,,,,,,,,,,,,,,,,,,,,,,,,,,,,,,,,,,3.19290622098422,0.959349288318916,0.0049767873723305,0.0047757395754293,0.255208913649025,0.0429816561788645,0.514466109563603,0.109842010234876,0.0099535747446611,0.0095514791508587,2015.0,1991-11-07,,,,7
Asante Samuel,LAC,DB,15384,weighted,,,,,,,,,,,,,,,,,,,,,,,,,,,,,,,,,,,,,,,,,,,,,3.88454967502321,0.44743391066774,0.0049767873723305,0.0047757395754293,0.170139275766017,0.0286544374525763,0.535301764159703,0.062084614480582,0.0049767873723305,0.0047757395754293,2021.0,1999-10-03,,,,7
Deonte Banks,NYG,DB,16255,weighted,,,,,,,,,,,,,,,,,,,,,,,,,,,,,,,,,,,,,,,,,,,,,3.09021355617456,1.08073146017033,0.0149303621169916,0.0143272187262882,0.0497678737233055,0.0477573957542939,0.450232126276695,0.0477573957542939,0.0049767873723305,0.0047757395754293,2023.0,2001-04-03,,,,7
Byron Murphy,MIN,DB,14180,weighted,,,,,,,,,,,,,,,,,,,,,,,,,,,,,,,,,,,,,,,,,,,,,2.6055338904364,1.3941489206128,0.0149303621169916,0.0143272187262882,0.0950232126276695,0.0047757395754293,0.530789229340761,0.162375145564599,0.0049767873723305,0.0047757395754293,2019.0,1998-01-18,,,,7
Derwin James,LAC,DB,13714,weighted,,,,,,,,,,,,,,,,,,,,,,,,,,,,,,,,,,,,,,,,,,,,,2.88278145695364,1.76776695296637,0.1,1.98041604282243e-17,0.2,3.96083208564486e-17,0.5,0.0,0.0,0.0,2018.0,1996-08-03,Q,Ankle,2023.0,7
Percy Butler,WAS,DB,15874,weighted,,,,,,,,,,,,,,,,,,,,,,,,,,,,,,,,,,,,,,,,,,,,,4.29141333333333,0.0141421356237307,0.03,0.0,0.11,1.9825159407563102e-17,0.41,0.0,0.01,0.0,2022.0,2000-05-29,,,,7
Jordan Howden,NO,DB,16311,weighted,,,,,,,,,,,,,,,,,,,,,,,,,,,,,,,,,,,,,,,,,,,,,4.3,0.0,0.03,0.0,0.09,1.9825159407563102e-17,0.37,7.93006376302522e-17,0.01,0.0,2023.0,2000-05-14,,,,7
Decobie Durant,LAR,DB,15888,weighted,,,,,,,,,,,,,,,,,,,,,,,,,,,,,,,,,,,,,,,,,,,,,2.83348189415042,1.19005795577774,0.0447910863509749,0.0429816561788645,0.1,0.0,0.495487465181059,0.100290531084017,0.0049767873723305,0.0047757395754293,2022.0,1998-02-09,,,,7
Alontae Taylor,NO,DB,15856,weighted,,,,,,,,,,,,,,,,,,,,,,,,,,,,,,,,,,,,,,,,,,,,,3.48280408542247,0.681194918964899,0.0398142989786444,0.0382059166034351,0.0199071494893222,0.0191029583017175,0.481021355617456,0.210132541318893,0.0049767873723305,0.0047757395754293,2022.0,1998-12-03,,,,7
Marcus Peters,LVR,DB,12245,weighted,,,,,,,,,,,,,,,,,,,,,,,,,,,,,,,,,,,,,,,,,,,,,3.37712163416899,0.692901976407244,0.0701392757660167,0.0286544374525763,0.139350046425255,0.133720708112023,0.528932219127205,0.219684020469752,0.0099535747446611,0.0095514791508587,2015.0,1993-01-09,,,,7
Jaire Alexander,GB,DB,13730,weighted,,,,,,,,,,,,,,,,,,,,,,,,,,,,,,,,,,,,,,,,,,,,,2.96295264623955,0.955228876370299,0.0049767873723305,0.0047757395754293,0.0950232126276695,0.0047757395754293,0.485533890436397,0.109842010234876,0.0049767873723305,0.0047757395754293,2018.0,1997-02-09,Q,Back,2023.0,7
Tashaun Gipson,SF,DB,11010,weighted,,,,,,,,,,,,,,,,,,,,,,,,,,,,,,,,,,,,,,,,,,,,,2.61208913649025,1.22085832797568,0.0199071494893222,0.0191029583017175,0.185069637883008,0.0143272187262882,0.414466109563603,0.109842010234876,0.0049767873723305,0.0047757395754293,2012.0,1990-08-07,,,,7
Bryan Cook,KC,DB,15860,weighted,,,,,,,,,,,,,,,,,,,,,,,,,,,,,,,,,,,,,,,,,,,,,4.10429333333333,0.0070710678118659,0.04,0.0,0.07,0.0,0.31,0.0,0.01,0.0,2022.0,1999-09-07,,,,7
Denzel Ward,CLE,DB,13707,weighted,,,,,,,,,,,,,,,,,,,,,,,,,,,,,,,,,,,,,,,,,,,,,3.14893221912721,0.765943111985842,0.0049767873723305,0.0047757395754293,0.175116063138347,0.0238786978771469,0.796415970287837,0.291320114101193,0.0049767873723305,0.0047757395754293,2018.0,1997-04-28,,,,7
Darious Williams,JAC,DB,13959,weighted,,,,,,,,,,,,,,,,,,,,,,,,,,,,,,,,,,,,,,,,,,,,,3.05450324976787,0.814468776848121,0.0049767873723305,0.0047757395754293,0.160185701021356,0.0382059166034351,0.716323119777159,0.272217155799475,0.0049767873723305,0.0047757395754293,2018.0,1993-03-15,,,,7
Rodney McLeod,CLE,DB,11017,weighted,,,,,,,,,,,,,,,,,,,,,,,,,,,,,,,,,,,,,,,,,,,,,2.62451253481894,1.17355743328953,0.0049767873723305,0.0047757395754293,0.109953574744661,0.0095514791508587,0.409953574744661,0.0095514791508587,0.0049767873723305,0.0047757395754293,2012.0,1990-06-23,,,,7
Kendall Fuller,WAS,DB,12714,weighted,,,,,,,,,,,,,,,,,,,,,,,,,,,,,,,,,,,,,,,,,,,,,2.97426183844011,1.05292134392713,0.0149303621169916,0.0143272187262882,0.175116063138347,0.0238786978771469,0.690974930362117,0.200581062168034,0.0552089136490251,0.0429816561788645,2016.0,1995-02-13,,,,7
Marlon Humphrey,BAL,DB,13223,weighted,,,,,,,,,,,,,,,,,,,,,,,,,,,,,,,,,,,,,,,,,,,,,3.26181987000929,0.643794428407196,0.0800928505106778,0.0191029583017176,0.1,0.0,0.435301764159703,0.062084614480582,0.0049767873723305,0.0047757395754293,2017.0,1996-07-08,Q,Illness,2023.0,7
Patrick Peterson,PIT,DB,10260,weighted,,,,,,,,,,,,,,,,,,,,,,,,,,,,,,,,,,,,,,,,,,,,,2.89676880222841,0.855893842728965,0.0049767873723305,0.0047757395754293,0.175116063138347,0.0238786978771469,0.700928505106778,0.191029583017176,0.0049767873723305,0.0047757395754293,2011.0,1990-07-11,,,,7
Patrick Surtain II,DEN,DB,15362,weighted,,,,,,,,,,,,,,,,,,,,,,,,,,,,,,,,,,,,,,,,,,,,,3.36573816155989,0.534385374554395,0.0049767873723305,0.0047757395754293,0.124883936861653,0.0238786978771469,0.444791086350975,0.0429816561788645,0.0049767873723305,0.0047757395754293,2021.0,2000-04-14,,,,7
A.J. Terrell,ATL,DB,14918,weighted,,,,,,,,,,,,,,,,,,,,,,,,,,,,,,,,,,,,,,,,,,,,,2.88779944289694,0.83902514912149,0.0099535747446611,0.0095514791508587,0.0646982358402971,0.062084614480582,0.475116063138347,0.0238786978771469,0.0049767873723305,0.0047757395754293,2020.0,1998-09-23,,,,7
Keanu Neal,PIT,DB,12736,weighted,,,,,,,,,,,,,,,,,,,,,,,,,,,,,,,,,,,,,,,,,,,,,3.713343605547,0.304055915910216,0.0198459167950693,0.0282842712474619,0.0652696456086287,0.0494974746830583,0.310693374422188,0.127279220613579,0.0049614791987673,0.0070710678118654,2016.0,,,,,7
Isaiah Oliver,SF,DB,13709,weighted,,,,,,,,,,,,,,,,,,,,,,,,,,,,,,,,,,,,,,,,,,,,,2.48518105849582,1.17090501113759,0.0298607242339833,0.0286544374525763,0.0651624883936862,0.0334301770280057,0.219907149489322,0.0191029583017175,0.0049767873723305,0.0047757395754293,2018.0,1996-09-30,,,,7
Tariq Woolen,SEA,DB,15894,weighted,,,,,,,,,,,,,,,,,,,,,,,,,,,,,,,,,,,,,,,,,,,,,2.80233983286908,0.903150228790645,0.0049767873723305,0.0047757395754293,0.190046425255339,0.0095514791508587,0.635301764159703,0.062084614480582,0.0049767873723305,0.0047757395754293,2022.0,1999-05-02,,,,7
Ja'Quan McMillian,,DB,16145,weighted,,,,,,,,,,,,,,,,,,,,,,,,,,,,,,,,,,,,,,,,,,,,,3.87853333333333,0.0353553390593273,0.05,9.91257970378153e-18,0.05,9.91257970378153e-18,0.27,0.0,0.01,0.0,2022.0,2000-06-04,,,,7
Jonathan Jones,NE,DB,12988,weighted,,,,,,,,,,,,,,,,,,,,,,,,,,,,,,,,,,,,,,,,,,,,,3.34480965645311,0.500096872093141,0.0049767873723305,0.0047757395754293,0.104976787372331,0.0047757395754293,0.4,0.0,0.0049767873723305,0.0047757395754293,2016.0,1993-09-20,Q,Knee,2023.0,7
Jaylon Johnson,CHI,DB,14924,weighted,,,,,,,,,,,,,,,,,,,,,,,,,,,,,,,,,,,,,,,,,,,,,3.00631383472609,0.791452353893691,0.0552089136490251,0.0429816561788645,0.0447910863509749,0.0429816561788645,0.385069637883008,0.0143272187262882,0.0049767873723305,0.0047757395754293,2020.0,1999-04-19,,,,7
Darnell Savage,GB,DB,14197,weighted,,,,,,,,,,,,,,,,,,,,,,,,,,,,,,,,,,,,,,,,,,,,,2.69255338904364,0.98886338984611,0.0049767873723305,0.0047757395754293,0.0800928505106778,0.0191029583017176,0.244791086350975,0.0429816561788645,0.0049767873723305,0.0047757395754293,2019.0,,Q,Calf,2023.0,7
Josh Jobe,PHI,DB,15989,weighted,,,,,,,,,,,,,,,,,,,,,,,,,,,,,,,,,,,,,,,,,,,,,2.67572887650882,0.962004271516852,0.0049767873723305,0.0047757395754293,0.0447910863509749,0.0429816561788645,0.430324976787372,0.0668603540560114,0.0049767873723305,0.0047757395754293,2022.0,1998-04-09,,,,7
James Bradberry,PHI,DB,12750,weighted,,,,,,,,,,,,,,,,,,,,,,,,,,,,,,,,,,,,,,,,,,,,,2.89429897864438,0.756097978865531,0.0099535747446611,0.0095514791508587,0.124883936861653,0.0238786978771469,0.595487465181059,0.100290531084017,0.0049767873723305,0.0047757395754293,2016.0,1993-08-04,,,,7
Eli Apple,FA,DB,12715,weighted,,,,,,,,,,,,,,,,,,,,,,,,,,,,,,,,,,,,,,,,,,,,,3.14750232126277,0.749118538959943,0.0552089136490251,0.0429816561788645,0.0248839368616527,0.0238786978771469,0.481021355617456,0.210132541318893,0.0049767873723305,0.0047757395754293,2016.0,1995-08-09,,,,7
Jamal Adams,SEA,DB,13230,weighted,,,,,,,,,,,,,,,,,,,,,,,,,,,,,,,,,,,,,,,,,,,,,2.0922191272052,1.37928410875744,0.0099535747446611,0.0095514791508587,0.0199071494893222,0.0191029583017175,0.174651810584958,0.0716360936314408,0.0049767873723305,0.0047757395754293,2017.0,1995-10-17,,,,7
Montaric Brown,JAC,DB,15933,weighted,,,,,,,,,,,,,,,,,,,,,,,,,,,,,,,,,,,,,,,,,,,,,2.10124419684308,1.2869271779716,0.0099535747446611,0.0095514791508587,0.0298607242339833,0.0286544374525763,0.144326833797586,0.138496447687452,0.0049767873723305,0.0047757395754293,2022.0,1999-08-24,,,,7
Cameron Sutton,DET,DB,13276,weighted,,,,,,,,,,,,,,,,,,,,,,,,,,,,,,,,,,,,,,,,,,,,,2.70965645311049,0.73165151587257,0.0049767873723305,0.0047757395754293,0.0497678737233055,0.0477573957542939,0.385069637883008,0.0143272187262882,0.0049767873723305,0.0047757395754293,2017.0,1995-02-27,,,,7
Xavien Howard,MIA,DB,12742,weighted,,,,,,,,,,,,,,,,,,,,,,,,,,,,,,,,,,,,,,,,,,,,,3.10852367688022,0.526665595224912,0.0099535747446611,0.0095514791508587,0.154744661095636,0.0525331353297233,0.660185701021356,0.0382059166034351,0.0099535747446611,0.0095514791508587,2016.0,1993-07-04,Q,Groin,2023.0,7
Ahkello Witherspoon,LAR,DB,13266,weighted,,,,,,,,,,,,,,,,,,,,,,,,,,,,,,,,,,,,,,,,,,,,,2.68011142061281,0.69847411243352,0.0049767873723305,0.0047757395754293,0.170139275766017,0.0286544374525763,0.575580315691736,0.119393489385735,0.0049767873723305,0.0047757395754293,2017.0,1995-03-21,,,,7
Martin Emerson,CLE,DB,15862,weighted,,,,,,,,,,,,,,,,,,,,,,,,,,,,,,,,,,,,,,,,,,,,,3.14269266480966,0.378974206306095,0.0149303621169916,0.0143272187262882,0.0850696378830084,0.0143272187262882,0.651624883936862,0.334301770280057,0.0049767873723305,0.0047757395754293,2022.0,2000-09-27,,,,7
Ja'Sir Taylor,LAC,DB,15926,weighted,,,,,,,,,,,,,,,,,,,,,,,,,,,,,,,,,,,,,,,,,,,,,3.51717333333333,0.0282842712474619,0.04,0.0,0.04,0.0,0.24,0.0,0.01,0.0,2022.0,1999-01-08,,,,7
Kei'Trel Clark,ARI,DB,16325,weighted,,,,,,,,,,,,,,,,,,,,,,,,,,,,,,,,,,,,,,,,,,,,,2.9208356545961,0.452943039640432,0.0049767873723305,0.0047757395754293,0.0497678737233055,0.0477573957542939,0.339814298978644,0.0382059166034351,0.0049767873723305,0.0047757395754293,2023.0,2001-03-19,Q,Hamstring,2023.0,7
J.C. Jackson,NE,DB,13917,weighted,,,,,,,,,,,,,,,,,,,,,,,,,,,,,,,,,,,,,,,,,,,,,2.02005571030641,1.23749120430903,0.0049767873723305,0.0047757395754293,0.109489322191272,0.105066270659447,0.418978644382544,0.210132541318893,0.0099535747446611,0.0095514791508587,2018.0,1970-01-01,,,,7
Christian Izien,,DB,16457,weighted,,,,,,,,,,,,,,,,,,,,,,,,,,,,,,,,,,,,,,,,,,,,,3.41717333333333,0.0282842712474619,0.04,0.0,0.06,0.0,0.29,0.0,0.01,0.0,2023.0,2000-06-08,,,,7
Greg Newsome,CLE,DB,15375,weighted,,,,,,,,,,,,,,,,,,,,,,,,,,,,,,,,,,,,,,,,,,,,,2.54898792943361,0.736805293079231,0.0199071494893222,0.0191029583017175,0.0199071494893222,0.0191029583017175,0.320371402042711,0.0764118332068702,0.0049767873723305,0.0047757395754293,2021.0,2000-05-18,Q,Hamstring,2023.0,7
Keisean Nixon,GB,DB,14669,weighted,,,,,,,,,,,,,,,,,,,,,,,,,,,,,,,,,,,,,,,,,,,,,3.38712,0.0212132034355963,0.05,9.91257970378153e-18,0.04,0.0,0.23,3.96503188151261e-17,0.01,0.0,2019.0,1997-06-22,,,,7
Emmanuel Forbes,WAS,DB,16253,weighted,,,,,,,,,,,,,,,,,,,,,,,,,,,,,,,,,,,,,,,,,,,,,2.6764238410596,0.777817459305202,0.0,0.0,0.2,3.96083208564486e-17,0.9,0.0,0.0,0.0,2023.0,2001-01-13,,,,7
Amik Robertson,LVR,DB,14957,weighted,,,,,,,,,,,,,,,,,,,,,,,,,,,,,,,,,,,,,,,,,,,,,3.18282666666667,0.0282842712474619,0.08,0.0,0.09,1.9825159407563102e-17,0.33,0.0,0.01,0.0,2020.0,1998-07-06,,,,7
Andre Chachere,ARI,DB,15568,weighted,,,,,,,,,,,,,,,,,,,,,,,,,,,,,,,,,,,,,,,,,,,,,2.21299907149489,0.759826975040836,0.0099535747446611,0.0095514791508587,0.054744661095636,0.0525331353297233,0.339814298978644,0.0382059166034351,0.0049767873723305,0.0047757395754293,2018.0,1996-02-10,,,,7
Jaylon Jones,IND,DB,16350,weighted,,,,,,,,,,,,,,,,,,,,,,,,,,,,,,,,,,,,,,,,,,,,,1.83593314763231,1.07677496512546,0.0099535747446611,0.0095514791508587,0.0298607242339833,0.0286544374525763,0.184605385329619,0.0811875727822996,0.0049767873723305,0.0047757395754293,2023.0,2002-04-03,,,,7
Mike Edwards,KC,DB,14222,weighted,,,,,,,,,,,,,,,,,,,,,,,,,,,,,,,,,,,,,,,,,,,,,2.4777530176416,0.597190178841157,0.115394614670381,0.0811875727822996,0.135301764159703,0.062084614480582,0.455673166202414,0.138496447687452,0.0049767873723305,0.0047757395754293,2019.0,,,,,7
Cordale Flott,NYG,DB,15866,weighted,,,,,,,,,,,,,,,,,,,,,,,,,,,,,,,,,,,,,,,,,,,,,1.78727948003714,0.986453872597368,0.0099535747446611,0.0095514791508587,0.0348375116063138,0.0334301770280057,0.3,0.0,0.0049767873723305,0.0047757395754293,2022.0,2001-08-24,,,,7
Damontae Kazee,PIT,DB,13301,weighted,,,,,,,,,,,,,,,,,,,,,,,,,,,,,,,,,,,,,,,,,,,,,1.95491179201486,0.777184681121218,0.0049767873723305,0.0047757395754293,0.0950232126276695,0.0047757395754293,0.269675023212628,0.0668603540560114,0.0049767873723305,0.0047757395754293,2017.0,1993-06-05,,,,7
Dane Jackson,BUF,DB,15016,weighted,,,,,,,,,,,,,,,,,,,,,,,,,,,,,,,,,,,,,,,,,,,,,2.44649006622517,0.565685424949238,0.0,0.0,0.1,1.98041604282243e-17,0.5,0.0,0.0,0.0,2020.0,1996-11-29,,,,7
Adoree Jackson,NYG,DB,13226,weighted,,,,,,,,,,,,,,,,,,,,,,,,,,,,,,,,,,,,,,,,,,,,,2.34649006622517,0.565685424949238,0.0,0.0,0.0,0.0,0.4,7.92166417128973e-17,0.0,0.0,2017.0,1995-09-18,Q,Neck,2023.0,7
Michael Jackson,SEA,DB,14252,weighted,,,,,,,,,,,,,,,,,,,,,,,,,,,,,,,,,,,,,,,,,,,,,2.45986754966887,0.424264068711928,0.0,0.0,0.0,0.0,0.4,7.92166417128973e-17,0.0,0.0,2019.0,1997-01-10,,,,7
Adrian Phillips,NE,DB,12088,weighted,,,,,,,,,,,,,,,,,,,,,,,,,,,,,,,,,,,,,,,,,,,,,1.90635761589404,0.989949493661167,0.0,0.0,0.0,0.0,0.2,3.96083208564486e-17,0.0,0.0,2014.0,1992-03-28,,,,7
Taylor Rapp,BUF,DB,14186,weighted,,,,,,,,,,,,,,,,,,,,,,,,,,,,,,,,,,,,,,,,,,,,,2.01973509933775,0.848528137423857,0.0,0.0,0.0,0.0,0.2,3.96083208564486e-17,0.0,0.0,2019.0,1970-01-01,,,,7
Jaylen Watson,KC,DB,15950,weighted,,,,,,,,,,,,,,,,,,,,,,,,,,,,,,,,,,,,,,,,,,,,,2.42993377483444,0.212132034355964,0.0,0.0,0.1,1.98041604282243e-17,0.5,0.0,0.0,0.0,2022.0,1998-09-17,Q,Thigh,2023.0,7
Kelee Ringo,PHI,DB,16242,weighted,,,,,,,,,,,,,,,,,,,,,,,,,,,,,,,,,,,,,,,,,,,,,1.81973509933775,0.848528137423857,0.0,0.0,0.0,0.0,0.6,0.0,0.0,0.0,2023.0,2002-06-27,,,,7
Dee Delaney,TB,DB,14024,weighted,,,,,,,,,,,,,,,,,,,,,,,,,,,,,,,,,,,,,,,,,,,,,1.94649006622517,0.565685424949238,0.0,0.0,0.3,0.0,0.4,7.92166417128973e-17,0.0,0.0,2018.0,1995-02-20,,,,7
Joshua Williams,KC,DB,15885,weighted,,,,,,,,,,,,,,,,,,,,,,,,,,,,,,,,,,,,,,,,,,,,,1.94649006622517,0.565685424949238,0.0,0.0,0.1,1.98041604282243e-17,0.4,7.92166417128973e-17,0.0,0.0,2022.0,1999-10-17,,,,7
Kyler Gordon,CHI,DB,15852,weighted,,,,,,,,,,,,,,,,,,,,,,,,,,,,,,,,,,,,,,,,,,,,,1.56304635761589,0.919238815542512,0.0,0.0,0.1,1.98041604282243e-17,0.4,7.92166417128973e-17,0.0,0.0,2022.0,1999-12-17,,,,7
Tre Herndon,JAC,DB,13914,weighted,,,,,,,,,,,,,,,,,,,,,,,,,,,,,,,,,,,,,,,,,,,,,1.68980132450331,0.636396103067893,0.0,0.0,0.0,0.0,0.5,0.0,0.0,0.0,2018.0,1970-01-01,,,,7
David Long,LVR,DB,14211,weighted,,,,,,,,,,,,,,,,,,,,,,,,,,,,,,,,,,,,,,,,,,,,,1.74649006622517,0.565685424949238,0.0,0.0,0.0,0.0,0.2,3.96083208564486e-17,0.0,0.0,2019.0,1970-01-01,,,,7
Zyon McCollum,TB,DB,15895,weighted,,,,,,,,,,,,,,,,,,,,,,,,,,,,,,,,,,,,,,,,,,,,,1.85986754966887,0.424264068711929,0.0,0.0,0.0,0.0,0.4,7.92166417128973e-17,0.0,0.0,2022.0,1999-05-03,,,,7
Brandon Jones,MIA,DB,14910,weighted,,,,,,,,,,,,,,,,,,,,,,,,,,,,,,,,,,,,,,,,,,,,,1.19298013245033,1.13137084989848,0.1,1.98041604282243e-17,0.0,0.0,0.2,3.96083208564486e-17,0.0,0.0,2020.0,1998-04-02,,,,7
Andrew Booth,MIN,DB,15854,weighted,,,,,,,,,,,,,,,,,,,,,,,,,,,,,,,,,,,,,,,,,,,,,1.60317880794702,0.494974746830583,0.0,0.0,0.0,0.0,0.1,1.98041604282243e-17,0.0,0.0,2022.0,2000-09-28,,,,7
Nik Needham,MIA,DB,14722,weighted,,,,,,,,,,,,,,,,,,,,,,,,,,,,,,,,,,,,,,,,,,,,,1.65986754966887,0.424264068711929,0.0,0.0,0.0,0.0,0.2,3.96083208564486e-17,0.0,0.0,2019.0,1996-11-04,,Achilles,2023.0,7
Christian Holmes,WAS,DB,15947,weighted,,,,,,,,,,,,,,,,,,,,,,,,,,,,,,,,,,,,,,,,,,,,,1.38980132450331,0.636396103067893,0.0,0.0,0.0,0.0,0.2,3.96083208564486e-17,0.0,0.0,2022.0,1997-11-14,,,,7
Jalen Mills,NE,DB,12716,weighted,,,,,,,,,,,,,,,,,,,,,,,,,,,,,,,,,,,,,,,,,,,,,1.44649006622517,0.565685424949238,0.0,0.0,0.0,0.0,0.1,1.98041604282243e-17,0.0,0.0,2016.0,1994-04-06,,,,7
Justin Bethel,MIA,DB,10874,weighted,,,,,,,,,,,,,,,,,,,,,,,,,,,,,,,,,,,,,,,,,,,,,1.28980132450331,0.636396103067893,0.0,0.0,0.0,0.0,0.3,0.0,0.0,0.0,2012.0,1990-06-17,,,,7
Darrell Baker,,DB,16139,weighted,,,,,,,,,,,,,,,,,,,,,,,,,,,,,,,,,,,,,,,,,,,,,1.40317880794702,0.494974746830583,0.0,0.0,0.0,0.0,0.3,0.0,0.0,0.0,2022.0,1998-03-27,,,,7
Chandon Sullivan,PIT,DB,14013,weighted,,,,,,,,,,,,,,,,,,,,,,,,,,,,,,,,,,,,,,,,,,,,,1.45986754966887,0.424264068711929,0.0,0.0,0.0,0.0,0.3,0.0,0.0,0.0,2018.0,1970-01-01,,,,7
Jalyn Armour-Davis,BAL,DB,15879,weighted,,,,,,,,,,,,,,,,,,,,,,,,,,,,,,,,,,,,,,,,,,,,,1.51655629139073,0.353553390593274,0.0,0.0,0.0,0.0,0.4,7.92166417128973e-17,0.0,0.0,2022.0,1999-09-03,,,,7
Cody Davis,NE,DB,11555,weighted,,,,,,,,,,,,,,,,,,,,,,,,,,,,,,,,,,,,,,,,,,,,,1.40317880794702,0.494974746830583,0.0,0.0,0.0,0.0,0.1,1.98041604282243e-17,0.0,0.0,2013.0,1989-06-06,Q,Knee,2023.0,7
Ambry Thomas,SF,DB,15403,weighted,,,,,,,,,,,,,,,,,,,,,,,,,,,,,,,,,,,,,,,,,,,,,1.51655629139073,0.353553390593274,0.0,0.0,0.0,0.0,0.1,1.98041604282243e-17,0.0,0.0,2021.0,1999-09-09,,,,7
Joey Porter Jr.,PIT,DB,16240,weighted,,,,,,,,,,,,,,,,,,,,,,,,,,,,,,,,,,,,,,,,,,,,,1.18980132450331,0.636396103067893,0.0,0.0,0.2,3.96083208564486e-17,0.5,0.0,0.0,0.0,2023.0,2000-07-26,,,,7
Sydney Brown,PHI,DB,16271,weighted,,,,,,,,,,,,,,,,,,,,,,,,,,,,,,,,,,,,,,,,,,,,,1.18980132450331,0.636396103067893,0.0,0.0,0.0,0.0,0.3,0.0,0.0,0.0,2023.0,2000-03-21,,,,7
Artie Burns,SEA,DB,12738,weighted,,,,,,,,,,,,,,,,,,,,,,,,,,,,,,,,,,,,,,,,,,,,,1.47324503311258,0.282842712474619,0.0,0.0,0.0,0.0,0.3,0.0,0.0,0.0,2016.0,1995-05-01,,,,7
Greg Stroman,CHI,DB,13840,weighted,,,,,,,,,,,,,,,,,,,,,,,,,,,,,,,,,,,,,,,,,,,,,0.976423841059603,0.777817459305202,0.0,0.0,0.1,1.98041604282243e-17,0.2,3.96083208564486e-17,0.0,0.0,2018.0,1996-03-08,,,,7
Jaylon Jones,CHI,DB,16026,weighted,,,,,,,,,,,,,,,,,,,,,,,,,,,,,,,,,,,,,,,,,,,,,1.03311258278146,0.707106781186548,0.0,0.0,0.0,0.0,0.2,3.96083208564486e-17,0.0,0.0,2022.0,1997-10-14,,,,7
Tre'Vius Hodges-Tomlinson,LAR,DB,16327,weighted,,,,,,,,,,,,,,,,,,,,,,,,,,,,,,,,,,,,,,,,,,,,,1.04649006622517,0.565685424949238,0.0,0.0,0.1,1.98041604282243e-17,0.3,0.0,0.0,0.0,2023.0,2000-01-10,,,,7
Mekhi Blackmon,MIN,DB,16288,weighted,,,,,,,,,,,,,,,,,,,,,,,,,,,,,,,,,,,,,,,,,,,,,1.27324503311258,0.282842712474619,0.0,0.0,0.0,0.0,0.1,1.98041604282243e-17,0.0,0.0,2023.0,1999-03-18,,,,7
Darnay Holmes,NYG,DB,14944,weighted,,,,,,,,,,,,,,,,,,,,,,,,,,,,,,,,,,,,,,,,,,,,,1.11655629139073,0.353553390593274,0.0,0.0,0.0,0.0,0.5,0.0,0.0,0.0,2020.0,1998-06-23,,,,7
Trayvon Mullen,BAL,DB,14181,weighted,,,,,,,,,,,,,,,,,,,,,,,,,,,,,,,,,,,,,,,,,,,,,1.12993377483444,0.212132034355964,0.1,1.98041604282243e-17,0.1,1.98041604282243e-17,0.4,7.92166417128973e-17,0.0,0.0,2019.0,1970-01-01,,Toe,2023.0,7
Tre Brown,SEA,DB,15423,weighted,,,,,,,,,,,,,,,,,,,,,,,,,,,,,,,,,,,,,,,,,,,,,1.14331125827815,0.0707106781186547,0.0,0.0,0.2,3.96083208564486e-17,0.5,0.0,0.0,0.0,2021.0,1997-09-24,,,,7
Christopher Smith,LVR,DB,16321,weighted,,,,,,,,,,,,,,,,,,,,,,,,,,,,,,,,,,,,,,,,,,,,,0.633112582781457,0.707106781186548,0.0,0.0,0.0,0.0,0.2,3.96083208564486e-17,0.0,0.0,2023.0,2000-05-01,,,,7
Antonio Johnson,JAC,DB,16246,weighted,,,,,,,,,,,,,,,,,,,,,,,,,,,,,,,,,,,,,,,,,,,,,0.773245033112583,0.282842712474619,0.0,0.0,0.0,0.0,0.0,0.0,0.0,0.0,2023.0,2001-10-29,,,,7
Quentin Lake,LAR,DB,15923,weighted,,,,,,,,,,,,,,,,,,,,,,,,,,,,,,,,,,,,,,,,,,,,,0.729933774834437,0.212132034355964,0.0,0.0,0.0,0.0,0.2,3.96083208564486e-17,0.0,0.0,2022.0,1999-01-29,,,,7
George Odum,SF,DB,13939,weighted,,,,,,,,,,,,,,,,,,,,,,,,,,,,,,,,,,,,,,,,,,,,,0.643311258278146,0.0707106781186547,0.0,0.0,0.1,1.98041604282243e-17,0.1,1.98041604282243e-17,0.0,0.0,2018.0,1993-11-03,,,,7
Nick Cross,IND,DB,15839,weighted,,,,,,,,,,,,,,,,,,,,,,,,,,,,,,,,,,,,,,,,,,,,,0.643311258278146,0.0707106781186547,0.0,0.0,0.0,0.0,0.0,0.0,0.0,0.0,2022.0,2001-09-10,,,,7
Lewis Cine,MIN,DB,15837,weighted,,,,,,,,,,,,,,,,,,,,,,,,,,,,,,,,,,,,,,,,,,,,,0.0866225165562914,0.14142135623731,0.0,0.0,0.0,0.0,0.0,0.0,0.0,0.0,2022.0,1999-10-05,,,,7
