player,team,position,id,avg_type,pass_yds,pass_yds_sd,pass_tds,pass_tds_sd,pass_int,pass_int_sd,rush_yds,rush_yds_sd,rush_tds,rush_tds_sd,fumbles_lost,fumbles_lost_sd,two_pts,two_pts_sd,return_tds,return_tds_sd,rec,rec_sd,rec_yds,rec_yds_sd,rec_tds,rec_tds_sd,fg_0019,fg_0019_sd,fg_2029,fg_2029_sd,fg_3039,fg_3039_sd,fg_4049,fg_4049_sd,fg_50,fg_50_sd,xp,xp_sd,dst_int,dst_int_sd,dst_sacks,dst_sacks_sd,dst_safety,dst_safety_sd,dst_td,dst_td_sd,dst_blk,dst_blk_sd,idp_solo,idp_solo_sd,idp_sack,idp_sack_sd,idp_int,idp_int_sd,idp_pd,idp_pd_sd,idp_td,idp_td_sd,draft_year,birthdate,injury_status,injury_details,season_year,week
Patrick Mahomes,KC,QB,13116,weighted,331.2423907938,16.2842651947767,2.67563644903711,0.357229942434847,0.545213715359324,0.361422305300361,8.56161376903979,3.41149451950378,0.075155130772834,0.0415338915204229,0.0791526538280883,0.0288108970005835,0.06,0.0,,,,,,,,,,,,,,,,,,,,,,,,,,,,,,,,,,,,,,,,,2017.0,1995-09-17,,,,4
Philip Rivers,LAC,QB,7394,weighted,297.47907468295,21.6543576103196,2.04882573978394,0.107804616469,0.563442930953499,0.312759960423108,2.77324297121385,1.03210612890316,0.0150008750534351,0.0194385312922115,0.0523983090652889,0.031206464256069,0.22,0.0,,,,,,,,,,,,,,,,,,,,,,,,,,,,,,,,,,,,,,,,,2004.0,1981-12-08,,,,4
Philip Rivers,IND,QB,7394,weighted,297.47907468295,21.6543576103196,2.04882573978394,0.107804616469,0.563442930953499,0.312759960423108,2.77324297121385,1.03210612890316,0.0150008750534351,0.0194385312922115,0.0523983090652889,0.031206464256069,0.22,0.0,,,,,,,,,,,,,,,,,,,,,,,,,,,,,,,,,,,,,,,,,2004.0,1981-12-08,,,,4
Jared Goff,LAR,QB,12611,weighted,286.531113198685,17.4464171305771,2.02466885861907,0.217105038896994,0.521850634100517,0.283177650366629,7.82455411662081,1.8645336082148,0.101723293911272,0.0642338202920146,0.167930483795209,0.0748163381347489,0.09,0.0,,,,,,,,,,,,,,,,,,,,,,,,,,,,,,,,,,,,,,,,,2016.0,1994-10-14,,,,4
Matt Ryan,ATL,QB,9099,weighted,287.631554720526,9.06554043284755,1.9661766087365,0.097193278872989,0.897233442930954,0.130858150241898,6.84051801650674,0.688088002763355,0.0429814341322911,0.040782940868141,0.131359323626116,0.0395660962090768,0.13,0.0,,,,,,,,,,,,,,,,,,,,,,,,,,,,,,,,,,,,,,,,,2008.0,1985-05-17,,,,4
Matthew Stafford,DET,QB,9431,weighted,261.387670267731,26.5385997835755,1.75697980272428,0.259268565191445,0.632367308595585,0.331603347434318,9.10799973159766,2.67763445352741,0.0601577750762739,0.0494589480183575,0.193895725692814,0.109427550066482,0.06,0.0,,,,,,,,,,,,,,,,,,,,,,,,,,,,,,,,,,,,,,,,,2009.0,1988-02-07,,,,4
Tom Brady,NE,QB,5848,weighted,262.641042743072,19.6920220716789,1.75865664631282,0.262608137437534,0.538224518553311,0.31835257253073,1.54492249882574,0.86011461476159,0.0551311816412803,0.0419420525495916,0.0923644903710662,0.0293863903763613,0.03,0.0,,,,,,,,,,,,,,,,,,,,,,,,,,,,,,,,,,,,,,,,,2000.0,1977-08-03,,,,4
Tom Brady,TB,QB,5848,weighted,262.641042743072,19.6920220716789,1.75865664631282,0.262608137437534,0.538224518553311,0.31835257253073,1.54492249882574,0.86011461476159,0.0551311816412803,0.0419420525495916,0.0923644903710662,0.0293863903763613,0.03,0.0,,,,,,,,,,,,,,,,,,,,,,,,,,,,,,,,,,,,,,,,,2000.0,1977-08-03,,,,4
Jameis Winston,TB,QB,12140,weighted,269.248445279474,21.1944550379671,1.73893377172381,0.251253246089646,1.21693752935651,0.232186046340712,13.7554915117762,2.91763516121078,0.0847031317751945,0.0454145356513359,0.191289807421325,0.111379377740374,0.06,0.0,,,,,,,,,,,,,,,,,,,,,,,,,,,,,,,,,,,,,,,,,2015.0,1994-01-06,,,,4
Jameis Winston,NO,QB,12140,weighted,269.248445279474,21.1944550379671,1.73893377172381,0.251253246089646,1.21693752935651,0.232186046340712,13.7554915117762,2.91763516121078,0.0847031317751945,0.0454145356513359,0.191289807421325,0.111379377740374,0.06,0.0,,,,,,,,,,,,,,,,,,,,,,,,,,,,,,,,,,,,,,,,,2015.0,1994-01-06,,,,4
Dak Prescott,DAL,QB,12620,weighted,265.301484264913,7.26974099303399,1.82128698919681,0.188340270684637,0.523170502583372,0.300319565689418,18.9881916392673,2.27150252284567,0.205996136601575,0.128666726698213,0.12093565054016,0.0498928008569846,0.1,0.0,,,,,,,,,,,,,,,,,,,,,,,,,,,,,,,,,,,,,,,,,2016.0,1993-07-29,,,,4
Russell Wilson,SEA,QB,10703,weighted,253.782193518084,15.022561157271,1.98670737435416,0.182678407476602,0.429497416627525,0.236027166041404,26.4125880695162,1.49459895146446,0.119156640117587,0.0708108041894089,0.155699389384688,0.06122315612624,0.06,0.0,,,,,,,,,,,,,,,,,,,,,,,,,,,,,,,,,,,,,,,,,2012.0,1988-11-29,,,,4
Deshaun Watson,HOU,QB,13113,weighted,259.054199154533,13.6561202263857,1.92932832315641,0.116560041447029,0.839765147956787,0.138438054442709,30.9212628329866,1.41998720557869,0.240740724410104,0.161623788899553,0.168728980742132,0.0432163455008753,0.11,0.0,,,,,,,,,,,,,,,,,,,,,,,,,,,,,,,,,,,,,,,,,2017.0,1995-09-14,,,,4
Aaron Rodgers,GB,QB,7836,weighted,259.547036167215,10.9708510636283,1.83572569281353,0.184239748695444,0.298093001409112,0.187709895741719,10.7108447963497,2.74126469493712,0.0552884485073891,0.0515505829854572,0.131541568811649,0.052814293354924,0.13,0.0,,,,,,,,,,,,,,,,,,,,,,,,,,,,,,,,,,,,,,,,,2005.0,1983-12-02,,,,4
Baker Mayfield,CLE,QB,13590,weighted,256.098238609676,15.7588689640274,1.27539220291217,0.260752544591467,1.13588069516205,0.216850381683615,5.25293565054016,2.97984669683053,0.0192478024558814,0.0269053676035896,0.131541568811649,0.052814293354924,0.14,0.0,,,,,,,,,,,,,,,,,,,,,,,,,,,,,,,,,,,,,,,,,2018.0,1995-04-14,,,,4
Case Keenum,WAS,QB,10948,weighted,251.361358024691,22.3592536917603,1.39019400352734,0.309777201517289,0.938007054673721,0.0805594318465588,4.08786478542034,1.95016684512638,0.0303550113605199,0.0304401150470637,0.184060846560847,0.1317527288978,0.03,0.0,,,,,,,,,,,,,,,,,,,,,,,,,,,,,,,,,,,,,,,,,2012.0,1988-02-17,,,,4
Case Keenum,CLE,QB,10948,weighted,251.361358024691,22.3592536917603,1.39019400352734,0.309777201517289,0.938007054673721,0.0805594318465588,4.08786478542034,1.95016684512638,0.0303550113605199,0.0304401150470637,0.184060846560847,0.1317527288978,0.03,0.0,,,,,,,,,,,,,,,,,,,,,,,,,,,,,,,,,,,,,,,,,2012.0,1988-02-17,,,,4
Daniel Jones,NYG,QB,14059,weighted,264.452104274307,6.84671889222456,1.7556505401597,0.272691528564285,0.946759041803664,0.217691857945636,23.3389079379991,5.76861742070183,0.13219071703842,0.0792726217168097,0.282885157350869,0.163999009230275,0.11,0.0,,,,,,,,,,,,,,,,,,,,,,,,,,,,,,,,,,,,,,,,,2019.0,1997-05-27,,,,4
Andy Dalton,CIN,QB,10313,weighted,256.54434945984,14.2286415418368,1.36063879755754,0.336832669098037,0.915542508219822,0.0753523136718555,4.41889216936187,2.12730499184308,0.0374816338694796,0.0381874562358941,0.134147487083138,0.0500402637205898,,,,,,,,,,,,,,,,,,,,,,,,,,,,,,,,,,,,,,,,,,,2011.0,1987-10-29,,,,4
Andy Dalton,DAL,QB,10313,weighted,256.54434945984,14.2286415418368,1.36063879755754,0.336832669098037,0.915542508219822,0.0753523136718555,4.41889216936187,2.12730499184308,0.0374816338694796,0.0381874562358941,0.134147487083138,0.0500402637205898,,,,,,,,,,,,,,,,,,,,,,,,,,,,,,,,,,,,,,,,,,,2011.0,1987-10-29,,,,4
Kyler Murray,ARI,QB,14056,weighted,246.925777360263,20.1131139266914,1.64653358384218,0.345507095460175,1.01964772193518,0.160843888447027,24.5323156411461,4.37647929148016,0.0917537652657397,0.0546689209469452,0.173062470643495,0.0532345767412735,0.14,0.0,,,,,,,,,,,,,,,,,,,,,,,,,,,,,,,,,,,,,,,,,2019.0,1997-08-07,,,,4
Kyle Allen,CAR,QB,13879,weighted,254.796343327454,15.084949188749,1.61052322163433,0.243638478140173,0.918236331569665,0.126133968274479,5.64259553203998,4.49672934341634,0.0380805408583186,0.0464706125504238,0.254814814814815,0.145370928668166,0.08,0.0,,,,,,,,,,,,,,,,,,,,,,,,,,,,,,,,,,,,,,,,,2018.0,1996-03-08,,,,4
Kyle Allen,WAS,QB,13879,weighted,254.796343327454,15.084949188749,1.61052322163433,0.243638478140173,0.918236331569665,0.126133968274479,5.64259553203998,4.49672934341634,0.0380805408583186,0.0464706125504238,0.254814814814815,0.145370928668166,0.08,0.0,,,,,,,,,,,,,,,,,,,,,,,,,,,,,,,,,,,,,,,,,2018.0,1996-03-08,,,,4
Carson Wentz,PHI,QB,12610,weighted,257.940751526538,11.621677850027,1.81002348520432,0.1766757683765,0.885223109441052,0.12714258984742,13.7261953969,2.78430856944016,0.0830423443766109,0.0434967800976974,0.162718647252231,0.0791321924181535,0.22,0.0,,,,,,,,,,,,,,,,,,,,,,,,,,,,,,,,,,,,,,,,,2016.0,1992-12-30,,,,4
Jacoby Brissett,IND,QB,12616,weighted,241.623833039389,15.7866442401671,1.58017048794827,0.395737383645988,0.531528512639624,0.336685261198175,13.325037037037,3.85923464601477,0.0944118344855133,0.0610707440687799,0.133900646678424,0.0459157104236579,0.03,0.0,,,,,,,,,,,,,,,,,,,,,,,,,,,,,,,,,,,,,,,,,2016.0,1992-12-11,,,,4
Mason Rudolph,PIT,QB,13595,weighted,246.894539521392,4.30693466491825,1.45757795503988,0.347845604247191,1.03926033357505,0.0491837373939457,10.208578680203,2.26703427393681,0.0739007348030692,0.054328705749411,0.0915790427846265,0.0274600386039057,0.08,0.0,,,,,,,,,,,,,,,,,,,,,,,,,,,,,,,,,,,,,,,,,2018.0,1995-07-17,,,,4
Lamar Jackson,BAL,QB,13593,weighted,234.368990136214,21.5680871269825,1.70939877876938,0.300143567851213,0.482151244715829,0.276485529572204,48.9987271019258,5.23138641108847,0.249149814682075,0.129656503623585,0.213163457022076,0.062419111165431,0.06,0.0,,,,,,,,,,,,,,,,,,,,,,,,,,,,,,,,,,,,,,,,,2018.0,1997-01-07,,,,4
Derek Carr,OAK,QB,11644,weighted,246.102286890065,14.0119669835426,1.22074661963551,0.162110068210667,0.772851263962375,0.143492247306536,4.86554027042916,1.37981255702846,0.0285913706197214,0.0301200611358898,0.157498530276308,0.0897226937183465,0.09,0.0,,,,,,,,,,,,,,,,,,,,,,,,,,,,,,,,,,,,,,,,,2014.0,1991-03-28,,,,4
Derek Carr,LVR,QB,11644,weighted,246.102286890065,14.0119669835426,1.22074661963551,0.162110068210667,0.772851263962375,0.143492247306536,4.86554027042916,1.37981255702846,0.0285913706197214,0.0301200611358898,0.157498530276308,0.0897226937183465,0.09,0.0,,,,,,,,,,,,,,,,,,,,,,,,,,,,,,,,,,,,,,,,,2014.0,1991-03-28,,,,4
Joe Flacco,DEN,QB,9064,weighted,230.79583186361,9.81219074833354,1.08783656672546,0.139014953174298,0.886014109347443,0.161448592711396,2.11725102880658,1.41828265354956,0.0207442680776014,0.0249772764316761,0.0841784244562022,0.0728551052190432,0.09,0.0,,,,,,,,,,,,,,,,,,,,,,,,,,,,,,,,,,,,,,,,,2008.0,1985-01-16,,,,4
Joe Flacco,NYJ,QB,9064,weighted,230.79583186361,9.81219074833354,1.08783656672546,0.139014953174298,0.886014109347443,0.161448592711396,2.11725102880658,1.41828265354956,0.0207442680776014,0.0249772764316761,0.0841784244562022,0.0728551052190432,0.09,0.0,,,,,,,,,,,,,,,,,,,,,,,,,,,,,,,,,,,,,,,,,2008.0,1985-01-16,,,,4
Josh Allen,BUF,QB,13589,weighted,212.945720995773,26.6267160009519,0.962771254109911,0.17276563885669,1.01125410991076,0.130975838698662,37.9613644903711,5.01331346159097,0.1845069133374,0.10364286734285,0.279808595584782,0.0832086603103118,0.11,0.0,,,,,,,,,,,,,,,,,,,,,,,,,,,,,,,,,,,,,,,,,2018.0,1996-05-21,,,,4
Teddy Bridgewater,NO,QB,11640,weighted,217.925884773663,21.1017740375064,1.27544973544974,0.195767682561686,0.729805996472663,0.203084289010289,8.82074309229865,4.34816490052811,0.0505980902400105,0.0610891502713968,0.0428644914756026,0.0263237177554354,0.1,1.55230520145092e-17,,,,,,,,,,,,,,,,,,,,,,,,,,,,,,,,,,,,,,,,,2014.0,1992-11-10,,,,4
Teddy Bridgewater,CAR,QB,11640,weighted,217.925884773663,21.1017740375064,1.27544973544974,0.195767682561686,0.729805996472663,0.203084289010289,8.82074309229865,4.34816490052811,0.0505980902400105,0.0610891502713968,0.0428644914756026,0.0263237177554354,0.1,1.55230520145092e-17,,,,,,,,,,,,,,,,,,,,,,,,,,,,,,,,,,,,,,,,,2014.0,1992-11-10,,,,4
Gardner Minshew,JAC,QB,14067,weighted,212.237150108774,22.5583514448411,1.11083393763597,0.167952209618712,0.890833937635968,0.189437643548128,16.6204387237128,4.12632673622751,0.043441991021764,0.0574645231079478,0.171111312545323,0.0902614920565674,0.08,0.0,,,,,,,,,,,,,,,,,,,,,,,,,,,,,,,,,,,,,,,,,2019.0,1996-05-16,,,,4
Marcus Mariota,TEN,QB,12141,weighted,218.094938271605,10.2830472682134,1.12733686067019,0.140385470002572,0.501310993533216,0.315447850342547,24.5704373897707,2.12200440375157,0.110967328821488,0.0784692462351446,0.0955041152263374,0.0192166532555055,0.03,0.0,,,,,,,,,,,,,,,,,,,,,,,,,,,,,,,,,,,,,,,,,2015.0,1993-10-30,,,,4
Marcus Mariota,LVR,QB,12141,weighted,218.094938271605,10.2830472682134,1.12733686067019,0.140385470002572,0.501310993533216,0.315447850342547,24.5704373897707,2.12200440375157,0.110967328821488,0.0784692462351446,0.0955041152263374,0.0192166532555055,0.03,0.0,,,,,,,,,,,,,,,,,,,,,,,,,,,,,,,,,,,,,,,,,2015.0,1993-10-30,,,,4
Josh Rosen,MIA,QB,13591,weighted,187.768300999412,42.774362707513,0.876931216931217,0.228466149577635,0.92445620223398,0.13018791171938,8.55501352145797,0.783023566808247,0.0300095686129652,0.0371082099705059,0.129936801881246,0.110358642601882,0.08,0.0,,,,,,,,,,,,,,,,,,,,,,,,,,,,,,,,,,,,,,,,,2018.0,1997-02-10,,,,4
Mitchell Trubisky,CHI,QB,13115,weighted,215.361604938272,18.3340417539609,1.18845972957084,0.240625800998639,0.902251616696061,0.0957836765060802,16.8852545561434,3.35646442982124,0.0853756857964973,0.0534504510565422,0.127971781305115,0.051366102637545,0.19,0.0,,,,,,,,,,,,,,,,,,,,,,,,,,,,,,,,,,,,,,,,,2017.0,1994-08-20,,,,4
Kirk Cousins,MIN,QB,10700,weighted,210.376120244246,13.4825497043896,1.11035697510568,0.135561968429966,0.818821042743072,0.113811073344434,10.3402231094411,2.55165694133125,0.07421415601213,0.0394108982559005,0.199107562235791,0.105783994176468,0.09,0.0,,,,,,,,,,,,,,,,,,,,,,,,,,,,,,,,,,,,,,,,,2012.0,1988-08-19,,,,4
Dwayne Haskins,WAS,QB,14058,weighted,16.7518154311649,16.6259088115979,0.0669742813918306,0.0953605970291006,0.146157337367625,0.131167149403868,1.19354513363591,0.924557697171968,0.0031070347957639,0.0047303653918363,0.0091868381240544,0.012895177952724,0.04,0.0,,,,,,,,,,,,,,,,,,,,,,,,,,,,,,,,,,,,,,,,,2019.0,1970-01-01,,,,4
Ryan Fitzpatrick,MIA,QB,8062,weighted,30.5303479576399,35.9362109233452,0.117647503782148,0.127775118587666,0.248789712556732,0.367914632459232,0.632233358547655,0.644933264466938,0.0031070347957639,0.0047303653918363,0.0123449319213313,0.0126220967409572,0.05,0.0,,,,,,,,,,,,,,,,,,,,,,,,,,,,,,,,,,,,,,,,,2005.0,1982-11-24,,,,4
Eli Manning,NYG,QB,7391,weighted,27.9345385779123,36.6296088945825,0.149848714069592,0.172112727885389,0.0668910741301059,0.094095604429264,0.390102118003026,0.47783944095289,0.0,0.0,0.108184568835098,0.0225745806938662,0.04,0.0,,,,,,,,,,,,,,,,,,,,,,,,,,,,,,,,,,,,,,,,,2004.0,1981-01-03,,,,4
Eli Manning,FA,QB,7391,weighted,27.9345385779123,36.6296088945825,0.149848714069592,0.172112727885389,0.0668910741301059,0.094095604429264,0.390102118003026,0.47783944095289,0.0,0.0,0.108184568835098,0.0225745806938662,0.04,0.0,,,,,,,,,,,,,,,,,,,,,,,,,,,,,,,,,,,,,,,,,2004.0,1981-01-03,,,,4
Taysom Hill,NO,QB,13424,weighted,18.8511724659607,26.8823384076359,0.0683131618759455,0.0760000640376967,0.0844629349470499,0.113585021559772,12.4602496217852,9.11851742154,0.077118611526687,0.0289766554806107,0.0629198184568835,0.0290008544427711,0.02,0.0,,,,,,,,,,,,,,,,,,,,,,,,,,,,,,,,,,,,,,,,,2017.0,1990-08-23,,,,4
Will Grier,CAR,QB,14062,weighted,15.0767073170732,17.0271312909721,0.0351067073170732,0.0494974746830583,0.0601829268292683,0.0848528137423857,0.501181402439024,0.611647365726364,0.038306293554007,0.0401535636459504,0.005015243902439,0.0070710678118654,0.04,0.0,,,,,,,,,,,,,,,,,,,,,,,,,,,,,,,,,,,,,,,,,2019.0,1995-04-03,,,,4
Blake Bortles,LAR,QB,11642,weighted,17.0969969742814,17.0905353391602,0.0631996974281392,0.0476648618485711,0.0619137670196672,0.0944056528943478,0.520803706505295,0.611018599827438,0.0062140695915279,0.0094607307836726,0.0154273827534039,0.017156128578543,0.03,0.0,,,,,,,,,,,,,,,,,,,,,,,,,,,,,,,,,,,,,,,,,2014.0,1991-12-16,,,,4
Blake Bortles,FA,QB,11642,weighted,17.0969969742814,17.0905353391602,0.0631996974281392,0.0476648618485711,0.0619137670196672,0.0944056528943478,0.520803706505295,0.611018599827438,0.0062140695915279,0.0094607307836726,0.0154273827534039,0.017156128578543,0.03,0.0,,,,,,,,,,,,,,,,,,,,,,,,,,,,,,,,,,,,,,,,,2014.0,1991-12-16,,,,4
Brett Hundley,ARI,QB,12142,weighted,13.9040015128593,17.0727623163402,0.0607110438729198,0.048831188135133,0.11018154311649,0.132286297103529,0.373462556732224,0.414024896477767,0.0031070347957639,0.0047303653918363,0.0411497730711044,0.0420736558031907,0.03,0.0,,,,,,,,,,,,,,,,,,,,,,,,,,,,,,,,,,,,,,,,,2015.0,1993-06-15,,,,4
Ryan Griffin,TB,QB,11441,weighted,17.82084,12.3030008279853,0.05083,0.046083258127763,0.29291,0.347619397063096,0.2,0.0,0.0,0.0,0.00329,0.005755208832791,0.04,0.0,,,,,,,,,,,,,,,,,,,,,,,,,,,,,,,,,,,,,,,,,2013.0,1989-11-17,,,,4
Ryan Tannehill,TEN,QB,10697,weighted,14.8301966717095,12.9643251422457,0.0904236006051437,0.0834008488589453,0.0670423600605144,0.0830430983425181,0.502161497730711,0.625021235650238,0.0031070347957639,0.0047303653918363,0.0123449319213313,0.0126220967409572,0.04,0.0,,,,,,,,,,,,,,,,,,,,,,,,,,,,,,,,,,,,,,,,,2012.0,1988-07-27,,,,4
Colt McCoy,WAS,QB,9899,weighted,3.93212487411883,5.78956819839857,0.0346424974823766,0.0582888968445826,0.0,0.0,0.708660624370594,0.603468163518052,0.0,0.0,0.0108089963074857,0.0191140275488572,,,,,,,,,,,,,,,,,,,,,,,,,,,,,,,,,,,,,,,,,,,2010.0,1986-09-05,O,Coach's Decision,2019.0,4
Colt McCoy,NYG,QB,9899,weighted,3.93212487411883,5.78956819839857,0.0346424974823766,0.0582888968445826,0.0,0.0,0.708660624370594,0.603468163518052,0.0,0.0,0.0108089963074857,0.0191140275488572,,,,,,,,,,,,,,,,,,,,,,,,,,,,,,,,,,,,,,,,,,,2010.0,1986-09-05,O,Coach's Decision,2019.0,4
Ryan Finley,CIN,QB,14068,weighted,18.47405,9.80968002384339,0.05902,0.0532831561146101,0.10488,0.101140139390349,0.2,0.0,0.00438,0.005101974304789,0.00329,0.005755208832791,0.04,0.0,,,,,,,,,,,,,,,,,,,,,,,,,,,,,,,,,,,,,,,,,2019.0,1970-01-01,,,,4
Tim Boyle,GB,QB,13873,weighted,10.94026,6.18828228683488,0.05085,0.0501579290523675,0.05902,0.0532831561146101,0.12116,0.0918355374862033,0.0,0.0,0.0436666666666667,0.050929740533706,0.04,0.0,,,,,,,,,,,,,,,,,,,,,,,,,,,,,,,,,,,,,,,,,2018.0,1970-01-01,,,,4
Brandon Allen,DEN,QB,12621,weighted,8.78670731707317,12.3885108063883,0.0300914634146341,0.0424264068711929,0.0401219512195122,0.0565685424949238,0.13,0.0,0.01,0.0,0.005015243902439,0.0070710678118654,0.04,0.0,,,,,,,,,,,,,,,,,,,,,,,,,,,,,,,,,,,,,,,,,2016.0,1992-09-05,,,,4
Josh McCown,PHI,QB,6589,weighted,9.00046898638426,6.58587900828735,0.0508018154311649,0.0440847477415231,0.0346898638426626,0.0471687089460993,0.386995083207262,0.480229167840571,0.0,0.0,0.0082299546142208,0.0084147311606381,0.02,0.0,,,,,,,,,,,,,,,,,,,,,,,,,,,,,,,,,,,,,,,,,2002.0,1979-07-04,,,,4
Josh McCown,FA,QB,6589,weighted,9.00046898638426,6.58587900828735,0.0508018154311649,0.0440847477415231,0.0346898638426626,0.0471687089460993,0.386995083207262,0.480229167840571,0.0,0.0,0.0082299546142208,0.0084147311606381,0.02,0.0,,,,,,,,,,,,,,,,,,,,,,,,,,,,,,,,,,,,,,,,,2002.0,1979-07-04,,,,4
Joshua Dobbs,JAC,QB,13119,weighted,8.29921331316188,6.65910518851494,0.0247957639939486,0.0299769234874866,0.0421558245083207,0.0505469408724208,0.4014258698941,0.397196668381853,0.0062140695915279,0.0094607307836726,0.0647465960665658,0.0923725701590018,0.03,0.0,,,,,,,,,,,,,,,,,,,,,,,,,,,,,,,,,,,,,,,,,2017.0,1995-01-26,,,,4
Robert Griffin,BAL,QB,10696,weighted,9.44807110438729,6.73871763270862,0.115158850226929,0.129103382931058,0.027375189107413,0.0549221765574907,0.350608925869894,0.356485681004111,0.0062140695915279,0.0094607307836726,0.0030975794251134,0.0047353005178765,0.03,0.0,,,,,,,,,,,,,,,,,,,,,,,,,,,,,,,,,,,,,,,,,2012.0,1990-02-12,,,,4
Matt Moore,KC,QB,8944,weighted,6.53153555219365,6.61723556041849,0.0359757942511346,0.0476989866144367,0.0174205748865356,0.0349504759911305,0.118204740292486,0.0837364223615396,0.0,0.0,0.0,0.0,0.01,0.0,,,,,,,,,,,,,,,,,,,,,,,,,,,,,,,,,,,,,,,,,2007.0,1984-08-09,,,,4
Tyrod Taylor,LAC,QB,10413,weighted,8.71488653555219,6.32487972462994,0.0433812405446293,0.0422721946077541,0.0198487140695915,0.0230957200742634,0.428490922844175,0.526098479445172,0.0031070347957639,0.0047303653918363,0.0,0.0,0.02,0.0,,,,,,,,,,,,,,,,,,,,,,,,,,,,,,,,,,,,,,,,,2011.0,1989-08-03,,,,4
Matt Barkley,BUF,QB,11151,weighted,6.80864599092284,5.83410937074244,0.0297125567322239,0.0474774616675281,0.085446293494705,0.0863672891037365,0.177307110438729,0.125604633542309,0.0,0.0,0.0,0.0,0.03,0.0,,,,,,,,,,,,,,,,,,,,,,,,,,,,,,,,,,,,,,,,,2013.0,1990-09-08,,,,4
Cody Kessler,NE,QB,12617,weighted,5.84720430107527,8.18122545832835,0.0151612903225806,0.0212132034355964,0.0454838709677419,0.0636396103067893,0.0252688172043011,0.0353553390593274,0.0050537634408602,0.0070710678118654,0.01,0.0,0.03,4.906822605744639e-18,,,,,,,,,,,,,,,,,,,,,,,,,,,,,,,,,,,,,,,,,2016.0,1993-05-11,O,Coach's Decision,2019.0,4
Brian Hoyer,IND,QB,9714,weighted,5.24397125567322,5.97597398087855,0.0334871406959153,0.0476802985145503,0.007465960665658,0.0149787754247702,0.0798846444780635,0.0941765322502423,0.0031070347957639,0.0047303653918363,0.0030975794251134,0.0047353005178765,0.01,0.0,,,,,,,,,,,,,,,,,,,,,,,,,,,,,,,,,,,,,,,,,2009.0,1985-10-31,,,,4
Mike Glennon,OAK,QB,11152,weighted,6.50325264750378,4.48997742396862,0.0483434190620272,0.0413418386037933,0.0099546142208774,0.0199717005663603,0.177307110438729,0.125604633542309,0.0,0.0,0.0588502269288956,0.0420736558031907,0.06,0.0,,,,,,,,,,,,,,,,,,,,,,,,,,,,,,,,,,,,,,,,,2013.0,1989-12-12,,,,4
Mike Glennon,JAC,QB,11152,weighted,6.50325264750378,4.48997742396862,0.0483434190620272,0.0413418386037933,0.0099546142208774,0.0199717005663603,0.177307110438729,0.125604633542309,0.0,0.0,0.0588502269288956,0.0420736558031907,0.06,0.0,,,,,,,,,,,,,,,,,,,,,,,,,,,,,,,,,,,,,,,,,2013.0,1989-12-12,,,,4
Matt Schaub,ATL,QB,7480,weighted,3.24900907715582,4.60805476920366,0.0285098335854766,0.0491876179545074,0.0049773071104387,0.0099858502831801,0.0798846444780635,0.0941765322502423,0.0,0.0,0.0030975794251134,0.0047353005178765,0.1,0.0,,,,,,,,,,,,,,,,,,,,,,,,,,,,,,,,,,,,,,,,,2004.0,1981-06-25,,,,4
AJ McCarron,HOU,QB,11643,weighted,5.31405446293495,4.54615683822616,0.007465960665658,0.0149787754247702,0.0099546142208774,0.0199717005663603,0.0591023701462431,0.0418682111807698,0.0031070347957639,0.0047303653918363,0.0,0.0,0.03,0.0,,,,,,,,,,,,,,,,,,,,,,,,,,,,,,,,,,,,,,,,,2014.0,1990-09-13,,,,4
Jeff Driskel,DET,QB,12623,weighted,5.11351351351351,7.00035713374682,0.0516516516516517,0.0707106781186548,0.0,0.0,1.34294294294294,1.83847763108502,0.0,0.0,0.0,0.0,,,,,,,,,,,,,,,,,,,,,,,,,,,,,,,,,,,,,,,,,,,2016.0,1993-04-23,,,,4
Jeff Driskel,DEN,QB,12623,weighted,5.11351351351351,7.00035713374682,0.0516516516516517,0.0707106781186548,0.0,0.0,1.34294294294294,1.83847763108502,0.0,0.0,0.0,0.0,,,,,,,,,,,,,,,,,,,,,,,,,,,,,,,,,,,,,,,,,,,2016.0,1993-04-23,,,,4
Geno Smith,SEA,QB,11150,weighted,3.36532719836401,4.94752151634353,0.0100920245398773,0.0173602982086068,0.0100920245398773,0.0173602982086068,0.025178936605317,0.0249803688430177,0.0,0.0,0.0149897750511247,0.0050154005878212,0.03,0.0,,,,,,,,,,,,,,,,,,,,,,,,,,,,,,,,,,,,,,,,,2013.0,1990-10-10,,,,4
Chase Daniel,CHI,QB,9706,weighted,3.92285930408472,4.48696452473661,0.0334871406959153,0.0476802985145503,0.0099546142208774,0.0199717005663603,0.236409480584972,0.167472844723079,0.0031070347957639,0.0047303653918363,0.0,0.0,0.02,0.0,,,,,,,,,,,,,,,,,,,,,,,,,,,,,,,,,,,,,,,,,2009.0,1986-10-07,,,,4
Chase Daniel,DET,QB,9706,weighted,3.92285930408472,4.48696452473661,0.0334871406959153,0.0476802985145503,0.0099546142208774,0.0199717005663603,0.236409480584972,0.167472844723079,0.0031070347957639,0.0047303653918363,0.0,0.0,0.02,0.0,,,,,,,,,,,,,,,,,,,,,,,,,,,,,,,,,,,,,,,,,2009.0,1986-10-07,,,,4
Cooper Rush,DAL,QB,13124,weighted,5.10019095477387,4.37157683929685,0.0066130653266331,0.0115257913126244,0.0165326633165829,0.0288144782815609,0.452931323283082,0.406597266499159,0.0,0.0,0.0,0.0,0.03,4.25000092857611e-18,,,,,,,,,,,,,,,,,,,,,,,,,,,,,,,,,,,,,,,,,2017.0,1993-11-21,,,,4
Cooper Rush,NYG,QB,13124,weighted,5.10019095477387,4.37157683929685,0.0066130653266331,0.0115257913126244,0.0165326633165829,0.0288144782815609,0.452931323283082,0.406597266499159,0.0,0.0,0.0,0.0,0.03,4.25000092857611e-18,,,,,,,,,,,,,,,,,,,,,,,,,,,,,,,,,,,,,,,,,2017.0,1993-11-21,,,,4
Jarrett Stidham,NE,QB,14063,weighted,5.40953800298063,3.32340187157677,0.0512667660208644,0.0707106781186548,0.146199701937407,0.212132034355964,0.2,7.85298302831401e-17,0.0,0.0,0.0,0.0,,,,,,,,,,,,,,,,,,,,,,,,,,,,,,,,,,,,,,,,,,,2019.0,1996-08-08,,,,4
Garrett Gilbert,CLE,QB,11854,weighted,2.55328220858896,4.39215544677751,0.0100920245398773,0.0173602982086068,0.0168200408997955,0.028933830347678,0.468328220858896,0.464634860480129,0.0050357873210634,0.0049960737686035,0.0050102249488752,0.0050154005878212,0.03,0.0,,,,,,,,,,,,,,,,,,,,,,,,,,,,,,,,,,,,,,,,,2014.0,1991-07-01,,,,4
Sean Mannion,MIN,QB,12145,weighted,3.74807866868381,3.30141434448276,0.0049773071104387,0.0099858502831801,0.0149319213313162,0.0299575508495404,0.118204740292486,0.0837364223615396,0.0,0.0,0.0,0.0,0.03,0.0,,,,,,,,,,,,,,,,,,,,,,,,,,,,,,,,,,,,,,,,,2015.0,1992-04-25,,,,4
DeShone Kizer,OAK,QB,13114,weighted,0.0,0.0,0.0,0.0,0.0,0.0,0.0,0.0,0.0,0.0,0.0,0.0,,,,,,,,,,,,,,,,,,,,,,,,,,,,,,,,,,,,,,,,,,,2017.0,1996-01-03,O,Coach's Decision,2019.0,4
Marlon Mack,IND,RB,13234,weighted,,,,,,,85.2350365698182,13.0911343542207,0.78414052773247,0.124148380029417,0.109090339752623,0.0484219985044259,0.04,0.0,,,1.68864255519023,0.202297380237492,13.4232832315641,2.93908955827435,0.0606857679661813,0.0410976785353618,,,,,,,,,,,,,,,,,,,,,,,,,,,,,,,,,2017.0,,,,,4
Christian McCaffrey,CAR,RB,13130,weighted,,,,,,,88.591943903912,9.3681596177552,0.652684714097142,0.185884074753944,0.154794113042117,0.0976652999642992,,,,,5.5895396899953,0.655490677949297,46.8856975105683,7.04677492654421,0.21419445749178,0.116508422719017,,,,,,,,,,,,,,,,,,,,,,,,,,,,,,,,,2017.0,1996-06-07,,,,4
Ezekiel Elliott,DAL,RB,12625,weighted,,,,,,,91.0425961215862,7.7762512194559,0.639080451866414,0.20078099984783,0.111175043056208,0.0478048642107581,,,,,2.97752465946454,0.568593917385025,24.3033818694223,4.99363136150952,0.0958290277125411,0.0611705106487236,,,,,,,,,,,,,,,,,,,,,,,,,,,,,,,,,2016.0,1995-07-22,,,,4
Dalvin Cook,MIN,RB,13128,weighted,,,,,,,80.3099926189358,9.34224839676822,0.533727376849171,0.245638762455566,0.17289885705339,0.0492391414109871,0.01,0.0,,,3.62463128229216,0.373797665211157,27.0284264913105,2.15045354305174,0.0943635509628934,0.0532172228060748,,,,,,,,,,,,,,,,,,,,,,,,,,,,,,,,,2017.0,1995-08-10,,,,4
Austin Ekeler,LAC,RB,13404,weighted,,,,,,,72.9995708406819,8.79353563398917,0.744861271395911,0.165591207974476,0.150499706055262,0.0351221414754512,0.01,0.0,,,5.04450911228689,0.851527120619191,47.746860670194,5.63803085017184,0.271628453850676,0.185267156728981,,,,,,,,,,,,,,,,,,,,,,,,,,,,,,,,,,,,,,4
Nick Chubb,CLE,RB,13610,weighted,,,,,,,76.5021069583305,3.78719923785725,0.588365293390113,0.212049603706052,0.113316110850164,0.0474352095783129,0.01,0.0,,,2.80886801315171,0.893061795304231,21.9527007984969,6.9633292241029,0.086599342414279,0.0577052528016,,,,,,,,,,,,,,,,,,,,,,,,,,,,,,,,,2018.0,1995-12-27,,,,4
Derrick Henry,TEN,RB,12626,weighted,,,,,,,74.4664074347447,2.93884181916376,0.774229150615118,0.127288319739188,0.110812588069516,0.0500500650208197,,,,,1.18539220291217,0.151287721803599,11.8008736496008,2.95488335028228,0.0684546735556599,0.0411870476677537,,,,,,,,,,,,,,,,,,,,,,,,,,,,,,,,,2016.0,1994-01-04,,,,4
Leonard Fournette,JAC,RB,13129,weighted,,,,,,,67.7735724350802,5.55143340767873,0.566654090714403,0.226130292341877,0.120826679192109,0.0405526539453333,,,,,3.86717238139972,0.371326685062406,30.0605495537811,4.48824495668913,0.0898309065288868,0.0553892878476761,,,,,,,,,,,,,,,,,,,,,,,,,,,,,,,,,2017.0,1996-07-06,,,,4
James Conner,PIT,RB,13146,weighted,,,,,,,69.0756364490371,6.49875513907641,0.719277264587982,0.153723836574235,0.150074369813684,0.043018706694004,0.01,0.0,,,3.57346171911696,0.537515532544723,28.6589713480507,6.00011803478895,0.100413339596054,0.0635159811977797,,,,,,,,,,,,,,,,,,,,,,,,,,,,,,,,,2017.0,1995-05-05,,,,4
Todd Gurley,LAR,RB,12150,weighted,,,,,,,65.4073156411461,5.67755023543667,0.731984750155013,0.173230256801945,0.0897510568341945,0.062859446386236,0.06,0.0,,,2.52488022545796,0.303582545762513,22.5030671676844,1.32871485678093,0.104405824330672,0.0659706675137039,,,,,,,,,,,,,,,,,,,,,,,,,,,,,,,,,2015.0,1994-08-03,,,,4
Todd Gurley,ATL,RB,12150,weighted,,,,,,,65.4073156411461,5.67755023543667,0.731984750155013,0.173230256801945,0.0897510568341945,0.062859446386236,0.06,0.0,,,2.52488022545796,0.303582545762513,22.5030671676844,1.32871485678093,0.104405824330672,0.0659706675137039,,,,,,,,,,,,,,,,,,,,,,,,,,,,,,,,,2015.0,1994-08-03,,,,4
Chris Carson,SEA,RB,13364,weighted,,,,,,,66.7781258806952,7.94113346361763,0.335991811847957,0.192764759909625,0.259155315484578,0.0849949277603399,0.03,0.0,,,2.28738374823861,0.153420980108388,16.1628276186003,1.88209876296961,0.0897933302019728,0.0482225640338823,,,,,,,,,,,,,,,,,,,,,,,,,,,,,,,,,2017.0,1994-09-16,,,,4
Mark Ingram,BAL,RB,10276,weighted,,,,,,,69.2014775548547,1.48031102619725,0.725891092792295,0.149658207026451,0.11540081415375,0.0450126483284803,0.03,0.0,,,1.84598403006106,0.184440264583196,15.3333771723814,1.37710762015141,0.0336542977923908,0.0419828086334783,,,,,,,,,,,,,,,,,,,,,,,,,,,,,,,,,2011.0,1989-12-21,,,,4
Kerryon Johnson,DET,RB,13612,weighted,,,,,,,67.4341072267329,3.53935352421643,0.663321526601309,0.17824451214623,0.11122201346485,0.0477620679439949,0.01,0.0,,,2.92531705025834,0.56945981189769,23.5590465007046,3.89595653522491,0.124401127289807,0.0753255554800928,,,,,,,,,,,,,,,,,,,,,,,,,,,,,,,,,2018.0,1997-06-30,,,,4
Alvin Kamara,NO,RB,13132,weighted,,,,,,,66.1928034623901,2.93050878102358,0.714687026353366,0.155378437959392,0.0882339126350399,0.0658244416677507,0.1,0.0,0.01,0.0,5.50231564114608,0.363151731225514,47.2559370596524,4.21871897402436,0.211202442461249,0.114557604395987,,,,,,,,,,,,,,,,,,,,,,,,,,,,,,,,,2017.0,1995-07-25,,,,4
Josh Jacobs,OAK,RB,14073,weighted,,,,,,,64.7712876602026,1.29423976590054,0.347871309794221,0.209621327828845,0.0895295130734304,0.0189814934874875,0.01,0.0,,,1.47014091122593,0.288157416580452,12.2292907468295,3.27311318290063,0.0591921089713481,0.0422085402015937,,,,,,,,,,,,,,,,,,,,,,,,,,,,,,,,,2019.0,1998-02-11,,,,4
Josh Jacobs,LVR,RB,14073,weighted,,,,,,,64.7712876602026,1.29423976590054,0.347871309794221,0.209621327828845,0.0895295130734304,0.0189814934874875,0.01,0.0,,,1.47014091122593,0.288157416580452,12.2292907468295,3.27311318290063,0.0591921089713481,0.0422085402015937,,,,,,,,,,,,,,,,,,,,,,,,,,,,,,,,,2019.0,1998-02-11,,,,4
Joe Mixon,CIN,RB,13131,weighted,,,,,,,64.2215949808763,3.83393267068906,0.574143061096735,0.22233153418969,0.098657429152967,0.0554365440228985,,,,,2.3128511038046,0.710976298079699,17.7643071864725,5.73609751616594,0.0883137623297323,0.046086084471878,,,,,,,,,,,,,,,,,,,,,,,,,,,,,,,,,2017.0,1996-07-24,,,,4
David Johnson,ARI,RB,12171,weighted,,,,,,,55.3999060591827,6.45333301988561,0.568398574706222,0.233806976716545,0.124965711601691,0.0403304174704534,0.03,0.0,,,3.9286989196806,0.619116102318128,32.1233536871771,3.94684152268941,0.212005636449037,0.134754456077023,,,,,,,,,,,,,,,,,,,,,,,,,,,,,,,,,2015.0,1991-12-16,,,,4
David Johnson,HOU,RB,12171,weighted,,,,,,,55.3999060591827,6.45333301988561,0.568398574706222,0.233806976716545,0.124965711601691,0.0403304174704534,0.03,0.0,,,3.9286989196806,0.619116102318128,32.1233536871771,3.94684152268941,0.212005636449037,0.134754456077023,,,,,,,,,,,,,,,,,,,,,,,,,,,,,,,,,2015.0,1991-12-16,,,,4
Aaron Jones,GB,RB,13319,weighted,,,,,,,59.2312658525129,5.40513621061337,0.628555369947952,0.223664075976876,0.0758139971817755,0.02485565615761,0.01,0.0,,,2.02081728511038,0.592846772144667,15.6209769844998,3.33510866147123,0.0790136214185063,0.0476688949640798,,,,,,,,,,,,,,,,,,,,,,,,,,,,,,,,,2017.0,1994-12-02,,,,4
Carlos Hyde,HOU,RB,11657,weighted,,,,,,,63.4881787184009,4.75331198080087,0.558205705050788,0.278377889527686,0.0704379776601999,0.0250042507531828,,,,,0.556878306878307,0.363414223825597,3.15776601998824,2.18218493907689,0.011440329218107,0.0176634404557992,,,,,,,,,,,,,,,,,,,,,,,,,,,,,,,,,2014.0,1991-09-20,,,,4
Carlos Hyde,SEA,RB,11657,weighted,,,,,,,63.4881787184009,4.75331198080087,0.558205705050788,0.278377889527686,0.0704379776601999,0.0250042507531828,,,,,0.556878306878307,0.363414223825597,3.15776601998824,2.18218493907689,0.011440329218107,0.0176634404557992,,,,,,,,,,,,,,,,,,,,,,,,,,,,,,,,,2014.0,1991-09-20,,,,4
Phillip Lindsay,DEN,RB,13614,weighted,,,,,,,61.5187630805409,4.08378862289979,0.64266249171972,0.219193753742666,0.100999412110523,0.0702442829509024,0.01,0.0,,,2.99166372721928,0.232002772984297,23.9028982951205,2.59973281024215,0.0517225161669606,0.0582087182925163,,,,,,,,,,,,,,,,,,,,,,,,,,,,,,,,,2018.0,1994-07-24,,,,4
Frank Gore,BUF,RB,7877,weighted,,,,,,,60.2267901234568,3.05952397814568,0.460742520650587,0.329426458259036,0.100999412110523,0.0702442829509024,,,,,1.36800117577895,0.366691741164929,12.2672192827748,2.34138213327127,0.0267254556143445,0.0332501022808352,,,,,,,,,,,,,,,,,,,,,,,,,,,,,,,,,2005.0,1983-05-14,,,,4
Frank Gore,NYJ,RB,7877,weighted,,,,,,,60.2267901234568,3.05952397814568,0.460742520650587,0.329426458259036,0.100999412110523,0.0702442829509024,,,,,1.36800117577895,0.366691741164929,12.2672192827748,2.34138213327127,0.0267254556143445,0.0332501022808352,,,,,,,,,,,,,,,,,,,,,,,,,,,,,,,,,2005.0,1983-05-14,,,,4
Wayne Gallman,NYG,RB,13135,weighted,,,,,,,56.6247301587302,5.31325267385126,0.347061635106786,0.224457678918755,0.0921061140505585,0.0714446861329727,0.01,0.0,,,2.8133215755438,0.147978294930977,21.2358906525573,3.13691191978646,0.0534979423868313,0.0585290163374188,,,,,,,,,,,,,,,,,,,,,,,,,,,,,,,,,2017.0,1994-10-01,,,,4
Sony Michel,NE,RB,13607,weighted,,,,,,,53.2975317050258,10.1208652932138,0.625262969624051,0.204944009920767,0.118335368717708,0.0414093396982733,0.01,0.0,0.01,0.0,0.416965711601691,0.380936567471173,3.24930953499295,3.02439020929913,0.021451385627055,0.0343647026115877,,,,,,,,,,,,,,,,,,,,,,,,,,,,,,,,,2018.0,1995-02-17,,,,4
David Montgomery,CHI,RB,14071,weighted,,,,,,,60.4006819517931,1.85247882266829,0.578619118536244,0.262932207674749,0.0950587889476778,0.0684006742319971,0.01,0.0,,,2.09088183421517,0.208863763811488,18.2464726631393,3.10747940186332,0.0681305114638448,0.0427725233135806,,,,,,,,,,,,,,,,,,,,,,,,,,,,,,,,,2019.0,1997-06-07,,,,4
Adrian Peterson,WAS,RB,8658,weighted,,,,,,,55.0172039976484,4.11951846608836,0.321558228235371,0.201609019370169,0.0970708406819518,0.0174858917283538,,,,,1.43506172839506,0.448093650754784,11.4330158730159,6.1305990603295,0.0508877131099353,0.0393090806412121,,,,,,,,,,,,,,,,,,,,,,,,,,,,,,,,,2007.0,1985-03-21,,,,4
LeSean McCoy,KC,RB,9448,weighted,,,,,,,47.5406666666667,8.24222551206781,0.272522756186387,0.184835218013289,0.0556158142269253,0.0314273777179214,,,,,2.2922986478542,0.461381539056064,17.9368665490888,3.5834749314533,0.110029394473839,0.0912146896458584,,,,,,,,,,,,,,,,,,,,,,,,,,,,,,,,,2009.0,1988-07-12,,,,4
LeSean McCoy,FA,RB,9448,weighted,,,,,,,47.5406666666667,8.24222551206781,0.272522756186387,0.184835218013289,0.0556158142269253,0.0314273777179214,,,,,2.2922986478542,0.461381539056064,17.9368665490888,3.5834749314533,0.110029394473839,0.0912146896458584,,,,,,,,,,,,,,,,,,,,,,,,,,,,,,,,,2009.0,1988-07-12,,,,4
Devonta Freeman,ATL,RB,11660,weighted,,,,,,,56.1510582010582,0.225863682200109,0.282131379941037,0.180526122961406,0.16005291005291,0.0413813909378332,,,,,2.69625514403292,0.273551800447669,20.5433686067019,2.34047972840172,0.0612404467960024,0.0606277806238626,,,,,,,,,,,,,,,,,,,,,,,,,,,,,,,,,2014.0,1992-03-15,,,,4
Devonta Freeman,FA,RB,11660,weighted,,,,,,,56.1510582010582,0.225863682200109,0.282131379941037,0.180526122961406,0.16005291005291,0.0413813909378332,,,,,2.69625514403292,0.273551800447669,20.5433686067019,2.34047972840172,0.0612404467960024,0.0606277806238626,,,,,,,,,,,,,,,,,,,,,,,,,,,,,,,,,2014.0,1992-03-15,,,,4
Royce Freeman,DEN,RB,13617,weighted,,,,,,,50.0117389770723,3.08846767651405,0.224158374659808,0.155495061876801,0.0911067019400353,0.0121590727062252,,,,,1.92516166960611,0.287394789846459,14.7137683715462,4.67784578160314,0.0383950617283951,0.0583593097540551,,,,,,,,,,,,,,,,,,,,,,,,,,,,,,,,,2018.0,1996-02-24,,,,4
Ronald Jones,TB,RB,13606,weighted,,,,,,,41.9330299823633,7.25103714992849,0.153638459138517,0.0946264606313629,0.0497222222222222,0.0368725092308512,,,,,0.77294532627866,0.493918042593108,7.75687242798354,5.92024440566462,0.0133744855967078,0.0193117546495674,,,,,,,,,,,,,,,,,,,,,,,,,,,,,,,,,2018.0,1997-08-03,,,,4
Miles Sanders,PHI,RB,14079,weighted,,,,,,,44.9957084068195,3.94482356296404,0.172084127084984,0.10778602376721,0.136455026455026,0.0377938213963362,0.01,0.0,0.02,0.0,2.33072310405644,0.431218836635174,21.1082422104644,1.96424823807111,0.0584538506760729,0.0555087741369979,,,,,,,,,,,,,,,,,,,,,,,,,,,,,,,,,2019.0,1970-01-01,,,,4
Peyton Barber,TB,RB,12637,weighted,,,,,,,48.0417013521458,2.34237580473799,0.24562455218105,0.160114840619189,0.0792960023515579,0.014974054742541,,,,,1.59319223985891,0.341491028299819,10.3683362727807,4.04240676258812,0.026766607877719,0.0310699481194265,,,,,,,,,,,,,,,,,,,,,,,,,,,,,,,,,2016.0,1994-06-27,,,,4
Peyton Barber,WAS,RB,12637,weighted,,,,,,,48.0417013521458,2.34237580473799,0.24562455218105,0.160114840619189,0.0792960023515579,0.014974054742541,,,,,1.59319223985891,0.341491028299819,10.3683362727807,4.04240676258812,0.026766607877719,0.0310699481194265,,,,,,,,,,,,,,,,,,,,,,,,,,,,,,,,,2016.0,1994-06-27,,,,4
Rex Burkhead,NE,RB,11182,weighted,,,,,,,32.8569935332158,9.54141182234392,0.156523667194874,0.0981786925097442,0.1,1.55230520145092e-17,,,,,2.84825984714874,0.915247995405052,23.2324279835391,6.18403219074907,0.0892357436801881,0.062797749489667,,,,,,,,,,,,,,,,,,,,,,,,,,,,,,,,,2013.0,1990-07-02,,,,4
Darrel Williams,KC,RB,13623,weighted,,,,,,,36.187241622575,5.25565079831526,0.153009179236934,0.0945476393410843,0.0497222222222222,0.0368725092308512,0.01,0.0,,,1.97117577895356,0.492127232045875,16.9542328042328,4.07269629952547,0.0776425631981187,0.0527685003663025,,,,,,,,,,,,,,,,,,,,,,,,,,,,,,,,,2018.0,,,,,4
Kenyan Drake,MIA,RB,12630,weighted,,,,,,,36.8158871252205,3.73242635255876,0.152420345750517,0.0963916448474674,0.16598177542622,0.0338377639693244,0.04,0.0,,,3.30726631393298,0.33605085052008,28.7833215755438,1.48735927870242,0.132516166960611,0.084961857015893,,,,,,,,,,,,,,,,,,,,,,,,,,,,,,,,,2016.0,,,,,4
Kenyan Drake,ARI,RB,12630,weighted,,,,,,,36.8158871252205,3.73242635255876,0.152420345750517,0.0963916448474674,0.16598177542622,0.0338377639693244,0.04,0.0,,,3.30726631393298,0.33605085052008,28.7833215755438,1.48735927870242,0.132516166960611,0.084961857015893,,,,,,,,,,,,,,,,,,,,,,,,,,,,,,,,,2016.0,,,,,4
Rashaad Penny,SEA,RB,13608,weighted,,,,,,,38.5208877131099,3.71128345894377,0.184698553675544,0.121267808523255,0.0762845385067607,0.0324241938832673,,,,,0.534997060552616,0.412244263999785,4.76600823045267,1.89010853766199,0.0171487360376249,0.024607994405359,,,,,,,,,,,,,,,,,,,,,,,,,,,,,,,,,2018.0,1996-02-02,Q,Hamstring,2019.0,4
Jamaal Williams,GB,RB,13139,weighted,,,,,,,34.9798071722516,4.29756486499816,0.154386531655926,0.101862769543794,0.0605918087399569,0.0361104069444564,,,,,1.95549676660788,0.109754069225751,16.5112815990594,1.23055125029894,0.071957671957672,0.043867067485584,,,,,,,,,,,,,,,,,,,,,,,,,,,,,,,,,2017.0,,,,,4
Jordan Howard,PHI,RB,12634,weighted,,,,,,,34.2927901234568,4.77540352248096,0.179565081807353,0.116127476417278,0.0496987066431511,0.0355685378224539,,,,,0.895044091710758,0.632950017410719,7.59063492063492,5.79163798916682,0.0286831275720165,0.0331458503027928,,,,,,,,,,,,,,,,,,,,,,,,,,,,,,,,,2016.0,1994-11-02,,,,4
Jordan Howard,MIA,RB,12634,weighted,,,,,,,34.2927901234568,4.77540352248096,0.179565081807353,0.116127476417278,0.0496987066431511,0.0355685378224539,,,,,0.895044091710758,0.632950017410719,7.59063492063492,5.79163798916682,0.0286831275720165,0.0331458503027928,,,,,,,,,,,,,,,,,,,,,,,,,,,,,,,,,2016.0,1994-11-02,,,,4
Malcolm Brown,LAR,RB,12386,weighted,,,,,,,30.7207748383304,5.68383668531743,0.18366027107234,0.146828719864832,0.0526866549088771,0.0360639345636212,,,,,0.669412110523222,0.240353664561983,4.79431510875955,0.835836403138215,0.0393650793650794,0.037479079121653,,,,,,,,,,,,,,,,,,,,,,,,,,,,,,,,,2015.0,1993-05-15,,,,4
Kalen Ballage,MIA,RB,13621,weighted,,,,,,,24.5077683715461,8.57235526271721,0.108668872730772,0.0772443430307994,0.0881540270429159,0.0108552769861669,0.01,0.0,,,1.27878894767784,0.317701050588551,10.9681128747795,3.1714407473764,0.0288007054673721,0.0301951603615303,,,,,,,,,,,,,,,,,,,,,,,,,,,,,,,,,2018.0,,,,,4
Gus Edwards,BAL,RB,13850,weighted,,,,,,,30.5253251028807,2.01066442274443,0.126850069645871,0.0949077070709841,0.0724142661179698,0.0252772848611195,0.03,0.0,,,0.505679012345679,0.430285240815807,2.73292768959436,2.06366223945697,0.0076425631981187,0.0083612880482026,,,,,,,,,,,,,,,,,,,,,,,,,,,,,,,,,2018.0,1995-04-13,,,,4
Chris Thompson,WAS,RB,11186,weighted,,,,,,,27.2015778953557,5.29347827106393,0.12207663894731,0.0906428271278236,0.0585802469135802,0.0291458152315954,,,,,4.41988830099941,0.655473796070445,38.8033862433862,8.94844022510528,0.110176366843034,0.0993113333575148,,,,,,,,,,,,,,,,,,,,,,,,,,,,,,,,,2013.0,1990-10-20,,,,4
Chris Thompson,JAC,RB,11186,weighted,,,,,,,27.2015778953557,5.29347827106393,0.12207663894731,0.0906428271278236,0.0585802469135802,0.0291458152315954,,,,,4.41988830099941,0.655473796070445,38.8033862433862,8.94844022510528,0.110176366843034,0.0993113333575148,,,,,,,,,,,,,,,,,,,,,,,,,,,,,,,,,2013.0,1990-10-20,,,,4
Ito Smith,ATL,RB,13768,weighted,,,,,,,26.7351922398589,4.21767230335801,0.150162349051731,0.112650970954925,0.0467460317460317,0.0374731910120512,,,,,1.37533803644915,0.347649525651998,9.78182833627278,1.77441720059071,0.0228571428571429,0.0324830762721254,,,,,,,,,,,,,,,,,,,,,,,,,,,,,,,,,2018.0,1995-09-11,,,,4
Duke Johnson,HOU,RB,12157,weighted,,,,,,,25.6259306290417,3.33048238685243,0.0925025009603926,0.0590366366495986,0.0763550852439741,0.0216662441666738,0.06,0.0,,,2.61447971781305,0.301889383282716,22.8084068195179,2.09586249757635,0.0852851263962375,0.0584994726585385,,,,,,,,,,,,,,,,,,,,,,,,,,,,,,,,,2015.0,1993-09-23,,,,4
T.J. Yeldon,BUF,RB,12153,weighted,,,,,,,23.1749276895944,4.89489817297349,0.0721326303091641,0.043898604396142,0.145230746619636,0.0608763321871749,,,,,1.99423868312757,0.244508066793467,18.352962962963,3.62812969816398,0.0643621399176955,0.0451368762112007,,,,,,,,,,,,,,,,,,,,,,,,,,,,,,,,,2015.0,1993-10-02,,,,4
Tony Pollard,DAL,RB,14085,weighted,,,,,,,24.7284703115814,3.8173934144357,0.117037367393748,0.0765510895067865,0.0467577895355673,0.0380973819133923,,,,,1.02305114638448,0.190282453473667,8.15019400352734,2.51455390664185,0.0209876543209877,0.0315692935761813,,,,,,,,,,,,,,,,,,,,,,,,,,,,,,,,,2019.0,1997-04-30,,,,4
Ty Johnson,DET,RB,14095,weighted,,,,,,,18.6189539521392,9.34365456594513,0.105309013801094,0.0865289088666787,0.0509499637418419,0.0379415803862343,,,,,1.27379260333575,0.504588495486147,8.58976069615664,3.32787944951885,0.0297171863669326,0.0477348596745702,,,,,,,,,,,,,,,,,,,,,,,,,,,,,,,,,2019.0,1997-09-17,,,,4
Alexander Mattison,MIN,RB,14223,weighted,,,,,,,24.7838953556731,3.94282971730542,0.112745173250614,0.0756811052524658,0.0585802469135802,0.0291458152315954,,,,,0.379747207524985,0.288708716208702,2.7047619047619,2.15253614721516,0.0038271604938271,0.005436729181184,,,,,,,,,,,,,,,,,,,,,,,,,,,,,,,,,2019.0,,,,,4
Dion Lewis,TEN,RB,10389,weighted,,,,,,,17.0137342739565,6.46594352967565,0.055737965457447,0.040883708457498,0.0526513815402704,0.0340402057255993,,,0.09,0.0,2.33885949441505,0.621833728570495,16.3562669018225,2.71519348793615,0.0508230452674897,0.0380471847525988,,,,,,,,,,,,,,,,,,,,,,,,,,,,,,,,,2011.0,1990-09-27,,,,4
Dion Lewis,NYG,RB,10389,weighted,,,,,,,17.0137342739565,6.46594352967565,0.055737965457447,0.040883708457498,0.0526513815402704,0.0340402057255993,,,0.09,0.0,2.33885949441505,0.621833728570495,16.3562669018225,2.71519348793615,0.0508230452674897,0.0380471847525988,,,,,,,,,,,,,,,,,,,,,,,,,,,,,,,,,2011.0,1990-09-27,,,,4
Melvin Gordon,LAC,RB,12151,weighted,,,,,,,21.5016862376703,3.96724390320813,0.140822291626976,0.0901680002244512,0.0725457961484265,0.036117122913223,,,,,1.28178957256928,0.697128944106896,11.9478252700798,7.03783452509999,0.0683513386566463,0.0529327664740079,,,,,,,,,,,,,,,,,,,,,,,,,,,,,,,,,2015.0,1993-04-13,,,,4
Melvin Gordon,DEN,RB,12151,weighted,,,,,,,21.5016862376703,3.96724390320813,0.140822291626976,0.0901680002244512,0.0725457961484265,0.036117122913223,,,,,1.28178957256928,0.697128944106896,11.9478252700798,7.03783452509999,0.0683513386566463,0.0529327664740079,,,,,,,,,,,,,,,,,,,,,,,,,,,,,,,,,2015.0,1993-04-13,,,,4
Tarik Cohen,CHI,RB,13290,weighted,,,,,,,18.8829582598471,4.2194556290404,0.0761240044835284,0.0466619808881394,0.128971193415638,0.051887533837395,,,0.01,0.0,3.86831275720165,0.547601404649103,32.9101116990006,4.45130711228642,0.116954732510288,0.0810613296928383,,,,,,,,,,,,,,,,,,,,,,,,,,,,,,,,,2017.0,1995-07-26,,,,4
J.D. McKissic,DET,RB,13108,weighted,,,,,,,12.2171501512859,9.34240213281642,0.059532943889912,0.0286934201907721,0.0082299546142208,0.0084147311606381,,,,,0.639122541603631,0.277527180238424,5.24003025718608,2.140487518399,0.0383585476550681,0.0440067397942289,,,,,,,,,,,,,,,,,,,,,,,,,,,,,,,,,2016.0,1993-10-15,,,,4
J.D. McKissic,WAS,RB,13108,weighted,,,,,,,12.2171501512859,9.34240213281642,0.059532943889912,0.0286934201907721,0.0082299546142208,0.0084147311606381,,,,,0.639122541603631,0.277527180238424,5.24003025718608,2.140487518399,0.0383585476550681,0.0440067397942289,,,,,,,,,,,,,,,,,,,,,,,,,,,,,,,,,2016.0,1993-10-15,,,,4
Latavius Murray,NO,RB,11390,weighted,,,,,,,20.5884009406232,2.9037937856584,0.166694722806431,0.114011189212559,0.0443484224965706,0.0333486167182186,,,,,1.01764844209289,0.35935744286591,7.55997648442093,2.55282557827308,0.0209935332157554,0.0247889075952125,,,,,,,,,,,,,,,,,,,,,,,,,,,,,,,,,2013.0,1990-01-18,,,,4
Elijhaa Penny,NYG,RB,13239,weighted,,,,,,,11.4104916792738,7.65250511978918,0.120165460604417,0.0574004781547867,0.0092624810892587,0.0083062570460342,,,,,0.399667170953101,0.271772506198382,2.86993948562784,2.06768892917686,0.0122844175491679,0.0149615950703013,,,,,,,,,,,,,,,,,,,,,,,,,,,,,,,,,2016.0,1993-08-17,,,,4
Giovani Bernard,CIN,RB,11193,weighted,,,,,,,16.9890828924162,3.53501130102293,0.0731887719801234,0.0469960113822714,0.0605918087399569,0.0361104069444564,,,,,2.45223398001176,0.422566772673389,19.4664197530864,2.38273944670243,0.0267078189300411,0.0403852883676454,,,,,,,,,,,,,,,,,,,,,,,,,,,,,,,,,2013.0,1991-11-22,,,,4
Jordan Wilkins,IND,RB,13789,weighted,,,,,,,14.845654311649,4.08806456974534,0.0889945135112074,0.0131109085483876,0.0949848714069592,0.0801870484983239,,,,,0.479901664145234,0.171333532680821,3.50988653555219,0.970515997664573,0.0098487140695915,0.0115468688096137,,,,,,,,,,,,,,,,,,,,,,,,,,,,,,,,,2018.0,1994-07-18,,,,4
Devin Singletary,BUF,RB,14080,weighted,,,,,,,0.0,,0.0,,0.1,,,,,,0.0,,0.0,,0.0,,,,,,,,,,,,,,,,,,,,,,,,,,,,,,,,,,2019.0,1997-09-03,O,Hamstring,2019.0,4
DeAndre Washington,OAK,RB,12857,weighted,,,,,,,16.606784244562,4.08236615103003,0.0483886549486698,0.057895621702585,0.0585684891240447,0.0299761743229382,,,,,0.703668430335097,0.269521971107403,4.41326278659612,1.67973400189664,0.0057201646090535,0.0088317202278995,,,,,,,,,,,,,,,,,,,,,,,,,,,,,,,,,2016.0,1993-02-22,,,,4
DeAndre Washington,KC,RB,12857,weighted,,,,,,,16.606784244562,4.08236615103003,0.0483886549486698,0.057895621702585,0.0585684891240447,0.0299761743229382,,,,,0.703668430335097,0.269521971107403,4.41326278659612,1.67973400189664,0.0057201646090535,0.0088317202278995,,,,,,,,,,,,,,,,,,,,,,,,,,,,,,,,,2016.0,1993-02-22,,,,4
Troymaine Pope,LAC,RB,12929,weighted,,,,,,,13.459013521458,6.44097872239674,0.078566245812254,0.0765247069037084,0.0334905937683715,0.0392566178232657,,,,,0.600987654320988,0.388782167642348,4.7080658436214,4.31068856597862,0.0259435626102293,0.0425099456893928,,,,,,,,,,,,,,,,,,,,,,,,,,,,,,,,,2016.0,1993-11-29,,,,4
Troymaine Pope,FA,RB,12929,weighted,,,,,,,13.459013521458,6.44097872239674,0.078566245812254,0.0765247069037084,0.0334905937683715,0.0392566178232657,,,,,0.600987654320988,0.388782167642348,4.7080658436214,4.31068856597862,0.0259435626102293,0.0425099456893928,,,,,,,,,,,,,,,,,,,,,,,,,,,,,,,,,2016.0,1993-11-29,,,,4
Jaylen Samuels,PIT,RB,13613,weighted,,,,,,,15.3765949441505,2.79521825891172,0.0497006556059207,0.055988010989432,0.0334905937683715,0.0392566178232657,,,,,1.43981187536743,0.501677647581901,11.4037742504409,3.87431375769451,0.101940035273369,0.0931018716516475,,,,,,,,,,,,,,,,,,,,,,,,,,,,,,,,,2018.0,1996-07-20,,,,4
James White,NE,RB,11747,weighted,,,,,,,15.5337483833039,2.0733110432015,0.0735446979999334,0.045509495677419,0.0404076033705663,0.0364582002483159,0.03,0.0,,,4.63651969429747,1.47290558193426,37.7354614932393,13.1810036596534,0.397225161669606,0.365890009711266,,,,,,,,,,,,,,,,,,,,,,,,,,,,,,,,,2014.0,1992-02-03,,,,4
Darren Sproles,PHI,RB,7942,weighted,,,,,,,14.3357084068195,2.19263276742905,0.0307218047078093,0.0327838176766606,0.0404076033705663,0.0364582002483159,,,0.02,0.0,1.568430335097,0.436461526167233,14.1970664315109,3.311394756967,0.0948853615520282,0.0758984327294758,,,,,,,,,,,,,,,,,,,,,,,,,,,,,,,,,2005.0,1983-06-20,,,,4
Darren Sproles,FA,RB,7942,weighted,,,,,,,14.3357084068195,2.19263276742905,0.0307218047078093,0.0327838176766606,0.0404076033705663,0.0364582002483159,,,0.02,0.0,1.568430335097,0.436461526167233,14.1970664315109,3.311394756967,0.0948853615520282,0.0758984327294758,,,,,,,,,,,,,,,,,,,,,,,,,,,,,,,,,2005.0,1983-06-20,,,,4
Mike Davis,CHI,RB,12164,weighted,,,,,,,12.0685749559083,3.54381514983392,0.0652740719948473,0.0444234445450635,0.0029644326866549,0.0040530242354084,0.04,0.0,,,0.819088771310994,0.740125335715693,5.38004115226337,5.04051007124094,0.0228982951205173,0.0286098444850693,,,,,,,,,,,,,,,,,,,,,,,,,,,,,,,,,2015.0,1993-02-19,,,,4
Mike Davis,CAR,RB,12164,weighted,,,,,,,12.0685749559083,3.54381514983392,0.0652740719948473,0.0444234445450635,0.0029644326866549,0.0040530242354084,0.04,0.0,,,0.819088771310994,0.740125335715693,5.38004115226337,5.04051007124094,0.0228982951205173,0.0286098444850693,,,,,,,,,,,,,,,,,,,,,,,,,,,,,,,,,2015.0,1993-02-19,,,,4
Justice Hill,BAL,RB,14086,weighted,,,,,,,9.61434379727685,3.10219895223216,0.0694314004842738,0.0242132940335802,0.0474621785173979,0.0412933257222581,,,,,0.75785930408472,0.252254763475622,6.27338124054463,2.61096457074981,0.0196444780635401,0.0244155940675665,,,,,,,,,,,,,,,,,,,,,,,,,,,,,,,,,2019.0,1997-11-14,,,,4
C.J. Prosise,SEA,RB,12627,weighted,,,,,,,11.4500623162845,3.38319389195337,0.0456315848474292,0.0366425637033304,0.0334905937683715,0.0392566178232657,,,,,1.43025867136978,0.546142362668505,11.0314520870076,4.16531020063184,0.0211522633744856,0.0346717790108936,,,,,,,,,,,,,,,,,,,,,,,,,,,,,,,,,2016.0,1994-05-20,,,,4
C.J. Prosise,FA,RB,12627,weighted,,,,,,,11.4500623162845,3.38319389195337,0.0456315848474292,0.0366425637033304,0.0334905937683715,0.0392566178232657,,,,,1.43025867136978,0.546142362668505,11.0314520870076,4.16531020063184,0.0211522633744856,0.0346717790108936,,,,,,,,,,,,,,,,,,,,,,,,,,,,,,,,,2016.0,1994-05-20,,,,4
Nyheim Hines,IND,RB,13622,weighted,,,,,,,11.6185737801293,3.56147881268767,0.0676973916328231,0.0421876324509267,0.0364432686654909,0.037160454057365,,,0.01,0.0,2.38047031158142,0.496738644577164,17.8180482069371,3.32439676646096,0.0659729570840682,0.066013248654101,,,,,,,,,,,,,,,,,,,,,,,,,,,,,,,,,2018.0,1996-11-12,,,,4
Jalen Richard,OAK,RB,12912,weighted,,,,,,,10.8464079952969,3.40707993153486,0.0554308057806018,0.0386448226847557,0.142266313932981,0.0648320253748316,,,0.01,0.0,2.46877131099353,0.42190307822326,18.9239800117578,5.29551944496341,0.0363374485596708,0.0517355079720544,,,,,,,,,,,,,,,,,,,,,,,,,,,,,,,,,2016.0,1993-10-15,,,,4
Jalen Richard,LVR,RB,12912,weighted,,,,,,,10.8464079952969,3.40707993153486,0.0554308057806018,0.0386448226847557,0.142266313932981,0.0648320253748316,,,0.01,0.0,2.46877131099353,0.42190307822326,18.9239800117578,5.29551944496341,0.0363374485596708,0.0517355079720544,,,,,,,,,,,,,,,,,,,,,,,,,,,,,,,,,2016.0,1993-10-15,,,,4
Chase Edmonds,ARI,RB,13726,weighted,,,,,,,11.6108054085832,2.34556461181092,0.060226603310097,0.0427543771635985,0.0088697824808935,0.0071399911102037,,,,,1.05716637272193,0.361107674344087,6.85845972957084,3.83231587202641,0.0190946502057613,0.0279938243707394,,,,,,,,,,,,,,,,,,,,,,,,,,,,,,,,,2018.0,1996-04-13,,,,4
Darwin Thompson,KC,RB,14284,weighted,,,,,,,6.75675485008818,3.11454302893017,0.0380799133358466,0.0375692977769169,0.0029644326866549,0.0040530242354084,,,,,0.415731922398589,0.334185226785512,4.25776601998824,3.91071221051492,0.0297707231040564,0.0416093056462931,,,,,,,,,,,,,,,,,,,,,,,,,,,,,,,,,2019.0,,,,,4
Brandon Bolden,NE,RB,10932,weighted,,,,,,,7.40296520423601,3.78683665092975,0.102933535888563,0.0746491092044701,0.168411497730711,0.10017553642507,,,,,0.281543116490166,0.105481228071974,2.08580181543116,1.08441621674247,0.0271633888048412,0.0299174327378338,,,,,,,,,,,,,,,,,,,,,,,,,,,,,,,,,2012.0,1990-01-26,,,,4
Ryquell Armstead,JAC,RB,14093,weighted,,,,,,,8.36174720752499,1.59820189315809,0.0210422096927458,0.0228324241916308,0.0177278071722516,0.0186631270302239,,,,,0.394732510288066,0.325268373407273,3.05068195179306,2.50185440356877,0.0057201646090535,0.0088317202278995,,,,,,,,,,,,,,,,,,,,,,,,,,,,,,,,,2019.0,,,,,4
Benny Snell,PIT,RB,14072,weighted,,,,,,,7.49785363086233,4.02152261355334,0.0761523033739064,0.0377232349281029,0.0092776096822995,0.0083201632577375,,,,,0.162745839636914,0.196606607923651,1.42767019667171,1.89968857619662,0.007465960665658,0.0149787754247702,,,,,,,,,,,,,,,,,,,,,,,,,,,,,,,,,2019.0,1970-01-01,,,,4
Brian Hill,ATL,RB,13240,weighted,,,,,,,7.07229765506808,4.66360144577369,0.0201741093072577,0.0335314982652779,0.0277874432677761,0.0249187711381027,,,,,0.106497730711044,0.102811880310965,0.974394856278366,0.836017130347309,0.0,0.0,,,,,,,,,,,,,,,,,,,,,,,,,,,,,,,,,2017.0,1995-11-09,,,,4
Dontrell Hilliard,CLE,RB,13871,weighted,,,,,,,6.72057677760968,3.21363642672339,0.0474701515321491,0.0366234142343267,0.0352080181543116,0.0457809664685096,,,0.01,0.0,1.12691376701967,0.575927676632474,10.4515506807867,4.82982640797792,0.0296974281391831,0.0260070318638482,,,,,,,,,,,,,,,,,,,,,,,,,,,,,,,,,2018.0,1970-01-01,,,,4
Travis Homer,SEA,RB,14083,weighted,,,,,,,9.12786885245901,1.5556349186104,0.070377838169545,0.0429810004250646,0.0,0.0,,,,,0.102533532041729,0.14142135623731,1.12786885245902,1.5556349186104,0.0,0.0,,,,,,,,,,,,,,,,,,,,,,,,,,,,,,,,,2019.0,1998-08-07,,,,4
Dare Ogunbowale,TB,RB,13148,weighted,,,,,,,4.49444797178131,4.09406106154935,0.0,0.0,0.0,0.0,,,,,1.76686654908877,0.233175410919987,13.2480305702528,2.08329020489454,0.0470135214579659,0.0459476139646903,,,,,,,,,,,,,,,,,,,,,,,,,,,,,,,,,2017.0,1994-05-04,,,,4
Wendell Smallwood,WAS,RB,12636,weighted,,,,,,,7.26589447806354,1.81263782925626,0.0661218601758738,0.0262281314201449,0.0030975794251134,0.0047353005178765,0.03,0.0,0.03,0.0,0.66679273827534,0.407600517025746,5.28158850226929,2.98597712735367,0.0196671709531014,0.0163887532635901,,,,,,,,,,,,,,,,,,,,,,,,,,,,,,,,,2016.0,1994-01-26,,,,4
Darrell Henderson,LAR,RB,14087,weighted,,,,,,,5.24156156156156,5.20430590953299,0.0564864864864865,0.0636396103067893,0.0,0.0,,,,,0.0516516516516517,0.0707106781186548,0.464864864864865,0.636396103067893,0.0,0.0,,,,,,,,,,,,,,,,,,,,,,,,,,,,,,,,,2019.0,1970-01-01,,,,4
Mark Walton,MIA,RB,13616,weighted,,,,,,,6.88716527987897,1.46471969973172,0.0252141827662611,0.025193886881455,0.0092624810892587,0.0083062570460342,,,,,0.421573373676248,0.0906746182960956,3.4432602118003,1.00281493632191,0.0148335854765507,0.0129877444091385,,,,,,,,,,,,,,,,,,,,,,,,,,,,,,,,,2018.0,1997-03-29,,,,4
Mark Walton,FA,RB,13616,weighted,,,,,,,6.88716527987897,1.46471969973172,0.0252141827662611,0.025193886881455,0.0092624810892587,0.0083062570460342,,,,,0.421573373676248,0.0906746182960956,3.4432602118003,1.00281493632191,0.0148335854765507,0.0129877444091385,,,,,,,,,,,,,,,,,,,,,,,,,,,,,,,,,2018.0,1997-03-29,,,,4
Jordan Scarlett,CAR,RB,14094,weighted,,,,,,,5.97095238095238,2.24650265287256,0.0398061224489796,0.0527429264167169,0.0086349206349206,0.0099633199854168,,,,,0.0639047619047619,0.0588779905818341,0.327619047619048,0.575378575250165,0.0,0.0,,,,,,,,,,,,,,,,,,,,,,,,,,,,,,,,,2019.0,,,,,4
Dwayne Washington,NO,RB,12845,weighted,,,,,,,4.73662254160363,3.03733724299496,0.0117592365993296,0.0190832230793855,0.0,0.0,,,,,0.0693343419062027,0.0903652911328368,0.745264750378215,1.09201752575043,0.0049621785173978,0.0057739300185658,,,,,,,,,,,,,,,,,,,,,,,,,,,,,,,,,2016.0,,,,,4
Corey Clement,PHI,RB,13136,weighted,,,,,,,4.97961611195159,1.61361199761837,0.0468669527385992,0.0368762657337384,0.0411497730711044,0.0420736558031907,0.07,0.0,,,0.536701966717095,0.41709416627066,4.77086989409985,3.73452461402341,0.01232223903177,0.0096530685001817,,,,,,,,,,,,,,,,,,,,,,,,,,,,,,,,,2017.0,,,,,4
Qadree Ollison,ATL,RB,14097,weighted,,,,,,,6.72183308494784,0.176776695296637,0.100064998444808,9.43110837049924e-05,0.0,0.0,,,,,0.0512667660208644,0.0707106781186548,0.256333830104322,0.353553390593274,0.0,0.0,,,,,,,,,,,,,,,,,,,,,,,,,,,,,,,,,2019.0,1970-01-01,O,Coach's Decision,2019.0,4
T.J. Logan,TB,RB,13142,weighted,,,,,,,4.14031825795645,2.79652823579116,0.0466418490922043,0.0482296409984657,0.0,0.0,,,,,0.371778894472362,0.230603278570785,3.10588944723618,1.98850654510625,0.0098492462311557,0.0100728366382484,,,,,,,,,,,,,,,,,,,,,,,,,,,,,,,,,2017.0,1994-09-03,,,,4
Mike Boone,MIN,RB,13868,weighted,,,,,,,4.05419859985262,2.45244524472021,0.0109953814485383,0.0088689124945956,0.0,0.0,,,,,0.158901989683125,0.164555099768118,1.06949889462049,1.46333589820367,0.0047973470891672,0.0057732179776392,,,,,,,,,,,,,,,,,,,,,,,,,,,,,,,,,2018.0,1970-01-01,,,,4
D'Ernest Johnson,CLE,RB,14331,weighted,,,,,,,4.1163,2.43137622899152,0.0073085542168674,0.006581469056282,0.0,0.0,,,,,0.42462,0.11098366366165,4.03506,0.841403682117256,0.00658,0.011510417665582,,,,,,,,,,,,,,,,,,,,,,,,,,,,,,,,,2019.0,,,,,4
Ameer Abdullah,MIN,RB,12155,weighted,,,,,,,3.0748808623298,1.50932523729138,0.007558545074076,0.0051857461895478,0.0123449319213313,0.0126220967409572,,,,,0.23250378214826,0.139451303840055,1.69080937972769,1.0638804416673,0.0049243570347957,0.0057734344048068,,,,,,,,,,,,,,,,,,,,,,,,,,,,,,,,,2015.0,1993-06-13,,,,4
Derek Watt,LAC,RB,12823,weighted,,,,,,,3.35267893660532,1.59680004963269,0.0191766635091788,0.0100682329024511,0.0,0.0,,,,,0.29418200408998,0.232315070580629,1.84870143149284,1.74265495608598,0.0167484662576687,0.0208806025026545,,,,,,,,,,,,,,,,,,,,,,,,,,,,,,,,,2016.0,1992-11-07,,,,4
Derek Watt,PIT,RB,12823,weighted,,,,,,,3.35267893660532,1.59680004963269,0.0191766635091788,0.0100682329024511,0.0,0.0,,,,,0.29418200408998,0.232315070580629,1.84870143149284,1.74265495608598,0.0167484662576687,0.0208806025026545,,,,,,,,,,,,,,,,,,,,,,,,,,,,,,,,,2016.0,1992-11-07,,,,4
Samaje Perine,CIN,RB,13133,weighted,,,,,,,3.00786298568507,2.73390142022691,0.0116109607271384,0.0161950821928283,0.0089229720518064,0.0102159266726255,,,,,0.154151329243354,0.144968286703479,1.14023517382413,1.5531314964882,0.0033640081799591,0.0057867660695355,,,,,,,,,,,,,,,,,,,,,,,,,,,,,,,,,2017.0,1995-09-16,,,,4
Damien Harris,NE,RB,14075,weighted,,,,,,,2.63504531722054,1.92053951102084,0.0,0.0,0.0,0.0,,,,,0.146404833836858,0.135228148918522,0.995146022155086,0.886681760562251,0.0,0.0,,,,,,,,,,,,,,,,,,,,,,,,,,,,,,,,,2019.0,1970-01-01,O,Coach's Decision,2019.0,4
Devontae Booker,DEN,RB,12629,weighted,,,,,,,3.63747443762781,1.46286211633663,0.0184871973977773,0.010376885113601,0.0400306748466258,0.017334098268559,,,0.01,0.0,0.853640081799591,0.876182680484916,7.34324130879346,6.26246979890645,0.0168200408997955,0.028933830347678,,,,,,,,,,,,,,,,,,,,,,,,,,,,,,,,,2016.0,1992-05-27,,,,4
Devontae Booker,LVR,RB,12629,weighted,,,,,,,3.63747443762781,1.46286211633663,0.0184871973977773,0.010376885113601,0.0400306748466258,0.017334098268559,,,0.01,0.0,0.853640081799591,0.876182680484916,7.34324130879346,6.26246979890645,0.0168200408997955,0.028933830347678,,,,,,,,,,,,,,,,,,,,,,,,,,,,,,,,,2016.0,1992-05-27,,,,4
Alexander Armah,CAR,RB,13326,weighted,,,,,,,2.84278744326778,0.731383817488699,0.053948186817604,0.0401700544263434,0.0,0.0,,,,,0.235975794251135,0.123427644269569,0.992458396369138,0.732817484486739,0.0049243570347957,0.0057734344048068,,,,,,,,,,,,,,,,,,,,,,,,,,,,,,,,,2017.0,1994-05-17,,,,4
Buddy Howell,HOU,RB,13916,weighted,,,,,,,2.11942713567839,2.92245337567106,0.0033065326633165,0.0057628956563121,0.0,0.0,,,,,0.159658291457286,0.121244904154841,1.52580904522613,1.34259451773209,0.0066130653266331,0.0115257913126244,,,,,,,,,,,,,,,,,,,,,,,,,,,,,,,,,2018.0,1970-01-01,,,,4
Dexter Williams,GB,RB,14074,weighted,,,,,,,0.0,,0.0,,0.0,,,,,,0.0,,0.0,,0.0,,,,,,,,,,,,,,,,,,,,,,,,,,,,,,,,,,2019.0,,O,Coach's Decision,2019.0,4
Jonathan Williams,IND,RB,12635,weighted,,,,,,,2.35113796576032,1.44086594974399,0.0079132357877692,0.0073550530535655,0.0108089963074857,0.0191140275488572,,,,,0.0227492447129909,0.0320089918503474,0.228328298086606,0.214408973065352,0.0,0.0,,,,,,,,,,,,,,,,,,,,,,,,,,,,,,,,,2016.0,1994-02-02,O,Coach's Decision,2019.0,4
Jonathan Williams,FA,RB,12635,weighted,,,,,,,2.35113796576032,1.44086594974399,0.0079132357877692,0.0073550530535655,0.0108089963074857,0.0191140275488572,,,,,0.0227492447129909,0.0320089918503474,0.228328298086606,0.214408973065352,0.0,0.0,,,,,,,,,,,,,,,,,,,,,,,,,,,,,,,,,2016.0,1994-02-02,O,Coach's Decision,2019.0,4
Taiwan Jones,HOU,RB,10368,weighted,,,,,,,2.40957957957958,2.7647875144394,0.0,0.0,0.0,0.0,,,,,0.0758258258258258,0.0353553390593274,0.86003003003003,0.643467170879758,0.0,0.0,,,,,,,,,,,,,,,,,,,,,,,,,,,,,,,,,2011.0,1988-07-26,,,,4
Taiwan Jones,BUF,RB,10368,weighted,,,,,,,2.40957957957958,2.7647875144394,0.0,0.0,0.0,0.0,,,,,0.0758258258258258,0.0353553390593274,0.86003003003003,0.643467170879758,0.0,0.0,,,,,,,,,,,,,,,,,,,,,,,,,,,,,,,,,2011.0,1988-07-26,,,,4
Nick Bawden,DET,RB,13838,weighted,,,,,,,2.36765230312036,2.07182286887658,0.0048885586924219,0.0070710678118654,0.0,0.0,,,,,0.565349182763744,0.339411254969543,3.95607726597325,1.65462986797652,0.0097771173848439,0.0141421356237309,,,,,,,,,,,,,,,,,,,,,,,,,,,,,,,,,2018.0,1996-06-22,,,,4
David Fluellen,TEN,RB,11894,weighted,,,,,,,2.83872188139059,0.76013203477194,0.0132424803753594,0.0058955304016729,0.0044614860259032,0.0051079633363127,,,,,0.126973415132924,0.13053743507633,0.959171779141104,1.00037265589039,0.0033640081799591,0.0057867660695355,,,,,,,,,,,,,,,,,,,,,,,,,,,,,,,,,2014.0,1992-01-29,,,,4
David Fluellen,FA,RB,11894,weighted,,,,,,,2.83872188139059,0.76013203477194,0.0132424803753594,0.0058955304016729,0.0044614860259032,0.0051079633363127,,,,,0.126973415132924,0.13053743507633,0.959171779141104,1.00037265589039,0.0033640081799591,0.0057867660695355,,,,,,,,,,,,,,,,,,,,,,,,,,,,,,,,,2014.0,1992-01-29,,,,4
Myles Gaskin,MIA,RB,14081,weighted,,,,,,,1.81932527693857,1.18230114272398,0.0,0.0,0.0,0.0,,,,,0.0508559919436052,0.0503379992482352,0.573575025176234,0.674630172336123,0.0,0.0,,,,,,,,,,,,,,,,,,,,,,,,,,,,,,,,,2019.0,1970-01-01,O,Coach's Decision,2019.0,4
Zach Line,NO,RB,11474,weighted,,,,,,,2.29102685325265,0.780252863217854,0.01279528505887,0.012569354221237,0.0,0.0,,,,,0.203812405446294,0.11455478817549,1.1078517397882,0.824432384218648,0.0334190620272315,0.0456009236760724,,,,,,,,,,,,,,,,,,,,,,,,,,,,,,,,,2013.0,1990-04-26,,,,4
Zach Line,FA,RB,11474,weighted,,,,,,,2.29102685325265,0.780252863217854,0.01279528505887,0.012569354221237,0.0,0.0,,,,,0.203812405446294,0.11455478817549,1.1078517397882,0.824432384218648,0.0334190620272315,0.0456009236760724,,,,,,,,,,,,,,,,,,,,,,,,,,,,,,,,,2013.0,1990-04-26,,,,4
Patrick DiMarco,BUF,RB,11100,weighted,,,,,,,1.38541922290389,0.396400707231735,0.0100047710591926,8.24490975483239e-06,0.0133435582822086,0.0057780327561863,,,,,0.427770961145194,0.161678483217305,2.98511247443763,0.709546452760098,0.0100204498977505,0.0100308011756425,,,,,,,,,,,,,,,,,,,,,,,,,,,,,,,,,2011.0,1989-04-30,,,,4
Anthony Sherman,KC,RB,10378,weighted,,,,,,,1.37673222390318,0.21530757879496,0.0048075623935527,0.0040962012415846,0.0,0.0,,,,,0.400665658093797,0.275410203033393,3.86167927382753,3.37000401404556,0.0049243570347957,0.0057734344048068,,,,,,,,,,,,,,,,,,,,,,,,,,,,,,,,,2011.0,1988-12-11,,,,4
Roosevelt Nix,PIT,RB,4397,weighted,,,,,,,2.04,,0.01,,0.0,,,,,,0.27,,2.16,,0.01,,,,,,,,,,,,,,,,,,,,,,,,,,,,,,,,,,,,O,Knee,2019.0,4
Roosevelt Nix,IND,RB,4397,weighted,,,,,,,2.04,,0.01,,0.0,,,,,,0.27,,2.16,,0.01,,,,,,,,,,,,,,,,,,,,,,,,,,,,,,,,,,,,O,Knee,2019.0,4
Tyler Ervin,JAC,RB,12639,weighted,,,,,,,0.857157464212679,0.538154647712476,0.0,0.0,0.0,0.0,,,,,0.204723926380368,0.194886254267243,1.3478118609407,1.10523461126748,0.0033640081799591,0.0057867660695355,,,,,,,,,,,,,,,,,,,,,,,,,,,,,,,,,2016.0,1993-10-07,,,,4
Tyler Ervin,GB,RB,12639,weighted,,,,,,,0.857157464212679,0.538154647712476,0.0,0.0,0.0,0.0,,,,,0.204723926380368,0.194886254267243,1.3478118609407,1.10523461126748,0.0033640081799591,0.0057867660695355,,,,,,,,,,,,,,,,,,,,,,,,,,,,,,,,,2016.0,1993-10-07,,,,4
Dan Vitale,GB,RB,12822,weighted,,,,,,,0.503067484662577,0.431674851106264,0.0044785276073619,0.0050939143644677,0.0133435582822086,0.0057780327561863,,,,,0.329764826175869,0.112751313567358,3.08009202453988,0.0757097713689147,0.0133128834355828,0.0115560655123727,,,,,,,,,,,,,,,,,,,,,,,,,,,,,,,,,2016.0,,,,,4
Dan Vitale,NE,RB,12822,weighted,,,,,,,0.503067484662577,0.431674851106264,0.0044785276073619,0.0050939143644677,0.0133435582822086,0.0057780327561863,,,,,0.329764826175869,0.112751313567358,3.08009202453988,0.0757097713689147,0.0133128834355828,0.0115560655123727,,,,,,,,,,,,,,,,,,,,,,,,,,,,,,,,,2016.0,,,,,4
D.J. Foster,ARI,RB,12871,weighted,,,,,,,0.765296523517382,0.420287283667236,0.0043593651528597,0.0051380714397328,0.0,0.0,,,,,0.432034764826176,0.379444780173624,4.15659509202454,3.26647983620969,0.0067280163599182,0.0115735321390712,,,,,,,,,,,,,,,,,,,,,,,,,,,,,,,,,2016.0,,,,,4
Keith Smith,ATL,RB,12040,weighted,,,,,,,0.270752688172043,0.0989949493661167,0.0050537634408602,0.0070710678118654,0.0,0.0,,,,,0.131075268817204,0.14142135623731,0.877311827956989,0.961665222413705,0.0,0.0,,,,,,,,,,,,,,,,,,,,,,,,,,,,,,,,,2014.0,1992-04-08,,,,4
Andy Janovich,DEN,RB,12806,weighted,,,,,,,0.505512481089259,0.361293876437655,0.0031070347957639,0.0047303653918363,0.0,0.0,,,,,0.376028744326778,0.293064437640216,4.07333585476551,3.08892480651632,0.0384493192133132,0.0454166658995119,,,,,,,,,,,,,,,,,,,,,,,,,,,,,,,,,2016.0,1993-05-23,Q,Pectoral,2019.0,4
Andy Janovich,CLE,RB,12806,weighted,,,,,,,0.505512481089259,0.361293876437655,0.0031070347957639,0.0047303653918363,0.0,0.0,,,,,0.376028744326778,0.293064437640216,4.07333585476551,3.08892480651632,0.0384493192133132,0.0454166658995119,,,,,,,,,,,,,,,,,,,,,,,,,,,,,,,,,2016.0,1993-05-23,Q,Pectoral,2019.0,4
Jamize Olawale,DAL,RB,10985,weighted,,,,,,,0.768008068582955,0.138663102179133,0.0,0.0,0.0,0.0,,,,,0.119062027231467,0.113393772043515,0.777012102874433,0.733658220047345,0.0024886535552193,0.00499292514159,,,,,,,,,,,,,,,,,,,,,,,,,,,,,,,,,2012.0,1989-04-17,,,,4
C.J. Ham,MIN,RB,12923,weighted,,,,,,,0.461505295007564,0.0952632632102401,0.0,0.0,0.0,0.0,,,,,0.56071860816944,0.223257774451155,3.70389561270802,1.76669094953384,0.0122844175491679,0.0149615950703013,,,,,,,,,,,,,,,,,,,,,,,,,,,,,,,,,2016.0,1993-07-22,,,,4
Shaun Wilson,WAS,RB,13874,weighted,,,,,,,1.08,,0.01,,0.0,,,,,,0.25,,1.79,,0.01,,,,,,,,,,,,,,,,,,,,,,,,,,,,,,,,,,2018.0,1970-01-01,IR,Ankle,2019.0,4
Shaun Wilson,TEN,RB,13874,weighted,,,,,,,1.08,,0.01,,0.0,,,,,,0.25,,1.79,,0.01,,,,,,,,,,,,,,,,,,,,,,,,,,,,,,,,,,2018.0,1970-01-01,IR,Ankle,2019.0,4
Trayveon Williams,CIN,RB,14076,weighted,,,,,,,1.0,,0.0,,0.0,,,,,,0.04,,0.0,,0.0,,,,,,,,,,,,,,,,,,,,,,,,,,,,,,,,,,2019.0,1970-01-01,,,,4
Nick Bellore,SEA,RB,10514,weighted,,,,,,,0.717795698924731,0.0388908729652601,0.0,0.0,0.0,0.0,,,,,0.200967741935484,0.127279220613579,1.43634408602151,0.834386001800126,0.01,0.0,,,,,,,,,,,,,,,,,,,,,,,,,,,,,,,,,2011.0,1989-05-12,,,,4
Paul Perkins,DET,RB,12631,weighted,,,,,,,0.562596302003082,0.0176776695296636,0.0,0.0,0.0375963020030817,0.0176776695296637,,,,,0.322157164869029,0.395979797464467,2.14440677966102,2.64457936163769,0.0,0.0,,,,,,,,,,,,,,,,,,,,,,,,,,,,,,,,,2016.0,1994-11-16,O,Coach's Decision,2019.0,4
Paul Perkins,FA,RB,12631,weighted,,,,,,,0.562596302003082,0.0176776695296636,0.0,0.0,0.0375963020030817,0.0176776695296637,,,,,0.322157164869029,0.395979797464467,2.14440677966102,2.64457936163769,0.0,0.0,,,,,,,,,,,,,,,,,,,,,,,,,,,,,,,,,2016.0,1994-11-16,O,Coach's Decision,2019.0,4
Tre Madden,FA,RB,12644,weighted,,,,,,,0.56,0.0,0.0,0.0,0.0,0.0,,,,,0.059537750385208,0.0848528137423857,0.456456086286595,0.650538238691624,0.0049614791987673,0.0070710678118654,,,,,,,,,,,,,,,,,,,,,,,,,,,,,,,,,2016.0,1993-08-16,,,,4
Patrick Ricard,BAL,RB,13455,weighted,,,,,,,0.102441376701967,0.129992057600422,0.0031070347957639,0.0047303653918363,0.0,0.0,,,,,0.324175491679274,0.186546587070045,1.4361497730711,1.58140964187912,0.0383282904689864,0.04249853050179,,,,,,,,,,,,,,,,,,,,,,,,,,,,,,,,,2017.0,1994-05-27,,,,4
,,RB,nfl_0,weighted,,,,,,,,,,,0.0,0.0,,,,,0.165,0.190918830920368,1.5,2.12132034355964,0.01,0.014142135623731,,,,,,,,,,,,,,,,,,,,,,,,,,,,,,,,,,,,,,4
Keenan Allen,LAC,WR,11222,weighted,,,,,,,3.89466572725849,1.08656308313706,0.0083866505402688,0.0108147999282734,0.0749647721935181,0.0364175251791519,,,,,8.25139502113668,0.955905083370904,107.462160638798,5.27830047521316,0.795133865664631,0.181529293412593,,,,,,,,,,,,,,,,,,,,,,,,,,,,,,,,,2013.0,1992-04-27,,,,4
DeAndre Hopkins,HOU,WR,11232,weighted,,,,,,,0.0027242837012682,0.0594107526102719,0.0,0.0,0.0828135274776891,0.0142950854659923,,,,,7.07753875058713,0.807550119081842,91.9261860028182,8.84705512976124,0.793048379520902,0.196170924013806,,,,,,,,,,,,,,,,,,,,,,,,,,,,,,,,,2013.0,1992-06-06,,,,4
DeAndre Hopkins,ARI,WR,11232,weighted,,,,,,,0.0027242837012682,0.0594107526102719,0.0,0.0,0.0828135274776891,0.0142950854659923,,,,,7.07753875058713,0.807550119081842,91.9261860028182,8.84705512976124,0.793048379520902,0.196170924013806,,,,,,,,,,,,,,,,,,,,,,,,,,,,,,,,,2013.0,1992-06-06,,,,4
Brandin Cooks,LAR,WR,11674,weighted,,,,,,,4.26201346485048,0.813637593507727,0.0106278658532366,0.0116124818603166,0.0258337247534054,0.0370596876071789,,,,,5.60426021606388,1.28483900452734,83.6689854391733,13.5915452769495,0.644964772193518,0.311563331832374,,,,,,,,,,,,,,,,,,,,,,,,,,,,,,,,,2014.0,1993-09-25,,,,4
Brandin Cooks,HOU,WR,11674,weighted,,,,,,,4.26201346485048,0.813637593507727,0.0106278658532366,0.0116124818603166,0.0258337247534054,0.0370596876071789,,,,,5.60426021606388,1.28483900452734,83.6689854391733,13.5915452769495,0.644964772193518,0.311563331832374,,,,,,,,,,,,,,,,,,,,,,,,,,,,,,,,,2014.0,1993-09-25,,,,4
Kenny Golladay,DET,WR,13277,weighted,,,,,,,0.393664631282292,0.202549998756402,0.0,0.0,0.0,0.0,,,,,5.58872710192579,0.886078930279931,80.5120479098168,14.515958475684,0.687952090183185,0.273700582739856,,,,,,,,,,,,,,,,,,,,,,,,,,,,,,,,,2017.0,1993-01-01,,,,4
Julio Jones,ATL,WR,10271,weighted,,,,,,,0.338103961171129,0.171959647243782,0.0,0.0,0.0903240958196336,0.0109611452863196,,,,,6.58263973696571,0.347453512833729,95.3017801784876,5.24955740498786,0.784217942696101,0.228308290748463,,,,,,,,,,,,,,,,,,,,,,,,,,,,,,,,,2011.0,1989-02-03,,,,4
Tyler Lockett,SEA,WR,12187,weighted,,,,,,,2.38363237826836,1.11604178038205,0.0066453176871452,0.0113492573337606,0.0652888680131517,0.036458029007117,,,0.03,0.0,5.6890277125411,1.28055207465014,82.2987458900893,10.6074431740789,0.733372475340536,0.230628949105818,,,,,,,,,,,,,,,,,,,,,,,,,,,,,,,,,2015.0,1992-09-28,,,,4
Cooper Kupp,LAR,WR,13164,weighted,,,,,,,1.9044543604196,0.269793461106664,0.0042371202466101,0.0044976076727719,0.0727994363550963,0.0262291047830157,,,,,6.33674025364021,1.01956461614645,80.3955331141381,12.265599077685,0.736486613433537,0.253413968058133,,,,,,,,,,,,,,,,,,,,,,,,,,,,,,,,,2017.0,1993-06-15,,,,4
Davante Adams,GB,WR,11675,weighted,,,,,,,0.0104900579301707,0.0189736624725034,0.0,0.0,0.0652888680131517,0.036458029007117,,,,,6.96300610615312,0.55891406477448,88.1662423673086,5.03696758506335,0.743860967590418,0.220769182505775,,,,,,,,,,,,,,,,,,,,,,,,,,,,,,,,,2014.0,1992-12-24,,,,4
Amari Cooper,DAL,WR,12175,weighted,,,,,,,0.754803507123845,0.403621380622088,0.0,0.0,0.0903240958196336,0.0109611452863196,,,,,5.56848285580085,0.963787624086006,79.5673649600752,11.7243720128021,0.738844527947393,0.235465699173618,,,,,,,,,,,,,,,,,,,,,,,,,,,,,,,,,2015.0,1994-06-18,,,,4
Sterling Shepard,NYG,WR,12658,weighted,,,,,,,3.95472075249853,0.23674162546398,0.0113584120250731,0.0108732387767024,0.0645326278659612,0.0324993662500108,,,,,5.52224573780129,0.380505530527914,73.4088536155203,11.5538429811798,0.568018812463257,0.27759578674312,,,,,,,,,,,,,,,,,,,,,,,,,,,,,,,,,2016.0,,,,,4
Odell Beckham,CLE,WR,11679,weighted,,,,,,,1.30533427274151,0.195816101661667,0.0024998319054905,0.0036196893982457,0.0874823860967591,0.018208762589576,,,,,5.99835603569751,0.568237712542087,83.9596852982621,4.60509294613983,0.683442930953499,0.271446032548953,,,,,,,,,,,,,,,,,,,,,,,,,,,,,,,,,2014.0,1992-11-05,,,,4
Michael Thomas,NO,WR,12652,weighted,,,,,,,0.0125880695162048,0.0227683949670041,0.0,0.0,0.0874823860967591,0.018208762589576,,,,,7.192733677783,0.521588114688224,81.8367543447628,5.41792387995937,0.651925786754345,0.300310353078985,,,,,,,,,,,,,,,,,,,,,,,,,,,,,,,,,2016.0,1994-08-16,,,,4
Mike Evans,TB,WR,11671,weighted,,,,,,,0.176765304524816,0.195271022381227,0.0,0.0,0.0333442930953499,0.0341424943708778,,,,,5.25465476749648,0.717639873407878,85.0696383278535,6.21973330133354,0.718924377642085,0.24821199153198,,,,,,,,,,,,,,,,,,,,,,,,,,,,,,,,,2014.0,1993-08-21,,,,4
JuJu Smith-Schuster,PIT,WR,13156,weighted,,,,,,,0.428354470017222,0.214183600701622,0.0,0.0,0.0652888680131517,0.036458029007117,,,,,6.14079849694692,0.363593383158786,81.5442602160639,4.75978708640048,0.684156881164866,0.277609444789639,,,,,,,,,,,,,,,,,,,,,,,,,,,,,,,,,2017.0,1996-11-22,,,,4
Marquise Brown,BAL,WR,14105,weighted,,,,,,,2.71117577895356,2.58101277940749,0.0,0.0,0.0404076033705663,0.0364582002483159,,,,,4.59636096413874,0.98015866061048,71.2564667842446,13.7751095559785,0.572286890064668,0.266749291292833,,,,,,,,,,,,,,,,,,,,,,,,,,,,,,,,,2019.0,1997-06-04,,,,4
Julian Edelman,NE,WR,9662,weighted,,,,,,,3.68875058713011,1.46725362477681,0.0055842699138248,0.0047351987262752,0.0725457961484265,0.036117122913223,,,,,5.57946453734147,0.947150309476587,64.5534852043213,12.3027567278886,0.588219821512447,0.354429347863449,,,,,,,,,,,,,,,,,,,,,,,,,,,,,,,,,2009.0,1986-05-22,,,,4
Adam Thielen,MIN,WR,11938,weighted,,,,,,,1.68301925786754,0.414324464985169,0.0421078370761555,0.036524046538433,0.0890183184593706,0.0144468491652892,,,,,5.37484264913105,0.566908799685579,69.6576749647722,8.42430806240657,0.534809769844998,0.246611719764278,,,,,,,,,,,,,,,,,,,,,,,,,,,,,,,,,2014.0,1990-08-22,,,,4
Will Fuller,HOU,WR,12647,weighted,,,,,,,0.344729570840682,0.231417364442492,0.0,0.0,0.0,0.0,,,,,4.16137566137566,0.521736075022202,61.1209994121105,13.9580237535401,0.450970017636684,0.334008092798267,,,,,,,,,,,,,,,,,,,,,,,,,,,,,,,,,2016.0,1994-04-16,,,,4
Sammy Watkins,KC,WR,11670,weighted,,,,,,,0.733161108501644,0.274983371541754,0.0020380943183364,0.0038040592700713,0.0,0.0,,,,,5.07268201033349,0.694768861395068,77.7866134335369,4.90687648118254,0.775091592296853,0.219247717280033,,,,,,,,,,,,,,,,,,,,,,,,,,,,,,,,,2014.0,1993-06-14,,,,4
Tyler Boyd,CIN,WR,12650,weighted,,,,,,,0.9757189888301,0.416396689306256,0.0027413795497785,0.0040940223075995,0.0690740740740741,0.0336920130201906,,,0.01,0.0,6.06666666666667,0.542452804711311,77.7888183421517,3.48297086231749,0.554050558495003,0.290310602115511,,,,,,,,,,,,,,,,,,,,,,,,,,,,,,,,,2016.0,1994-11-15,,,,4
Larry Fitzgerald,ARI,WR,7393,weighted,,,,,,,0.0786772486772487,0.0729239310352244,0.0,0.0,0.0645326278659612,0.0324993662500108,,,,,5.88756613756614,0.785377295062783,68.6938624338624,8.30321133191016,0.574132863021752,0.269334059340171,,,,,,,,,,,,,,,,,,,,,,,,,,,,,,,,,2004.0,1983-08-31,,,,4
D.J. Moore,CAR,WR,13635,weighted,,,,,,,5.95679012345679,2.32107076972432,0.0071760572003223,0.004154778204051,0.174201940035273,0.103414730463203,,,0.03,0.0,5.52266313932981,1.49118581041583,70.1750205761317,7.30096020344181,0.441463844797178,0.337948283372467,,,,,,,,,,,,,,,,,,,,,,,,,,,,,,,,,2018.0,1997-04-14,,,,4
Christian Kirk,ARI,WR,13633,weighted,,,,,,,2.39766607877719,0.803236848538175,0.0088103461549228,0.0121634703737605,0.0605918087399569,0.0361104069444564,,,,,5.4756025867137,0.754532733278753,65.9775896531452,11.4529199482238,0.444997060552616,0.345439559108522,,,,,,,,,,,,,,,,,,,,,,,,,,,,,,,,,2018.0,1996-11-18,,,,4
Robert Woods,LAR,WR,11228,weighted,,,,,,,9.67603757632691,1.55793856506281,0.0255808357574076,0.0275770372137699,0.0725457961484265,0.036117122913223,,,,,4.53876937529357,0.878212149607926,61.6240159699389,13.011132413513,0.250216063879756,0.166856326784186,,,,,,,,,,,,,,,,,,,,,,,,,,,,,,,,,2013.0,1992-04-10,,,,4
John Brown,BUF,WR,11783,weighted,,,,,,,1.20724867724868,0.451436410732217,0.0031771849114588,0.0038007513653584,0.0,0.0,,,,,4.1607289829512,1.13803461690659,60.3587948265726,10.8689114181533,0.448395061728395,0.330794652751213,,,,,,,,,,,,,,,,,,,,,,,,,,,,,,,,,2014.0,1990-04-03,,,,4
John Ross,CIN,WR,13155,weighted,,,,,,,0.884147560258671,0.243398374947317,0.0026833215755438,0.0041088535461236,0.104940231236528,0.0667562496027147,,,,,4.04924162257496,1.77412508113398,53.8692768959436,13.4632237948947,0.347830687830688,0.239029641710996,,,,,,,,,,,,,,,,,,,,,,,,,,,,,,,,,2017.0,,,,,4
Allen Robinson,CHI,WR,11678,weighted,,,,,,,0.531175778953557,0.206584655660635,0.0,0.0,0.0842367234959828,0.0144441627777826,,,,,5.1401822457378,0.710589726660458,67.1320987654321,7.55981592693454,0.45777189888301,0.330631332276673,,,,,,,,,,,,,,,,,,,,,,,,,,,,,,,,,2014.0,1993-08-24,,,,4
Marvin Jones,DET,WR,10738,weighted,,,,,,,0.765041152263374,0.252692763248472,0.0025537299400935,0.0041469402200333,0.0,0.0,,,,,4.50636096413874,0.311024518899581,64.399823633157,5.84126042379753,0.512527924750147,0.294863265568937,,,,,,,,,,,,,,,,,,,,,,,,,,,,,,,,,2012.0,1990-03-12,,,,4
Tyrell Williams,OAK,WR,12391,weighted,,,,,,,0.2691240446796,0.197647074045265,0.0,0.0,0.0,0.0,,,,,4.61189888300999,0.902632653256325,61.115620223398,9.43926465744745,0.307383891828336,0.19921627753014,,,,,,,,,,,,,,,,,,,,,,,,,,,,,,,,,,,,,,4
Tyrell Williams,LVR,WR,12391,weighted,,,,,,,0.2691240446796,0.197647074045265,0.0,0.0,0.0,0.0,,,,,4.61189888300999,0.902632653256325,61.115620223398,9.43926465744745,0.307383891828336,0.19921627753014,,,,,,,,,,,,,,,,,,,,,,,,,,,,,,,,,,,,,,4
Courtland Sutton,DEN,WR,13630,weighted,,,,,,,0.10564961787184,0.159001361204032,0.0,0.0,0.0,0.0,,,,,4.08967666078777,0.577608069429396,60.3808230452675,8.38781475310418,0.405243974132863,0.359566394630066,,,,,,,,,,,,,,,,,,,,,,,,,,,,,,,,,2018.0,1995-10-10,,,,4
Chris Godwin,TB,WR,13163,weighted,,,,,,,0.166275246594645,0.199684452973171,0.0,0.0,0.0150211366838892,0.0218505151074912,,,,,4.55219821512447,0.761637123469394,65.0011366838891,10.7411095093568,0.616937529356505,0.334839066468149,,,,,,,,,,,,,,,,,,,,,,,,,,,,,,,,,2017.0,1996-02-27,Q,Hip,2019.0,4
Mecole Hardman,KC,WR,14113,weighted,,,,,,,1.87002939447384,0.883015794335186,0.0086823045830987,0.0071464642667011,0.0404076033705663,0.0364582002483159,,,0.01,0.0,3.17733098177543,0.532162492158982,55.8148442092887,12.3789989073443,0.509623750734862,0.305418567314599,,,,,,,,,,,,,,,,,,,,,,,,,,,,,,,,,2019.0,1970-01-01,,,,4
Terry McLaurin,WAS,WR,14109,weighted,,,,,,,0.191195979899498,0.202123094372253,0.0,0.0,0.1,0.0,,,,,4.28202010050251,0.720384131934316,60.4323015075377,6.09779580907328,0.409849246231156,0.0100728366382484,,,,,,,,,,,,,,,,,,,,,,,,,,,,,,,,,2019.0,1995-09-15,O,Hamstring,2019.0,4
Paul Richardson,WAS,WR,11681,weighted,,,,,,,0.597522045855379,0.0795881391094492,0.0,0.0,0.0,0.0,,,,,4.08660787771899,0.647191363064599,52.2951205173427,9.18061515957066,0.516696061140506,0.300996028920444,,,,,,,,,,,,,,,,,,,,,,,,,,,,,,,,,2014.0,1992-04-13,,,,4
Paul Richardson,FA,WR,11681,weighted,,,,,,,0.597522045855379,0.0795881391094492,0.0,0.0,0.0,0.0,,,,,4.08660787771899,0.647191363064599,52.2951205173427,9.18061515957066,0.516696061140506,0.300996028920444,,,,,,,,,,,,,,,,,,,,,,,,,,,,,,,,,2014.0,1992-04-13,,,,4
Marquez Valdes-Scantling,GB,WR,13793,weighted,,,,,,,1.45991769547325,0.209407962089655,0.0060510822696725,0.0041208091236426,0.0,0.0,,,,,3.98439153439153,0.182601263042328,58.1914050558495,5.98608239039689,0.233074661963551,0.140274830487652,,,,,,,,,,,,,,,,,,,,,,,,,,,,,,,,,2018.0,1994-10-10,,,,4
DK Metcalf,SEA,WR,14102,weighted,,,,,,,0.415346854791299,0.266908732427093,0.0,0.0,0.0404076033705663,0.0364582002483159,,,,,3.45829512051734,0.979486070713172,55.0880070546737,8.95314587008133,0.50310405643739,0.300524976868491,,,,,,,,,,,,,,,,,,,,,,,,,,,,,,,,,2019.0,1997-12-14,,,,4
Preston Williams,MIA,WR,14126,weighted,,,,,,,0.223289241622575,0.153741778288764,0.0,0.0,0.048289241622575,0.0303502774037551,,,,,3.51811287477954,1.30160135207731,46.40810111699,16.4893599103721,0.157495590828924,0.135541570435909,,,,,,,,,,,,,,,,,,,,,,,,,,,,,,,,,2019.0,1970-01-01,,,,4
Dontrelle Inman,LAC,WR,11957,weighted,,,,,,,0.152721928277484,0.178099916359615,0.0,0.0,0.0078816382520086,0.0072220813888912,,,,,3.19917107583774,1.30325665610195,47.6368136390359,17.3439719034566,0.263427395649618,0.225941538795516,,,,,,,,,,,,,,,,,,,,,,,,,,,,,,,,,2013.0,1989-01-31,,,,4
Dontrelle Inman,FA,WR,11957,weighted,,,,,,,0.152721928277484,0.178099916359615,0.0,0.0,0.0078816382520086,0.0072220813888912,,,,,3.19917107583774,1.30325665610195,47.6368136390359,17.3439719034566,0.263427395649618,0.225941538795516,,,,,,,,,,,,,,,,,,,,,,,,,,,,,,,,,2013.0,1989-01-31,,,,4
Emmanuel Sanders,DEN,WR,9918,weighted,,,,,,,1.47467960023516,0.217592339442031,0.006004773127451,0.0041309975339191,0.0,0.0,,,,,4.64022927689594,0.290209008976841,55.1388771310993,6.42750249757484,0.253668430335097,0.165167425857948,,,,,,,,,,,,,,,,,,,,,,,,,,,,,,,,,2010.0,1987-03-17,,,,4
Emmanuel Sanders,NO,WR,9918,weighted,,,,,,,1.47467960023516,0.217592339442031,0.006004773127451,0.0041309975339191,0.0,0.0,,,,,4.64022927689594,0.290209008976841,55.1388771310993,6.42750249757484,0.253668430335097,0.165167425857948,,,,,,,,,,,,,,,,,,,,,,,,,,,,,,,,,2010.0,1987-03-17,,,,4
Alshon Jeffery,PHI,WR,10722,weighted,,,,,,,0.590567313345091,0.278771012962883,0.0513515640309622,0.0427129731460391,0.0275857338820302,0.0252772848611195,,,,,4.43978248089359,0.968706475130302,56.2446090534979,5.1746705975934,0.532815990593768,0.302784127345812,,,,,,,,,,,,,,,,,,,,,,,,,,,,,,,,,2012.0,1990-02-14,,,,4
Josh Gordon,NE,WR,10960,weighted,,,,,,,0.841772486772487,0.775003425419692,0.0025298254113411,0.004071998149246,0.0,0.0,,,,,3.93258083480306,0.201016418603824,57.4093709582598,3.57709174871029,0.240687830687831,0.145959778987048,,,,,,,,,,,,,,,,,,,,,,,,,,,,,,,,,2012.0,1991-04-13,,,,4
Josh Gordon,FA,WR,10960,weighted,,,,,,,0.841772486772487,0.775003425419692,0.0025298254113411,0.004071998149246,0.0,0.0,,,,,3.93258083480306,0.201016418603824,57.4093709582598,3.57709174871029,0.240687830687831,0.145959778987048,,,,,,,,,,,,,,,,,,,,,,,,,,,,,,,,,2012.0,1991-04-13,,,,4
Calvin Ridley,ATL,WR,13629,weighted,,,,,,,0.459406231628454,0.319898223652025,0.0,0.0,0.0275857338820302,0.0252772848611195,,,0.03,0.0,3.88075837742504,0.403913659365212,52.0302233980012,8.02489300243998,0.324256319811875,0.20060290326186,,,,,,,,,,,,,,,,,,,,,,,,,,,,,,,,,2018.0,1994-12-20,,,,4
D.J. Chark,JAC,WR,13668,weighted,,,,,,,0.188583186360964,0.191367550800403,0.0,0.0,0.0197040956300216,0.0180552034722282,,,0.01,0.0,4.05794826572604,0.612266066494754,57.215949441505,4.15818189326597,0.481281599059377,0.318538633081288,,,,,,,,,,,,,,,,,,,,,,,,,,,,,,,,,2018.0,1996-09-23,,,,4
Curtis Samuel,CAR,WR,13157,weighted,,,,,,,4.33985596707819,2.12609121385453,0.0428461610294359,0.0366909455660782,0.0359474818734078,0.020444266733945,,,,,4.02870664315109,0.435982860623283,51.8377777777778,6.09214122749002,0.263862433862434,0.162147206497879,,,,,,,,,,,,,,,,,,,,,,,,,,,,,,,,,2017.0,1996-08-11,,,,4
Jarvis Landry,CLE,WR,11680,weighted,,,,,,,2.53503821281599,0.440613282078512,0.0061062295288485,0.0041098437428888,0.0157632765040172,0.0144441627777826,,,,,3.93101116990006,0.713088777766332,50.7091534391534,6.19169588466621,0.188154027042916,0.124273702679342,,,,,,,,,,,,,,,,,,,,,,,,,,,,,,,,,2014.0,1992-11-28,,,,4
Stefon Diggs,MIN,WR,12186,weighted,,,,,,,1.79896531452087,1.05873765475081,0.0,0.0,0.0798157946306094,0.0182226349026328,,,,,4.62074661963551,0.387968936514838,51.6929159318048,4.60503399853077,0.308277483833039,0.22157267778525,,,,,,,,,,,,,,,,,,,,,,,,,,,,,,,,,2015.0,1993-11-29,,,,4
Stefon Diggs,BUF,WR,12186,weighted,,,,,,,1.79896531452087,1.05873765475081,0.0,0.0,0.0798157946306094,0.0182226349026328,,,,,4.62074661963551,0.387968936514838,51.6929159318048,4.60503399853077,0.308277483833039,0.22157267778525,,,,,,,,,,,,,,,,,,,,,,,,,,,,,,,,,2015.0,1993-11-29,,,,4
Nelson Agholor,PHI,WR,12181,weighted,,,,,,,1.08659905937684,0.284291009443102,0.0031611478542034,0.0040292787626555,0.0802959043699784,0.0180552034722282,,,,,3.9382480893592,0.149736514571551,48.5814697236919,4.84143248589311,0.242745443856555,0.145947138538904,,,,,,,,,,,,,,,,,,,,,,,,,,,,,,,,,2015.0,1993-05-24,,,,4
Nelson Agholor,LVR,WR,12181,weighted,,,,,,,1.08659905937684,0.284291009443102,0.0031611478542034,0.0040292787626555,0.0802959043699784,0.0180552034722282,,,,,3.9382480893592,0.149736514571551,48.5814697236919,4.84143248589311,0.242745443856555,0.145947138538904,,,,,,,,,,,,,,,,,,,,,,,,,,,,,,,,,2015.0,1993-05-24,,,,4
Mohamed Sanu,ATL,WR,10723,weighted,,,,,,,1.93729276895944,0.154910056329069,0.0042154224138809,0.0035474759553064,0.0118224573780129,0.0108331220833369,,,,,3.9919517930629,0.623832711148922,47.3346796002352,8.22504083772726,0.16477366255144,0.123517453832989,,,,,,,,,,,,,,,,,,,,,,,,,,,,,,,,,2012.0,1989-08-22,,,,4
Mohamed Sanu,NE,WR,10723,weighted,,,,,,,1.93729276895944,0.154910056329069,0.0042154224138809,0.0035474759553064,0.0118224573780129,0.0108331220833369,,,,,3.9919517930629,0.623832711148922,47.3346796002352,8.22504083772726,0.16477366255144,0.123517453832989,,,,,,,,,,,,,,,,,,,,,,,,,,,,,,,,,2012.0,1989-08-22,,,,4
Demarcus Robinson,KC,WR,12785,weighted,,,,,,,0.032689594356261,0.0445403730289938,0.0,0.0,0.0078816382520086,0.0072220813888912,,,,,3.21175778953557,0.482630678445594,49.1494708994709,4.28611270697936,0.284955908289242,0.201089133520411,,,,,,,,,,,,,,,,,,,,,,,,,,,,,,,,,2016.0,1994-09-21,,,,4
Cole Beasley,BUF,WR,10973,weighted,,,,,,,0.0178306878306878,0.0242947489249057,0.0,0.0,0.0,0.0,,,,,4.14305114638448,0.571235125549633,44.0871310993533,3.64167974208552,0.115949441504997,0.111327378017426,,,,,,,,,,,,,,,,,,,,,,,,,,,,,,,,,2012.0,1989-04-26,,,,4
James Washington,PIT,WR,13631,weighted,,,,,,,0.0726837154614933,0.0715605443868952,0.0,0.0,0.0157632765040172,0.0144441627777826,,,,,3.50774838330394,1.03617371543311,44.8954556143445,6.54189370443107,0.137025279247501,0.0950222163598634,,,,,,,,,,,,,,,,,,,,,,,,,,,,,,,,,2018.0,1996-04-02,,,,4
Phillip Dorsett,NE,WR,12188,weighted,,,,,,,2.80210464432687,0.7066888185284,0.0136971435606892,0.0150338452539005,0.0,0.0,,,,,3.41562610229277,0.429255369838652,40.2442151675485,6.8318081548485,0.269059376837155,0.17636263738094,,,,,,,,,,,,,,,,,,,,,,,,,,,,,,,,,2015.0,1993-01-05,,,,4
Phillip Dorsett,SEA,WR,12188,weighted,,,,,,,2.80210464432687,0.7066888185284,0.0136971435606892,0.0150338452539005,0.0,0.0,,,,,3.41562610229277,0.429255369838652,40.2442151675485,6.8318081548485,0.269059376837155,0.17636263738094,,,,,,,,,,,,,,,,,,,,,,,,,,,,,,,,,2015.0,1993-01-05,,,,4
Corey Davis,TEN,WR,13153,weighted,,,,,,,1.65748971193416,0.592629015538524,0.0028853125612384,0.0040633331891743,0.0,0.0,,,,,3.50005878894768,0.331272903504167,45.8385890652557,2.62967489240388,0.164944150499706,0.100082214957055,,,,,,,,,,,,,,,,,,,,,,,,,,,,,,,,,2017.0,1995-01-11,,,,4
DeVante Parker,MIA,WR,12176,weighted,,,,,,,0.0118871252204586,0.0161964992832705,0.0,0.0,0.0118224573780129,0.0108331220833369,,,,,3.09802469135802,0.470401058005394,42.4709347442681,4.90055191630005,0.150693709582598,0.115247655417937,,,,,,,,,,,,,,,,,,,,,,,,,,,,,,,,,2015.0,1993-01-20,,,,4
Dede Westbrook,JAC,WR,13158,weighted,,,,,,,5.07111992945326,0.322164876722634,0.0151731256921428,0.0146787091047595,0.0921183617479914,0.0072220813888912,,,0.01,0.0,3.7780834803057,0.614180674024052,40.9282422104644,6.01454534632006,0.199641387419165,0.126075559235032,,,,,,,,,,,,,,,,,,,,,,,,,,,,,,,,,2017.0,1993-11-21,,,,4
Kenny Stills,HOU,WR,11227,weighted,,,,,,,0.0564638447971781,0.0769333715955347,0.0,0.0,0.0,0.0,,,,,2.58338036449148,0.535041790505122,35.265291005291,8.52807585003946,0.211916519694297,0.134535579961771,,,,,,,,,,,,,,,,,,,,,,,,,,,,,,,,,2013.0,1992-04-22,,,,4
Geremy Davis,LAC,WR,12338,weighted,,,,,,,0.234723691945914,0.17751033911944,0.0,0.0,0.0078816382520086,0.0072220813888912,,,,,1.84427983539095,0.737752859886273,26.1509641387419,13.5571927885091,0.0889535567313345,0.0690745189761553,,,,,,,,,,,,,,,,,,,,,,,,,,,,,,,,,2015.0,1992-01-10,,,,4
Geremy Davis,DET,WR,12338,weighted,,,,,,,0.234723691945914,0.17751033911944,0.0,0.0,0.0078816382520086,0.0072220813888912,,,,,1.84427983539095,0.737752859886273,26.1509641387419,13.5571927885091,0.0889535567313345,0.0690745189761553,,,,,,,,,,,,,,,,,,,,,,,,,,,,,,,,,2015.0,1992-01-10,,,,4
Ted Ginn,NO,WR,8673,weighted,,,,,,,1.17267489711934,0.586219651871718,0.0026701461520583,0.0041124130526631,0.0118224573780129,0.0108331220833369,,,,,3.24280423280423,0.226170291346027,42.8756790123457,4.17727526225496,0.14962962962963,0.104795203227498,,,,,,,,,,,,,,,,,,,,,,,,,,,,,,,,,2007.0,1985-04-12,,,,4
Ted Ginn,CHI,WR,8673,weighted,,,,,,,1.17267489711934,0.586219651871718,0.0026701461520583,0.0041124130526631,0.0118224573780129,0.0108331220833369,,,,,3.24280423280423,0.226170291346027,42.8756790123457,4.17727526225496,0.14962962962963,0.104795203227498,,,,,,,,,,,,,,,,,,,,,,,,,,,,,,,,,2007.0,1985-04-12,,,,4
Cody Latimer,NYG,WR,11758,weighted,,,,,,,0.0372541603630862,0.0478820107787519,0.0,0.0,0.0,0.0,,,0.01,0.0,2.25237518910741,0.62511050296922,34.4923827534039,10.9236313734041,0.192413010590015,0.084843703917322,,,,,,,,,,,,,,,,,,,,,,,,,,,,,,,,,2014.0,1992-10-10,,,,4
Cody Latimer,WAS,WR,11758,weighted,,,,,,,0.0372541603630862,0.0478820107787519,0.0,0.0,0.0,0.0,,,0.01,0.0,2.25237518910741,0.62511050296922,34.4923827534039,10.9236313734041,0.192413010590015,0.084843703917322,,,,,,,,,,,,,,,,,,,,,,,,,,,,,,,,,2014.0,1992-10-10,,,,4
Devin Smith,DAL,WR,12182,weighted,,,,,,,0.472692533803645,0.305122994604752,0.0,0.0,0.0404076033705663,0.0364582002483159,,,,,2.21467372134039,0.755908452105746,33.699241622575,11.2658517551854,0.143703703703704,0.125977464612785,,,,,,,,,,,,,,,,,,,,,,,,,,,,,,,,,,,,,,4
Trey Quinn,WAS,WR,13664,weighted,,,,,,,0.500132275132275,0.154445071572847,0.0,0.0,0.0605918087399569,0.0361104069444564,,,0.01,0.0,3.57470899470899,0.512714280260033,39.2827807172252,6.78891838050902,0.201493239271017,0.126311988465643,,,,,,,,,,,,,,,,,,,,,,,,,,,,,,,,,2018.0,1995-12-07,,,,4
Darius Slayton,NYG,WR,14122,weighted,,,,,,,0.509968576262992,0.0909383572037588,0.0,0.0,0.0420594633792603,0.0415949455762003,,,,,2.260340826686,0.715094318451571,30.6382886149384,9.51588024158054,0.112929659173314,0.0903989287894967,,,,,,,,,,,,,,,,,,,,,,,,,,,,,,,,,2019.0,1997-01-12,,,,4
Diontae Johnson,PIT,WR,14208,weighted,,,,,,,1.64175778953557,0.332871757042817,0.0056756106879207,0.0042285524606425,0.0404076033705663,0.0364582002483159,,,0.01,0.0,2.58853615520282,1.10823019324262,34.2924338624339,12.6634065675131,0.179400352733686,0.131450654518379,,,,,,,,,,,,,,,,,,,,,,,,,,,,,,,,,2019.0,,,,,4
Randall Cobb,DAL,WR,10308,weighted,,,,,,,2.05705173427396,0.263009105070833,0.0059322926194301,0.004148723757063,0.0,0.0,,,,,3.44708994708995,0.271125425743199,38.946278659612,3.57435464568849,0.183997648442093,0.118673913170071,,,,,,,,,,,,,,,,,,,,,,,,,,,,,,,,,2011.0,1990-08-22,,,,4
Randall Cobb,HOU,WR,10308,weighted,,,,,,,2.05705173427396,0.263009105070833,0.0059322926194301,0.004148723757063,0.0,0.0,,,,,3.44708994708995,0.271125425743199,38.946278659612,3.57435464568849,0.183997648442093,0.118673913170071,,,,,,,,,,,,,,,,,,,,,,,,,,,,,,,,,2011.0,1990-08-22,,,,4
Chris Conley,JAC,WR,12257,weighted,,,,,,,0.0489594356261023,0.0455894682576099,0.0,0.0,0.0763550852439741,0.0216662441666738,,,,,2.75878306878307,0.666519551139421,37.5022810111699,6.13509586422114,0.15745443856555,0.095909538674456,,,,,,,,,,,,,,,,,,,,,,,,,,,,,,,,,2015.0,1992-10-25,,,,4
Adam Humphries,TEN,WR,12505,weighted,,,,,,,1.27155496766608,0.496555794573957,0.0057420490874706,0.0042053861799273,0.0039408191260043,0.0036110406944456,,,,,3.53027630805409,0.293713089703405,38.2859024103468,3.51065662723938,0.12854203409759,0.0909590516757817,,,,,,,,,,,,,,,,,,,,,,,,,,,,,,,,,,,,,,4
KeeSean Johnson,ARI,WR,14124,weighted,,,,,,,0.19064961787184,0.150587395011851,0.0,0.0,0.0404076033705663,0.0364582002483159,,,,,2.77417401528513,0.513428493964004,34.1364079952969,8.60667833050008,0.090922986478542,0.0939514517960509,,,,,,,,,,,,,,,,,,,,,,,,,,,,,,,,,2019.0,1970-01-01,,,,4
Anthony Miller,CHI,WR,13639,weighted,,,,,,,1.26714873603762,0.18307541755646,0.0041142380015165,0.0035871860805305,0.0,0.0,,,0.01,0.0,2.45946502057613,0.399323390266978,30.9612698412698,7.20065357628088,0.182551440329218,0.146901200263881,,,,,,,,,,,,,,,,,,,,,,,,,,,,,,,,,2018.0,1994-10-09,,,,4
Deon Cain,IND,WR,13636,weighted,,,,,,,0.337148736037625,0.196475843732999,0.0,0.0,0.0,0.0,,,,,2.2575543797766,0.617747604176728,30.6505878894768,7.74389420123122,0.161934156378601,0.153826024338549,,,,,,,,,,,,,,,,,,,,,,,,,,,,,,,,,2018.0,1996-08-09,,,,4
Deon Cain,PIT,WR,13636,weighted,,,,,,,0.337148736037625,0.196475843732999,0.0,0.0,0.0,0.0,,,,,2.2575543797766,0.617747604176728,30.6505878894768,7.74389420123122,0.161934156378601,0.153826024338549,,,,,,,,,,,,,,,,,,,,,,,,,,,,,,,,,2018.0,1996-08-09,,,,4
Danny Amendola,DET,WR,9308,weighted,,,,,,,0.11136684303351,0.112555275125488,0.0,0.0,0.0,0.0,,,,,2.23429747207525,1.44302954129107,25.8212933568489,15.3043164988388,0.0819988242210464,0.0907494482869317,,,,,,,,,,,,,,,,,,,,,,,,,,,,,,,,,2008.0,1985-11-02,O,Chest,2019.0,4
Parris Campbell,IND,WR,14112,weighted,,,,,,,1.16807760141093,0.456619772576504,0.0059822276488943,0.004136279553784,0.0404076033705663,0.0364582002483159,,,,,2.80112286890065,0.760417603206912,35.5385655496767,5.61523969476587,0.225555555555556,0.187456112646114,,,,,,,,,,,,,,,,,,,,,,,,,,,,,,,,,2019.0,1997-07-16,,,,4
Willie Snead,BAL,WR,11951,weighted,,,,,,,0.261972369194591,0.149712727241678,0.0,0.0,0.0,0.0,,,0.01,0.0,2.77375661375661,0.222764948579063,33.8484420928865,5.39615220588316,0.132322163433275,0.104646510743695,,,,,,,,,,,,,,,,,,,,,,,,,,,,,,,,,2014.0,1992-10-17,,,,4
A.J. Brown,TEN,WR,14104,weighted,,,,,,,0.351278659611993,0.226321804305632,0.0,0.0,0.0443484224965706,0.0333486167182186,,,,,2.51316284538507,0.41768638821977,34.6555967078189,4.26402533460129,0.0967724867724868,0.0861420989903962,,,,,,,,,,,,,,,,,,,,,,,,,,,,,,,,,2019.0,1997-06-30,,,,4
T.Y. Hilton,IND,WR,10729,weighted,,,,,,,0.0,0.0,0.0,0.0,0.0,0.0,,,,,1.48373333333333,1.83847763108502,22.7125333333333,28.1428498912246,0.0570666666666667,0.0707106781186548,,,,,,,,,,,,,,,,,,,,,,,,,,,,,,,,,2012.0,1989-11-14,O,Quadriceps,2019.0,4
Albert Wilson,MIA,WR,11890,weighted,,,,,,,1.10722810111699,0.781551920178563,0.0047751626413242,0.0084111576876188,0.0,0.0,,,,,2.64930041152263,0.475245264354225,31.1721987066432,6.33563173015674,0.143997648442093,0.0877646977358749,,,,,,,,,,,,,,,,,,,,,,,,,,,,,,,,,2014.0,1992-07-12,O,Calf,2019.0,4
Mack Hollins,PHI,WR,13289,weighted,,,,,,,0.0697119341563786,0.0704912730458435,0.0,0.0,0.0,0.0,,,,,2.06944150499706,1.01599103110656,25.2231158142269,12.4077169940948,0.0740094062316285,0.0795714461537812,,,,,,,,,,,,,,,,,,,,,,,,,,,,,,,,,2017.0,1993-09-16,,,,4
Mack Hollins,MIA,WR,13289,weighted,,,,,,,0.0697119341563786,0.0704912730458435,0.0,0.0,0.0,0.0,,,,,2.06944150499706,1.01599103110656,25.2231158142269,12.4077169940948,0.0740094062316285,0.0795714461537812,,,,,,,,,,,,,,,,,,,,,,,,,,,,,,,,,2017.0,1993-09-16,,,,4
Auden Tate,CIN,WR,13642,weighted,,,,,,,0.210410363086233,0.183420646201346,0.0,0.0,0.113630862329803,0.07003183353529,,,,,2.04238275340393,1.12471290301654,25.0672692889561,14.5248019751719,0.117201210287443,0.0884005611116212,,,,,,,,,,,,,,,,,,,,,,,,,,,,,,,,,2018.0,1997-02-03,,,,4
Hunter Renfrow,OAK,WR,14123,weighted,,,,,,,0.233186360964139,0.176615166005236,0.0,0.0,0.0561708798745836,0.0248474391195354,,,,,2.76988242210464,0.555426474526999,30.8937566137566,5.48886159164086,0.106278659611993,0.0774042412437825,,,,,,,,,,,,,,,,,,,,,,,,,,,,,,,,,2019.0,1970-01-01,,,,4
Hunter Renfrow,LVR,WR,14123,weighted,,,,,,,0.233186360964139,0.176615166005236,0.0,0.0,0.0561708798745836,0.0248474391195354,,,,,2.76988242210464,0.555426474526999,30.8937566137566,5.48886159164086,0.106278659611993,0.0774042412437825,,,,,,,,,,,,,,,,,,,,,,,,,,,,,,,,,2019.0,1970-01-01,,,,4
Geronimo Allison,GB,WR,12665,weighted,,,,,,,0.0519312169312169,0.0474846387776345,0.0,0.0,0.220223398001176,0.0449284774568163,,,,,2.62094062316285,0.502627527489477,31.387771898883,3.86932010420632,0.196613756613757,0.130580757171181,,,,,,,,,,,,,,,,,,,,,,,,,,,,,,,,,2016.0,1994-01-18,,,,4
Geronimo Allison,DET,WR,12665,weighted,,,,,,,0.0519312169312169,0.0474846387776345,0.0,0.0,0.220223398001176,0.0449284774568163,,,,,2.62094062316285,0.502627527489477,31.387771898883,3.86932010420632,0.196613756613757,0.130580757171181,,,,,,,,,,,,,,,,,,,,,,,,,,,,,,,,,2016.0,1994-01-18,,,,4
Bennie Fowler,NYG,WR,11931,weighted,,,,,,,0.661341193809875,0.289160214675612,0.0033718624052694,0.0044155755389756,0.0,0.0,,,,,1.95352984524687,0.817655307221838,23.4067354458364,9.94213956495678,0.0719749447310243,0.0592728295078776,,,,,,,,,,,,,,,,,,,,,,,,,,,,,,,,,2014.0,1991-06-10,,,,4
Bennie Fowler,FA,WR,11931,weighted,,,,,,,0.661341193809875,0.289160214675612,0.0033718624052694,0.0044155755389756,0.0,0.0,,,,,1.95352984524687,0.817655307221838,23.4067354458364,9.94213956495678,0.0719749447310243,0.0592728295078776,,,,,,,,,,,,,,,,,,,,,,,,,,,,,,,,,2014.0,1991-06-10,,,,4
David Moore,SEA,WR,13348,weighted,,,,,,,0.124438565549677,0.115107023057866,0.0,0.0,0.0,0.0,,,,,1.81293356848912,0.257994491890879,26.0585773074662,5.98419814908513,0.144997060552616,0.113035194353079,,,,,,,,,,,,,,,,,,,,,,,,,,,,,,,,,2017.0,1995-01-15,,,,4
Damion Ratley,CLE,WR,13794,weighted,,,,,,,0.0582215671825104,0.0577244415383626,0.0,0.0,0.0,0.0,,,,,1.96525423728814,0.789322774503423,26.4815843773029,4.39179184794845,0.0694841562269713,0.0844759568397116,,,,,,,,,,,,,,,,,,,,,,,,,,,,,,,,,2018.0,1995-04-16,,,,4
J.J. Nelson,OAK,WR,12319,weighted,,,,,,,1.00119341563786,0.713712025024,0.0029717813051146,0.0040491248208176,0.0,0.0,,,,,1.8673721340388,0.596985363718738,22.8385949441505,10.346866377395,0.10450911228689,0.0714744283084687,,,,,,,,,,,,,,,,,,,,,,,,,,,,,,,,,2015.0,1992-04-24,O,Coach's Decision,2019.0,4
J.J. Nelson,FA,WR,12319,weighted,,,,,,,1.00119341563786,0.713712025024,0.0029717813051146,0.0040491248208176,0.0,0.0,,,,,1.8673721340388,0.596985363718738,22.8385949441505,10.346866377395,0.10450911228689,0.0714744283084687,,,,,,,,,,,,,,,,,,,,,,,,,,,,,,,,,2015.0,1992-04-24,O,Coach's Decision,2019.0,4
Jakeem Grant,MIA,WR,12814,weighted,,,,,,,1.71246622451486,0.52397465410935,0.0052063144444329,0.0032650741632189,0.0062048636698599,0.0024710845396225,,,0.06,0.0,2.24075902726603,0.579233036388389,28.0675534266765,4.72885269244039,0.0743036109064112,0.0593007132507347,,,,,,,,,,,,,,,,,,,,,,,,,,,,,,,,,2016.0,1992-10-30,,,,4
Chester Rogers,IND,WR,12934,weighted,,,,,,,0.0376690182245738,0.109864140431904,0.0,0.0,0.0,0.0,,,,,2.20195767195767,0.73344073084034,24.2354085831864,5.23935434010314,0.0910934744268078,0.0573167918793515,,,,,,,,,,,,,,,,,,,,,,,,,,,,,,,,,2016.0,1994-01-12,,,,4
Chester Rogers,FA,WR,12934,weighted,,,,,,,0.0376690182245738,0.109864140431904,0.0,0.0,0.0,0.0,,,,,2.20195767195767,0.73344073084034,24.2354085831864,5.23935434010314,0.0910934744268078,0.0573167918793515,,,,,,,,,,,,,,,,,,,,,,,,,,,,,,,,,2016.0,1994-01-12,,,,4
Jaron Brown,SEA,WR,11456,weighted,,,,,,,0.0202150537634409,0.0282842712474619,0.0,0.0,0.0,0.0,,,,,1.35752688172043,0.325269119345812,16.6598924731183,4.61740728114816,0.129462365591398,0.0707106781186548,,,,,,,,,,,,,,,,,,,,,,,,,,,,,,,,,2013.0,1990-01-08,,,,4
Zay Jones,BUF,WR,13176,weighted,,,,,,,0.0118871252204586,0.0161964992832705,0.0,0.0,0.0,0.0,,,,,2.16376249265138,0.556957456801181,25.2134979423868,2.66488517968875,0.136219870664315,0.0863723919521925,,,,,,,,,,,,,,,,,,,,,,,,,,,,,,,,,2017.0,1995-03-30,,,,4
Zay Jones,LVR,WR,13176,weighted,,,,,,,0.0118871252204586,0.0161964992832705,0.0,0.0,0.0,0.0,,,,,2.16376249265138,0.556957456801181,25.2134979423868,2.66488517968875,0.136219870664315,0.0863723919521925,,,,,,,,,,,,,,,,,,,,,,,,,,,,,,,,,2017.0,1995-03-30,,,,4
Rashard Higgins,CLE,WR,12656,weighted,,,,,,,0.0508169440242058,0.0417720533444972,0.0,0.0,0.0794251134644478,0.0210368279015953,,,,,1.84012859304085,0.300750587427264,26.4086838124054,4.79888454645056,0.178184568835098,0.0585532466590216,,,,,,,,,,,,,,,,,,,,,,,,,,,,,,,,,2016.0,1994-10-07,O,Knee,2019.0,4
Keke Coutee,HOU,WR,13662,weighted,,,,,,,0.256337448559671,0.121218405928891,0.0,0.0,0.0157632765040172,0.0144441627777826,,,0.01,0.0,1.57326278659612,0.594606144184155,18.4348500881834,7.50207085400488,0.0777425044091711,0.0485891214020218,,,,,,,,,,,,,,,,,,,,,,,,,,,,,,,,,2018.0,1997-01-14,,,,4
Breshad Perriman,TB,WR,12197,weighted,,,,,,,2.14169018224574,0.506326314605745,0.0034985401805832,0.0037016919525043,0.0,0.0,,,,,1.73846560846561,0.287145675442839,24.5283597883598,4.32149686075938,0.0873427395649618,0.0613975709482711,,,,,,,,,,,,,,,,,,,,,,,,,,,,,,,,,2015.0,1993-09-10,,,,4
Breshad Perriman,NYJ,WR,12197,weighted,,,,,,,2.14169018224574,0.506326314605745,0.0034985401805832,0.0037016919525043,0.0,0.0,,,,,1.73846560846561,0.287145675442839,24.5283597883598,4.32149686075938,0.0873427395649618,0.0613975709482711,,,,,,,,,,,,,,,,,,,,,,,,,,,,,,,,,2015.0,1993-09-10,,,,4
Donte Moncrief,PIT,WR,11677,weighted,,,,,,,0.0268711656441718,0.0305634861868063,0.0,0.0,0.0200153374233129,0.0086670491342795,,,,,1.3178936605317,1.20620236318766,15.3069529652352,11.0484475970398,0.0499488752556237,0.0099769742592338,,,,,,,,,,,,,,,,,,,,,,,,,,,,,,,,,2014.0,1993-08-06,,,,4
Donte Moncrief,FA,WR,11677,weighted,,,,,,,0.0268711656441718,0.0305634861868063,0.0,0.0,0.0200153374233129,0.0086670491342795,,,,,1.3178936605317,1.20620236318766,15.3069529652352,11.0484475970398,0.0499488752556237,0.0099769742592338,,,,,,,,,,,,,,,,,,,,,,,,,,,,,,,,,2014.0,1993-08-06,,,,4
DaeSean Hamilton,DEN,WR,13649,weighted,,,,,,,0.0706937095825985,0.0402298824471565,0.0,0.0,0.0039408191260043,0.0036110406944456,,,0.01,0.0,1.68905349794239,0.662769026468124,19.4634450323339,5.26943472019291,0.0814873603762493,0.0518892164004961,,,,,,,,,,,,,,,,,,,,,,,,,,,,,,,,,2018.0,1995-03-10,,,,4
Jarius Wright,CAR,WR,10734,weighted,,,,,,,0.762980332829047,0.643076950096153,0.0,0.0,0.0123449319213313,0.0126220967409572,,,,,2.10380484114977,0.133253536643029,24.9569137670197,2.06070242543687,0.0974735249621785,0.0540927740095921,,,,,,,,,,,,,,,,,,,,,,,,,,,,,,,,,2012.0,1989-11-25,,,,4
Jarius Wright,FA,WR,10734,weighted,,,,,,,0.762980332829047,0.643076950096153,0.0,0.0,0.0123449319213313,0.0126220967409572,,,,,2.10380484114977,0.133253536643029,24.9569137670197,2.06070242543687,0.0974735249621785,0.0540927740095921,,,,,,,,,,,,,,,,,,,,,,,,,,,,,,,,,2012.0,1989-11-25,,,,4
Chris Hogan,CAR,WR,10983,weighted,,,,,,,0.137836566725456,0.1061251663282,0.0,0.0,0.0039408191260043,0.0036110406944456,,,,,1.15872427983539,0.58777733436023,15.1260964138742,7.66641544298452,0.0470781893004115,0.0366401630168201,,,,,,,,,,,,,,,,,,,,,,,,,,,,,,,,,2011.0,1988-10-24,,,,4
Chris Hogan,FA,WR,10983,weighted,,,,,,,0.137836566725456,0.1061251663282,0.0,0.0,0.0039408191260043,0.0036110406944456,,,,,1.15872427983539,0.58777733436023,15.1260964138742,7.66641544298452,0.0470781893004115,0.0366401630168201,,,,,,,,,,,,,,,,,,,,,,,,,,,,,,,,,2011.0,1988-10-24,,,,4
Seth Roberts,BAL,WR,12471,weighted,,,,,,,0.658865143699337,0.136170001414665,0.0,0.0,0.0,0.0,,,,,1.24758290346352,0.614916964776047,16.9424465733235,7.59895934738305,0.0891009579955785,0.0856057403878917,,,,,,,,,,,,,,,,,,,,,,,,,,,,,,,,,,,,,,4
Seth Roberts,CAR,WR,12471,weighted,,,,,,,0.658865143699337,0.136170001414665,0.0,0.0,0.0,0.0,,,,,1.24758290346352,0.614916964776047,16.9424465733235,7.59895934738305,0.0891009579955785,0.0856057403878917,,,,,,,,,,,,,,,,,,,,,,,,,,,,,,,,,,,,,,4
JJ Arcega-Whiteside,PHI,WR,14107,weighted,,,,,,,0.216830559757943,0.219067811821932,0.0,0.0,0.0588956127080182,0.0283249671190675,,,,,1.21320726172466,0.781927877847981,13.6902647503782,9.04139482541432,0.0580862329803328,0.0290864487397345,,,,,,,,,,,,,,,,,,,,,,,,,,,,,,,,,2019.0,,,,,4
Tajae Sharpe,TEN,WR,12657,weighted,,,,,,,0.242433812405446,0.159568707635713,0.0,0.0,0.0,0.0,,,,,1.51770801815431,0.156089093711759,22.5149924357035,1.33547544315345,0.107337367624811,0.0220284113222849,,,,,,,,,,,,,,,,,,,,,,,,,,,,,,,,,2016.0,1994-12-23,,,,4
Tajae Sharpe,MIN,WR,12657,weighted,,,,,,,0.242433812405446,0.159568707635713,0.0,0.0,0.0,0.0,,,,,1.51770801815431,0.156089093711759,22.5149924357035,1.33547544315345,0.107337367624811,0.0220284113222849,,,,,,,,,,,,,,,,,,,,,,,,,,,,,,,,,2016.0,1994-12-23,,,,4
Jakobi Meyers,NE,WR,14127,weighted,,,,,,,0.249096066565809,0.258651625466995,0.0,0.0,0.0,0.0,,,,,1.2459984871407,0.519930693050676,15.5404538577912,7.03656273934996,0.0603328290468986,0.0489397512524148,,,,,,,,,,,,,,,,,,,,,,,,,,,,,,,,,2019.0,1996-11-09,,,,4
Zach Pascal,IND,WR,13488,weighted,,,,,,,0.734037443267776,0.375220213476939,0.0029571719951218,0.004765515140702,0.0,0.0,,,,,1.67114220877458,0.283371949442097,19.8283055975794,5.23294020198563,0.138055975794251,0.061509616229224,,,,,,,,,,,,,,,,,,,,,,,,,,,,,,,,,2017.0,1994-12-18,,,,4
Ryan Switzer,PIT,WR,13165,weighted,,,,,,,0.648424456202234,0.201566287745626,0.0,0.0,0.0,0.0,,,,,1.62017048794827,0.698678776396651,13.4430393885949,6.41149093202263,0.0620811287477954,0.0648515617324159,,,,,,,,,,,,,,,,,,,,,,,,,,,,,,,,,2017.0,1994-11-04,,,,4
Tavon Austin,DAL,WR,11213,weighted,,,,,,,2.38073619631902,1.67608855179594,0.0119531902340488,0.0159804077791157,0.0333588957055215,0.0144450818904658,,,,,0.963087934560327,0.845120659805472,11.7780265848671,10.3050302086008,0.056840490797546,0.0403508463394188,,,,,,,,,,,,,,,,,,,,,,,,,,,,,,,,,2013.0,1991-03-15,,,,4
Tavon Austin,FA,WR,11213,weighted,,,,,,,2.38073619631902,1.67608855179594,0.0119531902340488,0.0159804077791157,0.0333588957055215,0.0144450818904658,,,,,0.963087934560327,0.845120659805472,11.7780265848671,10.3050302086008,0.056840490797546,0.0403508463394188,,,,,,,,,,,,,,,,,,,,,,,,,,,,,,,,,2013.0,1991-03-15,,,,4
Cordarrelle Patterson,CHI,WR,11225,weighted,,,,,,,12.929456202234,1.19813467615846,0.0454917042562033,0.0268342272527747,0.0088697824808935,0.0071399911102037,,,,,1.32530276308054,0.468610709999848,14.1994062316285,4.73481203109432,0.0681657848324515,0.0427899075328141,,,,,,,,,,,,,,,,,,,,,,,,,,,,,,,,,2013.0,1991-03-17,,,,4
Alex Erickson,CIN,WR,12913,weighted,,,,,,,0.65238025055269,0.432446188788381,0.003349381806272,0.0044261773221815,0.1,0.0,,,,,1.37449521002211,0.630861650234864,16.3077302873987,4.2231528377012,0.0600147383935151,0.0441571546848407,,,,,,,,,,,,,,,,,,,,,,,,,,,,,,,,,2016.0,1992-11-06,,,,4
Jake Kumerow,GB,WR,12443,weighted,,,,,,,0.0,,0.0,,0.0,,,,,,0.0,,0.0,,0.0,,,,,,,,,,,,,,,,,,,,,,,,,,,,,,,,,,,,O,Shoulder,2019.0,4
Marqise Lee,JAC,WR,11672,weighted,,,,,,,0.518587367624811,0.448608433720711,0.0,0.0,0.0082299546142208,0.0084147311606381,,,,,0.950869894099849,0.610530837375191,12.6111573373676,5.35170787209426,0.0506505295007564,0.0341199780141365,,,,,,,,,,,,,,,,,,,,,,,,,,,,,,,,,2014.0,1991-11-25,,,,4
Marqise Lee,NE,WR,11672,weighted,,,,,,,0.518587367624811,0.448608433720711,0.0,0.0,0.0082299546142208,0.0084147311606381,,,,,0.950869894099849,0.610530837375191,12.6111573373676,5.35170787209426,0.0506505295007564,0.0341199780141365,,,,,,,,,,,,,,,,,,,,,,,,,,,,,,,,,2014.0,1991-11-25,,,,4
Isaiah McKenzie,BUF,WR,13313,weighted,,,,,,,4.1807223903177,1.86002406495575,0.0528684384334323,0.0374602913804392,0.0835400907715582,0.0168294623212763,,,,,1.06226172465961,0.525814495010496,11.8724432677761,6.14138682593897,0.0530786686838124,0.0413771771829005,,,,,,,,,,,,,,,,,,,,,,,,,,,,,,,,,2017.0,1995-04-09,,,,4
Miles Boykin,BAL,WR,14125,weighted,,,,,,,0.323221634332745,0.214088409755532,0.0,0.0,0.0,0.0,,,,,0.883409758965314,0.40196124255881,11.6769606114051,6.20545968309628,0.0719988242210464,0.0438823488679375,,,,,,,,,,,,,,,,,,,,,,,,,,,,,,,,,2019.0,1970-01-01,,,,4
Trent Sherfield,ARI,WR,13893,weighted,,,,,,,0.0202150537634409,0.0282842712474619,0.0,0.0,0.0,0.0,,,,,1.39666666666667,0.21920310216783,16.5749462365591,3.28097546470558,0.100215053763441,0.0282842712474619,,,,,,,,,,,,,,,,,,,,,,,,,,,,,,,,,2018.0,1996-02-26,,,,4
Laquon Treadwell,MIN,WR,12645,weighted,,,,,,,0.0202150537634409,0.0282842712474619,0.0,0.0,0.0,0.0,,,,,1.39752688172043,0.332340187157677,15.3198924731183,4.5891230099007,0.0801075268817204,0.0141421356237309,,,,,,,,,,,,,,,,,,,,,,,,,,,,,,,,,2016.0,1995-06-14,,,,4
Laquon Treadwell,ATL,WR,12645,weighted,,,,,,,0.0202150537634409,0.0282842712474619,0.0,0.0,0.0,0.0,,,,,1.39752688172043,0.332340187157677,15.3198924731183,4.5891230099007,0.0801075268817204,0.0141421356237309,,,,,,,,,,,,,,,,,,,,,,,,,,,,,,,,,2016.0,1995-06-14,,,,4
Josh Reynolds,LAR,WR,13168,weighted,,,,,,,0.736574642126789,0.163372565065002,0.0,0.0,0.0,0.0,,,,,1.22756646216769,0.360243736179523,16.3695296523517,3.0819829942163,0.109662576687117,0.0457393969795433,,,,,,,,,,,,,,,,,,,,,,,,,,,,,,,,,2017.0,1995-02-16,,,,4
T.J. Jones,NYG,WR,11686,weighted,,,,,,,0.0353763440860215,0.0494974746830583,0.0,0.0,0.0,0.0,,,,,0.602688172043011,0.304055915910215,8.13505376344086,2.62336615820209,0.0548387096774194,0.0212132034355964,,,,,,,,,,,,,,,,,,,,,,,,,,,,,,,,,2014.0,1992-07-19,,,,4
Keelan Cole,JAC,WR,13412,weighted,,,,,,,0.0179141104294479,0.0203756574578708,0.0,0.0,0.0533742331288344,0.0231121310247453,,,,,0.68717791411043,0.535319452511011,9.86669734151329,5.35221770283742,0.0232924335378323,0.0057556646814168,,,,,,,,,,,,,,,,,,,,,,,,,,,,,,,,,2017.0,1993-04-20,,,,4
Robert Foster,BUF,WR,13653,weighted,,,,,,,0.0223926380368098,0.0254695718223386,0.0,0.0,0.0,0.0,,,,,0.606687116564417,0.478106155224579,10.3298568507157,8.28506730365843,0.0603680981595092,0.0518009821327517,,,,,,,,,,,,,,,,,,,,,,,,,,,,,,,,,2018.0,,O,Groin,2019.0,4
Kelvin Harmon,WAS,WR,14114,weighted,,,,,,,0.0251926040061633,0.0353553390593274,0.0,0.0,0.0150385208012327,0.0070710678118654,,,,,0.764160246533128,0.763675323681471,8.82295839753467,8.80347942577252,0.02,4.90668455143381e-18,,,,,,,,,,,,,,,,,,,,,,,,,,,,,,,,,2019.0,1970-01-01,,,,4
Justin Hardy,ATL,WR,12185,weighted,,,,,,,0.0492638036809816,0.0560330580091448,0.0,0.0,0.0,0.0,,,0.01,0.0,0.989703476482618,0.115691902540913,10.8398875255624,0.147690126537901,0.0798875255623722,0.0265358406655742,,,,,,,,,,,,,,,,,,,,,,,,,,,,,,,,,2015.0,1991-12-18,,,,4
Justin Hardy,FA,WR,12185,weighted,,,,,,,0.0492638036809816,0.0560330580091448,0.0,0.0,0.0,0.0,,,0.01,0.0,0.989703476482618,0.115691902540913,10.8398875255624,0.147690126537901,0.0798875255623722,0.0265358406655742,,,,,,,,,,,,,,,,,,,,,,,,,,,,,,,,,2015.0,1991-12-18,,,,4
DeAnthony Thomas,KC,WR,11659,weighted,,,,,,,0.787104765506808,0.161416960657764,0.0032740974696208,0.0047137164917952,0.0,0.0,,,,,0.72088502269289,0.403363782491187,7.81063540090771,4.57183757089647,0.084054462934947,0.0799632363291004,,,,,,,,,,,,,,,,,,,,,,,,,,,,,,,,,2014.0,1993-01-05,,,,4
DeAnthony Thomas,BAL,WR,11659,weighted,,,,,,,0.787104765506808,0.161416960657764,0.0032740974696208,0.0047137164917952,0.0,0.0,,,,,0.72088502269289,0.403363782491187,7.81063540090771,4.57183757089647,0.084054462934947,0.0799632363291004,,,,,,,,,,,,,,,,,,,,,,,,,,,,,,,,,2014.0,1993-01-05,,,,4
Taywan Taylor,CLE,WR,13167,weighted,,,,,,,0.0446830265848671,0.0418280805111196,0.0,0.0,0.0200153374233129,0.0086670491342795,,,,,0.585378323108384,0.479714300014935,7.72476482617587,6.02421804521698,0.0201124744376278,0.0265358406655742,,,,,,,,,,,,,,,,,,,,,,,,,,,,,,,,,2017.0,,,,,4
Olabisi Johnson,MIN,WR,14305,weighted,,,,,,,0.535442073170732,0.205060966544099,0.0,0.0,0.0,0.0,,,0.01,0.0,0.768993902439024,0.466690475583121,10.2134908536585,5.33865619795843,0.0449542682926829,0.0212132034355964,,,,,,,,,,,,,,,,,,,,,,,,,,,,,,,,,2019.0,1970-01-01,,,,4
Javon Wims,CHI,WR,13644,weighted,,,,,,,0.147280163599182,0.188924604835999,0.0,0.0,0.0,0.0,,,,,0.58739263803681,0.141885778946335,7.25600204498978,4.06930219909124,0.0300613496932515,0.0300924035269276,,,,,,,,,,,,,,,,,,,,,,,,,,,,,,,,,2018.0,1994-09-11,,,,4
Keelan Doss,OAK,WR,14317,weighted,,,,,,,0.16,,0.0,,0.0,,,,,,0.18,,3.38,,0.01,,,,,,,,,,,,,,,,,,,,,,,,,,,,,,,,,,2019.0,1970-01-01,,,,4
Keelan Doss,LVR,WR,14317,weighted,,,,,,,0.16,,0.0,,0.0,,,,,,0.18,,3.38,,0.01,,,,,,,,,,,,,,,,,,,,,,,,,,,,,,,,,,2019.0,1970-01-01,,,,4
Malik Turner,SEA,WR,13669,weighted,,,,,,,0.0223926380368098,0.0254695718223386,0.0,0.0,0.0,0.0,,,,,0.790930470347648,0.200370518027119,10.2329243353783,2.92751456535311,0.0432822085889571,0.0288901637809316,,,,,,,,,,,,,,,,,,,,,,,,,,,,,,,,,2018.0,1970-01-01,,,,4
Malik Turner,FA,WR,13669,weighted,,,,,,,0.0223926380368098,0.0254695718223386,0.0,0.0,0.0,0.0,,,,,0.790930470347648,0.200370518027119,10.2329243353783,2.92751456535311,0.0432822085889571,0.0288901637809316,,,,,,,,,,,,,,,,,,,,,,,,,,,,,,,,,2018.0,1970-01-01,,,,4
Cody Core,NYG,WR,12824,weighted,,,,,,,0.0303225806451613,0.0424264068711928,0.0,0.0,0.0,0.0,,,,,0.852150537634409,0.37476659402887,11.499247311828,2.07182286887658,0.0696774193548387,0.0424264068711929,,,,,,,,,,,,,,,,,,,,,,,,,,,,,,,,,2016.0,1994-04-17,,,,4
Marvin Hall,DET,WR,13505,weighted,,,,,,,0.641827956989247,0.898025612106915,0.0,0.0,0.0,0.0,,,,,0.856774193548387,0.424264068711928,10.3593548387097,3.37289934625983,0.0596774193548387,0.0424264068711928,,,,,,,,,,,,,,,,,,,,,,,,,,,,,,,,,2016.0,1993-04-10,,,,4
Bobo Wilson,TB,WR,13544,weighted,,,,,,,0.229447852760736,0.0895716499226456,0.0,0.0,0.0,0.0,,,0.01,0.0,0.550429447852761,0.448613012368807,6.90783231083845,4.65129260934569,0.0364826175869121,0.0304597912046085,,,,,,,,,,,,,,,,,,,,,,,,,,,,,,,,,2017.0,1995-01-25,,,,4
Bobo Wilson,FA,WR,13544,weighted,,,,,,,0.229447852760736,0.0895716499226456,0.0,0.0,0.0,0.0,,,0.01,0.0,0.550429447852761,0.448613012368807,6.90783231083845,4.65129260934569,0.0364826175869121,0.0304597912046085,,,,,,,,,,,,,,,,,,,,,,,,,,,,,,,,,2017.0,1995-01-25,,,,4
Austin Carr,NO,WR,13367,weighted,,,,,,,0.0179141104294479,0.0203756574578708,0.0,0.0,0.0133435582822086,0.0057780327561863,,,,,0.670674846625767,0.204077536232723,7.77449897750511,1.67509820260281,0.0600613496932515,0.034668196537118,,,,,,,,,,,,,,,,,,,,,,,,,,,,,,,,,2017.0,1993-12-25,,,,4
,,WR,nfl_0,weighted,,,,,,,0.0,0.0,0.0,0.0,0.04,0.0801023934887276,,,,,0.475968318855391,0.43140829240303,4.97350536535514,4.85894855977683,0.0115687276443536,0.0203277449097226,,,,,,,,,,,,,,,,,,,,,,,,,,,,,,,,,,,,,,4
DeAndre Carter,HOU,WR,12394,weighted,,,,,,,0.352719836400818,0.235540669905884,0.0,0.0,0.0467024539877301,0.0202231146466522,,,0.01,0.0,0.611881390593047,0.608264117451628,6.04166666666667,4.72863085082252,0.0133844580777096,0.0153238900089383,,,,,,,,,,,,,,,,,,,,,,,,,,,,,,,,,2015.0,1993-04-10,,,,4
Chris Moore,BAL,WR,12773,weighted,,,,,,,0.259550102249489,0.241593276914351,0.0,0.0,0.0,0.0,,,,,0.47120654396728,0.462290008346367,5.92893660531697,4.66803682304619,0.0434560327198364,0.0493358236299794,,,,,,,,,,,,,,,,,,,,,,,,,,,,,,,,,2016.0,1993-06-16,,,,4
Johnny Holton,PIT,WR,12916,weighted,,,,,,,1.53311827956989,0.247487373415292,0.0069559202666163,0.0042591811966207,0.0,0.0,,,,,0.484408602150538,0.0777817459305203,7.57698924731183,0.919238815542512,0.0450537634408602,0.0070710678118654,,,,,,,,,,,,,,,,,,,,,,,,,,,,,,,,,2016.0,1991-08-22,,,,4
Andy Isabella,ARI,WR,14121,weighted,,,,,,,0.100715746421268,0.0999214753720708,0.0,0.0,0.0,0.0,,,0.02,0.0,0.270858895705522,0.148252928226904,3.02799591002045,2.67443653350836,0.0167484662576687,0.0208806025026545,,,,,,,,,,,,,,,,,,,,,,,,,,,,,,,,,2019.0,,,,,4
Chad Beebe,MIN,WR,13999,weighted,,,,,,,0.0,,0.0,,0.0,,,,,,0.0,,0.0,,0.0,,,,,,,,,,,,,,,,,,,,,,,,,,,,,,,,,,2018.0,1970-01-01,IR,Ankle,2019.0,4
Juwann Winfree,DEN,WR,14267,weighted,,,,,,,0.262766768292683,0.123743686707646,0.0,0.0,0.029969512195122,0.014142135623731,,,,,0.45547256097561,0.21920310216783,6.18969512195122,4.49719912834644,0.0351067073170732,0.0494974746830583,,,,,,,,,,,,,,,,,,,,,,,,,,,,,,,,,2019.0,1970-01-01,,,,4
Justin Watson,TB,WR,13776,weighted,,,,,,,0.0358282208588957,0.0407513149157417,0.0,0.0,0.0,0.0,,,,,0.522505112474438,0.297652156812536,6.40864008179959,2.55372669610973,0.0165337423312883,0.0207512596387443,,,,,,,,,,,,,,,,,,,,,,,,,,,,,,,,,2018.0,,,,,4
Russell Gage,ATL,WR,13809,weighted,,,,,,,1.04800613496933,0.421129543272007,0.0051164357588808,0.0042168499401453,0.0,0.0,,,,,0.361053169734151,0.168426356901107,4.82990797546012,2.59019098591328,0.0166768916155419,0.0153140003908234,,,,,,,,,,,,,,,,,,,,,,,,,,,,,,,,,2018.0,1996-01-22,,,,4
Darius Jennings,TEN,WR,12586,weighted,,,,,,,0.748108384458078,0.128728887039959,0.0,0.0,0.0,0.0,,,,,0.460419222903885,0.0606334892955365,5.17664621676892,0.976339524476276,0.0199693251533742,0.017334098268559,,,,,,,,,,,,,,,,,,,,,,,,,,,,,,,,,,,,,,4
Darius Jennings,LAC,WR,12586,weighted,,,,,,,0.748108384458078,0.128728887039959,0.0,0.0,0.0,0.0,,,,,0.460419222903885,0.0606334892955365,5.17664621676892,0.976339524476276,0.0199693251533742,0.017334098268559,,,,,,,,,,,,,,,,,,,,,,,,,,,,,,,,,,,,,,4
John Ursua,SEA,WR,14297,weighted,,,,,,,0.1,,0.0,,0.0,,,,,,0.3,,3.0,,0.0,,,,,,,,,,,,,,,,,,,,,,,,,,,,,,,,,,2019.0,,,,,4
Cedrick Wilson,DAL,WR,13652,weighted,,,,,,,0.0,,0.0,,0.0,,,,,,0.11,,1.41,,0.01,,,,,,,,,,,,,,,,,,,,,,,,,,,,,,,,,,2018.0,,,,,4
Darrius Shepherd,GB,WR,14330,weighted,,,,,,,0.235137195121951,0.0636396103067893,0.0,0.0,0.0,0.0,,,0.01,0.0,0.320670731707317,0.311126983722081,4.23984756097561,4.5679098064651,0.0200609756097561,0.0282842712474619,,,,,,,,,,,,,,,,,,,,,,,,,,,,,,,,,2019.0,1970-01-01,,,,4
Allen Lazard,GB,WR,13632,weighted,,,,,,,0.116236559139785,0.162634559672906,0.0,0.0,0.0,0.0,,,,,0.307096774193548,0.275771644662754,4.23612903225806,4.09414826307011,0.0251612903225806,0.0212132034355964,,,,,,,,,,,,,,,,,,,,,,,,,,,,,,,,,2018.0,1995-12-11,,,,4
Robert Davis,WAS,WR,13238,weighted,,,,,,,0.145045731707317,0.0212132034355964,0.0,0.0,0.0,0.0,,,,,0.0752286585365854,0.106066017177982,1.59484756097561,2.24859956417322,0.005015243902439,0.0070710678118654,,,,,,,,,,,,,,,,,,,,,,,,,,,,,,,,,2017.0,1995-04-02,,,,4
Robert Davis,PHI,WR,13238,weighted,,,,,,,0.145045731707317,0.0212132034355964,0.0,0.0,0.0,0.0,,,,,0.0752286585365854,0.106066017177982,1.59484756097561,2.24859956417322,0.005015243902439,0.0070710678118654,,,,,,,,,,,,,,,,,,,,,,,,,,,,,,,,,2017.0,1995-04-02,,,,4
Byron Pringle,KC,WR,13863,weighted,,,,,,,0.190091463414634,0.0424264068711929,0.0,0.0,0.0,0.0,,,,,0.250670731707317,0.311126983722081,3.25990853658537,4.59619407771256,0.0200609756097561,0.0282842712474619,,,,,,,,,,,,,,,,,,,,,,,,,,,,,,,,,2018.0,1970-01-01,,,,4
Noah Brown,DAL,WR,13172,weighted,,,,,,,0.0,0.0,0.0,0.0,0.0,0.0,,,,,0.251926040061633,0.353553390593274,2.51926040061633,3.53553390593274,0.0,0.0,,,,,,,,,,,,,,,,,,,,,,,,,,,,,,,,,2017.0,,,Knee,2019.0,4
Trevor Davis,OAK,WR,12800,weighted,,,,,,,0.0656989247311828,0.0919238815542512,0.0,0.0,0.0,0.0,,,,,0.319139784946237,0.113137084989848,4.12344086021505,0.205060966544098,0.0149462365591398,0.0070710678118654,,,,,,,,,,,,,,,,,,,,,,,,,,,,,,,,,2016.0,1993-07-04,,,,4
Trevor Davis,CHI,WR,12800,weighted,,,,,,,0.0656989247311828,0.0919238815542512,0.0,0.0,0.0,0.0,,,,,0.319139784946237,0.113137084989848,4.12344086021505,0.205060966544098,0.0149462365591398,0.0070710678118654,,,,,,,,,,,,,,,,,,,,,,,,,,,,,,,,,2016.0,1993-07-04,,,,4
Ray-Ray McCloud,CAR,WR,13641,weighted,,,,,,,0.29558282208589,0.336198348054869,0.0,0.0,0.0066717791411042,0.0028890163780931,,,,,0.183824130879346,0.0664481800528927,2.49279141104294,1.48672058561171,0.0066564417177914,0.0057780327561863,,,,,,,,,,,,,,,,,,,,,,,,,,,,,,,,,2018.0,1996-10-15,,,,4
Ray-Ray McCloud,BUF,WR,13641,weighted,,,,,,,0.29558282208589,0.336198348054869,0.0,0.0,0.0066717791411042,0.0028890163780931,,,,,0.183824130879346,0.0664481800528927,2.49279141104294,1.48672058561171,0.0066564417177914,0.0057780327561863,,,,,,,,,,,,,,,,,,,,,,,,,,,,,,,,,2018.0,1996-10-15,,,,4
Scott Miller,TB,WR,14280,weighted,,,,,,,0.22,,0.0,,0.0,,,,,,0.3,,3.99,,0.02,,,,,,,,,,,,,,,,,,,,,,,,,,,,,,,,,,2019.0,1970-01-01,,,,4
Andre Roberts,BUF,WR,9921,weighted,,,,,,,0.641308793456033,0.427629576340813,0.0045612567391708,0.0047283688801269,0.0066717791411042,0.0028890163780931,,,,,0.28640081799591,0.0416746279948504,3.62906952965235,0.546078014313472,0.0133128834355828,0.0115560655123727,,,,,,,,,,,,,,,,,,,,,,,,,,,,,,,,,2010.0,1988-01-09,,,,4
Mike Thomas,LAR,WR,12675,weighted,,,,,,,0.0447852760736196,0.0509391436446771,0.0,0.0,0.0066717791411042,0.0028890163780931,,,,,0.166349693251534,0.0649277616100147,2.52568507157464,1.47723990553342,0.0133128834355828,0.0115560655123727,,,,,,,,,,,,,,,,,,,,,,,,,,,,,,,,,2016.0,1994-08-16,,,,4
Mike Thomas,CIN,WR,12675,weighted,,,,,,,0.0447852760736196,0.0509391436446771,0.0,0.0,0.0066717791411042,0.0028890163780931,,,,,0.166349693251534,0.0649277616100147,2.52568507157464,1.47723990553342,0.0133128834355828,0.0115560655123727,,,,,,,,,,,,,,,,,,,,,,,,,,,,,,,,,2016.0,1994-08-16,,,,4
Matthew Slater,NE,WR,9200,weighted,,,,,,,0.0606451612903226,0.0848528137423857,0.0,0.0,0.0,0.0,,,,,0.0654838709677419,0.0636396103067893,1.99870967741935,2.46073159852919,0.0050537634408602,0.0070710678118654,,,,,,,,,,,,,,,,,,,,,,,,,,,,,,,,,2008.0,1985-09-09,,,,4
Riley Ridley,CHI,WR,14103,weighted,,,,,,,0.0626993865030675,0.071314801102548,0.0,0.0,0.0,0.0,,,,,0.139938650306748,0.034668196537118,2.1710327198364,1.33104481588684,0.0066564417177914,0.0057780327561863,,,,,,,,,,,,,,,,,,,,,,,,,,,,,,,,,2019.0,1970-01-01,,,,4
JoJo Natson,LAR,WR,13529,weighted,,,,,,,1.5497955010225,1.08764403285772,0.0044951055575604,0.0047857414509234,0.0133435582822086,0.0057780327561863,,,0.01,0.0,0.106002044989775,0.115579515647755,1.94339468302658,1.73956634549245,0.0099488752556237,0.0099769742592338,,,,,,,,,,,,,,,,,,,,,,,,,,,,,,,,,2016.0,1994-02-01,,,,4
JoJo Natson,CLE,WR,13529,weighted,,,,,,,1.5497955010225,1.08764403285772,0.0044951055575604,0.0047857414509234,0.0133435582822086,0.0057780327561863,,,0.01,0.0,0.106002044989775,0.115579515647755,1.94339468302658,1.73956634549245,0.0099488752556237,0.0099769742592338,,,,,,,,,,,,,,,,,,,,,,,,,,,,,,,,,2016.0,1994-02-01,,,,4
KhaDarel Hodge,CLE,WR,13963,weighted,,,,,,,0.0404301075268817,0.0565685424949238,0.0,0.0,0.0,0.0,,,,,0.100322580645161,0.0424264068711928,1.96645161290323,1.50613744392735,0.0050537634408602,0.0070710678118654,,,,,,,,,,,,,,,,,,,,,,,,,,,,,,,,,2018.0,1994-01-03,,,,4
Gary Jennings,SEA,WR,14120,weighted,,,,,,,0.0,,0.0,,0.0,,,,,,0.19,,2.07,,0.02,,,,,,,,,,,,,,,,,,,,,,,,,,,,,,,,,,2019.0,,,,,4
Gary Jennings,MIA,WR,14120,weighted,,,,,,,0.0,,0.0,,0.0,,,,,,0.19,,2.07,,0.02,,,,,,,,,,,,,,,,,,,,,,,,,,,,,,,,,,2019.0,,,,,4
Brandon Zylstra,CAR,WR,13585,weighted,,,,,,,0.0,,0.0,,0.0,,,,,,0.13,,1.57,,0.01,,,,,,,,,,,,,,,,,,,,,,,,,,,,,,,,,,2017.0,1993-03-25,O,Coach's Decision,2019.0,4
Tyreek Hill,KC,WR,12801,weighted,,,,,,,0.0,0.0,0.0,0.0,,,,,,,0.0,0.0,0.0,0.0,0.0,0.0,,,,,,,,,,,,,,,,,,,,,,,,,,,,,,,,,2016.0,1994-03-01,O,Shoulder,2019.0,4
Travis Kelce,KC,TE,11244,weighted,,,,,,,0.0250046970408643,0.032461980747149,0.0,0.0,0.0702959135744481,0.0295834727852685,,,,,5.94351338656646,0.206205163770629,81.8775011742602,6.53107157148942,0.719906059182715,0.246507277245573,,,,,,,,,,,,,,,,,,,,,,,,,,,,,,,,,2013.0,1989-10-05,,,,4
Evan Engram,NYG,TE,13189,weighted,,,,,,,0.852181775481447,0.688628210497697,0.0031892907468295,0.0035976752507983,0.0749647721935181,0.0364175251791519,,,,,6.10248473461719,0.540152829885948,71.343701268201,4.82186675732825,0.679605448567402,0.281829801491456,,,,,,,,,,,,,,,,,,,,,,,,,,,,,,,,,2017.0,1994-09-02,,,,4
Zach Ertz,PHI,TE,11247,weighted,,,,,,,0.0166697980272428,0.0216413204980994,0.0,0.0,0.0652888680131517,0.036458029007117,,,,,6.12261625176139,0.575860555837704,64.4735368717708,3.47749069838784,0.496975105683419,0.268456879030155,,,,,,,,,,,,,,,,,,,,,,,,,,,,,,,,,2013.0,1990-11-10,,,,4
Darren Waller,OAK,TE,12263,weighted,,,,,,,0.675833724753405,0.691292269632606,0.0031892907468295,0.0035976752507983,0.0749647721935181,0.0364175251791519,,,,,6.19077031470174,0.309226337557918,62.3280366369187,4.58951656436568,0.527665570690465,0.413222117636619,,,,,,,,,,,,,,,,,,,,,,,,,,,,,,,,,2015.0,1992-09-13,,,,4
Darren Waller,LVR,TE,12263,weighted,,,,,,,0.675833724753405,0.691292269632606,0.0031892907468295,0.0035976752507983,0.0749647721935181,0.0364175251791519,,,,,6.19077031470174,0.309226337557918,62.3280366369187,4.58951656436568,0.527665570690465,0.413222117636619,,,,,,,,,,,,,,,,,,,,,,,,,,,,,,,,,2015.0,1992-09-13,,,,4
Delanie Walker,TEN,TE,8416,weighted,,,,,,,0.0901221230624707,0.100778624619098,0.0,0.0,0.0200281822451855,0.0291340201433215,,,,,4.89061061531235,1.28981742409061,49.2502677313293,8.85318393187121,0.472527007984969,0.282158884420249,,,,,,,,,,,,,,,,,,,,,,,,,,,,,,,,,2006.0,1984-08-12,,,,4
Delanie Walker,FA,TE,8416,weighted,,,,,,,0.0901221230624707,0.100778624619098,0.0,0.0,0.0200281822451855,0.0291340201433215,,,,,4.89061061531235,1.28981742409061,49.2502677313293,8.85318393187121,0.472527007984969,0.282158884420249,,,,,,,,,,,,,,,,,,,,,,,,,,,,,,,,,2006.0,1984-08-12,,,,4
Mark Andrews,BAL,TE,13671,weighted,,,,,,,0.0623391263503993,0.0652260720707314,0.0,0.0,0.0,0.0,,,,,4.31466885861907,0.720137890725202,54.4469844997652,6.97326574394072,0.602930953499295,0.34176863937113,,,,,,,,,,,,,,,,,,,,,,,,,,,,,,,,,2018.0,1995-09-06,,,,4
Greg Olsen,CAR,TE,8687,weighted,,,,,,,0.0138914983560357,0.0180344337484161,0.0,0.0,0.0096759041803663,0.0109611452863196,,,,,4.13251291686238,0.48292963694964,50.0660591827149,5.52736599899224,0.52327853452325,0.254817856913052,,,,,,,,,,,,,,,,,,,,,,,,,,,,,,,,,2007.0,1985-03-11,,,,4
Greg Olsen,SEA,TE,8687,weighted,,,,,,,0.0138914983560357,0.0180344337484161,0.0,0.0,0.0096759041803663,0.0109611452863196,,,,,4.13251291686238,0.48292963694964,50.0660591827149,5.52736599899224,0.52327853452325,0.254817856913052,,,,,,,,,,,,,,,,,,,,,,,,,,,,,,,,,2007.0,1985-03-11,,,,4
Will Dissly,SEA,TE,13763,weighted,,,,,,,0.0138914983560357,0.0180344337484161,0.0,0.0,0.0,0.0,,,,,3.67866604039455,0.78160318951156,42.3615688116487,8.42056933169936,0.387797087834664,0.260795948244173,,,,,,,,,,,,,,,,,,,,,,,,,,,,,,,,,2018.0,,,,,4
Austin Hooper,ATL,TE,12677,weighted,,,,,,,0.0138914983560357,0.0180344337484161,0.0,0.0,0.0,0.0,,,,,4.69184124001879,0.507581037606835,46.3304556129638,2.99807329590631,0.4722733677783,0.272222588679959,,,,,,,,,,,,,,,,,,,,,,,,,,,,,,,,,2016.0,1994-10-29,,,,4
Austin Hooper,CLE,TE,12677,weighted,,,,,,,0.0138914983560357,0.0180344337484161,0.0,0.0,0.0,0.0,,,,,4.69184124001879,0.507581037606835,46.3304556129638,2.99807329590631,0.4722733677783,0.272222588679959,,,,,,,,,,,,,,,,,,,,,,,,,,,,,,,,,2016.0,1994-10-29,,,,4
T.J. Hockenson,DET,TE,14138,weighted,,,,,,,0.0873438233912635,0.0972062519679555,0.0,0.0,0.0283372475340535,0.0357443545404416,,,,,3.36484734617191,0.512282523041219,41.4078816345702,4.63228400797529,0.21570690465007,0.117597029106544,,,,,,,,,,,,,,,,,,,,,,,,,,,,,,,,,2019.0,1997-07-03,,,,4
O.J. Howard,TB,TE,13188,weighted,,,,,,,0.0222263973696571,0.0288550939974658,0.0,0.0,0.141193048379521,0.0445257116093367,,,,,2.85925317050258,0.203168091135291,40.5294927195867,5.29853737343949,0.188238609675904,0.128599574489179,,,,,,,,,,,,,,,,,,,,,,,,,,,,,,,,,2017.0,1994-11-19,,,,4
Vernon Davis,WAS,TE,8247,weighted,,,,,,,0.0558847736625514,0.0501749095195374,0.0,0.0,0.0034362139917695,0.0037435570022434,,,,,2.98457378012934,0.673209554627862,37.2848912404468,5.42523119690101,0.189970605526161,0.119148609006415,,,,,,,,,,,,,,,,,,,,,,,,,,,,,,,,,2006.0,1984-01-31,,,,4
Vernon Davis,FA,TE,8247,weighted,,,,,,,0.0558847736625514,0.0501749095195374,0.0,0.0,0.0034362139917695,0.0037435570022434,,,,,2.98457378012934,0.673209554627862,37.2848912404468,5.42523119690101,0.189970605526161,0.119148609006415,,,,,,,,,,,,,,,,,,,,,,,,,,,,,,,,,2006.0,1984-01-31,,,,4
Eric Ebron,IND,TE,11695,weighted,,,,,,,0.356460779708783,0.4082718987984,0.0,0.0,0.0100140911225928,0.0145670100716608,,,,,3.62349929544387,0.27743450281949,42.7501550023485,2.14361015855044,0.518374823860968,0.27423949350109,,,,,,,,,,,,,,,,,,,,,,,,,,,,,,,,,2014.0,1993-04-10,,,,4
Eric Ebron,PIT,TE,11695,weighted,,,,,,,0.356460779708783,0.4082718987984,0.0,0.0,0.0100140911225928,0.0145670100716608,,,,,3.62349929544387,0.27743450281949,42.7501550023485,2.14361015855044,0.518374823860968,0.27423949350109,,,,,,,,,,,,,,,,,,,,,,,,,,,,,,,,,2014.0,1993-04-10,,,,4
Jack Doyle,IND,TE,11516,weighted,,,,,,,0.0239506172839506,0.0215035326512303,0.0,0.0,0.0608083480305703,0.0250046525073188,,,,,3.38540270429159,0.430070232641085,35.3740564373898,5.41898198643794,0.168606701940035,0.109238473545033,,,,,,,,,,,,,,,,,,,,,,,,,,,,,,,,,2013.0,1990-05-05,,,,4
Jason Witten,DAL,TE,6997,weighted,,,,,,,0.0223250352278065,0.0251837267555884,0.0,0.0,0.008236261155472,0.0108351368739669,,,,,3.33132456552372,0.406616796164102,32.6684264913105,4.98999492288776,0.176519492719587,0.115620778030614,,,,,,,,,,,,,,,,,,,,,,,,,,,,,,,,,2003.0,1982-05-06,,,,4
Jason Witten,LVR,TE,6997,weighted,,,,,,,0.0223250352278065,0.0251837267555884,0.0,0.0,0.008236261155472,0.0108351368739669,,,,,3.33132456552372,0.406616796164102,32.6684264913105,4.98999492288776,0.176519492719587,0.115620778030614,,,,,,,,,,,,,,,,,,,,,,,,,,,,,,,,,2003.0,1982-05-06,,,,4
Jared Cook,NO,TE,9474,weighted,,,,,,,0.01944809769845,0.0252482072477826,0.0,0.0,0.0,0.0,,,,,2.7992766557069,0.562125081054543,34.7900234852043,4.36562400491812,0.160582433067168,0.107913071100756,,,,,,,,,,,,,,,,,,,,,,,,,,,,,,,,,2009.0,1987-04-07,,,,4
Noah Fant,DEN,TE,14137,weighted,,,,,,,0.49201646090535,0.339063997908629,0.0,0.0,0.119223985890653,0.0440777887334595,,,,,2.63128747795414,0.286890666480067,30.3736507936508,3.53991883073393,0.117119341563786,0.0787492526917479,,,,,,,,,,,,,,,,,,,,,,,,,,,,,,,,,2019.0,1997-11-20,,,,4
Dawson Knox,BUF,TE,14143,weighted,,,,,,,0.24,0.0,,,0.040826686004351,0.0412550010385926,,,,,1.97514865844815,0.746664541984802,25.1387164612038,6.8271564416856,0.0892168237853517,0.0712344615021719,,,,,,,,,,,,,,,,,,,,,,,,,,,,,,,,,2019.0,1996-11-14,,,,4
Trey Burton,CHI,TE,11705,weighted,,,,,,,0.0829215594175669,0.093539556520757,0.0,0.0,0.0137271019257868,0.0180585614566115,,,,,2.66229685298262,0.456357175780621,25.8746594645373,5.11308422220781,0.133705965241898,0.0811643517707594,,,,,,,,,,,,,,,,,,,,,,,,,,,,,,,,,2014.0,1991-10-29,Q,Groin,2019.0,4
Trey Burton,IND,TE,11705,weighted,,,,,,,0.0829215594175669,0.093539556520757,0.0,0.0,0.0137271019257868,0.0180585614566115,,,,,2.66229685298262,0.456357175780621,25.8746594645373,5.11308422220781,0.133705965241898,0.0811643517707594,,,,,,,,,,,,,,,,,,,,,,,,,,,,,,,,,2014.0,1991-10-29,Q,Groin,2019.0,4
Tyler Eifert,CIN,TE,11250,weighted,,,,,,,0.020082304526749,0.0138393468534134,0.0,0.0,0.0,0.0,,,,,2.82287477954145,0.313720501366831,27.6958965314521,2.75669990858384,0.170793650793651,0.112185749839446,,,,,,,,,,,,,,,,,,,,,,,,,,,,,,,,,2013.0,1990-09-08,,,,4
Tyler Eifert,JAC,TE,11250,weighted,,,,,,,0.020082304526749,0.0138393468534134,0.0,0.0,0.0,0.0,,,,,2.82287477954145,0.313720501366831,27.6958965314521,2.75669990858384,0.170793650793651,0.112185749839446,,,,,,,,,,,,,,,,,,,,,,,,,,,,,,,,,2013.0,1990-09-08,,,,4
C.J. Uzomah,CIN,TE,12317,weighted,,,,,,,0.0301234567901235,0.0207590202801201,0.0,0.0,0.0,0.0,,,,,1.79217519106408,0.651533994115697,19.7773544973545,8.1519766657903,0.0815167548500882,0.0500327052862938,,,,,,,,,,,,,,,,,,,,,,,,,,,,,,,,,2015.0,1993-01-14,,,,4
Lance Kendricks,LAC,TE,10318,weighted,,,,,,,0.0351805453205601,0.0280131229971377,0.0,0.0,0.01861459100958,0.0074132536188675,,,,,1.94638172439204,0.76521708950865,21.3977229182019,8.43557113733491,0.0862490788504053,0.10502081202308,,,,,,,,,,,,,,,,,,,,,,,,,,,,,,,,,2011.0,1988-01-30,,,,4
Lance Kendricks,FA,TE,10318,weighted,,,,,,,0.0351805453205601,0.0280131229971377,0.0,0.0,0.01861459100958,0.0074132536188675,,,,,1.94638172439204,0.76521708950865,21.3977229182019,8.43557113733491,0.0862490788504053,0.10502081202308,,,,,,,,,,,,,,,,,,,,,,,,,,,,,,,,,2011.0,1988-01-30,,,,4
Nick Vannett,PIT,TE,12680,weighted,,,,,,,0.0301588502269289,0.0243107072948179,0.0,0.0,0.0,0.0,,,,,2.15459909228442,0.63444429091406,20.5403101361573,7.65785940572702,0.141633888048411,0.063566016201603,,,,,,,,,,,,,,,,,,,,,,,,,,,,,,,,,2016.0,1993-03-06,,,,4
Nick Vannett,DEN,TE,12680,weighted,,,,,,,0.0301588502269289,0.0243107072948179,0.0,0.0,0.0,0.0,,,,,2.15459909228442,0.63444429091406,20.5403101361573,7.65785940572702,0.141633888048411,0.063566016201603,,,,,,,,,,,,,,,,,,,,,,,,,,,,,,,,,2016.0,1993-03-06,,,,4
Kyle Rudolph,MIN,TE,10312,weighted,,,,,,,0.0301234567901235,0.0207590202801201,0.0,0.0,0.0,0.0,,,,,2.26462669018225,0.857174105744185,21.8982480893592,5.92647327726043,0.137154614932393,0.110585699982059,,,,,,,,,,,,,,,,,,,,,,,,,,,,,,,,,2011.0,1989-11-09,,,,4
James OShaughnessy,JAC,TE,12330,weighted,,,,,,,0.0301234567901235,0.0207590202801201,0.0,0.0,0.0,0.0,,,,,2.48514403292181,0.388837548723635,23.1151322751323,4.9627604246167,0.116202233980012,0.080672216965141,,,,,,,,,,,,,,,,,,,,,,,,,,,,,,,,,,,,,,4
Jimmy Graham,GB,TE,9925,weighted,,,,,,,0.031892907468295,0.0359767525079835,0.0,0.0,0.0,0.0,,,,,2.24756693283232,0.239145188377905,25.7655800845467,2.50284786665193,0.14573978393612,0.0876310711025866,,,,,,,,,,,,,,,,,,,,,,,,,,,,,,,,,2010.0,1986-11-24,,,,4
Jimmy Graham,CHI,TE,9925,weighted,,,,,,,0.031892907468295,0.0359767525079835,0.0,0.0,0.0,0.0,,,,,2.24756693283232,0.239145188377905,25.7655800845467,2.50284786665193,0.14573978393612,0.0876310711025866,,,,,,,,,,,,,,,,,,,,,,,,,,,,,,,,,2010.0,1986-11-24,,,,4
Gerald Everett,LAR,TE,13236,weighted,,,,,,,1.63444444444444,0.0934155912605406,0.0100423728813559,3.73199206505014e-05,0.0078816382520086,0.0072220813888912,,,,,1.74389770723104,0.678905542865422,19.6793827160494,5.60215653595862,0.0998706643151088,0.0759994875813511,,,,,,,,,,,,,,,,,,,,,,,,,,,,,,,,,2017.0,1994-06-25,,,,4
Hayden Hurst,BAL,TE,13680,weighted,,,,,,,0.0502057613168724,0.0345983671335336,0.0,0.0,0.0,0.0,,,,,1.78303938859494,0.159721343881908,21.2649735449735,4.13299417850315,0.113168724279835,0.077784726542307,,,,,,,,,,,,,,,,,,,,,,,,,,,,,,,,,2018.0,1993-08-24,,,,4
Hayden Hurst,ATL,TE,13680,weighted,,,,,,,0.0502057613168724,0.0345983671335336,0.0,0.0,0.0,0.0,,,,,1.78303938859494,0.159721343881908,21.2649735449735,4.13299417850315,0.113168724279835,0.077784726542307,,,,,,,,,,,,,,,,,,,,,,,,,,,,,,,,,2018.0,1993-08-24,,,,4
Irv Smith Jr.,MIN,TE,14141,weighted,,,,,,,0.0652674897119342,0.0449778772735936,0.0,0.0,0.0404076033705663,0.0364582002483159,,,,,1.8094708994709,0.770539952142441,18.7673368606702,5.25846467986441,0.0699412110523222,0.0478113309440768,,,,,,,,,,,,,,,,,,,,,,,,,,,,,,,,,2019.0,1970-01-01,,,,4
Jordan Akins,HOU,TE,13753,weighted,,,,,,,0.0301234567901235,0.0207590202801201,0.0,0.0,0.0,0.0,,,,,1.78774250440917,0.264768613009362,22.8405526161082,2.0271868838644,0.145890652557319,0.0883042748556051,,,,,,,,,,,,,,,,,,,,,,,,,,,,,,,,,2018.0,1992-04-19,,,,4
Demetrius Harris,CLE,TE,11448,weighted,,,,,,,0.0251028806584362,0.0172991835667668,0.0,0.0,0.0,0.0,,,,,1.92654908877131,0.662032297644917,19.2261552028219,4.82268037389463,0.161334509112287,0.149590282084026,,,,,,,,,,,,,,,,,,,,,,,,,,,,,,,,,2013.0,1991-07-29,,,,4
Demetrius Harris,CHI,TE,11448,weighted,,,,,,,0.0251028806584362,0.0172991835667668,0.0,0.0,0.0,0.0,,,,,1.92654908877131,0.662032297644917,19.2261552028219,4.82268037389463,0.161334509112287,0.149590282084026,,,,,,,,,,,,,,,,,,,,,,,,,,,,,,,,,2013.0,1991-07-29,,,,4
Tyler Higbee,LAR,TE,12678,weighted,,,,,,,0.0351440329218107,0.0242188569934735,0.0,0.0,0.0,0.0,,,,,1.47945914168136,0.449204212774289,14.9367783656673,5.97427955811888,0.119053497942387,0.0801779351056084,,,,,,,,,,,,,,,,,,,,,,,,,,,,,,,,,2016.0,1993-01-01,,,,4
Geoff Swaim,JAC,TE,12378,weighted,,,,,,,0.020082304526749,0.0138393468534134,0.0,0.0,0.0,0.0,,,,,1.70013521457966,0.479509289241321,14.4157613168724,5.73684764833899,0.0622751322751323,0.0459833510985057,,,,,,,,,,,,,,,,,,,,,,,,,,,,,,,,,,,Q,Illness,2019.0,4
Geoff Swaim,FA,TE,12378,weighted,,,,,,,0.020082304526749,0.0138393468534134,0.0,0.0,0.0,0.0,,,,,1.70013521457966,0.479509289241321,14.4157613168724,5.73684764833899,0.0622751322751323,0.0459833510985057,,,,,,,,,,,,,,,,,,,,,,,,,,,,,,,,,,,Q,Illness,2019.0,4
Mike Gesicki,MIA,TE,13672,weighted,,,,,,,0.020082304526749,0.0138393468534134,0.0,0.0,0.0645326278659612,0.0324993662500108,,,,,1.92696061140506,0.253803280853391,18.1145149911817,1.64524516901128,0.0604761904761905,0.0458970445602884,,,,,,,,,,,,,,,,,,,,,,,,,,,,,,,,,2018.0,1995-10-03,,,,4
Blake Jarwin,DAL,TE,13722,weighted,,,,,,,0.0251028806584362,0.0172991835667668,0.0,0.0,0.0,0.0,,,,,1.79239271017049,0.2329639069572,20.0609465020576,1.87342906985042,0.121840094062316,0.0814528996839459,,,,,,,,,,,,,,,,,,,,,,,,,,,,,,,,,2017.0,1994-07-16,,,,4
Cameron Brate,TB,TE,12110,weighted,,,,,,,0.020082304526749,0.0138393468534134,0.0,0.0,0.0197040956300216,0.0180552034722282,,,,,1.65106995884774,0.528003823342987,15.7997648442093,4.35295253648173,0.135455614344503,0.117326107268944,,,,,,,,,,,,,,,,,,,,,,,,,,,,,,,,,2014.0,1991-07-03,,,,4
Ricky Seals-Jones,CLE,TE,13382,weighted,,,,,,,0.0150794251134644,0.0121553536474089,0.0,0.0,0.0,0.0,,,,,1.11394856278366,0.484435653969276,13.0180181543116,6.65002249902505,0.0777231467473525,0.0263799820546114,,,,,,,,,,,,,,,,,,,,,,,,,,,,,,,,,2017.0,1995-03-15,,,,4
Ricky Seals-Jones,KC,TE,13382,weighted,,,,,,,0.0150794251134644,0.0121553536474089,0.0,0.0,0.0,0.0,,,,,1.11394856278366,0.484435653969276,13.0180181543116,6.65002249902505,0.0777231467473525,0.0263799820546114,,,,,,,,,,,,,,,,,,,,,,,,,,,,,,,,,2017.0,1995-03-15,,,,4
Mo Alie-Cox,IND,TE,13246,weighted,,,,,,,0.0201059001512859,0.0162071381965453,0.0,0.0,0.0,0.0,,,,,0.999122541603631,0.343651614331288,14.0633131618759,5.30388890718281,0.0900453857791225,0.0199717005663603,,,,,,,,,,,,,,,,,,,,,,,,,,,,,,,,,2016.0,1993-09-19,,,,4
Vance McDonald,PIT,TE,11257,weighted,,,,,,,0.0,0.0,0.0,0.0,0.0,0.0,,,,,1.08426666666667,1.34350288425444,11.8698666666667,14.7078210486802,0.0570666666666667,0.0707106781186548,,,,,,,,,,,,,,,,,,,,,,,,,,,,,,,,,2013.0,1990-06-13,D,Shoulder,2019.0,4
Dallas Goedert,PHI,TE,13674,weighted,,,,,,,0.0301588502269289,0.0243107072948179,0.0,0.0,0.0,0.0,,,,,1.66017397881997,0.291025095938406,16.8408547655068,3.24226709058116,0.158169440242057,0.0492102306318589,,,,,,,,,,,,,,,,,,,,,,,,,,,,,,,,,2018.0,1995-01-03,,,,4
Jesse James,DET,TE,12211,weighted,,,,,,,0.0351853252647504,0.0283624918439542,0.0,0.0,0.0,0.0,,,,,1.67973524962179,0.265499368872689,16.8655295007564,2.37636885832953,0.0923600605143722,0.0453267919362562,,,,,,,,,,,,,,,,,,,,,,,,,,,,,,,,,2015.0,1994-06-04,,,,4
Charles Clay,ARI,TE,10409,weighted,,,,,,,0.0251028806584362,0.0172991835667668,0.0,0.0,0.0561708798745836,0.0248474391195354,,,,,1.15251616696061,0.887172049520197,11.711240446796,6.39566742701005,0.0490064667842446,0.0419824850118399,,,,,,,,,,,,,,,,,,,,,,,,,,,,,,,,,2011.0,1989-02-13,,,,4
Charles Clay,FA,TE,10409,weighted,,,,,,,0.0251028806584362,0.0172991835667668,0.0,0.0,0.0561708798745836,0.0248474391195354,,,,,1.15251616696061,0.887172049520197,11.711240446796,6.39566742701005,0.0490064667842446,0.0419824850118399,,,,,,,,,,,,,,,,,,,,,,,,,,,,,,,,,2011.0,1989-02-13,,,,4
Jeff Heuerman,DEN,TE,12208,weighted,,,,,,,0.0301588502269289,0.0243107072948179,0.0,0.0,0.0,0.0,,,,,1.7343343419062,0.14897931576999,17.1085930408472,2.13750031037131,0.0877004538577912,0.0339267935785439,,,,,,,,,,,,,,,,,,,,,,,,,,,,,,,,,2015.0,1992-11-24,,,,4
Nick Boyle,BAL,TE,12328,weighted,,,,,,,0.0301588502269289,0.0243107072948179,0.0,0.0,0.0,0.0,,,,,1.74488653555219,0.25025448743353,17.3775718608169,3.00114118744943,0.0777004538577912,0.0516529818011078,,,,,,,,,,,,,,,,,,,,,,,,,,,,,,,,,2015.0,1993-02-17,,,,4
Matt LaCosse,NE,TE,12596,weighted,,,,,,,0.0251028806584362,0.0172991835667668,0.0,0.0,0.0,0.0,,,,,1.24425044091711,0.599361307923992,12.5449441504997,6.12673379228435,0.0471017048794827,0.0391877515470332,,,,,,,,,,,,,,,,,,,,,,,,,,,,,,,,,,,,,,4
Marcedes Lewis,GB,TE,8269,weighted,,,,,,,0.0301588502269289,0.0243107072948179,0.0,0.0,0.0,0.0,,,,,1.09084720121029,0.509250010306984,12.657208774584,6.45572927318362,0.0702344931921331,0.0494806664521712,,,,,,,,,,,,,,,,,,,,,,,,,,,,,,,,,2006.0,1984-05-19,,,,4
Derek Carrier,OAK,TE,10940,weighted,,,,,,,0.0201059001512859,0.0162071381965453,0.0,0.0,0.0,0.0,,,,,1.05167927382753,0.690400616863158,10.0869440242057,5.65183085139657,0.0530862329803328,0.0334597096352729,,,,,,,,,,,,,,,,,,,,,,,,,,,,,,,,,2012.0,1990-07-25,,,,4
Derek Carrier,LVR,TE,10940,weighted,,,,,,,0.0201059001512859,0.0162071381965453,0.0,0.0,0.0,0.0,,,,,1.05167927382753,0.690400616863158,10.0869440242057,5.65183085139657,0.0530862329803328,0.0334597096352729,,,,,,,,,,,,,,,,,,,,,,,,,,,,,,,,,2012.0,1990-07-25,,,,4
Darren Fells,HOU,TE,11337,weighted,,,,,,,0.0301588502269289,0.0243107072948179,0.0,0.0,0.0,0.0,,,,,1.42988653555219,0.22910548384681,14.2203252647504,2.24875148474368,0.191497730711044,0.0816533090541608,,,,,,,,,,,,,,,,,,,,,,,,,,,,,,,,,2012.0,1986-04-22,,,,4
Jonnu Smith,TEN,TE,13193,weighted,,,,,,,1.11169062027231,0.506473068642039,0.0063890265532891,0.0029107647623105,0.0,0.0,,,,,1.31479576399395,0.254298702304751,13.4717700453858,2.63946755304003,0.108789712556732,0.0626435782052143,,,,,,,,,,,,,,,,,,,,,,,,,,,,,,,,,2017.0,1995-08-22,,,,4
Rhett Ellison,NYG,TE,10838,weighted,,,,,,,0.0251323751891074,0.0202589227456816,0.0,0.0,0.0,0.0,,,,,1.30118003025719,0.30307592682513,12.8151059001513,3.08817300161216,0.0803101361573374,0.0183384792939575,,,,,,,,,,,,,,,,,,,,,,,,,,,,,,,,,2012.0,1988-10-03,,,,4
Rhett Ellison,FA,TE,10838,weighted,,,,,,,0.0251323751891074,0.0202589227456816,0.0,0.0,0.0,0.0,,,,,1.30118003025719,0.30307592682513,12.8151059001513,3.08817300161216,0.0803101361573374,0.0183384792939575,,,,,,,,,,,,,,,,,,,,,,,,,,,,,,,,,2012.0,1988-10-03,,,,4
Virgil Green,LAC,TE,10432,weighted,,,,,,,0.0,0.0,0.0,0.0,0.1,0.0,,,,,0.723123123123123,0.989949493661167,7.9027027027027,10.8187337521542,0.0516516516516517,0.0707106781186548,,,,,,,,,,,,,,,,,,,,,,,,,,,,,,,,,2011.0,1988-08-03,O,Groin,2019.0,4
Jeremy Sprinkle,WAS,TE,13194,weighted,,,,,,,0.0201059001512859,0.0162071381965453,0.0,0.0,0.0082299546142208,0.0084147311606381,,,,,1.25863842662632,0.189254548608946,12.4534644478064,1.81935602359353,0.0752950075642965,0.0209608897293872,,,,,,,,,,,,,,,,,,,,,,,,,,,,,,,,,2017.0,1994-08-10,,,,4
Tyler Kroft,BUF,TE,12212,weighted,,,,,,,0.0,0.0,0.0,0.0,0.0,0.0,,,,,0.723123123123123,0.989949493661167,7.54114114114114,10.3237590053236,0.0516516516516517,0.0707106781186548,,,,,,,,,,,,,,,,,,,,,,,,,,,,,,,,,2015.0,1992-10-15,O,Ankle,2019.0,4
Tommy Sweeney,BUF,TE,14294,weighted,,,,,,,0.04,0.0,,,0.0,0.0,,,,,0.718484408992023,0.449874286344958,9.00321247280638,5.65715196992428,0.0368745467730239,0.0480747550787415,,,,,,,,,,,,,,,,,,,,,,,,,,,,,,,,,2019.0,1970-01-01,,,,4
Maxx Williams,ARI,TE,12206,weighted,,,,,,,0.110582450832073,0.0891392600809989,0.0,0.0,0.0,0.0,,,,,0.849296520423601,0.566824298036432,8.31410741301059,4.61554620210461,0.0507564296520424,0.0359316081297138,,,,,,,,,,,,,,,,,,,,,,,,,,,,,,,,,2015.0,1994-04-12,,,,4
Adam Shaheen,CHI,TE,13254,weighted,,,,,,,0.0301234567901235,0.0207590202801201,0.0,0.0,0.0,0.0,,,,,1.2236860670194,0.146590085715086,11.9334744268078,2.01322406500677,0.0642857142857143,0.040007356938564,,,,,,,,,,,,,,,,,,,,,,,,,,,,,,,,,2017.0,1994-01-01,,,,4
Sean Culkin,LAC,TE,13438,weighted,,,,,,,0.0201059001512859,0.0162071381965453,0.0,0.0,0.0246898638426626,0.0252441934819144,,,,,0.425544629349471,0.264448326874653,4.98009077155824,3.6004521410007,0.0506354009077156,0.0350882007110979,,,,,,,,,,,,,,,,,,,,,,,,,,,,,,,,,,,,,,4
Sean Culkin,FA,TE,13438,weighted,,,,,,,0.0201059001512859,0.0162071381965453,0.0,0.0,0.0246898638426626,0.0252441934819144,,,,,0.425544629349471,0.264448326874653,4.98009077155824,3.6004521410007,0.0506354009077156,0.0350882007110979,,,,,,,,,,,,,,,,,,,,,,,,,,,,,,,,,,,,,,4
Ian Thomas,CAR,TE,13678,weighted,,,,,,,0.020082304526749,0.0138393468534134,0.0,0.0,0.0,0.0,,,,,0.76005291005291,0.453301392941761,8.24671369782481,4.86874438412554,0.0394238683127572,0.0387234900950638,,,,,,,,,,,,,,,,,,,,,,,,,,,,,,,,,2018.0,1996-06-06,,,,4
Luke Willson,SEA,TE,11381,weighted,,,,,,,0.0201407035175879,0.0198162419339072,0.0,0.0,0.0,0.0,,,,,0.821075376884422,0.515727066294893,7.72105527638191,4.64036612705833,0.0985527638190955,0.0904710824715279,,,,,,,,,,,,,,,,,,,,,,,,,,,,,,,,,2013.0,1990-01-15,,,,4
Foster Moreau,OAK,TE,14239,weighted,,,,,,,0.11,0.0,,,0.0,0.0,,,,,1.0057,0.517161034866143,8.90053,5.09936286565034,0.06072,0.0528085663966878,,,,,,,,,,,,,,,,,,,,,,,,,,,,,,,,,2019.0,1997-05-06,,,,4
Foster Moreau,LVR,TE,14239,weighted,,,,,,,0.11,0.0,,,0.0,0.0,,,,,1.0057,0.517161034866143,8.90053,5.09936286565034,0.06072,0.0528085663966878,,,,,,,,,,,,,,,,,,,,,,,,,,,,,,,,,2019.0,1997-05-06,,,,4
Chris Manhertz,CAR,TE,12955,weighted,,,,,,,0.0201059001512859,0.0162071381965453,0.0,0.0,0.0,0.0,,,,,0.351452344931921,0.278636926695187,4.9550756429652,5.32817219791482,0.0407791225416036,0.0413592256961109,,,,,,,,,,,,,,,,,,,,,,,,,,,,,,,,,,1992-04-10,,,,4
Ryan Izzo,NE,TE,13847,weighted,,,,,,,0.06,0.0,,,0.0,0.0,,,,,0.64778,0.452002126802477,6.86073,4.03422745682044,0.05085,0.0501579290523675,,,,,,,,,,,,,,,,,,,,,,,,,,,,,,,,,2018.0,1995-12-21,,,,4
Robert Tonyan,GB,TE,13427,weighted,,,,,,,0.0201059001512859,0.0162071381965453,0.0,0.0,0.0,0.0,,,,,0.724886535552194,0.248127146460736,8.74886535552194,2.80358495836949,0.0654009077155824,0.0387830977629243,,,,,,,,,,,,,,,,,,,,,,,,,,,,,,,,,2017.0,1994-04-30,,,,4
Durham Smythe,MIA,TE,13676,weighted,,,,,,,0.0402118003025719,0.0324142763930905,0.0,0.0,0.0,0.0,,,,,0.636520423600605,0.39096593040571,6.82053706505295,3.47874061446633,0.0247806354009077,0.0378824041430125,,,,,,,,,,,,,,,,,,,,,,,,,,,,,,,,,2018.0,1995-08-09,,,,4
Anthony Firkser,TEN,TE,13919,weighted,,,,,,,0.0201059001512859,0.0162071381965453,0.0,0.0,0.0,0.0,,,,,0.502647503782148,0.33396323958465,5.8035930408472,4.11291984457374,0.0197957639939486,0.0183404598409227,,,,,,,,,,,,,,,,,,,,,,,,,,,,,,,,,2018.0,1970-01-01,O,Coach's Decision,2019.0,4
Drew Sample,CIN,TE,14146,weighted,,,,,,,0.07,0.0,,,0.0,0.0,,,,,0.641,0.419051287351788,6.85394,3.66124516197417,0.04756,0.0505700696951743,,,,,,,,,,,,,,,,,,,,,,,,,,,,,,,,,2019.0,1996-04-16,,,,4
Josh Hill,NO,TE,11529,weighted,,,,,,,0.0452382753403933,0.0364660609422268,0.0,0.0,0.0,0.0,,,,,0.945234493192133,0.30744897561269,8.70365355521936,2.52441715265513,0.060590015128593,0.0285770443312904,,,,,,,,,,,,,,,,,,,,,,,,,,,,,,,,,2013.0,1990-05-21,,,,4
Luke Stocker,ATL,TE,10354,weighted,,,,,,,0.0450264750378215,0.0040517845491363,0.0,0.0,0.0,0.0,,,,,1.04536308623298,0.101628580933612,9.11867624810893,1.3179556859154,0.072768532526475,0.0276061604275659,,,,,,,,,,,,,,,,,,,,,,,,,,,,,,,,,2011.0,1988-07-17,,,,4
Luke Stocker,FA,TE,10354,weighted,,,,,,,0.0450264750378215,0.0040517845491363,0.0,0.0,0.0,0.0,,,,,1.04536308623298,0.101628580933612,9.11867624810893,1.3179556859154,0.072768532526475,0.0276061604275659,,,,,,,,,,,,,,,,,,,,,,,,,,,,,,,,,2011.0,1988-07-17,,,,4
Deon Yelder,KC,TE,13857,weighted,,,,,,,,,,,0.0,0.0,,,,,0.7,1.5705966056628002e-16,7.94813710879285,2.68700576850888,0.0707600596125186,0.0424264068711929,,,,,,,,,,,,,,,,,,,,,,,,,,,,,,,,,2018.0,,,,,4
Blake Bell,KC,TE,12213,weighted,,,,,,,0.0150617283950617,0.0103795101400601,0.0,0.0,0.0,0.0,,,,,0.743862433862434,0.223578745862267,6.42649029982363,2.64892675053205,0.0450382128159906,0.0459691707665215,,,,,,,,,,,,,,,,,,,,,,,,,,,,,,,,,2015.0,1991-08-07,,,,4
Blake Bell,DAL,TE,12213,weighted,,,,,,,0.0150617283950617,0.0103795101400601,0.0,0.0,0.0,0.0,,,,,0.743862433862434,0.223578745862267,6.42649029982363,2.64892675053205,0.0450382128159906,0.0459691707665215,,,,,,,,,,,,,,,,,,,,,,,,,,,,,,,,,2015.0,1991-08-07,,,,4
Nick OLeary,MIA,TE,12207,weighted,,,,,,,0.0150794251134644,0.0121553536474089,0.0,0.0,0.0,0.0,,,,,0.658835098335855,0.0710559602012365,7.20377458396369,1.49071804436138,0.0556127080181543,0.0304006157840483,,,,,,,,,,,,,,,,,,,,,,,,,,,,,,,,,2015.0,1992-08-31,,,,4
Nick OLeary,FA,TE,12207,weighted,,,,,,,0.0150794251134644,0.0121553536474089,0.0,0.0,0.0,0.0,,,,,0.658835098335855,0.0710559602012365,7.20377458396369,1.49071804436138,0.0556127080181543,0.0304006157840483,,,,,,,,,,,,,,,,,,,,,,,,,,,,,,,,,2015.0,1992-08-31,,,,4
Zach Gentry,PIT,TE,14240,weighted,,,,,,,0.07,0.0,,,0.0,0.0,,,,,0.80329,0.005755208832791,7.7014,0.694465241052781,0.06397,0.0404540790516925,,,,,,,,,,,,,,,,,,,,,,,,,,,,,,,,,2019.0,1970-01-01,,,,4
Ben Braunecker,CHI,TE,12868,weighted,,,,,,,0.0201059001512859,0.0162071381965453,0.0,0.0,0.0,0.0,,,,,0.550416036308623,0.189494051851562,6.22239788199697,1.41904126260449,0.0172617246596067,0.0206396483199282,,,,,,,,,,,,,,,,,,,,,,,,,,,,,,,,,2016.0,1994-02-07,,,,4
Dalton Schultz,DAL,TE,13772,weighted,,,,,,,0.0201059001512859,0.0162071381965453,0.0,0.0,0.0,0.0,,,,,0.414364599092284,0.210497411227566,4.48726928895613,2.24113391964302,0.0148260211800303,0.0191784051039953,,,,,,,,,,,,,,,,,,,,,,,,,,,,,,,,,2018.0,1996-07-11,,,,4
Logan Thomas,DET,TE,11647,weighted,,,,,,,0.0201431492842536,0.0199842950744142,0.0,0.0,0.0,0.0,,,,,0.49898773006135,0.147512484330188,4.96189161554192,1.24555272939872,0.0265541922290389,0.0251225342662988,,,,,,,,,,,,,,,,,,,,,,,,,,,,,,,,,2014.0,1991-07-01,,,,4
Logan Thomas,WAS,TE,11647,weighted,,,,,,,0.0201431492842536,0.0199842950744142,0.0,0.0,0.0,0.0,,,,,0.49898773006135,0.147512484330188,4.96189161554192,1.24555272939872,0.0265541922290389,0.0251225342662988,,,,,,,,,,,,,,,,,,,,,,,,,,,,,,,,,2014.0,1991-07-01,,,,4
Tyler Conklin,MIN,TE,13675,weighted,,,,,,,0.0201059001512859,0.0162071381965453,0.0,0.0,0.0,0.0,,,,,0.242344931921331,0.248202140401061,3.10884266263237,2.91661134500866,0.0074130105900151,0.0095892025519976,,,,,,,,,,,,,,,,,,,,,,,,,,,,,,,,,2018.0,1995-07-30,,,,4
Eric Tomlinson,FA,TE,13065,weighted,,,,,,,0.0,0.0,0.0,0.0,0.0,0.0,,,,,0.461561561561562,0.494974746830583,4.02963963963964,4.05172185619892,0.0048348348348348,0.0070710678118654,,,,,,,,,,,,,,,,,,,,,,,,,,,,,,,,,,,,,,4
Eric Tomlinson,NYG,TE,13065,weighted,,,,,,,0.0,0.0,0.0,0.0,0.0,0.0,,,,,0.461561561561562,0.494974746830583,4.02963963963964,4.05172185619892,0.0048348348348348,0.0070710678118654,,,,,,,,,,,,,,,,,,,,,,,,,,,,,,,,,,,,,,4
Logan Paulsen,HOU,TE,10123,weighted,,,,,,,0.0,0.0,0.0,0.0,0.0,0.0,,,,,0.472762762762763,0.332340187157677,4.51465465465466,3.1961226509632,0.0613213213213213,0.0565685424949238,,,,,,,,,,,,,,,,,,,,,,,,,,,,,,,,,2010.0,1987-02-26,O,Coach's Decision,2019.0,4
Antony Auclair,TB,TE,13445,weighted,,,,,,,0.0301588502269289,0.0243107072948179,0.0,0.0,0.0,0.0,,,,,0.313260211800303,0.281142636038399,3.03659606656581,2.54305112683419,0.0049243570347957,0.0057734344048068,,,,,,,,,,,,,,,,,,,,,,,,,,,,,,,,,2017.0,1993-05-28,,,,4
MyCole Pruitt,TEN,TE,12309,weighted,,,,,,,0.0201059001512859,0.0162071381965453,0.0,0.0,0.0,0.0,,,,,0.34428139183056,0.206893009319013,3.97962178517398,2.03884204982369,0.0383963691376702,0.0432233810705126,,,,,,,,,,,,,,,,,,,,,,,,,,,,,,,,,2015.0,1992-03-24,,,,4
Pharaoh Brown,CLE,TE,13994,weighted,,,,,,,0.03,0.0,,,0.0,0.0,,,,,0.32661,0.271074793313182,3.18647,2.86227137801211,0.01316,0.023020835331164,,,,,,,,,,,,,,,,,,,,,,,,,,,,,,,,,2017.0,1994-05-04,,,,4
Troy Fumagalli,DEN,TE,13673,weighted,,,,,,,0.06,0.0,,,0.0,0.0,,,,,0.225381097560976,0.176776695296637,3.30701219512195,3.25269119345812,0.0250762195121951,0.0353553390593274,,,,,,,,,,,,,,,,,,,,,,,,,,,,,,,,,2018.0,,,,,4
Andrew Beck,DEN,TE,14319,weighted,,,,,,,0.05,,,,0.0,,,,,,0.35,,5.16,,0.05,,,,,,,,,,,,,,,,,,,,,,,,,,,,,,,,,,2019.0,1996-05-15,,,,4
Lee Smith,BUF,TE,10398,weighted,,,,,,,0.0150794251134644,0.0121553536474089,0.0,0.0,0.0082299546142208,0.0084147311606381,,,,,0.463055975794251,0.129079303499777,3.85624810892587,1.06468287135504,0.0271558245083207,0.0191756674918996,,,,,,,,,,,,,,,,,,,,,,,,,,,,,,,,,2011.0,1987-11-21,,,,4
Johnny Mundt,LAR,TE,13940,weighted,,,,,,,0.0,0.0,0.0,0.0,0.0,0.0,,,,,0.0100770416024653,0.014142135623731,0.0,0.0,0.0,0.0,,,,,,,,,,,,,,,,,,,,,,,,,,,,,,,,,2017.0,1994-11-23,,,,4
Evan Baylis,GB,TE,13476,weighted,,,,,,,0.0252688172043011,0.0353553390593274,0.0,0.0,0.0,0.0,,,,,0.0808602150537635,0.113137084989848,1.26849462365591,1.77483802077823,0.0101075268817204,0.014142135623731,,,,,,,,,,,,,,,,,,,,,,,,,,,,,,,,,2017.0,1993-11-18,,,,4
Jerell Adams,HOU,TE,12681,weighted,,,,,,,0.0,0.0,0.0,0.0,0.0,0.0,,,,,0.144191063174114,0.148492424049175,1.7442218798151,1.06066017177982,0.0099229583975346,0.014142135623731,,,,,,,,,,,,,,,,,,,,,,,,,,,,,,,,,2016.0,1992-12-31,O,Coach's Decision,2019.0,4
Jerell Adams,FA,TE,12681,weighted,,,,,,,0.0,0.0,0.0,0.0,0.0,0.0,,,,,0.144191063174114,0.148492424049175,1.7442218798151,1.06066017177982,0.0099229583975346,0.014142135623731,,,,,,,,,,,,,,,,,,,,,,,,,,,,,,,,,2016.0,1992-12-31,O,Coach's Decision,2019.0,4
Seth DeValve,JAC,TE,12792,weighted,,,,,,,0.0201431492842536,0.0199842950744142,0.0,0.0,0.0,0.0,,,,,0.12321063394683,0.0305105673416306,1.62985685071575,0.558683100205433,0.0100204498977505,0.0100308011756425,,,,,,,,,,,,,,,,,,,,,,,,,,,,,,,,,2016.0,1993-01-29,,,,4
Alex Ellis,PHI,TE,13067,weighted,,,,,,,0.0202150537634409,0.0282842712474619,0.0,0.0,0.0,0.0,,,,,0.11494623655914,0.0070710678118654,1.57677419354839,0.233345237791561,0.0150537634408602,0.0070710678118654,,,,,,,,,,,,,,,,,,,,,,,,,,,,,,,,,2016.0,1970-01-01,,,,4
Darrell Daniels,ARI,TE,13396,weighted,,,,,,,0.0,,0.0,,0.0,,,,,,0.12,,1.34,,0.01,,,,,,,,,,,,,,,,,,,,,,,,,,,,,,,,,,2016.0,1994-11-22,,,,4
Cethan Carter,CIN,TE,13369,weighted,,,,,,,0.0,,0.0,,0.0,,,,,,0.12,,1.34,,0.01,,,,,,,,,,,,,,,,,,,,,,,,,,,,,,,,,,2017.0,1993-09-05,,,,4
David Morgan,MIN,TE,12816,weighted,,,,,,,0.0,,0.0,,0.0,,,,,,0.07,,0.67,,0.0,,,,,,,,,,,,,,,,,,,,,,,,,,,,,,,,,,2016.0,1993-05-19,,Knee,2019.0,4
Hunter Henry,LAC,TE,12676,weighted,,,,,,,0.0,0.0,0.0,0.0,,,,,,,0.0,0.0,0.0,0.0,0.0,0.0,,,,,,,,,,,,,,,,,,,,,,,,,,,,,,,,,2016.0,1994-12-07,O,Knee,2019.0,4
Harrison Butker,KC,K,13354,weighted,,,,,,,,,,,,,,,,,,,,,,,0.0094686370707841,0.0088738401031561,0.512837401839539,0.121249598253301,0.597786998397817,0.144128740433192,0.397876510662765,0.101530422376792,0.183887983871381,0.0649035429699017,3.19829497416628,0.904931578695956,,,,,,,,,,,,,,,,,,,,,2017.0,1995-07-14,,,,4
Adam Vinatieri,IND,K,2842,weighted,,,,,,,,,,,,,,,,,,,,,,,0.004993616351641,0.0085269756207607,0.525042403059129,0.0682942746978372,0.549167541752169,0.234584314116762,0.477274332081182,0.0772559109540457,0.179451217690963,0.0464352620176587,2.46493827160494,0.657144714312822,,,,,,,,,,,,,,,,,,,,,1996.0,1972-12-28,,,,4
Adam Vinatieri,FA,K,2842,weighted,,,,,,,,,,,,,,,,,,,,,,,0.004993616351641,0.0085269756207607,0.525042403059129,0.0682942746978372,0.549167541752169,0.234584314116762,0.477274332081182,0.0772559109540457,0.179451217690963,0.0464352620176587,2.46493827160494,0.657144714312822,,,,,,,,,,,,,,,,,,,,,1996.0,1972-12-28,,,,4
Greg Zuerlein,LAR,K,10868,weighted,,,,,,,,,,,,,,,,,,,,,,,0.0278942045819765,0.0207191320120677,0.656227005219785,0.133427519736113,0.564325539308651,0.0292212058767173,0.505082887471604,0.0749042197655218,0.307947608188644,0.129429747366043,2.75567402536402,0.333168511511696,,,,,,,,,,,,,,,,,,,,,2012.0,1987-12-27,,,,4
Greg Zuerlein,DAL,K,10868,weighted,,,,,,,,,,,,,,,,,,,,,,,0.0278942045819765,0.0207191320120677,0.656227005219785,0.133427519736113,0.564325539308651,0.0292212058767173,0.505082887471604,0.0749042197655218,0.307947608188644,0.129429747366043,2.75567402536402,0.333168511511696,,,,,,,,,,,,,,,,,,,,,2012.0,1987-12-27,,,,4
Matt Prater,DET,K,8930,weighted,,,,,,,,,,,,,,,,,,,,,,,0.0231963864821956,0.0138059473170677,0.410992726424936,0.112413484613771,0.58748127460978,0.149038196751515,0.352774150493788,0.0919337257597407,0.219966916099909,0.0633026771747723,2.35993893846876,0.532971946051286,,,,,,,,,,,,,,,,,,,,,2006.0,1984-08-10,,,,4
Stephen Gostkowski,NE,K,8359,weighted,,,,,,,,,,,,,,,,,,,,,,,0.0162058220394322,0.0224895883069391,0.555680614250172,0.0695476136164166,0.617439905292346,0.0822755737872649,0.44668666777432,0.0556782393008114,0.153980447367151,0.04319623679666,2.32063410051667,0.525848681357044,,,,,,,,,,,,,,,,,,,,,2006.0,1984-01-28,,,,4
Stephen Gostkowski,FA,K,8359,weighted,,,,,,,,,,,,,,,,,,,,,,,0.0162058220394322,0.0224895883069391,0.555680614250172,0.0695476136164166,0.617439905292346,0.0822755737872649,0.44668666777432,0.0556782393008114,0.153980447367151,0.04319623679666,2.32063410051667,0.525848681357044,,,,,,,,,,,,,,,,,,,,,2006.0,1984-01-28,,,,4
Justin Tucker,BAL,K,10976,weighted,,,,,,,,,,,,,,,,,,,,,,,0.0205333416731648,0.0212138018313841,0.58992199133864,0.0704780813891158,0.621691302298655,0.155715121855713,0.521986774752788,0.046352492917941,0.297359861546772,0.0580814233144041,2.57567402536402,0.342698438945668,,,,,,,,,,,,,,,,,,,,,2012.0,1989-11-21,,,,4
Chris Boswell,PIT,K,11936,weighted,,,,,,,,,,,,,,,,,,,,,,,0.0254721583041847,0.02923896574392,0.354965418894269,0.0841737979744862,0.419693516692853,0.0996767082634891,0.374395874940618,0.100075963470325,0.106779262444052,0.0292536955926088,2.46567872240488,0.528553191510876,,,,,,,,,,,,,,,,,,,,,2014.0,1991-03-16,,,,4
Jason Myers,SEA,K,12437,weighted,,,,,,,,,,,,,,,,,,,,,,,0.0063374048584496,0.0070197243900317,0.435617375320441,0.154031504755861,0.578183657922462,0.114568966235198,0.51429557780631,0.0921354789155585,0.221841207308359,0.0521376164244148,2.38044152184124,0.647777183585561,,,,,,,,,,,,,,,,,,,,,,1991-05-12,,,,4
Aldrick Rosas,NYG,K,13241,weighted,,,,,,,,,,,,,,,,,,,,,,,0.0177046016543035,0.0287785620264525,0.451627956582837,0.0910547759848045,0.521995205960601,0.117548060293311,0.300942969851868,0.107417073840717,0.226777615708093,0.0791430995049624,2.35504409171076,0.591862720787426,,,,,,,,,,,,,,,,,,,,,2016.0,1994-12-30,,,,4
Brett Maher,DAL,K,13909,weighted,,,,,,,,,,,,,,,,,,,,,,,0.0182826883204995,0.0128883358690252,0.562024848802118,0.116968790108825,0.473849533431088,0.14184628968849,0.401476267727712,0.116007678769277,0.230481131925584,0.0513127934889332,2.17479098168154,0.491658397304801,,,,,,,,,,,,,,,,,,,,,2017.0,1970-01-01,,,,4
Brett Maher,NYJ,K,13909,weighted,,,,,,,,,,,,,,,,,,,,,,,0.0182826883204995,0.0128883358690252,0.562024848802118,0.116968790108825,0.473849533431088,0.14184628968849,0.401476267727712,0.116007678769277,0.230481131925584,0.0513127934889332,2.17479098168154,0.491658397304801,,,,,,,,,,,,,,,,,,,,,2017.0,1970-01-01,,,,4
Kaimi Fairbairn,HOU,K,12860,weighted,,,,,,,,,,,,,,,,,,,,,,,0.017735593290032,0.009632811657255,0.551112394627109,0.110633472444114,0.589402385315245,0.0809382521341066,0.476890259249603,0.0895877948916587,0.227687834116041,0.032850337783679,2.37635509628934,0.243530842272751,,,,,,,,,,,,,,,,,,,,,2016.0,1994-01-29,,,,4
Wil Lutz,NO,K,12956,weighted,,,,,,,,,,,,,,,,,,,,,,,0.0286477009232553,0.0189368865854633,0.440195197441159,0.0735685055500421,0.595807706273056,0.0895465770534152,0.519212189780227,0.0667602228775004,0.244392434120596,0.0688357294625411,2.1186989196806,0.31773906392595,,,,,,,,,,,,,,,,,,,,,2016.0,1994-07-07,,,,4
Matt Bryant,ATL,K,6789,weighted,,,,,,,,,,,,,,,,,,,,,,,0.0168731476190341,0.0094756303261781,0.505045242197497,0.155391994999538,0.5747832049206,0.080202308679782,0.465859056015616,0.0592897374378286,0.300489208891202,0.0901669246995802,2.19888680131517,0.361982179657652,,,,,,,,,,,,,,,,,,,,,2002.0,1975-05-29,,,,4
Matt Bryant,FA,K,6789,weighted,,,,,,,,,,,,,,,,,,,,,,,0.0168731476190341,0.0094756303261781,0.505045242197497,0.155391994999538,0.5747832049206,0.080202308679782,0.465859056015616,0.0592897374378286,0.300489208891202,0.0901669246995802,2.19888680131517,0.361982179657652,,,,,,,,,,,,,,,,,,,,,2002.0,1975-05-29,,,,4
Randy Bullock,CIN,K,10862,weighted,,,,,,,,,,,,,,,,,,,,,,,0.028301787220842,0.0274736991321151,0.466699109783574,0.16208831448303,0.559342496847943,0.129923433419775,0.385358567966243,0.0955026233257934,0.117508704340865,0.0639633742646751,1.88516166960611,0.549619237834964,,,,,,,,,,,,,,,,,,,,,2012.0,1989-12-16,,,,4
Mason Crosby,GB,K,8742,weighted,,,,,,,,,,,,,,,,,,,,,,,0.0149969069676133,0.014353943641697,0.437726599345888,0.133665541733589,0.539870433271951,0.0749940305085305,0.634369945025745,0.0517957564110758,0.192628134388665,0.075688130022445,2.03568341944575,0.299594407103955,,,,,,,,,,,,,,,,,,,,,2007.0,1984-09-03,,,,4
Jake Elliott,PHI,K,13303,weighted,,,,,,,,,,,,,,,,,,,,,,,0.0272191074536337,0.0226995817691486,0.486050469484794,0.0905540984321235,0.52200273343134,0.105551913269635,0.49979512422514,0.0943583108771323,0.137634447834547,0.0579460468592637,1.90942696101456,0.335841316032896,,,,,,,,,,,,,,,,,,,,,2017.0,1995-01-21,,,,4
Cairo Santos,TEN,K,11945,weighted,,,,,,,,,,,,,,,,,,,,,,,0.0204093400500586,0.0385953040051281,0.353089145135396,0.10108647105918,0.507667305445132,0.106106444469513,0.351783706077488,0.0797671962350472,0.166629211318346,0.0598430218958348,2.07269253380364,0.372651236049568,,,,,,,,,,,,,,,,,,,,,2014.0,1991-11-12,,,,4
Dan Bailey,MIN,K,10506,weighted,,,,,,,,,,,,,,,,,,,,,,,0.0157637387426978,0.0164534194068989,0.454158529044693,0.146684724403507,0.522369371808442,0.158782599695384,0.336075937696353,0.129032421811937,0.159712852410559,0.0480725470555251,1.70614344503233,0.627395358796802,,,,,,,,,,,,,,,,,,,,,2011.0,1988-01-26,,,,4
Jason Sanders,MIA,K,13832,weighted,,,,,,,,,,,,,,,,,,,,,,,0.009248931704015,0.0099391554338653,0.372032672580727,0.0641390011512662,0.335379775947831,0.160548499401382,0.272363217970355,0.120847604385346,0.137696000933131,0.0494015967529476,1.66438565549677,0.557470664224744,,,,,,,,,,,,,,,,,,,,,2018.0,1995-11-16,,,,4
,,K,nfl_0,weighted,,,,,,,,,,,,,,,,,,,,,,,0.0064853977844914,0.0114684165293143,0.318952668680765,0.129844358558233,0.488559919436052,0.10189015513427,0.396253776435045,0.0941381477880764,0.272849949647533,0.199059150573079,1.79468277945619,0.503495385687811,,,,,,,,,,,,,,,,,,,,,,,,,,4
Matt Gay,TB,K,14244,weighted,,,,,,,,,,,,,,,,,,,,,,,0.0,0.0,0.535841321219984,0.0647129474340679,0.592291200804912,0.103010325381333,0.496155239269597,0.0748256027766406,0.210425666549524,0.0603376441230259,1.96112259276656,0.174061818790769,,,,,,,,,,,,,,,,,,,,,2019.0,1994-03-15,,,,4
Zane Gonzalez,ARI,K,13347,weighted,,,,,,,,,,,,,,,,,,,,,,,0.0086797255312548,0.0064346794650875,0.436784059776324,0.147050561698043,0.415378936681571,0.114851296989125,0.36399750409704,0.0839363927408345,0.133511765072649,0.088744017617251,1.79842179426961,0.317694079436781,,,,,,,,,,,,,,,,,,,,,2017.0,,,,,4
Dustin Hopkins,WAS,K,11387,weighted,,,,,,,,,,,,,,,,,,,,,,,0.0303430971789302,0.0362914321553796,0.416095129290494,0.0739150122665088,0.513771807329081,0.109610557471172,0.560508889353888,0.0960080252995138,0.215679628388002,0.0752623744117688,1.77037037037037,0.186294329645864,,,,,,,,,,,,,,,,,,,,,2013.0,1990-10-01,,,,4
Eddy Pineiro,CHI,K,13719,weighted,,,,,,,,,,,,,,,,,,,,,,,0.0154789910586512,0.0163573963146638,0.426384677407044,0.201009208865372,0.509964571045144,0.114049650647486,0.425640588595249,0.0918611390567122,0.20219693028689,0.0577496087993778,1.79294532627866,0.29281966686645,,,,,,,,,,,,,,,,,,,,,2018.0,1995-09-13,Q,Knee,2019.0,4
Steven Hauschka,BUF,K,9319,weighted,,,,,,,,,,,,,,,,,,,,,,,0.0,0.0,0.332170372729266,0.159817703458659,0.413544122602685,0.0977724693418572,0.362296079127081,0.0649412770093516,0.13869786548102,0.0524996038838529,1.56314520870076,0.330105021223015,,,,,,,,,,,,,,,,,,,,,,,,,,4
Brandon McManus,DEN,K,11947,weighted,,,,,,,,,,,,,,,,,,,,,,,0.0247517607145421,0.0261372713955543,0.420762121632048,0.095462431961009,0.515010900770817,0.121558673229989,0.490894819260772,0.144540258232165,0.172602074717938,0.107654103518748,1.77784405824331,0.218506701470765,,,,,,,,,,,,,,,,,,,,,2014.0,1991-07-25,,,,4
Daniel Carlson,OAK,K,13718,weighted,,,,,,,,,,,,,,,,,,,,,,,0.0151122956631983,0.0163873372552984,0.473357335015626,0.0882632919045659,0.40384851188406,0.197871763985167,0.515903419257225,0.120962010338214,0.208020488310829,0.0847556355739968,1.76216931216931,0.28026979775293,,,,,,,,,,,,,,,,,,,,,2018.0,1995-01-23,,,,4
Daniel Carlson,LVR,K,13718,weighted,,,,,,,,,,,,,,,,,,,,,,,0.0151122956631983,0.0163873372552984,0.473357335015626,0.0882632919045659,0.40384851188406,0.197871763985167,0.515903419257225,0.120962010338214,0.208020488310829,0.0847556355739968,1.76216931216931,0.28026979775293,,,,,,,,,,,,,,,,,,,,,2018.0,1995-01-23,,,,4
Austin Seibert,CLE,K,14258,weighted,,,,,,,,,,,,,,,,,,,,,,,0.0105392684288561,0.017097496524121,0.478094736933263,0.0976100314499074,0.486052183730923,0.101411002869087,0.478306718837334,0.109727983511171,0.122409374026823,0.0503098991844013,1.68256907701352,0.308270804107349,,,,,,,,,,,,,,,,,,,,,2019.0,,,,,4
Josh Lambo,JAC,K,12417,weighted,,,,,,,,,,,,,,,,,,,,,,,0.0170692050765026,0.0207920042036519,0.482049432397832,0.190613747491971,0.696374459774491,0.242732282574176,0.549489382853319,0.195076775112497,0.257957542141079,0.100506214226109,1.39044679600235,0.347178797759508,,,,,,,,,,,,,,,,,,,,,2015.0,1990-11-19,,,,4
Robbie Gould,SF,K,8153,weighted,,,,,,,,,,,,,,,,,,,,,,,0.0,0.0,0.0,0.0,0.0,0.0,0.0,0.0,0.0,0.0,0.0,0.0,,,,,,,,,,,,,,,,,,,,,2005.0,1982-12-06,,,,4
Mike Badgley,LAC,K,13980,weighted,,,,,,,,,,,,,,,,,,,,,,,0.0,0.0,0.0,0.0,0.0,0.0,0.0,0.0,0.0,0.0,0.0,0.0,,,,,,,,,,,,,,,,,,,,,2018.0,1970-01-01,O,Groin,2019.0,4
Buccaneers,TB,DST,0525,weighted,,,,,,,,,,,,,,,,,,,,,,,,,,,,,,,,,,,0.6589258698941,0.132999357509857,2.22320726172466,0.32889983428462,0.0414031770045386,0.0427305663587709,0.126482602118003,0.0189331451114358,0.07,0.0,,,,,,,,,,,,,,,,4
Cardinals,ARI,DST,0519,weighted,,,,,,,,,,,,,,,,,,,,,,,,,,,,,,,,,,,0.480332829046899,0.201110591158808,3.04978819969743,0.48121721239932,0.0185854765506808,0.0284118031072594,0.135791225416036,0.0292522459399638,0.07,0.0,,,,,,,,,,,,,,,,4
Lions,DET,DST,0522,weighted,,,,,,,,,,,,,,,,,,,,,,,,,,,,,,,,,,,0.614428571428571,0.1429784189938,2.06358857142857,0.11709812675952,0.0088542857142857,0.0120041274555485,0.128161142857143,0.0281659374388347,0.06,0.0,,,,,,,,,,,,,,,,4
Dolphins,MIA,DST,0503,weighted,,,,,,,,,,,,,,,,,,,,,,,,,,,,,,,,,,,0.816906202723147,0.151409951479336,1.93083207261725,0.215269628090884,0.0092927382753403,0.0142059015536297,0.15853706505295,0.0293762742072158,0.11,1.60263336315656e-17,,,,,,,,,,,,,,,,4
Raiders,OAK,DST,0513,weighted,,,,,,,,,,,,,,,,,,,,,,,,,,,,,,,,,,,0.65374432677761,0.180668918482737,1.59699697428139,0.891216960361353,0.0092927382753403,0.0142059015536297,0.126346444780635,0.031317560738911,0.09,0.0,,,,,,,,,,,,,,,,4
Raiders,LVR,DST,0513,weighted,,,,,,,,,,,,,,,,,,,,,,,,,,,,,,,,,,,0.65374432677761,0.180668918482737,1.59699697428139,0.891216960361353,0.0092927382753403,0.0142059015536297,0.126346444780635,0.031317560738911,0.09,0.0,,,,,,,,,,,,,,,,4
Commanders,WAS,DST,0520,weighted,,,,,,,,,,,,,,,,,,,,,,,,,,,,,,,,,,,0.941482602118003,0.261830793286427,2.77661875945537,0.278532592936746,0.0092927382753403,0.0142059015536297,0.128164901664145,0.0665617951909555,0.08,0.0,,,,,,,,,,,,,,,,4
Browns,CLE,DST,0507,weighted,,,,,,,,,,,,,,,,,,,,,,,,,,,,,,,,,,,0.720731428571429,0.0762384220089135,2.44330285714286,0.264111131547233,0.0176742857142857,0.0123395254407961,0.108381714285714,0.0628419887962835,0.08,0.0,,,,,,,,,,,,,,,,4
Panthers,CAR,DST,0527,weighted,,,,,,,,,,,,,,,,,,,,,,,,,,,,,,,,,,,0.828774583963691,0.0661277101219334,3.3435930408472,0.330835681970797,0.04321482602118,0.0416786018808063,0.12156278366112,0.0751835908748975,0.08,0.0,,,,,,,,,,,,,,,,4
Bengals,CIN,DST,0506,weighted,,,,,,,,,,,,,,,,,,,,,,,,,,,,,,,,,,,0.892511346444781,0.168302090167641,1.87605900151286,0.686869110417346,0.0092927382753403,0.0142059015536297,0.172183055975794,0.0205822924413215,0.11,1.60263336315656e-17,,,,,,,,,,,,,,,,4
Bills,BUF,DST,0501,weighted,,,,,,,,,,,,,,,,,,,,,,,,,,,,,,,,,,,0.703702857142857,0.152055997420785,1.59248,0.252691141190246,0.0088542857142857,0.0120041274555485,0.109717714285714,0.0647107067652377,0.06,0.0,,,,,,,,,,,,,,,,4
Saints,NO,DST,0529,weighted,,,,,,,,,,,,,,,,,,,,,,,,,,,,,,,,,,,0.705822857142857,0.118314197943963,2.70181142857143,0.11965239751493,0.0147571428571429,0.0200068790925808,0.158460571428571,0.0415936200668929,0.07,0.0,,,,,,,,,,,,,,,,4
Eagles,PHI,DST,0518,weighted,,,,,,,,,,,,,,,,,,,,,,,,,,,,,,,,,,,0.559514285714286,0.189373491671823,2.38098285714286,0.373943733546318,0.0118057142857143,0.0160055032740647,0.107636571428571,0.0654163766883152,0.09,0.0,,,,,,,,,,,,,,,,4
Falcons,ATL,DST,0526,weighted,,,,,,,,,,,,,,,,,,,,,,,,,,,,,,,,,,,0.774137670196672,0.0562960962287212,2.98138426626324,0.54928125098322,0.0584901664145234,0.0422670458629614,0.144459909228442,0.0408777667975205,0.08,0.0,,,,,,,,,,,,,,,,4
Chiefs,KC,DST,0512,weighted,,,,,,,,,,,,,,,,,,,,,,,,,,,,,,,,,,,0.87076,0.0984526784286561,2.48785714285714,0.188729831854335,0.0088542857142857,0.0120041274555485,0.172433142857143,0.0451467967751178,0.08,0.0,,,,,,,,,,,,,,,,4
Titans,TEN,DST,0508,weighted,,,,,,,,,,,,,,,,,,,,,,,,,,,,,,,,,,,0.803862857142857,0.104376742517488,2.37892571428571,0.164985835441624,0.0382542857142857,0.0358882137872745,0.151313142857143,0.0375362487418288,0.07,0.0,,,,,,,,,,,,,,,,4
Jaguars,JAC,DST,0509,weighted,,,,,,,,,,,,,,,,,,,,,,,,,,,,,,,,,,,0.838771428571429,0.215810126543056,2.85952571428571,0.648006101148118,0.0191028571428571,0.0181061660373234,0.165356571428571,0.0399080867080032,0.1,0.0,,,,,,,,,,,,,,,,4
Vikings,MIN,DST,0524,weighted,,,,,,,,,,,,,,,,,,,,,,,,,,,,,,,,,,,0.909588571428571,0.113661249041405,2.76545714285714,0.348513056690548,0.0508457142857143,0.038970516605213,0.136740571428571,0.0525813126399843,0.07,0.0,,,,,,,,,,,,,,,,4
Cowboys,DAL,DST,0516,weighted,,,,,,,,,,,,,,,,,,,,,,,,,,,,,,,,,,,0.62572,0.194351665397633,2.07894285714286,0.717977897039204,0.0088542857142857,0.0120041274555485,0.128510857142857,0.049549181462274,0.06,0.0,,,,,,,,,,,,,,,,4
Giants,NYG,DST,0517,weighted,,,,,,,,,,,,,,,,,,,,,,,,,,,,,,,,,,,0.939924357034796,0.137403462911959,2.24715582450832,0.239215708443059,0.0092927382753403,0.0142059015536297,0.177981845688351,0.019800093654029,0.09,0.0,,,,,,,,,,,,,,,,4
Rams,LAR,DST,0528,weighted,,,,,,,,,,,,,,,,,,,,,,,,,,,,,,,,,,,1.22666285714286,0.213991907947058,2.74219428571429,0.179055917481916,0.0273028571428571,0.0223818078775922,0.210988571428571,0.0480757527368732,0.09,0.0,,,,,,,,,,,,,,,,4
Packers,GB,DST,0523,weighted,,,,,,,,,,,,,,,,,,,,,,,,,,,,,,,,,,,0.917737142857143,0.252419325866371,2.75798857142857,0.309331134375886,0.0082114285714285,0.0121232677329886,0.135052571428571,0.0737540144231892,0.08,0.0,,,,,,,,,,,,,,,,4
Texans,HOU,DST,0532,weighted,,,,,,,,,,,,,,,,,,,,,,,,,,,,,,,,,,,0.934542857142857,0.12769313069842,2.46764571428571,0.130845418380133,0.0082114285714285,0.0121232677329886,0.168952,0.0497909679384396,0.09,0.0,,,,,,,,,,,,,,,,4
Seahawks,SEA,DST,0515,weighted,,,,,,,,,,,,,,,,,,,,,,,,,,,,,,,,,,,0.960308571428571,0.248196357481636,3.18511428571429,0.468318689258228,0.0118057142857143,0.0160055032740647,0.182947428571429,0.0502815556605384,0.08,0.0,,,,,,,,,,,,,,,,4
Steelers,PIT,DST,0510,weighted,,,,,,,,,,,,,,,,,,,,,,,,,,,,,,,,,,,0.849379727685325,0.172550941099419,2.94701210287443,0.364352727515057,0.0267065052950076,0.022577972717516,0.151234493192133,0.0712988475990055,0.11,1.60263336315656e-17,,,,,,,,,,,,,,,,4
Colts,IND,DST,0502,weighted,,,,,,,,,,,,,,,,,,,,,,,,,,,,,,,,,,,0.826883509833585,0.188545387684848,2.80594553706505,0.239243037831827,0.0119031770045386,0.0190488249378258,0.15354462934947,0.054487369140324,0.09,0.0,,,,,,,,,,,,,,,,4
Ravens,BAL,DST,0531,weighted,,,,,,,,,,,,,,,,,,,,,,,,,,,,,,,,,,,1.06721142857143,0.274148496146407,2.36322857142857,0.197038329940108,0.0109485714285714,0.0161643569773181,0.202969142857143,0.0294358253999419,0.08,0.0,,,,,,,,,,,,,,,,4
Bears,CHI,DST,0521,weighted,,,,,,,,,,,,,,,,,,,,,,,,,,,,,,,,,,,0.864634285714286,0.255557334360004,2.38655428571429,0.332470917394091,0.02184,0.0183691008915671,0.164626285714286,0.0478206391858548,0.06,0.0,,,,,,,,,,,,,,,,4
Broncos,DEN,DST,0511,weighted,,,,,,,,,,,,,,,,,,,,,,,,,,,,,,,,,,,0.824297142857143,0.114274864046744,2.41100571428571,0.261405937307778,0.0167828571428571,0.0149089523578182,0.141412571428571,0.0723309065240394,0.08,0.0,,,,,,,,,,,,,,,,4
Patriots,NE,DST,0504,weighted,,,,,,,,,,,,,,,,,,,,,,,,,,,,,,,,,,,1.13828571428571,0.187256182534444,2.59502857142857,0.246386299219278,0.01952,0.017909294463354,0.241032,0.0918017249972517,0.11,0.0,,,,,,,,,,,,,,,,4
Chargers,LAC,DST,0514,weighted,,,,,,,,,,,,,,,,,,,,,,,,,,,,,,,,,,,1.06366285714286,0.200633532748889,3.14537714285714,0.261137250591231,0.0109485714285714,0.0161643569773181,0.223762285714286,0.0359203343769998,0.07,0.0,,,,,,,,,,,,,,,,4
Danielle Hunter,MIN,DL,12221,weighted,,,,,,,,,,,,,,,,,,,,,,,,,,,,,,,,,,,,,,,,,,,,,3.45790659080133,0.837881156232916,0.875870080606923,0.131056232806049,0.0,0.0,0.0463537221431958,0.0499153948089117,,,2015.0,1994-10-29,,,,4
Calais Campbell,JAC,DL,9051,weighted,,,,,,,,,,,,,,,,,,,,,,,,,,,,,,,,,,,,,,,,,,,,,3.52599573257468,0.614242864543544,0.706062114746325,0.0946150901370433,0.0,0.0,0.0901351351351351,0.0208060607893746,,,2008.0,1986-09-01,,,,4
Calais Campbell,BAL,DL,9051,weighted,,,,,,,,,,,,,,,,,,,,,,,,,,,,,,,,,,,,,,,,,,,,,3.52599573257468,0.614242864543544,0.706062114746325,0.0946150901370433,0.0,0.0,0.0901351351351351,0.0208060607893746,,,2008.0,1986-09-01,,,,4
Joey Bosa,LAC,DL,12686,weighted,,,,,,,,,,,,,,,,,,,,,,,,,,,,,,,,,,,,,,,,,,,,,3.20986960644855,0.531530446835834,0.67927453769559,0.119039000580423,0.0,0.0,0.0598862019914652,0.0208862637477069,,,2016.0,1995-07-11,,,,4
AShawn Robinson,DET,DL,12697,weighted,,,,,,,,,,,,,,,,,,,,,,,,,,,,,,,,,,,,,,,,,,,,,2.65308793456033,1.1229963760793,0.116390593047035,0.0776072275325377,0.0,0.0,0.0333537832310839,0.0306280007816468,,,2016.0,1995-03-21,,,,4
AShawn Robinson,LAR,DL,12697,weighted,,,,,,,,,,,,,,,,,,,,,,,,,,,,,,,,,,,,,,,,,,,,,2.65308793456033,1.1229963760793,0.116390593047035,0.0776072275325377,0.0,0.0,0.0333537832310839,0.0306280007816468,,,2016.0,1995-03-21,,,,4
Sam Hubbard,CIN,DL,13684,weighted,,,,,,,,,,,,,,,,,,,,,,,,,,,,,,,,,,,,,,,,,,,,,2.8920245398773,0.964591466773076,0.485736196319018,0.18460962780362,0.0067280163599182,0.0115735321390712,0.0834253578732106,0.0352305737291161,,,2018.0,,,,,4
Aaron Donald,LAR,DL,11757,weighted,,,,,,,,,,,,,,,,,,,,,,,,,,,,,,,,,,,,,,,,,,,,,2.82238501659554,0.659858402606591,1.0096586059744,0.0829042967573649,0.0199288762446657,0.0157315960074485,0.0898435277382646,0.0283384893696393,,,2014.0,1991-05-23,,,,4
Myles Garrett,CLE,DL,13198,weighted,,,,,,,,,,,,,,,,,,,,,,,,,,,,,,,,,,,,,,,,,,,,,2.63215030820294,0.695512272632423,0.952593646277857,0.174147982060658,0.0133191085822665,0.0091106977650773,0.136702228544334,0.0277675482185635,,,2017.0,1995-12-29,,,,4
Cameron Jordan,NO,DL,10292,weighted,,,,,,,,,,,,,,,,,,,,,,,,,,,,,,,,,,,,,,,,,,,,,2.85343053579896,0.499444121286936,0.59384542437174,0.0960576300694048,0.0133191085822665,0.0091106977650773,0.260398293029872,0.103227720966145,,,2011.0,1989-07-10,,,,4
Chandler Jones,ARI,DL,10753,weighted,,,,,,,,,,,,,,,,,,,,,,,,,,,,,,,,,,,,,,,,,,,,,2.99387096774194,0.806101730552664,0.749569892473118,0.0565685424949239,0.0301075268817204,0.014142135623731,0.270752688172043,0.0989949493661167,,,2012.0,1990-02-27,,,,4
Everson Griffen,MIN,DL,9828,weighted,,,,,,,,,,,,,,,,,,,,,,,,,,,,,,,,,,,,,,,,,,,,,2.54896633475581,0.68641149974772,0.575862968231389,0.125371763782324,0.0100640113798009,0.0136867804647421,0.110391180654339,0.0701504637610499,,,2010.0,1987-12-22,,,,4
Everson Griffen,FA,DL,9828,weighted,,,,,,,,,,,,,,,,,,,,,,,,,,,,,,,,,,,,,,,,,,,,,2.54896633475581,0.68641149974772,0.575862968231389,0.125371763782324,0.0100640113798009,0.0136867804647421,0.110391180654339,0.0701504637610499,,,2010.0,1987-12-22,,,,4
Linval Joseph,MIN,DL,9904,weighted,,,,,,,,,,,,,,,,,,,,,,,,,,,,,,,,,,,,,,,,,,,,,2.73154396728016,0.694197444691702,0.216462167689162,0.0287783234070843,0.0,0.0,0.0298466257668712,0.0299309227777016,,,2010.0,1988-10-10,,,,4
Linval Joseph,LAC,DL,9904,weighted,,,,,,,,,,,,,,,,,,,,,,,,,,,,,,,,,,,,,,,,,,,,,2.73154396728016,0.694197444691702,0.216462167689162,0.0287783234070843,0.0,0.0,0.0298466257668712,0.0299309227777016,,,2010.0,1988-10-10,,,,4
Cameron Heyward,PIT,DL,10266,weighted,,,,,,,,,,,,,,,,,,,,,,,,,,,,,,,,,,,,,,,,,,,,,2.50205784732101,0.707912575752492,0.439964438122333,0.0440126345236328,0.0033546704599336,0.004562260154914,0.262344713134187,0.151770920711981,,,2011.0,1989-05-06,,,,4
Olivier Vernon,CLE,DL,10815,weighted,,,,,,,,,,,,,,,,,,,,,,,,,,,,,,,,,,,,,,,,,,,,,2.34193693693694,0.802292708816767,0.403696064485538,0.103208654465621,0.0165742057847321,0.0163602474016297,0.106666666666667,0.032893612059146,,,2012.0,1990-10-07,,,,4
Demarcus Lawrence,DAL,DL,11769,weighted,,,,,,,,,,,,,,,,,,,,,,,,,,,,,,,,,,,,,,,,,,,,,2.43932906590801,0.716213727867118,0.473311996206733,0.0198962926600966,0.0150533428165007,0.0117986970055864,0.0731341868183973,0.0317643421511257,,,2014.0,1992-04-28,,,,4
Denico Autry,IND,DL,12083,weighted,,,,,,,,,,,,,,,,,,,,,,,,,,,,,,,,,,,,,,,,,,,,,2.50411042944785,0.813882317286401,0.78560327198364,0.149647281716838,0.0099488752556237,0.0099769742592338,0.147096114519427,0.0810147249734983,,,,,,,,4
Grady Jarrett,ATL,DL,12305,weighted,,,,,,,,,,,,,,,,,,,,,,,,,,,,,,,,,,,,,,,,,,,,,2.45447852760736,0.847945639827151,0.433568507157464,0.0494619973971819,0.0099488752556237,0.0099769742592338,0.0198977505112474,0.0199539485184677,,,2015.0,1993-04-28,,,,4
Montez Sweat,WAS,DL,14148,weighted,,,,,,,,,,,,,,,,,,,,,,,,,,,,,,,,,,,,,,,,,,,,,2.77311827956989,0.905096679918781,0.250215053763441,0.0282842712474619,0.02,0.0,0.0606451612903226,0.0848528137423857,,,2019.0,1996-09-04,,,,4
Corey Peters,ARI,DL,9919,weighted,,,,,,,,,,,,,,,,,,,,,,,,,,,,,,,,,,,,,,,,,,,,,2.93968302658487,0.608088415916692,0.407177914110429,0.170039600690698,0.0033640081799591,0.0057867660695355,0.0802453987730061,0.0345339880885012,,,2010.0,1988-06-08,,,,4
Trey Flowers,DET,DL,12222,weighted,,,,,,,,,,,,,,,,,,,,,,,,,,,,,,,,,,,,,,,,,,,,,2.64672830725462,0.502294237828227,0.397093409198672,0.0669859315556202,0.0033546704599336,0.004562260154914,0.0833688952110005,0.0120812386607674,,,2015.0,1993-08-16,,,,4
J.J. Watt,HOU,DL,10272,weighted,,,,,,,,,,,,,,,,,,,,,,,,,,,,,,,,,,,,,,,,,,,,,2.56333807491702,0.526645854537395,0.879473684210526,0.0878106605776447,0.0133191085822665,0.0091106977650773,0.267050734945472,0.0595324003861917,,,2011.0,1989-03-22,,,,4
Carlos Dunlap,CIN,DL,9825,weighted,,,,,,,,,,,,,,,,,,,,,,,,,,,,,,,,,,,,,,,,,,,,,2.41674253200569,0.628318405933788,0.406602655286866,0.0733587175735752,0.0233546704599336,0.004562260154914,0.256389284020863,0.0593093820138823,,,2010.0,1989-02-28,,,,4
Chris Jones,KC,DL,12741,weighted,,,,,,,,,,,,,,,,,,,,,,,,,,,,,,,,,,,,,,,,,,,,,2.4813556174559,0.749791113342414,0.699535747446611,0.0955147915085878,0.0349767873723306,0.0047757395754293,0.290046425255339,0.0095514791508587,,,2016.0,1994-07-03,,,,4
Clelin Ferrell,OAK,DL,14151,weighted,,,,,,,,,,,,,,,,,,,,,,,,,,,,,,,,,,,,,,,,,,,,,2.46523517382413,0.694117487618365,0.347034764826176,0.060919582409217,0.0067280163599182,0.0115735321390712,0.243466257668712,0.136701087768459,,,2019.0,1997-05-17,,,,4
Clelin Ferrell,LVR,DL,14151,weighted,,,,,,,,,,,,,,,,,,,,,,,,,,,,,,,,,,,,,,,,,,,,,2.46523517382413,0.694117487618365,0.347034764826176,0.060919582409217,0.0067280163599182,0.0115735321390712,0.243466257668712,0.136701087768459,,,2019.0,1997-05-17,,,,4
Damon Harrison,DET,DL,11045,weighted,,,,,,,,,,,,,,,,,,,,,,,,,,,,,,,,,,,,,,,,,,,,,2.47694167852063,0.551516859376846,0.243468468468468,0.0404131724177903,0.0199288762446657,0.0157315960074485,0.259601706970128,0.129473972592714,,,2012.0,1988-11-29,,,,4
Damon Harrison,FA,DL,11045,weighted,,,,,,,,,,,,,,,,,,,,,,,,,,,,,,,,,,,,,,,,,,,,,2.47694167852063,0.551516859376846,0.243468468468468,0.0404131724177903,0.0199288762446657,0.0157315960074485,0.259601706970128,0.129473972592714,,,2012.0,1988-11-29,,,,4
Stephon Tuitt,PIT,DL,11707,weighted,,,,,,,,,,,,,,,,,,,,,,,,,,,,,,,,,,,,,,,,,,,,,2.48481595092025,0.708269680474073,0.645235173824131,0.19386524899479,0.0,0.0,0.176308793456033,0.0586774781120423,,,2014.0,1993-05-23,,,,4
Markus Golden,NYG,DL,12278,weighted,,,,,,,,,,,,,,,,,,,,,,,,,,,,,,,,,,,,,,,,,,,,,3.11376344086022,0.162634559672906,0.458387096774194,0.212132034355964,0.0151612903225806,0.0212132034355964,0.120860215053763,0.113137084989848,,,,,,,,4
Dean Lowry,GB,DL,12791,weighted,,,,,,,,,,,,,,,,,,,,,,,,,,,,,,,,,,,,,,,,,,,,,2.46553169734151,0.630256464552242,0.173946830265849,0.083073150384787,0.0100920245398773,0.0173602982086068,0.26678936605317,0.0305105673416306,,,2016.0,,,,,4
Brandon Mebane,LAC,DL,8721,weighted,,,,,,,,,,,,,,,,,,,,,,,,,,,,,,,,,,,,,,,,,,,,,2.07744376278119,0.940083294800883,0.142443762781186,0.120669442207121,0.0033640081799591,0.0057867660695355,0.11700408997955,0.116273169710432,,,2007.0,1985-01-15,,,,4
Brandon Mebane,FA,DL,8721,weighted,,,,,,,,,,,,,,,,,,,,,,,,,,,,,,,,,,,,,,,,,,,,,2.07744376278119,0.940083294800883,0.142443762781186,0.120669442207121,0.0033640081799591,0.0057867660695355,0.11700408997955,0.116273169710432,,,2007.0,1985-01-15,,,,4
Kenny Clark,GB,DL,12739,weighted,,,,,,,,,,,,,,,,,,,,,,,,,,,,,,,,,,,,,,,,,,,,,2.35408487434803,0.640606303490978,0.449715504978663,0.104250140363395,0.0033546704599336,0.004562260154914,0.170106685633001,0.0235973940111727,,,2016.0,1995-10-04,,,,4
Oshane Ximines,NYG,DL,14220,weighted,,,,,,,,,,,,,,,,,,,,,,,,,,,,,,,,,,,,,,,,,,,,,2.19271341463415,1.25865007051205,0.235106707317073,0.0494974746830583,0.010030487804878,0.014142135623731,0.0802439024390244,0.113137084989848,,,2019.0,1970-01-01,,,,4
Frank Clark,KC,DL,12280,weighted,,,,,,,,,,,,,,,,,,,,,,,,,,,,,,,,,,,,,,,,,,,,,2.29692745376956,0.5257734793718,0.692892366050261,0.0710746743062584,0.0468231389284021,0.0396129115649975,0.179871977240398,0.0273735609294842,,,2015.0,1993-06-14,,,,4
Larry Ogunjobi,CLE,DL,13265,weighted,,,,,,,,,,,,,,,,,,,,,,,,,,,,,,,,,,,,,,,,,,,,,2.46668711656442,0.466208839194765,0.393200408997955,0.0208373139974252,0.0033640081799591,0.0057867660695355,0.0531083844580777,0.0502450685325976,,,2017.0,1994-06-03,,,,4
Dante Fowler,LAR,DL,12217,weighted,,,,,,,,,,,,,,,,,,,,,,,,,,,,,,,,,,,,,,,,,,,,,2.88924731182796,0.0989949493661167,0.495161290322581,0.0212132034355964,0.02,0.0,0.2,0.0,,,,1994-08-03,,,,4
Dante Fowler,ATL,DL,12217,weighted,,,,,,,,,,,,,,,,,,,,,,,,,,,,,,,,,,,,,,,,,,,,,2.88924731182796,0.0989949493661167,0.495161290322581,0.0212132034355964,0.02,0.0,0.2,0.0,,,,1994-08-03,,,,4
Carl Nassib,TB,DL,12753,weighted,,,,,,,,,,,,,,,,,,,,,,,,,,,,,,,,,,,,,,,,,,,,,2.23266871165644,0.597437554354935,0.472924335378323,0.151429011145886,0.0067280163599182,0.0115735321390712,0.0771267893660532,0.0738009580087414,,,2016.0,1993-04-12,,,,4
Carl Nassib,LVR,DL,12753,weighted,,,,,,,,,,,,,,,,,,,,,,,,,,,,,,,,,,,,,,,,,,,,,2.23266871165644,0.597437554354935,0.472924335378323,0.151429011145886,0.0067280163599182,0.0115735321390712,0.0771267893660532,0.0738009580087414,,,2016.0,1993-04-12,,,,4
D.J. Reader,HOU,DL,12802,weighted,,,,,,,,,,,,,,,,,,,,,,,,,,,,,,,,,,,,,,,,,,,,,2.01113496932515,0.754431459652662,0.279028629856851,0.141066850061201,0.0,0.0,0.0906646216768916,0.130320037250237,,,2016.0,1994-07-01,,,,4
D.J. Reader,CIN,DL,12802,weighted,,,,,,,,,,,,,,,,,,,,,,,,,,,,,,,,,,,,,,,,,,,,,2.01113496932515,0.754431459652662,0.279028629856851,0.141066850061201,0.0,0.0,0.0906646216768916,0.130320037250237,,,2016.0,1994-07-01,,,,4
Derek Barnett,PHI,DL,13201,weighted,,,,,,,,,,,,,,,,,,,,,,,,,,,,,,,,,,,,,,,,,,,,,2.12551124744376,0.649762129980766,0.430276073619632,0.0520808946258203,0.0,0.0,0.0697648261758691,0.0555939496025198,,,2017.0,1996-06-25,,,,4
Shelby Harris,DEN,DL,11872,weighted,,,,,,,,,,,,,,,,,,,,,,,,,,,,,,,,,,,,,,,,,,,,,2.42629573170732,0.601040764008565,0.150243902439024,0.113137084989848,0.03,0.0,0.130091463414634,0.0424264068711929,,,2014.0,1991-08-11,,,,4
Geno Atkins,CIN,DL,9868,weighted,,,,,,,,,,,,,,,,,,,,,,,,,,,,,,,,,,,,,,,,,,,,,2.09258691206544,0.59243348336324,0.495552147239264,0.158351449909497,0.0,0.0,0.0,0.0,,,2010.0,1988-03-28,,,,4
Yannick Ngakoue,JAC,DL,12756,weighted,,,,,,,,,,,,,,,,,,,,,,,,,,,,,,,,,,,,,,,,,,,,,2.1190899795501,0.576814468773574,0.493558282208589,0.0304929313196955,0.0099488752556237,0.0099769742592338,0.093558282208589,0.0304929313196955,,,2016.0,1995-03-31,,,,4
Deatrich Wise,NE,DL,13296,weighted,,,,,,,,,,,,,,,,,,,,,,,,,,,,,,,,,,,,,,,,,,,,,1.66026584867076,0.983647005562063,0.30521472392638,0.201715368554498,0.0099488752556237,0.0099769742592338,0.0397955010224949,0.0399078970369354,,,2017.0,1994-07-26,,,,4
Jurrell Casey,TEN,DL,10335,weighted,,,,,,,,,,,,,,,,,,,,,,,,,,,,,,,,,,,,,,,,,,,,,2.39053505535055,0.277482836608912,0.350092250922509,0.047841868380847,0.0100184501845018,0.0095683736761693,0.0349723247232472,0.0143525605142541,,,2011.0,1989-12-05,,,,4
Jurrell Casey,DEN,DL,10335,weighted,,,,,,,,,,,,,,,,,,,,,,,,,,,,,,,,,,,,,,,,,,,,,2.39053505535055,0.277482836608912,0.350092250922509,0.047841868380847,0.0100184501845018,0.0095683736761693,0.0349723247232472,0.0143525605142541,,,2011.0,1989-12-05,,,,4
Akiem Hicks,CHI,DL,10823,weighted,,,,,,,,,,,,,,,,,,,,,,,,,,,,,,,,,,,,,,,,,,,,,2.20139165481271,0.328407627219722,0.406460407776197,0.0318107679119257,0.0231839734471313,0.0252621251707478,0.196488857278331,0.0670289337711417,,,2012.0,1989-11-16,Q,Knee,2019.0,4
Da'Ron Payne,WAS,DL,13723,weighted,,,,,,,,,,,,,,,,,,,,,,,,,,,,,,,,,,,,,,,,,,,,,2.06170731707317,0.791959594928933,0.275228658536585,0.106066017177982,0.0200609756097561,0.0282842712474619,0.210030487804878,0.0141421356237309,,,2018.0,1997-05-27,,,,4
Melvin Ingram,LAC,DL,10749,weighted,,,,,,,,,,,,,,,,,,,,,,,,,,,,,,,,,,,,,,,,,,,,,2.48478782287823,0.110036297275948,0.460110701107011,0.0574102420570163,0.0249907749077491,0.0047841868380846,0.169944649446494,0.0287051210285082,,,2012.0,1989-04-26,,,,4
Michael Brockers,LAR,DL,10763,weighted,,,,,,,,,,,,,,,,,,,,,,,,,,,,,,,,,,,,,,,,,,,,,2.38054878048781,0.254558441227157,0.2,0.0,0.0150457317073171,0.0212132034355964,0.130091463414634,0.0424264068711929,,,2012.0,1990-12-21,,,,4
Matt Ioannidis,WAS,DL,12797,weighted,,,,,,,,,,,,,,,,,,,,,,,,,,,,,,,,,,,,,,,,,,,,,2.32568597560976,0.318198051533946,0.405015243902439,0.0070710678118654,0.010030487804878,0.014142135623731,0.07,0.0,,,2016.0,1994-01-11,,,,4
Fletcher Cox,PHI,DL,10762,weighted,,,,,,,,,,,,,,,,,,,,,,,,,,,,,,,,,,,,,,,,,,,,,1.9476600284495,0.391279652433765,0.472956377430062,0.0686703962034657,0.0099644381223328,0.0078657980037242,0.149580369843528,0.0824616310734613,,,2012.0,1990-12-13,,,,4
Rodney Gunter,ARI,DL,12298,weighted,,,,,,,,,,,,,,,,,,,,,,,,,,,,,,,,,,,,,,,,,,,,,2.27932926829268,0.311126983722081,0.275228658536585,0.106066017177982,0.005015243902439,0.0070710678118654,0.1,0.0,,,,,,,,4
Rodney Gunter,JAC,DL,12298,weighted,,,,,,,,,,,,,,,,,,,,,,,,,,,,,,,,,,,,,,,,,,,,,2.27932926829268,0.311126983722081,0.275228658536585,0.106066017177982,0.005015243902439,0.0070710678118654,0.1,0.0,,,,,,,,4
Zach Allen,ARI,DL,14153,weighted,,,,,,,,,,,,,,,,,,,,,,,,,,,,,,,,,,,,,,,,,,,,,2.08373475609756,0.586898628384834,0.269908536585366,0.0424264068711929,0.005015243902439,0.0070710678118654,0.100121951219512,0.0565685424949238,,,2019.0,1997-08-20,,,,4
Michael Bennett,NE,DL,9749,weighted,,,,,,,,,,,,,,,,,,,,,,,,,,,,,,,,,,,,,,,,,,,,,1.75242331288344,0.631553446025891,0.563200408997955,0.05508726198676,0.0,0.0,0.0300511247443763,0.0099769742592338,,,2009.0,1985-11-13,,,,4
Michael Bennett,FA,DL,9749,weighted,,,,,,,,,,,,,,,,,,,,,,,,,,,,,,,,,,,,,,,,,,,,,1.75242331288344,0.631553446025891,0.563200408997955,0.05508726198676,0.0,0.0,0.0300511247443763,0.0099769742592338,,,2009.0,1985-11-13,,,,4
Justin Houston,IND,DL,10277,weighted,,,,,,,,,,,,,,,,,,,,,,,,,,,,,,,,,,,,,,,,,,,,,2.1345110701107,0.253561902418489,0.589981549815498,0.0095683736761694,0.02,0.0,0.0850461254612546,0.0239209341904235,,,2011.0,1989-01-21,,,,4
Takkarist McKinley,ATL,DL,13205,weighted,,,,,,,,,,,,,,,,,,,,,,,,,,,,,,,,,,,,,,,,,,,,,1.75609406952965,0.53770867806025,0.475869120654397,0.115532018859321,0.0,0.0,0.0569836400817996,0.051159430198903,,,2017.0,1995-11-02,,,,4
Ndamukong Suh,TB,DL,9815,weighted,,,,,,,,,,,,,,,,,,,,,,,,,,,,,,,,,,,,,,,,,,,,,2.08051660516605,0.267914462932743,0.260110701107011,0.0574102420570163,0.0150276752767528,0.0143525605142541,0.164935424354244,0.0334893078665929,,,2010.0,1987-01-06,,,,4
Cameron Wake,TEN,DL,9425,weighted,,,,,,,,,,,,,,,,,,,,,,,,,,,,,,,,,,,,,,,,,,,,,1.67774193548387,0.954594154601839,0.503440860215054,0.205060966544099,0.02,0.0,0.1,0.0,,,2009.0,1982-01-30,,,,4
Cameron Wake,FA,DL,9425,weighted,,,,,,,,,,,,,,,,,,,,,,,,,,,,,,,,,,,,,,,,,,,,,1.67774193548387,0.954594154601839,0.503440860215054,0.205060966544099,0.02,0.0,0.1,0.0,,,2009.0,1982-01-30,,,,4
Sheldon Richardson,CLE,DL,11283,weighted,,,,,,,,,,,,,,,,,,,,,,,,,,,,,,,,,,,,,,,,,,,,,2.09467987804878,0.148492424049175,0.165289634146341,0.134350288425444,0.005015243902439,0.0070710678118654,0.0749237804878049,0.0353553390593274,,,2013.0,1990-11-30,,,,4
Jadeveon Clowney,SEA,DL,11706,weighted,,,,,,,,,,,,,,,,,,,,,,,,,,,,,,,,,,,,,,,,,,,,,2.2,0.0,0.8,1.58433283425795e-16,0.02,0.0,0.4,7.92166417128973e-17,,,2014.0,1993-02-14,,,,4
Jadeveon Clowney,FA,DL,11706,weighted,,,,,,,,,,,,,,,,,,,,,,,,,,,,,,,,,,,,,,,,,,,,,2.2,0.0,0.8,1.58433283425795e-16,0.02,0.0,0.4,7.92166417128973e-17,,,2014.0,1993-02-14,,,,4
Jonathan Allen,WAS,DL,13208,weighted,,,,,,,,,,,,,,,,,,,,,,,,,,,,,,,,,,,,,,,,,,,,,2.05516768292683,0.0777817459305201,0.345137195121951,0.0636396103067893,0.0,0.0,0.02,0.0,,,2017.0,1995-01-16,,,,4
Brandon Graham,PHI,DL,9826,weighted,,,,,,,,,,,,,,,,,,,,,,,,,,,,,,,,,,,,,,,,,,,,,1.90440548780488,0.275771644662754,0.385259146341463,0.120208152801713,0.005015243902439,0.0070710678118654,0.125076219512195,0.0353553390593274,,,2010.0,1988-04-03,,,,4
Charles Harris,MIA,DL,13204,weighted,,,,,,,,,,,,,,,,,,,,,,,,,,,,,,,,,,,,,,,,,,,,,1.84574695121951,0.346482322781408,0.274923780487805,0.0353553390593274,0.0150457317073171,0.0212132034355964,0.0801524390243902,0.0707106781186548,,,2017.0,,,,,4
Charles Harris,ATL,DL,13204,weighted,,,,,,,,,,,,,,,,,,,,,,,,,,,,,,,,,,,,,,,,,,,,,1.84574695121951,0.346482322781408,0.274923780487805,0.0353553390593274,0.0150457317073171,0.0212132034355964,0.0801524390243902,0.0707106781186548,,,2017.0,,,,,4
Tyler Lancaster,GB,DL,13989,weighted,,,,,,,,,,,,,,,,,,,,,,,,,,,,,,,,,,,,,,,,,,,,,1.62629573170732,0.601040764008565,0.0451371951219512,0.0636396103067893,0.005015243902439,0.0070710678118654,0.0300914634146341,0.0424264068711929,,,2018.0,1970-01-01,,,,4
Johnathan Hankins,OAK,DL,11281,weighted,,,,,,,,,,,,,,,,,,,,,,,,,,,,,,,,,,,,,,,,,,,,,1.91033536585366,0.15556349186104,0.0802439024390244,0.113137084989848,0.0150457317073171,0.0212132034355964,0.1,0.0,,,2013.0,1992-01-01,,,,4
Johnathan Hankins,LVR,DL,11281,weighted,,,,,,,,,,,,,,,,,,,,,,,,,,,,,,,,,,,,,,,,,,,,,1.91033536585366,0.15556349186104,0.0802439024390244,0.113137084989848,0.0150457317073171,0.0212132034355964,0.1,0.0,,,2013.0,1992-01-01,,,,4
Al-Quadin Muhammad,IND,DL,13330,weighted,,,,,,,,,,,,,,,,,,,,,,,,,,,,,,,,,,,,,,,,,,,,,1.5015243902439,0.707106781186548,0.195289634146341,0.134350288425444,0.010030487804878,0.014142135623731,0.10015243902439,0.0707106781186548,,,2017.0,1995-03-28,,,,4
Marcus Davenport,NO,DL,13688,weighted,,,,,,,,,,,,,,,,,,,,,,,,,,,,,,,,,,,,,,,,,,,,,1.87513837638376,0.0717628025712704,0.445083025830258,0.0430576815427622,0.0050092250922509,0.0047841868380847,0.0750276752767528,0.0143525605142541,,,2018.0,1996-09-04,,,,4
Marcell Dareus,JAC,DL,10265,weighted,,,,,,,,,,,,,,,,,,,,,,,,,,,,,,,,,,,,,,,,,,,,,1.73951219512195,0.226274169979695,0.179939024390244,0.0282842712474619,0.0,0.0,0.06,0.0,,,2011.0,1989-11-18,,,,4
Marcell Dareus,FA,DL,10265,weighted,,,,,,,,,,,,,,,,,,,,,,,,,,,,,,,,,,,,,,,,,,,,,1.73951219512195,0.226274169979695,0.179939024390244,0.0282842712474619,0.0,0.0,0.06,0.0,,,2011.0,1989-11-18,,,,4
Robert Quinn,DAL,DL,10269,weighted,,,,,,,,,,,,,,,,,,,,,,,,,,,,,,,,,,,,,,,,,,,,,1.70440548780488,0.275771644662753,0.420060975609756,0.0282842712474619,0.0,0.0,0.01,0.0,,,2011.0,1990-05-18,,,,4
Robert Quinn,CHI,DL,10269,weighted,,,,,,,,,,,,,,,,,,,,,,,,,,,,,,,,,,,,,,,,,,,,,1.70440548780488,0.275771644662753,0.420060975609756,0.0282842712474619,0.0,0.0,0.01,0.0,,,2011.0,1990-05-18,,,,4
Davon Godchaux,MIA,DL,13317,weighted,,,,,,,,,,,,,,,,,,,,,,,,,,,,,,,,,,,,,,,,,,,,,1.85486280487805,0.0636396103067892,0.0951981707317073,0.0919238815542512,0.005015243902439,0.0070710678118654,0.0401219512195122,0.0565685424949238,,,2017.0,1994-11-11,,,,4
B.J. Hill,NYG,DL,13742,weighted,,,,,,,,,,,,,,,,,,,,,,,,,,,,,,,,,,,,,,,,,,,,,1.83480182926829,0.0919238815542511,0.255167682926829,0.0777817459305202,0.02,0.0,0.115045731707317,0.0212132034355964,,,2018.0,1995-04-20,,,,4
Vita Vea,TB,DL,13692,weighted,,,,,,,,,,,,,,,,,,,,,,,,,,,,,,,,,,,,,,,,,,,,,1.50121951219512,0.565685424949238,0.175228658536585,0.106066017177982,0.005015243902439,0.0070710678118654,0.0250762195121951,0.0353553390593274,,,2018.0,1995-02-05,,,,4
Brian Burns,CAR,DL,14171,weighted,,,,,,,,,,,,,,,,,,,,,,,,,,,,,,,,,,,,,,,,,,,,,1.84513719512195,0.0636396103067892,0.419756097560976,0.113137084989848,0.0,0.0,0.0401219512195122,0.0565685424949238,,,2019.0,1998-04-23,,,,4
David Onyemata,NO,DL,12782,weighted,,,,,,,,,,,,,,,,,,,,,,,,,,,,,,,,,,,,,,,,,,,,,1.64073170731707,0.339411254969543,0.265198170731707,0.0919238815542512,0.010030487804878,0.014142135623731,0.0901219512195122,0.0565685424949238,,,2016.0,1992-11-13,,,,4
Poona Ford,SEA,DL,13933,weighted,,,,,,,,,,,,,,,,,,,,,,,,,,,,,,,,,,,,,,,,,,,,,1.58085365853659,0.395979797464467,0.174923780487805,0.0353553390593274,0.0,0.0,0.010030487804878,0.014142135623731,,,2018.0,1995-11-19,,,,4
Derek Wolfe,DEN,DL,10806,weighted,,,,,,,,,,,,,,,,,,,,,,,,,,,,,,,,,,,,,,,,,,,,,1.71033536585366,0.15556349186104,0.120060975609756,0.0282842712474619,0.020030487804878,0.014142135623731,0.15015243902439,0.0707106781186548,,,2012.0,1990-02-24,Q,Ankle,2019.0,4
Derek Wolfe,BAL,DL,10806,weighted,,,,,,,,,,,,,,,,,,,,,,,,,,,,,,,,,,,,,,,,,,,,,1.71033536585366,0.15556349186104,0.120060975609756,0.0282842712474619,0.020030487804878,0.014142135623731,0.15015243902439,0.0707106781186548,,,2012.0,1990-02-24,Q,Ankle,2019.0,4
Alex Okafor,KC,DL,11262,weighted,,,,,,,,,,,,,,,,,,,,,,,,,,,,,,,,,,,,,,,,,,,,,1.55577743902439,0.360624458405139,0.165228658536585,0.106066017177982,0.010030487804878,0.014142135623731,0.105015243902439,0.0070710678118654,,,2013.0,1991-02-08,,,,4
Josh Mauro,OAK,DL,12099,weighted,,,,,,,,,,,,,,,,,,,,,,,,,,,,,,,,,,,,,,,,,,,,,1.1071493902439,0.997020561473032,0.0851981707317073,0.0919238815542512,0.0,0.0,0.0350762195121951,0.0353553390593274,,,2014.0,1991-02-17,,,,4
Josh Mauro,FA,DL,12099,weighted,,,,,,,,,,,,,,,,,,,,,,,,,,,,,,,,,,,,,,,,,,,,,1.1071493902439,0.997020561473032,0.0851981707317073,0.0919238815542512,0.0,0.0,0.0350762195121951,0.0353553390593274,,,2014.0,1991-02-17,,,,4
Javon Hargrave,PIT,DL,12764,weighted,,,,,,,,,,,,,,,,,,,,,,,,,,,,,,,,,,,,,,,,,,,,,1.80501524390244,0.0070710678118654,0.220060975609756,0.0282842712474619,0.0,0.0,0.034984756097561,0.0070710678118654,,,2016.0,1993-02-07,,,,4
Javon Hargrave,PHI,DL,12764,weighted,,,,,,,,,,,,,,,,,,,,,,,,,,,,,,,,,,,,,,,,,,,,,1.80501524390244,0.0070710678118654,0.220060975609756,0.0282842712474619,0.0,0.0,0.034984756097561,0.0070710678118654,,,2016.0,1993-02-07,,,,4
Michael Pierce,BAL,DL,12952,weighted,,,,,,,,,,,,,,,,,,,,,,,,,,,,,,,,,,,,,,,,,,,,,1.605625,0.289913780286485,0.0501524390243903,0.0707106781186548,0.005015243902439,0.0070710678118654,0.0550457317073171,0.0212132034355964,,,2016.0,1992-11-06,,,,4
Michael Pierce,MIN,DL,12952,weighted,,,,,,,,,,,,,,,,,,,,,,,,,,,,,,,,,,,,,,,,,,,,,1.605625,0.289913780286485,0.0501524390243903,0.0707106781186548,0.005015243902439,0.0070710678118654,0.0550457317073171,0.0212132034355964,,,2016.0,1992-11-06,,,,4
Dexter Lawrence,NYG,DL,14159,weighted,,,,,,,,,,,,,,,,,,,,,,,,,,,,,,,,,,,,,,,,,,,,,1.65455792682927,0.205060966544099,0.194984756097561,0.0070710678118654,0.0,0.0,0.094984756097561,0.0070710678118654,,,2019.0,1997-11-12,,,,4
Ed Oliver,BUF,DL,14158,weighted,,,,,,,,,,,,,,,,,,,,,,,,,,,,,,,,,,,,,,,,,,,,,1.65455792682927,0.205060966544099,0.254862804878049,0.0636396103067893,0.005015243902439,0.0070710678118654,0.279634146341463,0.169705627484771,,,2019.0,1997-12-12,,,,4
Vic Beasley,ATL,DL,12230,weighted,,,,,,,,,,,,,,,,,,,,,,,,,,,,,,,,,,,,,,,,,,,,,1.63541158536585,0.190918830920368,0.439817073170732,0.0848528137423857,0.010030487804878,0.014142135623731,0.15015243902439,0.0707106781186548,,,2015.0,1992-07-08,,,,4
Vic Beasley,TEN,DL,12230,weighted,,,,,,,,,,,,,,,,,,,,,,,,,,,,,,,,,,,,,,,,,,,,,1.63541158536585,0.190918830920368,0.439817073170732,0.0848528137423857,0.010030487804878,0.014142135623731,0.15015243902439,0.0707106781186548,,,2015.0,1992-07-08,,,,4
Allen Bailey,ATL,DL,10275,weighted,,,,,,,,,,,,,,,,,,,,,,,,,,,,,,,,,,,,,,,,,,,,,1.6153506097561,0.162634559672906,0.215045731707317,0.0212132034355964,0.010030487804878,0.014142135623731,0.0702134146341463,0.0989949493661167,,,2011.0,1989-03-25,,,,4
Adam Gotsis,DEN,DL,12751,weighted,,,,,,,,,,,,,,,,,,,,,,,,,,,,,,,,,,,,,,,,,,,,,1.6153506097561,0.162634559672906,0.165198170731707,0.0919238815542512,0.0,0.0,0.224771341463415,0.106066017177982,,,2016.0,1992-09-23,,,,4
Adam Gotsis,FA,DL,12751,weighted,,,,,,,,,,,,,,,,,,,,,,,,,,,,,,,,,,,,,,,,,,,,,1.6153506097561,0.162634559672906,0.165198170731707,0.0919238815542512,0.0,0.0,0.224771341463415,0.106066017177982,,,2016.0,1992-09-23,,,,4
Eddie Goldman,CHI,DL,12271,weighted,,,,,,,,,,,,,,,,,,,,,,,,,,,,,,,,,,,,,,,,,,,,,1.63981707317073,0.0848528137423856,0.115045731707317,0.0212132034355964,0.0,0.0,0.125381097560976,0.176776695296637,,,,,,,,4
Christian Wilkins,MIA,DL,14162,weighted,,,,,,,,,,,,,,,,,,,,,,,,,,,,,,,,,,,,,,,,,,,,,1.50060975609756,0.282842712474619,0.145259146341463,0.120208152801713,0.005015243902439,0.0070710678118654,0.0751067073170732,0.0494974746830583,,,2019.0,1970-01-01,,,,4
Andrew Billings,CIN,DL,12699,weighted,,,,,,,,,,,,,,,,,,,,,,,,,,,,,,,,,,,,,,,,,,,,,1.54544207317073,0.205060966544099,0.155228658536585,0.106066017177982,0.01,0.0,0.06,0.0,,,2016.0,1995-06-03,,,,4
Andrew Billings,CLE,DL,12699,weighted,,,,,,,,,,,,,,,,,,,,,,,,,,,,,,,,,,,,,,,,,,,,,1.54544207317073,0.205060966544099,0.155228658536585,0.106066017177982,0.01,0.0,0.06,0.0,,,2016.0,1995-06-03,,,,4
DaQuan Jones,TEN,DL,11793,weighted,,,,,,,,,,,,,,,,,,,,,,,,,,,,,,,,,,,,,,,,,,,,,1.58525914634146,0.120208152801713,0.095015243902439,0.0070710678118654,0.005015243902439,0.0070710678118654,0.0500304878048781,0.0141421356237309,,,2014.0,1991-12-17,,,,4
Maurice Hurst,OAK,DL,13691,weighted,,,,,,,,,,,,,,,,,,,,,,,,,,,,,,,,,,,,,,,,,,,,,1.53541158536585,0.190918830920368,0.15015243902439,0.0707106781186548,0.005015243902439,0.0070710678118654,0.209725609756098,0.127279220613579,,,2018.0,1995-05-09,,,,4
Maurice Hurst,LVR,DL,13691,weighted,,,,,,,,,,,,,,,,,,,,,,,,,,,,,,,,,,,,,,,,,,,,,1.53541158536585,0.190918830920368,0.15015243902439,0.0707106781186548,0.005015243902439,0.0070710678118654,0.209725609756098,0.127279220613579,,,2018.0,1995-05-09,,,,4
Roy Robertson-Harris,CHI,DL,13434,weighted,,,,,,,,,,,,,,,,,,,,,,,,,,,,,,,,,,,,,,,,,,,,,1.016875,0.869741340859453,0.195350609756098,0.162634559672906,0.005015243902439,0.0070710678118654,0.115045731707317,0.0212132034355964,,,2016.0,1993-07-23,,,,4
Abry Jones,JAC,DL,11278,weighted,,,,,,,,,,,,,,,,,,,,,,,,,,,,,,,,,,,,,,,,,,,,,1.30592987804878,0.431335136523794,0.0651676829268293,0.0777817459305202,0.0,0.0,0.0,0.0,,,2013.0,1991-09-08,,,,4
Isaiah Buggs,PIT,DL,14160,weighted,,,,,,,,,,,,,,,,,,,,,,,,,,,,,,,,,,,,,,,,,,,,,1.15638719512195,0.643467170879758,0.10532012195122,0.148492424049175,0.0,0.0,0.0800914634146341,0.0424264068711929,,,2019.0,1970-01-01,,,,4
Dalvin Tomlinson,NYG,DL,13260,weighted,,,,,,,,,,,,,,,,,,,,,,,,,,,,,,,,,,,,,,,,,,,,,1.45045731707317,0.212132034355964,0.0451371951219512,0.0636396103067893,0.0,0.0,0.0200609756097561,0.0282842712474619,,,2017.0,1994-02-18,,,,4
Justin Jones,LAC,DL,13748,weighted,,,,,,,,,,,,,,,,,,,,,,,,,,,,,,,,,,,,,,,,,,,,,1.06140243902439,0.650538238691624,0.120213414634146,0.0989949493661166,0.0,0.0,0.005015243902439,0.0070710678118654,,,2018.0,1995-08-17,,,,4
Akeem Spence,PHI,DL,11282,weighted,,,,,,,,,,,,,,,,,,,,,,,,,,,,,,,,,,,,,,,,,,,,,1.10623475609756,0.572756492761104,0.110091463414634,0.0424264068711929,0.005015243902439,0.0070710678118654,0.010030487804878,0.014142135623731,,,2013.0,1991-11-29,,,,4
Jabaal Sheard,IND,DL,10320,weighted,,,,,,,,,,,,,,,,,,,,,,,,,,,,,,,,,,,,,,,,,,,,,1.21413109756098,0.403050865276332,0.184954268292683,0.0212132034355964,0.0,0.0,0.035015243902439,0.0070710678118654,,,2011.0,1989-05-10,,,,4
Jabaal Sheard,FA,DL,10320,weighted,,,,,,,,,,,,,,,,,,,,,,,,,,,,,,,,,,,,,,,,,,,,,1.21413109756098,0.403050865276332,0.184954268292683,0.0212132034355964,0.0,0.0,0.035015243902439,0.0070710678118654,,,2011.0,1989-05-10,,,,4
Bruce Irvin,CAR,DL,10766,weighted,,,,,,,,,,,,,,,,,,,,,,,,,,,,,,,,,,,,,,,,,,,,,1.1790243902439,0.45254833995939,0.364893292682927,0.0494974746830583,0.0,0.0,0.0350457317073171,0.0212132034355964,,,2012.0,1990-01-11,Q,Hamstring,2019.0,4
Bruce Irvin,SEA,DL,10766,weighted,,,,,,,,,,,,,,,,,,,,,,,,,,,,,,,,,,,,,,,,,,,,,1.1790243902439,0.45254833995939,0.364893292682927,0.0494974746830583,0.0,0.0,0.0350457317073171,0.0212132034355964,,,2012.0,1990-01-11,Q,Hamstring,2019.0,4
Ezekiel Ansah,SEA,DL,11267,weighted,,,,,,,,,,,,,,,,,,,,,,,,,,,,,,,,,,,,,,,,,,,,,1.46493542435424,0.0334893078665929,0.539889298892989,0.0574102420570164,0.01,0.0,0.2,0.0,,,2013.0,1989-05-29,Q,Back,2019.0,4
Ezekiel Ansah,FA,DL,11267,weighted,,,,,,,,,,,,,,,,,,,,,,,,,,,,,,,,,,,,,,,,,,,,,1.46493542435424,0.0334893078665929,0.539889298892989,0.0574102420570164,0.01,0.0,0.2,0.0,,,2013.0,1989-05-29,Q,Back,2019.0,4
William Gholston,TB,DL,11265,weighted,,,,,,,,,,,,,,,,,,,,,,,,,,,,,,,,,,,,,,,,,,,,,1.35045731707317,0.212132034355964,0.110182926829268,0.0848528137423857,0.005015243902439,0.0070710678118654,0.0250762195121951,0.0353553390593274,,,2013.0,1991-07-31,,,,4
Derrick Nnadi,KC,DL,13745,weighted,,,,,,,,,,,,,,,,,,,,,,,,,,,,,,,,,,,,,,,,,,,,,1.20091463414634,0.424264068711928,0.0351067073170732,0.0494974746830583,0.005015243902439,0.0070710678118654,0.0648932926829268,0.0494974746830583,,,2018.0,1996-05-09,,,,4
Danny Shelton,NE,DL,12226,weighted,,,,,,,,,,,,,,,,,,,,,,,,,,,,,,,,,,,,,,,,,,,,,1.09620426829268,0.558614357137373,0.085015243902439,0.0070710678118654,0.0,0.0,0.0852591463414634,0.120208152801713,,,2015.0,1993-08-20,,,,4
Danny Shelton,DET,DL,12226,weighted,,,,,,,,,,,,,,,,,,,,,,,,,,,,,,,,,,,,,,,,,,,,,1.09620426829268,0.558614357137373,0.085015243902439,0.0070710678118654,0.0,0.0,0.0852591463414634,0.120208152801713,,,2015.0,1993-08-20,,,,4
Malcom Brown,NO,DL,12173,weighted,,,,,,,,,,,,,,,,,,,,,,,,,,,,,,,,,,,,,,,,,,,,,1.34544207317073,0.205060966544099,0.105015243902439,0.0070710678118654,0.0,0.0,0.0349237804878049,0.0353553390593274,,,2015.0,1994-02-02,,,,4
Avery Moss,MIA,DL,13309,weighted,,,,,,,,,,,,,,,,,,,,,,,,,,,,,,,,,,,,,,,,,,,,,0.792103658536585,0.975807358037435,0.0501524390243903,0.0707106781186548,0.005015243902439,0.0070710678118654,0.0551676829268293,0.0777817459305202,,,2017.0,1994-09-16,,,,4
Maliek Collins,DAL,DL,12754,weighted,,,,,,,,,,,,,,,,,,,,,,,,,,,,,,,,,,,,,,,,,,,,,1.23070121951219,0.325269119345812,0.275228658536585,0.106066017177982,0.0,0.0,0.020030487804878,0.014142135623731,,,2016.0,1995-04-08,,,,4
Maliek Collins,LVR,DL,12754,weighted,,,,,,,,,,,,,,,,,,,,,,,,,,,,,,,,,,,,,,,,,,,,,1.23070121951219,0.325269119345812,0.275228658536585,0.106066017177982,0.0,0.0,0.020030487804878,0.014142135623731,,,2016.0,1995-04-08,,,,4
Romeo Okwara,DET,DL,12948,weighted,,,,,,,,,,,,,,,,,,,,,,,,,,,,,,,,,,,,,,,,,,,,,0.72717987804878,1.01116269709676,0.185564024390244,0.261629509039023,0.0,0.0,0.0601829268292683,0.0848528137423857,,,2016.0,1995-06-17,,,,4
Lawrence Guy,NE,DL,10457,weighted,,,,,,,,,,,,,,,,,,,,,,,,,,,,,,,,,,,,,,,,,,,,,1.36519817073171,0.0919238815542511,0.060030487804878,0.014142135623731,0.0,0.0,0.0,0.0,,,2011.0,1990-03-17,,,,4
Tyeler Davison,ATL,DL,12316,weighted,,,,,,,,,,,,,,,,,,,,,,,,,,,,,,,,,,,,,,,,,,,,,1.21565548780488,0.304055915910215,0.1,0.0,0.0,0.0,0.06,0.0,,,2015.0,1992-09-23,,,,4
Mario Addison,CAR,DL,10554,weighted,,,,,,,,,,,,,,,,,,,,,,,,,,,,,,,,,,,,,,,,,,,,,1.36489329268293,0.0494974746830582,0.599390243902439,0.282842712474619,0.0,0.0,0.0,0.0,,,2011.0,1987-09-06,,,,4
Mario Addison,BUF,DL,10554,weighted,,,,,,,,,,,,,,,,,,,,,,,,,,,,,,,,,,,,,,,,,,,,,1.36489329268293,0.0494974746830582,0.599390243902439,0.282842712474619,0.0,0.0,0.0,0.0,,,2011.0,1987-09-06,,,,4
Chase Winovich,NE,DL,14176,weighted,,,,,,,,,,,,,,,,,,,,,,,,,,,,,,,,,,,,,,,,,,,,,1.21443597560976,0.261629509039022,0.379329268292683,0.311126983722081,0.0,0.0,0.0550762195121951,0.0353553390593274,,,2019.0,1970-01-01,,,,4
Gerald McCoy,CAR,DL,9819,weighted,,,,,,,,,,,,,,,,,,,,,,,,,,,,,,,,,,,,,,,,,,,,,1.19057926829268,0.268700576850888,0.235442073170732,0.205060966544099,0.005015243902439,0.0070710678118654,0.035015243902439,0.0070710678118654,,,2010.0,1988-02-25,,,,4
Gerald McCoy,DAL,DL,9819,weighted,,,,,,,,,,,,,,,,,,,,,,,,,,,,,,,,,,,,,,,,,,,,,1.19057926829268,0.268700576850888,0.235442073170732,0.205060966544099,0.005015243902439,0.0070710678118654,0.035015243902439,0.0070710678118654,,,2010.0,1988-02-25,,,,4
Brandon Williams,BAL,DL,11360,weighted,,,,,,,,,,,,,,,,,,,,,,,,,,,,,,,,,,,,,,,,,,,,,1.08586890243902,0.403050865276332,0.0751371951219512,0.0636396103067893,0.0,0.0,0.05,0.0,,,2013.0,1989-02-21,O,Knee,2019.0,4
Al Woods,SEA,DL,9940,weighted,,,,,,,,,,,,,,,,,,,,,,,,,,,,,,,,,,,,,,,,,,,,,0.731920731707317,0.89095454429505,0.0401219512195122,0.0565685424949238,0.0,0.0,0.01,0.0,,,2010.0,1987-03-25,,,,4
Al Woods,JAC,DL,9940,weighted,,,,,,,,,,,,,,,,,,,,,,,,,,,,,,,,,,,,,,,,,,,,,0.731920731707317,0.89095454429505,0.0401219512195122,0.0565685424949238,0.0,0.0,0.01,0.0,,,2010.0,1987-03-25,,,,4
Jerry Hughes,BUF,DL,9853,weighted,,,,,,,,,,,,,,,,,,,,,,,,,,,,,,,,,,,,,,,,,,,,,1.22036585365854,0.169705627484771,0.440121951219512,0.0565685424949238,0.0,0.0,0.274618902439024,0.176776695296637,,,2010.0,1988-08-13,,,,4
Olsen Pierre,,DL,12966,weighted,,,,,,,,,,,,,,,,,,,,,,,,,,,,,,,,,,,,,,,,,,,,,0.956082317073171,0.502045814642449,0.15015243902439,0.0707106781186548,0.0,0.0,0.010030487804878,0.014142135623731,,,,,,,,4
Trent Murphy,BUF,DL,11709,weighted,,,,,,,,,,,,,,,,,,,,,,,,,,,,,,,,,,,,,,,,,,,,,1.00091463414634,0.424264068711929,0.240121951219512,0.0565685424949238,0.0598780487804878,0.0565685424949238,0.214740853658537,0.120208152801713,,,2014.0,1990-12-20,,,,4
Brent Urban,TEN,DL,11807,weighted,,,,,,,,,,,,,,,,,,,,,,,,,,,,,,,,,,,,,,,,,,,,,0.851371951219512,0.636396103067893,0.0701524390243903,0.0707106781186548,0.0,0.0,0.014984756097561,0.0070710678118654,,,2014.0,1991-05-05,,,,4
Brent Urban,CHI,DL,11807,weighted,,,,,,,,,,,,,,,,,,,,,,,,,,,,,,,,,,,,,,,,,,,,,0.851371951219512,0.636396103067893,0.0701524390243903,0.0707106781186548,0.0,0.0,0.014984756097561,0.0070710678118654,,,2014.0,1991-05-05,,,,4
Xavier Williams,KC,DL,12428,weighted,,,,,,,,,,,,,,,,,,,,,,,,,,,,,,,,,,,,,,,,,,,,,1.29498475609756,0.0070710678118654,0.0700914634146342,0.0424264068711929,0.005015243902439,0.0070710678118654,0.005015243902439,0.0070710678118654,,,2015.0,1992-01-18,,,,4
Xavier Williams,FA,DL,12428,weighted,,,,,,,,,,,,,,,,,,,,,,,,,,,,,,,,,,,,,,,,,,,,,1.29498475609756,0.0070710678118654,0.0700914634146342,0.0424264068711929,0.005015243902439,0.0070710678118654,0.005015243902439,0.0070710678118654,,,2015.0,1992-01-18,,,,4
Sheldon Rankins,NO,DL,12735,weighted,,,,,,,,,,,,,,,,,,,,,,,,,,,,,,,,,,,,,,,,,,,,,1.06428353658537,0.332340187157677,0.294984756097561,0.0070710678118654,0.0,0.0,0.045015243902439,0.0070710678118654,,,2016.0,1994-04-02,Q,Achilles,2019.0,4
Emmanuel Ogbah,KC,DL,12691,weighted,,,,,,,,,,,,,,,,,,,,,,,,,,,,,,,,,,,,,,,,,,,,,1.19969512195122,0.141421356237309,0.319756097560976,0.113137084989848,0.005015243902439,0.0070710678118654,0.214740853658537,0.120208152801713,,,2016.0,1993-11-06,,,,4
Emmanuel Ogbah,MIA,DL,12691,weighted,,,,,,,,,,,,,,,,,,,,,,,,,,,,,,,,,,,,,,,,,,,,,1.19969512195122,0.141421356237309,0.319756097560976,0.113137084989848,0.005015243902439,0.0070710678118654,0.214740853658537,0.120208152801713,,,2016.0,1993-11-06,,,,4
Quinton Jefferson,SEA,DL,12796,weighted,,,,,,,,,,,,,,,,,,,,,,,,,,,,,,,,,,,,,,,,,,,,,1.00091463414634,0.424264068711929,0.285259146341463,0.120208152801713,0.010030487804878,0.014142135623731,0.1,0.0,,,2016.0,,Q,Hip,2019.0,4
Quinton Jefferson,BUF,DL,12796,weighted,,,,,,,,,,,,,,,,,,,,,,,,,,,,,,,,,,,,,,,,,,,,,1.00091463414634,0.424264068711929,0.285259146341463,0.120208152801713,0.010030487804878,0.014142135623731,0.1,0.0,,,2016.0,,Q,Hip,2019.0,4
Taco Charlton,MIA,DL,13200,weighted,,,,,,,,,,,,,,,,,,,,,,,,,,,,,,,,,,,,,,,,,,,,,1.07932926829268,0.311126983722081,0.204710365853659,0.134350288425444,0.005015243902439,0.0070710678118654,0.025015243902439,0.0070710678118654,,,2017.0,1994-11-07,,,,4
Taco Charlton,KC,DL,13200,weighted,,,,,,,,,,,,,,,,,,,,,,,,,,,,,,,,,,,,,,,,,,,,,1.07932926829268,0.311126983722081,0.204710365853659,0.134350288425444,0.005015243902439,0.0070710678118654,0.025015243902439,0.0070710678118654,,,2017.0,1994-11-07,,,,4
Da'Shawn Hand,DET,DL,13683,weighted,,,,,,,,,,,,,,,,,,,,,,,,,,,,,,,,,,,,,,,,,,,,,1.20471036585366,0.134350288425444,0.145137195121951,0.0636396103067893,0.0,0.0,0.0350762195121951,0.0353553390593274,,,2018.0,1995-11-14,O,Elbow,2019.0,4
Angelo Blackson,HOU,DL,12292,weighted,,,,,,,,,,,,,,,,,,,,,,,,,,,,,,,,,,,,,,,,,,,,,1.24012195121951,0.0565685424949239,0.079969512195122,0.0141421356237309,0.005015243902439,0.0070710678118654,0.120060975609756,0.0282842712474619,,,2015.0,1992-11-14,,,,4
Sebastian Joseph,LAR,DL,13810,weighted,,,,,,,,,,,,,,,,,,,,,,,,,,,,,,,,,,,,,,,,,,,,,0.66672256097561,0.799030662740799,0.0752286585365854,0.106066017177982,0.0,0.0,0.0300914634146341,0.0424264068711929,,,2018.0,1995-03-21,,,,4
Shamar Stephen,MIN,DL,11859,weighted,,,,,,,,,,,,,,,,,,,,,,,,,,,,,,,,,,,,,,,,,,,,,1.10532012195122,0.148492424049175,0.100091463414634,0.0424264068711929,0.0,0.0,0.005015243902439,0.0070710678118654,,,2014.0,1991-02-25,,,,4
Trey Hendrickson,NO,DL,13284,weighted,,,,,,,,,,,,,,,,,,,,,,,,,,,,,,,,,,,,,,,,,,,,,1.10532012195122,0.148492424049175,0.230091463414634,0.0424264068711929,0.0,0.0,0.0401219512195122,0.0565685424949238,,,2017.0,1994-12-05,,,,4
Jack Crawford,ATL,DL,10861,weighted,,,,,,,,,,,,,,,,,,,,,,,,,,,,,,,,,,,,,,,,,,,,,1.12477134146341,0.106066017177982,0.254862804878049,0.0636396103067893,0.0399085365853659,0.0424264068711929,0.059969512195122,0.014142135623731,,,2012.0,1988-09-07,,,,4
Jack Crawford,TEN,DL,10861,weighted,,,,,,,,,,,,,,,,,,,,,,,,,,,,,,,,,,,,,,,,,,,,,1.12477134146341,0.106066017177982,0.254862804878049,0.0636396103067893,0.0399085365853659,0.0424264068711929,0.059969512195122,0.014142135623731,,,2012.0,1988-09-07,,,,4
Kemoko Turay,IND,DL,13735,weighted,,,,,,,,,,,,,,,,,,,,,,,,,,,,,,,,,,,,,,,,,,,,,1.03449695121951,0.233345237791561,0.274923780487805,0.0353553390593274,0.0,0.0,0.0400609756097561,0.0282842712474619,,,2018.0,1995-07-11,,,,4
Christian Covington,DAL,DL,12360,weighted,,,,,,,,,,,,,,,,,,,,,,,,,,,,,,,,,,,,,,,,,,,,,0.621585365853659,0.735391052434009,0.12532012195122,0.148492424049175,0.005015243902439,0.0070710678118654,0.0451067073170732,0.0494974746830583,,,2015.0,1993-10-16,,,,4
Christian Covington,DEN,DL,12360,weighted,,,,,,,,,,,,,,,,,,,,,,,,,,,,,,,,,,,,,,,,,,,,,0.621585365853659,0.735391052434009,0.12532012195122,0.148492424049175,0.005015243902439,0.0070710678118654,0.0451067073170732,0.0494974746830583,,,2015.0,1993-10-16,,,,4
Shilique Calhoun,NE,DL,12693,weighted,,,,,,,,,,,,,,,,,,,,,,,,,,,,,,,,,,,,,,,,,,,,,0.970518292682927,0.240416305603426,0.0799390243902439,0.0282842712474619,0.0,0.0,0.0749237804878049,0.0353553390593274,,,2016.0,1992-03-20,,,,4
Shaq Lawson,BUF,DL,12687,weighted,,,,,,,,,,,,,,,,,,,,,,,,,,,,,,,,,,,,,,,,,,,,,1.00030487804878,0.14142135623731,0.255167682926829,0.0777817459305202,0.0,0.0,0.3,0.0,,,2016.0,1994-06-17,,,,4
Shaq Lawson,MIA,DL,12687,weighted,,,,,,,,,,,,,,,,,,,,,,,,,,,,,,,,,,,,,,,,,,,,,1.00030487804878,0.14142135623731,0.255167682926829,0.0777817459305202,0.0,0.0,0.3,0.0,,,2016.0,1994-06-17,,,,4
L.J. Collier,SEA,DL,14155,weighted,,,,,,,,,,,,,,,,,,,,,,,,,,,,,,,,,,,,,,,,,,,,,0.939512195121951,0.226274169979695,0.164893292682927,0.0494974746830583,0.02,0.0,0.179634146341463,0.169705627484771,,,2019.0,1995-09-12,,,,4
Jerry Tillery,LAC,DL,14161,weighted,,,,,,,,,,,,,,,,,,,,,,,,,,,,,,,,,,,,,,,,,,,,,0.984649390243902,0.162634559672906,0.174923780487805,0.0353553390593274,0.0,0.0,0.07,0.0,,,2019.0,1996-10-08,,,,4
Tyson Alualu,PIT,DL,9875,weighted,,,,,,,,,,,,,,,,,,,,,,,,,,,,,,,,,,,,,,,,,,,,,1.03510670731707,0.0494974746830584,0.0501524390243903,0.0707106781186548,0.005015243902439,0.0070710678118654,0.0300914634146341,0.0424264068711929,,,2010.0,1987-05-12,,,,4
Dontari Poe,CAR,DL,10761,weighted,,,,,,,,,,,,,,,,,,,,,,,,,,,,,,,,,,,,,,,,,,,,,1.03510670731707,0.0494974746830584,0.115045731707317,0.0212132034355964,0.0,0.0,0.0,0.0,,,2012.0,1990-08-18,,,,4
Dontari Poe,DAL,DL,10761,weighted,,,,,,,,,,,,,,,,,,,,,,,,,,,,,,,,,,,,,,,,,,,,,1.03510670731707,0.0494974746830584,0.115045731707317,0.0212132034355964,0.0,0.0,0.0,0.0,,,2012.0,1990-08-18,,,,4
Charles Omenihu,HOU,DL,14254,weighted,,,,,,,,,,,,,,,,,,,,,,,,,,,,,,,,,,,,,,,,,,,,,0.586478658536585,0.685893577750951,0.135228658536585,0.106066017177982,0.0,0.0,0.0300914634146341,0.0424264068711929,,,2019.0,1997-08-20,O,Knee,2019.0,4
Margus Hunt,IND,DL,11274,weighted,,,,,,,,,,,,,,,,,,,,,,,,,,,,,,,,,,,,,,,,,,,,,0.830701219512195,0.325269119345812,0.105289634146341,0.134350288425444,0.005015243902439,0.0070710678118654,0.060030487804878,0.014142135623731,,,2013.0,1987-07-14,,,,4
Margus Hunt,NO,DL,11274,weighted,,,,,,,,,,,,,,,,,,,,,,,,,,,,,,,,,,,,,,,,,,,,,0.830701219512195,0.325269119345812,0.105289634146341,0.134350288425444,0.005015243902439,0.0070710678118654,0.060030487804878,0.014142135623731,,,2013.0,1987-07-14,,,,4
P.J. Hall,OAK,DL,13740,weighted,,,,,,,,,,,,,,,,,,,,,,,,,,,,,,,,,,,,,,,,,,,,,0.925381097560976,0.176776695296637,0.0601219512195122,0.0565685424949238,0.0,0.0,0.094984756097561,0.0070710678118654,,,2018.0,1995-04-05,,,,4
P.J. Hall,LVR,DL,13740,weighted,,,,,,,,,,,,,,,,,,,,,,,,,,,,,,,,,,,,,,,,,,,,,0.925381097560976,0.176776695296637,0.0601219512195122,0.0565685424949238,0.0,0.0,0.094984756097561,0.0070710678118654,,,2018.0,1995-04-05,,,,4
Corey Liuget,OAK,DL,10285,weighted,,,,,,,,,,,,,,,,,,,,,,,,,,,,,,,,,,,,,,,,,,,,,0.52155487804878,0.721248916810278,0.10532012195122,0.148492424049175,0.0,0.0,0.0451371951219512,0.0636396103067893,,,2011.0,1990-03-18,,,,4
Corey Liuget,FA,DL,10285,weighted,,,,,,,,,,,,,,,,,,,,,,,,,,,,,,,,,,,,,,,,,,,,,0.52155487804878,0.721248916810278,0.10532012195122,0.148492424049175,0.0,0.0,0.0451371951219512,0.0636396103067893,,,2011.0,1990-03-18,,,,4
John Jenkins,MIA,DL,11286,weighted,,,,,,,,,,,,,,,,,,,,,,,,,,,,,,,,,,,,,,,,,,,,,0.536509146341463,0.700035713374682,0.0701829268292683,0.0848528137423857,0.0,0.0,0.010030487804878,0.014142135623731,,,2013.0,1989-07-11,,,,4
John Jenkins,CHI,DL,11286,weighted,,,,,,,,,,,,,,,,,,,,,,,,,,,,,,,,,,,,,,,,,,,,,0.536509146341463,0.700035713374682,0.0701829268292683,0.0848528137423857,0.0,0.0,0.010030487804878,0.014142135623731,,,2013.0,1989-07-11,,,,4
Hassan Ridgeway,PHI,DL,12780,weighted,,,,,,,,,,,,,,,,,,,,,,,,,,,,,,,,,,,,,,,,,,,,,0.526539634146341,0.714177848998413,0.0902743902439024,0.127279220613579,0.0,0.0,0.0200609756097561,0.0282842712474619,,,2016.0,,,,,4
Josh Tupou,CIN,DL,13965,weighted,,,,,,,,,,,,,,,,,,,,,,,,,,,,,,,,,,,,,,,,,,,,,0.66109756097561,0.509116882454314,0.0551676829268293,0.0777817459305202,0.0,0.0,0.0150457317073171,0.0212132034355964,,,2017.0,1970-01-01,,,,4
Rasheem Green,SEA,DL,13746,weighted,,,,,,,,,,,,,,,,,,,,,,,,,,,,,,,,,,,,,,,,,,,,,0.805625,0.289913780286485,0.140121951219512,0.0565685424949238,0.0,0.0,0.0200609756097561,0.0282842712474619,,,2018.0,1997-05-15,,,,4
RJ McIntosh,NYG,DL,13773,weighted,,,,,,,,,,,,,,,,,,,,,,,,,,,,,,,,,,,,,,,,,,,,,0.84452743902439,0.21920310216783,0.0600914634146341,0.0424264068711929,0.0,0.0,0.0250457317073171,0.0212132034355964,,,2018.0,1996-06-02,,,,4
Joe Jackson,DAL,DL,14152,weighted,,,,,,,,,,,,,,,,,,,,,,,,,,,,,,,,,,,,,,,,,,,,,0.52140243902439,0.650538238691624,0.0651981707317073,0.0919238815542512,0.0,0.0,0.065015243902439,0.0070710678118654,,,2019.0,1970-01-01,,,,4
Star Lotulelei,BUF,DL,11280,weighted,,,,,,,,,,,,,,,,,,,,,,,,,,,,,,,,,,,,,,,,,,,,,0.830396341463415,0.183847763108502,0.0600914634146341,0.0424264068711929,0.0,0.0,0.0699085365853658,0.0424264068711929,,,2013.0,1989-12-20,,,,4
Nick Williams,CHI,DL,11412,weighted,,,,,,,,,,,,,,,,,,,,,,,,,,,,,,,,,,,,,,,,,,,,,0.880243902439024,0.113137084989848,0.264588414634146,0.190918830920368,0.0,0.0,0.0350457317073171,0.0212132034355964,,,2013.0,1990-02-21,,,,4
Nick Williams,DET,DL,11412,weighted,,,,,,,,,,,,,,,,,,,,,,,,,,,,,,,,,,,,,,,,,,,,,0.880243902439024,0.113137084989848,0.264588414634146,0.190918830920368,0.0,0.0,0.0350457317073171,0.0212132034355964,,,2013.0,1990-02-21,,,,4
Kerry Hyder,DAL,DL,12987,weighted,,,,,,,,,,,,,,,,,,,,,,,,,,,,,,,,,,,,,,,,,,,,,0.481432926829268,0.664680374315355,0.0902439024390244,0.113137084989848,0.005015243902439,0.0070710678118654,0.0250762195121951,0.0353553390593274,,,,,,,,4
Kerry Hyder,SF,DL,12987,weighted,,,,,,,,,,,,,,,,,,,,,,,,,,,,,,,,,,,,,,,,,,,,,0.481432926829268,0.664680374315355,0.0902439024390244,0.113137084989848,0.005015243902439,0.0070710678118654,0.0250762195121951,0.0353553390593274,,,,,,,,4
Jordan Phillips,BUF,DL,12229,weighted,,,,,,,,,,,,,,,,,,,,,,,,,,,,,,,,,,,,,,,,,,,,,0.815350609756097,0.162634559672906,0.0702134146341463,0.0989949493661167,0.005015243902439,0.0070710678118654,0.14984756097561,0.0707106781186548,,,2015.0,1992-09-21,,,,4
Jordan Phillips,ARI,DL,12229,weighted,,,,,,,,,,,,,,,,,,,,,,,,,,,,,,,,,,,,,,,,,,,,,0.815350609756097,0.162634559672906,0.0702134146341463,0.0989949493661167,0.005015243902439,0.0070710678118654,0.14984756097561,0.0707106781186548,,,2015.0,1992-09-21,,,,4
Adrian Clayborn,ATL,DL,10263,weighted,,,,,,,,,,,,,,,,,,,,,,,,,,,,,,,,,,,,,,,,,,,,,0.864893292682927,0.0494974746830584,0.289969512195122,0.0141421356237309,0.0,0.0,0.0350457317073171,0.0212132034355964,,,2011.0,1988-07-06,,,,4
Adrian Clayborn,CLE,DL,10263,weighted,,,,,,,,,,,,,,,,,,,,,,,,,,,,,,,,,,,,,,,,,,,,,0.864893292682927,0.0494974746830584,0.289969512195122,0.0141421356237309,0.0,0.0,0.0350457317073171,0.0212132034355964,,,2011.0,1988-07-06,,,,4
Damion Square,LAC,DL,11492,weighted,,,,,,,,,,,,,,,,,,,,,,,,,,,,,,,,,,,,,,,,,,,,,0.854862804878049,0.0636396103067893,0.095015243902439,0.0070710678118654,0.0,0.0,0.0549542682926829,0.0212132034355964,,,2013.0,1989-02-06,,,,4
Beau Allen,TB,DL,11862,weighted,,,,,,,,,,,,,,,,,,,,,,,,,,,,,,,,,,,,,,,,,,,,,0.754557926829268,0.205060966544099,0.0300914634146341,0.0424264068711929,0.0,0.0,0.010030487804878,0.014142135623731,,,2014.0,1991-11-14,,,,4
Beau Allen,NE,DL,11862,weighted,,,,,,,,,,,,,,,,,,,,,,,,,,,,,,,,,,,,,,,,,,,,,0.754557926829268,0.205060966544099,0.0300914634146341,0.0424264068711929,0.0,0.0,0.010030487804878,0.014142135623731,,,2014.0,1991-11-14,,,,4
Morgan Fox,LAR,DL,13085,weighted,,,,,,,,,,,,,,,,,,,,,,,,,,,,,,,,,,,,,,,,,,,,,0.700609756097561,0.282842712474619,0.0852286585365854,0.106066017177982,0.0,0.0,0.0250762195121951,0.0353553390593274,,,2016.0,1994-09-12,,,,4
Arden Key,OAK,DL,13682,weighted,,,,,,,,,,,,,,,,,,,,,,,,,,,,,,,,,,,,,,,,,,,,,0.774618902439024,0.176776695296637,0.040030487804878,0.014142135623731,0.0,0.0,0.024984756097561,0.0070710678118654,,,2018.0,1996-05-03,,,,4
Arden Key,LVR,DL,13682,weighted,,,,,,,,,,,,,,,,,,,,,,,,,,,,,,,,,,,,,,,,,,,,,0.774618902439024,0.176776695296637,0.040030487804878,0.014142135623731,0.0,0.0,0.024984756097561,0.0070710678118654,,,2018.0,1996-05-03,,,,4
Chris Wormley,BAL,DL,13212,weighted,,,,,,,,,,,,,,,,,,,,,,,,,,,,,,,,,,,,,,,,,,,,,0.695594512195122,0.275771644662754,0.070030487804878,0.014142135623731,0.0,0.0,0.105015243902439,0.0070710678118654,,,2017.0,1993-10-25,,,,4
Chris Wormley,PIT,DL,13212,weighted,,,,,,,,,,,,,,,,,,,,,,,,,,,,,,,,,,,,,,,,,,,,,0.695594512195122,0.275771644662754,0.070030487804878,0.014142135623731,0.0,0.0,0.105015243902439,0.0070710678118654,,,2017.0,1993-10-25,,,,4
Adam Butler,NE,DL,13448,weighted,,,,,,,,,,,,,,,,,,,,,,,,,,,,,,,,,,,,,,,,,,,,,0.536021341463415,0.473761543394987,0.225076219512195,0.0353553390593274,0.0,0.0,0.0500609756097561,0.0282842712474619,,,,1994-04-12,,,,4
Tim Settle,WAS,DL,13694,weighted,,,,,,,,,,,,,,,,,,,,,,,,,,,,,,,,,,,,,,,,,,,,,0.585868902439024,0.403050865276332,0.0451371951219512,0.0636396103067893,0.0,0.0,0.0250762195121951,0.0353553390593274,,,2018.0,1997-07-11,,,,4
Daylon Mack,BAL,DL,14166,weighted,,,,,,,,,,,,,,,,,,,,,,,,,,,,,,,,,,,,,,,,,,,,,0.531006097560976,0.466690475583121,0.0651981707317073,0.0919238815542512,0.0,0.0,0.0250762195121951,0.0353553390593274,,,2019.0,1970-01-01,,,,4
Carlos Watkins,HOU,DL,13211,weighted,,,,,,,,,,,,,,,,,,,,,,,,,,,,,,,,,,,,,,,,,,,,,0.725381097560976,0.176776695296637,0.0501219512195122,0.0565685424949238,0.005015243902439,0.0070710678118654,0.06,0.0,,,2017.0,1993-12-05,,,,4
Kyle Love,CAR,DL,10111,weighted,,,,,,,,,,,,,,,,,,,,,,,,,,,,,,,,,,,,,,,,,,,,,0.670518292682927,0.240416305603426,0.125228658536585,0.106066017177982,0.0,0.0,0.07,0.0,,,2010.0,1986-11-18,,,,4
Kyle Love,FA,DL,10111,weighted,,,,,,,,,,,,,,,,,,,,,,,,,,,,,,,,,,,,,,,,,,,,,0.670518292682927,0.240416305603426,0.125228658536585,0.106066017177982,0.0,0.0,0.07,0.0,,,2010.0,1986-11-18,,,,4
Taven Bryan,JAC,DL,13695,weighted,,,,,,,,,,,,,,,,,,,,,,,,,,,,,,,,,,,,,,,,,,,,,0.770213414634146,0.0989949493661167,0.110060975609756,0.0282842712474619,0.0,0.0,0.0200609756097561,0.0282842712474619,,,2018.0,,,,,4
Kingsley Keke,GB,DL,14248,weighted,,,,,,,,,,,,,,,,,,,,,,,,,,,,,,,,,,,,,,,,,,,,,0.570823170731707,0.381837661840736,0.0651981707317073,0.0919238815542512,0.0,0.0,0.0250762195121951,0.0353553390593274,,,2019.0,1970-01-01,,,,4
Dawuane Smoot,JAC,DL,13267,weighted,,,,,,,,,,,,,,,,,,,,,,,,,,,,,,,,,,,,,,,,,,,,,0.665503048780488,0.233345237791561,0.085015243902439,0.0070710678118654,0.0,0.0,0.0250762195121951,0.0353553390593274,,,2017.0,1995-03-02,,,,4
Grover Stewart,IND,DL,13298,weighted,,,,,,,,,,,,,,,,,,,,,,,,,,,,,,,,,,,,,,,,,,,,,0.665503048780488,0.233345237791561,0.100121951219512,0.0565685424949238,0.0,0.0,0.010030487804878,0.014142135623731,,,2017.0,1993-10-20,,,,4
Jalyn Holmes,MIN,DL,13755,weighted,,,,,,,,,,,,,,,,,,,,,,,,,,,,,,,,,,,,,,,,,,,,,0.466112804878049,0.51618795026618,0.0901829268292683,0.0848528137423857,0.0,0.0,0.0300914634146341,0.0424264068711929,,,2018.0,1996-01-25,,,,4
Matt Dickerson,TEN,DL,13927,weighted,,,,,,,,,,,,,,,,,,,,,,,,,,,,,,,,,,,,,,,,,,,,,0.665503048780488,0.233345237791561,0.0551676829268293,0.0777817459305202,0.0,0.0,0.0350457317073171,0.0212132034355964,,,2018.0,1970-01-01,O,Coach's Decision,2019.0,4
Maxx Crosby,OAK,DL,14225,weighted,,,,,,,,,,,,,,,,,,,,,,,,,,,,,,,,,,,,,,,,,,,,,0.515960365853658,0.445477272147525,0.0551676829268293,0.0777817459305202,0.0,0.0,0.0200609756097561,0.0282842712474619,,,2019.0,1997-08-22,,,,4
Maxx Crosby,LVR,DL,14225,weighted,,,,,,,,,,,,,,,,,,,,,,,,,,,,,,,,,,,,,,,,,,,,,0.515960365853658,0.445477272147525,0.0551676829268293,0.0777817459305202,0.0,0.0,0.0200609756097561,0.0282842712474619,,,2019.0,1997-08-22,,,,4
Brandon Dunn,HOU,DL,12111,weighted,,,,,,,,,,,,,,,,,,,,,,,,,,,,,,,,,,,,,,,,,,,,,0.710335365853659,0.15556349186104,0.0150457317073171,0.0212132034355964,0.0349237804878049,0.0353553390593274,0.06,0.0,,,2014.0,1992-09-05,,,,4
Clinton McDonald,ARI,DL,9679,weighted,,,,,,,,,,,,,,,,,,,,,,,,,,,,,,,,,,,,,,,,,,,,,0.729786585365854,0.0989949493661167,0.060030487804878,0.014142135623731,0.0,0.0,0.2,0.0,,,2009.0,1987-01-06,,,,4
Clinton McDonald,FA,DL,9679,weighted,,,,,,,,,,,,,,,,,,,,,,,,,,,,,,,,,,,,,,,,,,,,,0.729786585365854,0.0989949493661167,0.060030487804878,0.014142135623731,0.0,0.0,0.2,0.0,,,2009.0,1987-01-06,,,,4
Vinny Curry,PHI,DL,10755,weighted,,,,,,,,,,,,,,,,,,,,,,,,,,,,,,,,,,,,,,,,,,,,,0.8,0.0,0.0951067073170732,0.0494974746830583,0.0,0.0,0.0200609756097561,0.0282842712474619,,,2012.0,1988-06-30,,,,4
Vinny Curry,FA,DL,10755,weighted,,,,,,,,,,,,,,,,,,,,,,,,,,,,,,,,,,,,,,,,,,,,,0.8,0.0,0.0951067073170732,0.0494974746830583,0.0,0.0,0.0200609756097561,0.0282842712474619,,,2012.0,1988-06-30,,,,4
Stephen Weatherly,MIN,DL,12841,weighted,,,,,,,,,,,,,,,,,,,,,,,,,,,,,,,,,,,,,,,,,,,,,0.759878048780488,0.0565685424949239,0.0950457317073171,0.0212132034355964,0.0,0.0,0.0349542682926829,0.0212132034355964,,,2016.0,1994-03-19,,,,4
Stephen Weatherly,CAR,DL,12841,weighted,,,,,,,,,,,,,,,,,,,,,,,,,,,,,,,,,,,,,,,,,,,,,0.759878048780488,0.0565685424949239,0.0950457317073171,0.0212132034355964,0.0,0.0,0.0349542682926829,0.0212132034355964,,,2016.0,1994-03-19,,,,4
Fadol Brown,GB,DL,13921,weighted,,,,,,,,,,,,,,,,,,,,,,,,,,,,,,,,,,,,,,,,,,,,,0.734801829268293,0.0919238815542512,0.0350457317073171,0.0212132034355964,0.0,0.0,0.045015243902439,0.0070710678118654,,,2017.0,1970-01-01,,,,4
Fadol Brown,FA,DL,13921,weighted,,,,,,,,,,,,,,,,,,,,,,,,,,,,,,,,,,,,,,,,,,,,,0.734801829268293,0.0919238815542512,0.0350457317073171,0.0212132034355964,0.0,0.0,0.045015243902439,0.0070710678118654,,,2017.0,1970-01-01,,,,4
DeMarcus Walker,DEN,DL,13258,weighted,,,,,,,,,,,,,,,,,,,,,,,,,,,,,,,,,,,,,,,,,,,,,0.685259146341463,0.120208152801713,0.110182926829268,0.0848528137423857,0.005015243902439,0.0070710678118654,0.134801829268293,0.0919238815542512,,,2017.0,1994-09-30,,,,4
Jaleel Johnson,MIN,DL,13286,weighted,,,,,,,,,,,,,,,,,,,,,,,,,,,,,,,,,,,,,,,,,,,,,0.525685975609756,0.318198051533946,0.0601524390243902,0.0707106781186548,0.0,0.0,0.0150457317073171,0.0212132034355964,,,2017.0,1994-07-12,,,,4
Marquis Haynes,CAR,DL,13771,weighted,,,,,,,,,,,,,,,,,,,,,,,,,,,,,,,,,,,,,,,,,,,,,0.560487804878049,0.226274169979695,0.0551676829268293,0.0777817459305202,0.0,0.0,0.0250762195121951,0.0353553390593274,,,2018.0,1993-12-16,Q,Elbow,2019.0,4
Rakeem Nunez-Roches,TB,DL,12361,weighted,,,,,,,,,,,,,,,,,,,,,,,,,,,,,,,,,,,,,,,,,,,,,0.505625,0.289913780286484,0.0401219512195122,0.0565685424949238,0.0,0.0,0.010030487804878,0.014142135623731,,,2015.0,1993-07-03,,,,4
Chris Smith,CLE,DL,11821,weighted,,,,,,,,,,,,,,,,,,,,,,,,,,,,,,,,,,,,,,,,,,,,,0.589664634146341,0.15556349186104,0.0450762195121951,0.0353553390593274,0.0,0.0,0.109725609756098,0.127279220613579,,,2014.0,1992-02-11,,,,4
Chris Smith,CAR,DL,11821,weighted,,,,,,,,,,,,,,,,,,,,,,,,,,,,,,,,,,,,,,,,,,,,,0.589664634146341,0.15556349186104,0.0450762195121951,0.0353553390593274,0.0,0.0,0.109725609756098,0.127279220613579,,,2014.0,1992-02-11,,,,4
Austin Johnson,TEN,DL,12700,weighted,,,,,,,,,,,,,,,,,,,,,,,,,,,,,,,,,,,,,,,,,,,,,0.7,0.0,0.045015243902439,0.0070710678118654,0.0,0.0,0.069969512195122,0.014142135623731,,,2016.0,1994-05-08,,,,4
Austin Johnson,NYG,DL,12700,weighted,,,,,,,,,,,,,,,,,,,,,,,,,,,,,,,,,,,,,,,,,,,,,0.7,0.0,0.045015243902439,0.0070710678118654,0.0,0.0,0.069969512195122,0.014142135623731,,,2016.0,1994-05-08,,,,4
Dre'Mont Jones,DEN,DL,14164,weighted,,,,,,,,,,,,,,,,,,,,,,,,,,,,,,,,,,,,,,,,,,,,,0.445746951219512,0.346482322781408,0.0601829268292683,0.0848528137423857,0.0,0.0,0.0250762195121951,0.0353553390593274,,,2019.0,1997-01-05,,,,4
Efe Obada,CAR,DL,13929,weighted,,,,,,,,,,,,,,,,,,,,,,,,,,,,,,,,,,,,,,,,,,,,,0.635106707317073,0.0494974746830584,0.105045731707317,0.0212132034355964,0.014984756097561,0.0070710678118654,0.0699390243902439,0.0282842712474619,,,2015.0,1991-03-18,,,,4
Vernon Butler,CAR,DL,12740,weighted,,,,,,,,,,,,,,,,,,,,,,,,,,,,,,,,,,,,,,,,,,,,,0.585259146341463,0.120208152801713,0.0551371951219512,0.0636396103067893,0.0,0.0,0.010030487804878,0.014142135623731,,,2016.0,1994-06-14,,,,4
Vernon Butler,BUF,DL,12740,weighted,,,,,,,,,,,,,,,,,,,,,,,,,,,,,,,,,,,,,,,,,,,,,0.585259146341463,0.120208152801713,0.0551371951219512,0.0636396103067893,0.0,0.0,0.010030487804878,0.014142135623731,,,2016.0,1994-06-14,,,,4
Jonathan Bullard,ARI,DL,12758,weighted,,,,,,,,,,,,,,,,,,,,,,,,,,,,,,,,,,,,,,,,,,,,,0.470518292682927,0.240416305603426,0.0351067073170732,0.0494974746830583,0.0,0.0,0.0699390243902439,0.0282842712474619,,,2016.0,1993-10-22,,,,4
Josh Sweat,PHI,DL,13690,weighted,,,,,,,,,,,,,,,,,,,,,,,,,,,,,,,,,,,,,,,,,,,,,0.340914634146341,0.424264068711929,0.0401219512195122,0.0565685424949238,0.0,0.0,0.045015243902439,0.0070710678118654,,,2018.0,1997-03-29,,,,4
Chad Thomas,CLE,DL,13741,weighted,,,,,,,,,,,,,,,,,,,,,,,,,,,,,,,,,,,,,,,,,,,,,0.30592987804878,0.431335136523794,0.0451371951219512,0.0636396103067893,0.0,0.0,0.0200609756097561,0.0282842712474619,,,2018.0,,,,,4
Isaac Rochell,LAC,DL,13203,weighted,,,,,,,,,,,,,,,,,,,,,,,,,,,,,,,,,,,,,,,,,,,,,0.6,0.0,0.259878048780488,0.0565685424949238,0.0,0.0,0.0,0.0,,,2017.0,,,,,4
Greg Gaines,LAR,DL,14237,weighted,,,,,,,,,,,,,,,,,,,,,,,,,,,,,,,,,,,,,,,,,,,,,0.55015243902439,0.0707106781186547,0.0601219512195122,0.0565685424949238,0.0,0.0,0.0300304878048781,0.014142135623731,,,2019.0,1996-05-06,,,,4
Lerentee McCray,JAC,DL,11460,weighted,,,,,,,,,,,,,,,,,,,,,,,,,,,,,,,,,,,,,,,,,,,,,0.280792682926829,0.367695526217005,0.0451067073170732,0.0494974746830583,0.0,0.0,0.0150457317073171,0.0212132034355964,,,2013.0,1990-08-26,,,,4
Jihad Ward,IND,DL,12744,weighted,,,,,,,,,,,,,,,,,,,,,,,,,,,,,,,,,,,,,,,,,,,,,0.360487804878049,0.226274169979695,0.179939024390244,0.0282842712474619,0.005015243902439,0.0070710678118654,0.0400609756097561,0.0282842712474619,,,2016.0,1994-03-11,,,,4
Jihad Ward,BAL,DL,12744,weighted,,,,,,,,,,,,,,,,,,,,,,,,,,,,,,,,,,,,,,,,,,,,,0.360487804878049,0.226274169979695,0.179939024390244,0.0282842712474619,0.005015243902439,0.0070710678118654,0.0400609756097561,0.0282842712474619,,,2016.0,1994-03-11,,,,4
John Cominsky,ATL,DL,14238,weighted,,,,,,,,,,,,,,,,,,,,,,,,,,,,,,,,,,,,,,,,,,,,,0.35547256097561,0.21920310216783,0.0401219512195122,0.0565685424949238,0.0,0.0,0.0150457317073171,0.0212132034355964,,,2019.0,1970-01-01,,,,4
Noah Spence,WAS,DL,12690,weighted,,,,,,,,,,,,,,,,,,,,,,,,,,,,,,,,,,,,,,,,,,,,,0.240701219512195,0.325269119345812,0.0200609756097561,0.0282842712474619,0.0,0.0,0.0150457317073171,0.0212132034355964,,,2016.0,,,,,4
Noah Spence,NO,DL,12690,weighted,,,,,,,,,,,,,,,,,,,,,,,,,,,,,,,,,,,,,,,,,,,,,0.240701219512195,0.325269119345812,0.0200609756097561,0.0282842712474619,0.0,0.0,0.0150457317073171,0.0212132034355964,,,2016.0,,,,,4
Treyvon Hester,WAS,DL,13360,weighted,,,,,,,,,,,,,,,,,,,,,,,,,,,,,,,,,,,,,,,,,,,,,0.245503048780488,0.233345237791561,0.0300914634146341,0.0424264068711929,0.0,0.0,0.005015243902439,0.0070710678118654,,,2017.0,1992-09-21,,,,4
Treyvon Hester,GB,DL,13360,weighted,,,,,,,,,,,,,,,,,,,,,,,,,,,,,,,,,,,,,,,,,,,,,0.245503048780488,0.233345237791561,0.0300914634146341,0.0424264068711929,0.0,0.0,0.005015243902439,0.0070710678118654,,,2017.0,1992-09-21,,,,4
Dan McCullers-Sanders,PIT,DL,11719,weighted,,,,,,,,,,,,,,,,,,,,,,,,,,,,,,,,,,,,,,,,,,,,,0.30030487804878,0.14142135623731,0.0350762195121951,0.0353553390593274,0.0,0.0,0.010030487804878,0.014142135623731,,,2014.0,1992-08-11,,,,4
,,DL,12622,weighted,,,,,,,,,,,,,,,,,,,,,,,,,,,,,,,,,,,,,,,,,,,,,0.035,0.0494974746830583,0.035,0.0494974746830583,0.0,0.0,0.03,0.0424264068711929,,,,,,,,4
Leighton Vander Esch,DAL,LB,13727,weighted,,,,,,,,,,,,,,,,,,,,,,,,,,,,,,,,,,,,,,,,,,,,,6.43102418207681,2.05923501904008,0.0721123755334282,0.0253680286501085,0.0815362731152205,0.0230868142894258,0.4499786628734,0.0362202369216452,0.0,0.0,2018.0,1997-02-09,,,,4
Luke Kuechly,CAR,LB,10773,weighted,,,,,,,,,,,,,,,,,,,,,,,,,,,,,,,,,,,,,,,,,,,,,6.15152916073969,2.21270366116764,0.095448079658606,0.0185789552144725,0.0768421052631579,0.0183078700494449,0.360640113798008,0.0982423361894323,0.0,0.0,2012.0,1991-04-20,,,,4
Luke Kuechly,FA,LB,10773,weighted,,,,,,,,,,,,,,,,,,,,,,,,,,,,,,,,,,,,,,,,,,,,,6.15152916073969,2.21270366116764,0.095448079658606,0.0185789552144725,0.0768421052631579,0.0183078700494449,0.360640113798008,0.0982423361894323,0.0,0.0,2012.0,1991-04-20,,,,4
Jaylon Smith,DAL,LB,12701,weighted,,,,,,,,,,,,,,,,,,,,,,,,,,,,,,,,,,,,,,,,,,,,,6.18012091038407,2.04888430400746,0.155533428165007,0.0725256542059178,0.0324608819345661,0.0412322287926311,0.167349454717876,0.104775521156077,0.0,0.0,2016.0,1995-06-14,,,,4
Jordan Hicks,ARI,LB,12287,weighted,,,,,,,,,,,,,,,,,,,,,,,,,,,,,,,,,,,,,,,,,,,,,6.54234151329243,1.99103054894514,0.153824130879346,0.0925882571125694,0.0465235173824131,0.0416018590665273,0.280245398773006,0.0345339880885012,,,2015.0,1992-06-27,,,,4
Blake Martinez,GB,LB,12788,weighted,,,,,,,,,,,,,,,,,,,,,,,,,,,,,,,,,,,,,,,,,,,,,6.05381223328592,1.869534439304,0.202389758179232,0.0121862161027081,0.0742887624466572,0.0475780761504508,0.2166737790422,0.012073412307215,0.0,0.0,2016.0,1994-01-09,,,,4
Blake Martinez,NYG,LB,12788,weighted,,,,,,,,,,,,,,,,,,,,,,,,,,,,,,,,,,,,,,,,,,,,,6.05381223328592,1.869534439304,0.202389758179232,0.0121862161027081,0.0742887624466572,0.0475780761504508,0.2166737790422,0.012073412307215,0.0,0.0,2016.0,1994-01-09,,,,4
Bobby Wagner,SEA,LB,10775,weighted,,,,,,,,,,,,,,,,,,,,,,,,,,,,,,,,,,,,,,,,,,,,,5.73081081081081,2.2957340826028,0.0905263157894737,0.0402319424410623,0.109146514935989,0.0511577544026768,0.450120910384068,0.0440362517584475,0.0,0.0,2012.0,1990-06-27,,,,4
Tahir Whitehead,OAK,LB,10847,weighted,,,,,,,,,,,,,,,,,,,,,,,,,,,,,,,,,,,,,,,,,,,,,6.65816973415133,1.60939557431103,0.0268711656441718,0.0305634861868063,0.0699897750511248,0.0265072792766298,0.226912065439673,0.0462941285562847,,,2012.0,1990-04-02,,,,4
Tahir Whitehead,CAR,LB,10847,weighted,,,,,,,,,,,,,,,,,,,,,,,,,,,,,,,,,,,,,,,,,,,,,6.65816973415133,1.60939557431103,0.0268711656441718,0.0305634861868063,0.0699897750511248,0.0265072792766298,0.226912065439673,0.0462941285562847,,,2012.0,1990-04-02,,,,4
Joe Schobert,CLE,LB,12768,weighted,,,,,,,,,,,,,,,,,,,,,,,,,,,,,,,,,,,,,,,,,,,,,5.5322972972973,2.02494892811405,0.139431009957326,0.0505632655701791,0.0768563300142247,0.0199363170231609,0.31051920341394,0.0906342541701399,0.0,0.0,2016.0,,,,,4
Joe Schobert,JAC,LB,12768,weighted,,,,,,,,,,,,,,,,,,,,,,,,,,,,,,,,,,,,,,,,,,,,,5.5322972972973,2.02494892811405,0.139431009957326,0.0505632655701791,0.0768563300142247,0.0199363170231609,0.31051920341394,0.0906342541701399,0.0,0.0,2016.0,,,,,4
Cory Littleton,LAR,LB,12985,weighted,,,,,,,,,,,,,,,,,,,,,,,,,,,,,,,,,,,,,,,,,,,,,6.05053342816501,1.44050217041791,0.142019914651494,0.0760629065448825,0.167140825035562,0.0818841745586347,0.746545756282598,0.254425649553153,0.1,1.60671664747888e-17,2016.0,1993-11-18,,,,4
Cory Littleton,LVR,LB,12985,weighted,,,,,,,,,,,,,,,,,,,,,,,,,,,,,,,,,,,,,,,,,,,,,6.05053342816501,1.44050217041791,0.142019914651494,0.0760629065448825,0.167140825035562,0.0818841745586347,0.746545756282598,0.254425649553153,0.1,1.60671664747888e-17,2016.0,1993-11-18,,,,4
Roquan Smith,CHI,LB,13696,weighted,,,,,,,,,,,,,,,,,,,,,,,,,,,,,,,,,,,,,,,,,,,,,5.40813655761024,1.62282678163045,0.202190611664296,0.0198823975051534,0.0770128022759602,0.0363168954584169,0.246965386439071,0.0638716421687964,0.0,0.0,2018.0,1997-04-08,,,,4
Anthony Hitchens,KC,LB,11795,weighted,,,,,,,,,,,,,,,,,,,,,,,,,,,,,,,,,,,,,,,,,,,,,6.05948875255624,1.44239791321165,0.0235276073619632,0.0321937507786449,0.016799591002045,0.0208373139974252,0.119631901840491,0.091531702024892,,,2014.0,1992-06-10,,,,4
Eric Kendricks,MIN,LB,12239,weighted,,,,,,,,,,,,,,,,,,,,,,,,,,,,,,,,,,,,,,,,,,,,,5.90219836400818,1.56841787078934,0.0869120654396728,0.0462941285562847,0.119652351738241,0.0527460021226969,0.509376278118609,0.0853206965144163,,,2015.0,1992-02-29,,,,4
Lavonte David,TB,LB,10768,weighted,,,,,,,,,,,,,,,,,,,,,,,,,,,,,,,,,,,,,,,,,,,,,5.50600995732575,1.48846892573089,0.188492176386913,0.0640296295728812,0.0254409672830725,0.0319637896836552,0.183425794215268,0.0163602474016297,0.0,0.0,2012.0,1990-01-23,,,,4
Danny Trevathan,CHI,LB,10879,weighted,,,,,,,,,,,,,,,,,,,,,,,,,,,,,,,,,,,,,,,,,,,,,5.67255623721881,1.54499998419004,0.112883435582822,0.0609858626393911,0.0933333333333333,0.0208612456190452,0.337433537832311,0.119413426225604,,,2012.0,1990-03-24,,,,4
Thomas Davis,LAC,LB,7826,weighted,,,,,,,,,,,,,,,,,,,,,,,,,,,,,,,,,,,,,,,,,,,,,5.48967280163599,1.76413156291111,0.11961145194274,0.0527804575989857,0.0566155419222904,0.0493976340401538,0.316308793456033,0.104004647666318,,,2005.0,1983-03-22,,,,4
Thomas Davis,WAS,LB,7826,weighted,,,,,,,,,,,,,,,,,,,,,,,,,,,,,,,,,,,,,,,,,,,,,5.48967280163599,1.76413156291111,0.11961145194274,0.0527804575989857,0.0566155419222904,0.0493976340401538,0.316308793456033,0.104004647666318,,,2005.0,1983-03-22,,,,4
Tremaine Edmunds,BUF,LB,13697,weighted,,,,,,,,,,,,,,,,,,,,,,,,,,,,,,,,,,,,,,,,,,,,,4.98361308677098,1.75061070518677,0.102368421052632,0.0199866598263729,0.102169274537696,0.025316442922298,0.519985775248933,0.056983444023231,0.0,0.0,2018.0,1998-05-02,,,,4
Matt Milano,BUF,LB,13307,weighted,,,,,,,,,,,,,,,,,,,,,,,,,,,,,,,,,,,,,,,,,,,,,5.41228016359918,1.58899577596157,0.0770654396728016,0.0910007244346067,0.100020449897751,0.0100308011756425,0.376513292433538,0.0666039509960656,,,2017.0,,,,,4
Shaq Green-Thompson,CAR,LB,12231,weighted,,,,,,,,,,,,,,,,,,,,,,,,,,,,,,,,,,,,,,,,,,,,,5.09584867075665,2.10512366396258,0.233067484662577,0.0415025192774885,0.0333537832310839,0.0306280007816468,0.176513292433538,0.0666039509960656,,,,1994-04-21,,,,4
DeVondre Campbell,ATL,LB,12779,weighted,,,,,,,,,,,,,,,,,,,,,,,,,,,,,,,,,,,,,,,,,,,,,4.7971881390593,2.00170406243889,0.0771267893660532,0.0738009580087414,0.0067280163599182,0.0115735321390712,0.0865644171779141,0.0577803275618633,,,2016.0,1993-07-01,,,,4
DeVondre Campbell,ARI,LB,12779,weighted,,,,,,,,,,,,,,,,,,,,,,,,,,,,,,,,,,,,,,,,,,,,,4.7971881390593,2.00170406243889,0.0771267893660532,0.0738009580087414,0.0067280163599182,0.0115735321390712,0.0865644171779141,0.0577803275618633,,,2016.0,1993-07-01,,,,4
Zach Cunningham,HOU,LB,13216,weighted,,,,,,,,,,,,,,,,,,,,,,,,,,,,,,,,,,,,,,,,,,,,,5.90618609406953,0.975235191520092,0.139652351738241,0.0527460021226969,0.0735173824130879,0.0304597912046085,0.347177914110429,0.0754756134736502,,,2017.0,1994-12-12,,,,4
Nick Vigil,CIN,LB,12762,weighted,,,,,,,,,,,,,,,,,,,,,,,,,,,,,,,,,,,,,,,,,,,,,5.23653374233129,1.52970061906632,0.0504192229038855,0.0701101105339154,0.0401635991820041,0.0264920546649154,0.21359918200409,0.0416746279948504,,,2016.0,1993-08-20,,,,4
Nick Vigil,LAC,LB,12762,weighted,,,,,,,,,,,,,,,,,,,,,,,,,,,,,,,,,,,,,,,,,,,,,5.23653374233129,1.52970061906632,0.0504192229038855,0.0701101105339154,0.0401635991820041,0.0264920546649154,0.21359918200409,0.0416746279948504,,,2016.0,1993-08-20,,,,4
Deion Jones,ATL,LB,12745,weighted,,,,,,,,,,,,,,,,,,,,,,,,,,,,,,,,,,,,,,,,,,,,,5.31687055476529,1.33739397554094,0.0813442389758179,0.0398838638282937,0.0977596017069701,0.0121420262073004,0.526495969653864,0.0639289659980527,0.0,0.0,2016.0,1994-11-04,,,,4
Haason Reddick,ARI,LB,13245,weighted,,,,,,,,,,,,,,,,,,,,,,,,,,,,,,,,,,,,,,,,,,,,,5.11276073619632,1.60688224112152,0.187188139059305,0.0708223034125923,0.0400817995910021,0.0401232047025702,0.36721881390593,0.0755103978127919,,,2017.0,1994-09-22,,,,4
Jayon Brown,TEN,LB,13304,weighted,,,,,,,,,,,,,,,,,,,,,,,,,,,,,,,,,,,,,,,,,,,,,5.22780163599182,1.39528496631581,0.247024539877301,0.072528619886234,0.109233128834356,0.113213420210475,0.456697341513292,0.037918839665539,,,2017.0,1995-02-26,,,,4
Anthony Walker,IND,LB,13306,weighted,,,,,,,,,,,,,,,,,,,,,,,,,,,,,,,,,,,,,,,,,,,,,5.51622699386503,1.1240727389499,0.0503271983640082,0.0529841093298308,0.0499693251533742,0.017334098268559,0.170357873210634,0.0891523309015009,,,2017.0,1995-08-08,,,,4
Preston Brown,CIN,LB,11775,weighted,,,,,,,,,,,,,,,,,,,,,,,,,,,,,,,,,,,,,,,,,,,,,4.56565439672802,2.03777968687884,0.0166768916155419,0.0153140003908234,0.0930674846625767,0.0415025192774885,0.219529652351738,0.11118789920504,,,2014.0,1992-10-27,,,,4
Preston Brown,FA,LB,11775,weighted,,,,,,,,,,,,,,,,,,,,,,,,,,,,,,,,,,,,,,,,,,,,,4.56565439672802,2.03777968687884,0.0166768916155419,0.0153140003908234,0.0930674846625767,0.0415025192774885,0.219529652351738,0.11118789920504,,,2014.0,1992-10-27,,,,4
Demario Davis,NO,LB,10816,weighted,,,,,,,,,,,,,,,,,,,,,,,,,,,,,,,,,,,,,,,,,,,,,4.73311522048364,1.31138229489234,0.223349928876245,0.0429006378513291,0.0652702702702703,0.0277414840457854,0.216972498814604,0.0525258742466503,0.0,0.0,2012.0,1989-01-11,,,,4
Kyzir White,LAC,LB,13762,weighted,,,,,,,,,,,,,,,,,,,,,,,,,,,,,,,,,,,,,,,,,,,,,4.20042944785276,2.02637652315431,0.0535480572597137,0.0405073624867491,0.129253578732106,0.114960025414002,0.256247443762781,0.137909644878089,,,2018.0,1996-03-24,,,,4
A.J. Klein,NO,LB,11375,weighted,,,,,,,,,,,,,,,,,,,,,,,,,,,,,,,,,,,,,,,,,,,,,4.32669734151329,1.64591251079562,0.133609406952965,0.0682750068593357,0.0369018404907975,0.0320596621059961,0.156820040899796,0.0853053320177314,,,2013.0,1991-07-30,,,,4
A.J. Klein,BUF,LB,11375,weighted,,,,,,,,,,,,,,,,,,,,,,,,,,,,,,,,,,,,,,,,,,,,,4.32669734151329,1.64591251079562,0.133609406952965,0.0682750068593357,0.0369018404907975,0.0320596621059961,0.156820040899796,0.0853053320177314,,,2013.0,1991-07-30,,,,4
Nicholas Morrow,OAK,LB,13426,weighted,,,,,,,,,,,,,,,,,,,,,,,,,,,,,,,,,,,,,,,,,,,,,3.68876278118609,2.11154086091968,0.0569018404907976,0.0320596621059961,0.0100920245398773,0.0173602982086068,0.133353783231084,0.0306280007816468,,,2017.0,1995-07-10,,,,4
Nicholas Morrow,LVR,LB,13426,weighted,,,,,,,,,,,,,,,,,,,,,,,,,,,,,,,,,,,,,,,,,,,,,3.68876278118609,2.11154086091968,0.0569018404907976,0.0320596621059961,0.0100920245398773,0.0173602982086068,0.133353783231084,0.0306280007816468,,,2017.0,1995-07-10,,,,4
Raekwon McMillan,MIA,LB,13222,weighted,,,,,,,,,,,,,,,,,,,,,,,,,,,,,,,,,,,,,,,,,,,,,3.97488752556237,1.76027048091754,0.0201635991820041,0.0264920546649154,0.0033640081799591,0.0057867660695355,0.0667893660531697,0.040543892556401,,,2017.0,1996-11-17,,,,4
Nigel Bradham,PHI,LB,10827,weighted,,,,,,,,,,,,,,,,,,,,,,,,,,,,,,,,,,,,,,,,,,,,,5.22907975460123,0.664040308439817,0.096799591002045,0.0208373139974252,0.0532515337423313,0.0462242620494906,0.3340081799591,0.098341656220125,,,2012.0,1989-09-04,,,,4
Nigel Bradham,FA,LB,10827,weighted,,,,,,,,,,,,,,,,,,,,,,,,,,,,,,,,,,,,,,,,,,,,,5.22907975460123,0.664040308439817,0.096799591002045,0.0208373139974252,0.0532515337423313,0.0462242620494906,0.3340081799591,0.098341656220125,,,2012.0,1989-09-04,,,,4
Devin White,TB,LB,14168,weighted,,,,,,,,,,,,,,,,,,,,,,,,,,,,,,,,,,,,,,,,,,,,,5.95,0.0,0.1,1.9825159407563102e-17,0.0,0.0,0.12,0.0,,,2019.0,1998-02-17,O,Knee - MCL,2019.0,4
Jerome Baker,MIA,LB,13706,weighted,,,,,,,,,,,,,,,,,,,,,,,,,,,,,,,,,,,,,,,,,,,,,5.0079345603272,0.735405240173147,0.12719836400818,0.0833492559897008,0.056881390593047,0.0320423305210313,0.263997955010225,0.090498667296943,,,2018.0,1996-12-25,,,,4
Benardrick McKinney,HOU,LB,12272,weighted,,,,,,,,,,,,,,,,,,,,,,,,,,,,,,,,,,,,,,,,,,,,,4.79395705521472,0.820079737011979,0.143302658486708,0.037918839665539,0.0601226993865031,0.0172669940442506,0.327137014314928,0.0805993303843387,,,2015.0,1992-11-19,,,,4
Josey Jewell,DEN,LB,13702,weighted,,,,,,,,,,,,,,,,,,,,,,,,,,,,,,,,,,,,,,,,,,,,,4.31302658486708,1.39736295877459,0.053640081799591,0.0471080911015084,0.0497443762781186,0.0498848712961693,0.190112474437628,0.0856827756279043,,,2018.0,1994-12-25,Q,Hamstring,2019.0,4
Ben Gedeon,MIN,LB,13291,weighted,,,,,,,,,,,,,,,,,,,,,,,,,,,,,,,,,,,,,,,,,,,,,3.2129754601227,2.23690581971703,0.0,0.0,0.0168200408997955,0.028933830347678,0.139652351738241,0.0984055340832768,,,2017.0,1994-10-16,,,,4
Christian Jones,DET,LB,11724,weighted,,,,,,,,,,,,,,,,,,,,,,,,,,,,,,,,,,,,,,,,,,,,,3.51166666666667,1.80398225978879,0.153261758691207,0.0452252264890861,0.0232617586912065,0.0208009295332636,0.250112474437628,0.0435914197791499,,,2014.0,1991-02-18,,,,4
Brennan Scarlett,HOU,LB,12964,weighted,,,,,,,,,,,,,,,,,,,,,,,,,,,,,,,,,,,,,,,,,,,,,3.13894683026585,2.07472329782613,0.0199693251533742,0.017334098268559,0.0331901840490798,0.0250968483066718,0.123548057259714,0.0405073624867491,,,2016.0,1993-07-31,,,,4
Lorenzo Alexander,BUF,LB,8951,weighted,,,,,,,,,,,,,,,,,,,,,,,,,,,,,,,,,,,,,,,,,,,,,3.69865030674847,1.54390936130632,0.343087934560327,0.0449766165566797,0.0892740286298569,0.098265956798129,0.386278118609407,0.210715377864946,,,2006.0,1983-05-31,,,,4
Lorenzo Alexander,FA,LB,8951,weighted,,,,,,,,,,,,,,,,,,,,,,,,,,,,,,,,,,,,,,,,,,,,,3.69865030674847,1.54390936130632,0.343087934560327,0.0449766165566797,0.0892740286298569,0.098265956798129,0.386278118609407,0.210715377864946,,,2006.0,1983-05-31,,,,4
Matthew Adams,IND,LB,13826,weighted,,,,,,,,,,,,,,,,,,,,,,,,,,,,,,,,,,,,,,,,,,,,,3.05266871165644,2.10634044396174,0.0267689161554192,0.0306477800178765,0.0397955010224949,0.0399078970369354,0.145664621676892,0.152591303256115,,,2018.0,,,,,4
Zach Brown,PHI,LB,10770,weighted,,,,,,,,,,,,,,,,,,,,,,,,,,,,,,,,,,,,,,,,,,,,,4.77929447852761,0.547177886301957,0.0735173824130879,0.0514777135231428,0.0266053169734151,0.0152552836708153,0.239734151329243,0.0723368694433556,,,2012.0,1989-10-23,,,,4
Zach Brown,FA,LB,10770,weighted,,,,,,,,,,,,,,,,,,,,,,,,,,,,,,,,,,,,,,,,,,,,,4.77929447852761,0.547177886301957,0.0735173824130879,0.0514777135231428,0.0266053169734151,0.0152552836708153,0.239734151329243,0.0723368694433556,,,2012.0,1989-10-23,,,,4
Leon Jacobs,JAC,LB,13834,weighted,,,,,,,,,,,,,,,,,,,,,,,,,,,,,,,,,,,,,,,,,,,,,3.04705521472393,2.13436360919307,0.103220858895706,0.0152464656598478,0.0298466257668712,0.0299309227777016,0.0595296523517382,0.0697751985244402,,,2018.0,,,,,4
Vontaze Burfict,OAK,LB,10772,weighted,,,,,,,,,,,,,,,,,,,,,,,,,,,,,,,,,,,,,,,,,,,,,4.11656441717791,1.19816937433707,0.0470143149284254,0.0503294230927654,0.0267689161554192,0.0306477800178765,0.269867075664622,0.0361684347216778,,,2012.0,1990-09-24,,,,4
Vontaze Burfict,FA,LB,10772,weighted,,,,,,,,,,,,,,,,,,,,,,,,,,,,,,,,,,,,,,,,,,,,,4.11656441717791,1.19816937433707,0.0470143149284254,0.0503294230927654,0.0267689161554192,0.0306477800178765,0.269867075664622,0.0361684347216778,,,2012.0,1990-09-24,,,,4
K.J. Wright,SEA,LB,10350,weighted,,,,,,,,,,,,,,,,,,,,,,,,,,,,,,,,,,,,,,,,,,,,,4.82105316973415,0.569908035137825,0.0603476482617587,0.0609432570482289,0.0934355828220859,0.0152817430934031,0.439877300613497,0.0601848070538552,,,2011.0,1989-07-23,,,,4
Damien Wilson,KC,LB,12302,weighted,,,,,,,,,,,,,,,,,,,,,,,,,,,,,,,,,,,,,,,,,,,,,3.66449897750511,1.51164282744465,0.113026584867076,0.0415365751923935,0.0299897750511247,0.0265072792766298,0.213885480572597,0.0808392416086526,,,2015.0,1993-05-28,,,,4
Jon Bostic,WAS,LB,11299,weighted,,,,,,,,,,,,,,,,,,,,,,,,,,,,,,,,,,,,,,,,,,,,,4.52936605316973,0.635953656694894,0.156625766871166,0.0405239588321962,0.0268507157464213,0.0251290226455299,0.163568507157464,0.0402996651921693,,,2013.0,1991-05-05,,,,4
Reggie Ragland,KC,LB,12703,weighted,,,,,,,,,,,,,,,,,,,,,,,,,,,,,,,,,,,,,,,,,,,,,3.03779141104294,2.15851143496771,0.0602044989775051,0.0399078970369354,0.0298261758691207,0.0263730010613484,0.0667893660531697,0.0305105673416307,,,2016.0,1993-09-24,,,,4
Reggie Ragland,DET,LB,12703,weighted,,,,,,,,,,,,,,,,,,,,,,,,,,,,,,,,,,,,,,,,,,,,,3.03779141104294,2.15851143496771,0.0602044989775051,0.0399078970369354,0.0298261758691207,0.0263730010613484,0.0667893660531697,0.0305105673416307,,,2016.0,1993-09-24,,,,4
Bryce Hager,LAR,LB,12244,weighted,,,,,,,,,,,,,,,,,,,,,,,,,,,,,,,,,,,,,,,,,,,,,2.75397849462366,3.42239682094289,0.0248387096774194,0.0212132034355964,0.0,0.0,0.0595698924731183,0.0565685424949238,,,2015.0,1992-05-04,,,,4
Bryce Hager,FA,LB,12244,weighted,,,,,,,,,,,,,,,,,,,,,,,,,,,,,,,,,,,,,,,,,,,,,2.75397849462366,3.42239682094289,0.0248387096774194,0.0212132034355964,0.0,0.0,0.0595698924731183,0.0565685424949238,,,2015.0,1992-05-04,,,,4
Patrick Onwuasor,BAL,LB,13026,weighted,,,,,,,,,,,,,,,,,,,,,,,,,,,,,,,,,,,,,,,,,,,,,4.56447852760736,0.759917795185555,0.486748466257669,0.0810479176643923,0.0334355828220859,0.0152817430934031,0.34379345603272,0.15681198933755,,,2016.0,1992-08-22,,,,4
Patrick Onwuasor,NYJ,LB,13026,weighted,,,,,,,,,,,,,,,,,,,,,,,,,,,,,,,,,,,,,,,,,,,,,4.56447852760736,0.759917795185555,0.486748466257669,0.0810479176643923,0.0334355828220859,0.0152817430934031,0.34379345603272,0.15681198933755,,,2016.0,1992-08-22,,,,4
Kyle Van Noy,NE,LB,11723,weighted,,,,,,,,,,,,,,,,,,,,,,,,,,,,,,,,,,,,,,,,,,,,,3.94302658486708,1.00382155503279,0.397208588957055,0.0749788201513743,0.0398773006134969,0.0172669940442506,0.256411042944785,0.0587653460966181,,,2014.0,1991-03-26,,,,4
Kyle Van Noy,MIA,LB,11723,weighted,,,,,,,,,,,,,,,,,,,,,,,,,,,,,,,,,,,,,,,,,,,,,3.94302658486708,1.00382155503279,0.397208588957055,0.0749788201513743,0.0398773006134969,0.0172669940442506,0.256411042944785,0.0587653460966181,,,2014.0,1991-03-26,,,,4
Devin Bush,PIT,LB,14170,weighted,,,,,,,,,,,,,,,,,,,,,,,,,,,,,,,,,,,,,,,,,,,,,3.4634963099631,1.33359689097482,0.33929889298893,0.113103021929023,0.0302767527675277,0.0315653989974444,0.215027675276753,0.0143525605142541,0.0,0.0,2019.0,1998-07-18,,,,4
Rashaan Evans,TEN,LB,13699,weighted,,,,,,,,,,,,,,,,,,,,,,,,,,,,,,,,,,,,,,,,,,,,,3.78505112474438,1.74332242364548,0.0669325153374233,0.0552223422258509,0.0168200408997955,0.028933830347678,0.110316973415133,0.070198368614927,,,2018.0,1996-11-08,,,,4
Jadeveon Clowney,SEA,LB,11706,weighted,,,,,,,,,,,,,,,,,,,,,,,,,,,,,,,,,,,,,,,,,,,,,3.53935483870968,2.05768073325285,0.574516129032258,0.0636396103067893,0.02,0.0,0.164623655913978,0.0494974746830583,,,2014.0,1993-02-14,,,,4
Jadeveon Clowney,FA,LB,11706,weighted,,,,,,,,,,,,,,,,,,,,,,,,,,,,,,,,,,,,,,,,,,,,,3.53935483870968,2.05768073325285,0.574516129032258,0.0636396103067893,0.02,0.0,0.164623655913978,0.0494974746830583,,,2014.0,1993-02-14,,,,4
Mark Barron,PIT,LB,10782,weighted,,,,,,,,,,,,,,,,,,,,,,,,,,,,,,,,,,,,,,,,,,,,,3.72775051124744,1.47682778156769,0.172811860940695,0.0904842548361715,0.0234049079754601,0.0252465936894285,0.130521472392638,0.11389626992574,,,2012.0,1989-10-27,,,,4
Mark Barron,FA,LB,10782,weighted,,,,,,,,,,,,,,,,,,,,,,,,,,,,,,,,,,,,,,,,,,,,,3.72775051124744,1.47682778156769,0.172811860940695,0.0904842548361715,0.0234049079754601,0.0252465936894285,0.130521472392638,0.11389626992574,,,2012.0,1989-10-27,,,,4
Jordan Evans,CIN,LB,13327,weighted,,,,,,,,,,,,,,,,,,,,,,,,,,,,,,,,,,,,,,,,,,,,,2.9819018404908,1.72562499858598,0.0647699386503068,0.0448963841665523,0.0199795501022495,0.0100308011756425,0.0997137014314928,0.0399685901488283,,,2017.0,,,,,4
Whitney Mercilus,HOU,LB,10754,weighted,,,,,,,,,,,,,,,,,,,,,,,,,,,,,,,,,,,,,,,,,,,,,3.48378323108384,1.29265908971807,0.695715746421268,0.179389748155603,0.0468916155419223,0.0502450685325976,0.163568507157464,0.0402996651921693,,,2012.0,1990-07-21,,,,4
Elandon Roberts,NE,LB,12831,weighted,,,,,,,,,,,,,,,,,,,,,,,,,,,,,,,,,,,,,,,,,,,,,3.27692229038855,1.42810487034175,0.0266768916155419,0.0153140003908234,0.023118609406953,0.0320423305210313,0.259284253578732,0.178304661803002,,,2016.0,1994-04-22,,,,4
Elandon Roberts,MIA,LB,12831,weighted,,,,,,,,,,,,,,,,,,,,,,,,,,,,,,,,,,,,,,,,,,,,,3.27692229038855,1.42810487034175,0.0266768916155419,0.0153140003908234,0.023118609406953,0.0320423305210313,0.259284253578732,0.178304661803002,,,2016.0,1994-04-22,,,,4
Corey Nelson,DEN,LB,11877,weighted,,,,,,,,,,,,,,,,,,,,,,,,,,,,,,,,,,,,,,,,,,,,,2.86817204301075,2.87085353161738,0.0646236559139785,0.0494974746830583,0.0050537634408602,0.0070710678118654,0.114516129032258,0.0636396103067893,,,2014.0,1992-04-22,,,,4
Corey Nelson,FA,LB,11877,weighted,,,,,,,,,,,,,,,,,,,,,,,,,,,,,,,,,,,,,,,,,,,,,2.86817204301075,2.87085353161738,0.0646236559139785,0.0494974746830583,0.0050537634408602,0.0070710678118654,0.114516129032258,0.0636396103067893,,,2014.0,1992-04-22,,,,4
Todd Davis,DEN,LB,12087,weighted,,,,,,,,,,,,,,,,,,,,,,,,,,,,,,,,,,,,,,,,,,,,,4.85015243902439,0.0707106781186551,0.0751067073170732,0.0494974746830583,0.0501219512195122,0.0565685424949238,0.30030487804878,0.14142135623731,,,2014.0,1992-05-17,,,,4
Khalil Mack,CHI,LB,11721,weighted,,,,,,,,,,,,,,,,,,,,,,,,,,,,,,,,,,,,,,,,,,,,,3.6172759601707,0.833333024757684,0.780881934566145,0.0974897288216649,0.0605761024182077,0.0325190500903753,0.243610715979137,0.0593093820138823,0.0,0.0,2014.0,1991-02-22,,,,4
Terrell Suggs,ARI,LB,6938,weighted,,,,,,,,,,,,,,,,,,,,,,,,,,,,,,,,,,,,,,,,,,,,,2.60344580777096,1.93013935409514,0.343445807770961,0.0452352749753644,0.0033640081799591,0.0057867660695355,0.173231083844581,0.0306477800178765,,,2003.0,1982-10-11,,,,4
Terrell Suggs,FA,LB,6938,weighted,,,,,,,,,,,,,,,,,,,,,,,,,,,,,,,,,,,,,,,,,,,,,2.60344580777096,1.93013935409514,0.343445807770961,0.0452352749753644,0.0033640081799591,0.0057867660695355,0.173231083844581,0.0306477800178765,,,2003.0,1982-10-11,,,,4
Donta Hightower,NE,LB,10774,weighted,,,,,,,,,,,,,,,,,,,,,,,,,,,,,,,,,,,,,,,,,,,,,2.83529652351738,1.74090825688713,0.179877300613497,0.069336393074236,0.0267280163599182,0.0115735321390712,0.0735787321063395,0.0351095395478657,,,2012.0,1990-03-12,O,Shoulder,2019.0,4
Jarrad Davis,DET,LB,13221,weighted,,,,,,,,,,,,,,,,,,,,,,,,,,,,,,,,,,,,,,,,,,,,,3.21704498977505,2.08716372347904,0.229498977505113,0.104682882427416,0.0264621676891616,0.0287783234070843,0.186482617586912,0.110478773241377,,,2017.0,,,,,4
Kenny Young,BAL,LB,13765,weighted,,,,,,,,,,,,,,,,,,,,,,,,,,,,,,,,,,,,,,,,,,,,,3.9400408997955,1.00487557076669,0.140163599182004,0.0528925319523154,0.0266666666666667,0.0208612456190452,0.170153374233129,0.0299309227777016,,,2018.0,1995-11-15,,,,4
Kenny Young,LAR,LB,13765,weighted,,,,,,,,,,,,,,,,,,,,,,,,,,,,,,,,,,,,,,,,,,,,,3.9400408997955,1.00487557076669,0.140163599182004,0.0528925319523154,0.0266666666666667,0.0208612456190452,0.170153374233129,0.0299309227777016,,,2018.0,1995-11-15,,,,4
Lorenzo Carter,NYG,LB,13703,weighted,,,,,,,,,,,,,,,,,,,,,,,,,,,,,,,,,,,,,,,,,,,,,3.10779141104295,1.59652180951041,0.256758691206544,0.0552393866206883,0.0332106339468303,0.0305105673416306,0.207157464212679,0.0702190790957314,,,2018.0,1995-12-10,,,,4
Uchenna Nwosu,LAC,LB,13704,weighted,,,,,,,,,,,,,,,,,,,,,,,,,,,,,,,,,,,,,,,,,,,,,2.59467280163599,1.96908375447669,0.183456032719836,0.0804425131019093,0.0198977505112474,0.0199539485184677,0.0398568507157464,0.0199842950744142,,,2018.0,1996-12-28,,,,4
Shaquil Barrett,TB,LB,12075,weighted,,,,,,,,,,,,,,,,,,,,,,,,,,,,,,,,,,,,,,,,,,,,,3.44416155419223,1.35132865134406,0.859744376278119,0.226351422607926,0.0333128834355828,0.0115560655123727,0.144018404907975,0.111656786164504,,,2014.0,1992-11-17,,,,4
Quincy Williams,JAC,LB,14221,weighted,,,,,,,,,,,,,,,,,,,,,,,,,,,,,,,,,,,,,,,,,,,,,4.46550304878049,0.233345237791561,0.120213414634146,0.0989949493661166,0.0300914634146341,0.0424264068711929,0.150365853658537,0.169705627484771,,,2019.0,1996-08-28,,,,4
Anthony Barr,MIN,LB,11720,weighted,,,,,,,,,,,,,,,,,,,,,,,,,,,,,,,,,,,,,,,,,,,,,3.53779141104294,0.887562295510271,0.240224948875256,0.0530716813311484,0.0267280163599182,0.0115735321390712,0.140654396728016,0.105968218659662,,,2014.0,1992-03-18,,,,4
Bobby Okereke,IND,LB,14218,weighted,,,,,,,,,,,,,,,,,,,,,,,,,,,,,,,,,,,,,,,,,,,,,2.55092987804878,2.75064537881567,0.115228658536585,0.106066017177982,0.0351067073170732,0.0494974746830583,0.270213414634146,0.0989949493661167,,,2019.0,1996-07-29,,,,4
Bud Dupree,PIT,LB,12234,weighted,,,,,,,,,,,,,,,,,,,,,,,,,,,,,,,,,,,,,,,,,,,,,3.08188139059305,1.17913643458447,0.323619631901841,0.0494176427423014,0.0300715746421268,0.009992147537207,0.236431492842536,0.0402996651921693,,,2015.0,1993-02-12,,,,4
Leonard Floyd,CHI,LB,12734,weighted,,,,,,,,,,,,,,,,,,,,,,,,,,,,,,,,,,,,,,,,,,,,,2.96811860940695,1.29416876732956,0.373149284253579,0.064277604926714,0.0332924335378323,0.0057556646814168,0.23321063394683,0.0305105673416306,,,2016.0,1992-09-08,,,,4
Leonard Floyd,LAR,LB,12734,weighted,,,,,,,,,,,,,,,,,,,,,,,,,,,,,,,,,,,,,,,,,,,,,2.96811860940695,1.29416876732956,0.373149284253579,0.064277604926714,0.0332924335378323,0.0057556646814168,0.23321063394683,0.0305105673416306,,,2016.0,1992-09-08,,,,4
Clay Matthews,LAR,LB,9464,weighted,,,,,,,,,,,,,,,,,,,,,,,,,,,,,,,,,,,,,,,,,,,,,3.04763803680982,1.22189479718108,0.602515337423313,0.159236514116011,0.0149744376278119,0.0049884871296169,0.140163599182004,0.0528925319523154,,,2009.0,1986-05-14,,,,4
Clay Matthews,FA,LB,9464,weighted,,,,,,,,,,,,,,,,,,,,,,,,,,,,,,,,,,,,,,,,,,,,,3.04763803680982,1.22189479718108,0.602515337423313,0.159236514116011,0.0149744376278119,0.0049884871296169,0.140163599182004,0.0528925319523154,,,2009.0,1986-05-14,,,,4
Jamie Collins,NE,LB,11349,weighted,,,,,,,,,,,,,,,,,,,,,,,,,,,,,,,,,,,,,,,,,,,,,3.29163109756098,1.56270598642227,0.354557926829268,0.205060966544099,0.164588414634146,0.190918830920368,0.329481707317073,0.240416305603426,,,2013.0,1990-05-02,,,,4
Jamie Collins,DET,LB,11349,weighted,,,,,,,,,,,,,,,,,,,,,,,,,,,,,,,,,,,,,,,,,,,,,3.29163109756098,1.56270598642227,0.354557926829268,0.205060966544099,0.164588414634146,0.190918830920368,0.329481707317073,0.240416305603426,,,2013.0,1990-05-02,,,,4
Matt Judon,BAL,LB,12795,weighted,,,,,,,,,,,,,,,,,,,,,,,,,,,,,,,,,,,,,,,,,,,,,3.22992842535787,0.972611786101699,0.616319018404908,0.0471423823709721,0.0166564417177914,0.0057780327561863,0.203364008179959,0.0057867660695355,,,2016.0,,,,,4
Pernell McPhee,BAL,LB,10402,weighted,,,,,,,,,,,,,,,,,,,,,,,,,,,,,,,,,,,,,,,,,,,,,3.46569892473118,1.22329473145273,0.259677419354839,0.0424264068711928,0.02,0.0,0.145483870967742,0.0636396103067893,,,2011.0,1988-12-17,,,,4
Preston Smith,GB,LB,12270,weighted,,,,,,,,,,,,,,,,,,,,,,,,,,,,,,,,,,,,,,,,,,,,,3.25006134969325,0.912224173787861,0.67260736196319,0.247840006876761,0.0902760736196319,0.0964164073900709,0.309601226993865,0.108505304165033,,,2015.0,1992-11-17,,,,4
Mychal Kendricks,SEA,LB,10807,weighted,,,,,,,,,,,,,,,,,,,,,,,,,,,,,,,,,,,,,,,,,,,,,3.4129754601227,1.08329722738642,0.192760736196319,0.100387393226687,0.0298466257668712,0.0299309227777016,0.199856850715746,0.0199842950744142,,,2012.0,1990-09-28,,,,4
Mychal Kendricks,FA,LB,10807,weighted,,,,,,,,,,,,,,,,,,,,,,,,,,,,,,,,,,,,,,,,,,,,,3.4129754601227,1.08329722738642,0.192760736196319,0.100387393226687,0.0298466257668712,0.0299309227777016,0.199856850715746,0.0199842950744142,,,2012.0,1990-09-28,,,,4
Sam Eguavoen,MIA,LB,14401,weighted,,,,,,,,,,,,,,,,,,,,,,,,,,,,,,,,,,,,,,,,,,,,,3.92599085365854,0.459619407771256,0.160274390243902,0.127279220613579,0.045015243902439,0.0070710678118654,0.140213414634146,0.0989949493661166,,,2019.0,1970-01-01,,,,4
Von Miller,DEN,LB,10267,weighted,,,,,,,,,,,,,,,,,,,,,,,,,,,,,,,,,,,,,,,,,,,,,2.96859918200409,1.10199349846331,0.626482617586912,0.0304597912046085,0.0334355828220859,0.0152817430934031,0.153680981595092,0.07593084661716,,,2011.0,1989-03-26,,,,4
Ryan Kerrigan,WAS,LB,10280,weighted,,,,,,,,,,,,,,,,,,,,,,,,,,,,,,,,,,,,,,,,,,,,,2.77514314928425,1.2196865347974,0.74381390593047,0.0734765274616678,0.0033640081799591,0.0057867660695355,0.129662576687117,0.0753676027988964,,,2011.0,1988-08-16,,,,4
Devon Kennard,DET,LB,11830,weighted,,,,,,,,,,,,,,,,,,,,,,,,,,,,,,,,,,,,,,,,,,,,,2.83570552147239,1.14376714617247,0.50601226993865,0.0900788983404372,0.0133128834355828,0.0115560655123727,0.113006134969325,0.0701039173451669,,,2014.0,1991-06-24,,,,4
Devon Kennard,ARI,LB,11830,weighted,,,,,,,,,,,,,,,,,,,,,,,,,,,,,,,,,,,,,,,,,,,,,2.83570552147239,1.14376714617247,0.50601226993865,0.0900788983404372,0.0133128834355828,0.0115560655123727,0.113006134969325,0.0701039173451669,,,2014.0,1991-06-24,,,,4
Harold Landry,TEN,LB,13700,weighted,,,,,,,,,,,,,,,,,,,,,,,,,,,,,,,,,,,,,,,,,,,,,2.96415132924335,1.22502187343945,0.333568507157464,0.0494619973971819,0.020040899795501,0.0200616023512851,0.143159509202454,0.0403508463394188,,,2018.0,1996-06-05,,,,4
Darius Leonard,IND,LB,13733,weighted,,,,,,,,,,,,,,,,,,,,,,,,,,,,,,,,,,,,,,,,,,,,,3.95,6.34405101042018e-16,0.14,0.0,0.04,0.0,0.2,3.96503188151261e-17,,,2018.0,,O,Concussion,2019.0,4
Myles Jack,JAC,LB,12702,weighted,,,,,,,,,,,,,,,,,,,,,,,,,,,,,,,,,,,,,,,,,,,,,3.29260147601476,0.792151840507955,0.136420664206642,0.0678618131574139,0.0576014760147601,0.0462665031339724,0.0649907749077491,0.0047841868380847,0.0,0.0,2016.0,1995-09-03,,,,4
Shaun Dion Hamilton,WAS,LB,13812,weighted,,,,,,,,,,,,,,,,,,,,,,,,,,,,,,,,,,,,,,,,,,,,,3.20881097560976,0.551543289325507,0.174923780487805,0.0353553390593274,0.0349237804878049,0.0353553390593274,0.0799390243902439,0.0282842712474619,,,2018.0,1995-09-11,,,,4
Mack Wilson,CLE,LB,14169,weighted,,,,,,,,,,,,,,,,,,,,,,,,,,,,,,,,,,,,,,,,,,,,,2.34849085365854,1.61927452891719,0.0951676829268293,0.0777817459305202,0.0200609756097561,0.0282842712474619,0.125106707317073,0.0494974746830583,,,2019.0,1998-02-14,,,,4
Jatavis Brown,LAC,LB,12805,weighted,,,,,,,,,,,,,,,,,,,,,,,,,,,,,,,,,,,,,,,,,,,,,2.1565243902439,1.61220346110533,0.024984756097561,0.0070710678118654,0.01,0.0,0.129786585365854,0.0989949493661167,,,2016.0,1994-02-18,,,,4
Jatavis Brown,PHI,LB,12805,weighted,,,,,,,,,,,,,,,,,,,,,,,,,,,,,,,,,,,,,,,,,,,,,2.1565243902439,1.61220346110533,0.024984756097561,0.0070710678118654,0.01,0.0,0.129786585365854,0.0989949493661167,,,2016.0,1994-02-18,,,,4
Jahlani Tavai,DET,LB,14200,weighted,,,,,,,,,,,,,,,,,,,,,,,,,,,,,,,,,,,,,,,,,,,,,2.49240853658537,1.11722871427475,0.235106707317073,0.0494974746830583,0.0150457317073171,0.0212132034355964,0.115198170731707,0.0919238815542512,,,2019.0,1996-09-28,,,,4
Kiko Alonso,NO,LB,11308,weighted,,,,,,,,,,,,,,,,,,,,,,,,,,,,,,,,,,,,,,,,,,,,,2.97583841463415,0.388908729652601,0.0598780487804878,0.0565685424949238,0.044984756097561,0.0070710678118654,0.140121951219512,0.0565685424949238,,,2013.0,1990-08-14,,,,4
Bradley Chubb,DEN,LB,13681,weighted,,,,,,,,,,,,,,,,,,,,,,,,,,,,,,,,,,,,,,,,,,,,,3.10030487804878,0.14142135623731,0.510335365853658,0.15556349186104,0.010030487804878,0.014142135623731,0.15015243902439,0.0707106781186548,,,2018.0,1996-06-24,,,,4
Foyesade Oluokun,ATL,LB,13813,weighted,,,,,,,,,,,,,,,,,,,,,,,,,,,,,,,,,,,,,,,,,,,,,2.47780487804878,1.01823376490863,0.02,0.0,0.010030487804878,0.014142135623731,0.060030487804878,0.014142135623731,,,2018.0,1995-08-02,,,,4
T.J. Watt,PIT,LB,13214,weighted,,,,,,,,,,,,,,,,,,,,,,,,,,,,,,,,,,,,,,,,,,,,,2.8902743902439,0.127279220613579,0.50030487804878,0.141421356237309,0.114740853658537,0.120208152801713,0.324771341463415,0.106066017177982,,,2017.0,1994-10-11,,,,4
Wesley Woodyard,TEN,LB,9330,weighted,,,,,,,,,,,,,,,,,,,,,,,,,,,,,,,,,,,,,,,,,,,,,1.92263719512195,1.09601551083915,0.124771341463415,0.106066017177982,0.005015243902439,0.0070710678118654,0.0699085365853658,0.0424264068711929,,,2008.0,1986-07-21,,,,4
Wesley Woodyard,FA,LB,9330,weighted,,,,,,,,,,,,,,,,,,,,,,,,,,,,,,,,,,,,,,,,,,,,,1.92263719512195,1.09601551083915,0.124771341463415,0.106066017177982,0.005015243902439,0.0070710678118654,0.0699085365853658,0.0424264068711929,,,2008.0,1986-07-21,,,,4
Denzel Perryman,LAC,LB,12238,weighted,,,,,,,,,,,,,,,,,,,,,,,,,,,,,,,,,,,,,,,,,,,,,1.74208841463415,1.35057395206631,0.03,0.0,0.019969512195122,0.0141421356237309,0.0699390243902439,0.0282842712474619,,,,1992-12-05,,,,4
Sean Lee,DAL,LB,9866,weighted,,,,,,,,,,,,,,,,,,,,,,,,,,,,,,,,,,,,,,,,,,,,,2.32568597560976,0.318198051533946,0.04,0.0,0.0,0.0,0.05,0.0,,,2010.0,1986-07-22,,,,4
Adarius Glanton,CLE,LB,12072,weighted,,,,,,,,,,,,,,,,,,,,,,,,,,,,,,,,,,,,,,,,,,,,,1.61778963414634,1.29400540957138,0.02,0.0,0.0150457317073171,0.0212132034355964,0.120091463414634,0.0424264068711929,,,2014.0,1990-09-21,,,,4
Adarius Glanton,FA,LB,12072,weighted,,,,,,,,,,,,,,,,,,,,,,,,,,,,,,,,,,,,,,,,,,,,,1.61778963414634,1.29400540957138,0.02,0.0,0.0150457317073171,0.0212132034355964,0.120091463414634,0.0424264068711929,,,2014.0,1990-09-21,,,,4
ZaDarius Smith,GB,LB,12301,weighted,,,,,,,,,,,,,,,,,,,,,,,,,,,,,,,,,,,,,,,,,,,,,2.24452743902439,0.21920310216783,0.599695121951219,0.141421356237309,0.010030487804878,0.014142135623731,0.0951676829268293,0.0777817459305202,,,,1992-09-08,,,,4
Darron Lee,KC,LB,12705,weighted,,,,,,,,,,,,,,,,,,,,,,,,,,,,,,,,,,,,,,,,,,,,,2.16048780487805,0.226274169979695,0.0648932926829268,0.0494974746830583,0.0300609756097561,0.0282842712474619,0.105137195121951,0.0636396103067893,,,2016.0,1994-10-18,,,,4
Darron Lee,FA,LB,12705,weighted,,,,,,,,,,,,,,,,,,,,,,,,,,,,,,,,,,,,,,,,,,,,,2.16048780487805,0.226274169979695,0.0648932926829268,0.0494974746830583,0.0300609756097561,0.0282842712474619,0.105137195121951,0.0636396103067893,,,2016.0,1994-10-18,,,,4
Eric Wilson,MIN,LB,13447,weighted,,,,,,,,,,,,,,,,,,,,,,,,,,,,,,,,,,,,,,,,,,,,,1.42294207317073,0.954594154601839,0.204710365853659,0.134350288425444,0.0,0.0,0.0150457317073171,0.0212132034355964,,,2017.0,1994-09-26,,,,4
Samson Ebukam,LAR,LB,13294,weighted,,,,,,,,,,,,,,,,,,,,,,,,,,,,,,,,,,,,,,,,,,,,,1.82036585365854,0.169705627484771,0.120060975609756,0.0282842712474619,0.0250457317073171,0.0212132034355964,0.210030487804878,0.0141421356237309,,,2017.0,1995-05-09,,,,4
Kamu Grugier-Hill,PHI,LB,12828,weighted,,,,,,,,,,,,,,,,,,,,,,,,,,,,,,,,,,,,,,,,,,,,,1.20349085365854,0.700035713374682,0.0250762195121951,0.0353553390593274,0.0299390243902439,0.0282842712474619,0.0749237804878049,0.0353553390593274,,,2016.0,1994-05-16,,,,4
Kamu Grugier-Hill,MIA,LB,12828,weighted,,,,,,,,,,,,,,,,,,,,,,,,,,,,,,,,,,,,,,,,,,,,,1.20349085365854,0.700035713374682,0.0250762195121951,0.0353553390593274,0.0299390243902439,0.0282842712474619,0.0749237804878049,0.0353553390593274,,,2016.0,1994-05-16,,,,4
Dorian O'Daniel,KC,LB,13701,weighted,,,,,,,,,,,,,,,,,,,,,,,,,,,,,,,,,,,,,,,,,,,,,0.963064024390244,0.898025612106915,0.029969512195122,0.014142135623731,0.0,0.0,0.005015243902439,0.0070710678118654,,,2018.0,1994-09-04,,,,4
Ja'Whaun Bentley,NE,LB,13775,weighted,,,,,,,,,,,,,,,,,,,,,,,,,,,,,,,,,,,,,,,,,,,,,1.4097256097561,0.127279220613579,0.0250762195121951,0.0353553390593274,0.015015243902439,0.0070710678118654,0.0601524390243902,0.0707106781186548,,,2018.0,1996-08-24,,,,4
Deone Bucannon,TB,LB,11767,weighted,,,,,,,,,,,,,,,,,,,,,,,,,,,,,,,,,,,,,,,,,,,,,1.08905487804878,0.438406204335659,0.0849542682926829,0.0212132034355964,0.005015243902439,0.0070710678118654,0.0699085365853658,0.0424264068711929,,,2014.0,1992-08-30,,,,4
Deone Bucannon,ATL,LB,11767,weighted,,,,,,,,,,,,,,,,,,,,,,,,,,,,,,,,,,,,,,,,,,,,,1.08905487804878,0.438406204335659,0.0849542682926829,0.0212132034355964,0.005015243902439,0.0070710678118654,0.0699085365853658,0.0424264068711929,,,2014.0,1992-08-30,,,,4
Duke Riley,ATL,LB,13220,weighted,,,,,,,,,,,,,,,,,,,,,,,,,,,,,,,,,,,,,,,,,,,,,0.783429878048781,0.728319984622144,0.0,0.0,0.005015243902439,0.0070710678118654,0.0349237804878049,0.0353553390593274,,,2017.0,1994-08-09,,,,4
Duke Riley,PHI,LB,13220,weighted,,,,,,,,,,,,,,,,,,,,,,,,,,,,,,,,,,,,,,,,,,,,,0.783429878048781,0.728319984622144,0.0,0.0,0.005015243902439,0.0070710678118654,0.0349237804878049,0.0353553390593274,,,2017.0,1994-08-09,,,,4
Jermaine Carter,CAR,LB,13787,weighted,,,,,,,,,,,,,,,,,,,,,,,,,,,,,,,,,,,,,,,,,,,,,0.821280487804878,0.5939696961967,0.03,0.0,0.0,0.0,0.0500914634146341,0.0424264068711929,,,2018.0,,,,,4
Ryan Anderson,WAS,LB,13218,weighted,,,,,,,,,,,,,,,,,,,,,,,,,,,,,,,,,,,,,,,,,,,,,1.15015243902439,0.0707106781186547,0.110030487804878,0.0141421356237309,0.0,0.0,0.060030487804878,0.014142135623731,,,2017.0,,,,,4
Tyus Bowser,BAL,LB,13256,weighted,,,,,,,,,,,,,,,,,,,,,,,,,,,,,,,,,,,,,,,,,,,,,1.0846493902439,0.162634559672906,0.14984756097561,0.0707106781186548,0.005015243902439,0.0070710678118654,0.0899695121951219,0.014142135623731,,,2017.0,1995-05-23,,,,4
Joe Thomas,DAL,LB,12525,weighted,,,,,,,,,,,,,,,,,,,,,,,,,,,,,,,,,,,,,,,,,,,,,0.820365853658537,0.169705627484771,0.0150457317073171,0.0212132034355964,0.0,0.0,0.0300914634146341,0.0424264068711929,,,,,,,,4
Nick Kwiatkoski,CHI,LB,12778,weighted,,,,,,,,,,,,,,,,,,,,,,,,,,,,,,,,,,,,,,,,,,,,,0.64452743902439,0.21920310216783,0.03,0.0,0.0,0.0,0.020030487804878,0.014142135623731,,,2016.0,1993-05-26,,,,4
Nick Kwiatkoski,LVR,LB,12778,weighted,,,,,,,,,,,,,,,,,,,,,,,,,,,,,,,,,,,,,,,,,,,,,0.64452743902439,0.21920310216783,0.03,0.0,0.0,0.0,0.020030487804878,0.014142135623731,,,2016.0,1993-05-26,,,,4
Dylan Cole,HOU,LB,13423,weighted,,,,,,,,,,,,,,,,,,,,,,,,,,,,,,,,,,,,,,,,,,,,,0.744832317073171,0.0777817459305203,0.015015243902439,0.0070710678118654,0.005015243902439,0.0070710678118654,0.129786585365854,0.0989949493661167,,,2017.0,1994-05-19,,,,4
Chris Board,BAL,LB,13926,weighted,,,,,,,,,,,,,,,,,,,,,,,,,,,,,,,,,,,,,,,,,,,,,0.719756097560976,0.113137084989848,0.0648932926829268,0.0494974746830583,0.0,0.0,0.035015243902439,0.0070710678118654,,,2018.0,1970-01-01,,,,4
Jalen Reeves-Maybin,DET,LB,13293,weighted,,,,,,,,,,,,,,,,,,,,,,,,,,,,,,,,,,,,,,,,,,,,,0.620365853658537,0.169705627484771,0.0250762195121951,0.0353553390593274,0.005015243902439,0.0070710678118654,0.055015243902439,0.0070710678118654,,,2017.0,1995-01-31,,,,4
Justin March-Lillard,DAL,LB,12733,weighted,,,,,,,,,,,,,,,,,,,,,,,,,,,,,,,,,,,,,,,,,,,,,0.454557926829268,0.205060966544099,0.005015243902439,0.0070710678118654,0.02,0.0,0.0499085365853659,0.0424264068711929,,,,,,,,4
Vince Biegel,MIA,LB,13285,weighted,,,,,,,,,,,,,,,,,,,,,,,,,,,,,,,,,,,,,,,,,,,,,0.360487804878049,0.226274169979695,0.119756097560976,0.113137084989848,0.0,0.0,0.0150457317073171,0.0212132034355964,,,2017.0,1993-07-02,,,,4
Craig Robertson,NO,LB,11012,weighted,,,,,,,,,,,,,,,,,,,,,,,,,,,,,,,,,,,,,,,,,,,,,0.369603658536585,0.183847763108502,0.0249542682926829,0.0212132034355964,0.01,0.0,0.014984756097561,0.0070710678118654,,,2011.0,1988-02-11,,,,4
Germaine Pratt,CIN,LB,14210,weighted,,,,,,,,,,,,,,,,,,,,,,,,,,,,,,,,,,,,,,,,,,,,,0.310030487804878,0.014142135623731,0.029969512195122,0.014142135623731,0.005015243902439,0.0070710678118654,0.010030487804878,0.014142135623731,,,2019.0,1970-01-01,,,,4
Julian Stanford,BUF,LB,11000,weighted,,,,,,,,,,,,,,,,,,,,,,,,,,,,,,,,,,,,,,,,,,,,,0.219756097560976,0.113137084989848,0.01,0.0,0.0,0.0,0.014984756097561,0.0070710678118654,,,2012.0,1990-09-02,,,,4
Julian Stanford,FA,LB,11000,weighted,,,,,,,,,,,,,,,,,,,,,,,,,,,,,,,,,,,,,,,,,,,,,0.219756097560976,0.113137084989848,0.01,0.0,0.0,0.0,0.014984756097561,0.0070710678118654,,,2012.0,1990-09-02,,,,4
Shaquem Griffin,SEA,LB,13705,weighted,,,,,,,,,,,,,,,,,,,,,,,,,,,,,,,,,,,,,,,,,,,,,0.180335365853659,0.15556349186104,0.005015243902439,0.0070710678118654,0.0,0.0,0.010030487804878,0.014142135623731,,,2018.0,1995-07-20,,,,4
Budda Baker,ARI,DB,13251,weighted,,,,,,,,,,,,,,,,,,,,,,,,,,,,,,,,,,,,,,,,,,,,,6.07444997629208,1.39057839505508,0.120291607396871,0.0552745901509472,0.0432977714556662,0.0227767444126934,0.213774300616406,0.0806679155220586,,,2017.0,1996-01-10,,,,4
Landon Collins,WAS,DB,12250,weighted,,,,,,,,,,,,,,,,,,,,,,,,,,,,,,,,,,,,,,,,,,,,,6.12683262209578,1.04115030612356,0.0100142247510669,0.0079081949766629,0.0702062588904694,0.0342552564949584,0.353731626363205,0.0635286843022513,,,2015.0,1994-01-10,,,,4
Antoine Bethea,NYG,DB,8448,weighted,,,,,,,,,,,,,,,,,,,,,,,,,,,,,,,,,,,,,,,,,,,,,5.93411095305832,0.903376443852187,0.0801778093883357,0.0344248184393737,0.0867093409198672,0.009124520309828,0.323582266477003,0.046261154030636,,,2006.0,1984-07-07,,,,4
Antoine Bethea,FA,DB,8448,weighted,,,,,,,,,,,,,,,,,,,,,,,,,,,,,,,,,,,,,,,,,,,,,5.93411095305832,0.903376443852187,0.0801778093883357,0.0344248184393737,0.0867093409198672,0.009124520309828,0.323582266477003,0.046261154030636,,,2006.0,1984-07-07,,,,4
Vernon Hargreaves,TB,DB,12712,weighted,,,,,,,,,,,,,,,,,,,,,,,,,,,,,,,,,,,,,,,,,,,,,5.09661213845424,1.12333175846149,0.0166737790422001,0.012073412307215,0.167008060692271,0.096217310315338,0.570547652916074,0.109741444122795,,,2016.0,,,,,4
Vernon Hargreaves,HOU,DB,12712,weighted,,,,,,,,,,,,,,,,,,,,,,,,,,,,,,,,,,,,,,,,,,,,,5.09661213845424,1.12333175846149,0.0166737790422001,0.012073412307215,0.167008060692271,0.096217310315338,0.570547652916074,0.109741444122795,,,2016.0,,,,,4
Shawn Williams,CIN,DB,11330,weighted,,,,,,,,,,,,,,,,,,,,,,,,,,,,,,,,,,,,,,,,,,,,,5.22108345187292,1.03278059078023,0.0232550972024656,0.0120203166971466,0.170106685633001,0.0235973940111727,0.407107633949739,0.0710746743062584,,,2013.0,1991-05-13,,,,4
John Johnson,LAR,DB,13274,weighted,,,,,,,,,,,,,,,,,,,,,,,,,,,,,,,,,,,,,,,,,,,,,5.21106922712186,1.03036880293042,0.0,0.0,0.206766239924135,0.0637748843555416,0.510220483641536,0.064457221426284,,,2017.0,1994-01-01,,,,4
Vonn Bell,NO,DB,12718,weighted,,,,,,,,,,,,,,,,,,,,,,,,,,,,,,,,,,,,,,,,,,,,,5.36482617586912,1.152254469888,0.0736605316973415,0.0460453174513349,0.0932719836400818,0.0115735321390712,0.368241308793456,0.263296172209439,,,2016.0,1994-12-12,,,,4
Vonn Bell,CIN,DB,12718,weighted,,,,,,,,,,,,,,,,,,,,,,,,,,,,,,,,,,,,,,,,,,,,,5.36482617586912,1.152254469888,0.0736605316973415,0.0460453174513349,0.0932719836400818,0.0115735321390712,0.368241308793456,0.263296172209439,,,2016.0,1994-12-12,,,,4
Justin Reid,HOU,DB,13717,weighted,,,,,,,,,,,,,,,,,,,,,,,,,,,,,,,,,,,,,,,,,,,,,5.20055002370792,0.945802464754476,0.0301635846372688,0.0284475606921773,0.153276434329066,0.0364427910603095,0.471102418207681,0.170482340800611,,,2018.0,1997-02-15,,,,4
Jordan Poyer,BUF,DB,11317,weighted,,,,,,,,,,,,,,,,,,,,,,,,,,,,,,,,,,,,,,,,,,,,,5.44878852536747,0.700475729747475,0.123141299193931,0.068189852804362,0.200256045519203,0.0721629827365035,0.404108582266477,0.12484417682684,,,2013.0,1991-04-25,,,,4
Lamarcus Joyner,OAK,DB,11742,weighted,,,,,,,,,,,,,,,,,,,,,,,,,,,,,,,,,,,,,,,,,,,,,4.9038445807771,1.2911522077173,0.0469938650306748,0.0450394491702186,0.0602044989775051,0.0399078970369354,0.220695296523517,0.105492004245394,,,2014.0,1990-11-27,,,,4
Lamarcus Joyner,LVR,DB,11742,weighted,,,,,,,,,,,,,,,,,,,,,,,,,,,,,,,,,,,,,,,,,,,,,4.9038445807771,1.2911522077173,0.0469938650306748,0.0450394491702186,0.0602044989775051,0.0399078970369354,0.220695296523517,0.105492004245394,,,2014.0,1990-11-27,,,,4
Jessie Bates,CIN,DB,13737,weighted,,,,,,,,,,,,,,,,,,,,,,,,,,,,,,,,,,,,,,,,,,,,,5.04142484589853,0.804584971699239,0.0050177809388335,0.0039328990018621,0.106723565670934,0.016462124492609,0.357385016595543,0.110218046241206,,,2018.0,1997-02-26,,,,4
Harrison Smith,MIN,DB,10783,weighted,,,,,,,,,,,,,,,,,,,,,,,,,,,,,,,,,,,,,,,,,,,,,4.96846846846847,0.749198734655087,0.120028449502134,0.015816389953326,0.206211474632527,0.0710181955071966,0.546680891417733,0.107548539784403,,,2012.0,1989-02-02,,,,4
Jordan Whitehead,TB,DB,13760,weighted,,,,,,,,,,,,,,,,,,,,,,,,,,,,,,,,,,,,,,,,,,,,,4.6930163599182,1.20287096961669,0.0267689161554192,0.0306477800178765,0.0697852760736196,0.0624027885997909,0.277085889570552,0.100465657499514,,,2018.0,1997-03-18,,,,4
Ha Ha Clinton-Dix,CHI,DB,11740,weighted,,,,,,,,,,,,,,,,,,,,,,,,,,,,,,,,,,,,,,,,,,,,,5.07645803698435,0.558690482747547,0.0566595542911332,0.0045553488825386,0.263255097202466,0.10009262685452,0.640071123755334,0.110554661106605,,,2014.0,1992-12-21,,,,4
Ha Ha Clinton-Dix,DAL,DB,11740,weighted,,,,,,,,,,,,,,,,,,,,,,,,,,,,,,,,,,,,,,,,,,,,,5.07645803698435,0.558690482747547,0.0566595542911332,0.0045553488825386,0.263255097202466,0.10009262685452,0.640071123755334,0.110554661106605,,,2014.0,1992-12-21,,,,4
Terrell Edmunds,PIT,DB,13716,weighted,,,,,,,,,,,,,,,,,,,,,,,,,,,,,,,,,,,,,,,,,,,,,5.00036809815951,0.903424946577271,0.0668711656441718,0.0305634861868063,0.119897750511247,0.0199539485184677,0.357556237218814,0.120669442207121,,,2018.0,1997-01-20,,,,4
Quandre Diggs,DET,DB,12349,weighted,,,,,,,,,,,,,,,,,,,,,,,,,,,,,,,,,,,,,,,,,,,,,4.51124703651019,0.88196782948041,0.0167306780464675,0.0120072037586756,0.150078236130868,0.0343671096395558,0.400896159317212,0.141800500802753,,,2015.0,1991-11-07,,,,4
Quandre Diggs,SEA,DB,12349,weighted,,,,,,,,,,,,,,,,,,,,,,,,,,,,,,,,,,,,,,,,,,,,,4.51124703651019,0.88196782948041,0.0167306780464675,0.0120072037586756,0.150078236130868,0.0343671096395558,0.400896159317212,0.141800500802753,,,2015.0,1991-11-07,,,,4
Clayton Geathers,IND,DB,12295,weighted,,,,,,,,,,,,,,,,,,,,,,,,,,,,,,,,,,,,,,,,,,,,,5.01666429587482,0.538053567890572,0.0033546704599336,0.004562260154914,0.140113798008535,0.0417000561453581,0.387235656709341,0.104669617402349,,,,,,,,4
Clayton Geathers,FA,DB,12295,weighted,,,,,,,,,,,,,,,,,,,,,,,,,,,,,,,,,,,,,,,,,,,,,5.01666429587482,0.538053567890572,0.0033546704599336,0.004562260154914,0.140113798008535,0.0417000561453581,0.387235656709341,0.104669617402349,,,,,,,,4
Kenny Vaccaro,TEN,DB,11324,weighted,,,,,,,,,,,,,,,,,,,,,,,,,,,,,,,,,,,,,,,,,,,,,4.50962167689162,0.962374190621962,0.0835378323108385,0.0287783234070843,0.0701942740286299,0.0263902287994929,0.300286298568507,0.0399685901488283,,,2013.0,1991-02-15,,,,4
Tre Flowers,SEA,DB,13778,weighted,,,,,,,,,,,,,,,,,,,,,,,,,,,,,,,,,,,,,,,,,,,,,4.01435582822086,1.35822606663409,0.0268916155419223,0.0379212281066052,0.135756646216769,0.14798686049562,0.324836400817996,0.215906077232601,,,2018.0,1995-06-02,,,,4
Donte Jackson,CAR,DB,13738,weighted,,,,,,,,,,,,,,,,,,,,,,,,,,,,,,,,,,,,,,,,,,,,,4.16602249488753,1.2713746721253,0.0300715746421268,0.009992147537207,0.163282208588957,0.0352205384995591,0.498006134969325,0.187135096672513,,,2018.0,1995-11-08,O,Groin,2019.0,4
Eric Reid,CAR,DB,11323,weighted,,,,,,,,,,,,,,,,,,,,,,,,,,,,,,,,,,,,,,,,,,,,,4.50079754601227,0.864471579687237,0.109948875255624,0.0099769742592338,0.0802658486707566,0.0359781224310775,0.320981595092025,0.138135952354005,,,2013.0,1991-12-10,,,,4
Eric Reid,FA,DB,11323,weighted,,,,,,,,,,,,,,,,,,,,,,,,,,,,,,,,,,,,,,,,,,,,,4.50079754601227,0.864471579687237,0.109948875255624,0.0099769742592338,0.0802658486707566,0.0359781224310775,0.320981595092025,0.138135952354005,,,2013.0,1991-12-10,,,,4
Tre Boston,CAR,DB,11802,weighted,,,,,,,,,,,,,,,,,,,,,,,,,,,,,,,,,,,,,,,,,,,,,4.44717791411043,0.91277383519266,0.0100920245398773,0.0173602982086068,0.116554192229039,0.0251225342662988,0.370644171779141,0.121522087460247,,,2014.0,1992-06-25,,,,4
Eli Apple,NO,DB,12715,weighted,,,,,,,,,,,,,,,,,,,,,,,,,,,,,,,,,,,,,,,,,,,,,4.67617354196302,0.587337765359861,0.010049786628734,0.0078778056001529,0.110106685633001,0.0362437159823022,0.537797534376482,0.186970280353087,,,2016.0,1995-08-09,,,,4
Eli Apple,CAR,DB,12715,weighted,,,,,,,,,,,,,,,,,,,,,,,,,,,,,,,,,,,,,,,,,,,,,4.67617354196302,0.587337765359861,0.010049786628734,0.0078778056001529,0.110106685633001,0.0362437159823022,0.537797534376482,0.186970280353087,,,2016.0,1995-08-09,,,,4
Kendall Fuller,KC,DB,12714,weighted,,,,,,,,,,,,,,,,,,,,,,,,,,,,,,,,,,,,,,,,,,,,,4.56766871165644,0.800082724342973,0.0665746421267894,0.0352305737291161,0.106687116564417,0.0514384586578185,0.570071574642127,0.0657543524537763,,,2016.0,1995-02-13,,,,4
Kendall Fuller,WAS,DB,12714,weighted,,,,,,,,,,,,,,,,,,,,,,,,,,,,,,,,,,,,,,,,,,,,,4.56766871165644,0.800082724342973,0.0665746421267894,0.0352305737291161,0.106687116564417,0.0514384586578185,0.570071574642127,0.0657543524537763,,,2016.0,1995-02-13,,,,4
Jeff Heath,DAL,DB,11543,weighted,,,,,,,,,,,,,,,,,,,,,,,,,,,,,,,,,,,,,,,,,,,,,4.47794478527607,0.893131232092183,0.0235276073619632,0.0321937507786449,0.103200408997955,0.05508726198676,0.527505112474438,0.16973309237721,,,2013.0,1991-05-14,,,,4
Jeff Heath,LVR,DB,11543,weighted,,,,,,,,,,,,,,,,,,,,,,,,,,,,,,,,,,,,,,,,,,,,,4.47794478527607,0.893131232092183,0.0235276073619632,0.0321937507786449,0.103200408997955,0.05508726198676,0.527505112474438,0.16973309237721,,,2013.0,1991-05-14,,,,4
Karl Joseph,OAK,DB,12717,weighted,,,,,,,,,,,,,,,,,,,,,,,,,,,,,,,,,,,,,,,,,,,,,3.93887525562372,1.41055359279189,0.100286298568507,0.0399685901488283,0.0635889570552147,0.0377378067368251,0.230644171779141,0.0961269915630939,,,2016.0,,,,,4
Karl Joseph,CLE,DB,12717,weighted,,,,,,,,,,,,,,,,,,,,,,,,,,,,,,,,,,,,,,,,,,,,,3.93887525562372,1.41055359279189,0.100286298568507,0.0399685901488283,0.0635889570552147,0.0377378067368251,0.230644171779141,0.0961269915630939,,,2016.0,,,,,4
Chidobe Awuzie,DAL,DB,13263,weighted,,,,,,,,,,,,,,,,,,,,,,,,,,,,,,,,,,,,,,,,,,,,,4.06205521472393,1.1528918724484,0.0234867075664622,0.0207682875961968,0.113292433537832,0.064400356073037,0.641308793456033,0.177338714472883,,,2017.0,1995-05-24,,,,4
Joe Haden,PIT,DB,9820,weighted,,,,,,,,,,,,,,,,,,,,,,,,,,,,,,,,,,,,,,,,,,,,,3.95893660531697,1.30377371321423,0.0134560327198364,0.0231470642781424,0.113271983640082,0.055149135622888,0.540715746421268,0.178304661803002,,,2010.0,1989-04-14,,,,4
Johnathan Joseph,HOU,DB,8265,weighted,,,,,,,,,,,,,,,,,,,,,,,,,,,,,,,,,,,,,,,,,,,,,4.84274028629857,0.561752632765852,0.0234662576687117,0.0207512596387443,0.150030674846626,0.0459420011724702,0.976676891615542,0.109924828854461,,,2006.0,1984-04-16,,,,4
Johnathan Joseph,TEN,DB,8265,weighted,,,,,,,,,,,,,,,,,,,,,,,,,,,,,,,,,,,,,,,,,,,,,4.84274028629857,0.561752632765852,0.0234662576687117,0.0207512596387443,0.150030674846626,0.0459420011724702,0.976676891615542,0.109924828854461,,,2006.0,1984-04-16,,,,4
Bradley McDougald,SEA,DB,11517,weighted,,,,,,,,,,,,,,,,,,,,,,,,,,,,,,,,,,,,,,,,,,,,,4.34608108108108,0.749034087077913,0.0134186818397345,0.0182490406196561,0.166552868658132,0.032924248985218,0.466396396396396,0.0552290107333527,,,2013.0,1990-11-15,,,,4
Adrian Amos,GB,DB,12308,weighted,,,,,,,,,,,,,,,,,,,,,,,,,,,,,,,,,,,,,,,,,,,,,4.53778118609407,0.753947074852446,0.0532310838445808,0.0378572527864716,0.163568507157464,0.0402996651921693,0.468302658486708,0.230226587256674,,,2015.0,1993-04-29,,,,4
Deandre Baker,NYG,DB,14178,weighted,,,,,,,,,,,,,,,,,,,,,,,,,,,,,,,,,,,,,,,,,,,,,4.00558282208589,1.11293761408071,0.0168200408997955,0.028933830347678,0.126267893660532,0.0905868390492583,0.401134969325153,0.200136858981491,,,2019.0,1970-01-01,,,,4
Jaire Alexander,GB,DB,13730,weighted,,,,,,,,,,,,,,,,,,,,,,,,,,,,,,,,,,,,,,,,,,,,,4.47349454717876,0.531046691770096,0.0200853485064011,0.0136132894933396,0.13640350877193,0.0764816699936194,0.909665718349929,0.0516175420377016,,,2018.0,1997-02-09,,,,4
Tracy Walker,DET,DB,13747,weighted,,,,,,,,,,,,,,,,,,,,,,,,,,,,,,,,,,,,,,,,,,,,,3.77971370143149,1.5803222051337,0.0134560327198364,0.0231470642781424,0.136574642126789,0.032138802463357,0.403997955010225,0.146127075474904,,,2018.0,1995-02-01,,,,4
Jabrill Peppers,NYG,DB,13231,weighted,,,,,,,,,,,,,,,,,,,,,,,,,,,,,,,,,,,,,,,,,,,,,4.4888854805726,0.602280340289706,0.0566155419222904,0.0493976340401538,0.0765950920245399,0.0404462292933043,0.353967280163599,0.110355884942899,,,2017.0,1995-10-04,,,,4
Kenny Moore,IND,DB,13470,weighted,,,,,,,,,,,,,,,,,,,,,,,,,,,,,,,,,,,,,,,,,,,,,4.17539877300614,1.09217420216243,0.150112474437628,0.0435914197791499,0.153251533742331,0.0462242620494906,0.454969325153374,0.24450788949445,,,2017.0,1995-08-23,,,,4
Bobby McCain,MIA,DB,12311,weighted,,,,,,,,,,,,,,,,,,,,,,,,,,,,,,,,,,,,,,,,,,,,,4.00533428165007,0.783623686817514,0.0701351351351351,0.0208060607893746,0.0800711237553343,0.0157315960074485,0.317321005215742,0.107028709826686,,,2015.0,1993-08-18,O,Hamstring,2019.0,4
Malcolm Butler,TEN,DB,11965,weighted,,,,,,,,,,,,,,,,,,,,,,,,,,,,,,,,,,,,,,,,,,,,,4.27684210526316,0.562587978118491,0.0467235656709341,0.016462124492609,0.219530583214794,0.0721219001828797,0.77361782835467,0.0895785107548938,,,2014.0,1990-03-02,,,,4
Marshon Lattimore,NO,DB,13224,weighted,,,,,,,,,,,,,,,,,,,,,,,,,,,,,,,,,,,,,,,,,,,,,4.63660531697342,0.576821169084841,0.016799591002045,0.0208373139974252,0.160347648261759,0.0527460021226969,0.655419222903886,0.288516650305607,,,2017.0,1996-05-19,,,,4
Tyrann Mathieu,KC,DB,11313,weighted,,,,,,,,,,,,,,,,,,,,,,,,,,,,,,,,,,,,,,,,,,,,,4.17674253200569,0.573878121763318,0.110092460881935,0.0285149350877052,0.152878141299194,0.0726042106311444,0.629765291607397,0.202654516078403,,,2013.0,1992-05-13,,,,4
D.J. Swearinger,ARI,DB,11350,weighted,,,,,,,,,,,,,,,,,,,,,,,,,,,,,,,,,,,,,,,,,,,,,3.83569529652352,1.03461385043849,0.0769018404907976,0.0320596621059961,0.0703783231083845,0.0556892460773529,0.41739263803681,0.105996222826502,,,2013.0,1991-09-01,,,,4
D.J. Swearinger,NO,DB,11350,weighted,,,,,,,,,,,,,,,,,,,,,,,,,,,,,,,,,,,,,,,,,,,,,3.83569529652352,1.03461385043849,0.0769018404907976,0.0320596621059961,0.0703783231083845,0.0556892460773529,0.41739263803681,0.105996222826502,,,2013.0,1991-09-01,,,,4
Justin Simmons,DEN,DB,12767,weighted,,,,,,,,,,,,,,,,,,,,,,,,,,,,,,,,,,,,,,,,,,,,,4.22592024539877,0.695786499425623,0.0134151329243354,0.0115113293628337,0.123118609406953,0.0320423305210313,0.310664621676892,0.0953738994715336,,,2016.0,1993-11-19,,,,4
Pierre Desir,IND,DB,11801,weighted,,,,,,,,,,,,,,,,,,,,,,,,,,,,,,,,,,,,,,,,,,,,,3.91822085889571,1.01283085615372,0.0033640081799591,0.0057867660695355,0.0830572597137014,0.0601666274118992,0.370501022494888,0.104682882427416,,,2014.0,1990-09-08,,,,4
Pierre Desir,NYJ,DB,11801,weighted,,,,,,,,,,,,,,,,,,,,,,,,,,,,,,,,,,,,,,,,,,,,,3.91822085889571,1.01283085615372,0.0033640081799591,0.0057867660695355,0.0830572597137014,0.0601666274118992,0.370501022494888,0.104682882427416,,,2014.0,1990-09-08,,,,4
Ronnie Harrison,JAC,DB,13715,weighted,,,,,,,,,,,,,,,,,,,,,,,,,,,,,,,,,,,,,,,,,,,,,4.35080777096115,0.476744945093372,0.173087934560327,0.0462941285562847,0.100306748466258,0.0458452292802094,0.377822085889571,0.17159055538052,,,2018.0,1997-04-18,,,,4
Carlton Davis,TB,DB,13710,weighted,,,,,,,,,,,,,,,,,,,,,,,,,,,,,,,,,,,,,,,,,,,,,4.28596114519427,0.875411664527634,0.033640081799591,0.0578676606953559,0.119754601226994,0.0345339880885012,0.524427402862986,0.190867802860629,,,2018.0,1996-12-31,,,,4
Eric Weddle,LAR,DB,8713,weighted,,,,,,,,,,,,,,,,,,,,,,,,,,,,,,,,,,,,,,,,,,,,,4.00852760736196,0.755083830269487,0.0469120654396728,0.0462941285562847,0.0533742331288344,0.0405239588321961,0.273946830265849,0.083073150384787,,,2007.0,1985-01-04,,,,4
Eric Weddle,FA,DB,8713,weighted,,,,,,,,,,,,,,,,,,,,,,,,,,,,,,,,,,,,,,,,,,,,,4.00852760736196,0.755083830269487,0.0469120654396728,0.0462941285562847,0.0533742331288344,0.0405239588321961,0.273946830265849,0.083073150384787,,,2007.0,1985-01-04,,,,4
Malcolm Jenkins,PHI,DB,9430,weighted,,,,,,,,,,,,,,,,,,,,,,,,,,,,,,,,,,,,,,,,,,,,,4.50899004267425,0.293901898104947,0.0468160265528687,0.0449694318860487,0.122970602181128,0.0713374599167215,0.393788525367473,0.0710181955071966,,,2009.0,1987-12-20,,,,4
Malcolm Jenkins,NO,DB,9430,weighted,,,,,,,,,,,,,,,,,,,,,,,,,,,,,,,,,,,,,,,,,,,,,4.50899004267425,0.293901898104947,0.0468160265528687,0.0449694318860487,0.122970602181128,0.0713374599167215,0.393788525367473,0.0710181955071966,,,2009.0,1987-12-20,,,,4
Bradley Roby,HOU,DB,11735,weighted,,,,,,,,,,,,,,,,,,,,,,,,,,,,,,,,,,,,,,,,,,,,,3.99467280163599,0.726004864999288,0.0168200408997955,0.028933830347678,0.11659509202454,0.0404462292933043,0.541370143149284,0.20304000926352,,,2014.0,1992-05-01,,,,4
James Bradberry,CAR,DB,12750,weighted,,,,,,,,,,,,,,,,,,,,,,,,,,,,,,,,,,,,,,,,,,,,,3.84954243717402,0.696681156792786,0.0633475580844002,0.0253863139682202,0.136801801801802,0.0373702991005885,0.766951161688004,0.0453776316444653,,,2016.0,1993-08-04,,,,4
James Bradberry,NYG,DB,12750,weighted,,,,,,,,,,,,,,,,,,,,,,,,,,,,,,,,,,,,,,,,,,,,,3.84954243717402,0.696681156792786,0.0633475580844002,0.0253863139682202,0.136801801801802,0.0373702991005885,0.766951161688004,0.0453776316444653,,,2016.0,1993-08-04,,,,4
Steven Nelson,PIT,DB,12291,weighted,,,,,,,,,,,,,,,,,,,,,,,,,,,,,,,,,,,,,,,,,,,,,3.82722903885481,0.845104068110541,0.0100920245398773,0.0173602982086068,0.162955010224949,0.0800510801357016,0.631134969325153,0.167067738232059,,,2015.0,1993-01-22,,,,4
Janoris Jenkins,NYG,DB,10779,weighted,,,,,,,,,,,,,,,,,,,,,,,,,,,,,,,,,,,,,,,,,,,,,4.17250511247444,0.568042787481072,0.0201840490797546,0.0347205964172135,0.146216768916155,0.100490137065195,0.720899795501022,0.131156170032272,,,2012.0,1988-10-29,,,,4
Janoris Jenkins,NO,DB,10779,weighted,,,,,,,,,,,,,,,,,,,,,,,,,,,,,,,,,,,,,,,,,,,,,4.17250511247444,0.568042787481072,0.0201840490797546,0.0347205964172135,0.146216768916155,0.100490137065195,0.720899795501022,0.131156170032272,,,2012.0,1988-10-29,,,,4
Levi Wallace,BUF,DB,13711,weighted,,,,,,,,,,,,,,,,,,,,,,,,,,,,,,,,,,,,,,,,,,,,,4.04671779141104,0.860378754162826,0.0134560327198364,0.0231470642781424,0.0832413087934561,0.0724289848326667,0.481533742331288,0.210442408381916,,,2018.0,,,,,4
Kevin Byard,TEN,DB,12752,weighted,,,,,,,,,,,,,,,,,,,,,,,,,,,,,,,,,,,,,,,,,,,,,4.22746088193457,0.416636502031479,0.0599928876244666,0.0284917220116155,0.193546704599336,0.0744733528287008,0.430149359886202,0.0491978932124696,,,2016.0,1993-08-17,,,,4
Rayshawn Jenkins,LAC,DB,13288,weighted,,,,,,,,,,,,,,,,,,,,,,,,,,,,,,,,,,,,,,,,,,,,,3.48713701431493,1.19724113460679,0.046881390593047,0.0570393623489448,0.126850715746421,0.064277604926714,0.317699386503068,0.18986385967958,,,2017.0,1994-01-25,,,,4
Prince Amukamara,CHI,DB,10264,weighted,,,,,,,,,,,,,,,,,,,,,,,,,,,,,,,,,,,,,,,,,,,,,3.85851738241309,0.671047530039959,0.0134560327198364,0.0231470642781424,0.163077709611452,0.066507457091074,0.793844580777096,0.0701474694606388,,,2011.0,1989-06-06,,,,4
Prince Amukamara,LVR,DB,10264,weighted,,,,,,,,,,,,,,,,,,,,,,,,,,,,,,,,,,,,,,,,,,,,,3.85851738241309,0.671047530039959,0.0134560327198364,0.0231470642781424,0.163077709611452,0.066507457091074,0.793844580777096,0.0701474694606388,,,2011.0,1989-06-06,,,,4
Patrick Chung,NE,DB,9465,weighted,,,,,,,,,,,,,,,,,,,,,,,,,,,,,,,,,,,,,,,,,,,,,3.9731799591002,0.562753732187933,0.0166768916155419,0.0153140003908234,0.0633231083844581,0.0473526048314472,0.29398773006135,0.0900788983404371,,,2009.0,1987-08-19,,,,4
Darnell Savage,GB,DB,14197,weighted,,,,,,,,,,,,,,,,,,,,,,,,,,,,,,,,,,,,,,,,,,,,,4.22887195121951,0.523259018078045,0.0450457317073171,0.0212132034355964,0.174923780487805,0.0353553390593274,0.694984756097561,0.0070710678118654,,,2019.0,,,,,4
Minkah Fitzpatrick,PIT,DB,13713,weighted,,,,,,,,,,,,,,,,,,,,,,,,,,,,,,,,,,,,,,,,,,,,,4.07370143149284,0.426928404481968,0.0201431492842536,0.0199842950744142,0.173231083844581,0.0306477800178765,0.467361963190184,0.0942847647419441,,,2018.0,1996-11-17,,,,4
Logan Ryan,TEN,DB,11316,weighted,,,,,,,,,,,,,,,,,,,,,,,,,,,,,,,,,,,,,,,,,,,,,4.13173304883831,0.30018009396689,0.140213371266003,0.0471947880223454,0.233048838311996,0.0453776316444652,0.846040777619725,0.22444838763969,,,2013.0,1991-02-09,,,,4
Logan Ryan,FA,DB,11316,weighted,,,,,,,,,,,,,,,,,,,,,,,,,,,,,,,,,,,,,,,,,,,,,4.13173304883831,0.30018009396689,0.140213371266003,0.0471947880223454,0.233048838311996,0.0453776316444652,0.846040777619725,0.22444838763969,,,2013.0,1991-02-09,,,,4
TreDavious White,BUF,DB,13249,weighted,,,,,,,,,,,,,,,,,,,,,,,,,,,,,,,,,,,,,,,,,,,,,3.47105316973415,1.02009283166945,0.0235480572597137,0.0405073624867491,0.140306748466258,0.0598618455554031,0.520613496932515,0.0916904585604188,,,2017.0,1995-01-16,,,,4
Quinton Dunbar,WAS,DB,12448,weighted,,,,,,,,,,,,,,,,,,,,,,,,,,,,,,,,,,,,,,,,,,,,,4.01595018450185,0.492771244322724,0.0,0.0,0.12510147601476,0.0526260552189316,0.605378228782288,0.196151660361473,,,,,,,,4
Quinton Dunbar,SEA,DB,12448,weighted,,,,,,,,,,,,,,,,,,,,,,,,,,,,,,,,,,,,,,,,,,,,,4.01595018450185,0.492771244322724,0.0,0.0,0.12510147601476,0.0526260552189316,0.605378228782288,0.196151660361473,,,,,,,,4
Kareem Jackson,DEN,DB,9861,weighted,,,,,,,,,,,,,,,,,,,,,,,,,,,,,,,,,,,,,,,,,,,,,3.90763803680982,0.799326815649987,0.040040899795501,0.0200616023512851,0.159693251533742,0.0598618455554031,0.855817995910021,0.159710597721945,,,2010.0,1988-04-10,Q,Hamstring,2019.0,4
Tony Jefferson,BAL,DB,11327,weighted,,,,,,,,,,,,,,,,,,,,,,,,,,,,,,,,,,,,,,,,,,,,,4.10441717791411,0.322905924087399,0.0569427402862986,0.0404196208043263,0.0897648261758691,0.0555939496025198,0.287177914110429,0.117530692193236,,,2013.0,1992-01-27,,,,4
Tony Jefferson,FA,DB,11327,weighted,,,,,,,,,,,,,,,,,,,,,,,,,,,,,,,,,,,,,,,,,,,,,4.10441717791411,0.322905924087399,0.0569427402862986,0.0404196208043263,0.0897648261758691,0.0555939496025198,0.287177914110429,0.117530692193236,,,2013.0,1992-01-27,,,,4
Byron Jones,DAL,DB,12268,weighted,,,,,,,,,,,,,,,,,,,,,,,,,,,,,,,,,,,,,,,,,,,,,3.61429447852761,0.772137910262536,0.0168200408997955,0.028933830347678,0.0569018404907976,0.0667936937063471,0.64638036809816,0.0501936966133435,,,2015.0,1992-08-26,,,,4
Byron Jones,MIA,DB,12268,weighted,,,,,,,,,,,,,,,,,,,,,,,,,,,,,,,,,,,,,,,,,,,,,3.61429447852761,0.772137910262536,0.0168200408997955,0.028933830347678,0.0569018404907976,0.0667936937063471,0.64638036809816,0.0501936966133435,,,2015.0,1992-08-26,,,,4
Trae Waynes,MIN,DB,12248,weighted,,,,,,,,,,,,,,,,,,,,,,,,,,,,,,,,,,,,,,,,,,,,,3.59432515337423,0.768146213799501,0.0369427402862986,0.0404196208043263,0.0833231083844581,0.0473526048314472,0.491564417177914,0.216387487729205,,,2015.0,1992-07-25,,,,4
Trae Waynes,CIN,DB,12248,weighted,,,,,,,,,,,,,,,,,,,,,,,,,,,,,,,,,,,,,,,,,,,,,3.59432515337423,0.768146213799501,0.0369427402862986,0.0404196208043263,0.0833231083844581,0.0473526048314472,0.491564417177914,0.216387487729205,,,2015.0,1992-07-25,,,,4
Xavier Rhodes,MIN,DB,11314,weighted,,,,,,,,,,,,,,,,,,,,,,,,,,,,,,,,,,,,,,,,,,,,,3.88267893660532,0.55975141119229,0.0168200408997955,0.028933830347678,0.106503067484663,0.0350519586725835,0.434580777096115,0.169657012914169,,,2013.0,1990-06-19,,,,4
Xavier Rhodes,IND,DB,11314,weighted,,,,,,,,,,,,,,,,,,,,,,,,,,,,,,,,,,,,,,,,,,,,,3.88267893660532,0.55975141119229,0.0168200408997955,0.028933830347678,0.106503067484663,0.0350519586725835,0.434580777096115,0.169657012914169,,,2013.0,1990-06-19,,,,4
Tedric Thompson,SEA,DB,13287,weighted,,,,,,,,,,,,,,,,,,,,,,,,,,,,,,,,,,,,,,,,,,,,,2.70073619631902,1.80684989315454,0.0033640081799591,0.0057867660695355,0.0365132924335378,0.0207682875961968,0.17961145194274,0.131568595463843,,,2017.0,1995-01-20,,,,4
Tedric Thompson,FA,DB,13287,weighted,,,,,,,,,,,,,,,,,,,,,,,,,,,,,,,,,,,,,,,,,,,,,2.70073619631902,1.80684989315454,0.0033640081799591,0.0057867660695355,0.0365132924335378,0.0207682875961968,0.17961145194274,0.131568595463843,,,2017.0,1995-01-20,,,,4
Daryl Worley,OAK,DB,12760,weighted,,,,,,,,,,,,,,,,,,,,,,,,,,,,,,,,,,,,,,,,,,,,,3.42866053169734,1.06192160327019,0.0168200408997955,0.028933830347678,0.0734151329243354,0.0604493729321579,0.416942740286299,0.206580742688019,,,2016.0,,,,,4
Daryl Worley,DAL,DB,12760,weighted,,,,,,,,,,,,,,,,,,,,,,,,,,,,,,,,,,,,,,,,,,,,,3.42866053169734,1.06192160327019,0.0168200408997955,0.028933830347678,0.0734151329243354,0.0604493729321579,0.416942740286299,0.206580742688019,,,2016.0,,,,,4
A.J. Bouye,JAC,DB,11512,weighted,,,,,,,,,,,,,,,,,,,,,,,,,,,,,,,,,,,,,,,,,,,,,3.87073968705548,0.363027505305096,0.0500782361308677,0.0343671096395558,0.129580369843528,0.0797797671639053,0.646623992413466,0.0397925853201931,,,2013.0,1991-08-16,,,,4
A.J. Bouye,DEN,DB,11512,weighted,,,,,,,,,,,,,,,,,,,,,,,,,,,,,,,,,,,,,,,,,,,,,3.87073968705548,0.363027505305096,0.0500782361308677,0.0343671096395558,0.129580369843528,0.0797797671639053,0.646623992413466,0.0397925853201931,,,2013.0,1991-08-16,,,,4
Dre Kirkpatrick,CIN,DB,10778,weighted,,,,,,,,,,,,,,,,,,,,,,,,,,,,,,,,,,,,,,,,,,,,,3.73228016359918,0.605162290232081,0.116482617586912,0.0304597912046085,0.136165644171779,0.110406702317233,0.641308793456033,0.177338714472883,,,2012.0,1989-10-26,,,,4
Dre Kirkpatrick,FA,DB,10778,weighted,,,,,,,,,,,,,,,,,,,,,,,,,,,,,,,,,,,,,,,,,,,,,3.73228016359918,0.605162290232081,0.116482617586912,0.0304597912046085,0.136165644171779,0.110406702317233,0.641308793456033,0.177338714472883,,,2012.0,1989-10-26,,,,4
Montae Nicholson,WAS,DB,13292,weighted,,,,,,,,,,,,,,,,,,,,,,,,,,,,,,,,,,,,,,,,,,,,,3.6468609406953,0.854793312562557,0.0100715746421268,0.009992147537207,0.139509202453988,0.0690679761770023,0.367157464212679,0.122042269366523,,,2017.0,1995-12-04,,,,4
Montae Nicholson,FA,DB,13292,weighted,,,,,,,,,,,,,,,,,,,,,,,,,,,,,,,,,,,,,,,,,,,,,3.6468609406953,0.854793312562557,0.0100715746421268,0.009992147537207,0.139509202453988,0.0690679761770023,0.367157464212679,0.122042269366523,,,2017.0,1995-12-04,,,,4
Marcus Williams,NO,DB,13253,weighted,,,,,,,,,,,,,,,,,,,,,,,,,,,,,,,,,,,,,,,,,,,,,3.69211656441718,0.619685660933389,0.053680981595092,0.07593084661716,0.16379345603272,0.123295933203745,0.440531697341513,0.144078813771803,,,2017.0,1996-09-08,,,,4
Kyle Fuller,CHI,DB,11764,weighted,,,,,,,,,,,,,,,,,,,,,,,,,,,,,,,,,,,,,,,,,,,,,3.79310838445808,0.4845515167214,0.0149233128834356,0.0149654613888508,0.353128834355828,0.140882153998236,1.16601226993865,0.167044820021236,,,2014.0,1992-02-16,,,,4
Jalen Ramsey,JAC,DB,12711,weighted,,,,,,,,,,,,,,,,,,,,,,,,,,,,,,,,,,,,,,,,,,,,,3.93842154131848,0.324750291129198,0.0,0.0,0.174419684308264,0.119393489385735,0.509953574744661,0.0095514791508587,,,2016.0,1994-10-24,Q,Back,2019.0,4
Jalen Ramsey,LAR,DB,12711,weighted,,,,,,,,,,,,,,,,,,,,,,,,,,,,,,,,,,,,,,,,,,,,,3.93842154131848,0.324750291129198,0.0,0.0,0.174419684308264,0.119393489385735,0.509953574744661,0.0095514791508587,,,2016.0,1994-10-24,Q,Back,2019.0,4
Josh Norman,WAS,DB,10851,weighted,,,,,,,,,,,,,,,,,,,,,,,,,,,,,,,,,,,,,,,,,,,,,3.48893660531697,0.628036159038674,0.0930572597137014,0.0404196208043263,0.190276073619632,0.0964164073900709,0.677044989775051,0.193597506468764,,,2012.0,1987-12-15,,,,4
Josh Norman,BUF,DB,10851,weighted,,,,,,,,,,,,,,,,,,,,,,,,,,,,,,,,,,,,,,,,,,,,,3.48893660531697,0.628036159038674,0.0930572597137014,0.0404196208043263,0.190276073619632,0.0964164073900709,0.677044989775051,0.193597506468764,,,2012.0,1987-12-15,,,,4
Denzel Ward,CLE,DB,13707,weighted,,,,,,,,,,,,,,,,,,,,,,,,,,,,,,,,,,,,,,,,,,,,,3.42886503067485,0.685879430235583,0.016799591002045,0.0208373139974252,0.169355828220859,0.0961269915630939,0.484468302658487,0.155461000690707,,,2018.0,1997-04-28,O,Hamstring,2019.0,4
Eric Rowe,MIA,DB,12275,weighted,,,,,,,,,,,,,,,,,,,,,,,,,,,,,,,,,,,,,,,,,,,,,3.53740286298568,0.911303826732562,0.0234662576687117,0.0207512596387443,0.0634867075664622,0.0652687175381648,0.500777096114519,0.156605388021488,,,2015.0,1992-10-03,,,,4
Jason McCourty,NE,DB,9633,weighted,,,,,,,,,,,,,,,,,,,,,,,,,,,,,,,,,,,,,,,,,,,,,3.69101226993865,0.41558202457024,0.0050255623721881,0.0049884871296169,0.123057259713701,0.0601666274118992,0.71778118609407,0.262723816830867,,,2009.0,1987-08-13,,,,4
Eddie Jackson,CHI,DB,13229,weighted,,,,,,,,,,,,,,,,,,,,,,,,,,,,,,,,,,,,,,,,,,,,,3.3828936605317,0.703954305539832,0.0602249488752556,0.0530716813311484,0.202709611451943,0.110303839893181,0.656676891615542,0.140425646408636,,,2017.0,,,,,4
Damarious Randall,CLE,DB,12269,weighted,,,,,,,,,,,,,,,,,,,,,,,,,,,,,,,,,,,,,,,,,,,,,3.95045731707317,0.212132034355964,0.020030487804878,0.014142135623731,0.130091463414634,0.0424264068711929,0.615045731707317,0.0212132034355964,,,2015.0,1992-08-29,,,,4
Damarious Randall,LVR,DB,12269,weighted,,,,,,,,,,,,,,,,,,,,,,,,,,,,,,,,,,,,,,,,,,,,,3.95045731707317,0.212132034355964,0.020030487804878,0.014142135623731,0.130091463414634,0.0424264068711929,0.615045731707317,0.0212132034355964,,,2015.0,1992-08-29,,,,4
Gareon Conley,OAK,DB,13248,weighted,,,,,,,,,,,,,,,,,,,,,,,,,,,,,,,,,,,,,,,,,,,,,2.98025562372188,0.919588396018565,0.0100920245398773,0.0173602982086068,0.190419222903885,0.101345254882665,0.610889570552147,0.130347446047802,,,2017.0,1995-06-29,,,,4
Gareon Conley,HOU,DB,13248,weighted,,,,,,,,,,,,,,,,,,,,,,,,,,,,,,,,,,,,,,,,,,,,,2.98025562372188,0.919588396018565,0.0100920245398773,0.0173602982086068,0.190419222903885,0.101345254882665,0.610889570552147,0.130347446047802,,,2017.0,1995-06-29,,,,4
Aqib Talib,LAR,DB,9103,weighted,,,,,,,,,,,,,,,,,,,,,,,,,,,,,,,,,,,,,,,,,,,,,3.01142126789366,1.01764196911152,0.0201840490797546,0.0347205964172135,0.123036809815951,0.0549366744895802,0.443650306748466,0.145480118280878,,,2008.0,1986-02-13,,,,4
Aqib Talib,FA,DB,9103,weighted,,,,,,,,,,,,,,,,,,,,,,,,,,,,,,,,,,,,,,,,,,,,,3.01142126789366,1.01764196911152,0.0201840490797546,0.0347205964172135,0.123036809815951,0.0549366744895802,0.443650306748466,0.145480118280878,,,2008.0,1986-02-13,,,,4
Morgan Burnett,CLE,DB,9864,weighted,,,,,,,,,,,,,,,,,,,,,,,,,,,,,,,,,,,,,,,,,,,,,3.36955010224949,0.524681791703063,0.19321063394683,0.10094636182522,0.126850715746421,0.064277604926714,0.420490797546012,0.158677595856946,,,2010.0,1989-01-13,O,Quadriceps,2019.0,4
Morgan Burnett,FA,DB,9864,weighted,,,,,,,,,,,,,,,,,,,,,,,,,,,,,,,,,,,,,,,,,,,,,3.36955010224949,0.524681791703063,0.19321063394683,0.10094636182522,0.126850715746421,0.064277604926714,0.420490797546012,0.158677595856946,,,2010.0,1989-01-13,O,Quadriceps,2019.0,4
Marcus Peters,LAR,DB,12245,weighted,,,,,,,,,,,,,,,,,,,,,,,,,,,,,,,,,,,,,,,,,,,,,3.13859918200409,0.717722492196078,0.0201840490797546,0.0347205964172135,0.0803271983640082,0.0529841093298308,0.519959100204499,0.106029117106519,,,2015.0,1993-01-09,,,,4
Marcus Peters,BAL,DB,12245,weighted,,,,,,,,,,,,,,,,,,,,,,,,,,,,,,,,,,,,,,,,,,,,,3.13859918200409,0.717722492196078,0.0201840490797546,0.0347205964172135,0.0803271983640082,0.0529841093298308,0.519959100204499,0.106029117106519,,,2015.0,1993-01-09,,,,4
Devin McCourty,NE,DB,9846,weighted,,,,,,,,,,,,,,,,,,,,,,,,,,,,,,,,,,,,,,,,,,,,,3.44426380368098,0.45411817459794,0.0167791411042945,0.0152464656598478,0.220122699386503,0.069336393074236,0.582893660531697,0.0666235296089292,,,2010.0,1987-08-13,,,,4
Jarrod Wilson,JAC,DB,12906,weighted,,,,,,,,,,,,,,,,,,,,,,,,,,,,,,,,,,,,,,,,,,,,,3.69389570552147,0.206650889100356,0.0369427402862986,0.0404196208043263,0.0734969325153374,0.041761205005309,0.351114519427403,0.150969723797747,,,2016.0,1994-02-09,,,,4
Earl Thomas,BAL,DB,9829,weighted,,,,,,,,,,,,,,,,,,,,,,,,,,,,,,,,,,,,,,,,,,,,,3.32622569938359,0.639628751030008,0.0250889046941679,0.0196644950093106,0.280128022759602,0.0819962798856964,0.666552868658132,0.032924248985218,,,2010.0,1989-05-07,,,,4
Micah Hyde,BUF,DB,11382,weighted,,,,,,,,,,,,,,,,,,,,,,,,,,,,,,,,,,,,,,,,,,,,,3.49418200408998,0.348262602768988,0.0302760736196319,0.0520808946258203,0.13321063394683,0.0305105673416306,0.457065439672802,0.126562041618908,,,2013.0,1990-12-31,,,,4
Adoree Jackson,TEN,DB,13226,weighted,,,,,,,,,,,,,,,,,,,,,,,,,,,,,,,,,,,,,,,,,,,,,3.05845018450185,0.803743388798229,0.0150276752767528,0.0143525605142541,0.0700369003690037,0.0191367473523388,0.494806273062731,0.100467923599779,,,2017.0,1995-09-18,,,,4
Xavien Howard,MIA,DB,12742,weighted,,,,,,,,,,,,,,,,,,,,,,,,,,,,,,,,,,,,,,,,,,,,,3.35303680981595,0.496739739567871,0.0369222903885481,0.0350737347303194,0.186687116564417,0.0115560655123727,0.573803680981595,0.0641193242119922,,,2016.0,1993-07-04,,,,4
Kevin King,GB,DB,13250,weighted,,,,,,,,,,,,,,,,,,,,,,,,,,,,,,,,,,,,,,,,,,,,,3.12290388548057,0.728316251720765,0.0997137014314928,0.0399685901488283,0.126768916155419,0.0306477800178765,0.467852760736196,0.189253631656517,,,2017.0,1995-05-05,,,,4
Rodney McLeod,PHI,DB,11017,weighted,,,,,,,,,,,,,,,,,,,,,,,,,,,,,,,,,,,,,,,,,,,,,3.47147239263804,0.36921925560724,0.0369222903885481,0.0350737347303194,0.142934560327198,0.0748703053978383,0.677648261758691,0.328243735567977,,,2012.0,1990-06-23,,,,4
Darian Thompson,DAL,DB,12719,weighted,,,,,,,,,,,,,,,,,,,,,,,,,,,,,,,,,,,,,,,,,,,,,3.17720430107527,0.947523086789974,0.0151612903225806,0.0212132034355964,0.105161290322581,0.0212132034355964,0.380215053763441,0.0282842712474619,,,2016.0,,,,,4
Khari Willis,IND,DB,14226,weighted,,,,,,,,,,,,,,,,,,,,,,,,,,,,,,,,,,,,,,,,,,,,,3.12219512195122,1.01823376490863,0.010030487804878,0.014142135623731,0.0601829268292683,0.0848528137423857,0.290579268292683,0.268700576850888,,,2019.0,1970-01-01,,,,4
Desmond Trufant,ATL,DB,11312,weighted,,,,,,,,,,,,,,,,,,,,,,,,,,,,,,,,,,,,,,,,,,,,,3.03222903885481,0.684144246072877,0.0466768916155419,0.0153140003908234,0.183179959100205,0.028933830347678,0.680674846625767,0.0914787939590867,,,2013.0,1990-09-10,,,,4
Desmond Trufant,DET,DB,11312,weighted,,,,,,,,,,,,,,,,,,,,,,,,,,,,,,,,,,,,,,,,,,,,,3.03222903885481,0.684144246072877,0.0466768916155419,0.0153140003908234,0.183179959100205,0.028933830347678,0.680674846625767,0.0914787939590867,,,2013.0,1990-09-10,,,,4
Rasul Douglas,PHI,DB,13281,weighted,,,,,,,,,,,,,,,,,,,,,,,,,,,,,,,,,,,,,,,,,,,,,3.04911042944785,0.795587672232937,0.0,0.0,0.119754601226994,0.0345339880885012,0.480245398773006,0.0345339880885012,,,2017.0,1994-08-29,,,,4
Anthony Harris,MIN,DB,12252,weighted,,,,,,,,,,,,,,,,,,,,,,,,,,,,,,,,,,,,,,,,,,,,,3.69693251533742,0.0907130606354673,0.0100511247443763,0.0099769742592338,0.243241308793456,0.0552393866206883,0.487627811860941,0.146953054923336,,,2015.0,1992-06-04,,,,4
Juan Thornhill,KC,DB,14207,weighted,,,,,,,,,,,,,,,,,,,,,,,,,,,,,,,,,,,,,,,,,,,,,2.93737804878049,1.21622366364086,0.020030487804878,0.014142135623731,0.0899695121951219,0.014142135623731,0.369908536585366,0.0424264068711929,,,2019.0,1970-01-01,,,,4
Michael Davis,LAC,DB,13479,weighted,,,,,,,,,,,,,,,,,,,,,,,,,,,,,,,,,,,,,,,,,,,,,1.98505112474438,1.5777633398765,0.0033640081799591,0.0057867660695355,0.0827300613496933,0.0836164612498163,0.226421267893661,0.0810877851128019,,,2017.0,1995-01-06,,,,4
Isaiah Oliver,ATL,DB,13709,weighted,,,,,,,,,,,,,,,,,,,,,,,,,,,,,,,,,,,,,,,,,,,,,2.81293978188715,0.675767438910183,0.0134186818397345,0.0182490406196561,0.129893314366999,0.0235973940111727,0.643169748696064,0.0526596567499099,,,2018.0,1996-09-30,,,,4
Tashaun Gipson,HOU,DB,11010,weighted,,,,,,,,,,,,,,,,,,,,,,,,,,,,,,,,,,,,,,,,,,,,,3.38061349693252,0.4177328361076,0.0370040899795501,0.0636544267648915,0.0932106339468303,0.0305105673416306,0.477106339468303,0.112262332354985,,,2012.0,1990-08-07,,,,4
Tashaun Gipson,CHI,DB,11010,weighted,,,,,,,,,,,,,,,,,,,,,,,,,,,,,,,,,,,,,,,,,,,,,3.38061349693252,0.4177328361076,0.0370040899795501,0.0636544267648915,0.0932106339468303,0.0305105673416306,0.477106339468303,0.112262332354985,,,2012.0,1990-08-07,,,,4
Justin Coleman,DET,DB,12523,weighted,,,,,,,,,,,,,,,,,,,,,,,,,,,,,,,,,,,,,,,,,,,,,2.9859100204499,0.675552685179622,0.0302147239263804,0.0299764426116212,0.0869529652351738,0.0644755904779686,0.713967280163599,0.102318860397806,,,,,,,,4
Reshad Jones,MIA,DB,9966,weighted,,,,,,,,,,,,,,,,,,,,,,,,,,,,,,,,,,,,,,,,,,,,,3.70500922509225,0.0047841868380845,0.0500369003690037,0.0191367473523388,0.169944649446494,0.0287051210285082,0.430055350553506,0.0287051210285082,,,2010.0,1988-02-25,,,,4
Reshad Jones,FA,DB,9966,weighted,,,,,,,,,,,,,,,,,,,,,,,,,,,,,,,,,,,,,,,,,,,,,3.70500922509225,0.0047841868380845,0.0500369003690037,0.0191367473523388,0.169944649446494,0.0287051210285082,0.430055350553506,0.0287051210285082,,,2010.0,1988-02-25,,,,4
T.J. Carrie,CLE,DB,11858,weighted,,,,,,,,,,,,,,,,,,,,,,,,,,,,,,,,,,,,,,,,,,,,,2.7872256097561,1.28693434175952,0.034984756097561,0.0070710678118654,0.0899695121951219,0.014142135623731,0.474618902439024,0.176776695296637,,,,,,,,4
T.J. Carrie,IND,DB,11858,weighted,,,,,,,,,,,,,,,,,,,,,,,,,,,,,,,,,,,,,,,,,,,,,2.7872256097561,1.28693434175952,0.034984756097561,0.0070710678118654,0.0899695121951219,0.014142135623731,0.474618902439024,0.176776695296637,,,,,,,,4
Desmond King,LAC,DB,13232,weighted,,,,,,,,,,,,,,,,,,,,,,,,,,,,,,,,,,,,,,,,,,,,,3.65015243902439,0.0707106781186548,0.0550762195121951,0.0353553390593274,0.169908536585366,0.0424264068711929,0.610030487804878,0.014142135623731,,,2017.0,1994-12-14,,,,4
Shaq Griffin,SEA,DB,13273,weighted,,,,,,,,,,,,,,,,,,,,,,,,,,,,,,,,,,,,,,,,,,,,,3.54035787321063,0.145717703585443,0.0234867075664622,0.0207682875961968,0.106543967280164,0.0493358236299794,0.621063394683027,0.190278519620824,,,2017.0,1994-01-01,,,,4
William Jackson,CIN,DB,12737,weighted,,,,,,,,,,,,,,,,,,,,,,,,,,,,,,,,,,,,,,,,,,,,,2.8079754601227,0.748540386690052,0.0269120654396728,0.0462941285562847,0.120040899795501,0.0200616023512851,0.843179959100204,0.146800139784433,,,2016.0,1993-01-01,,,,4
Avonte Maddox,PHI,DB,13767,weighted,,,,,,,,,,,,,,,,,,,,,,,,,,,,,,,,,,,,,,,,,,,,,2.49251533742331,1.01794207748501,0.0498261758691207,0.0263730010613484,0.0866871165644172,0.0115560655123727,0.400081799591002,0.0873062807051439,,,2018.0,1996-03-31,,,,4
Byron Murphy,ARI,DB,14180,weighted,,,,,,,,,,,,,,,,,,,,,,,,,,,,,,,,,,,,,,,,,,,,,3.11657012195122,0.728319984622144,0.0300609756097561,0.0282842712474619,0.100121951219512,0.0565685424949238,0.480548780487805,0.254558441227157,,,2019.0,1998-01-18,,,,4
Bashaud Breeland,KC,DB,11788,weighted,,,,,,,,,,,,,,,,,,,,,,,,,,,,,,,,,,,,,,,,,,,,,3.11098159509202,0.429855464913238,0.0134560327198364,0.0231470642781424,0.216533742331288,0.0207512596387443,0.647873210633947,0.237511627024418,,,2014.0,1992-01-30,,,,4
D.J. Hayden,JAC,DB,11346,weighted,,,,,,,,,,,,,,,,,,,,,,,,,,,,,,,,,,,,,,,,,,,,,3.46990853658537,0.0424264068711929,0.129786585365854,0.0989949493661167,0.0850762195121951,0.0353553390593274,0.485259146341463,0.120208152801713,,,2013.0,1990-06-27,,,,4
Terrance Mitchell,CLE,DB,11883,weighted,,,,,,,,,,,,,,,,,,,,,,,,,,,,,,,,,,,,,,,,,,,,,3.5,0.0,0.0,0.0,0.1,1.98041604282243e-17,0.7,0.0,,,2014.0,1992-05-27,,,,4
Chris Harris,DEN,DB,10592,weighted,,,,,,,,,,,,,,,,,,,,,,,,,,,,,,,,,,,,,,,,,,,,,2.54011616880038,0.646399845638376,0.0435182550972025,0.0328561823999615,0.163041725936463,0.0557713865264044,0.639651493598862,0.10053251593365,,,2011.0,1989-06-18,,,,4
Chris Harris,LAC,DB,10592,weighted,,,,,,,,,,,,,,,,,,,,,,,,,,,,,,,,,,,,,,,,,,,,,2.54011616880038,0.646399845638376,0.0435182550972025,0.0328561823999615,0.163041725936463,0.0557713865264044,0.639651493598862,0.10053251593365,,,2011.0,1989-06-18,,,,4
Rashaan Melvin,DET,DB,11537,weighted,,,,,,,,,,,,,,,,,,,,,,,,,,,,,,,,,,,,,,,,,,,,,2.18775051124744,1.3741593368212,0.0168200408997955,0.028933830347678,0.109795501022495,0.0954373308229643,0.526308793456033,0.283951948345405,,,,,,,,4
Rashaan Melvin,JAC,DB,11537,weighted,,,,,,,,,,,,,,,,,,,,,,,,,,,,,,,,,,,,,,,,,,,,,2.18775051124744,1.3741593368212,0.0168200408997955,0.028933830347678,0.109795501022495,0.0954373308229643,0.526308793456033,0.283951948345405,,,,,,,,4
Greedy Williams,CLE,DB,14177,weighted,,,,,,,,,,,,,,,,,,,,,,,,,,,,,,,,,,,,,,,,,,,,,2.46262195121951,1.21622366364086,0.0150457317073171,0.0212132034355964,0.0651981707317073,0.0919238815542512,0.290792682926829,0.367695526217005,,,2019.0,1970-01-01,O,Hamstring,2019.0,4
Damontae Kazee,ATL,DB,13301,weighted,,,,,,,,,,,,,,,,,,,,,,,,,,,,,,,,,,,,,,,,,,,,,3.05076219512195,0.353553390593274,0.01,0.0,0.159878048780488,0.0565685424949238,0.504710365853658,0.134350288425444,,,2017.0,1993-06-05,,,,4
M.J. Stewart,TB,DB,13736,weighted,,,,,,,,,,,,,,,,,,,,,,,,,,,,,,,,,,,,,,,,,,,,,2.68814024390244,0.862670273047588,0.005015243902439,0.0070710678118654,0.0350457317073171,0.0212132034355964,0.310030487804878,0.014142135623731,,,2018.0,1995-09-16,,,,4
Marlon Humphrey,BAL,DB,13223,weighted,,,,,,,,,,,,,,,,,,,,,,,,,,,,,,,,,,,,,,,,,,,,,2.77733128834356,0.494430070406222,0.0100920245398773,0.0173602982086068,0.262341513292434,0.136118579361459,0.859560327198364,0.0782582024516318,,,2017.0,1996-07-08,,,,4
Casey Hayward,LAC,DB,10793,weighted,,,,,,,,,,,,,,,,,,,,,,,,,,,,,,,,,,,,,,,,,,,,,2.53662576687117,0.856616948427532,0.033640081799591,0.0578676606953559,0.15920245398773,0.124507557832466,0.529907975460123,0.113756518996617,,,2012.0,1989-09-09,,,,4
P.J. Williams,NO,DB,12246,weighted,,,,,,,,,,,,,,,,,,,,,,,,,,,,,,,,,,,,,,,,,,,,,2.77370426829268,0.601040764008565,0.154862804878049,0.0636396103067893,0.0751371951219512,0.0636396103067893,0.629786585365854,0.0989949493661166,,,2015.0,1993-06-01,,,,4
Ricardo Allen,ATL,DB,11814,weighted,,,,,,,,,,,,,,,,,,,,,,,,,,,,,,,,,,,,,,,,,,,,,3.1250762195122,0.0353553390593273,0.0350457317073171,0.0212132034355964,0.164893292682927,0.0494974746830583,0.430091463414634,0.0424264068711929,,,2014.0,1991-12-18,,,,4
Brandon Carr,BAL,DB,9188,weighted,,,,,,,,,,,,,,,,,,,,,,,,,,,,,,,,,,,,,,,,,,,,,2.69093047034765,0.578747269177881,0.050081799591002,0.0401232047025702,0.14638036809816,0.0501936966133435,0.649744376278119,0.0498848712961693,,,2008.0,1986-05-19,,,,4
Brandon Carr,FA,DB,9188,weighted,,,,,,,,,,,,,,,,,,,,,,,,,,,,,,,,,,,,,,,,,,,,,2.69093047034765,0.578747269177881,0.050081799591002,0.0401232047025702,0.14638036809816,0.0501936966133435,0.649744376278119,0.0498848712961693,,,2008.0,1986-05-19,,,,4
Sidney Jones,PHI,DB,13225,weighted,,,,,,,,,,,,,,,,,,,,,,,,,,,,,,,,,,,,,,,,,,,,,2.72561349693252,0.361555851368801,0.0,0.0,0.11319018404908,0.0250968483066718,0.473374233128834,0.0231121310247453,,,2017.0,,,,,4
Daniel Sorensen,KC,DB,11956,weighted,,,,,,,,,,,,,,,,,,,,,,,,,,,,,,,,,,,,,,,,,,,,,2.13283536585366,1.31521861300698,0.01,0.0,0.0851371951219512,0.0636396103067893,0.220365853658537,0.169705627484771,,,2014.0,1990-03-05,,,,4
Stephon Gilmore,NE,DB,10789,weighted,,,,,,,,,,,,,,,,,,,,,,,,,,,,,,,,,,,,,,,,,,,,,2.58448875255624,0.465619117505341,0.0401635991820041,0.0264920546649154,0.203077709611452,0.0350737347303194,0.907321063394683,0.174554609420024,,,2012.0,1990-09-19,,,,4
Delano Hill,SEA,DB,13278,weighted,,,,,,,,,,,,,,,,,,,,,,,,,,,,,,,,,,,,,,,,,,,,,1.9532012195122,1.48492424049175,0.0351067073170732,0.0494974746830583,0.0451371951219512,0.0636396103067893,0.180365853658537,0.169705627484771,,,2017.0,1995-11-26,,,,4
Isaac Yiadom,DEN,DB,13754,weighted,,,,,,,,,,,,,,,,,,,,,,,,,,,,,,,,,,,,,,,,,,,,,2.38176829268293,0.820243866176395,0.01,0.0,0.0900304878048781,0.014142135623731,0.395289634146341,0.134350288425444,,,2018.0,1996-02-20,,,,4
Charvarius Ward,KC,DB,13920,weighted,,,,,,,,,,,,,,,,,,,,,,,,,,,,,,,,,,,,,,,,,,,,,2.76018292682927,0.0848528137423855,0.029969512195122,0.014142135623731,0.110030487804878,0.0141421356237309,0.579634146341463,0.169705627484771,,,2018.0,1996-05-16,,,,4
Tramaine Brock,ARI,DB,10149,weighted,,,,,,,,,,,,,,,,,,,,,,,,,,,,,,,,,,,,,,,,,,,,,1.48891768292683,1.81726442764943,0.0300914634146341,0.0424264068711929,0.0601829268292683,0.0848528137423857,0.381006097560976,0.466690475583121,,,2010.0,1988-08-20,,,,4
Tramaine Brock,FA,DB,10149,weighted,,,,,,,,,,,,,,,,,,,,,,,,,,,,,,,,,,,,,,,,,,,,,1.48891768292683,1.81726442764943,0.0300914634146341,0.0424264068711929,0.0601829268292683,0.0848528137423857,0.381006097560976,0.466690475583121,,,2010.0,1988-08-20,,,,4
Buster Skrine,CHI,DB,10379,weighted,,,,,,,,,,,,,,,,,,,,,,,,,,,,,,,,,,,,,,,,,,,,,2.66990853658537,0.0424264068711929,0.0250457317073171,0.0212132034355964,0.0451371951219512,0.0636396103067893,0.395289634146341,0.134350288425444,,,2011.0,1989-04-26,,,,4
Jonathan Jones,NE,DB,12988,weighted,,,,,,,,,,,,,,,,,,,,,,,,,,,,,,,,,,,,,,,,,,,,,2.36428353658537,0.332340187157677,0.095015243902439,0.0070710678118654,0.0899695121951219,0.014142135623731,0.529481707317073,0.240416305603426,,,2016.0,1993-09-20,,,,4
Brandon Facyson,LAC,DB,13934,weighted,,,,,,,,,,,,,,,,,,,,,,,,,,,,,,,,,,,,,,,,,,,,,1.54286585365854,1.32936074863071,0.0250762195121951,0.0353553390593274,0.0501524390243903,0.0707106781186548,0.225503048780488,0.233345237791561,,,2018.0,1970-01-01,,,,4
Anthony Brown,DAL,DB,12817,weighted,,,,,,,,,,,,,,,,,,,,,,,,,,,,,,,,,,,,,,,,,,,,,2.30471036585366,0.134350288425444,0.0800609756097561,0.0282842712474619,0.0500914634146341,0.0424264068711929,0.574618902439024,0.176776695296637,,,2016.0,1993-12-15,,,,4
Taron Johnson,BUF,DB,13764,weighted,,,,,,,,,,,,,,,,,,,,,,,,,,,,,,,,,,,,,,,,,,,,,2.4,0.0,0.1,1.98041604282243e-17,0.04,0.0,0.2,3.96083208564486e-17,,,2018.0,1996-07-27,O,Hamstring,2019.0,4
Deionte Thompson,ARI,DB,14183,weighted,,,,,,,,,,,,,,,,,,,,,,,,,,,,,,,,,,,,,,,,,,,,,1.56245426829268,1.18086832458153,0.010030487804878,0.014142135623731,0.020030487804878,0.014142135623731,0.110030487804878,0.0141421356237309,,,2019.0,1970-01-01,,,,4
Darius Slay,DET,DB,11348,weighted,,,,,,,,,,,,,,,,,,,,,,,,,,,,,,,,,,,,,,,,,,,,,2.18556402439024,0.261629509039023,0.020030487804878,0.014142135623731,0.194984756097561,0.0070710678118654,0.815350609756097,0.162634559672906,,,2013.0,1991-01-01,O,Hamstring,2019.0,4
Darius Slay,PHI,DB,11348,weighted,,,,,,,,,,,,,,,,,,,,,,,,,,,,,,,,,,,,,,,,,,,,,2.18556402439024,0.261629509039023,0.020030487804878,0.014142135623731,0.194984756097561,0.0070710678118654,0.815350609756097,0.162634559672906,,,2013.0,1991-01-01,O,Hamstring,2019.0,4
Deshazor Everett,WAS,DB,12544,weighted,,,,,,,,,,,,,,,,,,,,,,,,,,,,,,,,,,,,,,,,,,,,,1.52263719512195,1.09601551083915,0.03,0.0,0.034984756097561,0.0070710678118654,0.304405487804878,0.275771644662754,,,,,,,,4
Grant Haley,NYG,DB,13996,weighted,,,,,,,,,,,,,,,,,,,,,,,,,,,,,,,,,,,,,,,,,,,,,1.9790243902439,0.45254833995939,0.029969512195122,0.014142135623731,0.0250457317073171,0.0212132034355964,0.210030487804878,0.0141421356237309,,,2018.0,1970-01-01,,,,4
Taylor Rapp,LAR,DB,14186,weighted,,,,,,,,,,,,,,,,,,,,,,,,,,,,,,,,,,,,,,,,,,,,,1.79650914634146,0.700035713374682,0.0,0.0,0.0651676829268293,0.0777817459305202,0.360182926829268,0.0848528137423857,,,2019.0,1970-01-01,,,,4
Ross Cockrell,CAR,DB,11791,weighted,,,,,,,,,,,,,,,,,,,,,,,,,,,,,,,,,,,,,,,,,,,,,2.23510670731707,0.0494974746830582,0.02,0.0,0.0651067073170732,0.0494974746830583,0.375228658536585,0.106066017177982,,,2014.0,1991-08-06,,,,4
Ross Cockrell,FA,DB,11791,weighted,,,,,,,,,,,,,,,,,,,,,,,,,,,,,,,,,,,,,,,,,,,,,2.23510670731707,0.0494974746830582,0.02,0.0,0.0651067073170732,0.0494974746830583,0.375228658536585,0.106066017177982,,,2014.0,1991-08-06,,,,4
Jahleel Addae,HOU,DB,11498,weighted,,,,,,,,,,,,,,,,,,,,,,,,,,,,,,,,,,,,,,,,,,,,,1.76868902439024,0.608111831820431,0.005015243902439,0.0070710678118654,0.0549542682926829,0.0212132034355964,0.0950762195121951,0.0353553390593274,,,2013.0,1990-01-24,,,,4
Jahleel Addae,FA,DB,11498,weighted,,,,,,,,,,,,,,,,,,,,,,,,,,,,,,,,,,,,,,,,,,,,,1.76868902439024,0.608111831820431,0.005015243902439,0.0070710678118654,0.0549542682926829,0.0212132034355964,0.0950762195121951,0.0353553390593274,,,2013.0,1990-01-24,,,,4
Lonnie Johnson,HOU,DB,14205,weighted,,,,,,,,,,,,,,,,,,,,,,,,,,,,,,,,,,,,,,,,,,,,,2.00060975609756,0.282842712474619,0.0150457317073171,0.0212132034355964,0.0650762195121951,0.0353553390593274,0.370213414634146,0.0989949493661167,,,2019.0,,,,,4
B.W. Webb,CIN,DB,11363,weighted,,,,,,,,,,,,,,,,,,,,,,,,,,,,,,,,,,,,,,,,,,,,,1.8041006097561,0.417193000900063,0.045015243902439,0.0070710678118654,0.060030487804878,0.014142135623731,0.279939024390244,0.0282842712474619,,,2013.0,1990-05-03,,,,4
B.W. Webb,FA,DB,11363,weighted,,,,,,,,,,,,,,,,,,,,,,,,,,,,,,,,,,,,,,,,,,,,,1.8041006097561,0.417193000900063,0.045015243902439,0.0070710678118654,0.060030487804878,0.014142135623731,0.279939024390244,0.0282842712474619,,,2013.0,1990-05-03,,,,4
Curtis Riley,,DB,13017,weighted,,,,,,,,,,,,,,,,,,,,,,,,,,,,,,,,,,,,,,,,,,,,,1.83920731707317,0.367695526217005,0.005015243902439,0.0070710678118654,0.124771341463415,0.106066017177982,0.194984756097561,0.0070710678118654,,,,,,,,4
Fabian Moreau,WAS,DB,13270,weighted,,,,,,,,,,,,,,,,,,,,,,,,,,,,,,,,,,,,,,,,,,,,,2.02978658536585,0.0989949493661167,0.010030487804878,0.014142135623731,0.07,0.0,0.265198170731707,0.0919238815542512,,,2017.0,1994-04-09,,,,4
Eric Murray,CLE,DB,12772,weighted,,,,,,,,,,,,,,,,,,,,,,,,,,,,,,,,,,,,,,,,,,,,,1.46170731707317,0.791959594928933,0.010030487804878,0.014142135623731,0.0351067073170732,0.0494974746830583,0.165259146341463,0.120208152801713,,,2016.0,1994-01-07,,,,4
Eric Murray,HOU,DB,12772,weighted,,,,,,,,,,,,,,,,,,,,,,,,,,,,,,,,,,,,,,,,,,,,,1.46170731707317,0.791959594928933,0.010030487804878,0.014142135623731,0.0351067073170732,0.0494974746830583,0.165259146341463,0.120208152801713,,,2016.0,1994-01-07,,,,4
Tramon Williams,GB,DB,8958,weighted,,,,,,,,,,,,,,,,,,,,,,,,,,,,,,,,,,,,,,,,,,,,,1.66899390243902,0.466690475583121,0.0250762195121951,0.0353553390593274,0.0350762195121951,0.0353553390593274,0.334801829268293,0.0919238815542512,,,2006.0,1983-03-16,,,,4
Tramon Williams,FA,DB,8958,weighted,,,,,,,,,,,,,,,,,,,,,,,,,,,,,,,,,,,,,,,,,,,,,1.66899390243902,0.466690475583121,0.0250762195121951,0.0353553390593274,0.0350762195121951,0.0353553390593274,0.334801829268293,0.0919238815542512,,,2006.0,1983-03-16,,,,4
Nasir Adderley,LAC,DB,14185,weighted,,,,,,,,,,,,,,,,,,,,,,,,,,,,,,,,,,,,,,,,,,,,,1.1524237804878,1.19501046020527,0.01,0.0,0.0548628048780488,0.0636396103067893,0.279329268292683,0.311126983722081,,,2019.0,1970-01-01,,,,4
Will Parks,DEN,DB,12835,weighted,,,,,,,,,,,,,,,,,,,,,,,,,,,,,,,,,,,,,,,,,,,,,1.55106707317073,0.494974746830583,0.020030487804878,0.014142135623731,0.0550762195121951,0.0353553390593274,0.210335365853659,0.15556349186104,,,2016.0,1994-07-29,,,,4
Will Parks,PHI,DB,12835,weighted,,,,,,,,,,,,,,,,,,,,,,,,,,,,,,,,,,,,,,,,,,,,,1.55106707317073,0.494974746830583,0.020030487804878,0.014142135623731,0.0550762195121951,0.0353553390593274,0.210335365853659,0.15556349186104,,,2016.0,1994-07-29,,,,4
Jermaine Whitehead,,DB,13531,weighted,,,,,,,,,,,,,,,,,,,,,,,,,,,,,,,,,,,,,,,,,,,,,1.84513719512195,0.0636396103067892,0.040030487804878,0.014142135623731,0.0300914634146341,0.0424264068711929,0.190274390243902,0.127279220613579,,,,,,,,4
Miles Killebrew,DET,DB,12776,weighted,,,,,,,,,,,,,,,,,,,,,,,,,,,,,,,,,,,,,,,,,,,,,0.92734756097561,1.23036579926459,0.02,0.0,0.03,0.0,0.2,0.0,,,2016.0,1993-05-10,,,,4
Sharrod Neasman,ATL,DB,13087,weighted,,,,,,,,,,,,,,,,,,,,,,,,,,,,,,,,,,,,,,,,,,,,,1.14801829268293,0.919238815542512,0.005015243902439,0.0070710678118654,0.0150457317073171,0.0212132034355964,0.144832317073171,0.0777817459305202,,,2016.0,1991-10-14,,,,4
Michael Thomas,NYG,DB,11613,weighted,,,,,,,,,,,,,,,,,,,,,,,,,,,,,,,,,,,,,,,,,,,,,1.38905487804878,0.438406204335659,0.0349542682926829,0.0212132034355964,0.0649542682926829,0.0212132034355964,0.244832317073171,0.0777817459305202,,,2012.0,1989-03-17,,,,4
Michael Thomas,HOU,DB,11613,weighted,,,,,,,,,,,,,,,,,,,,,,,,,,,,,,,,,,,,,,,,,,,,,1.38905487804878,0.438406204335659,0.0349542682926829,0.0212132034355964,0.0649542682926829,0.0212132034355964,0.244832317073171,0.0777817459305202,,,2012.0,1989-03-17,,,,4
Erik Harris,OAK,DB,12910,weighted,,,,,,,,,,,,,,,,,,,,,,,,,,,,,,,,,,,,,,,,,,,,,1.44923780487805,0.353553390593274,0.0,0.0,0.054984756097561,0.0070710678118654,0.259878048780488,0.0565685424949238,,,2015.0,1990-04-02,,,,4
Erik Harris,LVR,DB,12910,weighted,,,,,,,,,,,,,,,,,,,,,,,,,,,,,,,,,,,,,,,,,,,,,1.44923780487805,0.353553390593274,0.0,0.0,0.054984756097561,0.0070710678118654,0.259878048780488,0.0565685424949238,,,2015.0,1990-04-02,,,,4
Mackensie Alexander,MIN,DB,12713,weighted,,,,,,,,,,,,,,,,,,,,,,,,,,,,,,,,,,,,,,,,,,,,,1.5902743902439,0.127279220613579,0.145137195121951,0.0636396103067893,0.0300914634146341,0.0424264068711929,0.345137195121951,0.0636396103067893,,,2016.0,1993-11-12,Q,Elbow,2019.0,4
Mackensie Alexander,CIN,DB,12713,weighted,,,,,,,,,,,,,,,,,,,,,,,,,,,,,,,,,,,,,,,,,,,,,1.5902743902439,0.127279220613579,0.145137195121951,0.0636396103067893,0.0300914634146341,0.0424264068711929,0.345137195121951,0.0636396103067893,,,2016.0,1993-11-12,Q,Elbow,2019.0,4
Duron Harmon,NE,DB,11359,weighted,,,,,,,,,,,,,,,,,,,,,,,,,,,,,,,,,,,,,,,,,,,,,1.51033536585366,0.155563491861041,0.005015243902439,0.0070710678118654,0.095015243902439,0.0070710678118654,0.245137195121951,0.0636396103067893,,,2013.0,1991-01-24,,,,4
Duron Harmon,DET,DB,11359,weighted,,,,,,,,,,,,,,,,,,,,,,,,,,,,,,,,,,,,,,,,,,,,,1.51033536585366,0.155563491861041,0.005015243902439,0.0070710678118654,0.095015243902439,0.0070710678118654,0.245137195121951,0.0636396103067893,,,2013.0,1991-01-24,,,,4
Jayron Kearse,MIN,DB,12720,weighted,,,,,,,,,,,,,,,,,,,,,,,,,,,,,,,,,,,,,,,,,,,,,1.46960365853659,0.183847763108502,0.0499390243902439,0.0282842712474619,0.0200609756097561,0.0282842712474619,0.269908536585366,0.0424264068711929,,,2016.0,1994-02-11,,,,4
Jayron Kearse,DET,DB,12720,weighted,,,,,,,,,,,,,,,,,,,,,,,,,,,,,,,,,,,,,,,,,,,,,1.46960365853659,0.183847763108502,0.0499390243902439,0.0282842712474619,0.0200609756097561,0.0282842712474619,0.269908536585366,0.0424264068711929,,,2016.0,1994-02-11,,,,4
Josh Jackson,GB,DB,13708,weighted,,,,,,,,,,,,,,,,,,,,,,,,,,,,,,,,,,,,,,,,,,,,,1.23890243902439,0.509116882454314,0.005015243902439,0.0070710678118654,0.0200609756097561,0.0282842712474619,0.364588414634146,0.190918830920368,,,2018.0,1996-04-03,,,,4
Tony Brown,GB,DB,13970,weighted,,,,,,,,,,,,,,,,,,,,,,,,,,,,,,,,,,,,,,,,,,,,,1.20379573170732,0.558614357137373,0.0,0.0,0.010030487804878,0.014142135623731,0.174923780487805,0.0353553390593274,,,2018.0,1970-01-01,,,,4
Tony Brown,CIN,DB,13970,weighted,,,,,,,,,,,,,,,,,,,,,,,,,,,,,,,,,,,,,,,,,,,,,1.20379573170732,0.558614357137373,0.0,0.0,0.010030487804878,0.014142135623731,0.174923780487805,0.0353553390593274,,,2018.0,1970-01-01,,,,4
DeVante Bausby,DEN,DB,13034,weighted,,,,,,,,,,,,,,,,,,,,,,,,,,,,,,,,,,,,,,,,,,,,,0.827210365853658,1.02530483272049,0.005015243902439,0.0070710678118654,0.0250762195121951,0.0353553390593274,0.14532012195122,0.148492424049175,,,,,,,,4
Anthony Averett,BAL,DB,13761,weighted,,,,,,,,,,,,,,,,,,,,,,,,,,,,,,,,,,,,,,,,,,,,,1.01155487804878,0.721248916810278,0.0150457317073171,0.0212132034355964,0.0351067073170732,0.0494974746830583,0.170426829268293,0.197989898732233,,,2018.0,1994-11-29,,,,4
Andrew Sendejo,PHI,DB,10220,weighted,,,,,,,,,,,,,,,,,,,,,,,,,,,,,,,,,,,,,,,,,,,,,1.33449695121951,0.233345237791561,0.0648932926829268,0.0494974746830583,0.03,0.0,0.130091463414634,0.0424264068711929,,,2010.0,1987-09-09,,,,4
Andrew Sendejo,CLE,DB,10220,weighted,,,,,,,,,,,,,,,,,,,,,,,,,,,,,,,,,,,,,,,,,,,,,1.33449695121951,0.233345237791561,0.0648932926829268,0.0494974746830583,0.03,0.0,0.130091463414634,0.0424264068711929,,,2010.0,1987-09-09,,,,4
Troy Hill,LAR,DB,12589,weighted,,,,,,,,,,,,,,,,,,,,,,,,,,,,,,,,,,,,,,,,,,,,,0.978414634146342,0.735391052434009,0.0,0.0,0.0449237804878049,0.0353553390593274,0.139817073170732,0.0848528137423857,,,,,,,,4
Tavon Wilson,DET,DB,10808,weighted,,,,,,,,,,,,,,,,,,,,,,,,,,,,,,,,,,,,,,,,,,,,,1.19939024390244,0.282842712474619,0.0449542682926829,0.0212132034355964,0.0150457317073171,0.0212132034355964,0.120060975609756,0.0282842712474619,,,2012.0,1990-03-19,,,,4
Tavon Wilson,FA,DB,10808,weighted,,,,,,,,,,,,,,,,,,,,,,,,,,,,,,,,,,,,,,,,,,,,,1.19939024390244,0.282842712474619,0.0449542682926829,0.0212132034355964,0.0150457317073171,0.0212132034355964,0.120060975609756,0.0282842712474619,,,2012.0,1990-03-19,,,,4
Quincy Wilson,IND,DB,13255,weighted,,,,,,,,,,,,,,,,,,,,,,,,,,,,,,,,,,,,,,,,,,,,,1.36990853658537,0.0424264068711927,0.0200609756097561,0.0282842712474619,0.065015243902439,0.0070710678118654,0.130091463414634,0.0424264068711929,,,2017.0,1996-01-01,,,,4
Quincy Wilson,NYJ,DB,13255,weighted,,,,,,,,,,,,,,,,,,,,,,,,,,,,,,,,,,,,,,,,,,,,,1.36990853658537,0.0424264068711927,0.0200609756097561,0.0282842712474619,0.065015243902439,0.0070710678118654,0.130091463414634,0.0424264068711929,,,2017.0,1996-01-01,,,,4
Kevin Johnson,BUF,DB,12249,weighted,,,,,,,,,,,,,,,,,,,,,,,,,,,,,,,,,,,,,,,,,,,,,1.18966463414634,0.15556349186104,0.0548628048780488,0.0636396103067893,0.0150457317073171,0.0212132034355964,0.0850762195121951,0.0353553390593274,,,2015.0,1992-08-05,,,,4
Kevin Johnson,CLE,DB,12249,weighted,,,,,,,,,,,,,,,,,,,,,,,,,,,,,,,,,,,,,,,,,,,,,1.18966463414634,0.15556349186104,0.0548628048780488,0.0636396103067893,0.0150457317073171,0.0212132034355964,0.0850762195121951,0.0353553390593274,,,2015.0,1992-08-05,,,,4
Clayton Fejedelem,CIN,DB,12850,weighted,,,,,,,,,,,,,,,,,,,,,,,,,,,,,,,,,,,,,,,,,,,,,0.913826219512195,0.544472221513642,0.010030487804878,0.014142135623731,0.005015243902439,0.0070710678118654,0.0500914634146341,0.0424264068711929,,,2016.0,1993-06-02,,,,4
Clayton Fejedelem,MIA,DB,12850,weighted,,,,,,,,,,,,,,,,,,,,,,,,,,,,,,,,,,,,,,,,,,,,,0.913826219512195,0.544472221513642,0.010030487804878,0.014142135623731,0.005015243902439,0.0070710678118654,0.0500914634146341,0.0424264068711929,,,2016.0,1993-06-02,,,,4
Jourdan Lewis,DAL,DB,13227,weighted,,,,,,,,,,,,,,,,,,,,,,,,,,,,,,,,,,,,,,,,,,,,,1.00091463414634,0.424264068711929,0.005015243902439,0.0070710678118654,0.069969512195122,0.014142135623731,0.215045731707317,0.0212132034355964,,,2017.0,1995-08-31,,,,4
Walt Aikens,MIA,DB,11799,weighted,,,,,,,,,,,,,,,,,,,,,,,,,,,,,,,,,,,,,,,,,,,,,0.831310975609756,0.608111831820431,0.0,0.0,0.06,0.0,0.125198170731707,0.0919238815542512,,,2014.0,1991-06-19,,,,4
Walt Aikens,FA,DB,11799,weighted,,,,,,,,,,,,,,,,,,,,,,,,,,,,,,,,,,,,,,,,,,,,,0.831310975609756,0.608111831820431,0.0,0.0,0.06,0.0,0.125198170731707,0.0919238815542512,,,2014.0,1991-06-19,,,,4
Trayvon Mullen,OAK,DB,14181,weighted,,,,,,,,,,,,,,,,,,,,,,,,,,,,,,,,,,,,,,,,,,,,,0.621646341463415,0.763675323681471,0.005015243902439,0.0070710678118654,0.0250762195121951,0.0353553390593274,0.110335365853659,0.15556349186104,,,2019.0,1970-01-01,,,,4
Trayvon Mullen,LVR,DB,14181,weighted,,,,,,,,,,,,,,,,,,,,,,,,,,,,,,,,,,,,,,,,,,,,,0.621646341463415,0.763675323681471,0.005015243902439,0.0070710678118654,0.0250762195121951,0.0353553390593274,0.110335365853659,0.15556349186104,,,2019.0,1970-01-01,,,,4
Jordan Lucas,KC,DB,12826,weighted,,,,,,,,,,,,,,,,,,,,,,,,,,,,,,,,,,,,,,,,,,,,,0.884344512195122,0.304055915910215,0.0399390243902439,0.0282842712474619,0.0349237804878049,0.0353553390593274,0.1,0.0,,,2016.0,1993-08-02,,,,4
Jordan Lucas,CHI,DB,12826,weighted,,,,,,,,,,,,,,,,,,,,,,,,,,,,,,,,,,,,,,,,,,,,,0.884344512195122,0.304055915910215,0.0399390243902439,0.0282842712474619,0.0349237804878049,0.0353553390593274,0.1,0.0,,,2016.0,1993-08-02,,,,4
George Odum,IND,DB,13939,weighted,,,,,,,,,,,,,,,,,,,,,,,,,,,,,,,,,,,,,,,,,,,,,0.683734756097561,0.586898628384834,0.0,0.0,0.01,0.0,0.0549542682926829,0.0212132034355964,,,2018.0,1993-11-03,,,,4
Maurice Canady,BAL,DB,12829,weighted,,,,,,,,,,,,,,,,,,,,,,,,,,,,,,,,,,,,,,,,,,,,,0.676143292682927,0.530330085889911,0.0,0.0,0.010030487804878,0.014142135623731,0.0951676829268293,0.0777817459305202,,,2016.0,1994-05-26,,,,4
Maurice Canady,DAL,DB,12829,weighted,,,,,,,,,,,,,,,,,,,,,,,,,,,,,,,,,,,,,,,,,,,,,0.676143292682927,0.530330085889911,0.0,0.0,0.010030487804878,0.014142135623731,0.0951676829268293,0.0777817459305202,,,2016.0,1994-05-26,,,,4
Jamal Agnew,DET,DB,13308,weighted,,,,,,,,,,,,,,,,,,,,,,,,,,,,,,,,,,,,,,,,,,,,,0.89467987804878,0.148492424049175,0.010030487804878,0.014142135623731,0.0200609756097561,0.0282842712474619,0.0951067073170732,0.0494974746830583,,,2017.0,,,,,4
Cameron Sutton,PIT,DB,13276,weighted,,,,,,,,,,,,,,,,,,,,,,,,,,,,,,,,,,,,,,,,,,,,,0.925076219512195,0.0353553390593273,0.005015243902439,0.0070710678118654,0.0150457317073171,0.0212132034355964,0.0951981707317073,0.0919238815542512,,,2017.0,1995-02-27,,,,4
Rashaan Gaulden,CAR,DB,13749,weighted,,,,,,,,,,,,,,,,,,,,,,,,,,,,,,,,,,,,,,,,,,,,,0.725685975609756,0.318198051533946,0.005015243902439,0.0070710678118654,0.0150457317073171,0.0212132034355964,0.0951981707317073,0.0919238815542512,,,2018.0,1995-01-23,,,,4
Rashaan Gaulden,NYG,DB,13749,weighted,,,,,,,,,,,,,,,,,,,,,,,,,,,,,,,,,,,,,,,,,,,,,0.725685975609756,0.318198051533946,0.005015243902439,0.0070710678118654,0.0150457317073171,0.0212132034355964,0.0951981707317073,0.0919238815542512,,,2018.0,1995-01-23,,,,4
Dean Marlowe,,DB,12486,weighted,,,,,,,,,,,,,,,,,,,,,,,,,,,,,,,,,,,,,,,,,,,,,0.486356707317073,0.629325035256027,0.010030487804878,0.014142135623731,0.0200609756097561,0.0282842712474619,0.0852286585365854,0.106066017177982,,,,,,,,4
Akeem King,SEA,DB,12380,weighted,,,,,,,,,,,,,,,,,,,,,,,,,,,,,,,,,,,,,,,,,,,,,0.79467987804878,0.148492424049175,0.0,0.0,0.0150457317073171,0.0212132034355964,0.1,0.0,,,2015.0,1992-08-29,,,,4
Akeem King,FA,DB,12380,weighted,,,,,,,,,,,,,,,,,,,,,,,,,,,,,,,,,,,,,,,,,,,,,0.79467987804878,0.148492424049175,0.0,0.0,0.0150457317073171,0.0212132034355964,0.1,0.0,,,2015.0,1992-08-29,,,,4
Justin Layne,PIT,DB,14214,weighted,,,,,,,,,,,,,,,,,,,,,,,,,,,,,,,,,,,,,,,,,,,,,0.739512195121951,0.226274169979695,0.005015243902439,0.0070710678118654,0.015015243902439,0.0070710678118654,0.105015243902439,0.0070710678118654,,,2019.0,1970-01-01,,,,4
Chauncey Gardner-Johnson,NO,DB,14224,weighted,,,,,,,,,,,,,,,,,,,,,,,,,,,,,,,,,,,,,,,,,,,,,0.739512195121951,0.226274169979695,0.014984756097561,0.0070710678118654,0.010030487804878,0.014142135623731,0.0950457317073171,0.0212132034355964,,,2019.0,1997-12-20,,,,4
Tony McRae,CIN,DB,13504,weighted,,,,,,,,,,,,,,,,,,,,,,,,,,,,,,,,,,,,,,,,,,,,,0.590884146341463,0.410121933088198,0.005015243902439,0.0070710678118654,0.0150457317073171,0.0212132034355964,0.110121951219512,0.0565685424949238,,,2016.0,1970-01-01,,,,4
Tony McRae,DET,DB,13504,weighted,,,,,,,,,,,,,,,,,,,,,,,,,,,,,,,,,,,,,,,,,,,,,0.590884146341463,0.410121933088198,0.005015243902439,0.0070710678118654,0.0150457317073171,0.0212132034355964,0.110121951219512,0.0565685424949238,,,2016.0,1970-01-01,,,,4
Amani Hooker,TEN,DB,14182,weighted,,,,,,,,,,,,,,,,,,,,,,,,,,,,,,,,,,,,,,,,,,,,,0.541036585365854,0.480832611206852,0.010030487804878,0.014142135623731,0.0200609756097561,0.0282842712474619,0.11015243902439,0.0707106781186548,,,2019.0,1998-06-14,,,,4
Jaylen Watkins,LAC,DB,11787,weighted,,,,,,,,,,,,,,,,,,,,,,,,,,,,,,,,,,,,,,,,,,,,,0.481158536585366,0.537401153701776,0.005015243902439,0.0070710678118654,0.0150457317073171,0.0212132034355964,0.0702134146341463,0.0989949493661167,,,2014.0,1992-11-27,,,,4
Jaylen Watkins,HOU,DB,11787,weighted,,,,,,,,,,,,,,,,,,,,,,,,,,,,,,,,,,,,,,,,,,,,,0.481158536585366,0.537401153701776,0.005015243902439,0.0070710678118654,0.0150457317073171,0.0212132034355964,0.0702134146341463,0.0989949493661167,,,2014.0,1992-11-27,,,,4
Tre Herndon,JAC,DB,13914,weighted,,,,,,,,,,,,,,,,,,,,,,,,,,,,,,,,,,,,,,,,,,,,,0.660487804878049,0.226274169979695,0.0,0.0,0.0150457317073171,0.0212132034355964,0.0901524390243903,0.0707106781186548,,,2018.0,1970-01-01,,,,4
Anthony Levine,BAL,DB,10981,weighted,,,,,,,,,,,,,,,,,,,,,,,,,,,,,,,,,,,,,,,,,,,,,0.580548780487805,0.254558441227157,0.0349542682926829,0.0212132034355964,0.0150457317073171,0.0212132034355964,0.194984756097561,0.0070710678118654,,,2011.0,1987-03-27,,,,4
Andrew Adams,TB,DB,12998,weighted,,,,,,,,,,,,,,,,,,,,,,,,,,,,,,,,,,,,,,,,,,,,,0.715045731707317,0.0212132034355964,0.0,0.0,0.034984756097561,0.0070710678118654,0.164893292682927,0.0494974746830583,,,2016.0,1993-08-28,,,,4
Darian Stewart,TB,DB,10122,weighted,,,,,,,,,,,,,,,,,,,,,,,,,,,,,,,,,,,,,,,,,,,,,0.65015243902439,0.0707106781186547,0.0150457317073171,0.0212132034355964,0.02,0.0,0.0550457317073171,0.0212132034355964,,,2010.0,1988-08-04,,,,4
Darian Stewart,FA,DB,10122,weighted,,,,,,,,,,,,,,,,,,,,,,,,,,,,,,,,,,,,,,,,,,,,,0.65015243902439,0.0707106781186547,0.0150457317073171,0.0212132034355964,0.02,0.0,0.0550457317073171,0.0212132034355964,,,2010.0,1988-08-04,,,,4
Deon Bush,CHI,DB,12783,weighted,,,,,,,,,,,,,,,,,,,,,,,,,,,,,,,,,,,,,,,,,,,,,0.574618902439024,0.176776695296637,0.0449542682926829,0.0212132034355964,0.005015243902439,0.0070710678118654,0.0500304878048781,0.0141421356237309,,,2016.0,1993-08-14,,,,4
Javien Elliott,CAR,DB,13083,weighted,,,,,,,,,,,,,,,,,,,,,,,,,,,,,,,,,,,,,,,,,,,,,0.595289634146342,0.134350288425444,0.0,0.0,0.0250457317073171,0.0212132034355964,0.0802134146341463,0.0989949493661166,,,2016.0,1970-01-01,,,,4
Javien Elliott,FA,DB,13083,weighted,,,,,,,,,,,,,,,,,,,,,,,,,,,,,,,,,,,,,,,,,,,,,0.595289634146342,0.134350288425444,0.0,0.0,0.0250457317073171,0.0212132034355964,0.0802134146341463,0.0989949493661166,,,2016.0,1970-01-01,,,,4
Johnson Bademosi,MIA,DB,11011,weighted,,,,,,,,,,,,,,,,,,,,,,,,,,,,,,,,,,,,,,,,,,,,,0.355899390243902,0.417193000900063,0.0,0.0,0.010030487804878,0.014142135623731,0.0501524390243903,0.0707106781186548,,,2012.0,1990-07-23,,,,4
Johnson Bademosi,NO,DB,11011,weighted,,,,,,,,,,,,,,,,,,,,,,,,,,,,,,,,,,,,,,,,,,,,,0.355899390243902,0.417193000900063,0.0,0.0,0.010030487804878,0.014142135623731,0.0501524390243903,0.0707106781186548,,,2012.0,1990-07-23,,,,4
Cyrus Jones,BAL,DB,12749,weighted,,,,,,,,,,,,,,,,,,,,,,,,,,,,,,,,,,,,,,,,,,,,,0.325899390243902,0.417193000900063,0.0,0.0,0.010030487804878,0.014142135623731,0.0501524390243903,0.0707106781186548,,,2016.0,,,,,4
Cyrus Jones,FA,DB,12749,weighted,,,,,,,,,,,,,,,,,,,,,,,,,,,,,,,,,,,,,,,,,,,,,0.325899390243902,0.417193000900063,0.0,0.0,0.010030487804878,0.014142135623731,0.0501524390243903,0.0707106781186548,,,2016.0,,,,,4
Kurt Coleman,BUF,DB,10026,weighted,,,,,,,,,,,,,,,,,,,,,,,,,,,,,,,,,,,,,,,,,,,,,0.464588414634146,0.190918830920368,0.0,0.0,0.005015243902439,0.0070710678118654,0.0250762195121951,0.0353553390593274,,,2010.0,1988-07-01,,,,4
Patrick Robinson,NO,DB,9841,weighted,,,,,,,,,,,,,,,,,,,,,,,,,,,,,,,,,,,,,,,,,,,,,0.504710365853658,0.134350288425444,0.005015243902439,0.0070710678118654,0.0,0.0,0.110030487804878,0.0141421356237309,,,2010.0,1987-09-07,,,,4
Artie Burns,PIT,DB,12738,weighted,,,,,,,,,,,,,,,,,,,,,,,,,,,,,,,,,,,,,,,,,,,,,0.449542682926829,0.212132034355964,0.0,0.0,0.005015243902439,0.0070710678118654,0.0300609756097561,0.0282842712474619,,,2016.0,1995-05-01,,,,4
Artie Burns,CHI,DB,12738,weighted,,,,,,,,,,,,,,,,,,,,,,,,,,,,,,,,,,,,,,,,,,,,,0.449542682926829,0.212132034355964,0.0,0.0,0.005015243902439,0.0070710678118654,0.0300609756097561,0.0282842712474619,,,2016.0,1995-05-01,,,,4
Phillip Gaines,HOU,DB,11781,weighted,,,,,,,,,,,,,,,,,,,,,,,,,,,,,,,,,,,,,,,,,,,,,0.325807926829268,0.37476659402887,0.0,0.0,0.010030487804878,0.014142135623731,0.0401219512195122,0.0565685424949238,,,2014.0,1991-04-04,,,,4
Marqui Christian,LAR,DB,12803,weighted,,,,,,,,,,,,,,,,,,,,,,,,,,,,,,,,,,,,,,,,,,,,,0.484954268292683,0.0212132034355964,0.005015243902439,0.0070710678118654,0.005015243902439,0.0070710678118654,0.0300914634146341,0.0424264068711929,,,2016.0,1994-10-27,,,,4
Marqui Christian,FA,DB,12803,weighted,,,,,,,,,,,,,,,,,,,,,,,,,,,,,,,,,,,,,,,,,,,,,0.484954268292683,0.0212132034355964,0.005015243902439,0.0070710678118654,0.005015243902439,0.0070710678118654,0.0300914634146341,0.0424264068711929,,,2016.0,1994-10-27,,,,4
Kavon Frazier,DAL,DB,12830,weighted,,,,,,,,,,,,,,,,,,,,,,,,,,,,,,,,,,,,,,,,,,,,,0.335411585365854,0.190918830920368,0.0,0.0,0.005015243902439,0.0070710678118654,0.0351067073170732,0.0494974746830583,,,2016.0,1994-08-11,,,,4
Kavon Frazier,MIA,DB,12830,weighted,,,,,,,,,,,,,,,,,,,,,,,,,,,,,,,,,,,,,,,,,,,,,0.335411585365854,0.190918830920368,0.0,0.0,0.005015243902439,0.0070710678118654,0.0351067073170732,0.0494974746830583,,,2016.0,1994-08-11,,,,4
Dane Cruikshank,TEN,DB,13784,weighted,,,,,,,,,,,,,,,,,,,,,,,,,,,,,,,,,,,,,,,,,,,,,0.240640243902439,0.29698484809835,0.005015243902439,0.0070710678118654,0.010030487804878,0.014142135623731,0.0351067073170732,0.0494974746830583,,,2018.0,1995-04-27,,,,4
Brandon Wilson,CIN,DB,13338,weighted,,,,,,,,,,,,,,,,,,,,,,,,,,,,,,,,,,,,,,,,,,,,,0.255564024390244,0.261629509039023,0.005015243902439,0.0070710678118654,0.010030487804878,0.014142135623731,0.0300914634146341,0.0424264068711929,,,2017.0,1994-07-27,,,,4
Keion Crossen,HOU,DB,13841,weighted,,,,,,,,,,,,,,,,,,,,,,,,,,,,,,,,,,,,,,,,,,,,,0.185411585365854,0.190918830920368,0.005015243902439,0.0070710678118654,0.005015243902439,0.0070710678118654,0.0250762195121951,0.0353553390593274,,,2018.0,,,,,4
DeAndre Houston-Carson,CHI,DB,12813,weighted,,,,,,,,,,,,,,,,,,,,,,,,,,,,,,,,,,,,,,,,,,,,,0.170365853658537,0.169705627484771,0.0,0.0,0.005015243902439,0.0070710678118654,0.0250762195121951,0.0353553390593274,,,2016.0,1993-04-13,,,,4
Natrell Jamerson,CAR,DB,13788,weighted,,,,,,,,,,,,,,,,,,,,,,,,,,,,,,,,,,,,,,,,,,,,,0.135381097560976,0.176776695296637,0.005015243902439,0.0070710678118654,0.005015243902439,0.0070710678118654,0.0250762195121951,0.0353553390593274,,,2018.0,,,,,4
Jordan Dangerfield,PIT,DB,12974,weighted,,,,,,,,,,,,,,,,,,,,,,,,,,,,,,,,,,,,,,,,,,,,,0.140121951219512,0.0565685424949238,0.0,0.0,0.005015243902439,0.0070710678118654,0.010030487804878,0.014142135623731,,,,,,,,4
Neiko Thorpe,SEA,DB,11087,weighted,,,,,,,,,,,,,,,,,,,,,,,,,,,,,,,,,,,,,,,,,,,,,0.079969512195122,0.0141421356237309,0.0,0.0,0.0,0.0,0.0,0.0,,,,,Q,Hamstring,2019.0,4
