player,team,position,id,avg_type,pass_yds,pass_yds_sd,pass_tds,pass_tds_sd,pass_int,pass_int_sd,rush_yds,rush_yds_sd,rush_tds,rush_tds_sd,fumbles_lost,fumbles_lost_sd,two_pts,two_pts_sd,return_tds,return_tds_sd,rec,rec_sd,rec_yds,rec_yds_sd,rec_tds,rec_tds_sd,fg_0019,fg_0019_sd,fg_2029,fg_2029_sd,fg_3039,fg_3039_sd,fg_4049,fg_4049_sd,fg_50,fg_50_sd,xp,xp_sd,dst_int,dst_int_sd,dst_sacks,dst_sacks_sd,dst_safety,dst_safety_sd,dst_td,dst_td_sd,dst_blk,dst_blk_sd,idp_solo,idp_solo_sd,idp_sack,idp_sack_sd,idp_int,idp_int_sd,idp_pd,idp_pd_sd,idp_td,idp_td_sd,draft_year,birthdate,injury_status,injury_details,season_year,week
Kirk Cousins,WAS,QB,10700,weighted,292.997014051522,23.2253777060705,1.85087822014052,0.770362286627553,0.924297423887588,0.189952806471313,4.77974238875878,1.89016836301192,0.164027840072261,0.121499275285703,0.265676229508197,0.0373628996216535,,,,,,,,,,,,,,,,,,,,,,,,,,,,,,,,,,,,,,,,,,,2012.0,1988-08-19,,,,14
Carson Palmer,ARI,QB,6929,weighted,285.93518735363,17.9171869557158,1.67002341920375,0.389255649609136,1.05790398126464,0.191721491519681,2.06873536299766,1.33278090178626,0.0,0.0,0.230357142857143,0.0273129063932077,,,,,,,,,,,,,,,,,,,,,,,,,,,,,,,,,,,,,,,,,,,2003.0,1979-12-27,,,,14
Drew Brees,NO,QB,4925,weighted,309.930444964871,5.22124559831237,2.05567915690867,0.19337929544696,1.09730679156909,0.230897877260412,1.99994145199063,1.53484104771921,0.0713895394223263,0.0449413006859129,0.265676229508197,0.0373628996216535,,,,,,,,,,,,,,,,,,,,,,,,,,,,,,,,,,,,,,,,,,,2001.0,1979-01-15,,,,14
Ben Roethlisberger,PIT,QB,7401,weighted,281.190690866511,17.3806542929695,1.70755269320843,0.420365611969775,0.961709601873536,0.0880132351677509,2.00175644028103,1.41612361826617,0.0489168618266979,0.0502362362478922,0.165676229508197,0.0373628996216535,,,,,,,,,,,,,,,,,,,,,,,,,,,,,,,,,,,,,,,,,,,2004.0,1982-03-02,,,,14
Derek Carr,OAK,QB,11644,weighted,273.215398126464,19.0557250964148,1.76498829039813,0.485966616585844,0.531762146482959,0.428159963878941,7.46580796252927,2.92646841378995,0.0251479963570128,0.0429370414916007,0.2,0.0,,,,,,,,,,,,,,,,,,,,,,,,,,,,,,,,,,,,,,,,,,,2014.0,1991-03-28,,,,14
Eli Manning,NYG,QB,7391,weighted,267.635070257611,22.2115772559391,1.64912177985948,0.402415280025821,0.974111675126904,0.168318527506132,2.36375878220141,3.15317761964543,0.0,0.0,0.230357142857143,0.0273129063932077,,,,,,,,,,,,,,,,,,,,,,,,,,,,,,,,,,,,,,,,,,,2004.0,1981-01-03,,,,14
Philip Rivers,SD,QB,7394,weighted,283.455503512881,11.4904122846558,1.7846018735363,0.494911570252054,0.971252927400468,0.622411175978194,2.56481264637002,1.60461966362509,0.0,0.0,0.457142857142857,0.307843207598031,,,,,,,,,,,,,,,,,,,,,,,,,,,,,,,,,,,,,,,,,,,2004.0,1981-12-08,,,,14
Tom Brady,NE,QB,5848,weighted,275.065046838408,14.1359468064097,1.80714285714286,0.462241562276233,0.52324355971897,0.448680184287329,4.60327868852459,4.17483551443091,0.0713895394223263,0.0449413006859129,0.372845433255269,0.363221391557553,,,,,,,,,,,,,,,,,,,,,,,,,,,,,,,,,,,,,,,,,,,2000.0,1977-08-03,,,,14
Jameis Winston,TB,QB,12140,weighted,273.152224824356,11.5932978731986,1.84689695550351,0.475612703925272,0.975199419869471,0.0941251236170064,11.5098946135831,1.08194989197854,0.118073861750829,0.0853717993022163,0.3,0.0,,,,,,,,,,,,,,,,,,,,,,,,,,,,,,,,,,,,,,,,,,,2015.0,1994-01-06,,,,14
Russell Wilson,SEA,QB,10703,weighted,274.038114754098,8.57655764299131,1.4963700234192,0.370071699383098,0.682259953161592,0.438212493462797,24.7572599531616,3.69523150299686,0.0968521443687747,0.0719285619666444,0.1,0.0,,,,,,,,,,,,,,,,,,,,,,,,,,,,,,,,,,,,,,,,,,,2012.0,1988-11-29,,,,14
Matt Ryan,ATL,QB,9099,weighted,276.747892271663,12.0867050709055,1.6309718969555,0.38943097171902,0.602900652646845,0.446119412383531,7.46645199063232,1.51922756007322,0.0262099638479152,0.0431725815908353,0.2,0.0,,,,,,,,,,,,,,,,,,,,,,,,,,,,,,,,,,,,,,,,,,,2008.0,1985-05-17,,,,14
Joe Flacco,BAL,QB,9064,weighted,263.925351288056,15.1888632768681,1.35802107728337,0.409945269343796,0.816627634660422,0.495150340822432,4.33688524590164,0.794775793627509,0.121447800137741,0.0850782794149289,0.19603337236534,0.0533870390828263,,,,,,,,,,,,,,,,,,,,,,,,,,,,,,,,,,,,,,,,,,,2008.0,1985-01-16,,,,14
Aaron Rodgers,GB,QB,7836,weighted,256.334894613583,28.1382387732527,1.72570257611241,0.470991808408573,0.823594847775176,0.205221016638268,18.8806206088993,3.33789146131955,0.271311475409836,0.404689125275835,0.234323770491803,0.0373628996216535,,,,,,,,,,,,,,,,,,,,,,,,,,,,,,,,,,,,,,,,,,,2005.0,1983-12-02,,,,14
Andrew Luck,IND,QB,10695,weighted,267.469379391101,14.3703188148187,1.69028103044496,0.387646742800669,0.917911530094271,0.659425433052132,20.2150468384075,4.87327637313142,0.0527591538648784,0.0510465594890027,0.215178571428571,0.0136564531966038,,,,,,,,,,,,,,,,,,,,,,,,,,,,,,,,,,,,,,,,,,,2012.0,1989-09-12,,,,14
Matthew Stafford,DET,QB,9431,weighted,263.635889929742,13.36515781272,1.70954332552693,0.396867213430754,0.733937635968093,0.225078659410483,11.4665690866511,2.86446339547663,0.0546370184766767,0.0519821639563428,0.1,0.0,,,,,,,,,,,,,,,,,,,,,,,,,,,,,,,,,,,,,,,,,,,2009.0,1988-02-07,,,,14
Andy Dalton,CIN,QB,10313,weighted,257.389461358314,12.8918498961734,1.45784543325527,0.392459838909553,0.554532269760696,0.497137501344813,12.9507611241218,1.82443334691574,0.144975323697566,0.0897344362735703,0.239383294301327,0.0360371458047524,,,,,,,,,,,,,,,,,,,,,,,,,,,,,,,,,,,,,,,,,,,2011.0,1987-10-29,,,,14
Carson Wentz,PHI,QB,12610,weighted,259.500409836066,12.7526324518947,1.40040983606557,0.423989182909292,1.01838407494145,0.108332708215826,8.38360655737705,2.56155704444662,0.0808540266778133,0.0487605590169839,0.260616705698673,0.0360371458047524,,,,,,,,,,,,,,,,,,,,,,,,,,,,,,,,,,,,,,,,,,,2016.0,1992-12-30,,,,14
Dak Prescott,DAL,QB,12620,weighted,243.597716627635,15.97926109124,1.25444964871194,0.252575235880332,0.484718969555035,0.403907298932388,17.1973653395785,2.74158204879053,0.189864638623519,0.126067623002445,0.536885245901639,0.266488864234816,,,,,,,,,,,,,,,,,,,,,,,,,,,,,,,,,,,,,,,,,,,2016.0,1993-07-29,,,,14
Robert Griffin,CLE,QB,10696,weighted,223.54368852459,23.3954379820619,1.20261058738216,0.589151582908041,0.900797679477882,0.376500494468025,21.4769320843091,4.02985156522641,0.0497052378309132,0.0504289388775784,0.278766588602654,0.0720742916095048,,,,,,,,,,,,,,,,,,,,,,,,,,,,,,,,,,,,,,,,,,,2012.0,1990-02-12,,,,14
Sam Bradford,MIN,QB,9817,weighted,222.161475409836,24.6883208274857,1.32172131147541,0.436849518313837,0.411530094271211,0.317034325936642,1.86217798594848,1.2678173585033,0.0,0.0,0.219145199063232,0.0440066175838755,,,,,,,,,,,,,,,,,,,,,,,,,,,,,,,,,,,,,,,,,,,2010.0,1987-11-08,,,,14
Matt Barkley,CHI,QB,11151,weighted,229.21855971897,32.4308956288112,1.25221174764322,0.54005440878256,1.13384074941452,0.317149796337581,5.18307962529274,4.15384851119999,0.0231147540983607,0.0428690728937706,0.219145199063232,0.0440066175838755,,,,,,,,,,,,,,,,,,,,,,,,,,,,,,,,,,,,,,,,,,,2013.0,1990-09-08,,,,14
Trevor Siemian,DEN,QB,12381,weighted,200.748477751756,105.380115011849,1.51747643219724,0.355417223199932,1.00152284263959,0.211084926392867,4.92004683840749,0.575071713525956,0.0,0.0,0.139383294301327,0.0360371458047524,,,,,,,,,,,,,,,,,,,,,,,,,,,,,,,,,,,,,,,,,,,,,Q,Foot,2016.0,14
Cam Newton,CAR,QB,10273,weighted,239.03893442623,7.43227854052402,1.3925644028103,0.397403112470768,0.981967213114754,0.161489467468982,29.8822014051522,4.75666167165122,0.687997658079625,0.296376778288156,0.3,0.0,,,,,,,,,,,,,,,,,,,,,,,,,,,,,,,,,,,,,,,,,,,2011.0,1989-05-11,,,,14
Alex Smith,KC,QB,7813,weighted,228.620081967213,13.1376460787252,1.42066744730679,0.448739935635718,0.563407494145199,0.40998355441636,16.7014051522248,2.81264603213297,0.271311475409836,0.404689125275835,0.221233411397346,0.0720742916095047,,,,,,,,,,,,,,,,,,,,,,,,,,,,,,,,,,,,,,,,,,,2005.0,1984-05-07,,,,14
Marcus Mariota,TEN,QB,12141,weighted,208.566861826698,23.8136028464503,1.33026932084309,0.328874426420498,0.961826697892272,0.148805227047568,26.1867096018735,5.76067815644327,0.0716364989681328,0.0449123813652738,0.52652224824356,0.268630738144932,1.0,0.0,,,,,,,,,,,,,,,,,,,,,,,,,,,,,,,,,,,,,,,,,2015.0,1993-10-30,,,,14
Brock Osweiler,HOU,QB,10702,weighted,236.339051522248,7.21082232224431,1.43682669789227,0.373103443989656,1.04786076867295,0.16962306741592,9.3557962529274,1.36003630271463,0.0732355024064004,0.0448973847325174,0.160616705698673,0.0360371458047524,,,,,,,,,,,,,,,,,,,,,,,,,,,,,,,,,,,,,,,,,,,2012.0,1990-11-22,,,,14
Ryan Tannehill,MIA,QB,10697,weighted,221.134074941452,16.0510311095661,1.17652224824356,0.18035345442261,0.941451990632319,0.0551015610199168,12.6007611241218,1.94714345018599,0.0538252412059856,0.0515357871478336,0.220238095238095,0.0182086042621385,,,,,,,,,,,,,,,,,,,,,,,,,,,,,,,,,,,,,,,,,,,2012.0,1988-07-27,,,,14
Bryce Petty,NYJ,QB,12144,weighted,221.352459016393,10.7239021840083,1.15450819672131,0.180732263571043,1.42233502538071,0.441367580827409,8.34110070257611,1.73945950246642,0.0239567348318405,0.0428358844156029,0.1,0.0,,,,,,,,,,,,,,,,,,,,,,,,,,,,,,,,,,,,,,,,,,,2015.0,1991-05-31,,,,14
Blake Bortles,JAC,QB,11642,weighted,214.50281030445,13.3651347010551,1.23319672131148,0.230389978005453,1.45620608899297,0.373290499635146,23.2846604215457,4.71588544548012,0.0926953182537048,0.0735411519821236,0.507377049180328,0.283125088133319,,,,,,,,,,,,,,,,,,,,,,,,,,,,,,,,,,,,,,,,,,,2014.0,1991-12-16,,,,14
Colin Kaepernick,SF,QB,10297,weighted,199.368384074941,24.1729459861958,1.15673302107728,0.228450164116992,0.734880348078317,0.194285772451723,43.8758196721311,7.76436758344684,0.41839158099676,0.351152968612964,0.220238095238095,0.0182086042621385,,,,,,,,,,,,,,,,,,,,,,,,,,,,,,,,,,,,,,,,,,,2011.0,1987-11-03,,,,14
Tyrod Taylor,BUF,QB,10413,weighted,202.600761124122,18.4536062804093,1.05966042154567,0.13289090019486,0.563290398126464,0.385799745388193,37.4753512880562,4.70453162774515,0.406674473067916,0.365557664178665,0.2,0.0,,,,,,,,,,,,,,,,,,,,,,,,,,,,,,,,,,,,,,,,,,,2011.0,1989-08-03,,,,14
Paxton Lynch,DEN,QB,12612,weighted,95.7036,116.695298400841,0.4598,0.504897974633371,0.329,0.575520883279101,4.5443,8.99536373118297,0.0,0.0,0.0,0.0,,,,,,,,,,,,,,,,,,,,,,,,,,,,,,,,,,,,,,,,,,,2016.0,1994-02-12,,,,14
Jared Goff,LA,QB,12611,weighted,199.154039812646,19.6082761339373,1.0597775175644,0.192033403155247,1.11533957845433,0.177466283719423,6.2538056206089,2.3802349576904,0.0238852459016393,0.0428353320130931,0.437002341920375,0.323571529295222,,,,,,,,,,,,,,,,,,,,,,,,,,,,,,,,,,,,,,,,,,,2016.0,1994-10-14,,,,14
Josh McCown,CLE,QB,6589,weighted,83.0709,117.80595175768,0.3617,0.549766264809868,0.174666666666667,0.203718962134824,3.2226,4.97152847006734,0.0,0.0,0.0873333333333333,0.101859481067412,,,,,,,,,,,,,,,,,,,,,,,,,,,,,,,,,,,,,,,,,,,2002.0,1979-07-04,,,,14
Ryan Fitzpatrick,NYJ,QB,8062,weighted,33.8426,47.6582673548446,0.194932935916542,0.282842712474619,0.194932935916542,0.282842712474619,1.61,1.52789221601118,0.0,0.0,0.0,0.0,,,,,,,,,,,,,,,,,,,,,,,,,,,,,,,,,,,,,,,,,,,2005.0,1982-11-24,,,,14
Nick Foles,KC,QB,10699,weighted,35.7251,42.3759757684172,0.243666169895678,0.353553390593274,0.146199701937407,0.212132034355964,-0.120033333333333,0.157266453656414,0.0,0.0,0.0,0.0,,,,,,,,,,,,,,,,,,,,,,,,,,,,,,,,,,,,,,,,,,,2012.0,1989-01-20,,,,14
Case Keenum,LA,QB,10948,weighted,26.2511,34.6168293511617,0.146199701937407,0.212132034355964,0.0974664679582712,0.14142135623731,0.503966666666667,0.455421179190576,0.0,0.0,0.0,0.0,,,,,,,,,,,,,,,,,,,,,,,,,,,,,,,,,,,,,,,,,,,2012.0,1988-02-17,,,,14
Cody Kessler,CLE,QB,12617,weighted,27.4969,30.4754102022826,0.148733233979136,0.0707106781186548,0.146199701937407,0.212132034355964,0.800366666666667,0.716603888937452,0.0,0.0,0.0436666666666667,0.050929740533706,,,,,,,,,,,,,,,,,,,,,,,,,,,,,,,,,,,,,,,,,,,2016.0,1993-05-11,,,,14
Blaine Gabbert,SF,QB,10262,weighted,21.9279,27.4184769190418,0.146199701937407,0.212132034355964,0.146199701937407,0.212132034355964,3.2461,4.49601742164305,0.0339901960784314,0.0563951502478799,0.0,0.0,,,,,,,,,,,,,,,,,,,,,,,,,,,,,,,,,,,,,,,,,,,2011.0,1989-10-15,,,,14
Brandon Weeden,HOU,QB,10698,weighted,15.1828,22.5253228676995,0.131,0.152789221601118,0.0873333333333333,0.101859481067412,0.917,1.06952455120783,0.0,0.0,0.0,0.0,,,,,,,,,,,,,,,,,,,,,,,,,,,,,,,,,,,,,,,,,,,2012.0,1983-10-14,,,,14
Tony Romo,DAL,QB,7260,weighted,23.8807749627422,17.819090885901,0.148733233979136,0.0707106781186548,0.341132637853949,0.494974746830583,0.248733233979136,0.0707106781186547,0.0,0.0,0.0,0.0,,,,,,,,,,,,,,,,,,,,,,,,,,,,,,,,,,,,,,,,,,,2003.0,1980-04-21,,,,14
AJ McCarron,CIN,QB,11643,weighted,12.3656,12.2230650992289,0.0974664679582712,0.14142135623731,0.0974664679582712,0.14142135623731,0.285633333333333,0.201269032778437,0.0,0.0,0.0,0.0,,,,,,,,,,,,,,,,,,,,,,,,,,,,,,,,,,,,,,,,,,,2014.0,1990-09-13,,,,14
Colt McCoy,WAS,QB,9899,weighted,10.2611,12.6699045593769,0.146199701937407,0.212132034355964,0.0,0.0,-0.236666666666667,0.50929740533706,0.0,0.0,0.0,0.0,,,,,,,,,,,,,,,,,,,,,,,,,,,,,,,,,,,,,,,,,,,2010.0,1986-09-05,,,,14
Trevone Boykin,SEA,QB,12878,weighted,8.4921,8.58647988659744,0.0436666666666667,0.050929740533706,0.0487332339791356,0.0707106781186548,0.3637,1.47426299855546,0.0,0.0,0.0,0.0,,,,,,,,,,,,,,,,,,,,,,,,,,,,,,,,,,,,,,,,,,,2016.0,1993-08-22,,,,14
Jimmy Garoppolo,NE,QB,11760,weighted,8.1818,7.54117579009168,0.0974664679582712,0.14142135623731,0.0,0.0,-0.436666666666667,0.50929740533706,0.0,0.0,0.0,0.0,,,,,,,,,,,,,,,,,,,,,,,,,,,,,,,,,,,,,,,,,,,2014.0,1991-11-02,,,,14
Scott Tolzien,IND,QB,10498,weighted,8.1136,6.81315676527577,0.0487332339791356,0.0707106781186548,0.0,0.0,-0.436666666666667,0.50929740533706,0.0,0.0,0.0,0.0,,,,,,,,,,,,,,,,,,,,,,,,,,,,,,,,,,,,,,,,,,,2011.0,1987-09-04,,,,14
Drew Stanton,ARI,QB,8712,weighted,7.2022,6.35331308594788,0.0,0.0,0.194932935916542,0.282842712474619,-0.382033333333333,0.462092453726023,0.0,0.0,0.0,0.0,,,,,,,,,,,,,,,,,,,,,,,,,,,,,,,,,,,,,,,,,,,2007.0,1984-05-07,,,,14
Matt Moore,MIA,QB,8944,weighted,6.94621099554235,9.75807358037435,0.0,0.0,0.0,0.0,0.0488855869242199,0.0707106781186547,0.0,0.0,0.0,0.0,,,,,,,,,,,,,,,,,,,,,,,,,,,,,,,,,,,,,,,,,,,2007.0,1984-08-09,Q,Shoulder,2016.0,14
Landry Jones,PIT,QB,11156,weighted,6.6014,6.61388438195392,0.0,0.0,0.0974664679582712,0.14142135623731,-0.0107666666666667,0.083224068419345,0.0,0.0,0.0,0.0,,,,,,,,,,,,,,,,,,,,,,,,,,,,,,,,,,,,,,,,,,,2013.0,1989-04-04,,,,14
Matt Cassel,TEN,QB,8042,weighted,7.0046,5.66724860457411,0.0,0.0,0.0974664679582712,0.14142135623731,0.613033333333333,0.614785672958795,0.0,0.0,0.0436666666666667,0.050929740533706,,,,,,,,,,,,,,,,,,,,,,,,,,,,,,,,,,,,,,,,,,,2005.0,1982-05-17,,,,14
Mike Glennon,TB,QB,11152,weighted,6.8012,3.81541193036393,0.0487332339791356,0.0707106781186548,0.0,0.0,0.0453666666666667,0.0512036201419589,0.0,0.0,0.0,0.0,,,,,,,,,,,,,,,,,,,,,,,,,,,,,,,,,,,,,,,,,,,2013.0,1989-12-12,,,,14
Dan Orlovsky,DET,QB,7957,weighted,5.2195,4.86844671166344,0.0487332339791356,0.0707106781186548,0.0487332339791356,0.0707106781186548,0.0109666666666667,0.0191840294426367,0.0,0.0,0.0,0.0,,,,,,,,,,,,,,,,,,,,,,,,,,,,,,,,,,,,,,,,,,,2005.0,1983-08-18,,,,14
Derek Anderson,CAR,QB,8025,weighted,6.621,4.32744367185777,0.0487332339791356,0.0707106781186548,0.0974664679582712,0.14142135623731,-0.0873333333333333,0.101859481067412,0.0,0.0,0.0,0.0,,,,,,,,,,,,,,,,,,,,,,,,,,,,,,,,,,,,,,,,,,,2005.0,1983-06-15,,,,14
Chase Daniel,PHI,QB,9706,weighted,3.2982,4.89149794733799,0.0,0.0,0.0,0.0,-0.109066666666667,0.16388100141617,0.0,0.0,0.0,0.0,,,,,,,,,,,,,,,,,,,,,,,,,,,,,,,,,,,,,,,,,,,2009.0,1986-10-07,,,,14
EJ Manuel,BUF,QB,11154,weighted,5.01307578008915,5.51543289325507,0.0,,0.0,,0.539970282317979,0.636396103067893,0.0,0.0,0.0,0.0,,,,,,,,,,,,,,,,,,,,,,,,,,,,,,,,,,,,,,,,,,,2013.0,1990-03-19,,,,14
Ryan Nassib,NYG,QB,11155,weighted,3.9178,4.46197279497722,0.0436666666666667,0.050929740533706,0.0,0.0,0.1655,0.758411892606584,0.0,0.0,0.0,0.0,,,,,,,,,,,,,,,,,,,,,,,,,,,,,,,,,,,,,,,,,,,2013.0,1990-03-10,,,,14
Brett Hundley,GB,QB,12142,weighted,4.3378,4.42972447866341,0.0,0.0,0.0873333333333333,0.101859481067412,0.2309,0.676602802950458,0.0,0.0,0.0,0.0,,,,,,,,,,,,,,,,,,,,,,,,,,,,,,,,,,,,,,,,,,,2015.0,1993-06-15,,,,14
Chad Henne,JAC,QB,9073,weighted,2.5438,3.83819982159195,0.0,0.0,0.0,0.0,-0.382033333333333,0.462092453726023,0.0,0.0,0.0,0.0,,,,,,,,,,,,,,,,,,,,,,,,,,,,,,,,,,,,,,,,,,,2008.0,1985-07-02,,,,14
Ryan Mallett,BAL,QB,10268,weighted,5.0065,3.28808178103676,0.0,0.0,0.0,0.0,-0.502066666666667,0.618988014037833,0.0,0.0,0.0,0.0,,,,,,,,,,,,,,,,,,,,,,,,,,,,,,,,,,,,,,,,,,,2011.0,1988-06-05,,,,14
Mark Sanchez,DAL,QB,9429,weighted,1.7104,2.82329280174786,0.0,0.0,0.0,0.0,0.329,0.575520883279101,0.0,0.0,0.0,0.0,,,,,,,,,,,,,,,,,,,,,,,,,,,,,,,,,,,,,,,,,,,2009.0,1986-11-11,,,,14
Matt Schaub,ATL,QB,7480,weighted,2.0837,2.50584971601351,0.0,0.0,0.0,0.0,-0.207366666666667,0.258677912587534,0.0,0.0,0.0,0.0,,,,,,,,,,,,,,,,,,,,,,,,,,,,,,,,,,,,,,,,,,,2004.0,1981-06-25,,,,14
Matt McGloin,OAK,QB,11465,weighted,2.90430906389302,2.89913780286484,0.0,,0.0,,0.02444279346211,0.0353553390593274,0.0,0.0,0.0,0.0,,,,,,,,,,,,,,,,,,,,,,,,,,,,,,,,,,,,,,,,,,,2013.0,1989-12-02,,,,14
Shaun Hill,MIN,QB,7194,weighted,2.5951,1.63912319449616,0.0,0.0,0.0,0.0,-0.249333333333333,0.407437924269648,0.0,0.0,0.0,0.0,,,,,,,,,,,,,,,,,,,,,,,,,,,,,,,,,,,,,,,,,,,,,,,,14
Luke McCown,NO,QB,7496,weighted,2.51768202080238,2.05060966544099,0.0,,0.0,,0.02444279346211,0.0353553390593274,0.0,0.0,0.0,0.0,,,,,,,,,,,,,,,,,,,,,,,,,,,,,,,,,,,,,,,,,,,2004.0,1981-07-12,,,,14
David Fales,CHI,QB,11835,weighted,1.9554234769688,2.82842712474619,0.0,0.0,0.0,0.0,0.0,0.0,0.0,0.0,0.0,0.0,,,,,,,,,,,,,,,,,,,,,,,,,,,,,,,,,,,,,,,,,,,2014.0,1990-10-04,,,,14
Kellen Clemens,SD,QB,8290,weighted,1.0558,1.67056647734234,0.0,0.0,0.0,0.0,-0.0327,0.0574623372073492,0.0,0.0,0.0,0.0,,,,,,,,,,,,,,,,,,,,,,,,,,,,,,,,,,,,,,,,,,,2006.0,1983-06-06,,,,14
Zach Mettenberger,PIT,QB,11645,weighted,0.480333333333333,0.560227145870766,0.0,0.0,0.0,0.0,0.0,0.0,0.0,0.0,0.0,0.0,,,,,,,,,,,,,,,,,,,,,,,,,,,,,,,,,,,,,,,,,,,2014.0,1991-07-16,,,,14
Bruce Gradkowski,PIT,QB,nfl_2495838,weighted,0.7,0.0,0.0,,0.0,,0.0,0.0,0.0,0.0,0.0,0.0,,,,,,,,,,,,,,,,,,,,,,,,,,,,,,,,,,,,,,,,,,,2006.0,1983-01-27,Q,Hamstring,2016.0,14
Josh Johnson,NYG,QB,9207,weighted,0.0,0.0,0.0,0.0,0.0,0.0,0.0,0.0,0.0,0.0,0.0,0.0,,,,,,,,,,,,,,,,,,,,,,,,,,,,,,,,,,,,,,,,,,,2008.0,1986-05-15,,,,14
Joe Webb,CAR,QB,9992,weighted,0.0,,0.0,,0.0,,0.0,,0.0,,0.0,,,,,,,,,,,,,,,,,,,,,,,,,,,,,,,,,,,,,,,,,,,,2010.0,1986-11-14,,,,14
Christian Ponder,SF,QB,10296,weighted,0.0,0.0,0.0,0.0,0.0,0.0,0.0,0.0,0.0,0.0,0.0,0.0,,,,,,,,,,,,,,,,,,,,,,,,,,,,,,,,,,,,,,,,,,,2011.0,1988-02-25,,,,14
Austin Davis,DEN,QB,11001,weighted,0.0,0.0,0.0,0.0,0.0,0.0,0.0,0.0,0.0,0.0,0.0,0.0,,,,,,,,,,,,,,,,,,,,,,,,,,,,,,,,,,,,,,,,,,,2012.0,1989-06-02,,,,14
Aaron Murray,FA,QB,11648,weighted,0.0,0.0,0.0,0.0,0.0,0.0,0.0,0.0,0.0,0.0,0.0,0.0,,,,,,,,,,,,,,,,,,,,,,,,,,,,,,,,,,,,,,,,,,,2014.0,1990-11-10,,,,14
Logan Thomas,BUF,QB,11647,weighted,0.0,0.0,0.0,0.0,0.0,0.0,0.488855869242199,0.707106781186547,0.0,0.0,0.0,0.0,,,,,,,,,,,,,,,,,,,,,,,,,,,,,,,,,,,,,,,,,,,2014.0,1991-07-01,,,,14
Garrett Grayson,FA,QB,12146,weighted,0.0,0.0,0.0,0.0,0.0,0.0,0.0,0.0,0.0,0.0,0.0,0.0,,,,,,,,,,,,,,,,,,,,,,,,,,,,,,,,,,,,,,,,,,,2015.0,1991-05-29,,,,14
Sean Mannion,LA,QB,12145,weighted,0.0,0.0,0.0,0.0,0.0,0.0,0.0,0.0,0.0,0.0,0.0,0.0,,,,,,,,,,,,,,,,,,,,,,,,,,,,,,,,,,,,,,,,,,,2015.0,1992-04-25,,,,14
Jeff Driskel,CIN,QB,12623,weighted,0.0,0.0,0.0,0.0,0.0,0.0,0.0,0.0,0.0,0.0,0.0,0.0,,,,,,,,,,,,,,,,,,,,,,,,,,,,,,,,,,,,,,,,,,,2016.0,1993-04-23,,,,14
Kevin Hogan,CLE,QB,12618,weighted,0.0,,0.0,,0.0,,0.0,,0.0,,0.0,,,,,,,,,,,,,,,,,,,,,,,,,,,,,,,,,,,,,,,,,,,,2016.0,1992-10-20,,,,14
Connor Cook,OAK,QB,12613,weighted,0.0,0.0,0.0,0.0,0.0,0.0,0.0,0.0,0.0,0.0,0.0,0.0,,,,,,,,,,,,,,,,,,,,,,,,,,,,,,,,,,,,,,,,,,,2016.0,1993-01-29,O,Coach's Decision,2016.0,14
Christian Hackenberg,NYJ,QB,12614,weighted,0.0,0.0,0.0,0.0,0.0,0.0,0.0,0.0,0.0,0.0,0.0,0.0,,,,,,,,,,,,,,,,,,,,,,,,,,,,,,,,,,,,,,,,,,,2016.0,1995-02-14,,,,14
Cardale Jones,BUF,QB,12615,weighted,0.0,0.0,0.0,0.0,0.0,0.0,0.0,0.0,0.0,0.0,0.0,0.0,,,,,,,,,,,,,,,,,,,,,,,,,,,,,,,,,,,,,,,,,,,2016.0,1992-09-29,,,,14
Nate Sudfeld,WAS,QB,12815,weighted,0.0,,0.0,,0.0,,0.0,,0.0,,0.0,,,,,,,,,,,,,,,,,,,,,,,,,,,,,,,,,,,,,,,,,,,,2016.0,1993-10-07,,,,14
Jake Rudock,DET,QB,12819,weighted,0.0,,0.0,,0.0,,0.0,,0.0,,0.0,,,,,,,,,,,,,,,,,,,,,,,,,,,,,,,,,,,,,,,,,,,,2016.0,1993-01-21,,,,14
Ezekiel Elliott,DAL,RB,12625,weighted,,,,,,,88.9094847775176,15.5822483328062,0.711623827193132,0.211454113525629,0.130357142857143,0.0273129063932077,,,,,2.93160616705699,0.678228879551863,23.877868852459,2.39331091709497,0.0714843685558258,0.044929356413313,,,,,,,,,,,,,,,,,,,,,,,,,,,,,,,,,2016.0,1995-07-22,,,,14
DeMarco Murray,TEN,RB,10302,weighted,,,,,,,84.0244145199063,12.8343362463302,0.681577417019781,0.203170363522066,0.200995316159251,0.0700967209767794,,,,,3.28651444184231,0.51712802914444,22.5969555035129,4.96679362046341,0.0976952308440386,0.0718892077710871,,,,,,,,,,,,,,,,,,,,,,,,,,,,,,,,,2011.0,1988-02-12,,,,14
LeSean McCoy,BUF,RB,9448,weighted,,,,,,,84.0816159250586,12.0059868888638,0.697758451021269,0.212582175492162,0.0656762295081967,0.0373628996216535,,,,,3.18225995316159,0.537689597041864,22.0333723653396,3.03498991780247,0.0767581665141147,0.0459065852749818,,,,,,,,,,,,,,,,,,,,,,,,,,,,,,,,,2009.0,1988-07-12,,,,14
Matt Forte,NYJ,RB,9122,weighted,,,,,,,71.1995901639344,13.089795953383,0.543149882903981,0.386009995105189,0.1,0.0,,,,,2.60363973458236,0.409228749630761,20.7944964871194,4.16369797410467,0.0709919533854903,0.0450027518206478,,,,,,,,,,,,,,,,,,,,,,,,,,,,,,,,,2008.0,1985-12-10,,,,14
David Johnson,ARI,RB,12171,weighted,,,,,,,82.9908665105387,9.59821037626056,0.824355971896955,0.16530468305975,0.130357142857143,0.0273129063932077,,,,,5.45377634660422,0.950724353311127,52.4462529274005,2.37876985265085,0.204736005279563,0.128912079125546,,,,,,,,,,,,,,,,,,,,,,,,,,,,,,,,,2015.0,1991-12-16,,,,14
LeVeon Bell,PIT,RB,11192,weighted,,,,,,,84.7462529274005,3.1364102726208,0.687236533957845,0.305141410430764,0.130357142857143,0.0273129063932077,,,,,5.97122365339578,0.0442902419546782,49.0613583138173,3.45616406038532,0.122697702547054,0.109697673349905,,,,,,,,,,,,,,,,,,,,,,,,,,,,,,,,,2013.0,1992-08-18,,,,14
Jeremy Hill,CIN,RB,11654,weighted,,,,,,,73.0905152224824,13.5990269257331,0.82347775175644,0.18035345442261,0.347974238875878,0.367514302517776,,,,,1.77589773614364,0.294064513667892,14.9572599531616,3.80481043452025,0.0283602034615977,0.0440585645202947,,,,,,,,,,,,,,,,,,,,,,,,,,,,,,,,,2014.0,1992-10-20,,,,14
Jay Ajayi,MIA,RB,12154,weighted,,,,,,,73.4824941451991,7.72485807336857,0.72652224824356,0.260501664048264,0.130357142857143,0.0273129063932077,,,,,1.67670765027322,0.431154096378317,11.9373536299766,2.11220519728274,0.0304478137133508,0.0454156618177251,,,,,,,,,,,,,,,,,,,,,,,,,,,,,,,,,2015.0,1993-06-15,,,,14
Spencer Ware,KC,RB,11199,weighted,,,,,,,73.7158079625293,10.2837721507466,0.668091334894614,0.329859475578033,0.47728337236534,0.298095137984446,,,,,2.4916081186573,0.95249805410012,22.4579039812646,7.19115844388781,0.0921368353860448,0.0737418118406969,,,,,,,,,,,,,,,,,,,,,,,,,,,,,,,,,2013.0,1991-11-23,,,,14
Melvin Gordon,SD,RB,12151,weighted,,,,,,,72.1250585480094,8.55080087550047,0.592044553884996,0.247379912028157,0.2,0.0,,,,,3.98443598750976,0.817755845494624,31.9290398126464,5.23924547428086,0.0956119739976451,0.0719414104047883,,,,,,,,,,,,,,,,,,,,,,,,,,,,,,,,,2015.0,1993-04-13,,,,14
Carlos Hyde,SF,RB,11657,weighted,,,,,,,66.8016978922717,10.494687315598,0.688231850117096,0.311944722020689,0.376990632318501,0.362793993172245,,,,,2.06987119437939,0.145758844250672,15.2337822014052,3.46444804806138,0.0949680377784622,0.0718688184292819,,,,,,,,,,,,,,,,,,,,,,,,,,,,,,,,,2014.0,1991-09-20,,,,14
Isaiah Crowell,CLE,RB,11668,weighted,,,,,,,60.205093676815,15.4999431517172,0.55219500832737,0.287805243423252,0.1,0.0,,,,,2.71058548009368,0.409561036710819,22.4609484777518,2.57995771939269,0.0264739794623154,0.0432521663388244,,,,,,,,,,,,,,,,,,,,,,,,,,,,,,,,,2014.0,1993-01-08,,,,14
Jordan Howard,CHI,RB,12634,weighted,,,,,,,75.5588407494145,3.72680699935854,0.648711943793911,0.330609366119501,0.1,0.0,,,,,2.69053473848556,0.827401493916279,22.5027517564403,4.58371601882313,0.0728654628116759,0.0448742931288054,,,,,,,,,,,,,,,,,,,,,,,,,,,,,,,,,2016.0,1994-11-02,,,,14
Frank Gore,IND,RB,7877,weighted,,,,,,,62.3615925058548,10.4715895113882,0.524936299050476,0.297726662126541,0.1,0.0,,,,,2.12584894613583,0.0857174308607834,16.652224824356,1.74529998022754,0.122170325520918,0.0851065213644053,,,,,,,,,,,,,,,,,,,,,,,,,,,,,,,,,2005.0,1983-05-14,,,,14
Lamar Miller,HOU,RB,10708,weighted,,,,,,,70.757962529274,5.86547835599473,0.261268271174707,0.169921768626171,0.134323770491803,0.0373628996216535,,,,,1.77554644808743,0.529839238856971,12.7805620608899,2.51816284399231,0.0750626024958259,0.0452444575458326,,,,,,,,,,,,,,,,,,,,,,,,,,,,,,,,,2012.0,1991-04-25,,,,14
LeGarrette Blount,NE,RB,9898,weighted,,,,,,,62.471018735363,7.75949002848416,0.714715696978321,0.188430854718148,0.0606167056986729,0.0360371458047524,,,,,0.573056206088993,0.496659751657263,3.70614754098361,3.21541903081843,0.0239929742388759,0.0435415826556391,,,,,,,,,,,,,,,,,,,,,,,,,,,,,,,,,2010.0,1986-12-05,,,,14
Latavius Murray,OAK,RB,11390,weighted,,,,,,,64.1490632318501,9.28562908732627,0.707142857142857,0.284200946821329,0.0606167056986729,0.0360371458047524,,,,,2.34612412177986,0.872254800513068,16.9348946135831,7.39426582920647,0.0263376084107387,0.0432100208192399,,,,,,,,,,,,,,,,,,,,,,,,,,,,,,,,,2013.0,1990-01-18,,,,14
Devonta Freeman,ATL,RB,11660,weighted,,,,,,,65.3389344262295,7.24852156221698,0.631249920409113,0.235991818782707,0.1,0.0,,,,,3.47079430132709,0.470454606862282,27.6014637002342,5.77317454807706,0.0962104210920918,0.0718107879377183,,,,,,,,,,,,,,,,,,,,,,,,,,,,,,,,,2014.0,1992-03-15,,,,14
Todd Gurley,LA,RB,12150,weighted,,,,,,,68.7781615925059,5.67475599796203,0.466100702576112,0.361409895511646,0.1,0.0,,,,,2.79926229508197,0.16124181400685,20.6807962529274,0.463994946648833,0.0232087165133946,0.0428610712114635,,,,,,,,,,,,,,,,,,,,,,,,,,,,,,,,,2015.0,1994-08-03,,,,14
Thomas Rawls,SEA,RB,12169,weighted,,,,,,,68.9406908665105,5.36003196204751,0.632061529356434,0.235947527781456,0.0202380952380952,0.0182086042621385,,,,,2.15462529274005,0.115944508500657,16.8916861826698,3.53246694346829,0.0469843234511771,0.0504088708426613,,,,,,,,,,,,,,,,,,,,,,,,,,,,,,,,,2015.0,1993-08-03,,,,14
Jonathan Stewart,CAR,RB,9101,weighted,,,,,,,60.3873536299766,9.29519863722133,0.467603887233228,0.304254617921466,0.2,0.0,,,,,0.934391100702576,0.189610490045496,6.81247072599532,1.98424069886235,0.0245856602413979,0.0434947129357925,,,,,,,,,,,,,,,,,,,,,,,,,,,,,,,,,2008.0,1987-03-21,,,,14
Rob Kelley,WAS,RB,12887,weighted,,,,,,,65.6325598259608,3.52265590064274,0.635000768348441,0.271226762446755,0.0506163886874547,0.0402916686333235,,,,,1.09253081943437,0.290197818405654,6.90609137055838,2.4663556398313,0.0,0.0,,,,,,,,,,,,,,,,,,,,,,,,,,,,,,,,,2016.0,1992-10-03,,,,14
Doug Martin,TB,RB,10709,weighted,,,,,,,66.273887587822,2.79896158451105,0.649707259953162,0.337041128238322,0.279761904761905,0.0182086042621385,,,,,1.85012880562061,0.743457916508399,15.7575526932084,5.0714330306561,0.0517420013009362,0.0506851062960261,,,,,,,,,,,,,,,,,,,,,,,,,,,,,,,,,2012.0,1989-01-13,,,,14
Devontae Booker,DEN,RB,12629,weighted,,,,,,,52.7916861826698,6.13972221728422,0.277697190363477,0.171434228270471,0.1,0.0,,,,,1.98360655737705,0.203863575490573,15.4419203747073,1.94567761944395,0.0529689695550351,0.0511340027787522,,,,,,,,,,,,,,,,,,,,,,,,,,,,,,,,,2016.0,1992-05-27,,,,14
Rashad Jennings,NYG,RB,9680,weighted,,,,,,,49.082962529274,6.05594086134786,0.204952951351477,0.129010466262289,0.1,0.0,,,,,2.34236533957845,0.417066683718018,16.9315573770492,2.34630397532346,0.0749292076693524,0.0452061066038182,,,,,,,,,,,,,,,,,,,,,,,,,,,,,,,,,2009.0,1985-03-26,,,,14
Mark Ingram,NO,RB,10276,weighted,,,,,,,50.760831381733,5.4237583349209,0.21956200183152,0.134680422277399,0.2,0.0,,,,,2.73973067915691,0.334171615226656,19.0007025761124,2.11498835945549,0.117914888640019,0.0854028484138266,,,,,,,,,,,,,,,,,,,,,,,,,,,,,,,,,2011.0,1989-12-21,Q,Toe,2016.0,14
T.J. Yeldon,JAC,RB,12153,weighted,,,,,,,41.9718384074941,10.0589275478933,0.113768259714136,0.0867500621896602,0.1,0.0,,,,,3.00812646370023,0.390067321295074,21.1542740046838,3.11811710066912,0.0727961586964816,0.0448717461487429,,,,,,,,,,,,,,,,,,,,,,,,,,,,,,,,,2015.0,1993-10-02,,,,14
Jerick McKinnon,MIN,RB,11761,weighted,,,,,,,47.3729508196721,6.78143514789323,0.199843406684577,0.127217731331182,0.0606167056986729,0.0360371458047524,,,,,2.0919906323185,0.171107607662624,16.2319672131148,4.8247772996279,0.0581627173015599,0.0547448583152646,,,,,,,,,,,,,,,,,,,,,,,,,,,,,,,,,2014.0,1992-05-03,,,,14
Chris Ivory,JAC,RB,10077,weighted,,,,,,,39.9112825458052,15.2596659761533,0.0926674539369531,0.101064262115833,0.1,1.7016540839084802e-17,,,,,1.33841208614593,0.354508353855141,10.8566055930569,0.867357543136447,0.0416687958635885,0.0512638934279651,,,,,,,,,,,,,,,,,,,,,,,,,,,,,,,,,2010.0,1988-03-22,Q,Hamstring,2016.0,14
Terrance West,BAL,RB,11746,weighted,,,,,,,47.3576112412178,4.94578671721026,0.222563753427156,0.151782468566708,0.0606167056986729,0.0360371458047524,,,,,1.70491803278689,0.310586040355501,11.8199648711944,2.62634827135974,0.0488065593533533,0.0502338959343046,,,,,,,,,,,,,,,,,,,,,,,,,,,,,,,,,2014.0,1991-01-21,,,,14
Ryan Mathews,PHI,RB,9851,weighted,,,,,,,37.1184426229508,7.79052799000041,0.648711943793911,0.330609366119501,0.240378610460578,0.0363851055060012,,,,,1.09333723653396,0.121865273622477,6.12488290398126,3.51878962451586,0.0403976028636165,0.0536765147146568,,,,,,,,,,,,,,,,,,,,,,,,,,,,,,,,,2010.0,1987-10-10,Q,Knee,2016.0,14
Matt Asiata,MIN,RB,10998,weighted,,,,,,,32.0841334894614,8.82539897933196,0.50903521604507,0.296003529364091,0.0606167056986729,0.0360371458047524,,,,,2.12293911007026,0.16518512391479,13.5346604215457,2.04770730944371,0.0473554701841812,0.0503457619262248,,,,,,,,,,,,,,,,,,,,,,,,,,,,,,,,,2011.0,1987-07-24,,,,14
Kenneth Dixon,BAL,RB,12632,weighted,,,,,,,32.9111241217799,8.71880009799309,0.0478201176522213,0.0502868945056941,0.0606167056986729,0.0360371458047524,,,,,2.43142857142857,0.294530550083359,16.6133489461358,3.06567747325667,0.0220568249384184,0.0430333714031935,,,,,,,,,,,,,,,,,,,,,,,,,,,,,,,,,2016.0,1994-01-21,,,,14
Rex Burkhead,CIN,RB,11182,weighted,,,,,,,26.5843091334895,10.4405927016135,0.153642820916743,0.117283517922113,0.1,0.0,,,,,1.98843091334895,0.253965725650031,15.939168618267,4.8617185360256,0.0669795838526998,0.0466241461488887,,,,,,,,,,,,,,,,,,,,,,,,,,,,,,,,,2013.0,1990-07-02,,,,14
Wendell Smallwood,PHI,RB,12636,weighted,,,,,,,26.7114754098361,11.625979790178,0.271311475409836,0.404689125275835,0.140378610460578,0.0363851055060012,,,,,0.853501170960187,0.430208443152774,7.00585480093677,3.09358149162929,0.0237663590026174,0.0435706639543767,,,,,,,,,,,,,,,,,,,,,,,,,,,,,,,,,2016.0,1994-01-26,,,,14
Tim Hightower,NO,RB,9196,weighted,,,,,,,38.6923887587822,1.23464461089371,0.169836763059905,0.111986605041633,0.0606167056986729,0.0360371458047524,,,,,1.92813817330211,0.147948698014351,16.8354800936768,2.60927511993001,0.0701662572651519,0.0451887463535263,,,,,,,,,,,,,,,,,,,,,,,,,,,,,,,,,2008.0,1986-05-23,,,,14
Theo Riddick,DET,RB,11188,weighted,,,,,,,30.5384074941452,8.87596281291479,0.0958393914289875,0.0719306599491619,0.0606167056986729,0.0360371458047524,,,,,4.45399297423888,1.21507689714791,31.8673302107728,8.62273197830344,0.193945121901478,0.126472055017534,,,,,,,,,,,,,,,,,,,,,,,,,,,,,,,,,2013.0,1991-05-04,Q,Wrist,2016.0,14
Matt Jones,WAS,RB,12162,weighted,,,,,,,24.1197,16.0956861389343,0.202076759628154,0.17856324274609,0.1,0.0,,,,,0.385633333333333,0.201269032778437,5.971,4.07340348941039,0.0,0.0,,,,,,,,,,,,,,,,,,,,,,,,,,,,,,,,,2015.0,1992-11-17,,,,14
Derrick Henry,TEN,RB,12626,weighted,,,,,,,28.4101288056206,7.10541535346058,0.289578454332553,0.397254648594664,0.0606167056986729,0.0360371458047524,,,,,0.513735362997658,0.321861015704587,4.54069086651054,3.11614130804295,0.0,0.0,,,,,,,,,,,,,,,,,,,,,,,,,,,,,,,,,2016.0,1994-01-04,,,,14
Jacquizz Rodgers,TB,RB,10300,weighted,,,,,,,28.7491803278689,6.82626838484929,0.093164265095821,0.0733894528669794,0.1,0.0,,,,,1.21031615925059,0.135616673284046,9.71258782201405,1.69844772939219,0.0448646640245001,0.0510397241797292,,,,,,,,,,,,,,,,,,,,,,,,,,,,,,,,,2011.0,1990-02-06,,,,14
Mike Gillislee,BUF,RB,11180,weighted,,,,,,,25.9951990632319,8.74065921842332,0.262698173322151,0.218459502583298,0.0403786104605777,0.0363851055060012,,,,,0.779765807962529,0.228152652933342,4.39268149882904,1.13396294233892,0.0457500099233914,0.0506723383984784,,,,,,,,,,,,,,,,,,,,,,,,,,,,,,,,,2013.0,1990-11-01,,,,14
Tevin Coleman,ATL,RB,12152,weighted,,,,,,,33.6521077283372,1.74851610037912,0.219147859952827,0.15240851721554,0.1,0.0,,,,,2.61290398126464,0.986985613696746,25.0359484777518,8.5528883688026,0.306882668317851,0.414302502304844,,,,,,,,,,,,,,,,,,,,,,,,,,,,,,,,,2015.0,1993-04-16,,,,14
James Starks,GB,RB,9987,weighted,,,,,,,30.5167447306792,3.22324744329337,0.251170960187354,0.411556891626366,0.0606167056986729,0.0360371458047524,,,,,1.83970725995316,0.494640382289319,14.3785128805621,4.89586220450529,0.0692300642971593,0.0828350862588169,,,,,,,,,,,,,,,,,,,,,,,,,,,,,,,,,2010.0,1986-02-25,,,,14
Zach Zenner,DET,RB,12264,weighted,,,,,,,20.3696135831382,11.2895856322141,0.089709968264017,0.125187997227055,0.0403786104605777,0.0363851055060012,,,,,0.314508196721311,0.367763240089702,2.60245901639344,3.68529040548677,0.0,0.0,,,,,,,,,,,,,,,,,,,,,,,,,,,,,,,,,,,,,,14
Paul Perkins,NYG,RB,12631,weighted,,,,,,,22.6440281030445,9.75903910189939,0.0526658427959194,0.0510090766537184,0.0606167056986729,0.0360371458047524,,,,,1.17653395784543,0.363988597824073,12.2178571428571,4.87207397305121,0.0223026095684175,0.0439060406288945,,,,,,,,,,,,,,,,,,,,,,,,,,,,,,,,,2016.0,1994-11-16,,,,14
Bilal Powell,NYJ,RB,10369,weighted,,,,,,,26.5747658079625,4.33334706425017,0.270433255269321,0.405017147436967,0.0606167056986729,0.0360371458047524,,,,,3.22314988290398,0.433953439660101,23.2427985948478,3.2097597113218,0.0745868379555013,0.0451169930159604,,,,,,,,,,,,,,,,,,,,,,,,,,,,,,,,,2011.0,1988-10-27,,,,14
Justin Forsett,DEN,RB,9278,weighted,,,,,,,25.1617757712566,8.55640374530543,0.146557030069705,0.062866483758631,0.1,1.60258187318513e-17,,,,,1.18496990218209,0.252907619655313,5.84003009781791,1.42597499853084,0.0,0.0,,,,,,,,,,,,,,,,,,,,,,,,,,,,,,,,,2008.0,1985-10-14,,,,14
Dwayne Washington,DET,RB,12845,weighted,,,,,,,27.7221556886228,5.1238812722423,0.202263969055284,0.0039661977869193,0.1,0.0,,,,,0.992049234863606,0.201893419142641,5.4000998003992,2.9637543293398,0.0372115418286235,0.0557785532029301,,,,,,,,,,,,,,,,,,,,,,,,,,,,,,,,,2016.0,,Q,Ankle,2016.0,14
Jalen Richard,OAK,RB,12912,weighted,,,,,,,24.7887587822014,4.42059838401024,0.0492488862690702,0.0502468044211084,0.0606167056986729,0.0360371458047524,,,,,1.51353629976581,0.460889353168712,12.7327868852459,5.06219793098082,0.0235149318791774,0.0436101332677324,,,,,,,,,,,,,,,,,,,,,,,,,,,,,,,,,2016.0,1993-10-15,,,,14
Darren Sproles,PHI,RB,7942,weighted,,,,,,,26.7344847775176,2.33924910698385,0.309718969555035,0.387646742800669,0.0606167056986729,0.0360371458047524,,,,,3.75389929742389,0.208505626417677,28.3855971896956,4.22538283906267,0.0692646667712817,0.0454808297547949,,,,,,,,,,,,,,,,,,,,,,,,,,,,,,,,,2005.0,1983-06-20,,,,14
Alfred Blue,HOU,RB,11834,weighted,,,,,,,23.5953161592506,6.03435833465088,0.0510827750670944,0.0505068619564091,0.0797619047619048,0.0182086042621385,,,,,0.712529274004684,0.367324601959304,4.83436768149883,3.59099503167354,0.0,0.0,,,,,,,,,,,,,,,,,,,,,,,,,,,,,,,,,2014.0,1991-04-27,,,,14
Troymaine Pope,SEA,RB,12929,weighted,,,,,,,18.8402,7.68710482947844,0.133023922683101,0.0594447592509301,0.0563333333333333,0.050929740533706,,,,,1.35783333333333,0.127182864868959,7.7736,5.40125823488793,0.0743625896762905,0.0448476140865959,,,,,,,,,,,,,,,,,,,,,,,,,,,,,,,,,2016.0,1993-11-29,,,,14
Christine Michael,GB,RB,11179,weighted,,,,,,,20.7564402810304,6.67073862425169,0.3096018735363,0.39383631988227,0.0797619047619048,0.0182086042621385,,,,,0.678583138173302,0.495357687106615,3.79414519906323,2.76877602973157,0.0239929742388759,0.0435415826556391,,,,,,,,,,,,,,,,,,,,,,,,,,,,,,,,,2013.0,1990-11-09,,,,14
Dion Lewis,NE,RB,10389,weighted,,,,,,,19.0741803278689,5.5906703266633,0.0898423936687228,0.0734590992615518,0.100995316159251,0.0700967209767795,,,,,3.14586651053864,0.494575640920346,24.6817330210773,7.07299636219538,0.0897392652687672,0.0735075472104613,,,,,,,,,,,,,,,,,,,,,,,,,,,,,,,,,2011.0,1990-09-27,,,,14
Duke Johnson,CLE,RB,12157,weighted,,,,,,,21.7611241217799,2.19225669331522,0.0527781781662407,0.0510543078778875,0.0606167056986729,0.0360371458047524,,,,,3.24277517564403,0.209446390269892,27.8917447306792,2.80566042379046,0.0272179215473799,0.0435208342124072,,,,,,,,,,,,,,,,,,,,,,,,,,,,,,,,,2015.0,1993-09-23,,,,14
DeAndre Washington,OAK,RB,12857,weighted,,,,,,,16.1705,10.6977072229715,0.0,0.0,0.0436666666666667,0.050929740533706,,,,,0.680333333333333,0.560227145870766,5.4896,4.78297008687475,0.0378729559748428,0.0536302845877817,,,,,,,,,,,,,,,,,,,,,,,,,,,,,,,,,2016.0,1993-02-22,,,,14
Juwan Thompson,DEN,RB,11937,weighted,,,,,,,11.2637321294206,9.3453112493561,0.117516917219661,0.0999426082509138,0.0411086029596188,0.0419664440423167,,,,,0.348758465011287,0.329497428270606,2.42039127163281,2.17098537888626,0.0,0.0,,,,,,,,,,,,,,,,,,,,,,,,,,,,,,,,,2014.0,1992-05-13,,,,14
Ronnie Hillman,SD,RB,10812,weighted,,,,,,,9.9848,11.1333479628613,0.0,0.0,0.0,0.0,,,,,0.2293,0.252019275160053,3.7418,3.56079528604705,0.0,0.0,,,,,,,,,,,,,,,,,,,,,,,,,,,,,,,,,2012.0,1991-09-14,,,,14
Alfred Morris,DAL,RB,10870,weighted,,,,,,,17.6727166276347,2.59448999960029,0.0935654530578462,0.0722072544466819,0.0606167056986729,0.0360371458047524,,,,,0.22672131147541,0.15351449927748,1.35450819672131,1.19557599240708,0.0,0.0,,,,,,,,,,,,,,,,,,,,,,,,,,,,,,,,,2012.0,1988-12-12,,,,14
Jonathan Grimes,HOU,RB,10975,weighted,,,,,,,11.7553799849511,7.526348591604,0.0345476636615076,0.0475857708817268,0.0423877602207173,0.0423005207627069,,,,,0.699454477050414,0.411130542856053,6.20722347629797,3.52388896270693,0.0,0.0,,,,,,,,,,,,,,,,,,,,,,,,,,,,,,,,,2012.0,1989-12-21,,,,14
Charcandrick West,KC,RB,12098,weighted,,,,,,,15.7624121779859,5.79006326005329,0.251170960187354,0.411556891626366,0.0606167056986729,0.0360371458047524,,,,,1.09593676814988,0.682981861752991,7.73483606557377,4.76084964811856,0.0,0.0,,,,,,,,,,,,,,,,,,,,,,,,,,,,,,,,,2014.0,1991-06-02,,,,14
Chris Thompson,WAS,RB,11186,weighted,,,,,,,19.1586651053864,2.84090052346104,0.0477610835661362,0.0502931292381928,0.1,0.0,,,,,2.90207259953162,0.677047393757217,19.7266978922717,3.24421972684326,0.0722013436666402,0.0448729670754676,,,,,,,,,,,,,,,,,,,,,,,,,,,,,,,,,2013.0,1990-10-20,,,,14
DeAngelo Williams,PIT,RB,8268,weighted,,,,,,,13.701655379985,4.54951134801488,0.151153821029467,0.10158446107837,0.0423877602207173,0.0423005207627069,,,,,0.720372460496614,0.309530099483788,5.31341234010534,2.52552811751714,0.0,0.0,,,,,,,,,,,,,,,,,,,,,,,,,,,,,,,,,2006.0,1983-04-25,Q,Knee,2016.0,14
KaDeem Carey,CHI,RB,11652,weighted,,,,,,,10.6616510538642,5.62640468709385,0.0516716102300333,0.0507044147502847,0.0403786104605777,0.0363851055060012,,,,,0.780234192037471,0.227689888419717,5.92201405152225,2.62073146377243,0.0,0.0,,,,,,,,,,,,,,,,,,,,,,,,,,,,,,,,,2014.0,1992-10-30,,,,14
Jeremy Langford,CHI,RB,12156,weighted,,,,,,,12.5269375470278,5.84360969947972,0.129834155644755,0.0945391921153863,0.0423877602207173,0.0423005207627069,,,,,1.32716328066215,0.126901562288121,9.84454477050414,1.61478289843941,0.0,0.0,,,,,,,,,,,,,,,,,,,,,,,,,,,,,,,,,2015.0,1991-12-06,,,,14
Corey Grant,JAC,RB,12402,weighted,,,,,,,10.7197,7.87500952067439,0.0,0.0,0.1,0.0,,,,,0.757833333333333,0.127182864868959,4.2245,2.000635219922,0.0754841807909604,0.0428856107157969,,,,,,,,,,,,,,,,,,,,,,,,,,,,,,,,,,,,,,14
Fozzy Whittaker,CAR,RB,11342,weighted,,,,,,,12.3132318501171,4.27351200670392,0.0707139723364161,0.0839229799136353,0.0797619047619048,0.0182086042621385,,,,,1.44214285714286,0.403260285821826,11.0855386416862,5.83226163527029,0.0220508254785453,0.0439892242789257,,,,,,,,,,,,,,,,,,,,,,,,,,,,,,,,,2012.0,1989-02-22,,,,14
Charles Sims,TB,RB,11656,weighted,,,,,,,14.4664974619289,3.88580390046227,0.0488034807831762,0.0577536678017404,0.101232777374909,0.0805833372666469,,,,,1.84902102973169,0.805193867297372,17.7559825960841,8.55769149747083,0.121174764321972,0.0978064700239318,,,,,,,,,,,,,,,,,,,,,,,,,,,,,,,,,2014.0,1990-09-19,,,,14
Bobby Rainey,NYG,RB,10929,weighted,,,,,,,4.67669789227166,8.01325135444375,0.0,0.0,0.0,0.0,,,,,0.717763466042155,0.520091031804862,5.27728337236534,4.51203708046609,0.0,0.0,,,,,,,,,,,,,,,,,,,,,,,,,,,,,,,,,2012.0,1987-10-16,,,,14
Andre Ellington,ARI,RB,11175,weighted,,,,,,,13.5172716627635,3.1659641944915,0.0715130498029156,0.0449259499553973,0.0606167056986729,0.0360371458047524,,,,,0.861545667447307,0.166208624944775,5.85052693208431,1.4452376976458,0.0,0.0,,,,,,,,,,,,,,,,,,,,,,,,,,,,,,,,,2013.0,1989-02-03,,,,14
Cameron Artis-Payne,CAR,RB,12161,weighted,,,,,,,14.1329,5.45102258476608,0.134834093049135,0.0609354042549082,0.0,0.0,,,,,0.493,0.458367664803354,3.8091,4.39550734165702,0.0,0.0,,,,,,,,,,,,,,,,,,,,,,,,,,,,,,,,,2015.0,1992-06-23,,,,14
DuJuan Harris,SF,RB,10530,weighted,,,,,,,12.6723653395785,5.19604861854094,0.0627462452737256,0.0595237921682302,0.1,0.0,,,,,0.696990632318501,0.309298380281596,6.59683840749414,3.27642672735362,0.0441692871723491,0.0512738088998689,,,,,,,,,,,,,,,,,,,,,,,,,,,,,,,,,2011.0,1988-09-03,,,,14
Brandon Wilds,FA,RB,12867,weighted,,,,,,,8.31054977711738,12.0208152801713,0.0,0.0,0.0,0.0,,,,,0.0,0.0,2.444279346211,3.53553390593274,0.0,0.0,,,,,,,,,,,,,,,,,,,,,,,,,,,,,,,,,2016.0,1993-07-22,,,,14
Peyton Barber,TB,RB,12637,weighted,,,,,,,10.6891,6.02711417232649,0.0707051724137931,0.063186873498044,0.0,0.0,,,,,0.187333333333333,0.101859481067412,1.7493,1.20627780278409,0.0,0.0,,,,,,,,,,,,,,,,,,,,,,,,,,,,,,,,,2016.0,1994-06-27,,,,14
Robert Turbin,IND,RB,10714,weighted,,,,,,,11.6315573770492,2.05515904470649,0.139670943216916,0.113946245312135,0.0403786104605777,0.0363851055060012,,,,,1.4566393442623,0.405295762882483,10.5430327868852,3.43921036369379,0.0500735085886377,0.0503205626513613,,,,,,,,,,,,,,,,,,,,,,,,,,,,,,,,,2012.0,1989-12-02,,,,14
Mike Tolbert,CAR,RB,9315,weighted,,,,,,,9.02633559066968,3.16176730695203,0.0573309277880384,0.0504129841308516,0.0,0.0,,,,,0.793811136192626,0.0124598541882802,5.99683972911964,0.76215234616163,0.0898063494759221,0.0835888055427624,,,,,,,,,,,,,,,,,,,,,,,,,,,,,,,,,2008.0,1985-11-23,,,,14
Steven Jackson,NE,RB,nfl_2505936,weighted,,,,,,,12.6,2.5121596092614103e-15,0.2,2.77979829369454e-17,0.0,0.0,,,,,0.3,0.0,3.1,6.28039902315353e-16,0.0,0.0,,,,,,,,,,,,,,,,,,,,,,,,,,,,,,,,,2004.0,1983-07-22,,,,14
Damien Williams,MIA,RB,11886,weighted,,,,,,,10.6434426229508,0.981484027614695,0.095840745734156,0.0718162828740393,0.0606167056986729,0.0360371458047524,,,,,1.09672131147541,0.184276773230709,9.71733021077283,3.6703834337654,0.0478578165487285,0.050266196845536,,,,,,,,,,,,,,,,,,,,,,,,,,,,,,,,,2014.0,1992-04-03,,,,14
Shaun Draughn,SF,RB,10689,weighted,,,,,,,7.33583521444695,4.24739156131508,0.0294985213213435,0.0485972698824363,0.0423877602207173,0.0423005207627069,,,,,1.39563581640331,0.338531021120463,11.1224416854778,2.47147348909793,0.101393588725078,0.0028056704515325,,,,,,,,,,,,,,,,,,,,,,,,,,,,,,,,,2011.0,1987-12-07,,,,14
Alex Collins,SEA,RB,12628,weighted,,,,,,,6.6361943793911,4.57871272553909,0.0467776941682344,0.0856974971136704,0.0,0.0,,,,,0.239496487119438,0.268890903138211,2.09347775175644,2.17036080911955,0.0,0.0,,,,,,,,,,,,,,,,,,,,,,,,,,,,,,,,,2016.0,1994-08-26,,,,14
Kenneth Farrow,SD,RB,12642,weighted,,,,,,,9.25214446952596,1.94939499298888,0.0323987168824997,0.0477551153922202,0.0423877602207173,0.0423005207627069,,,,,0.627990970654628,0.251022669448469,3.82061700526712,1.93571157439957,0.0,0.0,,,,,,,,,,,,,,,,,,,,,,,,,,,,,,,,,2016.0,1993-03-07,,,,14
Shane Vereen,NYG,RB,10303,weighted,,,,,,,9.5109955423477,2.47487373415292,0.0511144130757801,0.0707106781186547,0.3,7.852412943948911e-17,,,,,2.39108469539376,0.565685424949238,19.4818722139673,7.4953318805774,0.1,1.9631032359872302e-17,,,,,,,,,,,,,,,,,,,,,,,,,,,,,,,,,2011.0,1989-03-02,,,,14
James White,NE,RB,11747,weighted,,,,,,,6.59151053864169,3.24755768188699,0.0225699938814693,0.0438258355910367,0.0403786104605777,0.0363851055060012,,,,,4.11200234192038,1.16636021769804,31.3254683840749,4.14991453817042,0.178594195492854,0.11446659693636,,,,,,,,,,,,,,,,,,,,,,,,,,,,,,,,,2014.0,1992-02-03,,,,14
Mike Davis,SF,RB,12164,weighted,,,,,,,5.7118,5.55656259439747,0.0436666666666667,0.050929740533706,0.0,0.0,,,,,0.1966,0.20063171620947,2.626,2.53176739653407,0.0,0.0,,,,,,,,,,,,,,,,,,,,,,,,,,,,,,,,,2015.0,1993-02-19,,,,14
Akeem Hunt,HOU,RB,12170,weighted,,,,,,,6.65771256583898,3.33790041556091,0.0,0.0,0.0,0.0,,,,,0.260609480812641,0.12595314277653,2.17975921745673,1.67107555958116,0.0,0.0,,,,,,,,,,,,,,,,,,,,,,,,,,,,,,,,,2015.0,1993-02-22,,,,14
Terron Ward,ATL,RB,12446,weighted,,,,,,,8.60731707317073,3.39411254969543,0.0,0.0,0.0,0.0,,,,,0.34984756097561,0.0707106781186547,3.80060975609756,0.282842712474619,0.0,0.0,,,,,,,,,,,,,,,,,,,,,,,,,,,,,,,,,,,,,,14
Lance Dunbar,DAL,RB,10961,weighted,,,,,,,4.09398043641836,4.10356499021238,0.0271218961625282,0.0497897722682139,0.0423877602207173,0.0423005207627069,,,,,0.927012791572611,0.127023409766369,8.34928517682468,1.74088984683211,0.0,0.0,,,,,,,,,,,,,,,,,,,,,,,,,,,,,,,,,2012.0,1990-01-25,,,,14
Antonio Andrews,TEN,RB,11901,weighted,,,,,,,6.1074,3.5620280829062,0.0,0.0,0.0,0.0,,,,,0.241966666666667,0.150639998010481,1.4837,1.22584895715885,0.0,0.0,,,,,,,,,,,,,,,,,,,,,,,,,,,,,,,,,2014.0,1992-08-17,,,,14
Kenjon Barner,PHI,RB,11177,weighted,,,,,,,6.40368698269376,3.1616361858351,0.0614516409098802,0.0943184824720913,0.0,0.0,,,,,0.0985703536493604,0.140977548279589,0.991271632806622,1.37278122081918,0.0,0.0,,,,,,,,,,,,,,,,,,,,,,,,,,,,,,,,,2013.0,1989-04-28,,,,14
Javorius Allen,BAL,RB,12159,weighted,,,,,,,5.4248,4.09127030512673,0.0,0.0,0.0,0.0,,,,,0.503966666666667,0.455421179190576,3.2876,3.39444747033591,0.0,0.0,,,,,,,,,,,,,,,,,,,,,,,,,,,,,,,,,2015.0,1991-08-27,,,,14
Malcolm Brown,LA,RB,12386,weighted,,,,,,,5.54303987960873,2.3329319023872,0.0,0.0,0.0423877602207173,0.0423005207627069,,,,,0.650865312264861,0.497312827363159,4.08269375470278,3.89201500482706,0.0,0.0,,,,,,,,,,,,,,,,,,,,,,,,,,,,,,,,,2015.0,1993-05-15,,,,14
Aaron Ripkowski,GB,RB,12353,weighted,,,,,,,5.41785714285714,1.74213776814505,0.0510265417642467,0.0505246009273276,0.0,0.0,,,,,0.342939110070258,0.213677131342312,1.88577283372365,1.38075609374361,0.0,0.0,,,,,,,,,,,,,,,,,,,,,,,,,,,,,,,,,,,,,,14
Knile Davis,KC,RB,11194,weighted,,,,,,,5.54076666666667,1.64249023594603,0.0982973287671233,0.100578623183302,0.0563333333333333,0.050929740533706,,,,,0.526833333333333,0.256018100709794,3.0661,1.83259679511138,0.0,0.0,,,,,,,,,,,,,,,,,,,,,,,,,,,,,,,,,2013.0,1991-10-05,O,Coach's Decision,2016.0,14
Josh Ferguson,IND,RB,12640,weighted,,,,,,,3.29292701279157,2.9500135216022,0.0320729872084274,0.0478149092590041,0.0588913970403812,0.0419664440423167,,,,,0.892136945071482,0.329832052547892,6.14913468773514,1.85649324183179,0.0,0.0,,,,,,,,,,,,,,,,,,,,,,,,,,,,,,,,,2016.0,1993-05-23,,,,14
Jonathan Williams,BUF,RB,12635,weighted,,,,,,,3.1754,2.8743959639216,0.0327,0.0574623372073492,0.0436666666666667,0.050929740533706,,,,,0.0671,0.0575520883279101,0.1032,0.174563834702059,0.0,0.0,,,,,,,,,,,,,,,,,,,,,,,,,,,,,,,,,2016.0,1994-02-02,,,,14
Benny Cunningham,LA,RB,11432,weighted,,,,,,,6.4,,0.0,,0.0,,,,,,1.6,,12.6,,0.1,,,,,,,,,,,,,,,,,,,,,,,,,,,,,,,,,,2013.0,1990-07-07,D,Neck,2016.0,14
Jordan Todman,IND,RB,10301,weighted,,,,,,,2.63250564334086,2.63304042754765,0.0,0.0,0.0,0.0,,,,,0.0382618510158014,0.0482158380940569,0.698344620015049,0.886544513607217,0.0,0.0,,,,,,,,,,,,,,,,,,,,,,,,,,,,,,,,,2011.0,1990-02-24,,,,14
Fitzgerald Toussaint,PIT,RB,12009,weighted,,,,,,,3.00669676448458,2.71235580654979,0.0,0.0,0.0,0.0,,,,,0.0690556809631302,0.0472292576814156,0.612904439428141,0.426612537846404,0.0,0.0,,,,,,,,,,,,,,,,,,,,,,,,,,,,,,,,,2014.0,1990-05-04,,,,14
Reggie Bush,BUF,RB,8243,weighted,,,,,,,3.02949586155004,2.33113459125487,0.0725989191076998,0.0496272650823284,0.0,0.0,,,,,0.626279157261099,0.332585117614137,5.89789315274643,3.06712725999517,0.0,0.0,,,,,,,,,,,,,,,,,,,,,,,,,,,,,,,,,2006.0,1985-03-02,,,,14
Jamize Olawale,OAK,RB,10985,weighted,,,,,,,4.71211437170805,1.19893646865213,0.0574793262833272,0.0508945876876042,0.0,0.0,,,,,0.739691497366441,0.170167425253416,6.8556057185854,6.21057947872186,0.0830980543322487,0.0340281811125805,,,,,,,,,,,,,,,,,,,,,,,,,,,,,,,,,2012.0,1989-04-17,,,,14
John Kuhn,NO,RB,8590,weighted,,,,,,,3.15244544770504,1.66529190545557,0.243997976227764,0.132334811281317,0.0,0.0,,,,,0.865575620767495,0.206353966768696,4.95808878856283,1.34673118286639,0.0951381178017747,0.0097882818488111,,,,,,,,,,,,,,,,,,,,,,,,,,,,,,,,,2006.0,1982-09-09,,,,14
Taiwan Jones,OAK,RB,10368,weighted,,,,,,,2.03002257336343,2.27881527603345,0.0,0.0,0.0,0.0,,,,,0.340914221218962,0.172966324956529,3.26845372460497,1.44331425125884,0.0,0.0,,,,,,,,,,,,,,,,,,,,,,,,,,,,,,,,,2011.0,1988-07-26,,,,14
Brandon Bolden,NE,RB,10932,weighted,,,,,,,3.3277,2.13558078462734,0.0,0.0,0.0,0.0,,,,,0.285633333333333,0.201269032778437,2.1775,1.41250216709723,0.0,0.0,,,,,,,,,,,,,,,,,,,,,,,,,,,,,,,,,2012.0,1990-01-26,,,,14
Kenyan Drake,MIA,RB,12630,weighted,,,,,,,2.85801354401806,1.83521018202678,0.0,0.0,0.0,0.0,,,,,0.235703536493604,0.125306040485982,1.29354778028593,0.784884708883645,0.0,0.0,,,,,,,,,,,,,,,,,,,,,,,,,,,,,,,,,2016.0,,Q,Knee,2016.0,14
Marcel Reece,SEA,RB,9802,weighted,,,,,,,2.49540918163673,2.21894940903182,0.0437791084497671,0.0509711220439679,0.0,0.0,,,,,0.0328343313373253,0.0575217457063432,4.2684630738523,7.47782694182462,0.0,0.0,,,,,,,,,,,,,,,,,,,,,,,,,,,,,,,,,2008.0,1985-06-23,,,,14
Travaris Cadet,NO,RB,10978,weighted,,,,,,,1.89177953348382,1.60647469194954,0.0320729872084274,0.0478149092590041,0.0423877602207173,0.0423005207627069,,,,,1.79729119638826,0.215935968743627,15.4820165537999,2.68188862465651,0.0320364714734652,0.0470969508410496,,,,,,,,,,,,,,,,,,,,,,,,,,,,,,,,,2012.0,1989-02-01,,,,14
Cedric Peerman,CIN,RB,9616,weighted,,,,,,,2.94923780487805,0.353553390593274,0.0,0.0,0.0,0.0,,,,,0.374923780487805,0.0353553390593274,3.74923780487805,0.353553390593274,0.0,0.0,,,,,,,,,,,,,,,,,,,,,,,,,,,,,,,,,2009.0,1986-10-10,,,,14
Joe Banyard,JAC,RB,11614,weighted,,,,,,,1.3762,1.40442201346629,0.0,0.0,0.0,0.0,,,,,0.04915,0.0501579290523675,0.1966,0.20063171620947,0.0,0.0,,,,,,,,,,,,,,,,,,,,,,,,,,,,,,,,,2012.0,1988-11-22,,,,14
Kerwynn Williams,ARI,RB,11185,weighted,,,,,,,1.31579731743666,1.90918830920368,0.0,0.0,0.0,0.0,,,,,0.0487332339791356,0.0707106781186548,0.0974664679582712,0.14142135623731,0.0,0.0,,,,,,,,,,,,,,,,,,,,,,,,,,,,,,,,,2013.0,1991-06-09,,,,14
Daniel Lasco,NO,RB,12846,weighted,,,,,,,1.40433333333333,1.17138403227524,0.0,0.0,0.0,0.0,,,,,0.187333333333333,0.101859481067412,0.838366666666667,0.411210562906124,0.0,0.0,,,,,,,,,,,,,,,,,,,,,,,,,,,,,,,,,2016.0,1992-10-09,Q,Hamstring,2016.0,14
Darius Jackson,DAL,RB,12832,weighted,,,,,,,1.73933333333333,1.12045429174153,0.0,0.0,0.0,0.0,,,,,0.0563333333333333,0.050929740533706,0.681666666666667,0.25464870266853,0.0,0.0,,,,,,,,,,,,,,,,,,,,,,,,,,,,,,,,,2016.0,1993-12-01,,,,14
Stepfan Taylor,ARI,RB,11176,weighted,,,,,,,1.7706546275395,0.68146170388517,0.0,0.0,0.0,0.0,,,,,0.099849510910459,0.08113129651053,0.770654627539503,0.68146170388517,0.0,0.0,,,,,,,,,,,,,,,,,,,,,,,,,,,,,,,,,2013.0,1991-06-09,,,,14
Zach Line,MIN,RB,11474,weighted,,,,,,,1.14477050413845,0.923079158083519,0.0369826937547028,0.0477759311395745,0.0,0.0,,,,,0.161437170805117,0.169183931036945,2.0267870579383,3.04450869857577,0.0,0.0,,,,,,,,,,,,,,,,,,,,,,,,,,,,,,,,,2013.0,1990-04-26,,,,14
Tyler Ervin,HOU,RB,12639,weighted,,,,,,,2.3,,0.0,,0.0,,,,,,0.7,,3.9,,0.0,,,,,,,,,,,,,,,,,,,,,,,,,,,,,,,,,,2016.0,1993-10-07,O,Chest,2016.0,14
Will Johnson,NYG,RB,nfl_163982,weighted,,,,,,,2.2,,0.0,,0.0,,,,,,0.4,,2.6,,0.0,,,,,,,,,,,,,,,,,,,,,,,,,,,,,,,,,,2011.0,1989-11-14,IR,Shoulder,2016.0,14
Jerome Felton,BUF,RB,9193,weighted,,,,,,,1.52085828343313,0.728682624843134,0.0,0.0,0.0,0.0,,,,,0.242282102461743,0.15073475313796,2.02235528942116,0.75294244172489,0.0,0.0,,,,,,,,,,,,,,,,,,,,,,,,,,,,,,,,,2008.0,1986-07-03,,,,14
George Atkinson,CLE,RB,11923,weighted,,,,,,,0.544319036869827,0.968762930993111,0.0,0.0,0.0,0.0,,,,,0.0123777276147479,0.0249197083765604,0.0804552294958616,0.161978104447643,0.0,0.0,,,,,,,,,,,,,,,,,,,,,,,,,,,,,,,,,2014.0,1992-11-29,,,,14
Joique Bell,DET,RB,10048,weighted,,,,,,,0.464413075780089,0.67175144212722,0.0,0.0,0.0,0.0,,,,,0.02444279346211,0.0353553390593274,0.0488855869242199,0.0707106781186547,0.0,0.0,,,,,,,,,,,,,,,,,,,,,,,,,,,,,,,,,2010.0,1986-08-04,,,,14
Derek Watt,SD,RB,12823,weighted,,,,,,,0.790086493679308,0.804348772267929,0.0,0.0,0.0,0.0,,,,,0.446773120425815,0.150979177757219,4.2435129740519,4.51768947480425,0.0,0.0,,,,,,,,,,,,,,,,,,,,,,,,,,,,,,,,,2016.0,1992-11-07,,,,14
Patrick DiMarco,ATL,RB,11100,weighted,,,,,,,0.179025583145222,0.215449171316504,0.0,0.0,0.0,0.0,,,,,0.429665161775771,0.0952198362460523,3.40451467268623,1.16604582887209,0.0,0.0,,,,,,,,,,,,,,,,,,,,,,,,,,,,,,,,,2011.0,1989-04-30,,,,14
Lorenzo Taliaferro,BAL,RB,11809,weighted,,,,,,,1.4,,0.0,,0.0,,,,,,0.2,,1.0,,0.0,,,,,,,,,,,,,,,,,,,,,,,,,,,,,,,,,,2014.0,1991-12-23,O,Thigh,2016.0,14
Michael Burton,DET,RB,12325,weighted,,,,,,,0.488855869242199,0.707106781186547,0.0,0.0,0.0,0.0,,,,,0.1,1.9631032359872302e-17,0.693313521545319,0.424264068711928,0.0,0.0,,,,,,,,,,,,,,,,,,,,,,,,,,,,,,,,,2015.0,1992-02-01,,,,14
Anthony Sherman,KC,RB,10378,weighted,,,,,,,0.273438675696012,0.483596226280902,0.0,0.0,0.0,0.0,,,,,0.2,3.20516374637025e-17,1.27155756207675,0.320206986656406,0.0,0.0,,,,,,,,,,,,,,,,,,,,,,,,,,,,,,,,,2011.0,1988-12-11,,,,14
Chase Reynolds,LA,RB,11540,weighted,,,,,,,0.487332339791356,0.707106781186547,0.0,0.0,0.0,0.0,,,,,0.0487332339791356,0.0707106781186548,0.243666169895678,0.353553390593274,0.0,0.0,,,,,,,,,,,,,,,,,,,,,,,,,,,,,,,,,2012.0,1987-10-22,,,,14
Kyle Juszczyk,BAL,RB,11367,weighted,,,,,,,0.721068472535741,0.276784807869045,0.0,0.0,0.0,0.0,,,,,1.90009405568096,0.383914499633853,15.0117381489842,3.69824133588284,0.0303184788765736,0.0473509478147601,,,,,,,,,,,,,,,,,,,,,,,,,,,,,,,,,2013.0,1991-04-23,,,,14
Jay Prosch,HOU,RB,11851,weighted,,,,,,,0.693313521545319,0.424264068711928,0.0,0.0,0.0,0.0,,,,,0.0733283803863299,0.106066017177982,0.642199108469539,0.494974746830583,0.0,0.0,,,,,,,,,,,,,,,,,,,,,,,,,,,,,,,,,2014.0,1992-08-21,,,,14
Roosevelt Nix,PIT,RB,4397,weighted,,,,,,,0.0,,0.0,,0.0,,,,,,0.0,,0.2,,0.0,,,,,,,,,,,,,,,,,,,,,,,,,,,,,,,,,,,,,,,14
Marcus Murphy,NO,RB,12367,weighted,,,,,,,0.551264138389887,0.506697738356194,0.0,0.0,0.0,0.0,,,,,0.0562208915502329,0.0509711220439679,0.568662674650699,0.50974765770226,0.0,0.0,,,,,,,,,,,,,,,,,,,,,,,,,,,,,,,,,2015.0,1991-10-03,,,,14
Dan Vitale,CLE,RB,12822,weighted,,,,,,,0.431337325349301,0.50974765770226,0.0,0.0,0.0,0.0,,,,,0.187558216899534,0.101942244087936,1.97455089820359,1.49051573897815,0.0,0.0,,,,,,,,,,,,,,,,,,,,,,,,,,,,,,,,,2016.0,,,,,14
Jalston Fowler,TEN,RB,12294,weighted,,,,,,,0.24665676077266,0.212132034355964,0.0,0.0,0.0,0.0,,,,,0.12444279346211,0.0353553390593274,0.89777117384844,0.141421356237309,0.0,0.0,,,,,,,,,,,,,,,,,,,,,,,,,,,,,,,,,,,,,,14
Mike James,TB,RB,11190,weighted,,,,,,,0.1966,0.20063171620947,0.0,0.0,0.0,0.0,,,,,0.0983,0.100315858104735,0.5898,0.601895148628409,0.0,0.0,,,,,,,,,,,,,,,,,,,,,,,,,,,,,,,,,2013.0,1991-04-13,,,,14
Kendall Hunter,NO,RB,10305,weighted,,,,,,,0.2,0.0,0.0,0.0,0.0,0.0,,,,,0.0,0.0,0.0,0.0,0.0,0.0,,,,,,,,,,,,,,,,,,,,,,,,,,,,,,,,,2011.0,1988-09-16,,,,14
James Develin,NE,RB,11101,weighted,,,,,,,0.12444279346211,0.0353553390593274,0.0,0.0,0.0,0.0,,,,,0.17555720653789,0.0353553390593274,0.82667161961367,0.106066017177982,0.0,0.0,,,,,,,,,,,,,,,,,,,,,,,,,,,,,,,,,2010.0,1988-07-23,,,,14
Chris Johnson,ARI,RB,9078,weighted,,,,,,,0.0,,0.0,,0.0,,,,,,0.0,,0.0,,0.0,,,,,,,,,,,,,,,,,,,,,,,,,,,,,,,,,,2008.0,1985-09-23,IR,Groin,2016.0,14
Darren McFadden,DAL,RB,9087,weighted,,,,,,,0.0,,0.0,,0.0,,,,,,0.0,,0.0,,0.0,,,,,,,,,,,,,,,,,,,,,,,,,,,,,,,,,,2008.0,1987-08-27,IR,Elbow,2016.0,14
Bruce Miller,FA,RB,nfl_2495314,weighted,,,,,,,0.0,0.0,0.0,0.0,0.0,0.0,,,,,0.0,0.0,0.0,0.0,0.0,0.0,,,,,,,,,,,,,,,,,,,,,,,,,,,,,,,,,2011.0,1987-08-06,,,,14
Dan Herron,FA,RB,nfl_2532864,weighted,,,,,,,0.0,0.0,0.0,0.0,0.0,0.0,,,,,0.0,0.0,0.0,0.0,0.0,0.0,,,,,,,,,,,,,,,,,,,,,,,,,,,,,,,,,2012.0,1989-03-21,,,,14
Isaiah Pead,FA,RB,10718,weighted,,,,,,,0.0,0.0,0.0,0.0,0.0,0.0,,,,,0.0,0.0,0.0,0.0,0.0,0.0,,,,,,,,,,,,,,,,,,,,,,,,,,,,,,,,,2012.0,1989-12-14,,,,14
Austin Johnson,FA,RB,nfl_2534437,weighted,,,,,,,0.0,0.0,0.0,0.0,0.0,0.0,,,,,0.0,0.0,0.0,0.0,0.0,0.0,,,,,,,,,,,,,,,,,,,,,,,,,,,,,,,,,2013.0,1989-06-16,Q,Knee,2016.0,14
Tommy Bohanon,FA,RB,11408,weighted,,,,,,,0.0,0.0,0.0,0.0,0.0,0.0,,,,,0.0,0.0,0.0,0.0,0.0,0.0,,,,,,,,,,,,,,,,,,,,,,,,,,,,,,,,,2013.0,1990-09-10,,,,14
Dri Archer,BUF,RB,11784,weighted,,,,,,,0.0,0.0,0.0,0.0,0.0,0.0,,,,,0.0,0.0,0.0,0.0,0.0,0.0,,,,,,,,,,,,,,,,,,,,,,,,,,,,,,,,,2014.0,1991-08-09,,,,14
David Cobb,FA,RB,12158,weighted,,,,,,,0.0,0.0,0.0,0.0,0.0,0.0,,,,,0.0,0.0,0.0,0.0,0.0,0.0,,,,,,,,,,,,,,,,,,,,,,,,,,,,,,,,,2015.0,1993-06-03,,,,14
Joey Iosefa,FA,RB,nfl_2552634,weighted,,,,,,,0.0,0.0,0.0,0.0,0.0,0.0,,,,,0.0,0.0,0.0,0.0,0.0,0.0,,,,,,,,,,,,,,,,,,,,,,,,,,,,,,,,,,,,,,14
Gus Johnson,FA,RB,12406,weighted,,,,,,,0.0,0.0,0.0,0.0,0.0,0.0,,,,,0.0,0.0,0.0,0.0,0.0,0.0,,,,,,,,,,,,,,,,,,,,,,,,,,,,,,,,,2015.0,1993-08-10,,,,14
Mack Brown,WAS,RB,12908,weighted,,,,,,,0.0,,0.0,,0.0,,,,,,0.0,,0.0,,0.0,,,,,,,,,,,,,,,,,,,,,,,,,,,,,,,,,,,,,,,14
Marshaun Coprich,FA,RB,12858,weighted,,,,,,,0.0,0.0,0.0,0.0,0.0,0.0,,,,,0.0,0.0,0.0,0.0,0.0,0.0,,,,,,,,,,,,,,,,,,,,,,,,,,,,,,,,,2016.0,1994-08-10,,,,14
Aaron Green,FA,RB,12641,weighted,,,,,,,0.0,0.0,0.0,0.0,0.0,0.0,,,,,0.0,0.0,0.0,0.0,0.0,0.0,,,,,,,,,,,,,,,,,,,,,,,,,,,,,,,,,2016.0,1992-10-15,,,,14
Glenn Gronkowski,FA,RB,12905,weighted,,,,,,,0.0,0.0,0.0,0.0,0.0,0.0,,,,,0.0,0.0,0.0,0.0,0.0,0.0,,,,,,,,,,,,,,,,,,,,,,,,,,,,,,,,,2016.0,1993-03-25,,,,14
Mike Evans,TB,WR,11671,weighted,,,,,,,0.27728337236534,0.407398863453425,0.0,0.0,0.0303571428571429,0.0273129063932077,,,,,7.04422326307572,1.24792363476928,96.190925058548,14.8278178881042,0.864754098360656,0.166125484861217,,,,,,,,,,,,,,,,,,,,,,,,,,,,,,,,,2014.0,1993-08-21,,,,14
Antonio Brown,PIT,WR,9988,weighted,,,,,,,2.78266978922717,1.22260020112129,0.0,0.0,0.0656762295081967,0.0373628996216535,,,,,7.33887587822014,0.443732151999979,93.2765807962529,8.69714907769776,0.82423887587822,0.179351543870186,,,,,,,,,,,,,,,,,,,,,,,,,,,,,,,,,2010.0,1988-07-10,,,,14
Doug Baldwin,SEA,WR,10527,weighted,,,,,,,-0.0690866510538642,0.0744026135237842,0.0,0.0,0.0,0.0,,,,,5.99783372365339,1.25189484647242,72.9147540983607,13.5245513870106,0.563681805858236,0.272878027567069,,,,,,,,,,,,,,,,,,,,,,,,,,,,,,,,,2011.0,1988-09-21,,,,14
Odell Beckham,NYG,WR,11679,weighted,,,,,,,0.366370023419204,0.369950946576311,0.0,0.0,0.1,0.0,,,,,6.54333528493365,0.346799508945428,86.3437353629977,8.32539158949002,0.804098360655738,0.201096836448555,,,,,,,,,,,,,,,,,,,,,,,,,,,,,,,,,2014.0,1992-11-05,,,,14
T.Y. Hilton,IND,WR,10729,weighted,,,,,,,0.138583138173302,0.122402300817094,0.0,0.0,0.0303571428571429,0.0273129063932077,,,,,5.24271077283372,0.229512440309653,78.5674473067916,11.4417998079136,0.512236843596145,0.29444941247244,,,,,,,,,,,,,,,,,,,,,,,,,,,,,,,,,2012.0,1989-11-14,,,,14
Michael Crabtree,OAK,WR,9427,weighted,,,,,,,0.0615925058548009,0.0544010225853751,0.0,0.0,0.0202380952380952,0.0182086042621385,,,,,5.57393442622951,0.439158094928238,64.9907494145199,12.391336347894,0.612785189194788,0.241771392147109,,,,,,,,,,,,,,,,,,,,,,,,,,,,,,,,,2009.0,1987-09-14,,,,14
Julian Edelman,NE,WR,9662,weighted,,,,,,,2.53782201405152,0.958238444964129,0.0,0.0,0.139383294301327,0.0360371458047524,,,,,6.70839578454333,0.805486127835513,68.9063231850117,10.3738541546132,0.648829039812646,0.337690077526875,,,,,,,,,,,,,,,,,,,,,,,,,,,,,,,,,2009.0,1986-05-22,,,,14
Golden Tate,DET,WR,9831,weighted,,,,,,,2.45253220140515,1.10617869757083,0.0,0.0,0.1,0.0,,,,,6.15207259953162,0.72477093557683,68.3706088992974,12.3062714327293,0.512105186088478,0.294514551816563,,,,,,,,,,,,,,,,,,,,,,,,,,,,,,,,,2010.0,1988-08-02,,,,14
Terrelle Pryor,CLE,WR,10500,weighted,,,,,,,1.10314988290398,1.13124399004453,0.0,0.0,0.0151785714285714,0.0136564531966038,,,,,5.29837041373927,0.44655808682913,69.190281030445,10.8548337076003,0.571018735362998,0.405720523297451,,,,,,,,,,,,,,,,,,,,,,,,,,,,,,,,,2011.0,1989-06-20,,,,14
Emmanuel Sanders,DEN,WR,9918,weighted,,,,,,,0.572154566744731,0.356294502366673,0.0,0.0,0.0,0.0,,,,,5.59237900078064,0.324886390150089,70.0662763466042,10.9084477988938,0.512093815475782,0.294339506147834,,,,,,,,,,,,,,,,,,,,,,,,,,,,,,,,,2010.0,1987-03-17,,,,14
Larry Fitzgerald,ARI,WR,7393,weighted,,,,,,,0.0807377049180328,0.0441090146047278,0.0,0.0,0.0303571428571429,0.0273129063932077,,,,,6.73462138953942,0.527130198685357,74.6008196721312,6.08227366274107,0.522632728353549,0.289831593946085,,,,,,,,,,,,,,,,,,,,,,,,,,,,,,,,,2004.0,1983-08-31,,,,14
Amari Cooper,OAK,WR,12175,weighted,,,,,,,0.0886416861826698,0.127134762987987,0.0,0.0,0.0303571428571429,0.0273129063932077,,,,,5.46919398907104,0.303913208454336,74.0392857142857,7.11812661660746,0.55902926254527,0.275680022140131,,,,,,,,,,,,,,,,,,,,,,,,,,,,,,,,,2015.0,1994-06-18,,,,14
Jordy Nelson,GB,WR,9118,weighted,,,,,,,0.138173302107728,0.148805227047568,0.0,0.0,0.1,0.0,,,,,5.30970921155347,0.376996451693123,69.3472482435597,8.48942094627786,0.667554183372064,0.214563339206325,,,,,,,,,,,,,,,,,,,,,,,,,,,,,,,,,2008.0,1985-05-31,,,,14
Jamison Crowder,WAS,WR,12184,weighted,,,,,,,0.873228922716628,0.599530833253438,0.0,0.0,0.0,0.0,,,,,5.50613583138173,1.59890960136164,59.9642857142857,13.0419410898518,0.535749020121606,0.286150110262127,,,,,,,,,,,,,,,,,,,,,,,,,,,,,,,,,2015.0,1993-06-17,,,,14
Tyrell Williams,SD,WR,12391,weighted,,,,,,,0.298448477751756,0.403292280569584,0.0,0.0,0.0,0.0,,,,,4.84148711943794,0.848590457944901,65.4464871194379,10.0486651218133,0.647833723653396,0.338788340456157,,,,,,,,,,,,,,,,,,,,,,,,,,,,,,,,,,,,,,14
Demaryius Thomas,DEN,WR,9884,weighted,,,,,,,0.0307962529274005,0.0272005112926876,0.0,0.0,0.0848214285714286,0.0136564531966038,,,,,5.34635050741608,0.846322900449157,67.0494730679157,6.14060421948185,0.543604399398136,0.27358503655722,,,,,,,,,,,,,,,,,,,,,,,,,,,,,,,,,2010.0,1987-12-25,,,,14
Julio Jones,ATL,WR,10271,weighted,,,,,,,0.0615925058548009,0.0544010225853751,0.0,0.0,0.0,0.0,,,,,4.13490632318501,1.10066614832117,58.6237119437939,19.0429926852892,0.231992625755776,0.18461538149088,,,,,,,,,,,,,,,,,,,,,,,,,,,,,,,,,2011.0,1989-02-03,Q,Toe,2016.0,14
DeAndre Hopkins,HOU,WR,11232,weighted,,,,,,,0.0,0.0,0.0,0.0,0.0,0.0,,,,,5.2344262295082,0.156587209608584,68.3423887587822,4.99211375278447,0.542627241142764,0.273992764851693,,,,,,,,,,,,,,,,,,,,,,,,,,,,,,,,,2013.0,1992-06-06,,,,14
Sammy Watkins,BUF,WR,11670,weighted,,,,,,,0.119028103044496,0.107412137761856,0.0,0.0,0.0,0.0,,,,,3.97987119437939,0.690655695938839,58.2917447306792,12.3812722462796,0.4856076729241,0.314453487485753,,,,,,,,,,,,,,,,,,,,,,,,,,,,,,,,,2014.0,1993-06-14,Q,Foot,2016.0,14
Jarvis Landry,MIA,WR,11680,weighted,,,,,,,2.33984192037471,0.813426527711568,0.0,0.0,0.1,0.0,,,,,6.12207259953162,0.55796250648198,64.5649297423888,8.4683562423983,0.470260041742424,0.331204282275921,,,,,,,,,,,,,,,,,,,,,,,,,,,,,,,,,2014.0,1992-11-28,,,,14
Brandin Cooks,NO,WR,11674,weighted,,,,,,,3.0788056206089,1.18366745765252,0.0,0.0,0.0202380952380952,0.0182086042621385,,,,,4.85483606557377,0.206007083703394,65.7268735362998,5.82737573443973,0.667857142857143,0.315158939400145,,,,,,,,,,,,,,,,,,,,,,,,,,,,,,,,,2014.0,1993-09-25,,,,14
Dez Bryant,DAL,WR,9823,weighted,,,,,,,0.27728337236534,0.407398863453425,0.0,0.0,0.0,0.0,,,,,4.83100117096019,0.250617142053562,67.2406323185012,5.10090658654036,0.646980376177666,0.215919147832191,,,,,,,,,,,,,,,,,,,,,,,,,,,,,,,,,2010.0,1988-11-04,,,,14
Jordan Matthews,PHI,WR,11676,weighted,,,,,,,0.0,0.0,0.0,0.0,0.0,0.0,,,,,4.98740046838408,0.539198182386253,60.4596018735363,10.1519148598599,0.517694770001494,0.299972346856321,,,,,,,,,,,,,,,,,,,,,,,,,,,,,,,,,2014.0,1992-07-16,Q,Ankle,2016.0,14
Stefon Diggs,MIN,WR,12186,weighted,,,,,,,1.18507025761124,0.277635506221918,0.0,0.0,0.0,0.0,,,,,6.41502732240437,0.388776768423317,65.8327283372365,4.47495874822727,0.433642169415574,0.353627080911702,,,,,,,,,,,,,,,,,,,,,,,,,,,,,,,,,2015.0,1993-11-29,,,,14
Kenny Britt,LA,WR,9467,weighted,,,,,,,1.11092896174863,1.00251328577733,0.0,0.0,0.0403786104605777,0.0363851055060012,,,,,4.47073770491803,0.33131966513454,62.7009953161593,6.83362837559817,0.629449648711944,0.351048436511644,,,,,,,,,,,,,,,,,,,,,,,,,,,,,,,,,2009.0,1988-09-19,,,,14
Ted Ginn,CAR,WR,8673,weighted,,,,,,,3.44234484777518,0.488460678761101,0.0,0.0,0.140378610460578,0.0363851055060012,,,,,3.72031615925059,1.25868180942895,50.8209016393443,16.6973935651028,0.367271662763466,0.377249046053228,,,,,,,,,,,,,,,,,,,,,,,,,,,,,,,,,2007.0,1985-04-12,,,,14
Davante Adams,GB,WR,11675,weighted,,,,,,,0.298448477751756,0.403292280569584,0.0,0.0,0.0403786104605777,0.0363851055060012,,,,,4.36430913348946,0.509888498850718,56.1748829039813,10.1515021533647,0.64771662763466,0.33887384731063,,,,,,,,,,,,,,,,,,,,,,,,,,,,,,,,,2014.0,1992-12-24,,,,14
Michael Thomas,NO,WR,12652,weighted,,,,,,,0.298448477751756,0.403292280569584,0.0,0.0,0.0,0.0,,,,,4.92724824355972,0.431613830849082,61.2613583138173,8.68725567231678,0.280405784253156,0.186028819835475,,,,,,,,,,,,,,,,,,,,,,,,,,,,,,,,,2016.0,1994-08-16,Q,Foot,2016.0,14
Steve Smith,BAL,WR,4974,weighted,,,,,,,0.0,0.0,0.0,0.0,0.0,0.0,,,,,5.18730679156909,0.254698114800071,64.0335480093677,5.02827736637439,0.43800171416367,0.346834499558049,,,,,,,,,,,,,,,,,,,,,,,,,,,,,,,,,2001.0,1979-05-12,,,,14
Tyreek Hill,KC,WR,12801,weighted,,,,,,,8.90645491803279,1.52087987043506,0.0357387792838613,0.036970804688693,0.0,0.0,,,,,4.45255269320843,0.745359734248733,51.6334894613583,12.798521912076,0.52672414176715,0.329880626564614,,,,,,,,,,,,,,,,,,,,,,,,,,,,,,,,,2016.0,1994-03-01,,,,14
Brandon Marshall,NYJ,WR,8360,weighted,,,,,,,0.0,0.0,0.0,0.0,0.0,0.0,,,,,4.52272638563622,0.403264284058291,61.5298009367682,2.54734232239102,0.31445557110818,0.198254301355406,,,,,,,,,,,,,,,,,,,,,,,,,,,,,,,,,2006.0,1984-03-23,,,,14
DeSean Jackson,WAS,WR,9075,weighted,,,,,,,0.220296643247463,0.139858771487648,0.0,0.0,0.0,0.0,,,,,3.6568149882904,0.416838515290773,57.4953161592506,7.26472698415974,0.230253125209731,0.18426273356236,,,,,,,,,,,,,,,,,,,,,,,,,,,,,,,,,2008.0,1986-12-01,,,,14
Kelvin Benjamin,CAR,WR,11673,weighted,,,,,,,0.417359484777518,0.355324835807352,0.0,0.0,0.0797619047619048,0.0182086042621385,,,,,4.11263466042155,0.755059484053365,57.7341920374707,6.3147920405608,0.383014837045961,0.263720225413674,,,,,,,,,,,,,,,,,,,,,,,,,,,,,,,,,2014.0,1991-02-05,,,,14
Pierre Garcon,WAS,WR,9250,weighted,,,,,,,0.0,0.0,0.0,0.0,0.0,0.0,,,,,4.62202576112412,0.481329917083054,56.4309718969555,7.86357405213549,0.459976788055791,0.339537181302424,,,,,,,,,,,,,,,,,,,,,,,,,,,,,,,,,2008.0,1986-08-08,,,,14
Allen Robinson,JAC,WR,11678,weighted,,,,,,,0.298448477751756,0.403292280569584,0.0,0.0,0.0,0.0,,,,,4.20745901639344,0.148258520321017,58.0171545667447,6.07943148291073,0.44596018735363,0.361830077845326,,,,,,,,,,,,,,,,,,,,,,,,,,,,,,,,,2014.0,1993-08-24,,,,14
Donte Moncrief,IND,WR,11677,weighted,,,,,,,0.628410421545668,0.292983068520042,0.0,0.0,0.0,0.0,,,,,4.30824355971897,0.504730383226762,53.3655152224824,8.80032393995269,0.707142857142857,0.284200946821329,,,,,,,,,,,,,,,,,,,,,,,,,,,,,,,,,2014.0,1993-08-06,,,,14
Cameron Meredith,CHI,WR,12465,weighted,,,,,,,0.410373900293255,0.414064860161169,0.0,0.0,0.1,0.0,,,,,4.88104838709677,0.83247982560679,55.6304252199414,7.44159814212119,0.639222873900293,0.434934589536239,,,,,,,,,,,,,,,,,,,,,,,,,,,,,,,,,,,,,,14
Tyler Boyd,CIN,WR,12650,weighted,,,,,,,0.902888368462139,0.165469686322842,0.0,0.0,0.0797619047619048,0.0182086042621385,,,,,4.4061943793911,0.496493382494812,55.373243559719,7.7083306716782,0.430102269291924,0.34791893180274,,,,,,,,,,,,,,,,,,,,,,,,,,,,,,,,,2016.0,1994-11-15,,,,14
Dontrelle Inman,SD,WR,11957,weighted,,,,,,,0.298448477751756,0.403292280569584,0.0,0.0,0.0,0.0,,,,,4.19091334894614,0.546748474710418,52.3542740046838,8.12098585788891,0.495250075113371,0.314169014177013,,,,,,,,,,,,,,,,,,,,,,,,,,,,,,,,,2013.0,1989-01-31,,,,14
Quincy Enunwa,NYJ,WR,11850,weighted,,,,,,,0.0,0.0,0.0,0.0,0.0,0.0,,,,,3.37538641686183,0.296272582932516,49.3795667447307,6.57749445458188,0.260443159465358,0.182847548098067,,,,,,,,,,,,,,,,,,,,,,,,,,,,,,,,,2014.0,1992-05-31,,,,14
Jeremy Maclin,KC,WR,9436,weighted,,,,,,,0.884440866510539,0.667148852374666,0.0396760343481655,0.0358040459206188,0.0,0.0,,,,,4.12939110070258,0.704445372071423,50.9382318501171,8.68278266567308,0.283346053594128,0.19416079711232,,,,,,,,,,,,,,,,,,,,,,,,,,,,,,,,,2009.0,1988-05-11,,,,14
Mike Wallace,BAL,WR,9525,weighted,,,,,,,1.45870413739266,0.143216183682475,0.0,0.0,0.0,0.0,,,,,3.77932084309134,0.55444202969883,55.2513466042155,7.07744981335087,0.171795072413428,0.112163020570417,,,,,,,,,,,,,,,,,,,,,,,,,,,,,,,,,2009.0,1986-08-01,,,,14
Marquess Wilson,CHI,WR,11231,weighted,,,,,,,0.0,0.0,0.0,0.0,0.0,0.0,,,,,3.94694379391101,0.128237577621296,51.8288056206089,6.46762662241416,0.0984873780748769,0.100493128503428,,,,,,,,,,,,,,,,,,,,,,,,,,,,,,,,,2013.0,1992-09-14,Q,Groin,2016.0,14
Marqise Lee,JAC,WR,11672,weighted,,,,,,,3.09355971896956,0.897360464152591,0.0,0.0,0.0606167056986729,0.0360371458047524,,,,,4.10416861826698,0.622783759470281,49.5785128805621,7.33152113729243,0.309836065573771,0.393754689210366,,,,,,,,,,,,,,,,,,,,,,,,,,,,,,,,,2014.0,1991-11-25,,,,14
Willie Snead,NO,WR,11951,weighted,,,,,,,0.0,0.0,0.0,0.0,0.0606167056986729,0.0360371458047524,,,,,4.24210772833724,0.775691383312611,54.755093676815,3.66886434283057,0.443702182510027,0.346517143804871,,,,,,,,,,,,,,,,,,,,,,,,,,,,,,,,,2014.0,1992-10-17,,,,14
Rishard Matthews,TEN,WR,10903,weighted,,,,,,,0.0396760343481655,0.0358040459206188,0.0,0.0,0.0,0.0,,,,,3.36679156908665,0.510726250601876,45.3212529274005,8.71896264868274,0.425819672131148,0.367762508727162,,,,,,,,,,,,,,,,,,,,,,,,,,,,,,,,,2012.0,1989-10-12,,,,14
Cole Beasley,DAL,WR,10973,weighted,,,,,,,0.387631733021077,0.361235929832309,0.0,0.0,0.0403786104605777,0.0363851055060012,,,,,5.04809133489461,0.197077193267984,51.3099531615925,5.29477357495325,0.245567550118326,0.155605774092674,,,,,,,,,,,,,,,,,,,,,,,,,,,,,,,,,2012.0,1989-04-26,,,,14
Malcolm Mitchell,NE,WR,12669,weighted,,,,,,,0.328176229508197,0.385598054085547,0.0,0.0,0.0,0.0,,,,,4.10440281030445,0.600434664990101,51.1427985948478,6.6201999972365,0.63056206088993,0.363710369670056,,,,,,,,,,,,,,,,,,,,,,,,,,,,,,,,,2016.0,1993-07-20,,,,14
Marvin Jones,DET,WR,10738,weighted,,,,,,,0.489417447306792,0.347390456351702,0.0,0.0,0.0,0.0,,,,,3.55908665105386,0.359454286758617,47.5492974238876,8.65870384709519,0.23215182728484,0.156126114689627,,,,,,,,,,,,,,,,,,,,,,,,,,,,,,,,,2012.0,1990-03-12,Q,Quadriceps,2016.0,14
Taylor Gabriel,ATL,WR,11975,weighted,,,,,,,0.788714871194379,0.500261865112245,0.0396760343481655,0.0358040459206188,0.0,0.0,,,,,4.11385245901639,0.744484321814246,50.6757025761124,4.11853783453072,0.487980456920308,0.314232158208254,,,,,,,,,,,,,,,,,,,,,,,,,,,,,,,,,2014.0,1991-02-17,,,,14
Sterling Shepard,NYG,WR,12658,weighted,,,,,,,0.417359484777518,0.355324835807352,0.0,0.0,0.0,0.0,,,,,3.96674473067916,0.771902186791517,43.8465456674473,9.01995948362174,0.667857142857143,0.315158939400145,,,,,,,,,,,,,,,,,,,,,,,,,,,,,,,,,2016.0,,,,,14
Corey Coleman,CLE,WR,12646,weighted,,,,,,,0.400234192037471,0.367272786129079,0.0,0.0,0.0,0.0,,,,,3.62435597189696,0.404465111393012,49.1405737704918,5.28471720039835,0.239422820990126,0.182995590317044,,,,,,,,,,,,,,,,,,,,,,,,,,,,,,,,,2016.0,1994-07-06,,,,14
Michael Floyd,ARI,WR,10721,weighted,,,,,,,0.101268540202966,0.0571308438709081,0.0,0.0,0.0,0.0,,,,,3.07542154566745,0.32104714045864,47.6009953161592,6.52026191159867,0.249704529384876,0.156320908187943,,,,,,,,,,,,,,,,,,,,,,,,,,,,,,,,,2012.0,1989-11-27,,,,14
Anquan Boldin,DET,WR,6982,weighted,,,,,,,0.0396760343481655,0.0358040459206188,0.0,0.0,0.0,0.0,,,,,4.13126463700234,0.399035428140905,43.6936768149883,9.53356078217032,0.648594847775176,0.337905793376489,,,,,,,,,,,,,,,,,,,,,,,,,,,,,,,,,2003.0,1980-10-03,,,,14
Tyler Lockett,SEA,WR,12187,weighted,,,,,,,2.26432962529274,0.277967543681362,0.0369891279599271,0.0364787864506409,0.0,0.0,,,,,3.05262295081967,0.633950664297254,42.044906323185,8.4992453826906,0.123703409223193,0.0852728047726439,,,,,,,,,,,,,,,,,,,,,,,,,,,,,,,,,2015.0,1992-09-28,,,,14
Will Fuller,HOU,WR,12647,weighted,,,,,,,0.123712835387962,0.0491418423196212,0.0,0.0,0.0,0.0,,,,,3.44757070340827,0.496338660661215,45.6794778825236,7.08236169167343,0.136218640008289,0.127693523931259,,,,,,,,,,,,,,,,,,,,,,,,,,,,,,,,,2016.0,1994-04-16,,,,14
Brandon LaFell,CIN,WR,9843,weighted,,,,,,,0.519730679156909,0.313176904542079,0.0,0.0,0.0,0.0,,,,,3.49207259953162,0.367242029194334,47.9776932084309,5.34288331039984,0.256763157996857,0.183518729853387,,,,,,,,,,,,,,,,,,,,,,,,,,,,,,,,,2010.0,1986-11-04,,,,14
DeVante Parker,MIA,WR,12176,weighted,,,,,,,0.0,0.0,0.0,0.0,0.0,0.0,,,,,3.43092505854801,0.647729269262769,46.7686768149883,7.35863985545508,0.19821668974844,0.144384489208535,,,,,,,,,,,,,,,,,,,,,,,,,,,,,,,,,2015.0,1993-01-20,Q,Back,2016.0,14
Adam Thielen,MIN,WR,11938,weighted,,,,,,,0.537704918032787,0.41931818107598,0.0,0.0,0.0797619047619048,0.0182086042621385,,,,,3.37730679156909,0.538263018498393,41.5142857142857,7.56964797333936,0.290573770491803,0.396815343108651,,,,,,,,,,,,,,,,,,,,,,,,,,,,,,,,,2014.0,1990-08-22,,,,14
Travis Benjamin,SD,WR,10737,weighted,,,,,,,0.140944574551132,0.0783087146685554,0.0,0.0,0.179761904761905,0.0182086042621385,,,,,3.2328337236534,0.805224323999103,43.1133489461358,8.21753094032256,0.328981264637002,0.383311387321646,,,,,,,,,,,,,,,,,,,,,,,,,,,,,,,,,2012.0,1989-12-29,,,,14
Randall Cobb,GB,WR,10308,weighted,,,,,,,3.30592798594848,0.61689595923872,0.0,0.0,0.0,0.0,,,,,4.72968384074941,0.310805687106844,48.377224824356,1.59859869411375,0.224266931559821,0.135477754782528,,,,,,,,,,,,,,,,,,,,,,,,,,,,,,,,,2011.0,1990-08-22,,,,14
Marquise Goodwin,BUF,WR,11239,weighted,,,,,,,0.198380171740827,0.179020229603094,0.0,0.0,0.0,0.0,,,,,2.17204918032787,0.514307677640144,32.9195550351288,10.8119204889459,0.102856696249024,0.0737683624879449,,,,,,,,,,,,,,,,,,,,,,,,,,,,,,,,,2013.0,1990-11-19,,,,14
Chris Hogan,NE,WR,10983,weighted,,,,,,,0.387631733021077,0.361235929832309,0.0,0.0,0.0797619047619048,0.0182086042621385,,,,,3.14927400468384,0.445807855532885,39.4152224824356,7.45004491660479,0.388407494145199,0.368517683370455,,,,,,,,,,,,,,,,,,,,,,,,,,,,,,,,,2011.0,1988-10-24,,,,14
John Brown,ARI,WR,11783,weighted,,,,,,,0.447521467603435,0.282981273005311,0.0,0.0,0.0,0.0,,,,,2.05967213114754,1.06860593455136,28.4557962529274,12.5644228833201,0.115785444539046,0.0860636779324177,,,,,,,,,,,,,,,,,,,,,,,,,,,,,,,,,2014.0,1990-04-03,Q,Illness,2016.0,14
Robert Woods,BUF,WR,11228,weighted,,,,,,,0.099849510910459,0.08113129651053,0.0,0.0,0.0,0.0,,,,,3.36405191873589,0.454536796336672,38.4765989465764,5.8432805742847,0.166948692335349,0.0469967783482529,,,,,,,,,,,,,,,,,,,,,,,,,,,,,,,,,2013.0,1992-04-10,Q,Knee,2016.0,14
Jeremy Kerley,SF,WR,10392,weighted,,,,,,,0.0,0.0,0.0,0.0,0.1,0.0,,,,,2.93685011709602,0.255643418107604,36.4,7.97148374346271,0.134321634209179,0.0901819507034826,,,,,,,,,,,,,,,,,,,,,,,,,,,,,,,,,2011.0,1988-11-30,,,,14
Jermaine Kearse,SEA,WR,11076,weighted,,,,,,,0.0396760343481655,0.0358040459206188,0.0,0.0,0.0,0.0,,,,,2.68003512880562,0.425781588830837,38.3891100702576,5.95955325356118,0.127863276270017,0.110937240131612,,,,,,,,,,,,,,,,,,,,,,,,,,,,,,,,,2012.0,1990-02-06,,,,14
Josh Bellamy,CHI,WR,11104,weighted,,,,,,,0.3,0.0,0.0,0.0,0.0,0.0,,,,,2.34428934010152,0.577983277225694,33.5963741841914,11.4377906241441,0.263524292965917,0.478661241960991,,,,,,,,,,,,,,,,,,,,,,,,,,,,,,,,,2012.0,1989-05-18,Q,Shoulder,2016.0,14
Quinton Patton,SF,WR,11218,weighted,,,,,,,0.328176229508197,0.385598054085547,0.0,0.0,0.0,0.0,,,,,2.63365339578454,0.389370419149666,30.7238290398126,10.4686345174762,0.066964741695954,0.0836431727657835,,,,,,,,,,,,,,,,,,,,,,,,,,,,,,,,,2013.0,1990-08-09,,,,14
Tavon Austin,LA,WR,11213,weighted,,,,,,,9.05302985948478,1.13059271057063,0.0,0.0,0.0,0.0,,,,,3.4551756440281,0.399332843860616,36.2245901639344,6.15123593666827,0.309718969555035,0.387646742800669,,,,,,,,,,,,,,,,,,,,,,,,,,,,,,,,,2013.0,1991-03-15,,,,14
Tajae Sharpe,TEN,WR,12657,weighted,,,,,,,0.309031030444965,0.401936193238326,0.0,0.0,0.0,0.0,,,,,2.38706088992974,0.279144745878798,33.4510538641686,8.77722744951205,0.327985948477752,0.390079965047748,,,,,,,,,,,,,,,,,,,,,,,,,,,,,,,,,2016.0,1994-12-23,,,,14
J.J. Nelson,ARI,WR,12319,weighted,,,,,,,1.94336455893833,0.243891636821393,0.0,0.0,0.0606167056986729,0.0360371458047524,,,,,2.25392271662763,0.260944380524621,33.6308548009368,8.57146082524233,0.329859484777518,0.383083676903352,,,,,,,,,,,,,,,,,,,,,,,,,,,,,,,,,2015.0,1992-04-24,,,,14
Kenny Stills,MIA,WR,11227,weighted,,,,,,,0.079352068696331,0.0716080918412377,0.0,0.0,0.0,0.0,,,,,2.77515222482436,0.152425223558519,41.6675644028103,1.83655645364453,0.194331501681466,0.126415160213401,,,,,,,,,,,,,,,,,,,,,,,,,,,,,,,,,2013.0,1992-04-22,,,,14
Sammie Coates,PIT,WR,12178,weighted,,,,,,,0.49664324746292,0.425460734959285,0.0,0.0,0.0,0.0,,,,,1.35193208430913,0.378802155856814,28.4690866510539,12.5630783610463,0.114354662801156,0.0823743244076204,,,,,,,,,,,,,,,,,,,,,,,,,,,,,,,,,2015.0,1993-03-31,,,,14
Seth Roberts,OAK,WR,12471,weighted,,,,,,,0.298448477751756,0.403292280569584,0.0,0.0,0.0,0.0,,,,,2.55195550351288,0.577010725637182,33.143793911007,6.86627993934851,0.406674473067916,0.365557664178665,,,,,,,,,,,,,,,,,,,,,,,,,,,,,,,,,,,,,,14
Robby Anderson,NYJ,WR,12930,weighted,,,,,,,0.14133433659393,0.122055953050082,0.0,0.0,0.0834963631803361,0.0192454448705686,,,,,2.7196388261851,0.332433632624926,34.8364936042137,5.40374544148478,0.132137142161818,0.124057713085896,,,,,,,,,,,,,,,,,,,,,,,,,,,,,,,,,2016.0,1993-05-09,,,,14
Bryce Treggs,PHI,WR,12947,weighted,,,,,,,0.564974340175953,0.429450090881967,0.0,0.0,0.0,0.0,,,,,1.4637646627566,0.604035320220178,22.3364369501466,13.4568752716663,0.0120001167184605,0.0245938945446275,,,,,,,,,,,,,,,,,,,,,,,,,,,,,,,,,2016.0,1994-04-30,,,,14
Victor Cruz,NYG,WR,10080,weighted,,,,,,,0.0,0.0,0.0,0.0,0.0606167056986729,0.0360371458047524,,,,,2.641018735363,0.335639514441001,35.8469555035129,2.59457265573919,0.0755263160823751,0.0828797656049413,,,,,,,,,,,,,,,,,,,,,,,,,,,,,,,,,2010.0,1986-11-11,,,,14
Freddie Martino,TB,WR,12062,weighted,,,,,,,0.298448477751756,0.403292280569584,0.0,0.0,0.0,0.0,,,,,2.15956674473068,0.816786326181047,30.5271077283372,10.6291916690804,0.162932092956002,0.120524590029522,,,,,,,,,,,,,,,,,,,,,,,,,,,,,,,,,2014.0,1991-09-07,,,,14
Kendall Wright,TEN,WR,10720,weighted,,,,,,,0.259972677595628,0.173552227468817,0.0,0.0,0.0,0.0,,,,,2.31411007025761,0.264299887457462,30.7757611241218,4.58675427901405,0.158327401072923,0.0947580188117964,,,,,,,,,,,,,,,,,,,,,,,,,,,,,,,,,2012.0,1989-11-12,,,,14
Devin Funchess,CAR,WR,12205,weighted,,,,,,,0.34334085778781,0.449782707343803,0.0,0.0,0.0,0.0,,,,,2.03463130173062,0.206873929693096,32.8349134687735,4.6151181733288,0.310068040806704,0.0839535173670813,,,,,,,,,,,,,,,,,,,,,,,,,,,,,,,,,2015.0,1994-05-21,,,,14
Nelson Agholor,PHI,WR,12181,weighted,,,,,,,0.896194379391101,0.701465705371033,0.0,0.0,0.0,0.0,,,,,2.31903981264637,0.828451571714466,26.6939695550351,6.71838532289555,0.0952941731911626,0.0719627439035073,,,,,,,,,,,,,,,,,,,,,,,,,,,,,,,,,2015.0,1993-05-24,,,,14
Russell Shepard,TB,WR,11237,weighted,,,,,,,0.0583646852269877,0.0417115816326723,0.0,0.0,0.0,0.0,,,,,2.42357035364936,0.4538011811098,33.7423626787058,6.13506322179121,0.238637001373923,0.0484613858076767,,,,,,,,,,,,,,,,,,,,,,,,,,,,,,,,,2013.0,1990-11-17,,,,14
Aldrick Robinson,ATL,WR,10412,weighted,,,,,,,0.0,0.0,0.0,0.0,0.0,0.0,,,,,2.27428571428571,0.404274409149526,31.4763466042155,6.41842391018149,0.155897105718488,0.116085278878873,,,,,,,,,,,,,,,,,,,,,,,,,,,,,,,,,2011.0,1988-09-24,,,,14
Terrance Williams,DAL,WR,11211,weighted,,,,,,,0.0,0.0,0.0,0.0,0.0403786104605777,0.0363851055060012,,,,,2.24201405152225,0.155450474209589,33.715281030445,2.86754427082414,0.141661844710373,0.0900657091211935,,,,,,,,,,,,,,,,,,,,,,,,,,,,,,,,,2013.0,1989-09-18,,,,14
Rod Streater,SF,WR,10955,weighted,,,,,,,0.0,0.0,0.0,0.0,0.0,0.0,,,,,0.9503981264637,0.66894693847958,15.7468384074941,13.2236708488873,0.0462994647520352,0.0669008704523355,,,,,,,,,,,,,,,,,,,,,,,,,,,,,,,,,2012.0,1988-02-09,,,,14
Kamar Aiken,BAL,WR,10651,weighted,,,,,,,0.298448477751756,0.403292280569584,0.0,0.0,0.0,0.0,,,,,2.22350117096019,0.270548921072413,29.5617096018735,4.33612612789989,0.0800473432436289,0.0480673187966882,,,,,,,,,,,,,,,,,,,,,,,,,,,,,,,,,2011.0,1989-05-30,,,,14
Brian Quick,LA,WR,10735,weighted,,,,,,,0.0396760343481655,0.0358040459206188,0.0,0.0,0.0,0.0,,,,,2.51559718969555,0.3636642802819,34.3642857142857,1.38521474356561,0.290573770491803,0.396815343108651,,,,,,,,,,,,,,,,,,,,,,,,,,,,,,,,,2012.0,1989-06-05,,,,14
Phillip Dorsett,IND,WR,12188,weighted,,,,,,,0.860206869633099,0.0358460220530534,0.0,0.0,0.0,0.0,,,,,2.04622950819672,0.0857381457875412,32.5545081967213,2.97051684219128,0.10498641638948,0.0745751227119459,,,,,,,,,,,,,,,,,,,,,,,,,,,,,,,,,2015.0,1993-01-05,,,,14
Eli Rogers,PIT,WR,12731,weighted,,,,,,,0.0412756598240469,0.0411853287484332,0.0,0.0,0.0,0.0,,,,,2.77173753665689,0.262703687257513,32.9391495601173,2.40433800141557,0.31341642228739,0.454946785303997,,,,,,,,,,,,,,,,,,,,,,,,,,,,,,,,,,,,,,14
Cody Core,CIN,WR,12824,weighted,,,,,,,0.0396760343481655,0.0358040459206188,0.0,0.0,0.0,0.0,,,,,1.39912177985948,0.781341803218653,19.2242388758782,11.4578298969864,0.0670568454063366,0.0850270984248165,,,,,,,,,,,,,,,,,,,,,,,,,,,,,,,,,2016.0,1994-04-17,,,,14
Deonte Thompson,CHI,WR,10956,weighted,,,,,,,0.442781104457751,0.505676290595825,0.0,0.0,0.0,0.0,,,,,1.67408516300732,1.00361876636965,13.9637724550898,17.4451601760867,0.0762385932793635,0.0416270878480081,,,,,,,,,,,,,,,,,,,,,,,,,,,,,,,,,2012.0,1989-02-14,,,,14
Cordarrelle Patterson,MIN,WR,11225,weighted,,,,,,,2.05696721311475,0.389689974647276,0.0,0.0,0.0,0.0,,,,,2.17112412177986,0.741037206932966,23.3048009367681,6.23425396720514,0.10601599835852,0.102301500400249,,,,,,,,,,,,,,,,,,,,,,,,,,,,,,,,,2013.0,1991-03-17,,,,14
Torrey Smith,SF,WR,10289,weighted,,,,,,,0.298448477751756,0.403292280569584,0.0,0.0,0.0,0.0,,,,,1.71348946135831,0.448268916808268,27.5049765807963,4.51095167375756,0.216890554392168,0.134609953863093,,,,,,,,,,,,,,,,,,,,,,,,,,,,,,,,,2011.0,1989-01-26,,,,14
Laquon Treadwell,MIN,WR,12645,weighted,,,,,,,0.0,0.0,0.0,0.0,0.0,0.0,,,,,0.979789227166276,0.791493544346781,11.2648711943794,12.1723211878563,0.0215262918470844,0.0441861835960546,,,,,,,,,,,,,,,,,,,,,,,,,,,,,,,,,2016.0,1995-06-14,,,,14
Bryan Walters,JAC,WR,10516,weighted,,,,,,,0.0,0.0,0.0,0.0,0.101279157261099,0.0820405132629001,,,,,2.31107975921746,0.721788656312509,23.0204665161776,7.31037605560989,0.126461433213665,0.0488172987538534,,,,,,,,,,,,,,,,,,,,,,,,,,,,,,,,,2010.0,1987-11-04,,,,14
Chris Conley,KC,WR,12257,weighted,,,,,,,0.387631733021077,0.361235929832309,0.0,0.0,0.0,0.0,,,,,1.85305620608899,0.534626182991446,22.22037470726,7.78624621876975,0.0764914612216844,0.083083927147213,,,,,,,,,,,,,,,,,,,,,,,,,,,,,,,,,2015.0,1992-10-25,,,,14
Daniel Brown,CHI,WR,12585,weighted,,,,,,,0.5,0.707106781186548,0.0,0.0,0.0,0.0,,,,,2.425,0.247487373415292,27.0,1.4142135623731,0.55,0.636396103067893,,,,,,,,,,,,,,,,,,,,,,,,,,,,,,,,,,,,,,14
Justin Hardy,ATL,WR,12185,weighted,,,,,,,0.298448477751756,0.403292280569584,0.0,0.0,0.0,0.0,,,,,2.08259953161593,0.556784128551723,20.8135831381733,7.17649474684039,0.090329831196279,0.10184543918789,,,,,,,,,,,,,,,,,,,,,,,,,,,,,,,,,2015.0,1991-12-18,,,,14
Paul Turner,PHI,WR,12927,weighted,,,,,,,0.374416854778029,0.432857296552845,0.0,0.0,0.0,0.0,,,,,1.04303987960873,0.681934621789247,14.7431903686983,10.5672061618243,0.0290005242670448,0.0477151317199484,,,,,,,,,,,,,,,,,,,,,,,,,,,,,,,,,2016.0,1993-05-10,,,,14
Andrew Hawkins,CLE,WR,10601,weighted,,,,,,,0.0675194381740657,0.0769791640819781,0.0,0.0,0.0,0.0,,,,,1.9642776523702,0.715913722230673,21.3634311512415,6.74328972344009,0.130554385756117,0.0944154181105486,,,,,,,,,,,,,,,,,,,,,,,,,,,,,,,,,2011.0,1986-03-10,,,,14
Brandon Coleman,NO,WR,11754,weighted,,,,,,,0.0,0.0,0.0,0.0,0.0,0.0,,,,,1.56908665105386,0.505848186966556,19.8440866510539,5.64016972124733,0.111107114797032,0.0881442702836074,,,,,,,,,,,,,,,,,,,,,,,,,,,,,,,,,2014.0,1992-06-22,,,,14
Tanner McEvoy,SEA,WR,12949,weighted,,,,,,,0.487833333333333,0.459195932735656,0.0,0.0,0.0,0.0,,,,,1.0807,0.805421802168508,12.8609,12.3721973490248,0.125349105793214,0.0676077476474817,,,,,,,,,,,,,,,,,,,,,,,,,,,,,,,,,2016.0,1993-01-26,,,,14
Neal Sterling,JAC,WR,12363,weighted,,,,,,,0.0,0.0,0.0,0.0,0.0,0.0,,,,,2.39777117384844,0.14142135623731,22.9264487369985,4.66690475583121,0.14888558692422,0.0707106781186547,,,,,,,,,,,,,,,,,,,,,,,,,,,,,,,,,,,,,,14
Justin Hunter,BUF,WR,11212,weighted,,,,,,,0.374416854778029,0.432857296552845,0.0,0.0,0.0,0.0,,,,,1.14578630549285,0.502486302223416,18.0522949586155,8.44647174390473,0.232654946082432,0.154581483852537,,,,,,,,,,,,,,,,,,,,,,,,,,,,,,,,,2013.0,1991-05-20,,,,14
Breshad Perriman,BAL,WR,12197,weighted,,,,,,,0.0807377049180328,0.0441090146047278,0.0,0.0,0.0,0.0,,,,,1.78594847775176,0.151516472022464,24.5923302107728,0.951115793920869,0.119365262374783,0.0851768289032546,,,,,,,,,,,,,,,,,,,,,,,,,,,,,,,,,2015.0,1993-09-10,,,,14
Charles Johnson,MIN,WR,11409,weighted,,,,,,,-0.0396760343481655,0.0358040459206188,0.0,0.0,0.0,0.0,,,,,0.860702576112412,0.767351542544727,9.35784543325527,9.16474294728057,0.0,0.0,,,,,,,,,,,,,,,,,,,,,,,,,,,,,,,,,2013.0,1989-02-27,,,,14
Albert Wilson,KC,WR,11890,weighted,,,,,,,1.48218676814988,1.01145699714315,0.0,0.0,0.0,0.0,,,,,1.69131147540984,0.813467589859288,17.9543325526932,7.77819840414265,0.271311475409836,0.404689125275835,,,,,,,,,,,,,,,,,,,,,,,,,,,,,,,,,2014.0,1992-07-12,,,,14
Alex Erickson,CIN,WR,12913,weighted,,,,,,,0.165939302733885,0.166683824537448,0.0,0.0,0.0,0.0,,,,,1.50814522197141,0.241682632548926,16.4310759969902,8.32561248136358,0.082211977058061,0.0358120939566106,,,,,,,,,,,,,,,,,,,,,,,,,,,,,,,,,2016.0,1992-11-06,,,,14
Ryan Grant,WAS,WR,11812,weighted,,,,,,,0.312264860797592,0.470809548311485,0.0,0.0,0.0,0.0,,,,,1.11424003009782,0.506488800850784,12.4033860045147,7.63240622579684,0.0622706872755541,0.0480699484570395,,,,,,,,,,,,,,,,,,,,,,,,,,,,,,,,,2014.0,1990-12-19,,,,14
Ty Montgomery,GB,WR,12261,weighted,,,,,,,25.1518296252927,8.06240220001848,0.121707433841632,0.0463365006602189,0.1,0.0,,,,,2.43943793911007,0.420485204178613,20.2468384074941,2.7378571993664,0.0501070443072655,0.0505264208874725,,,,,,,,,,,,,,,,,,,,,,,,,,,,,,,,,2015.0,1993-01-22,,,,14
Keith Mumphery,HOU,WR,12331,weighted,,,,,,,0.312264860797592,0.470809548311485,0.0,0.0,0.0,0.0,,,,,1.13384123401053,0.64099664651089,14.5385252069225,9.76612542186288,0.0307534730163781,0.0472628398980592,,,,,,,,,,,,,,,,,,,,,,,,,,,,,,,,,2015.0,1992-06-05,,,,14
Cobi Hamilton,PIT,WR,11215,weighted,,,,,,,0.0,0.0,0.0,0.0,0.0,0.0,,,,,1.47511643379907,0.203884488175871,17.5253493013972,4.78713451177476,0.129689835281177,0.060406204343122,,,,,,,,,,,,,,,,,,,,,,,,,,,,,,,,,2013.0,1990-11-13,,,,14
Brice Butler,DAL,WR,11406,weighted,,,,,,,0.357903981264637,0.371440579087458,0.0,0.0,0.0,0.0,,,,,1.00450819672131,0.322362550512017,13.2802107728337,5.68685245144318,0.0718701959098374,0.044891558858071,,,,,,,,,,,,,,,,,,,,,,,,,,,,,,,,,2013.0,1990-01-29,,,,14
Paul Richardson,SEA,WR,11681,weighted,,,,,,,0.0,0.0,0.0,0.0,0.0,0.0,,,,,1.16798344620015,0.332392533697914,17.5049661399549,4.12283865628089,0.0724192493408765,0.0481084136352219,,,,,,,,,,,,,,,,,,,,,,,,,,,,,,,,,2014.0,1992-04-13,,,,14
Harry Douglas,TEN,WR,9144,weighted,,,,,,,0.0414848256834713,0.0416709561343621,0.0,0.0,0.0,0.0,,,,,1.06457863054929,0.616922664397916,14.9237020316027,7.99544931929939,0.0408998770339888,0.0493514013095223,,,,,,,,,,,,,,,,,,,,,,,,,,,,,,,,,2008.0,1984-09-16,,,,14
Jordan Norwood,DEN,WR,9783,weighted,,,,,,,0.0,0.0,0.0,0.0,0.0423877602207173,0.0423005207627069,,,,,1.6987208427389,0.115468746122967,19.3544018058691,1.50324264041478,0.105781701714784,0.0116401269390512,,,,,,,,,,,,,,,,,,,,,,,,,,,,,,,,,2009.0,1986-09-28,,,,14
Philly Brown,CAR,WR,11972,weighted,,,,,,,0.506961566352429,0.361918809534668,0.0,0.0,0.0828861493836113,0.0192498044492018,,,,,1.49066352429297,0.389692769350663,20.4865844815083,0.577494133476055,0.098598017887358,0.0836880752751121,,,,,,,,,,,,,,,,,,,,,,,,,,,,,,,,,2014.0,1991-12-16,,,,14
Andre Roberts,DET,WR,9921,weighted,,,,,,,0.0,0.0,0.0,0.0,0.0834963631803361,0.0192454448705686,,,,,1.27975921745673,0.332868136853637,15.6785553047404,4.60196954149083,0.098215423277254,0.0035928348797594,,,,,,,,,,,,,,,,,,,,,,,,,,,,,,,,,2010.0,1988-01-09,,,,14
Jordan Taylor,DEN,WR,12398,weighted,,,,,,,0.0,0.0,0.0,0.0,0.0834963631803361,0.0192454448705686,,,,,1.07447328818661,0.419507230311712,11.7243792325056,7.07506663337329,0.116940579155681,0.0591597575509861,,,,,,,,,,,,,,,,,,,,,,,,,,,,,,,,,2015.0,1992-02-18,,,,14
Andre Holmes,OAK,WR,10674,weighted,,,,,,,0.0,0.0,0.0,0.0,0.0,0.0,,,,,1.08231753197893,0.468506858515108,11.5672686230248,5.38480250443496,0.150252142148186,0.0580139502229723,,,,,,,,,,,,,,,,,,,,,,,,,,,,,,,,,2011.0,1988-06-16,,,,14
Josh Huff,TB,WR,11684,weighted,,,,,,,0.402994011976048,0.345130474238059,0.0,0.0,0.1,0.0,,,,,1.11543579507651,0.30146950627592,14.5942115768463,4.32944459049236,0.104480712831137,0.007849662641457,,,,,,,,,,,,,,,,,,,,,,,,,,,,,,,,,2014.0,1991-10-14,,,,14
Bennie Fowler,DEN,WR,11931,weighted,,,,,,,0.0673,0.0574623372073492,0.0,0.0,0.0,0.0,,,,,1.15803333333333,0.150639998010481,11.8139,7.68905765886753,0.0734114285714286,0.0465114836282702,,,,,,,,,,,,,,,,,,,,,,,,,,,,,,,,,2014.0,1991-06-10,Q,Knee,2016.0,14
Jeremy Butler,SD,WR,11932,weighted,,,,,,,0.312264860797592,0.470809548311485,0.0,0.0,0.0,0.0,,,,,0.624454477050414,0.125012868403086,9.03769751693002,5.36291296955989,0.0,0.0,,,,,,,,,,,,,,,,,,,,,,,,,,,,,,,,,2014.0,1991-04-22,,,,14
Roger Lewis,NYG,WR,12649,weighted,,,,,,,0.34334085778781,0.449782707343803,0.0,0.0,0.0,0.0,,,,,0.894112114371708,0.162755537525566,12.2332580887886,3.90154079117526,0.108391371221175,0.0168940964141093,,,,,,,,,,,,,,,,,,,,,,,,,,,,,,,,,2016.0,1993-11-27,,,,14
Devin Smith,NYJ,WR,12182,weighted,,,,,,,0.0,0.0,0.0,0.0,0.1,0.0,,,,,0.982601463739188,0.304021805413232,12.2987025948104,3.92440426934117,0.0992243887264088,0.0013587763974279,,,,,,,,,,,,,,,,,,,,,,,,,,,,,,,,,,,,,,14
Charone Peake,NYJ,WR,12673,weighted,,,,,,,0.0414848256834713,0.0416709561343621,0.0,0.0,0.0,0.0,,,,,1.34542889390519,0.13357901692922,13.1054928517682,3.34555812487198,0.0637033150380878,0.0475460874973554,,,,,,,,,,,,,,,,,,,,,,,,,,,,,,,,,2016.0,1992-10-16,,,,14
T.J. Jones,DET,WR,11686,weighted,,,,,,,1.0,0.0,,,0.0,0.0,,,,,0.4,7.852412943948911e-17,11.1441307578009,6.7175144212722,0.0,0.0,,,,,,,,,,,,,,,,,,,,,,,,,,,,,,,,,2014.0,1992-07-19,,,,14
Chris Harper,SF,WR,12201,weighted,,,,,,,0.334689725330621,0.516921133398272,0.0,0.0,0.1,1.52023674474124e-17,,,,,0.533875890132248,0.206768453359309,5.93753814852492,1.60245551353464,0.0084731576033068,0.0130866109721082,,,,,,,,,,,,,,,,,,,,,,,,,,,,,,,,,,,,,,14
Brandon Tate,BUF,WR,9524,weighted,,,,,,,1.2397870924817,0.480940118718613,0.0,0.0,0.0671656686626746,0.0290796214804697,,,,,0.665202927478377,0.652340331261065,8.31077844311377,7.85029169177921,0.0452761144377911,0.0512116918940313,,,,,,,,,,,,,,,,,,,,,,,,,,,,,,,,,2009.0,1987-10-05,,,,14
Ricardo Louis,CLE,WR,12777,weighted,,,,,,,0.312264860797592,0.470809548311485,0.0,0.0,0.0,0.0,,,,,0.694243792325056,0.538592604457595,7.42580887885628,6.00876696181681,0.0320729872084274,0.0478149092590041,,,,,,,,,,,,,,,,,,,,,,,,,,,,,,,,,2016.0,,,,,14
Arrelious Benn,JAC,WR,9859,weighted,,,,,,,0.0,0.0,0.0,0.0,0.0,0.0,,,,,0.7696,0.41334974564546,9.687,4.3126191066499,0.0673,0.0574623372073492,,,,,,,,,,,,,,,,,,,,,,,,,,,,,,,,,2010.0,1988-09-08,,,,14
Griff Whalen,NE,WR,10987,weighted,,,,,,,,,,,0.0,0.0,,,,,0.0,0.0,6.35512630014859,9.19238815542512,0.0,0.0,,,,,,,,,,,,,,,,,,,,,,,,,,,,,,,,,2012.0,1990-03-01,,,,14
George Farmer,SEA,WR,12396,weighted,,,,,,,4.4,0.0,0.0,0.0,,,,,,,1.5,0.0,12.4,0.0,0.0,0.0,,,,,,,,,,,,,,,,,,,,,,,,,,,,,,,,,2015.0,1993-07-04,,,,14
Pharoh Cooper,LA,WR,12660,weighted,,,,,,,0.331677953348382,0.468910284446065,0.0,0.0,0.0,0.0,,,,,0.68624905944319,0.31307611519737,7.63318284424379,4.19834111987808,0.0309569625874255,0.0480870727416349,,,,,,,,,,,,,,,,,,,,,,,,,,,,,,,,,2016.0,1995-03-07,,,,14
Daniel Braverman,CHI,WR,12672,weighted,,,,,,,0.0,0.0,0.0,0.0,0.0,0.0,,,,,0.0,0.0,5.37741456166419,7.77817459305202,0.0,0.0,,,,,,,,,,,,,,,,,,,,,,,,,,,,,,,,,2016.0,1993-09-28,,,,14
Chester Rogers,IND,WR,12934,weighted,,,,,,,0.34334085778781,0.449782707343803,0.0,0.0,0.0,0.0,,,,,0.393209179834462,0.324748993027256,6.65643340857788,5.04349597282153,0.0,0.0,,,,,,,,,,,,,,,,,,,,,,,,,,,,,,,,,2016.0,1994-01-12,,,,14
Maurice Harris,WAS,WR,12917,weighted,,,,,,,0.744427934621099,0.353553390593274,0.0,0.0,0.0,0.0,,,,,0.42444279346211,0.0353553390593274,7.16641901931649,5.30330085889911,0.0,0.0,,,,,,,,,,,,,,,,,,,,,,,,,,,,,,,,,2016.0,1992-11-11,,,,14
Brenton Bersin,CAR,WR,11948,weighted,,,,,,,0.546866666666667,0.501940096153355,0.0,0.0,0.0,0.0,,,,,0.3002,0.0992093201503972,2.9155,0.955652218242085,0.0,0.0,,,,,,,,,,,,,,,,,,,,,,,,,,,,,,,,,2013.0,1990-05-09,,,,14
Dorial Green-Beckham,PHI,WR,12180,weighted,,,,,,,,,,,,,,,,,1.0,0.0,10.0,0.0,0.0,0.0,,,,,,,,,,,,,,,,,,,,,,,,,,,,,,,,,2015.0,1993-04-12,Q,Abdomen,2016.0,14
Leonte Carroo,MIA,WR,12655,weighted,,,,,,,0.0,0.0,0.0,0.0,0.0,0.0,,,,,0.49,0.314117704086222,4.91961358313817,3.09871643067761,0.0248525457541851,0.0428251392896294,,,,,,,,,,,,,,,,,,,,,,,,,,,,,,,,,2016.0,1994-01-24,,,,14
Rashad Ross,WAS,WR,12038,weighted,,,,,,,0.0,0.0,0.0,0.0,0.0,0.0,,,,,0.403966666666667,0.455421179190576,4.2243,5.07493939003624,0.0,0.0,,,,,,,,,,,,,,,,,,,,,,,,,,,,,,,,,2013.0,1990-02-02,,,,14
Rashard Higgins,CLE,WR,12656,weighted,,,,,,,0.312264860797592,0.470809548311485,0.0,0.0,0.0,0.0,,,,,0.430116629044394,0.261518816954735,5.58374717832957,3.01861948006152,0.0,0.0,,,,,,,,,,,,,,,,,,,,,,,,,,,,,,,,,2016.0,1994-10-07,,,,14
Johnny Holton,OAK,WR,12916,weighted,,,,,,,2.51978931527464,0.505862792916292,0.0,0.0,0.0,0.0,,,,,0.318322046651618,0.359868655030284,3.69480812641083,4.26207036352801,0.0382618510158014,0.0482158380940569,,,,,,,,,,,,,,,,,,,,,,,,,,,,,,,,,2016.0,1991-08-22,,,,14
Nick Williams,ATL,WR,11600,weighted,,,,,,,,,,,0.0,0.0,,,,,0.0,0.0,4.39970282317979,6.36396103067893,0.0,0.0,,,,,,,,,,,,,,,,,,,,,,,,,,,,,,,,,2013.0,1990-11-23,,,,14
Jarius Wright,MIN,WR,10734,weighted,,,,,,,0.0,0.0,0.0,0.0,0.0,0.0,,,,,0.797466467958271,0.14142135623731,7.77213114754098,1.5556349186104,0.0,0.0,,,,,,,,,,,,,,,,,,,,,,,,,,,,,,,,,2012.0,1989-11-25,,,,14
Darren Waller,BAL,WR,12263,weighted,,,,,,,0.0,,0.0,,0.0,,,,,,1.0,,8.4,,0.0,,,,,,,,,,,,,,,,,,,,,,,,,,,,,,,,,,2015.0,1992-09-13,,,,14
Tavarres King,NYG,WR,11219,weighted,,,,,,,0.2,,0.0,,0.0,,,,,,0.1,,8.0,,0.0,,,,,,,,,,,,,,,,,,,,,,,,,,,,,,,,,,2013.0,1990-07-14,,,,14
Jeff Janis,GB,WR,11870,weighted,,,,,,,0.462452972159518,0.409052218653969,0.0,0.0,0.0,0.0,,,,,0.594789315274643,0.141801680551564,6.58781038374718,1.5958437335222,0.0582741318303474,0.0503073810456319,,,,,,,,,,,,,,,,,,,,,,,,,,,,,,,,,2014.0,1991-06-09,,,,14
Bradley Marquez,LA,WR,12475,weighted,,,,,,,0.367208121827411,0.551120194669487,0.0,0.0,0.0,0.0,,,,,0.51072758037225,0.164265511087082,6.49695431472081,1.80270509970447,0.0,0.0,,,,,,,,,,,,,,,,,,,,,,,,,,,,,,,,,,,,,,14
Cody Latimer,DEN,WR,11758,weighted,,,,,,,0.0,0.0,0.0,0.0,0.0,0.0,,,,,0.488544018058691,0.374950494809316,4.7535741158766,2.81810077569888,0.0285219685496852,0.047738353142754,,,,,,,,,,,,,,,,,,,,,,,,,,,,,,,,,2014.0,1992-10-10,,,,14
Chris Moore,BAL,WR,12773,weighted,,,,,,,1.25297215951843,0.324596665458622,0.0,0.0,0.0,0.0,,,,,0.303386004514673,0.246497005150647,3.46899924755455,3.02963749296586,0.0,0.0,,,,,,,,,,,,,,,,,,,,,,,,,,,,,,,,,2016.0,1993-06-16,,,,14
DeAnthony Thomas,KC,WR,11659,weighted,,,,,,,1.68908954100828,1.30729540186773,0.0,0.0,0.0,0.0,,,,,0.324153498871332,0.285360763347521,3.3823927765237,3.04025113936049,0.0,0.0,,,,,,,,,,,,,,,,,,,,,,,,,,,,,,,,,2014.0,1993-01-05,,,,14
Tommylee Lewis,NO,WR,12921,weighted,,,,,,,0.33187860546777,0.333367649074897,0.0,0.0,0.0,0.0,,,,,0.207167042889391,0.141687773044247,3.10376222723853,2.92155110045839,0.0,0.0,,,,,,,,,,,,,,,,,,,,,,,,,,,,,,,,,2016.0,1992-10-24,,,,14
Percy Harvin,BUF,WR,9441,weighted,,,,,,,0.848274111675127,0.849567540038148,0.0,0.0,0.0,0.0,,,,,0.399187817258883,0.399796489429717,3.04380710659898,3.04844823190159,0.0,0.0,,,,,,,,,,,,,,,,,,,,,,,,,,,,,,,,,2009.0,1988-05-28,IR,Migraine,2016.0,14
Marc Mariani,TEN,WR,10009,weighted,,,,,,,0.0,0.0,0.0,0.0,0.0,0.0,,,,,0.17765237020316,0.172124156863235,2.06230248306998,2.32754147552062,0.0,0.0,,,,,,,,,,,,,,,,,,,,,,,,,,,,,,,,,2010.0,1987-05-02,,,,14
Aaron Burbridge,SF,WR,12662,weighted,,,,,,,0.312264860797592,0.470809548311485,0.0,0.0,0.0411086029596188,0.0419664440423167,,,,,0.174266365688488,0.0956605254589426,2.70285929270128,2.03480893477624,0.0,0.0,,,,,,,,,,,,,,,,,,,,,,,,,,,,,,,,,2016.0,1993-12-23,,,,14
Trevor Davis,GB,WR,12800,weighted,,,,,,,0.312264860797592,0.470809548311485,0.0,0.0,0.0411086029596188,0.0419664440423167,,,,,0.114785553047404,0.144647514282171,1.98841234010534,2.42557402739389,0.0,0.0,,,,,,,,,,,,,,,,,,,,,,,,,,,,,,,,,2016.0,1993-07-04,,,,14
Mike Thomas,LA,WR,12675,weighted,,,,,,,0.0,,0.0,,0.0,,,,,,0.2,,5.0,,0.0,,,,,,,,,,,,,,,,,,,,,,,,,,,,,,,,,,2016.0,1994-08-16,,,,14
Jake Lampman,NO,WR,13027,weighted,,,,,,,0.0,,0.0,,0.0,,,,,,0.3,,5.0,,0.0,,,,,,,,,,,,,,,,,,,,,,,,,,,,,,,,,,2016.0,1993-06-11,,,,14
Corey Fuller,FA,WR,11220,weighted,,,,,,,,,,,0.0,0.0,,,,,0.3,7.852412943948911e-17,4.7,0.0,0.0,0.0,,,,,,,,,,,,,,,,,,,,,,,,,,,,,,,,,2013.0,1990-06-23,,,,14
Michael Campanaro,BAL,WR,11857,weighted,,,,,,,0.0,,0.0,,0.0,,,,,,0.4,,4.5,,0.0,,,,,,,,,,,,,,,,,,,,,,,,,,,,,,,,,,2014.0,1991-01-25,O,Calf,2016.0,14
Kaelin Clay,BAL,WR,12337,weighted,,,,,,,0.0,0.0,0.0,0.0,0.0,0.0,,,,,0.100304878048781,0.14142135623731,1.27827743902439,1.52027957955108,0.0,0.0,,,,,,,,,,,,,,,,,,,,,,,,,,,,,,,,,2015.0,1992-01-03,Q,Foot,2016.0,14
Devin Street,IND,WR,11687,weighted,,,,,,,0.0,0.0,0.0,0.0,0.0487332339791356,0.0707106781186548,,,,,0.251266766020864,0.0707106781186547,3.16900149031297,1.06066017177982,0.0,0.0,,,,,,,,,,,,,,,,,,,,,,,,,,,,,,,,,2014.0,1991-03-30,,,,14
Geronimo Allison,GB,WR,12665,weighted,,,,,,,0.1,1.9631032359872302e-17,0.0,0.0,0.0,0.0,,,,,0.3,7.852412943948911e-17,3.37109955423477,0.247487373415291,0.0,0.0,,,,,,,,,,,,,,,,,,,,,,,,,,,,,,,,,2016.0,1994-01-18,,,,14
Dwayne Harris,NYG,WR,10410,weighted,,,,,,,0.0168798595435164,0.0192447910204945,0.0,0.0,0.0,0.0,,,,,0.200978179082017,0.141196044039306,1.99734762979684,1.43238181484553,0.0307938299473288,0.0471478989686536,,,,,,,,,,,,,,,,,,,,,,,,,,,,,,,,,2011.0,1987-09-16,Q,Ankle,2016.0,14
Demarcus Robinson,KC,WR,12785,weighted,,,,,,,0.744427934621099,0.353553390593274,0.0,0.0,0.0,0.0,,,,,0.12444279346211,0.0353553390593274,1.84665676077266,0.212132034355964,0.0,0.0,,,,,,,,,,,,,,,,,,,,,,,,,,,,,,,,,2016.0,1994-09-21,,,,14
Brittan Golden,ARI,WR,11570,weighted,,,,,,,0.207424128417356,0.208354780671811,0.0,0.0,0.0,0.0,,,,,0.198720842738901,0.0820405132629001,2.28525206922498,0.947742771199556,0.0,0.0,,,,,,,,,,,,,,,,,,,,,,,,,,,,,,,,,2012.0,1988-07-20,,,,14
Vince Mayle,DAL,WR,12196,weighted,,,,,,,0.0,,0.0,,0.0,,,,,,0.0,,0.0,,0.0,,,,,,,,,,,,,,,,,,,,,,,,,,,,,,,,,,,,,,,14
Matthew Slater,NE,WR,9200,weighted,,,,,,,0.0,0.0,0.0,0.0,0.0,0.0,,,,,0.0985029940119761,0.10036805424379,1.42829341317365,1.45533678653495,0.0,0.0,,,,,,,,,,,,,,,,,,,,,,,,,,,,,,,,,2008.0,1985-09-09,Q,Foot,2016.0,14
Geremy Davis,SD,WR,12338,weighted,,,,,,,0.0,0.0,0.0,0.0,0.0,0.0,,,,,0.0488855869242199,0.0707106781186547,0.659955423476969,0.954594154601839,0.0,0.0,,,,,,,,,,,,,,,,,,,,,,,,,,,,,,,,,2015.0,1992-01-10,,,,14
Jakeem Grant,MIA,WR,12814,weighted,,,,,,,0.0,0.0,0.0,0.0,0.0411086029596188,0.0419664440423167,,,,,0.0703348382242287,0.0952198362460523,1.06455981941309,1.21648599961629,0.0,0.0,,,,,,,,,,,,,,,,,,,,,,,,,,,,,,,,,2016.0,1992-10-30,,,,14
Eric Weems,ATL,WR,9383,weighted,,,,,,,0.0414848256834713,0.0416709561343621,0.0,0.0,0.0,0.0,,,,,0.0752445447705041,0.0498394167531208,0.597140707298721,0.487807266069479,0.0,0.0,,,,,,,,,,,,,,,,,,,,,,,,,,,,,,,,,2007.0,1985-07-04,,,,14
Devin Hester,BAL,WR,8298,weighted,,,,,,,0.0,0.0,0.0,0.0,0.0,0.0,,,,,0.0061888638073739,0.0124598541882802,0.123626787057938,0.188995305778096,0.0,0.0,,,,,,,,,,,,,,,,,,,,,,,,,,,,,,,,,2006.0,1982-11-04,,,,14
Frankie Hammond,FA,WR,nfl_2541828,weighted,,,,,,,,,,,0.0,0.0,,,,,0.2,3.92620647197445e-17,1.5,0.0,0.0,0.0,,,,,,,,,,,,,,,,,,,,,,,,,,,,,,,,,,,,,,14
Isaiah Burse,SD,WR,11928,weighted,,,,,,,0.5,0.707106781186548,0.0,0.0,0.0,0.0,,,,,0.0,0.0,0.5,0.707106781186548,0.0,0.0,,,,,,,,,,,,,,,,,,,,,,,,,,,,,,,,,2014.0,1991-12-08,,,,14
Lucky Whitehead,DAL,WR,12439,weighted,,,,,,,3.1,2.9698484809835,0.0,0.0,0.0,0.0,,,,,0.025,0.0353553390593274,0.5,0.707106781186548,0.0,0.0,,,,,,,,,,,,,,,,,,,,,,,,,,,,,,,,,,,O,Coach's Decision,2016.0,14
Seyi Ajirotutu,PHI,WR,nfl_497260,weighted,,,,,,,0.0,0.0,0.0,0.0,0.0,0.0,,,,,0.0498984771573604,0.0499745611787146,0.299390862944162,0.299847367072287,0.0,0.0,,,,,,,,,,,,,,,,,,,,,,,,,,,,,,,,,2010.0,1987-06-12,,,,14
Andre Caldwell,DET,WR,9050,weighted,,,,,,,0.2,0.0,0.0,0.0,0.0,0.0,,,,,0.04915,0.0501579290523675,0.1966,0.20063171620947,0.0,0.0,,,,,,,,,,,,,,,,,,,,,,,,,,,,,,,,,2008.0,1985-04-15,Q,Hand,2016.0,14
Steve Johnson,SD,WR,9269,weighted,,,,,,,0.0,0.0,0.0,0.0,,,,,,,0.0,0.0,0.0,0.0,0.0,0.0,,,,,,,,,,,,,,,,,,,,,,,,,,,,,,,,,2008.0,1986-07-22,IR,Knee,2016.0,14
Eddie Royal,CHI,WR,9120,weighted,,,,,,,0.0,,0.0,,0.0,,,,,,0.0,,0.0,,0.0,,,,,,,,,,,,,,,,,,,,,,,,,,,,,,,,,,2008.0,1986-05-21,D,Toe,2016.0,14
Danny Amendola,NE,WR,9308,weighted,,,,,,,0.0,0.0,0.0,0.0,,,,,,,0.0,0.0,0.0,0.0,0.0,0.0,,,,,,,,,,,,,,,,,,,,,,,,,,,,,,,,,2008.0,1985-11-02,O,Ankle,2016.0,14
Darrius Heyward-Bey,PIT,WR,9452,weighted,,,,,,,0.0,0.0,0.0,0.0,,,,,,,0.0,0.0,0.0,0.0,0.0,0.0,,,,,,,,,,,,,,,,,,,,,,,,,,,,,,,,,2009.0,1987-02-26,O,Foot,2016.0,14
Brandon Gibson,NE,WR,nfl_81288,weighted,,,,,,,0.0,0.0,0.0,0.0,,,,,,,0.0,0.0,0.0,0.0,0.0,0.0,,,,,,,,,,,,,,,,,,,,,,,,,,,,,,,,,2009.0,1987-08-13,,,,14
Riley Cooper,FA,WR,nfl_497282,weighted,,,,,,,,,,,0.0,0.0,,,,,0.0,0.0,0.0,0.0,0.0,0.0,,,,,,,,,,,,,,,,,,,,,,,,,,,,,,,,,2010.0,1987-09-09,,,,14
Eric Decker,NYJ,WR,9881,weighted,,,,,,,0.0,0.0,0.0,0.0,,,,,,,0.0,0.0,0.0,0.0,0.0,0.0,,,,,,,,,,,,,,,,,,,,,,,,,,,,,,,,,2010.0,1987-03-15,IR,Shoulder,2016.0,14
Marcus Easley,BUF,WR,nfl_497286,weighted,,,,,,,0.0,0.0,0.0,0.0,,,,,,,0.0,0.0,0.0,0.0,0.0,0.0,,,,,,,,,,,,,,,,,,,,,,,,,,,,,,,,,2010.0,1987-11-02,IR,Kneecap,2016.0,14
Dwayne Bowe,FA,WR,nfl_2495558,weighted,,,,,,,,,,,0.0,0.0,,,,,0.0,0.0,0.0,0.0,0.0,0.0,,,,,,,,,,,,,,,,,,,,,,,,,,,,,,,,,2007.0,1984-09-21,,,,14
Jason Avant,KC,WR,8350,weighted,,,,,,,0.0,0.0,0.0,0.0,,,,,,,0.0,0.0,0.0,0.0,0.0,0.0,,,,,,,,,,,,,,,,,,,,,,,,,,,,,,,,,2006.0,1983-04-20,,,,14
Vincent Jackson,TB,WR,7873,weighted,,,,,,,0.0,0.0,0.0,0.0,,,,,,,0.0,0.0,0.0,0.0,0.0,0.0,,,,,,,,,,,,,,,,,,,,,,,,,,,,,,,,,2005.0,1983-01-14,IR,Knee,2016.0,14
James Jones,FA,WR,8776,weighted,,,,,,,,,,,0.0,0.0,,,,,0.0,0.0,0.0,0.0,0.0,0.0,,,,,,,,,,,,,,,,,,,,,,,,,,,,,,,,,2007.0,1984-03-31,,,,14
Vincent Brown,FA,WR,nfl_2508115,weighted,,,,,,,,,,,0.0,0.0,,,,,0.0,0.0,0.0,0.0,0.0,0.0,,,,,,,,,,,,,,,,,,,,,,,,,,,,,,,,,2011.0,1989-01-25,Q,Calf,2016.0,14
Chris Givens,FA,WR,10736,weighted,,,,,,,,,,,0.0,0.0,,,,,0.0,0.0,0.0,0.0,0.0,0.0,,,,,,,,,,,,,,,,,,,,,,,,,,,,,,,,,2012.0,1989-12-06,,,,14
Aaron Dobson,FA,WR,11214,weighted,,,,,,,,,,,0.0,0.0,,,,,0.0,0.0,0.0,0.0,0.0,0.0,,,,,,,,,,,,,,,,,,,,,,,,,,,,,,,,,2013.0,1991-07-23,,,,14
Marlon Brown,DEN,WR,11481,weighted,,,,,,,,,,,0.0,0.0,,,,,0.0,0.0,0.0,0.0,0.0,0.0,,,,,,,,,,,,,,,,,,,,,,,,,,,,,,,,,2013.0,1991-04-22,IR,Undisclosed,2016.0,14
Jonathan Krause,FA,WR,nfl_2550216,weighted,,,,,,,,,,,0.0,0.0,,,,,0.0,0.0,0.0,0.0,0.0,0.0,,,,,,,,,,,,,,,,,,,,,,,,,,,,,,,,,,,,,,14
Kenny Bell,FA,WR,12195,weighted,,,,,,,,,,,0.0,0.0,,,,,0.0,0.0,0.0,0.0,0.0,0.0,,,,,,,,,,,,,,,,,,,,,,,,,,,,,,,,,2015.0,1992-02-25,Q,Concussion,2016.0,14
Adam Humphries,TB,WR,12505,weighted,,,,,,,0.0,0.0,0.0,0.0,,,,,,,0.0,0.0,0.0,0.0,0.0,0.0,,,,,,,,,,,,,,,,,,,,,,,,,,,,,,,,,,,O,Concussion,2016.0,14
Moritz Boehringer,FA,WR,12809,weighted,,,,,,,,,,,0.0,0.0,,,,,0.0,0.0,0.0,0.0,0.0,0.0,,,,,,,,,,,,,,,,,,,,,,,,,,,,,,,,,2016.0,,,,,14
Jace Billingsley,FA,WR,12932,weighted,,,,,,,,,,,0.0,0.0,,,,,0.0,0.0,0.0,0.0,0.0,0.0,,,,,,,,,,,,,,,,,,,,,,,,,,,,,,,,,2016.0,1993-05-17,,,,14
Devon Cajuste,FA,WR,12674,weighted,,,,,,,,,,,0.0,0.0,,,,,0.0,0.0,0.0,0.0,0.0,0.0,,,,,,,,,,,,,,,,,,,,,,,,,,,,,,,,,2016.0,1993-01-31,,,,14
Ed Eagan,BUF,WR,13040,weighted,,,,,,,0.0,,0.0,,0.0,,,,,,0.0,,0.0,,0.0,,,,,,,,,,,,,,,,,,,,,,,,,,,,,,,,,,2016.0,1993-06-19,,,,14
D.J. Foster,NE,WR,12871,weighted,,,,,,,0.0,,0.0,,0.0,,,,,,0.0,,0.0,,0.0,,,,,,,,,,,,,,,,,,,,,,,,,,,,,,,,,,2016.0,,,,,14
Andy Jones,FA,WR,12873,weighted,,,,,,,,,,,0.0,0.0,,,,,0.0,0.0,0.0,0.0,0.0,0.0,,,,,,,,,,,,,,,,,,,,,,,,,,,,,,,,,2016.0,,,,,14
Chris Hubert,ARI,WR,nfl_2556743,weighted,,,,,,,0.0,,0.0,,0.0,,,,,,0.0,,0.0,,0.0,,,,,,,,,,,,,,,,,,,,,,,,,,,,,,,,,,2016.0,1993-05-08,,,,14
Keyarris Garrett,FA,WR,12726,weighted,,,,,,,,,,,0.0,0.0,,,,,0.0,0.0,0.0,0.0,0.0,0.0,,,,,,,,,,,,,,,,,,,,,,,,,,,,,,,,,2016.0,1992-09-26,,,,14
Tyler Eifert,CIN,TE,11250,weighted,,,,,,,0.0,0.0,0.0,0.0,0.0,0.0,,,,,4.84482825917252,1.3444111210347,57.3190281030445,10.9445392430614,0.667740046838408,0.330149678782014,,,,,,,,,,,,,,,,,,,,,,,,,,,,,,,,,2013.0,1990-09-08,,,,14
Travis Kelce,KC,TE,11244,weighted,,,,,,,0.209265222482436,0.473251908299072,0.0,0.0,0.0656762295081967,0.0373628996216535,,,,,5.39776541764247,0.435953296565362,63.8952576112412,6.74564263424459,0.479569800287821,0.322659526210569,,,,,,,,,,,,,,,,,,,,,,,,,,,,,,,,,2013.0,1989-10-05,,,,14
Jimmy Graham,SEA,TE,9925,weighted,,,,,,,0.0,0.0,0.0,0.0,0.0696428571428571,0.0273129063932077,,,,,5.25522053083528,0.473149686101832,65.363056206089,3.85317290179423,0.594941845699291,0.246135461210501,,,,,,,,,,,,,,,,,,,,,,,,,,,,,,,,,2010.0,1986-11-24,,,,14
Greg Olsen,CAR,TE,8687,weighted,,,,,,,0.0,0.0,0.0,0.0,0.0,0.0,,,,,5.14099336455894,0.525494670387142,58.5802107728337,8.32549840184745,0.516714031938045,0.292126486039634,,,,,,,,,,,,,,,,,,,,,,,,,,,,,,,,,2007.0,1985-03-11,,,,14
Delanie Walker,TEN,TE,8416,weighted,,,,,,,0.238056206088993,0.214824275523713,0.0,0.0,0.0,0.0,,,,,4.5080893832943,0.547338753597892,55.6921545667447,9.23968913044662,0.647833723653396,0.338788340456157,,,,,,,,,,,,,,,,,,,,,,,,,,,,,,,,,2006.0,1984-08-12,,,,14
Zach Ertz,PHI,TE,11247,weighted,,,,,,,0.298448477751756,0.403292280569584,0.0,0.0,0.0,0.0,,,,,5.23028883684621,0.666697771082722,54.3951405152225,8.61399830041193,0.590163934426229,0.385710927139418,,,,,,,,,,,,,,,,,,,,,,,,,,,,,,,,,2013.0,1990-11-10,,,,14
Cameron Brate,TB,TE,12110,weighted,,,,,,,0.0,0.0,0.0,0.0,0.0,0.0,,,,,4.23846604215457,0.677487407445086,49.8046838407494,7.54732637519528,0.587942119503872,0.249451159012345,,,,,,,,,,,,,,,,,,,,,,,,,,,,,,,,,2014.0,1991-07-03,,,,14
Ladarius Green,PIT,TE,10744,weighted,,,,,,,0.0,0.0,0.0,0.0,0.0,0.0,,,,,3.90100507416081,0.375776247307328,46.6392857142857,14.3052222725929,0.666861826697892,0.331203923174079,,,,,,,,,,,,,,,,,,,,,,,,,,,,,,,,,2012.0,1990-05-29,,,,14
Jordan Reed,WAS,TE,11248,weighted,,,,,,,0.0,0.0,0.0,0.0,0.0656762295081967,0.0373628996216535,,,,,4.72218969555035,0.481745187072892,53.1853044496487,3.6578891531898,0.612550083928296,0.243192624239338,,,,,,,,,,,,,,,,,,,,,,,,,,,,,,,,,2013.0,1990-07-03,Q,Shoulder - AC Joint,2016.0,14
Kyle Rudolph,MIN,TE,10312,weighted,,,,,,,0.0,0.0,0.0,0.0,0.0,0.0,,,,,4.14520882123341,0.578380039722487,42.642681498829,10.9712859495169,0.51333507110404,0.293732547431206,,,,,,,,,,,,,,,,,,,,,,,,,,,,,,,,,2011.0,1989-11-09,,,,14
Antonio Gates,SD,TE,7236,weighted,,,,,,,0.0,0.0,0.0,0.0,0.0696428571428571,0.0273129063932077,,,,,4.49099336455894,0.390096142899673,45.9306206088993,7.81634604467479,0.465339578454333,0.368057903065474,,,,,,,,,,,,,,,,,,,,,,,,,,,,,,,,,2003.0,1980-06-18,,,,14
Jason Witten,DAL,TE,6997,weighted,,,,,,,0.0,0.0,0.0,0.0,0.0,0.0,,,,,4.214968774395,0.388537739910018,42.932962529274,6.86759564382221,0.173800085061038,0.112528658208195,,,,,,,,,,,,,,,,,,,,,,,,,,,,,,,,,2003.0,1982-05-06,,,,14
Dennis Pitta,BAL,TE,9933,weighted,,,,,,,0.0,0.0,0.0,0.0,0.1,0.0,,,,,4.54322794691647,0.331744760316748,40.3935597189696,6.99558121654018,0.116151623776325,0.0851739336089072,,,,,,,,,,,,,,,,,,,,,,,,,,,,,,,,,2010.0,1985-06-29,,,,14
Vance McDonald,SF,TE,11257,weighted,,,,,,,0.333723653395785,0.40061125787781,0.0,0.0,0.0,0.0,,,,,2.87170960187354,0.733776851683163,38.239168618267,7.75827385077251,0.609426229508197,0.369775431942906,,,,,,,,,,,,,,,,,,,,,,,,,,,,,,,,,2013.0,1990-06-13,,,,14
Eric Ebron,DET,TE,11695,weighted,,,,,,,0.0396760343481655,0.0358040459206188,0.0396760343481655,0.0358040459206188,0.0,0.0,,,,,3.74357923497268,0.474976955850655,43.0744145199063,7.28260772842615,0.168812887159389,0.148896436658208,,,,,,,,,,,,,,,,,,,,,,,,,,,,,,,,,2014.0,1993-04-10,Q,Knee,2016.0,14
Coby Fleener,NO,TE,10743,weighted,,,,,,,0.0499414519906323,0.0346587069248573,0.0499414519906323,0.0346587069248573,0.0,0.0,,,,,3.69885245901639,0.366078488001919,42.9428571428571,4.5076116519978,0.190700977297402,0.125986872887489,,,,,,,,,,,,,,,,,,,,,,,,,,,,,,,,,2012.0,1988-09-20,,,,14
C.J. Fiedorowicz,HOU,TE,11698,weighted,,,,,,,0.298448477751756,0.403292280569584,0.0,0.0,0.0,0.0,,,,,4.27557572209212,0.276391488077226,43.9657494145199,3.65971541098564,0.427767890353467,0.354866611008677,,,,,,,,,,,,,,,,,,,,,,,,,,,,,,,,,2014.0,1991-10-22,,,,14
Gary Barnidge,CLE,TE,9189,weighted,,,,,,,0.0,0.0,0.0,0.0,0.0,0.0,,,,,3.50429742388759,0.319497778988069,39.1145199063232,6.32880422570961,0.0949497822208063,0.0719941608410481,,,,,,,,,,,,,,,,,,,,,,,,,,,,,,,,,2008.0,1985-09-22,,,,14
Martellus Bennett,NE,TE,9044,weighted,,,,,,,0.299648711943794,0.207952241549144,0.0,0.0,0.0,0.0,,,,,3.62252927400468,0.568558597937457,40.5686182669789,5.94153278156842,0.213217857095674,0.134966403151272,,,,,,,,,,,,,,,,,,,,,,,,,,,,,,,,,2008.0,1987-03-10,Q,Ankle,2016.0,14
Jared Cook,GB,TE,9474,weighted,,,,,,,0.0,0.0,0.0,0.0,0.0797619047619048,0.0182086042621385,,,,,2.91406323185012,0.360141581318668,34.326756440281,5.21068909906822,0.122248902554483,0.109649580595444,,,,,,,,,,,,,,,,,,,,,,,,,,,,,,,,,2009.0,1987-04-07,,,,14
Vernon Davis,WAS,TE,8247,weighted,,,,,,,0.0,0.0,0.0,0.0,0.0,0.0,,,,,2.65339578454333,0.545813750822485,35.006850117096,7.02357618526208,0.270433255269321,0.405017147436967,,,,,,,,,,,,,,,,,,,,,,,,,,,,,,,,,2006.0,1984-01-31,,,,14
Dwayne Allen,IND,TE,10742,weighted,,,,,,,0.333723653395785,0.40061125787781,0.0,0.0,0.0,0.0,,,,,3.37640515222482,0.403587975111991,34.7315573770492,6.33139435089655,0.427693208430913,0.367611867416224,,,,,,,,,,,,,,,,,,,,,,,,,,,,,,,,,2012.0,1990-02-24,,,,14
Will Tye,NYG,TE,12532,weighted,,,,,,,0.333822091886608,0.463120817185308,0.0,0.0,0.0,0.0,,,,,3.71143695014663,0.261655673358304,34.174780058651,6.3431805055055,0.337536656891496,0.449572199034834,,,,,,,,,,,,,,,,,,,,,,,,,,,,,,,,,,,,,,14
Jermaine Gresham,ARI,TE,9838,weighted,,,,,,,0.0,0.0,0.0,0.0,0.0,0.0,,,,,3.08165914221219,0.732377746560107,29.8100827689993,7.16632885844441,0.230925975246225,0.0472323508090858,,,,,,,,,,,,,,,,,,,,,,,,,,,,,,,,,2010.0,1988-06-16,,,,14
Hunter Henry,SD,TE,12676,weighted,,,,,,,0.333723653395785,0.40061125787781,0.0,0.0,0.0797619047619048,0.0182086042621385,,,,,2.83120608899297,0.730639838454283,27.6693793911007,8.81568531868862,0.214374442952527,0.16638872514805,,,,,,,,,,,,,,,,,,,,,,,,,,,,,,,,,2016.0,1994-12-07,,,,14
Lance Kendricks,LA,TE,10318,weighted,,,,,,,0.0,0.0,0.0,0.0,0.0797619047619048,0.0182086042621385,,,,,3.02507025761124,0.661270476261547,31.1842505854801,4.69694284845725,0.148193259939321,0.0900257419899009,,,,,,,,,,,,,,,,,,,,,,,,,,,,,,,,,2011.0,1988-01-30,,,,14
Charles Clay,BUF,TE,10409,weighted,,,,,,,0.333723653395785,0.40061125787781,0.0,0.0,0.0,0.0,,,,,3.04810304449649,0.111239932024604,29.7443208430913,4.10252503921219,0.0963352471607363,0.071920289712787,,,,,,,,,,,,,,,,,,,,,,,,,,,,,,,,,2011.0,1989-02-13,Q,Knee,2016.0,14
Clive Walford,OAK,TE,12210,weighted,,,,,,,0.333723653395785,0.40061125787781,0.0,0.0,0.0,0.0,,,,,2.24489461358314,0.47567855653488,26.2146370023419,6.20599447601651,0.126642735895285,0.0860159807750881,,,,,,,,,,,,,,,,,,,,,,,,,,,,,,,,,2015.0,1991-10-21,,,,14
Austin Hooper,ATL,TE,12677,weighted,,,,,,,0.333723653395785,0.40061125787781,0.0,0.0,0.0,0.0,,,,,2.32345433255269,0.353593213800268,23.8693208430913,7.64002037069132,0.152203145714493,0.118099332600727,,,,,,,,,,,,,,,,,,,,,,,,,,,,,,,,,2016.0,1994-10-29,,,,14
Ryan Griffin,HOU,TE,11399,weighted,,,,,,,0.333834963631803,0.468888263200187,0.0,0.0,0.0834963631803361,0.0192454448705686,,,,,2.63636192626035,0.448889329408106,22.717381489842,8.48222790350372,0.197888573722724,0.0042508713009351,,,,,,,,,,,,,,,,,,,,,,,,,,,,,,,,,2013.0,1990-01-11,,,,14
Jack Doyle,IND,TE,11516,weighted,,,,,,,0.333723653395785,0.40061125787781,0.0,0.0,0.0797619047619048,0.0182086042621385,,,,,2.87969555035129,0.162603323715961,25.6446721311475,5.38813855156446,0.160463014563532,0.113616574010251,,,,,,,,,,,,,,,,,,,,,,,,,,,,,,,,,2013.0,1990-05-05,,,,14
Dion Sims,MIA,TE,11249,weighted,,,,,,,0.0,0.0,0.0,0.0,0.0,0.0,,,,,2.15003512880562,0.530702212710973,21.525644028103,5.33614358557102,0.117722752189766,0.0848687158502954,,,,,,,,,,,,,,,,,,,,,,,,,,,,,,,,,2013.0,1991-02-18,,,,14
Ben Koyack,JAC,TE,12209,weighted,,,,,,,0.333834963631803,0.468888263200187,0.0,0.0,0.0,0.0,,,,,2.21367569601204,0.691359285507877,19.4772761474793,5.7435111138638,0.130052133609649,0.0472928653211796,,,,,,,,,,,,,,,,,,,,,,,,,,,,,,,,,2015.0,1993-04-09,,,,14
A.J. Derby,DEN,TE,12351,weighted,,,,,,,0.0,0.0,0.0,0.0,0.0,0.0,,,,,1.69265807962529,0.597043488003411,15.7792740046838,9.2702510836017,0.0628918275963501,0.0855949369402,,,,,,,,,,,,,,,,,,,,,,,,,,,,,,,,,2015.0,1991-09-20,,,,14
Mychal Rivera,OAK,TE,11258,weighted,,,,,,,0.333723653395785,0.40061125787781,0.0,0.0,0.0,0.0,,,,,1.67720140515223,0.199387356329942,17.3948477751756,4.73068231836324,0.0709118328349692,0.0450173543220703,,,,,,,,,,,,,,,,,,,,,,,,,,,,,,,,,2013.0,1990-09-08,,,,14
Virgil Green,DEN,TE,10432,weighted,,,,,,,0.0,0.0,0.0,0.0,0.0,0.0,,,,,1.62849891225526,0.490008847028693,19.841116751269,7.08878095934487,0.0683647701769625,0.0492888232477026,,,,,,,,,,,,,,,,,,,,,,,,,,,,,,,,,2011.0,1988-08-03,,,,14
Garrett Celek,SF,TE,11007,weighted,,,,,,,0.0,0.0,0.0,0.0,0.0834963631803361,0.0192454448705686,,,,,1.65908577878104,0.172966324956529,19.3142212189616,2.9461381519036,0.128692106719829,0.0478212168345906,,,,,,,,,,,,,,,,,,,,,,,,,,,,,,,,,2012.0,1988-05-29,,,,14
Logan Paulsen,CHI,TE,10123,weighted,,,,,,,0.0,0.0,0.0,0.0,0.0453666666666667,0.0512036201419589,,,,,1.63513333333333,0.716850681987424,10.4612,11.3421206376253,0.0348809941520468,0.0577658500983461,,,,,,,,,,,,,,,,,,,,,,,,,,,,,,,,,2010.0,1987-02-26,,,,14
Levine Toilolo,ATL,TE,11252,weighted,,,,,,,0.501,0.496046600751986,0.0,0.0,0.0,0.0,,,,,1.52436666666667,0.756330542132147,15.4747,5.86424775397881,0.138990242254177,0.05455710520129,,,,,,,,,,,,,,,,,,,,,,,,,,,,,,,,,2013.0,1991-07-30,,,,14
Trey Burton,PHI,TE,11705,weighted,,,,,,,0.333834963631803,0.468888263200187,0.0,0.0,0.0,0.0,,,,,1.73130173062453,0.465092738567402,18.2515425131678,4.95205052242147,0.105007323243575,0.0823059173829334,,,,,,,,,,,,,,,,,,,,,,,,,,,,,,,,,2014.0,1991-10-29,,,,14
Jesse James,PIT,TE,12211,weighted,,,,,,,0.0,0.0,0.0,0.0,0.0,0.0,,,,,1.84490632318501,0.266858913019754,18.2038056206089,2.84992087128518,0.154110329191558,0.0921105723315988,,,,,,,,,,,,,,,,,,,,,,,,,,,,,,,,,2015.0,1994-06-04,,,,14
Tyler Kroft,CIN,TE,12212,weighted,,,,,,,0.0,0.0,0.0,0.0,0.0,0.0,,,,,1.3117,0.65898568944551,11.2595,8.87865709090627,0.0428825353350916,0.0522531765374368,,,,,,,,,,,,,,,,,,,,,,,,,,,,,,,,,2015.0,1992-10-15,,,,14
Richard Rodgers,GB,TE,11785,weighted,,,,,,,0.333723653395785,0.40061125787781,0.0,0.0,0.0,0.0,,,,,1.74593676814988,0.513439754026813,17.2346604215457,2.25918158686808,0.0965259175498592,0.0719210737434911,,,,,,,,,,,,,,,,,,,,,,,,,,,,,,,,,2014.0,1992-01-22,,,,14
Austin Seferian-Jenkins,NYJ,TE,11697,weighted,,,,,,,0.0,0.0,0.0,0.0,0.0,0.0,,,,,1.50096084118927,0.415515844170963,15.5294416243655,4.35837298147178,0.0931149815105488,0.0839139188722581,,,,,,,,,,,,,,,,,,,,,,,,,,,,,,,,,2014.0,1992-09-29,,,,14
Dominique Jones,MIA,TE,11004,weighted,,,,,,,,,,,0.0,0.0,,,,,1.8555720653789,0.353553390593274,11.1494799405646,12.6572113832392,0.165197841929908,0.194984914956023,,,,,,,,,,,,,,,,,,,,,,,,,,,,,,,,,2012.0,1987-08-15,,,,14
MarQueis Gray,MIA,TE,11434,weighted,,,,,,,0.0,0.0,0.0,0.0,0.0,0.0,,,,,1.45536666666667,0.610865598370458,10.4159,8.75660695873957,0.0397088218872138,0.0540746533998188,,,,,,,,,,,,,,,,,,,,,,,,,,,,,,,,,2013.0,1990-11-07,,,,14
Luke Willson,SEA,TE,11381,weighted,,,,,,,0.0,0.0,0.0,0.0,0.0,0.0,,,,,1.27695794053662,0.360581558425888,11.9361856417694,5.22347830548093,0.0271088909512412,0.0487367600721056,,,,,,,,,,,,,,,,,,,,,,,,,,,,,,,,,2013.0,1990-01-15,,,,14
Gavin Escobar,DAL,TE,11251,weighted,,,,,,,0.501,0.496046600751986,0.0,0.0,0.0453666666666667,0.0512036201419589,,,,,1.06633333333333,0.607872412158882,9.3392,7.72311747254728,0.120216539827499,0.0739293160730901,,,,,,,,,,,,,,,,,,,,,,,,,,,,,,,,,2013.0,1991-02-03,,,,14
Ed Dickson,CAR,TE,9912,weighted,,,,,,,0.0,0.0,0.0,0.0,0.0,0.0,,,,,1.1739,0.406196896766834,11.3004,5.67520410354366,0.0883355749524228,0.0204046206879164,,,,,,,,,,,,,,,,,,,,,,,,,,,,,,,,,2010.0,1987-07-25,,,,14
Brent Celek,PHI,TE,8838,weighted,,,,,,,0.0,0.0,0.0,0.0,0.0,0.0,,,,,0.7603,0.404540790516925,9.4788,6.52487490332639,0.0372156862745098,0.0540482714715561,,,,,,,,,,,,,,,,,,,,,,,,,,,,,,,,,2007.0,1985-01-25,,,,14
Nick Boyle,BAL,TE,12328,weighted,,,,,,,1.0,0.0,,,0.0,0.0,,,,,1.6555720653789,0.353553390593274,13.475780089153,4.80832611206852,0.0656636948984646,0.0496658334404837,,,,,,,,,,,,,,,,,,,,,,,,,,,,,,,,,2015.0,1993-02-17,,,,14
Demetrius Harris,KC,TE,11448,weighted,,,,,,,0.500725163161711,0.398449039985861,0.0,0.0,0.0,0.0,,,,,1.17476432197244,0.358823251791888,10.3756345177665,3.70521083854041,0.0279848316189614,0.0483357756009911,,,,,,,,,,,,,,,,,,,,,,,,,,,,,,,,,2013.0,1991-07-29,,,,14
Larry Donnell,NYG,TE,11521,weighted,,,,,,,0.0,0.0,0.0,0.0,0.0436666666666667,0.050929740533706,,,,,1.31473333333333,0.517355825175068,8.8415,5.17386652019021,0.0828609349687572,0.0299814281013945,,,,,,,,,,,,,,,,,,,,,,,,,,,,,,,,,2012.0,1988-11-01,,,,14
Darren Fells,ARI,TE,11337,weighted,,,,,,,0.0,0.0,0.0,0.0,0.0,0.0,,,,,0.871266666666667,0.402538065556874,8.1031,5.63348562175363,0.0364301587301587,0.0545754047255608,,,,,,,,,,,,,,,,,,,,,,,,,,,,,,,,,2012.0,1986-04-22,,,,14
Stephen Anderson,HOU,TE,12859,weighted,,,,,,,0.501,0.496046600751986,0.0,0.0,0.0,0.0,,,,,1.25026666666667,0.317189666400633,9.7708,4.25076945053465,0.0874036713286713,0.0220348030486229,,,,,,,,,,,,,,,,,,,,,,,,,,,,,,,,,2016.0,1993-01-30,,,,14
Rhett Ellison,MIN,TE,10838,weighted,,,,,,,0.0,0.0,0.0,0.0,0.0,0.0,,,,,1.341,0.419051287351788,9.3665,3.92465424960512,0.0392382352941177,0.0543878041996782,,,,,,,,,,,,,,,,,,,,,,,,,,,,,,,,,2012.0,1988-10-03,,,,14
Jerell Adams,NYG,TE,12681,weighted,,,,,,,0.333834963631803,0.468888263200187,0.0,0.0,0.0,0.0,,,,,1.22338224228743,0.266702437362759,10.3158765989466,2.71573947563891,0.0976133940380445,0.0048048823203081,,,,,,,,,,,,,,,,,,,,,,,,,,,,,,,,,2016.0,1992-12-31,,,,14
Tyler Higbee,LA,TE,12678,weighted,,,,,,,0.501,0.496046600751986,0.0,0.0,0.0,0.0,,,,,0.879766666666667,0.10792251066927,9.2315,2.55862310276741,0.0692939393939394,0.059243079833497,,,,,,,,,,,,,,,,,,,,,,,,,,,,,,,,,2016.0,1993-01-01,,,,14
Anthony Fasano,TEN,TE,8294,weighted,,,,,,,0.0,0.0,0.0,0.0,0.0,0.0,,,,,0.925133333333333,0.158594833200316,8.5276,1.68105600170362,0.0941504186070987,0.0102326937691658,,,,,,,,,,,,,,,,,,,,,,,,,,,,,,,,,2006.0,1984-04-20,,,,14
Erik Swoope,IND,TE,11904,weighted,,,,,,,1.0,0.0,,,0.0,0.0,,,,,0.95111441307578,0.0707106781186547,9.61337295690936,0.848528137423856,0.0965930121644885,0.0049280459814151,,,,,,,,,,,,,,,,,,,,,,,,,,,,,,,,,2014.0,1992-05-08,,,,14
Ben Braunecker,CHI,TE,12868,weighted,,,,,,,1.0,0.0,,,0.0,0.0,,,,,0.37109955423477,0.247487373415292,3.36433878157504,2.26274169979695,0.0128646281379526,0.0186080731891197,,,,,,,,,,,,,,,,,,,,,,,,,,,,,,,,,2016.0,1994-02-07,,,,14
Crockett Gillmore,BAL,TE,11786,weighted,,,,,,,,,,,0.0,0.0,,,,,0.52221396731055,0.176776695296637,5.21991084695394,1.90918830920368,0.0173464985860135,0.0250908857840388,,,,,,,,,,,,,,,,,,,,,,,,,,,,,,,,,2014.0,1991-11-16,O,Thigh,2016.0,14
Xavier Grimble,PIT,TE,11701,weighted,,,,,,,0.0,0.0,0.0,0.0,0.0,0.0,,,,,0.8015,0.100470092107088,8.2459,0.685249153737747,0.0441481481481481,0.051675469743111,,,,,,,,,,,,,,,,,,,,,,,,,,,,,,,,,2014.0,1992-09-02,,,,14
Nick OLeary,BUF,TE,12207,weighted,,,,,,,0.501,0.496046600751986,0.0,0.0,0.0,0.0,,,,,0.485633333333333,0.201269032778437,5.5386,2.6143785721673,0.0,0.0,,,,,,,,,,,,,,,,,,,,,,,,,,,,,,,,,2015.0,1992-08-31,,,,14
Brandon Bostick,NYJ,TE,11125,weighted,,,,,,,0.0,0.0,0.0,0.0,0.0,0.0,,,,,0.321933333333333,0.0383680588852734,4.1668,3.32579184719601,0.0,0.0,,,,,,,,,,,,,,,,,,,,,,,,,,,,,,,,,2012.0,1989-05-03,,,,14
Brandon Myers,TB,TE,9632,weighted,,,,,,,0.0,0.0,0.0,0.0,0.0,0.0,,,,,0.4637,0.207917439101014,5.2984,1.9031379984038,0.0,0.0,,,,,,,,,,,,,,,,,,,,,,,,,,,,,,,,,2009.0,1985-09-04,,,,14
James Hanna,DAL,TE,10877,weighted,,,,,,,0.0,0.0,0.0,0.0,0.0,0.0,,,,,0.7,0.0,6.7,1.25607980463071e-15,0.0,0.0,,,,,,,,,,,,,,,,,,,,,,,,,,,,,,,,,2012.0,1989-07-14,IR,Knee,2016.0,14
John Phillips,NO,TE,9638,weighted,,,,,,,0.0,0.0,0.0,0.0,0.0,0.0,,,,,0.3002,0.0992093201503972,2.2394,0.922318699795279,0.0,0.0,,,,,,,,,,,,,,,,,,,,,,,,,,,,,,,,,2009.0,1987-06-11,,,,14
Jace Amaro,TEN,TE,11696,weighted,,,,,,,0.0,0.0,0.0,0.0,0.0,0.0,,,,,0.0985,0.100470092107088,1.65156666666667,1.49826601614665,0.0,0.0,,,,,,,,,,,,,,,,,,,,,,,,,,,,,,,,,2014.0,1992-06-26,,,,14
Daniel Fells,NYG,TE,nfl_2506619,weighted,,,,,,,0.0,0.0,0.0,0.0,0.0,0.0,,,,,0.6,0.0,6.2,1.25607980463071e-15,0.0,0.0,,,,,,,,,,,,,,,,,,,,,,,,,,,,,,,,,2006.0,1983-09-23,,,,14
Matt Lengel,NE,TE,13044,weighted,,,,,,,1.0,,,,0.0,,,,,,0.5,,4.0,,0.0,,,,,,,,,,,,,,,,,,,,,,,,,,,,,,,,,,,,,,,14
David Johnson,PIT,TE,9671,weighted,,,,,,,0.0,0.0,0.0,0.0,0.0,0.0,,,,,0.331,0.152789221601118,3.0498,1.66815486985876,0.0,0.0,,,,,,,,,,,,,,,,,,,,,,,,,,,,,,,,,2009.0,1987-08-26,,,,14
Clay Harbor,DET,TE,9941,weighted,,,,,,,0.0,0.0,0.0,0.0,0.0,0.0,,,,,0.469,0.152789221601118,3.0283,1.95996392894821,0.0,0.0,,,,,,,,,,,,,,,,,,,,,,,,,,,,,,,,,2010.0,1987-07-02,,,,14
Phillip Supernaw,TEN,TE,11628,weighted,,,,,,,0.501,0.496046600751986,0.0,0.0,0.0,0.0,,,,,0.243666666666667,0.0509297405337059,2.8175,1.43655843018373,0.0,0.0,,,,,,,,,,,,,,,,,,,,,,,,,,,,,,,,,2012.0,1990-01-30,,,,14
Chris Manhertz,CAR,TE,12955,weighted,,,,,,,1.0,0.0,,,0.0,0.0,,,,,0.0,0.0,1.9554234769688,2.82842712474619,0.0,0.0,,,,,,,,,,,,,,,,,,,,,,,,,,,,,,,,,,1992-04-10,,,,14
Matthew Mulligan,DET,TE,nfl_2507405,weighted,,,,,,,,,,,0.0,,,,,,0.3,,1.0,,0.0,,,,,,,,,,,,,,,,,,,,,,,,,,,,,,,,,,2008.0,1985-01-18,,,,14
Blake Bell,SF,TE,12213,weighted,,,,,,,0.501,0.496046600751986,0.0,0.0,0.0,0.0,,,,,0.231,0.152789221601118,2.7129,1.1305027184517,0.0,0.0,,,,,,,,,,,,,,,,,,,,,,,,,,,,,,,,,2015.0,1991-08-07,,,,14
Derek Carrier,WAS,TE,10940,weighted,,,,,,,0.501,0.496046600751986,0.0,0.0,0.0,0.0,,,,,0.287333333333333,0.101859481067412,1.9207,1.35683789980726,0.0,0.0,,,,,,,,,,,,,,,,,,,,,,,,,,,,,,,,,2012.0,1990-07-25,Q,Knee,2016.0,14
Nick Vannett,SEA,TE,12680,weighted,,,,,,,,,,,0.0,,,,,,0.3,,3.0,,0.0,,,,,,,,,,,,,,,,,,,,,,,,,,,,,,,,,,2016.0,1993-03-06,,,,14
Jeff Heuerman,DEN,TE,12208,weighted,,,,,,,0.0,0.0,0.0,0.0,0.0,0.0,,,,,0.154633333333333,0.0512036201419589,2.1877,0.818432374342441,0.0,0.0,,,,,,,,,,,,,,,,,,,,,,,,,,,,,,,,,2015.0,1992-11-24,,,,14
Ryan Hewitt,CIN,TE,11927,weighted,,,,,,,,,,,0.0,0.0,,,,,0.2,3.92620647197445e-17,2.64219910846954,0.494974746830583,0.0,0.0,,,,,,,,,,,,,,,,,,,,,,,,,,,,,,,,,2014.0,1991-01-24,,,,14
David Morgan,MIN,TE,12816,weighted,,,,,,,0.0,0.0,0.0,0.0,0.0,0.0,,,,,0.212666666666667,0.101859481067412,1.704,0.433248907090847,0.0,0.0,,,,,,,,,,,,,,,,,,,,,,,,,,,,,,,,,2016.0,1993-05-19,,,,14
Randall Telfer,CLE,TE,12347,weighted,,,,,,,1.0,0.0,,,0.0,0.0,,,,,0.3,7.852412943948911e-17,1.5111441307578,0.707106781186547,0.0,0.0,,,,,,,,,,,,,,,,,,,,,,,,,,,,,,,,,2015.0,1992-05-16,,,,14
Cory Harkey,LA,TE,11089,weighted,,,,,,,,,,,0.0,0.0,,,,,0.22444279346211,0.0353553390593274,1.53997028231798,0.636396103067893,0.0,0.0,,,,,,,,,,,,,,,,,,,,,,,,,,,,,,,,,2012.0,1990-06-17,,,,14
Sean McGrath,SD,TE,11123,weighted,,,,,,,0.0,0.0,0.0,0.0,0.0,0.0,,,,,0.156333333333333,0.050929740533706,1.4714,0.416578931708798,0.0,0.0,,,,,,,,,,,,,,,,,,,,,,,,,,,,,,,,,2012.0,1987-12-03,,,,14
Temarrick Hemingway,LA,TE,12807,weighted,,,,,,,,,,,0.0,0.0,,,,,0.2,3.92620647197445e-17,2.1,0.0,0.0,0.0,,,,,,,,,,,,,,,,,,,,,,,,,,,,,,,,,2016.0,1993-07-30,,,,14
Brandon Williams,SEA,TE,11510,weighted,,,,,,,0.0,0.0,0.0,0.0,0.0,0.0,,,,,0.1,0.0,1.42383333333333,0.194025879695319,0.0,0.0,,,,,,,,,,,,,,,,,,,,,,,,,,,,,,,,,2012.0,1987-10-12,,,,14
James OShaughnessy,KC,TE,12330,weighted,,,,,,,0.501,0.496046600751986,0.0,0.0,0.0,0.0,,,,,0.154633333333333,0.0512036201419589,0.9952,0.867640717870919,0.0,0.0,,,,,,,,,,,,,,,,,,,,,,,,,,,,,,,,,,,,,,14
Hakeem Valles,ARI,TE,12874,weighted,,,,,,,0.0,0.0,0.0,0.0,0.0,0.0,,,,,0.0436666666666667,0.050929740533706,0.7888,1.05804620910487,0.0,0.0,,,,,,,,,,,,,,,,,,,,,,,,,,,,,,,,,2016.0,1992-11-23,,,,14
Asante Cleveland,SD,TE,12039,weighted,,,,,,,0.0,0.0,0.0,0.0,0.0,0.0,,,,,0.0656,0.0581879449006865,0.579433333333333,0.514229850983618,0.0,0.0,,,,,,,,,,,,,,,,,,,,,,,,,,,,,,,,,2014.0,1992-03-21,,,,14
Gerald Christian,BUF,TE,12385,weighted,,,,,,,,,,,0.0,0.0,,,,,0.02444279346211,0.0353553390593274,0.26887072808321,0.388908729652601,0.0,0.0,,,,,,,,,,,,,,,,,,,,,,,,,,,,,,,,,2015.0,1991-08-26,,,,14
Chase Coffman,IND,TE,9454,weighted,,,,,,,,,,,0.0,0.0,,,,,0.0,0.0,0.0,0.0,0.0,0.0,,,,,,,,,,,,,,,,,,,,,,,,,,,,,,,,,2009.0,1986-11-10,,,,14
Jim Dray,FA,TE,10015,weighted,,,,,,,,,,,0.0,0.0,,,,,0.0,0.0,0.0,0.0,0.0,0.0,,,,,,,,,,,,,,,,,,,,,,,,,,,,,,,,,2010.0,1986-12-31,,,,14
Tony Moeaki,FA,TE,nfl_497256,weighted,,,,,,,,,,,0.0,0.0,,,,,0.0,0.0,0.0,0.0,0.0,0.0,,,,,,,,,,,,,,,,,,,,,,,,,,,,,,,,,2010.0,1987-06-08,,,,14
Rob Housler,FA,TE,10333,weighted,,,,,,,,,,,0.0,0.0,,,,,0.0,0.0,0.0,0.0,0.0,0.0,,,,,,,,,,,,,,,,,,,,,,,,,,,,,,,,,2011.0,1988-03-17,,,,14
Orson Charles,DET,TE,10747,weighted,,,,,,,,,,,0.0,0.0,,,,,0.0,0.0,0.0,0.0,0.0,0.0,,,,,,,,,,,,,,,,,,,,,,,,,,,,,,,,,2012.0,1991-01-27,,,,14
Nic Jacobs,FA,TE,nfl_2550355,weighted,,,,,,,,,,,0.0,0.0,,,,,0.0,0.0,0.0,0.0,0.0,0.0,,,,,,,,,,,,,,,,,,,,,,,,,,,,,,,,,2014.0,1991-10-13,,,,14
Marcel Jensen,WAS,TE,nfl_2550356,weighted,,,,,,,,,,,0.0,0.0,,,,,0.0,0.0,0.0,0.0,0.0,0.0,,,,,,,,,,,,,,,,,,,,,,,,,,,,,,,,,2014.0,1990-02-12,,,,14
RaShaun Allen,SEA,TE,nfl_2550608,weighted,,,,,,,,,,,0.0,0.0,,,,,0.0,0.0,0.0,0.0,0.0,0.0,,,,,,,,,,,,,,,,,,,,,,,,,,,,,,,,,2014.0,1990-02-25,,,,14
Jerome Cunningham,FA,TE,nfl_2551359,weighted,,,,,,,,,,,0.0,0.0,,,,,0.0,0.0,0.0,0.0,0.0,0.0,,,,,,,,,,,,,,,,,,,,,,,,,,,,,,,,,2014.0,1991-05-25,,,,14
Thomas Duarte,MIA,TE,12664,weighted,,,,,,,,,,,0.0,0.0,,,,,0.0,0.0,0.0,0.0,0.0,0.0,,,,,,,,,,,,,,,,,,,,,,,,,,,,,,,,,2016.0,1995-03-30,,,,14
Rico Gathers,FA,TE,12833,weighted,,,,,,,,,,,0.0,0.0,,,,,0.0,0.0,0.0,0.0,0.0,0.0,,,,,,,,,,,,,,,,,,,,,,,,,,,,,,,,,2016.0,1994-01-07,,,,14
Ryan OMalley,OAK,TE,nfl_2556818,weighted,,,,,,,,,,,0.0,,,,,,0.0,,0.0,,0.0,,,,,,,,,,,,,,,,,,,,,,,,,,,,,,,,,,0.0,1993-07-24,,,,14
Adam Vinatieri,IND,K,2842,weighted,,,,,,,,,,,,,,,,,,,,,,,0.0,0.0,0.506946299759551,0.0253150460435053,0.7882180069463,0.163552742280179,0.738223731918629,0.20223090197385,0.304167779855731,0.0151890276261032,2.70783176214648,0.562388763736622,,,,,,,,,,,,,,,,,,,,,1996.0,1972-12-28,,,,14
Roberto Aguayo,TB,K,12721,weighted,,,,,,,,,,,,,,,,,,,,,,,0.0,0.0,0.631557394531417,0.250959231188325,0.904325384976326,0.064275778044141,0.631557394531417,0.250959231188325,0.127496480825833,0.0327280736037616,2.7102973168963,0.489478886757022,,,,,,,,,,,,,,,,,,,,,2016.0,1994-05-17,,,,14
Wil Lutz,NO,K,12956,weighted,,,,,,,,,,,,,,,,,,,,,,,0.0,0.0,0.923106651802304,0.462885580057089,0.449528056484578,0.161019978135632,0.337146042363434,0.120764983601724,0.224764028242289,0.080509989067816,2.66541062801932,0.62211754358461,,,,,,,,,,,,,,,,,,,,,2016.0,1994-07-07,,,,14
Graham Gano,CAR,K,9694,weighted,,,,,,,,,,,,,,,,,,,,,,,0.0,0.0,0.62595600676819,0.320192381678135,0.74495044718395,0.244457000290605,1.0167367657723,0.141879828210229,0.127092095721537,0.0177349785262786,2.41544597534445,0.50766003658938,,,,,,,,,,,,,,,,,,,,,2009.0,1987-04-09,,,,14
Kai Forbath,MIN,K,10487,weighted,,,,,,,,,,,,,,,,,,,,,,,0.0,0.0,0.466038191926517,0.136342915307581,0.793662879703489,0.24300786620323,0.612839416646523,0.298853914339666,0.0932076383853034,0.0272685830615162,2.39586656997825,0.446659452176175,,,,,,,,,,,,,,,,,,,,,2011.0,1987-09-02,,,,14
Dan Bailey,DAL,K,10506,weighted,,,,,,,,,,,,,,,,,,,,,,,0.0,0.0,0.401633749946679,0.128152486587038,0.870524250309261,0.287138031744398,0.401633749946679,0.128152486587038,0.160653499978672,0.0512609946348154,2.51689630166788,0.421262093393944,,,,,,,,,,,,,,,,,,,,,2011.0,1988-01-26,,,,14
Sebastian Janikowski,OAK,K,5666,weighted,,,,,,,,,,,,,,,,,,,,,,,0.0633579320052894,0.0450128004711644,0.380147592031737,0.270076802826986,0.190073796015868,0.135038401413493,0.316789660026447,0.225064002355822,0.126715864010579,0.0900256009423288,2.46947063089195,0.420236390370976,,,,,,,,,,,,,,,,,,,,,2000.0,1978-03-02,,,,14
Matt Bryant,ATL,K,6789,weighted,,,,,,,,,,,,,,,,,,,,,,,0.0,0.0,0.591758733950433,0.438429143282704,0.394505822633622,0.292286095521803,0.493132278292027,0.365357619402254,0.197252911316811,0.146143047760902,2.51812907904278,0.413410699879207,,,,,,,,,,,,,,,,,,,,,2002.0,1975-05-29,,,,14
Mike Nugent,CIN,K,7859,weighted,,,,,,,,,,,,,,,,,,,,,,,0.0,0.0,0.498501329465796,0.415721326804198,0.536350012086053,0.421680354022144,0.422803964225284,0.420451339507751,0.0997002658931593,0.0831442653608396,2.39833212472806,0.459921452514007,,,,,,,,,,,,,,,,,,,,,2005.0,1982-03-02,,,,14
Matt Prater,DET,K,8930,weighted,,,,,,,,,,,,,,,,,,,,,,,0.0,0.0,0.766779893897179,0.200636877174445,0.766779893897179,0.200636877174445,0.631968245486813,0.0254473696631516,0.315984122743407,0.0127236848315758,2.35090645395214,0.508884101024294,,,,,,,,,,,,,,,,,,,,,2006.0,1984-08-10,,,,14
Stephen Gostkowski,NE,K,8359,weighted,,,,,,,,,,,,,,,,,,,,,,,0.0,0.0,0.401341551849166,0.115372806268763,0.661344271211022,0.269650301626592,0.708457215373459,0.25050455483997,0.100335387962292,0.0288432015671909,2.59050036258158,0.420006935070318,,,,,,,,,,,,,,,,,,,,,2006.0,1984-01-28,,,,14
Steven Hauschka,SEA,K,9319,weighted,,,,,,,,,,,,,,,,,,,,,,,0.0,0.0,0.407275803722504,0.307131015895742,0.407275803722504,0.307131015895742,0.349093546047861,0.263255156482064,0.116364515349287,0.0877517188273548,2.37092095721537,0.463734115412169,,,,,,,,,,,,,,,,,,,,,,,,,,14
Connor Barth,CHI,K,9307,weighted,,,,,,,,,,,,,,,,,,,,,,,0.0,0.0,0.282475223591975,0.205061774025112,0.353094029489969,0.25632721753139,0.47517524776408,0.470360074884746,0.0706188058979937,0.051265443506278,1.91522842639594,0.847116267676593,,,,,,,,,,,,,,,,,,,,,2008.0,1986-04-11,,,,14
Chandler Catanzaro,ARI,K,11960,weighted,,,,,,,,,,,,,,,,,,,,,,,0.0939086294416244,0.02219934806892,0.82373514810063,0.276153568470421,0.375634517766497,0.0887973922756801,0.187817258883249,0.04439869613784,0.0939086294416244,0.02219934806892,2.51689630166788,0.421262093393944,,,,,,,,,,,,,,,,,,,,,2014.0,1991-02-26,,,,14
Cody Parkey,CLE,K,11966,weighted,,,,,,,,,,,,,,,,,,,,,,,0.0,0.0,0.656905784570759,0.228098687838551,0.519515256317287,0.315732142063714,0.418341049813131,0.133294667402305,0.104585262453283,0.0333236668505764,1.74554024655548,0.915050010006943,,,,,,,,,,,,,,,,,,,,,2014.0,1992-02-19,,,,14
Cairo Santos,KC,K,11945,weighted,,,,,,,,,,,,,,,,,,,,,,,0.0,0.0,0.380710659898477,0.246225081961271,0.609137055837564,0.393960131138034,0.380710659898477,0.246225081961271,0.0761421319796954,0.0492450163922542,2.44822335025381,0.470900804743763,,,,,,,,,,,,,,,,,,,,,2014.0,1991-11-12,,,,14
Josh Lambo,SD,K,12417,weighted,,,,,,,,,,,,,,,,,,,,,,,0.0,0.0,0.351341551849166,0.0577494133476055,0.796591733139956,0.185091233900157,0.742083635484651,0.217619281270493,0.117113850616389,0.0192498044492018,2.37092095721537,0.463734115412169,,,,,,,,,,,,,,,,,,,,,2015.0,1990-11-19,,,,14
Caleb Sturgis,PHI,K,11384,weighted,,,,,,,,,,,,,,,,,,,,,,,0.0,0.0,0.530988639110466,0.145212791117606,1.07994198694706,0.35118766551579,0.212395455644187,0.0580851164470425,0.212395455644187,0.0580851164470425,2.07730239303843,0.296544138122937,,,,,,,,,,,,,,,,,,,,,2013.0,1989-08-09,,,,14
Dustin Hopkins,WAS,K,11387,weighted,,,,,,,,,,,,,,,,,,,,,,,0.0,0.0,0.515532994923858,0.335062869372694,0.515532994923858,0.335062869372694,0.294590282813633,0.191464496784397,0.147295141406817,0.0957322483921983,2.14474256707759,0.189741055021557,,,,,,,,,,,,,,,,,,,,,2013.0,1990-10-01,,,,14
Chris Boswell,PIT,K,11936,weighted,,,,,,,,,,,,,,,,,,,,,,,0.0,0.0,0.345149774083784,0.0998765094302374,1.01400680537736,0.370153966252069,0.575249623472974,0.166460849050396,0.0,0.0,2.00493110949964,0.322333349066588,,,,,,,,,,,,,,,,,,,,,2014.0,1991-03-16,Q,Abdomen,2016.0,14
Andrew Franks,MIA,K,12425,weighted,,,,,,,,,,,,,,,,,,,,,,,0.0,0.0,0.434459753444525,0.331976263545068,0.543074691805656,0.414970329431335,0.108614938361131,0.0829940658862671,0.0,0.0,1.8562726613488,0.584435473184041,,,,,,,,,,,,,,,,,,,,,2015.0,1993-01-11,,,,14
Dan Carpenter,BUF,K,9299,weighted,,,,,,,,,,,,,,,,,,,,,,,0.0,0.0,0.402803964225284,0.283494011510772,0.302102973168963,0.212620508633079,0.302102973168963,0.212620508633079,0.100700991056321,0.0708735028776931,2.0723712835388,0.0948705275107784,,,,,,,,,,,,,,,,,,,,,2008.0,1985-11-25,,,,14
Ryan Succop,TEN,K,9686,weighted,,,,,,,,,,,,,,,,,,,,,,,0.524474256707759,0.367176723343549,0.64680928208847,0.294367548078154,0.415155910079768,0.102690527909519,0.691926516799613,0.171150879849198,0.138385303359923,0.0342301759698396,1.7389412617839,0.493462733456647,,,,,,,,,,,,,,,,,,,,,2009.0,1986-09-19,,,,14
Robbie Gould,NYG,K,8153,weighted,,,,,,,,,,,,,,,,,,,,,,,0.0,0.0,0.632451051486584,0.330038708604706,0.397679477882524,0.14041757737372,0.713905003625816,0.301544172470202,0.198839738941262,0.0702087886868598,2.02248005801305,0.123765003115778,,,,,,,,,,,,,,,,,,,,,2005.0,1982-12-06,,,,14
Nick Novak,HOU,K,8144,weighted,,,,,,,,,,,,,,,,,,,,,,,0.114394488759971,0.0128363159886898,0.698585931834663,0.243659285259446,0.806870920957215,0.168690299140824,0.457577955039884,0.0513452639547594,0.114394488759971,0.0128363159886898,1.99876722262509,0.080583337266647,,,,,,,,,,,,,,,,,,,,,,,,,,14
Mason Crosby,GB,K,8742,weighted,,,,,,,,,,,,,,,,,,,,,,,0.102871646120377,0.0276646886287557,0.411486584481508,0.110658754515023,1.04501812907904,0.333829789403844,0.308614938361131,0.0829940658862671,0.102871646120377,0.0276646886287557,2.02371283538796,0.0491418423196213,,,,,,,,,,,,,,,,,,,,,2007.0,1984-09-03,,,,14
Brandon McManus,DEN,K,11947,weighted,,,,,,,,,,,,,,,,,,,,,,,0.0,0.0,0.689975482578818,0.202228419882118,0.737466763355088,0.174723169593805,0.642484201802548,0.233368947443026,0.316057184295038,0.0748813583973448,2.04865844815083,0.0577494133476055,,,,,,,,,,,,,,,,,,,,,2014.0,1991-07-25,,,,14
Phil Dawson,SF,K,3494,weighted,,,,,,,,,,,,,,,,,,,,,,,0.0,0.0,0.617440174039159,0.258709118468573,0.671582668600435,0.221183840286933,0.671582668600435,0.221183840286933,0.258611312545323,0.0783399492392836,1.48658448150834,0.577494133476055,,,,,,,,,,,,,,,,,,,,,1998.0,1975-01-23,,,,14
Nick Folk,NYJ,K,8851,weighted,,,,,,,,,,,,,,,,,,,,,,,0.0,0.0,0.673717367657723,0.231643172609375,0.447108411892676,0.139082339961415,0.465436910804931,0.353016362375482,0.17884336475707,0.0556329359845661,1.65155910079768,0.470428770030514,,,,,,,,,,,,,,,,,,,,,2007.0,1984-11-05,,,,14
Greg Zuerlein,LA,K,10868,weighted,,,,,,,,,,,,,,,,,,,,,,,0.0,0.0,0.485738457819676,0.336336938021583,0.581169929900894,0.279511773683714,0.485738457819676,0.336336938021583,0.253550510403302,0.137178081356545,1.64162436548223,0.448351456461532,,,,,,,,,,,,,,,,,,,,,2012.0,1987-12-27,,,,14
Justin Tucker,BAL,K,10976,weighted,,,,,,,,,,,,,,,,,,,,,,,0.0,0.0,0.273421043544321,0.103115639430065,0.341776304430402,0.128894549287581,0.870510031423737,0.229766016534442,0.341776304430402,0.128894549287581,1.63915881073241,0.432788734880353,,,,,,,,,,,,,,,,,,,,,2012.0,1989-11-21,,,,14
Jason Myers,JAC,K,12437,weighted,,,,,,,,,,,,,,,,,,,,,,,0.0,0.0,0.319579405366207,0.216394367440176,0.319579405366207,0.216394367440176,0.399474256707759,0.27049295930022,0.159789702683104,0.108197183720088,1.26947063089195,0.341889594961351,,,,,,,,,,,,,,,,,,,,,,1991-05-12,,,,14
Randy Bullock,PIT,K,10862,weighted,,,,,,,,,,,,,,,,,,,,,,,,,,,,,,,,,0.6,1.57048258878978e-16,,,,,,,,,,,,,,,,,,,,,2012.0,1989-12-16,,,,14
Shayne Graham,FA,K,nfl_2504162,weighted,,,,,,,,,,,,,,,,,,,,,,,,,,,,,,,,,0.0,0.0,,,,,,,,,,,,,,,,,,,,,,,,,,14
Bills,BUF,DST,0501,weighted,,,,,,,,,,,,,,,,,,,,,,,,,,,,,,,,,,,0.7051,0.300947574314205,1.6727,0.585632899661836,0.0,0.0,0.05085,0.0501579290523675,,,,,,,,,,,,,,,,,,14
49ers,SF,DST,0530,weighted,,,,,,,,,,,,,,,,,,,,,,,,,,,,,,,,,,,0.8741,0.451919994031444,1.8658,0.11510417665582,0.0,0.0,0.0109666666666667,0.0191840294426367,,,,,,,,,,,,,,,,,,14
Chargers,SD,DST,0514,weighted,,,,,,,,,,,,,,,,,,,,,,,,,,,,,,,,,,,1.1342,0.11510417665582,1.7023,0.357882994540933,0.04915,0.0501579290523675,0.2,0.0,,,,,,,,,,,,,,,,,,14
Saints,NO,DST,0529,weighted,,,,,,,,,,,,,,,,,,,,,,,,,,,,,,,,,,,0.8348,0.20667487282273,1.9329,0.0575520883279101,0.0,0.0,0.1017,0.100315858104735,,,,,,,,,,,,,,,,,,14
Raiders,OAK,DST,0513,weighted,,,,,,,,,,,,,,,,,,,,,,,,,,,,,,,,,,,0.74745,0.150473787157102,1.9346,0.114924674414698,0.0,0.0,0.2017,0.100315858104735,,,,,,,,,,,,,,,,,,14
Eagles,PHI,DST,0518,weighted,,,,,,,,,,,,,,,,,,,,,,,,,,,,,,,,,,,0.9034,0.20063171620947,1.4782,0.647885681865947,0.0,0.0,0.1,0.0,,,,,,,,,,,,,,,,,,14
Browns,CLE,DST,0507,weighted,,,,,,,,,,,,,,,,,,,,,,,,,,,,,,,,,,,0.6989,0.263080046141218,1.7694,0.319377329324622,0.0,0.0,0.05085,0.0501579290523675,,,,,,,,,,,,,,,,,,14
Rams,LA,DST,0528,weighted,,,,,,,,,,,,,,,,,,,,,,,,,,,,,,,,,,,0.601219512195122,0.565685424949238,1.75076219512195,0.353553390593274,0.0,0.0,0.0,0.0,,,,,,,,,,,,,,,,,,14
Ravens,BAL,DST,0531,weighted,,,,,,,,,,,,,,,,,,,,,,,,,,,,,,,,,,,0.64575,0.250789645261837,1.7725,0.664473460696371,0.05085,0.0501579290523675,0.1,0.0,,,,,,,,,,,,,,,,,,14
Bears,CHI,DST,0521,weighted,,,,,,,,,,,,,,,,,,,,,,,,,,,,,,,,,,,0.6335,0.348501192749852,2.6366,0.548314260227421,0.14915,0.0501579290523675,0.1,0.0,,,,,,,,,,,,,,,,,,14
Panthers,CAR,DST,0527,weighted,,,,,,,,,,,,,,,,,,,,,,,,,,,,,,,,,,,1.0361,0.153610860425877,2.6986,0.694465241052781,0.0,0.0,0.4305,0.491031641574058,,,,,,,,,,,,,,,,,,14
Cardinals,ARI,DST,0519,weighted,,,,,,,,,,,,,,,,,,,,,,,,,,,,,,,,,,,0.8348,0.20667487282273,2.2735,0.381548594606876,0.0436666666666667,0.050929740533706,0.0673,0.0574623372073492,,,,,,,,,,,,,,,,,,14
Buccaneers,TB,DST,0525,weighted,,,,,,,,,,,,,,,,,,,,,,,,,,,,,,,,,,,1.1983,0.100315858104735,1.9343,0.855990677221562,0.04915,0.0501579290523675,0.14915,0.0501579290523675,,,,,,,,,,,,,,,,,,14
Commanders,WAS,DST,0520,weighted,,,,,,,,,,,,,,,,,,,,,,,,,,,,,,,,,,,0.8021,0.262785598110092,2.5317,0.546374398165388,0.0,0.0,0.15085,0.0501579290523675,,,,,,,,,,,,,,,,,,14
Giants,NYG,DST,0517,weighted,,,,,,,,,,,,,,,,,,,,,,,,,,,,,,,,,,,0.64575,0.250789645261837,1.6315,0.645464585204692,0.0,0.0,0.1,0.0,,,,,,,,,,,,,,,,,,14
Texans,HOU,DST,0532,weighted,,,,,,,,,,,,,,,,,,,,,,,,,,,,,,,,,,,0.9051,0.300947574314205,2.0102,0.60189514862841,0.0,0.0,0.15085,0.0501579290523675,,,,,,,,,,,,,,,,,,14
Packers,GB,DST,0523,weighted,,,,,,,,,,,,,,,,,,,,,,,,,,,,,,,,,,,0.8017,0.100315858104735,2.5092,0.560352000567872,0.0,0.0,0.05085,0.0501579290523675,,,,,,,,,,,,,,,,,,14
Jets,NYJ,DST,0505,weighted,,,,,,,,,,,,,,,,,,,,,,,,,,,,,,,,,,,0.612666666666667,0.101859481067412,1.9809,0.852752089535222,0.0,0.0,0.0109666666666667,0.0191840294426367,,,,,,,,,,,,,,,,,,14
Jaguars,JAC,DST,0509,weighted,,,,,,,,,,,,,,,,,,,,,,,,,,,,,,,,,,,0.5354,0.49934441051607,2.3062,0.363120490789387,0.0563333333333333,0.050929740533706,0.112666666666667,0.101859481067412,,,,,,,,,,,,,,,,,,14
Dolphins,MIA,DST,0503,weighted,,,,,,,,,,,,,,,,,,,,,,,,,,,,,,,,,,,1.0654,0.114924674414698,2.1032,0.174563834702059,0.1017,0.100315858104735,0.2,0.0,,,,,,,,,,,,,,,,,,14
Broncos,DEN,DST,0511,weighted,,,,,,,,,,,,,,,,,,,,,,,,,,,,,,,,,,,1.0017,0.100315858104735,2.4336,0.401183555988539,0.0,0.0,0.1,0.0,,,,,,,,,,,,,,,,,,14
Steelers,PIT,DST,0510,weighted,,,,,,,,,,,,,,,,,,,,,,,,,,,,,,,,,,,0.7966,0.20063171620947,2.5695,0.491031641574058,0.0873333333333333,0.101859481067412,0.156333333333333,0.050929740533706,,,,,,,,,,,,,,,,,,14
Titans,TEN,DST,0508,weighted,,,,,,,,,,,,,,,,,,,,,,,,,,,,,,,,,,,1.1979,0.262785598110092,2.5041,0.435268715672749,0.0,0.0,0.15255,0.150473787157102,,,,,,,,,,,,,,,,,,14
Colts,IND,DST,0502,weighted,,,,,,,,,,,,,,,,,,,,,,,,,,,,,,,,,,,0.9346,0.114924674414698,1.733,0.697002385499703,0.0,0.0,0.110966666666667,0.0191840294426367,,,,,,,,,,,,,,,,,,14
Chiefs,KC,DST,0512,weighted,,,,,,,,,,,,,,,,,,,,,,,,,,,,,,,,,,,0.75085,0.0501579290523675,1.6625,0.757901311734692,0.04915,0.0501579290523675,0.14915,0.0501579290523675,,,,,,,,,,,,,,,,,,14
Cowboys,DAL,DST,0516,weighted,,,,,,,,,,,,,,,,,,,,,,,,,,,,,,,,,,,0.448966666666667,0.309494007018917,1.4319,0.447337024621394,0.0,0.0,0.112666666666667,0.101859481067412,,,,,,,,,,,,,,,,,,14
Seahawks,SEA,DST,0515,weighted,,,,,,,,,,,,,,,,,,,,,,,,,,,,,,,,,,,0.752933333333333,0.150918275020065,2.2013,0.17265626498373,0.0436666666666667,0.050929740533706,0.1,0.0,,,,,,,,,,,,,,,,,,14
Falcons,ATL,DST,0526,weighted,,,,,,,,,,,,,,,,,,,,,,,,,,,,,,,,,,,0.8365,0.287311686036746,1.9295,0.209525643675894,0.0,0.0,0.110966666666667,0.0191840294426367,,,,,,,,,,,,,,,,,,14
Lions,DET,DST,0522,weighted,,,,,,,,,,,,,,,,,,,,,,,,,,,,,,,,,,,1.062,0.305578443202236,1.8726,0.415834878202028,0.0563333333333333,0.050929740533706,0.154633333333333,0.0512036201419589,,,,,,,,,,,,,,,,,,14
Patriots,NE,DST,0504,weighted,,,,,,,,,,,,,,,,,,,,,,,,,,,,,,,,,,,0.781666666666667,0.25464870266853,2.0637,0.207917439101014,0.0873333333333333,0.101859481067412,0.0673,0.0574623372073492,,,,,,,,,,,,,,,,,,14
Vikings,MIN,DST,0524,weighted,,,,,,,,,,,,,,,,,,,,,,,,,,,,,,,,,,,1.1376,0.232751779602746,2.4404,0.453392767184641,0.0,0.0,0.210966666666667,0.0191840294426367,,,,,,,,,,,,,,,,,,14
Bengals,CIN,DST,0506,weighted,,,,,,,,,,,,,,,,,,,,,,,,,,,,,,,,,,,1.2565,0.735796742846363,2.3457,0.670908969817111,0.0873333333333333,0.101859481067412,0.0673,0.0574623372073492,,,,,,,,,,,,,,,,,,14
