player,team,position,id,avg_type,pass_yds,pass_yds_sd,pass_tds,pass_tds_sd,pass_int,pass_int_sd,rush_yds,rush_yds_sd,rush_tds,rush_tds_sd,fumbles_lost,fumbles_lost_sd,two_pts,two_pts_sd,return_tds,return_tds_sd,rec,rec_sd,rec_yds,rec_yds_sd,rec_tds,rec_tds_sd,fg_0019,fg_0019_sd,fg_2029,fg_2029_sd,fg_3039,fg_3039_sd,fg_4049,fg_4049_sd,fg_50,fg_50_sd,xp,xp_sd,dst_int,dst_int_sd,dst_sacks,dst_sacks_sd,dst_safety,dst_safety_sd,dst_td,dst_td_sd,dst_blk,dst_blk_sd,idp_solo,idp_solo_sd,idp_sack,idp_sack_sd,idp_int,idp_int_sd,idp_pd,idp_pd_sd,idp_td,idp_td_sd,draft_year,birthdate,injury_status,injury_details,season_year,week
Jared Goff,LAR,QB,12611,weighted,302.351318681319,12.5991458212875,1.93483516483516,0.146350639640676,0.560151098901099,0.387393456746624,5.04879807692308,1.44225367300932,0.0737622618631369,0.0512772795294949,0.17415293040293,0.0161000790232559,,,,,,,,,,,,,,,,,,,,,,,,,,,,,,,,,,,,,,,,,,,2016.0,1994-10-14,,,,10
Russell Wilson,SEA,QB,10703,weighted,282.199821428571,28.7115266243805,2.37820054945055,0.448763970006633,0.464065934065934,0.322208536318112,23.4056153846154,2.49843149858207,0.0767543969734086,0.0528654693895417,0.17415293040293,0.0161000790232559,,,,,,,,,,,,,,,,,,,,,,,,,,,,,,,,,,,,,,,,,,,2012.0,1988-11-29,,,,10
Josh Allen,BUF,QB,13589,weighted,275.445,24.7585217467335,1.89910714285714,0.18772851979996,0.813777472527473,0.161229551287878,33.0669876373626,4.2261468269062,0.294390690635784,0.20788734830495,0.248305860805861,0.0322001580465118,,,,,,,,,,,,,,,,,,,,,,,,,,,,,,,,,,,,,,,,,,,2018.0,1996-05-21,,,,10
Aaron Rodgers,GB,QB,7836,weighted,283.464010989011,12.5291760397133,2.34571428571429,0.486674654376941,0.232967032967033,0.161569185527367,9.26948901098901,1.71754626030078,0.0595246309432744,0.0448333695595211,0.17415293040293,0.0161000790232559,,,,,,,,,,,,,,,,,,,,,,,,,,,,,,,,,,,,,,,,,,,2005.0,1983-12-02,,,,10
Justin Herbert,LAC,QB,14779,weighted,276.815272373541,17.262262527171,2.23614785992218,0.715990832277779,0.896147859922179,0.116131010860523,20.7929280155642,3.67702227990917,0.104758433275645,0.100905655306795,0.2,0.0,,,,,,,,,,,,,,,,,,,,,,,,,,,,,,,,,,,,,,,,,,,2020.0,1998-03-10,,,,10
Tom Brady,TB,QB,5848,weighted,270.253598901099,24.0468787463307,1.9484478021978,0.0934926737860521,0.466318681318681,0.366143140822426,1.97360714285714,1.39628019260763,0.0588351648351648,0.0438964944121666,0.1,0.0,,,,,,,,,,,,,,,,,,,,,,,,,,,,,,,,,,,,,,,,,,,2000.0,1977-08-03,,,,10
Carson Wentz,PHI,QB,12610,weighted,255.689450549451,28.6954164991786,1.82135989010989,0.243163703246214,1.22556318681319,0.556237287608698,19.5358430631868,1.04769392822872,0.146044759017924,0.103676959221755,0.422458791208791,0.0483002370697677,,,,,,,,,,,,,,,,,,,,,,,,,,,,,,,,,,,,,,,,,,,2016.0,1992-12-30,,,,10
Drew Brees,NO,QB,4925,weighted,258.414395604396,33.444229482524,1.94997252747253,0.233203556734896,0.369848901098901,0.253936936565459,2.50148901098901,2.09461123156239,0.0641565934065934,0.0453627129281652,0.196611721611722,0.0644003160930237,,,,,,,,,,,,,,,,,,,,,,,,,,,,,,,,,,,,,,,,,,,2001.0,1979-01-15,,,,10
Ben Roethlisberger,PIT,QB,7401,weighted,274.76210806023,8.99205247384595,1.95436669619132,0.0887727152791701,0.47273693534101,0.432598348876335,3.55789193976971,3.10859282151307,0.055022143489814,0.0519935007925314,0.1,0.0,,,,,,,,,,,,,,,,,,,,,,,,,,,,,,,,,,,,,,,,,,,2004.0,1982-03-02,,,,10
Philip Rivers,IND,QB,7394,weighted,262.319163424125,2.47868246887127,1.66721789883268,0.411214427583892,1.03807392996109,0.0528469625068612,1.12177772373541,1.18852994884875,0.0078550583657587,0.0103738959601902,0.0781841763942931,0.015232429624168,,,,,,,,,,,,,,,,,,,,,,,,,,,,,,,,,,,,,,,,,,,2004.0,1981-12-08,,,,10
Teddy Bridgewater,CAR,QB,11640,weighted,262.070041208791,21.0315735378507,1.6670467032967,0.472743571646069,0.82739010989011,0.126417600217499,15.2628777472527,1.20889858096772,0.0861559228521887,0.0656035923529205,0.1,0.0,,,,,,,,,,,,,,,,,,,,,,,,,,,,,,,,,,,,,,,,,,,2014.0,1992-11-10,,,,10
Deshaun Watson,HOU,QB,13113,weighted,272.040961538462,6.28903782880408,1.85114010989011,0.218617423250292,0.488049450549451,0.347267520233975,30.3499570741758,0.379561442388713,0.156013473778749,0.114608835113152,0.120401785714286,0.031395154095349,,,,,,,,,,,,,,,,,,,,,,,,,,,,,,,,,,,,,,,,,,,2017.0,1995-09-14,,,,10
Matthew Stafford,DET,QB,9431,weighted,264.970082417582,22.6747465119741,1.56292582417582,0.460214988153492,0.8325,0.161977872367171,8.39020604395604,0.542180567859089,0.0262560629026146,0.0462749431115333,0.17415293040293,0.0161000790232559,,,,,,,,,,,,,,,,,,,,,,,,,,,,,,,,,,,,,,,,,,,2009.0,1988-02-07,,,,10
Nick Mullens,SF,QB,13968,weighted,259.309591439689,25.5317081123339,1.17011673151751,0.173421802642622,0.926984435797665,0.107443965194412,3.65097276264591,4.03800563072405,0.0461186770428016,0.056081209717893,0.331809338521401,0.0571216110906299,,,,,,,,,,,,,,,,,,,,,,,,,,,,,,,,,,,,,,,,,,,2017.0,1995-03-21,,,,10
Nick Foles,CHI,QB,10699,weighted,256.759280155642,15.2731212013498,1.58675097276265,0.391010565014842,0.870603112840467,0.121375762750397,4.13360894941634,3.27414623414295,0.0443059179822157,0.0425980459636856,0.111822308690013,0.026656751842294,,,,,,,,,,,,,,,,,,,,,,,,,,,,,,,,,,,,,,,,,,,2012.0,1989-01-20,,,,10
Kyler Murray,ARI,QB,14056,weighted,248.789972527473,27.0857408467306,1.84092032967033,0.279274074544715,0.872307692307692,0.0999118245211446,49.5821456043956,9.79565720210112,0.715629176503534,0.197571053860417,0.17415293040293,0.0161000790232559,,,,,,,,,,,,,,,,,,,,,,,,,,,,,,,,,,,,,,,,,,,2019.0,1997-08-07,,,,10
Jake Luton,JAC,QB,14793,weighted,231.630311614731,60.1040764008565,1.04631728045326,0.0707106781186548,0.907365439093485,0.14142135623731,7.86104815864023,0.212132034355964,0.0240975040196003,0.0367886636157866,0.419475920679887,0.106066017177982,,,,,,,,,,,,,,,,,,,,,,,,,,,,,,,,,,,,,,,,,,,2020.0,1970-01-01,,,,10
Ryan Tannehill,TEN,QB,10697,weighted,241.026730769231,24.0073955263024,1.86475274725275,0.235716041882385,0.780260989010989,0.201549552422716,14.0384725274725,0.883161181512407,0.0835405519886982,0.0600106127361628,0.2,0.0,,,,,,,,,,,,,,,,,,,,,,,,,,,,,,,,,,,,,,,,,,,2012.0,1988-07-27,,,,10
Joe Burrow,CIN,QB,14777,weighted,252.311245136187,19.2724632483929,1.5445719844358,0.461487189147156,0.832529182879377,0.160625763771181,15.335593385214,0.823728881811864,0.0700438777553197,0.0714078923476254,0.3659046692607,0.028560805545315,,,,,,,,,,,,,,,,,,,,,,,,,,,,,,,,,,,,,,,,,,,2020.0,1996-12-10,,,,10
Drew Lock,DEN,QB,14057,weighted,252.211750972763,21.1192747409386,1.65782101167315,0.4087153476172,0.946750972762646,0.0967045192986381,12.1143360894942,1.97137312670883,0.0649476853758777,0.0630848594833339,0.122730220492866,0.01904053703021,,,,,,,,,,,,,,,,,,,,,,,,,,,,,,,,,,,,,,,,,,,2019.0,1996-11-10,,,,10
Derek Carr,LVR,QB,11644,weighted,251.945082417582,4.78591874937957,1.87478021978022,0.186324736878148,0.353681318681319,0.274840583148023,12.370106456044,2.64561477972003,0.08175993897929,0.0593466365694749,0.361229395604396,0.0241501185348839,,,,,,,,,,,,,,,,,,,,,,,,,,,,,,,,,,,,,,,,,,,2014.0,1991-03-28,,,,10
Kirk Cousins,MIN,QB,10700,weighted,234.899766536965,17.0147222805036,1.65614785992218,0.325246986647121,0.846031128404669,0.201966529363417,4.18666342412451,0.343486542809355,0.0217691196213621,0.0253276653783677,0.2,0.0,,,,,,,,,,,,,,,,,,,,,,,,,,,,,,,,,,,,,,,,,,,2012.0,1988-08-19,,,,10
Alex Smith,WAS,QB,7813,weighted,236.621479198767,20.8384368415676,1.30342064714946,0.289913780286484,0.656117103235747,0.205060966544099,11.9157318952234,0.134350288425444,0.0849701427728284,0.0069751059820423,0.0248073959938367,0.0353553390593274,,,,,,,,,,,,,,,,,,,,,,,,,,,,,,,,,,,,,,,,,,,2005.0,1984-05-07,,,,10
Daniel Jones,NYG,QB,14059,weighted,230.706167315175,16.5912818603782,1.19204280155642,0.207043541380244,0.937354085603113,0.11377002270428,24.1000194552529,1.64004831345924,0.0917921117425501,0.0962396774391442,0.531809338521401,0.0571216110906299,,,,,,,,,,,,,,,,,,,,,,,,,,,,,,,,,,,,,,,,,,,2019.0,1997-05-27,,,,10
Baker Mayfield,CLE,QB,13590,weighted,238.693968871595,7.8288141905378,1.86795719844358,0.163726386676386,0.959280155642023,0.0739505147577821,8.44733463035019,0.483283950434783,0.0474181311175785,0.0467175424352994,0.0604571984435798,0.017136483327189,,,,,,,,,,,,,,,,,,,,,,,,,,,,,,,,,,,,,,,,,,,2018.0,1995-04-14,,,,10
Tua Tagovailoa,MIA,QB,14778,weighted,230.44546692607,16.3703583859703,1.69540856031128,0.422775700054889,0.785058365758755,0.209768463159521,18.2064980544747,1.2269660251616,0.118736007493673,0.131233752876836,0.2,0.0,,,,,,,,,,,,,,,,,,,,,,,,,,,,,,,,,,,,,,,,,,,2020.0,1998-03-02,,,,10
Lamar Jackson,BAL,QB,13593,weighted,204.081675824176,26.295648139027,1.23358516483516,0.316568918577998,0.735728021978022,0.18730112606503,54.2400841346154,8.14545320665505,0.60825489129123,0.280893919098449,0.361229395604396,0.0241501185348839,,,,,,,,,,,,,,,,,,,,,,,,,,,,,,,,,,,,,,,,,,,2018.0,1997-01-07,,,,10
Cam Newton,NE,QB,10273,weighted,202.371284046693,8.87699460573129,0.500953307392996,0.506516741227863,1.0036186770428,0.09263784571222,38.2144357976654,2.96246726899277,0.687051337399047,0.313447002338129,0.1659046692607,0.0285608055453149,,,,,,,,,,,,,,,,,,,,,,,,,,,,,,,,,,,,,,,,,,,2011.0,1989-05-11,,,,10
Jarrett Stidham,NE,QB,14063,weighted,23.0,,0.2,,0.6,,6.4,,0.0,,0.0,,,,,,,,,,,,,,,,,,,,,,,,,,,,,,,,,,,,,,,,,,,,2019.0,1996-08-08,,,,10
Ryan Fitzpatrick,MIA,QB,8062,weighted,39.8043143297381,55.8614357137373,0.251926040061633,0.353553390593274,0.100770416024653,0.14142135623731,2.01540832049307,2.82842712474619,0.0,0.0,0.0150385208012327,0.0070710678118654,,,,,,,,,,,,,,,,,,,,,,,,,,,,,,,,,,,,,,,,,,,2005.0,1982-11-24,,,,10
C.J. Beathard,SF,QB,13125,weighted,28.2157164869029,39.5979797464467,0.0403081664098613,0.0565685424949238,0.15115562403698,0.212132034355964,2.06579352850539,2.89913780286484,0.0251926040061633,0.0353553390593274,0.124807395993837,0.0353553390593274,,,,,,,,,,,,,,,,,,,,,,,,,,,,,,,,,,,,,,,,,,,2017.0,1993-11-16,,,,10
Chase Daniel,DET,QB,9706,weighted,8.56548536209553,12.0208152801713,0.100770416024653,0.14142135623731,0.100770416024653,0.14142135623731,0.655007704160247,0.919238815542512,0.0,0.0,0.0248073959938367,0.0353553390593274,,,,,,,,,,,,,,,,,,,,,,,,,,,,,,,,,,,,,,,,,,,2009.0,1986-10-07,,,,10
Mike Glennon,FA,QB,11152,weighted,11.0847457627119,15.556349186104,0.100770416024653,0.14142135623731,0.0503852080123267,0.0707106781186548,0.579429892141757,0.813172798364529,0.0,0.0,0.250385208012327,0.0707106781186547,,,,,,,,,,,,,,,,,,,,,,,,,,,,,,,,,,,,,,,,,,,2013.0,1989-12-12,,,,10
Jalen Hurts,PHI,QB,14783,weighted,2.0,,0.0,,0.0,,6.4,,0.1,,0.0,,,,,,,,,,,,,,,,,,,,,,,,,,,,,,,,,,,,,,,,,,,,2020.0,1998-08-07,,,,10
Matt Barkley,BUF,QB,11151,weighted,25.1926040061633,35.3553390593274,0.0,0.0,0.201540832049307,0.282842712474619,0.0251926040061633,0.0353553390593274,0.0,0.0,0.0751926040061633,0.0353553390593274,,,,,,,,,,,,,,,,,,,,,,,,,,,,,,,,,,,,,,,,,,,2013.0,1990-09-08,,,,10
Jacoby Brissett,IND,QB,12616,weighted,16.6271186440678,23.3345237791561,0.0503852080123267,0.0707106781186548,0.0403081664098613,0.0565685424949238,0.07557781201849,0.106066017177982,0.0,0.0,0.045115562403698,0.0212132034355964,,,,,,,,,,,,,,,,,,,,,,,,,,,,,,,,,,,,,,,,,,,2016.0,1992-12-11,,,,10
Jameis Winston,NO,QB,12140,weighted,14.6117103235747,20.5060966544099,0.0503852080123267,0.0707106781186548,0.0503852080123267,0.0707106781186548,0.30231124807396,0.424264068711928,0.0,0.0,0.045115562403698,0.0212132034355964,,,,,,,,,,,,,,,,,,,,,,,,,,,,,,,,,,,,,,,,,,,2015.0,1994-01-06,,,,10
Dwayne Haskins,WAS,QB,14058,weighted,4.5346687211094,6.36396103067893,0.0201540832049307,0.0282842712474619,0.0403081664098613,0.0565685424949238,0.07557781201849,0.106066017177982,0.0,0.0,0.0150385208012327,0.0070710678118654,,,,,,,,,,,,,,,,,,,,,,,,,,,,,,,,,,,,,,,,,,,2019.0,1970-01-01,,,,10
Case Keenum,CLE,QB,10948,weighted,8.06163328197226,11.3137084989848,0.0050385208012326,0.0070710678118654,0.0,0.0,0.100770416024653,0.14142135623731,0.0,0.0,0.0075192604006163,0.0035355339059327,,,,,,,,,,,,,,,,,,,,,,,,,,,,,,,,,,,,,,,,,,,2012.0,1988-02-17,,,,10
Taysom Hill,NO,QB,13424,weighted,7.90509915014164,7.77817459305202,0.0,0.0,0.0,0.0,8.65262039660057,0.530330085889911,0.0,0.0,0.0,0.0,,,,,,,,,,,,,,,,,,,,,,,,,,,,,,,,,,,,,,,,,,,2017.0,1990-08-23,,,,10
Logan Woodside,TEN,QB,13846,weighted,12.0,,0.0,,0.3,,0.2,,0.0,,0.0,,,,,,,,,,,,,,,,,,,,,,,,,,,,,,,,,,,,,,,,,,,,2018.0,1995-01-27,,,,10
Tyrod Taylor,LAC,QB,10413,weighted,0.0,0.0,0.0,0.0,0.0,0.0,0.201540832049307,0.282842712474619,0.0,0.0,0.0,0.0,,,,,,,,,,,,,,,,,,,,,,,,,,,,,,,,,,,,,,,,,,,2011.0,1989-08-03,,,,10
Robert Griffin,BAL,QB,10696,weighted,5.54237288135593,7.77817459305202,0.015115562403698,0.0212132034355964,0.100770416024653,0.14142135623731,0.352696456086287,0.494974746830583,0.0,0.0,0.0,0.0,,,,,,,,,,,,,,,,,,,,,,,,,,,,,,,,,,,,,,,,,,,2012.0,1990-02-12,,,,10
Blaine Gabbert,TB,QB,10262,weighted,0.0,0.0,0.0,0.0,0.0,0.0,0.0503852080123267,0.0707106781186548,0.0,0.0,0.0,0.0,,,,,,,,,,,,,,,,,,,,,,,,,,,,,,,,,,,,,,,,,,,2011.0,1989-10-15,,,,10
AJ McCarron,HOU,QB,11643,weighted,0.0,0.0,0.0,0.0,0.0,0.0,0.0503852080123267,0.0707106781186548,0.0,0.0,0.0,0.0,,,,,,,,,,,,,,,,,,,,,,,,,,,,,,,,,,,,,,,,,,,2014.0,1990-09-13,,,,10
Ryan Finley,CIN,QB,14068,weighted,7.0,,0.04,,0.03,,0.8,,0.0,,0.05,,,,,,,,,,,,,,,,,,,,,,,,,,,,,,,,,,,,,,,,,,,,2019.0,1970-01-01,,,,10
Marcus Mariota,LVR,QB,12141,weighted,0.0,,0.0,,0.0,,0.0,,0.0,,0.0,,,,,,,,,,,,,,,,,,,,,,,,,,,,,,,,,,,,,,,,,,,,2015.0,1993-10-30,O,Coach's Decision,2020.0,10
Brett Hundley,ARI,QB,12142,weighted,0.0,,0.0,,0.0,,0.0,,0.0,,0.0,,,,,,,,,,,,,,,,,,,,,,,,,,,,,,,,,,,,,,,,,,,,2015.0,1993-06-15,O,Coach's Decision,2020.0,10
Colt McCoy,NYG,QB,9899,weighted,0.0,0.0,0.0,0.0,0.0,0.0,0.176348228043143,0.247487373415292,0.0,0.0,0.0,0.0,,,,,,,,,,,,,,,,,,,,,,,,,,,,,,,,,,,,,,,,,,,2010.0,1986-09-05,,,,10
Sean Mannion,MIN,QB,12145,weighted,1.5115562403698,2.12132034355964,0.0,0.0,0.015115562403698,0.0212132034355964,0.0251926040061633,0.0353553390593274,0.0,0.0,0.0075192604006163,0.0035355339059327,,,,,,,,,,,,,,,,,,,,,,,,,,,,,,,,,,,,,,,,,,,2015.0,1992-04-25,,,,10
Geno Smith,SEA,QB,11150,weighted,0.0,,0.0,,0.0,,0.0,,0.0,,0.0,,,,,,,,,,,,,,,,,,,,,,,,,,,,,,,,,,,,,,,,,,,,2013.0,1990-10-10,,,,10
Brian Hoyer,NE,QB,9714,weighted,0.0,0.0,0.0,0.0,0.0,0.0,0.0,0.0,0.0,0.0,0.0,0.0,,,,,,,,,,,,,,,,,,,,,,,,,,,,,,,,,,,,,,,,,,,2009.0,1985-10-31,O,Coach's Decision,2020.0,10
Jeff Driskel,DEN,QB,12623,weighted,0.0,,0.0,,0.0,,0.0,,0.0,,0.0,,,,,,,,,,,,,,,,,,,,,,,,,,,,,,,,,,,,,,,,,,,,2016.0,1993-04-23,O,Coach's Decision,2020.0,10
Nathan Peterman,LVR,QB,13127,weighted,0.0,0.0,0.0100770416024653,0.014142135623731,0.0,0.0,0.0,0.0,0.0,0.0,0.0,0.0,,,,,,,,,,,,,,,,,,,,,,,,,,,,,,,,,,,,,,,,,,,2017.0,1994-05-04,,,,10
Dalvin Cook,MIN,RB,13128,weighted,,,,,,,95.9107774725275,5.62808010836272,0.873417812774018,0.0910328365638844,0.1,0.0,,,,,3.4676510989011,0.401017088926398,31.897706043956,4.07681536540085,0.109697802197802,0.0862334378078055,,,,,,,,,,,,,,,,,,,,,,,,,,,,,,,,,2017.0,1995-08-10,,,,10
Derrick Henry,TEN,RB,12626,weighted,,,,,,,93.5247870879121,3.59243058599703,0.889405189593242,0.0863386453709839,0.0931009615384615,0.0085268582419572,,,,,1.29927197802198,0.315619064121843,11.4838461538462,2.70239663367244,0.0560714285714286,0.0458646859794433,,,,,,,,,,,,,,,,,,,,,,,,,,,,,,,,,2016.0,1994-01-04,,,,10
Nick Chubb,CLE,RB,13610,weighted,,,,,,,85.2299124513619,1.38600018096826,0.783671124543092,0.212956336058314,0.1,0.0,,,,,2.17544747081712,0.918825136893047,14.467373540856,3.79231394961593,0.0855447470817121,0.1021788369043,,,,,,,,,,,,,,,,,,,,,,,,,,,,,,,,,2018.0,1995-12-27,,,,10
James Conner,PIT,RB,13146,weighted,,,,,,,77.420342032967,4.56680980272202,0.776012899316573,0.159551806348253,0.0862019230769231,0.0170537164839146,,,,,2.36168956043956,0.301079133470324,18.0447115384615,0.860554783070827,0.0694436813186813,0.0503652941850009,,,,,,,,,,,,,,,,,,,,,,,,,,,,,,,,,2017.0,1995-05-05,,,,10
Aaron Jones,GB,RB,13319,weighted,,,,,,,76.7489725274725,3.56799603949435,0.8952943292495,0.0896729823453632,0.0827524038461539,0.0213171456048932,,,,,3.53925824175824,0.394794119501442,30.5088461538462,2.8632225224733,0.154574175824176,0.107007055918955,,,,,,,,,,,,,,,,,,,,,,,,,,,,,,,,,2017.0,1994-12-02,,,,10
Josh Jacobs,LVR,RB,14073,weighted,,,,,,,75.2058722527473,2.99713536776823,0.79572907927677,0.14176025413323,0.1,0.0,,,,,2.20932692307692,0.228978786054339,15.4060027472527,3.63600633946828,0.0537225274725275,0.0604678239492173,,,,,,,,,,,,,,,,,,,,,,,,,,,,,,,,,2019.0,1998-02-11,,,,10
James Robinson,JAC,RB,14813,weighted,,,,,,,79.4,,0.6,,0.09,,,,,,4.0,,31.0,,0.2,,,,,,,,,,,,,,,,,,,,,,,,,,,,,,,,,,2020.0,1970-01-01,,,,10
Miles Sanders,PHI,RB,14079,weighted,,,,,,,67.1718506809338,6.20231327995695,0.745322979629163,0.244891880725502,0.0890920881971466,0.0076162148120839,,,,,2.78359922178988,0.405224718795477,23.3974708171206,2.60910806991616,0.0756614785992218,0.0735435856458719,,,,,,,,,,,,,,,,,,,,,,,,,,,,,,,,,2019.0,1970-01-01,,,,10
Alvin Kamara,NO,RB,13132,weighted,,,,,,,63.632467032967,4.86632752926434,0.730262680485748,0.187508568864589,0.0689543269230769,0.0383708620888077,,,,,6.07861263736264,0.704993487575552,48.3397664835165,5.95469556389245,0.149807692307692,0.131021735551688,,,,,,,,,,,,,,,,,,,,,,,,,,,,,,,,,2017.0,1995-07-25,,,,10
Chase Edmonds,ARI,RB,13726,weighted,,,,,,,55.1140661478599,11.8953129398252,0.691909719673124,0.305138979551502,0.0406857976653697,0.0257047249907835,,,,,2.60431906614786,0.666243502649422,21.3213618677043,2.7287179954269,0.0819260700389105,0.0821625736666193,,,,,,,,,,,,,,,,,,,,,,,,,,,,,,,,,2018.0,1996-04-13,,,,10
Mike Davis,CAR,RB,12164,weighted,,,,,,,57.6455614697802,6.01956601328319,0.630194477913007,0.263138520404015,0.1,0.0,,,,,4.36083791208791,0.534596402304092,30.584010989011,6.193361354784,0.103063186813187,0.0821566749652841,,,,,,,,,,,,,,,,,,,,,,,,,,,,,,,,,2015.0,1993-02-19,,,,10
Duke Johnson,HOU,RB,12157,weighted,,,,,,,59.0590345330739,5.66883553791357,0.612274766854799,0.380275211442182,0.145460440985733,0.0380810740604199,,,,,3.56241245136187,0.537912755756653,26.4387937743191,5.62163500789459,0.0756614785992218,0.0735435856458719,,,,,,,,,,,,,,,,,,,,,,,,,,,,,,,,,2015.0,1993-09-23,,,,10
Antonio Gibson,WAS,RB,14852,weighted,,,,,,,59.7930058365759,2.26910587330761,0.732319220634273,0.264310067615827,0.1659046692607,0.0285608055453149,,,,,2.63060311284047,0.346527642353402,20.8527821011673,0.267359553355058,0.0439007782101167,0.0714956211613344,,,,,,,,,,,,,,,,,,,,,,,,,,,,,,,,,2020.0,1970-01-01,,,,10
Giovani Bernard,CIN,RB,11193,weighted,,,,,,,60.9313035019455,1.90264089711794,0.168229323874064,0.165953495423391,0.0406857976653697,0.0257047249907835,,,,,3.31684824902724,0.493913232675001,25.3168287937743,1.10566956564361,0.139280155642023,0.152047696416882,,,,,,,,,,,,,,,,,,,,,,,,,,,,,,,,,2013.0,1991-11-22,,,,10
Zack Moss,BUF,RB,14798,weighted,,,,,,,46.2702918287938,13.2995218107913,0.612899408395977,0.382985891726761,0.0406857976653697,0.0257047249907835,,,,,1.7525486381323,0.449391589681906,14.2749027237354,4.94899598763618,0.0824124513618677,0.103050280504301,,,,,,,,,,,,,,,,,,,,,,,,,,,,,,,,,2020.0,1970-01-01,,,,10
Ronald Jones,TB,RB,13606,weighted,,,,,,,53.9596840659341,3.69891355344294,0.326227469605339,0.244968317650585,0.138507326007326,0.0416994026634755,,,,,2.19895604395604,0.378022855618156,14.1969368131868,1.99575818220381,0.0470879120879121,0.0535131462923511,,,,,,,,,,,,,,,,,,,,,,,,,,,,,,,,,2018.0,1997-08-03,,,,10
Kareem Hunt,CLE,RB,13138,weighted,,,,,,,46.2431428571429,11.3795482407955,0.206882321349021,0.146866939635841,0.0655048076923077,0.0426342912097864,,,,,3.29718406593407,0.79163540340627,26.2801373626374,4.89938371523211,0.186222527472527,0.161229551287878,,,,,,,,,,,,,,,,,,,,,,,,,,,,,,,,,2017.0,1995-08-06,,,,10
Damien Harris,NE,RB,14075,weighted,,,,,,,55.2171571011673,1.56635949546988,0.620514431093828,0.360207326142794,0.0836381322957199,0.011424322218126,,,,,1.08484435797665,0.56111780102353,8.9607392996109,6.07313716569776,0.0221692607003891,0.0254047082257239,,,,,,,,,,,,,,,,,,,,,,,,,,,,,,,,,2019.0,1970-01-01,,,,10
Jerick McKinnon,SF,RB,11761,weighted,,,,,,,50.9906936813187,3.95373068121388,0.224610598838172,0.161850041918304,0.0691941391941392,0.0333595221307804,,,,,2.61748626373626,0.699827241474078,21.4785714285714,5.65071392831135,0.0739010989010989,0.0530415987860802,,,,,,,,,,,,,,,,,,,,,,,,,,,,,,,,,2014.0,1992-05-03,,,,10
Wayne Gallman,NYG,RB,13135,weighted,,,,,,,52.5269649805447,3.26626674250385,0.173775533318801,0.171259578307947,0.0736381322957198,0.011424322218126,,,,,2.59976653696498,0.397520378629275,18.4598443579767,3.67443729316164,0.0377821011673152,0.0404205188274124,,,,,,,,,,,,,,,,,,,,,,,,,,,,,,,,,2017.0,1994-10-01,,,,10
Phillip Lindsay,DEN,RB,13614,weighted,,,,,,,40.8319430933852,3.48854706114089,0.137232880246906,0.13243541792486,0.0227302204928664,0.01904053703021,,,,,1.23854085603113,0.35275337558719,9.0076653696498,2.91710611876282,0.0251070038910506,0.0375285542196871,,,,,,,,,,,,,,,,,,,,,,,,,,,,,,,,,2018.0,1994-07-24,,,,10
Leonard Fournette,TB,RB,13129,weighted,,,,,,,43.6852504863813,5.32989591467677,0.207663411133414,0.20641014946675,0.0672762645914397,0.022848644436252,,,,,3.739046692607,0.322048495150147,25.7268871595331,7.25222738156604,0.0470330739299611,0.0771708650029695,,,,,,,,,,,,,,,,,,,,,,,,,,,,,,,,,2017.0,1996-07-06,,,,10
Melvin Gordon,DEN,RB,12151,weighted,,,,,,,50.2354280155642,2.76601616032022,0.2064481953931,0.209478069285646,0.231809338521401,0.0571216110906299,,,,,2.36410505836576,0.405625695722534,16.80546692607,1.67146497226732,0.066215953307393,0.0637594137030038,,,,,,,,,,,,,,,,,,,,,,,,,,,,,,,,,2015.0,1993-04-13,,,,10
D'Andre Swift,DET,RB,14797,weighted,,,,,,,48.7298151750973,2.05752083335793,0.689550855199004,0.316301282088654,0.0538667315175097,0.0199925638817205,,,,,2.92385214007782,0.105693925013722,22.882373540856,0.806644106487963,0.0787937743190661,0.0777644822873645,,,,,,,,,,,,,,,,,,,,,,,,,,,,,,,,,2020.0,1999-01-14,,,,10
Jordan Wilkins,IND,RB,13789,weighted,,,,,,,44.0190077821012,5.78954198683538,0.168143421020859,0.181768644107488,0.0472762645914397,0.022848644436252,,,,,1.14122568093385,0.486118770333016,8.65877431906615,6.15494603326681,0.0156614785992218,0.02844250567607,,,,,,,,,,,,,,,,,,,,,,,,,,,,,,,,,2018.0,1994-07-18,,,,10
Darrell Henderson,LAR,RB,14087,weighted,,,,,,,44.7340573489011,8.29777180989103,0.260637383810242,0.210319883882454,0.0608470695970696,0.0293956415577557,,,,,2.0307967032967,0.711244507026711,16.4409752747253,3.99387473187965,0.0695467032967033,0.0486126120612745,,,,,,,,,,,,,,,,,,,,,,,,,,,,,,,,,2019.0,1970-01-01,,,,10
Kenyan Drake,ARI,RB,12630,weighted,,,,,,,38.445939217033,12.3343871512892,0.233332315118659,0.179518680504111,0.0730448717948718,0.0291895818644328,,,,,1.06028846153846,0.748963168603915,7.27195054945055,5.09868662829879,0.0199381868131868,0.037331171404617,,,,,,,,,,,,,,,,,,,,,,,,,,,,,,,,,2016.0,,,,,10
Jonathan Taylor,IND,RB,14802,weighted,,,,,,,44.6694552529183,1.69849423797135,0.20938659538904,0.214034790976626,0.1,0.0,,,,,1.86001945525292,0.43443853058984,17.0547081712062,5.47084423871396,0.0219260700389105,0.039819507946498,,,,,,,,,,,,,,,,,,,,,,,,,,,,,,,,,2020.0,1999-01-19,,,,10
J.K. Dobbins,BAL,RB,14800,weighted,,,,,,,36.0365077821012,10.4186396449603,0.0899324237518264,0.0846052000651102,0.0406857976653697,0.0257047249907835,,,,,1.97299610894942,0.351725122136386,12.9993385214008,3.92716032032973,0.0345038910505837,0.0544864818743561,,,,,,,,,,,,,,,,,,,,,,,,,,,,,,,,,2020.0,1998-12-17,,,,10
DeeJay Dallas,SEA,RB,14815,weighted,,,,,,,40.5939591439689,2.73423224191422,0.114936488432887,0.113802372541203,0.0604571984435798,0.017136483327189,,,,,1.83155642023346,0.278148959796456,15.0559143968872,1.82377161698161,0.107470817120623,0.104884231579761,,,,,,,,,,,,,,,,,,,,,,,,,,,,,,,,,2020.0,1998-09-16,,,,10
Mark Ingram,BAL,RB,10276,weighted,,,,,,,30.9111770428016,11.6206632090439,0.154033432752625,0.171648806959028,0.1659046692607,0.0285608055453149,,,,,0.855428015564202,0.185496532590175,6.32922178988327,1.4844024304384,0.0412062256809339,0.0515251402521506,,,,,,,,,,,,,,,,,,,,,,,,,,,,,,,,,2011.0,1989-12-21,,,,10
Jamaal Williams,GB,RB,13139,weighted,,,,,,,35.1243093385214,5.86069182285082,0.131825746752654,0.151796730314934,0.0,0.0,,,,,2.33688715953307,0.556297919592912,17.7608754863813,4.40247965560181,0.0631322957198444,0.0591710827167944,,,,,,,,,,,,,,,,,,,,,,,,,,,,,,,,,2017.0,,,,,10
Gus Edwards,BAL,RB,13850,weighted,,,,,,,35.1528210116732,1.11366155685183,0.0960155618251043,0.093952348629514,0.1,0.0,,,,,0.286984435797665,0.274265540218716,2.13828793774319,2.03983838609731,0.0062645914396887,0.011377002270428,,,,,,,,,,,,,,,,,,,,,,,,,,,,,,,,,2018.0,1995-04-13,,,,10
Joshua Kelley,LAC,RB,14807,weighted,,,,,,,30.3541245136187,3.16428044032498,0.0805540783447853,0.0859169860405373,0.1,0.0,,,,,2.55015564202335,0.963314859326125,20.6736964980545,13.8618009360805,0.0598054474708171,0.0656141253301627,,,,,,,,,,,,,,,,,,,,,,,,,,,,,,,,,2020.0,1970-01-01,,,,10
Adrian Peterson,DET,RB,8658,weighted,,,,,,,35.6222957198444,2.74594773050136,0.1240575499894,0.127262611927998,0.0538667315175097,0.0199925638817205,,,,,1.13301556420233,0.152428249354343,6.87877431906615,3.63814699575139,0.0188424124513619,0.0263006961249496,,,,,,,,,,,,,,,,,,,,,,,,,,,,,,,,,2007.0,1985-03-21,,,,10
Kalen Ballage,FA,RB,13621,weighted,,,,,,,34.8183754863813,3.07399062738422,0.126508420038867,0.121979971609709,0.1,0.0,,,,,1.19906614785992,0.697797830540442,8.16667315175097,3.67224684523994,0.0252529182879377,0.0236684330867178,,,,,,,,,,,,,,,,,,,,,,,,,,,,,,,,,2018.0,,,,,10
Malcolm Brown,LAR,RB,12386,weighted,,,,,,,34.5998832684825,3.47553648377301,0.154904182019923,0.158067863024574,0.0340953307392996,0.0285608055453149,,,,,1.1274513618677,0.412346729519632,6.67184824902724,4.85229146833755,0.0250583657587549,0.045508009081712,,,,,,,,,,,,,,,,,,,,,,,,,,,,,,,,,2015.0,1993-05-15,,,,10
Salvon Ahmed,FA,RB,14811,weighted,,,,,,,37.8,,0.2,,0.02,,,,,,0.5,,2.0,,0.02,,,,,,,,,,,,,,,,,,,,,,,,,,,,,,,,,,2020.0,1998-12-29,,,,10
Latavius Murray,NO,RB,11390,weighted,,,,,,,33.5719260700389,2.43641502098468,0.144652214643224,0.151915442663438,0.0,0.0,,,,,1.55229571984436,0.433088443347158,10.1014980544747,2.03580780032271,0.0219747081712062,0.0319014177439363,,,,,,,,,,,,,,,,,,,,,,,,,,,,,,,,,2013.0,1990-01-18,,,,10
Devin Singletary,BUF,RB,14080,weighted,,,,,,,36.4408949416342,0.763630146982638,0.107583474735177,0.116138132337033,0.0538667315175097,0.0199925638817205,,,,,1.94336575875486,0.889007884908663,15.5901361867704,4.36134448548115,0.0471303501945525,0.0622433757611415,,,,,,,,,,,,,,,,,,,,,,,,,,,,,,,,,2019.0,1997-09-03,,,,10
Rex Burkhead,NE,RB,11182,weighted,,,,,,,27.2216147859922,8.37338287059501,0.0713054574477903,0.0688361396729284,0.0538667315175097,0.0199925638817205,,,,,2.16698443579767,0.168838913742621,17.8161284046693,3.57695562136722,0.0441439688715953,0.0425062758020025,,,,,,,,,,,,,,,,,,,,,,,,,,,,,,,,,2013.0,1990-07-02,,,,10
Devontae Booker,LVR,RB,12629,weighted,,,,,,,26.7202918287938,7.7537766178118,0.0846478154104082,0.0832020034870767,0.0,0.0,,,,,0.90192607003891,0.101844554153984,5.96287937743191,1.84283942568966,0.0157101167315175,0.0207477919203805,,,,,,,,,,,,,,,,,,,,,,,,,,,,,,,,,2016.0,1992-05-27,,,,10
Ryan Nall,CHI,RB,13849,weighted,,,,,,,33.2,,0.1,,0.04,,,,,,1.5,,11.0,,0.2,,,,,,,,,,,,,,,,,,,,,,,,,,,,,,,,,,2018.0,1995-12-27,,,,10
Travis Homer,SEA,RB,14083,weighted,,,,,,,28.5831444759207,0.636396103067892,0.0239249187635394,0.0365251848370257,0.0487889518413598,0.0247487373415292,,,,,1.53682719546742,0.707106781186548,15.8314447592068,6.36396103067893,0.0324220963172805,0.0494974746830583,,,,,,,,,,,,,,,,,,,,,,,,,,,,,,,,,2019.0,1998-08-07,,,,10
Alexander Mattison,MIN,RB,14223,weighted,,,,,,,25.5901556420233,1.49851537782563,0.0767197148260966,0.0809629514949152,0.0197714007782101,0.0085682416635944,,,,,0.82988326848249,0.173421802642622,5.6961673151751,0.551784610115758,0.009396887159533,0.017065503405642,,,,,,,,,,,,,,,,,,,,,,,,,,,,,,,,,2019.0,,,,,10
J.D. McKissic,WAS,RB,13108,weighted,,,,,,,20.7441050583658,7.21506261069311,0.0821029731864237,0.0963460337320276,0.08,0.0,,,,,4.59980544747082,1.59208965283253,34.0381128404669,11.5455153547932,0.0502626459143969,0.0677737927009297,,,,,,,,,,,,,,,,,,,,,,,,,,,,,,,,,2016.0,1993-10-15,,,,10
Jordan Howard,MIA,RB,12634,weighted,,,,,,,15.1383737517832,19.7989898732233,0.0,0.0,,,,,,,0.0,0.0,0.0,0.0,0.0,0.0,,,,,,,,,,,,,,,,,,,,,,,,,,,,,,,,,2016.0,1994-11-02,O,Coach's Decision,2020.0,10
Benny Snell,PIT,RB,14072,weighted,,,,,,,21.2579571984436,5.84572100374173,0.0862592286486695,0.0959146292927979,0.0604571984435798,0.017136483327189,,,,,0.631089494163424,0.355546419035135,3.93688715953307,1.95148191988273,0.0062645914396887,0.011377002270428,,,,,,,,,,,,,,,,,,,,,,,,,,,,,,,,,2019.0,1970-01-01,,,,10
Cam Akers,LAR,RB,14799,weighted,,,,,,,25.1508463035019,1.98512762332229,0.104830946501737,0.111245716611692,0.0,0.0,,,,,0.213968871595331,0.242549213251521,2.15081712062257,2.05507696873275,0.0062645914396887,0.011377002270428,,,,,,,,,,,,,,,,,,,,,,,,,,,,,,,,,2020.0,1970-01-01,,,,10
JaMycal Hasty,FA,RB,14821,weighted,,,,,,,27.0,5.037979895026121e-15,0.0,0.0,0.02,0.0,,,,,3.00835694050991,3.04055915910216,11.3682719546742,7.07106781186548,0.0185269121813031,0.0282842712474619,,,,,,,,,,,,,,,,,,,,,,,,,,,,,,,,,2020.0,1970-01-01,,,,10
Troymaine Pope,FA,RB,12929,weighted,,,,,,,19.8914105058366,4.9841216483941,0.0700937356116101,0.0757386351109436,0.0,0.0,,,,,1.06285992217899,0.689531017688713,7.40167315175097,5.54784283818011,0.0505058365758755,0.0473368661734355,,,,,,,,,,,,,,,,,,,,,,,,,,,,,,,,,2016.0,1993-11-29,,,,10
Alfred Morris,FA,RB,10870,weighted,,,,,,,21.0628307392996,0.785045246727819,0.0565575268316309,0.056565486173992,0.0659046692607004,0.0285608055453149,,,,,0.211322957198444,0.200978747575275,1.1575486381323,1.35907918581962,0.0062645914396887,0.011377002270428,,,,,,,,,,,,,,,,,,,,,,,,,,,,,,,,,2012.0,1988-12-12,,,,10
Sony Michel,NE,RB,13607,weighted,,,,,,,0.0,,0.0,,0.0,,,,,,0.0,,0.0,,0.0,,,,,,,,,,,,,,,,,,,,,,,,,,,,,,,,,,2018.0,1995-02-17,,Quadriceps,2020.0,10
DeAndre Washington,FA,RB,12857,weighted,,,,,,,23.15,,0.17,,0.0,,,,,,0.93,,5.88,,0.06,,,,,,,,,,,,,,,,,,,,,,,,,,,,,,,,,,2016.0,1993-02-22,,,,10
Samaje Perine,CIN,RB,13133,weighted,,,,,,,17.1315793528505,2.58447528523683,0.0776990090645001,0.0108048011166151,0.0398459167950693,0.0282842712474619,,,,,0.496379044684129,0.664680374315355,3.35434514637905,4.70933116270241,0.0248073959938367,0.0353553390593274,,,,,,,,,,,,,,,,,,,,,,,,,,,,,,,,,2017.0,1995-09-16,,,,10
Boston Scott,PHI,RB,13814,weighted,,,,,,,17.3446206225681,2.41066079250414,0.0582590338576692,0.0572290027742482,0.0340953307392996,0.0285608055453149,,,,,1.35087548638132,0.801440447674723,11.3638715953307,5.87556292699275,0.0412062256809339,0.0515251402521506,,,,,,,,,,,,,,,,,,,,,,,,,,,,,,,,,2018.0,1995-04-27,,,,10
Darrynton Evans,TEN,RB,14808,weighted,,,,,,,1.24,,0.01,,0.1,,,,,,0.25,,1.83,,0.01,,,,,,,,,,,,,,,,,,,,,,,,,,,,,,,,,,2020.0,1970-01-01,IR,Hamstring,2020.0,10
Alex Collins,FA,RB,12628,weighted,,,,,,,13.5635901386749,1.576848122046,0.0853271196496147,0.0074760878778412,0.0248073959938367,0.0353553390593274,,,,,0.357226502311248,0.509116882454314,2.60973805855162,3.71938166904124,0.0248073959938367,0.0353553390593274,,,,,,,,,,,,,,,,,,,,,,,,,,,,,,,,,2016.0,1994-08-26,,,,10
Nyheim Hines,IND,RB,13622,weighted,,,,,,,15.0239688715953,1.1306134664962,0.0683311998433426,0.071029501705381,0.0736381322957198,0.011424322218126,,,,,2.97250972762646,0.449001338256924,23.974280155642,5.01138239133324,0.110603112840467,0.106487563385696,,,,,,,,,,,,,,,,,,,,,,,,,,,,,,,,,2018.0,1996-11-12,,,,10
Peyton Barber,WAS,RB,12637,weighted,,,,,,,5.82586286594761,4.28860262789641,0.0409315057352156,0.0293753072175371,0.0,0.0,,,,,0.266040061633282,0.190918830920368,2.01762711864407,1.40007142674936,0.0150385208012327,0.0070710678118654,,,,,,,,,,,,,,,,,,,,,,,,,,,,,,,,,2016.0,1994-06-27,,,,10
DOnta Foreman,FA,RB,13134,weighted,,,,,,,8.96348228043143,2.47487373415292,0.0538046796443789,0.019373508562791,0.0300770416024653,0.014142135623731,,,,,0.551926040061633,0.353553390593274,3.67032357473035,1.89504617357995,0.0099229583975346,0.014142135623731,,,,,,,,,,,,,,,,,,,,,,,,,,,,,,,,,2017.0,1996-04-24,,,,10
,,RB,nfl_0,weighted,,,,,,,13.7,0.0,0.1,1.9626155733547202e-17,0.1,0.14142135623731,,,,,1.0,0.565685424949238,7.0,1.4142135623731,0.04,0.014142135623731,,,,,,,,,,,,,,,,,,,,,,,,,,,,,,,,,,,,,,10
Kerryon Johnson,DET,RB,13612,weighted,,,,,,,7.77663424124514,3.5865826356239,0.0358391922100241,0.0359449804409876,0.0329523346303502,0.0142804027726575,,,,,1.00772373540856,0.282692326372642,7.87677042801556,4.32482050692523,0.0283852140077821,0.0270466909927746,,,,,,,,,,,,,,,,,,,,,,,,,,,,,,,,,2018.0,1997-06-30,,,,10
Dion Lewis,NYG,RB,10389,weighted,,,,,,,9.63637159533074,3.50420556730571,0.018957211222071,0.0202160686488529,0.0659046692607004,0.0285608055453149,,,,,1.64793774319066,0.471072709237132,11.887373540856,4.56252655137699,0.0505544747081712,0.0483741482421591,,,,,,,,,,,,,,,,,,,,,,,,,,,,,,,,,2011.0,1990-09-27,,,,10
Anthony McFarland,PIT,RB,14804,weighted,,,,,,,5.40656205420827,7.07106781186547,0.0,0.0,0.0,0.0,,,,,0.540656205420827,0.707106781186547,3.24393723252496,4.24264068711928,0.0,0.0,,,,,,,,,,,,,,,,,,,,,,,,,,,,,,,,,2020.0,1970-01-01,O,Illness,2020.0,10
T.J. Yeldon,BUF,RB,12153,weighted,,,,,,,0.0,,0.0,,0.0,,,,,,0.0,,0.0,,0.0,,,,,,,,,,,,,,,,,,,,,,,,,,,,,,,,,,2015.0,1993-10-02,O,Coach's Decision,2020.0,10
Jeremy McNichols,FA,RB,13143,weighted,,,,,,,5.90440677966102,2.64457936163769,0.0294735873789757,0.0007387682788516,0.0,0.0,,,,,0.538151001540832,0.339411254969543,3.20785824345146,3.14662517628014,0.014884437596302,0.0212132034355964,,,,,,,,,,,,,,,,,,,,,,,,,,,,,,,,,2017.0,1995-12-26,,,,10
C.J. Prosise,FA,RB,12627,weighted,,,,,,,6.85,,0.03,,0.1,,,,,,0.46,,3.9,,0.02,,,,,,,,,,,,,,,,,,,,,,,,,,,,,,,,,,2016.0,1994-05-20,,,,10
Trenton Cannon,CAR,RB,13816,weighted,,,,,,,10.0286186770428,0.944163936320599,0.0289562683810774,0.0357942049641725,0.0131809338521401,0.0057121611090629,,,,,1.47972762645914,0.788738106150544,9.79760700389105,6.37338460246247,0.0534922178988327,0.0606373033128802,,,,,,,,,,,,,,,,,,,,,,,,,,,,,,,,,2018.0,,,,,10
Jalen Richard,LVR,RB,12912,weighted,,,,,,,8.82363813229572,0.529921705297639,0.0259573407990889,0.0304199023290479,0.0329523346303502,0.0142804027726575,,,,,2.08941634241245,0.917280614311951,13.3702723735409,3.37013206434074,0.0187937743190661,0.034131006811284,,,,,,,,,,,,,,,,,,,,,,,,,,,,,,,,,2016.0,1993-10-15,,,,10
James White,NE,RB,11747,weighted,,,,,,,8.7461673151751,1.49399712074344,0.0179078346432101,0.0202062286244395,0.0395428015564202,0.017136483327189,,,,,4.61062256809338,0.548358983482071,35.2141245136187,4.00905899353407,0.0819260700389105,0.0821625736666193,,,,,,,,,,,,,,,,,,,,,,,,,,,,,,,,,2014.0,1992-02-03,,,,10
Royce Freeman,DEN,RB,13617,weighted,,,,,,,9.05720338983051,0.972271824131503,0.0427527557188574,0.0242048090483087,0.0,0.0,,,,,0.966810477657935,0.332340187157677,6.55620955315871,2.05768073325285,0.0299229583975347,0.014142135623731,,,,,,,,,,,,,,,,,,,,,,,,,,,,,,,,,2018.0,1996-02-24,,,,10
Chris Thompson,JAC,RB,11186,weighted,,,,,,,7.58675097276265,1.70706509682165,0.0239890735317299,0.0309550596440256,0.0,0.0,,,,,3.115,1.75354670243109,24.7296108949416,11.2315451039271,0.0506031128404669,0.051276354349684,,,,,,,,,,,,,,,,,,,,,,,,,,,,,,,,,2013.0,1990-10-20,,,,10
Corey Clement,PHI,RB,13136,weighted,,,,,,,5.10528505392912,1.88797510576808,0.0278090474707406,0.0030747861362766,0.0375963020030817,0.0176776695296637,,,,,0.514884437596302,0.0212132034355964,3.64995377503852,0.926309883354377,0.014884437596302,0.0212132034355964,,,,,,,,,,,,,,,,,,,,,,,,,,,,,,,,,2017.0,,,,,10
Tyler Ervin,GB,RB,12639,weighted,,,,,,,4.42,,0.03,,0.0,,,,,,0.76,,5.78,,0.05,,,,,,,,,,,,,,,,,,,,,,,,,,,,,,,,,,2016.0,1993-10-07,,,,10
Buddy Howell,HOU,RB,13916,weighted,,,,,,,7.25698767334361,0.823779400082328,0.0237622810320572,0.0087540243562937,0.0150385208012327,0.0070710678118654,,,,,0.839352850539291,0.799030662740799,6.04073959938367,5.64271211386865,0.01,2.4533422757169002e-18,,,,,,,,,,,,,,,,,,,,,,,,,,,,,,,,,2018.0,1970-01-01,,,,10
AJ Dillon,GB,RB,14805,weighted,,,,,,,7.24,,0.05,,0.0,,,,,,0.41,,3.22,,0.03,,,,,,,,,,,,,,,,,,,,,,,,,,,,,,,,,,2020.0,1998-05-02,,Illness,2020.0,10
Justice Hill,BAL,RB,14086,weighted,,,,,,,1.88240369799692,2.27688383542068,0.0,0.0,0.0075192604006163,0.0035355339059327,,,,,0.221386748844376,0.254558441227157,1.67032357473035,1.89504617357995,0.0,0.0,,,,,,,,,,,,,,,,,,,,,,,,,,,,,,,,,2019.0,1997-11-14,,,,10
LeSean McCoy,TB,RB,9448,weighted,,,,,,,1.60803543913713,1.93393704654521,0.0,0.0,0.0300770416024653,0.014142135623731,,,,,0.639352850539291,0.799030662740799,4.23919876733436,5.35986940139403,0.0,0.0,,,,,,,,,,,,,,,,,,,,,,,,,,,,,,,,,2009.0,1988-07-12,,,,10
Senorise Perry,TEN,RB,11964,weighted,,,,,,,1.58284283513097,1.89858170748588,0.0,0.0,0.0,0.0,,,,,0.0399229583975347,0.014142135623731,0.218921417565485,0.197989898732233,0.0,0.0,,,,,,,,,,,,,,,,,,,,,,,,,,,,,,,,,2014.0,1991-09-19,,Undisclosed,2020.0,10
Ameer Abdullah,MIN,RB,12155,weighted,,,,,,,4.92365177195686,0.247487373415291,0.0219235475392006,0.011334505757255,0.0150385208012327,0.0070710678118654,,,,,0.707611710323575,0.438406204335659,5.80597842835131,2.57386868351903,0.0801540832049307,0.0282842712474619,,,,,,,,,,,,,,,,,,,,,,,,,,,,,,,,,2015.0,1993-06-13,,,,10
Jaylen Samuels,PIT,RB,13613,weighted,,,,,,,0.41,,0.0,,0.0,,,,,,0.1,,0.73,,0.01,,,,,,,,,,,,,,,,,,,,,,,,,,,,,,,,,,2018.0,1996-07-20,,,,10
Mike Boone,MIN,RB,13868,weighted,,,,,,,2.37822033898305,1.05005357006202,0.0097758940134421,0.0003145106848835,0.0075192604006163,0.0035355339059327,,,,,0.200770416024653,0.14142135623731,1.38477657935285,0.876812408671319,0.0049614791987673,0.0070710678118654,,,,,,,,,,,,,,,,,,,,,,,,,,,,,,,,,2018.0,1970-01-01,,,,10
Dwayne Washington,NO,RB,12845,weighted,,,,,,,0.0,,0.0,,0.0,,,,,,0.0,,0.0,,0.0,,,,,,,,,,,,,,,,,,,,,,,,,,,,,,,,,,2016.0,,O,Back,2020.0,10
Trayveon Williams,CIN,RB,14076,weighted,,,,,,,4.4,,0.0,,0.08,,,,,,1.5,,8.0,,0.0,,,,,,,,,,,,,,,,,,,,,,,,,,,,,,,,,,2019.0,1970-01-01,,,,10
J.J. Taylor,NE,RB,14827,weighted,,,,,,,4.1,,0.0,,0.0,,,,,,0.4,,1.0,,0.0,,,,,,,,,,,,,,,,,,,,,,,,,,,,,,,,,,2020.0,1970-01-01,O,Coach's Decision,2020.0,10
Kyle Juszczyk,SF,RB,11367,weighted,,,,,,,3.4102311248074,0.0424264068711929,0.0150509203964224,0.0069455458980453,0.0300770416024653,0.014142135623731,,,,,0.931309707241911,0.240416305603426,10.0451771956857,2.786000717875,0.070231124807396,0.0424264068711929,,,,,,,,,,,,,,,,,,,,,,,,,,,,,,,,,2013.0,1991-04-23,,,,10
Michael Burton,NO,RB,12325,weighted,,,,,,,2.09362095531587,0.664680374315355,0.0089425326713462,0.0014840512691569,0.0,0.0,,,,,0.194268104776579,0.134350288425444,1.5011093990755,0.714177848998413,0.0099229583975346,0.014142135623731,,,,,,,,,,,,,,,,,,,,,,,,,,,,,,,,,2015.0,1992-02-01,,,,10
Alexander Armah,CAR,RB,13326,weighted,,,,,,,2.27315870570108,0.579827560572969,0.0085913812813758,0.0019768576678333,0.0,0.0,,,,,0.233728813559322,0.233345237791561,1.87322033898305,1.24450793488832,0.0099229583975346,0.014142135623731,,,,,,,,,,,,,,,,,,,,,,,,,,,,,,,,,2017.0,1994-05-17,,,,10
Ty Montgomery,NO,RB,12261,weighted,,,,,,,0.985701078582435,1.04651803615609,0.0,0.0,0.0,0.0,,,,,0.12557781201849,0.106066017177982,1.20120184899846,1.13844191771034,0.0,0.0,,,,,,,,,,,,,,,,,,,,,,,,,,,,,,,,,2015.0,1993-01-22,,,,10
Elijhaa Penny,NYG,RB,13239,weighted,,,,,,,1.11881355932203,0.700035713374682,0.0,0.0,0.0,0.0,,,,,0.084653312788906,0.0636396103067893,0.451494607087827,0.643467170879758,0.0049614791987673,0.0070710678118654,,,,,,,,,,,,,,,,,,,,,,,,,,,,,,,,,2016.0,1993-08-17,,,,10
C.J. Ham,MIN,RB,12923,weighted,,,,,,,2.49724961479199,0.0459619407771256,0.0148320310358898,0.0072527355619726,0.0300770416024653,0.014142135623731,,,,,0.37442218798151,0.106066017177982,3.31753466872111,0.45254833995939,0.0199229583975347,0.0141421356237309,,,,,,,,,,,,,,,,,,,,,,,,,,,,,,,,,2016.0,1993-07-22,,,,10
Ke'Shawn Vaughn,TB,RB,14810,weighted,,,,,,,0.0,,0.0,,0.0,,,,,,0.0,,0.0,,0.0,,,,,,,,,,,,,,,,,,,,,,,,,,,,,,,,,,2020.0,1970-01-01,O,Coach's Decision,2020.0,10
Andy Janovich,CLE,RB,12806,weighted,,,,,,,1.47755778120185,0.0106066017177981,0.0075064463381654,0.0034994570293415,0.0,0.0,,,,,0.314884437596302,0.0212132034355964,2.45645608628659,0.650538238691624,0.0099229583975346,0.014142135623731,,,,,,,,,,,,,,,,,,,,,,,,,,,,,,,,,2016.0,1993-05-23,,,,10
Patrick Ricard,BAL,RB,13455,weighted,,,,,,,0.572388289676425,0.438406204335659,0.0,0.0,0.0,0.0,,,,,0.278613251155624,0.254558441227157,2.16594761171032,1.66170093578839,0.014884437596302,0.0212132034355964,,,,,,,,,,,,,,,,,,,,,,,,,,,,,,,,,2017.0,1994-05-27,,,,10
Dare Ogunbowale,FA,RB,13148,weighted,,,,,,,0.487349768875193,0.431335136523794,0.0,0.0,0.022557781201849,0.0106066017177982,,,,,0.226348228043143,0.247487373415292,2.21882896764253,2.53851334445971,0.0,0.0,,,,,,,,,,,,,,,,,,,,,,,,,,,,,,,,,2017.0,1994-05-04,,,,10
Dontrell Hilliard,FA,RB,13871,weighted,,,,,,,0.0,,0.0,,0.0,,,,,,0.0,,0.0,,0.0,,,,,,,,,,,,,,,,,,,,,,,,,,,,,,,,,,2018.0,1970-01-01,O,Coach's Decision,2020.0,10
Derek Watt,PIT,RB,12823,weighted,,,,,,,0.29,,0.0,,0.0,,,,,,0.05,,0.45,,0.0,,,,,,,,,,,,,,,,,,,,,,,,,,,,,,,,,,2016.0,1992-11-07,,,,10
Nick Bellore,SEA,RB,10514,weighted,,,,,,,0.19,,0.0,,0.0,,,,,,0.15,,1.09,,0.01,,,,,,,,,,,,,,,,,,,,,,,,,,,,,,,,,,2011.0,1989-05-12,,,,10
Chris Carson,SEA,RB,13364,weighted,,,,,,,0.0,0.0,0.0,0.0,,,,,,,0.0,0.0,0.0,0.0,0.0,0.0,,,,,,,,,,,,,,,,,,,,,,,,,,,,,,,,,2017.0,1994-09-16,O,Foot,2020.0,10
Davante Adams,GB,WR,11675,weighted,,,,,,,0.0,0.0,0.0,0.0,0.0638169642857143,0.029754813376702,,,,,8.52376373626374,1.02603576319785,105.604423076923,12.9760768654683,0.877335164835165,0.159490046090627,,,,,,,,,,,,,,,,,,,,,,,,,,,,,,,,,2014.0,1992-12-24,,,,10
DK Metcalf,SEA,WR,14102,weighted,,,,,,,0.236584249084249,0.167633422755128,0.0,0.0,0.1,0.0,,,,,5.87989010989011,0.853908984025299,91.7106593406593,15.5299072796826,0.821703296703297,0.230116374030398,,,,,,,,,,,,,,,,,,,,,,,,,,,,,,,,,2019.0,1997-12-14,,,,10
DeAndre Hopkins,ARI,WR,11232,weighted,,,,,,,0.138495879120879,0.105483883912999,0.0,0.0,0.1,0.0,,,,,7.72471153846154,0.938124463815024,93.7088186813187,11.8607560408482,0.803667582417582,0.257600464508523,,,,,,,,,,,,,,,,,,,,,,,,,,,,,,,,,2013.0,1992-06-06,,,,10
Stefon Diggs,BUF,WR,12186,weighted,,,,,,,0.747630494505495,0.474370708154731,0.0,0.0,0.0603674450549451,0.0335764947287507,,,,,7.13035714285714,0.603010439938643,91.8601373626374,7.45455857555987,0.736634615384615,0.350375512145041,,,,,,,,,,,,,,,,,,,,,,,,,,,,,,,,,2015.0,1993-11-29,,,,10
Keenan Allen,LAC,WR,11222,weighted,,,,,,,0.489732142857143,0.331316772617629,0.0,0.0,0.0707160027472528,0.0225908328293822,,,,,7.72385989010989,0.915306830441855,88.0502747252747,9.69567635410372,0.772706043956044,0.293455806795403,,,,,,,,,,,,,,,,,,,,,,,,,,,,,,,,,2013.0,1992-04-27,,,,10
Terry McLaurin,WAS,WR,14109,weighted,,,,,,,0.138094093406593,0.0485010335532648,0.0,0.0,0.0,0.0,,,,,6.32995879120879,0.7329055169299,88.2070054945055,7.86388100789416,0.75467032967033,0.318980092181254,,,,,,,,,,,,,,,,,,,,,,,,,,,,,,,,,2019.0,1995-09-15,,,,10
Cooper Kupp,LAR,WR,13164,weighted,,,,,,,1.6536186770428,0.102393020433852,0.0113817044327459,0.0071385112285038,0.0554539559014267,0.0038081074060419,,,,,6.17420233463035,0.864415221491122,77.2148054474708,16.7497011185136,0.645778210116732,0.358934480447788,,,,,,,,,,,,,,,,,,,,,,,,,,,,,,,,,2017.0,1993-06-15,,,,10
Robby Anderson,CAR,WR,12930,weighted,,,,,,,1.07078296703297,0.556437535940141,0.005523975386858,0.0089986253695448,0.0896514423076923,0.0127902873629359,,,,,6.01493131868132,0.774385744872649,75.8834203296703,10.677850892935,0.538447802197802,0.340379324240481,,,,,,,,,,,,,,,,,,,,,,,,,,,,,,,,,2016.0,1993-05-09,,,,10
A.J. Brown,TEN,WR,14104,weighted,,,,,,,0.86996336996337,0.540598695571733,0.0,0.0,0.0,0.0,,,,,5.1032967032967,0.310318831706306,79.6361126373626,5.71313582253983,0.779684065934066,0.293670677001916,,,,,,,,,,,,,,,,,,,,,,,,,,,,,,,,,2019.0,1997-06-30,,,,10
Tyler Lockett,SEA,WR,12187,weighted,,,,,,,0.687019230769231,0.457790289222147,0.0,0.0,0.0,0.0,,,,,5.87501373626374,0.362774404947504,76.192293956044,7.11038446857509,0.81728021978022,0.23595152331832,,,,,,,,,,,,,,,,,,,,,,,,,,,,,,,,,2015.0,1992-09-28,,,,10
Allen Robinson,CHI,WR,11678,weighted,,,,,,,0.185164835164835,0.124472805450252,0.0,0.0,0.0603674450549451,0.0335764947287507,,,,,6.48041208791209,0.712783308457221,77.2528434065934,7.72700966046547,0.554271978021978,0.317917422428706,,,,,,,,,,,,,,,,,,,,,,,,,,,,,,,,,2014.0,1993-08-24,Q,Knee,2020.0,10
Michael Thomas,NO,WR,12652,weighted,,,,,,,0.0228923476005188,0.0189616704507133,0.0,0.0,0.0,0.0,,,,,6.12671206225681,1.25191174538547,74.4913813229572,9.29988017813295,0.667704280155642,0.355078173107569,,,,,,,,,,,,,,,,,,,,,,,,,,,,,,,,,2016.0,1994-08-16,,,,10
Will Fuller,HOU,WR,12647,weighted,,,,,,,0.610147664835165,0.0841305257274234,0.0,0.0,0.0034495192307692,0.0042634291209786,,,,,4.84478021978022,0.134767851006563,73.6820054945055,6.63427084091266,0.743956043956044,0.335503116693446,,,,,,,,,,,,,,,,,,,,,,,,,,,,,,,,,2016.0,1994-04-16,,,,10
D.J. Chark,JAC,WR,13668,weighted,,,,,,,1.28438715953307,0.253138300517023,0.0056051011917871,0.0036402829591699,0.0,0.0,,,,,5.77807392996109,1.14700704887576,70.4835019455253,11.8673926937369,0.542412451361868,0.429567761148364,,,,,,,,,,,,,,,,,,,,,,,,,,,,,,,,,2018.0,1996-09-23,,,,10
Mike Evans,TB,WR,11671,weighted,,,,,,,0.0,0.0,0.0,0.0,0.0,0.0,,,,,4.60475274725275,0.978984250211076,64.3130769230769,12.9438995554628,0.617225274725275,0.281709647977212,,,,,,,,,,,,,,,,,,,,,,,,,,,,,,,,,2014.0,1993-08-21,,,,10
Robert Woods,LAR,WR,11228,weighted,,,,,,,9.79889766483516,0.835432643474173,0.100455368070698,0.0005432261236385,0.074165521978022,0.0194261322953202,,,,,6.04532967032967,0.660684882337851,73.8531318681319,5.23622151477619,0.592211538461539,0.283276708057494,,,,,,,,,,,,,,,,,,,,,,,,,,,,,,,,,2013.0,1992-04-10,,,,10
Jarvis Landry,CLE,WR,11680,weighted,,,,,,,1.7954766536965,0.127991275542315,0.0123398683029033,0.0063448666508156,0.0,0.0,,,,,5.1597859922179,0.944432002187338,68.0671011673152,13.0774803614519,0.596147859922179,0.380514334567994,,,,,,,,,,,,,,,,,,,,,,,,,,,,,,,,,2014.0,1992-11-28,,,,10
Jerry Jeudy,DEN,WR,14833,weighted,,,,,,,0.206031128404669,0.17065503405642,0.0,0.0,0.0,0.0,,,,,4.98863813229572,1.2947124479332,68.8058754863813,12.6546459233799,0.605058365758755,0.377307390799042,,,,,,,,,,,,,,,,,,,,,,,,,,,,,,,,,2020.0,1999-04-24,,,,10
Tyler Boyd,CIN,WR,12650,weighted,,,,,,,2.77510989010989,0.460549380165933,0.0044001174264332,0.0041137378719957,0.080746336996337,0.0208497013317377,,,,,6.25282967032967,0.60709662971304,71.459793956044,5.09699162765176,0.572307692307692,0.301272207514177,,,,,,,,,,,,,,,,,,,,,,,,,,,,,,,,,2016.0,1994-11-15,,,,10
John Brown,BUF,WR,11783,weighted,,,,,,,0.0686770428015564,0.0568850113521401,0.0,0.0,0.0,0.0,,,,,4.74505836575875,2.12530737496675,55.3727431906615,19.467591369375,0.541926070038911,0.435508619846398,,,,,,,,,,,,,,,,,,,,,,,,,,,,,,,,,2014.0,1990-04-03,,,,10
Brandon Aiyuk,SF,WR,14840,weighted,,,,,,,3.59902723735409,0.216163043138132,0.0249124009596581,0.0124970180379831,0.0,0.0,,,,,4.64507782101167,0.487001200163568,64.1987354085603,11.2904615387095,0.574221789883269,0.405700364891619,,,,,,,,,,,,,,,,,,,,,,,,,,,,,,,,,2020.0,1970-01-01,,,,10
D.J. Moore,CAR,WR,13635,weighted,,,,,,,1.31338827838828,0.419058445015849,0.0054050981224894,0.0043203699156089,0.061492673992674,0.0416994026634755,,,,,4.87085164835165,0.503603438882468,68.5682005494506,5.38556786057347,0.174478021978022,0.131688055655037,,,,,,,,,,,,,,,,,,,,,,,,,,,,,,,,,2018.0,1997-04-14,,,,10
Adam Thielen,MIN,WR,11938,weighted,,,,,,,1.04783882783883,0.381716603380773,0.0,0.0,0.0308058608058608,0.0333595221307804,,,,,4.93241758241758,0.868353983220677,65.0328708791209,6.7636323605575,0.768626373626374,0.312684516994219,,,,,,,,,,,,,,,,,,,,,,,,,,,,,,,,,2014.0,1990-08-22,,,,10
Travis Fulgham,FA,WR,14265,weighted,,,,,,,0.4,0.0,0.0,0.0,0.0268413597733711,0.0353553390593274,,,,,5.53682719546742,0.707106781186548,66.9787535410765,9.19238815542512,0.629461756373938,0.565685424949238,,,,,,,,,,,,,,,,,,,,,,,,,,,,,,,,,2019.0,,,,,10
Diontae Johnson,PIT,WR,14208,weighted,,,,,,,2.25758754863813,0.0682620136225681,0.0127801057567595,0.005980219142148,0.1659046692607,0.0285608055453149,,,,,4.65566147859922,0.327153256331005,60.0961673151751,12.1067123863606,0.611809338521401,0.36412728825119,,,,,,,,,,,,,,,,,,,,,,,,,,,,,,,,,2019.0,,,,,10
Tee Higgins,CIN,WR,14835,weighted,,,,,,,2.87320038910506,0.184876286894455,0.0139745613391087,0.0049908547695745,0.00659046692607,0.0028560805545314,,,,,4.89976653696498,0.182032036326848,65.8244552529183,5.30936434075971,0.55807392996109,0.414197579017561,,,,,,,,,,,,,,,,,,,,,,,,,,,,,,,,,2020.0,1999-01-18,,,,10
JuJu Smith-Schuster,PIT,WR,13156,weighted,,,,,,,0.0343385214007782,0.02844250567607,0.0,0.0,0.0538667315175097,0.0199925638817205,,,,,4.59468871595331,0.456621134862478,57.6610505836576,12.364775664846,0.608677042801556,0.367287001159877,,,,,,,,,,,,,,,,,,,,,,,,,,,,,,,,,2017.0,1996-11-22,,,,10
Darius Slayton,NYG,WR,14122,weighted,,,,,,,0.7,0.0,0.0,0.0,0.0512110481586402,0.0247487373415292,,,,,4.58314447592068,0.636396103067893,65.8314447592068,6.36396103067893,0.768413597733711,0.353553390593274,,,,,,,,,,,,,,,,,,,,,,,,,,,,,,,,,2019.0,1997-01-12,,,,10
DeVante Parker,MIA,WR,12176,weighted,,,,,,,0.0,0.0,0.0,0.0,0.0,0.0,,,,,4.500953307393,0.506516741227863,65.01453307393,3.66764653929132,0.662412451361868,0.318238699382901,,,,,,,,,,,,,,,,,,,,,,,,,,,,,,,,,2015.0,1993-01-20,,,,10
Chris Godwin,TB,WR,13163,weighted,,,,,,,0.137354085603113,0.11377002270428,0.0,0.0,0.0,0.0,,,,,4.66359922178988,0.478969853710572,58.6533852140078,2.42879373543637,0.614941634241245,0.361029556916945,,,,,,,,,,,,,,,,,,,,,,,,,,,,,,,,,2017.0,1996-02-27,,,,10
Justin Jefferson,MIN,WR,14836,weighted,,,,,,,0.137354085603113,0.11377002270428,0.0,0.0,0.00659046692607,0.0028560805545314,,,,,4.07614785992218,0.105693925013722,64.2639105058366,1.33679776677529,0.567470817120623,0.405653738273877,,,,,,,,,,,,,,,,,,,,,,,,,,,,,,,,,2020.0,1999-06-16,,,,10
Brandin Cooks,HOU,WR,11674,weighted,,,,,,,0.879766536964981,0.182032036326848,0.0,0.0,0.0,0.0,,,,,4.89663424124514,0.187720537462062,62.285233463035,4.07515726238452,0.58988326848249,0.387459902633887,,,,,,,,,,,,,,,,,,,,,,,,,,,,,,,,,2014.0,1993-09-25,,,,10
Christian Kirk,ARI,WR,13633,weighted,,,,,,,1.0625486381323,0.449391589681906,0.0117829616881173,0.0014768224101036,0.0,0.0,,,,,5.05182879377432,0.972373393051945,58.9942607003891,9.35016251319968,0.637354085603113,0.347660803233993,,,,,,,,,,,,,,,,,,,,,,,,,,,,,,,,,2018.0,1996-11-18,,,,10
Jakobi Meyers,NE,WR,14127,weighted,,,,,,,0.587018489984592,0.0883883476483184,0.0,0.0,0.0,0.0,,,,,4.43935285053929,0.799030662740799,57.7914946070878,13.1239018588223,0.2,3.92534764114705e-17,,,,,,,,,,,,,,,,,,,,,,,,,,,,,,,,,2019.0,1996-11-09,,,,10
Darnell Mooney,CHI,WR,14974,weighted,,,,,,,,,,,0.0,0.0,,,,,4.07365439093484,1.4142135623731,50.7889518413598,24.7487373415292,0.58314447592068,0.636396103067893,,,,,,,,,,,,,,,,,,,,,,,,,,,,,,,,,2020.0,1997-10-29,,,,10
Jalen Reagor,PHI,WR,14839,weighted,,,,,,,0.95102140077821,0.0654177630549611,0.0061827566015639,0.0031618125241844,0.0,0.0,,,,,3.75614785992218,1.16617358076025,47.5641439688716,16.3461556279474,0.507470817120623,0.462036856471203,,,,,,,,,,,,,,,,,,,,,,,,,,,,,,,,,2020.0,1999-01-02,,,,10
Mike Williams,LAC,WR,13154,weighted,,,,,,,1.45,0.0,0.01,0.0,0.0,0.0,,,,,4.08336575875486,0.892994217035111,63.3481517509728,1.12959492658313,0.58,0.395122052690411,,,,,,,,,,,,,,,,,,,,,,,,,,,,,,,,,2017.0,1994-10-04,,,,10
Tim Patrick,DEN,WR,13377,weighted,,,,,,,0.103015564202335,0.0853275170282101,0.0,0.0,0.0,0.0,,,,,4.07926070038911,0.965795442909265,53.3667509727626,11.656955473853,0.157587548638132,0.155528964574729,,,,,,,,,,,,,,,,,,,,,,,,,,,,,,,,,2017.0,1993-11-23,,,,10
Marvin Jones,DET,WR,10738,weighted,,,,,,,0.0,0.0,0.0,0.0,0.00659046692607,0.0028560805545314,,,,,4.66867704280156,0.311488377966387,60.132626459144,4.33078802048405,0.344338521400778,0.327153256331005,,,,,,,,,,,,,,,,,,,,,,,,,,,,,,,,,2012.0,1990-03-12,,,,10
Chase Claypool,PIT,WR,14841,weighted,,,,,,,4.00248054474708,0.258826801652237,0.0209686896966246,0.0074806102326899,0.0263618677042802,0.011424322218126,,,,,4.3597859922179,0.704712455138971,56.5626070038911,4.67876449544327,0.163852140077821,0.164325147333239,,,,,,,,,,,,,,,,,,,,,,,,,,,,,,,,,2020.0,1970-01-01,,,,10
Danny Amendola,DET,WR,9308,weighted,,,,,,,1.2545719844358,0.153589530650778,0.0059223005836575,0.0033775475490333,0.0,0.0,,,,,3.71803501945525,0.878734837516737,53.575953307393,12.2291910100334,0.113200389105058,0.137653878398465,,,,,,,,,,,,,,,,,,,,,,,,,,,,,,,,,2008.0,1985-11-02,,,,10
Chris Conley,JAC,WR,12257,weighted,,,,,,,0.764688715953307,0.244605548814202,0.0051731701049849,0.0039980503261645,0.0,0.0,,,,,3.33589494163424,0.668414160479306,47.7324902723735,12.5868499495714,0.110603112840467,0.106487563385696,,,,,,,,,,,,,,,,,,,,,,,,,,,,,,,,,2015.0,1992-10-25,,,,10
Marquise Brown,BAL,WR,14105,weighted,,,,,,,0.912062256809339,0.34131006811284,0.0,0.0,0.0,0.0,,,,,3.98865758754864,0.375325943686796,53.2370622568093,6.26498455026256,0.313015564202335,0.310706757287247,,,,,,,,,,,,,,,,,,,,,,,,,,,,,,,,,2019.0,1997-06-04,,,,10
T.Y. Hilton,IND,WR,10729,weighted,,,,,,,0.0,0.0,0.0,0.0,0.0,0.0,,,,,3.73350194552529,0.726171220910979,52.2297859922179,6.11101341912731,0.148190661478599,0.143018885684942,,,,,,,,,,,,,,,,,,,,,,,,,,,,,,,,,2012.0,1989-11-14,,,,10
Cole Beasley,BUF,WR,10973,weighted,,,,,,,0.0,0.0,0.0,0.0,0.0,0.0,,,,,4.73856031128405,0.269446034488966,51.9326848249027,3.56814717507852,0.198793774319066,0.186893026779832,,,,,,,,,,,,,,,,,,,,,,,,,,,,,,,,,2012.0,1989-04-26,,,,10
Antonio Brown,FA,WR,9988,weighted,,,,,,,0.854571984435798,0.153589530650778,0.0056746670158635,0.0035826617726588,0.0,0.0,,,,,4.5154280155642,0.51562994616751,53.6477821011673,1.56514593216184,0.153968871595331,0.201966529363417,,,,,,,,,,,,,,,,,,,,,,,,,,,,,,,,,2010.0,1988-07-10,,,,10
Sterling Shepard,NYG,WR,12658,weighted,,,,,,,1.58073929961089,0.39819507946498,0.0087513264945171,0.0010342729336752,0.0461332684824903,0.0199925638817205,,,,,4.15612840466926,0.371134526405518,47.7022373540856,8.11174451207772,0.157587548638132,0.155528964574729,,,,,,,,,,,,,,,,,,,,,,,,,,,,,,,,,2016.0,,,,,10
Corey Davis,TEN,WR,13153,weighted,,,,,,,0.171692607003891,0.14221252838035,0.0,0.0,0.0,0.0,,,,,4.01301556420233,0.0789071837267545,53.3887354085603,1.40738040375413,0.243618677042802,0.254351263161704,,,,,,,,,,,,,,,,,,,,,,,,,,,,,,,,,2017.0,1995-01-11,,,,10
Anthony Miller,CHI,WR,13639,weighted,,,,,,,0.240369649805447,0.19909753973249,0.0,0.0,0.0659046692607004,0.0285608055453149,,,,,4.55953307392996,0.505859535148795,49.4597081712062,6.38062223753079,0.129396887159533,0.121375762750397,,,,,,,,,,,,,,,,,,,,,,,,,,,,,,,,,2018.0,1994-10-09,,,,10
Henry Ruggs,LVR,WR,14834,weighted,,,,,,,3.79,5.4466679338153295e-16,0.04,0.0,0.03,0.0,,,,,3.62941634241245,0.514854825318169,46.531420233463,8.05777885345852,0.151322957198444,0.147087171291744,,,,,,,,,,,,,,,,,,,,,,,,,,,,,,,,,2020.0,1970-01-01,,,,10
A.J. Green,CIN,WR,10261,weighted,,,,,,,0.0,0.0,0.0,0.0,0.0197714007782101,0.0085682416635944,,,,,4.02171206225681,0.55582707427332,47.1657392996109,4.92522433127599,0.116381322957198,0.136964208246006,,,,,,,,,,,,,,,,,,,,,,,,,,,,,,,,,2011.0,1988-07-31,,,,10
Michael Pittman,IND,WR,14842,weighted,,,,,,,0.171692607003891,0.14221252838035,0.0,0.0,0.0197714007782101,0.0085682416635944,,,,,3.31105058365759,1.02357888456956,41.2270038910506,15.6855116630506,0.0972470817120623,0.152135449782873,,,,,,,,,,,,,,,,,,,,,,,,,,,,,,,,,2020.0,1997-10-05,,,,10
Richie James,SF,WR,13724,weighted,,,,,,,1.14854085603113,0.324244564707198,0.01059035322654,0.0077939853216243,0.0472762645914397,0.022848644436252,,,,,1.88620622568093,1.30044124719451,31.2168871595331,20.8624807723523,0.0944066147859922,0.106055979738325,,,,,,,,,,,,,,,,,,,,,,,,,,,,,,,,,2018.0,1995-04-05,,,,10
Emmanuel Sanders,NO,WR,9918,weighted,,,,,,,0.137354085603113,0.11377002270428,0.0,0.0,0.0,0.0,,,,,3.93568093385214,0.399242459469268,47.5134241245136,4.75879256446435,0.262412451361868,0.259520950042072,,,,,,,,,,,,,,,,,,,,,,,,,,,,,,,,,2010.0,1987-03-17,,,,10
Randall Cobb,HOU,WR,10308,weighted,,,,,,,0.570719844357977,0.0739505147577821,0.0,0.0,0.00659046692607,0.0028560805545314,,,,,3.61350194552529,0.61714566606959,46.5238910505837,5.32090279079085,0.132529182879377,0.124595351186555,,,,,,,,,,,,,,,,,,,,,,,,,,,,,,,,,2011.0,1990-08-22,,,,10
Alshon Jeffery,PHI,WR,10722,weighted,,,,,,,0.0343385214007782,0.02844250567607,0.0,0.0,0.00659046692607,0.0028560805545314,,,,,2.60677042801556,1.63754388006785,31.8846303501946,19.3998935317887,0.208677042801556,0.207137838191498,,,,,,,,,,,,,,,,,,,,,,,,,,,,,,,,,2012.0,1990-02-14,,,,10
Curtis Samuel,CAR,WR,13157,weighted,,,,,,,15.4795233463035,1.33395351620768,0.191374266576736,0.0094212746639289,0.0670476653696498,0.0142804027726575,,,,,4.19517509727626,0.212021969587933,47.7072957198444,3.04372033147307,0.189396887159533,0.177513248150383,,,,,,,,,,,,,,,,,,,,,,,,,,,,,,,,,2017.0,1996-08-11,,,,10
Josh Reynolds,LAR,WR,13168,weighted,,,,,,,0.171692607003891,0.14221252838035,0.0,0.0,0.0395428015564202,0.017136483327189,,,,,3.08171206225681,0.565536415983417,42.5552723735409,7.54336904377213,0.173735408560311,0.164646787878781,,,,,,,,,,,,,,,,,,,,,,,,,,,,,,,,,2017.0,1995-02-16,,,,10
Nelson Agholor,LVR,WR,12181,weighted,,,,,,,0.206031128404669,0.17065503405642,0.0,0.0,0.0,0.0,,,,,3.2908560311284,0.699880340586281,44.5364785992218,8.10611411767996,0.272295719844358,0.304263553836405,,,,,,,,,,,,,,,,,,,,,,,,,,,,,,,,,2015.0,1993-05-24,,,,10
Rashard Higgins,CLE,WR,12656,weighted,,,,,,,0.0343385214007782,0.02844250567607,0.0,0.0,0.00659046692607,0.0028560805545314,,,,,2.99038910505837,0.604245649907218,39.451906614786,7.683441873542,0.164338521400778,0.158882814478813,,,,,,,,,,,,,,,,,,,,,,,,,,,,,,,,,2016.0,1994-10-07,,,,10
Marquez Valdes-Scantling,GB,WR,13793,weighted,,,,,,,0.890856031128405,0.307179061301556,0.0101320712361568,0.0001093942526002,0.0,0.0,,,,,3.64918287937743,0.637112127143969,45.7896692607004,2.12929227767032,0.148190661478599,0.143018885684942,,,,,,,,,,,,,,,,,,,,,,,,,,,,,,,,,2018.0,1994-10-10,,,,10
Zach Pascal,IND,WR,13488,weighted,,,,,,,0.137354085603113,0.11377002270428,0.0,0.0,0.0,0.0,,,,,3.19301556420233,0.203216240190797,41.4861673151751,4.72674575397139,0.173735408560311,0.164646787878781,,,,,,,,,,,,,,,,,,,,,,,,,,,,,,,,,2017.0,1994-12-18,,,,10
Hunter Renfrow,LVR,WR,14123,weighted,,,,,,,0.0,0.0,0.0,0.0,0.0,0.0,,,,,3.18215953307393,0.251852738721138,43.8648443579767,1.01977845919887,0.160719844357977,0.159886357731745,,,,,,,,,,,,,,,,,,,,,,,,,,,,,,,,,2019.0,1970-01-01,,,,10
Keelan Cole,JAC,WR,13412,weighted,,,,,,,1.50107003891051,0.346998569248054,0.0109503688391699,0.0074957853500476,0.0,0.0,,,,,3.18891050583658,0.202102594137062,40.4800389105058,5.29719551004018,0.110603112840467,0.106487563385696,,,,,,,,,,,,,,,,,,,,,,,,,,,,,,,,,2017.0,1993-04-20,,,,10
Allen Lazard,GB,WR,13632,weighted,,,,,,,0.0,0.0,0.0,0.0,0.0,0.0,,,,,1.41078582434515,1.97989898732233,22.673343605547,31.8198051533946,0.251926040061633,0.353553390593274,,,,,,,,,,,,,,,,,,,,,,,,,,,,,,,,,2018.0,1995-12-11,,Abdomen,2020.0,10
Damiere Byrd,NE,WR,12464,weighted,,,,,,,0.0343385214007782,0.02844250567607,0.0,0.0,0.0,0.0,,,,,3.2481906614786,0.712744065885263,38.2867704280156,5.35497672496156,0.0532976653696498,0.088526458171676,,,,,,,,,,,,,,,,,,,,,,,,,,,,,,,,,,,,,,10
Kendrick Bourne,SF,WR,13418,weighted,,,,,,,0.0,0.0,0.0,0.0,0.0,0.0,,,,,3.12675097276265,0.153652571661206,41.9365564202335,1.70086183942899,0.126264591439689,0.118342165433589,,,,,,,,,,,,,,,,,,,,,,,,,,,,,,,,,2017.0,1995-08-04,,,,10
Jakeem Grant,MIA,WR,12814,weighted,,,,,,,1.16157587548638,0.233228546543774,0.008166010788822,0.0015190883713355,0.00659046692607,0.0028560805545314,,,,,3.29852140077821,1.01609031600009,36.6027431906615,9.78312474118098,0.119416342412451,0.154974916042913,,,,,,,,,,,,,,,,,,,,,,,,,,,,,,,,,2016.0,1992-10-30,,,,10
,,WR,nfl_0,weighted,,,,,,,,,,,0.022,0.0438178046004133,,,,,1.54,0.884872872225158,17.2,14.2021125189177,0.038,0.0521536192416212,,,,,,,,,,,,,,,,,,,,,,,,,,,,,,,,,,,,,,10
N'Keal Harry,NE,WR,14101,weighted,,,,,,,0.679869029275809,0.434870670429727,0.0,0.0,0.1,1.9626738205735202e-17,,,,,2.81941448382126,1.02530483272049,31.2531587057011,13.1875414691291,0.149614791987673,0.0707106781186548,,,,,,,,,,,,,,,,,,,,,,,,,,,,,,,,,2019.0,1970-01-01,,,,10
Willie Snead,BAL,WR,11951,weighted,,,,,,,0.0343385214007782,0.02844250567607,0.0,0.0,0.0,0.0,,,,,2.67690661478599,1.11026273720334,30.2130544747082,8.22910951555945,0.0787937743190661,0.0777644822873645,,,,,,,,,,,,,,,,,,,,,,,,,,,,,,,,,2014.0,1992-10-17,,,,10
Scott Miller,TB,WR,14280,weighted,,,,,,,1.3,,0.0,,0.0,,,,,,4.0,,40.0,,0.08,,,,,,,,,,,,,,,,,,,,,,,,,,,,,,,,,,2019.0,1970-01-01,,,,10
Marvin Hall,DET,WR,13505,weighted,,,,,,,0.260603112840467,0.017065503405642,0.0,0.0,0.0,0.0,,,,,1.62093385214008,0.77343848887101,25.8645914396887,10.617297865456,0.0817315175097276,0.102572779922994,,,,,,,,,,,,,,,,,,,,,,,,,,,,,,,,,2016.0,1993-04-10,,,,10
Larry Fitzgerald,ARI,WR,7393,weighted,,,,,,,0.0,0.0,0.0,0.0,0.0263618677042802,0.011424322218126,,,,,3.04770428015564,0.983705611214393,32.7526848249027,2.39607291099153,0.103657587548638,0.141096858028881,,,,,,,,,,,,,,,,,,,,,,,,,,,,,,,,,2004.0,1983-08-31,,,,10
Golden Tate,NYG,WR,9831,weighted,,,,,,,0.103015564202335,0.0853275170282101,0.0,0.0,0.0329523346303502,0.0142804027726575,,,,,2.88313229571984,0.110505898803213,31.9923346303502,3.06550338313076,0.151809338521401,0.153829063049052,,,,,,,,,,,,,,,,,,,,,,,,,,,,,,,,,2010.0,1988-08-02,,,,10
Mack Hollins,MIA,WR,13289,weighted,,,,,,,0.0,0.0,0.0,0.0,0.0150385208012327,0.0070710678118654,,,,,2.75876733436055,0.226274169979695,32.4708166409861,3.521391770309,0.250385208012327,0.0707106781186547,,,,,,,,,,,,,,,,,,,,,,,,,,,,,,,,,2017.0,1993-09-16,,,,10
KJ Hamler,DEN,WR,14837,weighted,,,,,,,1.80248054474708,0.258826801652237,0.0152294805839187,0.0039514085066755,0.0,0.0,,,,,2.36772373540856,0.464784709592263,29.0858365758755,1.61739873112077,0.0850583657587549,0.0867109013213109,,,,,,,,,,,,,,,,,,,,,,,,,,,,,,,,,2020.0,1970-01-01,,,,10
James Washington,PIT,WR,13631,weighted,,,,,,,0.0,0.0,0.0,0.0,0.0197714007782101,0.0085682416635944,,,,,1.82747081712062,0.780494678105172,24.881439688716,13.0483671895227,0.154941634241245,0.154794688305488,,,,,,,,,,,,,,,,,,,,,,,,,,,,,,,,,2018.0,1996-04-02,,,,10
Marcus Johnson,FA,WR,13387,weighted,,,,,,,0.0,0.0,0.0,0.0,0.0,0.0,,,,,1.34266536964981,0.47562266256175,18.4681712062257,7.33160157882807,0.0409143968871595,0.0454314810729085,,,,,,,,,,,,,,,,,,,,,,,,,,,,,,,,,2016.0,1994-08-05,,,,10
David Moore,SEA,WR,13348,weighted,,,,,,,0.926167315175097,0.551784610115759,0.0,0.0,0.0263618677042802,0.011424322218126,,,,,2.25396887159533,0.731349625540549,27.6596498054475,4.10841140470137,0.126264591439689,0.118342165433589,,,,,,,,,,,,,,,,,,,,,,,,,,,,,,,,,2017.0,1995-01-15,,,,10
Quintez Cephus,DET,WR,14850,weighted,,,,,,,,,,,0.0,0.0,,,,,1.90736543909348,0.14142135623731,30.2209631728045,4.24264068711929,0.0046317280453257,0.0070710678118654,,,,,,,,,,,,,,,,,,,,,,,,,,,,,,,,,2020.0,1970-01-01,,,,10
Miles Boykin,BAL,WR,14125,weighted,,,,,,,0.0,0.0,0.0,0.0,0.0,0.0,,,,,1.85083657587549,0.213069152713018,25.7200972762646,6.10280607619278,0.116867704280156,0.110505898803213,,,,,,,,,,,,,,,,,,,,,,,,,,,,,,,,,2019.0,1970-01-01,,,,10
Tre'Quan Smith,NO,WR,13645,weighted,,,,,,,0.0343385214007782,0.02844250567607,0.0,0.0,0.0,0.0,,,,,2.13712062256809,0.306021298839944,25.671439688716,3.69608058146702,0.193015564202335,0.203216240190797,,,,,,,,,,,,,,,,,,,,,,,,,,,,,,,,,2018.0,,,,,10
Auden Tate,CIN,WR,13642,weighted,,,,,,,0.0,0.0,0.0,0.0,0.00659046692607,0.0028560805545314,,,,,1.75278210116732,0.767500745084724,21.8531128404669,8.79756494015274,0.0471303501945525,0.0622433757611415,,,,,,,,,,,,,,,,,,,,,,,,,,,,,,,,,2018.0,1997-02-03,,,,10
Parris Campbell,IND,WR,14112,weighted,,,,,,,0.0,,0.0,,0.1,,,,,,0.0,,0.0,,0.0,,,,,,,,,,,,,,,,,,,,,,,,,,,,,,,,,,2019.0,1997-07-16,IR,Knee - MCL,2020.0,10
Cam Sims,FA,WR,13895,weighted,,,,,,,0.2,,0.0,,0.02,,,,,,0.7,,9.0,,0.04,,,,,,,,,,,,,,,,,,,,,,,,,,,,,,,,,,2018.0,1970-01-01,,,,10
Kenny Stills,HOU,WR,11227,weighted,,,,,,,0.0,0.0,0.0,0.0,0.0075192604006163,0.0035355339059327,,,,,1.42942989214176,0.81317279836453,19.7292141756549,11.7874700423797,0.130539291217257,0.0989949493661166,,,,,,,,,,,,,,,,,,,,,,,,,,,,,,,,,2013.0,1992-04-22,,,,10
Gabriel Davis,BUF,WR,14845,weighted,,,,,,,,,,,0.0,0.0,,,,,1.3242209631728,0.494974746830583,19.6317280453258,7.07106781186548,0.138951841359773,0.212132034355964,,,,,,,,,,,,,,,,,,,,,,,,,,,,,,,,,2020.0,1970-01-01,,,,10
Kalif Raymond,TEN,WR,13066,weighted,,,,,,,0.0343385214007782,0.02844250567607,0.0,0.0,0.0,0.0,,,,,1.78192607003891,0.211301318818964,23.5154280155642,0.51562994616751,0.0693968871595331,0.0657685474151846,,,,,,,,,,,,,,,,,,,,,,,,,,,,,,,,,2016.0,1994-08-08,,,,10
Andy Isabella,ARI,WR,14121,weighted,,,,,,,0.302154065620542,0.0494974746830583,0.0,0.0,0.0,0.0,,,,,1.32613409415121,0.502045814642449,17.8171469329529,5.87605735166021,0.0689015691868759,0.106066017177982,,,,,,,,,,,,,,,,,,,,,,,,,,,,,,,,,2019.0,,,,,10
Cordarrelle Patterson,CHI,WR,11225,weighted,,,,,,,40.1001945525292,6.97410239177237,0.326000460184362,0.0530106481064408,0.00659046692607,0.0028560805545314,,,,,1.86192607003891,0.808564498824604,15.8314591439689,6.64783350512577,0.037636186770428,0.0601526474572321,,,,,,,,,,,,,,,,,,,,,,,,,,,,,,,,,2013.0,1991-03-17,,,,10
Antonio Callaway,FA,WR,13640,weighted,,,,,,,0.0,,0.0,,0.0,,,,,,0.64,,7.82,,0.05,,,,,,,,,,,,,,,,,,,,,,,,,,,,,,,,,,2018.0,1997-01-09,,,,10
Isaiah Ford,MIA,WR,13162,weighted,,,,,,,0.07557781201849,0.106066017177982,0.0,0.0,0.0,0.0,,,,,0.742003081664099,0.367695526217005,8.34064714946071,3.79009234715989,0.014884437596302,0.0212132034355964,,,,,,,,,,,,,,,,,,,,,,,,,,,,,,,,,2017.0,1996-02-09,,,,10
Cameron Batson,FA,WR,13912,weighted,,,,,,,0.68,,0.01,,0.0,,,,,,1.66,,19.54,,0.1,,,,,,,,,,,,,,,,,,,,,,,,,,,,,,,,,,2018.0,1970-01-01,,,,10
Bryan Edwards,LVR,WR,14844,weighted,,,,,,,0.100770416024653,0.14142135623731,0.0,0.0,0.0,0.0,,,,,0.862958397534669,0.37476659402887,11.85781201849,4.07293505963451,0.0545762711864407,0.0777817459305202,,,,,,,,,,,,,,,,,,,,,,,,,,,,,,,,,2020.0,1970-01-01,,,,10
DaeSean Hamilton,DEN,WR,13649,weighted,,,,,,,0.0,0.0,0.0,0.0,0.0,0.0,,,,,1.47938366718028,0.113137084989848,15.8506317411402,2.63750829382582,0.0645762711864407,0.0777817459305202,,,,,,,,,,,,,,,,,,,,,,,,,,,,,,,,,2018.0,1995-03-10,,,,10
Devin Duvernay,BAL,WR,14847,weighted,,,,,,,1.83477626459144,0.418104833438229,0.0084638029899651,0.0012724278855084,0.0,0.0,,,,,0.942645914396887,0.119916539189204,11.8515175097276,1.96226917296672,0.0250583657587549,0.045508009081712,,,,,,,,,,,,,,,,,,,,,,,,,,,,,,,,,2020.0,1997-09-12,,,,10
Dez Bryant,FA,WR,9823,weighted,,,,,,,0.0,,0.0,,0.0,,,,,,0.68,,9.06,,0.09,,,,,,,,,,,,,,,,,,,,,,,,,,,,,,,,,,2010.0,1988-11-04,,,,10
Olabisi Johnson,MIN,WR,14305,weighted,,,,,,,0.1,0.0,0.0,0.0,0.0,0.0,,,,,0.907365439093485,0.14142135623731,14.757790368272,4.94974746830583,0.0231586402266289,0.0353553390593274,,,,,,,,,,,,,,,,,,,,,,,,,,,,,,,,,2019.0,1970-01-01,,,,10
Trent Taylor,SF,WR,13316,weighted,,,,,,,0.0,0.0,0.0,0.0,0.0,0.0,,,,,1.16030816640986,0.0565685424949237,14.7497072419106,1.7819090885901,0.0347303543913713,0.0494974746830583,,,,,,,,,,,,,,,,,,,,,,,,,,,,,,,,,2017.0,1994-04-30,,,,10
River Cracraft,FA,WR,13862,weighted,,,,,,,0.0,,0.0,,0.0,,,,,,0.04,,0.62,,0.0,,,,,,,,,,,,,,,,,,,,,,,,,,,,,,,,,,2017.0,,,,,10
Van Jefferson,LAR,WR,14858,weighted,,,,,,,0.0503852080123267,0.0707106781186548,0.0,0.0,0.0,0.0,,,,,1.01069337442219,0.127279220613579,13.1367026194145,1.23036579926459,0.0396918335901387,0.0565685424949238,,,,,,,,,,,,,,,,,,,,,,,,,,,,,,,,,2020.0,1970-01-01,,,,10
Tyron Johnson,FA,WR,14117,weighted,,,,,,,0.6,,0.0,,0.0,,,,,,0.4,,8.0,,0.1,,,,,,,,,,,,,,,,,,,,,,,,,,,,,,,,,,2019.0,1970-01-01,,,,10
KhaDarel Hodge,CLE,WR,13963,weighted,,,,,,,0.0503852080123267,0.0707106781186548,0.0,0.0,0.0,0.0,,,,,0.64884437596302,0.212132034355964,9.9575654853621,1.36471608769004,0.0347303543913713,0.0494974746830583,,,,,,,,,,,,,,,,,,,,,,,,,,,,,,,,,2018.0,1994-01-03,,,,10
Chad Beebe,MIN,WR,13999,weighted,,,,,,,0.0503852080123267,0.0707106781186548,0.0,0.0,0.0,0.0,,,,,0.678613251155624,0.254558441227157,8.54745762711864,5.05581348548381,0.0347303543913713,0.0494974746830583,,,,,,,,,,,,,,,,,,,,,,,,,,,,,,,,,2018.0,1970-01-01,,,,10
Isaiah McKenzie,BUF,WR,13313,weighted,,,,,,,1.95588597842835,0.162634559672906,0.0155912942989214,0.0061871843353822,0.0,0.0,,,,,1.40308166409861,0.565685424949238,12.3108782742681,3.83251875403109,0.135500770416025,0.0919238815542512,,,,,,,,,,,,,,,,,,,,,,,,,,,,,,,,,2017.0,1995-04-09,,,,10
Equanimeous St. Brown,GB,WR,13637,weighted,,,,,,,0.0,,0.0,,0.0,,,,,,1.07,,14.48,,0.09,,,,,,,,,,,,,,,,,,,,,,,,,,,,,,,,,,2018.0,1996-09-30,,,,10
Riley Ridley,CHI,WR,14103,weighted,,,,,,,0.0503852080123267,0.0707106781186548,0.0,0.0,0.0,0.0,,,,,0.528659476117103,0.67175144212722,5.31140215716487,6.68215908221287,0.0,0.0,,,,,,,,,,,,,,,,,,,,,,,,,,,,,,,,,2019.0,1970-01-01,,,,10
Alex Erickson,CIN,WR,12913,weighted,,,,,,,0.125963020030817,0.176776695296637,0.0,0.0,0.022557781201849,0.0106066017177982,,,,,0.528659476117103,0.67175144212722,6.8179969183359,8.81055049358438,0.0,0.0,,,,,,,,,,,,,,,,,,,,,,,,,,,,,,,,,2016.0,1992-11-06,,,,10
Jamal Agnew,DET,WR,13308,weighted,,,,,,,0.0,,0.0,,0.0,,,,,,0.0,,0.0,,0.0,,,,,,,,,,,,,,,,,,,,,,,,,,,,,,,,,,2017.0,,O,Ribs,2020.0,10
Justin Watson,TB,WR,13776,weighted,,,,,,,0.0,0.0,0.0,0.0,0.0,0.0,,,,,0.503081664098613,0.565685424949238,6.5175654853621,7.81352993211135,0.0351926040061633,0.0353553390593274,,,,,,,,,,,,,,,,,,,,,,,,,,,,,,,,,2018.0,,,,,10
Mike Thomas,CIN,WR,12675,weighted,,,,,,,0.0,,0.0,,0.0,,,,,,0.48,,6.03,,0.03,,,,,,,,,,,,,,,,,,,,,,,,,,,,,,,,,,2016.0,1994-08-16,,,,10
Zay Jones,LVR,WR,13176,weighted,,,,,,,0.0,0.0,0.0,0.0,0.0,0.0,,,,,0.629429892141757,0.813172798364529,5.78548536209553,7.43169227027061,0.045346687211094,0.0636396103067893,,,,,,,,,,,,,,,,,,,,,,,,,,,,,,,,,2017.0,1995-03-30,,,,10
Kevin White,FA,WR,12177,weighted,,,,,,,0.07557781201849,0.106066017177982,0.0,0.0,0.0,0.0,,,,,0.171001540832049,0.183847763108502,2.30813559322034,2.41123412384613,0.0100770416024653,0.014142135623731,,,,,,,,,,,,,,,,,,,,,,,,,,,,,,,,,2015.0,1993-06-25,,,,10
Brandon Zylstra,CAR,WR,13585,weighted,,,,,,,0.0503852080123267,0.0707106781186548,0.0,0.0,0.0,0.0,,,,,0.45115562403698,0.212132034355964,4.784437596302,1.73241161390704,0.0099229583975346,0.014142135623731,,,,,,,,,,,,,,,,,,,,,,,,,,,,,,,,,2017.0,1993-03-25,,,,10
Ray-Ray McCloud,PIT,WR,13641,weighted,,,,,,,3.71231895223421,0.951058620695906,0.0268355732140914,0.0184749767202954,0.0,0.0,,,,,0.750385208012327,0.0707106781186548,6.90520801232666,2.71529003975634,0.029768875192604,0.0424264068711928,,,,,,,,,,,,,,,,,,,,,,,,,,,,,,,,,2018.0,1996-10-15,,,,10
Joe Reed,LAC,WR,14862,weighted,,,,,,,1.27084745762712,0.15556349186104,0.0079585303650178,0.0028650016134282,0.0,0.0,,,,,0.653805855161787,0.21920310216783,9.96526964560863,0.0494974746830585,0.0499229583975347,0.0141421356237309,,,,,,,,,,,,,,,,,,,,,,,,,,,,,,,,,2020.0,1970-01-01,,,,10
Tyler Johnson,TB,WR,14864,weighted,,,,,,,0.0251926040061633,0.0353553390593274,0.0,0.0,0.0,0.0,,,,,0.806502311248074,0.275771644662754,6.80154083204931,0.282842712474619,0.226348228043143,0.247487373415292,,,,,,,,,,,,,,,,,,,,,,,,,,,,,,,,,2020.0,1970-01-01,,,,10
Keith Kirkwood,CAR,WR,13882,weighted,,,,,,,0.0,,0.0,,0.0,,,,,,0.05,,0.6,,0.0,,,,,,,,,,,,,,,,,,,,,,,,,,,,,,,,,,2018.0,1970-01-01,IR,Shoulder,2020.0,10
Matthew Slater,NE,WR,9200,weighted,,,,,,,0.0,,0.0,,0.0,,,,,,0.04,,0.46,,0.0,,,,,,,,,,,,,,,,,,,,,,,,,,,,,,,,,,2008.0,1985-09-09,,,,10
Tajae Sharpe,MIN,WR,12657,weighted,,,,,,,0.0,0.0,0.0,0.0,0.0,0.0,,,,,0.166040061633282,0.190918830920368,2.23371340523883,2.51730014102411,0.0201540832049307,0.0282842712474619,,,,,,,,,,,,,,,,,,,,,,,,,,,,,,,,,2016.0,1994-12-23,,,,10
Pharoh Cooper,CAR,WR,12660,weighted,,,,,,,0.0503852080123267,0.0707106781186548,0.0,0.0,0.0075192604006163,0.0035355339059327,,,,,0.25115562403698,0.212132034355964,2.5413251155624,2.07889393668845,0.0049614791987673,0.0070710678118654,,,,,,,,,,,,,,,,,,,,,,,,,,,,,,,,,2016.0,1995-03-07,,,,10
DeAndre Carter,HOU,WR,12394,weighted,,,,,,,0.0,,0.0,,0.0,,,,,,0.05,,0.55,,0.0,,,,,,,,,,,,,,,,,,,,,,,,,,,,,,,,,,2015.0,1993-04-10,,,,10
KeeSean Johnson,ARI,WR,14124,weighted,,,,,,,0.0,,0.0,,0.0,,,,,,0.0,,0.0,,0.0,,,,,,,,,,,,,,,,,,,,,,,,,,,,,,,,,,2019.0,1970-01-01,O,Coach's Decision,2020.0,10
Andre Roberts,BUF,WR,9921,weighted,,,,,,,1.20791987673344,0.381837661840736,0.0065615499937533,0.004825526006746,0.0,0.0,,,,,0.120616332819723,0.113137084989848,1.24585516178737,1.07480230740355,0.0,0.0,,,,,,,,,,,,,,,,,,,,,,,,,,,,,,,,,2010.0,1988-01-09,,,,10
Jake Kumerow,FA,WR,12443,weighted,,,,,,,0.0,,0.0,,0.0,,,,,,0.05,,0.56,,0.0,,,,,,,,,,,,,,,,,,,,,,,,,,,,,,,,,,,,,,,10
Dante Pettis,SF,WR,13634,weighted,,,,,,,0.0,,0.0,,0.0,,,,,,0.0,,0.0,,0.0,,,,,,,,,,,,,,,,,,,,,,,,,,,,,,,,,,2018.0,1995-10-23,O,Coach's Decision,2020.0,10
Keke Coutee,HOU,WR,13662,weighted,,,,,,,0.0,,0.0,,0.0,,,,,,0.0,,0.0,,0.0,,,,,,,,,,,,,,,,,,,,,,,,,,,,,,,,,,2018.0,1997-01-14,O,Coach's Decision,2020.0,10
Trent Sherfield,ARI,WR,13893,weighted,,,,,,,0.0,,0.0,,0.0,,,,,,0.05,,0.54,,0.0,,,,,,,,,,,,,,,,,,,,,,,,,,,,,,,,,,2018.0,1996-02-26,,,,10
Penny Hart,FA,WR,14316,weighted,,,,,,,0.1,,0.0,,0.0,,,,,,0.08,,1.0,,0.0,,,,,,,,,,,,,,,,,,,,,,,,,,,,,,,,,,2019.0,1970-01-01,,,,10
Taywan Taylor,FA,WR,13167,weighted,,,,,,,0.0,,0.0,,0.0,,,,,,0.0,,0.0,,0.0,,,,,,,,,,,,,,,,,,,,,,,,,,,,,,,,,,2017.0,,O,Coach's Decision,2020.0,10
Darren Waller,LVR,TE,12263,weighted,,,,,,,0.0,0.0,0.0,0.0,0.1,0.0,,,,,5.99232142857143,0.45725002922819,65.2117582417582,6.15699093890204,0.725576923076923,0.360219219471029,,,,,,,,,,,,,,,,,,,,,,,,,,,,,,,,,2015.0,1992-09-13,,,,10
Noah Fant,DEN,TE,14137,weighted,,,,,,,0.0,0.0,0.0,0.0,0.0103485576923077,0.0127902873629359,,,,,4.25495879120879,0.549810139501932,50.1192582417582,6.02861896916032,0.518241758241758,0.333563453327834,,,,,,,,,,,,,,,,,,,,,,,,,,,,,,,,,2019.0,1997-11-20,,,,10
Evan Engram,NYG,TE,13189,weighted,,,,,,,1.44141025641026,1.27789108044773,0.013907967032967,0.0123961010872506,0.0,0.0,,,,,4.51195054945055,0.347267520233975,48.4514697802198,5.49857670177211,0.174478021978022,0.131688055655037,,,,,,,,,,,,,,,,,,,,,,,,,,,,,,,,,2017.0,1994-09-02,,,,10
T.J. Hockenson,DET,TE,14138,weighted,,,,,,,0.0,0.0,0.0,0.0,0.0,0.0,,,,,4.49429945054945,0.407290404346766,48.6400412087912,4.66339555076399,0.714519230769231,0.371357617749999,,,,,,,,,,,,,,,,,,,,,,,,,,,,,,,,,2019.0,1997-07-03,,,,10
Jared Cook,NO,TE,9474,weighted,,,,,,,0.0,0.0,0.0,0.0,0.0310456730769231,0.0383708620888077,,,,,3.52406593406593,1.04114042562698,43.8092857142857,7.55784804694751,0.547678571428571,0.324242685100955,,,,,,,,,,,,,,,,,,,,,,,,,,,,,,,,,2009.0,1987-04-07,,,,10
Dallas Goedert,PHI,TE,13674,weighted,,,,,,,0.0,0.0,0.0,0.0,0.0272697795071336,0.01904053703021,,,,,4.11324902723735,0.131696323186022,47.1812062256809,4.53080955366614,0.179513618677043,0.187534153390483,,,,,,,,,,,,,,,,,,,,,,,,,,,,,,,,,2018.0,1995-01-03,,,,10
Mark Andrews,BAL,TE,13671,weighted,,,,,,,0.0,0.0,0.0,0.0,0.0103485576923077,0.0127902873629359,,,,,3.71631868131868,0.414245609768581,47.2641620879121,4.63782225612001,0.612458791208791,0.268570472816733,,,,,,,,,,,,,,,,,,,,,,,,,,,,,,,,,2018.0,1995-09-06,,,,10
Hunter Henry,LAC,TE,12676,weighted,,,,,,,0.0,0.0,0.0,0.0,0.0103485576923077,0.0127902873629359,,,,,3.94748626373626,0.30912229854634,45.0385027472527,4.64144620318143,0.172266483516484,0.128462326108301,,,,,,,,,,,,,,,,,,,,,,,,,,,,,,,,,2016.0,1994-12-07,,,,10
Austin Hooper,CLE,TE,12677,weighted,,,,,,,0.0,0.0,0.0,0.0,0.0545395590142672,0.0380810740604199,,,,,3.70070038910506,0.587739880071394,41.9136381322957,11.0522625021799,0.564338521400778,0.408442321894683,,,,,,,,,,,,,,,,,,,,,,,,,,,,,,,,,2016.0,1994-10-29,,,,10
Eric Ebron,PIT,TE,11695,weighted,,,,,,,0.0,0.0,0.0,0.0,0.0241466346153846,0.0298440038468505,,,,,4.13298076923077,0.711341900279291,41.8936675824176,5.17179441608851,0.224120879120879,0.153948064117435,,,,,,,,,,,,,,,,,,,,,,,,,,,,,,,,,2014.0,1993-04-10,,,,10
Rob Gronkowski,TB,TE,9902,weighted,,,,,,,0.0,0.0,0.0,0.0,0.0034495192307692,0.0042634291209786,,,,,3.37690934065934,0.413413902830403,39.8907692307692,5.35278902718999,0.268695054945055,0.191478300121191,,,,,,,,,,,,,,,,,,,,,,,,,,,,,,,,,2010.0,1989-05-14,,,,10
Tyler Higbee,LAR,TE,12678,weighted,,,,,,,0.0,0.0,0.0,0.0,0.0,0.0,,,,,3.41217032967033,0.556070037315316,39.0945192307692,5.57224022908473,0.183667582417582,0.132913451348721,,,,,,,,,,,,,,,,,,,,,,,,,,,,,,,,,2016.0,1993-01-01,,,,10
Robert Tonyan,GB,TE,13427,weighted,,,,,,,0.0,0.0,0.0,0.0,0.0,0.0,,,,,3.08318681318681,0.699468244566857,36.9343818681319,6.285660309635,0.251002747252747,0.177320580766759,,,,,,,,,,,,,,,,,,,,,,,,,,,,,,,,,2017.0,1994-04-30,,,,10
Trey Burton,IND,TE,11705,weighted,,,,,,,2.41,5.4466679338153295e-16,0.03,0.0,0.00659046692607,0.0028560805545314,,,,,3.52793774319066,0.561632283388577,37.8287937743191,6.59430892914056,0.567470817120623,0.405653738273877,,,,,,,,,,,,,,,,,,,,,,,,,,,,,,,,,2014.0,1991-10-29,,,,10
Jonnu Smith,TEN,TE,13193,weighted,,,,,,,0.0161630036630037,0.0192814700704601,0.0,0.0,0.0,0.0,,,,,3.10480769230769,0.428367684705924,37.9355357142857,4.900401667586,0.572348901098901,0.320597489950745,,,,,,,,,,,,,,,,,,,,,,,,,,,,,,,,,2017.0,1995-08-22,,,,10
Mike Gesicki,MIA,TE,13672,weighted,,,,,,,0.0,0.0,0.0,0.0,0.0068990384615384,0.0085268582419572,,,,,3.27631868131868,0.221368837644647,37.9529532967033,3.1190816900423,0.181112637362637,0.141901931452545,,,,,,,,,,,,,,,,,,,,,,,,,,,,,,,,,2018.0,1995-10-03,,,,10
Jimmy Graham,CHI,TE,9925,weighted,,,,,,,0.0,0.0,0.0,0.0,0.0,0.0,,,,,3.97631868131868,0.142306820478832,39.2469642857143,3.47138398811356,0.19728021978022,0.161527744514611,,,,,,,,,,,,,,,,,,,,,,,,,,,,,,,,,2010.0,1986-11-24,,,,10
Jordan Reed,SF,TE,11248,weighted,,,,,,,0.0,0.0,0.0,0.0,0.0,0.0,,,,,3.59107003891051,0.516306488508394,37.6336575875486,2.21133913128722,0.176867704280156,0.166911971650205,,,,,,,,,,,,,,,,,,,,,,,,,,,,,,,,,2013.0,1990-07-03,,,,10
Logan Thomas,WAS,TE,11647,weighted,,,,,,,0.0,0.0,0.0,0.0,0.0,0.0,,,,,3.23921703296703,0.275618874995401,34.9339010989011,2.5687399661347,0.190302197802198,0.138674117085564,,,,,,,,,,,,,,,,,,,,,,,,,,,,,,,,,2014.0,1991-07-01,,,,10
Tyler Eifert,JAC,TE,11250,weighted,,,,,,,0.0,0.0,0.0,0.0,0.0,0.0,,,,,2.63854085603113,0.467102280498256,28.5075680933852,7.09551953073709,0.0787451361867704,0.0813040721967837,,,,,,,,,,,,,,,,,,,,,,,,,,,,,,,,,2013.0,1990-09-08,,,,10
Mo Alie-Cox,IND,TE,13246,weighted,,,,,,,0.0,0.0,0.0,0.0,0.0659046692607004,0.0285608055453149,,,,,2.08410505836576,1.05335541822862,26.6065953307393,9.40960127052169,0.141926070038911,0.135233454963873,,,,,,,,,,,,,,,,,,,,,,,,,,,,,,,,,2016.0,1993-09-19,,,,10
Jordan Akins,HOU,TE,13753,weighted,,,,,,,0.0,0.0,0.0,0.0,0.0,0.0,,,,,2.85278210116732,0.267359553355058,31.8883657587549,3.83743100388876,0.123132295719844,0.115509214117801,,,,,,,,,,,,,,,,,,,,,,,,,,,,,,,,,2018.0,1992-04-19,,,,10
Darren Fells,HOU,TE,11337,weighted,,,,,,,0.0,0.0,0.0,0.0,0.0,0.0,,,,,2.20846153846154,0.497645375237862,24.0114010989011,5.60737688603914,0.143516483516484,0.0989585413872009,,,,,,,,,,,,,,,,,,,,,,,,,,,,,,,,,2012.0,1986-04-22,,,,10
Greg Olsen,SEA,TE,8687,weighted,,,,,,,0.0,0.0,0.0,0.0,0.0,0.0,,,,,2.57011673151751,0.419536926319042,26.7924708171206,5.17497057384132,0.084863813229572,0.108018711696145,,,,,,,,,,,,,,,,,,,,,,,,,,,,,,,,,2007.0,1985-03-11,,,,10
Gerald Everett,LAR,TE,13236,weighted,,,,,,,0.22,0.0,0.0,0.0,0.0527237354085603,0.022848644436252,,,,,2.60700389105058,0.48577325925008,26.4705058365759,3.22657642595185,0.0975875486381323,0.106010984793967,,,,,,,,,,,,,,,,,,,,,,,,,,,,,,,,,2017.0,1994-06-25,,,,10
Kyle Rudolph,MIN,TE,10312,weighted,,,,,,,0.0,0.0,0.0,0.0,0.0,0.0,,,,,1.96070038910506,0.991101957980887,23.1116342412451,7.39638467514995,0.151322957198444,0.147087171291744,,,,,,,,,,,,,,,,,,,,,,,,,,,,,,,,,2011.0,1989-11-09,,,,10
Anthony Firkser,TEN,TE,13919,weighted,,,,,,,0.0,0.0,0.0,0.0,0.0,0.0,,,,,2.13395993836672,0.190918830920368,22.4884437596302,2.12132034355964,0.139691833590139,0.0565685424949238,,,,,,,,,,,,,,,,,,,,,,,,,,,,,,,,,2018.0,1970-01-01,,,,10
Ross Dwelley,SF,TE,13988,weighted,,,,,,,0.0,0.0,0.0,0.0,0.0,0.0,,,,,1.58892996108949,0.659303893394575,19.5568093385214,5.43117626835836,0.0693482490272374,0.0678561569075501,,,,,,,,,,,,,,,,,,,,,,,,,,,,,,,,,2018.0,1970-01-01,,,,10
Drew Sample,CIN,TE,14146,weighted,,,,,,,,,,,0.0,0.0,,,,,2.62946175637394,0.565685424949238,23.6104815864023,2.12132034355964,0.0370538243626062,0.0565685424949238,,,,,,,,,,,,,,,,,,,,,,,,,,,,,,,,,2019.0,1996-04-16,,,,10
Will Dissly,SEA,TE,13763,weighted,,,,,,,0.0,0.0,0.0,0.0,0.0,0.0,,,,,1.23881322957198,0.470769010152345,15.0703696498054,5.94357158970907,0.0980739299610895,0.101844554153984,,,,,,,,,,,,,,,,,,,,,,,,,,,,,,,,,2018.0,,,,,10
Dawson Knox,BUF,TE,14143,weighted,,,,,,,,,,,0.07,,,,,,1.6,,22.0,,0.09,,,,,,,,,,,,,,,,,,,,,,,,,,,,,,,,,,2019.0,1996-11-14,,,,10
Richard Rodgers,FA,TE,11785,weighted,,,,,,,0.0,0.0,0.0,0.0,0.022557781201849,0.0106066017177982,,,,,1.51873651771957,0.685893577750951,15.6862557781202,7.57311362650792,0.0748073959938367,0.0353553390593274,,,,,,,,,,,,,,,,,,,,,,,,,,,,,,,,,2014.0,1992-01-22,,,,10
Tyler Kroft,BUF,TE,12212,weighted,,,,,,,0.0,0.0,0.0,0.0,0.0,0.0,,,,,1.08131241084165,1.41421356237309,11.3537803138374,14.8492424049175,0.0,0.0,,,,,,,,,,,,,,,,,,,,,,,,,,,,,,,,,2015.0,1992-10-15,,Undisclosed,2020.0,10
Irv Smith Jr.,MIN,TE,14141,weighted,,,,,,,0.0,0.0,0.0,0.0,,,,,,,1.08131241084165,1.41421356237309,11.3537803138374,14.8492424049175,0.0,0.0,,,,,,,,,,,,,,,,,,,,,,,,,,,,,,,,,2019.0,1970-01-01,O,Groin,2020.0,10
David Njoku,CLE,TE,13192,weighted,,,,,,,0.0,0.0,0.0,0.0,0.0,0.0,,,,,1.08699537750385,0.551543289325507,12.7205855161787,8.15294118708089,0.134730354391371,0.0494974746830583,,,,,,,,,,,,,,,,,,,,,,,,,,,,,,,,,2017.0,1996-07-10,,,,10
Ian Thomas,CAR,TE,13678,weighted,,,,,,,0.0,0.0,0.0,0.0,0.0,0.0,,,,,1.60626459143969,0.569560126005833,17.0313229571984,2.84780063002917,0.0756614785992218,0.0735435856458719,,,,,,,,,,,,,,,,,,,,,,,,,,,,,,,,,2018.0,1996-06-06,,,,10
Dan Arnold,ARI,TE,13880,weighted,,,,,,,0.0,0.0,0.0,0.0,0.0,0.0,,,,,1.54505836575875,0.433464524368929,16.6791050583658,1.51143816306497,0.05965953307393,0.084491082202978,,,,,,,,,,,,,,,,,,,,,,,,,,,,,,,,,2017.0,1970-01-01,,,,10
Ryan Izzo,NE,TE,13847,weighted,,,,,,,,,,,0.1,,,,,,0.7,,9.0,,0.01,,,,,,,,,,,,,,,,,,,,,,,,,,,,,,,,,,2018.0,1995-12-21,,,,10
Cameron Brate,TB,TE,12110,weighted,,,,,,,0.0,0.0,0.0,0.0,0.0,0.0,,,,,1.07408320493066,0.74953318805774,10.8676117103236,8.73983981546573,0.130539291217257,0.0989949493661166,,,,,,,,,,,,,,,,,,,,,,,,,,,,,,,,,2014.0,1991-07-03,,,,10
Nick Boyle,BAL,TE,12328,weighted,,,,,,,0.0,0.0,0.0,0.0,0.0,0.0,,,,,1.58092449922958,0.169705627484771,15.4917103235747,2.1496046148071,0.170231124807396,0.0424264068711928,,,,,,,,,,,,,,,,,,,,,,,,,,,,,,,,,2015.0,1993-02-17,,,,10
Maxx Williams,ARI,TE,12206,weighted,,,,,,,0.0,0.0,0.0,0.0,0.0,0.0,,,,,0.733620955315871,0.664680374315355,9.73143297380586,10.3591143443829,0.0652696456086287,0.0494974746830583,,,,,,,,,,,,,,,,,,,,,,,,,,,,,,,,,2015.0,1994-04-12,,,,10
James OShaughnessy,JAC,TE,12330,weighted,,,,,,,0.0,0.0,0.0,0.0,0.0,0.0,,,,,1.63550077041602,0.0919238815542511,16.3302003081664,0.954594154601839,0.0598459167950693,0.0282842712474619,,,,,,,,,,,,,,,,,,,,,,,,,,,,,,,,,,,,,,10
Adam Shaheen,MIA,TE,13254,weighted,,,,,,,0.0,0.0,0.0,0.0,0.0,0.0,,,,,1.07057010785824,0.81317279836453,11.0656702619414,7.21956023591465,0.139614791987673,0.0707106781186548,,,,,,,,,,,,,,,,,,,,,,,,,,,,,,,,,2017.0,1994-01-01,,,,10
Jason Witten,LVR,TE,6997,weighted,,,,,,,0.0,0.0,0.0,0.0,0.0,0.0,,,,,1.68930662557781,0.127279220613579,13.2872419106317,3.25976226126998,0.109922958397535,0.0141421356237309,,,,,,,,,,,,,,,,,,,,,,,,,,,,,,,,,2003.0,1982-05-06,,,,10
Jacob Hollister,SEA,TE,13391,weighted,,,,,,,0.0,0.0,0.0,0.0,0.0,0.0,,,,,1.64046224961479,0.0848528137423856,14.0220647149461,1.45663996924429,0.114576271186441,0.0777817459305202,,,,,,,,,,,,,,,,,,,,,,,,,,,,,,,,,2017.0,1993-11-18,,,,10
Jesse James,DET,TE,12211,weighted,,,,,,,0.0,0.0,0.0,0.0,0.0,0.0,,,,,0.721386748844376,0.254558441227157,8.13448382126348,2.65872149726142,0.0549614791987673,0.0070710678118654,,,,,,,,,,,,,,,,,,,,,,,,,,,,,,,,,2015.0,1994-06-04,,,,10
Jace Sternberger,GB,TE,14140,weighted,,,,,,,,,,,0.0,0.0,,,,,1.04631728045326,0.0707106781186548,10.4631728045326,0.707106781186548,0.0463172804532578,0.0707106781186548,,,,,,,,,,,,,,,,,,,,,,,,,,,,,,,,,2019.0,,,,,10
Kaden Smith,NYG,TE,14142,weighted,,,,,,,,,,,0.0,,,,,,1.4,,10.0,,0.03,,,,,,,,,,,,,,,,,,,,,,,,,,,,,,,,,,2019.0,,,,,10
Cole Kmet,CHI,TE,14867,weighted,,,,,,,0.0,0.0,0.0,0.0,0.0150385208012327,0.0070710678118654,,,,,0.67442218798151,0.106066017177982,7.56338983050847,0.622253967444162,0.0500770416024653,0.0141421356237309,,,,,,,,,,,,,,,,,,,,,,,,,,,,,,,,,2020.0,1999-03-10,Q,Groin,2020.0,10
Tyler Conklin,MIN,TE,13675,weighted,,,,,,,0.0,0.0,0.0,0.0,0.0,0.0,,,,,0.956117103235747,0.205060966544099,10.3230200308166,2.39002092041053,0.0396918335901387,0.0565685424949238,,,,,,,,,,,,,,,,,,,,,,,,,,,,,,,,,2018.0,1995-07-30,,,,10
Marcedes Lewis,GB,TE,8269,weighted,,,,,,,0.0,0.0,0.0,0.0,0.0,0.0,,,,,0.526348228043143,0.247487373415292,5.0275500770416,1.38592929112563,0.070231124807396,0.0424264068711929,,,,,,,,,,,,,,,,,,,,,,,,,,,,,,,,,2006.0,1984-05-19,,,,10
Durham Smythe,MIA,TE,13676,weighted,,,,,,,0.0,0.0,0.0,0.0,0.0,0.0,,,,,0.820616332819723,0.113137084989848,8.12677966101695,1.24450793488832,0.0900770416024653,0.014142135623731,,,,,,,,,,,,,,,,,,,,,,,,,,,,,,,,,2018.0,1995-08-09,,,,10
Nick Vannett,DEN,TE,12680,weighted,,,,,,,0.0,0.0,0.0,0.0,0.0,0.0,,,,,0.765269645608629,0.0494974746830584,7.10419106317411,0.148492424049175,0.0448073959938367,0.0353553390593274,,,,,,,,,,,,,,,,,,,,,,,,,,,,,,,,,2016.0,1993-03-06,,,,10
Josh Hill,NO,TE,11529,weighted,,,,,,,0.0,0.0,0.0,0.0,0.0,0.0,,,,,0.698120184899846,0.572756492761104,5.28607087827427,3.86787409309041,0.070231124807396,0.0424264068711929,,,,,,,,,,,,,,,,,,,,,,,,,,,,,,,,,2013.0,1990-05-21,,,,10
Darrell Daniels,ARI,TE,13396,weighted,,,,,,,0.0,0.0,0.0,0.0,0.0,0.0,,,,,0.685885978428351,0.162634559672906,7.88640986132512,3.01227488785469,0.0800770416024653,0.0141421356237309,,,,,,,,,,,,,,,,,,,,,,,,,,,,,,,,,2016.0,1994-11-22,,,,10
Foster Moreau,LVR,TE,14239,weighted,,,,,,,,,,,0.0,,,,,,0.7,,7.0,,0.2,,,,,,,,,,,,,,,,,,,,,,,,,,,,,,,,,,2019.0,1997-05-06,,,,10
Cethan Carter,CIN,TE,13369,weighted,,,,,,,0.0,0.0,0.0,0.0,0.0,0.0,,,,,0.582465331278891,0.45254833995939,4.7524499229584,3.20319371877506,0.0250385208012327,0.0070710678118654,,,,,,,,,,,,,,,,,,,,,,,,,,,,,,,,,2017.0,1993-09-05,,,,10
Lee Smith,BUF,TE,10398,weighted,,,,,,,0.0,0.0,0.0,0.0,0.0375963020030817,0.0176776695296637,,,,,0.286656394453005,0.304055915910215,3.2811093990755,3.87494516090228,0.040231124807396,0.0424264068711929,,,,,,,,,,,,,,,,,,,,,,,,,,,,,,,,,2011.0,1987-11-21,,,,10
Zach Gentry,PIT,TE,14240,weighted,,,,,,,,,,,0.0,,,,,,0.9,,7.0,,0.0,,,,,,,,,,,,,,,,,,,,,,,,,,,,,,,,,,2019.0,1970-01-01,,,,10
Vance McDonald,PIT,TE,11257,weighted,,,,,,,0.0,,0.0,,0.0,,,,,,0.78,,7.5,,0.08,,,,,,,,,,,,,,,,,,,,,,,,,,,,,,,,,,2013.0,1990-06-13,,Illness,2020.0,10
Demetrius Harris,CHI,TE,11448,weighted,,,,,,,0.0,0.0,0.0,0.0,0.0,0.0,,,,,0.561848998459168,0.339411254969543,4.47682588597843,2.1708178182427,0.02,4.90668455143381e-18,,,,,,,,,,,,,,,,,,,,,,,,,,,,,,,,,2013.0,1991-07-29,,,,10
Jeremy Sprinkle,WAS,TE,13194,weighted,,,,,,,0.0,0.0,0.0,0.0,0.0,0.0,,,,,0.478274268104777,0.601040764008565,4.78274268104777,6.01040764008565,0.0201540832049307,0.0282842712474619,,,,,,,,,,,,,,,,,,,,,,,,,,,,,,,,,2017.0,1994-08-10,,,,10
Chris Manhertz,CAR,TE,12955,weighted,,,,,,,0.0,0.0,0.0,0.0,0.0,0.0,,,,,0.480154083204931,0.0282842712474619,4.40684129429892,0.579827560572969,0.0198459167950693,0.0282842712474619,,,,,,,,,,,,,,,,,,,,,,,,,,,,,,,,,,1992-04-10,,,,10
Temarrick Hemingway,CAR,TE,12807,weighted,,,,,,,0.0,,0.0,,0.0,,,,,,0.05,,0.53,,0.0,,,,,,,,,,,,,,,,,,,,,,,,,,,,,,,,,,2016.0,1993-07-30,,,,10
Geoff Swaim,TEN,TE,12378,weighted,,,,,,,0.0,0.0,0.0,0.0,0.0,0.0,,,,,0.12557781201849,0.106066017177982,0.717195685670262,0.403050865276332,0.0,0.0,,,,,,,,,,,,,,,,,,,,,,,,,,,,,,,,,,,,,,10
Taysom Hill,NO,TE,13424,weighted,,,,,,,7.87,,0.07,,0.0,,,,,,0.76,,7.5,,0.1,,,,,,,,,,,,,,,,,,,,,,,,,,,,,,,,,,2017.0,1990-08-23,,,,10
Levine Toilolo,NYG,TE,11252,weighted,,,,,,,0.0,0.0,0.0,0.0,0.0,0.0,,,,,0.224807395993837,0.0353553390593274,2.30761171032357,0.43840620433566,0.0099229583975346,0.014142135623731,,,,,,,,,,,,,,,,,,,,,,,,,,,,,,,,,2013.0,1991-07-30,,,,10
Mason Schreck,CIN,TE,13366,weighted,,,,,,,,,,,0.0,,,,,,0.0,,0.01,,0.0,,,,,,,,,,,,,,,,,,,,,,,,,,,,,,,,,,2017.0,,,,,10
Stephen Anderson,LAC,TE,12859,weighted,,,,,,,0.0,0.0,0.0,0.0,0.0150385208012327,0.0070710678118654,,,,,0.226348228043143,0.247487373415292,3.2811093990755,3.87494516090228,0.030231124807396,0.0424264068711928,,,,,,,,,,,,,,,,,,,,,,,,,,,,,,,,,2016.0,1993-01-30,,,,10
Johnny Mundt,LAR,TE,13940,weighted,,,,,,,0.0,0.0,0.0,0.0,0.0,0.0,,,,,0.175192604006163,0.0353553390593274,1.33241910631741,0.473761543394987,0.0099229583975346,0.014142135623731,,,,,,,,,,,,,,,,,,,,,,,,,,,,,,,,,2017.0,1994-11-23,,,,10
Adam Trautman,NO,TE,14870,weighted,,,,,,,0.0,0.0,0.0,0.0,0.0,0.0,,,,,0.5,0.0,5.44927580893683,0.784888527117068,0.0801540832049307,0.0282842712474619,,,,,,,,,,,,,,,,,,,,,,,,,,,,,,,,,2020.0,1997-02-05,,,,10
Isaac Nauta,FA,TE,14144,weighted,,,,,,,,,,,0.0,,,,,,0.2,,1.0,,0.0,,,,,,,,,,,,,,,,,,,,,,,,,,,,,,,,,,2019.0,1970-01-01,,,,10
Antony Auclair,TB,TE,13445,weighted,,,,,,,0.0,,0.0,,0.0,,,,,,0.09,,0.84,,0.01,,,,,,,,,,,,,,,,,,,,,,,,,,,,,,,,,,2017.0,1993-05-28,,,,10
Derek Carrier,LVR,TE,10940,weighted,,,,,,,0.0,0.0,0.0,0.0,0.0,0.0,,,,,0.12557781201849,0.106066017177982,1.2408936825886,1.08187337521542,0.0,0.0,,,,,,,,,,,,,,,,,,,,,,,,,,,,,,,,,2012.0,1990-07-25,,,,10
Jordan Thomas,FA,TE,13819,weighted,,,,,,,0.0,,0.0,,0.0,,,,,,0.0,,0.0,,0.0,,,,,,,,,,,,,,,,,,,,,,,,,,,,,,,,,,2018.0,1996-08-02,O,Coach's Decision,2020.0,10
Mason Crosby,GB,K,8742,weighted,,,,,,,,,,,,,,,,,,,,,,,0.0853933324107767,0.0267070549248031,0.184918923716663,0.123020823488205,0.5482053078012,0.158555991686859,0.501575059436847,0.140279135753003,0.2034278386766,0.0569719366239981,3.56178571428571,0.387052956376105,,,,,,,,,,,,,,,,,,,,,2007.0,1984-09-03,,,,10
Jason Myers,SEA,K,12437,weighted,,,,,,,,,,,,,,,,,,,,,,,0.0113948787061995,0.0078767208759161,0.260861402748195,0.101246163763064,0.566081512826796,0.167109822393615,0.699157634818012,0.183184788875486,0.192492130510998,0.0579221561784338,3.11083791208791,0.630713966610746,,,,,,,,,,,,,,,,,,,,,,1991-05-12,,,,10
Justin Tucker,BAL,K,10976,weighted,,,,,,,,,,,,,,,,,,,,,,,0.0,0.0,0.468333470659832,0.135875192229922,0.454669455117364,0.130662496969735,0.60706824548774,0.237346674731144,0.221948894304853,0.0739356064479438,2.94449175824176,0.380688795084995,,,,,,,,,,,,,,,,,,,,,2012.0,1989-11-21,,,,10
Wil Lutz,NO,K,12956,weighted,,,,,,,,,,,,,,,,,,,,,,,0.0227529053579474,0.0052024667431994,0.645151892925002,0.157532821157159,0.751586214905543,0.197923441158973,0.588643457382953,0.14614140795918,0.207708230145205,0.0793506324436022,3.11603021978022,0.152909377415045,,,,,,,,,,,,,,,,,,,,,2016.0,1994-07-07,,,,10
Zane Gonzalez,ARI,K,13347,weighted,,,,,,,,,,,,,,,,,,,,,,,0.0412276689790656,0.0365872121877015,0.454877268913582,0.137839078088804,0.418230452043301,0.118214449771624,0.468963052775902,0.12974351345308,0.142692870444267,0.0580771702885244,2.94017857142857,0.254359027020616,,,,,,,,,,,,,,,,,,,,,2017.0,,,,,10
Ryan Succop,TB,K,9686,weighted,,,,,,,,,,,,,,,,,,,,,,,0.0,0.0,0.413342572605965,0.0706438503033724,0.643808379120879,0.0678531868494788,0.51140625,0.0613862759016033,0.250734154238619,0.102955016717166,2.73965659340659,0.420804624096152,,,,,,,,,,,,,,,,,,,,,2009.0,1986-09-19,,,,10
Kai Forbath,FA,K,10487,weighted,,,,,,,,,,,,,,,,,,,,,,,0.0,0.0,0.707365439093484,0.14142135623731,0.58947119924457,0.117851130197758,0.353682719546742,0.0707106781186548,0.117894239848914,0.0235702260395516,2.81473087818697,0.282842712474619,,,,,,,,,,,,,,,,,,,,,2011.0,1987-09-02,,,,10
Dan Bailey,MIN,K,10506,weighted,,,,,,,,,,,,,,,,,,,,,,,0.0462443444032214,0.0552395090314686,0.410570649714958,0.190118170857229,0.446055975326516,0.0865778438976352,0.318081960908515,0.0885747448010188,0.106027320302838,0.0295249149336729,2.7,0.282230037636008,,,,,,,,,,,,,,,,,,,,,2011.0,1988-01-26,,,,10
Chris Boswell,PIT,K,11936,weighted,,,,,,,,,,,,,,,,,,,,,,,0.0118818681318681,0.0079509711311852,0.504891235813367,0.0673317352874303,0.627183840749415,0.0821944464380189,0.611463024680238,0.0749249062964298,0.127532876959106,0.0175128443500545,2.7231043956044,0.246660937830963,,,,,,,,,,,,,,,,,,,,,2014.0,1991-03-16,,,,10
Kaimi Fairbairn,HOU,K,12860,weighted,,,,,,,,,,,,,,,,,,,,,,,0.0112132765779646,0.0099624324190496,0.589444741858825,0.159562321017691,0.619440384012744,0.165487660134207,0.438065508056303,0.0692281449589699,0.14334313712689,0.0712418145868771,2.53350194552529,0.45801810929768,,,,,,,,,,,,,,,,,,,,,2016.0,1994-01-29,,,,10
Jake Elliott,PHI,K,13303,weighted,,,,,,,,,,,,,,,,,,,,,,,0.0,0.0,0.4011007183478,0.0919138337159407,0.656932622042473,0.133432081106979,0.4011007183478,0.0919138337159407,0.130113355136844,0.0284791634919802,2.44649805447471,0.563204486825459,,,,,,,,,,,,,,,,,,,,,2017.0,1995-01-21,,,,10
Mike Badgley,LAC,K,13980,weighted,,,,,,,,,,,,,,,,,,,,,,,0.0166734077411427,0.0148965459302838,0.582715214592903,0.157102165414251,0.357837724174249,0.0704708165347268,0.546375983733653,0.10805548164954,0.1607492466575,0.0669234542307199,2.55083657587549,0.459897735224183,,,,,,,,,,,,,,,,,,,,,2018.0,1970-01-01,,,,10
Daniel Carlson,LVR,K,13718,weighted,,,,,,,,,,,,,,,,,,,,,,,0.0089348550385784,0.0081236087536148,0.624702794988699,0.181584111584281,0.483765020124253,0.145165702173784,0.396436375491277,0.120703627334116,0.18805957182382,0.0556626790882715,2.8093956043956,0.137238231006191,,,,,,,,,,,,,,,,,,,,,2018.0,1995-01-23,,,,10
Robbie Gould,SF,K,8153,weighted,,,,,,,,,,,,,,,,,,,,,,,0.0106798853654559,0.0098202462174188,0.591655715805742,0.0920592703564808,0.591655715805742,0.0920592703564808,0.423129111426952,0.0627367294859808,0.109787234868784,0.0157080918190293,2.32289883268482,0.354783355604079,,,,,,,,,,,,,,,,,,,,,2005.0,1982-12-06,,,,10
Stephen Gostkowski,TEN,K,8359,weighted,,,,,,,,,,,,,,,,,,,,,,,0.0116682826976945,0.0079366468778163,0.379014086403792,0.183763866161564,0.407285875888817,0.134288400808098,0.40145173453997,0.131256742629364,0.412015998707175,0.183953256433203,2.18881868131868,0.321914341100916,,,,,,,,,,,,,,,,,,,,,2006.0,1984-01-28,,,,10
Tyler Bass,BUF,K,14983,weighted,,,,,,,,,,,,,,,,,,,,,,,0.0656840526578904,0.0074870129772693,0.437893684385936,0.0499134198484622,0.54736710548242,0.0623917748105777,0.656840526578904,0.0748701297726933,0.109473421096484,0.0124783549621156,2.32422096317281,0.494974746830583,,,,,,,,,,,,,,,,,,,,,2020.0,1997-02-14,,,,10
Cody Parkey,FA,K,11966,weighted,,,,,,,,,,,,,,,,,,,,,,,0.0,0.0,0.334199323698351,0.205785665886725,0.580391421159904,0.156725560240228,0.657515054659996,0.151927800544192,0.050720539188438,0.0173608209356532,2.21083657587549,0.237393185972711,,,,,,,,,,,,,,,,,,,,,2014.0,1992-02-19,,,,10
Jason Sanders,MIA,K,13832,weighted,,,,,,,,,,,,,,,,,,,,,,,0.0094389886131967,0.0077434471052744,0.659309084580578,0.0463634241455273,0.405166451195863,0.085099131683287,0.601338674523064,0.0811889281280214,0.23998415046492,0.0504414997993506,2.25542582417582,0.18019721501263,,,,,,,,,,,,,,,,,,,,,2018.0,1995-11-16,,,,10
Matt Prater,DET,K,8930,weighted,,,,,,,,,,,,,,,,,,,,,,,0.0,0.0,0.585143721319889,0.0589023397599375,0.491245396087429,0.0579642367056247,0.600914461568651,0.0657867072994539,0.255410408616109,0.0599344035597261,2.19979395604396,0.144549661383676,,,,,,,,,,,,,,,,,,,,,2006.0,1984-08-10,,,,10
Brandon McManus,DEN,K,11947,weighted,,,,,,,,,,,,,,,,,,,,,,,0.0191579350881676,0.0154707612142511,0.519530624414345,0.0927268365874646,0.384858484538717,0.0656828180476139,0.660125436578925,0.0399365094443184,0.342319724848795,0.0507226161527294,2.09604395604396,0.167332993209742,,,,,,,,,,,,,,,,,,,,,2014.0,1991-07-25,,,,10
Dustin Hopkins,WAS,K,11387,weighted,,,,,,,,,,,,,,,,,,,,,,,0.0,0.0,0.410473497049501,0.177166345597607,0.490298270930502,0.17195431253152,0.549618238977504,0.193797251804591,0.129094235576056,0.0663609418478548,1.78575875486381,0.58605520609943,,,,,,,,,,,,,,,,,,,,,2013.0,1990-10-01,,,,10
Randy Bullock,CIN,K,10862,weighted,,,,,,,,,,,,,,,,,,,,,,,0.0178695797445797,0.0119976928553111,0.547857830762243,0.0957520523928555,0.62819963224375,0.0895325080158876,0.497156047450165,0.136582186628944,0.151820120459826,0.0530057245608104,2.0173489010989,0.110472870175768,,,,,,,,,,,,,,,,,,,,,2012.0,1989-12-16,,,,10
Cairo Santos,FA,K,11945,weighted,,,,,,,,,,,,,,,,,,,,,,,0.005229139645482,0.0048820025613818,0.541788896723219,0.0670693853314896,0.635158413054895,0.128638968448922,0.439037755667557,0.0549075728654049,0.183075728955394,0.0357719513249306,2.02867704280156,0.0599582695946019,,,,,,,,,,,,,,,,,,,,,2014.0,1991-11-12,,,,10
,,K,nfl_0,weighted,,,,,,,,,,,,,,,,,,,,,,,0.0,0.0,0.560308166409861,0.0565685424949238,0.554576271186441,0.0777817459305202,0.430539291217257,0.0989949493661166,0.185115562403698,0.0212132034355964,1.80650231124807,0.275771644662753,,,,,,,,,,,,,,,,,,,,,,,,,,10
Graham Gano,NYG,K,9694,weighted,,,,,,,,,,,,,,,,,,,,,,,0.0,0.0,0.577047238947437,0.113498842406007,0.545195984616837,0.161048465022761,0.555745843713458,0.0988115014714755,0.335597813455547,0.0277468171485783,1.78788461538462,0.209911600028927,,,,,,,,,,,,,,,,,,,,,2009.0,1987-04-09,,,,10
Nick Folk,FA,K,8851,weighted,,,,,,,,,,,,,,,,,,,,,,,0.0352766969303934,0.0129920290903296,0.392529182879377,0.104884231579761,0.43237705361003,0.126016902535932,0.449369055339386,0.121517143303521,0.192900453955901,0.0862012404495147,1.65155642023346,0.407438067824591,,,,,,,,,,,,,,,,,,,,,2007.0,1984-11-05,,,,10
Greg Zuerlein,DAL,K,10868,weighted,,,,,,,,,,,,,,,,,,,,,,,0.0,0.0,0.0,0.0,0.0,0.0,0.0,0.0,0.0,0.0,0.0,0.0,,,,,,,,,,,,,,,,,,,,,2012.0,1987-12-27,,,,10
Harrison Butker,KC,K,13354,weighted,,,,,,,,,,,,,,,,,,,,,,,0.0,0.0,0.0,0.0,0.0,0.0,0.0,0.0,0.0,0.0,0.0,0.0,,,,,,,,,,,,,,,,,,,,,2017.0,1995-07-14,,,,10
Younghoe Koo,ATL,K,13403,weighted,,,,,,,,,,,,,,,,,,,,,,,0.0,0.0,0.0,0.0,0.0,0.0,0.0,0.0,0.0,0.0,0.0,0.0,,,,,,,,,,,,,,,,,,,,,2017.0,1994-08-03,,,,10
Jaguars,JAC,DST,0509,weighted,,,,,,,,,,,,,,,,,,,,,,,,,,,,,,,,,,,0.42557781201849,0.106066017177982,1.31907550077042,0.169705627484771,0.0,0.0,0.104961479198767,0.0070710678118654,,,,,,,,,,,,,,,,,,10
Cardinals,ARI,DST,0519,weighted,,,,,,,,,,,,,,,,,,,,,,,,,,,,,,,,,,,0.748245125348189,0.12140593603368,2.30586815227484,0.33038164483315,0.0,0.0,0.0935561745589601,0.0862031051706604,,,,,,,,,,,,,,,,,,10
Panthers,CAR,DST,0527,weighted,,,,,,,,,,,,,,,,,,,,,,,,,,,,,,,,,,,0.464499229583975,0.0919238815542512,1.45876733436055,0.226274169979695,0.0,0.0,0.0793836671802774,0.113137084989848,,,,,,,,,,,,,,,,,,10
49ers,SF,DST,0530,weighted,,,,,,,,,,,,,,,,,,,,,,,,,,,,,,,,,,,0.65115562403698,0.212132034355964,1.60915254237288,0.15556349186104,0.0,0.0,0.0796147919876733,0.0707106781186548,,,,,,,,,,,,,,,,,,10
Bills,BUF,DST,0501,weighted,,,,,,,,,,,,,,,,,,,,,,,,,,,,,,,,,,,0.77602599814299,0.153554978012495,2.25649025069638,0.270390138235296,0.0,0.0,0.0815970287836583,0.0693422406791542,,,,,,,,,,,,,,,,,,10
Seahawks,SEA,DST,0515,weighted,,,,,,,,,,,,,,,,,,,,,,,,,,,,,,,,,,,0.888096564531105,0.172240113387352,2.08310120705664,0.51141532479361,0.0586629526462396,0.0254603998915628,0.0906592386258124,0.0627815508870566,,,,,,,,,,,,,,,,,,10
Bengals,CIN,DST,0506,weighted,,,,,,,,,,,,,,,,,,,,,,,,,,,,,,,,,,,0.930539291217257,0.0989949493661166,1.58015408320493,0.0282842712474619,0.0075192604006163,0.0035355339059327,0.07442218798151,0.106066017177982,,,,,,,,,,,,,,,,,,10
Texans,HOU,DST,0532,weighted,,,,,,,,,,,,,,,,,,,,,,,,,,,,,,,,,,,0.683574730354391,0.261629509039023,1.99161787365177,0.29698484809835,0.0,0.0,0.099537750385208,0.0848528137423857,,,,,,,,,,,,,,,,,,10
Colts,IND,DST,0502,weighted,,,,,,,,,,,,,,,,,,,,,,,,,,,,,,,,,,,0.794020427112349,0.011266255759804,2.1819312906221,0.745020756555912,0.0586629526462396,0.0254603998915628,0.224382544103993,0.0622721237763142,,,,,,,,,,,,,,,,,,10
Broncos,DEN,DST,0511,weighted,,,,,,,,,,,,,,,,,,,,,,,,,,,,,,,,,,,0.63933147632312,0.0515957322123279,2.42876508820799,0.340289574498977,0.0,0.0,0.0876230269266481,0.0679937770124229,,,,,,,,,,,,,,,,,,10
Dolphins,MIA,DST,0503,weighted,,,,,,,,,,,,,,,,,,,,,,,,,,,,,,,,,,,0.821392757660167,0.0656608691786656,2.13071494893222,0.204328081178362,0.0,0.0,0.215004642525534,0.155705636111958,,,,,,,,,,,,,,,,,,10
Titans,TEN,DST,0508,weighted,,,,,,,,,,,,,,,,,,,,,,,,,,,,,,,,,,,1.00992295839753,0.014142135623731,1.57365177195686,0.247487373415292,0.0165382639958911,0.0235702260395516,0.185115562403698,0.0212132034355964,,,,,,,,,,,,,,,,,,10
Rams,LAR,DST,0528,weighted,,,,,,,,,,,,,,,,,,,,,,,,,,,,,,,,,,,0.737214484679666,0.118295685477942,3.09097493036212,0.15812961659311,0.0543732590529248,0.0198025332489933,0.111819870009285,0.0491956096204844,,,,,,,,,,,,,,,,,,10
Chargers,LAC,DST,0514,weighted,,,,,,,,,,,,,,,,,,,,,,,,,,,,,,,,,,,0.609152542372881,0.15556349186104,1.93318952234206,0.332340187157677,0.0,0.0,0.129691833590139,0.0565685424949238,,,,,,,,,,,,,,,,,,10
Commanders,WAS,DST,0520,weighted,,,,,,,,,,,,,,,,,,,,,,,,,,,,,,,,,,,0.782934076137419,0.148042519165976,2.96371402042711,0.110844804666229,0.0651810584958217,0.0282893332128476,0.0966388115134633,0.0717139383513535,,,,,,,,,,,,,,,,,,10
Buccaneers,TB,DST,0525,weighted,,,,,,,,,,,,,,,,,,,,,,,,,,,,,,,,,,,0.897474466109564,0.100321093564591,2.60350974930362,0.242811872067359,0.037502321262767,0.0264033776653244,0.2,0.0,,,,,,,,,,,,,,,,,,10
Patriots,NE,DST,0504,weighted,,,,,,,,,,,,,,,,,,,,,,,,,,,,,,,,,,,0.864642525533891,0.289074169402464,2.23231197771588,0.439155309878574,0.0,0.0,0.145311049210771,0.0511868173619958,,,,,,,,,,,,,,,,,,10
Giants,NYG,DST,0517,weighted,,,,,,,,,,,,,,,,,,,,,,,,,,,,,,,,,,,0.843194057567317,0.107029429718138,2.97082636954503,0.313730288774435,0.0214298978644383,0.0150876443801854,0.148300835654596,0.0519063773090199,,,,,,,,,,,,,,,,,,10
Browns,CLE,DST,0507,weighted,,,,,,,,,,,,,,,,,,,,,,,,,,,,,,,,,,,0.830362116991644,0.0565786664256951,2.74261838440111,0.367606216810244,0.0535747446610956,0.0377191109504634,0.129897864438254,0.0563312787990199,,,,,,,,,,,,,,,,,,10
Bears,CHI,DST,0521,weighted,,,,,,,,,,,,,,,,,,,,,,,,,,,,,,,,,,,0.652107706592386,0.156837246112173,2.14607242339833,0.306492121767543,0.0267873723305478,0.0188595554752317,0.111819870009285,0.0491956096204844,,,,,,,,,,,,,,,,,,10
Saints,NO,DST,0529,weighted,,,,,,,,,,,,,,,,,,,,,,,,,,,,,,,,,,,1.00040854224698,0.104979273563458,2.72577530176416,0.344812420682642,0.0,0.0,0.175617455896007,0.0622721237763142,,,,,,,,,,,,,,,,,,10
Raiders,LVR,DST,0513,weighted,,,,,,,,,,,,,,,,,,,,,,,,,,,,,,,,,,,0.4,,1.6,,0.0,,0.01,,,,,,,,,,,,,,,,,,,10
Lions,DET,DST,0522,weighted,,,,,,,,,,,,,,,,,,,,,,,,,,,,,,,,,,,0.656117103235747,0.205060966544099,2.2728813559322,0.388908729652601,0.0330765279917822,0.0471404520791032,0.124499229583975,0.0919238815542512,,,,,,,,,,,,,,,,,,10
Vikings,MIN,DST,0524,weighted,,,,,,,,,,,,,,,,,,,,,,,,,,,,,,,,,,,0.946194144838213,0.21920310216783,2.4271186440678,0.388908729652601,0.0,0.0,0.129460708782743,0.0989949493661166,,,,,,,,,,,,,,,,,,10
Eagles,PHI,DST,0518,weighted,,,,,,,,,,,,,,,,,,,,,,,,,,,,,,,,,,,0.748653667595172,0.208318681731021,3.34202414113278,0.46816732179317,0.0535747446610956,0.0377191109504634,0.230362116991643,0.0565786664256951,,,,,,,,,,,,,,,,,,10
Steelers,PIT,DST,0510,weighted,,,,,,,,,,,,,,,,,,,,,,,,,,,,,,,,,,,1.01294336118849,0.321337870997686,3.64536675951718,0.210839488790813,0.0482172701949861,0.0339471998554171,0.193611884865367,0.10294169429479,,,,,,,,,,,,,,,,,,10
Packers,GB,DST,0523,weighted,,,,,,,,,,,,,,,,,,,,,,,,,,,,,,,,,,,0.875561745589601,0.223943236712695,2.6760817084494,0.045065023039216,0.0482172701949861,0.0339471998554171,0.184586815227484,0.0732721447955245,,,,,,,,,,,,,,,,,,10
Ravens,BAL,DST,0531,weighted,,,,,,,,,,,,,,,,,,,,,,,,,,,,,,,,,,,0.921745589600743,0.20440982867802,2.66428969359331,0.516720340162056,0.0267873723305478,0.0188595554752317,0.297065923862581,0.165190822416575,,,,,,,,,,,,,,,,,,10
Akiem Hicks,CHI,DL,10823,weighted,,,,,,,,,,,,,,,,,,,,,,,,,,,,,,,,,,,,,,,,,,,,,3.06144846796657,0.730688155040697,0.484605385329619,0.0811875727822996,0.0,0.0,0.120371402042711,0.0764118332068702,,,2012.0,1989-11-16,,,,10
Grover Stewart,IND,DL,13298,weighted,,,,,,,,,,,,,,,,,,,,,,,,,,,,,,,,,,,,,,,,,,,,,2.6749860724234,1.03155974829275,0.0251160631383473,0.0238786978771469,0.0,0.0,0.0749767873723306,0.0047757395754293,,,2017.0,1993-10-20,,,,10
Jonathan Allen,WAS,DL,13208,weighted,,,,,,,,,,,,,,,,,,,,,,,,,,,,,,,,,,,,,,,,,,,,,3.11851439182916,0.305647332827481,0.225348189415042,0.0716360936314408,0.0,0.0,0.0150696378830084,0.0143272187262882,,,2017.0,1995-01-16,,,,10
Jason Pierre-Paul,TB,DL,9833,weighted,,,,,,,,,,,,,,,,,,,,,,,,,,,,,,,,,,,,,,,,,,,,,2.59675023212628,0.668603540560114,0.624419684308264,0.119393489385735,0.0,0.0,0.149767873723305,0.0477573957542939,,,2010.0,1989-02-28,,,,10
Stephon Tuitt,PIT,DL,11707,weighted,,,,,,,,,,,,,,,,,,,,,,,,,,,,,,,,,,,,,,,,,,,,,2.94837511606314,0.334301770280057,0.749303621169917,0.143272187262882,0.0,0.0,0.0800928505106778,0.0191029583017176,,,2014.0,1993-05-23,,,,10
ZaDarius Smith,GB,DL,12301,weighted,,,,,,,,,,,,,,,,,,,,,,,,,,,,,,,,,,,,,,,,,,,,,3.26,0.0,0.87,0.0,0.02,0.0,0.06,0.0,,,,1992-09-08,,,,10
Poona Ford,SEA,DL,13933,weighted,,,,,,,,,,,,,,,,,,,,,,,,,,,,,,,,,,,,,,,,,,,,,2.202218798151,1.42835569799683,0.0,0.0,0.0,0.0,0.0450385208012327,0.0070710678118654,,,2018.0,1995-11-19,,,,10
Bradley Chubb,DEN,DL,13681,weighted,,,,,,,,,,,,,,,,,,,,,,,,,,,,,,,,,,,,,,,,,,,,,3.2,6.34405101042018e-16,0.65,0.0,0.0,0.0,0.1,1.9825159407563102e-17,,,2018.0,1996-06-24,,,,10
Aaron Donald,LAR,DL,11757,weighted,,,,,,,,,,,,,,,,,,,,,,,,,,,,,,,,,,,,,,,,,,,,,2.54744661095636,0.525331353297233,0.98958217270195,0.085963312357729,0.0,0.0,0.0748839368616527,0.0238786978771469,,,2014.0,1991-05-23,,,,10
Cameron Jordan,NO,DL,10292,weighted,,,,,,,,,,,,,,,,,,,,,,,,,,,,,,,,,,,,,,,,,,,,,2.52591679506934,0.74953318805774,0.405731895223421,0.134350288425444,0.0,0.0,0.0801540832049307,0.0282842712474619,,,2011.0,1989-07-10,,,,10
DaQuan Jones,TEN,DL,11793,weighted,,,,,,,,,,,,,,,,,,,,,,,,,,,,,,,,,,,,,,,,,,,,,2.37186629526462,0.644724842682967,0.174651810584958,0.0716360936314408,0.0,0.0,0.109860724233983,0.0286544374525763,,,2014.0,1991-12-17,,,,10
Sheldon Richardson,CLE,DL,11283,weighted,,,,,,,,,,,,,,,,,,,,,,,,,,,,,,,,,,,,,,,,,,,,,2.61805013927577,0.401162124336069,0.334373259052925,0.128944968536593,0.0,0.0,0.229860724233983,0.0286544374525763,,,2013.0,1990-11-30,,,,10
DeForest Buckner,IND,DL,12688,weighted,,,,,,,,,,,,,,,,,,,,,,,,,,,,,,,,,,,,,,,,,,,,,2.61805013927577,0.401162124336069,0.360185701021356,0.0382059166034351,0.0,0.0,0.139814298978644,0.0382059166034351,,,2016.0,1994-03-17,,,,10
Dexter Lawrence,NYG,DL,14159,weighted,,,,,,,,,,,,,,,,,,,,,,,,,,,,,,,,,,,,,,,,,,,,,2.50607087827427,0.721248916810278,0.259537750385208,0.0848528137423857,0.0,0.0,0.0251926040061633,0.0353553390593274,,,2019.0,1997-11-12,,,,10
Romeo Okwara,DET,DL,12948,weighted,,,,,,,,,,,,,,,,,,,,,,,,,,,,,,,,,,,,,,,,,,,,,2.88958217270195,0.0859633123577291,0.675116063138347,0.0238786978771469,0.0,0.0,0.0698607242339833,0.0286544374525763,,,2016.0,1995-06-17,,,,10
,,DL,12622,weighted,,,,,,,,,,,,,,,,,,,,,,,,,,,,,,,,,,,,,,,,,,,,,0.846144321661563,0.834677887087195,0.103698575422713,0.163677874503205,0.0008707229396884,0.0028827763348949,0.0429277060311543,0.0713432386252633,,,,,,,,10
Fletcher Cox,PHI,DL,10762,weighted,,,,,,,,,,,,,,,,,,,,,,,,,,,,,,,,,,,,,,,,,,,,,2.2727948003714,0.453695259665792,0.38958217270195,0.085963312357729,0.0,0.0,0.109953574744661,0.0095514791508587,,,2012.0,1990-12-13,,,,10
Cameron Heyward,PIT,DL,10266,weighted,,,,,,,,,,,,,,,,,,,,,,,,,,,,,,,,,,,,,,,,,,,,,2.66967502321263,0.0668603540560115,0.330324976787372,0.0668603540560114,0.0350696378830084,0.0143272187262882,0.220371402042711,0.0764118332068702,,,2011.0,1989-05-06,,,,10
Jaleel Johnson,MIN,DL,13286,weighted,,,,,,,,,,,,,,,,,,,,,,,,,,,,,,,,,,,,,,,,,,,,,2.11522342064715,0.876812408671319,0.164499229583975,0.0919238815542512,0.0,0.0,0.0349614791987673,0.0070710678118654,,,2017.0,1994-07-12,,,,10
Christian Covington,CIN,DL,12360,weighted,,,,,,,,,,,,,,,,,,,,,,,,,,,,,,,,,,,,,,,,,,,,,1.75260400616333,1.35764501987817,0.0100770416024653,0.014142135623731,0.0,0.0,0.030231124807396,0.0424264068711928,,,2015.0,1993-10-16,,,,10
Kerry Hyder,SF,DL,12987,weighted,,,,,,,,,,,,,,,,,,,,,,,,,,,,,,,,,,,,,,,,,,,,,2.15072419106317,0.784888527117068,0.350385208012327,0.0707106781186548,0.0,0.0,0.0149614791987673,0.0070710678118654,,,,,,,,10
Dalvin Tomlinson,NYG,DL,13260,weighted,,,,,,,,,,,,,,,,,,,,,,,,,,,,,,,,,,,,,,,,,,,,,2.4282280431433,0.325269119345812,0.259537750385208,0.0848528137423857,0.0,0.0,0.404961479198767,0.0070710678118654,,,2017.0,1994-02-18,,,,10
Lawrence Guy,NE,DL,10457,weighted,,,,,,,,,,,,,,,,,,,,,,,,,,,,,,,,,,,,,,,,,,,,,2.21676425269646,0.5939696961967,0.190077041602465,0.014142135623731,0.015115562403698,0.0212132034355964,0.015115562403698,0.0212132034355964,,,2011.0,1990-03-17,,,,10
P.J. Hall,HOU,DL,13740,weighted,,,,,,,,,,,,,,,,,,,,,,,,,,,,,,,,,,,,,,,,,,,,,1.90949152542373,1.01116269709676,0.1,1.9626738205735202e-17,0.0,0.0,0.029768875192604,0.0424264068711928,,,2018.0,1995-04-05,,,,10
Shamar Stephen,MIN,DL,11859,weighted,,,,,,,,,,,,,,,,,,,,,,,,,,,,,,,,,,,,,,,,,,,,,2.14157164869029,0.629325035256027,0.269460708782743,0.0989949493661166,0.0,0.0,0.070231124807396,0.0424264068711929,,,2014.0,1991-02-25,,,,10
Ed Oliver,BUF,DL,14158,weighted,,,,,,,,,,,,,,,,,,,,,,,,,,,,,,,,,,,,,,,,,,,,,1.97553158705701,0.820243866176395,0.129768875192604,0.0424264068711928,0.0,0.0,0.0850385208012327,0.0070710678118654,,,2019.0,1997-12-12,,,,10
Leonard Williams,NYG,DL,12225,weighted,,,,,,,,,,,,,,,,,,,,,,,,,,,,,,,,,,,,,,,,,,,,,2.31400185701021,0.205356801743464,0.689117920148561,0.181478103866317,0.0,0.0,0.0701392757660167,0.0286544374525763,,,2015.0,1994-06-20,,,,10
Jeremiah Attaochu,DEN,DL,11725,weighted,,,,,,,,,,,,,,,,,,,,,,,,,,,,,,,,,,,,,,,,,,,,,2.14730354391371,0.494974746830583,0.180154083204931,0.0282842712474619,0.030231124807396,0.0424264068711928,0.0503852080123267,0.0707106781186548,,,2014.0,1993-01-17,,,,10
Derek Barnett,PHI,DL,13201,weighted,,,,,,,,,,,,,,,,,,,,,,,,,,,,,,,,,,,,,,,,,,,,,2.11753466872111,0.45254833995939,0.649614791987673,0.0707106781186547,0.0,0.0,0.0396918335901387,0.0565685424949238,,,2017.0,1996-06-25,,,,10
Malcom Brown,NO,DL,12173,weighted,,,,,,,,,,,,,,,,,,,,,,,,,,,,,,,,,,,,,,,,,,,,,1.45260400616333,1.35764501987817,0.139537750385208,0.0848528137423857,0.0,0.0,0.0201540832049307,0.0282842712474619,,,2015.0,1994-02-02,,,,10
Brandon Graham,PHI,DL,9826,weighted,,,,,,,,,,,,,,,,,,,,,,,,,,,,,,,,,,,,,,,,,,,,,2.4,0.0,0.7,0.0,0.0,0.0,0.03,4.95104010705608e-18,,,2010.0,1988-04-03,,,,10
Emmanuel Ogbah,MIA,DL,12691,weighted,,,,,,,,,,,,,,,,,,,,,,,,,,,,,,,,,,,,,,,,,,,,,2.4,0.0,1.0,0.0,0.0,0.0,0.5,0.0,,,2016.0,1993-11-06,,,,10
Jack Crawford,TEN,DL,10861,weighted,,,,,,,,,,,,,,,,,,,,,,,,,,,,,,,,,,,,,,,,,,,,,1.43275808936826,1.32936074863071,0.0994607087827427,0.0989949493661167,0.0,0.0,0.0251926040061633,0.0353553390593274,,,2012.0,1988-09-07,,,,10
Jarran Reed,SEA,DL,12698,weighted,,,,,,,,,,,,,,,,,,,,,,,,,,,,,,,,,,,,,,,,,,,,,1.92800371402043,0.410713603486927,0.319907149489322,0.0191029583017176,0.0,0.0,0.0350696378830084,0.0143272187262882,,,2016.0,1992-12-16,,,,10
Bilal Nichols,CHI,DL,13777,weighted,,,,,,,,,,,,,,,,,,,,,,,,,,,,,,,,,,,,,,,,,,,,,1.76560862865948,0.806101730552664,0.214884437596302,0.0212132034355964,0.0,0.0,0.129768875192604,0.0424264068711928,,,2018.0,1996-09-14,,,,10
Arik Armstead,SF,DL,12218,weighted,,,,,,,,,,,,,,,,,,,,,,,,,,,,,,,,,,,,,,,,,,,,,2.10342064714946,0.289913780286485,0.255346687211094,0.0636396103067893,0.0099229583975346,0.014142135623731,0.190077041602465,0.014142135623731,,,2015.0,1993-11-15,,,,10
Ifeadi Odenigbo,MIN,DL,13343,weighted,,,,,,,,,,,,,,,,,,,,,,,,,,,,,,,,,,,,,,,,,,,,,2.19426810477658,0.134350288425444,0.566040061633282,0.190918830920368,0.0,0.0,0.024884437596302,0.0212132034355964,,,2017.0,,,,,10
Olivier Vernon,CLE,DL,10815,weighted,,,,,,,,,,,,,,,,,,,,,,,,,,,,,,,,,,,,,,,,,,,,,2.01830508474576,0.311126983722081,0.360308166409861,0.0565685424949238,0.0,0.0,0.129768875192604,0.0424264068711928,,,2012.0,1990-10-07,,,,10
Quinton Jefferson,BUF,DL,12796,weighted,,,,,,,,,,,,,,,,,,,,,,,,,,,,,,,,,,,,,,,,,,,,,1.50949152542373,1.01116269709676,0.214884437596302,0.0212132034355964,0.0,0.0,0.0900770416024653,0.014142135623731,,,2016.0,,,,,10
Marcus Davenport,NO,DL,13688,weighted,,,,,,,,,,,,,,,,,,,,,,,,,,,,,,,,,,,,,,,,,,,,,1.60530046224961,0.862670273047588,0.330539291217257,0.0989949493661166,0.0099229583975346,0.014142135623731,0.169460708782743,0.0989949493661166,,,2018.0,1996-09-04,,,,10
J.J. Watt,HOU,DL,10272,weighted,,,,,,,,,,,,,,,,,,,,,,,,,,,,,,,,,,,,,,,,,,,,,2.2,0.0,0.5,0.0,0.0,0.0,0.4,7.92166417128973e-17,,,2011.0,1989-03-22,,,,10
D.J. Jones,SF,DL,13332,weighted,,,,,,,,,,,,,,,,,,,,,,,,,,,,,,,,,,,,,,,,,,,,,1.6862249614792,0.692964645562817,0.239691833590139,0.0565685424949238,0.0099229583975346,0.014142135623731,0.104730354391371,0.0494974746830583,,,2017.0,1995-01-19,,,,10
John Simon,NE,DL,11273,weighted,,,,,,,,,,,,,,,,,,,,,,,,,,,,,,,,,,,,,,,,,,,,,2.1,0.0,0.2,3.96083208564486e-17,0.03,4.95104010705608e-18,0.1,1.98041604282243e-17,,,2013.0,1990-10-14,,,,10
Corey Peters,ARI,DL,9919,weighted,,,,,,,,,,,,,,,,,,,,,,,,,,,,,,,,,,,,,,,,,,,,,1.68776579352851,0.410121933088198,0.295038520801233,0.0070710678118654,0.0,0.0,0.129768875192604,0.0424264068711928,,,2010.0,1988-06-08,,,,10
Tyson Alualu,PIT,DL,9875,weighted,,,,,,,,,,,,,,,,,,,,,,,,,,,,,,,,,,,,,,,,,,,,,1.43661016949153,0.622253967444162,0.0645762711864407,0.0777817459305202,0.0198459167950693,0.0282842712474619,0.328998459167951,0.183847763108502,,,2010.0,1987-05-12,,,,10
Trey Hendrickson,NO,DL,13284,weighted,,,,,,,,,,,,,,,,,,,,,,,,,,,,,,,,,,,,,,,,,,,,,1.34807395993837,0.353553390593274,0.47442218798151,0.106066017177982,0.01,2.4533422757169002e-18,0.02,4.90668455143381e-18,,,2017.0,1994-12-05,,,,10
Myles Garrett,CLE,DL,13198,weighted,,,,,,,,,,,,,,,,,,,,,,,,,,,,,,,,,,,,,,,,,,,,,1.41539461467038,0.0811875727822996,0.545719591457753,0.148047926838311,0.0099535747446611,0.0095514791508587,0.0796750232126277,0.0668603540560114,,,2017.0,1995-12-29,,,,10
Brian Burns,CAR,DL,14171,weighted,,,,,,,,,,,,,,,,,,,,,,,,,,,,,,,,,,,,,,,,,,,,,1.5,0.0,0.4,7.92166417128973e-17,0.0,0.0,0.1,1.98041604282243e-17,,,2019.0,1998-04-23,,,,10
Denico Autry,IND,DL,12083,weighted,,,,,,,,,,,,,,,,,,,,,,,,,,,,,,,,,,,,,,,,,,,,,1.4,0.0,0.4,7.92166417128973e-17,0.0,0.0,0.1,1.98041604282243e-17,,,,,,,,10
Ndamukong Suh,TB,DL,9815,weighted,,,,,,,,,,,,,,,,,,,,,,,,,,,,,,,,,,,,,,,,,,,,,1.3,0.0,0.3,0.0,0.0,0.0,0.2,3.96083208564486e-17,,,2010.0,1987-01-06,,,,10
Roquan Smith,CHI,LB,13696,weighted,,,,,,,,,,,,,,,,,,,,,,,,,,,,,,,,,,,,,,,,,,,,,6.50874651810585,2.1712196898524,0.105979572887651,0.011266255759804,0.0758960074280409,0.0240853201244476,0.390046425255339,0.0095514791508587,0.0,0.0,2018.0,1997-04-08,,,,10
Eric Kendricks,MIN,LB,12239,weighted,,,,,,,,,,,,,,,,,,,,,,,,,,,,,,,,,,,,,,,,,,,,,5.63294336118849,2.06202364282103,0.0151810584958217,0.0282893332128476,0.0820612813370474,0.033798767279412,0.420371402042711,0.0764118332068702,0.0,0.0,2015.0,1992-02-29,,,,10
Lavonte David,TB,LB,10768,weighted,,,,,,,,,,,,,,,,,,,,,,,,,,,,,,,,,,,,,,,,,,,,,5.23647168059424,2.18739008343027,0.123918291550604,0.0450650230392159,0.120696378830084,0.083779133504892,0.270139275766017,0.0286544374525763,0.0,0.0,2012.0,1990-01-23,,,,10
Fred Warner,SF,LB,13743,weighted,,,,,,,,,,,,,,,,,,,,,,,,,,,,,,,,,,,,,,,,,,,,,5.92048282265552,1.95481479636758,0.024196843082637,0.0308138745553789,0.200464252553389,0.0955147915085878,0.350696378830084,0.143272187262882,0.0,0.0,2018.0,1996-11-19,,,,10
Blake Martinez,NYG,LB,12788,weighted,,,,,,,,,,,,,,,,,,,,,,,,,,,,,,,,,,,,,,,,,,,,,5.00393686165274,2.32400195400201,0.197010213556175,0.005633127879902,0.1,0.0,0.290046425255339,0.0095514791508587,0.0,0.0,2016.0,1994-01-09,,,,10
Bobby Wagner,SEA,LB,10775,weighted,,,,,,,,,,,,,,,,,,,,,,,,,,,,,,,,,,,,,,,,,,,,,4.85359331476323,2.65986598606922,0.227372330547818,0.0592262553041302,0.0847260909935005,0.0456104174672333,0.370139275766017,0.0286544374525763,0.0,0.0,2012.0,1990-06-27,,,,10
Zach Cunningham,HOU,LB,13216,weighted,,,,,,,,,,,,,,,,,,,,,,,,,,,,,,,,,,,,,,,,,,,,,5.05444753946147,2.07816562296193,0.266648096564531,0.0543875530897724,0.0030362116991643,0.0056578666425695,0.160185701021356,0.0382059166034351,0.0,0.0,2017.0,1994-12-12,,,,10
Jordan Hicks,ARI,LB,12287,weighted,,,,,,,,,,,,,,,,,,,,,,,,,,,,,,,,,,,,,,,,,,,,,5.61479198767334,1.87383297014435,0.015115562403698,0.0212132034355964,0.0251926040061633,0.0353553390593274,0.110693374422188,0.127279220613579,,,2015.0,1992-06-27,,,,10
Jayon Brown,TEN,LB,13304,weighted,,,,,,,,,,,,,,,,,,,,,,,,,,,,,,,,,,,,,,,,,,,,,4.64928505106778,1.92669862016634,0.0970102135561746,0.005633127879902,0.123918291550604,0.0450650230392159,0.600464252553389,0.0955147915085877,0.0,0.0,2017.0,1995-02-26,,,,10
Shaq Green-Thompson,CAR,LB,12231,weighted,,,,,,,,,,,,,,,,,,,,,,,,,,,,,,,,,,,,,,,,,,,,,4.22033426183844,2.26048208892013,0.0700557103064067,0.0485276152077044,0.120603528319406,0.10238066862641,0.449767873723306,0.0477573957542939,0.0,0.0,,1994-04-21,,,,10
Tremaine Edmunds,BUF,LB,13697,weighted,,,,,,,,,,,,,,,,,,,,,,,,,,,,,,,,,,,,,,,,,,,,,4.50490250696379,1.80616507509993,0.169637883008357,0.0565786664256952,0.0788393686165274,0.0255410101472952,0.290510677808728,0.105066270659447,0.0,0.0,2018.0,1998-05-02,,,,10
Jerome Baker,MIA,LB,13706,weighted,,,,,,,,,,,,,,,,,,,,,,,,,,,,,,,,,,,,,,,,,,,,,4.47078922934076,1.98854605635142,0.211959145775302,0.022532511519608,0.0787465181058496,0.0396050664979866,0.250232126276695,0.0477573957542939,0.0,0.0,2018.0,1996-12-25,,,,10
Anthony Walker,IND,LB,13306,weighted,,,,,,,,,,,,,,,,,,,,,,,,,,,,,,,,,,,,,,,,,,,,,5.13540832049307,1.7606958851545,0.0300770416024653,0.014142135623731,0.08,1.9626738205735202e-17,0.290077041602465,0.0141421356237309,,,2017.0,1995-08-08,,,,10
Darius Leonard,IND,LB,13733,weighted,,,,,,,,,,,,,,,,,,,,,,,,,,,,,,,,,,,,,,,,,,,,,6.23892141756548,0.197989898732233,0.110693374422188,0.127279220613579,0.110693374422188,0.127279220613579,0.361078582434515,0.197989898732233,,,2018.0,,,,,10
Joe Schobert,JAC,LB,12768,weighted,,,,,,,,,,,,,,,,,,,,,,,,,,,,,,,,,,,,,,,,,,,,,5.47818181818182,1.25157900270019,0.0898459167950693,0.0282842712474619,0.0503852080123267,0.0707106781186548,0.150385208012327,0.0707106781186548,,,2016.0,,,,,10
Kenny Young,LAR,LB,13765,weighted,,,,,,,,,,,,,,,,,,,,,,,,,,,,,,,,,,,,,,,,,,,,,3.99716486902928,3.27390439689372,0.0099229583975346,0.014142135623731,0.0099229583975346,0.014142135623731,0.0900770416024653,0.014142135623731,,,2018.0,1995-11-15,,,,10
Denzel Perryman,LAC,LB,12238,weighted,,,,,,,,,,,,,,,,,,,,,,,,,,,,,,,,,,,,,,,,,,,,,4.25482280431433,2.786000717875,0.030231124807396,0.0424264068711928,0.0250385208012327,0.0070710678118654,0.129768875192604,0.0424264068711928,,,,1992-12-05,,,,10
K.J. Wright,SEA,LB,10350,weighted,,,,,,,,,,,,,,,,,,,,,,,,,,,,,,,,,,,,,,,,,,,,,4.6182126348228,2.16374675043084,0.075115562403698,0.0212132034355964,0.0801540832049307,0.0282842712474619,0.509922958397535,0.014142135623731,,,2011.0,1989-07-23,,,,10
B.J. Goodson,CLE,LB,12774,weighted,,,,,,,,,,,,,,,,,,,,,,,,,,,,,,,,,,,,,,,,,,,,,4.90640986132512,1.576848122046,0.094653312788906,0.0636396103067893,0.110693374422188,0.127279220613579,0.394268104776579,0.134350288425444,,,2016.0,1993-05-29,,,,10
,,LB,12622,weighted,,,,,,,,,,,,,,,,,,,,,,,,,,,,,,,,,,,,,,,,,,,,,1.89480772909891,1.65306242658487,0.126064664243352,0.159784603833134,0.0293839678591927,0.0371593124632951,0.123753587143677,0.111520771251496,,,,,,,,10
Kwon Alexander,SF,LB,12233,weighted,,,,,,,,,,,,,,,,,,,,,,,,,,,,,,,,,,,,,,,,,,,,,3.46739599383667,3.23147799002252,0.084884437596302,0.0212132034355964,0.0099229583975346,0.014142135623731,0.0992295839753467,0.14142135623731,,,2015.0,1994-08-03,,,,10
Demario Davis,NO,LB,10816,weighted,,,,,,,,,,,,,,,,,,,,,,,,,,,,,,,,,,,,,,,,,,,,,5.10607087827427,0.721248916810279,0.2,3.92534764114705e-17,0.044884437596302,0.0212132034355964,0.35115562403698,0.212132034355964,,,2012.0,1989-01-11,,,,10
Josh Bynes,CIN,LB,10653,weighted,,,,,,,,,,,,,,,,,,,,,,,,,,,,,,,,,,,,,,,,,,,,,4.18083204930663,1.68291413922398,0.1,1.9626738205735202e-17,0.015115562403698,0.0212132034355964,0.124730354391371,0.0494974746830583,,,2011.0,1989-08-24,,,,10
Nick Kwiatkoski,LVR,LB,12778,weighted,,,,,,,,,,,,,,,,,,,,,,,,,,,,,,,,,,,,,,,,,,,,,4.83583975346687,0.763675323681471,0.0100770416024653,0.014142135623731,0.0499229583975347,0.0141421356237309,0.2,3.92534764114705e-17,,,2016.0,1993-05-26,,,,10
Matt Judon,BAL,LB,12795,weighted,,,,,,,,,,,,,,,,,,,,,,,,,,,,,,,,,,,,,,,,,,,,,3.50597842835131,2.57386868351903,0.219845916795069,0.0282842712474619,0.029768875192604,0.0424264068711928,0.0900770416024653,0.014142135623731,,,2016.0,,,,,10
Tahir Whitehead,CAR,LB,10847,weighted,,,,,,,,,,,,,,,,,,,,,,,,,,,,,,,,,,,,,,,,,,,,,4.19152542372881,1.5556349186104,0.0,0.0,0.029768875192604,0.0424264068711928,0.12442218798151,0.106066017177982,,,2012.0,1990-04-02,,,,10
Nicholas Morrow,LVR,LB,13426,weighted,,,,,,,,,,,,,,,,,,,,,,,,,,,,,,,,,,,,,,,,,,,,,3.83882896764253,2.05060966544099,0.0,0.0,0.0549614791987673,0.0070710678118654,0.209922958397535,0.0141421356237309,,,2017.0,1995-07-10,,,,10
A.J. Johnson,DEN,LB,12241,weighted,,,,,,,,,,,,,,,,,,,,,,,,,,,,,,,,,,,,,,,,,,,,,3.1158940397351,2.47487373415292,0.1,1.98041604282243e-17,0.0129933774834437,0.0212132034355964,0.2,3.96083208564486e-17,0.0,0.0,2018.0,1970-01-01,,,,10
Alex Anzalone,NO,LB,13268,weighted,,,,,,,,,,,,,,,,,,,,,,,,,,,,,,,,,,,,,,,,,,,,,3.64952234206471,1.92333044482741,0.050231124807396,0.0424264068711929,0.0099229583975346,0.014142135623731,0.074653312788906,0.0636396103067893,,,2017.0,1994-09-22,,,,10
Vince Williams,PIT,LB,11403,weighted,,,,,,,,,,,,,,,,,,,,,,,,,,,,,,,,,,,,,,,,,,,,,4.76184899845917,0.339411254969543,0.409922958397535,0.0141421356237309,0.0801540832049307,0.0282842712474619,0.209922958397535,0.0141421356237309,,,2013.0,1989-12-27,,,,10
Devin White,TB,LB,14168,weighted,,,,,,,,,,,,,,,,,,,,,,,,,,,,,,,,,,,,,,,,,,,,,2.41604456824513,2.17787183813568,0.333351903435469,0.0543875530897724,0.0121448467966574,0.0226314665702781,0.170139275766017,0.0286544374525763,0.0,0.0,2019.0,1998-02-17,,,,10
Kyler Fackrell,NYG,LB,12763,weighted,,,,,,,,,,,,,,,,,,,,,,,,,,,,,,,,,,,,,,,,,,,,,3.20674884437596,2.43244732728172,0.259537750385208,0.0848528137423857,0.0500770416024653,0.0141421356237309,0.209922958397535,0.0141421356237309,,,2016.0,1991-11-25,,,,10
Harold Landry,TEN,LB,13700,weighted,,,,,,,,,,,,,,,,,,,,,,,,,,,,,,,,,,,,,,,,,,,,,3.83352850539291,1.1879393923934,0.365269645608629,0.0494974746830583,0.0847303543913713,0.0494974746830583,0.409152542372881,0.15556349186104,,,2018.0,1996-06-05,,,,10
Leonard Floyd,LAR,LB,12734,weighted,,,,,,,,,,,,,,,,,,,,,,,,,,,,,,,,,,,,,,,,,,,,,2.94798151001541,2.20617315730203,0.379383667180277,0.113137084989848,0.0,0.0,0.0847303543913713,0.0494974746830583,,,2016.0,1992-09-08,,,,10
Eric Wilson,MIN,LB,13447,weighted,,,,,,,,,,,,,,,,,,,,,,,,,,,,,,,,,,,,,,,,,,,,,3.90607087827427,0.721248916810278,0.253805855161787,0.21920310216783,0.120616332819723,0.113137084989848,0.279383667180277,0.113137084989848,,,2017.0,1994-09-26,,,,10
Josey Jewell,DEN,LB,13702,weighted,,,,,,,,,,,,,,,,,,,,,,,,,,,,,,,,,,,,,,,,,,,,,2.81240482822656,1.29769950942006,0.102989786443825,0.0056331278799019,0.0029897864438254,0.0056331278799019,0.0549303621169916,0.0143272187262882,0.0,0.0,2018.0,1994-12-25,,,,10
T.J. Watt,PIT,LB,13214,weighted,,,,,,,,,,,,,,,,,,,,,,,,,,,,,,,,,,,,,,,,,,,,,3.54499229583975,0.919238815542512,0.87442218798151,0.106066017177982,0.0801540832049307,0.0282842712474619,0.610693374422188,0.127279220613579,,,2017.0,1994-10-11,,,,10
Bud Dupree,PIT,LB,12234,weighted,,,,,,,,,,,,,,,,,,,,,,,,,,,,,,,,,,,,,,,,,,,,,3.09725731895223,1.42128463018496,0.739691833590139,0.0565685424949239,0.024884437596302,0.0212132034355964,0.220616332819723,0.113137084989848,,,2015.0,1993-02-12,,,,10
DeVondre Campbell,ARI,LB,12779,weighted,,,,,,,,,,,,,,,,,,,,,,,,,,,,,,,,,,,,,,,,,,,,,3.03629139072848,1.20208152801713,0.1,1.98041604282243e-17,0.0173245033112583,0.0282842712474619,0.1,1.98041604282243e-17,0.0,0.0,2016.0,1993-07-01,,,,10
Rashaan Evans,TEN,LB,13699,weighted,,,,,,,,,,,,,,,,,,,,,,,,,,,,,,,,,,,,,,,,,,,,,3.05842835130971,0.629325035256027,0.070231124807396,0.0424264068711929,0.0099229583975346,0.014142135623731,0.07,0.0,,,2018.0,1996-11-08,,,,10
A.J. Klein,BUF,LB,11375,weighted,,,,,,,,,,,,,,,,,,,,,,,,,,,,,,,,,,,,,,,,,,,,,2.52358402971216,0.729305036939544,0.2,0.0,0.0120984215413185,0.0154069372776895,0.125348189415042,0.0716360936314408,0.0,0.0,2013.0,1991-07-30,,,,10
Khalil Mack,CHI,LB,11721,weighted,,,,,,,,,,,,,,,,,,,,,,,,,,,,,,,,,,,,,,,,,,,,,2.15919876733436,0.770746391493337,0.631309707241911,0.240416305603426,0.01,2.4533422757169002e-18,0.145423728813559,0.0777817459305202,,,2014.0,1991-02-22,,,,10
Shaquil Barrett,TB,LB,12075,weighted,,,,,,,,,,,,,,,,,,,,,,,,,,,,,,,,,,,,,,,,,,,,,2.05953775038521,0.0848528137423858,0.371001540832049,0.183847763108502,0.0249614791987673,0.0070710678118654,0.165269645608629,0.0494974746830583,,,2014.0,1992-11-17,,,,10
Budda Baker,ARI,DB,13251,weighted,,,,,,,,,,,,,,,,,,,,,,,,,,,,,,,,,,,,,,,,,,,,,6.34512534818942,1.00290531084017,0.114930362116992,0.0143272187262882,0.0900464252553389,0.0095514791508587,0.280092850510678,0.0191029583017175,,,2017.0,1996-01-10,,,,10
Jordan Poyer,BUF,DB,11317,weighted,,,,,,,,,,,,,,,,,,,,,,,,,,,,,,,,,,,,,,,,,,,,,6.5813556174559,0.749791113342414,0.165162488393686,0.0334301770280057,0.11041782729805,0.085963312357729,0.270139275766017,0.0286544374525763,,,2013.0,1991-04-25,,,,10
Justin Simmons,DEN,DB,12767,weighted,,,,,,,,,,,,,,,,,,,,,,,,,,,,,,,,,,,,,,,,,,,,,5.43251624883937,0.511004134570944,0.0,0.0,0.31041782729805,0.085963312357729,0.561114206128134,0.229235499620611,,,2016.0,1993-11-19,,,,10
Kareem Jackson,DEN,DB,9861,weighted,,,,,,,,,,,,,,,,,,,,,,,,,,,,,,,,,,,,,,,,,,,,,5.08887519260401,1.12429978208661,0.0,0.0,0.084884437596302,0.0212132034355964,0.300770416024653,0.14142135623731,,,2010.0,1988-04-10,,,,10
,,DB,12622,weighted,,,,,,,,,,,,,,,,,,,,,,,,,,,,,,,,,,,,,,,,,,,,,2.25680829304574,1.63263021362405,0.031534027519524,0.0649708886985637,0.0676998884343622,0.0944021250040252,0.288263294905169,0.26044399675266,,,,,,,,10
Adrian Phillips,NE,DB,12088,weighted,,,,,,,,,,,,,,,,,,,,,,,,,,,,,,,,,,,,,,,,,,,,,4.58540389972145,0.945596435935019,0.0,0.0,0.0701392757660167,0.0286544374525763,0.190510677808728,0.105066270659447,,,2014.0,1992-03-28,,,,10
Logan Ryan,NYG,DB,11316,weighted,,,,,,,,,,,,,,,,,,,,,,,,,,,,,,,,,,,,,,,,,,,,,5.07325905292479,0.358180468157204,0.109953574744661,0.0095514791508587,0.209489322191272,0.105066270659447,0.700464252553389,0.0955147915085878,,,2013.0,1991-02-09,,,,10
Tracy Walker,DET,DB,13747,weighted,,,,,,,,,,,,,,,,,,,,,,,,,,,,,,,,,,,,,,,,,,,,,4.63926040061633,1.05358910396796,0.030231124807396,0.0424264068711928,0.074653312788906,0.0636396103067893,0.519845916795069,0.0282842712474619,,,2018.0,1995-02-01,,,,10
Jonathan Jones,NE,DB,12988,weighted,,,,,,,,,,,,,,,,,,,,,,,,,,,,,,,,,,,,,,,,,,,,,3.99442896935933,1.14617749810305,0.0099535747446611,0.0095514791508587,0.0749767873723306,0.0047757395754293,0.360185701021356,0.0382059166034351,,,2016.0,1993-09-20,,,,10
Jamal Adams,SEA,DB,13230,weighted,,,,,,,,,,,,,,,,,,,,,,,,,,,,,,,,,,,,,,,,,,,,,4.91146379044684,0.268700576850888,0.366040061633282,0.190918830920368,0.120616332819723,0.113137084989848,0.55115562403698,0.212132034355964,,,2017.0,1995-10-17,,,,10
Kenny Vaccaro,TEN,DB,11324,weighted,,,,,,,,,,,,,,,,,,,,,,,,,,,,,,,,,,,,,,,,,,,,,4.2813556174559,0.749791113342414,0.114744661095636,0.0525331353297233,0.0748839368616527,0.0238786978771469,0.419907149489322,0.0191029583017175,,,2013.0,1991-02-15,,,,10
Darius Slay,PHI,DB,11348,weighted,,,,,,,,,,,,,,,,,,,,,,,,,,,,,,,,,,,,,,,,,,,,,3.90640986132512,1.576848122046,0.0,0.0,0.0348073959938367,0.0353553390593274,0.340462249614792,0.0848528137423857,,,2013.0,1991-01-01,,,,10
Tre Boston,CAR,DB,11802,weighted,,,,,,,,,,,,,,,,,,,,,,,,,,,,,,,,,,,,,,,,,,,,,4.27972265023112,0.96873629022557,0.0,0.0,0.139691833590139,0.0565685424949238,0.400770416024653,0.14142135623731,,,2014.0,1992-06-25,,,,10
Marshon Lattimore,NO,DB,13224,weighted,,,,,,,,,,,,,,,,,,,,,,,,,,,,,,,,,,,,,,,,,,,,,4.52800371402043,0.410713603486927,0.0,0.0,0.0701392757660167,0.0286544374525763,0.461114206128134,0.229235499620611,,,2017.0,1996-05-19,,,,10
Jalen Mills,PHI,DB,12716,weighted,,,,,,,,,,,,,,,,,,,,,,,,,,,,,,,,,,,,,,,,,,,,,4.41260909935005,0.491901176269227,0.264698235840297,0.062084614480582,0.170139275766017,0.0286544374525763,0.400464252553389,0.0955147915085878,,,2016.0,1994-04-06,,,,10
Kevin Byard,TEN,DB,12752,weighted,,,,,,,,,,,,,,,,,,,,,,,,,,,,,,,,,,,,,,,,,,,,,4.40265552460539,0.482349697118368,0.0200928505106778,0.0191029583017175,0.160185701021356,0.0382059166034351,0.400464252553389,0.0955147915085878,,,2016.0,1993-08-17,,,,10
Erik Harris,LVR,DB,12910,weighted,,,,,,,,,,,,,,,,,,,,,,,,,,,,,,,,,,,,,,,,,,,,,4.54234206471495,0.487903679018717,0.0,0.0,0.104884437596302,0.0212132034355964,0.330539291217257,0.0989949493661166,,,2015.0,1990-04-02,,,,10
Tre Herndon,JAC,DB,13914,weighted,,,,,,,,,,,,,,,,,,,,,,,,,,,,,,,,,,,,,,,,,,,,,3.76671802773498,1.52027957955108,0.0647303543913713,0.0494974746830583,0.050231124807396,0.0424264068711929,0.270231124807396,0.0424264068711928,,,2018.0,1970-01-01,,,,10
Lamarcus Joyner,LVR,DB,11742,weighted,,,,,,,,,,,,,,,,,,,,,,,,,,,,,,,,,,,,,,,,,,,,,4.49272727272727,0.417193000900063,0.0,0.0,0.104268104776579,0.134350288425444,0.3,0.0,,,2014.0,1990-11-27,,,,10
Josh Jones,JAC,DB,13264,weighted,,,,,,,,,,,,,,,,,,,,,,,,,,,,,,,,,,,,,,,,,,,,,4.77,0.0,0.0,0.0,0.04,0.0,0.32,0.0,,,2017.0,1995-01-01,IR,Chest,2020.0,10
Jarrod Wilson,JAC,DB,12906,weighted,,,,,,,,,,,,,,,,,,,,,,,,,,,,,,,,,,,,,,,,,,,,,3.39990755007704,1.85261976670875,0.0,0.0,0.070231124807396,0.0424264068711929,0.120616332819723,0.113137084989848,,,2016.0,1994-02-09,,,,10
Malcolm Jenkins,NO,DB,9430,weighted,,,,,,,,,,,,,,,,,,,,,,,,,,,,,,,,,,,,,,,,,,,,,4.44618384401114,0.243562718346899,0.155208913649025,0.0429816561788645,0.0900464252553389,0.0095514791508587,0.760649953574745,0.133720708112023,,,2009.0,1987-12-20,,,,10
Dre Kirkpatrick,ARI,DB,10778,weighted,,,,,,,,,,,,,,,,,,,,,,,,,,,,,,,,,,,,,,,,,,,,,3.74268104776579,1.34350288425444,0.0,0.0,0.134653312788906,0.0636396103067893,0.280154083204931,0.0282842712474619,,,2012.0,1989-10-26,,,,10
Jabrill Peppers,NYG,DB,13231,weighted,,,,,,,,,,,,,,,,,,,,,,,,,,,,,,,,,,,,,,,,,,,,,4.09469953775039,0.862670273047588,0.119845916795069,0.0282842712474619,0.169460708782743,0.0989949493661166,0.640462249614792,0.0848528137423857,,,2017.0,1995-10-04,,,,10
Malcolm Butler,TEN,DB,11965,weighted,,,,,,,,,,,,,,,,,,,,,,,,,,,,,,,,,,,,,,,,,,,,,4.5144661095636,0.109842010234876,0.0,0.0,0.129860724233983,0.0286544374525763,1.05925719591458,0.15282366641374,,,2014.0,1990-03-02,,,,10
Eric Rowe,MIA,DB,12275,weighted,,,,,,,,,,,,,,,,,,,,,,,,,,,,,,,,,,,,,,,,,,,,,4.5144661095636,0.109842010234876,0.0,0.0,0.149767873723305,0.0477573957542939,0.940278551532033,0.0573088749051527,,,2015.0,1992-10-03,,,,10
Taron Johnson,BUF,DB,13764,weighted,,,,,,,,,,,,,,,,,,,,,,,,,,,,,,,,,,,,,,,,,,,,,4.6,0.0,0.0,0.0,0.0,0.0,0.4,7.92166417128973e-17,,,2018.0,1996-07-27,,,,10
Jessie Bates,CIN,DB,13737,weighted,,,,,,,,,,,,,,,,,,,,,,,,,,,,,,,,,,,,,,,,,,,,,4.56018570102136,0.0382059166034351,0.0,0.0,0.170139275766017,0.0286544374525763,0.9,1.36607370508824e-16,,,2018.0,1997-02-26,,,,10
Tashaun Gipson,CHI,DB,11010,weighted,,,,,,,,,,,,,,,,,,,,,,,,,,,,,,,,,,,,,,,,,,,,,3.30563944530046,1.71826947828331,0.0,0.0,0.109922958397535,0.0141421356237309,0.3,0.0,,,2012.0,1990-08-07,,,,10
Harrison Smith,MIN,DB,10783,weighted,,,,,,,,,,,,,,,,,,,,,,,,,,,,,,,,,,,,,,,,,,,,,4.16261941448382,0.480832611206852,0.0100770416024653,0.014142135623731,0.190077041602465,0.014142135623731,0.430539291217257,0.0989949493661166,,,2012.0,1989-02-02,,,,10
Eddie Jackson,CHI,DB,13229,weighted,,,,,,,,,,,,,,,,,,,,,,,,,,,,,,,,,,,,,,,,,,,,,4.5,0.0,0.0,0.0,0.08,0.0,0.4,7.92166417128973e-17,,,2017.0,,,,,10
John Johnson,LAR,DB,13274,weighted,,,,,,,,,,,,,,,,,,,,,,,,,,,,,,,,,,,,,,,,,,,,,4.34388289676425,0.205060966544099,0.0050385208012326,0.0070710678118654,0.209922958397535,0.0141421356237309,0.659537750385208,0.0848528137423857,,,2017.0,1994-01-01,,,,10
Carlton Davis,TB,DB,13710,weighted,,,,,,,,,,,,,,,,,,,,,,,,,,,,,,,,,,,,,,,,,,,,,3.47047353760446,0.931269217208731,0.0251160631383473,0.0238786978771469,0.299535747446611,0.0955147915085878,1.06921077065924,0.162375145564599,,,2018.0,1996-12-31,,,,10
Karl Joseph,CLE,DB,12717,weighted,,,,,,,,,,,,,,,,,,,,,,,,,,,,,,,,,,,,,,,,,,,,,3.61368258859784,1.15965512114594,0.0100770416024653,0.014142135623731,0.170231124807396,0.0424264068711928,0.400770416024653,0.14142135623731,,,2016.0,,,,,10
Jason McCourty,NE,DB,9633,weighted,,,,,,,,,,,,,,,,,,,,,,,,,,,,,,,,,,,,,,,,,,,,,3.30144838212635,1.56977705423414,0.0,0.0,0.0250385208012327,0.0070710678118654,0.230539291217257,0.0989949493661166,,,2009.0,1987-08-13,,,,10
Quandre Diggs,SEA,DB,12349,weighted,,,,,,,,,,,,,,,,,,,,,,,,,,,,,,,,,,,,,,,,,,,,,3.55337442218798,1.21622366364086,0.0,0.0,0.210693374422188,0.127279220613579,0.320616332819723,0.113137084989848,,,2015.0,1991-11-07,,,,10
Marcus Williams,NO,DB,13253,weighted,,,,,,,,,,,,,,,,,,,,,,,,,,,,,,,,,,,,,,,,,,,,,3.60375963020031,1.14551298552221,0.0,0.0,0.140462249614792,0.0848528137423857,0.400770416024653,0.14142135623731,,,2017.0,1996-09-08,,,,10
Eric Murray,HOU,DB,12772,weighted,,,,,,,,,,,,,,,,,,,,,,,,,,,,,,,,,,,,,,,,,,,,,3.54345146379045,1.20208152801713,0.0050385208012326,0.0070710678118654,0.02,4.90668455143381e-18,0.140462249614792,0.0848528137423857,,,2016.0,1994-01-07,,,,10
Jalen Ramsey,LAR,DB,12711,weighted,,,,,,,,,,,,,,,,,,,,,,,,,,,,,,,,,,,,,,,,,,,,,3.34191063174114,1.48492424049175,0.0,0.0,0.139691833590139,0.0565685424949238,0.350385208012327,0.0707106781186548,,,2016.0,1994-10-24,,,,10
Marlon Humphrey,BAL,DB,13223,weighted,,,,,,,,,,,,,,,,,,,,,,,,,,,,,,,,,,,,,,,,,,,,,4.38,0.0,0.17,0.0,0.24,0.0,0.3,0.0,,,2017.0,1996-07-08,,,,10
Avonte Maddox,PHI,DB,13767,weighted,,,,,,,,,,,,,,,,,,,,,,,,,,,,,,,,,,,,,,,,,,,,,4.18853620955316,0.268700576850888,0.0,0.0,0.049768875192604,0.0424264068711929,0.421386748844376,0.254558441227157,,,2018.0,1996-03-31,,,,10
Troy Hill,LAR,DB,12589,weighted,,,,,,,,,,,,,,,,,,,,,,,,,,,,,,,,,,,,,,,,,,,,,4.11897864438254,0.210132541318893,0.0050232126276694,0.0047757395754293,0.129860724233983,0.0286544374525763,0.590046425255339,0.0095514791508587,,,,,,,,10
Joe Haden,PIT,DB,9820,weighted,,,,,,,,,,,,,,,,,,,,,,,,,,,,,,,,,,,,,,,,,,,,,4.12138674884438,0.254558441227157,0.0,0.0,0.2,3.92534764114705e-17,0.731309707241911,0.240416305603426,,,2010.0,1989-04-14,,,,10
Deshazor Everett,WAS,DB,12544,weighted,,,,,,,,,,,,,,,,,,,,,,,,,,,,,,,,,,,,,,,,,,,,,3.82172573189522,0.601040764008565,0.0,0.0,0.0949614791987673,0.0070710678118654,0.420616332819723,0.113137084989848,,,,,,,,10
Michael Davis,LAC,DB,13479,weighted,,,,,,,,,,,,,,,,,,,,,,,,,,,,,,,,,,,,,,,,,,,,,3.5519591457753,0.62562188438125,0.0,0.0,0.104930362116992,0.0143272187262882,0.6,0.0,,,2017.0,1995-01-06,,,,10
Patrick Peterson,ARI,DB,10260,weighted,,,,,,,,,,,,,,,,,,,,,,,,,,,,,,,,,,,,,,,,,,,,,4.04884437596302,0.212132034355964,0.015115562403698,0.0212132034355964,0.100770416024653,0.14142135623731,0.5,0.0,,,2011.0,1990-07-11,,,,10
Rodney McLeod,PHI,DB,11017,weighted,,,,,,,,,,,,,,,,,,,,,,,,,,,,,,,,,,,,,,,,,,,,,2.99064066852368,1.16050471682934,0.0251160631383473,0.0238786978771469,0.114930362116992,0.0143272187262882,0.540742804085423,0.15282366641374,,,2012.0,1990-06-23,,,,10
Andrew Sendejo,CLE,DB,10220,weighted,,,,,,,,,,,,,,,,,,,,,,,,,,,,,,,,,,,,,,,,,,,,,3.23275808936826,1.32936074863071,0.0050385208012326,0.0070710678118654,0.12442218798151,0.106066017177982,0.233882896764253,0.205060966544099,,,2010.0,1987-09-09,,,,10
Anthony Harris,MIN,DB,12252,weighted,,,,,,,,,,,,,,,,,,,,,,,,,,,,,,,,,,,,,,,,,,,,,3.98853620955316,0.268700576850888,0.0,0.0,0.160308166409861,0.0565685424949238,0.530539291217257,0.0989949493661166,,,2015.0,1992-06-04,,,,10
Terrance Mitchell,CLE,DB,11883,weighted,,,,,,,,,,,,,,,,,,,,,,,,,,,,,,,,,,,,,,,,,,,,,2.87510015408321,1.81726442764943,0.0,0.0,0.183959938366718,0.190918830920368,0.758767334360555,0.226274169979695,,,2014.0,1992-05-27,,,,10
Nevin Lawson,LVR,DB,11806,weighted,,,,,,,,,,,,,,,,,,,,,,,,,,,,,,,,,,,,,,,,,,,,,3.82745762711864,0.466690475583121,0.0648073959938367,0.0353553390593274,0.0198459167950693,0.0282842712474619,0.421386748844376,0.254558441227157,,,2014.0,1991-04-23,,,,10
Byron Jones,MIA,DB,12268,weighted,,,,,,,,,,,,,,,,,,,,,,,,,,,,,,,,,,,,,,,,,,,,,3.1724499229584,1.38592929112563,0.0,0.0,0.0050385208012326,0.0070710678118654,0.210693374422188,0.127279220613579,,,2015.0,1992-08-26,,,,10
Minkah Fitzpatrick,PIT,DB,13713,weighted,,,,,,,,,,,,,,,,,,,,,,,,,,,,,,,,,,,,,,,,,,,,,4.12986072423398,0.0286544374525766,0.0,0.0,0.180557103064067,0.114617749810305,0.590510677808728,0.105066270659447,,,2018.0,1996-11-17,,,,10
Janoris Jenkins,NO,DB,10779,weighted,,,,,,,,,,,,,,,,,,,,,,,,,,,,,,,,,,,,,,,,,,,,,3.78776579352851,0.410121933088198,0.0100770416024653,0.014142135623731,0.070231124807396,0.0424264068711929,0.510693374422188,0.127279220613579,,,2012.0,1988-10-29,,,,10
A.J. Bouye,DEN,DB,11512,weighted,,,,,,,,,,,,,,,,,,,,,,,,,,,,,,,,,,,,,,,,,,,,,3.13275808936826,1.32936074863071,0.0,0.0,0.0348073959938367,0.0353553390593274,0.3,0.0,,,2013.0,1991-08-16,,,,10
Jason Verrett,SF,DB,11765,weighted,,,,,,,,,,,,,,,,,,,,,,,,,,,,,,,,,,,,,,,,,,,,,3.12283513097072,1.31521861300698,0.0,0.0,0.109768875192604,0.0424264068711929,0.239691833590139,0.0565685424949238,,,2014.0,1991-05-13,,,,10
Desmond Trufant,DET,DB,11312,weighted,,,,,,,,,,,,,,,,,,,,,,,,,,,,,,,,,,,,,,,,,,,,,3.70265023112481,0.431335136523794,0.145423728813559,0.0777817459305202,0.045346687211094,0.0636396103067893,0.381694915254237,0.311126983722081,,,2013.0,1990-09-10,,,,10
Kendall Fuller,WAS,DB,12714,weighted,,,,,,,,,,,,,,,,,,,,,,,,,,,,,,,,,,,,,,,,,,,,,3.39537750385208,0.848528137423857,0.045346687211094,0.0636396103067893,0.250385208012327,0.0707106781186547,0.528998459167951,0.183847763108502,,,2016.0,1995-02-13,,,,10
Kenny Moore,IND,DB,13470,weighted,,,,,,,,,,,,,,,,,,,,,,,,,,,,,,,,,,,,,,,,,,,,,4.0,0.0,0.1,1.98041604282243e-17,0.2,3.96083208564486e-17,0.6,0.0,,,2017.0,1995-08-23,,,,10
Jeff Heath,LVR,DB,11543,weighted,,,,,,,,,,,,,,,,,,,,,,,,,,,,,,,,,,,,,,,,,,,,,2.56936825885978,1.95161471607487,0.0,0.0,0.0801540832049307,0.0282842712474619,0.190077041602465,0.014142135623731,,,2013.0,1991-05-14,,,,10
Ronald Darby,WAS,DB,12276,weighted,,,,,,,,,,,,,,,,,,,,,,,,,,,,,,,,,,,,,,,,,,,,,2.50409861325116,2.00111219075793,0.0,0.0,0.0894607087827427,0.0989949493661166,0.34884437596302,0.212132034355964,,,2015.0,1994-01-02,,,,10
TreDavious White,BUF,DB,13249,weighted,,,,,,,,,,,,,,,,,,,,,,,,,,,,,,,,,,,,,,,,,,,,,3.35568567026194,0.791959594928933,0.094653312788906,0.0636396103067893,0.140462249614792,0.0848528137423857,0.560308166409861,0.0565685424949238,,,2017.0,1995-01-16,,,,10
Donte Jackson,CAR,DB,13738,weighted,,,,,,,,,,,,,,,,,,,,,,,,,,,,,,,,,,,,,,,,,,,,,2.73617873651772,1.61927452891719,0.0,0.0,0.209922958397535,0.0141421356237309,0.628998459167951,0.183847763108502,,,2018.0,1995-11-08,,,,10
Jimmie Ward,SF,DB,11768,weighted,,,,,,,,,,,,,,,,,,,,,,,,,,,,,,,,,,,,,,,,,,,,,3.71411402157165,0.162634559672906,0.030231124807396,0.0424264068711928,0.0801540832049307,0.0282842712474619,0.281694915254237,0.311126983722081,,,2014.0,1991-07-18,,,,10
Steven Nelson,PIT,DB,12291,weighted,,,,,,,,,,,,,,,,,,,,,,,,,,,,,,,,,,,,,,,,,,,,,3.76449922958398,0.0919238815542511,0.0,0.0,0.120616332819723,0.113137084989848,0.341232665639445,0.226274169979695,,,2015.0,1993-01-22,,,,10
Chuck Clark,BAL,DB,13322,weighted,,,,,,,,,,,,,,,,,,,,,,,,,,,,,,,,,,,,,,,,,,,,,3.49641597028784,0.291320114101193,0.170139275766017,0.0286544374525763,0.0250232126276695,0.0047757395754293,0.21041782729805,0.085963312357729,,,2017.0,1995-04-19,,,,10
Terrell Edmunds,PIT,DB,13716,weighted,,,,,,,,,,,,,,,,,,,,,,,,,,,,,,,,,,,,,,,,,,,,,3.76030816640986,0.0565685424949235,0.0750385208012327,0.0070710678118654,0.109460708782743,0.0989949493661166,0.570231124807396,0.0424264068711928,,,2018.0,1997-01-20,,,,10
Bryce Callahan,DEN,DB,12506,weighted,,,,,,,,,,,,,,,,,,,,,,,,,,,,,,,,,,,,,,,,,,,,,3.22591679506934,0.74953318805774,0.0,0.0,0.150385208012327,0.0707106781186548,0.409922958397535,0.0141421356237309,,,,,,,,10
Denzel Ward,CLE,DB,13707,weighted,,,,,,,,,,,,,,,,,,,,,,,,,,,,,,,,,,,,,,,,,,,,,3.47784283513097,0.395979797464466,0.0,0.0,0.179383667180277,0.113137084989848,1.03053929121726,0.0989949493661167,,,2018.0,1997-04-28,,,,10
Casey Hayward,LAC,DB,10793,weighted,,,,,,,,,,,,,,,,,,,,,,,,,,,,,,,,,,,,,,,,,,,,,2.9591063174114,1.08187337521542,0.045346687211094,0.0636396103067893,0.139537750385208,0.0848528137423857,0.560308166409861,0.0565685424949238,,,2012.0,1989-09-09,,,,10
Bradley Roby,HOU,DB,11735,weighted,,,,,,,,,,,,,,,,,,,,,,,,,,,,,,,,,,,,,,,,,,,,,3.40761171032358,0.43840620433566,0.0100770416024653,0.014142135623731,0.139691833590139,0.0565685424949238,0.660308166409861,0.0565685424949238,,,2014.0,1992-05-01,,,,10
Vernon Hargreaves,HOU,DB,12712,weighted,,,,,,,,,,,,,,,,,,,,,,,,,,,,,,,,,,,,,,,,,,,,,3.10530046224961,0.862670273047588,0.0,0.0,0.139691833590139,0.0565685424949238,0.509152542372881,0.15556349186104,,,2016.0,,,,,10
James Bradberry,NYG,DB,12750,weighted,,,,,,,,,,,,,,,,,,,,,,,,,,,,,,,,,,,,,,,,,,,,,3.32745762711864,0.466690475583121,0.0,0.0,0.250385208012327,0.0707106781186547,1.15953775038521,0.0848528137423856,,,2016.0,1993-08-04,,,,10
Kyle Fuller,CHI,DB,11764,weighted,,,,,,,,,,,,,,,,,,,,,,,,,,,,,,,,,,,,,,,,,,,,,3.24730354391371,0.494974746830583,0.0050385208012326,0.0070710678118654,0.139691833590139,0.0565685424949238,0.579383667180277,0.113137084989848,,,2014.0,1992-02-16,,,,10
Tre Flowers,SEA,DB,13778,weighted,,,,,,,,,,,,,,,,,,,,,,,,,,,,,,,,,,,,,,,,,,,,,3.07904468412943,0.742462120245875,0.0251926040061633,0.0353553390593274,0.064884437596302,0.0212132034355964,0.290847457627119,0.15556349186104,,,2018.0,1995-06-02,,,,10
Marcus Peters,BAL,DB,12245,weighted,,,,,,,,,,,,,,,,,,,,,,,,,,,,,,,,,,,,,,,,,,,,,3.28865366759517,0.276992895374905,0.0750232126276695,0.0047757395754293,0.290046425255339,0.0095514791508587,0.671067780872795,0.219684020469752,,,2015.0,1993-01-09,,,,10
Xavier Rhodes,IND,DB,11314,weighted,,,,,,,,,,,,,,,,,,,,,,,,,,,,,,,,,,,,,,,,,,,,,2.92668721109399,0.608111831820431,0.0,0.0,0.149614791987673,0.0707106781186548,0.741232665639445,0.226274169979695,,,2013.0,1990-06-19,,,,10
Xavien Howard,MIA,DB,12742,weighted,,,,,,,,,,,,,,,,,,,,,,,,,,,,,,,,,,,,,,,,,,,,,2.94730354391371,0.494974746830583,0.0,0.0,0.290847457627119,0.15556349186104,0.830539291217257,0.0989949493661166,,,2016.0,1993-07-04,,,,10
Buster Skrine,CHI,DB,10379,weighted,,,,,,,,,,,,,,,,,,,,,,,,,,,,,,,,,,,,,,,,,,,,,3.1,0.0,0.0,0.0,0.01,0.0,0.2,3.96083208564486e-17,,,2011.0,1989-04-26,,,,10
Desmond King,LAC,DB,13232,weighted,,,,,,,,,,,,,,,,,,,,,,,,,,,,,,,,,,,,,,,,,,,,,2.23627118644068,0.233345237791561,0.099768875192604,0.0424264068711928,0.029768875192604,0.0424264068711928,0.1,1.9626738205735202e-17,,,2017.0,1994-12-14,,,,10
Nickell Robey,PHI,DB,11501,weighted,,,,,,,,,,,,,,,,,,,,,,,,,,,,,,,,,,,,,,,,,,,,,2.23892141756549,0.197989898732233,0.0,0.0,0.0198459167950693,0.0282842712474619,0.204961479198767,0.0070710678118654,,,2013.0,1992-01-17,,,,10
Chandon Sullivan,GB,DB,14013,weighted,,,,,,,,,,,,,,,,,,,,,,,,,,,,,,,,,,,,,,,,,,,,,1.99768875192604,0.424264068711928,0.0,0.0,0.0651926040061633,0.0353553390593274,0.624036979969183,0.176776695296637,,,2018.0,1970-01-01,,,,10
Marcell Harris,SF,DB,13801,weighted,,,,,,,,,,,,,,,,,,,,,,,,,,,,,,,,,,,,,,,,,,,,,1.96791987673344,0.381837661840736,0.0,0.0,0.0396918335901387,0.0565685424949238,0.380924499229584,0.169705627484771,,,2018.0,1996-06-09,,,,10
Corn Elder,CAR,DB,13302,weighted,,,,,,,,,,,,,,,,,,,,,,,,,,,,,,,,,,,,,,,,,,,,,2.05457627118644,0.0777817459305201,0.0,0.0,0.0347303543913713,0.0494974746830583,0.254576271186441,0.0777817459305202,,,2017.0,1994-10-09,,,,10
Sidney Jones,FA,DB,13225,weighted,,,,,,,,,,,,,,,,,,,,,,,,,,,,,,,,,,,,,,,,,,,,,1.17322033898305,1.24450793488832,0.0,0.0,0.0696147919876733,0.0707106781186548,0.388536209553159,0.268700576850888,,,2017.0,,,,,10
Troy Apke,WAS,DB,13756,weighted,,,,,,,,,,,,,,,,,,,,,,,,,,,,,,,,,,,,,,,,,,,,,1.80342064714946,0.289913780286484,0.0,0.0,0.0396918335901387,0.0565685424949238,0.190077041602465,0.014142135623731,,,2018.0,1995-04-11,,,,10
J.C. Jackson,NE,DB,13917,weighted,,,,,,,,,,,,,,,,,,,,,,,,,,,,,,,,,,,,,,,,,,,,,1.88930662557781,0.127279220613579,0.0,0.0,0.235500770416025,0.0919238815542512,0.700770416024653,0.14142135623731,,,2018.0,1970-01-01,,,,10
Kevin Johnson,CLE,DB,12249,weighted,,,,,,,,,,,,,,,,,,,,,,,,,,,,,,,,,,,,,,,,,,,,,1.87442218798151,0.106066017177982,0.0847303543913713,0.0494974746830583,0.024884437596302,0.0212132034355964,0.250385208012327,0.0707106781186547,,,2015.0,1992-08-05,,,,10
Crevon LeBlanc,PHI,DB,13001,weighted,,,,,,,,,,,,,,,,,,,,,,,,,,,,,,,,,,,,,,,,,,,,,1.57784283513097,0.395979797464467,0.114653312788906,0.0636396103067893,0.029768875192604,0.0424264068711928,0.250385208012327,0.0707106781186547,,,2016.0,1994-07-25,,,,10
Patrick Robinson,NO,DB,9841,weighted,,,,,,,,,,,,,,,,,,,,,,,,,,,,,,,,,,,,,,,,,,,,,1.48776579352851,0.410121933088198,0.0049614791987673,0.0070710678118654,0.069768875192604,0.0424264068711929,0.309152542372881,0.15556349186104,,,2010.0,1987-09-07,,,,10
