player,team,position,id,avg_type,pass_yds,pass_yds_sd,pass_tds,pass_tds_sd,pass_int,pass_int_sd,rush_yds,rush_yds_sd,rush_tds,rush_tds_sd,fumbles_lost,fumbles_lost_sd,two_pts,two_pts_sd,return_tds,return_tds_sd,rec,rec_sd,rec_yds,rec_yds_sd,rec_tds,rec_tds_sd,fg_0019,fg_0019_sd,fg_2029,fg_2029_sd,fg_3039,fg_3039_sd,fg_4049,fg_4049_sd,fg_50,fg_50_sd,xp,xp_sd,dst_int,dst_int_sd,dst_sacks,dst_sacks_sd,dst_safety,dst_safety_sd,dst_td,dst_td_sd,dst_blk,dst_blk_sd,idp_solo,idp_solo_sd,idp_sack,idp_sack_sd,idp_int,idp_int_sd,idp_pd,idp_pd_sd,idp_td,idp_td_sd,draft_year,birthdate,injury_status,injury_details,season_year,week
Ben Roethlisberger,PIT,QB,7401,weighted,309.359962049336,24.8772131271563,1.98145161290323,0.525015282960467,0.917457305502846,0.143481170930821,2.67286527514231,1.56487008379555,0.0597248576850095,0.0493050496533752,0.174648956356736,0.0364432712252832,0.1,0.0,0.0,0.0,,,,,,,,,,,,,,,,,,,,,,,,,,,,,,,,,,,,,,,2004.0,1982-03-02,,,,12
Kirk Cousins,WAS,QB,10700,weighted,294.535910815939,22.1577772225029,1.58092979127135,0.325389851263417,0.843563799887577,0.114087711402755,5.31560721062619,1.97360244592002,0.110172980482516,0.0716225592559701,0.30611954459203,0.113576392799796,0.0,0.0,0.0,0.0,,,,,,,,,,,,,,,,,,,,,,,,,,,,,,,,,,,,,,,2012.0,1988-08-19,,,,12
Carson Palmer,ARI,QB,6929,weighted,294.080313092979,21.3246451954859,1.74914611005693,0.372036405045671,1.08140417457306,0.155956067650254,1.81992409867173,1.24665594599206,0.0200664136622391,0.0393007852840897,0.318975332068311,0.0429807776854792,0.1,0.0,0.0,0.0,,,,,,,,,,,,,,,,,,,,,,,,,,,,,,,,,,,,,,,2003.0,1979-12-27,,,,12
Aaron Rodgers,GB,QB,7836,weighted,278.090085388994,32.4663948358675,2.04468690702087,0.731338079599347,0.866650853889943,0.192609609192889,21.7829696394687,3.57131547393748,0.116996011148896,0.115935557479677,0.357628083491461,0.0779443270623351,0.1,0.0,0.0,0.0,,,,,,,,,,,,,,,,,,,,,,,,,,,,,,,,,,,,,,,2005.0,1983-12-02,,,,12
Tom Brady,NE,QB,5848,weighted,276.521347248577,37.2349771180422,1.92628083491461,0.648010689430442,0.506404174573055,0.327041191736687,4.18083491461101,2.93770076060819,0.0741935483870968,0.0752889944747758,0.2546110056926,0.151290941966656,0.1,0.0,0.0,0.0,,,,,,,,,,,,,,,,,,,,,,,,,,,,,,,,,,,,,,,2000.0,1977-08-03,Q,Knee,2016.0,12
Eli Manning,NYG,QB,7391,weighted,276.724240986717,20.8685303139069,1.77314990512334,0.397007893147993,0.992552182163188,0.167007845060448,3.12827324478178,3.52763422930826,0.0,0.0,0.190161290322581,0.0109600983097972,0.0,0.0,0.0,0.0,,,,,,,,,,,,,,,,,,,,,,,,,,,,,,,,,,,,,,,2004.0,1981-01-03,,,,12
Drew Brees,NO,QB,4925,weighted,299.511907020873,14.8735149618481,1.99909867172676,0.106257381362688,0.976784710511523,0.126984210880129,2.2185009487666,1.59537162180075,0.0541271347248577,0.0502409758740288,0.332277039848197,0.0998421760326227,0.1,0.0,0.0,0.0,,,,,,,,,,,,,,,,,,,,,,,,,,,,,,,,,,,,,,,2001.0,1979-01-15,,,,12
Russell Wilson,SEA,QB,10703,weighted,274.782305502846,19.8850085706139,1.63059772296015,0.350360052152698,0.621869070208729,0.355932866607514,21.4198292220114,5.3082930994554,0.0987401407220805,0.0635860081416642,0.414468690702087,0.303111871959858,0.0,0.0,0.0,0.0,,,,,,,,,,,,,,,,,,,,,,,,,,,,,,,,,,,,,,,2012.0,1988-11-29,,,,12
Derek Carr,OAK,QB,11644,weighted,271.505075901328,15.4819475637555,2.06788425047438,0.647408635693573,0.731641366223909,0.450400999251105,7.92514231499051,2.38410162316891,0.0446990472361249,0.0504229574145101,0.2,0.0,0.1,0.0,0.0,0.0,,,,,,,,,,,,,,,,,,,,,,,,,,,,,,,,,,,,,,,2014.0,1991-03-28,,,,12
Matt Ryan,ATL,QB,9099,weighted,267.122580645161,14.5447421422178,1.69212523719165,0.341989660719301,0.727712197863969,0.431200054733495,5.45820683111954,2.82909862158854,0.0390417457305503,0.0497682431827806,0.331470588235294,0.100633643792012,0.0,0.0,0.0,0.0,,,,,,,,,,,,,,,,,,,,,,,,,,,,,,,,,,,,,,,2008.0,1985-05-17,,,,12
Joe Flacco,BAL,QB,9064,weighted,260.588235294118,16.2124463203066,1.23780834914611,0.228294713658958,0.921394686907021,0.501550834853328,3.64127134724858,2.95982042943916,0.094876660341556,0.0907380464462424,0.172189278937381,0.0361108090229144,0.0,0.0,0.0,0.0,,,,,,,,,,,,,,,,,,,,,,,,,,,,,,,,,,,,,,,2008.0,1985-01-16,,,,12
Cam Newton,CAR,QB,10273,weighted,248.487001897533,15.2751999878143,1.38643263757116,0.316562792323947,0.982020872865275,0.167715431025492,32.6342504743833,3.37582493936137,0.457112851980996,0.291386761422381,0.315761385199241,0.0649215185172124,0.1,0.0,0.0,0.0,,,,,,,,,,,,,,,,,,,,,,,,,,,,,,,,,,,,,,,2011.0,1989-05-11,,,,12
Scott Tolzien,IND,QB,10498,weighted,244.930123339658,23.3571080687669,1.34696394686907,0.286724168859998,1.16351992409867,0.266161016633043,10.5410815939279,5.29838094845513,0.222485768500949,0.368824838949767,0.227810721062619,0.0361108090229144,0.0,0.0,0.0,0.0,,,,,,,,,,,,,,,,,,,,,,,,,,,,,,,,,,,,,,,2011.0,1987-09-04,,,,12
Philip Rivers,SD,QB,7394,weighted,260.209819734345,17.9479234211366,1.60868121442125,0.3366155303327,0.812591343451377,0.518644652119877,2.03795066413662,1.38950105662441,0.0,0.0,0.254971537001898,0.0394407561474141,0.0,0.0,0.0,0.0,,,,,,,,,,,,,,,,,,,,,,,,,,,,,,,,,,,,,,,2004.0,1981-12-08,,,,12
Dak Prescott,DAL,QB,12620,weighted,262.518406072106,9.77022874978516,1.62803605313093,0.366560698218131,0.528130929791271,0.371034116129221,13.8010436432638,2.29332629139691,0.210961578908831,0.11915862606229,0.3,0.0,0.0,0.0,0.0,0.0,,,,,,,,,,,,,,,,,,,,,,,,,,,,,,,,,,,,,,,2016.0,1993-07-29,,,,12
Sam Bradford,MIN,QB,9817,weighted,246.525616698292,22.1948670565917,1.20526565464896,0.196195483982189,0.522817836812144,0.334527403797538,2.07628083491461,1.26285759305373,0.0,0.0,0.190161290322581,0.0109600983097972,0.0,0.0,0.0,0.0,,,,,,,,,,,,,,,,,,,,,,,,,,,,,,,,,,,,,,,2010.0,1987-11-08,,,,12
Marcus Mariota,TEN,QB,12141,weighted,244.345588235294,22.1819595834371,1.74222011385199,0.35831148286762,0.629679595278246,0.372840839492993,21.2212049335863,2.16796678990743,0.0947679571548787,0.0636407431758225,0.255621442125237,0.0722216180458288,0.534843453510436,0.289599917932408,0.0,0.0,,,,,,,,,,,,,,,,,,,,,,,,,,,,,,,,,,,,,,,2015.0,1993-10-30,,,,12
Matthew Stafford,DET,QB,9431,weighted,247.576043643264,14.4294563931914,1.38216318785579,0.300373401171773,0.933776091081594,0.132745946588946,7.825,4.41788360659166,0.0200664136622391,0.0393007852840897,0.30611954459203,0.113576392799796,0.0,0.0,0.0,0.0,,,,,,,,,,,,,,,,,,,,,,,,,,,,,,,,,,,,,,,2009.0,1988-02-07,,,,12
Carson Wentz,PHI,QB,12610,weighted,250.111385199241,9.74705079801651,1.53752371916509,0.431609705035857,1.00009487666034,0.0611486587092702,7.30749525616698,3.16397854703939,0.190654648956357,0.384718526938053,0.375237191650854,0.303646093088621,0.0,0.0,0.0,0.0,,,,,,,,,,,,,,,,,,,,,,,,,,,,,,,,,,,,,,,2016.0,1992-12-30,,,,12
Jameis Winston,TB,QB,12140,weighted,246.630407969639,19.6589223940875,1.4465844402277,0.358933732054,1.08701517706577,0.191691467556366,11.3375711574953,1.97567614171453,0.10229683654146,0.0647497342335877,0.227810721062619,0.0361108090229144,0.483159392789374,0.321777686591564,0.0,0.0,,,,,,,,,,,,,,,,,,,,,,,,,,,,,,,,,,,,,,,2015.0,1994-01-06,,,,12
Andy Dalton,CIN,QB,10313,weighted,233.343880455408,21.7277971318345,1.14568311195446,0.245769835441514,0.755123339658444,0.436241902043015,10.6927419354839,0.648395364066534,0.114796285086763,0.0756885739348559,0.404288425047438,0.291938737308255,0.0,0.0,0.0,0.0,,,,,,,,,,,,,,,,,,,,,,,,,,,,,,,,,,,,,,,2011.0,1987-10-29,,,,12
Ryan Fitzpatrick,NYJ,QB,8062,weighted,233.878984819734,27.0470014618529,1.09928842504744,0.175877904944649,1.35519955030916,0.384829732168943,12.332779886148,1.29102188369432,0.0595684847424446,0.049462269498152,0.24969165085389,0.151179605008191,0.0,0.0,0.0,0.0,,,,,,,,,,,,,,,,,,,,,,,,,,,,,,,,,,,,,,,2005.0,1982-11-24,,,,12
Ryan Tannehill,MIA,QB,10697,weighted,225.3139943074,21.9279001710174,1.36480075901328,0.300846372181373,0.786396852164137,0.132196852368949,13.9601043643264,3.70040310196042,0.24146110056926,0.36372215209384,0.2,0.0,0.0,0.0,0.0,0.0,,,,,,,,,,,,,,,,,,,,,,,,,,,,,,,,,,,,,,,2012.0,1988-07-27,,,,12
Blake Bortles,JAC,QB,11642,weighted,242.637049335863,9.25583718949266,1.43339658444023,0.340837362049625,1.44359582542694,0.342750717927057,17.4157020872865,5.4928112250804,0.222485768500949,0.368824838949767,0.3,0.0,0.0,0.0,0.0,0.0,,,,,,,,,,,,,,,,,,,,,,,,,,,,,,,,,,,,,,,2014.0,1991-12-16,,,,12
Trevor Siemian,DEN,QB,12381,weighted,234.309392789374,10.1969718286684,1.18629032258065,0.164012924682563,1.06812144212524,0.171195452381937,5.79283681214421,3.06296016350182,0.0241777356103732,0.0422606743367313,0.272189278937381,0.0361108090229144,0.0,0.0,0.0,0.0,,,,,,,,,,,,,,,,,,,,,,,,,,,,,,,,,,,,,,,,,,,,12
Josh McCown,CLE,QB,6589,weighted,227.095683111954,27.3735623644919,1.03804554079696,0.105450911723926,1.11404174573055,0.156527589769156,10.2625237191651,3.9552438998573,0.0772986499073053,0.0741684971493131,0.286895161290323,0.0631486058347445,0.483159392789374,0.321777686591564,0.0,0.0,,,,,,,,,,,,,,,,,,,,,,,,,,,,,,,,,,,,,,,2002.0,1979-07-04,,,,12
Brock Osweiler,HOU,QB,10702,weighted,233.732732447818,13.0863620141217,1.56366223908918,0.347993140296284,1.08221062618596,0.16729740635445,8.74667931688805,1.78751011123156,0.175047438330171,0.391140659191885,0.382058823529412,0.307680439849567,0.0,0.0,0.0,0.0,,,,,,,,,,,,,,,,,,,,,,,,,,,,,,,,,,,,,,,2012.0,1990-11-22,,,,12
Matt Barkley,CHI,QB,11151,weighted,210.001375711575,18.6488428584731,0.894259962049336,0.48251486819579,1.10279886148008,0.246675875338801,7.6873339658444,3.0715038697285,0.0440106155170969,0.0513132120564968,0.215512333965844,0.0396831534601359,0.0,0.0,0.0,0.0,,,,,,,,,,,,,,,,,,,,,,,,,,,,,,,,,,,,,,,2013.0,1990-09-08,,,,12
Alex Smith,KC,QB,7813,weighted,203.323007590133,21.0367315800713,1.00494659921304,0.0991090965652883,0.624525616698292,0.357068210626083,19.1405123339658,3.46024385907405,0.100851133354848,0.0666299865342725,0.379402277039848,0.309033703731308,0.0,0.0,0.0,0.0,,,,,,,,,,,,,,,,,,,,,,,,,,,,,,,,,,,,,,,2005.0,1984-05-07,,,,12
Jared Goff,LA,QB,12611,weighted,214.217172675522,15.597867158121,1.10863377609108,0.184071059159896,1.03050284629981,0.133117972429927,7.41921252371916,3.64596976929036,0.0632003334363907,0.0530404583865347,0.234736717267552,0.0995158283441151,0.0,0.0,0.0,0.0,,,,,,,,,,,,,,,,,,,,,,,,,,,,,,,,,,,,,,,2016.0,1994-10-14,,,,12
Colin Kaepernick,SF,QB,10297,weighted,205.523529411765,12.0908048223791,1.08594716132659,0.135659621931469,0.902561669829222,0.107159791108711,40.5099620493359,4.69342264913604,0.170194894072309,0.100558365465937,0.30611954459203,0.113576392799796,0.0,0.0,0.0,0.0,,,,,,,,,,,,,,,,,,,,,,,,,,,,,,,,,,,,,,,2011.0,1987-11-03,,,,12
Tyrod Taylor,BUF,QB,10413,weighted,185.286907020873,8.73164708376733,1.23439278937381,0.334462701744411,0.520404721753794,0.347087260400033,34.9436907020873,6.81588735010158,0.233480897371517,0.137603570423629,0.184487666034156,0.0396831534601359,0.0,0.0,0.0,0.0,,,,,,,,,,,,,,,,,,,,,,,,,,,,,,,,,,,,,,,2011.0,1989-08-03,,,,12
Nick Foles,KC,QB,10699,weighted,20.2625,33.097957686231,0.122128851540616,0.226051135256078,0.0915966386554622,0.169538351442059,-0.0174821428571429,0.0539403190321003,0.0,0.0,0.0,0.0,0.0,0.0,0.0,0.0,,,,,,,,,,,,,,,,,,,,,,,,,,,,,,,,,,,,,,,2012.0,1989-01-20,,,,12
Blaine Gabbert,SF,QB,10262,weighted,18.8225,32.7370680156244,0.122128851540616,0.226051135256078,0.0915966386554622,0.169538351442059,2.56116071428571,3.6735026918007,0.0292321428571429,0.0466470920552303,0.0,0.0,0.0,0.0,0.0,0.0,,,,,,,,,,,,,,,,,,,,,,,,,,,,,,,,,,,,,,,2011.0,1989-10-15,,,,12
Case Keenum,LA,QB,10948,weighted,18.5988571428571,29.4207127173205,0.0915966386554622,0.169538351442059,0.0610644257703081,0.113025567628039,0.334517857142857,0.446175370041593,0.0,0.0,0.0,0.0,0.0,0.0,0.0,0.0,,,,,,,,,,,,,,,,,,,,,,,,,,,,,,,,,,,,,,,2012.0,1988-02-17,,,,12
Paxton Lynch,DEN,QB,12612,weighted,15.4342142857143,25.4364000552088,0.0915966386554622,0.169538351442059,0.0305322128851541,0.0565127838140196,-0.0440714285714286,0.917792517616516,0.0,0.0,0.0,0.0,0.0,0.0,0.0,0.0,,,,,,,,,,,,,,,,,,,,,,,,,,,,,,,,,,,,,,,2016.0,1994-02-12,,,,12
Bryce Petty,NYJ,QB,12144,weighted,14.3059285714286,17.4131867926324,0.0610644257703081,0.113025567628039,0.0931839402427638,0.100752769388097,0.690160714285714,0.761325043191815,0.0,0.0,0.0,0.0,0.0,0.0,0.0,0.0,,,,,,,,,,,,,,,,,,,,,,,,,,,,,,,,,,,,,,,2015.0,1991-05-31,,,,12
Tony Romo,DAL,QB,7260,weighted,14.5527142857143,16.9380637634864,0.0931839402427638,0.100752769388097,0.183193277310924,0.339076702884118,0.218803571428571,0.207590577568077,0.0,0.0,0.0,0.0,0.0,0.0,0.0,0.0,,,,,,,,,,,,,,,,,,,,,,,,,,,,,,,,,,,,,,,2003.0,1980-04-21,,,,12
Colt McCoy,WAS,QB,9899,weighted,10.6963571428571,15.3251959374588,0.0610644257703081,0.113025567628039,0.0305322128851541,0.0565127838140196,0.687732142857143,0.876809806156923,0.0,0.0,0.0,0.0,0.0,0.0,0.0,0.0,,,,,,,,,,,,,,,,,,,,,,,,,,,,,,,,,,,,,,,2010.0,1986-09-05,,,,12
Tom Savage,HOU,QB,11649,weighted,10.6781428571429,14.8127723876832,0.0,0.0,0.0915966386554622,0.169538351442059,0.795142857142857,1.25881854018439,0.0,0.0,0.0,0.0,0.0,0.0,0.0,0.0,,,,,,,,,,,,,,,,,,,,,,,,,,,,,,,,,,,,,,,2014.0,1990-04-26,,,,12
Kevin Hogan,CLE,QB,12618,weighted,14.0193181818182,16.905349081831,0.0413510101010101,0.0511021456878132,0.16540404040404,0.204408582751253,3.87831439393939,4.30823956358496,0.0413510101010101,0.0511021456878132,0.0413510101010101,0.0511021456878132,0.0,0.0,0.0,0.0,,,,,,,,,,,,,,,,,,,,,,,,,,,,,,,,,,,,,,,2016.0,1992-10-20,,,,12
AJ McCarron,CIN,QB,11643,weighted,9.08871428571429,12.1229962168572,0.0610644257703081,0.113025567628039,0.0610644257703081,0.113025567628039,0.188357142857143,0.215575868837825,0.0,0.0,0.0,0.0,0.0,0.0,0.0,0.0,,,,,,,,,,,,,,,,,,,,,,,,,,,,,,,,,,,,,,,2014.0,1990-09-13,,,,12
Jimmy Garoppolo,NE,QB,11760,weighted,8.16057142857143,11.6846229724297,0.0915966386554622,0.169538351442059,0.0,0.0,-0.321553571428571,0.513118012607533,0.0,0.0,0.0,0.0,0.0,0.0,0.0,0.0,,,,,,,,,,,,,,,,,,,,,,,,,,,,,,,,,,,,,,,2014.0,1991-11-02,,,,12
Landry Jones,PIT,QB,11156,weighted,8.43478571428571,6.89537354531248,0.0678804855275444,0.0572971187775582,0.0610644257703081,0.113025567628039,0.017625,0.0367632419576047,0.0,0.0,0.0,0.0,0.0,0.0,0.0,0.0,,,,,,,,,,,,,,,,,,,,,,,,,,,,,,,,,,,,,,,2013.0,1989-04-04,,,,12
Matt Cassel,TEN,QB,8042,weighted,5.90107142857143,7.08769101343534,0.0305322128851541,0.0565127838140196,0.0305322128851541,0.0565127838140196,0.381232142857143,0.540130586059961,0.0292321428571429,0.0466470920552303,0.0,0.0,0.0,0.0,0.0,0.0,,,,,,,,,,,,,,,,,,,,,,,,,,,,,,,,,,,,,,,2005.0,1982-05-17,,,,12
Ryan Mallett,BAL,QB,10268,weighted,6.526,5.94069697307771,0.0,0.0,0.0305322128851541,0.0565127838140196,0.118214285714286,0.611104197379284,0.0,0.0,0.0,0.0,0.0,0.0,0.0,0.0,,,,,,,,,,,,,,,,,,,,,,,,,,,,,,,,,,,,,,,2011.0,1988-06-05,,,,12
Trevone Boykin,SEA,QB,12878,weighted,6.15857142857143,6.29257143138211,0.0584642857142857,0.0932941841104605,0.0610644257703081,0.113025567628039,-0.170178571428571,0.353756508748267,0.0,0.0,0.0,0.0,0.0,0.0,0.0,0.0,,,,,,,,,,,,,,,,,,,,,,,,,,,,,,,,,,,,,,,2016.0,1993-08-22,,,,12
Drew Stanton,ARI,QB,8712,weighted,5.58742857142857,5.41385690991518,0.0,0.0,0.122128851540616,0.226051135256078,-0.257214285714286,0.420714126703573,0.0,0.0,0.0,0.0,0.0,0.0,0.0,0.0,,,,,,,,,,,,,,,,,,,,,,,,,,,,,,,,,,,,,,,2007.0,1984-05-07,,,,12
Matt McGloin,OAK,QB,11465,weighted,4.3875,5.5593636168945,0.0,0.0,0.0,0.0,0.005875,0.0122544139858682,0.0,0.0,0.0,0.0,0.0,0.0,0.0,0.0,,,,,,,,,,,,,,,,,,,,,,,,,,,,,,,,,,,,,,,2013.0,1989-12-02,,,,12
Shaun Hill,MIN,QB,7194,weighted,6.46044642857143,3.73282096106558,0.0,0.0,0.0,0.0,-0.168303571428571,0.351138107857173,0.0,0.0,0.0,0.0,0.0,0.0,0.0,0.0,,,,,,,,,,,,,,,,,,,,,,,,,,,,,,,,,,,,,,,,,,,,12
Mike Glennon,TB,QB,11152,weighted,6.01171428571429,4.88654577047845,0.0610644257703081,0.113025567628039,0.0,0.0,0.0304464285714286,0.0473433161376555,0.0,0.0,0.0,0.0,0.0,0.0,0.0,0.0,,,,,,,,,,,,,,,,,,,,,,,,,,,,,,,,,,,,,,,2013.0,1989-12-12,,,,12
Derek Anderson,CAR,QB,8025,weighted,5.39764285714286,4.36778224061348,0.0305322128851541,0.0565127838140196,0.0305322128851541,0.0565127838140196,-0.0292321428571429,0.0466470920552303,0.0,0.0,0.0,0.0,0.0,0.0,0.0,0.0,,,,,,,,,,,,,,,,,,,,,,,,,,,,,,,,,,,,,,,2005.0,1983-06-15,,,,12
Chase Daniel,PHI,QB,9706,weighted,2.9325,3.97209344875016,0.0,0.0,0.0,0.0,-0.105178571428571,0.189598519218912,0.0,0.0,0.0,0.0,0.0,0.0,0.0,0.0,,,,,,,,,,,,,,,,,,,,,,,,,,,,,,,,,,,,,,,2009.0,1986-10-07,,,,12
Matt Schaub,ATL,QB,7480,weighted,3.08028571428571,3.86397842051614,0.0,0.0,0.0305322128851541,0.0565127838140196,-0.19875,0.327470630630795,0.0,0.0,0.0,0.0,0.0,0.0,0.0,0.0,,,,,,,,,,,,,,,,,,,,,,,,,,,,,,,,,,,,,,,2004.0,1981-06-25,,,,12
Matt Moore,MIA,QB,8944,weighted,2.99521428571429,3.99100972972628,0.0,0.0,0.0,0.0,-0.0233571428571429,0.0489140465010809,0.0,0.0,0.0,0.0,0.0,0.0,0.0,0.0,,,,,,,,,,,,,,,,,,,,,,,,,,,,,,,,,,,,,,,2007.0,1984-08-09,,,,12
EJ Manuel,BUF,QB,11154,weighted,3.92712022367195,4.16440891470657,0.0,0.0,0.0,0.0,0.0473904939422181,0.0509848710785481,0.0,0.0,0.0,0.0,0.0,0.0,0.0,0.0,,,,,,,,,,,,,,,,,,,,,,,,,,,,,,,,,,,,,,,2013.0,1990-03-19,,,,12
David Fales,CHI,QB,11835,weighted,3.57968313140727,4.5623618118258,0.0,0.0,0.0,0.0,0.0,0.0,0.0,0.0,0.0,0.0,0.0,0.0,0.0,0.0,,,,,,,,,,,,,,,,,,,,,,,,,,,,,,,,,,,,,,,2014.0,1990-10-04,,,,12
Dan Orlovsky,DET,QB,7957,weighted,3.91821428571429,3.31317649722438,0.0,0.0,0.0305322128851541,0.0565127838140196,0.005875,0.0122544139858682,0.0,0.0,0.0,0.0,0.0,0.0,0.0,0.0,,,,,,,,,,,,,,,,,,,,,,,,,,,,,,,,,,,,,,,2005.0,1983-08-18,,,,12
Luke McCown,NO,QB,7496,weighted,3.00221428571429,3.41566699737392,0.0,0.0,0.0,0.0,0.01175,0.0245088279717364,0.0,0.0,0.0,0.0,0.0,0.0,0.0,0.0,,,,,,,,,,,,,,,,,,,,,,,,,,,,,,,,,,,,,,,2004.0,1981-07-12,,,,12
Joe Webb,CAR,QB,9992,weighted,2.14631873252563,3.96024583637747,0.0,0.0,0.0,0.0,0.0,0.0,0.0,0.0,0.0,0.0,0.0,0.0,0.0,0.0,,,,,,,,,,,,,,,,,,,,,,,,,,,,,,,,,,,,,,,2010.0,1986-11-14,,,,12
Ryan Nassib,NYG,QB,11155,weighted,3.07778571428571,2.21687608325814,0.0292321428571429,0.0466470920552303,0.0,0.0,0.141571428571429,0.580726224779868,0.0,0.0,0.0,0.0,0.0,0.0,0.0,0.0,,,,,,,,,,,,,,,,,,,,,,,,,,,,,,,,,,,,,,,2013.0,1990-03-10,,,,12
Brett Hundley,GB,QB,12142,weighted,3.15442857142857,2.43198218866625,0.0,0.0,0.0584642857142857,0.0932941841104605,0.164928571428571,0.553012408658066,0.0,0.0,0.0,0.0,0.0,0.0,0.0,0.0,,,,,,,,,,,,,,,,,,,,,,,,,,,,,,,,,,,,,,,2015.0,1993-06-15,,,,12
Chad Henne,JAC,QB,9073,weighted,1.38085714285714,1.14224272258874,0.0,0.0,0.0,0.0,-0.222107142857143,0.375399723817362,0.0,0.0,0.0,0.0,0.0,0.0,0.0,0.0,,,,,,,,,,,,,,,,,,,,,,,,,,,,,,,,,,,,,,,2008.0,1985-07-02,,,,12
Kellen Clemens,SD,QB,8290,weighted,1.23342857142857,1.27389148693639,0.0,0.0,0.0,0.0,-0.0525892857142857,0.0947992596094559,0.0,0.0,0.0,0.0,0.0,0.0,0.0,0.0,,,,,,,,,,,,,,,,,,,,,,,,,,,,,,,,,,,,,,,2006.0,1983-06-06,,,,12
Mark Sanchez,DAL,QB,9429,weighted,0.457983193277311,0.847691757210294,0.0,0.0,0.0,0.0,0.0305322128851541,0.0565127838140196,0.0,0.0,0.0,0.0,0.0,0.0,0.0,0.0,,,,,,,,,,,,,,,,,,,,,,,,,,,,,,,,,,,,,,,2009.0,1986-11-11,O,Coach's Decision,2016.0,12
Zach Mettenberger,PIT,QB,11645,weighted,0.40925,0.653059288773224,0.0,0.0,0.0,0.0,0.0,0.0,0.0,0.0,0.0,0.0,0.0,0.0,0.0,0.0,,,,,,,,,,,,,,,,,,,,,,,,,,,,,,,,,,,,,,,2014.0,1991-07-16,O,Coach's Decision,2016.0,12
Bruce Gradkowski,PIT,QB,nfl_2495838,weighted,0.325804924242424,0.355262005859009,0.0,0.0,0.0,0.0,0.0,0.0,0.0,0.0,0.0,0.0,0.0,0.0,0.0,0.0,,,,,,,,,,,,,,,,,,,,,,,,,,,,,,,,,,,,,,,2006.0,1983-01-27,Q,Hamstring,2016.0,12
Josh Johnson,NYG,QB,9207,weighted,0.0,0.0,0.0,0.0,0.0,0.0,0.0,0.0,0.0,0.0,0.0,0.0,0.0,0.0,0.0,0.0,,,,,,,,,,,,,,,,,,,,,,,,,,,,,,,,,,,,,,,2008.0,1986-05-15,,,,12
Matt Flynn,NO,QB,nfl_367,weighted,0.0,0.0,0.0,0.0,0.0,0.0,0.0,0.0,0.0,0.0,0.0,0.0,0.0,0.0,0.0,0.0,,,,,,,,,,,,,,,,,,,,,,,,,,,,,,,,,,,,,,,2008.0,1985-06-20,,,,12
Josh Freeman,FA,QB,nfl_79557,weighted,0.0,0.0,0.0,0.0,0.0,0.0,0.0,0.0,0.0,0.0,0.0,0.0,0.0,0.0,0.0,0.0,,,,,,,,,,,,,,,,,,,,,,,,,,,,,,,,,,,,,,,2009.0,1988-01-13,,,,12
Brian Hoyer,CHI,QB,9714,weighted,0.0,0.0,0.0,0.0,0.0,0.0,0.0,0.0,0.0,0.0,0.0,0.0,0.0,0.0,0.0,0.0,,,,,,,,,,,,,,,,,,,,,,,,,,,,,,,,,,,,,,,2009.0,1985-10-31,IR,Forearm,2016.0,12
Jimmy Clausen,FA,QB,nfl_497108,weighted,0.0,0.0,0.0,0.0,0.0,0.0,0.0,0.0,0.0,0.0,0.0,0.0,0.0,0.0,0.0,0.0,,,,,,,,,,,,,,,,,,,,,,,,,,,,,,,,,,,,,,,2010.0,1988-09-21,,,,12
Thad Lewis,SF,QB,10097,weighted,0.0,0.0,0.0,0.0,0.0,0.0,0.0,0.0,0.0,0.0,0.0,0.0,0.0,0.0,0.0,0.0,,,,,,,,,,,,,,,,,,,,,,,,,,,,,,,,,,,,,,,2010.0,1987-11-19,IR,Knee,2016.0,12
Jerrod Johnson,DAL,QB,nfl_2495181,weighted,0.0,0.0,0.0,0.0,0.0,0.0,0.0,0.0,0.0,0.0,0.0,0.0,0.0,0.0,0.0,0.0,,,,,,,,,,,,,,,,,,,,,,,,,,,,,,,,,,,,,,,2011.0,1988-07-27,,,,12
Christian Ponder,SF,QB,10296,weighted,0.0,0.0,0.0,0.0,0.0,0.0,0.0,0.0,0.0,0.0,0.0,0.0,0.0,0.0,0.0,0.0,,,,,,,,,,,,,,,,,,,,,,,,,,,,,,,,,,,,,,,2011.0,1988-02-25,,,,12
Jay Cutler,CHI,QB,8252,weighted,0.0,0.0,0.0,0.0,0.0,0.0,0.0,0.0,0.0,0.0,0.0,0.0,0.0,0.0,0.0,0.0,,,,,,,,,,,,,,,,,,,,,,,,,,,,,,,,,,,,,,,2006.0,1983-04-29,D,Shoulder,2016.0,12
Tarvaris Jackson,FA,QB,nfl_2495863,weighted,0.0,0.0,0.0,0.0,0.0,0.0,0.0,0.0,0.0,0.0,0.0,0.0,0.0,0.0,0.0,0.0,,,,,,,,,,,,,,,,,,,,,,,,,,,,,,,,,,,,,,,2006.0,1983-04-21,,,,12
Kellen Moore,DAL,QB,10701,weighted,0.0,0.0,0.0,0.0,0.0,0.0,0.0,0.0,0.0,0.0,0.0,0.0,0.0,0.0,0.0,0.0,,,,,,,,,,,,,,,,,,,,,,,,,,,,,,,,,,,,,,,2012.0,1989-07-12,IR,Lower Leg,2016.0,12
Brandon Weeden,HOU,QB,10698,weighted,0.0,0.0,0.0,0.0,0.0,0.0,0.0,0.0,0.0,0.0,0.0,0.0,0.0,0.0,0.0,0.0,,,,,,,,,,,,,,,,,,,,,,,,,,,,,,,,,,,,,,,2012.0,1983-10-14,,,,12
Andrew Luck,IND,QB,10695,weighted,0.0,0.0,0.0,0.0,0.0,0.0,0.0,0.0,0.0,0.0,0.0,0.0,0.0,0.0,0.0,0.0,,,,,,,,,,,,,,,,,,,,,,,,,,,,,,,,,,,,,,,2012.0,1989-09-12,O,Concussion,2016.0,12
Robert Griffin,CLE,QB,10696,weighted,0.0,0.0,0.0,0.0,0.0,0.0,0.0,0.0,0.0,0.0,0.0,0.0,0.0,0.0,0.0,0.0,,,,,,,,,,,,,,,,,,,,,,,,,,,,,,,,,,,,,,,2012.0,1990-02-12,IR,Shoulder,2016.0,12
Austin Davis,DEN,QB,11001,weighted,0.0,0.0,0.0,0.0,0.0,0.0,0.0,0.0,0.0,0.0,0.0,0.0,0.0,0.0,0.0,0.0,,,,,,,,,,,,,,,,,,,,,,,,,,,,,,,,,,,,,,,2012.0,1989-06-02,,,,12
Alex Tanney,FA,QB,10935,weighted,0.0,0.0,0.0,0.0,0.0,0.0,0.0,0.0,0.0,0.0,0.0,0.0,0.0,0.0,0.0,0.0,,,,,,,,,,,,,,,,,,,,,,,,,,,,,,,,,,,,,,,2012.0,1987-11-11,,,,12
Matt Simms,FA,QB,nfl_2534889,weighted,0.0,0.0,0.0,0.0,0.0,0.0,0.0,0.0,0.0,0.0,0.0,0.0,0.0,0.0,0.0,0.0,,,,,,,,,,,,,,,,,,,,,,,,,,,,,,,,,,,,,,,2012.0,1988-09-27,,,,12
Zac Dysert,FA,QB,nfl_2539258,weighted,0.0,0.0,0.0,0.0,0.0,0.0,0.0,0.0,0.0,0.0,0.0,0.0,0.0,0.0,0.0,0.0,,,,,,,,,,,,,,,,,,,,,,,,,,,,,,,,,,,,,,,2013.0,1990-02-08,,,,12
Tyler Bray,KC,QB,11170,weighted,0.0,0.0,0.0,0.0,0.0,0.0,0.0,0.0,0.0,0.0,0.0,0.0,0.0,0.0,0.0,0.0,,,,,,,,,,,,,,,,,,,,,,,,,,,,,,,,,,,,,,,2013.0,1991-12-27,,,,12
Ryan Griffin,TB,QB,11441,weighted,0.0,0.0,0.0,0.0,0.0,0.0,0.0,0.0,0.0,0.0,0.0,0.0,0.0,0.0,0.0,0.0,,,,,,,,,,,,,,,,,,,,,,,,,,,,,,,,,,,,,,,2013.0,1989-11-17,,,,12
Teddy Bridgewater,MIN,QB,11640,weighted,0.0,0.0,0.0,0.0,0.0,0.0,0.0,0.0,0.0,0.0,0.0,0.0,0.0,0.0,0.0,0.0,,,,,,,,,,,,,,,,,,,,,,,,,,,,,,,,,,,,,,,2014.0,1992-11-10,IR,Knee,2016.0,12
Aaron Murray,FA,QB,11648,weighted,0.0,0.0,0.0,0.0,0.0,0.0,0.0,0.0,0.0,0.0,0.0,0.0,0.0,0.0,0.0,0.0,,,,,,,,,,,,,,,,,,,,,,,,,,,,,,,,,,,,,,,2014.0,1990-11-10,,,,12
Logan Thomas,FA,QB,11647,weighted,0.0,0.0,0.0,0.0,0.0,0.0,0.0,0.0,0.0,0.0,0.0,0.0,0.0,0.0,0.0,0.0,,,,,,,,,,,,,,,,,,,,,,,,,,,,,,,,,,,,,,,2014.0,1991-07-01,,,,12
Keith Wenning,FA,QB,11842,weighted,0.0,0.0,0.0,0.0,0.0,0.0,0.0,0.0,0.0,0.0,0.0,0.0,0.0,0.0,0.0,0.0,,,,,,,,,,,,,,,,,,,,,,,,,,,,,,,,,,,,,,,2014.0,1991-02-14,,,,12
Bryn Renner,FA,QB,nfl_2550247,weighted,0.0,0.0,0.0,0.0,0.0,0.0,0.0,0.0,0.0,0.0,0.0,0.0,0.0,0.0,0.0,0.0,,,,,,,,,,,,,,,,,,,,,,,,,,,,,,,,,,,,,,,2014.0,1990-01-22,,,,12
Stephen Morris,IND,QB,11899,weighted,0.0,0.0,0.0,0.0,0.0,0.0,0.0,0.0,0.0,0.0,0.0,0.0,0.0,0.0,0.0,0.0,,,,,,,,,,,,,,,,,,,,,,,,,,,,,,,,,,,,,,,2014.0,1992-08-27,,,,12
Garrett Grayson,FA,QB,12146,weighted,0.0,0.0,0.0,0.0,0.0,0.0,0.0,0.0,0.0,0.0,0.0,0.0,0.0,0.0,0.0,0.0,,,,,,,,,,,,,,,,,,,,,,,,,,,,,,,,,,,,,,,2015.0,1991-05-29,,,,12
Sean Mannion,LA,QB,12145,weighted,0.0,0.0,0.0,0.0,0.0,0.0,0.0,0.0,0.0,0.0,0.0,0.0,0.0,0.0,0.0,0.0,,,,,,,,,,,,,,,,,,,,,,,,,,,,,,,,,,,,,,,2015.0,1992-04-25,,,,12
Jameill Showers,DAL,QB,12941,weighted,0.0,,0.0,,0.0,,0.0,,0.0,,0.0,,0.0,,0.0,,,,,,,,,,,,,,,,,,,,,,,,,,,,,,,,,,,,,,,,,,,,,12
Jacoby Brissett,NE,QB,12616,weighted,0.0,0.0,0.0,0.0,0.0,0.0,0.0,0.0,0.0,0.0,0.0,0.0,0.0,0.0,0.0,0.0,,,,,,,,,,,,,,,,,,,,,,,,,,,,,,,,,,,,,,,2016.0,1992-12-11,IR,Thumb,2016.0,12
Jeff Driskel,CIN,QB,12623,weighted,0.0,0.0,0.0,0.0,0.0,0.0,0.0,0.0,0.0,0.0,0.0,0.0,0.0,0.0,0.0,0.0,,,,,,,,,,,,,,,,,,,,,,,,,,,,,,,,,,,,,,,2016.0,1993-04-23,,,,12
Connor Cook,OAK,QB,12613,weighted,0.0,0.0,0.0,0.0,0.0,0.0,0.0,0.0,0.0,0.0,0.0,0.0,0.0,0.0,0.0,0.0,,,,,,,,,,,,,,,,,,,,,,,,,,,,,,,,,,,,,,,2016.0,1993-01-29,,,,12
Cody Kessler,CLE,QB,12617,weighted,0.0,0.0,0.0,0.0,0.0,0.0,0.0,0.0,0.0,0.0,0.0,0.0,0.0,0.0,0.0,0.0,,,,,,,,,,,,,,,,,,,,,,,,,,,,,,,,,,,,,,,2016.0,1993-05-11,O,Concussion,2016.0,12
Christian Hackenberg,NYJ,QB,12614,weighted,0.0,0.0,0.0,0.0,0.0,0.0,0.0,0.0,0.0,0.0,0.0,0.0,0.0,0.0,0.0,0.0,,,,,,,,,,,,,,,,,,,,,,,,,,,,,,,,,,,,,,,2016.0,1995-02-14,,,,12
Cardale Jones,BUF,QB,12615,weighted,0.0,0.0,0.0,0.0,0.0,0.0,0.0,0.0,0.0,0.0,0.0,0.0,0.0,0.0,0.0,0.0,,,,,,,,,,,,,,,,,,,,,,,,,,,,,,,,,,,,,,,2016.0,1992-09-29,,,,12
Nate Sudfeld,WAS,QB,12815,weighted,0.0,0.0,0.0,0.0,0.0,0.0,0.0,0.0,0.0,0.0,0.0,0.0,0.0,0.0,0.0,0.0,,,,,,,,,,,,,,,,,,,,,,,,,,,,,,,,,,,,,,,2016.0,1993-10-07,O,Coach's Decision,2016.0,12
Jake Rudock,DET,QB,12819,weighted,0.0,0.0,0.0,0.0,0.0,0.0,0.0,0.0,0.0,0.0,0.0,0.0,0.0,0.0,0.0,0.0,,,,,,,,,,,,,,,,,,,,,,,,,,,,,,,,,,,,,,,2016.0,1993-01-21,O,Coach's Decision,2016.0,12
Joe Callahan,CLE,QB,12925,weighted,0.0,0.0,0.0,0.0,0.0,0.0,0.0,0.0,0.0,0.0,0.0,0.0,0.0,0.0,0.0,0.0,,,,,,,,,,,,,,,,,,,,,,,,,,,,,,,,,,,,,,,2016.0,1993-06-04,,,,12
Jay Ajayi,MIA,RB,12154,weighted,,,,,,,99.6120493358634,17.8115127073111,0.888187855787476,0.182004884729062,0.29084440227704,0.342367808340327,0.0,0.0,0.0,0.0,1.51508538899431,0.476914915170727,10.9693074003795,4.26450458619174,0.0672203158709138,0.0523162731862332,,,,,,,,,,,,,,,,,,,,,,,,,,,,,,,,,2015.0,1993-06-15,,,,12
Ezekiel Elliott,DAL,RB,12625,weighted,,,,,,,98.0556451612903,10.951173537139,0.819022770398482,0.159419220056645,0.174648956356736,0.0364432712252832,0.0,0.0,0.0,0.0,2.6253320683112,0.740453400109334,24.5540322580645,5.05876468113246,0.0811918612950867,0.041719654855818,,,,,,,,,,,,,,,,,,,,,,,,,,,,,,,,,2016.0,1995-07-22,,,,12
Devontae Booker,DEN,RB,12629,weighted,,,,,,,66.2185483870968,17.1694479009654,0.535133972044593,0.249727546932813,0.200806451612903,0.0618375867099569,0.0,0.0,0.0,0.0,2.10071157495256,0.130891697790569,15.8930265654649,2.59571063687544,0.0644658606989883,0.0503897072041408,,,,,,,,,,,,,,,,,,,,,,,,,,,,,,,,,2016.0,1992-05-27,,,,12
Lamar Miller,HOU,RB,10708,weighted,,,,,,,76.3517077798861,12.2168511449607,0.618548387096774,0.312423926920612,0.269734345351044,0.355415139405025,0.0,0.0,0.0,0.0,2.22139468690702,0.202187323440576,15.5275142314991,1.74270072774949,0.0811385419842542,0.0416991457241225,,,,,,,,,,,,,,,,,,,,,,,,,,,,,,,,,2012.0,1991-04-25,,,,12
DeMarco Murray,TEN,RB,10302,weighted,,,,,,,84.1575426944972,8.15604638179904,0.645211907086697,0.205961259788455,0.145834914611006,0.0395528325134232,0.0,0.0,0.0,0.0,3.12836812144212,0.61307837903664,22.0113377609108,5.03999221613333,0.117584333717874,0.0776535643104908,,,,,,,,,,,,,,,,,,,,,,,,,,,,,,,,,2011.0,1988-02-12,,,,12
LeVeon Bell,PIT,RB,11192,weighted,,,,,,,85.478605313093,5.78722374944792,0.692706781111348,0.175194215825487,0.280929791271347,0.354455064785515,0.0,0.0,0.0,0.0,6.25256166982922,0.358463290791828,51.6034629981025,5.53190869904444,0.487049335863378,0.415785466675151,,,,,,,,,,,,,,,,,,,,,,,,,,,,,,,,,2013.0,1992-08-18,,,,12
LeSean McCoy,BUF,RB,9448,weighted,,,,,,,73.619165085389,15.5202935256896,0.699127992245984,0.27538767272713,0.1,0.0,0.0,0.0,0.0,0.0,3.02571157495256,0.655340147834489,18.4224857685009,4.63132869120698,0.0976099145867715,0.0672434397817232,,,,,,,,,,,,,,,,,,,,,,,,,,,,,,,,,2009.0,1988-07-12,Q,Thumb,2016.0,12
David Johnson,ARI,RB,12171,weighted,,,,,,,81.4260910815939,5.7487340964904,0.844734345351044,0.157230980034613,0.148491461100569,0.0397811088302668,0.0,0.0,0.0,0.0,4.83259013282732,0.917718341636672,44.1304554079696,7.86020925210552,0.194490691843704,0.111118362004647,,,,,,,,,,,,,,,,,,,,,,,,,,,,,,,,,2015.0,1991-12-16,,,,12
Melvin Gordon,SD,RB,12151,weighted,,,,,,,77.3254269449715,9.44657630836338,0.718121442125237,0.231309714693811,0.369639468690702,0.304326940746957,0.0,0.0,0.0,0.0,3.48320683111954,0.525088587676675,28.8430265654649,4.39529996033361,0.24146110056926,0.36372215209384,,,,,,,,,,,,,,,,,,,,,,,,,,,,,,,,,2015.0,1993-04-13,,,,12
Spencer Ware,KC,RB,11199,weighted,,,,,,,76.1210626185958,10.4687759971052,0.575736742907942,0.25702636317402,0.410815939278937,0.312656733292586,0.0,0.0,0.0,0.0,2.61157495256167,0.755302919180288,21.7012808349146,6.24834094373951,0.075240231389426,0.0421620661759347,,,,,,,,,,,,,,,,,,,,,,,,,,,,,,,,,2013.0,1991-11-23,,,,12
Rob Kelley,WAS,RB,12887,weighted,,,,,,,67.1186059584036,10.8524438235795,0.694884766722878,0.286594317618291,0.318479482855537,0.382637952398019,0.0,0.0,0.0,0.0,0.98212478920742,0.664373010850664,6.79971894322653,4.80622037137594,0.0239600899381675,0.0429768549494312,,,,,,,,,,,,,,,,,,,,,,,,,,,,,,,,,2016.0,1992-10-03,,,,12
Doug Martin,TB,RB,10709,weighted,,,,,,,67.6378557874763,9.87124885112219,0.535104364326376,0.362392354883766,0.300920303605313,0.341274009251324,0.0,0.0,0.0,0.0,2.4112586970272,0.46005197537596,19.7036527514231,4.01600450110358,0.0420240344790095,0.0495946148943828,,,,,,,,,,,,,,,,,,,,,,,,,,,,,,,,,2012.0,1989-01-13,,,,12
Carlos Hyde,SF,RB,11657,weighted,,,,,,,67.6755218216319,8.59330740252639,0.651707779886148,0.280953994595809,0.148491461100569,0.0397811088302668,0.0,0.0,0.0,0.0,1.88999051233397,0.309922037870569,12.9482922201139,3.15771769942048,0.038336498645919,0.0499200137803716,,,,,,,,,,,,,,,,,,,,,,,,,,,,,,,,,2014.0,1991-09-20,,,,12
Thomas Rawls,SEA,RB,12169,weighted,,,,,,,67.7584914611006,15.3626426477264,0.614563567362429,0.32182262377313,0.103462998102467,0.0642608476131799,0.0,0.0,0.0,0.0,2.48472485768501,0.362740582727237,18.3401802656546,3.956943137167,0.0580613304794999,0.0496000036794968,,,,,,,,,,,,,,,,,,,,,,,,,,,,,,,,,2015.0,1993-08-03,,,,12
Rashad Jennings,NYG,RB,9680,weighted,,,,,,,68.5222011385199,7.64576017513969,0.617931688804554,0.306453376891735,0.278690702087287,0.354580105475464,0.0,0.0,0.0,0.0,2.52163978494624,0.830601081371319,20.2493833017078,6.33559913832139,0.0791962689358954,0.0780287282091339,,,,,,,,,,,,,,,,,,,,,,,,,,,,,,,,,2009.0,1985-03-26,,,,12
LeGarrette Blount,NE,RB,9898,weighted,,,,,,,63.3033206831119,10.4177815792027,0.671610375315926,0.257837905111548,0.123140417457306,0.0666798126676376,0.0,0.0,0.0,0.0,0.523102466793169,0.433031870403625,3.7357210626186,3.25311560890971,0.0362903225806452,0.0489420730802284,,,,,,,,,,,,,,,,,,,,,,,,,,,,,,,,,2010.0,1986-12-05,,,,12
Frank Gore,IND,RB,7877,weighted,,,,,,,61.8867172675522,8.82219995928112,0.600806451612903,0.317279201089023,0.1,0.0,0.0,0.0,0.0,0.0,2.27285736875395,0.215359221750523,17.5379032258065,2.87752529806777,0.254316888045541,0.359540882489162,,,,,,,,,,,,,,,,,,,,,,,,,,,,,,,,,2005.0,1983-05-14,,,,12
Jordan Howard,CHI,RB,12634,weighted,,,,,,,66.7118595825427,7.72315677174466,0.453374359798598,0.283603714692997,0.1,0.0,0.0,0.0,0.0,0.0,2.91794750158128,1.0778112005758,23.2154174573055,10.5944045646942,0.254316888045541,0.359540882489162,,,,,,,,,,,,,,,,,,,,,,,,,,,,,,,,,2016.0,1994-11-02,,,,12
Todd Gurley,LA,RB,12150,weighted,,,,,,,66.4862428842505,4.63830092063316,0.376309953619183,0.200115164458367,0.174648956356736,0.0364432712252832,0.0,0.0,0.0,0.0,2.14018026565465,0.434356734183567,17.5476280834915,3.27409289173272,0.0397881391005969,0.0496156974614866,,,,,,,,,,,,,,,,,,,,,,,,,,,,,,,,,2015.0,1994-08-03,,,,12
Matt Forte,NYJ,RB,9122,weighted,,,,,,,65.9059772296015,3.88482136940588,0.471726755218216,0.325005589874617,0.14357210626186,0.0384254737274487,0.0,0.0,0.0,0.0,2.77407495256167,1.19682023626355,21.5267552182163,10.1206361212177,0.0976335875204575,0.0633838776038329,,,,,,,,,,,,,,,,,,,,,,,,,,,,,,,,,2008.0,1985-12-10,,,,12
Theo Riddick,DET,RB,11188,weighted,,,,,,,39.6854364326376,16.9416155964525,0.309229858507307,0.357499652637924,0.103462998102467,0.0642608476131799,0.0,0.0,0.0,0.0,5.23411606578115,1.10670896149532,42.6788425047438,13.3876535781798,0.191143527971992,0.111998862240443,,,,,,,,,,,,,,,,,,,,,,,,,,,,,,,,,2013.0,1991-05-04,,,,12
Devonta Freeman,ATL,RB,11660,weighted,,,,,,,60.3346299810247,6.35897098650531,0.616318785578748,0.307823395330977,0.14357210626186,0.0384254737274487,0.0,0.0,0.0,0.0,2.80889468690702,0.391197655468894,22.6094876660342,4.40952279542787,0.254316888045541,0.359540882489162,,,,,,,,,,,,,,,,,,,,,,,,,,,,,,,,,2014.0,1992-03-15,,,,12
Jonathan Stewart,CAR,RB,9101,weighted,,,,,,,61.3790796963947,6.50207933393049,0.409439648592305,0.222266815915525,0.356366223908918,0.316880787013119,0.0,0.0,0.0,0.0,1.17174256799494,0.476967370878504,8.94777039848197,3.61488652116992,0.019530145789897,0.0397728046439193,,,,,,,,,,,,,,,,,,,,,,,,,,,,,,,,,2008.0,1987-03-21,,,,12
Jeremy Hill,CIN,RB,11654,weighted,,,,,,,59.852229601518,7.07742828798442,0.339920578404702,0.199908337288367,0.1,0.0,0.0,0.0,0.0,0.0,1.33719955724225,0.361530483567725,10.2264231499051,2.97025599967287,0.0213581123165839,0.0421376526762924,,,,,,,,,,,,,,,,,,,,,,,,,,,,,,,,,2014.0,1992-10-20,,,,12
Terrance West,BAL,RB,11746,weighted,,,,,,,56.9522770398482,5.83276914861437,0.585199240986717,0.325621731660274,0.0721892789373814,0.0361108090229144,0.0,0.0,0.0,0.0,1.55309930423782,0.370508970130195,10.6807400379507,3.0504137806063,0.0,0.0,,,,,,,,,,,,,,,,,,,,,,,,,,,,,,,,,2014.0,1991-01-21,,,,12
Chris Ivory,JAC,RB,10077,weighted,,,,,,,51.7023244781784,13.1754556473518,0.352656546489564,0.335023429178094,0.15642789373814,0.0384254737274487,0.0,0.0,0.0,0.0,1.96858001265022,0.620906273354711,14.5331119544592,5.2117386575233,0.0355697849206288,0.049173902525562,,,,,,,,,,,,,,,,,,,,,,,,,,,,,,,,,2010.0,1988-03-22,,,,12
Isaiah Crowell,CLE,RB,11668,weighted,,,,,,,49.3632352941176,7.95646129147795,0.2765150605779,0.162127859290195,0.0721892789373814,0.0361108090229144,0.0,0.0,0.0,0.0,2.3126027830487,0.439389959433985,19.4175521821632,3.29028285637104,0.0430570282131458,0.0498056085728376,,,,,,,,,,,,,,,,,,,,,,,,,,,,,,,,,2014.0,1993-01-08,,,,12
Wendell Smallwood,PHI,RB,12636,weighted,,,,,,,46.9809297912713,7.60889525089572,0.403557874762808,0.328883264052504,0.15642789373814,0.0384254737274487,0.0,0.0,0.0,0.0,1.24291587602783,0.638453222598859,9.18320683111954,5.13815490535252,0.0168048565849902,0.0392100065918317,,,,,,,,,,,,,,,,,,,,,,,,,,,,,,,,,2016.0,1994-01-26,,,,12
Mark Ingram,NO,RB,10276,weighted,,,,,,,51.982210626186,4.29000949154114,0.23627568986058,0.138037121199462,0.2,0.0,0.0,0.0,0.0,0.0,2.72323687539532,0.368615368746422,19.1795540796964,1.66937895866223,0.0970880426252601,0.0642101075911198,,,,,,,,,,,,,,,,,,,,,,,,,,,,,,,,,2011.0,1989-12-21,Q,Concussion,2016.0,12
James Starks,GB,RB,9987,weighted,,,,,,,45.8191176470588,8.47543230437777,0.174746974827358,0.141112952826949,0.103462998102467,0.0642608476131799,0.0,0.0,0.0,0.0,2.48747628083491,0.968174902279399,18.0567362428842,6.92837254874992,0.097179381230549,0.0633685359890112,,,,,,,,,,,,,,,,,,,,,,,,,,,,,,,,,2010.0,1986-02-25,,,,12
Tim Hightower,NO,RB,9196,weighted,,,,,,,43.9294592030361,7.7168136077839,0.384940323557933,0.322556863120618,0.0721892789373814,0.0361108090229144,0.0,0.0,0.0,0.0,2.01861954459203,0.200449318051992,16.7239563567362,2.37444860812256,0.0603389493769674,0.0492663310276845,,,,,,,,,,,,,,,,,,,,,,,,,,,,,,,,,2008.0,1986-05-23,,,,12
Jerick McKinnon,MIN,RB,11761,weighted,,,,,,,44.8418880455408,8.81548784353018,0.324193548387097,0.338182426908539,0.0721892789373814,0.0361108090229144,0.0,0.0,0.0,0.0,2.08920777988615,0.30949311765764,14.0629506641366,3.89845242418923,0.0206810381476758,0.0422903141992691,,,,,,,,,,,,,,,,,,,,,,,,,,,,,,,,,2014.0,1992-05-03,,,,12
Latavius Murray,OAK,RB,11390,weighted,,,,,,,46.0485294117647,3.55706049189828,0.539842047705561,0.258796523896562,0.1,0.0,0.0,0.0,0.0,0.0,2.10984345351044,0.64428106520009,14.8705882352941,2.93164772314204,0.0594847300766421,0.0493117027963984,,,,,,,,,,,,,,,,,,,,,,,,,,,,,,,,,2013.0,1990-01-18,Q,Ankle,2016.0,12
Darren Sproles,PHI,RB,7942,weighted,,,,,,,35.7493542953397,6.42242055586057,0.361482313307131,0.371076812308605,0.1,0.0,0.0,0.0,0.0,0.0,2.78460415496912,0.49599122046438,25.364177428411,3.64641184667609,0.267434025828186,0.397132570430481,,,,,,,,,,,,,,,,,,,,,,,,,,,,,,,,,2005.0,1983-06-20,,,,12
Kenneth Dixon,BAL,RB,12632,weighted,,,,,,,34.1274667931689,10.7713355134082,0.27685009487666,0.362351463979479,0.0721892789373814,0.0361108090229144,0.0,0.0,0.0,0.0,2.29226755218216,0.264721517917211,16.1284629981025,4.78601161336134,0.0582295250763844,0.049552185563488,,,,,,,,,,,,,,,,,,,,,,,,,,,,,,,,,2016.0,1994-01-21,,,,12
Matt Asiata,MIN,RB,10998,weighted,,,,,,,33.9553130929791,7.16092667590337,0.250199619295285,0.145116089409982,0.0721892789373814,0.0361108090229144,0.0,0.0,0.0,0.0,2.20185009487666,0.272005476670013,16.2448766603416,1.59072667987137,0.042505786111393,0.0496757628450408,,,,,,,,,,,,,,,,,,,,,,,,,,,,,,,,,2011.0,1987-07-24,,,,12
Derrick Henry,TEN,RB,12626,weighted,,,,,,,25.195825426945,8.10813468711269,0.114149478971545,0.0782390467691998,0.0286171726755218,0.0366907556798132,0.0,0.0,0.0,0.0,0.658412397216951,0.36889865278673,5.20915559772296,3.30885527376348,0.0,0.0,,,,,,,,,,,,,,,,,,,,,,,,,,,,,,,,,2016.0,1994-01-04,,,,12
Paul Perkins,NYG,RB,12631,weighted,,,,,,,27.6365749525617,9.35881409659093,0.257874762808349,0.363442297618568,0.040915559772296,0.0377756809070412,0.0,0.0,0.0,0.0,1.50913978494624,0.481426203319274,13.0225332068311,5.83862375247809,0.0591676560613346,0.0493529854195008,,,,,,,,,,,,,,,,,,,,,,,,,,,,,,,,,2016.0,1994-11-16,,,,12
Dwayne Washington,DET,RB,12845,weighted,,,,,,,27.3187381404175,6.32227633015419,0.123790204798619,0.098861389322509,0.0721892789373814,0.0361108090229144,0.0,0.0,0.0,0.0,0.839444971537002,0.504026510766563,5.87348197343453,3.58527339850604,0.0189199873497786,0.0397839305471502,,,,,,,,,,,,,,,,,,,,,,,,,,,,,,,,,2016.0,,,,,12
KaDeem Carey,CHI,RB,11652,weighted,,,,,,,13.267220113852,11.2570907080616,0.0794326368881772,0.0412744478062417,0.0286171726755218,0.0366907556798132,0.0,0.0,0.0,0.0,0.611100569259962,0.282346747112235,4.68012333965844,2.9756453475863,0.0,0.0,,,,,,,,,,,,,,,,,,,,,,,,,,,,,,,,,2014.0,1992-10-30,,,,12
Tevin Coleman,ATL,RB,12152,weighted,,,,,,,29.4787001897533,4.32981546259737,0.188077590493861,0.12993496465286,0.1,0.0,0.0,0.0,0.0,0.0,2.58648798228969,0.438971905762341,22.6612428842505,6.8622265856034,0.0744973344022443,0.042597940130301,,,,,,,,,,,,,,,,,,,,,,,,,,,,,,,,,2015.0,1993-04-16,,,,12
Peyton Barber,TB,RB,12637,weighted,,,,,,,14.6969165085389,9.95555250759338,0.18719165085389,0.386218142924354,0.0278107210626186,0.0361108090229144,0.0,0.0,0.0,0.0,0.78010752688172,0.389256665750754,5.85863377609108,3.7951377831359,0.0,0.0,,,,,,,,,,,,,,,,,,,,,,,,,,,,,,,,,2016.0,1994-06-27,,,,12
Matt Jones,WAS,RB,12162,weighted,,,,,,,12.441,13.3420636713318,0.0947857142857143,0.0830904576685617,0.0947857142857143,0.0830904576685617,0.0,0.0,0.0,0.0,0.329857142857143,0.385801226628602,3.35582142857143,4.00697588207011,0.0,0.0,,,,,,,,,,,,,,,,,,,,,,,,,,,,,,,,,2015.0,1992-11-17,O,Coach's Decision,2016.0,12
Duke Johnson,CLE,RB,12157,weighted,,,,,,,24.5875237191651,3.67857552396616,0.0958295409847074,0.0635576271693678,0.1,0.0,0.0,0.0,0.0,0.0,3.5724541429475,0.365488517383005,30.2404648956357,2.30069879940155,0.190654648956357,0.384718526938053,,,,,,,,,,,,,,,,,,,,,,,,,,,,,,,,,2015.0,1993-09-23,,,,12
Christine Michael,GB,RB,11179,weighted,,,,,,,12.591035280509,11.6970615077186,0.043262001156738,0.0855734444643301,0.0284268363215732,0.0406689502003626,0.0,0.0,0.0,0.0,0.399942163100058,0.458515599080751,2.56882591093117,2.89892200023582,0.0,0.0,,,,,,,,,,,,,,,,,,,,,,,,,,,,,,,,,2013.0,1990-11-09,,,,12
Alex Collins,SEA,RB,12628,weighted,,,,,,,16.9315939278937,8.0360504750153,0.175249189970811,0.148204428053138,0.0721892789373814,0.0361108090229144,0.0,0.0,0.0,0.0,1.1284550917141,0.614599702473376,7.44397533206831,5.45383676859569,0.0768184693232132,0.0415084829264436,,,,,,,,,,,,,,,,,,,,,,,,,,,,,,,,,2016.0,1994-08-26,,,,12
Damien Williams,MIA,RB,11886,weighted,,,,,,,19.098624288425,6.47965660016037,0.166442949882587,0.102349376070348,0.0286171726755218,0.0366907556798132,0.0,0.0,0.0,0.0,1.32039057558507,0.252444625131153,12.2549810246679,4.97218484769246,0.0997720595217189,0.0643179575699781,,,,,,,,,,,,,,,,,,,,,,,,,,,,,,,,,2014.0,1992-04-03,,,,12
Bilal Powell,NYJ,RB,10369,weighted,,,,,,,22.4421252371917,3.80276480638004,0.0799629512717656,0.0413580000322466,0.1,0.0,0.0,0.0,0.0,0.0,4.08508855154965,1.53523419478634,27.7233870967742,6.7195022076305,0.402277039848197,0.4659330277077,,,,,,,,,,,,,,,,,,,,,,,,,,,,,,,,,2011.0,1988-10-27,,,,12
Kapri Bibbs,DEN,RB,11895,weighted,,,,,,,21.5226280834915,6.22384431005131,0.127955245870173,0.0866525857130919,0.0721892789373814,0.0361108090229144,0.0,0.0,0.0,0.0,0.888432953826692,0.145770547390198,7.59255218216319,2.90462171888446,0.0339035055709629,0.0497655879954859,,,,,,,,,,,,,,,,,,,,,,,,,,,,,,,,,2014.0,1993-01-10,,,,12
T.J. Yeldon,JAC,RB,12153,weighted,,,,,,,19.6832129963899,10.9184337324448,0.0406606416265523,0.0552283320053109,0.1,0.0,0.0,0.0,0.0,0.0,2.01254512635379,0.979311221913437,9.92960288808664,9.61218040435096,0.0393743566932744,0.0561607616032989,,,,,,,,,,,,,,,,,,,,,,,,,,,,,,,,,2015.0,1993-10-02,Q,Ankle,2016.0,12
Chris Thompson,WAS,RB,11186,weighted,,,,,,,18.8367647058824,4.68578661664439,0.0620162270417209,0.0494568114721822,0.1,0.0,0.0,0.0,0.0,0.0,2.98549968374447,0.172298240679611,20.7961574952562,3.21111510826915,0.0766696381283235,0.0415539279385073,,,,,,,,,,,,,,,,,,,,,,,,,,,,,,,,,2013.0,1990-10-20,,,,12
Alfred Morris,DAL,RB,10870,weighted,,,,,,,21.2343453510436,2.52363553400355,0.135004774918215,0.0826887025474817,0.040915559772296,0.0377756809070412,0.0,0.0,0.0,0.0,0.349399114484503,0.252075406864509,2.1404174573055,1.65712878315754,0.0,0.0,,,,,,,,,,,,,,,,,,,,,,,,,,,,,,,,,2012.0,1988-12-12,,,,12
Dion Lewis,NE,RB,10389,weighted,,,,,,,15.4303130929791,5.327095122484,0.111340449479597,0.0766745502551146,0.100806451612903,0.0618375867099569,0.0,0.0,0.0,0.0,2.19780202403542,0.532330943589299,19.5787476280835,5.70952893485529,0.0771510687443604,0.0414193053374413,,,,,,,,,,,,,,,,,,,,,,,,,,,,,,,,,2011.0,1990-09-27,,,,12
Denard Robinson,JAC,RB,11210,weighted,,,,,,,12.6173624288425,9.27948314765413,0.0397296015180266,0.0490745693823482,0.0564278937381404,0.0384254737274487,0.0,0.0,0.0,0.0,0.894196710942441,0.514027167943518,6.21869070208729,4.59467313193578,0.0,0.0,,,,,,,,,,,,,,,,,,,,,,,,,,,,,,,,,2013.0,1990-09-22,,,,12
DuJuan Harris,SF,RB,10530,weighted,,,,,,,15.9373814041746,5.06554871143165,0.0822759085264515,0.0774978483090557,0.1,0.0,0.0,0.0,0.0,0.0,1.02292061986085,0.239584587802149,9.76503795066414,3.9349596641578,0.0547239593564215,0.0512299159854741,,,,,,,,,,,,,,,,,,,,,,,,,,,,,,,,,2011.0,1988-09-03,,,,12
Charcandrick West,KC,RB,12098,weighted,,,,,,,20.9270872865275,2.93509163544293,0.0996376283785305,0.0667406580394486,0.0286171726755218,0.0366907556798132,0.0,0.0,0.0,0.0,1.64086021505376,0.402102555426904,11.1035578747628,2.42784625944646,0.0212263720624726,0.0421618646826153,,,,,,,,,,,,,,,,,,,,,,,,,,,,,,,,,2014.0,1991-06-02,,,,12
Ronnie Hillman,SD,RB,10812,weighted,,,,,,,8.81657142857143,11.6086459873541,0.005875,0.0122544139858682,0.0,0.0,0.0,0.0,0.0,0.0,0.2575,0.338523737562423,3.28142857142857,4.11681339539488,0.0,0.0,,,,,,,,,,,,,,,,,,,,,,,,,,,,,,,,,2012.0,1991-09-14,,,,12
Rex Burkhead,CIN,RB,11182,weighted,,,,,,,17.5432637571157,7.02554762514374,0.101077926596535,0.0837749520666077,0.040915559772296,0.0377756809070412,0.0,0.0,0.0,0.0,1.92801233396584,0.242051421132389,15.3124288425047,8.23971289294807,0.0362452209545634,0.0516646270722823,,,,,,,,,,,,,,,,,,,,,,,,,,,,,,,,,2013.0,1990-07-02,,,,12
DeAndre Washington,OAK,RB,12857,weighted,,,,,,,19.8100569259962,2.85090282064619,0.0607321663094281,0.0492777782973509,0.0695327324478178,0.0732033733755968,0.0,0.0,0.0,0.0,1.33457463630614,0.433250502609016,9.72277039848197,5.63725914767489,0.0353486301141849,0.0492431359553181,,,,,,,,,,,,,,,,,,,,,,,,,,,,,,,,,2016.0,1993-02-22,,,,12
Jalen Richard,OAK,RB,12912,weighted,,,,,,,16.409440227704,6.35561815486775,0.0623680008180685,0.0495434916066497,0.0286171726755218,0.0366907556798132,0.0,0.0,0.0,0.0,1.78279569892473,0.245538844174467,14.9135673624288,3.30480103616051,0.0820944944928102,0.0421319171587805,,,,,,,,,,,,,,,,,,,,,,,,,,,,,,,,,2016.0,1993-10-15,,,,12
Kenjon Barner,PHI,RB,11177,weighted,,,,,,,13.3773719165085,4.68750694187805,0.23534155597723,0.371690443393265,0.0564278937381404,0.0384254737274487,0.0,0.0,0.0,0.0,0.790156546489564,0.469126734803127,4.78515180265655,2.76753028216247,0.0,0.0,,,,,,,,,,,,,,,,,,,,,,,,,,,,,,,,,2013.0,1989-04-28,,,,12
Mike Gillislee,BUF,RB,11180,weighted,,,,,,,10.3548435619735,10.3497184271973,0.0098977135980746,0.01868350548409,0.0319494584837545,0.0294597847689469,0.0,0.0,0.0,0.0,0.500421179302046,0.514788159922896,4.87554151624549,5.14122743387076,0.0098977135980746,0.01868350548409,,,,,,,,,,,,,,,,,,,,,,,,,,,,,,,,,2013.0,1990-11-01,O,Hamstring,2016.0,12
James White,NE,RB,11747,weighted,,,,,,,8.94791271347249,6.20352057069253,0.035812519284447,0.0490476573623242,0.0721892789373814,0.0361108090229144,0.0,0.0,0.0,0.0,3.84206989247312,0.655730086825631,33.1664136622391,3.92980010973077,0.193918913261413,0.111582963515888,,,,,,,,,,,,,,,,,,,,,,,,,,,,,,,,,2014.0,1992-02-03,,,,12
Fitzgerald Toussaint,PIT,RB,12009,weighted,,,,,,,8.28808559861191,6.77090684593306,0.0629223448104194,0.0865561133132917,0.0294100636205899,0.0413021445725596,0.0,0.0,0.0,0.0,0.749381145170619,0.747640855749515,4.70104106419896,5.9666360931564,0.0237015615962984,0.0433931048903472,,,,,,,,,,,,,,,,,,,,,,,,,,,,,,,,,2014.0,1990-05-04,,,,12
Akeem Hunt,HOU,RB,12170,weighted,,,,,,,15.2510989879823,4.76836964518741,0.0395215295422072,0.0500158542778614,0.0286171726755218,0.0366907556798132,0.0,0.0,0.0,0.0,0.879680581910183,0.28695398850865,6.96187539531942,2.47749015845381,0.0182380243386469,0.039868227639876,,,,,,,,,,,,,,,,,,,,,,,,,,,,,,,,,2015.0,1993-02-22,,,,12
Jeremy Langford,CHI,RB,12156,weighted,,,,,,,15.2904569115095,3.15845701907481,0.177319130409091,0.0844213861949363,0.0294100636205899,0.0413021445725596,0.0,0.0,0.0,0.0,1.40106419895894,0.260388222771004,11.7144592249855,2.83205424541606,0.0287567695462432,0.0454876340056816,,,,,,,,,,,,,,,,,,,,,,,,,,,,,,,,,2015.0,1991-12-06,,,,12
Jacquizz Rodgers,TB,RB,10300,weighted,,,,,,,8.96989247311828,13.717871555019,0.0462365591397849,0.0707106781186548,0.0462365591397849,0.0707106781186548,0.0,0.0,0.0,0.0,0.462365591397849,0.707106781186547,2.82043010752688,4.31335136523794,0.0,0.0,,,,,,,,,,,,,,,,,,,,,,,,,,,,,,,,,2011.0,1990-02-06,Q,Foot,2016.0,12
Andre Ellington,ARI,RB,11175,weighted,,,,,,,12.5911290322581,4.73927591513578,0.0948999712850904,0.0646598799065513,0.0286171726755218,0.0366907556798132,0.0,0.0,0.0,0.0,0.823703352308665,0.148447601627948,5.5415559772296,0.94379177169399,0.0,0.0,,,,,,,,,,,,,,,,,,,,,,,,,,,,,,,,,2013.0,1989-02-03,,,,12
Benny Cunningham,LA,RB,11432,weighted,,,,,,,14.7717818999438,4.17962836019219,0.0475442764336588,0.0512620924730006,0.0716694772344014,0.0400991134077143,0.0,0.0,0.0,0.0,1.96349634626194,0.252480095669301,16.1612703766161,5.3437379192881,0.0244398055631907,0.0457518626788384,,,,,,,,,,,,,,,,,,,,,,,,,,,,,,,,,2013.0,1990-07-07,,,,12
Jonathan Grimes,HOU,RB,10975,weighted,,,,,,,7.58557142857143,8.81062502587222,0.0,0.0,0.0292321428571429,0.0466470920552303,0.0,0.0,0.0,0.0,0.359089285714286,0.4314467658921,4.00078571428571,4.55115479124769,0.0,0.0,,,,,,,,,,,,,,,,,,,,,,,,,,,,,,,,,2012.0,1989-12-21,,,,12
Fozzy Whittaker,CAR,RB,11342,weighted,,,,,,,10.9824478178368,4.79384757845562,0.0371265886730649,0.0488681022154361,0.0564278937381404,0.0384254737274487,0.0,0.0,0.0,0.0,1.28117488931056,0.263621520501688,9.90213472485768,2.33411552009392,0.020726140952659,0.0422779717810709,,,,,,,,,,,,,,,,,,,,,,,,,,,,,,,,,2012.0,1989-02-22,,,,12
Cameron Artis-Payne,CAR,RB,12161,weighted,,,,,,,9.99764285714286,8.58121486187239,0.0947857142857143,0.0830904576685617,0.0,0.0,0.0,0.0,0.0,0.0,0.328642857142857,0.446511031307372,2.67528571428571,3.87158168573436,0.0,0.0,,,,,,,,,,,,,,,,,,,,,,,,,,,,,,,,,2015.0,1992-06-23,,,,12
Shaun Draughn,SF,RB,10689,weighted,,,,,,,6.6665008675535,7.37798655951962,0.0464198958935801,0.0504205343663709,0.0389242336610758,0.0422524383652854,0.0,0.0,0.0,0.0,0.810167727009832,0.517077901026858,6.34137651821862,4.19267140182377,0.0502255639097744,0.0505787891164113,,,,,,,,,,,,,,,,,,,,,,,,,,,,,,,,,2011.0,1987-12-07,,,,12
Jonathan Williams,BUF,RB,12635,weighted,,,,,,,13.6006940427993,3.97322513679358,0.126370259705356,0.0814658997483448,0.0588201272411799,0.0826042891451192,0.0,0.0,0.0,0.0,0.465795257374205,0.311550070058547,3.07322151532678,2.08098663288968,0.0216257426783743,0.0438766385351059,,,,,,,,,,,,,,,,,,,,,,,,,,,,,,,,,2016.0,1994-02-02,,,,12
Zach Zenner,DET,RB,12264,weighted,,,,,,,8.22778571428572,6.7145794679649,0.096,0.084150282365798,0.0363214285714286,0.0480211294000172,0.0,0.0,0.0,0.0,0.342821428571429,0.332784348213132,3.09907142857143,3.4434510649008,0.0,0.0,,,,,,,,,,,,,,,,,,,,,,,,,,,,,,,,,,,,,,12
Alfred Blue,HOU,RB,11834,weighted,,,,,,,7.76373660995589,7.88209046905614,0.0518273471959672,0.0521602989045578,0.0310964083175803,0.0297613775312869,0.0,0.0,0.0,0.0,0.165847511027095,0.161974092779126,1.06764335223693,1.03710536619786,0.0,0.0,,,,,,,,,,,,,,,,,,,,,,,,,,,,,,,,,2014.0,1991-04-27,O,Calf,2016.0,12
Reggie Bush,BUF,RB,8243,weighted,,,,,,,6.6432041642568,5.41072191148401,0.0815602658850069,0.124843371814856,0.0,0.0,0.0,0.0,0.0,0.0,0.571544245228456,0.5302499791715,6.45558126084442,5.68188143853791,0.022834008097166,0.0427187170208346,,,,,,,,,,,,,,,,,,,,,,,,,,,,,,,,,2006.0,1985-03-02,,,,12
Robert Turbin,IND,RB,10714,weighted,,,,,,,11.2755218216319,2.23775675714478,0.237998102466793,0.364747210451688,0.0286171726755218,0.0366907556798132,0.0,0.0,0.0,0.0,1.4448055028463,0.812812909169878,9.85474383301708,5.99163180587469,0.0423861480075901,0.0496527886280306,,,,,,,,,,,,,,,,,,,,,,,,,,,,,,,,,2012.0,1989-12-02,,,,12
Javorius Allen,BAL,RB,12159,weighted,,,,,,,7.68635714285714,5.44541115332153,0.0,0.0,0.0,0.0,0.0,0.0,0.0,0.0,0.451446428571429,0.632049292711048,3.21392857142857,4.45282280139664,0.0,0.0,,,,,,,,,,,,,,,,,,,,,,,,,,,,,,,,,2015.0,1991-08-27,,,,12
Steven Jackson,NE,RB,nfl_2505936,weighted,,,,,,,6.56264204545455,7.1559918323029,0.0930871212121212,0.101503430245431,0.0,0.0,0.0,0.0,0.0,0.0,0.139630681818182,0.152255145368147,1.58248106060606,1.72555831417233,0.0,0.0,,,,,,,,,,,,,,,,,,,,,,,,,,,,,,,,,2004.0,1983-07-22,,,,12
Kenneth Farrow,SD,RB,12642,weighted,,,,,,,10.4928282244072,2.47951296273206,0.0724842746537943,0.0436688244708406,0.0294100636205899,0.0413021445725596,0.0,0.0,0.0,0.0,0.633533834586466,0.360255196309037,4.01272411798728,2.68688850136094,0.0,0.0,,,,,,,,,,,,,,,,,,,,,,,,,,,,,,,,,2016.0,1993-03-07,,,,12
Mike Tolbert,CAR,RB,9315,weighted,,,,,,,8.93956043956044,2.75569263057584,0.0718422428190281,0.0441299712039415,0.0,0.0,0.0,0.0,0.0,0.0,0.513071139386929,0.276665553476637,3.97998843262001,2.12825066493261,0.0650048012928899,0.0837920919486746,,,,,,,,,,,,,,,,,,,,,,,,,,,,,,,,,2008.0,1985-11-23,,,,12
Troymaine Pope,SEA,RB,12929,weighted,,,,,,,2.97860082304527,4.66690475583121,0.0,0.0,0.0,0.0,0.0,0.0,0.0,0.0,0.225651577503429,0.353553390593274,1.1056927297668,1.73241161390704,0.0,0.0,,,,,,,,,,,,,,,,,,,,,,,,,,,,,,,,,2016.0,1993-11-29,O,Ankle,2016.0,12
Aaron Ripkowski,GB,RB,12353,weighted,,,,,,,6.3030834914611,2.93792623413921,0.0,0.0,0.0,0.0,0.0,0.0,0.0,0.0,0.297675521821632,0.171927789681966,1.79933586337761,1.56133860531783,0.0,0.0,,,,,,,,,,,,,,,,,,,,,,,,,,,,,,,,,,,,,,12
Lance Dunbar,DAL,RB,10961,weighted,,,,,,,4.44777327935223,3.88335105029924,0.0450782663855669,0.0507285685797324,0.0294100636205899,0.0413021445725596,0.0,0.0,0.0,0.0,0.844916136495084,0.22914045073371,9.4545980335454,2.94114130494963,0.028098674780597,0.0454987094666381,,,,,,,,,,,,,,,,,,,,,,,,,,,,,,,,,2012.0,1990-01-25,,,,12
Terron Ward,ATL,RB,12446,weighted,,,,,,,5.78077651515152,5.16038249611759,0.0,0.0,0.0,0.0,0.0,0.0,0.0,0.0,0.227525252525253,0.253402304828334,2.48484848484848,2.38196855571946,0.0,0.0,,,,,,,,,,,,,,,,,,,,,,,,,,,,,,,,,,,,,,12
Justin Forsett,DET,RB,9278,weighted,,,,,,,4.97301785714286,4.18582691752403,0.0,0.0,0.0,0.0,0.0,0.0,0.0,0.0,0.360303571428571,0.376942991735925,1.41198214285714,1.4638944393726,0.0,0.0,,,,,,,,,,,,,,,,,,,,,,,,,,,,,,,,,2008.0,1985-10-14,O,Coach's Decision,2016.0,12
Mike Davis,SF,RB,12164,weighted,,,,,,,5.32874493927125,3.99459165199801,0.0472173221515327,0.0502506838776786,0.0,0.0,0.0,0.0,0.0,0.0,0.176067090803933,0.144465656574623,1.81503759398496,2.01943825921172,0.0,0.0,,,,,,,,,,,,,,,,,,,,,,,,,,,,,,,,,2015.0,1993-02-19,,,,12
Antonio Andrews,TEN,RB,11901,weighted,,,,,,,4.71971428571429,2.89980526442396,0.0,0.0,0.0,0.0,0.0,0.0,0.0,0.0,0.222142857142857,0.122945691912358,1.49478571428571,0.861399824150196,0.0,0.0,,,,,,,,,,,,,,,,,,,,,,,,,,,,,,,,,2014.0,1992-08-17,,,,12
Brandon Bolden,NE,RB,10932,weighted,,,,,,,3.4995,4.06693877072736,0.0,0.0,0.0,0.0,0.0,0.0,0.0,0.0,0.246821428571429,0.307338657322108,2.02492857142857,2.36996803995177,0.0,0.0,,,,,,,,,,,,,,,,,,,,,,,,,,,,,,,,,2012.0,1990-01-26,,,,12
Mike James,TB,RB,11190,weighted,,,,,,,4.73574320416426,3.60301627828844,0.022834008097166,0.0427187170208346,0.0,0.0,0.0,0.0,0.0,0.0,0.442151532677848,0.267327630404699,3.04551764025448,1.8201767924662,0.0,0.0,,,,,,,,,,,,,,,,,,,,,,,,,,,,,,,,,2013.0,1991-04-13,,,,12
Josh Ferguson,IND,RB,12640,weighted,,,,,,,2.42157316367843,3.16718150345228,0.0237015615962984,0.0433931048903472,0.0294100636205899,0.0413021445725596,0.0,0.0,0.0,0.0,0.922267206477733,0.469889703226699,5.95078079814922,3.01558235578409,0.0,0.0,,,,,,,,,,,,,,,,,,,,,,,,,,,,,,,,,2016.0,1993-05-23,,,,12
Knile Davis,KC,RB,11194,weighted,,,,,,,2.78999421631001,3.19207257396931,0.0,0.0,0.0,0.0,0.0,0.0,0.0,0.0,0.122186234817814,0.162342051329512,0.976691729323308,1.02565361792754,0.0,0.0,,,,,,,,,,,,,,,,,,,,,,,,,,,,,,,,,2013.0,1991-10-05,,,,12
Mack Brown,WAS,RB,12908,weighted,,,,,,,3.15912208504801,4.94974746830583,0.0,0.0,0.0,0.0,0.0,0.0,0.0,0.0,0.0,0.0,0.902606310013717,1.41421356237309,0.0,0.0,,,,,,,,,,,,,,,,,,,,,,,,,,,,,,,,,,,,,,12
Orleans Darkwa,NYG,RB,11977,weighted,,,,,,,2.796375,2.70133150264165,0.0292321428571429,0.0466470920552303,0.0,0.0,0.0,0.0,0.0,0.0,0.0947857142857143,0.0830904576685617,0.806017857142857,0.953385536356325,0.0,0.0,,,,,,,,,,,,,,,,,,,,,,,,,,,,,,,,,2014.0,1992-02-28,Q,Lower Leg,2016.0,12
Kenyan Drake,MIA,RB,12630,weighted,,,,,,,4.36281087333719,2.01866532114531,0.0,0.0,0.0,0.0,0.0,0.0,0.0,0.0,0.490121457489879,0.29758342587151,3.23401966454598,2.10032770287462,0.0,0.0,,,,,,,,,,,,,,,,,,,,,,,,,,,,,,,,,2016.0,,Q,Knee,2016.0,12
Bobby Rainey,NYG,RB,10929,weighted,,,,,,,2.59084440227704,2.37443097526571,0.0,0.0,0.0,0.0,0.0,0.0,0.0,0.0,0.595501265022138,0.437816170128651,4.81797912713472,4.04103315067451,0.0,0.0,,,,,,,,,,,,,,,,,,,,,,,,,,,,,,,,,2012.0,1987-10-16,,,,12
Kerwynn Williams,ARI,RB,11185,weighted,,,,,,,1.8624649859944,3.4472798126552,0.0,0.0,0.0305322128851541,0.0565127838140196,0.0,0.0,0.0,0.0,0.0610644257703081,0.113025567628039,0.0610644257703081,0.113025567628039,0.0,0.0,,,,,,,,,,,,,,,,,,,,,,,,,,,,,,,,,2013.0,1991-06-09,,,,12
Jamize Olawale,OAK,RB,10985,weighted,,,,,,,4.51816078658184,0.558950403607716,0.0717867628619741,0.0837015475179653,0.0,0.0,0.0,0.0,0.0,0.0,0.598877964141122,0.262053948787392,6.80728744939271,5.84109102055873,0.0477847820887372,0.0503012320707529,,,,,,,,,,,,,,,,,,,,,,,,,,,,,,,,,2012.0,1989-04-17,,,,12
C.J. Spiller,NYJ,RB,9822,weighted,,,,,,,2.48739155581261,1.37195057438709,0.0,0.0,0.0,0.0,0.0,0.0,0.0,0.0,0.462082128397918,0.265466875348437,4.96471949103528,4.33365200309114,0.0259385149263692,0.0430154688234634,,,,,,,,,,,,,,,,,,,,,,,,,,,,,,,,,2010.0,1987-08-15,,,,12
Juwan Thompson,DEN,RB,11937,weighted,,,,,,,3.1169757489301,2.08095091091353,0.0,0.0,0.0,0.0,0.0,0.0,0.0,0.0,0.0746611982881598,0.0978065620124843,1.11355206847361,1.0732958447163,0.0,0.0,,,,,,,,,,,,,,,,,,,,,,,,,,,,,,,,,2014.0,1992-05-13,,,,12
Andy Janovich,DEN,RB,12806,weighted,,,,,,,2.35760555234239,1.32796430644888,0.020824105291371,0.0442011845404819,0.0,0.0,0.0,0.0,0.0,0.0,0.289415847310584,0.195639517507,2.76338924233661,2.09800645975134,0.0,0.0,,,,,,,,,,,,,,,,,,,,,,,,,,,,,,,,,2016.0,1993-05-23,,,,12
Malcolm Brown,LA,RB,12386,weighted,,,,,,,1.99016772700983,1.24435353427475,0.0,0.0,0.0,0.0,0.0,0.0,0.0,0.0,0.0729438982070561,0.0826170978248475,1.05332562174667,1.10867897264158,0.0,0.0,,,,,,,,,,,,,,,,,,,,,,,,,,,,,,,,,2015.0,1993-05-15,,,,12
John Kuhn,NO,RB,8590,weighted,,,,,,,2.98276460381724,0.897220743999439,0.113062785168048,0.112835736683541,0.0,0.0,0.0,0.0,0.0,0.0,0.848502024291498,0.178070007373193,4.65991902834008,1.24109029938479,0.047429599640126,0.0503277044295393,,,,,,,,,,,,,,,,,,,,,,,,,,,,,,,,,2006.0,1982-09-09,,,,12
Travaris Cadet,NO,RB,10978,weighted,,,,,,,2.16034702139965,1.0081464420978,0.0219589662415147,0.043764047576823,0.0294100636205899,0.0413021445725596,0.0,0.0,0.0,0.0,1.23161364950839,0.59611322650191,9.03996529786003,3.75047724156613,0.0450034991483445,0.0508018587718029,,,,,,,,,,,,,,,,,,,,,,,,,,,,,,,,,2012.0,1989-02-01,Q,Toe,2016.0,12
Stepfan Taylor,ARI,RB,11176,weighted,,,,,,,1.51122035858878,1.35780015762701,0.0,0.0,0.0,0.0,0.0,0.0,0.0,0.0,0.0729438982070561,0.0826170978248475,0.686928860613071,0.868312793878452,0.0,0.0,,,,,,,,,,,,,,,,,,,,,,,,,,,,,,,,,2013.0,1991-06-09,,,,12
Jordan Todman,IND,RB,10301,weighted,,,,,,,0.74893001735107,1.26636757932655,0.0,0.0,0.0,0.0,0.0,0.0,0.0,0.0,0.0275072296124928,0.0438731086961686,0.329554655870445,0.473625067339,0.0,0.0,,,,,,,,,,,,,,,,,,,,,,,,,,,,,,,,,2011.0,1990-02-24,,,,12
Darius Jackson,DAL,RB,12832,weighted,,,,,,,1.3235,1.31224605860906,0.0,0.0,0.0,0.0,0.0,0.0,0.0,0.0,0.0655535714285714,0.0492856501935705,0.531517857142857,0.405064127915097,0.0,0.0,,,,,,,,,,,,,,,,,,,,,,,,,,,,,,,,,2016.0,1993-12-01,O,Coach's Decision,2016.0,12
Will Johnson,NYG,RB,nfl_163982,weighted,,,,,,,0.586694101508916,0.919238815542512,0.0,0.0,0.0,0.0,0.0,0.0,0.0,0.0,0.0676954732510288,0.106066017177982,0.676954732510288,1.06066017177982,0.0,0.0,,,,,,,,,,,,,,,,,,,,,,,,,,,,,,,,,2011.0,1989-11-14,IR,Shoulder,2016.0,12
Zach Line,MIN,RB,11474,weighted,,,,,,,1.3235974551764,0.851203633854509,0.026524002313476,0.0432233869085454,0.0,0.0,0.0,0.0,0.0,0.0,0.118380566801619,0.162056616187494,1.76807403123193,2.73416916468282,0.0,0.0,,,,,,,,,,,,,,,,,,,,,,,,,,,,,,,,,2013.0,1990-04-26,,,,12
Corey Grant,JAC,RB,12402,weighted,,,,,,,0.566234817813765,0.913645427322206,0.0,0.0,0.0,0.0,0.0,0.0,0.0,0.0,0.141445922498554,0.114124820527738,0.872608444187391,0.696496127341042,0.0,0.0,,,,,,,,,,,,,,,,,,,,,,,,,,,,,,,,,,,,,,12
Lorenzo Taliaferro,BAL,RB,11809,weighted,,,,,,,0.902606310013717,1.41421356237309,0.0,0.0,0.0,0.0,0.0,0.0,0.0,0.0,0.0,0.0,0.0,0.0,0.0,0.0,,,,,,,,,,,,,,,,,,,,,,,,,,,,,,,,,2014.0,1991-12-23,D,Thigh,2016.0,12
George Atkinson,CLE,RB,11923,weighted,,,,,,,0.418392134181608,0.862123900674259,0.0,0.0,0.0,0.0,0.0,0.0,0.0,0.0,0.0076113360323886,0.0175684167122976,0.190283400809717,0.43921041780744,0.0,0.0,,,,,,,,,,,,,,,,,,,,,,,,,,,,,,,,,2014.0,1992-11-29,,,,12
Derek Watt,SD,RB,12823,weighted,,,,,,,0.643259629101284,0.944010706195867,0.0,0.0,0.0,0.0,0.0,0.0,0.0,0.0,0.427478601997147,0.188806835890808,3.94529243937232,3.72844441946951,0.0,0.0,,,,,,,,,,,,,,,,,,,,,,,,,,,,,,,,,2016.0,1992-11-07,,,,12
Jerome Felton,BUF,RB,9193,weighted,,,,,,,0.82774607703281,0.805066177447014,0.0293330955777461,0.0467143977596077,0.0,0.0,0.0,0.0,0.0,0.0,0.165335235378031,0.171666654157669,1.63202567760342,1.42174491386305,0.0,0.0,,,,,,,,,,,,,,,,,,,,,,,,,,,,,,,,,2008.0,1986-07-03,,,,12
Daryl Richardson,FA,RB,10924,weighted,,,,,,,0.878494623655914,1.34350288425444,0.0,0.0,0.0,0.0,0.0,0.0,0.0,0.0,0.0462365591397849,0.0707106781186548,0.36989247311828,0.565685424949238,0.0,0.0,,,,,,,,,,,,,,,,,,,,,,,,,,,,,,,,,2012.0,1990-04-12,O,Coach's Decision,2016.0,12
Tyler Ervin,HOU,RB,12639,weighted,,,,,,,0.176212980466289,0.321980419608336,0.0,0.0,0.0621928166351607,0.0595227550625738,0.0,0.0,0.0,0.0,0.0207309388783869,0.0378800493656866,0.134751102709515,0.246220320876963,0.0,0.0,,,,,,,,,,,,,,,,,,,,,,,,,,,,,,,,,2016.0,1993-10-07,O,Chest,2016.0,12
Cedric Peerman,CIN,RB,9616,weighted,,,,,,,0.338477366255144,0.530330085889911,0.0,0.0,0.0,0.0,0.0,0.0,0.0,0.0,0.0676954732510288,0.106066017177982,0.586694101508916,0.919238815542512,0.0,0.0,,,,,,,,,,,,,,,,,,,,,,,,,,,,,,,,,2009.0,1986-10-10,,,,12
Jay Prosch,HOU,RB,11851,weighted,,,,,,,1.04184529356943,0.460912486836936,0.0,0.0,0.0,0.0,0.0,0.0,0.0,0.0,0.0525007766387077,0.05223522304219,0.651848400124262,0.66881885452412,0.0,0.0,,,,,,,,,,,,,,,,,,,,,,,,,,,,,,,,,2014.0,1992-08-21,Q,Hamstring,2016.0,12
Roosevelt Nix,PIT,RB,4397,weighted,,,,,,,0.0,0.0,0.0,0.0,0.0,0.0,0.0,0.0,0.0,0.0,0.0,0.0,0.0924731182795699,0.14142135623731,0.0,0.0,,,,,,,,,,,,,,,,,,,,,,,,,,,,,,,,,,,,,,12
Anthony Sherman,KC,RB,10378,weighted,,,,,,,0.190283400809717,0.43921041780744,0.0,0.0,0.0,0.0,0.0,0.0,0.0,0.0,0.27652978600347,0.144560668007643,1.62498554077501,1.00905136564158,0.0,0.0,,,,,,,,,,,,,,,,,,,,,,,,,,,,,,,,,2011.0,1988-12-11,,,,12
James Develin,NE,RB,11101,weighted,,,,,,,0.14448586517552,0.188304279238675,0.0,0.0,0.0,0.0,0.0,0.0,0.0,0.0,0.0627213420316869,0.0593303919039577,0.56309412861137,0.54143810259973,0.0,0.0,,,,,,,,,,,,,,,,,,,,,,,,,,,,,,,,,2010.0,1988-07-23,,,,12
Patrick DiMarco,ATL,RB,11100,weighted,,,,,,,0.280520532099479,0.412911594447137,0.0,0.0,0.0,0.0,0.0,0.0,0.0,0.0,0.390121457489879,0.157123075904476,3.244997108155,1.60417203274101,0.0,0.0,,,,,,,,,,,,,,,,,,,,,,,,,,,,,,,,,2011.0,1989-04-30,,,,12
Chase Reynolds,LA,RB,11540,weighted,,,,,,,0.0,0.0,0.0,0.0,0.0,0.0,0.0,0.0,0.0,0.0,0.0,0.0,0.0,0.0,0.0,0.0,,,,,,,,,,,,,,,,,,,,,,,,,,,,,,,,,2012.0,1987-10-22,,,,12
Kyle Juszczyk,BAL,RB,11367,weighted,,,,,,,0.650144592249855,0.44840118240273,0.0,0.0,0.0,0.0,0.0,0.0,0.0,0.0,1.84904569115095,0.340213979701698,15.0468478889532,3.05980731627291,0.0760690032361859,0.0433718273176255,,,,,,,,,,,,,,,,,,,,,,,,,,,,,,,,,2013.0,1991-04-23,,,,12
Jalston Fowler,TEN,RB,12294,weighted,,,,,,,0.338676607642125,0.541990293503282,0.0,0.0,0.0,0.0,0.0,0.0,0.0,0.0,0.0525007766387077,0.05223522304219,0.565890027958993,0.544040130868715,0.0,0.0,,,,,,,,,,,,,,,,,,,,,,,,,,,,,,,,,,,,,,12
Michael Burton,DET,RB,12325,weighted,,,,,,,0.306616961789376,0.565749405196781,0.0,0.0,0.0,0.0,0.0,0.0,0.0,0.0,0.0525007766387077,0.05223522304219,0.741472506989748,1.04688667663023,0.0,0.0,,,,,,,,,,,,,,,,,,,,,,,,,,,,,,,,,2015.0,1992-02-01,,,,12
Marcus Murphy,NO,RB,12367,weighted,,,,,,,0.350962910128388,0.476239003393714,0.0,0.0,0.0,0.0,0.0,0.0,0.0,0.0,0.0362696148359486,0.0480114122967532,0.38188302425107,0.486583552575821,0.0,0.0,,,,,,,,,,,,,,,,,,,,,,,,,,,,,,,,,2015.0,1991-10-03,,,,12
Dan Vitale,CLE,RB,12822,weighted,,,,,,,0.306616961789376,0.565749405196781,0.0,0.0,0.0,0.0,0.0,0.0,0.0,0.0,0.0,0.0,0.919850885368127,1.69724821559034,0.0,0.0,,,,,,,,,,,,,,,,,,,,,,,,,,,,,,,,,2016.0,,,,,12
Taiwan Jones,OAK,RB,10368,weighted,,,,,,,0.0421362339514979,0.0516760032157694,0.0,0.0,0.0,0.0,0.0,0.0,0.0,0.0,0.0362696148359486,0.0480114122967532,0.417635520684736,0.570555023764084,0.0,0.0,,,,,,,,,,,,,,,,,,,,,,,,,,,,,,,,,2011.0,1988-07-26,,,,12
Chris Johnson,ARI,RB,9078,weighted,,,,,,,0.0,0.0,0.0,0.0,0.0,0.0,0.0,0.0,0.0,0.0,0.0,0.0,0.0,0.0,0.0,0.0,,,,,,,,,,,,,,,,,,,,,,,,,,,,,,,,,2008.0,1985-09-23,IR,Groin,2016.0,12
Darren McFadden,DAL,RB,9087,weighted,,,,,,,0.0,0.0,0.0,0.0,0.0,0.0,0.0,0.0,0.0,0.0,0.0,0.0,0.0,0.0,0.0,0.0,,,,,,,,,,,,,,,,,,,,,,,,,,,,,,,,,2008.0,1987-08-27,IR,Elbow,2016.0,12
Jamaal Charles,KC,RB,9054,weighted,,,,,,,0.0,0.0,0.0,0.0,0.0,0.0,0.0,0.0,0.0,0.0,0.0,0.0,0.0,0.0,0.0,0.0,,,,,,,,,,,,,,,,,,,,,,,,,,,,,,,,,2008.0,1986-12-27,IR,Knee,2016.0,12
Marcel Reece,FA,RB,9802,weighted,,,,,,,0.0,0.0,0.0,0.0,0.0,0.0,0.0,0.0,0.0,0.0,0.0,0.0,0.0,0.0,0.0,0.0,,,,,,,,,,,,,,,,,,,,,,,,,,,,,,,,,2008.0,1985-06-23,,,,12
Arian Foster,FA,RB,9690,weighted,,,,,,,0.0,0.0,0.0,0.0,0.0,0.0,0.0,0.0,0.0,0.0,0.0,0.0,0.0,0.0,0.0,0.0,,,,,,,,,,,,,,,,,,,,,,,,,,,,,,,,,2009.0,1986-08-24,,,,12
Joique Bell,FA,RB,10048,weighted,,,,,,,0.0,0.0,0.0,0.0,0.0,0.0,0.0,0.0,0.0,0.0,0.0,0.0,0.0,0.0,0.0,0.0,,,,,,,,,,,,,,,,,,,,,,,,,,,,,,,,,2010.0,1986-08-04,,,,12
Anthony Dixon,FA,RB,nfl_497172,weighted,,,,,,,0.0,0.0,0.0,0.0,0.0,0.0,0.0,0.0,0.0,0.0,0.0,0.0,0.0,0.0,0.0,0.0,,,,,,,,,,,,,,,,,,,,,,,,,,,,,,,,,2010.0,1987-09-24,,,,12
Toby Gerhart,FA,RB,nfl_497176,weighted,,,,,,,0.0,0.0,0.0,0.0,0.0,0.0,0.0,0.0,0.0,0.0,0.0,0.0,0.0,0.0,0.0,0.0,,,,,,,,,,,,,,,,,,,,,,,,,,,,,,,,,2010.0,1987-03-28,,,,12
Ryan Mathews,PHI,RB,9851,weighted,,,,,,,0.0,0.0,0.0,0.0,0.0,0.0,0.0,0.0,0.0,0.0,0.0,0.0,0.0,0.0,0.0,0.0,,,,,,,,,,,,,,,,,,,,,,,,,,,,,,,,,2010.0,1987-10-10,O,Knee,2016.0,12
Dexter McCluster,SD,RB,9856,weighted,,,,,,,0.0,0.0,0.0,0.0,0.0,0.0,0.0,0.0,0.0,0.0,0.0,0.0,0.0,0.0,0.0,0.0,,,,,,,,,,,,,,,,,,,,,,,,,,,,,,,,,2010.0,1988-08-25,IR,Forearm,2016.0,12
Roy Helu,FA,RB,10355,weighted,,,,,,,0.0,0.0,0.0,0.0,0.0,0.0,0.0,0.0,0.0,0.0,0.0,0.0,0.0,0.0,0.0,0.0,,,,,,,,,,,,,,,,,,,,,,,,,,,,,,,,,2011.0,1988-12-07,O,Hip,2016.0,12
Kendall Hunter,NO,RB,10305,weighted,,,,,,,0.0,0.0,0.0,0.0,0.0,0.0,0.0,0.0,0.0,0.0,0.0,0.0,0.0,0.0,0.0,0.0,,,,,,,,,,,,,,,,,,,,,,,,,,,,,,,,,2011.0,1988-09-16,,,,12
Bruce Miller,FA,RB,nfl_2495314,weighted,,,,,,,0.0,0.0,0.0,0.0,0.0,0.0,0.0,0.0,0.0,0.0,0.0,0.0,0.0,0.0,0.0,0.0,,,,,,,,,,,,,,,,,,,,,,,,,,,,,,,,,2011.0,1987-08-06,,,,12
Stevan Ridley,FA,RB,10334,weighted,,,,,,,0.0,0.0,0.0,0.0,0.0,0.0,0.0,0.0,0.0,0.0,0.0,0.0,0.0,0.0,0.0,0.0,,,,,,,,,,,,,,,,,,,,,,,,,,,,,,,,,2011.0,1989-01-27,,,,12
Ahmad Bradshaw,FA,RB,8917,weighted,,,,,,,0.0,0.0,0.0,0.0,0.0,0.0,0.0,0.0,0.0,0.0,0.0,0.0,0.0,0.0,0.0,0.0,,,,,,,,,,,,,,,,,,,,,,,,,,,,,,,,,2007.0,1986-03-19,,,,12
Marshawn Lynch,FA,RB,8670,weighted,,,,,,,0.0,0.0,0.0,0.0,0.0,0.0,0.0,0.0,0.0,0.0,0.0,0.0,0.0,0.0,0.0,0.0,,,,,,,,,,,,,,,,,,,,,,,,,,,,,,,,,2007.0,1986-04-22,,,,12
DeAngelo Williams,PIT,RB,8268,weighted,,,,,,,0.0,,0.0,,0.0,,0.0,,0.0,,0.0,,0.0,,0.0,,,,,,,,,,,,,,,,,,,,,,,,,,,,,,,,,,2006.0,1983-04-25,O,Knee,2016.0,12
Fred Jackson,FA,RB,8934,weighted,,,,,,,0.0,0.0,0.0,0.0,0.0,0.0,0.0,0.0,0.0,0.0,0.0,0.0,0.0,0.0,0.0,0.0,,,,,,,,,,,,,,,,,,,,,,,,,,,,,,,,,2006.0,1981-02-20,,,,12
Adrian Peterson,MIN,RB,8658,weighted,,,,,,,0.0,0.0,0.0,0.0,0.0,0.0,0.0,0.0,0.0,0.0,0.0,0.0,0.0,0.0,0.0,0.0,,,,,,,,,,,,,,,,,,,,,,,,,,,,,,,,,2007.0,1985-03-21,IR,Knee - Meniscus,2016.0,12
Donald Brown,FA,RB,nfl_2507779,weighted,,,,,,,0.0,0.0,0.0,0.0,0.0,0.0,0.0,0.0,0.0,0.0,0.0,0.0,0.0,0.0,0.0,0.0,,,,,,,,,,,,,,,,,,,,,,,,,,,,,,,,,2009.0,1987-04-11,Q,Hamstring,2016.0,12
Tyler Clutts,FA,RB,nfl_2508096,weighted,,,,,,,0.0,0.0,0.0,0.0,0.0,0.0,0.0,0.0,0.0,0.0,0.0,0.0,0.0,0.0,0.0,0.0,,,,,,,,,,,,,,,,,,,,,,,,,,,,,,,,,2010.0,1984-11-09,,,,12
Robert Hughes,FA,RB,nfl_2530516,weighted,,,,,,,0.0,0.0,0.0,0.0,0.0,0.0,0.0,0.0,0.0,0.0,0.0,0.0,0.0,0.0,0.0,0.0,,,,,,,,,,,,,,,,,,,,,,,,,,,,,,,,,2011.0,1989-06-21,,,,12
Cyrus Gray,ATL,RB,nfl_2532851,weighted,,,,,,,0.0,0.0,0.0,0.0,0.0,0.0,0.0,0.0,0.0,0.0,0.0,0.0,0.0,0.0,0.0,0.0,,,,,,,,,,,,,,,,,,,,,,,,,,,,,,,,,2012.0,1989-11-18,Q,Undisclosed,2016.0,12
Dan Herron,FA,RB,nfl_2532864,weighted,,,,,,,0.0,0.0,0.0,0.0,0.0,0.0,0.0,0.0,0.0,0.0,0.0,0.0,0.0,0.0,0.0,0.0,,,,,,,,,,,,,,,,,,,,,,,,,,,,,,,,,2012.0,1989-03-21,,,,12
Isaiah Pead,FA,RB,10718,weighted,,,,,,,0.0,0.0,0.0,0.0,0.0,0.0,0.0,0.0,0.0,0.0,0.0,0.0,0.0,0.0,0.0,0.0,,,,,,,,,,,,,,,,,,,,,,,,,,,,,,,,,2012.0,1989-12-14,,,,12
Vick Ballard,FA,RB,nfl_2533012,weighted,,,,,,,0.0,0.0,0.0,0.0,0.0,0.0,0.0,0.0,0.0,0.0,0.0,0.0,0.0,0.0,0.0,0.0,,,,,,,,,,,,,,,,,,,,,,,,,,,,,,,,,2012.0,1990-07-16,,,,12
Jonas Gray,FA,RB,11332,weighted,,,,,,,0.0,0.0,0.0,0.0,0.0,0.0,0.0,0.0,0.0,0.0,0.0,0.0,0.0,0.0,0.0,0.0,,,,,,,,,,,,,,,,,,,,,,,,,,,,,,,,,2012.0,1990-06-27,Q,Quadriceps,2016.0,12
Chris Polk,HOU,RB,10710,weighted,,,,,,,0.0,0.0,0.0,0.0,0.0,0.0,0.0,0.0,0.0,0.0,0.0,0.0,0.0,0.0,0.0,0.0,,,,,,,,,,,,,,,,,,,,,,,,,,,,,,,,,2012.0,1989-12-16,,,,12
Bernard Pierce,FA,RB,10713,weighted,,,,,,,0.0,0.0,0.0,0.0,0.0,0.0,0.0,0.0,0.0,0.0,0.0,0.0,0.0,0.0,0.0,0.0,,,,,,,,,,,,,,,,,,,,,,,,,,,,,,,,,2012.0,1991-05-10,S,Suspension,2016.0,12
Austin Johnson,FA,RB,nfl_2534437,weighted,,,,,,,0.0,0.0,0.0,0.0,0.0,0.0,0.0,0.0,0.0,0.0,0.0,0.0,0.0,0.0,0.0,0.0,,,,,,,,,,,,,,,,,,,,,,,,,,,,,,,,,2013.0,1989-06-16,Q,Knee,2016.0,12
Bryce Brown,FA,RB,10905,weighted,,,,,,,0.0,0.0,0.0,0.0,0.0,0.0,0.0,0.0,0.0,0.0,0.0,0.0,0.0,0.0,0.0,0.0,,,,,,,,,,,,,,,,,,,,,,,,,,,,,,,,,2012.0,1991-05-14,,,,12
Joe Banyard,JAC,RB,11614,weighted,,,,,,,0.0,0.0,0.0,0.0,0.0,0.0,0.0,0.0,0.0,0.0,0.0,0.0,0.0,0.0,0.0,0.0,,,,,,,,,,,,,,,,,,,,,,,,,,,,,,,,,2012.0,1988-11-22,,,,12
Montee Ball,FA,RB,nfl_2539341,weighted,,,,,,,0.0,0.0,0.0,0.0,0.0,0.0,0.0,0.0,0.0,0.0,0.0,0.0,0.0,0.0,0.0,0.0,,,,,,,,,,,,,,,,,,,,,,,,,,,,,,,,,2013.0,1990-12-05,,,,12
Giovani Bernard,CIN,RB,11193,weighted,,,,,,,0.0,0.0,0.0,0.0,0.0,0.0,0.0,0.0,0.0,0.0,0.0,0.0,0.0,0.0,0.0,0.0,,,,,,,,,,,,,,,,,,,,,,,,,,,,,,,,,2013.0,1991-11-22,IR,Knee - ACL,2016.0,12
Eddie Lacy,GB,RB,11201,weighted,,,,,,,0.0,0.0,0.0,0.0,0.0,0.0,0.0,0.0,0.0,0.0,0.0,0.0,0.0,0.0,0.0,0.0,,,,,,,,,,,,,,,,,,,,,,,,,,,,,,,,,2013.0,1991-01-01,IR,Ankle,2016.0,12
Tommy Bohanon,FA,RB,11408,weighted,,,,,,,0.0,0.0,0.0,0.0,0.0,0.0,0.0,0.0,0.0,0.0,0.0,0.0,0.0,0.0,0.0,0.0,,,,,,,,,,,,,,,,,,,,,,,,,,,,,,,,,2013.0,1990-09-10,,,,12
C.J. Anderson,DEN,RB,11454,weighted,,,,,,,0.0,0.0,0.0,0.0,0.0,0.0,0.0,0.0,0.0,0.0,0.0,0.0,0.0,0.0,0.0,0.0,,,,,,,,,,,,,,,,,,,,,,,,,,,,,,,,,2013.0,1991-02-10,IR,Knee,2016.0,12
Kendall Gaskins,FA,RB,nfl_2541778,weighted,,,,,,,0.0,0.0,0.0,0.0,0.0,0.0,0.0,0.0,0.0,0.0,0.0,0.0,0.0,0.0,0.0,0.0,,,,,,,,,,,,,,,,,,,,,,,,,,,,,,,,,2013.0,1990-11-04,,,,12
George Winn,FA,RB,nfl_2541910,weighted,,,,,,,0.0,0.0,0.0,0.0,0.0,0.0,0.0,0.0,0.0,0.0,0.0,0.0,0.0,0.0,0.0,0.0,,,,,,,,,,,,,,,,,,,,,,,,,,,,,,,,,2013.0,1990-11-10,,,,12
Khiry Robinson,FA,RB,11466,weighted,,,,,,,0.0,0.0,0.0,0.0,0.0,0.0,0.0,0.0,0.0,0.0,0.0,0.0,0.0,0.0,0.0,0.0,,,,,,,,,,,,,,,,,,,,,,,,,,,,,,,,,2013.0,1989-12-28,Q,Lower Leg,2016.0,12
Tre Mason,LA,RB,11650,weighted,,,,,,,0.0,0.0,0.0,0.0,0.0,0.0,0.0,0.0,0.0,0.0,0.0,0.0,0.0,0.0,0.0,0.0,,,,,,,,,,,,,,,,,,,,,,,,,,,,,,,,,2014.0,1993-08-06,O,Personal,2016.0,12
Andre Williams,FA,RB,11658,weighted,,,,,,,0.0,0.0,0.0,0.0,0.0,0.0,0.0,0.0,0.0,0.0,0.0,0.0,0.0,0.0,0.0,0.0,,,,,,,,,,,,,,,,,,,,,,,,,,,,,,,,,2014.0,1992-08-28,,,,12
Storm Johnson,FA,RB,11663,weighted,,,,,,,0.0,0.0,0.0,0.0,0.0,0.0,0.0,0.0,0.0,0.0,0.0,0.0,0.0,0.0,0.0,0.0,,,,,,,,,,,,,,,,,,,,,,,,,,,,,,,,,2014.0,1992-07-17,,,,12
Dri Archer,BUF,RB,11784,weighted,,,,,,,0.0,0.0,0.0,0.0,0.0,0.0,0.0,0.0,0.0,0.0,0.0,0.0,0.0,0.0,0.0,0.0,,,,,,,,,,,,,,,,,,,,,,,,,,,,,,,,,2014.0,1991-08-09,,,,12
Tyler Gaffney,FA,RB,11661,weighted,,,,,,,0.0,0.0,0.0,0.0,0.0,0.0,0.0,0.0,0.0,0.0,0.0,0.0,0.0,0.0,0.0,0.0,,,,,,,,,,,,,,,,,,,,,,,,,,,,,,,,,2014.0,1991-04-20,,,,12
Bishop Sankey,FA,RB,11653,weighted,,,,,,,0.0,0.0,0.0,0.0,0.0,0.0,0.0,0.0,0.0,0.0,0.0,0.0,0.0,0.0,0.0,0.0,,,,,,,,,,,,,,,,,,,,,,,,,,,,,,,,,2014.0,1992-09-15,,,,12
Marion Grice,FA,RB,nfl_2543690,weighted,,,,,,,0.0,0.0,0.0,0.0,0.0,0.0,0.0,0.0,0.0,0.0,0.0,0.0,0.0,0.0,0.0,0.0,,,,,,,,,,,,,,,,,,,,,,,,,,,,,,,,,2014.0,1992-07-19,,,,12
Rajion Neal,CLE,RB,nfl_2550233,weighted,,,,,,,0.0,0.0,0.0,0.0,0.0,0.0,0.0,0.0,0.0,0.0,0.0,0.0,0.0,0.0,0.0,0.0,,,,,,,,,,,,,,,,,,,,,,,,,,,,,,,,,2014.0,1992-03-28,IR,Knee,2016.0,12
Silas Redd,WAS,RB,nfl_2550529,weighted,,,,,,,0.0,0.0,0.0,0.0,0.0,0.0,0.0,0.0,0.0,0.0,0.0,0.0,0.0,0.0,0.0,0.0,,,,,,,,,,,,,,,,,,,,,,,,,,,,,,,,,2014.0,1992-03-01,S,Suspension,2016.0,12
Darrin Reaves,FA,RB,nfl_2550596,weighted,,,,,,,0.0,0.0,0.0,0.0,0.0,0.0,0.0,0.0,0.0,0.0,0.0,0.0,0.0,0.0,0.0,0.0,,,,,,,,,,,,,,,,,,,,,,,,,,,,,,,,,2014.0,1993-04-17,,,,12
Branden Oliver,SD,RB,11941,weighted,,,,,,,0.0,0.0,0.0,0.0,0.0,0.0,0.0,0.0,0.0,0.0,0.0,0.0,0.0,0.0,0.0,0.0,,,,,,,,,,,,,,,,,,,,,,,,,,,,,,,,,2014.0,1991-05-07,IR,Achilles,2016.0,12
Glenn Winston,CLE,RB,nfl_2551357,weighted,,,,,,,0.0,,0.0,,0.0,,0.0,,0.0,,0.0,,0.0,,0.0,,,,,,,,,,,,,,,,,,,,,,,,,,,,,,,,,,2014.0,1989-04-29,IR,Shoulder,2016.0,12
Ameer Abdullah,DET,RB,12155,weighted,,,,,,,0.0,0.0,0.0,0.0,0.0,0.0,0.0,0.0,0.0,0.0,0.0,0.0,0.0,0.0,0.0,0.0,,,,,,,,,,,,,,,,,,,,,,,,,,,,,,,,,2015.0,1993-06-13,IR,Foot,2016.0,12
David Cobb,FA,RB,12158,weighted,,,,,,,0.0,0.0,0.0,0.0,0.0,0.0,0.0,0.0,0.0,0.0,0.0,0.0,0.0,0.0,0.0,0.0,,,,,,,,,,,,,,,,,,,,,,,,,,,,,,,,,2015.0,1993-06-03,,,,12
Terrence Magee,BAL,RB,12166,weighted,,,,,,,0.0,0.0,0.0,0.0,0.0,0.0,0.0,0.0,0.0,0.0,0.0,0.0,0.0,0.0,0.0,0.0,,,,,,,,,,,,,,,,,,,,,,,,,,,,,,,,,2015.0,1993-03-16,,,,12
Kenny Hilliard,FA,RB,nfl_2552476,weighted,,,,,,,0.0,0.0,0.0,0.0,0.0,0.0,0.0,0.0,0.0,0.0,0.0,0.0,0.0,0.0,0.0,0.0,,,,,,,,,,,,,,,,,,,,,,,,,,,,,,,,,2015.0,1991-10-31,,,,12
Joey Iosefa,FA,RB,nfl_2552634,weighted,,,,,,,0.0,0.0,0.0,0.0,0.0,0.0,0.0,0.0,0.0,0.0,0.0,0.0,0.0,0.0,0.0,0.0,,,,,,,,,,,,,,,,,,,,,,,,,,,,,,,,,,,,,,12
Jarryd Hayne,FA,RB,nfl_2553117,weighted,,,,,,,0.0,0.0,0.0,0.0,0.0,0.0,0.0,0.0,0.0,0.0,0.0,0.0,0.0,0.0,0.0,0.0,,,,,,,,,,,,,,,,,,,,,,,,,,,,,,,,,2015.0,1988-02-15,,,,12
John Crockett,GB,RB,12388,weighted,,,,,,,0.0,0.0,0.0,0.0,0.0,0.0,0.0,0.0,0.0,0.0,0.0,0.0,0.0,0.0,0.0,0.0,,,,,,,,,,,,,,,,,,,,,,,,,,,,,,,,,2015.0,1992-02-16,IR,Shoulder,2016.0,12
Gus Johnson,FA,RB,12406,weighted,,,,,,,0.0,0.0,0.0,0.0,0.0,0.0,0.0,0.0,0.0,0.0,0.0,0.0,0.0,0.0,0.0,0.0,,,,,,,,,,,,,,,,,,,,,,,,,,,,,,,,,2015.0,1993-08-10,,,,12
Raheem Mostert,FA,RB,12447,weighted,,,,,,,0.0,0.0,0.0,0.0,0.0,0.0,0.0,0.0,0.0,0.0,0.0,0.0,0.0,0.0,0.0,0.0,,,,,,,,,,,,,,,,,,,,,,,,,,,,,,,,,,,,,,12
Jahwan Edwards,SD,RB,nfl_2553879,weighted,,,,,,,0.0,0.0,0.0,0.0,0.0,0.0,0.0,0.0,0.0,0.0,0.0,0.0,0.0,0.0,0.0,0.0,,,,,,,,,,,,,,,,,,,,,,,,,,,,,,,,,2015.0,1992-07-27,,,,12
Daniel Lasco,NO,RB,12846,weighted,,,,,,,0.0,0.0,0.0,0.0,0.0,0.0,0.0,0.0,0.0,0.0,0.0,0.0,0.0,0.0,0.0,0.0,,,,,,,,,,,,,,,,,,,,,,,,,,,,,,,,,2016.0,1992-10-09,O,Hamstring,2016.0,12
C.J. Prosise,SEA,RB,12627,weighted,,,,,,,0.0,0.0,0.0,0.0,0.0,0.0,0.0,0.0,0.0,0.0,0.0,0.0,0.0,0.0,0.0,0.0,,,,,,,,,,,,,,,,,,,,,,,,,,,,,,,,,2016.0,1994-05-20,O,Shoulder,2016.0,12
Keith Marshall,WAS,RB,12643,weighted,,,,,,,0.0,0.0,0.0,0.0,0.0,0.0,0.0,0.0,0.0,0.0,0.0,0.0,0.0,0.0,0.0,0.0,,,,,,,,,,,,,,,,,,,,,,,,,,,,,,,,,2016.0,1994-02-16,IR,Elbow,2016.0,12
Zac Brooks,FA,RB,12852,weighted,,,,,,,0.0,0.0,0.0,0.0,0.0,0.0,0.0,0.0,0.0,0.0,0.0,0.0,0.0,0.0,0.0,0.0,,,,,,,,,,,,,,,,,,,,,,,,,,,,,,,,,2016.0,1993-02-01,,,,12
Brandon Wilds,FA,RB,12867,weighted,,,,,,,0.0,0.0,0.0,0.0,0.0,0.0,0.0,0.0,0.0,0.0,0.0,0.0,0.0,0.0,0.0,0.0,,,,,,,,,,,,,,,,,,,,,,,,,,,,,,,,,2016.0,1993-07-22,Q,Knee,2016.0,12
Marshaun Coprich,FA,RB,12858,weighted,,,,,,,0.0,0.0,0.0,0.0,0.0,0.0,0.0,0.0,0.0,0.0,0.0,0.0,0.0,0.0,0.0,0.0,,,,,,,,,,,,,,,,,,,,,,,,,,,,,,,,,2016.0,1994-08-10,,,,12
Aaron Green,FA,RB,12641,weighted,,,,,,,0.0,0.0,0.0,0.0,0.0,0.0,0.0,0.0,0.0,0.0,0.0,0.0,0.0,0.0,0.0,0.0,,,,,,,,,,,,,,,,,,,,,,,,,,,,,,,,,2016.0,1992-10-15,,,,12
Glenn Gronkowski,FA,RB,12905,weighted,,,,,,,0.0,0.0,0.0,0.0,0.0,0.0,0.0,0.0,0.0,0.0,0.0,0.0,0.0,0.0,0.0,0.0,,,,,,,,,,,,,,,,,,,,,,,,,,,,,,,,,2016.0,1993-03-25,,,,12
Russell Hansbrough,TB,RB,13019,weighted,,,,,,,0.0,0.0,0.0,0.0,0.0,0.0,0.0,0.0,0.0,0.0,0.0,0.0,0.0,0.0,0.0,0.0,,,,,,,,,,,,,,,,,,,,,,,,,,,,,,,,,2016.0,1993-11-19,,,,12
Don Jackson,GB,RB,13021,weighted,,,,,,,0.0,0.0,0.0,0.0,0.0,0.0,0.0,0.0,0.0,0.0,0.0,0.0,0.0,0.0,0.0,0.0,,,,,,,,,,,,,,,,,,,,,,,,,,,,,,,,,2016.0,1993-09-07,IR,Knee,2016.0,12
Tre Madden,SEA,RB,12644,weighted,,,,,,,0.0,0.0,0.0,0.0,0.0,0.0,0.0,0.0,0.0,0.0,0.0,0.0,0.0,0.0,0.0,0.0,,,,,,,,,,,,,,,,,,,,,,,,,,,,,,,,,2016.0,1993-08-16,IR,Undisclosed,2016.0,12
Devon Johnson,CAR,RB,12869,weighted,,,,,,,0.0,0.0,0.0,0.0,0.0,0.0,0.0,0.0,0.0,0.0,0.0,0.0,0.0,0.0,0.0,0.0,,,,,,,,,,,,,,,,,,,,,,,,,,,,,,,,,2016.0,1993-07-28,IR,Undisclosed,2016.0,12
Antonio Brown,PIT,WR,9988,weighted,,,,,,,2.25076850094877,0.975205496516197,0.0,0.0,0.0746489563567362,0.0364432712252832,0.0,0.0,0.0,0.0,8.55185009487666,0.769456863970146,105.328083491461,13.456053784812,0.71601332130075,0.157687202274366,,,,,,,,,,,,,,,,,,,,,,,,,,,,,,,,,2010.0,1988-07-10,,,,12
Odell Beckham,NYG,WR,11679,weighted,,,,,,,0.0764800759013283,0.109112506218642,0.0,0.0,0.0711859582542694,0.0389721635311675,0.0,0.0,0.0,0.0,6.34184060721063,0.461563040785551,88.7225332068311,9.86794483863848,0.730614257503867,0.171913893985627,,,,,,,,,,,,,,,,,,,,,,,,,,,,,,,,,2014.0,1992-11-05,,,,12
Amari Cooper,OAK,WR,12175,weighted,,,,,,,0.541579696394687,0.552933830177995,0.0,0.0,0.0,0.0,0.0,0.0,0.0,0.0,6.16408918406072,0.524691617684537,81.6158918406072,10.8145766956073,0.655075901328273,0.279460731404729,,,,,,,,,,,,,,,,,,,,,,,,,,,,,,,,,2015.0,1994-06-18,,,,12
Mike Evans,TB,WR,11671,weighted,,,,,,,0.0,0.0,0.0,0.0,0.0,0.0,0.0,0.0,0.0,0.0,5.8904174573055,0.218375470722882,84.2945445920304,5.41913757444294,0.686100569259962,0.255695186548466,,,,,,,,,,,,,,,,,,,,,,,,,,,,,,,,,2014.0,1993-08-21,,,,12
Julian Edelman,NE,WR,9662,weighted,,,,,,,2.84160341555977,1.16668560596833,0.0,0.0,0.127810721062619,0.0361108090229144,0.0,0.0,0.0,0.0,6.63307242251739,1.23723420017678,67.2387096774194,13.4217814098269,0.526070395005692,0.254358151890714,,,,,,,,,,,,,,,,,,,,,,,,,,,,,,,,,2009.0,1986-05-22,Q,Foot,2016.0,12
Julio Jones,ATL,WR,10271,weighted,,,,,,,0.0598861480075901,0.0657690267894198,0.0,0.0,0.0484914611005693,0.0397811088302668,0.0,0.0,0.0,0.0,5.90597722960152,0.422156107012469,86.1796963946869,3.51432206804265,0.57705134823528,0.238183846204911,,,,,,,,,,,,,,,,,,,,,,,,,,,,,,,,,2011.0,1989-02-03,,,,12
Larry Fitzgerald,ARI,WR,7393,weighted,,,,,,,0.0809297912713473,0.0747139837796541,0.0,0.0,0.0746489563567362,0.0364432712252832,0.0,0.0,0.0,0.0,7.24900379506641,0.36029882172898,74.8785578747628,6.81506794954514,0.573401646636331,0.222271558919162,,,,,,,,,,,,,,,,,,,,,,,,,,,,,,,,,2004.0,1983-08-31,,,,12
Doug Baldwin,SEA,WR,10527,weighted,,,,,,,-0.055977229601518,0.0720390789596626,0.0,0.0,0.0312737191650854,0.0383958171379131,0.0,0.0,0.0,0.0,5.60234029095509,0.84289219259826,72.0554079696395,8.15522931069467,0.592685277511966,0.251699763256864,,,,,,,,,,,,,,,,,,,,,,,,,,,,,,,,,2011.0,1988-09-21,,,,12
Brandin Cooks,NO,WR,11674,weighted,,,,,,,2.27616223908918,0.763424006256883,0.0,0.0,0.0484914611005693,0.0397811088302668,0.0,0.0,0.0,0.0,5.16954459203036,0.443732622055116,68.5766129032258,9.78638290663658,0.63600569259962,0.287227275652585,,,,,,,,,,,,,,,,,,,,,,,,,,,,,,,,,2014.0,1993-09-25,,,,12
T.Y. Hilton,IND,WR,10729,weighted,,,,,,,0.53811669829222,0.501363125869589,0.0,0.0,0.0,0.0,0.0,0.0,0.0,0.0,5.22481024667932,0.560238943958687,75.0607210626186,6.83810947545675,0.408870967741935,0.328762613895199,,,,,,,,,,,,,,,,,,,,,,,,,,,,,,,,,2012.0,1989-11-14,,,,12
Allen Robinson,JAC,WR,11678,weighted,,,,,,,0.0,0.0,0.0,0.0,0.0196774193548387,0.0219201966195944,0.0,0.0,0.0,0.0,5.06067362428842,0.172424047659252,68.7626185958254,5.1729110098964,0.574179341931595,0.221970297661095,,,,,,,,,,,,,,,,,,,,,,,,,,,,,,,,,2014.0,1993-08-24,,,,12
Jordan Matthews,PHI,WR,11676,weighted,,,,,,,0.231527514231499,0.37823978760829,0.0,0.0,0.0,0.0,0.0,0.0,0.0,0.0,5.50452245414295,0.444601020613499,68.476944971537,10.2863781558135,0.672106261859583,0.270700039513991,,,,,,,,,,,,,,,,,,,,,,,,,,,,,,,,,2014.0,1992-07-16,,,,12
Jordy Nelson,GB,WR,9118,weighted,,,,,,,0.12746679316888,0.18185417703107,0.0,0.0,0.1,0.0,0.0,0.0,0.0,0.0,5.66181214421252,0.599375542855441,72.3670777988615,8.03721574398515,0.714563567362429,0.234315174560327,,,,,,,,,,,,,,,,,,,,,,,,,,,,,,,,,2008.0,1985-05-31,,,,12
Dez Bryant,DAL,WR,9823,weighted,,,,,,,0.0,0.0,0.0,0.0,0.0,0.0,0.0,0.0,0.0,0.0,4.97602783048703,1.02017117248462,68.4126660341556,7.86055685449905,0.655406741154163,0.192394395714742,,,,,,,,,,,,,,,,,,,,,,,,,,,,,,,,,2010.0,1988-11-04,,,,12
Brandon Marshall,NYJ,WR,8360,weighted,,,,,,,0.0,0.0,0.0,0.0,0.0541650853889943,0.0395528325134232,0.0,0.0,0.0,0.0,5.31361480075901,0.664311291784246,66.8954459203036,8.43289710519501,0.479605326776158,0.272173215300094,,,,,,,,,,,,,,,,,,,,,,,,,,,,,,,,,2006.0,1984-03-23,,,,12
Kelvin Benjamin,CAR,WR,11673,weighted,,,,,,,0.101973434535104,0.145483341624856,0.0,0.0,0.0711859582542694,0.0389721635311675,0.0,0.0,0.0,0.0,4.99478178368121,0.6060433563188,66.8474857685009,8.13725562223168,0.348073159060439,0.200995896221726,,,,,,,,,,,,,,,,,,,,,,,,,,,,,,,,,2014.0,1991-02-05,,,,12
Tyrell Williams,SD,WR,12391,weighted,,,,,,,0.0,0.0,0.0,0.0,0.0,0.0,0.0,0.0,0.0,0.0,4.38834598355471,0.866196173395391,61.0788425047438,12.3074165765113,0.549905123339658,0.358333412041693,,,,,,,,,,,,,,,,,,,,,,,,,,,,,,,,,,,,,,12
Emmanuel Sanders,DEN,WR,9918,weighted,,,,,,,0.639592030360531,0.557350629046281,0.0,0.0,0.0,0.0,0.0,0.0,0.0,0.0,5.08946869070209,0.178570563764838,66.7546963946869,5.30174931975018,0.25901123613544,0.141362826999293,,,,,,,,,,,,,,,,,,,,,,,,,,,,,,,,,2010.0,1987-03-17,,,,12
Demaryius Thomas,DEN,WR,9884,weighted,,,,,,,0.224667931688805,0.37863394536567,0.0,0.0,0.128617172675522,0.0366907556798132,0.0,0.0,0.0,0.0,5.56800284629981,0.343382698501735,68.9872865275142,4.5474177159871,0.517301098555718,0.248840205017111,,,,,,,,,,,,,,,,,,,,,,,,,,,,,,,,,2010.0,1987-12-25,,,,12
Steve Smith,BAL,WR,4974,weighted,,,,,,,0.0,0.0,0.0,0.0,0.0,0.0,0.0,0.0,0.0,0.0,5.198055028463,0.473464795690523,64.584724857685,6.48141315478589,0.51949715370019,0.376468558704584,,,,,,,,,,,,,,,,,,,,,,,,,,,,,,,,,2001.0,1979-05-12,,,,12
Terrelle Pryor,CLE,WR,10500,weighted,,,,,,,1.94063092979127,1.08238243095944,0.0,0.0,0.0484914611005693,0.0397811088302668,0.0,0.0,0.0,0.0,5.1003320683112,0.63381413092211,61.9831119544592,8.03768534452252,0.550711574952562,0.352268465825678,,,,,,,,,,,,,,,,,,,,,,,,,,,,,,,,,2011.0,1989-06-20,,,,12
DeAndre Hopkins,HOU,WR,11232,weighted,,,,,,,0.213235294117647,0.379923983391211,0.0,0.0,0.0,0.0,0.0,0.0,0.0,0.0,5.39554079696395,0.347615140909104,67.5202087286528,4.43546029736265,0.617836812144212,0.300373401171773,,,,,,,,,,,,,,,,,,,,,,,,,,,,,,,,,2013.0,1992-06-06,,,,12
DeSean Jackson,WAS,WR,9075,weighted,,,,,,,0.14938330170778,0.146194878226486,0.0,0.0,0.0,0.0,0.0,0.0,0.0,0.0,3.86852466793169,0.353991686471587,55.8393738140417,11.0188829213354,0.434522712814668,0.297706566002123,,,,,,,,,,,,,,,,,,,,,,,,,,,,,,,,,2008.0,1986-12-01,,,,12
DeVante Parker,MIA,WR,12176,weighted,,,,,,,0.0,0.0,0.0,0.0,0.0,0.0,0.0,0.0,0.0,0.0,4.26984503478811,0.669284305345745,58.9209203036053,7.81036659932656,0.483416538930643,0.271390047646886,,,,,,,,,,,,,,,,,,,,,,,,,,,,,,,,,2015.0,1993-01-20,,,,12
Michael Crabtree,OAK,WR,9427,weighted,,,,,,,0.0374288425047438,0.0411056417433874,0.0,0.0,0.0,0.0,0.0,0.0,0.0,0.0,5.12830487033523,0.246066496173241,59.0284629981025,7.07399305976139,0.61027421614458,0.212642196511856,,,,,,,,,,,,,,,,,,,,,,,,,,,,,,,,,2009.0,1987-09-14,Q,Ankle,2016.0,12
Golden Tate,DET,WR,9831,weighted,,,,,,,2.40092030360531,0.90674220758909,0.0,0.0,0.1,0.0,0.0,0.0,0.0,0.0,5.62457305502846,0.381849260789085,57.6744307400379,8.17934747090047,0.43754764498185,0.296632437349071,,,,,,,,,,,,,,,,,,,,,,,,,,,,,,,,,2010.0,1988-08-02,,,,12
Rishard Matthews,TEN,WR,10903,weighted,,,,,,,0.247039848197343,0.368794357110414,0.0,0.0,0.0,0.0,0.0,0.0,0.0,0.0,4.52921410499684,0.553808977504904,59.310009487666,7.70022874604431,0.651518026565465,0.281077003675467,,,,,,,,,,,,,,,,,,,,,,,,,,,,,,,,,2012.0,1989-10-12,,,,12
Davante Adams,GB,WR,11675,weighted,,,,,,,0.224667931688805,0.37863394536567,0.0,0.0,0.040915559772296,0.0377756809070412,0.0,0.0,0.0,0.0,4.45121758380772,0.509058205083271,54.4754743833017,10.9996350960378,0.484188715980676,0.273005546824057,,,,,,,,,,,,,,,,,,,,,,,,,,,,,,,,,2014.0,1992-12-24,,,,12
Jamison Crowder,WAS,WR,12184,weighted,,,,,,,1.16053130929791,0.808123920588857,0.0,0.0,0.0312737191650854,0.0383958171379131,0.0,0.0,0.0,0.0,5.58704933586338,0.963745476437933,59.8082542694497,9.20964299233903,0.306773461393848,0.195342211208193,,,,,,,,,,,,,,,,,,,,,,,,,,,,,,,,,2015.0,1993-06-17,,,,12
Tyreek Hill,KC,WR,12801,weighted,,,,,,,4.15446869070209,3.20403950259024,0.0,0.0,0.0,0.0,0.0,0.0,0.0,0.0,3.83155439595193,1.03378631332847,46.4859108159393,19.0233340979775,0.324193548387097,0.338182426908539,,,,,,,,,,,,,,,,,,,,,,,,,,,,,,,,,2016.0,1994-03-01,,,,12
Jarvis Landry,MIA,WR,11680,weighted,,,,,,,3.57623339658444,0.448363491356257,0.0,0.0,0.0687262808349146,0.0383958171379131,0.0,0.0,0.0,0.0,5.69070208728653,0.320273447119178,61.5282258064516,4.99664622414566,0.285608738819997,0.165247299265697,,,,,,,,,,,,,,,,,,,,,,,,,,,,,,,,,2014.0,1992-11-28,Q,Shoulder,2016.0,12
Michael Thomas,NO,WR,12652,weighted,,,,,,,0.224667931688805,0.37863394536567,0.0,0.0,0.0312737191650854,0.0383958171379131,0.0,0.0,0.0,0.0,4.80387413029728,0.452594133355132,61.0364800759013,5.78467912076052,0.601518026565465,0.3106220184718,,,,,,,,,,,,,,,,,,,,,,,,,,,,,,,,,2016.0,1994-08-16,,,,12
Mohamed Sanu,ATL,WR,10723,weighted,,,,,,,0.286290322580645,0.290074894009306,0.0,0.0,0.1,0.0,0.0,0.0,0.0,0.0,3.8919908285895,0.409889783947926,46.8814041745731,11.3079389757123,0.358064516129032,0.339500232433581,,,,,,,,,,,,,,,,,,,,,,,,,,,,,,,,,2012.0,1989-08-22,,,,12
Cameron Meredith,CHI,WR,12465,weighted,,,,,,,0.229478458049887,0.422362192484654,0.0,0.0,0.0,0.0,0.0,0.0,0.0,0.0,4.38998866213152,1.05656423305713,51.775283446712,8.8751706673523,0.310374149659864,0.387500750090505,,,,,,,,,,,,,,,,,,,,,,,,,,,,,,,,,,,,,,12
Kenny Britt,LA,WR,9467,weighted,,,,,,,0.811669829222011,1.04456664491511,0.0,0.0,0.040915559772296,0.0377756809070412,0.0,0.0,0.0,0.0,4.01268975332068,0.264558997038603,59.0109582542695,3.29352997367038,0.277046775571887,0.152293391388169,,,,,,,,,,,,,,,,,,,,,,,,,,,,,,,,,2009.0,1988-09-19,,,,12
Adam Thielen,MIN,WR,11938,weighted,,,,,,,0.835104364326376,0.542474404950971,0.0,0.0,0.0,0.0,0.0,0.0,0.0,0.0,4.81053921568627,0.640393909059632,57.9856261859583,7.77167517289249,0.553984819734345,0.355319551047461,,,,,,,,,,,,,,,,,,,,,,,,,,,,,,,,,2014.0,1990-08-22,,,,12
Pierre Garcon,WAS,WR,9250,weighted,,,,,,,0.0124762808349146,0.0137018805811291,0.0,0.0,0.0312737191650854,0.0383958171379131,0.0,0.0,0.0,0.0,4.64006957621758,0.39622517200976,53.6531309297913,7.1365704129568,0.200340927195587,0.113220766934824,,,,,,,,,,,,,,,,,,,,,,,,,,,,,,,,,2008.0,1986-08-08,,,,12
Stefon Diggs,MIN,WR,12186,weighted,,,,,,,0.511979166666667,0.558268866349872,0.0,0.0,0.0,0.0,0.0,0.0,0.0,0.0,3.25804924242424,3.55262005859009,28.8570075757576,31.4660633760837,0.0930871212121212,0.101503430245431,,,,,,,,,,,,,,,,,,,,,,,,,,,,,,,,,2015.0,1993-11-29,O,Knee,2016.0,12
Willie Snead,NO,WR,11951,weighted,,,,,,,0.224667931688805,0.37863394536567,0.0,0.0,0.0721892789373814,0.0361108090229144,0.0,0.0,0.0,0.0,4.728889943074,0.438220795450234,57.0611954459203,3.95800601105651,0.358776091081594,0.33365317538193,,,,,,,,,,,,,,,,,,,,,,,,,,,,,,,,,2014.0,1992-10-17,,,,12
Brandon LaFell,CIN,WR,9843,weighted,,,,,,,0.447258064516129,0.355385656304244,0.0,0.0,0.0,0.0,0.0,0.0,0.0,0.0,4.23168089816572,0.426403936265786,52.2456831119545,9.22695482800647,0.241572689290927,0.166501025290504,,,,,,,,,,,,,,,,,,,,,,,,,,,,,,,,,2010.0,1986-11-04,,,,12
Mike Wallace,BAL,WR,9525,weighted,,,,,,,1.42378557874763,0.241905634723965,0.0,0.0,0.0,0.0,0.0,0.0,0.0,0.0,3.68399746995572,0.447249065392588,52.9933586337761,6.17957691463812,0.339800759013283,0.333604547168062,,,,,,,,,,,,,,,,,,,,,,,,,,,,,,,,,2009.0,1986-08-01,,,,12
Cole Beasley,DAL,WR,10973,weighted,,,,,,,0.083965844402277,0.108058618439494,0.0,0.0,0.0286171726755218,0.0366907556798132,0.0,0.0,0.0,0.0,5.30158918406072,0.689556729854821,52.8411764705882,5.89440118124365,0.505507201249634,0.269176903140885,,,,,,,,,,,,,,,,,,,,,,,,,,,,,,,,,2012.0,1989-04-26,,,,12
Donte Moncrief,IND,WR,11677,weighted,,,,,,,0.289990512333966,0.228621710347516,0.0,0.0,0.0,0.0,0.0,0.0,0.0,0.0,3.75377134724858,1.01215738293454,46.0993833017078,10.8530084889384,0.275529037181881,0.151920358152963,,,,,,,,,,,,,,,,,,,,,,,,,,,,,,,,,2014.0,1993-08-06,,,,12
Corey Coleman,CLE,WR,12646,weighted,,,,,,,0.703282732447818,0.488601254704287,0.0,0.0,0.0,0.0,0.0,0.0,0.0,0.0,3.8149430740038,0.523936390843394,53.4207305502846,3.82303767129676,0.386242884250474,0.347914932611398,,,,,,,,,,,,,,,,,,,,,,,,,,,,,,,,,2016.0,1994-07-06,,,,12
J.J. Nelson,ARI,WR,12319,weighted,,,,,,,2.85939278937381,0.884495486188506,0.0,0.0,0.0695327324478178,0.0732033733755968,0.0,0.0,0.0,0.0,2.81371758380772,0.545059584454593,38.9246679316888,13.1291059165321,0.339800759013283,0.333604547168062,,,,,,,,,,,,,,,,,,,,,,,,,,,,,,,,,2015.0,1992-04-24,,,,12
Sterling Shepard,NYG,WR,12658,weighted,,,,,,,0.0,0.0,0.0,0.0,0.0,0.0,0.0,0.0,0.0,0.0,4.18848039215686,0.177527417796052,50.0916508538899,6.97212197556285,0.547916886912534,0.236272463885845,,,,,,,,,,,,,,,,,,,,,,,,,,,,,,,,,2016.0,,,,,12
Tyler Boyd,CIN,WR,12650,weighted,,,,,,,0.930872865275142,0.194139483013383,0.0,0.0,0.0687262808349146,0.0383958171379131,0.0,0.0,0.0,0.0,4.21813725490196,0.561889408528783,48.9520398481973,7.95095535666182,0.180236308580037,0.139483832384766,,,,,,,,,,,,,,,,,,,,,,,,,,,,,,,,,2016.0,1994-11-15,,,,12
John Brown,ARI,WR,11783,weighted,,,,,,,1.51076850094877,1.52358055049425,0.0,0.0,0.0,0.0,0.0,0.0,0.0,0.0,3.59361954459203,0.681148219678762,49.642220113852,9.89359732016071,0.419812389296215,0.312331020887126,,,,,,,,,,,,,,,,,,,,,,,,,,,,,,,,,2014.0,1990-04-03,,,,12
Michael Floyd,ARI,WR,10721,weighted,,,,,,,0.0374288425047438,0.0411056417433874,0.0,0.0,0.0,0.0,0.0,0.0,0.0,0.0,3.18087444655281,0.556089863335633,47.2759962049336,6.54621618869055,0.279730360697847,0.1523482929636,,,,,,,,,,,,,,,,,,,,,,,,,,,,,,,,,2012.0,1989-11-27,Q,Hamstring,2016.0,12
Randall Cobb,GB,WR,10308,weighted,,,,,,,3.44444971537002,0.841166375698721,0.0,0.0,0.0312737191650854,0.0383958171379131,0.0,0.0,0.0,0.0,4.88099304237824,0.43480183124247,52.1482447817837,3.43838169217343,0.554079696394687,0.349935558638755,,,,,,,,,,,,,,,,,,,,,,,,,,,,,,,,,2011.0,1990-08-22,,,,12
Sammy Watkins,BUF,WR,11670,weighted,,,,,,,0.156689655172414,0.165077774412038,0.0,0.0,0.0,0.0,0.0,0.0,0.0,0.0,3.76565517241379,0.273013469188316,49.6413793103448,6.51494755186015,0.269034482758621,0.206951735195393,,,,,,,,,,,,,,,,,,,,,,,,,,,,,,,,,2014.0,1993-06-14,Q,Foot,2016.0,12
Quincy Enunwa,NYJ,WR,11850,weighted,,,,,,,0.224667931688805,0.37863394536567,0.0,0.0,0.0,0.0,0.0,0.0,0.0,0.0,3.58924731182796,0.391260378958716,46.7245256166983,6.00914565181399,0.319924098671727,0.34472371646893,,,,,,,,,,,,,,,,,,,,,,,,,,,,,,,,,2014.0,1992-05-31,,,,12
Eli Rogers,PIT,WR,12731,weighted,,,,,,,0.252312925170068,0.411331653489012,0.0,0.0,0.0,0.0,0.0,0.0,0.0,0.0,3.76081632653061,0.956331330657432,45.133843537415,8.89588922917885,0.347675736961451,0.383985684897394,,,,,,,,,,,,,,,,,,,,,,,,,,,,,,,,,,,,,,12
Adam Humphries,TB,WR,12505,weighted,,,,,,,0.727891156462585,0.557683567743697,0.0,0.0,0.0,0.0,0.0,0.0,0.0,0.0,3.7815873015873,0.305040972805031,44.9356575963719,6.55591979835275,0.32891156462585,0.377200303680177,,,,,,,,,,,,,,,,,,,,,,,,,,,,,,,,,,,,,,12
Travis Benjamin,SD,WR,10737,weighted,,,,,,,0.027988614800759,0.0360195394798313,0.0,0.0,0.152964895635674,0.0990117771378584,0.0,0.0,0.0,0.0,3.53597406704617,0.444762366122975,47.0456831119545,6.07316955655152,0.219264958431057,0.120070029655184,,,,,,,,,,,,,,,,,,,,,,,,,,,,,,,,,2012.0,1989-12-29,Q,Knee,2016.0,12
Marvin Jones,DET,WR,10738,weighted,,,,,,,0.192884250474383,0.215365687260394,0.0,0.0,0.0,0.0,0.0,0.0,0.0,0.0,3.46268975332068,0.268870589721346,45.7762333965844,6.02085435381927,0.236648334936395,0.123703369269568,,,,,,,,,,,,,,,,,,,,,,,,,,,,,,,,,2012.0,1990-03-12,,,,12
Phillip Dorsett,IND,WR,12188,weighted,,,,,,,0.724952561669829,0.0274037611622583,0.0,0.0,0.0,0.0,0.0,0.0,0.0,0.0,2.4303605313093,0.387898970795755,34.9508538899431,9.10829600910206,0.114214832109286,0.0782092366464036,,,,,,,,,,,,,,,,,,,,,,,,,,,,,,,,,2015.0,1993-01-05,,,,12
Tajae Sharpe,TEN,WR,12657,weighted,,,,,,,0.0124762808349146,0.0137018805811291,0.0,0.0,0.0,0.0,0.0,0.0,0.0,0.0,2.99796015180266,0.569187700546279,40.2550759013283,9.28666563137763,0.257084215447629,0.151787595408739,,,,,,,,,,,,,,,,,,,,,,,,,,,,,,,,,2016.0,1994-12-23,,,,12
Sammie Coates,PIT,WR,12178,weighted,,,,,,,0.460294117647059,0.575230674041643,0.0,0.0,0.0,0.0,0.0,0.0,0.0,0.0,1.78640101201771,0.595997433434305,31.5698292220114,13.9617892488436,0.125632532529479,0.0791450098194395,,,,,,,,,,,,,,,,,,,,,,,,,,,,,,,,,2015.0,1993-03-31,,,,12
Cordarrelle Patterson,MIN,WR,11225,weighted,,,,,,,1.00673624288425,0.561855460158375,0.0,0.0,0.0,0.0,0.0,0.0,0.0,0.0,3.4817678684377,1.10547913337515,36.2606261859583,9.23055688289532,0.273387096774194,0.352210278018847,,,,,,,,,,,,,,,,,,,,,,,,,,,,,,,,,2013.0,1991-03-17,,,,12
Allen Hurns,JAC,WR,11925,weighted,,,,,,,0.0,0.0,0.0,0.0,0.0,0.0,0.0,0.0,0.0,0.0,3.29897216951297,0.691334195859144,45.1870018975332,6.62657234209917,0.228834689728228,0.125069059930079,,,,,,,,,,,,,,,,,,,,,,,,,,,,,,,,,2014.0,1991-11-21,,,,12
Jeremy Kerley,SF,WR,10392,weighted,,,,,,,0.0,0.0,0.0,0.0,0.0687262808349146,0.0383958171379131,0.0,0.0,0.0,0.0,3.33912871600253,0.255250269743433,40.174430740038,6.20239357477595,0.182930974269293,0.102815824393989,,,,,,,,,,,,,,,,,,,,,,,,,,,,,,,,,2011.0,1988-11-30,,,,12
Quinton Patton,SF,WR,11218,weighted,,,,,,,0.0654174573055029,0.0521370239776754,0.0,0.0,0.0,0.0,0.0,0.0,0.0,0.0,3.06018342820999,0.29725550665764,39.6924573055028,6.36018177214723,0.121967298100481,0.120280389409352,,,,,,,,,,,,,,,,,,,,,,,,,,,,,,,,,2013.0,1990-08-09,,,,12
Marqise Lee,JAC,WR,11672,weighted,,,,,,,1.73806451612903,0.624932625193399,0.0,0.0,0.0286171726755218,0.0366907556798132,0.0,0.0,0.0,0.0,3.50619860847565,0.327346939809628,44.4509487666034,4.7991534442221,0.136544750256893,0.0822962213145244,,,,,,,,,,,,,,,,,,,,,,,,,,,,,,,,,2014.0,1991-11-25,,,,12
Eddie Royal,CHI,WR,9120,weighted,,,,,,,0.5676944971537,0.443000434366049,0.0,0.0,0.0278107210626186,0.0361108090229144,0.0,0.0,0.0,0.0,3.81651644528779,0.318030790213436,42.7026565464896,4.46374266845247,0.191293634922612,0.111964974742856,,,,,,,,,,,,,,,,,,,,,,,,,,,,,,,,,2008.0,1986-05-21,Q,Toe,2016.0,12
Anquan Boldin,DET,WR,6982,weighted,,,,,,,0.027988614800759,0.0360195394798313,0.0,0.0,0.0,0.0,0.0,0.0,0.0,0.0,3.61413662239089,0.382066847494401,36.7334914611006,8.88161889001557,0.247260059728068,0.139792334660876,,,,,,,,,,,,,,,,,,,,,,,,,,,,,,,,,2003.0,1980-10-03,,,,12
Will Fuller,HOU,WR,12647,weighted,,,,,,,0.286537380550871,0.400693440608995,0.0,0.0,0.0,0.0,0.0,0.0,0.0,0.0,2.61537942664418,0.739394666555462,38.4560989319843,10.2000572402627,0.205107493446535,0.160009785741743,,,,,,,,,,,,,,,,,,,,,,,,,,,,,,,,,2016.0,1994-04-16,,,,12
Ted Ginn,CAR,WR,8673,weighted,,,,,,,1.88300759013283,1.39525558237537,0.0,0.0,0.0973434535104364,0.0650560183979792,0.0,0.0,0.0,0.0,2.77919038583175,0.542810760936901,40.1073529411765,9.27476729402269,0.165590682063321,0.107092026603877,,,,,,,,,,,,,,,,,,,,,,,,,,,,,,,,,2007.0,1985-04-12,,,,12
Victor Cruz,NYG,WR,10080,weighted,,,,,,,0.0,0.0,0.0,0.0,0.0564278937381404,0.0384254737274487,0.0,0.0,0.0,0.0,2.72239089184061,0.277174609625324,39.2925996204934,4.71926396872146,0.128318399361769,0.1207479171236,,,,,,,,,,,,,,,,,,,,,,,,,,,,,,,,,2010.0,1986-11-11,,,,12
Marquise Goodwin,BUF,WR,11239,weighted,,,,,,,0.027988614800759,0.0360195394798313,0.0,0.0,0.0,0.0,0.0,0.0,0.0,0.0,2.716018342821,0.740770513041516,37.5703036053131,6.28635373477823,0.324193548387097,0.338182426908539,,,,,,,,,,,,,,,,,,,,,,,,,,,,,,,,,2013.0,1990-11-19,,,,12
Tyler Lockett,SEA,WR,12187,weighted,,,,,,,1.0107779886148,0.605808535194526,0.0,0.0,0.0,0.0,0.0,0.0,0.0,0.0,2.89006166982922,0.242164333864515,39.8608633776091,3.45430868064435,0.179178846098916,0.102535998224012,,,,,,,,,,,,,,,,,,,,,,,,,,,,,,,,,2015.0,1992-09-28,,,,12
Dorial Green-Beckham,PHI,WR,12180,weighted,,,,,,,0.247039848197343,0.368794357110414,0.0,0.0,0.0,0.0,0.0,0.0,0.0,0.0,2.61916508538899,0.221230794153625,35.5155123339658,5.15220085613888,0.196141799040823,0.11162233105196,,,,,,,,,,,,,,,,,,,,,,,,,,,,,,,,,2015.0,1993-04-12,,,,12
Malcolm Mitchell,NE,WR,12669,weighted,,,,,,,0.027988614800759,0.0360195394798313,0.0,0.0,0.0,0.0,0.0,0.0,0.0,0.0,1.44459993674889,0.973582670043956,19.7807874762808,14.8172394959818,0.0695908297538902,0.07639802009592,,,,,,,,,,,,,,,,,,,,,,,,,,,,,,,,,2016.0,1993-07-20,,,,12
Taylor Gabriel,ATL,WR,11975,weighted,,,,,,,0.493130929791271,0.493478470245616,0.027988614800759,0.0360195394798313,0.0,0.0,0.0,0.0,0.0,0.0,2.48083491461101,0.574145415345306,34.0848197343454,7.22230603995439,0.288899430740038,0.345200465705139,,,,,,,,,,,,,,,,,,,,,,,,,,,,,,,,,2014.0,1991-02-17,,,,12
Brian Quick,LA,WR,10735,weighted,,,,,,,0.0,0.0,0.0,0.0,0.0,0.0,0.0,0.0,0.0,0.0,2.7141761543327,0.2349284330854,35.1900853889943,6.50085523269171,0.17291039670851,0.134131370463308,,,,,,,,,,,,,,,,,,,,,,,,,,,,,,,,,2012.0,1989-06-05,,,,12
Kendall Wright,TEN,WR,10720,weighted,,,,,,,0.245825426944972,0.253116394054578,0.0,0.0,0.0,0.0,0.0,0.0,0.0,0.0,2.81299019607843,0.524570465497675,36.9698292220114,6.29844046607535,0.243030454265045,0.124954616466411,,,,,,,,,,,,,,,,,,,,,,,,,,,,,,,,,2012.0,1989-11-12,,,,12
Dontrelle Inman,SD,WR,11957,weighted,,,,,,,0.0,0.0,0.0,0.0,0.0,0.0,0.0,0.0,0.0,0.0,2.81895161290323,0.490839066137461,37.5887571157495,4.57279219002251,0.126459746030011,0.0788810954140414,,,,,,,,,,,,,,,,,,,,,,,,,,,,,,,,,2013.0,1989-01-31,,,,12
Jermaine Kearse,SEA,WR,11076,weighted,,,,,,,0.027988614800759,0.0360195394798313,0.0,0.0,0.0,0.0,0.0,0.0,0.0,0.0,3.15141524351676,0.347937696107008,41.2828273244782,2.5828514566175,0.199516876677337,0.113147019661946,,,,,,,,,,,,,,,,,,,,,,,,,,,,,,,,,2012.0,1990-02-06,,,,12
Kenny Stills,MIA,WR,11227,weighted,,,,,,,0.083965844402277,0.108058618439494,0.0,0.0,0.0,0.0,0.0,0.0,0.0,0.0,2.5219165085389,0.318712120999037,37.5284155597723,4.24532957805182,0.213097959636355,0.118975207740242,,,,,,,,,,,,,,,,,,,,,,,,,,,,,,,,,2013.0,1992-04-22,Q,Calf,2016.0,12
Tavon Austin,LA,WR,11213,weighted,,,,,,,9.79328273244782,1.04110340598453,0.0327185551640011,0.0380845102394949,0.0312737191650854,0.0383958171379131,0.0,0.0,0.0,0.0,3.42622549019608,0.77508267375355,35.8841081593928,6.61298989355395,0.162831386825679,0.106269411515839,,,,,,,,,,,,,,,,,,,,,,,,,,,,,,,,,2013.0,1991-03-15,,,,12
Robby Anderson,NYJ,WR,12930,weighted,,,,,,,0.390318102949682,0.438541822766303,0.0,0.0,0.0,0.0,0.0,0.0,0.0,0.0,2.66631578947368,0.469951279321387,33.3528050896472,7.03941346472839,0.294505494505495,0.39147567716629,,,,,,,,,,,,,,,,,,,,,,,,,,,,,,,,,2016.0,1993-05-09,,,,12
Kamar Aiken,BAL,WR,10651,weighted,,,,,,,0.202296015180266,0.391883589795065,0.0,0.0,0.0,0.0,0.0,0.0,0.0,0.0,2.15359740670462,0.25386406275682,28.6462998102467,6.73406751214171,0.0888357984697431,0.0486628550668282,,,,,,,,,,,,,,,,,,,,,,,,,,,,,,,,,2011.0,1989-05-30,,,,12
Chris Conley,KC,WR,12257,weighted,,,,,,,0.694478178368122,0.767077462367069,0.0,0.0,0.0,0.0,0.0,0.0,0.0,0.0,2.90396110056926,0.586629648606649,33.2843453510436,5.98811283456155,0.303605313092979,0.353805247671751,,,,,,,,,,,,,,,,,,,,,,,,,,,,,,,,,2015.0,1992-10-25,,,,12
Devin Funchess,CAR,WR,12205,weighted,,,,,,,0.252967032967033,0.415383378377637,0.0,0.0,0.0,0.0,0.0,0.0,0.0,0.0,2.1706998264893,0.319389463468378,34.3027761711972,5.94106156307449,0.307101362227447,0.0776395302501379,,,,,,,,,,,,,,,,,,,,,,,,,,,,,,,,,2015.0,1994-05-21,,,,12
Marquess Wilson,CHI,WR,11231,weighted,,,,,,,0.224667931688805,0.37863394536567,0.0,0.0,0.0,0.0,0.0,0.0,0.0,0.0,2.01130613535737,0.786638346739267,29.3692125237192,12.5127899107508,0.225948766603416,0.373017292054757,,,,,,,,,,,,,,,,,,,,,,,,,,,,,,,,,2013.0,1992-09-14,,,,12
Terrance Williams,DAL,WR,11211,weighted,,,,,,,0.0,0.0,0.0,0.0,0.0286171726755218,0.0366907556798132,0.0,0.0,0.0,0.0,2.33272454142947,0.258490033356834,37.58889943074,2.78246263749565,0.179125376001462,0.102538451939781,,,,,,,,,,,,,,,,,,,,,,,,,,,,,,,,,2013.0,1989-09-18,,,,12
Danny Amendola,NE,WR,9308,weighted,,,,,,,0.577656546489564,0.533651553382577,0.0,0.0,0.0286171726755218,0.0366907556798132,0.0,0.0,0.0,0.0,2.46791587602783,0.419080241225636,29.1368121442125,6.74807424253673,0.179091374141881,0.0999068541992956,,,,,,,,,,,,,,,,,,,,,,,,,,,,,,,,,2008.0,1985-11-02,,,,12
Braxton Miller,HOU,WR,12651,weighted,,,,,,,0.412239089184061,0.31561811337051,0.0,0.0,0.0,0.0,0.0,0.0,0.0,0.0,2.60075110689437,0.622153062731154,26.9490986717268,9.22677251487617,0.257068311195446,0.35856772366491,,,,,,,,,,,,,,,,,,,,,,,,,,,,,,,,,2016.0,1992-11-30,,,,12
Chris Hogan,NE,WR,10983,weighted,,,,,,,0.124305957200694,0.161724950317256,0.0,0.0,0.0578368999421631,0.0431504552979918,0.0,0.0,0.0,0.0,2.4277038750723,0.322650024529725,33.6694621168305,6.69765349357238,0.209492146476572,0.0535531106766474,,,,,,,,,,,,,,,,,,,,,,,,,,,,,,,,,2011.0,1988-10-24,Q,Back,2016.0,12
Albert Wilson,KC,WR,11890,weighted,,,,,,,0.236385199240987,0.287236788359756,0.0,0.0,0.0,0.0,0.0,0.0,0.0,0.0,2.26267394054396,0.794271775372475,26.7956356736243,6.84030188472234,0.138137685278109,0.0818073088565348,,,,,,,,,,,,,,,,,,,,,,,,,,,,,,,,,2014.0,1992-07-12,,,,12
Laquon Treadwell,MIN,WR,12645,weighted,,,,,,,0.0623814041745731,0.0685094029056456,0.0,0.0,0.0,0.0,0.0,0.0,0.0,0.0,1.22948292220114,0.975299063010546,15.1423149905123,14.3374584626364,0.0380586528082412,0.0500788692608545,,,,,,,,,,,,,,,,,,,,,,,,,,,,,,,,,2016.0,1995-06-14,,,,12
Torrey Smith,SF,WR,10289,weighted,,,,,,,0.0,0.0,0.0,0.0,0.0,0.0,0.0,0.0,0.0,0.0,2.05169462116831,0.205204679188651,31.5299016772701,3.64562039326673,0.193096697483727,0.0159341401799699,,,,,,,,,,,,,,,,,,,,,,,,,,,,,,,,,2011.0,1989-01-26,Q,Shoulder,2016.0,12
Josh Bellamy,CHI,WR,11104,weighted,,,,,,,0.133989132471426,0.106757524060524,0.0,0.0,0.0,0.0,0.0,0.0,0.0,0.0,2.07120854412591,0.344983788274358,24.0054525014053,9.56500208340987,0.046905095240253,0.0515424442556282,,,,,,,,,,,,,,,,,,,,,,,,,,,,,,,,,2012.0,1989-05-18,,,,12
Charles Johnson,MIN,WR,11409,weighted,,,,,,,0.0,0.0,0.0,0.0,0.0,0.0,0.0,0.0,0.0,0.0,1.19588867805187,1.01012869137226,15.2475806451613,11.5588702867222,0.0226620747359142,0.0420421538501696,,,,,,,,,,,,,,,,,,,,,,,,,,,,,,,,,2013.0,1989-02-27,,,,12
Seth Roberts,OAK,WR,12471,weighted,,,,,,,0.224667931688805,0.37863394536567,0.0,0.0,0.0,0.0,0.0,0.0,0.0,0.0,2.52442283364959,0.3345457694012,31.5075426944972,3.54442727661843,0.25442881360946,0.151908783523667,,,,,,,,,,,,,,,,,,,,,,,,,,,,,,,,,,,,,,12
James Wright,CIN,WR,11874,weighted,,,,,,,-0.0280942741469057,0.0937443222789387,0.0,0.0,0.0,0.0,0.0,0.0,0.0,0.0,1.25988432620012,1.02953406989432,17.0949103528051,15.050026651374,0.075133213186383,0.0868175992757643,,,,,,,,,,,,,,,,,,,,,,,,,,,,,,,,,2014.0,1991-12-31,,,,12
Cobi Hamilton,PIT,WR,11215,weighted,,,,,,,0.296005706134094,0.465843854127582,0.0,0.0,0.0,0.0,0.0,0.0,0.0,0.0,1.91146576319543,0.187982857278671,24.6268901569187,7.20614720215924,0.411198288159772,0.379786118942648,,,,,,,,,,,,,,,,,,,,,,,,,,,,,,,,,2013.0,1990-11-13,,,,12
Cecil Shorts,TB,WR,10362,weighted,,,,,,,0.391840607210626,0.504273552717638,0.0,0.0,0.0,0.0,0.0,0.0,0.0,0.0,1.59033048703352,0.699270068590078,22.4886622390892,10.2174181424604,0.0666182849802746,0.080786723303106,,,,,,,,,,,,,,,,,,,,,,,,,,,,,,,,,2011.0,1987-12-22,,,,12
Nelson Agholor,PHI,WR,12181,weighted,,,,,,,0.111954459203036,0.144078157919325,0.0,0.0,0.0,0.0,0.0,0.0,0.0,0.0,2.18581593927894,0.641336090971629,27.5674573055028,5.56044367645506,0.273387096774194,0.352210278018847,,,,,,,,,,,,,,,,,,,,,,,,,,,,,,,,,2015.0,1993-05-24,,,,12
Percy Harvin,BUF,WR,9441,weighted,,,,,,,0.90179584120983,0.966784503573962,0.0,0.0,0.0,0.0,0.0,0.0,0.0,0.0,2.74086326402016,0.260801494522789,30.4006616257089,3.59827793178933,0.19884170048946,0.0021164715644044,,,,,,,,,,,,,,,,,,,,,,,,,,,,,,,,,2009.0,1988-05-28,Q,Migraine,2016.0,12
Jarius Wright,MIN,WR,10734,weighted,,,,,,,0.0,0.0,0.0,0.0,0.0,0.0,0.0,0.0,0.0,0.0,1.5541006362059,0.771071242627754,18.5492770387507,10.0640038457604,0.0772526268682496,0.0862368880867052,,,,,,,,,,,,,,,,,,,,,,,,,,,,,,,,,2012.0,1989-11-25,,,,12
Alex Erickson,CIN,WR,12913,weighted,,,,,,,0.200506072874494,0.283932183635185,0.0,0.0,0.0,0.0,0.0,0.0,0.0,0.0,1.12001156737999,0.902540268814605,11.2589358010411,11.1447111925076,0.0402908803463541,0.0533000396062449,,,,,,,,,,,,,,,,,,,,,,,,,,,,,,,,,2016.0,1992-11-06,,,,12
Breshad Perriman,BAL,WR,12197,weighted,,,,,,,0.493273244781784,0.401864777545147,0.0,0.0,0.0,0.0,0.0,0.0,0.0,0.0,1.76468216318786,0.378660905730706,23.4337760910816,3.91716769595816,0.101777586699413,0.0666420837913159,,,,,,,,,,,,,,,,,,,,,,,,,,,,,,,,,2015.0,1993-09-10,,,,12
Ty Montgomery,GB,WR,12261,weighted,,,,,,,16.0135009487666,2.95878105646366,0.0385902007328382,0.037846083524768,0.128617172675522,0.0366907556798132,0.0,0.0,0.0,0.0,2.37273086654016,0.616039841844272,21.3232922201139,4.87051893677599,0.221774193548387,0.374268180399578,,,,,,,,,,,,,,,,,,,,,,,,,,,,,,,,,2015.0,1993-01-22,,,,12
Russell Shepard,TB,WR,11237,weighted,,,,,,,0.0572874493927125,0.0811234810386243,0.0,0.0,0.0,0.0,0.0,0.0,0.0,0.0,1.6941006362059,0.404343745829856,19.4548293811452,5.39995237907158,0.290283400809717,0.387327811739233,,,,,,,,,,,,,,,,,,,,,,,,,,,,,,,,,2013.0,1990-11-17,,,,12
Paul Richardson,SEA,WR,11681,weighted,,,,,,,0.0,0.0,0.0,0.0,0.0,0.0,0.0,0.0,0.0,0.0,1.49820705610179,0.430877678646106,20.1901677270098,4.59039572482576,0.0996882237040024,0.0697841148423011,,,,,,,,,,,,,,,,,,,,,,,,,,,,,,,,,2014.0,1992-04-13,,,,12
Jalin Marshall,NYJ,WR,12653,weighted,,,,,,,0.252967032967033,0.415383378377637,0.0,0.0,0.0294100636205899,0.0413021445725596,0.0,0.0,0.0,0.0,1.58714864083285,0.304578855721108,19.0963562753036,6.04892860505177,0.116464177991622,0.0472134478604989,,,,,,,,,,,,,,,,,,,,,,,,,,,,,,,,,2016.0,,,,,12
Andrew Hawkins,CLE,WR,10601,weighted,,,,,,,0.49022770398482,0.528717369578054,0.0,0.0,0.0,0.0,0.0,0.0,0.0,0.0,1.68610847564832,0.576720286177497,21.2936432637571,5.52619385568224,0.0813115996643037,0.0747813075023774,,,,,,,,,,,,,,,,,,,,,,,,,,,,,,,,,2011.0,1986-03-10,,,,12
Brandon Coleman,NO,WR,11754,weighted,,,,,,,0.0,0.0,0.0,0.0,0.0,0.0,0.0,0.0,0.0,0.0,1.12608317520557,0.458545531346722,16.2679316888046,7.08177163449993,0.0786435441599193,0.0758694922082771,,,,,,,,,,,,,,,,,,,,,,,,,,,,,,,,,2014.0,1992-06-22,,,,12
Harry Douglas,TEN,WR,9144,weighted,,,,,,,0.027988614800759,0.0360195394798313,0.0,0.0,0.0,0.0,0.0,0.0,0.0,0.0,0.841405755850727,0.713141721274289,10.9882827324478,9.06106196587635,0.0,0.0,,,,,,,,,,,,,,,,,,,,,,,,,,,,,,,,,2008.0,1984-09-16,,,,12
Justin Hunter,BUF,WR,11212,weighted,,,,,,,0.0286437246963563,0.0405617405193122,0.0,0.0,0.0,0.0,0.0,0.0,0.0,0.0,1.29463273568537,0.439206321288217,17.1962406015038,7.63057598688236,0.272837940773998,0.165336276844,,,,,,,,,,,,,,,,,,,,,,,,,,,,,,,,,2013.0,1991-05-20,,,,12
Deonte Thompson,CHI,WR,10956,weighted,,,,,,,0.114574898785425,0.162246962077249,0.0,0.0,0.0,0.0,0.0,0.0,0.0,0.0,0.851463273568537,0.499181317064833,10.2262001156738,9.45263758537765,0.0234429112332373,0.0470007504071055,,,,,,,,,,,,,,,,,,,,,,,,,,,,,,,,,2012.0,1989-02-14,,,,12
Brice Butler,DAL,WR,11406,weighted,,,,,,,0.055977229601518,0.0720390789596626,0.0,0.0,0.0,0.0,0.0,0.0,0.0,0.0,1.05120177103099,0.322099641231074,14.3622865275142,5.9109103736371,0.0986432716418888,0.0641838305559091,,,,,,,,,,,,,,,,,,,,,,,,,,,,,,,,,2013.0,1990-01-29,,,,12
Walt Powell,BUF,WR,11843,weighted,,,,,,,0.230075187969925,0.426529600288795,0.0,0.0,0.0389242336610758,0.0422524383652854,0.0,0.0,0.0,0.0,0.996969346443031,0.846021180318213,10.8875650665124,8.67649731359854,0.0503412377096588,0.0505779776277356,,,,,,,,,,,,,,,,,,,,,,,,,,,,,,,,,2014.0,1991-11-23,,,,12
Justin Hardy,ATL,WR,12185,weighted,,,,,,,0.0,0.0,0.0,0.0,0.0,0.0,0.0,0.0,0.0,0.0,0.963875072296125,0.51388288980169,10.7962984384037,7.13330781185018,0.0897243161387786,0.124586621437937,,,,,,,,,,,,,,,,,,,,,,,,,,,,,,,,,2015.0,1991-12-18,,,,12
Ryan Grant,WAS,WR,11812,weighted,,,,,,,0.0,0.0,0.0,0.0,0.0,0.0,0.0,0.0,0.0,0.0,1.11481781376518,0.546757592234507,11.7157316367843,6.4399004756474,0.0691543299146244,0.0459347885563876,,,,,,,,,,,,,,,,,,,,,,,,,,,,,,,,,2014.0,1990-12-19,,,,12
Philly Brown,CAR,WR,11972,weighted,,,,,,,0.374100618324902,0.370251052500884,0.0,0.0,0.0576166385609893,0.0425652162048735,0.0,0.0,0.0,0.0,1.5701292861158,0.396448415179923,21.3546936481169,1.33289802235287,0.0743637670792298,0.0444026707981257,,,,,,,,,,,,,,,,,,,,,,,,,,,,,,,,,2014.0,1991-12-16,,,,12
Jordan Norwood,DEN,WR,9783,weighted,,,,,,,0.0,0.0,0.0,0.0,0.0,0.0,0.0,0.0,0.0,0.0,1.86823597455176,0.133687435363211,19.8210526315789,1.81810407117576,0.103453071131699,0.0079703474292474,,,,,,,,,,,,,,,,,,,,,,,,,,,,,,,,,2009.0,1986-09-28,,,,12
Andre Holmes,OAK,WR,10674,weighted,,,,,,,0.0,0.0,0.0,0.0,0.0,0.0,0.0,0.0,0.0,0.0,1.41688837478311,0.428047017281317,15.4763447079237,5.13618459830006,0.163958569663661,0.0515801637842956,,,,,,,,,,,,,,,,,,,,,,,,,,,,,,,,,2011.0,1988-06-16,,,,12
Bryan Walters,JAC,WR,10516,weighted,,,,,,,0.0286437246963563,0.0405617405193122,0.0,0.0,0.0284268363215732,0.0406689502003626,0.0,0.0,0.0,0.0,0.548328513591671,0.288935128282735,8.5224985540775,6.35071639047058,0.0260718437372945,0.0430591753390562,,,,,,,,,,,,,,,,,,,,,,,,,,,,,,,,,2010.0,1987-11-04,,,,12
Jeremy Butler,SD,WR,11932,weighted,,,,,,,0.0,0.0,0.0,0.0,0.0,0.0,0.0,0.0,0.0,0.0,0.483551185656449,0.387841443464506,8.43927125506073,7.31223193994491,0.0,0.0,,,,,,,,,,,,,,,,,,,,,,,,,,,,,,,,,2014.0,1991-04-22,Q,Ankle,2016.0,12
Andre Roberts,DET,WR,9921,weighted,,,,,,,0.0,0.0,0.0,0.0,0.0578368999421631,0.0431504552979918,0.0,0.0,0.0,0.0,0.840404858299595,0.442411225077354,10.6861191440139,4.83593467122959,0.0713693998672195,0.0454858273143878,,,,,,,,,,,,,,,,,,,,,,,,,,,,,,,,,2010.0,1988-01-09,,,,12
Ricardo Louis,CLE,WR,12777,weighted,,,,,,,0.207183342972817,0.441513905173271,0.0,0.0,0.0,0.0,0.0,0.0,0.0,0.0,0.797651821862348,0.536998955269851,9.60908039329092,6.29627480267982,0.0208155002891845,0.0430028624214289,,,,,,,,,,,,,,,,,,,,,,,,,,,,,,,,,2016.0,,,,,12
Brandon Tate,BUF,WR,9524,weighted,,,,,,,0.864550641940085,0.794540800108612,0.0,0.0,0.0401806942463148,0.042642510836284,0.0,0.0,0.0,0.0,0.569650499286733,0.804047524341174,6.64051355206847,8.53536611980933,0.0362696148359486,0.0480114122967532,,,,,,,,,,,,,,,,,,,,,,,,,,,,,,,,,2009.0,1987-10-05,,,,12
Jeff Janis,GB,WR,11870,weighted,,,,,,,0.245991902834008,0.426621465850819,0.0,0.0,0.0,0.0,0.0,0.0,0.0,0.0,0.766246385193754,0.390919190291152,8.78872180451128,5.0612572629592,0.0433240491028782,0.051410705670853,,,,,,,,,,,,,,,,,,,,,,,,,,,,,,,,,2014.0,1991-06-09,,,,12
Neal Sterling,JAC,WR,12363,weighted,,,,,,,0.0,0.0,0.0,0.0,0.0,0.0,0.0,0.0,0.0,0.0,0.676954732510288,1.06066017177982,7.49163237311386,11.7379725676967,0.0451303155006859,0.0707106781186548,,,,,,,,,,,,,,,,,,,,,,,,,,,,,,,,,,,,,,12
Bennie Fowler,DEN,WR,11931,weighted,,,,,,,0.230075187969925,0.426529600288795,0.0,0.0,0.0,0.0,0.0,0.0,0.0,0.0,0.752596876807403,0.490022741336287,8.21150954308849,5.3696291148506,0.04279113911428,0.0516790102451385,,,,,,,,,,,,,,,,,,,,,,,,,,,,,,,,,2014.0,1991-06-10,,,,12
Roger Lewis,NYG,WR,12649,weighted,,,,,,,0.252967032967033,0.415383378377637,0.0,0.0,0.0,0.0,0.0,0.0,0.0,0.0,0.764557547715442,0.339946499429302,8.95951417004049,5.64749568383641,0.0639993897882791,0.048610643833772,,,,,,,,,,,,,,,,,,,,,,,,,,,,,,,,,2016.0,1993-11-27,Q,Concussion,2016.0,12
Bryce Treggs,PHI,WR,12947,weighted,,,,,,,0.310964083175803,0.568200740485299,0.0,0.0,0.0,0.0,0.0,0.0,0.0,0.0,0.917076244486453,0.102291431964948,13.8463137996219,0.984566465450293,0.103310812990256,0.0060495938098689,,,,,,,,,,,,,,,,,,,,,,,,,,,,,,,,,2016.0,1994-04-30,,,,12
Paul Turner,PHI,WR,12927,weighted,,,,,,,0.413482447965207,0.507786790076165,0.0,0.0,0.0,0.0,0.0,0.0,0.0,0.0,0.0,0.0,4.59925442684063,8.48624107795171,0.0,0.0,,,,,,,,,,,,,,,,,,,,,,,,,,,,,,,,,2016.0,1993-05-10,,,,12
Jaelen Strong,HOU,WR,12179,weighted,,,,,,,0.0,,0.0,,0.0,,0.0,,0.0,,1.4,,14.6,,0.1,,,,,,,,,,,,,,,,,,,,,,,,,,,,,,,,,,2015.0,1994-01-25,O,Ankle,2016.0,12
Arrelious Benn,JAC,WR,9859,weighted,,,,,,,0.0,0.0,0.0,0.0,0.0,0.0,0.0,0.0,0.0,0.0,0.733830382106244,0.507300408246807,9.45302889095993,6.42935440057889,0.0627213420316869,0.0593303919039577,,,,,,,,,,,,,,,,,,,,,,,,,,,,,,,,,2010.0,1988-09-08,Q,Concussion,2016.0,12
Charone Peake,NYJ,WR,12673,weighted,,,,,,,0.230075187969925,0.426529600288795,0.0,0.0,0.0,0.0,0.0,0.0,0.0,0.0,1.04115673799884,0.262113992605828,10.704048582996,3.31790414849068,0.0764639656083334,0.0426028135669292,,,,,,,,,,,,,,,,,,,,,,,,,,,,,,,,,2016.0,1992-10-16,,,,12
Jeremy Ross,NYJ,WR,10797,weighted,,,,,,,0.0,0.0,0.0,0.0,0.0,0.0,0.0,0.0,0.0,0.0,0.112426219322771,0.207441448572153,0.613233923578751,1.13149881039356,0.0102205653929792,0.0188583135065594,,,,,,,,,,,,,,,,,,,,,,,,,,,,,,,,,2011.0,1988-03-06,,,,12
Chester Rogers,IND,WR,12934,weighted,,,,,,,0.252967032967033,0.415383378377637,0.0,0.0,0.0,0.0,0.0,0.0,0.0,0.0,0.306882591093117,0.36767701159443,5.41891266628109,5.74999941966925,0.0,0.0,,,,,,,,,,,,,,,,,,,,,,,,,,,,,,,,,2016.0,1994-01-12,,,,12
Rod Streater,SF,WR,10955,weighted,,,,,,,0.0,0.0,0.0,0.0,0.0,0.0,0.0,0.0,0.0,0.0,0.582741469057259,0.313909431303334,6.77993059572007,3.79820000980222,0.0247473311701679,0.0463341482422566,,,,,,,,,,,,,,,,,,,,,,,,,,,,,,,,,2012.0,1988-02-09,,,,12
Pharoh Cooper,LA,WR,12660,weighted,,,,,,,0.0291931752458068,0.0409177194740257,0.0,0.0,0.0,0.0,0.0,0.0,0.0,0.0,0.436923076923077,0.151931720472857,6.3277038750723,3.51977110244634,0.0283029511099687,0.0454898434515588,,,,,,,,,,,,,,,,,,,,,,,,,,,,,,,,,2016.0,1995-03-07,,,,12
Maurice Harris,WAS,WR,12917,weighted,,,,,,,0.0,0.0,0.0,0.0,0.0,0.0,0.0,0.0,0.0,0.0,0.199782541161852,0.205592239282022,4.75135135135135,5.54905998899924,0.0,0.0,,,,,,,,,,,,,,,,,,,,,,,,,,,,,,,,,2016.0,1992-11-11,,,,12
Cody Core,CIN,WR,12824,weighted,,,,,,,0.0,0.0,0.0,0.0,0.0,0.0,0.0,0.0,0.0,0.0,0.136982142857143,0.100812537150803,3.483,4.35520665445791,0.0,0.0,,,,,,,,,,,,,,,,,,,,,,,,,,,,,,,,,2016.0,1994-04-17,,,,12
Jordan Taylor,DEN,WR,12398,weighted,,,,,,,0.0,0.0,0.0,0.0,0.0967611336032389,0.0733102347611053,0.0,0.0,0.0,0.0,0.682371312897629,0.130183451936797,8.05049161364951,1.89879659513161,0.0739330874302129,0.0431002368408014,,,,,,,,,,,,,,,,,,,,,,,,,,,,,,,,,2015.0,1992-02-18,,,,12
Rashad Ross,WAS,WR,12038,weighted,,,,,,,0.0,0.0,0.0,0.0,0.0,0.0,0.0,0.0,0.0,0.0,0.213725490196078,0.395589486698137,2.80896358543417,5.1991761108898,0.0,0.0,,,,,,,,,,,,,,,,,,,,,,,,,,,,,,,,,2013.0,1990-02-02,O,Coach's Decision,2016.0,12
Griff Whalen,FA,WR,10987,weighted,,,,,,,0.0,0.0,0.0,0.0,0.0,0.0,0.0,0.0,0.0,0.0,0.376344086021505,0.494974746830583,4.83870967741935,6.36396103067893,0.0537634408602151,0.0707106781186548,,,,,,,,,,,,,,,,,,,,,,,,,,,,,,,,,2012.0,1990-03-01,,,,12
Vince Mayle,DAL,WR,12196,weighted,,,,,,,0.0,0.0,0.0,0.0,0.0,0.0,0.0,0.0,0.0,0.0,0.0,0.0,2.75955265610438,5.09174464677103,0.0,0.0,,,,,,,,,,,,,,,,,,,,,,,,,,,,,,,,,,,,,,12
Tommylee Lewis,NO,WR,12921,weighted,,,,,,,0.0859311740890688,0.121685221557936,0.0,0.0,0.0,0.0,0.0,0.0,0.0,0.0,0.259005205320995,0.148066433099477,3.76905725853094,3.19312019557118,0.0,0.0,,,,,,,,,,,,,,,,,,,,,,,,,,,,,,,,,2016.0,1992-10-24,,,,12
Darren Waller,BAL,WR,12263,weighted,,,,,,,0.0,0.0,0.0,0.0,0.0,0.0,0.0,0.0,0.0,0.0,0.462365591397849,0.707106781186547,3.97634408602151,6.08111831820431,0.0462365591397849,0.0707106781186548,,,,,,,,,,,,,,,,,,,,,,,,,,,,,,,,,2015.0,1992-09-13,,,,12
Aldrick Robinson,ATL,WR,10412,weighted,,,,,,,0.0286437246963563,0.0405617405193122,0.0,0.0,0.0,0.0,0.0,0.0,0.0,0.0,0.49305957200694,0.210372110362224,6.08629265471371,2.62490499298629,0.0509283167188783,0.0511150129616949,,,,,,,,,,,,,,,,,,,,,,,,,,,,,,,,,2011.0,1988-09-24,,,,12
Chris Moore,BAL,WR,12773,weighted,,,,,,,0.853984962406015,0.604516592154841,0.0,0.0,0.0,0.0,0.0,0.0,0.0,0.0,0.322082128397918,0.256995683891788,3.6908039329092,3.05240733868689,0.0,0.0,,,,,,,,,,,,,,,,,,,,,,,,,,,,,,,,,2016.0,1993-06-16,,,,12
Tavarres King,NYG,WR,11219,weighted,,,,,,,0.0451303155006859,0.0707106781186548,0.0,0.0,0.0,0.0,0.0,0.0,0.0,0.0,0.0225651577503429,0.0353553390593274,3.61042524005487,5.65685424949238,0.0,0.0,,,,,,,,,,,,,,,,,,,,,,,,,,,,,,,,,2013.0,1990-07-14,,,,12
Chris Harper,SF,WR,12201,weighted,,,,,,,0.0,0.0,0.0,0.0,0.0428304355954384,0.0476187632074535,0.0,0.0,0.0,0.0,0.0307534118526827,0.0681859331698364,1.51284352215367,3.25486789396538,0.0,0.0,,,,,,,,,,,,,,,,,,,,,,,,,,,,,,,,,,,,,,12
Cody Latimer,DEN,WR,11758,weighted,,,,,,,0.0,0.0,0.0,0.0,0.0,0.0,0.0,0.0,0.0,0.0,0.358857142857143,0.434272749202912,3.48271428571429,4.2288043217467,0.0,0.0,,,,,,,,,,,,,,,,,,,,,,,,,,,,,,,,,2014.0,1992-10-10,,,,12
DeAnthony Thomas,KC,WR,11659,weighted,,,,,,,0.670156159629844,0.819839725209532,0.0,0.0,0.0,0.0,0.0,0.0,0.0,0.0,0.463134759976865,0.304394030109288,4.66616541353383,2.70196952761409,0.0,0.0,,,,,,,,,,,,,,,,,,,,,,,,,,,,,,,,,2014.0,1993-01-05,,,,12
Jason Avant,KC,WR,8350,weighted,,,,,,,0.0,0.0,0.0,0.0,0.0,0.0,0.0,0.0,0.0,0.0,0.283754512635379,0.420252661589816,2.45920577617329,3.64218973377841,0.0,0.0,,,,,,,,,,,,,,,,,,,,,,,,,,,,,,,,,2006.0,1983-04-20,,,,12
Rashad Greene,JAC,WR,12183,weighted,,,,,,,0.252967032967033,0.415383378377637,0.0,0.0,0.0284268363215732,0.0406689502003626,0.0,0.0,0.0,0.0,0.246211683053788,0.427006052004794,2.35095430884905,3.46449277139202,0.0,0.0,,,,,,,,,,,,,,,,,,,,,,,,,,,,,,,,,2015.0,1992-09-23,,,,12
Daniel Brown,CHI,WR,12585,weighted,,,,,,,0.310964083175803,0.568200740485299,0.0,0.0,0.0,0.0,0.0,0.0,0.0,0.0,0.279867674858223,0.304680058419038,3.482797731569,3.67555783803307,0.0,0.0,,,,,,,,,,,,,,,,,,,,,,,,,,,,,,,,,,,,,,12
Freddie Martino,TB,WR,12062,weighted,,,,,,,0.0,0.0,0.0,0.0,0.0,0.0,0.0,0.0,0.0,0.0,0.104,0.084150282365798,3.0185,2.84071748547637,0.0292321428571429,0.0466470920552303,,,,,,,,,,,,,,,,,,,,,,,,,,,,,,,,,2014.0,1991-09-07,,,,12
Jordan Payton,CLE,WR,12663,weighted,,,,,,,0.279214285714286,0.487692100374283,0.0,0.0,0.0,0.0,0.0,0.0,0.0,0.0,0.096,0.084150282365798,2.47557142857143,3.19449530679294,0.0,0.0,,,,,,,,,,,,,,,,,,,,,,,,,,,,,,,,,2016.0,1993-09-01,,,,12
Greg Salas,BUF,WR,10360,weighted,,,,,,,0.0,0.0,0.0,0.0,0.0,0.0,0.0,0.0,0.0,0.0,0.179917469050894,0.282842712474619,3.0585969738652,4.80832611206852,0.0,0.0,,,,,,,,,,,,,,,,,,,,,,,,,,,,,,,,,2011.0,1988-08-25,Q,Groin,2016.0,12
Bradley Marquez,LA,WR,12475,weighted,,,,,,,0.0295487364620939,0.0467724263207139,0.0,0.0,0.0,0.0,0.0,0.0,0.0,0.0,0.318194945848375,0.187089705282856,4.00382671480144,2.19679259018669,0.0,0.0,,,,,,,,,,,,,,,,,,,,,,,,,,,,,,,,,,,,,,12
Aaron Burbridge,SF,WR,12662,weighted,,,,,,,0.0291931752458068,0.0409177194740257,0.0,0.0,0.0284268363215732,0.0406689502003626,0.0,0.0,0.0,0.0,0.283759398496241,0.153893041642131,3.79901677270098,2.42213646953454,0.0,0.0,,,,,,,,,,,,,,,,,,,,,,,,,,,,,,,,,2016.0,1993-12-23,,,,12
Marc Mariani,TEN,WR,10009,weighted,,,,,,,0.0,0.0,0.0,0.0,0.0,0.0,0.0,0.0,0.0,0.0,0.169614835948645,0.236800391704189,1.82952924393723,3.1136173413653,0.0,0.0,,,,,,,,,,,,,,,,,,,,,,,,,,,,,,,,,2010.0,1987-05-02,,,,12
Jake Lampman,NO,WR,13027,weighted,,,,,,,0.451303155006859,0.707106781186547,0.0,0.0,0.0,0.0,0.0,0.0,0.0,0.0,0.0451303155006859,0.0707106781186548,2.70781893004115,4.24264068711928,0.0,0.0,,,,,,,,,,,,,,,,,,,,,,,,,,,,,,,,,2016.0,1993-06-11,,,,12
Tre McBride,TEN,WR,12260,weighted,,,,,,,0.0,,0.0,,0.0,,0.0,,0.0,,0.0,,0.0,,0.0,,,,,,,,,,,,,,,,,,,,,,,,,,,,,,,,,,2015.0,1992-12-01,,,,12
Geronimo Allison,GB,WR,12665,weighted,,,,,,,0.0,0.0,0.0,0.0,0.0,0.0,0.0,0.0,0.0,0.0,0.398127674750357,0.0853426502850541,4.81647646219686,0.946003193273593,0.0,0.0,,,,,,,,,,,,,,,,,,,,,,,,,,,,,,,,,2016.0,1994-01-18,,,,12
Keith Mumphery,HOU,WR,12331,weighted,,,,,,,0.0286437246963563,0.0405617405193122,0.0,0.0,0.0,0.0,0.0,0.0,0.0,0.0,0.295893580104106,0.0725106382900073,3.22481203007519,1.67129672486788,0.0,0.0,,,,,,,,,,,,,,,,,,,,,,,,,,,,,,,,,2015.0,1992-06-05,,,,12
Chris Matthews,BAL,WR,11752,weighted,,,,,,,0.0,,0.0,,0.0,,0.0,,0.0,,0.0,,0.0,,0.0,,,,,,,,,,,,,,,,,,,,,,,,,,,,,,,,,,2013.0,1989-10-06,IR,Undisclosed,2016.0,12
Michael Campanaro,BAL,WR,11857,weighted,,,,,,,0.0,0.0,0.0,0.0,0.0,0.0,0.0,0.0,0.0,0.0,0.0902606310013717,0.14142135623731,0.992866941015089,1.5556349186104,0.0,0.0,,,,,,,,,,,,,,,,,,,,,,,,,,,,,,,,,2014.0,1991-01-25,O,Calf,2016.0,12
Tanner McEvoy,SEA,WR,12949,weighted,,,,,,,0.0393809523809524,0.0419862707215179,0.0,0.0,0.0,0.0,0.0,0.0,0.0,0.0,0.131107142857143,0.098571300387141,2.24557142857143,2.20741069617089,0.0596785714285714,0.0493041389218341,,,,,,,,,,,,,,,,,,,,,,,,,,,,,,,,,2016.0,1993-01-26,Q,Toe,2016.0,12
Brenton Bersin,CAR,WR,11948,weighted,,,,,,,0.0,0.0,0.0,0.0,0.0,0.0,0.0,0.0,0.0,0.0,0.157502329916123,0.15670566912657,1.95973904939422,2.13974872206849,0.0,0.0,,,,,,,,,,,,,,,,,,,,,,,,,,,,,,,,,2013.0,1990-05-09,,,,12
Devin Smith,NYJ,WR,12182,weighted,,,,,,,0.0,0.0,0.0,0.0,0.0,0.0,0.0,0.0,0.0,0.0,0.0924731182795699,0.14142135623731,1.29462365591398,1.97989898732233,0.0,0.0,,,,,,,,,,,,,,,,,,,,,,,,,,,,,,,,,,,,,,12
Leonte Carroo,MIA,WR,12655,weighted,,,,,,,0.0,0.0,0.0,0.0,0.0,0.0,0.0,0.0,0.0,0.0,0.122301908617698,0.110120808369941,1.58733371891267,1.51604159882516,0.0,0.0,,,,,,,,,,,,,,,,,,,,,,,,,,,,,,,,,2016.0,1994-01-24,,,,12
Trevor Davis,GB,WR,12800,weighted,,,,,,,0.230075187969925,0.426529600288795,0.0,0.0,0.0284268363215732,0.0406689502003626,0.0,0.0,0.0,0.0,0.178264893001735,0.107081483892396,2.5320994794679,1.47006263778977,0.0,0.0,,,,,,,,,,,,,,,,,,,,,,,,,,,,,,,,,2016.0,1993-07-04,,,,12
Mike Thomas,LA,WR,12675,weighted,,,,,,,0.0,0.0,0.0,0.0,0.0,0.0,0.0,0.0,0.0,0.0,0.2,3.94398109311434e-17,3.28669410150892,0.919238815542512,0.0,0.0,,,,,,,,,,,,,,,,,,,,,,,,,,,,,,,,,2016.0,1994-08-16,,,,12
Devin Street,IND,WR,11687,weighted,,,,,,,0.0,0.0,0.0,0.0,0.0,0.0,0.0,0.0,0.0,0.0,0.157422969187675,0.156848852925644,1.95490196078431,2.00841433226662,0.0,0.0,,,,,,,,,,,,,,,,,,,,,,,,,,,,,,,,,2014.0,1991-03-30,,,,12
Rashard Higgins,CLE,WR,12656,weighted,,,,,,,0.0,0.0,0.0,0.0,0.0,0.0,0.0,0.0,0.0,0.0,0.272943898207056,0.0826170978248475,3.02175824175824,0.586705232850616,0.0,0.0,,,,,,,,,,,,,,,,,,,,,,,,,,,,,,,,,2016.0,1994-10-07,,,,12
Dwayne Harris,NYG,WR,10410,weighted,,,,,,,0.0,0.0,0.0,0.0,0.0,0.0,0.0,0.0,0.1,0.0,0.145887796414112,0.165234195649695,1.84661654135338,1.80193515613503,0.0227183342972817,0.0426263222827248,,,,,,,,,,,,,,,,,,,,,,,,,,,,,,,,,2011.0,1987-09-16,,,,12
Keshawn Martin,FA,WR,10835,weighted,,,,,,,0.0,0.0,0.0,0.0,0.0,0.0,0.0,0.0,0.0,0.0,0.138709677419355,0.212132034355964,1.75698924731183,2.68700576850888,0.0,0.0,,,,,,,,,,,,,,,,,,,,,,,,,,,,,,,,,2012.0,1990-03-15,,,,12
Brittan Golden,ARI,WR,11570,weighted,,,,,,,0.171862348178138,0.243370443115873,0.0,0.0,0.0,0.0,0.0,0.0,0.0,0.0,0.145135916714864,0.114269421404016,2.00031231925969,1.40773472912955,0.0,0.0,,,,,,,,,,,,,,,,,,,,,,,,,,,,,,,,,2012.0,1988-07-20,Q,Groin,2016.0,12
Isaiah Burse,SD,WR,11928,weighted,,,,,,,0.0,0.0,0.0,0.0,0.0,0.0,0.0,0.0,0.0,0.0,0.0590974729241877,0.0935448526414279,1.13761732851986,1.46652531326892,0.0,0.0,,,,,,,,,,,,,,,,,,,,,,,,,,,,,,,,,2014.0,1991-12-08,,,,12
Demarcus Robinson,KC,WR,12785,weighted,,,,,,,0.296428571428571,0.466012459066527,0.0,0.0,0.0,0.0,0.0,0.0,0.0,0.0,0.106535714285714,0.087569848448109,1.023,0.851348785975857,0.0,0.0,,,,,,,,,,,,,,,,,,,,,,,,,,,,,,,,,2016.0,1994-09-21,,,,12
Jakeem Grant,MIA,WR,12814,weighted,,,,,,,0.0,0.0,0.0,0.0,0.0284268363215732,0.0406689502003626,0.0,0.0,0.0,0.0,0.0740427993059572,0.083708676111129,1.14783111625217,1.27928587817559,0.0,0.0,,,,,,,,,,,,,,,,,,,,,,,,,,,,,,,,,2016.0,1992-10-30,,,,12
Lucky Whitehead,DAL,WR,12439,weighted,,,,,,,3.15992779783394,2.02218912329526,0.0,0.0,0.0,0.0,0.0,0.0,0.0,0.0,0.229548736462094,0.0467724263207139,2.00851985559567,0.342350717685913,0.0,0.0,,,,,,,,,,,,,,,,,,,,,,,,,,,,,,,,,,,,,,12
Geremy Davis,SD,WR,12338,weighted,,,,,,,0.0,0.0,0.0,0.0,0.0,0.0,0.0,0.0,0.0,0.0,0.115439577508543,0.102921593957358,1.33777570674122,1.18642035509812,0.0,0.0,,,,,,,,,,,,,,,,,,,,,,,,,,,,,,,,,2015.0,1992-01-10,,,,12
Eric Weems,ATL,WR,9383,weighted,,,,,,,0.0286437246963563,0.0405617405193122,0.0,0.0,0.0,0.0,0.0,0.0,0.0,0.0,0.0313128976286871,0.0460549933687483,0.403238866396761,0.426823012225999,0.0,0.0,,,,,,,,,,,,,,,,,,,,,,,,,,,,,,,,,2007.0,1985-07-04,,,,12
Johnny Holton,OAK,WR,12916,weighted,,,,,,,1.69862348178138,1.43277090228361,0.0,0.0,0.0,0.0,0.0,0.0,0.0,0.0,0.0502255639097744,0.0505787891164113,0.636263736263736,0.846468600738434,0.0,0.0,,,,,,,,,,,,,,,,,,,,,,,,,,,,,,,,,2016.0,1991-08-22,,,,12
Tevaun Smith,IND,WR,12939,weighted,,,,,,,0.0,,0.0,,0.0,,0.0,,0.0,,0.0,,0.0,,0.0,,,,,,,,,,,,,,,,,,,,,,,,,,,,,,,,,,2016.0,1993-01-30,,,,12
Devin Hester,BAL,WR,8298,weighted,,,,,,,0.0,0.0,0.0,0.0,0.0284268363215732,0.0406689502003626,0.0,0.0,0.0,0.0,0.0038056680161943,0.0087842083561488,0.0798033545401967,0.137076464690575,0.0,0.0,,,,,,,,,,,,,,,,,,,,,,,,,,,,,,,,,2006.0,1982-11-04,,,,12
Andre Caldwell,DET,WR,9050,weighted,,,,,,,0.0947857142857143,0.0830904576685617,0.0,0.0,0.0,0.0,0.0,0.0,0.0,0.0,0.0311904761904762,0.0465884406022304,0.343095238095238,0.512472846624535,0.0,0.0,,,,,,,,,,,,,,,,,,,,,,,,,,,,,,,,,2008.0,1985-04-15,Q,Hand,2016.0,12
Frankie Hammond,FA,WR,nfl_2541828,weighted,,,,,,,0.0,0.0,0.0,0.0,0.0,0.0,0.0,0.0,0.0,0.0,0.0947809878844362,0.101969742157096,0.521295433364399,0.560833581864029,0.0,0.0,,,,,,,,,,,,,,,,,,,,,,,,,,,,,,,,,,,,,,12
Seyi Ajirotutu,PHI,WR,nfl_497260,weighted,,,,,,,0.0,0.0,0.0,0.0,0.0,0.0,0.0,0.0,0.0,0.0,0.0465435606060606,0.0507517151227156,0.232717803030303,0.253758575613578,0.0,0.0,,,,,,,,,,,,,,,,,,,,,,,,,,,,,,,,,2010.0,1987-06-12,,,,12
Kaelin Clay,BAL,WR,12337,weighted,,,,,,,0.0,0.0,0.0,0.0,0.0,0.0,0.0,0.0,0.0,0.0,0.0,0.0,0.0930871212121212,0.101503430245431,0.0,0.0,,,,,,,,,,,,,,,,,,,,,,,,,,,,,,,,,2015.0,1992-01-03,Q,Foot,2016.0,12
Jerome Simpson,FA,WR,nfl_318,weighted,,,,,,,0.0,0.0,0.0,0.0,0.0,0.0,0.0,0.0,0.0,0.0,0.0,0.0,0.0,0.0,0.0,0.0,,,,,,,,,,,,,,,,,,,,,,,,,,,,,,,,,2008.0,1986-02-04,,,,12
Steve Johnson,SD,WR,9269,weighted,,,,,,,0.0,0.0,0.0,0.0,0.0,0.0,0.0,0.0,0.0,0.0,0.0,0.0,0.0,0.0,0.0,0.0,,,,,,,,,,,,,,,,,,,,,,,,,,,,,,,,,2008.0,1986-07-22,IR,Knee,2016.0,12
Matthew Slater,NE,WR,9200,weighted,,,,,,,0.0,0.0,0.0,0.0,0.0,0.0,0.0,0.0,0.0,0.0,0.0,0.0,0.0,0.0,0.0,0.0,,,,,,,,,,,,,,,,,,,,,,,,,,,,,,,,,2008.0,1985-09-09,O,Foot,2016.0,12
Darrius Heyward-Bey,PIT,WR,9452,weighted,,,,,,,0.0,0.0,0.0,0.0,0.0,0.0,0.0,0.0,0.0,0.0,0.0,0.0,0.0,0.0,0.0,0.0,,,,,,,,,,,,,,,,,,,,,,,,,,,,,,,,,2009.0,1987-02-26,O,Foot,2016.0,12
Jeremy Maclin,KC,WR,9436,weighted,,,,,,,0.0,0.0,0.0,0.0,0.0,0.0,0.0,0.0,0.0,0.0,0.0,0.0,0.0,0.0,0.0,0.0,,,,,,,,,,,,,,,,,,,,,,,,,,,,,,,,,2009.0,1988-05-11,O,Groin,2016.0,12
Louis Murphy,TB,WR,9560,weighted,,,,,,,0.0,0.0,0.0,0.0,0.0,0.0,0.0,0.0,0.0,0.0,0.0,0.0,0.0,0.0,0.0,0.0,,,,,,,,,,,,,,,,,,,,,,,,,,,,,,,,,2009.0,1987-05-11,IR,Knee,2016.0,12
Brandon Gibson,NE,WR,nfl_81288,weighted,,,,,,,0.0,0.0,0.0,0.0,0.0,0.0,0.0,0.0,0.0,0.0,0.0,0.0,0.0,0.0,0.0,0.0,,,,,,,,,,,,,,,,,,,,,,,,,,,,,,,,,2009.0,1987-08-13,,,,12
Brian Hartline,FA,WR,nfl_81831,weighted,,,,,,,0.0,0.0,0.0,0.0,0.0,0.0,0.0,0.0,0.0,0.0,0.0,0.0,0.0,0.0,0.0,0.0,,,,,,,,,,,,,,,,,,,,,,,,,,,,,,,,,2009.0,1986-11-22,,,,12
Riley Cooper,FA,WR,nfl_497282,weighted,,,,,,,0.0,0.0,0.0,0.0,0.0,0.0,0.0,0.0,0.0,0.0,0.0,0.0,0.0,0.0,0.0,0.0,,,,,,,,,,,,,,,,,,,,,,,,,,,,,,,,,2010.0,1987-09-09,,,,12
Eric Decker,NYJ,WR,9881,weighted,,,,,,,0.0,0.0,0.0,0.0,0.0,0.0,0.0,0.0,0.0,0.0,0.0,0.0,0.0,0.0,0.0,0.0,,,,,,,,,,,,,,,,,,,,,,,,,,,,,,,,,2010.0,1987-03-15,IR,Shoulder,2016.0,12
Marcus Easley,BUF,WR,nfl_497286,weighted,,,,,,,0.0,0.0,0.0,0.0,0.0,0.0,0.0,0.0,0.0,0.0,0.0,0.0,0.0,0.0,0.0,0.0,,,,,,,,,,,,,,,,,,,,,,,,,,,,,,,,,2010.0,1987-11-02,IR,Kneecap,2016.0,12
Leonard Hankerson,FA,WR,10307,weighted,,,,,,,0.0,0.0,0.0,0.0,0.0,0.0,0.0,0.0,0.0,0.0,0.0,0.0,0.0,0.0,0.0,0.0,,,,,,,,,,,,,,,,,,,,,,,,,,,,,,,,,2011.0,1988-05-07,,,,12
A.J. Green,CIN,WR,10261,weighted,,,,,,,0.0,0.0,0.0,0.0,0.0,0.0,0.0,0.0,0.0,0.0,0.0,0.0,0.0,0.0,0.0,0.0,,,,,,,,,,,,,,,,,,,,,,,,,,,,,,,,,2011.0,1988-07-31,O,Hamstring,2016.0,12
Dwayne Bowe,FA,WR,nfl_2495558,weighted,,,,,,,0.0,0.0,0.0,0.0,0.0,0.0,0.0,0.0,0.0,0.0,0.0,0.0,0.0,0.0,0.0,0.0,,,,,,,,,,,,,,,,,,,,,,,,,,,,,,,,,2007.0,1984-09-21,,,,12
Jacoby Jones,FA,WR,nfl_2495651,weighted,,,,,,,0.0,0.0,0.0,0.0,0.0,0.0,0.0,0.0,0.0,0.0,0.0,0.0,0.0,0.0,0.0,0.0,,,,,,,,,,,,,,,,,,,,,,,,,,,,,,,,,2007.0,1984-07-11,,,,12
Marques Colston,FA,WR,8493,weighted,,,,,,,0.0,0.0,0.0,0.0,0.0,0.0,0.0,0.0,0.0,0.0,0.0,0.0,0.0,0.0,0.0,0.0,,,,,,,,,,,,,,,,,,,,,,,,,,,,,,,,,2006.0,1983-06-05,Q,Shoulder,2016.0,12
Greg Jennings,FA,WR,nfl_2495867,weighted,,,,,,,0.0,0.0,0.0,0.0,0.0,0.0,0.0,0.0,0.0,0.0,0.0,0.0,0.0,0.0,0.0,0.0,,,,,,,,,,,,,,,,,,,,,,,,,,,,,,,,,2006.0,1983-09-21,,,,12
Andre Johnson,FA,WR,6931,weighted,,,,,,,0.0,0.0,0.0,0.0,0.0,0.0,0.0,0.0,0.0,0.0,0.0,0.0,0.0,0.0,0.0,0.0,,,,,,,,,,,,,,,,,,,,,,,,,,,,,,,,,2003.0,1981-07-11,,,,12
Wes Welker,LA,WR,7653,weighted,,,,,,,0.0,0.0,0.0,0.0,0.0,0.0,0.0,0.0,0.0,0.0,0.0,0.0,0.0,0.0,0.0,0.0,,,,,,,,,,,,,,,,,,,,,,,,,,,,,,,,,2004.0,1981-05-01,,,,12
Vincent Jackson,TB,WR,7873,weighted,,,,,,,0.0,0.0,0.0,0.0,0.0,0.0,0.0,0.0,0.0,0.0,0.0,0.0,0.0,0.0,0.0,0.0,,,,,,,,,,,,,,,,,,,,,,,,,,,,,,,,,2005.0,1983-01-14,IR,Knee,2016.0,12
James Jones,FA,WR,8776,weighted,,,,,,,0.0,0.0,0.0,0.0,0.0,0.0,0.0,0.0,0.0,0.0,0.0,0.0,0.0,0.0,0.0,0.0,,,,,,,,,,,,,,,,,,,,,,,,,,,,,,,,,2007.0,1984-03-31,,,,12
Vincent Brown,FA,WR,nfl_2508115,weighted,,,,,,,0.0,0.0,0.0,0.0,0.0,0.0,0.0,0.0,0.0,0.0,0.0,0.0,0.0,0.0,0.0,0.0,,,,,,,,,,,,,,,,,,,,,,,,,,,,,,,,,2011.0,1989-01-25,Q,Calf,2016.0,12
Jarrett Boykin,FA,WR,10930,weighted,,,,,,,0.0,0.0,0.0,0.0,0.0,0.0,0.0,0.0,0.0,0.0,0.0,0.0,0.0,0.0,0.0,0.0,,,,,,,,,,,,,,,,,,,,,,,,,,,,,,,,,2012.0,1989-11-04,,,,12
T.J. Graham,FA,WR,nfl_2532850,weighted,,,,,,,0.0,0.0,0.0,0.0,0.0,0.0,0.0,0.0,0.0,0.0,0.0,0.0,0.0,0.0,0.0,0.0,,,,,,,,,,,,,,,,,,,,,,,,,,,,,,,,,2012.0,1989-07-27,,,,12
Nick Toon,FA,WR,nfl_2532960,weighted,,,,,,,0.0,0.0,0.0,0.0,0.0,0.0,0.0,0.0,0.0,0.0,0.0,0.0,0.0,0.0,0.0,0.0,,,,,,,,,,,,,,,,,,,,,,,,,,,,,,,,,2012.0,1988-11-04,,,,12
Alshon Jeffery,CHI,WR,10722,weighted,,,,,,,0.0,0.0,0.0,0.0,0.0,0.0,0.0,0.0,0.0,0.0,0.0,0.0,0.0,0.0,0.0,0.0,,,,,,,,,,,,,,,,,,,,,,,,,,,,,,,,,2012.0,1990-02-14,S,Suspension,2016.0,12
Rueben Randle,FA,WR,10725,weighted,,,,,,,0.0,0.0,0.0,0.0,0.0,0.0,0.0,0.0,0.0,0.0,0.0,0.0,0.0,0.0,0.0,0.0,,,,,,,,,,,,,,,,,,,,,,,,,,,,,,,,,2012.0,1991-05-07,,,,12
Stephen Hill,FA,WR,10800,weighted,,,,,,,0.0,0.0,0.0,0.0,0.0,0.0,0.0,0.0,0.0,0.0,0.0,0.0,0.0,0.0,0.0,0.0,,,,,,,,,,,,,,,,,,,,,,,,,,,,,,,,,2012.0,1991-04-25,Q,Knee,2016.0,12
Chris Givens,FA,WR,10736,weighted,,,,,,,0.0,0.0,0.0,0.0,0.0,0.0,0.0,0.0,0.0,0.0,0.0,0.0,0.0,0.0,0.0,0.0,,,,,,,,,,,,,,,,,,,,,,,,,,,,,,,,,2012.0,1989-12-06,,,,12
Damaris Johnson,FA,WR,nfl_2536031,weighted,,,,,,,0.0,0.0,0.0,0.0,0.0,0.0,0.0,0.0,0.0,0.0,0.0,0.0,0.0,0.0,0.0,0.0,,,,,,,,,,,,,,,,,,,,,,,,,,,,,,,,,2012.0,1989-11-22,,,,12
Josh Gordon,CLE,WR,10960,weighted,,,,,,,0.0,0.0,0.0,0.0,0.0,0.0,0.0,0.0,0.0,0.0,0.0,0.0,0.0,0.0,0.0,0.0,,,,,,,,,,,,,,,,,,,,,,,,,,,,,,,,,2012.0,1991-04-13,S,Suspension,2016.0,12
Kenbrell Thompkins,FA,WR,11440,weighted,,,,,,,0.0,0.0,0.0,0.0,0.0,0.0,0.0,0.0,0.0,0.0,0.0,0.0,0.0,0.0,0.0,0.0,,,,,,,,,,,,,,,,,,,,,,,,,,,,,,,,,2013.0,1988-07-29,Q,Groin,2016.0,12
Aaron Dobson,FA,WR,11214,weighted,,,,,,,0.0,0.0,0.0,0.0,0.0,0.0,0.0,0.0,0.0,0.0,0.0,0.0,0.0,0.0,0.0,0.0,,,,,,,,,,,,,,,,,,,,,,,,,,,,,,,,,2013.0,1991-07-23,,,,12
Rodney Smith,FA,WR,nfl_2539674,weighted,,,,,,,0.0,0.0,0.0,0.0,0.0,0.0,0.0,0.0,0.0,0.0,0.0,0.0,0.0,0.0,0.0,0.0,,,,,,,,,,,,,,,,,,,,,,,,,,,,,,,,,2013.0,1990-03-11,,,,12
Marlon Brown,DEN,WR,11481,weighted,,,,,,,0.0,0.0,0.0,0.0,0.0,0.0,0.0,0.0,0.0,0.0,0.0,0.0,0.0,0.0,0.0,0.0,,,,,,,,,,,,,,,,,,,,,,,,,,,,,,,,,2013.0,1991-04-22,,,,12
Keenan Allen,SD,WR,11222,weighted,,,,,,,0.0,0.0,0.0,0.0,0.0,0.0,0.0,0.0,0.0,0.0,0.0,0.0,0.0,0.0,0.0,0.0,,,,,,,,,,,,,,,,,,,,,,,,,,,,,,,,,2013.0,1992-04-27,IR,Knee,2016.0,12
Stedman Bailey,LA,WR,11223,weighted,,,,,,,0.0,0.0,0.0,0.0,0.0,0.0,0.0,0.0,0.0,0.0,0.0,0.0,0.0,0.0,0.0,0.0,,,,,,,,,,,,,,,,,,,,,,,,,,,,,,,,,2013.0,1990-11-11,IR,Head,2016.0,12
Josh Boyce,FA,WR,nfl_2540181,weighted,,,,,,,0.0,0.0,0.0,0.0,0.0,0.0,0.0,0.0,0.0,0.0,0.0,0.0,0.0,0.0,0.0,0.0,,,,,,,,,,,,,,,,,,,,,,,,,,,,,,,,,2013.0,1991-05-06,,,,12
Corey Fuller,FA,WR,11220,weighted,,,,,,,0.0,0.0,0.0,0.0,0.0,0.0,0.0,0.0,0.0,0.0,0.0,0.0,0.0,0.0,0.0,0.0,,,,,,,,,,,,,,,,,,,,,,,,,,,,,,,,,2013.0,1990-06-23,,,,12
Nick Williams,FA,WR,11600,weighted,,,,,,,0.0,0.0,0.0,0.0,0.0,0.0,0.0,0.0,0.0,0.0,0.0,0.0,0.0,0.0,0.0,0.0,,,,,,,,,,,,,,,,,,,,,,,,,,,,,,,,,2013.0,1990-11-23,,,,12
Jaron Brown,ARI,WR,11456,weighted,,,,,,,0.0,0.0,0.0,0.0,0.0,0.0,0.0,0.0,0.0,0.0,0.0,0.0,0.0,0.0,0.0,0.0,,,,,,,,,,,,,,,,,,,,,,,,,,,,,,,,,2013.0,1990-01-08,IR,Knee,2016.0,12
Martavis Bryant,PIT,WR,11688,weighted,,,,,,,0.0,0.0,0.0,0.0,0.0,0.0,0.0,0.0,0.0,0.0,0.0,0.0,0.0,0.0,0.0,0.0,,,,,,,,,,,,,,,,,,,,,,,,,,,,,,,,,2014.0,1991-12-20,S,Suspension,2016.0,12
Bruce Ellington,SF,WR,11689,weighted,,,,,,,0.0,0.0,0.0,0.0,0.0,0.0,0.0,0.0,0.0,0.0,0.0,0.0,0.0,0.0,0.0,0.0,,,,,,,,,,,,,,,,,,,,,,,,,,,,,,,,,2014.0,1991-08-22,IR,Hamstring,2016.0,12
Josh Huff,FA,WR,11684,weighted,,,,,,,0.0,0.0,0.0,0.0,0.0,0.0,0.0,0.0,0.0,0.0,0.0,0.0,0.0,0.0,0.0,0.0,,,,,,,,,,,,,,,,,,,,,,,,,,,,,,,,,2014.0,1991-10-14,,,,12
Jared Abbrederis,FA,WR,11682,weighted,,,,,,,0.0,0.0,0.0,0.0,0.0,0.0,0.0,0.0,0.0,0.0,0.0,0.0,0.0,0.0,0.0,0.0,,,,,,,,,,,,,,,,,,,,,,,,,,,,,,,,,2014.0,1990-12-17,Q,Quadriceps,2016.0,12
Robert Herron,FA,WR,nfl_2543777,weighted,,,,,,,0.0,0.0,0.0,0.0,0.0,0.0,0.0,0.0,0.0,0.0,0.0,0.0,0.0,0.0,0.0,0.0,,,,,,,,,,,,,,,,,,,,,,,,,,,,,,,,,2014.0,1992-06-02,,,,12
Matt Hazel,FA,WR,11839,weighted,,,,,,,0.0,0.0,0.0,0.0,0.0,0.0,0.0,0.0,0.0,0.0,0.0,0.0,0.0,0.0,0.0,0.0,,,,,,,,,,,,,,,,,,,,,,,,,,,,,,,,,2014.0,1992-01-23,,,,12
T.J. Jones,FA,WR,11686,weighted,,,,,,,0.0,0.0,0.0,0.0,0.0,0.0,0.0,0.0,0.0,0.0,0.0,0.0,0.0,0.0,0.0,0.0,,,,,,,,,,,,,,,,,,,,,,,,,,,,,,,,,2014.0,1992-07-19,,,,12
Jonathan Krause,FA,WR,nfl_2550216,weighted,,,,,,,0.0,0.0,0.0,0.0,0.0,0.0,0.0,0.0,0.0,0.0,0.0,0.0,0.0,0.0,0.0,0.0,,,,,,,,,,,,,,,,,,,,,,,,,,,,,,,,,,,,,,12
Kain Colter,FA,WR,nfl_2550330,weighted,,,,,,,0.0,0.0,0.0,0.0,0.0,0.0,0.0,0.0,0.0,0.0,0.0,0.0,0.0,0.0,0.0,0.0,,,,,,,,,,,,,,,,,,,,,,,,,,,,,,,,,2014.0,1992-05-24,,,,12
Seantavius Jones,FA,WR,11921,weighted,,,,,,,0.0,0.0,0.0,0.0,0.0,0.0,0.0,0.0,0.0,0.0,0.0,0.0,0.0,0.0,0.0,0.0,,,,,,,,,,,,,,,,,,,,,,,,,,,,,,,,,2014.0,1992-08-09,,,,12
Corey Washington,FA,WR,nfl_2550413,weighted,,,,,,,0.0,0.0,0.0,0.0,0.0,0.0,0.0,0.0,0.0,0.0,0.0,0.0,0.0,0.0,0.0,0.0,,,,,,,,,,,,,,,,,,,,,,,,,,,,,,,,,2014.0,1991-12-29,,,,12
Javontee Herndon,SD,WR,11968,weighted,,,,,,,0.0,0.0,0.0,0.0,0.0,0.0,0.0,0.0,0.0,0.0,0.0,0.0,0.0,0.0,0.0,0.0,,,,,,,,,,,,,,,,,,,,,,,,,,,,,,,,,2014.0,1991-06-29,IR,Knee,2016.0,12
Kenny Bell,FA,WR,12195,weighted,,,,,,,0.0,0.0,0.0,0.0,0.0,0.0,0.0,0.0,0.0,0.0,0.0,0.0,0.0,0.0,0.0,0.0,,,,,,,,,,,,,,,,,,,,,,,,,,,,,,,,,2015.0,1992-02-25,Q,Concussion,2016.0,12
DaRon Brown,KC,WR,nfl_2552479,weighted,,,,,,,0.0,0.0,0.0,0.0,0.0,0.0,0.0,0.0,0.0,0.0,0.0,0.0,0.0,0.0,0.0,0.0,,,,,,,,,,,,,,,,,,,,,,,,,,,,,,,,,2015.0,1991-09-21,,,,12
Mario Alford,FA,WR,12374,weighted,,,,,,,0.0,0.0,0.0,0.0,0.0,0.0,0.0,0.0,0.0,0.0,0.0,0.0,0.0,0.0,0.0,0.0,,,,,,,,,,,,,,,,,,,,,,,,,,,,,,,,,,,O,Ankle,2016.0,12
Evan Spencer,FA,WR,nfl_2553289,weighted,,,,,,,0.0,0.0,0.0,0.0,0.0,0.0,0.0,0.0,0.0,0.0,0.0,0.0,0.0,0.0,0.0,0.0,,,,,,,,,,,,,,,,,,,,,,,,,,,,,,,,,,,,,,12
Andre Debose,FA,WR,nfl_2553453,weighted,,,,,,,0.0,0.0,0.0,0.0,0.0,0.0,0.0,0.0,0.0,0.0,0.0,0.0,0.0,0.0,0.0,0.0,,,,,,,,,,,,,,,,,,,,,,,,,,,,,,,,,,,,,,12
Quan Bray,IND,WR,12561,weighted,,,,,,,0.0,0.0,0.0,0.0,0.0,0.0,0.0,0.0,0.0,0.0,0.0,0.0,0.0,0.0,0.0,0.0,,,,,,,,,,,,,,,,,,,,,,,,,,,,,,,,,,,IR,Ankle,2016.0,12
DeAndre Carter,FA,WR,12394,weighted,,,,,,,0.0,0.0,0.0,0.0,0.0,0.0,0.0,0.0,0.0,0.0,0.0,0.0,0.0,0.0,0.0,0.0,,,,,,,,,,,,,,,,,,,,,,,,,,,,,,,,,2015.0,1993-04-10,,,,12
Donteea Dye,TB,WR,12541,weighted,,,,,,,0.0,0.0,0.0,0.0,0.0,0.0,0.0,0.0,0.0,0.0,0.0,0.0,0.0,0.0,0.0,0.0,,,,,,,,,,,,,,,,,,,,,,,,,,,,,,,,,,,,,,12
Darius Jennings,FA,WR,12586,weighted,,,,,,,0.0,0.0,0.0,0.0,0.0,0.0,0.0,0.0,0.0,0.0,0.0,0.0,0.0,0.0,0.0,0.0,,,,,,,,,,,,,,,,,,,,,,,,,,,,,,,,,,,,,,12
Kasen Williams,FA,WR,12430,weighted,,,,,,,0.0,0.0,0.0,0.0,0.0,0.0,0.0,0.0,0.0,0.0,0.0,0.0,0.0,0.0,0.0,0.0,,,,,,,,,,,,,,,,,,,,,,,,,,,,,,,,,2015.0,,,,,12
Josh Doctson,WAS,WR,12648,weighted,,,,,,,0.0,0.0,0.0,0.0,0.0,0.0,0.0,0.0,0.0,0.0,0.0,0.0,0.0,0.0,0.0,0.0,,,,,,,,,,,,,,,,,,,,,,,,,,,,,,,,,2016.0,,IR,Achilles,2016.0,12
Kenny Lawler,FA,WR,12654,weighted,,,,,,,0.0,0.0,0.0,0.0,0.0,0.0,0.0,0.0,0.0,0.0,0.0,0.0,0.0,0.0,0.0,0.0,,,,,,,,,,,,,,,,,,,,,,,,,,,,,,,,,2016.0,1994-06-25,,,,12
Anthony Dable,FA,WR,nfl_2555573,weighted,,,,,,,0.0,0.0,0.0,0.0,0.0,0.0,0.0,0.0,0.0,0.0,0.0,0.0,0.0,0.0,0.0,0.0,,,,,,,,,,,,,,,,,,,,,,,,,,,,,,,,,0.0,,,,,12
Daniel Braverman,FA,WR,12672,weighted,,,,,,,0.0,0.0,0.0,0.0,0.0,0.0,0.0,0.0,0.0,0.0,0.0,0.0,0.0,0.0,0.0,0.0,,,,,,,,,,,,,,,,,,,,,,,,,,,,,,,,,2016.0,1993-09-28,,,,12
Devin Fuller,ATL,WR,12847,weighted,,,,,,,0.0,0.0,0.0,0.0,0.0,0.0,0.0,0.0,0.0,0.0,0.0,0.0,0.0,0.0,0.0,0.0,,,,,,,,,,,,,,,,,,,,,,,,,,,,,,,,,2016.0,1994-01-29,IR,Shoulder,2016.0,12
Moritz Boehringer,FA,WR,12809,weighted,,,,,,,0.0,0.0,0.0,0.0,0.0,0.0,0.0,0.0,0.0,0.0,0.0,0.0,0.0,0.0,0.0,0.0,,,,,,,,,,,,,,,,,,,,,,,,,,,,,,,,,2016.0,,,,,12
Jace Billingsley,FA,WR,12932,weighted,,,,,,,0.0,0.0,0.0,0.0,0.0,0.0,0.0,0.0,0.0,0.0,0.0,0.0,0.0,0.0,0.0,0.0,,,,,,,,,,,,,,,,,,,,,,,,,,,,,,,,,2016.0,1993-05-17,,,,12
Devon Cajuste,FA,WR,12674,weighted,,,,,,,0.0,0.0,0.0,0.0,0.0,0.0,0.0,0.0,0.0,0.0,0.0,0.0,0.0,0.0,0.0,0.0,,,,,,,,,,,,,,,,,,,,,,,,,,,,,,,,,2016.0,1993-01-31,,,,12
Ed Eagan,BUF,WR,13040,weighted,,,,,,,0.0,0.0,0.0,0.0,0.0,0.0,0.0,0.0,0.0,0.0,0.0,0.0,0.0,0.0,0.0,0.0,,,,,,,,,,,,,,,,,,,,,,,,,,,,,,,,,2016.0,1993-06-19,,,,12
D.J. Foster,NE,WR,12871,weighted,,,,,,,0.0,0.0,0.0,0.0,0.0,0.0,0.0,0.0,0.0,0.0,0.0,0.0,0.0,0.0,0.0,0.0,,,,,,,,,,,,,,,,,,,,,,,,,,,,,,,,,2016.0,,,,,12
Andy Jones,FA,WR,12873,weighted,,,,,,,0.0,0.0,0.0,0.0,0.0,0.0,0.0,0.0,0.0,0.0,0.0,0.0,0.0,0.0,0.0,0.0,,,,,,,,,,,,,,,,,,,,,,,,,,,,,,,,,2016.0,,,,,12
Chris Hubert,ARI,WR,nfl_2556743,weighted,,,,,,,0.0,0.0,0.0,0.0,0.0,0.0,0.0,0.0,0.0,0.0,0.0,0.0,0.0,0.0,0.0,0.0,,,,,,,,,,,,,,,,,,,,,,,,,,,,,,,,,2016.0,1993-05-08,,,,12
Keyarris Garrett,FA,WR,12726,weighted,,,,,,,0.0,0.0,0.0,0.0,0.0,0.0,0.0,0.0,0.0,0.0,0.0,0.0,0.0,0.0,0.0,0.0,,,,,,,,,,,,,,,,,,,,,,,,,,,,,,,,,2016.0,1992-09-26,,,,12
Greg Olsen,CAR,TE,8687,weighted,,,,,,,0.0,0.0,0.0,0.0,0.0288140417457306,0.0389721635311675,0.0,0.0,0.0,0.0,5.57357685009488,0.320093300461761,70.5047438330171,8.02201599459389,0.507895524612024,0.260801590915258,,,,,,,,,,,,,,,,,,,,,,,,,,,,,,,,,2007.0,1985-03-11,,,,12
Jordan Reed,WAS,TE,11248,weighted,,,,,,,0.0,0.0,0.0,0.0,0.0746489563567362,0.0364432712252832,0.0,0.0,0.0,0.0,6.29511385199241,0.687093603692239,65.8310246679317,7.3380116546049,0.632637571157495,0.289812689351953,,,,,,,,,,,,,,,,,,,,,,,,,,,,,,,,,2013.0,1990-07-03,,,,12
Jimmy Graham,SEA,TE,9925,weighted,,,,,,,0.0,0.0,0.0,0.0,0.0973434535104364,0.0650560183979792,0.0,0.0,0.0,0.0,4.80128083491461,0.72827045577574,60.4644686907021,7.8068723442701,0.521746117520311,0.271754454659009,,,,,,,,,,,,,,,,,,,,,,,,,,,,,,,,,2010.0,1986-11-24,,,,12
Delanie Walker,TEN,TE,8416,weighted,,,,,,,0.180407969639469,0.215306242666616,0.0,0.0,0.0,0.0,0.0,0.0,0.0,0.0,4.81432637571158,0.724018522973103,57.9165559772296,8.18771680876672,0.540562301119379,0.241146225490245,,,,,,,,,,,,,,,,,,,,,,,,,,,,,,,,,2006.0,1984-08-12,,,,12
Travis Kelce,KC,TE,11244,weighted,,,,,,,-0.083965844402277,0.108058618439494,0.0,0.0,0.026157495256167,0.0370823388871162,0.0,0.0,0.0,0.0,4.86612903225806,0.615415916588208,53.794734345351,8.70415037195125,0.418553816142994,0.302240182409299,,,,,,,,,,,,,,,,,,,,,,,,,,,,,,,,,2013.0,1989-10-05,,,,12
Rob Gronkowski,NE,TE,9902,weighted,,,,,,,0.0,0.0,0.0,0.0,0.0304440697020798,0.0430588469114047,0.0,0.0,0.0,0.0,3.84782649428518,0.885368166000448,58.4880831928049,11.3607784012327,0.579974872782191,0.263357785790607,,,,,,,,,,,,,,,,,,,,,,,,,,,,,,,,,2010.0,1989-05-14,Q,Chest,2016.0,12
Tyler Eifert,CIN,TE,11250,weighted,,,,,,,0.0,0.0,0.0,0.0,0.0,0.0,0.0,0.0,0.0,0.0,4.90189753320683,0.827621542266974,58.1685009487666,7.49865344057977,0.585910815939279,0.325002640512754,,,,,,,,,,,,,,,,,,,,,,,,,,,,,,,,,2013.0,1990-09-08,,,,12
Zach Ertz,PHI,TE,11247,weighted,,,,,,,0.0,0.0,0.0,0.0,0.0,0.0,0.0,0.0,0.0,0.0,4.06157495256167,0.565754237391673,47.417220113852,6.7383162835711,0.519592030360531,0.376386928613446,,,,,,,,,,,,,,,,,,,,,,,,,,,,,,,,,2013.0,1990-11-10,,,,12
Antonio Gates,SD,TE,7236,weighted,,,,,,,0.0,0.0,0.0,0.0,0.0515085388994307,0.0397811088302668,0.0,0.0,0.0,0.0,4.32030360531309,0.397423528781082,45.8698766603416,6.46283181004394,0.553674011942545,0.252070619800461,,,,,,,,,,,,,,,,,,,,,,,,,,,,,,,,,2003.0,1980-06-18,,,,12
Eric Ebron,DET,TE,11695,weighted,,,,,,,0.247039848197343,0.368794357110414,0.027988614800759,0.0360195394798313,0.0288140417457306,0.0389721635311675,0.0,0.0,0.0,0.0,4.66423149905123,0.555329072677752,48.8140417457305,6.55777265159087,0.213795427263566,0.134888995183184,,,,,,,,,,,,,,,,,,,,,,,,,,,,,,,,,2014.0,1993-04-10,,,,12
Kyle Rudolph,MIN,TE,10312,weighted,,,,,,,0.0,0.0,0.0,0.0,0.0,0.0,0.0,0.0,0.0,0.0,4.66921252371916,0.615457723570356,46.3002371916509,8.13083789330799,0.566935483870968,0.34051655928016,,,,,,,,,,,,,,,,,,,,,,,,,,,,,,,,,2011.0,1989-11-09,,,,12
Vance McDonald,SF,TE,11257,weighted,,,,,,,0.0,0.0,0.0,0.0,0.0,0.0,0.0,0.0,0.0,0.0,3.23500948766603,1.12680311445833,37.3334440227704,10.9571842871075,0.448031381252079,0.300081924957481,,,,,,,,,,,,,,,,,,,,,,,,,,,,,,,,,2013.0,1990-06-13,,,,12
Jack Doyle,IND,TE,11516,weighted,,,,,,,0.241816888045541,0.378185125859038,0.0,0.0,0.0,0.0,0.0,0.0,0.0,0.0,3.47669196710942,0.80461815948153,33.507779886148,11.1152777271815,0.396346658362184,0.314958419127717,,,,,,,,,,,,,,,,,,,,,,,,,,,,,,,,,2013.0,1990-05-05,,,,12
C.J. Fiedorowicz,HOU,TE,11698,weighted,,,,,,,0.224667931688805,0.37863394536567,0.0,0.0,0.0,0.0,0.0,0.0,0.0,0.0,4.12177419354839,0.477722846514313,43.0245256166983,8.03625355084499,0.532542694497154,0.375163376588065,,,,,,,,,,,,,,,,,,,,,,,,,,,,,,,,,2014.0,1991-10-22,,,,12
Jason Witten,DAL,TE,6997,weighted,,,,,,,0.0,0.0,0.0,0.0,0.0,0.0,0.0,0.0,0.0,0.0,4.62390891840607,0.354113137708248,48.7027514231499,2.91401522560359,0.203578085223994,0.113885637047532,,,,,,,,,,,,,,,,,,,,,,,,,,,,,,,,,2003.0,1982-05-06,,,,12
Charles Clay,BUF,TE,10409,weighted,,,,,,,0.0,0.0,0.0,0.0,0.0,0.0,0.0,0.0,0.0,0.0,3.35940860215054,0.390998396813367,33.0512808349146,8.93801347855451,0.15540797137099,0.102847629894078,,,,,,,,,,,,,,,,,,,,,,,,,,,,,,,,,2011.0,1989-02-13,Q,Knee,2016.0,12
Gary Barnidge,CLE,TE,9189,weighted,,,,,,,0.0,0.0,0.0,0.0,0.0,0.0,0.0,0.0,0.0,0.0,3.15261701454775,0.362169207358049,37.6444971537002,5.02784407207332,0.288092979127135,0.350940927129305,,,,,,,,,,,,,,,,,,,,,,,,,,,,,,,,,2008.0,1985-09-22,,,,12
Dennis Pitta,BAL,TE,9933,weighted,,,,,,,0.0,0.0,0.0,0.0,0.0,0.0,0.0,0.0,0.0,0.0,4.39814990512334,0.488531996923311,39.1204459203036,4.07525694291305,0.120546381176944,0.0985328131861709,,,,,,,,,,,,,,,,,,,,,,,,,,,,,,,,,2010.0,1985-06-29,,,,12
Martellus Bennett,NE,TE,9044,weighted,,,,,,,0.128589500316256,0.143577124840263,0.0,0.0,0.0,0.0,0.0,0.0,0.0,0.0,3.1786843769766,0.56971647694516,34.2738140417457,8.78466636980053,0.394091872805279,0.320085538344421,,,,,,,,,,,,,,,,,,,,,,,,,,,,,,,,,2008.0,1987-03-10,Q,Ankle,2016.0,12
Jared Cook,GB,TE,9474,weighted,,,,,,,0.0,0.0,0.0,0.0,0.0973434535104364,0.0650560183979792,0.0,0.0,0.0,0.0,3.08179158760278,0.506716399262568,35.9458728652751,5.43459026665692,0.179850422464283,0.100144346532654,,,,,,,,,,,,,,,,,,,,,,,,,,,,,,,,,2009.0,1987-04-07,,,,12
Vernon Davis,WAS,TE,8247,weighted,,,,,,,0.0,0.0,0.0,0.0,0.0,0.0,0.0,0.0,0.0,0.0,2.53320683111954,0.832005985449289,27.7816413662239,12.1446124552741,0.106176266290774,0.0799543488180564,,,,,,,,,,,,,,,,,,,,,,,,,,,,,,,,,2006.0,1984-01-31,,,,12
Cameron Brate,TB,TE,12110,weighted,,,,,,,0.0,0.0,0.0,0.0,0.0,0.0,0.0,0.0,0.0,0.0,3.73130929791271,0.287280416227764,41.4303130929791,2.46335091872614,0.566129032258065,0.34655292897871,,,,,,,,,,,,,,,,,,,,,,,,,,,,,,,,,2014.0,1991-07-03,,,,12
Lance Kendricks,LA,TE,10318,weighted,,,,,,,0.0,0.0,0.0,0.0,0.0687262808349146,0.0383958171379131,0.0,0.0,0.0,0.0,3.25536843769766,0.670502586660415,34.6547438330171,8.00168623441659,0.159448778932413,0.106342831432398,,,,,,,,,,,,,,,,,,,,,,,,,,,,,,,,,2011.0,1988-01-30,,,,12
Logan Paulsen,CHI,TE,10123,weighted,,,,,,,0.0,0.0,0.0,0.0,0.0294100636205899,0.0413021445725596,0.0,0.0,0.0,0.0,2.44411798727588,0.876964328314387,21.856043956044,11.8752721770681,0.129777817334893,0.093741924819171,,,,,,,,,,,,,,,,,,,,,,,,,,,,,,,,,2010.0,1987-02-26,,,,12
Will Tye,NYG,TE,12532,weighted,,,,,,,0.0,0.0,0.0,0.0,0.0,0.0,0.0,0.0,0.0,0.0,3.27622448979592,0.570396192304788,31.0146825396825,7.54396398973297,0.159849513259561,0.112972140485176,,,,,,,,,,,,,,,,,,,,,,,,,,,,,,,,,,,,,,12
Hunter Henry,SD,TE,12676,weighted,,,,,,,0.0,0.0,0.0,0.0,0.0564278937381404,0.0384254737274487,0.0,0.0,0.0,0.0,2.64575426944972,0.784703737805232,28.2524667931689,8.17184518394907,0.32073055028463,0.3390728212194,,,,,,,,,,,,,,,,,,,,,,,,,,,,,,,,,2016.0,1994-12-07,,,,12
Coby Fleener,NO,TE,10743,weighted,,,,,,,0.0321473750790639,0.0358942812100657,0.0321473750790639,0.0358942812100657,0.0,0.0,0.0,0.0,0.0,0.0,2.980463314358,0.226691322091347,33.6627609108159,4.38734054787522,0.181619301038849,0.100657368486309,,,,,,,,,,,,,,,,,,,,,,,,,,,,,,,,,2012.0,1988-09-20,,,,12
Julius Thomas,JAC,TE,10372,weighted,,,,,,,0.0,,0.0,,0.0,,0.0,,0.0,,3.4,,35.1,,0.2,,,,,,,,,,,,,,,,,,,,,,,,,,,,,,,,,,2011.0,1988-06-27,O,Back,2016.0,12
Ladarius Green,PIT,TE,10744,weighted,,,,,,,0.0,0.0,0.0,0.0,0.0,0.0,0.0,0.0,0.0,0.0,2.27881087919039,0.499959536266293,24.8787476280835,9.93661771680513,0.142821608901438,0.109314823731576,,,,,,,,,,,,,,,,,,,,,,,,,,,,,,,,,2012.0,1990-05-29,,,,12
Ben Koyack,JAC,TE,12209,weighted,,,,,,,0.241816888045541,0.378185125859038,0.0,0.0,0.0,0.0,0.0,0.0,0.0,0.0,2.18817994939911,0.727213773440128,21.8377609108159,8.31072519254425,0.269117647058824,0.359198953823662,,,,,,,,,,,,,,,,,,,,,,,,,,,,,,,,,2015.0,1993-04-09,,,,12
Dwayne Allen,IND,TE,10742,weighted,,,,,,,0.241816888045541,0.378185125859038,0.0,0.0,0.0,0.0,0.0,0.0,0.0,0.0,2.29820524984187,0.76016983195927,24.3216318785579,6.7900991838973,0.304506641366224,0.342653953493585,,,,,,,,,,,,,,,,,,,,,,,,,,,,,,,,,2012.0,1990-02-24,,,,12
Austin Seferian-Jenkins,NYJ,TE,11697,weighted,,,,,,,0.320404721753794,0.39944226522033,0.0,0.0,0.0,0.0,0.0,0.0,0.0,0.0,1.17489600899382,0.582120255823113,16.475772906127,10.6299371984455,0.0712777146013958,0.0773727127760199,,,,,,,,,,,,,,,,,,,,,,,,,,,,,,,,,2014.0,1992-09-29,,,,12
Austin Hooper,ATL,TE,12677,weighted,,,,,,,0.0,0.0,0.0,0.0,0.0,0.0,0.0,0.0,0.0,0.0,2.37571157495256,0.233576365110356,28.9391366223909,3.14001227546676,0.194982606455834,0.111131885495244,,,,,,,,,,,,,,,,,,,,,,,,,,,,,,,,,2016.0,1994-10-29,,,,12
Ryan Griffin,HOU,TE,11399,weighted,,,,,,,0.0,0.0,0.0,0.0,0.0,0.0,0.0,0.0,0.0,0.0,2.21681897050318,0.554738845919614,21.3124349334876,6.34493778819339,0.290283400809717,0.387327811739233,,,,,,,,,,,,,,,,,,,,,,,,,,,,,,,,,2013.0,1990-01-11,,,,12
Virgil Green,DEN,TE,10432,weighted,,,,,,,0.0,0.0,0.0,0.0,0.0,0.0,0.0,0.0,0.0,0.0,2.3023798228969,0.441743798202648,22.8390417457306,4.61084963258055,0.222485768500949,0.368824838949767,,,,,,,,,,,,,,,,,,,,,,,,,,,,,,,,,2011.0,1988-08-03,,,,12
Clive Walford,OAK,TE,12210,weighted,,,,,,,0.240023134759977,0.426236055154116,0.0,0.0,0.0,0.0,0.0,0.0,0.0,0.0,2.23722382880278,0.17097836693781,25.0114517061885,3.20020127836127,0.352342394447658,0.35800263581929,,,,,,,,,,,,,,,,,,,,,,,,,,,,,,,,,2015.0,1991-10-21,,,,12
Jermaine Gresham,ARI,TE,9838,weighted,,,,,,,0.0,0.0,0.0,0.0,0.0,0.0,0.0,0.0,0.0,0.0,2.36668594563331,0.62011499650772,22.3537304800463,4.75872755113215,0.150156615058762,0.0505356126843566,,,,,,,,,,,,,,,,,,,,,,,,,,,,,,,,,2010.0,1988-06-16,,,,12
Jesse James,PIT,TE,12211,weighted,,,,,,,0.241816888045541,0.378185125859038,0.0,0.0,0.0,0.0,0.0,0.0,0.0,0.0,2.30726597090449,0.420802567963492,21.8904648956357,3.96326988715311,0.317362428842505,0.346538884280468,,,,,,,,,,,,,,,,,,,,,,,,,,,,,,,,,2015.0,1994-06-04,,,,12
Garrett Celek,SF,TE,11007,weighted,,,,,,,0.0,0.0,0.0,0.0,0.0,0.0,0.0,0.0,0.0,0.0,1.8136032388664,0.192552937586017,20.5687102371313,4.20230092592062,0.0978895950491386,0.0048712175432351,,,,,,,,,,,,,,,,,,,,,,,,,,,,,,,,,2012.0,1988-05-29,,,,12
Rhett Ellison,MIN,TE,10838,weighted,,,,,,,0.0,0.0,0.0,0.0,0.0,0.0,0.0,0.0,0.0,0.0,1.46475,1.06554535363934,11.3751428571429,9.72947399003311,0.0290414723106209,0.047649047646488,,,,,,,,,,,,,,,,,,,,,,,,,,,,,,,,,2012.0,1988-10-03,,,,12
Mychal Rivera,OAK,TE,11258,weighted,,,,,,,0.241816888045541,0.378185125859038,0.0,0.0,0.0,0.0,0.0,0.0,0.0,0.0,1.37534788108792,0.454949717710548,14.3849146110057,6.23740434031717,0.222485768500949,0.368824838949767,,,,,,,,,,,,,,,,,,,,,,,,,,,,,,,,,2013.0,1990-09-08,,,,12
Larry Donnell,NYG,TE,11521,weighted,,,,,,,0.0,0.0,0.0,0.0,0.0292321428571429,0.0466470920552303,0.0,0.0,0.0,0.0,1.17341071428571,1.27008644292995,12.0677857142857,11.5364801704706,0.0947857142857143,0.0830904576685617,,,,,,,,,,,,,,,,,,,,,,,,,,,,,,,,,2012.0,1988-11-01,,,,12
Luke Willson,SEA,TE,11381,weighted,,,,,,,0.0,0.0,0.0,0.0,0.0,0.0,0.0,0.0,0.0,0.0,1.08822934232715,0.803531132143297,10.6925238898257,8.76937067193031,0.049769533445756,0.0861193641547045,,,,,,,,,,,,,,,,,,,,,,,,,,,,,,,,,2013.0,1990-01-15,,,,12
MarQueis Gray,MIA,TE,11434,weighted,,,,,,,0.0,0.0,0.0,0.0,0.0,0.0,0.0,0.0,0.0,0.0,1.27644642857143,0.568870532685117,10.2786428571429,8.40284041225161,0.0595252795450164,0.0509773420302401,,,,,,,,,,,,,,,,,,,,,,,,,,,,,,,,,2013.0,1990-11-07,,,,12
Tyler Kroft,CIN,TE,12212,weighted,,,,,,,0.316904761904762,0.465130741039071,0.0,0.0,0.0,0.0,0.0,0.0,0.0,0.0,1.16510714285714,0.795980774341492,11.1829285714286,7.10722503579526,0.027008064516129,0.0484033450612168,,,,,,,,,,,,,,,,,,,,,,,,,,,,,,,,,2015.0,1992-10-15,,,,12
Josh Hill,NO,TE,11529,weighted,,,,,,,0.0,0.0,0.0,0.0,0.0,0.0,0.0,0.0,0.0,0.0,1.67454933586338,0.55748899305993,13.7259962049336,5.92172696619172,0.0909021403160734,0.0666894166077587,,,,,,,,,,,,,,,,,,,,,,,,,,,,,,,,,2013.0,1990-05-21,,,,12
Levine Toilolo,ATL,TE,11252,weighted,,,,,,,0.0,0.0,0.0,0.0,0.0,0.0,0.0,0.0,0.0,0.0,1.15375,0.589275110447863,10.0987142857143,7.01990411793302,0.0857001927722036,0.0862131202185237,,,,,,,,,,,,,,,,,,,,,,,,,,,,,,,,,2013.0,1991-07-30,,,,12
Dominique Jones,MIA,TE,11004,weighted,,,,,,,0.0,0.0,0.0,0.0,0.0,0.0,0.0,0.0,0.0,0.0,1.54015151515152,0.435541790777061,12.7121212121212,7.89395450412718,0.126815582293523,0.181539755360214,,,,,,,,,,,,,,,,,,,,,,,,,,,,,,,,,2012.0,1987-08-15,,,,12
Dion Sims,MIA,TE,11249,weighted,,,,,,,0.0,0.0,0.0,0.0,0.0,0.0,0.0,0.0,0.0,0.0,1.40373972169513,0.301975061867442,15.9642789373814,3.54513882006062,0.238092979127135,0.364719691426063,,,,,,,,,,,,,,,,,,,,,,,,,,,,,,,,,2013.0,1991-02-18,,,,12
Richard Rodgers,GB,TE,11785,weighted,,,,,,,0.241816888045541,0.378185125859038,0.0,0.0,0.0,0.0,0.0,0.0,0.0,0.0,1.79497944339026,0.44746090340634,16.3388045540797,3.726654074506,0.0951092990553445,0.0636841393056594,,,,,,,,,,,,,,,,,,,,,,,,,,,,,,,,,2014.0,1992-01-22,,,,12
Gavin Escobar,DAL,TE,11251,weighted,,,,,,,0.0,0.0,0.0,0.0,0.0363214285714286,0.0480211294000172,0.0,0.0,0.0,0.0,0.830107142857143,0.80277932833499,7.90771428571429,8.3710090124977,0.096,0.084150282365798,,,,,,,,,,,,,,,,,,,,,,,,,,,,,,,,,2013.0,1991-02-03,,,,12
Brandon Myers,TB,TE,9632,weighted,,,,,,,0.0,0.0,0.0,0.0,0.0,0.0,0.0,0.0,0.0,0.0,0.980160714285714,0.676373560108828,8.38857142857143,7.47035102593193,0.0260934492968172,0.048859015942769,,,,,,,,,,,,,,,,,,,,,,,,,,,,,,,,,2009.0,1985-09-04,,,,12
Trey Burton,PHI,TE,11705,weighted,,,,,,,0.240023134759977,0.426236055154116,0.0,0.0,0.0,0.0,0.0,0.0,0.0,0.0,1.02153846153846,0.524187622420405,10.9415268941585,4.95326593958134,0.0985181580615925,0.0699724447182791,,,,,,,,,,,,,,,,,,,,,,,,,,,,,,,,,2014.0,1991-10-29,,,,12
Ed Dickson,CAR,TE,9912,weighted,,,,,,,0.0,0.0,0.0,0.0,0.0,0.0,0.0,0.0,0.0,0.0,1.10978571428571,0.42698556768181,10.8512142857143,5.19164313335435,0.0605075777598143,0.0491166041049054,,,,,,,,,,,,,,,,,,,,,,,,,,,,,,,,,2010.0,1987-07-25,,,,12
Brent Celek,PHI,TE,8838,weighted,,,,,,,0.0,0.0,0.0,0.0,0.0,0.0,0.0,0.0,0.0,0.0,0.645607142857143,0.372556258701572,8.24921428571429,5.87225887278813,0.0316944554147369,0.0466312625430686,,,,,,,,,,,,,,,,,,,,,,,,,,,,,,,,,2007.0,1985-01-25,,,,12
Jerell Adams,NYG,TE,12681,weighted,,,,,,,0.0,0.0,0.0,0.0,0.0,0.0,0.0,0.0,0.0,0.0,1.29782533256217,0.371000371483437,11.8514170040486,3.87811750736336,0.117907272601846,0.045995006008402,,,,,,,,,,,,,,,,,,,,,,,,,,,,,,,,,2016.0,1992-12-31,,,,12
Ben Braunecker,CHI,TE,12868,weighted,,,,,,,0.316452686638136,0.464988844682709,0.0,0.0,0.0,0.0,0.0,0.0,0.0,0.0,1.17275320970043,0.703950495229325,9.8009272467903,7.62108379495457,0.0574629411399864,0.0520222851650576,,,,,,,,,,,,,,,,,,,,,,,,,,,,,,,,,2016.0,1994-02-07,,,,12
Jace Amaro,TEN,TE,11696,weighted,,,,,,,0.0,0.0,0.0,0.0,0.0,0.0,0.0,0.0,0.0,0.0,0.111196428571429,0.145563547428297,4.76435714285714,7.47257392613817,0.005875,0.0122544139858682,,,,,,,,,,,,,,,,,,,,,,,,,,,,,,,,,2014.0,1992-06-26,,,,12
A.J. Derby,DEN,TE,12351,weighted,,,,,,,0.240023134759977,0.426236055154116,0.0,0.0,0.0,0.0,0.0,0.0,0.0,0.0,1.07572006940428,0.566224412116674,9.80942741469057,6.04378294562159,0.0692633046618001,0.0458799137509167,,,,,,,,,,,,,,,,,,,,,,,,,,,,,,,,,2015.0,1991-09-20,,,,12
Demetrius Harris,KC,TE,11448,weighted,,,,,,,0.241816888045541,0.378185125859038,0.0,0.0,0.0,0.0,0.0,0.0,0.0,0.0,1.11451612903226,0.483538714709052,9.4415559772296,3.99239998809273,0.0345727615102545,0.0495360148017298,,,,,,,,,,,,,,,,,,,,,,,,,,,,,,,,,2013.0,1991-07-29,,,,12
Nick Boyle,BAL,TE,12328,weighted,,,,,,,0.451303155006859,0.707106781186547,0.0,0.0,0.0,0.0,0.0,0.0,0.0,0.0,0.0676954732510288,0.106066017177982,6.76954732510288,10.6066017177982,0.0,0.0,,,,,,,,,,,,,,,,,,,,,,,,,,,,,,,,,2015.0,1993-02-17,,,,12
Darren Fells,ARI,TE,11337,weighted,,,,,,,0.0,0.0,0.0,0.0,0.0,0.0,0.0,0.0,0.0,0.0,0.854821428571429,0.323060251587613,8.82378571428572,4.19608561707635,0.0336846467291098,0.0470301512105394,,,,,,,,,,,,,,,,,,,,,,,,,,,,,,,,,2012.0,1986-04-22,,,,12
Crockett Gillmore,BAL,TE,11786,weighted,,,,,,,0.0,0.0,0.0,0.0,0.0,0.0,0.0,0.0,0.0,0.0,1.3,3.15518487449148e-16,14.7,0.0,0.1,1.97199054655717e-17,,,,,,,,,,,,,,,,,,,,,,,,,,,,,,,,,2014.0,1991-11-16,D,Hamstring,2016.0,12
Brandon Pettigrew,DET,TE,9444,weighted,,,,,,,0.0,,0.0,,0.0,,0.0,,0.0,,0.0,,0.0,,0.0,,,,,,,,,,,,,,,,,,,,,,,,,,,,,,,,,,2009.0,1985-02-23,IR,Knee - ACL,2016.0,12
Anthony Fasano,TEN,TE,8294,weighted,,,,,,,0.0,0.0,0.0,0.0,0.0,0.0,0.0,0.0,0.0,0.0,0.850767857142857,0.421479450107571,7.88971428571429,4.61591551980291,0.112811727507905,0.101235702219219,,,,,,,,,,,,,,,,,,,,,,,,,,,,,,,,,2006.0,1984-04-20,,,,12
Stephen Anderson,HOU,TE,12859,weighted,,,,,,,0.0,0.0,0.0,0.0,0.0,0.0,0.0,0.0,0.0,0.0,1.29589285714286,0.2140396329143,10.8427857142857,2.62361892495602,0.122099894593386,0.0516333215952534,,,,,,,,,,,,,,,,,,,,,,,,,,,,,,,,,2016.0,1993-01-30,,,,12
Tyler Higbee,LA,TE,12678,weighted,,,,,,,0.0,0.0,0.0,0.0,0.0,0.0,0.0,0.0,0.0,0.0,0.560578368999422,0.346246277404592,7.19797570850202,4.69307527029151,0.0228025562953793,0.042721391023459,,,,,,,,,,,,,,,,,,,,,,,,,,,,,,,,,2016.0,1993-01-01,,,,12
Erik Swoope,IND,TE,11904,weighted,,,,,,,0.316904761904762,0.465130741039071,0.0,0.0,0.0,0.0,0.0,0.0,0.0,0.0,0.509232142857143,0.425171114545208,6.84342857142857,5.30745953797053,0.0363214285714286,0.0480211294000172,,,,,,,,,,,,,,,,,,,,,,,,,,,,,,,,,2014.0,1992-05-08,,,,12
Nick OLeary,BUF,TE,12207,weighted,,,,,,,0.316904761904762,0.465130741039071,0.0,0.0,0.0,0.0,0.0,0.0,0.0,0.0,0.496910714285714,0.142337629028922,5.56535714285714,2.06973605378023,0.0,0.0,,,,,,,,,,,,,,,,,,,,,,,,,,,,,,,,,2015.0,1992-08-31,,,,12
James Hanna,DAL,TE,10877,weighted,,,,,,,0.0,0.0,0.0,0.0,0.0,0.0,0.0,0.0,0.0,0.0,0.372348484848485,0.406013720981725,3.63039772727273,3.95863377957182,0.0,0.0,,,,,,,,,,,,,,,,,,,,,,,,,,,,,,,,,2012.0,1989-07-14,IR,Knee,2016.0,12
Clay Harbor,DET,TE,9941,weighted,,,,,,,0.0,0.0,0.0,0.0,0.0,0.0,0.0,0.0,0.0,0.0,0.569446428571429,0.209497373440049,4.43621428571429,2.37104611805353,0.0,0.0,,,,,,,,,,,,,,,,,,,,,,,,,,,,,,,,,2010.0,1987-07-02,,,,12
Jeff Heuerman,DEN,TE,12208,weighted,,,,,,,0.0,0.0,0.0,0.0,0.0,0.0,0.0,0.0,0.0,0.0,0.269,0.167801225382988,3.28521428571429,2.38487843840176,0.0,0.0,,,,,,,,,,,,,,,,,,,,,,,,,,,,,,,,,2015.0,1992-11-24,,,,12
C.J. Uzomah,CIN,TE,12317,weighted,,,,,,,0.0,,0.0,,0.0,,0.0,,0.0,,0.0,,0.0,,0.0,,,,,,,,,,,,,,,,,,,,,,,,,,,,,,,,,,2015.0,1993-01-14,D,Calf,2016.0,12
Daniel Fells,NYG,TE,nfl_2506619,weighted,,,,,,,0.0,0.0,0.0,0.0,0.0,0.0,0.0,0.0,0.0,0.0,0.279261363636364,0.304510290736294,2.69952651515152,2.94359947711751,0.0,0.0,,,,,,,,,,,,,,,,,,,,,,,,,,,,,,,,,2006.0,1983-09-23,,,,12
Derek Carrier,WAS,TE,10940,weighted,,,,,,,0.0,0.0,0.0,0.0,0.0,0.0,0.0,0.0,0.0,0.0,0.195446428571429,0.167122825602988,2.52942857142857,2.23479299057847,0.0,0.0,,,,,,,,,,,,,,,,,,,,,,,,,,,,,,,,,2012.0,1990-07-25,,,,12
Blake Bell,SF,TE,12213,weighted,,,,,,,0.0,0.0,0.0,0.0,0.0,0.0,0.0,0.0,0.0,0.0,0.212928571428571,0.207717859342529,2.03342857142857,1.99663024663107,0.0,0.0,,,,,,,,,,,,,,,,,,,,,,,,,,,,,,,,,2015.0,1991-08-07,,,,12
Andrew Quarless,FA,TE,nfl_497258,weighted,,,,,,,0.0,0.0,0.0,0.0,0.0,0.0,0.0,0.0,0.0,0.0,0.27741935483871,0.424264068711929,2.12688172043011,3.25269119345812,0.0,0.0,,,,,,,,,,,,,,,,,,,,,,,,,,,,,,,,,2010.0,1988-10-06,,,,12
David Johnson,PIT,TE,9671,weighted,,,,,,,0.0473928571428572,0.0415452288342808,0.0,0.0,0.0,0.0,0.0,0.0,0.0,0.0,0.328017857142857,0.12213959105195,3.15221428571429,1.2188493742784,0.0,0.0,,,,,,,,,,,,,,,,,,,,,,,,,,,,,,,,,2009.0,1987-08-26,,,,12
Randall Telfer,CLE,TE,12347,weighted,,,,,,,0.466915191053122,0.504045084661257,0.0,0.0,0.0,0.0,0.0,0.0,0.0,0.0,0.305219012115564,0.101969742157096,3.16924510717614,1.28097486485465,0.0,0.0,,,,,,,,,,,,,,,,,,,,,,,,,,,,,,,,,2015.0,1992-05-16,,,,12
Matthew Mulligan,DET,TE,nfl_2507405,weighted,,,,,,,0.0,0.0,0.0,0.0,0.0,0.0,0.0,0.0,0.0,0.0,0.0902606310013717,0.14142135623731,0.451303155006859,0.707106781186547,0.0,0.0,,,,,,,,,,,,,,,,,,,,,,,,,,,,,,,,,2008.0,1985-01-18,,,,12
John Phillips,NO,TE,9638,weighted,,,,,,,0.0,0.0,0.0,0.0,0.0,0.0,0.0,0.0,0.0,0.0,0.197875,0.169117958015571,1.92678571428571,1.69034257620224,0.0363214285714286,0.0480211294000172,,,,,,,,,,,,,,,,,,,,,,,,,,,,,,,,,2009.0,1987-06-11,,,,12
Luke Stocker,TB,TE,10354,weighted,,,,,,,0.0,0.0,0.0,0.0,0.0,0.0,0.0,0.0,0.0,0.0,0.31175,0.0245088279717364,2.092625,0.411412612222103,0.0,0.0,,,,,,,,,,,,,,,,,,,,,,,,,,,,,,,,,2011.0,1988-07-17,Q,Ankle,2016.0,12
Brandon Williams,SEA,TE,11510,weighted,,,,,,,0.0,0.0,0.0,0.0,0.0,0.0,0.0,0.0,0.0,0.0,0.209214285714286,0.146856409156068,2.12257142857143,1.40121159894373,0.0,0.0,,,,,,,,,,,,,,,,,,,,,,,,,,,,,,,,,2012.0,1987-10-12,,,,12
Ryan Hewitt,CIN,TE,11927,weighted,,,,,,,0.0,0.0,0.0,0.0,0.0,0.0,0.0,0.0,0.0,0.0,0.157502329916123,0.15670566912657,2.18825722273998,2.12618198458631,0.0,0.0,,,,,,,,,,,,,,,,,,,,,,,,,,,,,,,,,2014.0,1991-01-24,,,,12
Chris Manhertz,CAR,TE,12955,weighted,,,,,,,0.0,0.0,0.0,0.0,0.0,0.0,0.0,0.0,0.0,0.0,0.0,0.0,1.2264678471575,2.26299762078712,0.0,0.0,,,,,,,,,,,,,,,,,,,,,,,,,,,,,,,,,,1992-04-10,,,,12
Matt Lengel,NE,TE,13044,weighted,,,,,,,0.0,0.0,0.0,0.0,0.0,0.0,0.0,0.0,0.0,0.0,0.177434842249657,0.0353553390593274,3.12208504801097,1.13137084989848,0.0,0.0,,,,,,,,,,,,,,,,,,,,,,,,,,,,,,,,,,,,,,12
Nick Vannett,SEA,TE,12680,weighted,,,,,,,0.0,0.0,0.0,0.0,0.0,0.0,0.0,0.0,0.0,0.0,0.353763440860215,0.0707106781186548,3.49139784946237,0.777817459305202,0.0,0.0,,,,,,,,,,,,,,,,,,,,,,,,,,,,,,,,,2016.0,1993-03-06,,,,12
Phillip Supernaw,TEN,TE,11628,weighted,,,,,,,0.0,,0.0,,0.0,,0.0,,0.0,,0.2,,2.6,,0.0,,,,,,,,,,,,,,,,,,,,,,,,,,,,,,,,,,2012.0,1990-01-30,O,Concussion,2016.0,12
Brandon Bostick,NYJ,TE,11125,weighted,,,,,,,0.316904761904762,0.465130741039071,0.0,0.0,0.0,0.0,0.0,0.0,0.0,0.0,0.245535714285714,0.128102243412076,1.58064285714286,1.18491369580251,0.0,0.0,,,,,,,,,,,,,,,,,,,,,,,,,,,,,,,,,2012.0,1989-05-03,,,,12
Sean McGrath,SD,TE,11123,weighted,,,,,,,0.0,0.0,0.0,0.0,0.0,0.0,0.0,0.0,0.0,0.0,0.2,3.20876660369832e-17,2.23621428571429,0.495897238596343,0.0,0.0,,,,,,,,,,,,,,,,,,,,,,,,,,,,,,,,,2012.0,1987-12-03,,,,12
David Morgan,MIN,TE,12816,weighted,,,,,,,0.0,0.0,0.0,0.0,0.0,0.0,0.0,0.0,0.0,0.0,0.157502329916123,0.15670566912657,1.28648648648649,1.2179032746078,0.0,0.0,,,,,,,,,,,,,,,,,,,,,,,,,,,,,,,,,2016.0,1993-05-19,,,,12
Xavier Grimble,PIT,TE,11701,weighted,,,,,,,0.0,0.0,0.0,0.0,0.0,0.0,0.0,0.0,0.0,0.0,0.254869684499314,0.0707106781186547,2.56152263374486,0.530330085889911,0.0,0.0,,,,,,,,,,,,,,,,,,,,,,,,,,,,,,,,,2014.0,1992-09-02,O,Quadriceps,2016.0,12
Cory Harkey,LA,TE,11089,weighted,,,,,,,0.0,0.0,0.0,0.0,0.0,0.0,0.0,0.0,0.0,0.0,0.115222118670395,0.110188891777608,0.997949673811743,1.02085129800498,0.0,0.0,,,,,,,,,,,,,,,,,,,,,,,,,,,,,,,,,2012.0,1990-06-17,,,,12
MyCole Pruitt,FA,TE,12309,weighted,,,,,,,0.0,0.0,0.0,0.0,0.0,0.0,0.0,0.0,0.0,0.0,0.138709677419355,0.212132034355964,1.15591397849462,1.76776695296637,0.0,0.0,,,,,,,,,,,,,,,,,,,,,,,,,,,,,,,,,2015.0,1992-03-24,,,,12
Hakeem Valles,ARI,TE,12874,weighted,,,,,,,0.466915191053122,0.504045084661257,0.0,0.0,0.0,0.0,0.0,0.0,0.0,0.0,0.152718235476856,0.153637495612312,1.50792171481827,1.28680922594373,0.0,0.0,,,,,,,,,,,,,,,,,,,,,,,,,,,,,,,,,2016.0,1992-11-23,,,,12
Geoff Swaim,DAL,TE,12378,weighted,,,,,,,0.0,,0.0,,0.0,,0.0,,0.0,,0.3,,2.3,,0.0,,,,,,,,,,,,,,,,,,,,,,,,,,,,,,,,,,,,IR,Pectoral,2016.0,12
Temarrick Hemingway,LA,TE,12807,weighted,,,,,,,0.0,0.0,0.0,0.0,0.0,0.0,0.0,0.0,0.0,0.0,0.105001553277415,0.10447044608438,1.1972972972973,1.19737850988694,0.0,0.0,,,,,,,,,,,,,,,,,,,,,,,,,,,,,,,,,2016.0,1993-07-30,,,,12
Asante Cleveland,SD,TE,12039,weighted,,,,,,,0.0,0.0,0.0,0.0,0.0,0.0,0.0,0.0,0.0,0.0,0.2,3.94398109311434e-17,1.97743484224966,0.0353553390593274,0.0,0.0,,,,,,,,,,,,,,,,,,,,,,,,,,,,,,,,,2014.0,1992-03-21,O,Concussion,2016.0,12
Khari Lee,DET,TE,12479,weighted,,,,,,,0.0,0.0,0.0,0.0,0.0,0.0,0.0,0.0,0.0,0.0,0.0449793672627235,0.0707106781186548,0.539752407152682,0.848528137423857,0.0,0.0,,,,,,,,,,,,,,,,,,,,,,,,,,,,,,,,,,,,,,12
James OShaughnessy,KC,TE,12330,weighted,,,,,,,0.0,0.0,0.0,0.0,0.0,0.0,0.0,0.0,0.0,0.0,0.0643392857142857,0.0933865690527609,0.668160714285714,0.623722029840239,0.0,0.0,,,,,,,,,,,,,,,,,,,,,,,,,,,,,,,,,,,,,,12
Garrett Graham,DEN,TE,9936,weighted,,,,,,,0.0,0.0,0.0,0.0,0.0,0.0,0.0,0.0,0.0,0.0,0.0,0.0,0.0465435606060606,0.0507517151227156,0.0,0.0,,,,,,,,,,,,,,,,,,,,,,,,,,,,,,,,,2010.0,1986-08-04,Q,Shoulder,2016.0,12
Chase Coffman,IND,TE,9454,weighted,,,,,,,0.0,0.0,0.0,0.0,0.0,0.0,0.0,0.0,0.0,0.0,0.0,0.0,0.0,0.0,0.0,0.0,,,,,,,,,,,,,,,,,,,,,,,,,,,,,,,,,2009.0,1986-11-10,,,,12
Bear Pascoe,NE,TE,nfl_79625,weighted,,,,,,,0.0,0.0,0.0,0.0,0.0,0.0,0.0,0.0,0.0,0.0,0.0,0.0,0.0,0.0,0.0,0.0,,,,,,,,,,,,,,,,,,,,,,,,,,,,,,,,,2009.0,1986-02-23,,,,12
Zach Miller,CHI,TE,9611,weighted,,,,,,,0.0,0.0,0.0,0.0,0.0,0.0,0.0,0.0,0.0,0.0,0.0,0.0,0.0,0.0,0.0,0.0,,,,,,,,,,,,,,,,,,,,,,,,,,,,,,,,,2009.0,1984-10-04,IR,Foot,2016.0,12
Jim Dray,FA,TE,10015,weighted,,,,,,,0.0,0.0,0.0,0.0,0.0,0.0,0.0,0.0,0.0,0.0,0.0,0.0,0.0,0.0,0.0,0.0,,,,,,,,,,,,,,,,,,,,,,,,,,,,,,,,,2010.0,1986-12-31,,,,12
Michael Hoomanawanui,NO,TE,9946,weighted,,,,,,,0.0,0.0,0.0,0.0,0.0,0.0,0.0,0.0,0.0,0.0,0.0,0.0,0.0,0.0,0.0,0.0,,,,,,,,,,,,,,,,,,,,,,,,,,,,,,,,,2010.0,1988-07-04,IR,Lower Leg,2016.0,12
Anthony McCoy,FA,TE,nfl_497250,weighted,,,,,,,0.0,0.0,0.0,0.0,0.0,0.0,0.0,0.0,0.0,0.0,0.0,0.0,0.0,0.0,0.0,0.0,,,,,,,,,,,,,,,,,,,,,,,,,,,,,,,,,2010.0,1987-12-28,,,,12
Tony Moeaki,FA,TE,nfl_497256,weighted,,,,,,,0.0,0.0,0.0,0.0,0.0,0.0,0.0,0.0,0.0,0.0,0.0,0.0,0.0,0.0,0.0,0.0,,,,,,,,,,,,,,,,,,,,,,,,,,,,,,,,,2010.0,1987-06-08,,,,12
Niles Paul,WAS,TE,10394,weighted,,,,,,,0.0,0.0,0.0,0.0,0.0,0.0,0.0,0.0,0.0,0.0,0.0,0.0,0.0,0.0,0.0,0.0,,,,,,,,,,,,,,,,,,,,,,,,,,,,,,,,,2011.0,1989-08-09,IR,Shoulder,2016.0,12
Jordan Cameron,MIA,TE,10352,weighted,,,,,,,0.0,0.0,0.0,0.0,0.0,0.0,0.0,0.0,0.0,0.0,0.0,0.0,0.0,0.0,0.0,0.0,,,,,,,,,,,,,,,,,,,,,,,,,,,,,,,,,2011.0,1988-08-07,IR,Concussion,2016.0,12
Scott Chandler,FA,TE,8735,weighted,,,,,,,0.0,0.0,0.0,0.0,0.0,0.0,0.0,0.0,0.0,0.0,0.0,0.0,0.0,0.0,0.0,0.0,,,,,,,,,,,,,,,,,,,,,,,,,,,,,,,,,2007.0,1985-07-23,O,Knee,2016.0,12
Owen Daniels,FA,TE,nfl_2495825,weighted,,,,,,,0.0,0.0,0.0,0.0,0.0,0.0,0.0,0.0,0.0,0.0,0.0,0.0,0.0,0.0,0.0,0.0,,,,,,,,,,,,,,,,,,,,,,,,,,,,,,,,,2006.0,1982-11-09,,,,12
Marcedes Lewis,JAC,TE,8269,weighted,,,,,,,0.0,0.0,0.0,0.0,0.0,0.0,0.0,0.0,0.0,0.0,0.0,0.0,0.0,0.0,0.0,0.0,,,,,,,,,,,,,,,,,,,,,,,,,,,,,,,,,2006.0,1984-05-19,IR,Calf,2016.0,12
Richard Gordon,BAL,TE,nfl_2499255,weighted,,,,,,,0.0,0.0,0.0,0.0,0.0,0.0,0.0,0.0,0.0,0.0,0.0,0.0,0.0,0.0,0.0,0.0,,,,,,,,,,,,,,,,,,,,,,,,,,,,,,,,,2011.0,1987-06-07,,,,12
Kellen Davis,FA,TE,9205,weighted,,,,,,,0.0,0.0,0.0,0.0,0.0,0.0,0.0,0.0,0.0,0.0,0.0,0.0,0.0,0.0,0.0,0.0,,,,,,,,,,,,,,,,,,,,,,,,,,,,,,,,,2008.0,1985-10-11,IR,Elbow,2016.0,12
Jeff Cumberland,SD,TE,10139,weighted,,,,,,,0.0,0.0,0.0,0.0,0.0,0.0,0.0,0.0,0.0,0.0,0.0,0.0,0.0,0.0,0.0,0.0,,,,,,,,,,,,,,,,,,,,,,,,,,,,,,,,,2010.0,1987-05-02,IR,Achilles,2016.0,12
Rob Housler,FA,TE,10333,weighted,,,,,,,0.0,0.0,0.0,0.0,0.0,0.0,0.0,0.0,0.0,0.0,0.0,0.0,0.0,0.0,0.0,0.0,,,,,,,,,,,,,,,,,,,,,,,,,,,,,,,,,2011.0,1988-03-17,,,,12
Orson Charles,DET,TE,10747,weighted,,,,,,,0.0,0.0,0.0,0.0,0.0,0.0,0.0,0.0,0.0,0.0,0.0,0.0,0.0,0.0,0.0,0.0,,,,,,,,,,,,,,,,,,,,,,,,,,,,,,,,,2012.0,1991-01-27,,,,12
Chase Ford,FA,TE,nfl_2534244,weighted,,,,,,,0.0,0.0,0.0,0.0,0.0,0.0,0.0,0.0,0.0,0.0,0.0,0.0,0.0,0.0,0.0,0.0,,,,,,,,,,,,,,,,,,,,,,,,,,,,,,,,,2012.0,1990-07-19,,,,12
Cooper Helfet,FA,TE,nfl_2536071,weighted,,,,,,,0.0,0.0,0.0,0.0,0.0,0.0,0.0,0.0,0.0,0.0,0.0,0.0,0.0,0.0,0.0,0.0,,,,,,,,,,,,,,,,,,,,,,,,,,,,,,,,,2011.0,1989-06-02,,,,12
Chris Gragg,BUF,TE,11256,weighted,,,,,,,0.0,0.0,0.0,0.0,0.0,0.0,0.0,0.0,0.0,0.0,0.0,0.0,0.0,0.0,0.0,0.0,,,,,,,,,,,,,,,,,,,,,,,,,,,,,,,,,2013.0,1990-06-30,IR,Knee,2016.0,12
Nick Kasa,FA,TE,nfl_2540233,weighted,,,,,,,0.0,0.0,0.0,0.0,0.0,0.0,0.0,0.0,0.0,0.0,0.0,0.0,0.0,0.0,0.0,0.0,,,,,,,,,,,,,,,,,,,,,,,,,,,,,,,,,2013.0,1990-11-05,,,,12
Justice Cunningham,FA,TE,nfl_2540257,weighted,,,,,,,0.0,0.0,0.0,0.0,0.0,0.0,0.0,0.0,0.0,0.0,0.0,0.0,0.0,0.0,0.0,0.0,,,,,,,,,,,,,,,,,,,,,,,,,,,,,,,,,2013.0,1991-01-14,,,,12
Brian Leonhardt,OAK,TE,nfl_2541512,weighted,,,,,,,0.0,0.0,0.0,0.0,0.0,0.0,0.0,0.0,0.0,0.0,0.0,0.0,0.0,0.0,0.0,0.0,,,,,,,,,,,,,,,,,,,,,,,,,,,,,,,,,2013.0,1990-04-02,,,,12
Troy Niklas,ARI,TE,11703,weighted,,,,,,,0.0,0.0,0.0,0.0,0.0,0.0,0.0,0.0,0.0,0.0,0.0,0.0,0.0,0.0,0.0,0.0,,,,,,,,,,,,,,,,,,,,,,,,,,,,,,,,,2014.0,1992-09-18,IR,Wrist,2016.0,12
Justin Perillo,FA,TE,12100,weighted,,,,,,,0.0,0.0,0.0,0.0,0.0,0.0,0.0,0.0,0.0,0.0,0.0,0.0,0.0,0.0,0.0,0.0,,,,,,,,,,,,,,,,,,,,,,,,,,,,,,,,,2014.0,1991-01-05,,,,12
Nic Jacobs,FA,TE,nfl_2550355,weighted,,,,,,,0.0,0.0,0.0,0.0,0.0,0.0,0.0,0.0,0.0,0.0,0.0,0.0,0.0,0.0,0.0,0.0,,,,,,,,,,,,,,,,,,,,,,,,,,,,,,,,,2014.0,1991-10-13,,,,12
Marcel Jensen,WAS,TE,nfl_2550356,weighted,,,,,,,0.0,0.0,0.0,0.0,0.0,0.0,0.0,0.0,0.0,0.0,0.0,0.0,0.0,0.0,0.0,0.0,,,,,,,,,,,,,,,,,,,,,,,,,,,,,,,,,2014.0,1990-02-12,,,,12
RaShaun Allen,SEA,TE,nfl_2550608,weighted,,,,,,,0.0,0.0,0.0,0.0,0.0,0.0,0.0,0.0,0.0,0.0,0.0,0.0,0.0,0.0,0.0,0.0,,,,,,,,,,,,,,,,,,,,,,,,,,,,,,,,,2014.0,1990-02-25,,,,12
Jerome Cunningham,FA,TE,nfl_2551359,weighted,,,,,,,0.0,0.0,0.0,0.0,0.0,0.0,0.0,0.0,0.0,0.0,0.0,0.0,0.0,0.0,0.0,0.0,,,,,,,,,,,,,,,,,,,,,,,,,,,,,,,,,2014.0,1991-05-25,,,,12
Gerald Christian,FA,TE,12385,weighted,,,,,,,0.0,0.0,0.0,0.0,0.0,0.0,0.0,0.0,0.0,0.0,0.0,0.0,0.0,0.0,0.0,0.0,,,,,,,,,,,,,,,,,,,,,,,,,,,,,,,,,2015.0,1991-08-26,,,,12
Kennard Backman,FA,TE,12359,weighted,,,,,,,0.0,0.0,0.0,0.0,0.0,0.0,0.0,0.0,0.0,0.0,0.0,0.0,0.0,0.0,0.0,0.0,,,,,,,,,,,,,,,,,,,,,,,,,,,,,,,,,2015.0,1993-02-26,O,Leg,2016.0,12
Rory Anderson,SF,TE,nfl_2553465,weighted,,,,,,,0.0,0.0,0.0,0.0,0.0,0.0,0.0,0.0,0.0,0.0,0.0,0.0,0.0,0.0,0.0,0.0,,,,,,,,,,,,,,,,,,,,,,,,,,,,,,,,,2015.0,1992-10-02,,,,12
Mitchell Henry,FA,TE,nfl_2553773,weighted,,,,,,,0.0,0.0,0.0,0.0,0.0,0.0,0.0,0.0,0.0,0.0,0.0,0.0,0.0,0.0,0.0,0.0,,,,,,,,,,,,,,,,,,,,,,,,,,,,,,,,,,,Q,Finger,2016.0,12
E.J. Bibbs,FA,TE,nfl_2553791,weighted,,,,,,,0.0,0.0,0.0,0.0,0.0,0.0,0.0,0.0,0.0,0.0,0.0,0.0,0.0,0.0,0.0,0.0,,,,,,,,,,,,,,,,,,,,,,,,,,,,,,,,,2015.0,1991-08-28,,,,12
Thomas Duarte,MIA,TE,12664,weighted,,,,,,,0.0,0.0,0.0,0.0,0.0,0.0,0.0,0.0,0.0,0.0,0.0,0.0,0.0,0.0,0.0,0.0,,,,,,,,,,,,,,,,,,,,,,,,,,,,,,,,,2016.0,1995-03-30,,,,12
Beau Sandland,FA,TE,12855,weighted,,,,,,,0.0,0.0,0.0,0.0,0.0,0.0,0.0,0.0,0.0,0.0,0.0,0.0,0.0,0.0,0.0,0.0,,,,,,,,,,,,,,,,,,,,,,,,,,,,,,,,,2016.0,1993-02-23,,,,12
Rico Gathers,FA,TE,12833,weighted,,,,,,,0.0,0.0,0.0,0.0,0.0,0.0,0.0,0.0,0.0,0.0,0.0,0.0,0.0,0.0,0.0,0.0,,,,,,,,,,,,,,,,,,,,,,,,,,,,,,,,,2016.0,1994-01-07,,,,12
Ryan OMalley,OAK,TE,nfl_2556818,weighted,,,,,,,0.0,0.0,0.0,0.0,0.0,0.0,0.0,0.0,0.0,0.0,0.0,0.0,0.0,0.0,0.0,0.0,,,,,,,,,,,,,,,,,,,,,,,,,,,,,,,,,0.0,1993-07-24,,,,12
Stephen Gostkowski,NE,K,8359,weighted,,,,,,,,,,,,,,,,,,,,,,,0.0,0.0,0.596346261944913,0.24608871642318,0.82804946599213,0.107970209526837,0.732265317594154,0.171193742529976,0.252051714446318,0.0356916282946243,3.07745924676785,0.653421523495531,,,,,,,,,,,,,,,,,,,,,2006.0,1984-01-28,,,,12
Chris Boswell,PIT,K,11936,weighted,,,,,,,,,,,,,,,,,,,,,,,0.0,0.0,0.768296795952783,0.171119661053864,0.652051714446318,0.0356916282946243,0.832152894884767,0.104088827070525,0.204103428892636,0.0713832565892487,2.54997189432265,0.45332310425577,,,,,,,,,,,,,,,,,,,,,2014.0,1991-03-16,,,,12
Robbie Gould,NYG,K,8153,weighted,,,,,,,,,,,,,,,,,,,,,,,0.0,0.0,0.592242833052277,0.239665359132198,0.632377740303541,0.238776007827315,0.596346261944913,0.24608871642318,0.152051714446318,0.0356916282946243,2.42119168071951,0.395020302994362,,,,,,,,,,,,,,,,,,,,,2005.0,1982-12-06,,,,12
Dan Bailey,DAL,K,10506,weighted,,,,,,,,,,,,,,,,,,,,,,,0.0,0.0,0.692130410342889,0.185268389881325,0.728161888701518,0.159776906088132,0.452051714446318,0.0356916282946243,0.252051714446318,0.0356916282946243,2.8672287802136,0.252181071424183,,,,,,,,,,,,,,,,,,,,,2011.0,1988-01-26,,,,12
Phil Dawson,SF,K,3494,weighted,,,,,,,,,,,,,,,,,,,,,,,0.0,0.0,0.628274311410905,0.220530324819401,0.592242833052277,0.239665359132198,0.447948285553682,0.0356916282946243,0.2,0.0,2.02012366498033,0.73621524437725,,,,,,,,,,,,,,,,,,,,,1998.0,1975-01-23,,,,12
Sebastian Janikowski,OAK,K,5666,weighted,,,,,,,,,,,,,,,,,,,,,,,0.0479482855536818,0.0356916282946243,0.395896571107364,0.0713832565892487,0.556211354693648,0.264112696197505,0.556211354693648,0.264112696197505,0.247948285553682,0.0356916282946243,2.57397414277684,0.432960226112054,,,,,,,,,,,,,,,,,,,,,2000.0,1978-03-02,,,,12
Matt Bryant,ATL,K,6789,weighted,,,,,,,,,,,,,,,,,,,,,,,0.0,0.0,0.347948285553682,0.0356916282946244,0.443844856661046,0.107074884883873,0.443844856661046,0.107074884883873,0.147948285553682,0.0356916282946243,2.58442945474986,0.397123885858486,,,,,,,,,,,,,,,,,,,,,2002.0,1975-05-29,,,,12
Mason Crosby,GB,K,8742,weighted,,,,,,,,,,,,,,,,,,,,,,,0.0479482855536818,0.0356916282946243,0.656098931984261,0.215940419053675,0.443844856661046,0.107074884883873,0.447948285553682,0.0356916282946243,0.152051714446318,0.0356916282946243,2.41928049465992,0.383941041014334,,,,,,,,,,,,,,,,,,,,,2007.0,1984-09-03,,,,12
Steven Hauschka,SEA,K,9319,weighted,,,,,,,,,,,,,,,,,,,,,,,0.0,0.0,0.696233839235526,0.181225904013156,0.547948285553682,0.0356916282946243,0.660202360876897,0.199721132610165,0.252051714446318,0.0356916282946243,2.57734682405846,0.426220264700466,,,,,,,,,,,,,,,,,,,,,,,,,,12
Dan Carpenter,BUF,K,9299,weighted,,,,,,,,,,,,,,,,,,,,,,,0.0479482855536818,0.0356916282946243,0.447948285553682,0.0356916282946243,0.628274311410905,0.220530324819401,0.596346261944913,0.24608871642318,0.2,0.0,2.53726812816189,0.458672365375721,,,,,,,,,,,,,,,,,,,,,2008.0,1985-11-25,,,,12
Justin Tucker,BAL,K,10976,weighted,,,,,,,,,,,,,,,,,,,,,,,0.0,0.0,0.696233839235526,0.181225904013156,0.664305789769533,0.20817765414105,0.792017987633502,0.142979505812895,0.3,0.0,2.20697020798201,0.524659048320801,,,,,,,,,,,,,,,,,,,,,2012.0,1989-11-21,,,,12
Dustin Hopkins,WAS,K,11387,weighted,,,,,,,,,,,,,,,,,,,,,,,0.0,0.0,0.660202360876897,0.199721132610165,0.695896571107364,0.0713832565892487,0.452051714446318,0.0356916282946243,0.2,0.0,2.35182686902754,0.391683796880856,,,,,,,,,,,,,,,,,,,,,2013.0,1990-10-01,,,,12
Chandler Catanzaro,ARI,K,11960,weighted,,,,,,,,,,,,,,,,,,,,,,,0.0479482855536818,0.0356916282946243,0.660202360876897,0.199721132610165,0.624170882518269,0.22459831935819,0.524283305227656,0.279609585654231,0.1,0.0,2.61512085441259,0.361756158182268,,,,,,,,,,,,,,,,,,,,,2014.0,1991-02-26,,,,12
Wil Lutz,NO,K,12956,weighted,,,,,,,,,,,,,,,,,,,,,,,0.0,0.0,0.4,0.0,0.621974448315912,0.258332772283998,0.3,0.0,0.2,0.0,2.56299651567944,0.414448098334656,,,,,,,,,,,,,,,,,,,,,2016.0,1994-07-07,,,,12
Caleb Sturgis,PHI,K,11384,weighted,,,,,,,,,,,,,,,,,,,,,,,0.0,0.0,0.591793142214727,0.142766513178497,0.787914558740866,0.191618229079545,0.3,0.0,0.195896571107364,0.0713832565892487,2.31815626756605,0.331779105538786,,,,,,,,,,,,,,,,,,,,,2013.0,1989-08-09,,,,12
Andrew Franks,MIA,K,12425,weighted,,,,,,,,,,,,,,,,,,,,,,,0.0,0.0,0.592242833052277,0.239665359132198,0.624170882518269,0.22459831935819,0.4964586846543,0.312266481211575,0.0520517144463182,0.0356916282946243,2.35008431703204,0.352238212983742,,,,,,,,,,,,,,,,,,,,,2015.0,1993-01-11,,,,12
Graham Gano,CAR,K,9694,weighted,,,,,,,,,,,,,,,,,,,,,,,0.0,0.0,0.608206857785273,0.142766513178497,0.628274311410905,0.220530324819401,0.847948285553682,0.0356916282946243,0.2,0.0,2.21635750421585,0.346950044366038,,,,,,,,,,,,,,,,,,,,,2009.0,1987-04-09,,,,12
Ryan Succop,TEN,K,9686,weighted,,,,,,,,,,,,,,,,,,,,,,,0.0,0.0,0.52017987633502,0.292543535117769,0.295896571107364,0.0713832565892487,0.395896571107364,0.0713832565892487,0.1,0.0,2.36340640809444,0.352278442037286,,,,,,,,,,,,,,,,,,,,,2009.0,1986-09-19,,,,12
Josh Lambo,SD,K,12417,weighted,,,,,,,,,,,,,,,,,,,,,,,0.0,0.0,0.552107925801012,0.286507711447009,0.683923552557617,0.260501224996358,0.656098931984261,0.215940419053675,0.1,0.0,2.11658234963463,0.294583697450668,,,,,,,,,,,,,,,,,,,,,2015.0,1990-11-19,,,,12
Nick Novak,HOU,K,8144,weighted,,,,,,,,,,,,,,,,,,,,,,,0.0,0.0,0.624170882518269,0.22459831935819,0.755986509274874,0.180938895048758,0.4,0.0,0.247948285553682,0.0356916282946243,2.21107363687465,0.255139357090192,,,,,,,,,,,,,,,,,,,,,,,,,,12
Matt Prater,DET,K,8930,weighted,,,,,,,,,,,,,,,,,,,,,,,0.0,0.0,0.347948285553682,0.0356916282946244,0.5,0.0,0.495896571107364,0.0713832565892487,0.247948285553682,0.0356916282946243,2.07352445193929,0.173362406550219,,,,,,,,,,,,,,,,,,,,,2006.0,1984-08-10,,,,12
Kai Forbath,MIN,K,10487,weighted,,,,,,,,,,,,,,,,,,,,,,,0.0,0.0,0.596346261944913,0.24608871642318,0.664305789769533,0.20817765414105,0.560314783586285,0.260029810809072,0.252051714446318,0.0356916282946243,2.05514333895447,0.130021804912664,,,,,,,,,,,,,,,,,,,,,2011.0,1987-09-02,,,,12
Brandon McManus,DEN,K,11947,weighted,,,,,,,,,,,,,,,,,,,,,,,0.0,0.0,0.495896571107364,0.0713832565892487,0.58813940415964,0.253989076591289,0.347948285553682,0.0356916282946244,0.2,0.0,1.82327150084317,0.461424129742422,,,,,,,,,,,,,,,,,,,,,2014.0,1991-07-25,,,,12
Cairo Santos,KC,K,11945,weighted,,,,,,,,,,,,,,,,,,,,,,,0.0,0.0,0.495896571107364,0.0713832565892487,0.643844856661046,0.107074884883873,0.547948285553682,0.0356916282946243,0.152051714446318,0.0356916282946243,1.83974142776841,0.471848928683713,,,,,,,,,,,,,,,,,,,,,2014.0,1991-11-12,,,,12
Adam Vinatieri,IND,K,2842,weighted,,,,,,,,,,,,,,,,,,,,,,,0.0,0.0,0.660202360876897,0.199721132610165,0.547948285553682,0.0356916282946243,0.404103428892636,0.0713832565892487,0.3,0.0,1.79668353007307,0.426726371391338,,,,,,,,,,,,,,,,,,,,,1996.0,1972-12-28,,,,12
Mike Nugent,CIN,K,7859,weighted,,,,,,,,,,,,,,,,,,,,,,,0.0,0.0,0.347948285553682,0.0356916282946244,0.347948285553682,0.0356916282946244,0.452051714446318,0.0356916282946243,0.1,0.0,2.00219224283305,0.121634580719213,,,,,,,,,,,,,,,,,,,,,2005.0,1982-03-02,,,,12
Greg Zuerlein,LA,K,10868,weighted,,,,,,,,,,,,,,,,,,,,,,,0.0,0.0,0.52017987633502,0.292543535117769,0.688026981450253,0.214469258719343,0.492355255761664,0.299647231455157,0.2,0.0,1.76211354693648,0.427085786030202,,,,,,,,,,,,,,,,,,,,,2012.0,1987-12-27,,,,12
Nick Folk,NYJ,K,8851,weighted,,,,,,,,,,,,,,,,,,,,,,,0.0,0.0,0.591793142214727,0.142766513178497,0.5,0.0,0.352051714446318,0.0356916282946244,0.1,0.0,1.68161888701518,0.417572246162168,,,,,,,,,,,,,,,,,,,,,2007.0,1984-11-05,,,,12
Connor Barth,CHI,K,9307,weighted,,,,,,,,,,,,,,,,,,,,,,,0.0,0.0,0.4,0.0,0.656098931984261,0.215940419053675,0.492355255761664,0.299647231455157,0.2,0.0,1.52439572793704,0.488471432692891,,,,,,,,,,,,,,,,,,,,,2008.0,1986-04-11,,,,12
Cody Parkey,CLE,K,11966,weighted,,,,,,,,,,,,,,,,,,,,,,,0.0,0.0,0.608206857785273,0.142766513178497,0.704440697020798,0.245872219263258,0.664305789769533,0.20817765414105,0.1,0.0,1.54474423833614,0.395738815151266,,,,,,,,,,,,,,,,,,,,,2014.0,1992-02-19,,,,12
Jason Myers,JAC,K,12437,weighted,,,,,,,,,,,,,,,,,,,,,,,0.0,0.0,0.447948285553682,0.0356916282946243,0.592242833052277,0.239665359132198,0.395896571107364,0.0713832565892487,0.1,0.0,1.73237774030354,0.397315549639867,,,,,,,,,,,,,,,,,,,,,,1991-05-12,,,,12
Roberto Aguayo,TB,K,12721,weighted,,,,,,,,,,,,,,,,,,,,,,,0.0,0.0,0.404103428892636,0.0713832565892487,0.643844856661046,0.107074884883873,0.3,0.0,0.104103428892636,0.0713832565892487,1.67751545812254,0.408637815755466,,,,,,,,,,,,,,,,,,,,,2016.0,1994-05-17,,,,12
Shayne Graham,FA,K,nfl_2504162,weighted,,,,,,,,,,,,,,,,,,,,,,,0.0,0.0,0.0,0.0,0.0,0.0,0.0,0.0,0.0,0.0,0.0,0.0,,,,,,,,,,,,,,,,,,,,,,,,,,12
Josh Brown,FA,K,7150,weighted,,,,,,,,,,,,,,,,,,,,,,,0.0,0.0,0.0,0.0,0.0,0.0,0.0,0.0,0.0,0.0,0.0,0.0,,,,,,,,,,,,,,,,,,,,,2003.0,1979-04-29,O,Coach's Decision,2016.0,12
Josh Scobee,FA,K,nfl_2506063,weighted,,,,,,,,,,,,,,,,,,,,,,,0.0,0.0,0.0,0.0,0.0,0.0,0.0,0.0,0.0,0.0,0.0,0.0,,,,,,,,,,,,,,,,,,,,,2004.0,1982-06-23,,,,12
Blair Walsh,FA,K,10872,weighted,,,,,,,,,,,,,,,,,,,,,,,0.0,0.0,0.0,0.0,0.0,0.0,0.0,0.0,0.0,0.0,0.0,0.0,,,,,,,,,,,,,,,,,,,,,2012.0,1990-01-08,,,,12
Randy Bullock,FA,K,10862,weighted,,,,,,,,,,,,,,,,,,,,,,,0.0,0.0,0.0,0.0,0.0,0.0,0.0,0.0,0.0,0.0,0.0,0.0,,,,,,,,,,,,,,,,,,,,,2012.0,1989-12-16,,,,12
Jordan Gay,BUF,K,12019,weighted,,,,,,,,,,,,,,,,,,,,,,,0.0,0.0,0.0,0.0,0.0,0.0,0.0,0.0,0.0,0.0,0.0,0.0,,,,,,,,,,,,,,,,,,,,,,,,,,12
Patrick Murray,CLE,K,11971,weighted,,,,,,,,,,,,,,,,,,,,,,,0.0,0.0,0.0,0.0,0.0,0.0,0.0,0.0,0.0,0.0,0.0,0.0,,,,,,,,,,,,,,,,,,,,,2014.0,1991-06-22,IR,Knee,2016.0,12
Zach Hocker,FA,K,nfl_2543781,weighted,,,,,,,,,,,,,,,,,,,,,,,0.0,0.0,0.0,0.0,0.0,0.0,0.0,0.0,0.0,0.0,0.0,0.0,,,,,,,,,,,,,,,,,,,,,2014.0,1991-08-23,,,,12
Travis Coons,FA,K,11909,weighted,,,,,,,,,,,,,,,,,,,,,,,0.0,0.0,0.0,0.0,0.0,0.0,0.0,0.0,0.0,0.0,0.0,0.0,,,,,,,,,,,,,,,,,,,,,2014.0,1992-02-06,,,,12
Kaimi Fairbairn,HOU,K,12860,weighted,,,,,,,,,,,,,,,,,,,,,,,0.0,0.0,0.0,0.0,0.0,0.0,0.0,0.0,0.0,0.0,0.0,0.0,,,,,,,,,,,,,,,,,,,,,2016.0,1994-01-29,IR,Quadriceps,2016.0,12
Marshall Koehn,FA,K,12885,weighted,,,,,,,,,,,,,,,,,,,,,,,0.0,0.0,0.0,0.0,0.0,0.0,0.0,0.0,0.0,0.0,0.0,0.0,,,,,,,,,,,,,,,,,,,,,2016.0,1992-08-29,,,,12
49ers,SF,DST,0530,weighted,,,,,,,,,,,,,,,,,,,,,,,,,,,,,,,,,,,0.67402380952381,0.125509769539852,1.9815,0.360735667974322,0.0,0.0,0.0688095238095238,0.0465884406022304,0.1,1.60438330184916e-17,,,,,,,,,,,,,,,,12
Jaguars,JAC,DST,0509,weighted,,,,,,,,,,,,,,,,,,,,,,,,,,,,,,,,,,,0.583238095238095,0.25636059624502,2.058,0.362451166020753,0.0,0.0,0.101214285714286,0.0800236430401335,0.1,1.60438330184916e-17,,,,,,,,,,,,,,,,12
Bears,CHI,DST,0521,weighted,,,,,,,,,,,,,,,,,,,,,,,,,,,,,,,,,,,0.730214285714286,0.289995961016755,1.95171428571429,0.283207387442083,0.0,0.0,0.0688095238095238,0.0465884406022304,0.1,1.60438330184916e-17,,,,,,,,,,,,,,,,12
Jets,NYJ,DST,0505,weighted,,,,,,,,,,,,,,,,,,,,,,,,,,,,,,,,,,,0.472809523809524,0.0979042727707119,1.61314285714286,0.666927609960633,0.0,0.0,0.105214285714286,0.0830904576685617,0.1,1.60438330184916e-17,,,,,,,,,,,,,,,,12
Packers,GB,DST,0523,weighted,,,,,,,,,,,,,,,,,,,,,,,,,,,,,,,,,,,0.9656,0.0581879449006865,2.2701,0.252448987316686,0.0,0.0,0.05085,0.0501579290523675,,,,,,,,,,,,,,,,,,12
Commanders,WAS,DST,0520,weighted,,,,,,,,,,,,,,,,,,,,,,,,,,,,,,,,,,,0.544404761904762,0.212643893862303,1.89092857142857,0.146933282094987,0.0,0.0,0.105214285714286,0.0830904576685617,0.1,1.60438330184916e-17,,,,,,,,,,,,,,,,12
Colts,IND,DST,0502,weighted,,,,,,,,,,,,,,,,,,,,,,,,,,,,,,,,,,,0.649261904761905,0.307501334277431,1.85321428571429,0.6059270569016,0.0,0.0,0.132404761904762,0.0472182671569494,0.1,1.60438330184916e-17,,,,,,,,,,,,,,,,12
Falcons,ATL,DST,0526,weighted,,,,,,,,,,,,,,,,,,,,,,,,,,,,,,,,,,,1.14535714285714,0.231566320116249,2.33892857142857,0.435697346755799,0.0324047619047619,0.0472182671569494,0.167595238095238,0.0472182671569494,0.1,1.60438330184916e-17,,,,,,,,,,,,,,,,12
Browns,CLE,DST,0507,weighted,,,,,,,,,,,,,,,,,,,,,,,,,,,,,,,,,,,0.8015,0.209618447132777,1.43842857142857,0.308438132684925,0.0,0.0,0.101214285714286,0.0800236430401335,0.1,1.60438330184916e-17,,,,,,,,,,,,,,,,12
Panthers,CAR,DST,0527,weighted,,,,,,,,,,,,,,,,,,,,,,,,,,,,,,,,,,,0.937928571428571,0.226620313623045,2.0505,0.83199883919164,0.0324047619047619,0.0472182671569494,0.1,1.60438330184916e-17,0.1,1.60438330184916e-17,,,,,,,,,,,,,,,,12
Raiders,OAK,DST,0513,weighted,,,,,,,,,,,,,,,,,,,,,,,,,,,,,,,,,,,0.964809523809524,0.0944365343138989,1.83528571428571,0.281789755617222,0.0,0.0,0.137619047619048,0.0931768812044609,0.1,1.60438330184916e-17,,,,,,,,,,,,,,,,12
Buccaneers,TB,DST,0525,weighted,,,,,,,,,,,,,,,,,,,,,,,,,,,,,,,,,,,0.794785714285714,0.0830904576685617,2.22114285714286,0.447933501002671,0.0623809523809524,0.0931768812044609,0.136404761904762,0.048952136385356,0.1,1.60438330184916e-17,,,,,,,,,,,,,,,,12
Cardinals,ARI,DST,0519,weighted,,,,,,,,,,,,,,,,,,,,,,,,,,,,,,,,,,,0.831285714285714,0.279566696223612,2.21257142857143,0.230758779651871,0.0623809523809524,0.0931768812044609,0.17402380952381,0.125509769539852,0.1,1.60438330184916e-17,,,,,,,,,,,,,,,,12
Chargers,SD,DST,0514,weighted,,,,,,,,,,,,,,,,,,,,,,,,,,,,,,,,,,,1.12321428571429,0.122096247505543,1.95485714285714,0.175074761502801,0.0292321428571429,0.0466470920552303,0.228017857142857,0.12213959105195,0.1,1.60438330184916e-17,,,,,,,,,,,,,,,,12
Rams,LA,DST,0528,weighted,,,,,,,,,,,,,,,,,,,,,,,,,,,,,,,,,,,0.9,0.0,1.60356652949246,0.777817459305202,0.0,0.0,0.3,0.0,0.1,1.97199054655717e-17,,,,,,,,,,,,,,,,12
Texans,HOU,DST,0532,weighted,,,,,,,,,,,,,,,,,,,,,,,,,,,,,,,,,,,0.840625,0.261554689634986,2.14221428571429,0.313263758860062,0.0,0.0,0.176642857142857,0.0489140465010809,0.1,1.60438330184916e-17,,,,,,,,,,,,,,,,12
Cowboys,DAL,DST,0516,weighted,,,,,,,,,,,,,,,,,,,,,,,,,,,,,,,,,,,0.706857142857143,0.336675671949344,1.59907142857143,0.436376497644342,0.0,0.0,0.141619047619048,0.12818029812251,0.1,1.60438330184916e-17,,,,,,,,,,,,,,,,12
Bengals,CIN,DST,0506,weighted,,,,,,,,,,,,,,,,,,,,,,,,,,,,,,,,,,,1.17076785714286,0.0466470920552302,1.76778571428571,0.511946315570995,0.0,0.0,0.0766428571428572,0.0489140465010809,0.1,1.60438330184916e-17,,,,,,,,,,,,,,,,12
Dolphins,MIA,DST,0503,weighted,,,,,,,,,,,,,,,,,,,,,,,,,,,,,,,,,,,1.06364285714286,0.282369387110645,2.41842857142857,0.399576419065183,0.0,0.0,0.233232142857143,0.0945762456507411,0.1,1.60438330184916e-17,,,,,,,,,,,,,,,,12
Saints,NO,DST,0529,weighted,,,,,,,,,,,,,,,,,,,,,,,,,,,,,,,,,,,0.980642857142857,0.0986082778436683,2.2105,0.356964390703205,0.0,0.0,0.369857142857143,0.422797522061989,0.1,1.60438330184916e-17,,,,,,,,,,,,,,,,12
Steelers,PIT,DST,0510,weighted,,,,,,,,,,,,,,,,,,,,,,,,,,,,,,,,,,,0.941571428571429,0.35549700927908,2.61078571428571,0.39946004078003,0.0,0.0,0.336071428571429,0.428026696052948,0.1,1.60438330184916e-17,,,,,,,,,,,,,,,,12
Ravens,BAL,DST,0531,weighted,,,,,,,,,,,,,,,,,,,,,,,,,,,,,,,,,,,0.901714285714286,0.199081556001187,2.41471428571429,0.360928852114928,0.0,0.0,0.104,0.084150282365798,0.1,1.60438330184916e-17,,,,,,,,,,,,,,,,12
Broncos,DEN,DST,0511,weighted,,,,,,,,,,,,,,,,,,,,,,,,,,,,,,,,,,,0.816410714285714,0.0883885019441918,2.37935714285714,0.492458118378228,0.0,0.0,0.136321428571429,0.0480211294000172,0.1,1.60438330184916e-17,,,,,,,,,,,,,,,,12
Vikings,MIN,DST,0524,weighted,,,,,,,,,,,,,,,,,,,,,,,,,,,,,,,,,,,0.969,0.167801225382988,2.33021428571429,0.397188943242879,0.0655535714285714,0.0492856501935705,0.234446428571429,0.0492856501935705,0.1,1.60438330184916e-17,,,,,,,,,,,,,,,,12
Chiefs,KC,DST,0512,weighted,,,,,,,,,,,,,,,,,,,,,,,,,,,,,,,,,,,1.19692857142857,0.180629851844411,2.22307142857143,0.199868606148308,0.0,0.0,0.263678571428571,0.0480211294000172,0.1,1.60438330184916e-17,,,,,,,,,,,,,,,,12
Giants,NYG,DST,0517,weighted,,,,,,,,,,,,,,,,,,,,,,,,,,,,,,,,,,,1.26457142857143,0.350986704385368,2.52907142857143,0.366662518427571,0.0,0.0,0.340071428571429,0.425671189125835,0.1,1.60438330184916e-17,,,,,,,,,,,,,,,,12
Titans,TEN,DST,0508,weighted,,,,,,,,,,,,,,,,,,,,,,,,,,,,,,,,,,,1.29314285714286,0.336675671949344,2.13271428571429,0.774106154115683,0.0,0.0,0.288142857142857,0.458496112127549,0.1,1.60438330184916e-17,,,,,,,,,,,,,,,,12
Lions,DET,DST,0522,weighted,,,,,,,,,,,,,,,,,,,,,,,,,,,,,,,,,,,0.717357142857143,0.186995772389612,2.27828571428571,0.421635238767476,0.0324047619047619,0.0472182671569494,0.163595238095238,0.048952136385356,0.1,1.60438330184916e-17,,,,,,,,,,,,,,,,12
Patriots,NE,DST,0504,weighted,,,,,,,,,,,,,,,,,,,,,,,,,,,,,,,,,,,0.994714285714286,0.399810898952995,1.98928571428571,0.639302302665483,0.0876964285714286,0.139941276165691,0.115089285714286,0.146875026160597,0.1,1.60438330184916e-17,,,,,,,,,,,,,,,,12
Eagles,PHI,DST,0518,weighted,,,,,,,,,,,,,,,,,,,,,,,,,,,,,,,,,,,0.8656,0.0581879449006865,2.5368,0.460416706623281,0.0,0.0,0.210966666666667,0.0191840294426367,,,,,,,,,,,,,,,,,,12
Bills,BUF,DST,0501,weighted,,,,,,,,,,,,,,,,,,,,,,,,,,,,,,,,,,,1.23314285714286,0.282745682216281,2.79207142857143,0.6314461952869,0.0,0.0,0.340071428571429,0.425671189125835,0.1,1.60438330184916e-17,,,,,,,,,,,,,,,,12
Seahawks,SEA,DST,0515,weighted,,,,,,,,,,,,,,,,,,,,,,,,,,,,,,,,,,,1.13364285714286,0.130010074397116,2.39664285714286,0.30868823983196,0.0,0.0,0.1,1.60438330184916e-17,0.1,1.60438330184916e-17,,,,,,,,,,,,,,,,12
Joey Bosa,SD,DL,12686,weighted,,,,,,,,,,,,,,,,,,,,,,,,,,,,,,,,,,,,,,,,,,,,,3.17551581843191,1.76776695296637,0.510041265474553,0.141421356237309,0.0,0.0,0.165061898211829,0.212132034355964,0.0,0.0,2016.0,1995-07-11,,,,12
Damon Harrison,NYG,DL,11045,weighted,,,,,,,,,,,,,,,,,,,,,,,,,,,,,,,,,,,,,,,,,,,,,2.78473177441541,0.919238815542512,0.155020632737276,0.0707106781186548,0.0,0.0,0.0449793672627235,0.0707106781186548,0.0,0.0,2012.0,1988-11-29,,,,12
Grady Jarrett,ATL,DL,12305,weighted,,,,,,,,,,,,,,,,,,,,,,,,,,,,,,,,,,,,,,,,,,,,,2.55543328748281,1.48492424049175,0.244979367262724,0.0707106781186547,0.0,0.0,0.0449793672627235,0.0707106781186548,0.0,0.0,2015.0,1993-04-28,,,,12
DeForest Buckner,SF,DL,12688,weighted,,,,,,,,,,,,,,,,,,,,,,,,,,,,,,,,,,,,,,,,,,,,,3.05020632737276,0.707106781186547,0.355020632737277,0.0707106781186548,0.0,0.0,0.0550206327372765,0.0707106781186548,0.0,0.0,2016.0,1994-03-17,,,,12
Corey Liuget,SD,DL,10285,weighted,,,,,,,,,,,,,,,,,,,,,,,,,,,,,,,,,,,,,,,,,,,,,2.86024759284732,0.848528137423857,0.210041265474553,0.141421356237309,0.0,0.0,0.144979367262724,0.0707106781186548,0.0,0.0,2011.0,1990-03-18,,,,12
Khalil Mack,OAK,DL,11721,weighted,,,,,,,,,,,,,,,,,,,,,,,,,,,,,,,,,,,,,,,,,,,,,2.90481430536451,0.636396103067893,0.624896836313618,0.353553390593274,0.0,0.0,0.144979367262724,0.0707106781186548,0.0,0.0,2014.0,1991-02-22,,,,12
Jurrell Casey,TEN,DL,10335,weighted,,,,,,,,,,,,,,,,,,,,,,,,,,,,,,,,,,,,,,,,,,,,,2.65020632737276,0.707106781186547,0.244979367262724,0.0707106781186547,0.0,0.0,0.134938101788171,0.212132034355964,0.0,0.0,2011.0,1989-12-05,,,,12
Marcell Dareus,BUF,DL,10265,weighted,,,,,,,,,,,,,,,,,,,,,,,,,,,,,,,,,,,,,,,,,,,,,2.74016506189821,0.565685424949238,0.244979367262724,0.0707106781186547,0.0,0.0,0.1,0.0,0.0,0.0,2011.0,1989-11-18,,,,12
Kyle Williams,BUF,DL,8375,weighted,,,,,,,,,,,,,,,,,,,,,,,,,,,,,,,,,,,,,,,,,,,,,2.69518569463549,0.636396103067893,0.420082530949106,0.282842712474619,0.0,0.0,0.0550206327372765,0.0707106781186548,0.0,0.0,2006.0,1984-03-19,,,,12
Rob Ninkovich,NE,DL,8376,weighted,,,,,,,,,,,,,,,,,,,,,,,,,,,,,,,,,,,,,,,,,,,,,2.23975240715268,0.848528137423857,0.569876203576341,0.424264068711928,0.0,0.0,0.1,0.0,0.0,0.0,2006.0,1984-02-01,,,,12
Olivier Vernon,NYG,DL,10815,weighted,,,,,,,,,,,,,,,,,,,,,,,,,,,,,,,,,,,,,,,,,,,,,2.34979367262723,0.707106781186547,0.555020632737276,0.0707106781186547,0.0,0.0,0.0,0.0,0.0,0.0,2012.0,1990-10-07,,,,12
Jared Crick,DEN,DL,10284,weighted,,,,,,,,,,,,,,,,,,,,,,,,,,,,,,,,,,,,,,,,,,,,,2.30522696011004,0.777817459305202,0.255020632737276,0.0707106781186547,0.0,0.0,0.289958734525447,0.14142135623731,0.0,0.0,2012.0,1989-08-21,,,,12
Dontari Poe,KC,DL,10761,weighted,,,,,,,,,,,,,,,,,,,,,,,,,,,,,,,,,,,,,,,,,,,,,2.12530949105915,1.06066017177982,0.110041265474553,0.14142135623731,0.0,0.0,0.144979367262724,0.0707106781186548,0.0,0.0,2012.0,1990-08-18,Q,Back,2016.0,12
Linval Joseph,MIN,DL,9904,weighted,,,,,,,,,,,,,,,,,,,,,,,,,,,,,,,,,,,,,,,,,,,,,2.65502063273728,0.0707106781186548,0.255020632737276,0.0707106781186547,0.0,0.0,0.0,0.0,0.0,0.0,2010.0,1988-10-10,,,,12
Ndamukong Suh,MIA,DL,9815,weighted,,,,,,,,,,,,,,,,,,,,,,,,,,,,,,,,,,,,,,,,,,,,,2.38514442916094,0.494974746830583,0.4,0.0,0.0,0.0,0.189958734525447,0.141421356237309,0.0,0.0,2010.0,1987-01-06,Q,Knee,2016.0,12
Sheldon Richardson,NYJ,DL,11283,weighted,,,,,,,,,,,,,,,,,,,,,,,,,,,,,,,,,,,,,,,,,,,,,2.36987620357634,0.424264068711929,0.3,0.0,0.0,0.0,0.089958734525447,0.14142135623731,0.0,0.0,2013.0,1990-11-30,,,,12
William Gholston,TB,DL,11265,weighted,,,,,,,,,,,,,,,,,,,,,,,,,,,,,,,,,,,,,,,,,,,,,2.14979367262724,0.707106781186548,0.144979367262724,0.0707106781186548,0.0,0.0,0.155020632737276,0.0707106781186548,0.0,0.0,2013.0,1991-07-31,,,,12
Aaron Donald,LA,DL,11757,weighted,,,,,,,,,,,,,,,,,,,,,,,,,,,,,,,,,,,,,,,,,,,,,2.42489683631362,0.353553390593274,0.489958734525447,0.141421356237309,0.0,0.0,0.189958734525447,0.141421356237309,0.0,0.0,2014.0,1991-05-23,,,,12
Danny Shelton,CLE,DL,12226,weighted,,,,,,,,,,,,,,,,,,,,,,,,,,,,,,,,,,,,,,,,,,,,,2.29518569463549,0.636396103067893,0.1,0.0,0.0,0.0,0.0,0.0,0.0,0.0,2015.0,1993-08-20,,,,12
Chris Baker,WAS,DL,9735,weighted,,,,,,,,,,,,,,,,,,,,,,,,,,,,,,,,,,,,,,,,,,,,,2.06024759284732,0.848528137423857,0.255020632737276,0.0707106781186547,0.0,0.0,0.0550206327372765,0.0707106781186548,0.0,0.0,,,,,,12
Clinton McDonald,TB,DL,9679,weighted,,,,,,,,,,,,,,,,,,,,,,,,,,,,,,,,,,,,,,,,,,,,,2.36506189821183,0.212132034355964,0.2,0.0,0.0,0.0,0.0,0.0,0.0,0.0,2009.0,1987-01-06,,,,12
Brandon Graham,PHI,DL,9826,weighted,,,,,,,,,,,,,,,,,,,,,,,,,,,,,,,,,,,,,,,,,,,,,2.36506189821183,0.212132034355964,0.455020632737276,0.0707106781186547,0.0,0.0,0.1,0.0,0.0,0.0,2010.0,1988-04-03,,,,12
Adrian Clayborn,ATL,DL,10263,weighted,,,,,,,,,,,,,,,,,,,,,,,,,,,,,,,,,,,,,,,,,,,,,2.05983493810179,0.565685424949238,0.6,0.0,0.0,0.0,0.0,0.0,0.0,0.0,2011.0,1988-07-06,,,,12
Cameron Jordan,NO,DL,10292,weighted,,,,,,,,,,,,,,,,,,,,,,,,,,,,,,,,,,,,,,,,,,,,,2.11485557083906,0.494974746830583,0.5,0.0,0.0,0.0,0.289958734525447,0.14142135623731,0.0,0.0,2011.0,1989-07-10,,,,12
Fletcher Cox,PHI,DL,10762,weighted,,,,,,,,,,,,,,,,,,,,,,,,,,,,,,,,,,,,,,,,,,,,,2.44497936726272,0.0707106781186548,0.4,0.0,0.0,0.0,0.089958734525447,0.14142135623731,0.0,0.0,2012.0,1990-12-13,,,,12
Leonard Williams,NYJ,DL,12225,weighted,,,,,,,,,,,,,,,,,,,,,,,,,,,,,,,,,,,,,,,,,,,,,2.35502063273728,0.0707106781186548,0.355020632737277,0.0707106781186548,0.0,0.0,0.0,0.0,0.0,0.0,2015.0,1994-06-20,,,,12
Ahtyba Rubin,SEA,DL,9236,weighted,,,,,,,,,,,,,,,,,,,,,,,,,,,,,,,,,,,,,,,,,,,,,1.80481430536451,0.636396103067893,0.244979367262724,0.0707106781186547,0.0,0.0,0.089958734525447,0.14142135623731,0.0,0.0,2008.0,1986-07-25,,,,12
Jason Pierre-Paul,NYG,DL,9833,weighted,,,,,,,,,,,,,,,,,,,,,,,,,,,,,,,,,,,,,,,,,,,,,2.02489683631362,0.353553390593274,0.520082530949106,0.282842712474619,0.0,0.0,0.434938101788171,0.212132034355964,0.0,0.0,2010.0,1989-02-28,Q,Knee,2016.0,12
Muhammad Wilkerson,NYJ,DL,10314,weighted,,,,,,,,,,,,,,,,,,,,,,,,,,,,,,,,,,,,,,,,,,,,,2.18995873452545,0.141421356237309,0.455020632737276,0.0707106781186547,0.0,0.0,0.234938101788171,0.212132034355964,0.0,0.0,2011.0,1989-10-22,,,,12
Dan Williams,OAK,DL,9832,weighted,,,,,,,,,,,,,,,,,,,,,,,,,,,,,,,,,,,,,,,,,,,,,1.69477303988996,0.777817459305202,0.1,0.0,0.0,0.0,0.0,0.0,0.0,0.0,2010.0,1987-06-01,,,,12
DaQuan Jones,TEN,DL,11793,weighted,,,,,,,,,,,,,,,,,,,,,,,,,,,,,,,,,,,,,,,,,,,,,1.89518569463549,0.636396103067893,0.1,0.0,0.0,0.0,0.0,0.0,0.0,0.0,2014.0,1991-12-17,,,,12
Danielle Hunter,MIN,DL,12221,weighted,,,,,,,,,,,,,,,,,,,,,,,,,,,,,,,,,,,,,,,,,,,,,2.03012379642366,0.424264068711928,0.434938101788171,0.212132034355964,0.0,0.0,0.0449793672627235,0.0707106781186548,0.0,0.0,2015.0,1994-10-29,,,,12
Calais Campbell,ARI,DL,9051,weighted,,,,,,,,,,,,,,,,,,,,,,,,,,,,,,,,,,,,,,,,,,,,,2.11004126547455,0.14142135623731,0.355020632737277,0.0707106781186548,0.0449793672627235,0.0707106781186548,0.289958734525447,0.14142135623731,0.0,0.0,2008.0,1986-09-01,,,,12
Cliff Avril,SEA,DL,9041,weighted,,,,,,,,,,,,,,,,,,,,,,,,,,,,,,,,,,,,,,,,,,,,,1.53975240715268,0.848528137423857,0.769876203576341,0.424264068711929,0.0,0.0,0.189958734525447,0.141421356237309,0.0,0.0,2008.0,1986-04-08,,,,12
William Hayes,LA,DL,9156,weighted,,,,,,,,,,,,,,,,,,,,,,,,,,,,,,,,,,,,,,,,,,,,,1.81485557083906,0.494974746830583,0.3,0.0,0.0,0.0,0.0,0.0,0.0,0.0,2008.0,1985-05-02,,,,12
Jabaal Sheard,NE,DL,10320,weighted,,,,,,,,,,,,,,,,,,,,,,,,,,,,,,,,,,,,,,,,,,,,,1.75983493810179,0.565685424949238,0.355020632737277,0.0707106781186548,0.0,0.0,0.1,0.0,0.0,0.0,2011.0,1989-05-10,,,,12
Tyrone Crawford,DAL,DL,10819,weighted,,,,,,,,,,,,,,,,,,,,,,,,,,,,,,,,,,,,,,,,,,,,,1.70522696011004,0.777817459305202,0.365061898211829,0.212132034355964,0.0,0.0,0.1,0.0,0.0,0.0,2012.0,1989-11-22,,,,12
Derek Wolfe,DEN,DL,10806,weighted,,,,,,,,,,,,,,,,,,,,,,,,,,,,,,,,,,,,,,,,,,,,,2.15502063273728,0.0707106781186548,0.355020632737277,0.0707106781186548,0.0,0.0,0.144979367262724,0.0707106781186548,0.0,0.0,2012.0,1990-02-24,,,,12
Denico Autry,OAK,DL,12083,weighted,,,,,,,,,,,,,,,,,,,,,,,,,,,,,,,,,,,,,,,,,,,,,1.75983493810179,0.565685424949238,0.255020632737276,0.0707106781186547,0.0,0.0,0.189958734525447,0.141421356237309,0.0,0.0,,,,,,12
Trey Flowers,NE,DL,12222,weighted,,,,,,,,,,,,,,,,,,,,,,,,,,,,,,,,,,,,,,,,,,,,,1.53975240715268,0.848528137423857,0.379917469050894,0.282842712474619,0.0,0.0,0.144979367262724,0.0707106781186548,0.0,0.0,2015.0,1993-08-16,,,,12
Bennie Logan,PHI,DL,11289,weighted,,,,,,,,,,,,,,,,,,,,,,,,,,,,,,,,,,,,,,,,,,,,,1.78514442916094,0.494974746830583,0.155020632737276,0.0707106781186548,0.0,0.0,0.0,0.0,0.0,0.0,2013.0,1989-12-28,,,,12
Stephon Tuitt,PIT,DL,11707,weighted,,,,,,,,,,,,,,,,,,,,,,,,,,,,,,,,,,,,,,,,,,,,,1.76987620357634,0.424264068711929,0.4,0.0,0.0,0.0,0.0449793672627235,0.0707106781186548,0.0,0.0,2014.0,1993-05-23,,,,12
Kerry Hyder,DET,DL,12987,weighted,,,,,,,,,,,,,,,,,,,,,,,,,,,,,,,,,,,,,,,,,,,,,1.49477303988996,0.777817459305202,0.5,0.0,0.0,0.0,0.0,0.0,0.0,0.0,,,,,,12
Zach Kerr,IND,DL,11993,weighted,,,,,,,,,,,,,,,,,,,,,,,,,,,,,,,,,,,,,,,,,,,,,1.60481430536451,0.636396103067893,0.2,0.0,0.0,0.0,0.320082530949106,0.282842712474619,0.0,0.0,2014.0,1990-08-29,O,Coach's Decision,2016.0,12
Robert Ayers,TB,DL,9485,weighted,,,,,,,,,,,,,,,,,,,,,,,,,,,,,,,,,,,,,,,,,,,,,1.95502063273728,0.0707106781186548,0.444979367262723,0.0707106781186547,0.0,0.0,0.1,0.0,0.0,0.0,2009.0,1985-09-06,,,,12
Carlos Dunlap,CIN,DL,9825,weighted,,,,,,,,,,,,,,,,,,,,,,,,,,,,,,,,,,,,,,,,,,,,,1.77991746905089,0.282842712474619,0.544979367262723,0.0707106781186547,0.0,0.0,0.289958734525447,0.14142135623731,0.0,0.0,2010.0,1989-02-28,,,,12
Everson Griffen,MIN,DL,9828,weighted,,,,,,,,,,,,,,,,,,,,,,,,,,,,,,,,,,,,,,,,,,,,,1.94497936726272,0.0707106781186548,0.489958734525447,0.141421356237309,0.0,0.0,0.1,0.0,0.0,0.0,2010.0,1987-12-22,,,,12
Mario Williams,MIA,DL,8242,weighted,,,,,,,,,,,,,,,,,,,,,,,,,,,,,,,,,,,,,,,,,,,,,1.55020632737276,0.707106781186547,0.310041265474553,0.14142135623731,0.0,0.0,0.1,0.0,0.0,0.0,2006.0,1985-01-31,Q,Ankle,2016.0,12
Michael Johnson,CIN,DL,9442,weighted,,,,,,,,,,,,,,,,,,,,,,,,,,,,,,,,,,,,,,,,,,,,,1.61485557083906,0.494974746830583,0.255020632737276,0.0707106781186547,0.0,0.0,0.144979367262724,0.0707106781186548,0.0,0.0,2009.0,1987-02-07,,,,12
Brandon Williams,BAL,DL,11360,weighted,,,,,,,,,,,,,,,,,,,,,,,,,,,,,,,,,,,,,,,,,,,,,1.95502063273728,0.0707106781186548,0.155020632737276,0.0707106781186548,0.0,0.0,0.0449793672627235,0.0707106781186548,0.0,0.0,2013.0,1989-02-21,Q,Back,2016.0,12
Timmy Jernigan,BAL,DL,11717,weighted,,,,,,,,,,,,,,,,,,,,,,,,,,,,,,,,,,,,,,,,,,,,,1.64016506189821,0.565685424949238,0.455020632737276,0.0707106781186547,0.0449793672627235,0.0707106781186548,0.144979367262724,0.0707106781186548,0.0,0.0,2014.0,1992-09-24,Q,Shoulder,2016.0,12
Cameron Wake,MIA,DL,9425,weighted,,,,,,,,,,,,,,,,,,,,,,,,,,,,,,,,,,,,,,,,,,,,,1.29477303988996,0.777817459305202,0.569876203576341,0.424264068711928,0.0,0.0,0.0449793672627235,0.0707106781186548,0.0,0.0,2009.0,1982-01-30,,,,12
Yannick Ngakoue,JAC,DL,12756,weighted,,,,,,,,,,,,,,,,,,,,,,,,,,,,,,,,,,,,,,,,,,,,,1.29477303988996,0.777817459305202,0.434938101788171,0.212132034355964,0.0449793672627235,0.0707106781186548,0.189958734525447,0.141421356237309,0.0,0.0,2016.0,1995-03-31,,,,12
Connor Barwin,PHI,DL,9494,weighted,,,,,,,,,,,,,,,,,,,,,,,,,,,,,,,,,,,,,,,,,,,,,1.71004126547455,0.141421356237309,0.344979367262723,0.0707106781186548,0.0,0.0,0.2,0.0,0.0,0.0,2009.0,1986-10-15,,,,12
Tyson Jackson,ATL,DL,9453,weighted,,,,,,,,,,,,,,,,,,,,,,,,,,,,,,,,,,,,,,,,,,,,,1.57510316368638,0.353553390593274,0.089958734525447,0.14142135623731,0.0,0.0,0.089958734525447,0.14142135623731,0.0,0.0,2009.0,1986-06-06,,,,12
Alan Branch,NE,DL,8661,weighted,,,,,,,,,,,,,,,,,,,,,,,,,,,,,,,,,,,,,,,,,,,,,0.809628610729023,1.27279220613579,0.0449793672627235,0.0707106781186548,0.0,0.0,0.0449793672627235,0.0707106781186548,0.0,0.0,2007.0,1984-12-29,,,,12
Malik Jackson,JAC,DL,10846,weighted,,,,,,,,,,,,,,,,,,,,,,,,,,,,,,,,,,,,,,,,,,,,,1.41485557083906,0.494974746830583,0.355020632737277,0.0707106781186548,0.0,0.0,0.289958734525447,0.14142135623731,0.0,0.0,2012.0,1990-01-11,,,,12
Kawann Short,CAR,DL,11333,weighted,,,,,,,,,,,,,,,,,,,,,,,,,,,,,,,,,,,,,,,,,,,,,1.71004126547455,0.141421356237309,0.344979367262723,0.0707106781186548,0.0,0.0,0.1,0.0,0.0,0.0,2013.0,1989-02-02,,,,12
Devin Taylor,DET,DL,11269,weighted,,,,,,,,,,,,,,,,,,,,,,,,,,,,,,,,,,,,,,,,,,,,,1.68995873452545,0.141421356237309,0.4,0.0,0.0,0.0,0.1,0.0,0.0,0.0,2013.0,1989-11-15,,,,12
Star Lotulelei,CAR,DL,11280,weighted,,,,,,,,,,,,,,,,,,,,,,,,,,,,,,,,,,,,,,,,,,,,,1.48514442916094,0.494974746830583,0.244979367262724,0.0707106781186547,0.0,0.0,0.1,0.0,0.0,0.0,2013.0,1989-12-20,,,,12
Ezekiel Ansah,DET,DL,11267,weighted,,,,,,,,,,,,,,,,,,,,,,,,,,,,,,,,,,,,,,,,,,,,,1.74497936726272,0.0707106781186548,0.355020632737277,0.0707106781186548,0.0,0.0,0.0,0.0,0.0,0.0,2013.0,1989-05-29,,,,12
Quinton Dial,SF,DL,11380,weighted,,,,,,,,,,,,,,,,,,,,,,,,,,,,,,,,,,,,,,,,,,,,,1.62008253094911,0.282842712474619,0.1,0.0,0.0,0.0,0.0,0.0,0.0,0.0,2013.0,1990-07-21,Q,Neck,2016.0,12
Jihad Ward,OAK,DL,12744,weighted,,,,,,,,,,,,,,,,,,,,,,,,,,,,,,,,,,,,,,,,,,,,,1.30522696011004,0.777817459305202,0.110041265474553,0.14142135623731,0.0,0.0,0.089958734525447,0.14142135623731,0.0,0.0,2016.0,1994-03-11,,,,12
Gerald McCoy,TB,DL,9819,weighted,,,,,,,,,,,,,,,,,,,,,,,,,,,,,,,,,,,,,,,,,,,,,1.65502063273728,0.0707106781186547,0.444979367262723,0.0707106781186547,0.0,0.0,0.144979367262724,0.0707106781186548,0.0,0.0,2010.0,1988-02-25,,,,12
Haloti Ngata,DET,DL,8253,weighted,,,,,,,,,,,,,,,,,,,,,,,,,,,,,,,,,,,,,,,,,,,,,1.47510316368638,0.353553390593274,0.210041265474553,0.141421356237309,0.0,0.0,0.144979367262724,0.0707106781186548,0.0,0.0,2006.0,1984-01-21,,,,12
Akiem Hicks,CHI,DL,10823,weighted,,,,,,,,,,,,,,,,,,,,,,,,,,,,,,,,,,,,,,,,,,,,,1.56506189821183,0.212132034355964,0.3,0.0,0.0,0.0,0.0449793672627235,0.0707106781186548,0.0,0.0,2012.0,1989-11-16,,,,12
David Parry,IND,DL,12314,weighted,,,,,,,,,,,,,,,,,,,,,,,,,,,,,,,,,,,,,,,,,,,,,1.58995873452545,0.141421356237309,0.144979367262724,0.0707106781186548,0.0,0.0,0.0,0.0,0.0,0.0,,,,,,12
Christian Covington,HOU,DL,12360,weighted,,,,,,,,,,,,,,,,,,,,,,,,,,,,,,,,,,,,,,,,,,,,,1.02530949105915,1.06066017177982,0.155020632737276,0.0707106781186548,0.0,0.0,0.0,0.0,0.0,0.0,2015.0,1993-10-16,,,,12
Kenny Clark,GB,DL,12739,weighted,,,,,,,,,,,,,,,,,,,,,,,,,,,,,,,,,,,,,,,,,,,,,1.29518569463549,0.636396103067893,0.0550206327372765,0.0707106781186548,0.0,0.0,0.210041265474553,0.141421356237309,0.0,0.0,2016.0,1995-10-04,,,,12
Arthur Jones,IND,DL,9963,weighted,,,,,,,,,,,,,,,,,,,,,,,,,,,,,,,,,,,,,,,,,,,,,1.10522696011004,0.777817459305202,0.110041265474553,0.14142135623731,0.0,0.0,0.0449793672627235,0.0707106781186548,0.0,0.0,2010.0,1986-06-03,,,,12
Demarcus Lawrence,DAL,DL,11769,weighted,,,,,,,,,,,,,,,,,,,,,,,,,,,,,,,,,,,,,,,,,,,,,1.46506189821183,0.212132034355964,0.310041265474553,0.14142135623731,0.0,0.0,0.0,0.0,0.0,0.0,2014.0,1992-04-28,,,,12
Geno Atkins,CIN,DL,9868,weighted,,,,,,,,,,,,,,,,,,,,,,,,,,,,,,,,,,,,,,,,,,,,,1.5,3.15613641806544e-16,0.5,0.0,0.0,0.0,0.0,0.0,0.0,0.0,2010.0,1988-03-28,,,,12
Corey Peters,ARI,DL,9919,weighted,,,,,,,,,,,,,,,,,,,,,,,,,,,,,,,,,,,,,,,,,,,,,1.18514442916094,0.494974746830583,0.110041265474553,0.14142135623731,0.0,0.0,0.0550206327372765,0.0707106781186548,0.0,0.0,2010.0,1988-06-08,Q,Foot,2016.0,12
Karl Klug,TEN,DL,10383,weighted,,,,,,,,,,,,,,,,,,,,,,,,,,,,,,,,,,,,,,,,,,,,,1.23012379642366,0.424264068711928,0.144979367262724,0.0707106781186548,0.0,0.0,0.1,0.0,0.0,0.0,2011.0,1988-03-31,,,,12
Nick Fairley,NO,DL,10258,weighted,,,,,,,,,,,,,,,,,,,,,,,,,,,,,,,,,,,,,,,,,,,,,1.5,3.15613641806544e-16,0.4,0.0,0.0,0.0,0.0,0.0,0.0,0.0,2011.0,1988-01-23,,,,12
Vince Wilfork,HOU,DL,7411,weighted,,,,,,,,,,,,,,,,,,,,,,,,,,,,,,,,,,,,,,,,,,,,,1.44497936726272,0.0707106781186548,0.144979367262724,0.0707106781186548,0.0,0.0,0.0449793672627235,0.0707106781186548,0.0,0.0,2004.0,1981-11-04,,,,12
Steve McLendon,NYJ,DL,10143,weighted,,,,,,,,,,,,,,,,,,,,,,,,,,,,,,,,,,,,,,,,,,,,,1.36506189821183,0.212132034355964,0.144979367262724,0.0707106781186548,0.0,0.0,0.0,0.0,0.0,0.0,2009.0,1986-01-03,Q,Hamstring,2016.0,12
Adolphus Washington,BUF,DL,12761,weighted,,,,,,,,,,,,,,,,,,,,,,,,,,,,,,,,,,,,,,,,,,,,,1.32008253094911,0.282842712474619,0.089958734525447,0.14142135623731,0.0,0.0,0.0449793672627235,0.0707106781186548,0.0,0.0,2016.0,,,,,12
Sheldon Rankins,NO,DL,12735,weighted,,,,,,,,,,,,,,,,,,,,,,,,,,,,,,,,,,,,,,,,,,,,,1.27991746905089,0.282842712474619,0.255020632737276,0.0707106781186547,0.0,0.0,0.0449793672627235,0.0707106781186548,0.0,0.0,2016.0,1994-04-02,,,,12
Glenn Dorsey,SF,DL,9060,weighted,,,,,,,,,,,,,,,,,,,,,,,,,,,,,,,,,,,,,,,,,,,,,1.06987620357634,0.424264068711928,0.1,0.0,0.0,0.0,0.0,0.0,0.0,0.0,2008.0,1985-08-01,,,,12
Chris Long,NE,DL,9084,weighted,,,,,,,,,,,,,,,,,,,,,,,,,,,,,,,,,,,,,,,,,,,,,1.17991746905089,0.282842712474619,0.265061898211829,0.212132034355964,0.0,0.0,0.1,0.0,0.0,0.0,2008.0,1985-03-28,,,,12
Brooks Reed,ATL,DL,10315,weighted,,,,,,,,,,,,,,,,,,,,,,,,,,,,,,,,,,,,,,,,,,,,,1.31004126547455,0.141421356237309,0.1,0.0,0.0,0.0,0.0449793672627235,0.0707106781186548,0.0,0.0,2011.0,1987-02-28,,,,12
Lawrence Guy,BAL,DL,10457,weighted,,,,,,,,,,,,,,,,,,,,,,,,,,,,,,,,,,,,,,,,,,,,,1.23493810178817,0.212132034355964,0.144979367262724,0.0707106781186548,0.0,0.0,0.0,0.0,0.0,0.0,2011.0,1990-03-17,,,,12
Robert Quinn,LA,DL,10269,weighted,,,,,,,,,,,,,,,,,,,,,,,,,,,,,,,,,,,,,,,,,,,,,1.28995873452545,0.141421356237309,0.344979367262723,0.0707106781186548,0.0,0.0,0.234938101788171,0.212132034355964,0.0,0.0,2011.0,1990-05-18,,,,12
Jonathan Babineaux,ATL,DL,7871,weighted,,,,,,,,,,,,,,,,,,,,,,,,,,,,,,,,,,,,,,,,,,,,,1.01485557083906,0.494974746830583,0.155020632737276,0.0707106781186548,0.0449793672627235,0.0707106781186548,0.0449793672627235,0.0707106781186548,0.0,0.0,2005.0,1981-10-12,,,,12
Akeem Spence,TB,DL,11282,weighted,,,,,,,,,,,,,,,,,,,,,,,,,,,,,,,,,,,,,,,,,,,,,1.28995873452545,0.141421356237309,0.1,0.0,0.0,0.0,0.0,0.0,0.0,0.0,2013.0,1991-11-29,,,,12
Nick Williams,MIA,DL,11412,weighted,,,,,,,,,,,,,,,,,,,,,,,,,,,,,,,,,,,,,,,,,,,,,1.08514442916094,0.494974746830583,0.0550206327372765,0.0707106781186548,0.0,0.0,0.0,0.0,0.0,0.0,2013.0,1990-02-21,,,,12
David Irving,DAL,DL,12536,weighted,,,,,,,,,,,,,,,,,,,,,,,,,,,,,,,,,,,,,,,,,,,,,0.849793672627235,0.707106781186547,0.189958734525447,0.141421356237309,0.0,0.0,0.089958734525447,0.14142135623731,0.0,0.0,,,,,,12
Chris Jones,KC,DL,nfl_2556369,weighted,,,,,,,,,,,,,,,,,,,,,,,,,,,,,,,,,,,,,,,,,,,,,1.22008253094911,0.282842712474619,0.1,0.0,0.0,0.0,0.0449793672627235,0.0707106781186548,0.0,0.0,2016.0,1994-07-03,,,,12
Letroy Guion,GB,DL,9199,weighted,,,,,,,,,,,,,,,,,,,,,,,,,,,,,,,,,,,,,,,,,,,,,1.12008253094911,0.282842712474619,0.110041265474553,0.14142135623731,0.0,0.0,0.0449793672627235,0.0707106781186548,0.0,0.0,2008.0,1987-06-21,,,,12
Paul Kruger,NO,DL,9502,weighted,,,,,,,,,,,,,,,,,,,,,,,,,,,,,,,,,,,,,,,,,,,,,1.02489683631362,0.353553390593274,0.155020632737276,0.0707106781186548,0.0,0.0,0.0449793672627235,0.0707106781186548,0.0,0.0,2009.0,1986-02-15,,,,12
Terrell McClain,DAL,DL,10329,weighted,,,,,,,,,,,,,,,,,,,,,,,,,,,,,,,,,,,,,,,,,,,,,1.25502063273728,0.0707106781186548,0.155020632737276,0.0707106781186548,0.0,0.0,0.0,0.0,0.0,0.0,2011.0,1988-07-20,,,,12
Brian Robison,MIN,DL,8787,weighted,,,,,,,,,,,,,,,,,,,,,,,,,,,,,,,,,,,,,,,,,,,,,1.18995873452545,0.141421356237309,0.4,0.0,0.0,0.0,0.1,0.0,0.0,0.0,2007.0,1983-04-28,,,,12
Andre Branch,MIA,DL,10752,weighted,,,,,,,,,,,,,,,,,,,,,,,,,,,,,,,,,,,,,,,,,,,,,1.3,3.15613641806544e-16,0.244979367262724,0.0707106781186547,0.0,0.0,0.1,0.0,0.0,0.0,2012.0,1989-07-14,,,,12
Mike Daniels,GB,DL,10841,weighted,,,,,,,,,,,,,,,,,,,,,,,,,,,,,,,,,,,,,,,,,,,,,1.3,3.15613641806544e-16,0.3,0.0,0.0,0.0,0.0449793672627235,0.0707106781186548,0.0,0.0,2012.0,1989-05-05,,,,12
Jack Crawford,DAL,DL,10861,weighted,,,,,,,,,,,,,,,,,,,,,,,,,,,,,,,,,,,,,,,,,,,,,1.16506189821183,0.212132034355964,0.244979367262724,0.0707106781186547,0.0,0.0,0.0,0.0,0.0,0.0,2012.0,1988-09-07,,,,12
Sylvester Williams,DEN,DL,11285,weighted,,,,,,,,,,,,,,,,,,,,,,,,,,,,,,,,,,,,,,,,,,,,,1.13493810178817,0.212132034355964,0.0449793672627235,0.0707106781186548,0.0,0.0,0.0,0.0,0.0,0.0,2013.0,1988-11-21,,,,12
Justin Ellis,OAK,DL,11789,weighted,,,,,,,,,,,,,,,,,,,,,,,,,,,,,,,,,,,,,,,,,,,,,0.914855570839065,0.494974746830583,0.0449793672627235,0.0707106781186548,0.0,0.0,0.0449793672627235,0.0707106781186548,0.0,0.0,2014.0,1990-12-27,,,,12
Beau Allen,PHI,DL,11862,weighted,,,,,,,,,,,,,,,,,,,,,,,,,,,,,,,,,,,,,,,,,,,,,1.12008253094911,0.282842712474619,0.0550206327372765,0.0707106781186548,0.0,0.0,0.0449793672627235,0.0707106781186548,0.0,0.0,2014.0,1991-11-14,,,,12
Frank Clark,SEA,DL,12280,weighted,,,,,,,,,,,,,,,,,,,,,,,,,,,,,,,,,,,,,,,,,,,,,1.18995873452545,0.141421356237309,0.4,0.0,0.0,0.0,0.155020632737276,0.0707106781186548,0.0,0.0,2015.0,1993-06-14,,,,12
Domata Peko,CIN,DL,8364,weighted,,,,,,,,,,,,,,,,,,,,,,,,,,,,,,,,,,,,,,,,,,,,,1.11004126547455,0.141421356237309,0.1,0.0,0.0,0.0,0.0449793672627235,0.0707106781186548,0.0,0.0,2006.0,1984-11-27,,,,12
Charles Johnson,CAR,DL,8677,weighted,,,,,,,,,,,,,,,,,,,,,,,,,,,,,,,,,,,,,,,,,,,,,1.11004126547455,0.141421356237309,0.3,0.0,0.0,0.0,0.144979367262724,0.0707106781186548,0.0,0.0,2007.0,1986-07-10,,,,12
Mitch Unrein,CHI,DL,10560,weighted,,,,,,,,,,,,,,,,,,,,,,,,,,,,,,,,,,,,,,,,,,,,,1.02008253094911,0.282842712474619,0.0550206327372765,0.0707106781186548,0.0,0.0,0.0,0.0,0.0,0.0,2010.0,1987-03-25,Q,Back,2016.0,12
Vinny Curry,PHI,DL,10755,weighted,,,,,,,,,,,,,,,,,,,,,,,,,,,,,,,,,,,,,,,,,,,,,1.03493810178817,0.212132034355964,0.255020632737276,0.0707106781186547,0.0,0.0,0.0,0.0,0.0,0.0,2012.0,1988-06-30,,,,12
Michael Brockers,LA,DL,10763,weighted,,,,,,,,,,,,,,,,,,,,,,,,,,,,,,,,,,,,,,,,,,,,,1.03493810178817,0.212132034355964,0.1,0.0,0.0,0.0,0.0449793672627235,0.0707106781186548,0.0,0.0,2012.0,1990-12-21,,,,12
Tyrunn Walker,DET,DL,11043,weighted,,,,,,,,,,,,,,,,,,,,,,,,,,,,,,,,,,,,,,,,,,,,,1.03493810178817,0.212132034355964,0.155020632737276,0.0707106781186548,0.0,0.0,0.0,0.0,0.0,0.0,2012.0,1990-03-18,,,,12
Eddie Goldman,CHI,DL,12271,weighted,,,,,,,,,,,,,,,,,,,,,,,,,,,,,,,,,,,,,,,,,,,,,1.11004126547455,0.141421356237309,0.2,0.0,0.0,0.0,0.0,0.0,0.0,0.0,,,,,,12
Xavier Cooper,CLE,DL,12289,weighted,,,,,,,,,,,,,,,,,,,,,,,,,,,,,,,,,,,,,,,,,,,,,0.979917469050894,0.282842712474619,0.0550206327372765,0.0707106781186548,0.0,0.0,0.0,0.0,0.0,0.0,,,,,,12
Dante Fowler,JAC,DL,12217,weighted,,,,,,,,,,,,,,,,,,,,,,,,,,,,,,,,,,,,,,,,,,,,,1.03493810178817,0.212132034355964,0.255020632737276,0.0707106781186547,0.0,0.0,0.155020632737276,0.0707106781186548,0.0,0.0,,1994-08-03,,,,12
Carl Nassib,CLE,DL,12753,weighted,,,,,,,,,,,,,,,,,,,,,,,,,,,,,,,,,,,,,,,,,,,,,0.885144429160935,0.494974746830583,0.210041265474553,0.141421356237309,0.0,0.0,0.410041265474553,0.14142135623731,0.0,0.0,2016.0,1993-04-12,,,,12
SenDerrick Marks,JAC,DL,9478,weighted,,,,,,,,,,,,,,,,,,,,,,,,,,,,,,,,,,,,,,,,,,,,,0.824896836313618,0.353553390593274,0.2,0.0,0.0,0.0,0.155020632737276,0.0707106781186548,0.0,0.0,2009.0,1987-02-23,,,,12
Stephen Paea,CLE,DL,10270,weighted,,,,,,,,,,,,,,,,,,,,,,,,,,,,,,,,,,,,,,,,,,,,,0.824896836313618,0.353553390593274,0.1,0.0,0.0,0.0,0.0,0.0,0.0,0.0,2011.0,1988-05-11,,,,12
Cedric Thornton,DAL,DL,10675,weighted,,,,,,,,,,,,,,,,,,,,,,,,,,,,,,,,,,,,,,,,,,,,,0.875103163686382,0.353553390593274,0.0550206327372765,0.0707106781186548,0.0,0.0,0.0449793672627235,0.0707106781186548,0.0,0.0,2011.0,1988-06-21,,,,12
Tony McDaniel,SEA,DL,8548,weighted,,,,,,,,,,,,,,,,,,,,,,,,,,,,,,,,,,,,,,,,,,,,,0.965061898211829,0.212132034355964,0.1,0.0,0.0,0.0,0.155020632737276,0.0707106781186548,0.0,0.0,2006.0,1985-01-20,,,,12
Darryl Tapp,NO,DL,8304,weighted,,,,,,,,,,,,,,,,,,,,,,,,,,,,,,,,,,,,,,,,,,,,,0.920082530949106,0.282842712474619,0.155020632737276,0.0707106781186548,0.0,0.0,0.0,0.0,0.0,0.0,2006.0,1984-09-13,,,,12
Kony Ealy,CAR,DL,11708,weighted,,,,,,,,,,,,,,,,,,,,,,,,,,,,,,,,,,,,,,,,,,,,,1.01004126547455,0.14142135623731,0.3,0.0,0.0449793672627235,0.0707106781186548,0.144979367262724,0.0707106781186548,0.0,0.0,2014.0,1991-12-21,,,,12
Henry Anderson,IND,DL,12288,weighted,,,,,,,,,,,,,,,,,,,,,,,,,,,,,,,,,,,,,,,,,,,,,0.965061898211829,0.212132034355964,0.155020632737276,0.0707106781186548,0.0,0.0,0.144979367262724,0.0707106781186548,0.0,0.0,2015.0,1991-08-03,,,,12
Earl Mitchell,MIA,DL,9917,weighted,,,,,,,,,,,,,,,,,,,,,,,,,,,,,,,,,,,,,,,,,,,,,0.889958734525447,0.141421356237309,0.0550206327372765,0.0707106781186548,0.0,0.0,0.0,0.0,0.0,0.0,2010.0,1987-09-25,,,,12
Noah Spence,TB,DL,12690,weighted,,,,,,,,,,,,,,,,,,,,,,,,,,,,,,,,,,,,,,,,,,,,,0.83493810178817,0.212132034355964,0.355020632737277,0.0707106781186548,0.0,0.0,0.0449793672627235,0.0707106781186548,0.0,0.0,2016.0,,,,,12
Al Woods,TEN,DL,9940,weighted,,,,,,,,,,,,,,,,,,,,,,,,,,,,,,,,,,,,,,,,,,,,,0.765061898211829,0.212132034355964,0.0449793672627235,0.0707106781186548,0.0,0.0,0.0,0.0,0.0,0.0,2010.0,1987-03-25,,,,12
Ricardo Mathews,PIT,DL,10020,weighted,,,,,,,,,,,,,,,,,,,,,,,,,,,,,,,,,,,,,,,,,,,,,0.630123796423659,0.424264068711928,0.165061898211829,0.212132034355964,0.0,0.0,0.0449793672627235,0.0707106781186548,0.0,0.0,2010.0,1987-07-30,,,,12
Dwight Freeney,ATL,DL,6519,weighted,,,,,,,,,,,,,,,,,,,,,,,,,,,,,,,,,,,,,,,,,,,,,0.624896836313618,0.353553390593274,0.344979367262723,0.0707106781186548,0.0,0.0,0.0,0.0,0.0,0.0,2002.0,1980-02-19,,,,12
Cullen Jenkins,WAS,DL,7665,weighted,,,,,,,,,,,,,,,,,,,,,,,,,,,,,,,,,,,,,,,,,,,,,0.765061898211829,0.212132034355964,0.0550206327372765,0.0707106781186548,0.0,0.0,0.0,0.0,0.0,0.0,2003.0,1981-01-20,,,,12
Antonio Smith,HOU,DL,7525,weighted,,,,,,,,,,,,,,,,,,,,,,,,,,,,,,,,,,,,,,,,,,,,,0.855020632737276,0.0707106781186547,0.2,0.0,0.0,0.0,0.0,0.0,0.0,0.0,2004.0,1981-10-21,,,,12
Paul Soliai,CAR,DL,8791,weighted,,,,,,,,,,,,,,,,,,,,,,,,,,,,,,,,,,,,,,,,,,,,,0.765061898211829,0.212132034355964,0.0550206327372765,0.0707106781186548,0.0,0.0,0.0449793672627235,0.0707106781186548,0.0,0.0,2007.0,1983-12-30,,,,12
Benson Mayowa,DAL,DL,11491,weighted,,,,,,,,,,,,,,,,,,,,,,,,,,,,,,,,,,,,,,,,,,,,,0.789958734525447,0.14142135623731,0.144979367262724,0.0707106781186548,0.0,0.0,0.0449793672627235,0.0707106781186548,0.0,0.0,2013.0,1991-08-03,O,Coach's Decision,2016.0,12
Mike Pennel,GB,DL,11970,weighted,,,,,,,,,,,,,,,,,,,,,,,,,,,,,,,,,,,,,,,,,,,,,0.844979367262723,0.0707106781186547,0.0550206327372765,0.0707106781186548,0.0,0.0,0.0449793672627235,0.0707106781186548,0.0,0.0,2014.0,1991-05-09,,,,12
Dean Lowry,GB,DL,12791,weighted,,,,,,,,,,,,,,,,,,,,,,,,,,,,,,,,,,,,,,,,,,,,,0.495185694635488,0.636396103067893,0.0,0.0,0.0,0.0,0.0,0.0,0.0,0.0,2016.0,,,,,12
Tyeler Davison,NO,DL,12316,weighted,,,,,,,,,,,,,,,,,,,,,,,,,,,,,,,,,,,,,,,,,,,,,0.744979367262723,0.0707106781186548,0.110041265474553,0.14142135623731,0.0,0.0,0.0,0.0,0.0,0.0,2015.0,1992-09-23,,,,12
Robert Nkemdiche,ARI,DL,12696,weighted,,,,,,,,,,,,,,,,,,,,,,,,,,,,,,,,,,,,,,,,,,,,,0.469876203576341,0.424264068711928,0.0,0.0,0.0,0.0,0.0449793672627235,0.0707106781186548,0.0,0.0,2016.0,1994-09-19,,,,12
Frostee Rucker,ARI,DL,8332,weighted,,,,,,,,,,,,,,,,,,,,,,,,,,,,,,,,,,,,,,,,,,,,,0.655020632737276,0.0707106781186547,0.1,0.0,0.0,0.0,0.0,0.0,0.0,0.0,2006.0,1983-09-14,,,,12
Kendall Reyes,KC,DL,10809,weighted,,,,,,,,,,,,,,,,,,,,,,,,,,,,,,,,,,,,,,,,,,,,,0.655020632737276,0.0707106781186547,0.1,0.0,0.0,0.0,0.0449793672627235,0.0707106781186548,0.0,0.0,2012.0,1989-09-26,Q,Knee,2016.0,12
Dominique Easley,LA,DL,11710,weighted,,,,,,,,,,,,,,,,,,,,,,,,,,,,,,,,,,,,,,,,,,,,,0.534938101788171,0.212132034355964,0.144979367262724,0.0707106781186548,0.0,0.0,0.0,0.0,0.0,0.0,2014.0,1992-02-24,,,,12
Darius Philon,SD,DL,12343,weighted,,,,,,,,,,,,,,,,,,,,,,,,,,,,,,,,,,,,,,,,,,,,,0.655020632737276,0.0707106781186547,0.0,0.0,0.0,0.0,0.0,0.0,0.0,0.0,2015.0,1994-01-22,,,,12
Rodney Gunter,ARI,DL,12298,weighted,,,,,,,,,,,,,,,,,,,,,,,,,,,,,,,,,,,,,,,,,,,,,0.565061898211829,0.212132034355964,0.0550206327372765,0.0707106781186548,0.0,0.0,0.0,0.0,0.0,0.0,,,,,,12
Jerel Worthy,BUF,DL,10759,weighted,,,,,,,,,,,,,,,,,,,,,,,,,,,,,,,,,,,,,,,,,,,,,0.375103163686382,0.353553390593274,0.0,0.0,0.0,0.0,0.0,0.0,0.0,0.0,2012.0,1990-04-28,,,,12
Margus Hunt,CIN,DL,11274,weighted,,,,,,,,,,,,,,,,,,,,,,,,,,,,,,,,,,,,,,,,,,,,,0.379917469050894,0.282842712474619,0.0550206327372765,0.0707106781186548,0.0,0.0,0.0449793672627235,0.0707106781186548,0.0,0.0,2013.0,1987-07-14,,,,12
Brent Urban,BAL,DL,11807,weighted,,,,,,,,,,,,,,,,,,,,,,,,,,,,,,,,,,,,,,,,,,,,,0.544979367262723,0.0707106781186547,0.0449793672627235,0.0707106781186548,0.0,0.0,0.0449793672627235,0.0707106781186548,0.0,0.0,2014.0,1991-05-05,,,,12
Pat Sims,CIN,DL,9139,weighted,,,,,,,,,,,,,,,,,,,,,,,,,,,,,,,,,,,,,,,,,,,,,0.5,0.0,0.0550206327372765,0.0707106781186548,0.0,0.0,0.0449793672627235,0.0707106781186548,0.0,0.0,2008.0,1985-01-29,,,,12
Wallace Gilberry,CIN,DL,9367,weighted,,,,,,,,,,,,,,,,,,,,,,,,,,,,,,,,,,,,,,,,,,,,,0.179917469050894,0.282842712474619,0.0,0.0,0.0,0.0,0.0,0.0,0.0,0.0,2008.0,1984-12-05,,,,12
Tony Jerod-Eddie,SF,DL,11135,weighted,,,,,,,,,,,,,,,,,,,,,,,,,,,,,,,,,,,,,,,,,,,,,0.179917469050894,0.282842712474619,0.0,0.0,0.0,0.0,0.0449793672627235,0.0707106781186548,0.0,0.0,2012.0,1990-03-29,,,,12
Adam Gotsis,DEN,DL,12751,weighted,,,,,,,,,,,,,,,,,,,,,,,,,,,,,,,,,,,,,,,,,,,,,0.310041265474553,0.14142135623731,0.0,0.0,0.0,0.0,0.0,0.0,0.0,0.0,2016.0,1992-09-23,,,,12
Jeoffrey Pagan,HOU,DL,nfl_2543547,weighted,,,,,,,,,,,,,,,,,,,,,,,,,,,,,,,,,,,,,,,,,,,,,0.134938101788171,0.212132034355964,0.0,0.0,0.0,0.0,0.0,0.0,0.0,0.0,2014.0,1993-06-10,,,,12
Jerrell Powe,WAS,DL,nfl_2495217,weighted,,,,,,,,,,,,,,,,,,,,,,,,,,,,,,,,,,,,,,,,,,,,,0.089958734525447,0.14142135623731,0.0,0.0,0.0,0.0,0.0,0.0,0.0,0.0,2011.0,1987-03-15,,,,12
Alec Ogletree,LA,LB,11293,weighted,,,,,,,,,,,,,,,,,,,,,,,,,,,,,,,,,,,,,,,,,,,,,8.6707015130674,2.40416305603426,0.1,0.0,0.1,0.0,0.5,0.0,0.0,0.0,2013.0,1991-09-25,,,,12
Malcolm Smith,OAK,LB,10465,weighted,,,,,,,,,,,,,,,,,,,,,,,,,,,,,,,,,,,,,,,,,,,,,6.79559834938102,2.05060966544099,0.1,0.0,0.1,0.0,0.355020632737277,0.0707106781186548,0.0,0.0,2011.0,1989-07-05,,,,12
Telvin Smith,JAC,LB,11813,weighted,,,,,,,,,,,,,,,,,,,,,,,,,,,,,,,,,,,,,,,,,,,,,7.30522696011004,0.777817459305202,0.0,0.0,0.155020632737276,0.0707106781186548,0.555020632737276,0.0707106781186547,0.0,0.0,2014.0,1991-04-11,,,,12
Kwon Alexander,TB,LB,12233,weighted,,,,,,,,,,,,,,,,,,,,,,,,,,,,,,,,,,,,,,,,,,,,,6.94539202200825,1.34350288425444,0.144979367262724,0.0707106781186548,0.1,0.0,0.355020632737277,0.0707106781186548,0.0,0.0,2015.0,1994-08-03,,,,12
Lavonte David,TB,LB,10768,weighted,,,,,,,,,,,,,,,,,,,,,,,,,,,,,,,,,,,,,,,,,,,,,6.01568088033012,2.33345237791561,0.1,0.0,0.1,0.0,0.355020632737277,0.0707106781186548,0.0,0.0,2012.0,1990-01-23,,,,12
Danny Trevathan,CHI,LB,10879,weighted,,,,,,,,,,,,,,,,,,,,,,,,,,,,,,,,,,,,,,,,,,,,,6.69037138927098,1.27279220613579,0.1,0.0,0.0550206327372765,0.0707106781186548,0.4,0.0,0.0,0.0,2012.0,1990-03-24,,,,12
Vontaze Burfict,CIN,LB,10772,weighted,,,,,,,,,,,,,,,,,,,,,,,,,,,,,,,,,,,,,,,,,,,,,6.28954607977992,1.5556349186104,0.189958734525447,0.141421356237309,0.1,0.0,0.444979367262723,0.0707106781186547,0.0,0.0,2012.0,1990-09-24,,,,12
Bobby Wagner,SEA,LB,10775,weighted,,,,,,,,,,,,,,,,,,,,,,,,,,,,,,,,,,,,,,,,,,,,,6.81526822558459,0.919238815542512,0.144979367262724,0.0707106781186548,0.1,0.0,0.3,0.0,0.0,0.0,2012.0,1990-06-27,,,,12
Derrick Johnson,KC,LB,7827,weighted,,,,,,,,,,,,,,,,,,,,,,,,,,,,,,,,,,,,,,,,,,,,,5.93053645116919,1.83847763108502,0.1,0.0,0.1,0.0,0.255020632737276,0.0707106781186547,0.0,0.0,2005.0,1982-11-22,Q,Achilles,2016.0,12
Will Compton,WAS,LB,11632,weighted,,,,,,,,,,,,,,,,,,,,,,,,,,,,,,,,,,,,,,,,,,,,,6.05543328748281,1.48492424049175,0.0,0.0,0.1,0.0,0.344979367262723,0.0707106781186548,0.0,0.0,2013.0,1989-09-19,,,,12
Kiko Alonso,MIA,LB,11308,weighted,,,,,,,,,,,,,,,,,,,,,,,,,,,,,,,,,,,,,,,,,,,,,6.31526822558459,0.919238815542512,0.0550206327372765,0.0707106781186548,0.1,0.0,0.244979367262724,0.0707106781186547,0.0,0.0,2013.0,1990-08-14,,,,12
Deion Jones,ATL,LB,12745,weighted,,,,,,,,,,,,,,,,,,,,,,,,,,,,,,,,,,,,,,,,,,,,,6.09037138927098,1.27279220613579,0.0449793672627235,0.0707106781186548,0.144979367262724,0.0707106781186548,0.389958734525447,0.14142135623731,0.0,0.0,2016.0,1994-11-04,,,,12
Perry Riley,OAK,LB,9929,weighted,,,,,,,,,,,,,,,,,,,,,,,,,,,,,,,,,,,,,,,,,,,,,5.1707015130674,2.40416305603426,0.1,0.0,0.0,0.0,0.144979367262724,0.0707106781186548,0.0,0.0,2010.0,1988-05-03,Q,Hamstring,2016.0,12
Paul Posluszny,JAC,LB,8669,weighted,,,,,,,,,,,,,,,,,,,,,,,,,,,,,,,,,,,,,,,,,,,,,6.47510316368638,0.353553390593274,0.1,0.0,0.155020632737276,0.0707106781186548,0.365061898211829,0.212132034355964,0.0,0.0,2007.0,1984-10-10,,,,12
Thomas Davis,CAR,LB,7826,weighted,,,,,,,,,,,,,,,,,,,,,,,,,,,,,,,,,,,,,,,,,,,,,5.97028885832187,0.989949493661166,0.144979367262724,0.0707106781186548,0.144979367262724,0.0707106781186548,0.4,0.0,0.0,0.0,2005.0,1983-03-22,,,,12
Tahir Whitehead,DET,LB,10847,weighted,,,,,,,,,,,,,,,,,,,,,,,,,,,,,,,,,,,,,,,,,,,,,6.54497936726272,0.0707106781186545,0.0550206327372765,0.0707106781186548,0.0550206327372765,0.0707106781186548,0.334938101788171,0.212132034355964,0.0,0.0,2012.0,1990-04-02,,,,12
Sean Lee,DAL,LB,9866,weighted,,,,,,,,,,,,,,,,,,,,,,,,,,,,,,,,,,,,,,,,,,,,,6.00522696011004,0.777817459305202,0.0550206327372765,0.0707106781186548,0.110041265474553,0.14142135623731,0.375103163686382,0.353553390593274,0.0,0.0,2010.0,1986-07-22,,,,12
Nick Bellore,SF,LB,10514,weighted,,,,,,,,,,,,,,,,,,,,,,,,,,,,,,,,,,,,,,,,,,,,,6.44497936726272,0.0707106781186545,0.0449793672627235,0.0707106781186548,0.155020632737276,0.0707106781186548,0.544979367262723,0.0707106781186547,0.0,0.0,2011.0,1989-05-12,,,,12
Mark Barron,LA,LB,10782,weighted,,,,,,,,,,,,,,,,,,,,,,,,,,,,,,,,,,,,,,,,,,,,,6.00522696011004,0.777817459305202,0.1,0.0,0.1,0.0,0.489958734525447,0.141421356237309,0.0,0.0,2012.0,1989-10-27,,,,12
Craig Robertson,NO,LB,11012,weighted,,,,,,,,,,,,,,,,,,,,,,,,,,,,,,,,,,,,,,,,,,,,,5.41045392022008,1.5556349186104,0.1,0.0,0.1,0.0,0.344979367262723,0.0707106781186548,0.0,0.0,2011.0,1988-02-11,,,,12
Corey Nelson,DEN,LB,11877,weighted,,,,,,,,,,,,,,,,,,,,,,,,,,,,,,,,,,,,,,,,,,,,,3.88115543328748,3.95979797464467,0.1,0.0,0.0550206327372765,0.0707106781186548,0.155020632737276,0.0707106781186548,0.0,0.0,2014.0,1992-04-22,,,,12
Deone Bucannon,ARI,LB,11767,weighted,,,,,,,,,,,,,,,,,,,,,,,,,,,,,,,,,,,,,,,,,,,,,5.07551581843191,1.76776695296637,0.1,0.0,0.0550206327372765,0.0707106781186548,0.3,0.0,0.0,0.0,2014.0,1992-08-30,,,,12
Elandon Roberts,NE,LB,12831,weighted,,,,,,,,,,,,,,,,,,,,,,,,,,,,,,,,,,,,,,,,,,,,,4.58074277854195,2.54558441227157,0.155020632737276,0.0707106781186548,0.0,0.0,0.0550206327372765,0.0707106781186548,0.0,0.0,2016.0,1994-04-22,,,,12
Nigel Bradham,PHI,LB,10827,weighted,,,,,,,,,,,,,,,,,,,,,,,,,,,,,,,,,,,,,,,,,,,,,4.96547455295736,1.62634559672906,0.1,0.0,0.0550206327372765,0.0707106781186548,0.389958734525447,0.14142135623731,0.0,0.0,2012.0,1989-09-04,,,,12
Eric Kendricks,MIN,LB,12239,weighted,,,,,,,,,,,,,,,,,,,,,,,,,,,,,,,,,,,,,,,,,,,,,4.83053645116919,1.83847763108502,0.1,0.0,0.1,0.0,0.5,0.0,0.0,0.0,2015.0,1992-02-29,,,,12
Jordan Hicks,PHI,LB,12287,weighted,,,,,,,,,,,,,,,,,,,,,,,,,,,,,,,,,,,,,,,,,,,,,4.87551581843191,1.76776695296637,0.1,0.0,0.144979367262724,0.0707106781186548,0.489958734525447,0.141421356237309,0.0,0.0,2015.0,1992-06-27,,,,12
K.J. Wright,SEA,LB,10350,weighted,,,,,,,,,,,,,,,,,,,,,,,,,,,,,,,,,,,,,,,,,,,,,5.72008253094911,0.282842712474619,0.144979367262724,0.0707106781186548,0.0550206327372765,0.0707106781186548,0.255020632737276,0.0707106781186547,0.0,0.0,2011.0,1989-07-23,,,,12
Kevin Minter,ARI,LB,11310,weighted,,,,,,,,,,,,,,,,,,,,,,,,,,,,,,,,,,,,,,,,,,,,,4.73053645116919,1.83847763108502,0.1,0.0,0.0550206327372765,0.0707106781186548,0.165061898211829,0.212132034355964,0.0,0.0,2013.0,1990-12-03,,,,12
Lawrence Timmons,PIT,LB,8684,weighted,,,,,,,,,,,,,,,,,,,,,,,,,,,,,,,,,,,,,,,,,,,,,4.70962861072902,1.27279220613579,0.144979367262724,0.0707106781186548,0.0550206327372765,0.0707106781186548,0.344979367262723,0.0707106781186548,0.0,0.0,2007.0,1986-05-14,,,,12
Ryan Shazier,PIT,LB,11722,weighted,,,,,,,,,,,,,,,,,,,,,,,,,,,,,,,,,,,,,,,,,,,,,5.04979367262723,0.707106781186547,0.189958734525447,0.141421356237309,0.1,0.0,0.444979367262723,0.0707106781186547,0.0,0.0,2014.0,1992-09-06,,,,12
Josh Bynes,DET,LB,10653,weighted,,,,,,,,,,,,,,,,,,,,,,,,,,,,,,,,,,,,,,,,,,,,,4.82530949105915,1.06066017177982,0.0550206327372765,0.0707106781186548,0.0,0.0,0.089958734525447,0.14142135623731,0.0,0.0,2011.0,1989-08-24,,,,12
Zach Brown,BUF,LB,10770,weighted,,,,,,,,,,,,,,,,,,,,,,,,,,,,,,,,,,,,,,,,,,,,,4.4646492434663,1.20208152801713,0.2,0.0,0.0550206327372765,0.0707106781186548,0.320082530949106,0.282842712474619,0.0,0.0,2012.0,1989-10-23,,,,12
Avery Williamson,TEN,LB,11816,weighted,,,,,,,,,,,,,,,,,,,,,,,,,,,,,,,,,,,,,,,,,,,,,4.86024759284732,0.848528137423857,0.144979367262724,0.0707106781186548,0.1,0.0,0.210041265474553,0.141421356237309,0.0,0.0,2014.0,1992-03-09,,,,12
Brandon Marshall,DEN,LB,10850,weighted,,,,,,,,,,,,,,,,,,,,,,,,,,,,,,,,,,,,,,,,,,,,,4.49037138927098,1.27279220613579,0.0550206327372765,0.0707106781186548,0.0550206327372765,0.0707106781186548,0.3,0.0,0.0,0.0,2012.0,1989-09-10,,,,12
Donta Hightower,NE,LB,10774,weighted,,,,,,,,,,,,,,,,,,,,,,,,,,,,,,,,,,,,,,,,,,,,,4.49477303988996,0.777817459305202,0.234938101788171,0.212132034355964,0.1,0.0,0.289958734525447,0.14142135623731,0.0,0.0,2012.0,1990-03-12,,,,12
Benardrick McKinney,HOU,LB,12272,weighted,,,,,,,,,,,,,,,,,,,,,,,,,,,,,,,,,,,,,,,,,,,,,5.01004126547455,0.141421356237309,0.189958734525447,0.141421356237309,0.0550206327372765,0.0707106781186548,0.155020632737276,0.0707106781186548,0.0,0.0,2015.0,1992-11-19,,,,12
DQwell Jackson,IND,LB,8275,weighted,,,,,,,,,,,,,,,,,,,,,,,,,,,,,,,,,,,,,,,,,,,,,4.82008253094911,0.282842712474619,0.1,0.0,0.0550206327372765,0.0707106781186548,0.4,0.0,0.0,0.0,2006.0,1983-09-26,,,,12
Mason Foster,WAS,LB,10339,weighted,,,,,,,,,,,,,,,,,,,,,,,,,,,,,,,,,,,,,,,,,,,,,4.63012379642366,0.424264068711929,0.0,0.0,0.0,0.0,0.144979367262724,0.0707106781186548,0.0,0.0,2011.0,1989-03-01,,,,12
Jake Ryan,GB,LB,12232,weighted,,,,,,,,,,,,,,,,,,,,,,,,,,,,,,,,,,,,,,,,,,,,,3.82049518569464,1.69705627484771,0.089958734525447,0.14142135623731,0.1,0.0,0.155020632737276,0.0707106781186548,0.0,0.0,2015.0,1992-02-27,Q,Ankle,2016.0,12
Gerald Hodges,SF,LB,11303,weighted,,,,,,,,,,,,,,,,,,,,,,,,,,,,,,,,,,,,,,,,,,,,,4.47510316368638,0.353553390593274,0.144979367262724,0.0707106781186548,0.1,0.0,0.155020632737276,0.0707106781186548,0.0,0.0,2013.0,1991-01-17,,,,12
Jamie Collins,CLE,LB,11349,weighted,,,,,,,,,,,,,,,,,,,,,,,,,,,,,,,,,,,,,,,,,,,,,4.7,1.26245456722618e-15,0.189958734525447,0.141421356237309,0.1,0.0,0.355020632737277,0.0707106781186548,0.0,0.0,2013.0,1990-05-02,,,,12
C.J. Mosley,BAL,LB,11728,weighted,,,,,,,,,,,,,,,,,,,,,,,,,,,,,,,,,,,,,,,,,,,,,4.65502063273728,0.0707106781186551,0.1,0.0,0.1,0.0,0.344979367262723,0.0707106781186548,0.0,0.0,2014.0,1992-06-19,,,,12
Jelani Jenkins,MIA,LB,11305,weighted,,,,,,,,,,,,,,,,,,,,,,,,,,,,,,,,,,,,,,,,,,,,,3.65543328748281,1.48492424049175,0.0550206327372765,0.0707106781186548,0.0550206327372765,0.0707106781186548,0.155020632737276,0.0707106781186548,0.0,0.0,2013.0,1992-03-13,Q,Knee,2016.0,12
David Harris,NYJ,LB,8697,weighted,,,,,,,,,,,,,,,,,,,,,,,,,,,,,,,,,,,,,,,,,,,,,4.44497936726272,0.0707106781186545,0.144979367262724,0.0707106781186548,0.0550206327372765,0.0707106781186548,0.244979367262724,0.0707106781186547,0.0,0.0,2007.0,1984-01-21,,,,12
Karlos Dansby,CIN,LB,7423,weighted,,,,,,,,,,,,,,,,,,,,,,,,,,,,,,,,,,,,,,,,,,,,,3.78473177441541,0.919238815542512,0.0,0.0,0.0550206327372765,0.0707106781186548,0.289958734525447,0.14142135623731,0.0,0.0,2004.0,1981-11-03,,,,12
Anthony Barr,MIN,LB,11720,weighted,,,,,,,,,,,,,,,,,,,,,,,,,,,,,,,,,,,,,,,,,,,,,3.87028885832187,0.989949493661166,0.2,0.0,0.0550206327372765,0.0707106781186548,0.355020632737277,0.0707106781186548,0.0,0.0,2014.0,1992-03-18,,,,12
Jonathan Casillas,NYG,LB,9742,weighted,,,,,,,,,,,,,,,,,,,,,,,,,,,,,,,,,,,,,,,,,,,,,4.25502063273728,0.0707106781186545,0.155020632737276,0.0707106781186548,0.0550206327372765,0.0707106781186548,0.344979367262723,0.0707106781186548,0.0,0.0,2009.0,1987-06-03,,,,12
Korey Toomer,SD,LB,10857,weighted,,,,,,,,,,,,,,,,,,,,,,,,,,,,,,,,,,,,,,,,,,,,,3.67028885832187,0.989949493661166,0.110041265474553,0.14142135623731,0.0,0.0,0.144979367262724,0.0707106781186548,0.0,0.0,2012.0,1988-12-09,,,,12
DeVondre Campbell,ATL,LB,12779,weighted,,,,,,,,,,,,,,,,,,,,,,,,,,,,,,,,,,,,,,,,,,,,,4.06506189821183,0.212132034355964,0.0,0.0,0.0,0.0,0.2,0.0,0.0,0.0,2016.0,1993-07-01,,,,12
Brian Cushing,HOU,LB,9446,weighted,,,,,,,,,,,,,,,,,,,,,,,,,,,,,,,,,,,,,,,,,,,,,3.64016506189821,0.565685424949238,0.0550206327372765,0.0707106781186548,0.0550206327372765,0.0707106781186548,0.155020632737276,0.0707106781186548,0.0,0.0,2009.0,1987-01-24,,,,12
Preston Brown,BUF,LB,11775,weighted,,,,,,,,,,,,,,,,,,,,,,,,,,,,,,,,,,,,,,,,,,,,,3.88995873452545,0.14142135623731,0.1,0.0,0.0550206327372765,0.0707106781186548,0.255020632737276,0.0707106781186547,0.0,0.0,2014.0,1992-10-27,,,,12
Vincent Rey,CIN,LB,10224,weighted,,,,,,,,,,,,,,,,,,,,,,,,,,,,,,,,,,,,,,,,,,,,,3.07469050894085,1.06066017177982,0.0,0.0,0.1,0.0,0.344979367262723,0.0707106781186548,0.0,0.0,,,,,,12
Keenan Robinson,NYG,LB,10769,weighted,,,,,,,,,,,,,,,,,,,,,,,,,,,,,,,,,,,,,,,,,,,,,3.27028885832187,0.989949493661166,0.0550206327372765,0.0707106781186548,0.0550206327372765,0.0707106781186548,0.344979367262723,0.0707106781186548,0.0,0.0,2012.0,1989-07-07,,,,12
Dannell Ellerbe,NO,LB,9466,weighted,,,,,,,,,,,,,,,,,,,,,,,,,,,,,,,,,,,,,,,,,,,,,2.87469050894085,1.06066017177982,0.134938101788171,0.212132034355964,0.0449793672627235,0.0707106781186548,0.234938101788171,0.212132034355964,0.0,0.0,2009.0,1985-11-29,,,,12
Bruce Irvin,OAK,LB,10766,weighted,,,,,,,,,,,,,,,,,,,,,,,,,,,,,,,,,,,,,,,,,,,,,3.11526822558459,0.919238815542512,0.355020632737277,0.0707106781186548,0.0,0.0,0.110041265474553,0.14142135623731,0.0,0.0,2012.0,1990-01-11,,,,12
Clay Matthews,GB,LB,9464,weighted,,,,,,,,,,,,,,,,,,,,,,,,,,,,,,,,,,,,,,,,,,,,,2.6646492434663,1.20208152801713,0.344979367262723,0.0707106781186548,0.0449793672627235,0.0707106781186548,0.189958734525447,0.141421356237309,0.0,0.0,2009.0,1986-05-14,,,,12
Pernell McPhee,CHI,LB,10402,weighted,,,,,,,,,,,,,,,,,,,,,,,,,,,,,,,,,,,,,,,,,,,,,2.71966987620358,1.13137084989848,0.389958734525447,0.14142135623731,0.0,0.0,0.189958734525447,0.141421356237309,0.0,0.0,2011.0,1988-12-17,,,,12
Justin Houston,KC,LB,10277,weighted,,,,,,,,,,,,,,,,,,,,,,,,,,,,,,,,,,,,,,,,,,,,,3.01526822558459,0.919238815542512,0.4,0.0,0.0449793672627235,0.0707106781186548,0.2,0.0,0.0,0.0,2011.0,1989-01-21,,,,12
Sua Cravens,WAS,LB,12746,weighted,,,,,,,,,,,,,,,,,,,,,,,,,,,,,,,,,,,,,,,,,,,,,2.79037138927098,1.27279220613579,0.189958734525447,0.141421356237309,0.110041265474553,0.14142135623731,0.455020632737276,0.0707106781186547,0.0,0.0,2016.0,1995-07-07,,,,12
Todd Davis,DEN,LB,12087,weighted,,,,,,,,,,,,,,,,,,,,,,,,,,,,,,,,,,,,,,,,,,,,,3.27510316368638,0.353553390593274,0.089958734525447,0.14142135623731,0.0,0.0,0.144979367262724,0.0707106781186548,0.0,0.0,2014.0,1992-05-17,,,,12
Wesley Woodyard,TEN,LB,9330,weighted,,,,,,,,,,,,,,,,,,,,,,,,,,,,,,,,,,,,,,,,,,,,,2.80522696011004,0.777817459305202,0.089958734525447,0.14142135623731,0.0,0.0,0.1,0.0,0.0,0.0,2008.0,1986-07-21,,,,12
Michael Wilhoite,SF,LB,11102,weighted,,,,,,,,,,,,,,,,,,,,,,,,,,,,,,,,,,,,,,,,,,,,,2.65983493810179,0.565685424949238,0.0449793672627235,0.0707106781186548,0.0,0.0,0.0,0.0,0.0,0.0,2011.0,1986-12-07,,,,12
Demario Davis,CLE,LB,10816,weighted,,,,,,,,,,,,,,,,,,,,,,,,,,,,,,,,,,,,,,,,,,,,,1.88954607977992,1.5556349186104,0.089958734525447,0.14142135623731,0.0,0.0,0.1,0.0,0.0,0.0,2012.0,1989-01-11,,,,12
Markus Golden,ARI,LB,12278,weighted,,,,,,,,,,,,,,,,,,,,,,,,,,,,,,,,,,,,,,,,,,,,,2.42530949105915,1.06066017177982,0.410041265474553,0.14142135623731,0.0,0.0,0.0,0.0,0.0,0.0,,,,,,12
Justin Durant,DAL,LB,8762,weighted,,,,,,,,,,,,,,,,,,,,,,,,,,,,,,,,,,,,,,,,,,,,,2.55020632737276,0.707106781186547,0.0449793672627235,0.0707106781186548,0.0550206327372765,0.0707106781186548,0.210041265474553,0.141421356237309,0.0,0.0,2007.0,1985-11-21,,,,12
Anthony Hitchens,DAL,LB,11795,weighted,,,,,,,,,,,,,,,,,,,,,,,,,,,,,,,,,,,,,,,,,,,,,2.91004126547455,0.14142135623731,0.0449793672627235,0.0707106781186548,0.0550206327372765,0.0707106781186548,0.155020632737276,0.0707106781186548,0.0,0.0,2014.0,1992-06-10,,,,12
Mychal Kendricks,PHI,LB,10807,weighted,,,,,,,,,,,,,,,,,,,,,,,,,,,,,,,,,,,,,,,,,,,,,2.72008253094911,0.282842712474619,0.0,0.0,0.0,0.0,0.089958734525447,0.14142135623731,0.0,0.0,2012.0,1990-09-28,,,,12
Vince Williams,PIT,LB,11403,weighted,,,,,,,,,,,,,,,,,,,,,,,,,,,,,,,,,,,,,,,,,,,,,1.63452544704264,1.62634559672906,0.089958734525447,0.14142135623731,0.0,0.0,0.0449793672627235,0.0707106781186548,0.0,0.0,2013.0,1989-12-27,,,,12
Denzel Perryman,SD,LB,12238,weighted,,,,,,,,,,,,,,,,,,,,,,,,,,,,,,,,,,,,,,,,,,,,,1.30440165061898,2.05060966544099,0.0449793672627235,0.0707106781186548,0.0,0.0,0.089958734525447,0.14142135623731,0.0,0.0,,1992-12-05,,,,12
Von Miller,DEN,LB,10267,weighted,,,,,,,,,,,,,,,,,,,,,,,,,,,,,,,,,,,,,,,,,,,,,2.46987620357634,0.424264068711928,0.644979367262723,0.0707106781186547,0.0,0.0,0.2,0.0,0.0,0.0,2011.0,1989-03-26,,,,12
Ahmad Brooks,SF,LB,8497,weighted,,,,,,,,,,,,,,,,,,,,,,,,,,,,,,,,,,,,,,,,,,,,,2.74497936726272,0.0707106781186545,0.444979367262723,0.0707106781186547,0.0,0.0,0.144979367262724,0.0707106781186548,0.0,0.0,2006.0,1984-03-14,,,,12
Willie Young,CHI,LB,9882,weighted,,,,,,,,,,,,,,,,,,,,,,,,,,,,,,,,,,,,,,,,,,,,,2.19477303988996,0.777817459305202,0.4,0.0,0.0,0.0,0.155020632737276,0.0707106781186548,0.0,0.0,2010.0,1985-09-19,,,,12
Antonio Morrison,IND,LB,12784,weighted,,,,,,,,,,,,,,,,,,,,,,,,,,,,,,,,,,,,,,,,,,,,,2.21526822558459,0.919238815542512,0.0449793672627235,0.0707106781186548,0.0550206327372765,0.0707106781186548,0.110041265474553,0.14142135623731,0.0,0.0,2016.0,,,,,12
Daryl Smith,TB,LB,7429,weighted,,,,,,,,,,,,,,,,,,,,,,,,,,,,,,,,,,,,,,,,,,,,,2.34016506189821,0.565685424949238,0.0,0.0,0.0449793672627235,0.0707106781186548,0.0449793672627235,0.0707106781186548,0.0,0.0,2004.0,1982-03-14,,,,12
Melvin Ingram,SD,LB,10749,weighted,,,,,,,,,,,,,,,,,,,,,,,,,,,,,,,,,,,,,,,,,,,,,2.14979367262724,0.707106781186548,0.389958734525447,0.14142135623731,0.0,0.0,0.144979367262724,0.0707106781186548,0.0,0.0,2012.0,1989-04-26,,,,12
Chandler Jones,ARI,LB,10753,weighted,,,,,,,,,,,,,,,,,,,,,,,,,,,,,,,,,,,,,,,,,,,,,2.53493810178817,0.212132034355964,0.579917469050894,0.282842712474619,0.0,0.0,0.1,0.0,0.0,0.0,2012.0,1990-02-27,,,,12
Ramik Wilson,KC,LB,12237,weighted,,,,,,,,,,,,,,,,,,,,,,,,,,,,,,,,,,,,,,,,,,,,,1.21444291609354,1.90918830920368,0.0449793672627235,0.0707106781186548,0.0449793672627235,0.0707106781186548,0.0449793672627235,0.0707106781186548,0.0,0.0,2015.0,1992-08-19,,,,12
Darron Lee,NYJ,LB,12705,weighted,,,,,,,,,,,,,,,,,,,,,,,,,,,,,,,,,,,,,,,,,,,,,2.65502063273728,0.0707106781186548,0.144979367262724,0.0707106781186548,0.1,0.0,0.344979367262723,0.0707106781186548,0.0,0.0,2016.0,1994-10-18,,,,12
James Harrison,PIT,LB,7231,weighted,,,,,,,,,,,,,,,,,,,,,,,,,,,,,,,,,,,,,,,,,,,,,1.93975240715268,0.848528137423857,0.389958734525447,0.14142135623731,0.0449793672627235,0.0707106781186548,0.1,0.0,0.0,0.0,2002.0,1978-05-04,,,,12
Jarvis Jones,PIT,LB,11290,weighted,,,,,,,,,,,,,,,,,,,,,,,,,,,,,,,,,,,,,,,,,,,,,2.10481430536451,0.636396103067893,0.155020632737276,0.0707106781186548,0.0449793672627235,0.0707106781186548,0.189958734525447,0.141421356237309,0.0,0.0,2013.0,1989-10-13,,,,12
Jadeveon Clowney,HOU,LB,11706,weighted,,,,,,,,,,,,,,,,,,,,,,,,,,,,,,,,,,,,,,,,,,,,,2.15983493810179,0.565685424949238,0.3,0.0,0.0,0.0,0.210041265474553,0.141421356237309,0.0,0.0,2014.0,1993-02-14,,,,12
Devon Kennard,NYG,LB,11830,weighted,,,,,,,,,,,,,,,,,,,,,,,,,,,,,,,,,,,,,,,,,,,,,2.04979367262724,0.707106781186547,0.0,0.0,0.0,0.0,0.0449793672627235,0.0707106781186548,0.0,0.0,2014.0,1991-06-24,,,,12
Rey Maualuga,CIN,LB,9434,weighted,,,,,,,,,,,,,,,,,,,,,,,,,,,,,,,,,,,,,,,,,,,,,2.22489683631362,0.353553390593274,0.0,0.0,0.0,0.0,0.089958734525447,0.14142135623731,0.0,0.0,2009.0,1987-01-20,,,,12
Kelvin Sheppard,NYG,LB,10332,weighted,,,,,,,,,,,,,,,,,,,,,,,,,,,,,,,,,,,,,,,,,,,,,2.16987620357634,0.424264068711929,0.0,0.0,0.0,0.0,0.0449793672627235,0.0707106781186548,0.0,0.0,2011.0,1988-01-02,,,,12
Nick Kwiatkoski,CHI,LB,12778,weighted,,,,,,,,,,,,,,,,,,,,,,,,,,,,,,,,,,,,,,,,,,,,,1.17950481430536,1.69705627484771,0.134938101788171,0.212132034355964,0.0,0.0,0.089958734525447,0.14142135623731,0.0,0.0,2016.0,1993-05-26,,,,12
Brian Orakpo,TEN,LB,9435,weighted,,,,,,,,,,,,,,,,,,,,,,,,,,,,,,,,,,,,,,,,,,,,,2.31004126547455,0.141421356237309,0.379917469050894,0.282842712474619,0.0,0.0,0.144979367262724,0.0707106781186548,0.0,0.0,2009.0,1986-07-31,,,,12
Spencer Paysinger,MIA,LB,10529,weighted,,,,,,,,,,,,,,,,,,,,,,,,,,,,,,,,,,,,,,,,,,,,,1.29958734525447,1.41421356237309,0.0,0.0,0.0,0.0,0.0449793672627235,0.0707106781186548,0.0,0.0,2011.0,1988-06-28,Q,Neck,2016.0,12
Sean Spence,TEN,LB,10765,weighted,,,,,,,,,,,,,,,,,,,,,,,,,,,,,,,,,,,,,,,,,,,,,2.04016506189821,0.565685424949238,0.1,0.0,0.0550206327372765,0.0707106781186548,0.244979367262724,0.0707106781186547,0.0,0.0,2012.0,1990-06-07,,,,12
Damien Wilson,DAL,LB,12302,weighted,,,,,,,,,,,,,,,,,,,,,,,,,,,,,,,,,,,,,,,,,,,,,1.77028885832187,0.989949493661166,0.0,0.0,0.0,0.0,0.0,0.0,0.0,0.0,2015.0,1993-05-28,,,,12
Neville Hewitt,MIA,LB,12481,weighted,,,,,,,,,,,,,,,,,,,,,,,,,,,,,,,,,,,,,,,,,,,,,2.35502063273728,0.0707106781186548,0.0,0.0,0.0,0.0,0.0449793672627235,0.0707106781186548,0.0,0.0,,,,,,12
Chad Greenway,MIN,LB,8258,weighted,,,,,,,,,,,,,,,,,,,,,,,,,,,,,,,,,,,,,,,,,,,,,2.13493810178817,0.212132034355964,0.0449793672627235,0.0707106781186548,0.0449793672627235,0.0707106781186548,0.0449793672627235,0.0707106781186548,0.0,0.0,2006.0,1983-01-12,,,,12
Nick Perry,GB,LB,10750,weighted,,,,,,,,,,,,,,,,,,,,,,,,,,,,,,,,,,,,,,,,,,,,,2.24497936726272,0.0707106781186545,0.389958734525447,0.14142135623731,0.0,0.0,0.144979367262724,0.0707106781186548,0.0,0.0,2012.0,1990-04-12,,,,12
Arthur Moats,PIT,LB,9978,weighted,,,,,,,,,,,,,,,,,,,,,,,,,,,,,,,,,,,,,,,,,,,,,1.84016506189821,0.565685424949238,0.355020632737277,0.0707106781186548,0.0,0.0,0.144979367262724,0.0707106781186548,0.0,0.0,2010.0,1988-03-14,,,,12
Derrick Morgan,TEN,LB,9824,weighted,,,,,,,,,,,,,,,,,,,,,,,,,,,,,,,,,,,,,,,,,,,,,1.93012379642366,0.424264068711929,0.379917469050894,0.282842712474619,0.0,0.0,0.1,0.0,0.0,0.0,2010.0,1989-01-06,,,,12
Sam Acho,CHI,LB,10353,weighted,,,,,,,,,,,,,,,,,,,,,,,,,,,,,,,,,,,,,,,,,,,,,1.84016506189821,0.565685424949238,0.1,0.0,0.0,0.0,0.0,0.0,0.0,0.0,2011.0,1988-09-06,,,,12
Terrell Suggs,BAL,LB,6938,weighted,,,,,,,,,,,,,,,,,,,,,,,,,,,,,,,,,,,,,,,,,,,,,1.97991746905089,0.282842712474619,0.589958734525447,0.141421356237309,0.0,0.0,0.144979367262724,0.0707106781186548,0.0,0.0,2003.0,1982-10-11,,,,12
Max Bullough,HOU,LB,11732,weighted,,,,,,,,,,,,,,,,,,,,,,,,,,,,,,,,,,,,,,,,,,,,,1.52530949105915,1.06066017177982,0.0,0.0,0.0,0.0,0.0550206327372765,0.0707106781186548,0.0,0.0,2014.0,1992-02-11,,,,12
Vic Beasley,ATL,LB,12230,weighted,,,,,,,,,,,,,,,,,,,,,,,,,,,,,,,,,,,,,,,,,,,,,1.70481430536451,0.636396103067893,0.644979367262723,0.0707106781186547,0.0,0.0,0.210041265474553,0.141421356237309,0.0,0.0,2015.0,1992-07-08,,,,12
Philip Wheeler,ATL,LB,9104,weighted,,,,,,,,,,,,,,,,,,,,,,,,,,,,,,,,,,,,,,,,,,,,,1.60522696011004,0.777817459305202,0.0449793672627235,0.0707106781186548,0.0,0.0,0.0449793672627235,0.0707106781186548,0.0,0.0,2008.0,1984-12-12,,,,12
Ryan Kerrigan,WAS,LB,10280,weighted,,,,,,,,,,,,,,,,,,,,,,,,,,,,,,,,,,,,,,,,,,,,,2.04497936726272,0.0707106781186548,0.524896836313617,0.353553390593274,0.0,0.0,0.144979367262724,0.0707106781186548,0.0,0.0,2011.0,1988-08-16,,,,12
Tamba Hali,KC,LB,8261,weighted,,,,,,,,,,,,,,,,,,,,,,,,,,,,,,,,,,,,,,,,,,,,,1.98995873452545,0.14142135623731,0.310041265474553,0.14142135623731,0.0,0.0,0.0449793672627235,0.0707106781186548,0.0,0.0,2006.0,1983-11-03,,,,12
Whitney Mercilus,HOU,LB,10754,weighted,,,,,,,,,,,,,,,,,,,,,,,,,,,,,,,,,,,,,,,,,,,,,2.04497936726272,0.0707106781186548,0.489958734525447,0.141421356237309,0.0,0.0,0.110041265474553,0.14142135623731,0.0,0.0,2012.0,1990-07-21,,,,12
Jordan Jenkins,NYJ,LB,12707,weighted,,,,,,,,,,,,,,,,,,,,,,,,,,,,,,,,,,,,,,,,,,,,,1.65020632737276,0.707106781186547,0.0449793672627235,0.0707106781186548,0.0,0.0,0.0449793672627235,0.0707106781186548,0.0,0.0,2016.0,1994-07-01,,,,12
Aaron Lynch,SF,LB,11712,weighted,,,,,,,,,,,,,,,,,,,,,,,,,,,,,,,,,,,,,,,,,,,,,1.11966987620358,1.13137084989848,0.189958734525447,0.141421356237309,0.0,0.0,0.0449793672627235,0.0707106781186548,0.0,0.0,2014.0,1993-03-08,Q,Ankle,2016.0,12
Myles Jack,JAC,LB,12702,weighted,,,,,,,,,,,,,,,,,,,,,,,,,,,,,,,,,,,,,,,,,,,,,1.86506189821183,0.212132034355964,0.0,0.0,0.0,0.0,0.0449793672627235,0.0707106781186548,0.0,0.0,2016.0,1995-09-03,,,,12
Trent Murphy,WAS,LB,11709,weighted,,,,,,,,,,,,,,,,,,,,,,,,,,,,,,,,,,,,,,,,,,,,,1.36024759284732,0.848528137423857,0.2,0.0,0.0,0.0,0.0,0.0,0.0,0.0,2014.0,1990-12-20,,,,12
Preston Smith,WAS,LB,12270,weighted,,,,,,,,,,,,,,,,,,,,,,,,,,,,,,,,,,,,,,,,,,,,,1.72008253094911,0.282842712474619,0.344979367262723,0.0707106781186548,0.0449793672627235,0.0707106781186548,0.144979367262724,0.0707106781186548,0.0,0.0,2015.0,1992-11-17,,,,12
Stephone Anthony,NO,LB,12243,weighted,,,,,,,,,,,,,,,,,,,,,,,,,,,,,,,,,,,,,,,,,,,,,1.67991746905089,0.282842712474619,0.0449793672627235,0.0707106781186548,0.0,0.0,0.0449793672627235,0.0707106781186548,0.0,0.0,2015.0,1992-07-28,,,,12
Antwione Williams,DET,LB,12804,weighted,,,,,,,,,,,,,,,,,,,,,,,,,,,,,,,,,,,,,,,,,,,,,1.49518569463549,0.636396103067893,0.0449793672627235,0.0707106781186548,0.0,0.0,0.0,0.0,0.0,0.0,2016.0,1993-05-26,,,,12
Lorenzo Alexander,BUF,LB,8951,weighted,,,,,,,,,,,,,,,,,,,,,,,,,,,,,,,,,,,,,,,,,,,,,1.19477303988996,0.777817459305202,0.379917469050894,0.282842712474619,0.0,0.0,0.1,0.0,0.0,0.0,2006.0,1983-05-31,Q,Ankle,2016.0,12
Shea McClellin,NE,LB,10805,weighted,,,,,,,,,,,,,,,,,,,,,,,,,,,,,,,,,,,,,,,,,,,,,1.19477303988996,0.777817459305202,0.0550206327372765,0.0707106781186548,0.0,0.0,0.0,0.0,0.0,0.0,2012.0,1989-08-01,,,,12
Christian Jones,CHI,LB,11724,weighted,,,,,,,,,,,,,,,,,,,,,,,,,,,,,,,,,,,,,,,,,,,,,0.809628610729023,1.27279220613579,0.0449793672627235,0.0707106781186548,0.0,0.0,0.089958734525447,0.14142135623731,0.0,0.0,2014.0,1991-02-18,Q,Ankle,2016.0,12
Paul Worrilow,ATL,LB,11457,weighted,,,,,,,,,,,,,,,,,,,,,,,,,,,,,,,,,,,,,,,,,,,,,0.7646492434663,1.20208152801713,0.0,0.0,0.0449793672627235,0.0707106781186548,0.0449793672627235,0.0707106781186548,0.0,0.0,2013.0,1990-05-01,,,,12
Jeremiah Attaochu,SD,LB,11725,weighted,,,,,,,,,,,,,,,,,,,,,,,,,,,,,,,,,,,,,,,,,,,,,1.21485557083906,0.494974746830583,0.2,0.0,0.0,0.0,0.0550206327372765,0.0707106781186548,0.0,0.0,2014.0,1993-01-17,,,,12
Shane Ray,DEN,LB,12216,weighted,,,,,,,,,,,,,,,,,,,,,,,,,,,,,,,,,,,,,,,,,,,,,1.32489683631362,0.353553390593274,0.289958734525447,0.14142135623731,0.0,0.0,0.0,0.0,0.0,0.0,2015.0,1993-05-18,,,,12
Cory James,OAK,LB,12820,weighted,,,,,,,,,,,,,,,,,,,,,,,,,,,,,,,,,,,,,,,,,,,,,1.26987620357634,0.424264068711929,0.0,0.0,0.0,0.0,0.0,0.0,0.0,0.0,2016.0,1993-05-22,,,,12
Robert Mathis,IND,LB,7066,weighted,,,,,,,,,,,,,,,,,,,,,,,,,,,,,,,,,,,,,,,,,,,,,1.27510316368638,0.353553390593274,0.3,0.0,0.0,0.0,0.0550206327372765,0.0707106781186548,0.0,0.0,2003.0,1981-02-26,,,,12
Thurston Armbrister,DET,LB,12462,weighted,,,,,,,,,,,,,,,,,,,,,,,,,,,,,,,,,,,,,,,,,,,,,0.839752407152682,0.848528137423857,0.0449793672627235,0.0707106781186548,0.0,0.0,0.0,0.0,0.0,0.0,,,,,,12
Joshua Perry,SD,LB,12708,weighted,,,,,,,,,,,,,,,,,,,,,,,,,,,,,,,,,,,,,,,,,,,,,1.05020632737276,0.707106781186547,0.0,0.0,0.0,0.0,0.0550206327372765,0.0707106781186548,0.0,0.0,2016.0,,,,,12
Jerry Hughes,BUF,LB,9853,weighted,,,,,,,,,,,,,,,,,,,,,,,,,,,,,,,,,,,,,,,,,,,,,1.34497936726272,0.0707106781186547,0.520082530949106,0.282842712474619,0.0,0.0,0.144979367262724,0.0707106781186548,0.0,0.0,2010.0,1988-08-13,,,,12
Kyle Emanuel,SD,LB,12315,weighted,,,,,,,,,,,,,,,,,,,,,,,,,,,,,,,,,,,,,,,,,,,,,1.12489683631362,0.353553390593274,0.1,0.0,0.0,0.0,0.0449793672627235,0.0707106781186548,0.0,0.0,2015.0,1991-08-16,,,,12
Julius Peppers,GB,LB,6510,weighted,,,,,,,,,,,,,,,,,,,,,,,,,,,,,,,,,,,,,,,,,,,,,0.969876203576341,0.424264068711929,0.334938101788171,0.212132034355964,0.0,0.0,0.0550206327372765,0.0707106781186548,0.0,0.0,2002.0,1980-01-18,,,,12
Stephen Tulloch,PHI,LB,8357,weighted,,,,,,,,,,,,,,,,,,,,,,,,,,,,,,,,,,,,,,,,,,,,,1.18995873452545,0.141421356237309,0.0,0.0,0.0,0.0,0.0550206327372765,0.0707106781186548,0.0,0.0,2006.0,1985-01-01,,,,12
Joe Schobert,CLE,LB,12768,weighted,,,,,,,,,,,,,,,,,,,,,,,,,,,,,,,,,,,,,,,,,,,,,1.16506189821183,0.212132034355964,0.0,0.0,0.0,0.0,0.0449793672627235,0.0707106781186548,0.0,0.0,2016.0,,,,,12
Elvis Dumervil,BAL,LB,8367,weighted,,,,,,,,,,,,,,,,,,,,,,,,,,,,,,,,,,,,,,,,,,,,,0.869876203576341,0.424264068711928,0.265061898211829,0.212132034355964,0.0,0.0,0.0449793672627235,0.0707106781186548,0.0,0.0,2006.0,1984-01-19,Q,Foot,2016.0,12
A.J. Klein,CAR,LB,11375,weighted,,,,,,,,,,,,,,,,,,,,,,,,,,,,,,,,,,,,,,,,,,,,,0.814855570839065,0.494974746830583,0.0,0.0,0.0,0.0,0.0449793672627235,0.0707106781186548,0.0,0.0,2013.0,1991-07-30,,,,12
Akeem Dent,HOU,LB,10343,weighted,,,,,,,,,,,,,,,,,,,,,,,,,,,,,,,,,,,,,,,,,,,,,0.494773039889959,0.777817459305202,0.0,0.0,0.0,0.0,0.0,0.0,0.0,0.0,2011.0,1987-09-27,,,,12
Lorenzo Mauldin,NYJ,LB,12285,weighted,,,,,,,,,,,,,,,,,,,,,,,,,,,,,,,,,,,,,,,,,,,,,0.989958734525447,0.14142135623731,0.355020632737277,0.0707106781186548,0.0449793672627235,0.0707106781186548,0.089958734525447,0.14142135623731,0.0,0.0,2015.0,1992-10-01,,,,12
Alex Okafor,ARI,LB,11262,weighted,,,,,,,,,,,,,,,,,,,,,,,,,,,,,,,,,,,,,,,,,,,,,0.889958734525447,0.141421356237309,0.155020632737276,0.0707106781186548,0.0,0.0,0.0550206327372765,0.0707106781186548,0.0,0.0,2013.0,1991-02-08,,,,12
Josh McNary,IND,LB,11608,weighted,,,,,,,,,,,,,,,,,,,,,,,,,,,,,,,,,,,,,,,,,,,,,0.514855570839065,0.494974746830583,0.0,0.0,0.0,0.0,0.0449793672627235,0.0707106781186548,0.0,0.0,2013.0,1988-04-10,,,,12
Kevin Pierre-Louis,SEA,LB,11805,weighted,,,,,,,,,,,,,,,,,,,,,,,,,,,,,,,,,,,,,,,,,,,,,0.404814305364512,0.636396103067893,0.0449793672627235,0.0707106781186548,0.0,0.0,0.0,0.0,0.0,0.0,2014.0,1991-10-07,,,,12
Kyle Van Noy,NE,LB,11723,weighted,,,,,,,,,,,,,,,,,,,,,,,,,,,,,,,,,,,,,,,,,,,,,0.569876203576341,0.424264068711928,0.0449793672627235,0.0707106781186548,0.0,0.0,0.0,0.0,0.0,0.0,2014.0,1991-03-26,,,,12
Bruce Carter,NYJ,LB,10321,weighted,,,,,,,,,,,,,,,,,,,,,,,,,,,,,,,,,,,,,,,,,,,,,0.314855570839065,0.494974746830583,0.0,0.0,0.0,0.0,0.0,0.0,0.0,0.0,2011.0,1988-02-19,,,,12
Audie Cole,MIN,LB,10776,weighted,,,,,,,,,,,,,,,,,,,,,,,,,,,,,,,,,,,,,,,,,,,,,0.269876203576341,0.424264068711928,0.0,0.0,0.0,0.0,0.0449793672627235,0.0707106781186548,0.0,0.0,2012.0,1989-06-01,,,,12
Emmanuel Lamur,MIN,LB,11078,weighted,,,,,,,,,,,,,,,,,,,,,,,,,,,,,,,,,,,,,,,,,,,,,0.544979367262723,0.0707106781186547,0.0,0.0,0.0,0.0,0.1,0.0,0.0,0.0,2012.0,1989-06-08,,,,12
Kareem Martin,ARI,LB,11779,weighted,,,,,,,,,,,,,,,,,,,,,,,,,,,,,,,,,,,,,,,,,,,,,0.334938101788171,0.212132034355964,0.1,0.0,0.0,0.0,0.0,0.0,0.0,0.0,2014.0,1992-02-19,,,,12
Barkevious Mingo,NE,LB,11295,weighted,,,,,,,,,,,,,,,,,,,,,,,,,,,,,,,,,,,,,,,,,,,,,0.310041265474553,0.14142135623731,0.0,0.0,0.0,0.0,0.0,0.0,0.0,0.0,2013.0,1990-10-04,,,,12
Shayne Skov,SF,LB,11730,weighted,,,,,,,,,,,,,,,,,,,,,,,,,,,,,,,,,,,,,,,,,,,,,0.179917469050894,0.282842712474619,0.0,0.0,0.0,0.0,0.0,0.0,0.0,0.0,2014.0,1990-07-09,,,,12
DeAndre Levy,DET,LB,9517,weighted,,,,,,,,,,,,,,,,,,,,,,,,,,,,,,,,,,,,,,,,,,,,,0.134938101788171,0.212132034355964,0.0,0.0,0.0,0.0,0.0449793672627235,0.0707106781186548,0.0,0.0,2009.0,1987-03-26,O,Knee,2016.0,12
Chris Carter,IND,LB,10400,weighted,,,,,,,,,,,,,,,,,,,,,,,,,,,,,,,,,,,,,,,,,,,,,0.134938101788171,0.212132034355964,0.0449793672627235,0.0707106781186548,0.0,0.0,0.0,0.0,0.0,0.0,2011.0,1989-04-06,,,,12
Jamari Lattimore,BUF,LB,nfl_2530711,weighted,,,,,,,,,,,,,,,,,,,,,,,,,,,,,,,,,,,,,,,,,,,,,0.134938101788171,0.212132034355964,0.0,0.0,0.0,0.0,0.0,0.0,0.0,0.0,2011.0,1988-10-06,Q,Nose,2016.0,12
Kyle Wilber,DAL,LB,10831,weighted,,,,,,,,,,,,,,,,,,,,,,,,,,,,,,,,,,,,,,,,,,,,,0.134938101788171,0.212132034355964,0.0,0.0,0.0,0.0,0.0,0.0,0.0,0.0,2012.0,1989-04-26,,,,12
Daren Bates,OAK,LB,11511,weighted,,,,,,,,,,,,,,,,,,,,,,,,,,,,,,,,,,,,,,,,,,,,,0.134938101788171,0.212132034355964,0.0,0.0,0.0,0.0,0.0,0.0,0.0,0.0,2013.0,1990-11-27,,,,12
Zach Vigil,MIA,LB,12427,weighted,,,,,,,,,,,,,,,,,,,,,,,,,,,,,,,,,,,,,,,,,,,,,0.134938101788171,0.212132034355964,0.0,0.0,0.0,0.0,0.0,0.0,0.0,0.0,2015.0,1991-03-28,,,,12
Kentrell Brothers,MIN,LB,12710,weighted,,,,,,,,,,,,,,,,,,,,,,,,,,,,,,,,,,,,,,,,,,,,,0.0449793672627235,0.0707106781186548,0.0,0.0,0.0,0.0,0.0,0.0,0.0,0.0,2016.0,,,,,12
Bryce Hager,LA,LB,12244,weighted,,,,,,,,,,,,,,,,,,,,,,,,,,,,,,,,,,,,,,,,,,,,,0.0,0.0,0.0,0.0,0.0,0.0,0.0,0.0,0.0,0.0,2015.0,1992-05-04,,,,12
Karl Joseph,OAK,DB,12717,weighted,,,,,,,,,,,,,,,,,,,,,,,,,,,,,,,,,,,,,,,,,,,,,6.96066024759285,2.26274169979695,0.0,0.0,0.1,0.0,0.424896836313618,0.353553390593274,0.0,0.0,2016.0,,,,,12
Morgan Burnett,GB,DB,9864,weighted,,,,,,,,,,,,,,,,,,,,,,,,,,,,,,,,,,,,,,,,,,,,,6.06066024759285,2.26274169979695,0.089958734525447,0.14142135623731,0.1,0.0,0.434938101788171,0.212132034355964,0.0,0.0,2010.0,1989-01-13,,,,12
Tony Jefferson,ARI,DB,11327,weighted,,,,,,,,,,,,,,,,,,,,,,,,,,,,,,,,,,,,,,,,,,,,,6.15061898211829,2.12132034355964,0.1,0.0,0.0550206327372765,0.0707106781186548,0.355020632737277,0.0707106781186548,0.0,0.0,2013.0,1992-01-27,,,,12
Johnathan Cyprien,JAC,DB,11347,weighted,,,,,,,,,,,,,,,,,,,,,,,,,,,,,,,,,,,,,,,,,,,,,5.58033012379642,1.13137084989848,0.0,0.0,0.0550206327372765,0.0707106781186548,0.265061898211829,0.212132034355964,0.0,0.0,2013.0,1990-07-29,,,,12
Bradley McDougald,TB,DB,11517,weighted,,,,,,,,,,,,,,,,,,,,,,,,,,,,,,,,,,,,,,,,,,,,,5.49037138927098,1.27279220613579,0.0,0.0,0.1,0.0,0.444979367262723,0.0707106781186547,0.0,0.0,2013.0,1990-11-15,,,,12
Antoine Bethea,SF,DB,8448,weighted,,,,,,,,,,,,,,,,,,,,,,,,,,,,,,,,,,,,,,,,,,,,,5.42530949105915,1.06066017177982,0.0,0.0,0.1,0.0,0.244979367262724,0.0707106781186547,0.0,0.0,2006.0,1984-07-07,,,,12
Kam Chancellor,SEA,DB,9947,weighted,,,,,,,,,,,,,,,,,,,,,,,,,,,,,,,,,,,,,,,,,,,,,4.98033012379642,1.13137084989848,0.0,0.0,0.189958734525447,0.141421356237309,0.624896836313618,0.353553390593274,0.0,0.0,2010.0,1988-04-03,,,,12
Keanu Neal,ATL,DB,12736,weighted,,,,,,,,,,,,,,,,,,,,,,,,,,,,,,,,,,,,,,,,,,,,,5.53493810178817,0.212132034355964,0.0,0.0,0.1,0.0,0.389958734525447,0.14142135623731,0.0,0.0,2016.0,,,,,12
Rodney McLeod,PHI,DB,11017,weighted,,,,,,,,,,,,,,,,,,,,,,,,,,,,,,,,,,,,,,,,,,,,,4.82971114167813,0.989949493661166,0.0449793672627235,0.0707106781186548,0.144979367262724,0.0707106781186548,0.479917469050894,0.282842712474619,0.0,0.0,2012.0,1990-06-23,,,,12
D.J. Swearinger,ARI,DB,11350,weighted,,,,,,,,,,,,,,,,,,,,,,,,,,,,,,,,,,,,,,,,,,,,,4.15061898211829,2.12132034355964,0.1,0.0,0.1,0.0,0.4,0.0,0.0,0.0,2013.0,1991-09-01,,,,12
Eric Berry,KC,DB,9816,weighted,,,,,,,,,,,,,,,,,,,,,,,,,,,,,,,,,,,,,,,,,,,,,4.5353507565337,1.20208152801713,0.0,0.0,0.144979367262724,0.0707106781186548,0.534938101788171,0.212132034355964,0.0,0.0,2010.0,1988-12-29,,,,12
Landon Collins,NYG,DB,12250,weighted,,,,,,,,,,,,,,,,,,,,,,,,,,,,,,,,,,,,,,,,,,,,,4.69477303988996,0.777817459305202,0.144979367262724,0.0707106781186548,0.234938101788171,0.212132034355964,0.579917469050894,0.282842712474619,0.0,0.0,2015.0,1994-01-10,,,,12
Michael Thomas,MIA,DB,11613,weighted,,,,,,,,,,,,,,,,,,,,,,,,,,,,,,,,,,,,,,,,,,,,,3.76066024759285,2.26274169979695,0.0,0.0,0.0550206327372765,0.0707106781186548,0.2,0.0,0.0,0.0,2012.0,1989-03-17,,,,12
Ibraheim Campbell,CLE,DB,12297,weighted,,,,,,,,,,,,,,,,,,,,,,,,,,,,,,,,,,,,,,,,,,,,,4.21045392022008,1.5556349186104,0.0,0.0,0.1,0.0,0.2,0.0,0.0,0.0,,,,,,12
Kurt Coleman,CAR,DB,10026,weighted,,,,,,,,,,,,,,,,,,,,,,,,,,,,,,,,,,,,,,,,,,,,,4.42530949105915,1.06066017177982,0.0,0.0,0.189958734525447,0.141421356237309,0.455020632737276,0.0707106781186547,0.0,0.0,2010.0,1988-07-01,,,,12
Chris Conte,TB,DB,10344,weighted,,,,,,,,,,,,,,,,,,,,,,,,,,,,,,,,,,,,,,,,,,,,,4.56024759284732,0.848528137423857,0.0,0.0,0.144979367262724,0.0707106781186548,0.344979367262723,0.0707106781186548,0.0,0.0,2011.0,1989-02-23,,,,12
Byron Jones,DAL,DB,12268,weighted,,,,,,,,,,,,,,,,,,,,,,,,,,,,,,,,,,,,,,,,,,,,,5.1,0.0,0.0,0.0,0.1,0.0,0.455020632737276,0.0707106781186547,0.0,0.0,2015.0,1992-08-26,,,,12
Brent Grimes,TB,DB,9028,weighted,,,,,,,,,,,,,,,,,,,,,,,,,,,,,,,,,,,,,,,,,,,,,3.60563961485557,2.1920310216783,0.0,0.0,0.155020632737276,0.0707106781186548,0.689958734525447,0.14142135623731,0.0,0.0,2006.0,1983-07-19,Q,Quadriceps,2016.0,12
Ron Parker,KC,DB,10610,weighted,,,,,,,,,,,,,,,,,,,,,,,,,,,,,,,,,,,,,,,,,,,,,4.2353507565337,1.20208152801713,0.0449793672627235,0.0707106781186548,0.1,0.0,0.489958734525447,0.141421356237309,0.0,0.0,2011.0,1987-08-17,,,,12
Corey Graham,BUF,DB,8843,weighted,,,,,,,,,,,,,,,,,,,,,,,,,,,,,,,,,,,,,,,,,,,,,4.76506189821183,0.212132034355965,0.1,0.0,0.155020632737276,0.0707106781186548,0.655020632737276,0.0707106781186547,0.0,0.0,2007.0,1985-07-25,,,,12
Andrew Sendejo,MIN,DB,10220,weighted,,,,,,,,,,,,,,,,,,,,,,,,,,,,,,,,,,,,,,,,,,,,,3.77551581843191,1.76776695296637,0.0,0.0,0.1,0.0,0.3,0.0,0.0,0.0,2010.0,1987-09-09,,,,12
Reggie Nelson,OAK,DB,8668,weighted,,,,,,,,,,,,,,,,,,,,,,,,,,,,,,,,,,,,,,,,,,,,,4.12530949105915,1.06066017177982,0.0550206327372765,0.0707106781186548,0.234938101788171,0.212132034355964,0.714855570839065,0.494974746830583,0.0,0.0,2007.0,1983-09-21,,,,12
Harrison Smith,MIN,DB,10783,weighted,,,,,,,,,,,,,,,,,,,,,,,,,,,,,,,,,,,,,,,,,,,,,4.08033012379642,1.13137084989848,0.0449793672627235,0.0707106781186548,0.110041265474553,0.14142135623731,0.365061898211829,0.212132034355964,0.0,0.0,2012.0,1989-02-02,,,,12
Malcolm Jenkins,PHI,DB,9430,weighted,,,,,,,,,,,,,,,,,,,,,,,,,,,,,,,,,,,,,,,,,,,,,4.65502063273728,0.0707106781186551,0.0449793672627235,0.0707106781186548,0.1,0.0,0.489958734525447,0.141421356237309,0.0,0.0,2009.0,1987-12-20,,,,12
Mike Adams,IND,DB,7757,weighted,,,,,,,,,,,,,,,,,,,,,,,,,,,,,,,,,,,,,,,,,,,,,2.11403026134801,3.32340187157677,0.0,0.0,0.0449793672627235,0.0707106781186548,0.179917469050894,0.282842712474619,0.0,0.0,2004.0,1981-03-24,,,,12
Isa Abdul-Quddus,MIA,DB,10541,weighted,,,,,,,,,,,,,,,,,,,,,,,,,,,,,,,,,,,,,,,,,,,,,4.47510316368638,0.353553390593274,0.0449793672627235,0.0707106781186548,0.1,0.0,0.344979367262723,0.0707106781186548,0.0,0.0,2011.0,1989-08-03,,,,12
Jahleel Addae,SD,DB,11498,weighted,,,,,,,,,,,,,,,,,,,,,,,,,,,,,,,,,,,,,,,,,,,,,4.34016506189821,0.565685424949238,0.0,0.0,0.144979367262724,0.0707106781186548,0.469876203576341,0.424264068711928,0.0,0.0,2013.0,1990-01-24,,,,12
Orlando Scandrick,DAL,DB,9191,weighted,,,,,,,,,,,,,,,,,,,,,,,,,,,,,,,,,,,,,,,,,,,,,3.52049518569464,1.69705627484771,0.0449793672627235,0.0707106781186548,0.110041265474553,0.14142135623731,0.365061898211829,0.212132034355964,0.0,0.0,2008.0,1987-02-10,,,,12
Donte Whitner,WAS,DB,8249,weighted,,,,,,,,,,,,,,,,,,,,,,,,,,,,,,,,,,,,,,,,,,,,,4.21485557083906,0.494974746830583,0.0,0.0,0.0550206327372765,0.0707106781186548,0.3,0.0,0.0,0.0,2006.0,1985-07-24,,,,12
Trumaine Johnson,LA,DB,10810,weighted,,,,,,,,,,,,,,,,,,,,,,,,,,,,,,,,,,,,,,,,,,,,,4.37991746905089,0.282842712474619,0.0,0.0,0.2,0.0,0.83493810178817,0.212132034355964,0.0,0.0,2012.0,1990-01-01,,,,12
Jimmie Ward,SF,DB,11768,weighted,,,,,,,,,,,,,,,,,,,,,,,,,,,,,,,,,,,,,,,,,,,,,3.43053645116919,1.83847763108502,0.0,0.0,0.0550206327372765,0.0707106781186548,0.334938101788171,0.212132034355964,0.0,0.0,2014.0,1991-07-18,Q,Concussion,2016.0,12
Patrick Chung,NE,DB,9465,weighted,,,,,,,,,,,,,,,,,,,,,,,,,,,,,,,,,,,,,,,,,,,,,4.05020632737276,0.707106781186547,0.0449793672627235,0.0707106781186548,0.1,0.0,0.4,0.0,0.0,0.0,2009.0,1987-08-19,,,,12
Prince Amukamara,JAC,DB,10264,weighted,,,,,,,,,,,,,,,,,,,,,,,,,,,,,,,,,,,,,,,,,,,,,3.96024759284732,0.848528137423857,0.0,0.0,0.110041265474553,0.14142135623731,0.465061898211829,0.212132034355964,0.0,0.0,2011.0,1989-06-06,,,,12
E.J. Gaines,LA,DB,11838,weighted,,,,,,,,,,,,,,,,,,,,,,,,,,,,,,,,,,,,,,,,,,,,,3.34456671251719,1.48492424049175,0.0,0.0,0.110041265474553,0.14142135623731,0.63493810178817,0.212132034355964,0.0,0.0,2014.0,1992-02-23,,,,12
Ronald Darby,BUF,DB,12276,weighted,,,,,,,,,,,,,,,,,,,,,,,,,,,,,,,,,,,,,,,,,,,,,4.14016506189821,0.565685424949238,0.0,0.0,0.165061898211829,0.212132034355964,0.9,0.0,0.0,0.0,2015.0,1994-01-02,,,,12
Harold Jones-Quartey,CHI,DB,12488,weighted,,,,,,,,,,,,,,,,,,,,,,,,,,,,,,,,,,,,,,,,,,,,,4.14016506189821,0.565685424949238,0.0,0.0,0.1,0.0,0.3,0.0,0.0,0.0,,,,,,12
Daryl Worley,CAR,DB,12760,weighted,,,,,,,,,,,,,,,,,,,,,,,,,,,,,,,,,,,,,,,,,,,,,4.18514442916094,0.494974746830583,0.0,0.0,0.155020632737276,0.0707106781186548,0.620082530949106,0.282842712474619,0.0,0.0,2016.0,,,,,12
Quintin Demps,HOU,DB,9168,weighted,,,,,,,,,,,,,,,,,,,,,,,,,,,,,,,,,,,,,,,,,,,,,3.95020632737276,0.707106781186548,0.0449793672627235,0.0707106781186548,0.1,0.0,0.3,0.0,0.0,0.0,2008.0,1985-06-29,,,,12
Kareem Jackson,HOU,DB,9861,weighted,,,,,,,,,,,,,,,,,,,,,,,,,,,,,,,,,,,,,,,,,,,,,4.26506189821183,0.212132034355965,0.0,0.0,0.144979367262724,0.0707106781186548,0.544979367262723,0.0707106781186547,0.0,0.0,2010.0,1988-04-10,,,,12
Damarious Randall,GB,DB,12269,weighted,,,,,,,,,,,,,,,,,,,,,,,,,,,,,,,,,,,,,,,,,,,,,3.68033012379642,1.13137084989848,0.0449793672627235,0.0707106781186548,0.155020632737276,0.0707106781186548,0.5,0.0,0.0,0.0,2015.0,1992-08-29,Q,Groin,2016.0,12
Jaquiski Tartt,SF,DB,12274,weighted,,,,,,,,,,,,,,,,,,,,,,,,,,,,,,,,,,,,,,,,,,,,,3.45543328748281,1.48492424049175,0.0,0.0,0.0,0.0,0.189958734525447,0.141421356237309,0.0,0.0,2015.0,1992-02-18,,,,12
Brandon Carr,DAL,DB,9188,weighted,,,,,,,,,,,,,,,,,,,,,,,,,,,,,,,,,,,,,,,,,,,,,3.89518569463549,0.636396103067893,0.0,0.0,0.155020632737276,0.0707106781186548,0.7,3.15613641806544e-16,0.0,0.0,2008.0,1986-05-19,,,,12
Robert Golden,PIT,DB,11033,weighted,,,,,,,,,,,,,,,,,,,,,,,,,,,,,,,,,,,,,,,,,,,,,3.71526822558459,0.919238815542512,0.0,0.0,0.0550206327372765,0.0707106781186548,0.344979367262723,0.0707106781186548,0.0,0.0,2012.0,1990-09-13,,,,12
Vonn Bell,NO,DB,12718,weighted,,,,,,,,,,,,,,,,,,,,,,,,,,,,,,,,,,,,,,,,,,,,,3.94016506189821,0.565685424949238,0.0449793672627235,0.0707106781186548,0.0,0.0,0.334938101788171,0.212132034355964,0.0,0.0,2016.0,1994-12-12,,,,12
Tashaun Gipson,JAC,DB,11010,weighted,,,,,,,,,,,,,,,,,,,,,,,,,,,,,,,,,,,,,,,,,,,,,3.16547455295736,1.62634559672906,0.0,0.0,0.1,0.0,0.320082530949106,0.282842712474619,0.0,0.0,2012.0,1990-08-07,,,,12
T.J. McDonald,LA,DB,11326,weighted,,,,,,,,,,,,,,,,,,,,,,,,,,,,,,,,,,,,,,,,,,,,,3.84016506189821,0.565685424949238,0.0449793672627235,0.0707106781186548,0.1,0.0,0.3,0.0,0.0,0.0,2013.0,1991-01-26,,,,12
Kenny Vaccaro,NO,DB,11324,weighted,,,,,,,,,,,,,,,,,,,,,,,,,,,,,,,,,,,,,,,,,,,,,3.64979367262724,0.707106781186547,0.1,0.0,0.1,0.0,0.344979367262723,0.0707106781186548,0.0,0.0,2013.0,1991-02-15,,,,12
J.J. Wilcox,DAL,DB,11356,weighted,,,,,,,,,,,,,,,,,,,,,,,,,,,,,,,,,,,,,,,,,,,,,3.07551581843191,1.76776695296637,0.0,0.0,0.0550206327372765,0.0707106781186548,0.2,0.0,0.0,0.0,2013.0,1991-02-14,,,,12
Nolan Carroll,PHI,DB,9954,weighted,,,,,,,,,,,,,,,,,,,,,,,,,,,,,,,,,,,,,,,,,,,,,3.78514442916094,0.494974746830583,0.0,0.0,0.2,0.0,0.724896836313618,0.353553390593274,0.0,0.0,2010.0,1987-01-16,,,,12
Johnathan Joseph,HOU,DB,8265,weighted,,,,,,,,,,,,,,,,,,,,,,,,,,,,,,,,,,,,,,,,,,,,,3.74016506189821,0.565685424949238,0.0,0.0,0.110041265474553,0.14142135623731,0.769876203576341,0.424264068711929,0.0,0.0,2006.0,1984-04-16,,,,12
Casey Hayward,SD,DB,10793,weighted,,,,,,,,,,,,,,,,,,,,,,,,,,,,,,,,,,,,,,,,,,,,,3.51526822558459,0.919238815542512,0.0,0.0,0.189958734525447,0.141421356237309,0.624896836313618,0.353553390593274,0.0,0.0,2012.0,1989-09-09,,,,12
David Amerson,OAK,DB,11315,weighted,,,,,,,,,,,,,,,,,,,,,,,,,,,,,,,,,,,,,,,,,,,,,3.56024759284732,0.848528137423857,0.0,0.0,0.2,0.0,0.83493810178817,0.212132034355964,0.0,0.0,2013.0,1991-12-08,Q,Knee,2016.0,12
Jalen Ramsey,JAC,DB,12711,weighted,,,,,,,,,,,,,,,,,,,,,,,,,,,,,,,,,,,,,,,,,,,,,3.56024759284732,0.848528137423857,0.0,0.0,0.0550206327372765,0.0707106781186548,0.265061898211829,0.212132034355964,0.0,0.0,2016.0,1994-10-24,,,,12
Derrick Kindred,CLE,DB,12787,weighted,,,,,,,,,,,,,,,,,,,,,,,,,,,,,,,,,,,,,,,,,,,,,3.29037138927098,1.27279220613579,0.0,0.0,0.0550206327372765,0.0707106781186548,0.289958734525447,0.14142135623731,0.0,0.0,2016.0,1993-12-15,,,,12
Leodis McKelvin,PHI,DB,9088,weighted,,,,,,,,,,,,,,,,,,,,,,,,,,,,,,,,,,,,,,,,,,,,,2.96547455295736,1.62634559672906,0.0,0.0,0.155020632737276,0.0707106781186548,0.824896836313618,0.353553390593274,0.0,0.0,2008.0,1985-09-01,,,,12
Glover Quin,DET,DB,9549,weighted,,,,,,,,,,,,,,,,,,,,,,,,,,,,,,,,,,,,,,,,,,,,,3.86506189821183,0.212132034355964,0.0,0.0,0.1,0.0,0.2,0.0,0.0,0.0,2009.0,1986-01-15,,,,12
Joe Haden,CLE,DB,9820,weighted,,,,,,,,,,,,,,,,,,,,,,,,,,,,,,,,,,,,,,,,,,,,,3.2353507565337,1.20208152801713,0.0,0.0,0.155020632737276,0.0707106781186548,0.655020632737276,0.0707106781186547,0.0,0.0,2010.0,1989-04-14,,,,12
Bashaud Breeland,WAS,DB,11788,weighted,,,,,,,,,,,,,,,,,,,,,,,,,,,,,,,,,,,,,,,,,,,,,3.44979367262723,0.707106781186547,0.0,0.0,0.1,0.0,0.489958734525447,0.141421356237309,0.0,0.0,2014.0,1992-01-30,,,,12
Marcus Peters,KC,DB,12245,weighted,,,,,,,,,,,,,,,,,,,,,,,,,,,,,,,,,,,,,,,,,,,,,3.19037138927098,1.27279220613579,0.0,0.0,0.244979367262724,0.0707106781186547,0.934938101788171,0.212132034355964,0.0,0.0,2015.0,1993-01-09,Q,Hip,2016.0,12
T.J. Ward,DEN,DB,9877,weighted,,,,,,,,,,,,,,,,,,,,,,,,,,,,,,,,,,,,,,,,,,,,,3.58514442916093,0.494974746830583,0.0449793672627235,0.0707106781186548,0.1,0.0,0.4,0.0,0.0,0.0,2010.0,1986-12-12,,,,12
Tavon Wilson,DET,DB,10808,weighted,,,,,,,,,,,,,,,,,,,,,,,,,,,,,,,,,,,,,,,,,,,,,2.68555708390646,1.90918830920368,0.0,0.0,0.0,0.0,0.155020632737276,0.0707106781186548,0.0,0.0,2012.0,1990-03-19,,,,12
Adrian Amos,CHI,DB,12308,weighted,,,,,,,,,,,,,,,,,,,,,,,,,,,,,,,,,,,,,,,,,,,,,3.84497936726272,0.0707106781186548,0.0,0.0,0.0550206327372765,0.0707106781186548,0.244979367262724,0.0707106781186547,0.0,0.0,2015.0,1993-04-29,,,,12
Dwight Lowery,SD,DB,9164,weighted,,,,,,,,,,,,,,,,,,,,,,,,,,,,,,,,,,,,,,,,,,,,,3.71004126547455,0.141421356237309,0.0,0.0,0.0550206327372765,0.0707106781186548,0.344979367262723,0.0707106781186548,0.0,0.0,2008.0,1986-01-23,,,,12
Tre Boston,CAR,DB,11802,weighted,,,,,,,,,,,,,,,,,,,,,,,,,,,,,,,,,,,,,,,,,,,,,2.94539202200825,1.34350288425444,0.0449793672627235,0.0707106781186548,0.1,0.0,0.455020632737276,0.0707106781186547,0.0,0.0,2014.0,1992-06-25,Q,Ankle,2016.0,12
Ricardo Allen,ATL,DB,11814,weighted,,,,,,,,,,,,,,,,,,,,,,,,,,,,,,,,,,,,,,,,,,,,,3.63493810178817,0.212132034355964,0.0,0.0,0.1,0.0,0.255020632737276,0.0707106781186547,0.0,0.0,2014.0,1991-12-18,,,,12
Nevin Lawson,DET,DB,11806,weighted,,,,,,,,,,,,,,,,,,,,,,,,,,,,,,,,,,,,,,,,,,,,,3.48514442916093,0.494974746830583,0.0,0.0,0.0550206327372765,0.0707106781186548,0.424896836313618,0.353553390593274,0.0,0.0,2014.0,1991-04-23,,,,12
Devin McCourty,NE,DB,9846,weighted,,,,,,,,,,,,,,,,,,,,,,,,,,,,,,,,,,,,,,,,,,,,,3.56506189821183,0.212132034355964,0.0,0.0,0.0550206327372765,0.0707106781186548,0.355020632737277,0.0707106781186548,0.0,0.0,2010.0,1987-08-13,,,,12
Byron Maxwell,MIA,DB,10408,weighted,,,,,,,,,,,,,,,,,,,,,,,,,,,,,,,,,,,,,,,,,,,,,3.42489683631362,0.353553390593274,0.0,0.0,0.1,0.0,0.624896836313618,0.353553390593274,0.0,0.0,2011.0,1988-02-23,,,,12
Richard Sherman,SEA,DB,10393,weighted,,,,,,,,,,,,,,,,,,,,,,,,,,,,,,,,,,,,,,,,,,,,,3.11526822558459,0.919238815542512,0.0,0.0,0.2,0.0,0.644979367262723,0.0707106781186547,0.0,0.0,2011.0,1988-03-30,,,,12
Mike Mitchell,PIT,DB,9495,weighted,,,,,,,,,,,,,,,,,,,,,,,,,,,,,,,,,,,,,,,,,,,,,3.33012379642366,0.424264068711929,0.0550206327372765,0.0707106781186548,0.0550206327372765,0.0707106781186548,0.344979367262723,0.0707106781186548,0.0,0.0,2009.0,1987-06-10,,,,12
Robert McClain,CAR,DB,10031,weighted,,,,,,,,,,,,,,,,,,,,,,,,,,,,,,,,,,,,,,,,,,,,,2.74539202200825,1.34350288425444,0.0,0.0,0.110041265474553,0.14142135623731,0.575103163686382,0.353553390593274,0.0,0.0,2010.0,1988-07-22,,,,12
Tramaine Brock,SF,DB,10149,weighted,,,,,,,,,,,,,,,,,,,,,,,,,,,,,,,,,,,,,,,,,,,,,3.42008253094911,0.282842712474619,0.0,0.0,0.0550206327372765,0.0707106781186548,0.569876203576341,0.424264068711928,0.0,0.0,2010.0,1988-08-20,,,,12
D.J. Hayden,OAK,DB,11346,weighted,,,,,,,,,,,,,,,,,,,,,,,,,,,,,,,,,,,,,,,,,,,,,3.21485557083906,0.494974746830583,0.0449793672627235,0.0707106781186548,0.110041265474553,0.14142135623731,0.544979367262723,0.0707106781186547,0.0,0.0,2013.0,1990-06-27,,,,12
Bryce Callahan,CHI,DB,12506,weighted,,,,,,,,,,,,,,,,,,,,,,,,,,,,,,,,,,,,,,,,,,,,,3.24016506189821,0.565685424949238,0.0,0.0,0.0550206327372765,0.0707106781186548,0.355020632737277,0.0707106781186548,0.0,0.0,,,,,,12
T.J. Green,IND,DB,12747,weighted,,,,,,,,,,,,,,,,,,,,,,,,,,,,,,,,,,,,,,,,,,,,,3.28514442916094,0.494974746830583,0.0,0.0,0.1,0.0,0.289958734525447,0.14142135623731,0.0,0.0,2016.0,1995-03-15,,,,12
Darian Stewart,DEN,DB,10122,weighted,,,,,,,,,,,,,,,,,,,,,,,,,,,,,,,,,,,,,,,,,,,,,3.36506189821183,0.212132034355964,0.0,0.0,0.144979367262724,0.0707106781186548,0.444979367262723,0.0707106781186547,0.0,0.0,2010.0,1988-08-04,,,,12
William Gay,PIT,DB,8845,weighted,,,,,,,,,,,,,,,,,,,,,,,,,,,,,,,,,,,,,,,,,,,,,3.05020632737276,0.707106781186547,0.0,0.0,0.0550206327372765,0.0707106781186548,0.455020632737276,0.0707106781186547,0.0,0.0,2007.0,1985-01-01,,,,12
Tracy Porter,CHI,DB,9092,weighted,,,,,,,,,,,,,,,,,,,,,,,,,,,,,,,,,,,,,,,,,,,,,2.96024759284732,0.848528137423857,0.0,0.0,0.155020632737276,0.0707106781186548,0.544979367262723,0.0707106781186547,0.0,0.0,2008.0,1986-08-08,,,,12
Robert Alford,ATL,DB,11351,weighted,,,,,,,,,,,,,,,,,,,,,,,,,,,,,,,,,,,,,,,,,,,,,3.22489683631362,0.353553390593274,0.0,0.0,0.155020632737276,0.0707106781186548,0.779917469050894,0.282842712474619,0.0,0.0,2013.0,1988-11-01,,,,12
Marcus Cooper,ARI,DB,11428,weighted,,,,,,,,,,,,,,,,,,,,,,,,,,,,,,,,,,,,,,,,,,,,,2.37551581843191,1.76776695296637,0.0,0.0,0.165061898211829,0.212132034355964,0.485144429160935,0.494974746830583,0.0,0.0,2013.0,1990-02-01,,,,12
Phillip Gaines,KC,DB,11781,weighted,,,,,,,,,,,,,,,,,,,,,,,,,,,,,,,,,,,,,,,,,,,,,2.83975240715268,0.848528137423857,0.0,0.0,0.1,0.0,0.444979367262723,0.0707106781186547,0.0,0.0,2014.0,1991-04-04,,,,12
Alterraun Verner,TB,DB,9930,weighted,,,,,,,,,,,,,,,,,,,,,,,,,,,,,,,,,,,,,,,,,,,,,2.27551581843191,1.76776695296637,0.0,0.0,0.110041265474553,0.14142135623731,0.410041265474553,0.14142135623731,0.0,0.0,2010.0,1988-12-13,,,,12
Patrick Peterson,ARI,DB,10260,weighted,,,,,,,,,,,,,,,,,,,,,,,,,,,,,,,,,,,,,,,,,,,,,2.86024759284732,0.848528137423857,0.0,0.0,0.155020632737276,0.0707106781186548,0.465061898211829,0.212132034355964,0.0,0.0,2011.0,1990-07-11,,,,12
Chris Harris,DEN,DB,10592,weighted,,,,,,,,,,,,,,,,,,,,,,,,,,,,,,,,,,,,,,,,,,,,,3.4,6.31227283613088e-16,0.0,0.0,0.155020632737276,0.0707106781186548,0.544979367262723,0.0707106781186547,0.0,0.0,2011.0,1989-06-18,,,,12
Micah Hyde,GB,DB,11382,weighted,,,,,,,,,,,,,,,,,,,,,,,,,,,,,,,,,,,,,,,,,,,,,2.72530949105915,1.06066017177982,0.0449793672627235,0.0707106781186548,0.0449793672627235,0.0707106781186548,0.144979367262724,0.0707106781186548,0.0,0.0,2013.0,1990-12-31,,,,12
Darius Slay,DET,DB,11348,weighted,,,,,,,,,,,,,,,,,,,,,,,,,,,,,,,,,,,,,,,,,,,,,3.26506189821183,0.212132034355964,0.0449793672627235,0.0707106781186548,0.1,0.0,0.569876203576341,0.424264068711928,0.0,0.0,2013.0,1991-01-01,,,,12
Marcus Gilchrist,NYJ,DB,10324,weighted,,,,,,,,,,,,,,,,,,,,,,,,,,,,,,,,,,,,,,,,,,,,,3.03012379642366,0.424264068711928,0.0,0.0,0.1,0.0,0.3,0.0,0.0,0.0,2011.0,1988-12-08,,,,12
Sean Smith,OAK,DB,9451,weighted,,,,,,,,,,,,,,,,,,,,,,,,,,,,,,,,,,,,,,,,,,,,,2.98514442916094,0.494974746830583,0.0,0.0,0.2,0.0,0.73493810178817,0.212132034355964,0.0,0.0,2009.0,1987-07-14,,,,12
Logan Ryan,NE,DB,11316,weighted,,,,,,,,,,,,,,,,,,,,,,,,,,,,,,,,,,,,,,,,,,,,,3.07991746905089,0.282842712474619,0.0,0.0,0.155020632737276,0.0707106781186548,0.6,0.0,0.0,0.0,2013.0,1991-02-09,,,,12
Tyrann Mathieu,ARI,DB,11313,weighted,,,,,,,,,,,,,,,,,,,,,,,,,,,,,,,,,,,,,,,,,,,,,1.48431911966988,2.33345237791561,0.0,0.0,0.0449793672627235,0.0707106781186548,0.179917469050894,0.282842712474619,0.0,0.0,2013.0,1992-05-13,Q,Shoulder,2016.0,12
Ken Crawley,NO,DB,12957,weighted,,,,,,,,,,,,,,,,,,,,,,,,,,,,,,,,,,,,,,,,,,,,,3.03012379642366,0.424264068711928,0.0,0.0,0.0550206327372765,0.0707106781186548,0.534938101788171,0.212132034355964,0.0,0.0,2016.0,1993-02-08,,,,12
DaNorris Searcy,TEN,DB,10351,weighted,,,,,,,,,,,,,,,,,,,,,,,,,,,,,,,,,,,,,,,,,,,,,2.84016506189821,0.565685424949238,0.0,0.0,0.1,0.0,0.255020632737276,0.0707106781186547,0.0,0.0,2011.0,1988-11-16,,,,12
Eric Weddle,BAL,DB,8713,weighted,,,,,,,,,,,,,,,,,,,,,,,,,,,,,,,,,,,,,,,,,,,,,3.15502063273728,0.0707106781186548,0.0550206327372765,0.0707106781186548,0.144979367262724,0.0707106781186548,0.434938101788171,0.212132034355964,0.0,0.0,2007.0,1985-01-04,,,,12
Janoris Jenkins,NYG,DB,10779,weighted,,,,,,,,,,,,,,,,,,,,,,,,,,,,,,,,,,,,,,,,,,,,,3.2,0.0,0.0,0.0,0.2,0.0,0.824896836313618,0.353553390593274,0.0,0.0,2012.0,1988-10-29,,,,12
Malcolm Butler,NE,DB,11965,weighted,,,,,,,,,,,,,,,,,,,,,,,,,,,,,,,,,,,,,,,,,,,,,3.15502063273728,0.0707106781186548,0.0449793672627235,0.0707106781186548,0.155020632737276,0.0707106781186548,0.689958734525447,0.14142135623731,0.0,0.0,2014.0,1990-03-02,,,,12
Lardarius Webb,BAL,DB,9529,weighted,,,,,,,,,,,,,,,,,,,,,,,,,,,,,,,,,,,,,,,,,,,,,2.65983493810179,0.565685424949238,0.0449793672627235,0.0707106781186548,0.0550206327372765,0.0707106781186548,0.4,0.0,0.0,0.0,2009.0,1985-10-12,,,,12
Brice McCain,TEN,DB,9619,weighted,,,,,,,,,,,,,,,,,,,,,,,,,,,,,,,,,,,,,,,,,,,,,2.42530949105915,1.06066017177982,0.0,0.0,0.110041265474553,0.14142135623731,0.655020632737276,0.0707106781186547,0.0,0.0,2009.0,1986-12-10,,,,12
Adam Jones,CIN,DB,7818,weighted,,,,,,,,,,,,,,,,,,,,,,,,,,,,,,,,,,,,,,,,,,,,,2.98995873452545,0.14142135623731,0.0,0.0,0.2,0.0,0.6,0.0,0.0,0.0,2005.0,1983-09-30,,,,12
Tramon Williams,CLE,DB,8958,weighted,,,,,,,,,,,,,,,,,,,,,,,,,,,,,,,,,,,,,,,,,,,,,2.78514442916094,0.494974746830583,0.0,0.0,0.155020632737276,0.0707106781186548,0.510041265474553,0.141421356237309,0.0,0.0,2006.0,1983-03-16,Q,Knee,2016.0,12
Stephon Gilmore,BUF,DB,10789,weighted,,,,,,,,,,,,,,,,,,,,,,,,,,,,,,,,,,,,,,,,,,,,,2.92008253094911,0.282842712474619,0.0,0.0,0.2,0.0,0.83493810178817,0.212132034355964,0.0,0.0,2012.0,1990-09-19,,,,12
Xavier Rhodes,MIN,DB,11314,weighted,,,,,,,,,,,,,,,,,,,,,,,,,,,,,,,,,,,,,,,,,,,,,2.87510316368638,0.353553390593274,0.0,0.0,0.2,0.0,0.755020632737276,0.0707106781186548,0.0,0.0,2013.0,1990-06-19,,,,12
Adrian Phillips,SD,DB,12088,weighted,,,,,,,,,,,,,,,,,,,,,,,,,,,,,,,,,,,,,,,,,,,,,2.42530949105915,1.06066017177982,0.0,0.0,0.1,0.0,0.255020632737276,0.0707106781186547,0.0,0.0,2014.0,1992-03-28,,,,12
Tracy Howard,CLE,DB,12969,weighted,,,,,,,,,,,,,,,,,,,,,,,,,,,,,,,,,,,,,,,,,,,,,1.44938101788171,2.12132034355964,0.0,0.0,0.0449793672627235,0.0707106781186548,0.224896836313618,0.353553390593274,0.0,0.0,2016.0,1994-04-29,,,,12
Vontae Davis,IND,DB,9438,weighted,,,,,,,,,,,,,,,,,,,,,,,,,,,,,,,,,,,,,,,,,,,,,2.72489683631362,0.353553390593274,0.0,0.0,0.210041265474553,0.141421356237309,0.765061898211829,0.212132034355964,0.0,0.0,2009.0,1988-05-05,,,,12
Buster Skrine,NYJ,DB,10379,weighted,,,,,,,,,,,,,,,,,,,,,,,,,,,,,,,,,,,,,,,,,,,,,2.61485557083906,0.494974746830583,0.0449793672627235,0.0707106781186548,0.1,0.0,0.5,0.0,0.0,0.0,2011.0,1989-04-26,,,,12
George Iloka,CIN,DB,10784,weighted,,,,,,,,,,,,,,,,,,,,,,,,,,,,,,,,,,,,,,,,,,,,,3.0,6.31227283613088e-16,0.0,0.0,0.155020632737276,0.0707106781186548,0.410041265474553,0.14142135623731,0.0,0.0,2012.0,1990-06-20,,,,12
Desmond Trufant,ATL,DB,11312,weighted,,,,,,,,,,,,,,,,,,,,,,,,,,,,,,,,,,,,,,,,,,,,,2.68514442916094,0.494974746830583,0.0449793672627235,0.0707106781186548,0.155020632737276,0.0707106781186548,0.510041265474553,0.141421356237309,0.0,0.0,2013.0,1990-09-10,Q,Shoulder,2016.0,12
Patrick Robinson,IND,DB,9841,weighted,,,,,,,,,,,,,,,,,,,,,,,,,,,,,,,,,,,,,,,,,,,,,2.78995873452545,0.141421356237309,0.0,0.0,0.165061898211829,0.212132034355964,0.765061898211829,0.212132034355964,0.0,0.0,2010.0,1987-09-07,,,,12
Josh Norman,WAS,DB,10851,weighted,,,,,,,,,,,,,,,,,,,,,,,,,,,,,,,,,,,,,,,,,,,,,2.72008253094911,0.282842712474619,0.0,0.0,0.1,0.0,0.589958734525447,0.141421356237309,0.0,0.0,2012.0,1987-12-15,,,,12
Calvin Pryor,NYJ,DB,11741,weighted,,,,,,,,,,,,,,,,,,,,,,,,,,,,,,,,,,,,,,,,,,,,,2.78995873452545,0.141421356237309,0.0,0.0,0.0550206327372765,0.0707106781186548,0.2,0.0,0.0,0.0,2014.0,1992-07-02,,,,12
Aqib Talib,DEN,DB,9103,weighted,,,,,,,,,,,,,,,,,,,,,,,,,,,,,,,,,,,,,,,,,,,,,2.35020632737276,0.707106781186547,0.0,0.0,0.2,0.0,0.73493810178817,0.212132034355964,0.0,0.0,2008.0,1986-02-13,,,,12
Rashad Johnson,TEN,DB,9535,weighted,,,,,,,,,,,,,,,,,,,,,,,,,,,,,,,,,,,,,,,,,,,,,1.25942228335626,1.97989898732233,0.0,0.0,0.0,0.0,0.089958734525447,0.14142135623731,0.0,0.0,2009.0,1986-01-02,,,,12
Darius Butler,IND,DB,9461,weighted,,,,,,,,,,,,,,,,,,,,,,,,,,,,,,,,,,,,,,,,,,,,,2.48514442916093,0.494974746830583,0.0,0.0,0.155020632737276,0.0707106781186548,0.565061898211829,0.212132034355964,0.0,0.0,2009.0,1986-03-18,,,,12
Jamar Taylor,CLE,DB,11318,weighted,,,,,,,,,,,,,,,,,,,,,,,,,,,,,,,,,,,,,,,,,,,,,2.30522696011004,0.777817459305202,0.0,0.0,0.1,0.0,0.444979367262723,0.0707106781186547,0.0,0.0,2013.0,1990-09-29,,,,12
James Bradberry,CAR,DB,12750,weighted,,,,,,,,,,,,,,,,,,,,,,,,,,,,,,,,,,,,,,,,,,,,,2.75502063273728,0.0707106781186545,0.0,0.0,0.155020632737276,0.0707106781186548,0.710041265474553,0.14142135623731,0.0,0.0,2016.0,1993-08-04,,,,12
Dominique Rodgers-Cromartie,NYG,DB,9097,weighted,,,,,,,,,,,,,,,,,,,,,,,,,,,,,,,,,,,,,,,,,,,,,2.56506189821183,0.212132034355964,0.0,0.0,0.110041265474553,0.14142135623731,0.589958734525447,0.141421356237309,0.0,0.0,2008.0,1986-04-07,,,,12
Dre Kirkpatrick,CIN,DB,10778,weighted,,,,,,,,,,,,,,,,,,,,,,,,,,,,,,,,,,,,,,,,,,,,,2.52008253094911,0.282842712474619,0.0,0.0,0.155020632737276,0.0707106781186548,0.465061898211829,0.212132034355964,0.0,0.0,2012.0,1989-10-26,,,,12
Quinten Rollins,GB,DB,12279,weighted,,,,,,,,,,,,,,,,,,,,,,,,,,,,,,,,,,,,,,,,,,,,,1.21444291609354,1.90918830920368,0.0,0.0,0.0449793672627235,0.0707106781186548,0.314855570839065,0.494974746830583,0.0,0.0,2015.0,1992-07-15,,,,12
Shareece Wright,BAL,DB,10341,weighted,,,,,,,,,,,,,,,,,,,,,,,,,,,,,,,,,,,,,,,,,,,,,2.55502063273728,0.0707106781186548,0.0,0.0,0.0550206327372765,0.0707106781186548,0.489958734525447,0.141421356237309,0.0,0.0,2011.0,1987-04-08,,,,12
Artie Burns,PIT,DB,12738,weighted,,,,,,,,,,,,,,,,,,,,,,,,,,,,,,,,,,,,,,,,,,,,,2.21485557083906,0.494974746830583,0.0,0.0,0.2,0.0,0.589958734525447,0.141421356237309,0.0,0.0,2016.0,1995-05-01,,,,12
Darrelle Revis,NYJ,DB,8662,weighted,,,,,,,,,,,,,,,,,,,,,,,,,,,,,,,,,,,,,,,,,,,,,2.38995873452545,0.14142135623731,0.0,0.0,0.1,0.0,0.455020632737276,0.0707106781186547,0.0,0.0,2007.0,1985-07-14,,,,12
Rafael Bush,DET,DB,10244,weighted,,,,,,,,,,,,,,,,,,,,,,,,,,,,,,,,,,,,,,,,,,,,,2.41004126547455,0.14142135623731,0.0449793672627235,0.0707106781186548,0.089958734525447,0.14142135623731,0.189958734525447,0.141421356237309,0.0,0.0,2010.0,1987-05-12,,,,12
Jeremy Lane,SEA,DB,10869,weighted,,,,,,,,,,,,,,,,,,,,,,,,,,,,,,,,,,,,,,,,,,,,,2.23012379642366,0.424264068711929,0.0,0.0,0.155020632737276,0.0707106781186548,0.455020632737276,0.0707106781186547,0.0,0.0,2012.0,1990-07-14,,,,12
Jairus Byrd,NO,DB,9492,weighted,,,,,,,,,,,,,,,,,,,,,,,,,,,,,,,,,,,,,,,,,,,,,1.73975240715268,0.848528137423857,0.0,0.0,0.0550206327372765,0.0707106781186548,0.2,0.0,0.0,0.0,2009.0,1986-10-07,,,,12
Perrish Cox,TEN,DB,9893,weighted,,,,,,,,,,,,,,,,,,,,,,,,,,,,,,,,,,,,,,,,,,,,,1.07950481430536,1.69705627484771,0.0,0.0,0.089958734525447,0.14142135623731,0.314855570839065,0.494974746830583,0.0,0.0,2010.0,1987-01-10,,,,12
Bradley Roby,DEN,DB,11735,weighted,,,,,,,,,,,,,,,,,,,,,,,,,,,,,,,,,,,,,,,,,,,,,2.31004126547455,0.141421356237309,0.0,0.0,0.155020632737276,0.0707106781186548,0.589958734525447,0.141421356237309,0.0,0.0,2014.0,1992-05-01,,,,12
Sean Davis,PIT,DB,12748,weighted,,,,,,,,,,,,,,,,,,,,,,,,,,,,,,,,,,,,,,,,,,,,,2.26506189821183,0.212132034355964,0.0,0.0,0.0,0.0,0.2,0.0,0.0,0.0,2016.0,,,,,12
Captain Munnerlyn,MIN,DB,9646,weighted,,,,,,,,,,,,,,,,,,,,,,,,,,,,,,,,,,,,,,,,,,,,,1.98514442916094,0.494974746830583,0.0,0.0,0.155020632737276,0.0707106781186548,0.420082530949106,0.282842712474619,0.0,0.0,2009.0,1988-04-10,,,,12
Leon Hall,NYG,DB,8674,weighted,,,,,,,,,,,,,,,,,,,,,,,,,,,,,,,,,,,,,,,,,,,,,2.14497936726272,0.0707106781186548,0.0449793672627235,0.0707106781186548,0.0550206327372765,0.0707106781186548,0.410041265474553,0.14142135623731,0.0,0.0,2007.0,1984-12-09,,,,12
Delvin Breaux,NO,DB,12423,weighted,,,,,,,,,,,,,,,,,,,,,,,,,,,,,,,,,,,,,,,,,,,,,2.04497936726272,0.0707106781186548,0.0,0.0,0.155020632737276,0.0707106781186548,0.455020632737276,0.0707106781186547,0.0,0.0,2015.0,1989-10-25,,,,12
Will Blackmon,WAS,DB,8356,weighted,,,,,,,,,,,,,,,,,,,,,,,,,,,,,,,,,,,,,,,,,,,,,1.94497936726272,0.0707106781186548,0.0449793672627235,0.0707106781186548,0.0550206327372765,0.0707106781186548,0.244979367262724,0.0707106781186547,0.0,0.0,2006.0,1984-10-27,,,,12
Jalil Brown,IND,DB,nfl_2495265,weighted,,,,,,,,,,,,,,,,,,,,,,,,,,,,,,,,,,,,,,,,,,,,,0.854607977991747,1.34350288425444,0.0,0.0,0.0,0.0,0.089958734525447,0.14142135623731,0.0,0.0,2011.0,1987-10-14,Q,Ankle,2016.0,12
Chris Prosinski,CHI,DB,10366,weighted,,,,,,,,,,,,,,,,,,,,,,,,,,,,,,,,,,,,,,,,,,,,,0.909628610729023,1.27279220613579,0.0449793672627235,0.0707106781186548,0.0,0.0,0.0449793672627235,0.0707106781186548,0.0,0.0,2011.0,1987-04-28,,,,12
Kelcie McCray,SEA,DB,11338,weighted,,,,,,,,,,,,,,,,,,,,,,,,,,,,,,,,,,,,,,,,,,,,,1.85502063273728,0.0707106781186547,0.0,0.0,0.0449793672627235,0.0707106781186548,0.189958734525447,0.141421356237309,0.0,0.0,2012.0,1988-09-21,,,,12
Don Carey,DET,DB,9608,weighted,,,,,,,,,,,,,,,,,,,,,,,,,,,,,,,,,,,,,,,,,,,,,0.809628610729023,1.27279220613579,0.0,0.0,0.0,0.0,0.089958734525447,0.14142135623731,0.0,0.0,2009.0,1987-02-14,O,Hamstring,2016.0,12
Kemal Ishmael,ATL,DB,11422,weighted,,,,,,,,,,,,,,,,,,,,,,,,,,,,,,,,,,,,,,,,,,,,,0.809628610729023,1.27279220613579,0.0,0.0,0.0,0.0,0.0449793672627235,0.0707106781186548,0.0,0.0,2013.0,1991-05-06,,,,12
Walt Aikens,MIA,DB,11799,weighted,,,,,,,,,,,,,,,,,,,,,,,,,,,,,,,,,,,,,,,,,,,,,0.7646492434663,1.20208152801713,0.0,0.0,0.0,0.0,0.134938101788171,0.212132034355964,0.0,0.0,2014.0,1991-06-19,,,,12
Nate Allen,OAK,DB,9857,weighted,,,,,,,,,,,,,,,,,,,,,,,,,,,,,,,,,,,,,,,,,,,,,0.719669876203576,1.13137084989848,0.0,0.0,0.0449793672627235,0.0707106781186548,0.134938101788171,0.212132034355964,0.0,0.0,2010.0,1987-11-30,,,,12
Justin Bethel,ARI,DB,10874,weighted,,,,,,,,,,,,,,,,,,,,,,,,,,,,,,,,,,,,,,,,,,,,,1.43493810178817,0.212132034355964,0.0,0.0,0.0550206327372765,0.0707106781186548,0.355020632737277,0.0707106781186548,0.0,0.0,2012.0,1990-06-17,Q,Foot,2016.0,12
Duke Ihenacho,WAS,DB,11077,weighted,,,,,,,,,,,,,,,,,,,,,,,,,,,,,,,,,,,,,,,,,,,,,1.26987620357634,0.424264068711929,0.0,0.0,0.0,0.0,0.0449793672627235,0.0707106781186548,0.0,0.0,2012.0,1989-06-16,,,,12
Keith Reaser,SF,DB,11827,weighted,,,,,,,,,,,,,,,,,,,,,,,,,,,,,,,,,,,,,,,,,,,,,0.784731774415406,0.919238815542512,0.0,0.0,0.0,0.0,0.089958734525447,0.14142135623731,0.0,0.0,2014.0,1991-07-31,,,,12
Jerraud Powers,BAL,DB,9532,weighted,,,,,,,,,,,,,,,,,,,,,,,,,,,,,,,,,,,,,,,,,,,,,1.4,6.31227283613088e-16,0.0,0.0,0.0550206327372765,0.0707106781186548,0.355020632737277,0.0707106781186548,0.0,0.0,2009.0,1987-07-19,,,,12
Tharold Simon,ARI,DB,11369,weighted,,,,,,,,,,,,,,,,,,,,,,,,,,,,,,,,,,,,,,,,,,,,,0.629711141678129,0.989949493661166,0.0,0.0,0.0449793672627235,0.0707106781186548,0.134938101788171,0.212132034355964,0.0,0.0,2013.0,1991-03-06,,,,12
Davon House,JAC,DB,10374,weighted,,,,,,,,,,,,,,,,,,,,,,,,,,,,,,,,,,,,,,,,,,,,,0.584731774415406,0.919238815542512,0.0,0.0,0.0,0.0,0.134938101788171,0.212132034355964,0.0,0.0,2011.0,1989-07-10,,,,12
Leonard Johnson,CAR,DB,10791,weighted,,,,,,,,,,,,,,,,,,,,,,,,,,,,,,,,,,,,,,,,,,,,,0.804814305364512,0.636396103067893,0.0449793672627235,0.0707106781186548,0.0,0.0,0.1,0.0,0.0,0.0,2012.0,1990-03-30,Q,Chest,2016.0,12
Darqueze Dennard,CIN,DB,11737,weighted,,,,,,,,,,,,,,,,,,,,,,,,,,,,,,,,,,,,,,,,,,,,,0.749793672627235,0.707106781186547,0.0,0.0,0.0449793672627235,0.0707106781186548,0.234938101788171,0.212132034355964,0.0,0.0,2014.0,1991-08-10,,,,12
Corey White,BUF,DB,10863,weighted,,,,,,,,,,,,,,,,,,,,,,,,,,,,,,,,,,,,,,,,,,,,,0.539752407152682,0.848528137423857,0.0,0.0,0.0,0.0,0.0449793672627235,0.0707106781186548,0.0,0.0,2012.0,1990-05-09,,,,12
Chris Banjo,NO,DB,11532,weighted,,,,,,,,,,,,,,,,,,,,,,,,,,,,,,,,,,,,,,,,,,,,,0.539752407152682,0.848528137423857,0.0,0.0,0.0,0.0,0.0449793672627235,0.0707106781186548,0.0,0.0,2013.0,1990-02-26,,,,12
Justin Gilbert,PIT,DB,11736,weighted,,,,,,,,,,,,,,,,,,,,,,,,,,,,,,,,,,,,,,,,,,,,,0.539752407152682,0.848528137423857,0.0449793672627235,0.0707106781186548,0.0,0.0,0.179917469050894,0.282842712474619,0.0,0.0,2014.0,1991-11-07,,,,12
Eddie Pleasant,HOU,DB,11127,weighted,,,,,,,,,,,,,,,,,,,,,,,,,,,,,,,,,,,,,,,,,,,,,0.879917469050894,0.282842712474619,0.0,0.0,0.0449793672627235,0.0707106781186548,0.189958734525447,0.141421356237309,0.0,0.0,2012.0,1988-12-17,,,,12
Josh Thomas,DAL,DB,nfl_2508121,weighted,,,,,,,,,,,,,,,,,,,,,,,,,,,,,,,,,,,,,,,,,,,,,0.449793672627235,0.707106781186547,0.0,0.0,0.0,0.0,0.089958734525447,0.14142135623731,0.0,0.0,2011.0,1989-05-03,IR,Thumb,2016.0,12
Keith McGill,OAK,DB,11794,weighted,,,,,,,,,,,,,,,,,,,,,,,,,,,,,,,,,,,,,,,,,,,,,0.504814305364512,0.636396103067893,0.0,0.0,0.0,0.0,0.0449793672627235,0.0707106781186548,0.0,0.0,2014.0,1989-03-09,Q,Abdomen,2016.0,12
Miles Killebrew,DET,DB,12776,weighted,,,,,,,,,,,,,,,,,,,,,,,,,,,,,,,,,,,,,,,,,,,,,0.504814305364512,0.636396103067893,0.0,0.0,0.0,0.0,0.0,0.0,0.0,0.0,2016.0,1993-05-10,,,,12
Greg Toler,WAS,DB,9567,weighted,,,,,,,,,,,,,,,,,,,,,,,,,,,,,,,,,,,,,,,,,,,,,0.404814305364512,0.636396103067893,0.0,0.0,0.0,0.0,0.089958734525447,0.14142135623731,0.0,0.0,2009.0,1985-01-02,,,,12
Cody Davis,LA,DB,11555,weighted,,,,,,,,,,,,,,,,,,,,,,,,,,,,,,,,,,,,,,,,,,,,,0.679917469050894,0.282842712474619,0.0,0.0,0.0550206327372765,0.0707106781186548,0.2,0.0,0.0,0.0,2013.0,1989-06-06,,,,12
Chris Culliver,MIA,DB,10336,weighted,,,,,,,,,,,,,,,,,,,,,,,,,,,,,,,,,,,,,,,,,,,,,0.359834938101788,0.565685424949238,0.0,0.0,0.0,0.0,0.0449793672627235,0.0707106781186548,0.0,0.0,2011.0,1988-08-17,,,,12
Keith Tandy,TB,DB,10871,weighted,,,,,,,,,,,,,,,,,,,,,,,,,,,,,,,,,,,,,,,,,,,,,0.314855570839065,0.494974746830583,0.0,0.0,0.0,0.0,0.0449793672627235,0.0707106781186548,0.0,0.0,2012.0,1989-02-12,,,,12
