player,team,position,id,avg_type,pass_yds,pass_yds_sd,pass_tds,pass_tds_sd,pass_int,pass_int_sd,rush_yds,rush_yds_sd,rush_tds,rush_tds_sd,fumbles_lost,fumbles_lost_sd,two_pts,two_pts_sd,return_tds,return_tds_sd,rec,rec_sd,rec_yds,rec_yds_sd,rec_tds,rec_tds_sd,fg_0019,fg_0019_sd,fg_2029,fg_2029_sd,fg_3039,fg_3039_sd,fg_4049,fg_4049_sd,fg_50,fg_50_sd,xp,xp_sd,dst_int,dst_int_sd,dst_sacks,dst_sacks_sd,dst_safety,dst_safety_sd,dst_td,dst_td_sd,dst_blk,dst_blk_sd,idp_solo,idp_solo_sd,idp_sack,idp_sack_sd,idp_int,idp_int_sd,idp_pd,idp_pd_sd,idp_td,idp_td_sd,draft_year,birthdate,injury_status,injury_details,season_year,week
Jared Goff,DET,QB,12611,weighted,274.365842148088,18.2028543684898,1.72708706265256,0.43041950010506,0.742563059397884,0.207949224709891,4.23360048820179,1.50816449172425,0.0672091131000814,0.0467719615195172,0.112007729861676,0.0140743463825426,0.09,0.0,,,,,,,,,,,,,,,,,,,,,,,,,,,,,,,,,,,,,,,,,2016.0,1994-10-14,,,2023,11
Tua Tagovailoa,MIA,QB,14778,weighted,277.081049633849,14.9354780050464,1.94213181448332,0.14766154143496,0.830370219690806,0.121643431020651,6.85116354759967,0.815790676054203,0.0538771358828316,0.0507518409089235,0.174607404393816,0.0294021599083161,0.03,0.0,,,,,,,,,,,,,,,,,,,,,,,,,,,,,,,,,,,,,,,,,2020.0,1998-03-02,,,2023,11
Patrick Mahomes,KC,QB,13116,weighted,282.509678600488,20.222156280207,2.02622864117168,0.14666982724785,0.809406021155411,0.146887182932234,24.7860618388934,1.3366445643084,0.102506102522376,0.0516848759395596,0.106253051261188,0.0510730605765253,0.09,0.0,,,,,,,,,,,,,,,,,,,,,,,,,,,,,,,,,,,,,,,,,2017.0,1995-09-17,,,2023,11
C.J. Stroud,HOU,QB,16150,weighted,269.27841741253,11.2382264836722,1.85746948738812,0.249841774257579,0.363681855166802,0.26935554777877,9.87093165174939,0.518448177707993,0.107892595606184,0.0579472408581754,0.251232709519935,0.0918897795685518,0.07,0.0,,,,,,,,,,,,,,,,,,,,,,,,,,,,,,,,,,,,,,,,,2023.0,2001-10-03,,,2023,11
Dak Prescott,DAL,QB,12620,weighted,264.787876322213,16.2815206653834,1.90888527257933,0.0782430518748405,0.686777868185517,0.345312939388686,15.7624938974776,2.72141506876419,0.154182262001627,0.110690010383235,0.120471928397071,0.0140243968718025,0.06,0.0,,,,,,,,,,,,,,,,,,,,,,,,,,,,,,,,,,,,,,,,,2016.0,1993-07-29,,,2023,11
Sam Howell,WAS,QB,15693,weighted,261.96497558991,11.0214525182635,1.76436940602115,0.228937206946045,0.967107404393816,0.207731526386862,18.2244222945484,2.96494910616523,0.10646460537022,0.0571128729812444,0.131676159479251,0.0417328959027535,0.07,0.0,,,,,,,,,,,,,,,,,,,,,,,,,,,,,,,,,,,,,,,,,2022.0,2000-09-16,,,2023,11
Brock Purdy,SF,QB,15698,weighted,261.17139544345,12.8571643979109,1.78108218063466,0.20432746731478,0.552253864930838,0.315392710072359,11.8744222945484,2.50814358093387,0.131912123677787,0.0700707673189934,0.142849877949552,0.0490970370537837,0.06,0.0,,,,,,,,,,,,,,,,,,,,,,,,,,,,,,,,,,,,,,,,,2022.0,1999-12-27,,,2023,11
Justin Herbert,LAC,QB,14779,weighted,260.665683482506,6.32566690225737,1.7336330349878,0.227222097912708,0.820752644426363,0.141632661003149,14.216427990236,2.80708990587397,0.151147274206672,0.0744023979624853,0.0514259560618389,0.0299467959259395,0.13,3.00059589753424e-17,,,,,,,,,,,,,,,,,,,,,,,,,,,,,,,,,,,,,,,,,2020.0,1998-03-10,,,2023,11
Geno Smith,SEA,QB,11150,weighted,252.836541903987,9.41139754952373,1.32900732302685,0.259252780577478,0.845215622457282,0.138354459867782,11.4410618388934,2.3754199762226,0.0518429617575264,0.0642265917847385,0.166143205858421,0.0392028798777549,0.03,0.0,,,,,,,,,,,,,,,,,,,,,,,,,,,,,,,,,,,,,,,,,2013.0,1990-10-10,,,2023,11
Joe Burrow,CIN,QB,14777,weighted,255.177698179683,11.1406551585866,1.67735760422783,0.191357393037574,0.85554903112155,0.146195218244178,14.1375689958896,5.74337473798103,0.0793071051086318,0.0817222431719443,0.0653082795067528,0.0246080595191501,0.16,0.0,,,,,,,,,,,,,,,,,,,,,,,,,,,,,,,,,,,,,,,,,2020.0,1996-12-10,,,2023,11
Matthew Stafford,LAR,QB,9431,weighted,241.010142392189,11.8829154882671,1.31402359641985,0.334659242302327,0.874373474369406,0.131768983656143,5.76522375915378,1.75856497910164,0.0452685109845403,0.0462290930685027,0.114025630593979,0.0427119814367564,0.13,3.00059589753424e-17,,,,,,,,,,,,,,,,,,,,,,,,,,,,,,,,,,,,,,,,,2009.0,1988-02-07,,,2023,11
Matthew Stafford,LAR,QB,9431,weighted,241.010142392189,11.8829154882671,1.31402359641985,0.334659242302327,0.874373474369406,0.131768983656143,5.76522375915378,1.75856497910164,0.0452685109845403,0.0462290930685027,0.114025630593979,0.0427119814367564,0.13,3.00059589753424e-17,,,,,,,,,,,,,,,,,,,,,,,,,,,,,,,,,,,,,,,,,2009.0,2003-05-23,,,2023,11
Jalen Hurts,PHI,QB,14783,weighted,236.482917005696,18.4680403102363,1.283344182262,0.23257981768327,0.863185516680228,0.133932652013743,39.6683157038242,2.59058426206853,0.598567941415785,0.221127868863663,0.194275834011391,0.0615344927803198,0.13,3.00059589753424e-17,,,,,,,,,,,,,,,,,,,,,,,,,,,,,,,,,,,,,,,,,2020.0,1998-08-07,,,2023,11
Trevor Lawrence,JAC,QB,15237,weighted,245.696615134255,10.9988614077841,1.21158258746949,0.229876192431263,0.821224572823434,0.133421978012517,22.7647314890155,2.85075486826604,0.110366151342555,0.064858376962551,0.330760781122864,0.0998555124375098,0.13,3.00059589753424e-17,,,,,,,,,,,,,,,,,,,,,,,,,,,,,,,,,,,,,,,,,2021.0,1999-10-06,,,2023,11
Baker Mayfield,TB,QB,13590,weighted,240.57916192026,13.0480324773037,1.27389747762408,0.378776069631553,0.862111472742067,0.135954437438141,13.1178315703824,2.32420742158253,0.0425874694873881,0.0521518600689404,0.0725895036615134,0.034294537600506,0.13,3.00059589753424e-17,,,,,,,,,,,,,,,,,,,,,,,,,,,,,,,,,,,,,,,,,2018.0,1995-04-14,,,2023,11
Josh Allen,BUF,QB,13589,weighted,238.102253864931,12.993552534231,1.62624084621644,0.314293993906538,0.951842961757526,0.113526031468611,34.4357567127746,4.69583420919947,0.372925142392189,0.189938256158325,0.214025630593979,0.0427119814367564,0.25,0.0,,,,,,,,,,,,,,,,,,,,,,,,,,,,,,,,,,,,,,,,,2018.0,1996-05-21,,,2023,11
Joshua Dobbs,MIN,QB,13119,weighted,221.168755284171,27.2635045850103,1.22053546265853,0.178701135627981,0.798149365899483,0.203503703720039,31.2853358384218,8.50491618117103,0.281784875528417,0.0386568980630637,0.355771488961954,0.145110733981629,0.13,0.0,,,,,,,,,,,,,,,,,,,,,,,,,,,,,,,,,,,,,,,,,2017.0,1995-01-26,,,2023,11
Lamar Jackson,BAL,QB,13593,weighted,232.501562245728,9.6674161252829,1.26423921887714,0.249723530853489,0.842485760781123,0.190973625020946,47.2771277461351,3.42194934404111,0.431688364524003,0.252755628390146,0.282878356387307,0.101345096466894,0.09,0.0,,,,,,,,,,,,,,,,,,,,,,,,,,,,,,,,,,,,,,,,,2018.0,1997-01-07,,,2023,11
Jordan Love,GB,QB,14782,weighted,235.448868999186,13.9715795769089,1.43425549227014,0.320403438356077,0.960610252237591,0.0938647852699118,16.8522864117168,1.6838853384216,0.151981285598047,0.073456596572684,0.046586655817738,0.0309132065327277,0.1,0.0,,,,,,,,,,,,,,,,,,,,,,,,,,,,,,,,,,,,,,,,,2020.0,1998-11-02,,,2023,11
Kyler Murray,ARI,QB,14056,weighted,230.824365337673,12.8443236603839,1.1830227827502,0.213918030395145,0.858637103336046,0.173301489364152,31.9012571196094,5.61869969979474,0.250227827502034,0.130342034952523,0.161938567941416,0.120186319987493,0.16,0.0,,,,,,,,,,,,,,,,,,,,,,,,,,,,,,,,,,,,,,,,,2019.0,1997-08-07,,,2023,11
Bryce Young,CAR,QB,16148,weighted,211.087363710334,15.2200203075054,1.04093572009764,0.103938558314419,0.895179007323027,0.110551099801865,15.4356509357201,1.61445014802371,0.0751545972335232,0.0521712194597646,0.140140358014646,0.0353764754681275,0.07,0.0,,,,,,,,,,,,,,,,,,,,,,,,,,,,,,,,,,,,,,,,,2023.0,2001-07-25,,,2023,11
Will Levis,TEN,QB,16149,weighted,220.624908407703,9.43325656943059,1.03969469234382,0.134829404838767,0.868482855800845,0.169490772082306,9.98647252231094,2.1798421347898,0.10161108501644,0.0153920707338695,0.0856446688586191,0.0177892153631056,0.05,0.0,,,,,,,,,,,,,,,,,,,,,,,,,,,,,,,,,,,,,,,,,2023.0,1999-06-27,,,2023,11
Zach Wilson,NYJ,QB,15239,weighted,214.897229454841,14.8098776960705,0.89986981285598,0.144517365218058,0.873372660699756,0.151078606024113,18.821916192026,2.19170134932108,0.0830716029292107,0.0610200322794403,0.251232709519935,0.0918897795685518,0.13,3.00059589753424e-17,,,,,,,,,,,,,,,,,,,,,,,,,,,,,,,,,,,,,,,,,2021.0,1999-08-03,,,2023,11
Justin Fields,CHI,QB,15238,weighted,213.923877135883,12.9009978380211,1.2330065093572,0.183970426675856,1.01500406834825,0.356934522087368,45.6329129373474,3.68296042989849,0.259788445890968,0.110963910691635,0.208993083807974,0.0874977890681062,0.06,0.0,,,,,,,,,,,,,,,,,,,,,,,,,,,,,,,,,,,,,,,,,2021.0,1999-03-05,,,2023,11
Aidan O'Connell,LVR,QB,16159,weighted,215.239008924378,5.69362330135876,1.0895537811179,0.127165597332597,0.950037576326914,0.152547781890919,5.18290746829497,1.96858426675893,0.0730577736026304,0.0404156846719282,0.159805072804133,0.0498098030166956,0.05,0.0,,,,,,,,,,,,,,,,,,,,,,,,,,,,,,,,,,,,,,,,,2023.0,1998-09-01,,,2023,11
Russell Wilson,DEN,QB,10703,weighted,204.479979658259,9.69589957232226,1.43711960943857,0.30529480454585,0.716879576891782,0.204450118401153,24.5472782750203,3.07896399258208,0.109141578519121,0.0609396391129832,0.162518307567128,0.0799072037956343,0.03,0.0,,,,,,,,,,,,,,,,,,,,,,,,,,,,,,,,,,,,,,,,,2012.0,1988-11-29,,,2023,11
Kenny Pickett,PIT,QB,15692,weighted,194.392717656631,10.9734800534166,0.900097640358015,0.161468878331347,0.817424735557364,0.181797580421326,10.9533563873068,4.05753459803579,0.0964320585842148,0.0744472611457675,0.0261147274206672,0.0173918032318106,0.08,0.0,,,,,,,,,,,,,,,,,,,,,,,,,,,,,,,,,,,,,,,,,2022.0,1998-06-06,,,2023,11
Dorian Thompson-Robinson,CLE,QB,16158,weighted,191.099854391733,11.6729883151887,0.956881164866134,0.114863359250289,1.09550962893377,0.157221703475081,25.0605119774542,4.16862771335553,0.149004227336778,0.0596628666569466,0.35165570690465,0.237115161573013,0.06,0.0,,,,,,,,,,,,,,,,,,,,,,,,,,,,,,,,,,,,,,,,,2023.0,1999-11-14,,,2023,11
Tommy DeVito,,QB,16441,weighted,175.890634100517,16.2268805756031,0.89286989196806,0.12652401858525,0.888412400187882,0.194411438409477,21.5586378581494,7.42640987375451,0.138309065288868,0.0465086827440219,0.110386331611085,0.0145508858750834,0.06,0.0,,,,,,,,,,,,,,,,,,,,,,,,,,,,,,,,,,,,,,,,,2023.0,1998-08-07,,,2023,11
Mitchell Trubisky,PIT,QB,13115,weighted,32.7434963099631,45.5755098066195,0.141909594095941,0.211667641088682,0.308127306273063,0.397664087117849,1.53258302583026,2.80336722302497,0.0030350553505535,0.0056551510964511,0.0,0.0,,,,,,,,,,,,,,,,,,,,,,,,,,,,,,,,,,,,,,,,,,,2017.0,1994-08-20,,,2023,11
Davis Mills,HOU,QB,15252,weighted,25.9264985994398,33.599061144744,0.124901960784314,0.178600435587142,0.107724089635854,0.187195322511371,1.47470238095238,1.69897731356219,0.025203081232493,0.0474040355155162,0.0334453781512605,0.0436265907651609,0.03,0.0,,,,,,,,,,,,,,,,,,,,,,,,,,,,,,,,,,,,,,,,,2021.0,1998-10-21,,,2023,11
Ryan Tannehill,TEN,QB,10697,weighted,27.8525212314225,23.9496307119057,0.128963198867657,0.0466045693790003,0.163747346072187,0.0895962113237079,0.773295588582213,0.846439912727739,0.0,0.0,0.0615711252653928,0.0244100937996661,,,,,,,,,,,,,,,,,,,,,,,,,,,,,,,,,,,,,,,,,,,2012.0,1988-07-27,,,2023,11
Tyson Bagent,CHI,QB,16384,weighted,22.7679294251565,21.7230716538338,0.0860125213431986,0.0732913022697521,0.169429709732499,0.0838651361937925,1.83047922595333,2.3186194894235,0.0654700843379728,0.126307805822941,0.0910970404097894,0.117748445819974,,,,,,,,,,,,,,,,,,,,,,,,,,,,,,,,,,,,,,,,,,,2023.0,2000-06-08,,,2023,11
Jimmy Garoppolo,LVR,QB,11760,weighted,29.3962,24.7286032324678,0.1327,0.0574623372073492,0.218333333333333,0.25464870266853,0.7996,0.198418640300795,0.0,0.0,0.0,0.0,,,,,,,,,,,,,,,,,,,,,,,,,,,,,,,,,,,,,,,,,,,2014.0,1991-11-02,,,2023,11
Tyler Huntley,BAL,QB,14789,weighted,18.5862605042017,17.6123696772227,0.143494397759104,0.0988193943710756,0.0782142857142857,0.0512021963685658,2.86766806722689,4.54673542797816,0.0298109243697479,0.0464163978363935,0.0334453781512605,0.0436265907651609,,,,,,,,,,,,,,,,,,,,,,,,,,,,,,,,,,,,,,,,,,,2020.0,1998-02-03,,,2023,11
Andy Dalton,CAR,QB,10313,weighted,16.2341420664207,14.6721746440667,0.0755073800738007,0.103814625329973,0.0544464944649447,0.0549328506688924,0.402829028290283,0.51175938727456,0.0030350553505535,0.0056551510964511,0.0,0.0,0.03,0.0,,,,,,,,,,,,,,,,,,,,,,,,,,,,,,,,,,,,,,,,,2011.0,1987-10-29,,,2023,11
Nick Mullens,MIN,QB,13968,weighted,20.0114333333333,12.3389069469483,0.0890333333333333,0.0191840294426367,0.0546333333333333,0.0512036201419589,1.67293333333333,1.15707440614363,0.0,0.0,0.0436666666666667,0.050929740533706,,,,,,,,,,,,,,,,,,,,,,,,,,,,,,,,,,,,,,,,,,,2017.0,1995-03-21,Q,Back,2023,11
Carson Wentz,LAR,QB,12610,weighted,20.5677030812325,10.1364604752236,0.0631162464985994,0.0496989737659093,0.0874299719887955,0.0615330699553995,1.44485294117647,1.70763304887161,0.0046078431372549,0.0097465069307246,0.0030532212885154,0.0045695950449688,,,,,,,,,,,,,,,,,,,,,,,,,,,,,,,,,,,,,,,,,,,2016.0,1992-12-30,,,2023,11
Phillip Walker,CLE,QB,13416,weighted,30.0,,0.0,,0.2,,2.0,,0.0,,0.0,,,,,,,,,,,,,,,,,,,,,,,,,,,,,,,,,,,,,,,,,,,,2017.0,1995-02-26,,,2023,11
Cooper Rush,DAL,QB,13124,weighted,16.1253361344538,6.92304105959921,0.035609243697479,0.0479541468015932,0.0965056022408964,0.0794232037015705,0.209936974789916,0.363910232425078,0.0046078431372549,0.0097465069307246,0.0061064425770308,0.0091391900899376,,,,,,,,,,,,,,,,,,,,,,,,,,,,,,,,,,,,,,,,,,,2017.0,1993-11-21,,,2023,11
Marcus Mariota,PHI,QB,12141,weighted,15.5150521609538,10.3237590053236,0.148733233979136,0.0707106781186548,0.0487332339791356,0.0707106781186548,3.15439642324888,2.54558441227157,0.0,0.0,0.0,0.0,,,,,,,,,,,,,,,,,,,,,,,,,,,,,,,,,,,,,,,,,,,2015.0,1993-10-30,,,2023,11
Clayton Tune,ARI,QB,16160,weighted,21.0,,0.0,,0.5,,7.0,,0.2,,0.2,,,,,,,,,,,,,,,,,,,,,,,,,,,,,,,,,,,,,,,,,,,,2023.0,1999-03-23,,,2023,11
Drew Lock,SEA,QB,14057,weighted,14.0905,5.94741548140747,0.0453666666666667,0.0512036201419589,0.0,0.0,1.327,0.574623372073492,0.0,0.0,0.0,0.0,,,,,,,,,,,,,,,,,,,,,,,,,,,,,,,,,,,,,,,,,,,2019.0,1996-11-10,,,2023,11
Mike White,MIA,QB,13598,weighted,16.1037257824143,5.37401153701776,0.148733233979136,0.0707106781186548,0.146199701937407,0.212132034355964,-0.138599105812221,0.636396103067893,0.0,0.0,0.0,0.0,,,,,,,,,,,,,,,,,,,,,,,,,,,,,,,,,,,,,,,,,,,2018.0,1995-03-25,,,2023,11
Mason Rudolph,PIT,QB,13595,weighted,19.0,0.0,0.0,,0.0,,3.0,0.0,0.0,0.0,0.0,0.0,,,,,,,,,,,,,,,,,,,,,,,,,,,,,,,,,,,,,,,,,,,2018.0,1995-07-17,,,2023,11
Matt Barkley,NYG,QB,11151,weighted,12.3072258916777,6.03162084352125,0.0217305151915456,0.0353553390593274,0.104346103038309,0.0070710678118654,0.0,0.0,0.0043461030383091,0.0070710678118654,0.0071730515191545,0.0035355339059327,,,,,,,,,,,,,,,,,,,,,,,,,,,,,,,,,,,,,,,,,,,2013.0,1990-09-08,,,2023,11
Sam Darnold,SF,QB,13592,weighted,9.58411764705882,4.5252464291302,0.035609243697479,0.0479541468015932,0.0161274509803922,0.0341127742575361,0.110490196078431,0.802918806910399,0.0069117647058823,0.0146197603960869,0.0030532212885154,0.0045695950449688,,,,,,,,,,,,,,,,,,,,,,,,,,,,,,,,,,,,,,,,,,,2018.0,1997-06-05,,,2023,11
Jacoby Brissett,WAS,QB,12616,weighted,9.15463585434174,3.14197334542622,0.0562044817927171,0.0505596069077748,0.0310014005602241,0.0470846716734817,0.591813725490196,0.563354441541183,0.0046078431372549,0.0097465069307246,0.0030532212885154,0.0045695950449688,,,,,,,,,,,,,,,,,,,,,,,,,,,,,,,,,,,,,,,,,,,2016.0,1992-12-11,,,2023,11
Sean Clifford,GB,QB,16313,weighted,9.9334778597786,3.4765195023238,0.0453413284132841,0.0510043621244599,0.0698339483394834,0.0564539851075585,-0.0149907749077491,0.0732918590943801,0.006070110701107,0.0113103021929023,0.0043511685116851,0.0048898817653936,0.04,0.0,,,,,,,,,,,,,,,,,,,,,,,,,,,,,,,,,,,,,,,,,2023.0,1998-07-14,,,2023,11
Teddy Bridgewater,DET,QB,11640,weighted,11.8673626787058,1.24600524106374,0.0752445447705041,0.0299899139503003,0.0524548532731377,0.0427292365867592,0.263515801354402,0.606758327114546,0.0030944319036869,0.0047229257681415,0.0030944319036869,0.0047229257681415,,,,,,,,,,,,,,,,,,,,,,,,,,,,,,,,,,,,,,,,,,,2014.0,1992-11-10,,,2023,11
C.J. Beathard,JAC,QB,13125,weighted,7.93832103321033,4.05908238780046,0.0091051660516605,0.0169654532893535,0.0423062730627306,0.050898364568899,-0.141328413284133,0.451631880860468,0.006070110701107,0.0113103021929023,0.0043511685116851,0.0048898817653936,,,,,,,,,,,,,,,,,,,,,,,,,,,,,,,,,,,,,,,,,,,2017.0,1993-11-16,,,2023,11
Jarrett Stidham,DEN,QB,14063,weighted,9.28166915052161,1.76776695296637,0.1,3.9264915141570104e-17,0.0487332339791356,0.0707106781186548,0.846199701937407,0.212132034355964,0.0,0.0,0.0,0.0,,,,,,,,,,,,,,,,,,,,,,,,,,,,,,,,,,,,,,,,,,,2019.0,1996-08-08,,,2023,11
Blaine Gabbert,KC,QB,10262,weighted,8.9103,0.757346961950057,0.0453666666666667,0.0512036201419589,0.218333333333333,0.25464870266853,-0.1276,0.351865637199059,0.0,0.0,0.0,0.0,,,,,,,,,,,,,,,,,,,,,,,,,,,,,,,,,,,,,,,,,,,2011.0,1989-10-15,,,2023,11
Malik Willis,TEN,QB,15694,weighted,7.35946348733234,2.26274169979695,0.0,0.0,0.0487332339791356,0.0707106781186548,6.38360655737705,4.66690475583121,0.0512667660208644,0.0707106781186548,0.153800298062593,0.212132034355964,,,,,,,,,,,,,,,,,,,,,,,,,,,,,,,,,,,,,,,,,,,2022.0,1999-05-25,,,2023,11
Kyle Allen,BUF,QB,13879,weighted,8.7,,0.1,,0.0,,0.1,,0.0,,0.0,,,,,,,,,,,,,,,,,,,,,,,,,,,,,,,,,,,,,,,,,,,,2018.0,1996-03-08,,,2023,11
Easton Stick,LAC,QB,14069,weighted,1.0,,0.0,,0.0,,0.0,,0.0,,0.0,,,,,,,,,,,,,,,,,,,,,,,,,,,,,,,,,,,,,,,,,,,,2019.0,1995-09-09,,,2023,11
Tim Boyle,NYJ,QB,13873,weighted,5.9,,0.0,,0.1,,0.0,,0.0,,0.0,,,,,,,,,,,,,,,,,,,,,,,,,,,,,,,,,,,,,,,,,,,,2018.0,1970-01-01,,,2023,11
Josh Jacobs,LVR,RB,14073,weighted,,,,,,,72.7905329536208,7.77722774936329,0.415724165988609,0.197054733601389,0.0912937347436941,0.0138941671211942,,,,,2.74841741253051,0.286010009072954,21.3247681041497,2.88085206133029,0.0553580146460537,0.0500251714951948,,,,,,,,,,,,,,,,,,,,,,,,,,,,,,,,,2019.0,1998-02-11,,,2023,11
Saquon Barkley,NYG,RB,13604,weighted,,,,,,,72.6568714401953,7.92232130720861,0.294564686737185,0.140014129396536,0.0912937347436941,0.0138941671211942,,,,,3.35960130187144,0.4244959661848,22.0119243287225,3.42164795312687,0.105907241659886,0.0572976011316392,,,,,,,,,,,,,,,,,,,,,,,,,,,,,,,,,2018.0,1997-02-09,,,2023,11
Christian McCaffrey,SF,RB,13130,weighted,,,,,,,68.9120423108218,8.03163837521868,0.687233523189585,0.157697726267663,0.112978030919447,0.0409730243948004,,,,,5.01610659072417,0.991422576310771,42.2154434499593,4.92877883077418,0.285244100895037,0.131920484214212,,,,,,,,,,,,,,,,,,,,,,,,,,,,,,,,,2017.0,1996-06-07,,,2023,11
Devin Singletary,HOU,RB,14080,weighted,,,,,,,72.3026851098454,5.93663453583131,0.510874694873881,0.229346144147944,0.0870219690805533,0.0409730243948004,,,,,1.66563873067535,0.416533409890671,10.9919039869813,2.59204642619894,0.0592310821806347,0.0555952817790495,,,,,,,,,,,,,,,,,,,,,,,,,,,,,,,,,2019.0,1997-09-03,,,2023,11
Derrick Henry,TEN,RB,12626,weighted,,,,,,,69.7045402766477,5.43972404251656,0.361550040683482,0.177717207790958,0.0891171684296176,0.0173677089014928,0.03,0.0,,,1.978360455655,0.177580837013762,17.6259845402766,2.16235121406222,0.0487510170870626,0.0469971594611296,,,,,,,,,,,,,,,,,,,,,,,,,,,,,,,,,2016.0,1994-01-04,,,2023,11
Breece Hall,NYJ,RB,15708,weighted,,,,,,,66.2794426362897,5.97667293413566,0.315504475183076,0.152395468498997,0.0590520748576078,0.0347939169726128,,,,,3.03608624898291,0.177165408232898,27.431948738812,2.83720730460094,0.1073311635476,0.0609560365627632,,,,,,,,,,,,,,,,,,,,,,,,,,,,,,,,,2022.0,2001-05-31,,,2023,11
Kenneth Walker III,SEA,RB,15711,weighted,,,,,,,66.3887469487388,4.04263099323885,0.573478437754272,0.194799484837675,0.0278173311635476,0.0336919186211286,,,,,2.05668429617575,0.465896781374333,16.5357526444264,2.48086795691832,0.0853620829943043,0.0389136966625805,,,,,,,,,,,,,,,,,,,,,,,,,,,,,,,,,2022.0,2000-10-20,,,2023,11
Brian Robinson,WAS,RB,15716,weighted,,,,,,,67.2659926769731,5.49313201203955,0.38580146460537,0.174847963208138,0.0891171684296176,0.0173677089014928,0.03,0.0,,,2.5853458096013,0.83448502403553,22.7645402766477,3.54353620467119,0.130585842148088,0.092903151303949,,,,,,,,,,,,,,,,,,,,,,,,,,,,,,,,,2022.0,1999-03-22,,,2023,11
Travis Etienne,JAC,RB,15253,weighted,,,,,,,67.7226037428804,5.14318514684803,0.434633848657445,0.21481289363391,0.104353132628153,0.0069470835605971,0.1,0.0,,,3.38486981285598,0.780947562094732,28.6438649308381,2.74307811142265,0.0932221318144833,0.0413643232393852,,,,,,,,,,,,,,,,,,,,,,,,,,,,,,,,,2021.0,1999-01-26,,,2023,11
Jerome Ford,CLE,RB,15713,weighted,,,,,,,65.5992270138324,4.11736754791815,0.24966639544345,0.114739129237633,0.0804922701383238,0.0358382390212158,0.01,0.0,0.01,0.0,2.2603458096013,0.400017868636976,16.3351545972335,2.03135206110711,0.10733523189585,0.0703742215107585,,,,,,,,,,,,,,,,,,,,,,,,,,,,,,,,,2022.0,1999-09-12,,,2023,11
Tony Pollard,DAL,RB,14085,weighted,,,,,,,62.4010414971522,6.79580369893248,0.329568755085435,0.1730107035352,0.0869406021155411,0.0208412506817913,0.04,0.0,,,2.70708706265256,0.518417626015736,20.8556143205858,2.62893374352564,0.0752115541090317,0.0513349230444365,,,,,,,,,,,,,,,,,,,,,,,,,,,,,,,,,2019.0,1997-04-30,,,2023,11
Javonte Williams,DEN,RB,15256,weighted,,,,,,,64.8796623270952,4.89917598485232,0.287583401139137,0.13224005384417,0.0739625711960944,0.0332738469254355,,,,,2.70124084621644,0.368384087011724,16.9020707892596,3.5280710048669,0.131114727420667,0.0702616360196946,,,,,,,,,,,,,,,,,,,,,,,,,,,,,,,,,2021.0,2000-04-25,,,2023,11
D'Andre Swift,PHI,RB,14797,weighted,,,,,,,64.8349959316517,3.63350735363299,0.336899918633035,0.160471663091453,0.1,0.0,0.03,0.0,,,3.09465825874695,0.119224454233713,21.5728152969894,2.95629300872383,0.090573637103336,0.0392092686424249,,,,,,,,,,,,,,,,,,,,,,,,,,,,,,,,,2020.0,1999-01-14,,,2023,11
Joe Mixon,CIN,RB,13131,weighted,,,,,,,58.5322294548413,6.58357952948362,0.337620016273393,0.172429063000527,0.0278173311635476,0.0336919186211286,,,,,3.00678600488202,0.252962207489242,20.1486167615948,1.57303089098736,0.0719161920260374,0.0489837217015233,,,,,,,,,,,,,,,,,,,,,,,,,,,,,,,,,2017.0,1996-07-24,,,2023,11
James Cook,BUF,RB,15715,weighted,,,,,,,59.6811025223759,7.68748309797478,0.237742066720911,0.145863029934443,0.0912937347436941,0.0138941671211942,0.01,0.0,,,2.19652563059398,0.449490478641211,17.1109235150529,3.67561920102933,0.0826851098454028,0.0367659223593805,,,,,,,,,,,,,,,,,,,,,,,,,,,,,,,,,2022.0,1999-09-25,,,2023,11
Aaron Jones,GB,RB,13319,weighted,,,,,,,57.9155492270138,7.29346263328314,0.270406834825061,0.130975095305661,0.0847640358014646,0.0243147924620899,,,,,3.36617168429618,0.359817729364935,27.2714320585842,4.07206627182107,0.128437754271766,0.0693552514808943,,,,,,,,,,,,,,,,,,,,,,,,,,,,,,,,,2017.0,1994-12-02,,,2023,11
James Conner,ARI,RB,13146,weighted,,,,,,,65.2677217249797,2.14074923410559,0.316716842961758,0.147873552589143,0.0546989422294548,0.0367557619928805,,,,,2.11655817737998,0.18068244662713,14.2565825874695,1.88867528579343,0.0705777054515867,0.0491828179240894,,,,,,,,,,,,,,,,,,,,,,,,,,,,,,,,,2017.0,1995-05-05,,,2023,11
Austin Ekeler,LAC,RB,13404,weighted,,,,,,,61.7639951179821,6.8588395831724,0.660626525630594,0.171627039003546,0.109316517493897,0.0461379729788247,,,,,4.69661513425549,0.254083404391306,39.7142432872254,3.15837610070383,0.173116354759967,0.0768629027558221,,,,,,,,,,,,,,,,,,,,,,,,,,,,,,,,,,,,,2023,11
Jahmyr Gibbs,DET,RB,16162,weighted,,,,,,,49.9624694873881,12.8395007896209,0.381903986981286,0.249126153173923,0.0245524816924329,0.0344062943675801,,,,,3.52196094385679,0.633381296535094,28.3234458909683,3.46752248324034,0.110431244914565,0.0876189489625675,,,,,,,,,,,,,,,,,,,,,,,,,,,,,,,,,2023.0,2002-03-20,,,2023,11
David Montgomery,DET,RB,14071,weighted,,,,,,,57.6625020341741,6.39519540385952,0.630964198535395,0.209545449603166,0.119507729861676,0.0358382390212158,,,,,1.44841334418226,0.402659714637436,12.9742514239219,3.25368460463073,0.0711960943856794,0.0511704548239104,,,,,,,,,,,,,,,,,,,,,,,,,,,,,,,,,2019.0,1997-06-07,,,2023,11
Raheem Mostert,MIA,RB,12447,weighted,,,,,,,56.6927176566314,4.93636826666479,0.488063466232709,0.273865090475014,0.1,0.0,,,,,1.97724572823434,0.170236773407853,15.110130187144,2.56154173028401,0.117815296989422,0.0681504065120833,,,,,,,,,,,,,,,,,,,,,,,,,,,,,,,,,,,,,2023,11
Isiah Pacheco,KC,RB,15749,weighted,,,,,,,58.9090724165989,5.36593778723281,0.355691619202604,0.166608219477573,0.095646867371847,0.0069470835605971,,,,,2.49974369406021,0.37100052064332,17.8625630593979,2.10513540903299,0.0852766476810415,0.0364227934590719,,,,,,,,,,,,,,,,,,,,,,,,,,,,,,,,,2022.0,1999-03-02,,,2023,11
Devon Achane,MIA,RB,16167,weighted,,,,,,,52.5930390561432,7.20496925605805,0.437152156224573,0.191029080450943,0.122375915378356,0.0353042296500171,,,,,2.1440276647681,0.48937031189415,16.5627013832384,4.13322070697566,0.0965093572009764,0.0623433735006921,,,,,,,,,,,,,,,,,,,,,,,,,,,,,,,,,2023.0,2001-10-13,Q,Knee,2023,11
Rachaad White,TB,RB,15721,weighted,,,,,,,52.3273799837266,8.45746432493908,0.263746948738812,0.12703053181173,0.0891171684296176,0.0173677089014928,,,,,4.06831570382425,0.503792718937797,31.6341903986981,6.23634701561418,0.118071602929211,0.0696496231512749,,,,,,,,,,,,,,,,,,,,,,,,,,,,,,,,,2022.0,1999-01-12,,,2023,11
Najee Harris,PIT,RB,15254,weighted,,,,,,,55.2560943856794,5.47501768863885,0.248641171684296,0.122934108481235,0.0546989422294548,0.0367557619928805,,,,,2.11214401952807,0.384650260992297,14.1679617575264,1.8641042604645,0.0640561432058584,0.0446649127705513,,,,,,,,,,,,,,,,,,,,,,,,,,,,,,,,,2021.0,1998-03-09,,,2023,11
Chuba Hubbard,CAR,RB,15261,weighted,,,,,,,53.3347192839707,3.97287970363709,0.217005695687551,0.126081063424741,0.0652563059397884,0.0347660087341563,,,,,1.98208706265256,0.156068683460086,14.6992514239219,1.1775117055386,0.0474125305126119,0.0464306105558924,,,,,,,,,,,,,,,,,,,,,,,,,,,,,,,,,2021.0,1999-06-11,,,2023,11
DOnta Foreman,CHI,RB,13134,weighted,,,,,,,45.5147843775427,12.0438522670458,0.253966639544345,0.177445211315433,0.0282139951179821,0.0331109352063695,0.03,0.0,,,0.77340113913751,0.356212391746859,6.58305532953621,2.36485360742511,0.0601261187957689,0.0463892055065544,,,,,,,,,,,,,,,,,,,,,,,,,,,,,,,,,2017.0,1996-04-24,Q,Ankle,2023,11
Gus Edwards,BAL,RB,13850,weighted,,,,,,,51.846606997559,4.75142996719179,0.570235964198535,0.262979259973447,0.051586655817738,0.0382342891352277,,,,,0.795744507729862,0.172964450354539,7.51270545158665,1.85829275401524,0.0119324654190399,0.0216712234827547,,,,,,,,,,,,,,,,,,,,,,,,,,,,,,,,,2018.0,1995-04-13,,,2023,11
Ty Chandler,MIN,RB,15723,weighted,,,,,,,39.7164849471115,11.7377919880956,0.203995117982099,0.118651591515435,0.0366761594792514,0.0359833551207534,0.01,0.0,,,1.58760781122864,0.788021820600364,10.1707607811229,4.57294562895291,0.0474410089503661,0.0470979116378305,,,,,,,,,,,,,,,,,,,,,,,,,,,,,,,,,2022.0,1998-05-12,,,2023,11
Darrell Henderson,LAR,RB,14087,weighted,,,,,,,50.9455370219691,5.71260726528735,0.47333197721725,0.254545371355643,0.0278173311635476,0.0336919186211286,,,,,1.95912530512612,0.63881613323155,15.3287998372661,4.6510919702669,0.0666761594792514,0.044981473899429,,,,,,,,,,,,,,,,,,,,,,,,,,,,,,,,,2019.0,1970-01-01,,,2023,11
Jaylen Warren,PIT,RB,15742,weighted,,,,,,,45.1273637103336,5.99405212515393,0.21706672091131,0.115990888900563,0.0,0.0,,,,,2.83469080553295,0.199233697512454,20.308425549227,2.77692447585502,0.0660943856794142,0.0674552309482917,,,,,,,,,,,,,,,,,,,,,,,,,,,,,,,,,2022.0,1998-11-01,,,2023,11
Khalil Herbert,CHI,RB,15271,weighted,,,,,,,40.1322457282343,10.2888352720299,0.159125305126119,0.0921375727469615,0.0549430431244915,0.0357466942391345,,,,,1.48244914564687,0.429125460353511,12.349869812856,4.34972332800687,0.0693572009764036,0.043021480436377,,,,,,,,,,,,,,,,,,,,,,,,,,,,,,,,,2021.0,1970-01-01,,,2023,11
Alexander Mattison,MIN,RB,14223,weighted,,,,,,,34.5583197721725,15.5576650764354,0.127839707078926,0.0912258618630928,0.048413344182262,0.0382342891352277,,,,,1.35128966639544,0.846943693044434,9.35930431244915,5.57376153275137,0.0786167615947925,0.0881695311150959,,,,,,,,,,,,,,,,,,,,,,,,,,,,,,,,,2019.0,,Q,Concussion,2023,11
Royce Freeman,FA,RB,13617,weighted,,,,,,,44.3651668022783,6.99832989721631,0.254190398698129,0.151114949508073,0.0366761594792514,0.0359833551207534,,,,,0.782473555736371,0.480003493469323,5.2103213995118,3.2114448980722,0.0131570382424736,0.0289849455439408,,,,,,,,,,,,,,,,,,,,,,,,,,,,,,,,,2018.0,1996-02-24,,,2023,11
Royce Freeman,LAR,RB,13617,weighted,,,,,,,44.3651668022783,6.99832989721631,0.254190398698129,0.151114949508073,0.0366761594792514,0.0359833551207534,,,,,0.782473555736371,0.480003493469323,5.2103213995118,3.2114448980722,0.0131570382424736,0.0289849455439408,,,,,,,,,,,,,,,,,,,,,,,,,,,,,,,,,2018.0,1996-02-24,,,2023,11
AJ Dillon,GB,RB,14805,weighted,,,,,,,39.6839218877136,5.78194936180327,0.191021155410903,0.106481345095871,0.0,0.0,,,,,1.56628152969894,0.321140975421916,13.0189137510171,0.868779413446745,0.0359804719283971,0.0455452787465221,,,,,,,,,,,,,,,,,,,,,,,,,,,,,,,,,2020.0,1998-05-02,,,2023,11
Kareem Hunt,CLE,RB,13138,weighted,,,,,,,42.4985150528885,3.50441183226809,0.297628152969894,0.169818724486291,0.0278173311635476,0.0336919186211286,0.03,0.0,,,1.06074450772986,0.152712000601278,8.27939788445891,1.06883627012752,0.0421155410903173,0.0463919640740517,,,,,,,,,,,,,,,,,,,,,,,,,,,,,,,,,2017.0,1995-08-06,,,2023,11
Keaton Mitchell,BAL,RB,16178,weighted,,,,,,,30.0944060211554,8.80173209171545,0.20833197721725,0.102025018814504,0.048413344182262,0.0382342891352277,,,,,0.997379983726607,0.137089808101349,9.44282750203417,2.32577135106717,0.0245890968266884,0.0377395122076081,,,,,,,,,,,,,,,,,,,,,,,,,,,,,,,,,2023.0,2002-01-17,,,2023,11
Latavius Murray,BUF,RB,11390,weighted,,,,,,,29.5976200162734,4.10198582050825,0.190606183889341,0.0903401081502425,0.0,0.0,,,,,1.13455655004068,0.309117731621887,7.67288039056143,2.27784027849537,0.0092554922701383,0.01690085684693,,,,,,,,,,,,,,,,,,,,,,,,,,,,,,,,,2013.0,1990-01-18,,,2023,11
Leonard Fournette,BUF,RB,13129,weighted,,,,,,,19.8674884437596,21.5667568261897,0.115654853620955,0.120208152801713,0.0751926040061633,0.0353553390593274,,,,,1.22027734976888,0.96873629022557,8.73587057010786,7.50240294838927,0.0099229583975346,0.014142135623731,,,,,,,,,,,,,,,,,,,,,,,,,,,,,,,,,2017.0,1996-07-06,,,2023,11
Joshua Kelley,LAC,RB,14807,weighted,,,,,,,24.8491700569569,5.14671904708434,0.119768104149715,0.066399018374079,0.0065296989422294,0.0104206253408957,,,,,0.672318958502848,0.244775402906969,4.04427990235964,1.18261799486364,0.0026484947111472,0.0047702920079274,,,,,,,,,,,,,,,,,,,,,,,,,,,,,,,,,2020.0,1970-01-01,,,2023,11
Rico Dowdle,DAL,RB,14823,weighted,,,,,,,28.3199633848657,3.51135107347546,0.139210740439382,0.0736150700394491,0.0021765663140764,0.0034735417802985,,,,,0.650777054515867,0.358931492564627,4.4606997558991,2.35490294465031,0.0365256305939788,0.0455695019943762,,,,,,,,,,,,,,,,,,,,,,,,,,,,,,,,,2020.0,1998-06-14,Q,Ankle,2023,11
Miles Sanders,CAR,RB,14079,weighted,,,,,,,23.3064524003255,5.64036591781864,0.0972945484133442,0.0483488231990763,0.0549430431244915,0.0357466942391345,0.03,0.0,,,1.79405207485761,0.271314966606441,11.7918551668023,1.15599739787678,0.0105939788445891,0.0190811680317097,,,,,,,,,,,,,,,,,,,,,,,,,,,,,,,,,2019.0,1970-01-01,,,2023,11
Justice Hill,BAL,RB,14086,weighted,,,,,,,20.7983157038242,9.88244465619929,0.124877949552482,0.0859812562746188,0.052766476810415,0.0362634812115056,,,,,0.950858421480879,0.290027347841553,6.2899755899105,2.27186947158563,0.0066354759967453,0.0122708172457654,,,,,,,,,,,,,,,,,,,,,,,,,,,,,,,,,2019.0,1997-11-14,,,2023,11
Zach Charbonnet,SEA,RB,16169,weighted,,,,,,,27.3963100081367,2.35608598996341,0.121281529698942,0.095522248265652,0.0065296989422294,0.0104206253408957,,,,,1.73278275020342,0.206834200576403,12.2522213181448,2.70688051210532,0.0447070789259561,0.0468308085150505,,,,,,,,,,,,,,,,,,,,,,,,,,,,,,,,,2023.0,2001-01-08,,,2023,11
Dalvin Cook,NYJ,RB,13128,weighted,,,,,,,20.5806590724166,6.13242581131602,0.0866151342554923,0.0368096064168303,0.0829129373474369,0.0171178615777433,,,,,1.42392188771359,0.44848032205372,8.21982099267697,2.22624154885108,0.006606997558991,0.0122208646138083,,,,,,,,,,,,,,,,,,,,,,,,,,,,,,,,,2017.0,1995-08-10,,,2023,11
Antonio Gibson,WAS,RB,14852,weighted,,,,,,,30.0,0.0,0.1,0.0,0.0,0.0,,,,,2.2,0.0,20.0,0.0,0.2,0.0,,,,,,,,,,,,,,,,,,,,,,,,,,,,,,,,,2020.0,1970-01-01,D,Toe,2023,11
Elijah Mitchell,SF,RB,15263,weighted,,,,,,,22.5627379983727,3.78519560209219,0.119833197721725,0.0672353915653586,0.0,0.0,,,,,0.614658258746949,0.317514617017361,4.17856794141578,1.30221504366274,0.006606997558991,0.0122208646138083,,,,,,,,,,,,,,,,,,,,,,,,,,,,,,,,,2021.0,1970-01-01,,,2023,11
Mike Boone,HOU,RB,13868,weighted,,,,,,,15.4853661513426,8.17987270260647,0.0664076484947111,0.0943626657784387,0.0,0.0,,,,,0.779410089503662,0.244937998492133,5.13886086248983,1.75799683064507,0.0092839707078925,0.0169514529087727,,,,,,,,,,,,,,,,,,,,,,,,,,,,,,,,,2018.0,1970-01-01,,,2023,11
Jaleel McLaughlin,DEN,RB,16390,weighted,,,,,,,23.565260374288,2.7368765977156,0.0999145646867372,0.0496853945087157,0.0043531326281529,0.0069470835605971,,,,,1.46388527257933,0.339633044038697,8.95542717656631,1.97826026035556,0.0404841334418226,0.0465399554967357,,,,,,,,,,,,,,,,,,,,,,,,,,,,,,,,,2023.0,2000-09-13,,,2023,11
Roschon Johnson,CHI,RB,16175,weighted,,,,,,,13.8362489829129,5.82585377997084,0.0773026851098454,0.0692702426563148,0.0021765663140764,0.0034735417802985,,,,,1.39415785191212,0.698695738959818,10.2590927583401,5.64761236723672,0.0319365337672905,0.0429362818220546,,,,,,,,,,,,,,,,,,,,,,,,,,,,,,,,,2023.0,2001-01-31,,,2023,11
Tyjae Spears,TEN,RB,16165,weighted,,,,,,,23.4102522375915,2.45991608738963,0.0972375915378356,0.0456540154185725,0.0043531326281529,0.0069470835605971,,,,,2.80985760781123,0.169329681859548,21.5243287225386,3.54923093615804,0.0513710333604557,0.0476403311246315,,,,,,,,,,,,,,,,,,,,,,,,,,,,,,,,,2023.0,2001-06-15,,,2023,11
Pierre Strong Jr.,CLE,RB,15733,weighted,,,,,,,11.9137662337662,8.64636859075066,0.0569455850452721,0.0480442188054685,0.0022087542087542,0.003830429063533,,,,,0.226875901875902,0.0861081797461108,2.30008978675645,1.38603050815246,0.0038081855770823,0.0048684130845612,,,,,,,,,,,,,,,,,,,,,,,,,,,,,,,,,2022.0,1998-12-10,,,2023,11
Jeffery Wilson,MIA,RB,14017,weighted,,,,,,,13.3880711880712,6.9337841505982,0.0874410774410774,0.0485503002541565,0.0088350168350168,0.0153217162541323,,,,,0.856108706108706,0.45813932272811,6.04310245310245,3.80988443471179,0.0093939393939393,0.0152584147067211,,,,,,,,,,,,,,,,,,,,,,,,,,,,,,,,,2018.0,1970-01-01,,,2023,11
Chris Rodriguez,WAS,RB,16174,weighted,,,,,,,18.5815825874695,3.25261084452856,0.0786371033360456,0.0523629098991708,0.0043531326281529,0.0069470835605971,,,,,0.897872253864931,0.576344521740925,6.75024003254678,4.77707469384105,0.009227013832384,0.0185965541891426,,,,,,,,,,,,,,,,,,,,,,,,,,,,,,,,,2023.0,1999-09-26,,,2023,11
Kenneth Gainwell,PHI,RB,15255,weighted,,,,,,,19.3100528885273,2.21065782157889,0.13786818551668,0.0914751830429621,0.048413344182262,0.0382342891352277,0.03,0.0,,,1.5000244100895,0.326338880407694,10.1575508543531,0.839024975773258,0.0159194467046379,0.0292077684418671,,,,,,,,,,,,,,,,,,,,,,,,,,,,,,,,,2021.0,1999-03-14,,,2023,11
Jordan Mason,SF,RB,15972,weighted,,,,,,,10.8439248719408,6.06207345267306,0.0797836261482322,0.0749074963807653,0.0022470119521912,0.004252808782124,,,,,0.114875355719977,0.0949131814749766,1.40183722253842,0.964009545852966,0.0020555140263687,0.0042900547092386,,,,,,,,,,,,,,,,,,,,,,,,,,,,,,,,,2022.0,1999-05-24,,,2023,11
Samaje Perine,DEN,RB,13133,weighted,,,,,,,10.7145524816924,4.53490827830834,0.0513140764849471,0.0491077199718997,0.0707892595606184,0.0656456404073977,,,,,1.98392595606184,0.117187172156286,16.8683848657445,1.79636064246363,0.0720016273393003,0.0470986589425967,,,,,,,,,,,,,,,,,,,,,,,,,,,,,,,,,2017.0,1995-09-16,,,2023,11
Craig Reynolds,DET,RB,14727,weighted,,,,,,,14.4176663128096,4.47966884741926,0.102809758780385,0.0059038939257471,0.0087314225053078,0.0140069452105897,,,,,0.572735314932767,0.255462181080618,4.88957006369427,2.83573789721914,0.0116431816513016,0.0186757757632917,,,,,,,,,,,,,,,,,,,,,,,,,,,,,,,,,2019.0,1996-06-15,,,2023,11
Chase Edmonds,TB,RB,13726,weighted,,,,,,,14.7262658525129,2.61210110736899,0.0576326914044152,0.0469003206921539,0.0,0.0,,,,,1.10669328323156,0.290986582481507,7.68889149835604,1.80899847494798,0.009173320807891,0.0151585425107454,,,,,,,,,,,,,,,,,,,,,,,,,,,,,,,,,2018.0,1996-04-13,,,2023,11
Keaontay Ingram,ARI,RB,15734,weighted,,,,,,,12.7020291216534,3.0617382816887,0.0678722404884923,0.0423625177054322,0.0022038515735086,0.003785307328726,,,,,0.661949271958666,0.196898293718372,3.93998121183654,1.39808881640066,0.0060826679192109,0.0117389277425205,,,,,,,,,,,,,,,,,,,,,,,,,,,,,,,,,2022.0,1999-10-26,,,2023,11
Boston Scott,PHI,RB,13814,weighted,,,,,,,7.95973819009676,6.34733193280462,0.06429140580535,0.0835584972943189,0.0022470119521912,0.004252808782124,,,,,0.306539556061468,0.198173711848785,2.37290836653386,0.635619735234296,0.005617529880478,0.0131047540892564,,,,,,,,,,,,,,,,,,,,,,,,,,,,,,,,,2018.0,1995-04-27,,,2023,11
Tank Bigsby,JAC,RB,16164,weighted,,,,,,,12.6877420667209,3.02676921148744,0.0937835638730675,0.0725544298576576,0.0996948738812042,0.0949611273079595,,,,,0.4273311635476,0.293318042296727,2.76709113100081,1.46368122068123,0.0026484947111472,0.0047702920079274,,,,,,,,,,,,,,,,,,,,,,,,,,,,,,,,,2023.0,2002-08-30,,,2023,11
Emanuel Wilson,GB,RB,16432,weighted,,,,,,,11.2030714791224,6.92879391765248,0.0582307147912243,0.0633090566214974,0.0058209483368719,0.0093379634737264,,,,,0.448009554140127,0.131855067257813,2.63360757254069,0.747187010419542,0.0054898714758779,0.0094026552068184,,,,,,,,,,,,,,,,,,,,,,,,,,,,,,,,,2023.0,1999-05-08,,,2023,11
Tony Jones,ARI,RB,14828,weighted,,,,,,,8.73876955903272,4.8421242893591,0.0512873399715505,0.0584597607155835,0.0031033665244191,0.0046761924875611,,,,,0.633335704125178,0.233918401388232,4.38162873399715,2.15061442201489,0.0115504978662873,0.0149302520398322,,,,,,,,,,,,,,,,,,,,,,,,,,,,,,,,,2020.0,,,,2023,11
Matt Breida,NYG,RB,13378,weighted,,,,,,,12.3170951993491,3.21755811488216,0.0532831570382425,0.0468823877128104,0.0,0.0,,,,,0.891472742066721,0.239180419417141,6.05978030919447,1.180800364736,0.0039585028478437,0.0076532002024928,,,,,,,,,,,,,,,,,,,,,,,,,,,,,,,,,2017.0,1995-02-28,,,2023,11
Clyde Edwards-Helaire,KC,RB,14803,weighted,,,,,,,10.6114138576779,2.18463543346018,0.0783380149812734,0.0743318447657048,0.0044063670411985,0.0075577691702936,,,,,0.548988764044944,0.321900844840846,3.39585205992509,1.7849699220136,0.0030805243445692,0.0079170375996617,,,,,,,,,,,,,,,,,,,,,,,,,,,,,,,,,2020.0,1970-01-01,,,2023,11
Jerick McKinnon,KC,RB,11761,weighted,,,,,,,8.02109031733116,2.77888283441133,0.033246541903987,0.0444227756778399,0.0,0.0,,,,,2.218327908869,0.530112559488016,18.2391375101709,2.85770437880258,0.128441822620016,0.0941254217184927,,,,,,,,,,,,,,,,,,,,,,,,,,,,,,,,,2014.0,1992-05-03,,,2023,11
Zamir White,LVR,RB,15714,weighted,,,,,,,9.23085435313263,3.01205724222273,0.0446216436126932,0.0463155391738605,0.160292921074044,0.201561602701023,,,,,0.316639544344996,0.332565364050639,2.5120179007323,2.11130459079279,0.003986981285598,0.0077010082275894,,,,,,,,,,,,,,,,,,,,,,,,,,,,,,,,,2022.0,1999-09-18,,,2023,11
Kene Nwangwu,MIN,RB,15414,weighted,,,,,,,6.1480288184438,4.19391839433308,0.0224322766570605,0.0352023467321524,0.0,0.0,,,,,0.3876265129683,0.11292873784049,2.27141902017291,0.875566002240482,0.0067040126044863,0.0082746887303974,,,,,,,,,,,,,,,,,,,,,,,,,,,,,,,,,2021.0,1998-02-09,,,2023,11
Israel Abanikanda,NYJ,RB,16168,weighted,,,,,,,9.50643911439114,2.64066109929914,0.0637638376383764,0.0525445053213152,0.0332011070110701,0.0542402802635586,,,,,0.6,0.0,3.48469557195572,1.20929374717612,0.006070110701107,0.0113103021929023,,,,,,,,,,,,,,,,,,,,,,,,,,,,,,,,,2023.0,2002-10-05,,,2023,11
Dare Ogunbowale,HOU,RB,13148,weighted,,,,,,,7.03749299719888,3.55154540727462,0.0585084033613445,0.0497997459789236,0.0286589635854342,0.0464740323983792,,,,,0.694173669467787,0.70492473036253,4.35179971988796,3.1598368465409,0.0046078431372549,0.0097465069307246,,,,,,,,,,,,,,,,,,,,,,,,,,,,,,,,,2017.0,1994-05-04,,,2023,11
D'Ernest Johnson,JAC,RB,14331,weighted,,,,,,,8.65852449567723,3.46010520993193,0.0527492795389049,0.0484345661648647,0.0,0.0,,,,,0.642276657060519,0.20299783787703,4.11723919308357,1.03206191585847,0.0075043227665706,0.010845120855691,,,,,,,,,,,,,,,,,,,,,,,,,,,,,,,,,2019.0,,,,2023,11
Salvon Ahmed,MIA,RB,14811,weighted,,,,,,,5.31474667308001,2.83766988063625,0.0513293578210298,0.0444781822486222,0.0,0.0,,,,,0.69874859708193,0.571465824050124,4.28307679974347,2.86054190680714,0.0073777472922772,0.0115477814060709,,,,,,,,,,,,,,,,,,,,,,,,,,,,,,,,,2020.0,1998-12-29,,,2023,11
Deuce Vaughn,DAL,RB,16176,weighted,,,,,,,5.80159317211949,3.01027711528006,0.0186201991465149,0.0280571549253666,0.0029125177809388,0.0046811831419188,,,,,0.570661450924609,0.319484890027768,3.46108108108108,1.87087015616971,0.0092603129445234,0.0115458974492469,,,,,,,,,,,,,,,,,,,,,,,,,,,,,,,,,2023.0,2001-11-02,,,2023,11
Zach Evans,LAR,RB,16163,weighted,,,,,,,6.1609243697479,2.06100392366159,0.0402170868347339,0.0507170866576469,0.0023039215686274,0.0048732534653623,,,,,0.187570028011205,0.114147560070052,1.46337535014006,0.825438172175704,0.0046078431372549,0.0097465069307246,,,,,,,,,,,,,,,,,,,,,,,,,,,,,,,,,2023.0,2001-05-30,,,2023,11
Trayveon Williams,CIN,RB,14076,weighted,,,,,,,7.58781556195965,1.06377484042936,0.0169048991354467,0.0246702711240589,0.0056685878962536,0.0081608694488973,,,,,0.650328530259366,0.292305265296316,3.99078962536023,1.56205160644609,0.0037521613832853,0.0054225604278454,,,,,,,,,,,,,,,,,,,,,,,,,,,,,,,,,2019.0,1970-01-01,,,2023,11
Raheem Blackshear,CAR,RB,15973,weighted,,,,,,,7.13789714285714,1.52228013964938,0.08516,0.0226465513810459,0.002248,0.0042616298292028,,,0.01,0.0,0.632434285714286,0.180330544386225,5.19397142857143,1.93272312481895,0.00936,0.0170417539810167,,,,,,,,,,,,,,,,,,,,,,,,,,,,,,,,,2022.0,1998-06-05,,,2023,11
Jashaun Corbin,NYG,RB,15729,weighted,,,,,,,4.95451343836886,2.78629503881437,0.0182298424467099,0.0263817263616386,0.0040438677788075,0.0051400865915581,,,,,0.498220574606117,0.267078828276046,3.90545875810936,2.46046176956281,0.0090824837812789,0.0102432286027021,,,,,,,,,,,,,,,,,,,,,,,,,,,,,,,,,2022.0,2000-08-20,,,2023,11
Ke'Shawn Vaughn,TB,RB,14810,weighted,,,,,,,5.28529311520109,2.40215530102964,0.0490138224102559,0.0443855397564067,0.0,0.0,,,,,0.335974778459441,0.144276080457575,2.06237218813906,0.824195234521912,0.0046134595811039,0.0050242317475138,,,,,,,,,,,,,,,,,,,,,,,,,,,,,,,,,2020.0,1970-01-01,,,2023,11
Brandon Bolden,LVR,RB,10932,weighted,,,,,,,4.63298138747885,2.08187897150507,0.0094842388920223,0.0100394425587898,0.0044534686971235,0.0050910107458961,0.05,8.49839224035348e-18,,,0.404453468697123,0.0535258478656493,2.20689001692047,1.25757122906796,0.0040072759644107,0.0052927531872166,,,,,,,,,,,,,,,,,,,,,,,,,,,,,,,,,2012.0,1990-01-26,,,2023,11
Godwin Igwebuike,FA,RB,14011,weighted,,,,,,,3.2494,2.70778479084004,0.0453666666666667,0.0512036201419589,0.0,0.0,,,,,0.22303,0.0402864618295371,1.36103,0.315096610091708,0.00329,0.005755208832791,,,,,,,,,,,,,,,,,,,,,,,,,,,,,,,,,2018.0,1970-01-01,,,2023,11
Godwin Igwebuike,PIT,RB,14011,weighted,,,,,,,3.2494,2.70778479084004,0.0453666666666667,0.0512036201419589,0.0,0.0,,,,,0.22303,0.0402864618295371,1.36103,0.315096610091708,0.00329,0.005755208832791,,,,,,,,,,,,,,,,,,,,,,,,,,,,,,,,,2018.0,1970-01-01,,,2023,11
Elijah Dotson,LAC,RB,16409,weighted,,,,,,,5.56393442622951,0.777817459305202,0.0512667660208644,0.0707106781186548,0.0,0.0,,,,,0.343666169895678,0.353553390593274,1.87213114754098,1.5556349186104,0.0,0.0,,,,,,,,,,,,,,,,,,,,,,,,,,,,,,,,,2023.0,1999-01-19,,,2023,11
Chris Evans,CIN,RB,15275,weighted,,,,,,,3.61796125461255,2.0234156012422,0.0091051660516605,0.0169654532893535,0.0030350553505535,0.0056551510964511,,,,,0.375876383763838,0.141378777411279,2.23662361623616,0.88705069578326,0.006070110701107,0.0113103021929023,,,,,,,,,,,,,,,,,,,,,,,,,,,,,,,,,2021.0,1970-01-01,,,2023,11
Ty Johnson,BUF,RB,14095,weighted,,,,,,,4.19451219512195,2.54558441227157,0.010030487804878,0.014142135623731,0.0,0.0,,,,,0.554862804878049,0.0636396103067893,3.41823170731707,0.820243866176395,0.005015243902439,0.0070710678118654,,,,,,,,,,,,,,,,,,,,,,,,,,,,,,,,,2019.0,1997-09-17,,,2023,11
DeeJay Dallas,SEA,RB,14815,weighted,,,,,,,3.27893062605753,2.44783562873157,0.0056865527718647,0.0051305314678162,0.0,0.0,,,0.01,0.0,0.526517766497462,0.0665277460684496,2.84190186125211,0.290936755623242,0.0042642208551375,0.0051634737084811,,,,,,,,,,,,,,,,,,,,,,,,,,,,,,,,,2020.0,1998-09-16,,,2023,11
Ameer Abdullah,LVR,RB,12155,weighted,,,,,,,2.80991958372753,1.41546872033348,0.0046026490066225,0.0081565411708486,0.0,0.0,,,,,0.969139072847682,0.0521808457509704,8.06271050141911,1.55758454625657,0.0092384105960264,0.0151897302265419,,,,,,,,,,,,,,,,,,,,,,,,,,,,,,,,,2015.0,1993-06-13,,,2023,11
Sean Tucker,TB,RB,16166,weighted,,,,,,,3.76733231707317,1.08187337521542,0.010030487804878,0.014142135623731,0.0,0.0,,,,,0.235106707317073,0.0494974746830583,1.07522865853659,0.106066017177982,0.005015243902439,0.0070710678118654,,,,,,,,,,,,,,,,,,,,,,,,,,,,,,,,,2023.0,2001-10-25,,,2023,11
Anthony McFarland,PIT,RB,14804,weighted,,,,,,,2.70518292682927,2.40416305603426,0.010030487804878,0.014142135623731,0.0,0.0,,,,,0.210335365853659,0.15556349186104,1.41626524390244,0.586898628384834,0.0150457317073171,0.0212132034355964,,,,,,,,,,,,,,,,,,,,,,,,,,,,,,,,,2020.0,1970-01-01,,,2023,11
Michael Carter,ARI,RB,15258,weighted,,,,,,,3.26217712177122,0.59863064553877,0.0,0.0,0.0,0.0,,,,,0.559409594095941,0.57712755261163,3.72177121771218,1.04456864228831,0.0,0.0,,,,,,,,,,,,,,,,,,,,,,,,,,,,,,,,,2021.0,1999-05-07,,,2023,11
Hunter Luepke,DAL,RB,16391,weighted,,,,,,,1.63865688487585,1.15829985175885,0.216734484731628,0.171719133997433,0.0,0.0,,,,,0.21966892400301,0.286756087137215,1.60899924755455,1.52624398921916,0.0024755455229495,0.004983941675312,,,,,,,,,,,,,,,,,,,,,,,,,,,,,,,,,2023.0,2000-02-28,,,2023,11
Nick Bawden,NYJ,RB,13838,weighted,,,,,,,1.88628398791541,1.6311386955819,0.0740584088620342,0.0458736661172572,0.0,0.0,,,,,0.411440080563948,0.10189015513427,2.98690835850957,1.06882196773909,0.0032426988922457,0.0057342082646571,,,,,,,,,,,,,,,,,,,,,,,,,,,,,,,,,2018.0,1996-06-22,,,2023,11
Dwayne Washington,DEN,RB,12845,weighted,,,,,,,3.03,,0.02,,0.0,,,,,,0.35,,3.54,,0.02,,,,,,,,,,,,,,,,,,,,,,,,,,,,,,,,,,2016.0,,,,2023,11
Alec Ingold,MIA,RB,14420,weighted,,,,,,,1.78502422851313,0.830503761276572,0.0381682960695968,0.0415782351200641,0.0,0.0,,,,,0.449296097934201,0.310768021921823,4.54949502677888,1.00636223684836,0.017459831675593,0.0206444826799372,,,,,,,,,,,,,,,,,,,,,,,,,,,,,,,,,2019.0,1996-07-09,Q,Foot,2023,11
Travis Homer,CHI,RB,14083,weighted,,,,,,,2.36295769881557,0.505834032338405,0.0083060725700319,0.0104303262584237,0.0,0.0,,,,,0.271255499153976,0.0814561719343381,2.2692385786802,1.32835593931971,0.0079918410866189,0.0105985072360511,,,,,,,,,,,,,,,,,,,,,,,,,,,,,,,,,2019.0,1998-08-07,,,2023,11
Andrew Beck,HOU,RB,14319,weighted,,,,,,,1.5015243902439,0.707106781186548,0.0,0.0,0.0,0.0,,,,,0.651067073170732,0.494974746830583,3.50762195121951,3.53553390593274,0.0,0.0,,,,,,,,,,,,,,,,,,,,,,,,,,,,,,,,,2019.0,1996-05-15,,,2023,11
Kyle Juszczyk,SF,RB,11367,weighted,,,,,,,1.91369408369408,0.539089653213814,0.0062626262626262,0.0101722764711474,0.0,0.0,,,,,1.01837902837903,0.349712270515299,8.97751322751323,3.41351586179011,0.0741173641173641,0.0752938596057438,,,,,,,,,,,,,,,,,,,,,,,,,,,,,,,,,2013.0,1991-04-23,,,2023,11
Myles Gaskin,FA,RB,14081,weighted,,,,,,,2.04,,0.01,,0.0,,,,,,0.53,,3.63,,0.02,,,,,,,,,,,,,,,,,,,,,,,,,,,,,,,,,,2019.0,1970-01-01,,,2023,11
Michael Burton,DEN,RB,12325,weighted,,,,,,,1.05944912012242,0.798834903580058,0.0049808722264728,0.0057735342372127,0.0,0.0,,,,,0.159194720734507,0.0469895995355617,0.807182478959449,0.602591343225774,0.00623947972456,0.0047848499040877,,,,,,,,,,,,,,,,,,,,,,,,,,,,,,,,,2015.0,1992-02-01,,,2023,11
C.J. Ham,MIN,RB,12923,weighted,,,,,,,1.33197969543147,0.576762635175589,0.0665989847715736,0.0288381317587795,0.0,0.0,,,,,0.342609137055838,0.349992297546404,2.4802538071066,1.34070023155254,0.0033401015228426,0.0057764386202283,,,,,,,,,,,,,,,,,,,,,,,,,,,,,,,,,2016.0,1993-07-22,,,2023,11
Khari Blasingame,CHI,RB,14552,weighted,,,,,,,1.29480872226473,0.327348497432469,0.0060810932310965,0.0048495098974766,0.0,0.0,,,,,0.117237949502678,0.138856084197855,1.30431522570773,0.575490884904578,0.0049808722264728,0.0057735342372127,,,,,,,,,,,,,,,,,,,,,,,,,,,,,,,,,2019.0,1970-01-01,,,2023,11
Patrick Ricard,BAL,RB,13455,weighted,,,,,,,0.733112088752869,0.523918665947137,0.00623947972456,0.0047848499040877,0.0,0.0,,,,,0.282547819433818,0.215490826215346,3.30096403978577,1.19329635920583,0.0125325172149962,0.0189853941855639,,,,,,,,,,,,,,,,,,,,,,,,,,,,,,,,,2017.0,1994-05-27,,,2023,11
Tyreek Hill,MIA,WR,12801,weighted,,,,,,,1.86909682668836,1.07161566318838,0.0045036615134255,0.0108149047184889,0.0549430431244915,0.0357466942391345,,,,,7.07485353946298,0.634113576540015,101.170569568755,6.70947324832994,0.798714401952807,0.156825976338774,,,,,,,,,,,,,,,,,,,,,,,,,,,,,,,,,2016.0,1994-03-01,,,2023,11
CeeDee Lamb,DAL,WR,14832,weighted,,,,,,,2.70898291293735,1.57359155684991,0.0326240846216436,0.045854744607357,0.0861777868185517,0.0134376701800899,,,,,7.25476403580146,0.377813815914458,96.7168877135883,5.99164165513591,0.673893409275834,0.237616921074825,,,,,,,,,,,,,,,,,,,,,,,,,,,,,,,,,2020.0,1999-04-08,,,2023,11
A.J. Brown,PHI,WR,14104,weighted,,,,,,,0.0642961757526444,0.0705123550678895,0.0,0.0,0.0271257119609439,0.0331470222886459,,,,,6.29400732302685,0.4674582657397,92.6218104149715,6.92499852111964,0.538852725793328,0.300665358948964,,,,,,,,,,,,,,,,,,,,,,,,,,,,,,,,,2019.0,1997-06-30,,,2023,11
Ja'Marr Chase,CIN,WR,15281,weighted,,,,,,,0.807522375915378,0.746933945533163,0.0015012205044751,0.0036049682394963,0.0583604556550041,0.0349955925608937,,,,,7.16327908868999,0.854243640909953,87.3946216436127,5.07302039611863,0.692327095199349,0.23428205064071,,,,,,,,,,,,,,,,,,,,,,,,,,,,,,,,,2021.0,2000-03-01,,,2023,11
Keenan Allen,LAC,WR,11222,weighted,,,,,,,0.239796582587469,0.288928140581527,0.0015296989422294,0.0036369977065897,0.0,0.0,,,,,7.35395850284784,0.331221802180156,87.309788445891,3.96109097108123,0.42053295362083,0.184389318499202,,,,,,,,,,,,,,,,,,,,,,,,,,,,,,,,,2013.0,1992-04-27,Q,Shoulder - AC Joint,2023,11
Amon-Ra St. Brown,DET,WR,15287,weighted,,,,,,,2.19412123677787,1.42420905646868,0.0052685109845402,0.0109998560782057,0.0549430431244915,0.0357466942391345,,,,,7.20878356387307,0.419417751620398,88.579886086249,2.29532785037816,0.440707892595606,0.201345757129692,,,,,,,,,,,,,,,,,,,,,,,,,,,,,,,,,2021.0,1999-10-24,,,2023,11
Stefon Diggs,BUF,WR,12186,weighted,,,,,,,8.13669650122074e-05,0.0558492974607473,0.0,0.0,0.0549430431244915,0.0357466942391345,,,,,6.44126525630594,0.419401257673062,76.9486777868185,6.12660889599029,0.417481692432872,0.204873119018153,,,,,,,,,,,,,,,,,,,,,,,,,,,,,,,,,2015.0,1993-11-29,,,2023,11
Cooper Kupp,LAR,WR,13164,weighted,,,,,,,2.32708706265256,2.02111732576894,0.0152685109845403,0.032278169134755,0.0271257119609439,0.0331470222886459,,,,,5.81500406834825,0.417428997033529,77.8302237591538,5.25699166372489,0.38593572009764,0.186794106794732,,,,,,,,,,,,,,,,,,,,,,,,,,,,,,,,,2017.0,1993-06-15,,,2023,11
Brandon Aiyuk,SF,WR,14840,weighted,,,,,,,0.70039869812856,1.42240743266388,0.0177651206943314,0.0356774076818309,0.0271257119609439,0.0331470222886459,,,,,4.94357607811229,0.183909401026139,76.499804719284,6.25914279984783,0.362379983726607,0.156603033336159,,,,,,,,,,,,,,,,,,,,,,,,,,,,,,,,,2020.0,1970-01-01,,,2023,11
Garrett Wilson,NYJ,WR,15753,weighted,,,,,,,0.488755085435313,0.447248687381228,0.0,0.0,0.0549430431244915,0.0357466942391345,,,,,5.64328315703824,0.286481145794821,72.5309641985354,7.03796310383025,0.241411716842962,0.136242767912099,,,,,,,,,,,,,,,,,,,,,,,,,,,,,,,,,2022.0,2000-07-22,Q,Elbow,2023,11
Amari Cooper,CLE,WR,12175,weighted,,,,,,,0.0183563873067535,0.0436439724790772,0.0,0.0,0.0,0.0,,,,,4.40070382424735,0.646106138355362,65.8154922701383,7.57973738709632,0.272038242473556,0.128321492997449,,,,,,,,,,,,,,,,,,,,,,,,,,,,,,,,,2015.0,1994-06-18,,,2023,11
Puka Nacua,LAR,WR,16211,weighted,,,,,,,0.539365337672905,0.547760983149394,0.0015296989422294,0.0036369977065897,0.0,0.0,,,0.01,0.0,5.74288039056143,0.676166251287172,72.9858828315704,6.00056215608808,0.320919446704638,0.146981009892807,,,,,,,,,,,,,,,,,,,,,,,,,,,,,,,,,2023.0,2001-05-29,,,2023,11
Davante Adams,LVR,WR,11675,weighted,,,,,,,0.262156224572823,0.42332928788533,0.00175617032818,0.0035461274700923,0.0,0.0,,,,,5.64873881204231,0.450849923843969,71.7930024410089,8.1884468096629,0.335772986167616,0.155108466290851,,,,,,,,,,,,,,,,,,,,,,,,,,,,,,,,,2014.0,1992-12-24,,,2023,11
Mike Evans,TB,WR,11671,weighted,,,,,,,0.0327339300244101,0.0491627454681537,0.0,0.0,0.0,0.0,,,,,5.13471928397071,0.438607204050247,73.2125630593979,3.77038555227889,0.394182262001627,0.198041620812559,,,,,,,,,,,,,,,,,,,,,,,,,,,,,,,,,2014.0,1993-08-21,,,2023,11
Jaylen Waddle,MIA,WR,15284,weighted,,,,,,,1.50383645240033,0.824212592278413,0.0039585028478437,0.0076532002024928,0.0,0.0,,,,,5.26460130187144,0.495264080361615,73.0204637917006,5.48872526339536,0.367538649308381,0.171339190670465,,,,,,,,,,,,,,,,,,,,,,,,,,,,,,,,,2021.0,1998-11-25,,,2023,11
D.J. Moore,CHI,WR,13635,weighted,,,,,,,0.823079739625712,0.508319584886659,0.00175617032818,0.0035461274700923,0.0549430431244915,0.0357466942391345,,,,,4.67384052074858,0.3224490341036,69.9206550040683,3.88253132893568,0.329052074857608,0.16390828292037,,,,,,,,,,,,,,,,,,,,,,,,,,,,,,,,,2018.0,1997-04-14,,,2023,11
Chris Godwin,TB,WR,13163,weighted,,,,,,,0.48586655817738,0.458173316043924,0.0,0.0,0.0549430431244915,0.0357466942391345,,,,,5.32956875508544,0.553365501190244,60.1821196094386,6.58593910620931,0.230101708706265,0.108961861428938,,,,,,,,,,,,,,,,,,,,,,,,,,,,,,,,,2017.0,1996-02-27,,,2023,11
Nico Collins,HOU,WR,15290,weighted,,,,,,,0.0076484947111472,0.0181849885329488,0.0,0.0,0.0,0.0,,,,,4.79580146460537,0.647817303670183,70.0596135069162,2.58878954754006,0.482729861676159,0.229012077504346,,,,,,,,,,,,,,,,,,,,,,,,,,,,,,,,,2021.0,1999-03-19,,,2023,11
Christian Kirk,JAC,WR,13633,weighted,,,,,,,0.417648494711147,0.385796522748874,0.0015296989422294,0.0036369977065897,0.109886086248983,0.0714933884782691,,,,,5.80349064279902,0.607108456798291,68.9007363710334,2.68796765855259,0.313771358828316,0.144742204000858,,,,,,,,,,,,,,,,,,,,,,,,,,,,,,,,,2018.0,1996-11-18,,,2023,11
DK Metcalf,SEA,WR,14102,weighted,,,,,,,0.0312042310821806,0.0467940793277305,0.0,0.0,0.0271257119609439,0.0331470222886459,,,,,4.9976362896664,0.490267865537399,65.440113913751,4.71647935172263,0.335056956875509,0.148468560135855,,,,,,,,,,,,,,,,,,,,,,,,,,,,,,,,,2019.0,1997-12-14,,,2023,11
DeVonta Smith,PHI,WR,15282,weighted,,,,,,,0.0335720097640358,0.0514268581179567,0.0,0.0,0.0,0.0,,,,,4.68360455655004,0.588398464357036,60.078051261188,6.57541280136842,0.279841334418226,0.124699401091778,,,,,,,,,,,,,,,,,,,,,,,,,,,,,,,,,2021.0,1998-11-14,,,2023,11
Terry McLaurin,WAS,WR,14109,weighted,,,,,,,0.280081366965012,0.350147219177641,0.0,0.0,0.0,0.0,,,,,4.71675345809601,0.423244128790256,64.8008340113914,4.0008166651531,0.26106590724166,0.121912536450914,,,,,,,,,,,,,,,,,,,,,,,,,,,,,,,,,2019.0,1995-09-15,,,2023,11
Nathaniel Dell,HOU,WR,16204,weighted,,,,,,,7.20051668022783,2.06167764877434,0.0372620016273393,0.0464619854352295,0.0245524816924329,0.0344062943675801,,,0.01,0.0,4.65450366151343,0.372029325543573,64.1338161106591,4.69190475959077,0.388974776240846,0.206534041060886,,,,,,,,,,,,,,,,,,,,,,,,,,,,,,,,,2023.0,1999-10-29,,,2023,11
Jordan Addison,MIN,WR,16186,weighted,,,,,,,0.232457282343369,0.32169589064005,0.0,0.0,0.0,0.0,,,,,4.7709723352319,0.464458567505937,61.5780716029292,5.29254877917106,0.349694873881204,0.221248155602015,,,,,,,,,,,,,,,,,,,,,,,,,,,,,,,,,2023.0,2002-01-27,,,2023,11
Adam Thielen,CAR,WR,11938,weighted,,,,,,,0.295760781122864,0.347785383582777,0.0,0.0,0.0,0.0,,,,,6.04496338486574,0.737795253082188,63.811899918633,3.48471211606367,0.297709519934906,0.133367424909869,,,,,,,,,,,,,,,,,,,,,,,,,,,,,,,,,2014.0,1990-08-22,,,2023,11
Marquise Brown,ARI,WR,14105,weighted,,,,,,,0.486037428803906,0.595839795669251,0.0,0.0,0.0,0.0,,,,,4.88682668836452,0.193453194113155,58.0223677786818,5.04455699446491,0.320817737998373,0.157119067201978,,,,,,,,,,,,,,,,,,,,,,,,,,,,,,,,,2019.0,1997-06-04,,,2023,11
DeAndre Hopkins,TEN,WR,11232,weighted,,,,,,,0.480362082994304,0.47190836848176,0.00175617032818,0.0035461274700923,0.0,0.0,,,,,4.86799430431245,0.378886740051901,65.8664727420667,2.16958981661624,0.313978844589097,0.146769556818506,,,,,,,,,,,,,,,,,,,,,,,,,,,,,,,,,2013.0,1992-06-06,,,2023,11
Deebo Samuel,SF,WR,14136,weighted,,,,,,,15.2876932465419,1.95540905257658,0.151232709519935,0.0744343450552777,0.0891171684296176,0.0173677089014928,,,,,4.2043165174939,0.584473411925494,56.8217737998373,7.08706093485919,0.239157851912124,0.10853267692538,,,,,,,,,,,,,,,,,,,,,,,,,,,,,,,,,2019.0,1996-01-15,,,2023,11
Tyler Lockett,SEA,WR,12187,weighted,,,,,,,0.0327339300244101,0.0491627454681537,0.0,0.0,0.0,0.0,,,,,5.11578112286412,0.479176833257827,62.9778966639544,2.59285923620492,0.374344995931652,0.163587280788424,,,,,,,,,,,,,,,,,,,,,,,,,,,,,,,,,2015.0,1992-09-28,Q,Hamstring,2023,11
Diontae Johnson,PIT,WR,14208,weighted,,,,,,,0.576094385679414,0.735706830635149,0.0,0.0,0.0,0.0,,,,,4.47011391375102,0.490894078613939,55.1972294548413,5.09172482681121,0.177274206672091,0.0769371261127589,,,,,,,,,,,,,,,,,,,,,,,,,,,,,,,,,2019.0,,,,2023,11
Rashee Rice,KC,WR,16194,weighted,,,,,,,0.477542717656631,0.493796210052926,0.00175617032818,0.0035461274700923,0.0,0.0,,,,,4.24795768917819,0.69957593488049,49.5547762408462,9.05288131757484,0.305943856794142,0.153435629057446,,,,,,,,,,,,,,,,,,,,,,,,,,,,,,,,,2023.0,2000-04-22,,,2023,11
Jerry Jeudy,DEN,WR,14833,weighted,,,,,,,0.635248169243287,0.621423965648174,0.0015296989422294,0.0036369977065897,0.0,0.0,,,,,3.89054109031733,0.596890168840452,51.6689422294548,7.01714227151989,0.241025223759154,0.118097780329673,,,,,,,,,,,,,,,,,,,,,,,,,,,,,,,,,2020.0,1999-04-24,,,2023,11
Courtland Sutton,DEN,WR,13630,weighted,,,,,,,0.0419121236777868,0.0658504307528108,0.0,0.0,0.109886086248983,0.0714933884782691,,,,,4.29253458096013,0.392741773798251,52.6354271765663,5.50407697636008,0.355862489829129,0.169959711553997,,,,,,,,,,,,,,,,,,,,,,,,,,,,,,,,,2018.0,1995-10-10,,,2023,11
Jakobi Meyers,LVR,WR,14127,weighted,,,,,,,0.758234336859235,0.678341734480325,0.0286371033360456,0.0474094922076992,0.0,0.0,,,,,4.25506916192026,0.350608285139418,47.76155817738,5.88006644012582,0.259308380797396,0.165012030423229,,,,,,,,,,,,,,,,,,,,,,,,,,,,,,,,,2019.0,1996-11-09,,,2023,11
George Pickens,PIT,WR,15762,weighted,,,,,,,0.493075671277461,0.564483959422896,0.0,0.0,0.0,0.0,,,,,3.43442229454841,0.380158257101589,52.2862001627339,4.49855276837805,0.211293734743694,0.104519373006674,,,,,,,,,,,,,,,,,,,,,,,,,,,,,,,,,2022.0,2001-03-04,,,2023,11
Zay Flowers,BAL,WR,16190,weighted,,,,,,,1.96196501220504,1.65947571006909,0.0,0.0,0.0,0.0,,,,,4.75325467860049,0.318475461099251,56.0098006509357,3.3299439064838,0.226354759967453,0.114795913454499,,,,,,,,,,,,,,,,,,,,,,,,,,,,,,,,,2023.0,2000-09-11,,,2023,11
Calvin Ridley,JAC,WR,13629,weighted,,,,,,,0.785951993490643,0.809570066131464,0.0013384865744507,0.003680960641683,0.0,0.0,,,,,4.09584214808788,0.241981389639016,53.5507119609439,3.15593901312258,0.235109845402766,0.11221648214248,,,,,,,,,,,,,,,,,,,,,,,,,,,,,,,,,2018.0,1994-12-20,,,2023,11
Jayden Reed,GB,WR,16184,weighted,,,,,,,0.750414971521562,0.645807837073351,0.0,0.0,0.0,0.0,,,0.01,0.0,3.10797803091945,0.357287094521057,43.0378803905614,5.64680247114364,0.257339300244101,0.132781794252064,,,,,,,,,,,,,,,,,,,,,,,,,,,,,,,,,2023.0,2000-04-28,,,2023,11
Gabriel Davis,BUF,WR,14845,weighted,,,,,,,0.0360048820179007,0.134449790765614,0.0,0.0,0.0549430431244915,0.0357466942391345,,,,,3.10059397884459,0.222825825616341,45.5988201790073,4.46499489978053,0.285834011391375,0.130576510628088,,,,,,,,,,,,,,,,,,,,,,,,,,,,,,,,,2020.0,1970-01-01,,,2023,11
Tyler Boyd,CIN,WR,12650,weighted,,,,,,,0.221440195280716,0.255900203872958,0.0015296989422294,0.0036369977065897,0.0,0.0,,,,,4.80793327908869,0.586191317778062,49.5209764035801,3.92814185133134,0.211916192026037,0.101990324470871,,,,,,,,,,,,,,,,,,,,,,,,,,,,,,,,,2016.0,1994-11-15,,,2023,11
Brandin Cooks,DAL,WR,11674,weighted,,,,,,,1.83747355573637,0.975215054906621,0.0026484947111472,0.0047702920079274,0.0,0.0,,,,,3.49301871440195,0.471345547410537,44.495113913751,4.43071809068346,0.28853539462978,0.130922325815704,,,,,,,,,,,,,,,,,,,,,,,,,,,,,,,,,2014.0,1993-09-25,,,2023,11
Christian Watson,GB,WR,15789,weighted,,,,,,,0.94746541903987,0.819438434017367,0.0286371033360456,0.0474094922076992,0.0,0.0,,,,,3.29310008136697,0.626739709870501,46.8287306753458,4.27708776259064,0.259214808787632,0.145436379808596,,,,,,,,,,,,,,,,,,,,,,,,,,,,,,,,,2022.0,1999-05-12,,,2023,11
Jahan Dotson,WAS,WR,15755,weighted,,,,,,,0.146956875508544,0.368303984935591,0.0,0.0,0.0,0.0,,,,,3.49349064279902,0.357106191591513,45.9080431244915,4.81906214703085,0.273091944670464,0.135289292422762,,,,,,,,,,,,,,,,,,,,,,,,,,,,,,,,,2022.0,2000-03-22,,,2023,11
Romeo Doubs,GB,WR,15779,weighted,,,,,,,0.0409926769731489,0.0731959621035908,0.0,0.0,0.0,0.0,,,,,3.58926769731489,0.470833761712459,40.7470911310008,4.41327285867691,0.328637103336046,0.188619758214856,,,,,,,,,,,,,,,,,,,,,,,,,,,,,,,,,2022.0,2000-04-13,,,2023,11
Quentin Johnston,LAC,WR,16188,weighted,,,,,,,0.545960130187144,0.510890740446115,0.0030309194467046,0.0046361910117495,0.0,0.0,,,,,3.27218877135883,0.291870391818279,41.5574491456469,4.50111189934286,0.165309194467046,0.0825349948831707,,,,,,,,,,,,,,,,,,,,,,,,,,,,,,,,,2023.0,2001-09-06,,,2023,11
Jaxon Smith-Njigba,SEA,WR,16185,weighted,,,,,,,0.0296745321399512,0.0445965433966454,0.0,0.0,0.0,0.0,,,,,3.81758746948739,0.390563845009424,44.5717290480065,3.94839635075434,0.227249796582587,0.108146137096144,,,,,,,,,,,,,,,,,,,,,,,,,,,,,,,,,2023.0,2002-02-14,,,2023,11
K.J. Osborn,MIN,WR,14977,weighted,,,,,,,0.132540484207151,0.136012329458602,0.0,0.0,0.0,0.0,,,,,3.7267772967773,0.312569119343642,41.2625685425685,3.97186637686151,0.201418951418951,0.105446460909868,,,,,,,,,,,,,,,,,,,,,,,,,,,,,,,,,2020.0,1997-06-10,,,2023,11
Michael Wilson,ARI,WR,16206,weighted,,,,,,,0.0127097130242826,0.0273587465979741,0.0,0.0,0.0,0.0,,,,,2.6019197414065,0.648721643710953,36.0295766319773,8.47676789477771,0.172508791469172,0.0864646682702353,,,,,,,,,,,,,,,,,,,,,,,,,,,,,,,,,2023.0,2000-02-23,Q,Shoulder,2023,11
Darius Slayton,NYG,WR,14122,weighted,,,,,,,0.0359235150528885,0.0933119061780003,0.0,0.0,0.0,0.0,,,0.01,0.0,2.69519121236778,0.393280304146202,38.5012855980472,3.80763251673132,0.135423108218063,0.0730742116377305,,,,,,,,,,,,,,,,,,,,,,,,,,,,,,,,,2019.0,1997-01-12,,,2023,11
Josh Reynolds,DET,WR,13168,weighted,,,,,,,0.0183563873067535,0.0436439724790772,0.0,0.0,0.0549430431244915,0.0357466942391345,,,,,2.42027664768104,0.463723990068638,34.3922823433686,7.4672433664339,0.201838893409276,0.128313711077481,,,,,,,,,,,,,,,,,,,,,,,,,,,,,,,,,2017.0,1995-02-16,,,2023,11
Robert Woods,HOU,WR,11228,weighted,,,,,,,0.163181448331977,0.247348173698861,0.0,0.0,0.0,0.0,,,,,3.41071196094386,0.350502906508735,38.9703783563873,3.13343829747772,0.193592351505289,0.112470338829532,,,,,,,,,,,,,,,,,,,,,,,,,,,,,,,,,2013.0,1992-04-10,,,2023,11
Elijah Moore,CLE,WR,15288,weighted,,,,,,,1.4966965012205,1.25679440069337,0.0040154597233523,0.0110428819250491,0.0549430431244915,0.0357466942391345,,,,,3.13357607811229,0.49868113007376,36.9251708706265,5.02227985985673,0.148108218063466,0.075236618478988,,,,,,,,,,,,,,,,,,,,,,,,,,,,,,,,,2021.0,2000-03-27,,,2023,11
Darnell Mooney,CHI,WR,14974,weighted,,,,,,,0.329560618388934,0.384888714843264,0.0,0.0,0.0,0.0,,,,,2.57532546786005,0.332879005164083,38.0422782750203,3.75194267062001,0.144479251423922,0.0777334728793959,,,,,,,,,,,,,,,,,,,,,,,,,,,,,,,,,2020.0,1997-10-29,,,2023,11
Curtis Samuel,WAS,WR,13157,weighted,,,,,,,4.00076484947111,1.32528612361135,0.0365256305939788,0.0455695019943762,0.0,0.0,,,,,3.51982912937347,0.404959532274763,36.75532546786,4.44784716996256,0.17986574450773,0.0773664307245276,,,,,,,,,,,,,,,,,,,,,,,,,,,,,,,,,2017.0,1996-08-11,,,2023,11
Rondale Moore,ARI,WR,15283,weighted,,,,,,,8.18547192839707,1.3924971529805,0.0318664229824743,0.0459526541296643,0.0021765663140764,0.0034735417802985,,,,,3.51847436940602,0.381204658085625,32.583344182262,5.19467969873955,0.0890886899918633,0.0676285946418277,,,,,,,,,,,,,,,,,,,,,,,,,,,,,,,,,2021.0,1970-01-01,,,2023,11
Trenton Irwin,CIN,WR,14551,weighted,,,,,,,0.0897640358014646,0.0973587142781731,0.0,0.0,0.0,0.0,,,0.01,0.0,2.939983726607,1.01208917303195,33.1023108218063,8.72981352443003,0.167929210740439,0.0837642863431312,,,,,,,,,,,,,,,,,,,,,,,,,,,,,,,,,2019.0,1995-12-10,,,2023,11
Allen Lazard,NYJ,WR,13632,weighted,,,,,,,0.144524003254679,0.175261085960969,0.0,0.0,0.0,0.0,,,,,2.67170870626526,0.417156883544029,35.2713588283157,3.36692885604085,0.14593165174939,0.0811520169370139,,,,,,,,,,,,,,,,,,,,,,,,,,,,,,,,,2018.0,1995-12-11,,,2023,11
Odell Beckham,BAL,WR,11679,weighted,,,,,,,0.124027664768104,0.146329805280465,0.0,0.0,0.0549430431244915,0.0357466942391345,,,,,2.60323433685923,0.371121644722203,33.7619283970708,4.48671714540676,0.192379983726607,0.0933601433658642,,,,,,,,,,,,,,,,,,,,,,,,,,,,,,,,,2014.0,1992-11-05,,,2023,11
D.J. Chark,CAR,WR,13668,weighted,,,,,,,0.0122375915378356,0.0290959816527181,0.0,0.0,0.0,0.0,,,,,2.35452400325468,0.378983283631799,35.2420423108218,3.41360113797218,0.194654190398698,0.132982097546759,,,,,,,,,,,,,,,,,,,,,,,,,,,,,,,,,2018.0,1996-09-23,,,2023,11
Rashod Bateman,BAL,WR,15293,weighted,,,,,,,0.482750203417413,0.564417846361356,0.0,0.0,0.0,0.0,,,,,2.51106997558991,0.348622430700305,33.413295362083,3.8906898875439,0.117294548413344,0.0905459604133568,,,,,,,,,,,,,,,,,,,,,,,,,,,,,,,,,2021.0,1999-11-29,,,2023,11
Zay Jones,JAC,WR,13176,weighted,,,,,,,0.160955587622254,0.165160043347857,0.0,0.0,0.0,0.0,,,,,2.61400913900914,0.850758708551314,28.2848132114799,7.40221757977896,0.176391326914515,0.0745192691355564,,,,,,,,,,,,,,,,,,,,,,,,,,,,,,,,,2017.0,1995-03-30,Q,Knee,2023,11
Tutu Atwell,LAR,WR,15301,weighted,,,,,,,3.94267290480065,2.16609203941463,0.0238974776240846,0.0371837547325009,0.0,0.0,,,,,2.77001220504475,0.272213615282369,35.0203661513426,2.79016760991251,0.211899918633035,0.115828599861484,,,,,,,,,,,,,,,,,,,,,,,,,,,,,,,,,2021.0,1999-10-07,,,2023,11
Jonathan Mingo,CAR,WR,16197,weighted,,,,,,,0.0471114727420667,0.0761595698643166,0.0,0.0,0.0,0.0,,,,,2.72919853539463,0.231824841642189,32.01,5.47113109900542,0.0866110659072417,0.0617572438635215,,,,,,,,,,,,,,,,,,,,,,,,,,,,,,,,,2023.0,2001-04-20,,,2023,11
Marquez Valdes-Scantling,KC,WR,13793,weighted,,,,,,,0.0183563873067535,0.0436439724790772,0.0,0.0,0.0549430431244915,0.0357466942391345,,,,,1.86792514239219,0.208629456220596,29.893051261188,5.16681952058099,0.125329536208299,0.0731242095267951,,,,,,,,,,,,,,,,,,,,,,,,,,,,,,,,,2018.0,1994-10-10,,,2023,11
Khalil Shakir,BUF,WR,15761,weighted,,,,,,,0.16286411716843,0.35903129996016,0.0,0.0,0.0,0.0,,,0.01,0.0,2.67110659072417,0.363091729893008,32.0637469487388,5.47108793164165,0.144739625711961,0.0737880152532583,,,,,,,,,,,,,,,,,,,,,,,,,,,,,,,,,2022.0,2000-02-03,,,2023,11
Isaiah Hodgins,NYG,WR,14849,weighted,,,,,,,0.161319868482856,0.39229571649394,0.0,0.0,0.0282527007984969,0.0367012890401048,,,,,1.65391263503992,0.892856987429509,19.1591451385627,8.75761114168346,0.159309534992954,0.122312938065771,,,,,,,,,,,,,,,,,,,,,,,,,,,,,,,,,2020.0,1970-01-01,,,2023,11
Jameson Williams,DET,WR,15756,weighted,,,,,,,0.282620016273393,0.366316849578941,0.0,0.0,0.0,0.0,,,,,1.77567127746135,0.46187566212056,24.1708665581774,6.66217183083964,0.137294548413344,0.075275808521515,,,,,,,,,,,,,,,,,,,,,,,,,,,,,,,,,2022.0,2001-03-26,,,2023,11
Wan'Dale Robinson,NYG,WR,15757,weighted,,,,,,,3.72175752644426,2.38315078061079,0.0026484947111472,0.0047702920079274,0.0,0.0,,,,,3.1469690805533,0.432862756630436,31.8245117982099,2.77100803672785,0.121326281529699,0.0677814031152342,,,,,,,,,,,,,,,,,,,,,,,,,,,,,,,,,2022.0,2001-01-05,,,2023,11
Justin Watson,KC,WR,13776,weighted,,,,,,,0.0092719586660403,0.0237844948424673,0.0,0.0,0.0557069046500705,0.0388968704325426,,,,,1.80270079849695,0.349213656923165,27.5674354156881,6.68866261182223,0.123287928604979,0.0793052818446618,,,,,,,,,,,,,,,,,,,,,,,,,,,,,,,,,2018.0,,,,2023,11
Cedrick Wilson,MIA,WR,13652,weighted,,,,,,,0.105150713484047,0.196290167586399,0.0,0.0,0.0,0.0,,,,,1.83607503607504,0.468101069935999,23.5554160654161,7.74386055446243,0.19029822029822,0.130678572472499,,,,,,,,,,,,,,,,,,,,,,,,,,,,,,,,,2018.0,,,,2023,11
Noah Brown,HOU,WR,13172,weighted,,,,,,,0.0,0.0,0.0,0.0,0.0,0.0,,,,,2.5,0.0,36.0,0.0,0.1,0.0,,,,,,,,,,,,,,,,,,,,,,,,,,,,,,,,,2017.0,,Q,Knee,2023,11
Brandon Powell,MIN,WR,13910,weighted,,,,,,,1.56186849574267,1.43584417113161,0.0015562913907284,0.0039758794492083,0.0,0.0,,,,,2.4534247871334,0.454792906006457,24.9202081362346,7.53538802895625,0.130151371807001,0.0734070772815117,,,,,,,,,,,,,,,,,,,,,,,,,,,,,,,,,2018.0,1970-01-01,,,2023,11
Michael Gallup,DAL,WR,13646,weighted,,,,,,,0.056419853539463,0.0847369863079219,0.0,0.0,0.0,0.0,,,,,2.26588689991863,0.442669188247609,28.1253376729048,4.38605809605463,0.157192839707079,0.0773436106755897,,,,,,,,,,,,,,,,,,,,,,,,,,,,,,,,,2018.0,1996-03-04,,,2023,11
Nick Westbrook-Ikhine,TEN,WR,15109,weighted,,,,,,,0.16286411716843,0.35903129996016,0.0,0.0,0.0,0.0,,,,,2.42076078112286,0.333668173880924,30.9029251423922,3.64146930870527,0.187424735557364,0.0960462943927455,,,,,,,,,,,,,,,,,,,,,,,,,,,,,,,,,2020.0,1997-03-21,,,2023,11
Jalen Guyton,LAC,WR,14337,weighted,,,,,,,0.223294117647059,0.462836822069734,0.0,0.0,0.0,0.0,,,,,2.01973109243697,0.459147887432958,27.1062633053221,9.64871212551837,0.147658263305322,0.0928711204304635,,,,,,,,,,,,,,,,,,,,,,,,,,,,,,,,,2019.0,,Q,Groin,2023,11
Trey Palmer,TB,WR,16199,weighted,,,,,,,0.0983319772172498,0.137708617982391,0.0,0.0,0.0,0.0,,,,,2.43283970707893,0.328905358371485,28.6022497965826,4.24227653713767,0.134646053702197,0.0738474640662209,,,,,,,,,,,,,,,,,,,,,,,,,,,,,,,,,2023.0,2001-04-02,,,2023,11
Kyle Philips,TEN,WR,15901,weighted,,,,,,,0.221308321308321,0.376532418718566,0.0,0.0,0.0566618566618567,0.0742722306895003,,,,,1.96061087061087,0.243923184953039,25.581822991823,3.72056441481464,0.0778739778739779,0.0598777778523797,,,,,,,,,,,,,,,,,,,,,,,,,,,,,,,,,2022.0,1999-06-17,,,2023,11
John Metchie,HOU,WR,15759,weighted,,,,,,,0.0702514285714286,0.129789620431875,0.0,0.0,0.0,0.0,,,,,1.20562285714286,0.651558794837359,15.4497028571429,8.80970153058525,0.0755942857142857,0.0477282604360314,,,,,,,,,,,,,,,,,,,,,,,,,,,,,,,,,2022.0,2000-07-18,,,2023,11
Jalin Hyatt,NYG,WR,16183,weighted,,,,,,,0.0523108218063466,0.109595565100869,0.0,0.0,0.0,0.0,,,,,1.57332384052075,0.382855990931462,22.3770951993491,4.89657591267468,0.0667046379170057,0.0449876220929994,,,,,,,,,,,,,,,,,,,,,,,,,,,,,,,,,2023.0,2001-09-25,,,2023,11
Skyy Moore,KC,WR,15766,weighted,,,,,,,0.900884578997162,0.806156332255026,0.0,0.0,0.0,0.0,,,0.01,1.90261706398505e-18,1.67585619678335,0.49243985957332,21.3345789971618,4.2860460694529,0.0694891201513718,0.0572448547177948,,,,,,,,,,,,,,,,,,,,,,,,,,,,,,,,,2022.0,2000-09-10,,,2023,11
Hunter Renfrow,LVR,WR,14123,weighted,,,,,,,0.271113198684829,0.470457098131339,0.0017700015656802,0.0038650875402036,0.0,0.0,,,,,1.79574917801785,0.686694230209816,18.8707984969469,5.551119873189,0.096195396899953,0.0621754636012373,,,,,,,,,,,,,,,,,,,,,,,,,,,,,,,,,2019.0,1970-01-01,,,2023,11
Dontayvion Wicks,GB,WR,16195,weighted,,,,,,,0.230503746397695,0.233766100675307,0.0,0.0,0.0376753121998079,0.0370244577659858,,,,,1.70335446685879,0.274906764938427,24.1680749279539,2.09064552307116,0.094149855907781,0.0540558769162474,,,,,,,,,,,,,,,,,,,,,,,,,,,,,,,,,2023.0,2001-06-16,,,2023,11
Kadarius Toney,KC,WR,15289,weighted,,,,,,,2.76168429617575,1.99828947597022,0.0060048820179007,0.0144198729579852,0.0,0.0,,,,,1.72810821806347,0.760742893345069,16.8918104149715,6.06336639778747,0.0958462164361269,0.0595928781867068,,,,,,,,,,,,,,,,,,,,,,,,,,,,,,,,,2021.0,1970-01-01,,,2023,11
Charlie Jones,CIN,WR,16203,weighted,,,,,,,0.1275,0.141405712484233,0.0,0.0,0.0,0.0,,,,,1.11287822878229,0.987879241031951,12.4082933579336,12.0255828606848,0.105885608856089,0.0863135025860422,,,,,,,,,,,,,,,,,,,,,,,,,,,,,,,,,2023.0,1998-10-29,,,2023,11
Jauan Jennings,SF,WR,14860,weighted,,,,,,,0.0045890968266883,0.0109109931197693,0.0,0.0,0.0,0.0,,,,,1.50814483319772,0.435509205508638,20.4608258746949,4.84212421857714,0.0644426362896664,0.061857314682293,,,,,,,,,,,,,,,,,,,,,,,,,,,,,,,,,2020.0,1997-07-10,,,2023,11
Kalif Raymond,DET,WR,13066,weighted,,,,,,,1.62658665581774,1.35071125740719,0.0013384865744507,0.003680960641683,0.0,0.0,,,0.01,0.0,1.44508543531326,0.449977924372585,19.5966110659072,5.01831295286061,0.0811716842961758,0.057061433444643,,,,,,,,,,,,,,,,,,,,,,,,,,,,,,,,,2016.0,1994-08-08,,,2023,11
Marvin Mims,DEN,WR,16189,weighted,,,,,,,1.80170056956876,1.72646148744659,0.0052969894222945,0.0095405840158548,0.0278173311635476,0.0336919186211286,,,0.01,0.0,1.69244507729862,0.294649552039204,21.5482546786005,2.65302696286886,0.1186655817738,0.065811567554402,,,,,,,,,,,,,,,,,,,,,,,,,,,,,,,,,2023.0,2002-03-19,,,2023,11
Jalen Tolbert,DAL,WR,15788,weighted,,,,,,,0.0732126801152738,0.0738309759368835,0.0,0.0,0.0,0.0,,,,,1.61553314121037,0.36932587106237,18.4043746397695,5.39188794417142,0.0905994236311239,0.0593814849535077,,,,,,,,,,,,,,,,,,,,,,,,,,,,,,,,,2022.0,1999-02-27,,,2023,11
Tim Jones,JAC,WR,16005,weighted,,,,,,,0.235499711815562,0.421315502850229,0.0,0.0,0.0376753121998079,0.0370244577659858,,,,,1.06981556195965,0.551920013018131,12.2323285302594,7.98853834295899,0.0415331412103746,0.0435087999855897,,,,,,,,,,,,,,,,,,,,,,,,,,,,,,,,,2021.0,1998-05-15,,,2023,11
Terrace Marshall,CAR,WR,15308,weighted,,,,,,,0.311822451855331,0.788762898325983,0.0,0.0,0.0,0.0,,,,,1.4427195866604,0.588858967233821,16.9298590887741,5.92108840489317,0.0769798027242837,0.0380787063010881,,,,,,,,,,,,,,,,,,,,,,,,,,,,,,,,,2021.0,2000-06-09,,,2023,11
Jake Bobo,SEA,WR,16393,weighted,,,,,,,0.474256854256854,0.358502995226219,0.0449350649350649,0.0454138704420927,0.0,0.0,,,,,1.26500721500721,0.357787360026601,16.3594276094276,5.42809254793038,0.0974891774891775,0.0653064721516801,,,,,,,,,,,,,,,,,,,,,,,,,,,,,,,,,2023.0,1998-08-04,,,2023,11
Braxton Berrios,MIA,WR,13638,weighted,,,,,,,1.57320827320827,2.36377020696075,0.0228763828763829,0.0388967393079266,0.0,0.0,,,0.01,0.0,1.74770081770082,0.654443993593107,17.5873112073112,4.9351448830324,0.108364598364598,0.0719224595646241,,,,,,,,,,,,,,,,,,,,,,,,,,,,,,,,,2018.0,1995-10-06,Q,Hamstring,2023,11
Chris Moore,TEN,WR,12773,weighted,,,,,,,0.0182040345821326,0.0341678371292548,0.0,0.0,0.0,0.0,,,,,1.39247262247839,0.383034842870781,19.4913544668588,2.57776247729232,0.0640461095100865,0.0560742528311749,,,,,,,,,,,,,,,,,,,,,,,,,,,,,,,,,2016.0,1993-06-16,,,2023,11
Sterling Shepard,NYG,WR,12658,weighted,,,,,,,0.0182040345821326,0.0341678371292548,0.0,0.0,0.0,0.0,,,,,1.31332564841499,0.6239676362878,13.7580288184438,6.12610284329641,0.0640922190201729,0.0427429119643063,,,,,,,,,,,,,,,,,,,,,,,,,,,,,,,,,2016.0,,,,2023,11
Mecole Hardman,KC,WR,14113,weighted,,,,,,,3.69479658258747,2.5496500475635,0.0219121236777868,0.0371757672640406,0.0469283970707893,0.0696297203360746,,,,,1.56600081366965,0.504484881152018,16.5398494711147,3.78665365632215,0.0723921887713588,0.0557553565105218,,,,,,,,,,,,,,,,,,,,,,,,,,,,,,,,,2019.0,1970-01-01,,,2023,11
Nelson Agholor,BAL,WR,12181,weighted,,,,,,,0.0364035801464605,0.0728248464241928,0.0,0.0,0.0,0.0,,,,,1.28929617575264,0.305860471282918,16.8366110659072,3.97137273549758,0.115166802278275,0.068456749780141,,,,,,,,,,,,,,,,,,,,,,,,,,,,,,,,,2015.0,1993-05-24,,,2023,11
Derius Davis,LAC,WR,16299,weighted,,,,,,,3.68796536796537,2.19340348685864,0.0126599326599327,0.0320214152081486,0.0,0.0,,,0.01,0.0,1.44312169312169,0.470286266575329,14.2221356421356,3.88194976701555,0.0857960557960558,0.0657750239219144,,,,,,,,,,,,,,,,,,,,,,,,,,,,,,,,,2023.0,2000-09-11,,,2023,11
Greg Dortch,ARI,WR,14108,weighted,,,,,,,1.14388867635807,1.29887849766354,0.0,0.0,0.0,0.0,,,0.02,4.00622346764422e-18,1.1185921958684,0.966001385095365,11.5740321346595,9.32303572704696,0.0049808722264728,0.0057735342372127,,,,,,,,,,,,,,,,,,,,,,,,,,,,,,,,,2019.0,1998-05-29,,,2023,11
Dyami Brown,WAS,WR,15292,weighted,,,,,,,0.565517075517076,0.397762871617691,0.0,0.0,0.0,0.0,,,,,1.02127946127946,0.137279491700383,14.7228138528139,3.07987684494745,0.0779461279461279,0.038794952342189,,,,,,,,,,,,,,,,,,,,,,,,,,,,,,,,,2021.0,1999-11-01,,,2023,11
Olamide Zaccheaus,PHI,WR,14592,weighted,,,,,,,0.128848003848004,0.129455291540882,0.0,0.0,0.0,0.0,,,,,1.40811447811448,0.283289627366633,17.251366041366,2.14155077707488,0.088989898989899,0.0480405532428766,,,,,,,,,,,,,,,,,,,,,,,,,,,,,,,,,2019.0,1997-07-23,,,2023,11
Parris Campbell,NYG,WR,14112,weighted,,,,,,,0.267914285714286,0.408912524816811,0.0,0.0,0.0,0.0,,,,,1.44295428571429,0.636385459315654,14.0723428571429,3.93605610813993,0.0363371428571429,0.0430361519460255,,,,,,,,,,,,,,,,,,,,,,,,,,,,,,,,,2019.0,1997-07-16,,,2023,11
Julio Jones,PHI,WR,10271,weighted,,,,,,,0.500236518448439,0.490316825305555,0.0018156732891832,0.0039083923711391,0.0,0.0,,,,,1.45759224219489,0.461354019055243,15.4955723746452,5.12103286051429,0.0922847682119205,0.0528312643814507,,,,,,,,,,,,,,,,,,,,,,,,,,,,,,,,,2011.0,1989-02-03,,,2023,11
Byron Pringle,WAS,WR,13863,weighted,,,,,,,0.100518731988473,0.119185966536035,0.0,0.0,0.0,0.0,,,0.02,0.0,1.01172910662824,0.247435218042104,12.5015331412104,4.01910814826274,0.0639654178674352,0.0584670961370291,,,,,,,,,,,,,,,,,,,,,,,,,,,,,,,,,2018.0,1970-01-01,,,2023,11
Calvin Austin III,PIT,WR,15777,weighted,,,,,,,4.12109031733116,1.50653164592515,0.0039585028478437,0.0076532002024928,0.0,0.0,,,0.01,0.0,1.08494711147274,0.247103761967358,11.2915337672905,4.47962191844339,0.0694100895036615,0.0478135047175847,,,,,,,,,,,,,,,,,,,,,,,,,,,,,,,,,2022.0,1999-03-24,,,2023,11
Jamison Crowder,WAS,WR,12184,weighted,,,,,,,0.780721381267739,1.0338321269902,0.0042913907284768,0.0075583662737219,0.0,0.0,,,0.01,1.90261706398505e-18,0.96821665089877,0.612668958297263,11.162578051088,5.04402679814003,0.0704257332071902,0.0540417744825992,,,,,,,,,,,,,,,,,,,,,,,,,,,,,,,,,2015.0,1993-06-17,,,2023,11
Cedric Tillman,CLE,WR,16191,weighted,,,,,,,0.311526538280883,0.412804824225876,0.0,0.0,0.0,0.0,,,,,1.13845467355566,0.200353127410512,13.8312400187882,3.3049190308017,0.0725082198215125,0.0429909275916897,,,,,,,,,,,,,,,,,,,,,,,,,,,,,,,,,2023.0,2000-04-19,,,2023,11
Xavier Gipson,NYJ,WR,16416,weighted,,,,,,,3.03357925072046,0.700685276245168,0.0056080691642651,0.0088005866830381,0.0,0.0,,,0.01,0.0,1.22374639769452,0.495493388258815,13.1406628242075,3.27744140442133,0.0472219020172911,0.0452173178877813,,,,,,,,,,,,,,,,,,,,,,,,,,,,,,,,,2023.0,2001-03-08,,,2023,11
Tre Tucker,LVR,WR,16287,weighted,,,,,,,3.6123474369406,1.78100880440872,0.0066354759967453,0.0122708172457654,0.0,0.0,,,,,0.866838893409276,0.180822729136312,12.1019690805533,3.21164441672304,0.0473840520748576,0.0495128255423689,,,,,,,,,,,,,,,,,,,,,,,,,,,,,,,,,2023.0,2001-03-08,,,2023,11
Deven Thompkins,TB,WR,15977,weighted,,,,,,,2.59127377521614,0.4736700425132,0.0037521613832853,0.0054225604278454,0.0376753121998079,0.0370244577659858,,,0.01,0.0,1.35481844380403,0.354885442407459,12.8671757925072,2.67483205526007,0.0622363112391931,0.0426428178504079,,,,,,,,,,,,,,,,,,,,,,,,,,,,,,,,,2022.0,1999-12-23,,,2023,11
Equanimeous St. Brown,CHI,WR,13637,weighted,,,,,,,0.534537142857143,0.571163482618291,0.0,0.0,0.0,0.0,,,,,0.881834285714286,0.298129077287487,12.0257314285714,3.37739348313981,0.0663942857142857,0.041521984676994,,,,,,,,,,,,,,,,,,,,,,,,,,,,,,,,,2018.0,1996-09-30,,,2023,11
Ronnie Bell,SF,WR,16202,weighted,,,,,,,0.169155966767372,0.169404814535833,0.0,0.0,0.0,0.0,,,,,0.480098187311178,0.463044206947028,7.85587613293051,6.34969554946084,0.0407326283987915,0.042923717165553,,,,,,,,,,,,,,,,,,,,,,,,,,,,,,,,,2023.0,2000-01-28,,,2023,11
Allen Robinson,PIT,WR,11678,weighted,,,,,,,0.204225007883948,0.381714611977934,0.0,0.0,0.0,0.0,,,,,1.2291059602649,0.523775557584702,12.0008609271523,3.77618440887709,0.0598628192999054,0.0520718295382273,,,,,,,,,,,,,,,,,,,,,,,,,,,,,,,,,2014.0,1993-08-24,,,2023,11
Donovan Peoples-Jones,DET,WR,14857,weighted,,,,,,,0.410146850672328,0.391960310088362,0.0,0.0,0.0386647794291106,0.0423219956363869,,,,,1.11366595895258,0.147851834877711,14.2584925690021,1.92586611962432,0.0837013446567587,0.0551803484049836,,,,,,,,,,,,,,,,,,,,,,,,,,,,,,,,,2020.0,1970-01-01,,,2023,11
David Bell,CLE,WR,15758,weighted,,,,,,,0.30709483368719,0.454718007519496,0.0,0.0,0.0,0.0,,,,,0.80686482661005,0.263623774700147,9.78550601556971,4.58895316623075,0.0046567586694975,0.0097848290089708,,,,,,,,,,,,,,,,,,,,,,,,,,,,,,,,,2022.0,2000-12-14,,,2023,11
Jalen Nailor,MIN,WR,15786,weighted,,,,,,,0.0140398293029872,0.0294097126364267,0.0,0.0,0.0,0.0,,,,,1.02399004267425,0.253798810077043,12.9024466571835,1.68508464451128,0.0699217638691323,0.049267824397971,,,,,,,,,,,,,,,,,,,,,,,,,,,,,,,,,2022.0,1999-03-02,,,2023,11
Tyler Scott,CHI,WR,16205,weighted,,,,,,,2.59656631407648,1.44330559164835,0.0015012205044751,0.0036049682394963,0.0,0.0,,,,,0.972502034174125,0.166066869019235,11.3717453213995,2.65618311823625,0.0666761594792514,0.044981473899429,,,,,,,,,,,,,,,,,,,,,,,,,,,,,,,,,2023.0,2001-10-12,,,2023,11
Ben Skowronek,LAR,WR,15491,weighted,,,,,,,0.55638036809816,0.50696138433616,0.0,0.0,0.0,0.0,,,,,0.8140081799591,0.421976836501032,8.99836400817996,4.34263895438644,0.0600613496932515,0.034668196537118,,,,,,,,,,,,,,,,,,,,,,,,,,,,,,,,,2021.0,1997-06-27,,,2023,11
Samori Toure,GB,WR,15841,weighted,,,,,,,0.1017,0.100315858104735,0.0,0.0,0.0,0.0,,,,,0.7051,0.300947574314205,10.01715,3.96247639513703,0.0461753597122302,0.0509373199842743,,,,,,,,,,,,,,,,,,,,,,,,,,,,,,,,,2022.0,1998-03-24,,,2023,11
Deonte Harris,BUF,WR,14558,weighted,,,,,,,0.770786435786436,0.454395713454242,0.0021818181818181,0.0037981128781272,0.0,0.0,,,,,0.963958633958634,0.223163330403468,9.96674362674363,2.12360310930878,0.0684848484848485,0.0411342415236489,,,,,,,,,,,,,,,,,,,,,,,,,,,,,,,,,2019.0,1970-01-01,,,2023,11
Randall Cobb,NYJ,WR,10308,weighted,,,,,,,0.518536585365854,0.678822509939086,0.0,0.0,0.0,0.0,,,,,1.09467987804878,0.148492424049175,11.0682469512195,1.50613744392735,0.0250762195121951,0.0353553390593274,,,,,,,,,,,,,,,,,,,,,,,,,,,,,,,,,2011.0,1990-08-22,,,2023,11
Zach Pascal,ARI,WR,13488,weighted,,,,,,,0.0,0.0,0.0,0.0,,,,,,,0.96,1.57018323383829e-16,11.97,0.0,0.09,0.0,,,,,,,,,,,,,,,,,,,,,,,,,,,,,,,,,2017.0,1994-12-18,O,Hamstring,2023,11
River Cracraft,MIA,WR,13862,weighted,,,,,,,0.0151752767527675,0.0282757554822558,0.0,0.0,0.0,0.0,,,,,0.71799815498155,0.117329870025321,9.79731549815498,1.68874728802549,0.0607287822878229,0.051417930177142,,,,,,,,,,,,,,,,,,,,,,,,,,,,,,,,,2017.0,,,,2023,11
KaVontae Turpin,DAL,WR,15981,weighted,,,,,,,3.77624338624339,2.70154243309337,0.0338576238576239,0.0502212142921095,0.0283309283309283,0.0371361153447501,,,0.01,0.0,0.665007215007215,0.323293212599891,6.16046657046657,3.07072294405524,0.0582491582491582,0.0784246340224773,,,,,,,,,,,,,,,,,,,,,,,,,,,,,,,,,2022.0,1996-08-02,,,2023,11
Erik Ezukanma,MIA,WR,15780,weighted,,,,,,,2.61520119225037,0.848528137423857,0.0,0.0,0.0,0.0,,,,,0.456333830104322,0.353553390593274,6.7424739195231,5.1618795026618,0.0512667660208644,0.0707106781186548,,,,,,,,,,,,,,,,,,,,,,,,,,,,,,,,,2022.0,2000-01-25,,Neck,2023,11
Laviska Shenault,CAR,WR,14838,weighted,,,,,,,6.08767162066525,0.858920144477968,0.0442604387827318,0.0505673322368493,0.0,0.0,,,,,0.883397027600849,0.192834665795584,8.81982307147912,0.917081042937052,0.009313517338995,0.0195696580179416,,,,,,,,,,,,,,,,,,,,,,,,,,,,,,,,,2020.0,1970-01-01,Q,Ankle,2023,11
Devin Duvernay,BAL,WR,14847,weighted,,,,,,,1.74963657230298,1.65564065281369,0.003146518745218,0.0047392347797051,0.0,0.0,,,0.06,8.01244693528844e-18,0.425065034429992,0.476554581797395,4.89899770466718,3.73187883266389,0.0074980872226472,0.0095990017985189,,,,,,,,,,,,,,,,,,,,,,,,,,,,,,,,,2020.0,1997-09-12,,,2023,11
Demarcus Robinson,LAR,WR,12785,weighted,,,,,,,0.0690287648054145,0.0653037178293665,0.0,0.0,0.0,0.0,,,,,0.61902538071066,0.429619647722324,7.26557021996616,2.37375877746287,0.0091010226024844,0.0101233299971519,,,,,,,,,,,,,,,,,,,,,,,,,,,,,,,,,2016.0,1994-09-21,,,2023,11
Steven Sims,FA,WR,14613,weighted,,,,,,,3.62998678996037,1.83847763108502,0.0173844121532365,0.0282842712474619,0.0,0.0,,,,,0.604266842800528,0.332340187157677,7.16870541611625,3.52846283812087,0.0260766182298547,0.0424264068711929,,,,,,,,,,,,,,,,,,,,,,,,,,,,,,,,,2019.0,1970-01-01,,,2023,11
Marquise Goodwin,CLE,WR,11239,weighted,,,,,,,1.71,0.0,0.01,0.0,,,,,,,0.72,0.0,9.72,0.0,0.03,4.906822605744639e-18,,,,,,,,,,,,,,,,,,,,,,,,,,,,,,,,,2013.0,1990-11-19,O,Concussion,2023,11
Xavier Hutchinson,HOU,WR,16201,weighted,,,,,,,3.38924495677233,0.525665556267703,0.0063757353217808,0.0127607862944426,0.0,0.0,,,,,0.349412103746398,0.296451003745891,5.16640345821326,3.07687479460078,0.0433083573487032,0.0482343240238938,,,,,,,,,,,,,,,,,,,,,,,,,,,,,,,,,2023.0,2000-06-01,,,2023,11
Trent Sherfield,BUF,WR,13893,weighted,,,,,,,0.0125860749808722,0.0189569391188204,0.0,0.0,0.0,0.0,,,,,0.819931140015302,0.184444674773375,7.97902830910482,1.06687290153302,0.0248508033664881,0.0299360597579501,,,,,,,,,,,,,,,,,,,,,,,,,,,,,,,,,2018.0,1996-02-26,Q,Ankle,2023,11
Lawrence Cager,NYG,WR,15041,weighted,,,,,,,0.0,,0.0,,0.0,,,,,,0.68,,8.91,,0.04,,,,,,,,,,,,,,,,,,,,,,,,,,,,,,,,,,2020.0,1970-01-01,,,2023,11
Ray-Ray McCloud,SF,WR,13641,weighted,,,,,,,2.22286971235195,0.673360695635732,0.0090487144876011,0.0101380875763457,0.0,0.0,,,0.01,0.0,0.584412859560068,0.0648103719404996,7.32955668358714,0.989425084792953,0.0168148344172594,0.0207631448399677,,,,,,,,,,,,,,,,,,,,,,,,,,,,,,,,,2018.0,1996-10-15,,,2023,11
Ihmir Smith-Marsette,CAR,WR,15434,weighted,,,,,,,0.0505376344086022,0.0707106781186548,0.0,0.0,0.0,0.0,,,,,0.543763440860215,0.162634559672906,7.08887096774193,1.7925156903079,0.0268312328978302,0.0184253272373699,,,,,,,,,,,,,,,,,,,,,,,,,,,,,,,,,2021.0,1999-08-29,,,2023,11
Elijah Cooks,,WR,16453,weighted,,,,,,,0.25,,0.0,,0.0,,,,,,0.29,,4.55,,0.03,,,,,,,,,,,,,,,,,,,,,,,,,,,,,,,,,,2023.0,1998-10-13,,,2023,11
Malik Heath,GB,WR,16413,weighted,,,,,,,0.0802439024390244,0.113137084989848,0.0,0.0,0.0,0.0,,,,,0.350457317073171,0.212132034355964,4.03923780487805,4.28506709399048,0.0200609756097561,0.0282842712474619,,,,,,,,,,,,,,,,,,,,,,,,,,,,,,,,,2023.0,2000-03-03,,,2023,11
N'Keal Harry,MIN,WR,14101,weighted,,,,,,,0.1,0.0,0.0,0.0,0.0,0.0,,,,,0.7,0.0,7.0,1.25607980463071e-15,0.0,0.0,,,,,,,,,,,,,,,,,,,,,,,,,,,,,,,,,2019.0,1970-01-01,,,2023,11
Jalen Brooks,DAL,WR,16364,weighted,,,,,,,0.0,,0.0,,0.0,,,,,,0.54,,6.53,,0.05,,,,,,,,,,,,,,,,,,,,,,,,,,,,,,,,,,2023.0,2000-05-07,,,2023,11
James Proche,CLE,WR,14848,weighted,,,,,,,0.0353763440860215,0.0494974746830583,0.0,0.0,0.0,0.0,,,,,0.489139784946237,0.113137084989848,5.73161290322581,1.10308657865101,0.03,4.906822605744639e-18,,,,,,,,,,,,,,,,,,,,,,,,,,,,,,,,,2020.0,1970-01-01,,,2023,11
DeAndre Carter,LVR,WR,12394,weighted,,,,,,,1.35216526396327,0.443265450735516,0.0049808722264728,0.0057735342372127,0.0,0.0,,,,,0.324223412394797,0.222816660650214,4.32776587605203,1.68238284489718,0.0099617444529456,0.0115470684744255,,,,,,,,,,,,,,,,,,,,,,,,,,,,,,,,,2015.0,1993-04-10,,,2023,11
Rakim Jarrett,TB,WR,16198,weighted,,,,,,,0.264981387478849,0.259968261968071,0.0,0.0,0.0,0.0,,,,,0.316294416243655,0.27547240474906,4.67005076142132,1.52630378868061,0.0100203045685279,0.017329315860685,,,,,,,,,,,,,,,,,,,,,,,,,,,,,,,,,2023.0,2001-01-24,,,2023,11
Irvin Charles,NYJ,WR,15984,weighted,,,,,,,0.0852591463414634,0.120208152801713,0.0,0.0,0.0,0.0,,,,,0.30532012195122,0.148492424049175,3.93588414634146,2.72943217538007,0.0150457317073171,0.0212132034355964,,,,,,,,,,,,,,,,,,,,,,,,,,,,,,,,,2022.0,1997-04-13,,,2023,11
Trishton Jackson,MIN,WR,14859,weighted,,,,,,,0.115045731707317,0.0212132034355964,0.0,0.0,0.0,0.0,,,,,0.440426829268293,0.197989898732233,3.83557926829268,2.58801081914276,0.0150457317073171,0.0212132034355964,,,,,,,,,,,,,,,,,,,,,,,,,,,,,,,,,2020.0,,,,2023,11
Parker Washington,JAC,WR,16192,weighted,,,,,,,0.42,,0.0,,0.0,,,,,,0.5,,5.56,,0.03,,,,,,,,,,,,,,,,,,,,,,,,,,,,,,,,,,2023.0,2002-03-21,Q,Knee,2023,11
Shedrick Jackson,,WR,16533,weighted,,,,,,,0.37,,0.0,,0.0,,,,,,0.45,,4.96,,0.03,,,,,,,,,,,,,,,,,,,,,,,,,,,,,,,,,,2023.0,1999-10-20,,,2023,11
David Sills,DEN,WR,14110,weighted,,,,,,,0.05,,0.0,,0.0,,,,,,0.34,,4.79,,0.03,,,,,,,,,,,,,,,,,,,,,,,,,,,,,,,,,,2019.0,1995-05-29,,,2023,11
Lil'Jordan Humphrey,DEN,WR,14118,weighted,,,,,,,0.04,,0.0,,0.0,,,,,,0.26,,4.27,,0.02,,,,,,,,,,,,,,,,,,,,,,,,,,,,,,,,,,2019.0,1998-04-19,,,2023,11
Mike Strachan,CAR,WR,15478,weighted,,,,,,,0.06,,0.0,,0.0,,,,,,0.18,,4.18,,0.03,,,,,,,,,,,,,,,,,,,,,,,,,,,,,,,,,,2021.0,,,,2023,11
Velus Jones,CHI,WR,15767,weighted,,,,,,,2.23244717109748,2.54254727846922,0.0,0.0,0.0,0.0,,,,,0.264843217450579,0.120308692357115,2.85385139740968,1.00422649171369,0.0493149634641235,0.0441612459907669,,,,,,,,,,,,,,,,,,,,,,,,,,,,,,,,,2022.0,1997-05-11,,,2023,11
Colton Dowell,TEN,WR,16354,weighted,,,,,,,0.120365853658537,0.169705627484771,0.0,0.0,0.0,0.0,,,,,0.245137195121951,0.0636396103067893,3.99498475609756,0.0070710678118653,0.010030487804878,0.014142135623731,,,,,,,,,,,,,,,,,,,,,,,,,,,,,,,,,2023.0,1999-04-19,,,2023,11
Elijah Higgins,ARI,WR,16333,weighted,,,,,,,0.13,,0.0,,0.0,,,,,,0.42,,3.3,,0.02,,,,,,,,,,,,,,,,,,,,,,,,,,,,,,,,,,2023.0,2000-10-27,,,2023,11
DJ Turner,LVR,WR,15995,weighted,,,,,,,0.78,,0.01,,0.0,,,,,,0.17,,3.23,,0.01,,,,,,,,,,,,,,,,,,,,,,,,,,,,,,,,,,2021.0,1997-01-18,,,2023,11
Austin Trammell,LAR,WR,16120,weighted,,,,,,,0.104656514382403,0.104952690553585,0.0,0.0,0.0,0.0,,,,,0.206680203045685,0.0305793499428913,2.05547208121827,1.11394508486076,0.0080217759140734,0.01058139820481,,,,,,,,,,,,,,,,,,,,,,,,,,,,,,,,,2021.0,1998-07-04,,,2023,11
Tylan Wallace,BAL,WR,15285,weighted,,,,,,,0.0451371951219512,0.0636396103067893,0.0,0.0,0.0,0.0,,,,,0.239512195121951,0.226274169979695,3.08024390243902,0.113137084989848,0.005015243902439,0.0070710678118654,,,,,,,,,,,,,,,,,,,,,,,,,,,,,,,,,2021.0,1999-05-13,,,2023,11
Robby Anderson,FA,WR,12930,weighted,,,,,,,0.04,,0.0,,0.0,,,,,,0.19,,3.12,,0.02,,,,,,,,,,,,,,,,,,,,,,,,,,,,,,,,,,2016.0,1993-05-09,,,2023,11
Miles Boykin,PIT,WR,14125,weighted,,,,,,,0.0470961145194274,0.0810147249734983,0.0,0.0,0.0,0.0,,,,,0.297229038854806,0.179453186214053,2.63654396728016,0.486020207062495,0.0133844580777096,0.0153238900089383,,,,,,,,,,,,,,,,,,,,,,,,,,,,,,,,,2019.0,1970-01-01,,,2023,11
Andre Baccellia,ARI,WR,16037,weighted,,,,,,,0.0451371951219512,0.0636396103067893,0.0,0.0,0.0,0.0,,,,,0.314740853658537,0.120208152801713,2.75926829268293,0.339411254969543,0.005015243902439,0.0070710678118654,,,,,,,,,,,,,,,,,,,,,,,,,,,,,,,,,2020.0,1997-01-07,,,2023,11
D'Wayne Eskridge,SEA,WR,15302,weighted,,,,,,,1.33,,0.01,,0.0,,,,,,0.16,,2.81,,0.01,,,,,,,,,,,,,,,,,,,,,,,,,,,,,,,,,,2021.0,1970-01-01,,,2023,11
Trent Taylor,CHI,WR,13316,weighted,,,,,,,0.0,,0.0,,0.0,,,,,,0.0,,2.0,,0.0,,,,,,,,,,,,,,,,,,,,,,,,,,,,,,,,,,2017.0,1994-04-30,,,2023,11
Alex Erickson,LAC,WR,12913,weighted,,,,,,,0.08,,0.0,,0.0,,,,,,0.19,,1.89,,0.01,,,,,,,,,,,,,,,,,,,,,,,,,,,,,,,,,,2016.0,1992-11-06,,,2023,11
Antoine Green,DET,WR,16349,weighted,,,,,,,0.0,,0.0,,0.0,,,,,,0.0,,0.7,,0.0,,,,,,,,,,,,,,,,,,,,,,,,,,,,,,,,,,2023.0,1999-11-15,,,2023,11
Travis Kelce,KC,TE,11244,weighted,,,,,,,0.0432986167615948,0.0518126862891884,0.0,0.0,0.0,0.0,,,,,6.79963384865744,0.356215931670868,72.3650366151343,4.77691574009522,0.680362082994304,0.235347247439881,,,,,,,,,,,,,,,,,,,,,,,,,,,,,,,,,2013.0,1989-10-05,,,2023,11
T.J. Hockenson,MIN,TE,14138,weighted,,,,,,,0.0188608624898291,0.0357291879197849,0.0,0.0,0.0549430431244915,0.0357466942391345,,,,,6.406672091131,0.475066434558817,63.7733401139137,4.8093030285575,0.291745321399512,0.131164133361982,,,,,,,,,,,,,,,,,,,,,,,,,,,,,,,,,2019.0,1997-07-03,,,2023,11
Mark Andrews,BAL,TE,13671,weighted,,,,,,,0.12600422336931,0.204869707933081,0.0,0.0,0.0,0.0,,,,,5.22395588925387,0.542332602241914,61.9716283435007,2.93005587544854,0.445893946503989,0.225909134908393,,,,,,,,,,,,,,,,,,,,,,,,,,,,,,,,,2018.0,1995-09-06,,,2023,11
George Kittle,SF,TE,13299,weighted,,,,,,,0.37120179007323,0.507116562012449,0.0046582587469487,0.0069131712602039,0.0,0.0,,,,,3.89941008950366,0.0870623069800574,56.5119243287225,4.22361871053551,0.340471928397071,0.157130560779383,,,,,,,,,,,,,,,,,,,,,,,,,,,,,,,,,2017.0,1993-10-09,,,2023,11
Dalton Kincaid,BUF,TE,16213,weighted,,,,,,,0.0150886899918633,0.0285833503358279,0.0,0.0,0.0549430431244915,0.0357466942391345,,,,,5.08775020341741,0.612522313243499,46.9170097640358,7.61136284367067,0.245174938974776,0.110447835146986,,,,,,,,,,,,,,,,,,,,,,,,,,,,,,,,,2023.0,1999-10-18,,,2023,11
Jake Ferguson,DAL,TE,15799,weighted,,,,,,,0.0113165174938975,0.0214375127518709,0.0,0.0,0.0,0.0,,,,,4.20804312449146,0.886260679483449,41.3192514239219,8.57251059685573,0.301196094385679,0.138375332299024,,,,,,,,,,,,,,,,,,,,,,,,,,,,,,,,,2022.0,1999-01-18,,,2023,11
Cole Kmet,CHI,TE,14867,weighted,,,,,,,0.485336316788717,0.526187795122327,0.0018576078112286,0.003543658577203,0.0,0.0,,,,,4.25235964198535,0.375463801475314,46.2993490642799,6.02107984840755,0.306407648494711,0.149271096034203,,,,,,,,,,,,,,,,,,,,,,,,,,,,,,,,,2020.0,1999-03-10,,,2023,11
Trey McBride,ARI,TE,15794,weighted,,,,,,,0.0113165174938975,0.0214375127518709,0.0,0.0,0.0,0.0,,,,,5.04395036615134,0.521387648321198,54.01860455655,4.08905378628916,0.235081366965012,0.113434862480504,,,,,,,,,,,,,,,,,,,,,,,,,,,,,,,,,2022.0,1999-11-22,,,2023,11
Sam LaPorta,DET,TE,16214,weighted,,,,,,,0.0056582587469487,0.0107187563759355,0.0,0.0,0.0,0.0,,,,,4.84827095199349,0.192931305542919,50.4033034987795,2.84099908653456,0.349454841334418,0.187680847179324,,,,,,,,,,,,,,,,,,,,,,,,,,,,,,,,,2023.0,2001-01-12,,,2023,11
Evan Engram,JAC,TE,13189,weighted,,,,,,,0.0697851912123678,0.132197995303204,0.0,0.0,0.0549430431244915,0.0357466942391345,,,,,5.40377542717657,0.610681544762833,48.8324938974776,5.47613000986646,0.174507729861676,0.0894346577446738,,,,,,,,,,,,,,,,,,,,,,,,,,,,,,,,,2017.0,1994-09-02,,,2023,11
Dalton Schultz,HOU,TE,13772,weighted,,,,,,,0.0094304312449145,0.0178645939598924,0.0,0.0,0.0549430431244915,0.0357466942391345,,,,,4.18836452400325,0.677412797437689,47.8176525630594,4.63277222487421,0.472550854353133,0.246332934828168,,,,,,,,,,,,,,,,,,,,,,,,,,,,,,,,,2018.0,1996-07-11,,,2023,11
David Njoku,CLE,TE,13192,weighted,,,,,,,0.0152514239218877,0.135254215164896,0.0,0.0,0.0549430431244915,0.0357466942391345,,,,,3.74996338486574,0.34952130606687,41.6878844589097,6.58360525557253,0.179983726606998,0.087901377293787,,,,,,,,,,,,,,,,,,,,,,,,,,,,,,,,,2017.0,1996-07-10,,,2023,11
Logan Thomas,WAS,TE,11647,weighted,,,,,,,0.0245191212367779,0.0464479442957203,0.0,0.0,0.0549430431244915,0.0357466942391345,,,,,3.25052481692433,0.294552566239087,35.3965378356387,5.08761459695694,0.228030919446705,0.105467187851001,,,,,,,,,,,,,,,,,,,,,,,,,,,,,,,,,2014.0,1991-07-01,,,2023,11
Luke Musgrave,GB,TE,16215,weighted,,,,,,,0.0075443449959316,0.014291675167914,0.0,0.0,0.0,0.0,,,,,3.27746948738812,0.38100908039772,35.7087917005696,2.4909272170594,0.157925142392189,0.0805335776329652,,,,,,,,,,,,,,,,,,,,,,,,,,,,,,,,,2023.0,2000-09-02,,,2023,11
Tyler Conklin,NYJ,TE,13675,weighted,,,,,,,0.105230295566502,0.120129133625269,0.0,0.0,0.0,0.0,,,,,3.27185221674877,0.509703519335052,32.9324926108374,3.67599067171744,0.104113300492611,0.0880594374855623,,,,,,,,,,,,,,,,,,,,,,,,,,,,,,,,,2018.0,1995-07-30,,,2023,11
Jack Stoll,PHI,TE,15541,weighted,,,,,,,0.0112108971348051,0.0233649310663676,0.0,0.0,0.0,0.0,,,,,1.55858619069986,0.907877343125453,15.8653170502583,11.2503821134427,0.101582902771254,0.0509902180331536,,,,,,,,,,,,,,,,,,,,,,,,,,,,,,,,,2021.0,1998-01-28,,,2023,11
Cade Otton,TB,TE,15802,weighted,,,,,,,0.0113165174938975,0.0214375127518709,0.0,0.0,0.0549430431244915,0.0357466942391345,,,,,3.10189991863303,0.629979393805956,30.2356712774613,3.00560566957253,0.165455655004068,0.0790164553918387,,,,,,,,,,,,,,,,,,,,,,,,,,,,,,,,,2022.0,1999-04-15,,,2023,11
Pat Freiermuth,PIT,TE,15331,weighted,,,,,,,0.0162956460674157,0.0265389779181001,0.0,0.0,0.0,0.0,,,,,2.77158239700374,0.293385619440666,28.2318211610487,4.88716043237869,0.168450374531835,0.100042087795524,,,,,,,,,,,,,,,,,,,,,,,,,,,,,,,,,2021.0,1998-10-25,Q,Hamstring,2023,11
Daniel Bellinger,NYG,TE,15873,weighted,,,,,,,0.0298017848755284,0.0405858463648209,0.0,0.0,0.0,0.0,,,,,2.36055425082198,0.669713062674706,24.069168623767,7.34778023616285,0.1000657585721,0.0121285567180156,,,,,,,,,,,,,,,,,,,,,,,,,,,,,,,,,2022.0,2000-09-22,,,2023,11
Tyler Higbee,LAR,TE,12678,weighted,,,,,,,0.0169747762408462,0.0321562691278064,0.0,0.0,0.0,0.0,,,,,3.0796379170057,0.211727588455561,30.6771521562246,2.39631740968164,0.141773799837266,0.0772231327009079,,,,,,,,,,,,,,,,,,,,,,,,,,,,,,,,,2016.0,1993-01-01,,,2023,11
Chigoziem Okonkwo,TEN,TE,15889,weighted,,,,,,,0.263238405207486,0.353005228273473,0.0,0.0,0.0,0.0,,,,,3.11930024410089,0.128474634108352,31.2089300244101,1.65358107010308,0.119975589910496,0.0661753297363412,,,,,,,,,,,,,,,,,,,,,,,,,,,,,,,,,2022.0,1999-09-08,,,2023,11
Noah Fant,SEA,TE,14137,weighted,,,,,,,0.0188608624898291,0.0357291879197849,0.0,0.0,0.0,0.0,,,,,2.04288852725793,0.485928089745132,23.0709723352319,6.41281325181333,0.108783563873068,0.0640624442503433,,,,,,,,,,,,,,,,,,,,,,,,,,,,,,,,,2019.0,1997-11-20,,,2023,11
Michael Mayer,LVR,TE,16212,weighted,,,,,,,0.0094304312449145,0.0178645939598924,0.0,0.0,0.0,0.0,,,,,2.67482506102522,0.331243902226623,28.101655817738,3.25145897311912,0.12453620829943,0.0676762555853547,,,,,,,,,,,,,,,,,,,,,,,,,,,,,,,,,2023.0,2001-07-06,,,2023,11
Donald Parham,LAC,TE,14341,weighted,,,,,,,0.0113165174938975,0.0214375127518709,0.0,0.0,0.0,0.0,,,,,2.5909723352319,0.435790485982134,25.9437062652563,4.91959485376336,0.219015459723352,0.143523718267393,,,,,,,,,,,,,,,,,,,,,,,,,,,,,,,,,2019.0,,,,2023,11
Tanner Hudson,CIN,TE,14370,weighted,,,,,,,0.0094857142857142,0.0170007898671845,0.0,0.0,0.0,0.0,,,,,2.27566857142857,0.647973069762464,21.6903771428571,5.08440178499789,0.103554285714286,0.0646634478345603,,,,,,,,,,,,,,,,,,,,,,,,,,,,,,,,,2018.0,1994-11-12,,,2023,11
Irv Smith Jr.,CIN,TE,14141,weighted,,,,,,,0.0113165174938975,0.0214375127518709,0.0,0.0,0.0549430431244915,0.0357466942391345,,,,,2.29458502847844,0.230164228677626,20.3585435313263,2.87287179321288,0.136590724165989,0.0722675347565598,,,,,,,,,,,,,,,,,,,,,,,,,,,,,,,,,2019.0,1970-01-01,,,2023,11
Durham Smythe,MIA,TE,13676,weighted,,,,,,,0.0358356387306753,0.0678854570475913,0.0,0.0,0.0,0.0,,,,,1.82148087876322,0.487104641032021,16.4947762408462,4.86029195329096,0.0853620829943043,0.0389136966625805,,,,,,,,,,,,,,,,,,,,,,,,,,,,,,,,,2018.0,1995-08-09,Q,Ankle,2023,11
Tommy Tremble,CAR,TE,15332,weighted,,,,,,,0.0490382424735557,0.0928958885914407,0.0,0.0,0.0,0.0,,,,,1.83187144019528,0.346708082159965,17.2418633034988,4.21401603916781,0.117957689178194,0.0681433575488988,,,,,,,,,,,,,,,,,,,,,,,,,,,,,,,,,2021.0,2000-06-02,,,2023,11
Connor Heyward,PIT,TE,15800,weighted,,,,,,,0.482176527176527,0.454820587170174,0.0023917748917748,0.0038192171732754,0.0,0.0,,,,,1.52657527657528,0.486000098798604,14.6831361231361,5.41234437050265,0.0747763347763348,0.0577444697140148,,,,,,,,,,,,,,,,,,,,,,,,,,,,,,,,,2022.0,1999-01-22,,,2023,11
Will Dissly,SEA,TE,13763,weighted,,,,,,,0.0237142857142857,0.0425019746679611,0.0,0.0,0.0,0.0,,,,,1.09564571428571,0.54786504549898,11.2721885714286,5.97286620717043,0.0814,0.027062960967198,,,,,,,,,,,,,,,,,,,,,,,,,,,,,,,,,2018.0,,,,2023,11
Adam Trautman,DEN,TE,14870,weighted,,,,,,,0.0132026037428804,0.0250104315438494,0.0,0.0,0.0,0.0,,,,,1.69511798209927,0.372217902922668,15.7867127746135,2.52296790402802,0.0997721724979658,0.0510559826675215,,,,,,,,,,,,,,,,,,,,,,,,,,,,,,,,,2020.0,1997-02-05,,,2023,11
Noah Gray,KC,TE,15337,weighted,,,,,,,0.179286916786917,0.239447397427507,0.0,0.0,0.0,0.0,,,,,1.53939393939394,0.318613388838225,15.8612169312169,3.57915466902432,0.0795286195286195,0.0395847837342286,,,,,,,,,,,,,,,,,,,,,,,,,,,,,,,,,2021.0,1999-04-30,,,2023,11
Elijah Higgins,ARI,TE,16333,weighted,,,,,,,0.0,0.0,0.0,0.0,0.0,0.0,,,,,0.639718903724526,0.613380366502688,8.19630358397751,6.41025515764124,0.0332255797610682,0.047378426102707,,,,,,,,,,,,,,,,,,,,,,,,,,,,,,,,,2023.0,2000-10-27,,,2023,11
Austin Hooper,LVR,TE,12677,weighted,,,,,,,0.0075443449959316,0.014291675167914,0.0,0.0,0.0,0.0,,,,,1.28472335231896,0.284756691892437,12.1750284784378,3.15022466409516,0.0680716029292107,0.0466121080782371,,,,,,,,,,,,,,,,,,,,,,,,,,,,,,,,,2016.0,1994-10-29,,,2023,11
Ian Thomas,CAR,TE,13678,weighted,,,,,,,0.0150457317073171,0.0212132034355964,0.0,0.0,0.0,0.0,,,,,1.05333841463415,0.770746391493337,11.1121036585366,8.30143361113007,0.0749237804878049,0.0353553390593274,,,,,,,,,,,,,,,,,,,,,,,,,,,,,,,,,2018.0,1996-06-06,Q,Calf,2023,11
Colby Parkinson,SEA,TE,14871,weighted,,,,,,,0.0167424242424242,0.0267345202129281,0.0,0.0,0.0,0.0,,,,,1.20578162578163,0.218209770520492,12.5989466089466,2.29630950364947,0.0605675805675806,0.0474141868772101,,,,,,,,,,,,,,,,,,,,,,,,,,,,,,,,,2020.0,1999-01-07,,,2023,11
Lucas Krull,DEN,TE,15970,weighted,,,,,,,0.0,0.0,0.0,0.0,0.0,0.0,,,,,1.46964064436183,0.707106781186548,12.4919454770756,6.01040764008566,0.1,1.9662434559560302e-17,,,,,,,,,,,,,,,,,,,,,,,,,,,,,,,,,2022.0,1998-07-11,,,2023,11
Trevon Wesco,TEN,TE,14231,weighted,,,,,,,-0.1,,0.0,,0.0,,,,,,1.4,,16.0,,0.0,,,,,,,,,,,,,,,,,,,,,,,,,,,,,,,,,,2019.0,,,,2023,11
Jordan Akins,CLE,TE,13753,weighted,,,,,,,0.0070199146514936,0.0147048563182134,0.0,0.0,0.0,0.0,,,,,1.07009957325747,0.134634426147752,11.201586059744,2.76766536450295,0.058321479374111,0.0449401316428814,,,,,,,,,,,,,,,,,,,,,,,,,,,,,,,,,2018.0,1992-04-19,,,2023,11
John Bates,WAS,TE,15344,weighted,,,,,,,0.0056582587469487,0.0107187563759355,0.0,0.0,0.0,0.0,,,,,1.03368592351505,0.136690498122379,10.7478641171684,2.34301261151831,0.0472986167615948,0.0465876371824214,,,,,,,,,,,,,,,,,,,,,,,,,,,,,,,,,2021.0,1997-11-06,,,2023,11
Brock Wright,DET,TE,15626,weighted,,,,,,,0.0071142857142857,0.0127505924003883,0.0,0.0,0.0,0.0,,,,,1.09843428571429,0.28829980420255,10.3361828571429,2.99538675209887,0.113085714285714,0.0473907944102595,,,,,,,,,,,,,,,,,,,,,,,,,,,,,,,,,2021.0,1998-11-27,,,2023,11
Brevin Jordan,HOU,TE,15330,weighted,,,,,,,0.0,0.0,0.0,0.0,0.0,0.0,,,,,0.761692447679709,0.457228593779354,8.28917197452229,5.45615446018619,0.07024567788899,0.0561970467865946,,,,,,,,,,,,,,,,,,,,,,,,,,,,,,,,,2021.0,2000-07-16,,,2023,11
Robert Tonyan,CHI,TE,13427,weighted,,,,,,,0.0095670995670995,0.0152768686931017,0.0,0.0,0.0,0.0,,,,,0.847787397787398,0.471671827495359,7.53912457912458,4.32182023040197,0.0291390091390091,0.0415765176106028,,,,,,,,,,,,,,,,,,,,,,,,,,,,,,,,,2017.0,1994-04-30,,,2023,11
Isaiah Likely,BAL,TE,15798,weighted,,,,,,,0.0067695473251028,0.014513621591438,0.0,0.0,0.0,0.0,,,,,1.06318244170096,0.264184104638092,10.3693141289438,2.31598225998954,0.0672359396433471,0.0481250764575419,,,,,,,,,,,,,,,,,,,,,,,,,,,,,,,,,2022.0,2000-04-18,,,2023,11
Quintin Morris,BUF,TE,15341,weighted,,,,,,,0.0,0.0,0.0,0.0,0.0,0.0,,,,,0.748418932527694,0.526634287243416,7.3305941591138,5.39812958233434,0.0740584088620342,0.0458736661172572,,,,,,,,,,,,,,,,,,,,,,,,,,,,,,,,,2021.0,1999-01-21,,,2023,11
Tucker Kraft,GB,TE,16222,weighted,,,,,,,0.0070199146514936,0.0147048563182134,0.0,0.0,0.0,0.0,,,,,0.811984352773826,0.306465406294106,7.67798719772404,3.68097032923068,0.0558321479374111,0.0436808193474384,,,,,,,,,,,,,,,,,,,,,,,,,,,,,,,,,2023.0,2000-11-03,,,2023,11
Drew Sample,CIN,TE,14146,weighted,,,,,,,0.0094857142857142,0.0170007898671845,0.0,0.0,0.0,0.0,,,,,0.970314285714286,0.387455610068453,7.26761714285714,2.89870759845659,0.07764,0.0332428883030696,,,,,,,,,,,,,,,,,,,,,,,,,,,,,,,,,2019.0,1996-04-16,,,2023,11
Jeremy Ruckert,NYJ,TE,15796,weighted,,,,,,,0.0,0.0,0.0,0.0,0.0,0.0,,,,,0.931382857142857,0.254944112358509,7.90973714285714,2.68782393924585,0.00736,0.0173567335792199,,,,,,,,,,,,,,,,,,,,,,,,,,,,,,,,,2022.0,2000-08-11,,,2023,11
Stephen Sullivan,CAR,TE,15026,weighted,,,,,,,0.0100920245398773,0.0173602982086068,0.0,0.0,0.0,0.0,,,,,0.792464212678937,0.185204550851065,8.65951942740286,0.672893567847276,0.0367177914110429,0.0352205384995591,,,,,,,,,,,,,,,,,,,,,,,,,,,,,,,,,2020.0,1970-01-01,Q,Shoulder,2023,11
C.J. Uzomah,NYJ,TE,12317,weighted,,,,,,,0.0143506493506493,0.0229153030396526,0.0,0.0,0.0,0.0,,,,,1.12088985088985,0.163533260372554,9.8906253006253,1.43245978028424,0.0748821548821549,0.0426045385724933,,,,,,,,,,,,,,,,,,,,,,,,,,,,,,,,,2015.0,1993-01-14,,,2023,11
Geoff Swaim,ARI,TE,12378,weighted,,,,,,,0.0,0.0,0.0,0.0,0.0,0.0,,,,,1.09500711237553,0.265346792466898,8.35160739687056,2.53795966170176,0.0487624466571835,0.0534584804989006,,,,,,,,,,,,,,,,,,,,,,,,,,,,,,,,,,,,,2023,11
Josiah Deguara,GB,TE,14876,weighted,,,,,,,0.0200300978179082,0.016226259302106,0.0,0.0,0.0,0.0,,,,,0.750428893905192,0.65920650523877,6.62446200150489,4.44619473475834,0.0357863054928518,0.0476666228393804,,,,,,,,,,,,,,,,,,,,,,,,,,,,,,,,,2020.0,1970-01-01,,,2023,11
Josh Oliver,MIN,TE,14209,weighted,,,,,,,0.0188958451906659,0.0242822693403123,0.0,0.0,0.0569151963574274,0.0435969591704113,,,,,0.907842914058053,0.701222814566091,7.08934547524189,2.97342538470323,0.0756573705179283,0.0426159740233061,,,,,,,,,,,,,,,,,,,,,,,,,,,,,,,,,2019.0,1997-03-21,,,2023,11
Johnny Mundt,MIN,TE,13940,weighted,,,,,,,0.0116998577524893,0.0245080938636889,0.0,0.0,0.0,0.0,,,,,0.7600213371266,0.239041222914904,6.69172830725462,2.97771066951003,0.0161806543385491,0.0205551865395247,,,,,,,,,,,,,,,,,,,,,,,,,,,,,,,,,2017.0,1994-11-23,,,2023,11
Mitchell Wilcox,CIN,TE,15563,weighted,,,,,,,0.0,0.0,0.0,0.0,0.0,0.0,,,,,0.888967642526965,0.728319984622144,7.11020030816641,5.54371716450253,0.0099229583975346,0.014142135623731,,,,,,,,,,,,,,,,,,,,,,,,,,,,,,,,,2020.0,1996-11-07,,,2023,11
Stone Smartt,LAC,TE,16113,weighted,,,,,,,0.0326173541963016,0.0468321332263882,0.0,0.0,0.0,0.0,,,,,0.991109530583215,0.0920233699010619,8.56841394025605,1.31350975595057,0.0535419630156472,0.0429499340285618,,,,,,,,,,,,,,,,,,,,,,,,,,,,,,,,,2022.0,1998-10-04,,,2023,11
James Mitchell,DET,TE,15909,weighted,,,,,,,0.0,0.0,0.0,0.0,0.0,0.0,,,,,0.846199701937407,0.212132034355964,8.66706408345753,1.83847763108502,0.1,3.9264915141570104e-17,,,,,,,,,,,,,,,,,,,,,,,,,,,,,,,,,2022.0,1999-08-11,,,2023,11
Brycen Hopkins,LAR,TE,14868,weighted,,,,,,,0.0168200408997955,0.028933830347678,0.0,0.0,0.0,0.0,,,,,0.404110429447853,0.260748931904,5.40011247443763,4.09070042794843,0.0166768916155419,0.0153140003908234,,,,,,,,,,,,,,,,,,,,,,,,,,,,,,,,,2020.0,1970-01-01,,,2023,11
Lawrence Cager,NYG,TE,15041,weighted,,,,,,,0.0912681638044914,0.148492424049175,0.0,0.0,0.0,0.0,,,,,1.03476882430647,0.0565685424949238,9.10889035667107,0.799030662740798,0.108692206076618,0.0141421356237309,,,,,,,,,,,,,,,,,,,,,,,,,,,,,,,,,2020.0,1970-01-01,,,2023,11
Nick Vannett,LAC,TE,12680,weighted,,,,,,,0.0,0.0,0.0,0.0,0.0,0.0,,,,,0.507600596125186,0.424264068711929,5.79374068554396,5.23259018078045,0.0512667660208644,0.0707106781186548,,,,,,,,,,,,,,,,,,,,,,,,,,,,,,,,,2016.0,1993-03-06,,,2023,11
Luke Schoonmaker,DAL,TE,16221,weighted,,,,,,,0.0094857142857142,0.0170007898671845,0.0,0.0,0.0,0.0,,,,,0.653588571428571,0.238602811167719,5.33168571428571,2.48721471570674,0.08316,0.0298644338180828,,,,,,,,,,,,,,,,,,,,,,,,,,,,,,,,,2023.0,1998-09-28,,,2023,11
Josh Whyle,TEN,TE,16312,weighted,,,,,,,0.0118571428571429,0.0212509873339806,0.0,0.0,0.0,0.0,,,,,0.624834285714286,0.11722118200762,5.81501714285714,1.92103102182678,0.0553142857142857,0.0465258518993073,,,,,,,,,,,,,,,,,,,,,,,,,,,,,,,,,2023.0,1999-09-08,,,2023,11
Julian Hill,MIA,TE,16425,weighted,,,,,,,0.0,0.0,0.0,0.0,0.0,0.0,,,,,0.751266766020864,0.0707106781186548,6.53800298062593,2.12132034355964,0.0512667660208644,0.0707106781186548,,,,,,,,,,,,,,,,,,,,,,,,,,,,,,,,,2023.0,2000-07-09,,,2023,11
Albert Okwuegbunam,PHI,TE,14873,weighted,,,,,,,0.0071142857142857,0.0127505924003883,0.0,0.0,0.0,0.0,,,,,0.5812,0.323274428847826,5.85925142857143,2.77362426456803,0.0382971428571429,0.0429386706713374,,,,,,,,,,,,,,,,,,,,,,,,,,,,,,,,,2020.0,1998-04-25,,,2023,11
Luke Farrell,JAC,TE,15335,weighted,,,,,,,0.0,,0.0,,0.0,,,,,,0.9,,8.0,,0.1,,,,,,,,,,,,,,,,,,,,,,,,,,,,,,,,,,2021.0,1997-10-14,,,2023,11
Chris Manhertz,DEN,TE,12955,weighted,,,,,,,0.0093598862019914,0.0196064750909511,0.0,0.0,0.0,0.0,,,,,0.617773826458037,0.120223492853577,5.73902560455192,1.58122669647546,0.0534921763869132,0.0450705633863707,,,,,,,,,,,,,,,,,,,,,,,,,,,,,,,,,,1992-04-10,,,2023,11
Ross Dwelley,SF,TE,13988,weighted,,,,,,,0.06,0.0,,,0.0,0.0,,,,,0.412005943536404,0.127279220613579,6.24766716196137,2.39002092041053,0.0706686478454681,0.0424264068711928,,,,,,,,,,,,,,,,,,,,,,,,,,,,,,,,,2018.0,1970-01-01,,,2023,11
Grant Calcaterra,PHI,TE,15804,weighted,,,,,,,0.0,0.0,0.0,0.0,0.0,0.0,,,,,0.79355617455896,0.0862031051706604,7.19134633240483,0.360520184313727,0.0546889507892293,0.0511868173619958,,,,,,,,,,,,,,,,,,,,,,,,,,,,,,,,,2022.0,1998-12-04,,,2023,11
Brenton Strange,JAC,TE,16269,weighted,,,,,,,0.0095670995670995,0.0152768686931017,0.0,0.0,0.0,0.0,,,,,0.57009139009139,0.287179462282943,5.66055796055796,1.5768414496474,0.0306204906204906,0.040406103538936,,,,,,,,,,,,,,,,,,,,,,,,,,,,,,,,,2023.0,2000-12-27,,,2023,11
Harrison Bryant,CLE,TE,14875,weighted,,,,,,,0.705089947089947,0.658457905806912,0.0,0.0,0.0,0.0,,,,,0.657460317460317,0.355240993296174,6.10243386243386,1.18252838132222,0.0464165464165464,0.0462972402922428,,,,,,,,,,,,,,,,,,,,,,,,,,,,,,,,,2020.0,1970-01-01,,,2023,11
Andrew Beck,HOU,TE,14319,weighted,,,,,,,2.46,0.0,0.02,4.90775808996807e-18,0.0755572065378901,0.0353553390593274,,,,,0.658231797919762,0.205060966544099,5.49166419019316,2.32638131010374,0.0706686478454681,0.0424264068711928,,,,,,,,,,,,,,,,,,,,,,,,,,,,,,,,,2019.0,1996-05-15,,,2023,11
Darnell Washington,PIT,TE,16216,weighted,,,,,,,0.0,0.0,0.0,0.0,0.0,0.0,,,,,0.541267893660532,0.479558113466407,5.32128834355828,2.89625842269409,0.0098773006134969,0.0172669940442506,,,,,,,,,,,,,,,,,,,,,,,,,,,,,,,,,2023.0,2001-08-17,,,2023,11
Brayden Willis,SF,TE,16367,weighted,,,,,,,,,,,0.0,,,,,,0.6,,7.0,,0.1,,,,,,,,,,,,,,,,,,,,,,,,,,,,,,,,,,2023.0,1999-11-11,,,2023,11
Blake Bell,KC,TE,12213,weighted,,,,,,,0.0,0.0,0.0,0.0,0.0849285714285714,0.073599977100424,,,,,0.644491428571429,0.274514854050883,4.79289142857143,1.34304459509415,0.0466742857142857,0.0865884315213939,,,,,,,,,,,,,,,,,,,,,,,,,,,,,,,,,2015.0,1991-08-07,,,2023,11
Nate Adkins,,TE,16474,weighted,,,,,,,0.0189625360230548,0.0341515920925065,0.0,0.0,0.0,0.0,,,,,0.35921613832853,0.264291819703273,4.20877233429395,2.0179612190323,0.0168242074927954,0.0264017600491143,,,,,,,,,,,,,,,,,,,,,,,,,,,,,,,,,2023.0,1999-07-09,,,2023,11
Eric Saubert,HOU,TE,13315,weighted,,,,,,,0.0,0.0,0.0,0.0,0.0,0.0,,,,,0.651266766020864,0.0707106781186547,5.76900149031296,1.06066017177982,0.0512667660208644,0.0707106781186548,,,,,,,,,,,,,,,,,,,,,,,,,,,,,,,,,2017.0,1994-05-09,,,2023,11
Ko Kieft,TB,TE,15929,weighted,,,,,,,0.0,,0.0,,0.0,,,,,,0.7,,6.0,,0.0,,,,,,,,,,,,,,,,,,,,,,,,,,,,,,,,,,2022.0,1998-01-20,,,2023,11
Charlie Woerner,SF,TE,14984,weighted,,,,,,,0.0,,0.0,,0.0,,,,,,0.3,,6.0,,0.0,,,,,,,,,,,,,,,,,,,,,,,,,,,,,,,,,,2020.0,1997-10-16,,,2023,11
Cole Turner,WAS,TE,15803,weighted,,,,,,,0.0,0.0,0.0,0.0,0.0,0.0,,,,,0.399695121951219,0.14142135623731,4.84649390243902,1.62634559672906,0.0,0.0,,,,,,,,,,,,,,,,,,,,,,,,,,,,,,,,,2022.0,2000-03-16,,,2023,11
Peyton Hendershot,DAL,TE,16000,weighted,,,,,,,0.0,0.0,0.0,0.0,0.0,0.0,,,,,0.602533532041729,0.141421356237309,4.82026825633383,1.13137084989848,0.1,3.9264915141570104e-17,,,,,,,,,,,,,,,,,,,,,,,,,,,,,,,,,2022.0,1999-04-23,,Ankle,2023,11
Charlie Kolar,BAL,TE,15795,weighted,,,,,,,0.06,,,,0.0,,,,,,0.32,,5.0,,0.04,,,,,,,,,,,,,,,,,,,,,,,,,,,,,,,,,,2022.0,1999-02-10,,,2023,11
Marcedes Lewis,CHI,TE,8269,weighted,,,,,,,0.0,,0.0,,0.0,,,,,,0.4,,4.0,,0.1,,,,,,,,,,,,,,,,,,,,,,,,,,,,,,,,,,2006.0,1984-05-19,,,2023,11
Hunter Long,LAR,TE,15334,weighted,,,,,,,0.0,,0.0,,0.0,,,,,,0.4,,4.0,,0.0,,,,,,,,,,,,,,,,,,,,,,,,,,,,,,,,,,2021.0,1998-08-19,,,2023,11
Jesper Horsted,LVR,TE,14752,weighted,,,,,,,0.0,0.0,0.0,0.0,0.0,0.0,,,,,0.302533532041729,0.14142135623731,2.33293591654247,1.83847763108502,0.0512667660208644,0.0707106781186548,,,,,,,,,,,,,,,,,,,,,,,,,,,,,,,,,2019.0,1970-01-01,,,2023,11
Rodney Williams,,TE,16524,weighted,,,,,,,0.0,,0.0,,0.0,,,,,,0.18,,1.75,,0.01,,,,,,,,,,,,,,,,,,,,,,,,,,,,,,,,,,2022.0,1998-04-08,,,2023,11
Ben Sims,,TE,16483,weighted,,,,,,,0.0,,0.0,,0.0,,,,,,0.1,,1.0,,0.0,,,,,,,,,,,,,,,,,,,,,,,,,,,,,,,,,,2023.0,2000-05-16,,,2023,11
Jason Sanders,MIA,K,13832,weighted,,,,,,,,,,,,,,,,,,,,,,,0.0195991901901147,0.0179226103885069,0.451691770692263,0.1176350550777,0.51614634997934,0.105987484822557,0.681045643559292,0.134786151755074,0.0760609750421622,0.037392386511021,3.12089887640449,0.30376087955511,,,,,,,,,,,,,,,,,,,,,2018.0,1995-11-16,,,2023,11
Riley Patterson,DET,K,15369,weighted,,,,,,,,,,,,,,,,,,,,,,,0.0117595141140688,0.0107535662331042,0.401375280340291,0.097068422669506,0.844237058961533,0.159390753246355,0.495431413334004,0.0552089001300016,0.0678996740185879,0.035923671364637,2.99252808988764,0.366053035183237,,,,,,,,,,,,,,,,,,,,,2021.0,1999-09-07,,,2023,11
Jake Moody,SF,K,16286,weighted,,,,,,,,,,,,,,,,,,,,,,,0.0,0.0,0.587975357017547,0.0975419725150933,0.599936855308082,0.10962505031036,0.416610954619051,0.105015801816054,0.146497615900293,0.0745039071191612,2.77447565543071,0.384314634895236,,,,,,,,,,,,,,,,,,,,,2023.0,1999-11-23,,,2023,11
Cameron Dicker,LAC,K,15979,weighted,,,,,,,,,,,,,,,,,,,,,,,0.0127877291067325,0.0145358823533396,0.393418417195896,0.111582835857832,0.434228240514574,0.122762458229753,0.380630688089164,0.105461158792643,0.168037219101124,0.112490499342634,2.5201638576779,0.56339942314423,,,,,,,,,,,,,,,,,,,,,2022.0,2000-05-06,,,2023,11
Brandon Aubrey,DAL,K,16414,weighted,,,,,,,,,,,,,,,,,,,,,,,0.012384804122584,0.0108882767422739,0.628008746372268,0.102751979811427,0.533225960155121,0.0674461173794708,0.399501577777075,0.094647366359257,0.238013889908856,0.130378769363868,2.72926498127341,0.418703826817307,,,,,,,,,,,,,,,,,,,,,2023.0,1995-03-14,,,2023,11
Justin Tucker,BAL,K,10976,weighted,,,,,,,,,,,,,,,,,,,,,,,0.0,0.0,0.567997676193372,0.058202499812256,0.626945906754843,0.0524857599800076,0.511630810536537,0.0561751385282995,0.134323406049456,0.071573478911099,2.85361891385768,0.228633856983535,,,,,,,,,,,,,,,,,,,,,2012.0,1989-11-21,,,2023,11
Jake Elliott,PHI,K,13303,weighted,,,,,,,,,,,,,,,,,,,,,,,0.0,0.0,0.42129557532823,0.119468784683481,0.540559919948965,0.150808331873666,0.368795408126518,0.138404560692483,0.179327008821391,0.102520741237874,2.27051966292135,0.933909277419051,,,,,,,,,,,,,,,,,,,,,2017.0,1995-01-21,,,2023,11
Harrison Butker,KC,K,13354,weighted,,,,,,,,,,,,,,,,,,,,,,,0.0,0.0,0.458303076792887,0.087027452132843,0.705466460773857,0.102866467622235,0.446326512713543,0.0783210236532588,0.218250679297936,0.109488165605388,2.72698033707865,0.354857182768128,,,,,,,,,,,,,,,,,,,,,2017.0,1995-07-14,,,2023,11
Joey Slye,WAS,K,14600,weighted,,,,,,,,,,,,,,,,,,,,,,,0.0040371410736579,0.0036082944847086,0.436324546240277,0.101589840521263,0.571585037933352,0.107873896279411,0.48891181695957,0.0881657064544742,0.189794442643811,0.0991937057353046,2.38168071161049,0.459309941170225,,,,,,,,,,,,,,,,,,,,,2019.0,1996-04-10,,,2023,11
Dustin Hopkins,CLE,K,11387,weighted,,,,,,,,,,,,,,,,,,,,,,,0.0094507965395368,0.0108890497223544,0.369425655577242,0.126456878198806,0.416523217017461,0.126343258779718,0.475119993787109,0.193505720444537,0.229647471910112,0.197262440056175,1.92249063670412,0.620160583030033,,,,,,,,,,,,,,,,,,,,,2013.0,1990-10-01,,,2023,11
Wil Lutz,DEN,K,12956,weighted,,,,,,,,,,,,,,,,,,,,,,,0.0234743156420328,0.0289621999289402,0.479994224064432,0.159396768431647,0.554402214457538,0.164932682611732,0.360577669681191,0.106241988988767,0.135924469413233,0.100508441964926,2.30544007490637,0.421652216641733,,,,,,,,,,,,,,,,,,,,,2016.0,1994-07-07,,,2023,11
Evan McPherson,CIN,K,15368,weighted,,,,,,,,,,,,,,,,,,,,,,,0.0069421189199774,0.0072494037421035,0.431283689505765,0.102665433822425,0.422894941372304,0.123657955267455,0.497451898362341,0.113665542400104,0.252521296908276,0.162504781549772,2.23702247191011,0.485115799760287,,,,,,,,,,,,,,,,,,,,,2021.0,1999-07-21,,,2023,11
Jason Myers,SEA,K,12437,weighted,,,,,,,,,,,,,,,,,,,,,,,0.0,0.0,0.364033475021303,0.109546190817645,0.626011954303153,0.238556413361394,0.42822835542873,0.126477836422717,0.104706170857856,0.077769177165907,2.29422752808989,0.410232544848658,,,,,,,,,,,,,,,,,,,,,,1991-05-12,,,2023,11
Tyler Bass,BUF,K,14983,weighted,,,,,,,,,,,,,,,,,,,,,,,0.012384804122584,0.0108882767422739,0.431077520698478,0.113579413438147,0.713778216452873,0.144299361142305,0.438778497427688,0.0839539883854278,0.186336350395339,0.0988360653969491,2.33858146067416,0.307480157653218,,,,,,,,,,,,,,,,,,,,,2020.0,1997-02-14,,,2023,11
Matt Ammendola,HOU,K,15523,weighted,,,,,,,,,,,,,,,,,,,,,,,0.0,0.0,0.626821451463571,0.0282923295558255,0.731291693374166,0.0330077178151297,0.469892932602141,0.043633631668945,0.104470241910595,0.0047153882593042,2.2192151556157,0.482245444316568,,,,,,,,,,,,,,,,,,,,,2021.0,1996-12-11,,,2023,11
Greg Joseph,MIN,K,13898,weighted,,,,,,,,,,,,,,,,,,,,,,,0.0399077496981532,0.033860734497824,0.595340534628876,0.0812607677347443,0.554375091321879,0.116655843032247,0.435875296354225,0.0709346241374818,0.220183557318058,0.108989132312962,2.07743913857678,0.283559547844497,,,,,,,,,,,,,,,,,,,,,2018.0,1970-01-01,,,2023,11
Chris Boswell,PIT,K,11936,weighted,,,,,,,,,,,,,,,,,,,,,,,0.0093508652976882,0.0108813341713947,0.375308497837044,0.116921277100002,0.387776318233961,0.126045395536949,0.451009819575982,0.140676969946506,0.177027629233512,0.125807982093551,1.85000936329588,0.371620291061592,,,,,,,,,,,,,,,,,,,,,2014.0,1991-03-16,,,2023,11
Brandon McManus,JAC,K,11947,weighted,,,,,,,,,,,,,,,,,,,,,,,0.0,0.0,0.437305826989446,0.14322446578686,0.659220343305204,0.169239471495054,0.696145857778028,0.193928770544108,0.276482678293737,0.167649866089885,2.15914794007491,0.149856481622155,,,,,,,,,,,,,,,,,,,,,2014.0,1991-07-25,,,2023,11
Lucas Havrisik,LAR,K,16043,weighted,,,,,,,,,,,,,,,,,,,,,,,0.0,0.0,0.457148723409464,0.0852995528233776,0.583843969547869,0.0879335431449857,0.548837380561879,0.0736608788702414,0.205146344846719,0.124610340173461,1.90695692883895,0.358372895459187,,,,,,,,,,,,,,,,,,,,,2022.0,1999-09-29,,,2023,11
Anders Carlson,GB,K,16339,weighted,,,,,,,,,,,,,,,,,,,,,,,0.0,0.0,0.570786728056095,0.119537748996733,0.66404331287019,0.159863261895494,0.349994062872537,0.12598797474062,0.116123929909042,0.0656926295847029,1.94545411985019,0.190540903578782,,,,,,,,,,,,,,,,,,,,,2023.0,1998-06-16,,,2023,11
Cairo Santos,CHI,K,11945,weighted,,,,,,,,,,,,,,,,,,,,,,,0.0,0.0,0.467109396300601,0.0933851988894944,0.596700048072094,0.0961730427500392,0.419396444100047,0.0888785414134005,0.224769038701623,0.111699038736542,1.97719101123595,0.13574742787592,,,,,,,,,,,,,,,,,,,,,2014.0,1991-11-12,,,2023,11
Matt Prater,ARI,K,8930,weighted,,,,,,,,,,,,,,,,,,,,,,,0.0039854815101812,0.0035973456871386,0.414704664120588,0.0853576388238171,0.612617786879701,0.0820981291001093,0.464836396007454,0.0837628268027337,0.236951299714642,0.155230511253494,1.81225655430712,0.308791420324265,,,,,,,,,,,,,,,,,,,,,2006.0,1984-08-10,,,2023,11
Daniel Carlson,LVR,K,13718,weighted,,,,,,,,,,,,,,,,,,,,,,,0.0,0.0,0.501671348314607,0.158324881163235,0.401709470304976,0.118497032513798,0.417110308542893,0.13611470901065,0.136068307472802,0.0991981888621691,1.71066947565543,0.359862820315138,,,,,,,,,,,,,,,,,,,,,2018.0,1995-01-23,,,2023,11
Nick Folk,TEN,K,8851,weighted,,,,,,,,,,,,,,,,,,,,,,,0.0094507965395368,0.0108890497223544,0.450026853514706,0.138456129965881,0.483669029852845,0.163060693156365,0.339600645046033,0.100550259062739,0.11434954788296,0.0745776583156482,1.7096956928839,0.272906211677904,,,,,,,,,,,,,,,,,,,,,2007.0,1984-11-05,,,2023,11
Chase McLaughlin,TB,K,14717,weighted,,,,,,,,,,,,,,,,,,,,,,,0.0038576269042781,0.0035735048294474,0.490334443998797,0.095882493651538,0.623014225713333,0.12518100443679,0.396887557753663,0.11462342067512,0.217708473382631,0.124808140635395,1.5313436329588,0.32122311693835,,,,,,,,,,,,,,,,,,,,,2019.0,1996-04-09,,,2023,11
Greg Zuerlein,NYJ,K,10868,weighted,,,,,,,,,,,,,,,,,,,,,,,0.0225251708745363,0.0284726414140445,0.313520842478784,0.0979393170655305,0.45467610871872,0.174201622423602,0.406198972289821,0.188648735003128,0.101859840378099,0.0985199665663555,1.44108146067416,0.330504119348235,,,,,,,,,,,,,,,,,,,,,2012.0,1987-12-27,,,2023,11
Eddy Pineiro,CAR,K,13719,weighted,,,,,,,,,,,,,,,,,,,,,,,0.0,0.0,0.352127735169024,0.12022799805531,0.645081398444116,0.163713699365136,0.471380687146625,0.11561104323398,0.151059640850722,0.0743256910833447,1.3050702247191,0.266063151542567,,,,,,,,,,,,,,,,,,,,,2018.0,1995-09-13,,,2023,11
Randy Bullock,NYG,K,10862,weighted,,,,,,,,,,,,,,,,,,,,,,,0.0,0.0,0.472095411104968,0.137890575035549,0.629460548139957,0.183854100047398,0.629460548139957,0.183854100047398,0.0,0.0,1.21650738488271,0.311521954089254,,,,,,,,,,,,,,,,,,,,,2012.0,1989-12-16,,,2023,11
Cade York,NYG,K,15882,weighted,,,,,,,,,,,,,,,,,,,,,,,,,0.408162250369104,0.0898441557272319,0.374148729505012,0.0823571427499626,0.374148729505012,0.0823571427499626,,,0.7043857331572,0.155563491861041,,,,,,,,,,,,,,,,,,,,,2022.0,2001-01-27,,,2023,11
Raiders,LVR,DST,513,weighted,,,,,,,,,,,,,,,,,,,,,,,,,,,,,,,,,,,0.808941798941799,0.0999604026203133,2.01740740740741,0.144283773538827,0.0396536796536796,0.0327940259907227,0.0936026936026936,0.0472564370422652,,,,,,,,,,,,,,,,,2023,11
Bears,CHI,DST,521,weighted,,,,,,,,,,,,,,,,,,,,,,,,,,,,,,,,,,,0.67988936988937,0.207823169260786,1.68791726791727,0.645688462725463,0.0066249799583132,0.0071475894153295,0.0967340067340067,0.050338932823185,,,,,,,,,,,,,,,,,2023,11
Cardinals,ARI,DST,519,weighted,,,,,,,,,,,,,,,,,,,,,,,,,,,,,,,,,,,0.488561808561808,0.261365489184155,2.28996632996633,0.320786755321798,0.0099374699374699,0.0107213841229944,0.0967340067340067,0.050338932823185,,,,,,,,,,,,,,,,,2023,11
Broncos,DEN,DST,511,weighted,,,,,,,,,,,,,,,,,,,,,,,,,,,,,,,,,,,0.856002886002886,0.12673261683278,2.19001924001924,0.240852934847235,0.0132499599166266,0.0142951788306592,0.158888888888889,0.0779425763305142,,,,,,,,,,,,,,,,,2023,11
Buccaneers,TB,DST,525,weighted,,,,,,,,,,,,,,,,,,,,,,,,,,,,,,,,,,,0.731890331890332,0.166630192566195,2.25028379028379,0.204863668616344,0.0099374699374699,0.0107213841229944,0.0951851851851852,0.0492525372397597,,,,,,,,,,,,,,,,,2023,11
Panthers,CAR,DST,527,weighted,,,,,,,,,,,,,,,,,,,,,,,,,,,,,,,,,,,0.778282828282828,0.190233741529172,2.25899470899471,0.338352537167961,0.0099374699374699,0.0107213841229944,0.144737854737855,0.0984722308251774,,,,,,,,,,,,,,,,,2023,11
Jets,NYJ,DST,505,weighted,,,,,,,,,,,,,,,,,,,,,,,,,,,,,,,,,,,0.861048581048581,0.155406004138715,2.07218374218374,0.147758693288917,0.072682379349046,0.0681643424616084,0.116378066378066,0.0671743212558569,,,,,,,,,,,,,,,,,2023,11
Bengals,CIN,DST,506,weighted,,,,,,,,,,,,,,,,,,,,,,,,,,,,,,,,,,,0.904963924963925,0.216694991821562,2.56392015392015,0.266695786858333,0.0099374699374699,0.0107213841229944,0.127426647426647,0.0731621439478838,,,,,,,,,,,,,,,,,2023,11
Eagles,PHI,DST,518,weighted,,,,,,,,,,,,,,,,,,,,,,,,,,,,,,,,,,,0.72028379028379,0.198723315157212,2.52054834054834,0.503168728237493,0.0396536796536796,0.0327940259907227,0.116378066378066,0.0671743212558569,,,,,,,,,,,,,,,,,2023,11
Giants,NYG,DST,517,weighted,,,,,,,,,,,,,,,,,,,,,,,,,,,,,,,,,,,0.923213083213083,0.25352685336947,2.86944203944204,0.712305237232295,0.0099374699374699,0.0107213841229944,0.114829244829245,0.0663541074629503,,,,,,,,,,,,,,,,,2023,11
Titans,TEN,DST,508,weighted,,,,,,,,,,,,,,,,,,,,,,,,,,,,,,,,,,,0.719182299182299,0.155983240139282,2.63804713804714,0.316104334177925,0.0066249799583132,0.0071475894153295,0.100649350649351,0.0820139272316887,,,,,,,,,,,,,,,,,2023,11
Seahawks,SEA,DST,515,weighted,,,,,,,,,,,,,,,,,,,,,,,,,,,,,,,,,,,0.839100529100529,0.119925014216742,2.67016354016354,0.520368708978866,0.0099374699374699,0.0107213841229944,0.132073112073112,0.0743179067815061,,,,,,,,,,,,,,,,,2023,11
Steelers,PIT,DST,510,weighted,,,,,,,,,,,,,,,,,,,,,,,,,,,,,,,,,,,1.20693121693122,0.190861687736195,3.01224146224146,0.080746879287776,0.0462786596119929,0.0313015603781035,0.16043771043771,0.0787826061238604,,,,,,,,,,,,,,,,,2023,11
Packers,GB,DST,523,weighted,,,,,,,,,,,,,,,,,,,,,,,,,,,,,,,,,,,0.78024531024531,0.17545127036928,2.36158249158249,0.379672626675553,0.0132499599166266,0.0142951788306592,0.117926887926888,0.0682158179719883,,,,,,,,,,,,,,,,,2023,11
Rams,LAR,DST,528,weighted,,,,,,,,,,,,,,,,,,,,,,,,,,,,,,,,,,,0.835988455988456,0.110521173137375,2.41347282347282,0.227488548018015,0.0132499599166266,0.0142951788306592,0.103746993746994,0.0845989858162036,,,,,,,,,,,,,,,,,2023,11
Chiefs,KC,DST,512,weighted,,,,,,,,,,,,,,,,,,,,,,,,,,,,,,,,,,,0.871683501683502,0.179409816219165,3.01726791726792,0.321970149189331,0.0437838704505371,0.0320605228190037,0.14006253006253,0.076339766362447,,,,,,,,,,,,,,,,,2023,11
Chargers,LAC,DST,514,weighted,,,,,,,,,,,,,,,,,,,,,,,,,,,,,,,,,,,0.905367965367965,0.188092791741053,2.66632996632997,0.567696271224826,0.0099374699374699,0.0107213841229944,0.158922558922559,0.0772201914694893,,,,,,,,,,,,,,,,,2023,11
Lions,DET,DST,522,weighted,,,,,,,,,,,,,,,,,,,,,,,,,,,,,,,,,,,1.05730158730159,0.372203717726573,3.70136123136123,0.749176439175813,0.0231874298540965,0.0250165629536536,0.15974025974026,0.0996235438999707,,,,,,,,,,,,,,,,,2023,11
Vikings,MIN,DST,524,weighted,,,,,,,,,,,,,,,,,,,,,,,,,,,,,,,,,,,0.747157287157287,0.218845398085084,3.06395382395382,0.424433835955144,0.0099374699374699,0.0107213841229944,0.132073112073112,0.0743179067815061,,,,,,,,,,,,,,,,,2023,11
Texans,HOU,DST,532,weighted,,,,,,,,,,,,,,,,,,,,,,,,,,,,,,,,,,,0.905372775372775,0.163734133000436,2.48281385281385,0.356516333439594,0.0132499599166266,0.0142951788306592,0.141645021645022,0.0766916567668639,,,,,,,,,,,,,,,,,2023,11
Ravens,BAL,DST,531,weighted,,,,,,,,,,,,,,,,,,,,,,,,,,,,,,,,,,,0.839013949013949,0.118631611429311,3.01811928811929,0.606142972522482,0.0132499599166266,0.0142951788306592,0.117893217893218,0.0687438553299963,,,,,,,,,,,,,,,,,2023,11
Dolphins,MIA,DST,503,weighted,,,,,,,,,,,,,,,,,,,,,,,,,,,,,,,,,,,0.824189514189514,0.19136780170428,2.72181337181337,0.414884961911984,0.0495911495911496,0.0311492131305687,0.149389129389129,0.0824827377302157,,,,,,,,,,,,,,,,,2023,11
Jaguars,JAC,DST,509,weighted,,,,,,,,,,,,,,,,,,,,,,,,,,,,,,,,,,,0.948504088504088,0.205737673053835,2.53506493506494,0.474423359733699,0.0198749398749399,0.0214427682459888,0.179264069264069,0.0976644596191068,,,,,,,,,,,,,,,,,2023,11
Cowboys,DAL,DST,516,weighted,,,,,,,,,,,,,,,,,,,,,,,,,,,,,,,,,,,0.972313612313612,0.140594759596983,3.2121645021645,0.505633349607455,0.0529036395703062,0.0314054659641947,0.194992784992785,0.125302324051736,,,,,,,,,,,,,,,,,2023,11
Commanders,WAS,DST,520,weighted,,,,,,,,,,,,,,,,,,,,,,,,,,,,,,,,,,,0.864531024531024,0.172420452714163,3.3898556998557,0.653911500892869,0.0264999198332532,0.0285903576613184,0.135175565175565,0.104403814049127,,,,,,,,,,,,,,,,,2023,11
Browns,CLE,DST,507,weighted,,,,,,,,,,,,,,,,,,,,,,,,,,,,,,,,,,,0.894434824434824,0.152017543113344,2.68608465608466,0.486913400016769,0.053721340388007,0.0313015603781035,0.16037037037037,0.0820463389213504,,,,,,,,,,,,,,,,,2023,11
Bills,BUF,DST,501,weighted,,,,,,,,,,,,,,,,,,,,,,,,,,,,,,,,,,,0.884704184704185,0.113096513473311,3.51583934583935,0.480504409484781,0.0198749398749399,0.0214427682459888,0.146257816257816,0.0807824476840323,,,,,,,,,,,,,,,,,2023,11
49ers,SF,DST,530,weighted,,,,,,,,,,,,,,,,,,,,,,,,,,,,,,,,,,,1.02352092352092,0.226349315584913,2.24088023088023,0.302119231897782,0.0165624498957832,0.017868973538324,0.133626743626744,0.102593155793886,,,,,,,,,,,,,,,,,2023,11
Maxx Crosby,LVR,DL,14225,weighted,,,,,,,,,,,,,,,,,,,,,,,,,,,,,,,,,,,,,,,,,,,,,3.42389972144847,1.69129028830117,0.685069637883008,0.0143272187262881,0.0,0.0,0.114930362116992,0.0143272187262882,0.0049767873723305,0.0047757395754293,2019.0,1997-08-22,,,2023,11
Derrick Brown,CAR,DL,14897,weighted,,,,,,,,,,,,,,,,,,,,,,,,,,,,,,,,,,,,,,,,,,,,,3.52813559322034,2.17788888605457,0.17442218798151,0.106066017177982,0.0049614791987673,0.0070710678118654,0.195038520801233,0.0070710678118654,0.0049614791987673,0.0070710678118654,2020.0,1998-04-15,,,2023,11
Harrison Phillips,MIN,DL,13693,weighted,,,,,,,,,,,,,,,,,,,,,,,,,,,,,,,,,,,,,,,,,,,,,3.68083204930663,1.68291413922398,0.185115562403698,0.0212132034355964,0.0,0.0,0.134730354391371,0.0494974746830583,0.0,0.0,2018.0,1996-01-25,,,2023,11
Danielle Hunter,MIN,DL,12221,weighted,,,,,,,,,,,,,,,,,,,,,,,,,,,,,,,,,,,,,,,,,,,,,3.41255338904364,1.15157473213278,0.984605385329619,0.0811875727822996,0.0049767873723305,0.0047757395754293,0.135301764159703,0.062084614480582,0.0049767873723305,0.0047757395754293,2015.0,1994-10-29,,,2023,11
Christian Wilkins,MIA,DL,14162,weighted,,,,,,,,,,,,,,,,,,,,,,,,,,,,,,,,,,,,,,,,,,,,,3.59725731895223,1.42128463018496,0.4,7.85069528229409e-17,0.0049614791987673,0.0070710678118654,0.22557781201849,0.106066017177982,0.0049614791987673,0.0070710678118654,2019.0,1970-01-01,,,2023,11
Myles Garrett,CLE,DL,13198,weighted,,,,,,,,,,,,,,,,,,,,,,,,,,,,,,,,,,,,,,,,,,,,,2.77656453110492,1.16903782337176,0.980092850510678,0.0191029583017176,0.0,0.0,0.135301764159703,0.062084614480582,0.0049767873723305,0.0047757395754293,2017.0,1995-12-29,,,2023,11
Dexter Lawrence,NYG,DL,14159,weighted,,,,,,,,,,,,,,,,,,,,,,,,,,,,,,,,,,,,,,,,,,,,,2.43818012999071,1.36571773017919,0.385069637883008,0.0143272187262882,0.0,0.0,0.114930362116992,0.0143272187262882,0.0049767873723305,0.0047757395754293,2019.0,1997-11-12,,,2023,11
Amare Barno,CAR,DL,15915,weighted,,,,,,,,,,,,,,,,,,,,,,,,,,,,,,,,,,,,,,,,,,,,,3.99570666666667,0.0070710678118653,0.54,0.0,0.01,0.0,0.14,0.0,0.01,0.0,2022.0,1999-04-26,,,2023,11
Rashan Gary,GB,DL,14149,weighted,,,,,,,,,,,,,,,,,,,,,,,,,,,,,,,,,,,,,,,,,,,,,2.16843082636955,1.39982225918012,0.433909006499536,0.224459760045181,0.0049767873723305,0.0047757395754293,0.160185701021356,0.0382059166034351,0.0049767873723305,0.0047757395754293,2019.0,1997-12-03,Q,Shoulder,2023,11
Jonathan Allen,WAS,DL,13208,weighted,,,,,,,,,,,,,,,,,,,,,,,,,,,,,,,,,,,,,,,,,,,,,2.71910863509749,1.12272294656899,0.559721448467967,0.0573088749051527,0.0049767873723305,0.0047757395754293,0.109953574744661,0.0095514791508587,0.0049767873723305,0.0047757395754293,2017.0,1995-01-16,,,2023,11
Josh Sweat,PHI,DL,13690,weighted,,,,,,,,,,,,,,,,,,,,,,,,,,,,,,,,,,,,,,,,,,,,,2.56506963788301,1.06466116930148,0.695487465181058,0.100290531084017,0.0049767873723305,0.0047757395754293,0.0597214484679666,0.0573088749051527,0.0049767873723305,0.0047757395754293,2018.0,1997-03-29,,,2023,11
D.J. Wonnum,MIN,DL,14947,weighted,,,,,,,,,,,,,,,,,,,,,,,,,,,,,,,,,,,,,,,,,,,,,2.20523676880223,1.32242484444635,0.544791086350975,0.0429816561788645,0.0049767873723305,0.0047757395754293,0.155208913649025,0.0429816561788645,0.0552089136490251,0.0429816561788645,2020.0,1997-10-31,,,2023,11
Zach Allen,DEN,DL,14153,weighted,,,,,,,,,,,,,,,,,,,,,,,,,,,,,,,,,,,,,,,,,,,,,2.84764252696456,1.35057395206631,0.349614791987673,0.0707106781186548,0.0049614791987673,0.0070710678118654,0.170231124807396,0.0424264068711928,0.0049614791987673,0.0070710678118654,2019.0,1997-08-20,,,2023,11
Tedarrell Slaton,GB,DL,15446,weighted,,,,,,,,,,,,,,,,,,,,,,,,,,,,,,,,,,,,,,,,,,,,,3.80429333333333,0.0070710678118656,0.08,0.0,0.0,0.0,0.16,0.0,0.01,0.0,2021.0,1997-10-03,,,2023,11
Jeffery Simmons,TEN,DL,14163,weighted,,,,,,,,,,,,,,,,,,,,,,,,,,,,,,,,,,,,,,,,,,,,,3.15568567026194,0.791959594928933,0.514884437596302,0.0212132034355964,0.0,0.0,0.205731895223421,0.134350288425444,0.0049614791987673,0.0070710678118654,2019.0,1997-07-28,,,2023,11
Aaron Donald,LAR,DL,11757,weighted,,,,,,,,,,,,,,,,,,,,,,,,,,,,,,,,,,,,,,,,,,,,,2.20241411327762,1.33115871421169,0.530324976787372,0.0668603540560114,0.0,0.0,0.109953574744661,0.0095514791508587,0.0049767873723305,0.0047757395754293,2014.0,1991-05-23,,,2023,11
Kayvon Thibodeaux,NYG,DL,15806,weighted,,,,,,,,,,,,,,,,,,,,,,,,,,,,,,,,,,,,,,,,,,,,,2.19719591457753,1.17486229803227,0.745255338904364,0.0525331353297233,0.0049767873723305,0.0047757395754293,0.150232126276695,0.0477573957542939,0.0049767873723305,0.0047757395754293,2022.0,2000-12-15,,,2023,11
Da'Ron Payne,WAS,DL,13723,weighted,,,,,,,,,,,,,,,,,,,,,,,,,,,,,,,,,,,,,,,,,,,,,2.14807799442897,1.26613893700214,0.39455896007428,0.0907390519331584,0.0049767873723305,0.0047757395754293,0.114930362116992,0.0143272187262882,0.0049767873723305,0.0047757395754293,2018.0,1997-05-27,,,2023,11
Roy Robertson-Harris,JAC,DL,13434,weighted,,,,,,,,,,,,,,,,,,,,,,,,,,,,,,,,,,,,,,,,,,,,,2.29075500770416,1.69705627484771,0.199229583975347,0.14142135623731,0.0,0.0,0.114884437596302,0.0212132034355964,0.0049614791987673,0.0070710678118654,2016.0,1993-07-23,Q,Ankle,2023,11
Quinnen Williams,NYJ,DL,14157,weighted,,,,,,,,,,,,,,,,,,,,,,,,,,,,,,,,,,,,,,,,,,,,,2.24120705663881,0.975399466039613,0.319907149489322,0.0191029583017176,0.0552089136490251,0.0429816561788645,0.220371402042711,0.0764118332068702,0.0049767873723305,0.0047757395754293,2019.0,1997-12-21,,,2023,11
Aidan Hutchinson,DET,DL,15805,weighted,,,,,,,,,,,,,,,,,,,,,,,,,,,,,,,,,,,,,,,,,,,,,2.45156917363046,0.799047788389264,0.763769730733519,0.253114197497758,0.0701392757660167,0.0286544374525763,0.21041782729805,0.085963312357729,0.0049767873723305,0.0047757395754293,2022.0,2000-08-09,,,2023,11
Justin Madubuike,BAL,DL,14900,weighted,,,,,,,,,,,,,,,,,,,,,,,,,,,,,,,,,,,,,,,,,,,,,2.76560862865948,0.806101730552664,0.590847457627119,0.15556349186104,0.0,0.0,0.0545762711864407,0.0777817459305202,0.0049614791987673,0.0070710678118654,2020.0,1997-11-17,,,2023,11
Bradley Chubb,MIA,DL,13681,weighted,,,,,,,,,,,,,,,,,,,,,,,,,,,,,,,,,,,,,,,,,,,,,2.2900278551532,0.930128187300588,0.570139275766017,0.0286544374525763,0.0049767873723305,0.0047757395754293,0.109953574744661,0.0095514791508587,0.0049767873723305,0.0047757395754293,2018.0,1996-06-24,,,2023,11
B.J. Hill,CIN,DL,13742,weighted,,,,,,,,,,,,,,,,,,,,,,,,,,,,,,,,,,,,,,,,,,,,,2.16259981429898,0.944345023579787,0.324883936861653,0.0238786978771469,0.0049767873723305,0.0047757395754293,0.215394614670381,0.0811875727822996,0.0049767873723305,0.0047757395754293,2018.0,1995-04-20,,,2023,11
Jonathan Ledbetter,ARI,DL,14400,weighted,,,,,,,,,,,,,,,,,,,,,,,,,,,,,,,,,,,,,,,,,,,,,3.29570666666667,0.0070710678118653,0.25,0.0,0.0,0.0,0.14,0.0,0.01,0.0,2019.0,1997-09-12,O,Shoulder,2023,11
Trey Hendrickson,CIN,DL,13284,weighted,,,,,,,,,,,,,,,,,,,,,,,,,,,,,,,,,,,,,,,,,,,,,2.12625812441968,0.947593466799571,0.88958217270195,0.085963312357729,0.0,0.0,0.125348189415042,0.0716360936314408,0.0049767873723305,0.0047757395754293,2017.0,1994-12-05,,,2023,11
Michael Danna,KC,DL,14978,weighted,,,,,,,,,,,,,,,,,,,,,,,,,,,,,,,,,,,,,,,,,,,,,2.25409470752089,0.862985541076605,0.475116063138347,0.0238786978771469,0.0,0.0,0.155208913649025,0.0429816561788645,0.0049767873723305,0.0047757395754293,2020.0,1997-12-04,,,2023,11
Larry Ogunjobi,PIT,DL,13265,weighted,,,,,,,,,,,,,,,,,,,,,,,,,,,,,,,,,,,,,,,,,,,,,2.67057010785824,0.813172798364529,0.285115562403698,0.0212132034355964,0.0,0.0,0.0644992295839753,0.0919238815542512,0.0049614791987673,0.0070710678118654,2017.0,1994-06-03,,,2023,11
Javon Hargrave,SF,DL,12764,weighted,,,,,,,,,,,,,,,,,,,,,,,,,,,,,,,,,,,,,,,,,,,,,2.110547818013,1.03429896339217,0.495487465181059,0.100290531084017,0.0,0.0,0.109953574744661,0.0095514791508587,0.0049767873723305,0.0047757395754293,2016.0,1993-02-07,,,2023,11
Jaelan Phillips,MIA,DL,15349,weighted,,,,,,,,,,,,,,,,,,,,,,,,,,,,,,,,,,,,,,,,,,,,,2.34966887417219,1.06066017177982,0.5,0.0,0.0,0.0,0.0,0.0,0.0,0.0,2021.0,1999-05-28,,,2023,11
Zaven Collins,ARI,DL,15352,weighted,,,,,,,,,,,,,,,,,,,,,,,,,,,,,,,,,,,,,,,,,,,,,2.59364238410596,0.989949493661167,0.4,7.92166417128973e-17,0.1,1.98041604282243e-17,0.2,3.96083208564486e-17,0.0,0.0,2021.0,1999-05-19,,,2023,11
Nick Bosa,SF,DL,14147,weighted,,,,,,,,,,,,,,,,,,,,,,,,,,,,,,,,,,,,,,,,,,,,,2.50460538532962,0.599743705692211,0.735301764159703,0.062084614480582,0.0049767873723305,0.0047757395754293,0.150232126276695,0.0477573957542939,0.0049767873723305,0.0047757395754293,2019.0,1997-10-23,,,2023,11
Montez Sweat,CHI,DL,14148,weighted,,,,,,,,,,,,,,,,,,,,,,,,,,,,,,,,,,,,,,,,,,,,,2.34053853296193,0.688272818454656,0.525348189415042,0.0716360936314408,0.0049767873723305,0.0047757395754293,0.21041782729805,0.085963312357729,0.0049767873723305,0.0047757395754293,2019.0,1996-09-04,,,2023,11
Demarcus Lawrence,DAL,DL,11769,weighted,,,,,,,,,,,,,,,,,,,,,,,,,,,,,,,,,,,,,,,,,,,,,1.9297121634169,0.883948033111746,0.359721448467967,0.0573088749051527,0.0049767873723305,0.0047757395754293,0.160185701021356,0.0382059166034351,0.0049767873723305,0.0047757395754293,2014.0,1992-04-28,,,2023,11
T.J. Watt,PIT,DL,13214,weighted,,,,,,,,,,,,,,,,,,,,,,,,,,,,,,,,,,,,,,,,,,,,,2.50317880794702,0.494974746830583,1.1,0.0,0.1,1.98041604282243e-17,0.6,0.0,0.1,1.98041604282243e-17,2017.0,1994-10-11,,,2023,11
Casey Toohill,WAS,DL,15010,weighted,,,,,,,,,,,,,,,,,,,,,,,,,,,,,,,,,,,,,,,,,,,,,2.9,0.0,0.44,7.93006376302522e-17,0.0,0.0,0.11,1.9825159407563102e-17,0.01,0.0,2020.0,1996-08-21,,,2023,11
Chris Jones,KC,DL,12741,weighted,,,,,,,,,,,,,,,,,,,,,,,,,,,,,,,,,,,,,,,,,,,,,1.89043639740019,0.867139354122856,0.735301764159703,0.062084614480582,0.0049767873723305,0.0047757395754293,0.200464252553389,0.0955147915085878,0.0049767873723305,0.0047757395754293,2016.0,1994-07-03,,,2023,11
George Karlaftis,KC,DL,15808,weighted,,,,,,,,,,,,,,,,,,,,,,,,,,,,,,,,,,,,,,,,,,,,,1.69853296193129,0.999376636333357,0.590510677808728,0.105066270659447,0.0049767873723305,0.0047757395754293,0.255673166202414,0.138496447687452,0.0049767873723305,0.0047757395754293,2022.0,2001-04-03,,,2023,11
Boye Mafe,SEA,DL,15853,weighted,,,,,,,,,,,,,,,,,,,,,,,,,,,,,,,,,,,,,,,,,,,,,2.1764238410596,0.777817459305202,0.8,1.58433283425795e-16,0.0,0.0,0.2,3.96083208564486e-17,0.0,0.0,2022.0,1998-11-30,,,2023,11
Gregory Rousseau,BUF,DL,15346,weighted,,,,,,,,,,,,,,,,,,,,,,,,,,,,,,,,,,,,,,,,,,,,,2.0764238410596,0.777817459305202,0.6,0.0,0.0,0.0,0.4,7.92166417128973e-17,0.0,0.0,2021.0,2000-04-05,,,2023,11
Harold Landry,TEN,DL,13700,weighted,,,,,,,,,,,,,,,,,,,,,,,,,,,,,,,,,,,,,,,,,,,,,2.0764238410596,0.777817459305202,0.8,1.58433283425795e-16,0.0,0.0,0.1,1.98041604282243e-17,0.0,0.0,2018.0,1996-06-05,,,2023,11
Yannick Ngakoue,CHI,DL,12756,weighted,,,,,,,,,,,,,,,,,,,,,,,,,,,,,,,,,,,,,,,,,,,,,1.89218198700093,0.634661480288329,0.474651810584958,0.0716360936314408,0.0099535747446611,0.0095514791508587,0.0597214484679666,0.0573088749051527,0.0049767873723305,0.0047757395754293,2016.0,1995-03-31,,,2023,11
Denico Autry,TEN,DL,12083,weighted,,,,,,,,,,,,,,,,,,,,,,,,,,,,,,,,,,,,,,,,,,,,,2.21676425269646,0.5939696961967,0.635500770416025,0.0919238815542512,0.0,0.0,0.246194144838213,0.21920310216783,0.0049614791987673,0.0070710678118654,,,,,2023,11
Micah Parsons,DAL,DL,15350,weighted,,,,,,,,,,,,,,,,,,,,,,,,,,,,,,,,,,,,,,,,,,,,,2.03311258278146,0.707106781186548,1.0,0.0,0.0,0.0,0.3,0.0,0.0,0.0,2021.0,1999-05-26,,,2023,11
Josh Allen,JAC,DL,14167,weighted,,,,,,,,,,,,,,,,,,,,,,,,,,,,,,,,,,,,,,,,,,,,,2.25986754966887,0.424264068711929,1.0,0.0,0.0,0.0,0.0,0.0,0.0,0.0,2019.0,1997-07-13,,,2023,11
Khalil Mack,LAC,DL,11721,weighted,,,,,,,,,,,,,,,,,,,,,,,,,,,,,,,,,,,,,,,,,,,,,2.04649006622517,0.565685424949238,0.8,1.58433283425795e-16,0.0,0.0,0.3,0.0,0.0,0.0,2014.0,1991-02-22,,,2023,11
Preston Smith,GB,DL,12270,weighted,,,,,,,,,,,,,,,,,,,,,,,,,,,,,,,,,,,,,,,,,,,,,2.15986754966887,0.424264068711929,0.8,1.58433283425795e-16,0.0,0.0,0.3,0.0,0.0,0.0,2015.0,1992-11-17,,,2023,11
Jonathan Greenard,HOU,DL,14882,weighted,,,,,,,,,,,,,,,,,,,,,,,,,,,,,,,,,,,,,,,,,,,,,2.21655629139073,0.353553390593274,0.7,0.0,0.0,0.0,0.1,1.98041604282243e-17,0.0,0.0,2020.0,1997-05-25,,,2023,11
Byron Young,LAR,DL,16276,weighted,,,,,,,,,,,,,,,,,,,,,,,,,,,,,,,,,,,,,,,,,,,,,1.59298013245033,1.13137084989848,0.3,0.0,0.0,0.0,0.1,1.98041604282243e-17,0.0,0.0,2023.0,1998-03-13,,,2023,11
Jonathon Cooper,DEN,DL,15484,weighted,,,,,,,,,,,,,,,,,,,,,,,,,,,,,,,,,,,,,,,,,,,,,1.83311258278146,0.707106781186548,0.6,0.0,0.0,0.0,0.1,1.98041604282243e-17,0.1,1.98041604282243e-17,2021.0,1998-01-08,,,2023,11
Shaquil Barrett,TB,DL,12075,weighted,,,,,,,,,,,,,,,,,,,,,,,,,,,,,,,,,,,,,,,,,,,,,2.11655629139073,0.353553390593274,0.5,0.0,0.1,1.98041604282243e-17,0.2,3.96083208564486e-17,0.1,1.98041604282243e-17,2014.0,1992-11-17,,,2023,11
Joey Bosa,LAC,DL,12686,weighted,,,,,,,,,,,,,,,,,,,,,,,,,,,,,,,,,,,,,,,,,,,,,1.61973509933775,0.848528137423857,0.9,0.0,0.0,0.0,0.1,1.98041604282243e-17,0.0,0.0,2016.0,1995-07-11,,,2023,11
Alex Highsmith,PIT,DL,14940,weighted,,,,,,,,,,,,,,,,,,,,,,,,,,,,,,,,,,,,,,,,,,,,,1.6764238410596,0.777817459305202,0.6,0.0,0.1,1.98041604282243e-17,0.2,3.96083208564486e-17,0.1,1.98041604282243e-17,2020.0,1997-08-07,,,2023,11
Brian Burns,CAR,DL,14171,weighted,,,,,,,,,,,,,,,,,,,,,,,,,,,,,,,,,,,,,,,,,,,,,1.50635761589404,0.989949493661166,0.6,0.0,0.0,0.0,0.1,1.98041604282243e-17,0.0,0.0,2019.0,1998-04-23,,,2023,11
Michael Hoecht,LAR,DL,15565,weighted,,,,,,,,,,,,,,,,,,,,,,,,,,,,,,,,,,,,,,,,,,,,,1.90317880794702,0.494974746830583,0.5,0.0,0.0,0.0,0.0,0.0,0.0,0.0,2020.0,1997-10-05,,,2023,11
Ed Oliver,BUF,DL,14158,weighted,,,,,,,,,,,,,,,,,,,,,,,,,,,,,,,,,,,,,,,,,,,,,1.46304635761589,0.919238815542512,0.5,0.0,0.0,0.0,0.1,1.98041604282243e-17,0.0,0.0,2019.0,1997-12-12,,,2023,11
Charles Harris,DET,DL,13204,weighted,,,,,,,,,,,,,,,,,,,,,,,,,,,,,,,,,,,,,,,,,,,,,1.5764238410596,0.777817459305202,0.4,7.92166417128973e-17,0.0,0.0,0.1,1.98041604282243e-17,0.0,0.0,2017.0,,,,2023,11
Jayson Oweh,BAL,DL,15378,weighted,,,,,,,,,,,,,,,,,,,,,,,,,,,,,,,,,,,,,,,,,,,,,1.64649006622517,0.565685424949238,0.6,0.0,0.0,0.0,0.1,1.98041604282243e-17,0.0,0.0,2021.0,1998-12-15,,,2023,11
Sheldon Rankins,HOU,DL,12735,weighted,,,,,,,,,,,,,,,,,,,,,,,,,,,,,,,,,,,,,,,,,,,,,1.58980132450331,0.636396103067893,0.4,7.92166417128973e-17,0.0,0.0,0.0,0.0,0.0,0.0,2016.0,1994-04-02,,,2023,11
Vita Vea,TB,DL,13692,weighted,,,,,,,,,,,,,,,,,,,,,,,,,,,,,,,,,,,,,,,,,,,,,1.3764238410596,0.777817459305202,0.4,7.92166417128973e-17,0.0,0.0,0.0,0.0,0.0,0.0,2018.0,1995-02-05,,,2023,11
Andrew Van Ginkel,MIA,DL,14249,weighted,,,,,,,,,,,,,,,,,,,,,,,,,,,,,,,,,,,,,,,,,,,,,1.20635761589404,0.989949493661167,0.2,3.96083208564486e-17,0.0,0.0,0.2,3.96083208564486e-17,0.0,0.0,2019.0,1995-07-01,,,2023,11
Tuli Tuipulotu,LAC,DL,16266,weighted,,,,,,,,,,,,,,,,,,,,,,,,,,,,,,,,,,,,,,,,,,,,,1.48980132450331,0.636396103067893,0.3,0.0,0.0,0.0,0.0,0.0,0.0,0.0,2023.0,2002-09-03,,,2023,11
Will Anderson,HOU,DL,16223,weighted,,,,,,,,,,,,,,,,,,,,,,,,,,,,,,,,,,,,,,,,,,,,,1.94331125827815,0.0707106781186548,0.3,0.0,0.0,0.0,0.0,0.0,0.0,0.0,2023.0,2001-09-02,Q,Knee,2023,11
Justin Jones,CHI,DL,13748,weighted,,,,,,,,,,,,,,,,,,,,,,,,,,,,,,,,,,,,,,,,,,,,,1.21973509933775,0.848528137423857,0.2,3.96083208564486e-17,0.0,0.0,0.3,0.0,0.0,0.0,2018.0,1995-08-17,,,2023,11
Osa Odighizuwa,DAL,DL,15393,weighted,,,,,,,,,,,,,,,,,,,,,,,,,,,,,,,,,,,,,,,,,,,,,1.2764238410596,0.777817459305202,0.3,0.0,0.0,0.0,0.0,0.0,0.0,0.0,2021.0,1998-08-13,,,2023,11
Nik Bonitto,DEN,DL,15861,weighted,,,,,,,,,,,,,,,,,,,,,,,,,,,,,,,,,,,,,,,,,,,,,1.34649006622517,0.565685424949238,0.4,7.92166417128973e-17,0.0,0.0,0.2,3.96083208564486e-17,0.0,0.0,2022.0,1999-09-26,,,2023,11
Joe Tryon,TB,DL,15379,weighted,,,,,,,,,,,,,,,,,,,,,,,,,,,,,,,,,,,,,,,,,,,,,1.40317880794702,0.494974746830583,0.2,3.96083208564486e-17,0.0,0.0,0.1,1.98041604282243e-17,0.0,0.0,2021.0,1999-04-30,,,2023,11
D.J. Reader,CIN,DL,12802,weighted,,,,,,,,,,,,,,,,,,,,,,,,,,,,,,,,,,,,,,,,,,,,,1.28980132450331,0.636396103067893,0.2,3.96083208564486e-17,0.0,0.0,0.2,3.96083208564486e-17,0.0,0.0,2016.0,1994-07-01,,,2023,11
Jermaine Johnson,NYJ,DL,15809,weighted,,,,,,,,,,,,,,,,,,,,,,,,,,,,,,,,,,,,,,,,,,,,,1.24649006622517,0.565685424949238,0.5,0.0,0.0,0.0,0.3,0.0,0.0,0.0,2022.0,1999-01-08,,,2023,11
Tyus Bowser,BAL,DL,13256,weighted,,,,,,,,,,,,,,,,,,,,,,,,,,,,,,,,,,,,,,,,,,,,,1.35986754966887,0.424264068711928,0.4,7.92166417128973e-17,0.0,0.0,0.2,3.96083208564486e-17,0.0,0.0,2017.0,1995-05-23,,Knee,2023,11
Jihad Ward,NYG,DL,12744,weighted,,,,,,,,,,,,,,,,,,,,,,,,,,,,,,,,,,,,,,,,,,,,,0.963046357615894,0.919238815542512,0.3,0.0,0.0,0.0,0.1,1.98041604282243e-17,0.0,0.0,2016.0,1994-03-11,,,2023,11
Markus Golden,PIT,DL,12278,weighted,,,,,,,,,,,,,,,,,,,,,,,,,,,,,,,,,,,,,,,,,,,,,1.13311258278146,0.707106781186548,0.3,0.0,0.0,0.0,0.0,0.0,0.0,0.0,,,,,2023,11
Jerry Hughes,HOU,DL,9853,weighted,,,,,,,,,,,,,,,,,,,,,,,,,,,,,,,,,,,,,,,,,,,,,1.24649006622517,0.565685424949238,0.2,3.96083208564486e-17,0.0,0.0,0.1,1.98041604282243e-17,0.0,0.0,2010.0,1988-08-13,,,2023,11
Jadeveon Clowney,BAL,DL,11706,weighted,,,,,,,,,,,,,,,,,,,,,,,,,,,,,,,,,,,,,,,,,,,,,1.08980132450331,0.636396103067893,0.5,0.0,0.0,0.0,0.3,0.0,0.0,0.0,2014.0,1993-02-14,,,2023,11
Malcolm Koonce,LVR,DL,15395,weighted,,,,,,,,,,,,,,,,,,,,,,,,,,,,,,,,,,,,,,,,,,,,,1.03311258278146,0.707106781186548,0.4,7.92166417128973e-17,0.0,0.0,0.0,0.0,0.0,0.0,2021.0,1998-06-06,,,2023,11
Arik Armstead,SF,DL,12218,weighted,,,,,,,,,,,,,,,,,,,,,,,,,,,,,,,,,,,,,,,,,,,,,1.14649006622517,0.565685424949238,0.2,3.96083208564486e-17,0.0,0.0,0.1,1.98041604282243e-17,0.0,0.0,2015.0,1993-11-15,,,2023,11
Efe Obada,WAS,DL,13929,weighted,,,,,,,,,,,,,,,,,,,,,,,,,,,,,,,,,,,,,,,,,,,,,0.989801324503311,0.636396103067893,0.3,0.0,0.0,0.0,0.5,0.0,0.0,0.0,2015.0,1991-03-18,,,2023,11
Dorance Armstrong,DAL,DL,13759,weighted,,,,,,,,,,,,,,,,,,,,,,,,,,,,,,,,,,,,,,,,,,,,,0.933112582781457,0.707106781186548,0.5,0.0,0.0,0.0,0.0,0.0,0.0,0.0,2018.0,1997-06-10,,,2023,11
ZaDarius Smith,CLE,DL,12301,weighted,,,,,,,,,,,,,,,,,,,,,,,,,,,,,,,,,,,,,,,,,,,,,1.04649006622517,0.565685424949238,0.3,0.0,0.0,0.0,0.2,3.96083208564486e-17,0.0,0.0,,1992-09-08,,,2023,11
Baron Browning,DEN,DL,15356,weighted,,,,,,,,,,,,,,,,,,,,,,,,,,,,,,,,,,,,,,,,,,,,,1.10317880794702,0.494974746830583,0.2,3.96083208564486e-17,0.0,0.0,0.2,3.96083208564486e-17,0.0,0.0,2021.0,1999-02-19,,,2023,11
Michael Pierce,BAL,DL,12952,weighted,,,,,,,,,,,,,,,,,,,,,,,,,,,,,,,,,,,,,,,,,,,,,1.04649006622517,0.565685424949238,0.1,1.98041604282243e-17,0.0,0.0,0.2,3.96083208564486e-17,0.0,0.0,2016.0,1992-11-06,,,2023,11
Jordan Davis,PHI,DL,15817,weighted,,,,,,,,,,,,,,,,,,,,,,,,,,,,,,,,,,,,,,,,,,,,,0.719735099337748,0.848528137423857,0.3,0.0,0.0,0.0,0.0,0.0,0.0,0.0,2022.0,2000-01-12,,,2023,11
Romeo Okwara,DET,DL,12948,weighted,,,,,,,,,,,,,,,,,,,,,,,,,,,,,,,,,,,,,,,,,,,,,0.776423841059603,0.777817459305202,0.2,3.96083208564486e-17,0.0,0.0,0.0,0.0,0.0,0.0,2016.0,1995-06-17,,,2023,11
Travon Walker,JAC,DL,15815,weighted,,,,,,,,,,,,,,,,,,,,,,,,,,,,,,,,,,,,,,,,,,,,,1.18662251655629,0.141421356237309,0.4,7.92166417128973e-17,0.0,0.0,0.1,1.98041604282243e-17,0.0,0.0,2022.0,2000-12-18,,,2023,11
Darrell Taylor,SEA,DL,14923,weighted,,,,,,,,,,,,,,,,,,,,,,,,,,,,,,,,,,,,,,,,,,,,,0.959867549668874,0.424264068711929,0.4,7.92166417128973e-17,0.0,0.0,0.1,1.98041604282243e-17,0.0,0.0,2020.0,1997-03-24,,,2023,11
Ogbonnia Okoronkwo,CLE,DL,13685,weighted,,,,,,,,,,,,,,,,,,,,,,,,,,,,,,,,,,,,,,,,,,,,,0.846490066225166,0.565685424949238,0.2,3.96083208564486e-17,0.0,0.0,0.1,1.98041604282243e-17,0.0,0.0,2018.0,1995-04-24,,,2023,11
Myles Murphy,CIN,DL,16224,weighted,,,,,,,,,,,,,,,,,,,,,,,,,,,,,,,,,,,,,,,,,,,,,0.733112582781457,0.707106781186548,0.1,1.98041604282243e-17,0.0,0.0,0.0,0.0,0.0,0.0,2023.0,2002-01-03,,,2023,11
Von Miller,BUF,DL,10267,weighted,,,,,,,,,,,,,,,,,,,,,,,,,,,,,,,,,,,,,,,,,,,,,0.916556291390728,0.353553390593274,0.2,3.96083208564486e-17,0.0,0.0,0.1,1.98041604282243e-17,0.0,0.0,2011.0,1989-03-26,,,2023,11
Brandon Graham,PHI,DL,9826,weighted,,,,,,,,,,,,,,,,,,,,,,,,,,,,,,,,,,,,,,,,,,,,,0.646490066225166,0.565685424949238,0.5,0.0,0.0,0.0,0.0,0.0,0.0,0.0,2010.0,1988-04-03,,,2023,11
Arden Key,TEN,DL,13682,weighted,,,,,,,,,,,,,,,,,,,,,,,,,,,,,,,,,,,,,,,,,,,,,0.363046357615894,0.919238815542512,0.2,3.96083208564486e-17,0.0,0.0,0.1,1.98041604282243e-17,0.0,0.0,2018.0,1996-05-03,,,2023,11
Tyree Wilson,LVR,DL,16226,weighted,,,,,,,,,,,,,,,,,,,,,,,,,,,,,,,,,,,,,,,,,,,,,0.533112582781457,0.707106781186548,0.2,3.96083208564486e-17,0.0,0.0,0.1,1.98041604282243e-17,0.0,0.0,2023.0,2000-05-20,,,2023,11
Carl Lawson,NYJ,DL,13202,weighted,,,,,,,,,,,,,,,,,,,,,,,,,,,,,,,,,,,,,,,,,,,,,0.589801324503311,0.636396103067893,0.3,0.0,0.0,0.0,0.0,0.0,0.0,0.0,2017.0,1995-06-29,,,2023,11
Rashad Weaver,TEN,DL,15347,weighted,,,,,,,,,,,,,,,,,,,,,,,,,,,,,,,,,,,,,,,,,,,,,0.533112582781457,0.707106781186548,0.1,1.98041604282243e-17,0.0,0.0,0.3,0.0,0.0,0.0,2021.0,1997-11-10,,,2023,11
K'Lavon Chaisson,JAC,DL,14888,weighted,,,,,,,,,,,,,,,,,,,,,,,,,,,,,,,,,,,,,,,,,,,,,0.816556291390728,0.353553390593274,0.2,3.96083208564486e-17,0.0,0.0,0.1,1.98041604282243e-17,0.0,0.0,2020.0,1999-07-25,,,2023,11
Frank Clark,SEA,DL,12280,weighted,,,,,,,,,,,,,,,,,,,,,,,,,,,,,,,,,,,,,,,,,,,,,0.759867549668874,0.424264068711929,0.0,0.0,0.0,0.0,0.0,0.0,0.0,0.0,2015.0,1993-06-14,,,2023,11
A.J. Epenesa,BUF,DL,14879,weighted,,,,,,,,,,,,,,,,,,,,,,,,,,,,,,,,,,,,,,,,,,,,,0.489801324503311,0.636396103067893,0.6,0.0,0.1,1.98041604282243e-17,0.5,0.0,0.1,1.98041604282243e-17,2020.0,1998-09-15,,,2023,11
Quinton Jefferson,NYJ,DL,12796,weighted,,,,,,,,,,,,,,,,,,,,,,,,,,,,,,,,,,,,,,,,,,,,,0.546490066225166,0.565685424949238,0.3,0.0,0.0,0.0,0.1,1.98041604282243e-17,0.0,0.0,2016.0,,,,2023,11
Jalen Carter,PHI,DL,16233,weighted,,,,,,,,,,,,,,,,,,,,,,,,,,,,,,,,,,,,,,,,,,,,,0.389801324503311,0.636396103067893,0.3,0.0,0.0,0.0,0.0,0.0,0.0,0.0,2023.0,2001-04-04,,,2023,11
Chase Young,SF,DL,14877,weighted,,,,,,,,,,,,,,,,,,,,,,,,,,,,,,,,,,,,,,,,,,,,,0.50317880794702,0.494974746830583,0.4,7.92166417128973e-17,0.0,0.0,0.2,3.96083208564486e-17,0.0,0.0,2020.0,1999-04-14,,,2023,11
John Franklin-Myers,NYJ,DL,13770,weighted,,,,,,,,,,,,,,,,,,,,,,,,,,,,,,,,,,,,,,,,,,,,,0.219735099337748,0.848528137423857,0.3,0.0,0.0,0.0,0.1,1.98041604282243e-17,0.0,0.0,2018.0,1996-09-26,,,2023,11
YaYa Diaby,TB,DL,16278,weighted,,,,,,,,,,,,,,,,,,,,,,,,,,,,,,,,,,,,,,,,,,,,,0.416556291390728,0.353553390593274,0.2,3.96083208564486e-17,0.0,0.0,0.0,0.0,0.0,0.0,2023.0,1999-05-30,,,2023,11
Randy Gregory,SF,DL,12215,weighted,,,,,,,,,,,,,,,,,,,,,,,,,,,,,,,,,,,,,,,,,,,,,0.373245033112583,0.282842712474619,0.1,1.98041604282243e-17,0.0,0.0,0.1,1.98041604282243e-17,0.0,0.0,2015.0,1992-11-23,,,2023,11
Will McDonald,NYJ,DL,16252,weighted,,,,,,,,,,,,,,,,,,,,,,,,,,,,,,,,,,,,,,,,,,,,,0.316556291390728,0.353553390593274,0.0,0.0,0.0,0.0,0.0,0.0,0.0,0.0,2023.0,1999-06-04,Q,Ankle,2023,11
Alex Singleton,DEN,LB,14412,weighted,,,,,,,,,,,,,,,,,,,,,,,,,,,,,,,,,,,,,,,,,,,,,6.65684308263696,3.72116372771251,0.0248839368616527,0.0238786978771469,0.0199071494893222,0.0191029583017175,0.28958217270195,0.085963312357729,0.0049767873723305,0.0047757395754293,2015.0,1993-12-07,,,2023,11
T.J. Edwards,CHI,LB,14322,weighted,,,,,,,,,,,,,,,,,,,,,,,,,,,,,,,,,,,,,,,,,,,,,6.64514391829155,3.26394896799384,0.165162488393686,0.0334301770280057,0.0248839368616527,0.0238786978771469,0.239350046425255,0.133720708112023,0.0049767873723305,0.0047757395754293,2019.0,1996-08-12,,,2023,11
Roquan Smith,BAL,LB,13696,weighted,,,,,,,,,,,,,,,,,,,,,,,,,,,,,,,,,,,,,,,,,,,,,6.44883936861653,3.17608969067174,0.204976787372331,0.0047757395754293,0.0900464252553389,0.0095514791508587,0.414930362116992,0.0143272187262882,0.0049767873723305,0.0047757395754293,2018.0,1997-04-08,,,2023,11
Foyesade Oluokun,JAC,LB,13813,weighted,,,,,,,,,,,,,,,,,,,,,,,,,,,,,,,,,,,,,,,,,,,,,7.2136304549675,2.61815169721667,0.170139275766017,0.0286544374525763,0.0800928505106778,0.0191029583017176,0.4,0.0,0.0552089136490251,0.0429816561788645,2018.0,1995-08-02,,,2023,11
Azeez Al-Shaair,TEN,LB,14590,weighted,,,,,,,,,,,,,,,,,,,,,,,,,,,,,,,,,,,,,,,,,,,,,4.98159702878366,4.04852584618851,0.109953574744661,0.0095514791508587,0.0248839368616527,0.0238786978771469,0.329860724233983,0.0286544374525763,0.0049767873723305,0.0047757395754293,2019.0,1997-08-04,,,2023,11
Bobby Okereke,NYG,LB,14218,weighted,,,,,,,,,,,,,,,,,,,,,,,,,,,,,,,,,,,,,,,,,,,,,6.34512534818942,2.85533218136608,0.0248839368616527,0.0238786978771469,0.0850696378830084,0.0143272187262882,0.465162488393686,0.0334301770280057,0.0049767873723305,0.0047757395754293,2019.0,1996-07-29,,,2023,11
Isaiah McDuffie,GB,LB,15473,weighted,,,,,,,,,,,,,,,,,,,,,,,,,,,,,,,,,,,,,,,,,,,,,5.89818012999072,2.93886268195834,0.0701392757660167,0.0286544374525763,0.0199071494893222,0.0191029583017175,0.169210770659239,0.162375145564599,0.0049767873723305,0.0047757395754293,2021.0,1999-07-21,,,2023,11
C.J. Mosley,NYJ,LB,11728,weighted,,,,,,,,,,,,,,,,,,,,,,,,,,,,,,,,,,,,,,,,,,,,,6.15379758588672,2.9329137067183,0.0850696378830084,0.0143272187262882,0.109953574744661,0.0095514791508587,0.459721448467967,0.0573088749051527,0.0049767873723305,0.0047757395754293,2014.0,1992-06-19,,,2023,11
Terrel Bernard,BUF,LB,15869,weighted,,,,,,,,,,,,,,,,,,,,,,,,,,,,,,,,,,,,,,,,,,,,,6.24434540389972,2.5566895168406,0.260185701021356,0.0382059166034351,0.140278551532033,0.0573088749051527,0.409953574744661,0.0095514791508587,0.0049767873723305,0.0047757395754293,2022.0,1999-05-07,,,2023,11
Bobby Wagner,SEA,LB,10775,weighted,,,,,,,,,,,,,,,,,,,,,,,,,,,,,,,,,,,,,,,,,,,,,5.3736304549675,3.10625630997762,0.204976787372331,0.0047757395754293,0.0348375116063138,0.0334301770280057,0.339814298978644,0.0382059166034351,0.0049767873723305,0.0047757395754293,2012.0,1990-06-27,,,2023,11
DeVondre Campbell,GB,LB,12779,weighted,,,,,,,,,,,,,,,,,,,,,,,,,,,,,,,,,,,,,,,,,,,,,5.34789229340761,2.97384886332783,0.0348375116063138,0.0334301770280057,0.0850696378830084,0.0143272187262882,0.29455896007428,0.0907390519331584,0.0049767873723305,0.0047757395754293,2016.0,1993-07-01,,,2023,11
Jack Sanborn,CHI,LB,15975,weighted,,,,,,,,,,,,,,,,,,,,,,,,,,,,,,,,,,,,,,,,,,,,,5.83894150417827,2.36025046374795,0.0895821727019499,0.085963312357729,0.0850696378830084,0.0143272187262882,0.239350046425255,0.133720708112023,0.0049767873723305,0.0047757395754293,2022.0,2000-07-29,Q,Ankle,2023,11
Lavonte David,TB,LB,10768,weighted,,,,,,,,,,,,,,,,,,,,,,,,,,,,,,,,,,,,,,,,,,,,,5.60536675951718,2.52090707664424,0.175116063138347,0.0238786978771469,0.0348375116063138,0.0334301770280057,0.344791086350975,0.0429816561788645,0.0049767873723305,0.0047757395754293,2012.0,1990-01-23,,,2023,11
Frankie Luvu,CAR,LB,13952,weighted,,,,,,,,,,,,,,,,,,,,,,,,,,,,,,,,,,,,,,,,,,,,,5.51914577530176,2.68592715271494,0.434837511606314,0.0334301770280057,0.0149303621169916,0.0143272187262882,0.234837511606314,0.0334301770280057,0.0049767873723305,0.0047757395754293,2018.0,1996-09-19,,,2023,11
Quincy Williams,NYJ,LB,14221,weighted,,,,,,,,,,,,,,,,,,,,,,,,,,,,,,,,,,,,,,,,,,,,,6.1153017641597,2.012018352673,0.180092850510678,0.0191029583017176,0.0049767873723305,0.0047757395754293,0.285069637883008,0.0143272187262882,0.0049767873723305,0.0047757395754293,2019.0,1996-08-28,,,2023,11
Kyzir White,ARI,LB,13762,weighted,,,,,,,,,,,,,,,,,,,,,,,,,,,,,,,,,,,,,,,,,,,,,5.3130547818013,2.69571038492356,0.160185701021356,0.0382059166034351,0.0850696378830084,0.0143272187262882,0.29455896007428,0.0907390519331584,0.0049767873723305,0.0047757395754293,2018.0,1996-03-24,,,2023,11
Fred Warner,SF,LB,13743,weighted,,,,,,,,,,,,,,,,,,,,,,,,,,,,,,,,,,,,,,,,,,,,,5.41052924791086,2.6241239432102,0.0950232126276695,0.0047757395754293,0.145255338904364,0.0525331353297233,0.515394614670381,0.0811875727822996,0.0049767873723305,0.0047757395754293,2018.0,1996-11-19,,,2023,11
Germaine Pratt,CIN,LB,14210,weighted,,,,,,,,,,,,,,,,,,,,,,,,,,,,,,,,,,,,,,,,,,,,,5.09676880222841,2.84953701482424,0.0950232126276695,0.0047757395754293,0.135301764159703,0.062084614480582,0.390046425255339,0.0095514791508587,0.0049767873723305,0.0047757395754293,2019.0,1970-01-01,,,2023,11
Dre Greenlaw,SF,LB,14247,weighted,,,,,,,,,,,,,,,,,,,,,,,,,,,,,,,,,,,,,,,,,,,,,5.89602599814299,2.16246413298296,0.0751160631383473,0.0238786978771469,0.0248839368616527,0.0238786978771469,0.329860724233983,0.0286544374525763,0.0049767873723305,0.0047757395754293,2019.0,1997-05-25,,,2023,11
Drue Tranquill,KC,LB,14235,weighted,,,,,,,,,,,,,,,,,,,,,,,,,,,,,,,,,,,,,,,,,,,,,5.24007428040854,2.7256737408779,0.335301764159703,0.062084614480582,0.0248839368616527,0.0238786978771469,0.259721448467967,0.0573088749051527,0.0049767873723305,0.0047757395754293,2019.0,1995-08-15,,,2023,11
Robert Spillane,LVR,LB,13987,weighted,,,,,,,,,,,,,,,,,,,,,,,,,,,,,,,,,,,,,,,,,,,,,4.94805942432683,2.87557156780396,0.170139275766017,0.0286544374525763,0.190510677808728,0.105066270659447,0.354744661095636,0.0525331353297233,0.0049767873723305,0.0047757395754293,2018.0,1995-12-14,,,2023,11
Logan Wilson,CIN,LB,14928,weighted,,,,,,,,,,,,,,,,,,,,,,,,,,,,,,,,,,,,,,,,,,,,,5.85727019498607,2.04857659526878,0.160185701021356,0.0382059166034351,0.165162488393686,0.0334301770280057,0.504976787372331,0.0047757395754293,0.0049767873723305,0.0047757395754293,2020.0,1996-07-08,,,2023,11
Damone Clark,DAL,LB,15826,weighted,,,,,,,,,,,,,,,,,,,,,,,,,,,,,,,,,,,,,,,,,,,,,5.45283194057567,2.26846519687503,0.0199071494893222,0.0191029583017175,0.0149303621169916,0.0143272187262882,0.149303621169916,0.143272187262882,0.0049767873723305,0.0047757395754293,2022.0,2000-06-28,,,2023,11
Divine Deablo,LVR,LB,15396,weighted,,,,,,,,,,,,,,,,,,,,,,,,,,,,,,,,,,,,,,,,,,,,,4.68263695450325,2.7365226179672,0.0751160631383473,0.0238786978771469,0.0099535747446611,0.0095514791508587,0.239814298978644,0.0382059166034351,0.0049767873723305,0.0047757395754293,2021.0,1998-08-17,,,2023,11
Jordyn Brooks,SEA,LB,14892,weighted,,,,,,,,,,,,,,,,,,,,,,,,,,,,,,,,,,,,,,,,,,,,,4.83784586815228,2.62583090333114,0.20544103992572,0.0907390519331584,0.0049767873723305,0.0047757395754293,0.224883936861653,0.0238786978771469,0.0049767873723305,0.0047757395754293,2020.0,1997-10-21,,,2023,11
Devin Lloyd,JAC,LB,15822,weighted,,,,,,,,,,,,,,,,,,,,,,,,,,,,,,,,,,,,,,,,,,,,,4.69552460538533,2.6172192936378,0.0099535747446611,0.0095514791508587,0.0900464252553389,0.0095514791508587,0.555673166202414,0.138496447687452,0.0049767873723305,0.0047757395754293,2022.0,1998-09-30,,,2023,11
Jamin Davis,WAS,LB,15373,weighted,,,,,,,,,,,,,,,,,,,,,,,,,,,,,,,,,,,,,,,,,,,,,4.82042711234912,2.51372932820136,0.174651810584958,0.0716360936314408,0.0701392757660167,0.0286544374525763,0.295023212627669,0.0047757395754293,0.0049767873723305,0.0047757395754293,2021.0,1998-12-12,,,2023,11
Alex Anzalone,DET,LB,13268,weighted,,,,,,,,,,,,,,,,,,,,,,,,,,,,,,,,,,,,,,,,,,,,,5.13500464252553,2.18877482746911,0.239814298978644,0.0382059166034351,0.0248839368616527,0.0238786978771469,0.355208913649025,0.0429816561788645,0.0049767873723305,0.0047757395754293,2017.0,1994-09-22,,,2023,11
Patrick Queen,BAL,LB,14896,weighted,,,,,,,,,,,,,,,,,,,,,,,,,,,,,,,,,,,,,,,,,,,,,5.227260909935,2.03429114489986,0.285069637883008,0.0143272187262882,0.0199071494893222,0.0191029583017175,0.249767873723306,0.0477573957542939,0.0049767873723305,0.0047757395754293,2020.0,1999-08-13,,,2023,11
Josey Jewell,DEN,LB,13702,weighted,,,,,,,,,,,,,,,,,,,,,,,,,,,,,,,,,,,,,,,,,,,,,4.63420612813371,2.72981243614331,0.109953574744661,0.0095514791508587,0.0651624883936862,0.0334301770280057,0.295023212627669,0.0047757395754293,0.0049767873723305,0.0047757395754293,2018.0,1994-12-25,,,2023,11
Devin White,TB,LB,14168,weighted,,,,,,,,,,,,,,,,,,,,,,,,,,,,,,,,,,,,,,,,,,,,,4.5275208913649,2.44960659585495,0.204976787372331,0.0047757395754293,0.0701392757660167,0.0286544374525763,0.304976787372331,0.0047757395754293,0.0049767873723305,0.0047757395754293,2019.0,1998-02-17,Q,Foot,2023,11
Micah McFadden,NYG,LB,15890,weighted,,,,,,,,,,,,,,,,,,,,,,,,,,,,,,,,,,,,,,,,,,,,,4.37392757660167,2.25239379430154,0.159721448467967,0.0573088749051527,0.0800928505106778,0.0191029583017176,0.259721448467967,0.0573088749051527,0.0049767873723305,0.0047757395754293,2022.0,2000-01-03,,,2023,11
David Mayo,WAS,LB,12326,weighted,,,,,,,,,,,,,,,,,,,,,,,,,,,,,,,,,,,,,,,,,,,,,4.24865366759517,2.00195328512552,0.104976787372331,0.0047757395754293,0.0099535747446611,0.0095514791508587,0.174651810584958,0.0716360936314408,0.0049767873723305,0.0047757395754293,2015.0,1993-08-18,,,2023,11
Jack Gibbens,TEN,LB,16009,weighted,,,,,,,,,,,,,,,,,,,,,,,,,,,,,,,,,,,,,,,,,,,,,4.19103064066852,1.99241038491655,0.0950232126276695,0.0047757395754293,0.0199071494893222,0.0191029583017175,0.199535747446611,0.0955147915085878,0.0049767873723305,0.0047757395754293,2022.0,1998-11-24,,,2023,11
Kenneth Murray,LAC,LB,14889,weighted,,,,,,,,,,,,,,,,,,,,,,,,,,,,,,,,,,,,,,,,,,,,,4.66837511606314,1.44771386513481,0.104976787372331,0.0047757395754293,0.0199071494893222,0.0191029583017175,0.244791086350975,0.0429816561788645,0.0049767873723305,0.0047757395754293,2020.0,1998-11-16,,,2023,11
Jerome Baker,MIA,LB,13706,weighted,,,,,,,,,,,,,,,,,,,,,,,,,,,,,,,,,,,,,,,,,,,,,4.23504178272981,1.7917394105832,0.249767873723306,0.0477573957542939,0.0701392757660167,0.0286544374525763,0.229860724233983,0.0286544374525763,0.0552089136490251,0.0429816561788645,2018.0,1996-12-25,,,2023,11
David Long,MIA,LB,14268,weighted,,,,,,,,,,,,,,,,,,,,,,,,,,,,,,,,,,,,,,,,,,,,,3.80638811513463,1.96970563375817,0.0850696378830084,0.0143272187262882,0.0248839368616527,0.0238786978771469,0.259721448467967,0.0573088749051527,0.0049767873723305,0.0047757395754293,2019.0,1970-01-01,,,2023,11
Christian Rozeboom,LAR,LB,15076,weighted,,,,,,,,,,,,,,,,,,,,,,,,,,,,,,,,,,,,,,,,,,,,,4.03338904363974,1.60451535105815,0.0701392757660167,0.0286544374525763,0.0900464252553389,0.0095514791508587,0.334837511606314,0.0334301770280057,0.0049767873723305,0.0047757395754293,2020.0,1997-01-30,,,2023,11
Blake Cashman,HOU,LB,14251,weighted,,,,,,,,,,,,,,,,,,,,,,,,,,,,,,,,,,,,,,,,,,,,,4.07606313834726,2.30307933067155,0.224883936861653,0.0238786978771469,0.0701392757660167,0.0286544374525763,0.380557103064067,0.114617749810305,0.0049767873723305,0.0047757395754293,2019.0,1996-05-10,,,2023,11
Jeremiah Owusu-Koramoah,CLE,LB,15351,weighted,,,,,,,,,,,,,,,,,,,,,,,,,,,,,,,,,,,,,,,,,,,,,3.93034354688951,1.62773795448468,0.145255338904364,0.0525331353297233,0.0049767873723305,0.0047757395754293,0.260185701021356,0.0382059166034351,0.0049767873723305,0.0047757395754293,2021.0,1999-11-04,,,2023,11
Eric Kendricks,LAC,LB,12239,weighted,,,,,,,,,,,,,,,,,,,,,,,,,,,,,,,,,,,,,,,,,,,,,4.57849582172702,1.29336551243433,0.104976787372331,0.0047757395754293,0.0298607242339833,0.0286544374525763,0.304976787372331,0.0047757395754293,0.0049767873723305,0.0047757395754293,2015.0,1992-02-29,,,2023,11
Elandon Roberts,PIT,LB,12831,weighted,,,,,,,,,,,,,,,,,,,,,,,,,,,,,,,,,,,,,,,,,,,,,4.34432683379759,1.43719686389562,0.220371402042711,0.0764118332068702,0.0049767873723305,0.0047757395754293,0.154744661095636,0.0525331353297233,0.0049767873723305,0.0047757395754293,2016.0,1994-04-22,,,2023,11
Ivan Pace,MIN,LB,16383,weighted,,,,,,,,,,,,,,,,,,,,,,,,,,,,,,,,,,,,,,,,,,,,,3.52349117920149,1.72773503083891,0.104976787372331,0.0047757395754293,0.0099535747446611,0.0095514791508587,0.214930362116992,0.0143272187262882,0.0049767873723305,0.0047757395754293,2023.0,2000-12-16,,,2023,11
Nicholas Morrow,PHI,LB,13426,weighted,,,,,,,,,,,,,,,,,,,,,,,,,,,,,,,,,,,,,,,,,,,,,3.73760445682451,1.49741712435302,0.0900464252553389,0.0095514791508587,0.0149303621169916,0.0143272187262882,0.224883936861653,0.0238786978771469,0.0049767873723305,0.0047757395754293,2017.0,1995-07-10,,,2023,11
Anthony Walker,CLE,LB,13306,weighted,,,,,,,,,,,,,,,,,,,,,,,,,,,,,,,,,,,,,,,,,,,,,2.91324048282266,1.86669693706588,0.0199071494893222,0.0191029583017175,0.0149303621169916,0.0143272187262882,0.280092850510678,0.0191029583017175,0.0049767873723305,0.0047757395754293,2017.0,1995-08-08,,,2023,11
Tyrel Dodson,BUF,LB,14472,weighted,,,,,,,,,,,,,,,,,,,,,,,,,,,,,,,,,,,,,,,,,,,,,3.38753946146704,1.44113154630757,0.109953574744661,0.0095514791508587,0.0099535747446611,0.0095514791508587,0.255208913649025,0.0429816561788645,0.0049767873723305,0.0047757395754293,2019.0,1998-06-25,,,2023,11
Quay Walker,GB,LB,15846,weighted,,,,,,,,,,,,,,,,,,,,,,,,,,,,,,,,,,,,,,,,,,,,,3.14264900662252,2.1920310216783,0.0,0.0,0.0,0.0,0.3,0.0,0.0,0.0,2022.0,2000-05-08,Q,Groin,2023,11
Christian Harris,HOU,LB,15823,weighted,,,,,,,,,,,,,,,,,,,,,,,,,,,,,,,,,,,,,,,,,,,,,3.53025069637883,1.30070296201798,0.150232126276695,0.0477573957542939,0.0149303621169916,0.0143272187262882,0.275116063138347,0.0238786978771469,0.0049767873723305,0.0047757395754293,2022.0,2001-01-16,,,2023,11
Eric Wilson,GB,LB,13447,weighted,,,,,,,,,,,,,,,,,,,,,,,,,,,,,,,,,,,,,,,,,,,,,2.37624883936862,1.88073668018194,0.0850696378830084,0.0143272187262882,0.0248839368616527,0.0238786978771469,0.139350046425255,0.133720708112023,0.0049767873723305,0.0047757395754293,2017.0,1994-09-26,,,2023,11
Leo Chenal,KC,LB,15831,weighted,,,,,,,,,,,,,,,,,,,,,,,,,,,,,,,,,,,,,,,,,,,,,3.278904363974,1.2186894258003,0.285069637883008,0.0143272187262882,0.0601857010213556,0.0382059166034351,0.190046425255339,0.0095514791508587,0.0049767873723305,0.0047757395754293,2022.0,2000-10-26,,,2023,11
Ernest Jones,LAR,LB,15404,weighted,,,,,,,,,,,,,,,,,,,,,,,,,,,,,,,,,,,,,,,,,,,,,2.57258278145695,2.40416305603426,0.1,1.98041604282243e-17,0.1,1.98041604282243e-17,0.2,3.96083208564486e-17,0.0,0.0,2021.0,1999-11-22,,,2023,11
Ernest Jones,LAR,LB,15404,weighted,,,,,,,,,,,,,,,,,,,,,,,,,,,,,,,,,,,,,,,,,,,,,2.57258278145695,2.40416305603426,0.1,1.98041604282243e-17,0.1,1.98041604282243e-17,0.2,3.96083208564486e-17,0.0,0.0,2021.0,2004-06-08,,,2023,11
Derrick Barnes,DET,LB,15409,weighted,,,,,,,,,,,,,,,,,,,,,,,,,,,,,,,,,,,,,,,,,,,,,2.56421541318477,1.52971466325236,0.154744661095636,0.0525331353297233,0.0099535747446611,0.0095514791508587,0.144791086350975,0.0429816561788645,0.0049767873723305,0.0047757395754293,2021.0,1999-05-29,,,2023,11
Jack Campbell,DET,LB,16239,weighted,,,,,,,,,,,,,,,,,,,,,,,,,,,,,,,,,,,,,,,,,,,,,2.90651810584958,1.17241385796921,0.139814298978644,0.0382059166034351,0.0149303621169916,0.0143272187262882,0.154744661095636,0.0525331353297233,0.0049767873723305,0.0047757395754293,2023.0,2000-08-22,,,2023,11
Sione Takitaki,CLE,LB,14212,weighted,,,,,,,,,,,,,,,,,,,,,,,,,,,,,,,,,,,,,,,,,,,,,2.65049210770659,1.36623137123355,0.104976787372331,0.0047757395754293,0.0701392757660167,0.0286544374525763,0.179628597957289,0.0764118332068702,0.0049767873723305,0.0047757395754293,2019.0,,,,2023,11
Willie Gay,KC,LB,14926,weighted,,,,,,,,,,,,,,,,,,,,,,,,,,,,,,,,,,,,,,,,,,,,,2.87325905292479,1.68571771868972,0.140278551532033,0.0573088749051527,0.0651624883936862,0.0334301770280057,0.265162488393686,0.0334301770280057,0.0049767873723305,0.0047757395754293,2020.0,1998-02-15,,,2023,11
Josh Woods,ARI,LB,14379,weighted,,,,,,,,,,,,,,,,,,,,,,,,,,,,,,,,,,,,,,,,,,,,,2.46473537604457,1.47927767831188,0.0800928505106778,0.0191029583017176,0.0099535747446611,0.0095514791508587,0.154744661095636,0.0525331353297233,0.0049767873723305,0.0047757395754293,2018.0,1996-07-01,,,2023,11
Tremaine Edmunds,CHI,LB,13697,weighted,,,,,,,,,,,,,,,,,,,,,,,,,,,,,,,,,,,,,,,,,,,,,2.36940397350993,1.90918830920368,0.0,0.0,0.1,1.98041604282243e-17,0.4,7.92166417128973e-17,0.0,0.0,2018.0,1998-05-02,Q,Knee,2023,11
Deion Jones,FA,LB,12745,weighted,,,,,,,,,,,,,,,,,,,,,,,,,,,,,,,,,,,,,,,,,,,,,2.42451253481894,1.17355743328953,0.1,0.0,0.0800928505106778,0.0191029583017176,0.239814298978644,0.0382059166034351,0.0049767873723305,0.0047757395754293,2016.0,1994-11-04,,,2023,11
Deion Jones,CAR,LB,12745,weighted,,,,,,,,,,,,,,,,,,,,,,,,,,,,,,,,,,,,,,,,,,,,,2.42451253481894,1.17355743328953,0.1,0.0,0.0800928505106778,0.0191029583017176,0.239814298978644,0.0382059166034351,0.0049767873723305,0.0047757395754293,2016.0,1994-11-04,,,2023,11
Mark Robinson,PIT,LB,15936,weighted,,,,,,,,,,,,,,,,,,,,,,,,,,,,,,,,,,,,,,,,,,,,,3.16796657381616,0.770708033129339,0.170603528319406,0.124169228961164,0.0601857010213556,0.0382059166034351,0.204976787372331,0.0047757395754293,0.0049767873723305,0.0047757395754293,2022.0,1999-08-14,,,2023,11
Zach Cunningham,PHI,LB,13216,weighted,,,,,,,,,,,,,,,,,,,,,,,,,,,,,,,,,,,,,,,,,,,,,2.40953642384106,1.48492424049175,0.0,0.0,0.0,0.0,0.4,7.92166417128973e-17,0.0,0.0,2017.0,1994-12-12,,,2023,11
Haason Reddick,PHI,LB,13245,weighted,,,,,,,,,,,,,,,,,,,,,,,,,,,,,,,,,,,,,,,,,,,,,2.63237333333333,0.876812408671319,0.72,1.58601275260504e-16,0.0,0.0,0.08,0.0,0.01,0.0,2017.0,1994-09-22,,,2023,11
Brian Asamoah,MIN,LB,15829,weighted,,,,,,,,,,,,,,,,,,,,,,,,,,,,,,,,,,,,,,,,,,,,,1.79298013245033,1.13137084989848,0.2,3.96083208564486e-17,0.0,0.0,0.1,1.98041604282243e-17,0.0,0.0,2022.0,2000-03-29,Q,Ankle,2023,11
Isaiah Simmons,NYG,LB,14887,weighted,,,,,,,,,,,,,,,,,,,,,,,,,,,,,,,,,,,,,,,,,,,,,1.39298013245033,1.13137084989848,0.1,1.98041604282243e-17,0.0,0.0,0.2,3.96083208564486e-17,0.0,0.0,2020.0,1998-07-26,,,2023,11
Isaiah Simmons,NYG,LB,14887,weighted,,,,,,,,,,,,,,,,,,,,,,,,,,,,,,,,,,,,,,,,,,,,,1.39298013245033,1.13137084989848,0.1,1.98041604282243e-17,0.0,0.0,0.2,3.96083208564486e-17,0.0,0.0,2020.0,1998-07-26,,,2023,11
Krys Barnes,ARI,LB,15082,weighted,,,,,,,,,,,,,,,,,,,,,,,,,,,,,,,,,,,,,,,,,,,,,1.6764238410596,0.777817459305202,0.0,0.0,0.0,0.0,0.4,7.92166417128973e-17,0.0,0.0,2020.0,1998-04-02,,,2023,11
Kamu Grugier-Hill,CAR,LB,12828,weighted,,,,,,,,,,,,,,,,,,,,,,,,,,,,,,,,,,,,,,,,,,,,,1.36304635761589,0.919238815542512,0.1,1.98041604282243e-17,0.0,0.0,0.1,1.98041604282243e-17,0.0,0.0,2016.0,1994-05-16,,,2023,11
Malik Jefferson,DAL,LB,13698,weighted,,,,,,,,,,,,,,,,,,,,,,,,,,,,,,,,,,,,,,,,,,,,,1.03629139072848,1.20208152801713,0.1,1.98041604282243e-17,0.0,0.0,0.0,0.0,0.0,0.0,2018.0,1996-11-15,,,2023,11
Oren Burks,SF,LB,13750,weighted,,,,,,,,,,,,,,,,,,,,,,,,,,,,,,,,,,,,,,,,,,,,,1.20635761589404,0.989949493661167,0.0,0.0,0.1,1.98041604282243e-17,0.1,1.98041604282243e-17,0.0,0.0,2018.0,1995-03-21,,,2023,11
Tony Fields,CLE,LB,15431,weighted,,,,,,,,,,,,,,,,,,,,,,,,,,,,,,,,,,,,,,,,,,,,,0.963046357615894,0.919238815542512,0.0,0.0,0.1,1.98041604282243e-17,0.1,1.98041604282243e-17,0.1,1.98041604282243e-17,2021.0,1999-06-18,,,2023,11
Christian Elliss,PHI,LB,15681,weighted,,,,,,,,,,,,,,,,,,,,,,,,,,,,,,,,,,,,,,,,,,,,,1.24649006622517,0.565685424949238,0.1,1.98041604282243e-17,0.0,0.0,0.1,1.98041604282243e-17,0.0,0.0,2021.0,1999-01-02,,,2023,11
Jamien Sherwood,NYJ,LB,15428,weighted,,,,,,,,,,,,,,,,,,,,,,,,,,,,,,,,,,,,,,,,,,,,,1.03311258278146,0.707106781186548,0.0,0.0,0.0,0.0,0.1,1.98041604282243e-17,0.0,0.0,2021.0,2000-01-12,,,2023,11
Tyler Matakevich,BUF,LB,12851,weighted,,,,,,,,,,,,,,,,,,,,,,,,,,,,,,,,,,,,,,,,,,,,,1.05986754966887,0.424264068711928,0.0,0.0,0.0,0.0,0.1,1.98041604282243e-17,0.0,0.0,2016.0,1992-12-22,,,2023,11
Jake Hummel,LAR,LB,16017,weighted,,,,,,,,,,,,,,,,,,,,,,,,,,,,,,,,,,,,,,,,,,,,,0.733112582781457,0.707106781186548,0.2,3.96083208564486e-17,0.0,0.0,0.1,1.98041604282243e-17,0.0,0.0,2022.0,1999-01-04,,,2023,11
SirVocea Dennis,TB,LB,16314,weighted,,,,,,,,,,,,,,,,,,,,,,,,,,,,,,,,,,,,,,,,,,,,,0.789801324503311,0.636396103067893,0.1,1.98041604282243e-17,0.0,0.0,0.1,1.98041604282243e-17,0.0,0.0,2023.0,2000-03-09,,,2023,11
Daiyan Henley,LAC,LB,16280,weighted,,,,,,,,,,,,,,,,,,,,,,,,,,,,,,,,,,,,,,,,,,,,,0.959867549668874,0.424264068711929,0.1,1.98041604282243e-17,0.0,0.0,0.0,0.0,0.0,0.0,2023.0,1999-11-18,,,2023,11
Akeem Davis-Gaither,CIN,LB,14943,weighted,,,,,,,,,,,,,,,,,,,,,,,,,,,,,,,,,,,,,,,,,,,,,0.973245033112583,0.282842712474619,0.0,0.0,0.0,0.0,0.0,0.0,0.0,0.0,2020.0,1997-09-21,,,2023,11
Troy Dye,MIN,LB,14953,weighted,,,,,,,,,,,,,,,,,,,,,,,,,,,,,,,,,,,,,,,,,,,,,0.646490066225166,0.565685424949238,0.2,3.96083208564486e-17,0.0,0.0,0.1,1.98041604282243e-17,0.0,0.0,2020.0,1996-09-18,,,2023,11
Kyle Van Noy,BAL,LB,11723,weighted,,,,,,,,,,,,,,,,,,,,,,,,,,,,,,,,,,,,,,,,,,,,,0.50317880794702,0.494974746830583,0.5,0.0,0.0,0.0,0.2,3.96083208564486e-17,0.0,0.0,2014.0,1991-03-26,,,2023,11
Markquese Bell,DAL,DB,15985,weighted,,,,,,,,,,,,,,,,,,,,,,,,,,,,,,,,,,,,,,,,,,,,,7.89141333333333,0.0141421356237313,0.18,3.96503188151261e-17,0.03,0.0,0.29,0.0,0.01,0.0,2022.0,1999-01-06,,,2023,11
Derwin James,LAC,DB,13714,weighted,,,,,,,,,,,,,,,,,,,,,,,,,,,,,,,,,,,,,,,,,,,,,5.31706592386258,2.1563474911084,0.109953574744661,0.0095514791508587,0.160185701021356,0.0382059166034351,0.439814298978644,0.0382059166034351,0.0049767873723305,0.0047757395754293,2018.0,1996-08-03,,,2023,11
Jonathan Owens,GB,DB,14414,weighted,,,,,,,,,,,,,,,,,,,,,,,,,,,,,,,,,,,,,,,,,,,,,5.25977715877437,1.75862078695382,0.140278551532033,0.0573088749051527,0.0447910863509749,0.0429816561788645,0.404976787372331,0.0047757395754293,0.0049767873723305,0.0047757395754293,2018.0,1995-07-22,,,2023,11
Jalen Pitre,HOU,DB,15850,weighted,,,,,,,,,,,,,,,,,,,,,,,,,,,,,,,,,,,,,,,,,,,,,5.45777158774373,1.58216848171105,0.0248839368616527,0.0238786978771469,0.170139275766017,0.0286544374525763,0.565162488393686,0.0334301770280057,0.0049767873723305,0.0047757395754293,2022.0,1999-06-03,,,2023,11
Jaquan Brisker,CHI,DB,15835,weighted,,,,,,,,,,,,,,,,,,,,,,,,,,,,,,,,,,,,,,,,,,,,,5.11587743732591,1.91398140670852,0.119907149489322,0.0191029583017176,0.054744661095636,0.0525331353297233,0.419907149489322,0.0191029583017175,0.0049767873723305,0.0047757395754293,2022.0,1999-04-20,,,2023,11
Budda Baker,ARI,DB,13251,weighted,,,,,,,,,,,,,,,,,,,,,,,,,,,,,,,,,,,,,,,,,,,,,5.08644382544104,1.80564499527041,0.0248839368616527,0.0238786978771469,0.0900464252553389,0.0095514791508587,0.349767873723305,0.0477573957542939,0.0049767873723305,0.0047757395754293,2017.0,1996-01-10,,,2023,11
Kamren Curl,WAS,DB,15001,weighted,,,,,,,,,,,,,,,,,,,,,,,,,,,,,,,,,,,,,,,,,,,,,5.23227483751161,1.8072515123534,0.1,0.0,0.0398142989786444,0.0382059166034351,0.395023212627669,0.0047757395754293,0.0049767873723305,0.0047757395754293,2020.0,1999-03-03,,,2023,11
Reed Blankenship,PHI,DB,16018,weighted,,,,,,,,,,,,,,,,,,,,,,,,,,,,,,,,,,,,,,,,,,,,,4.78932219127205,1.82275024633831,0.0099535747446611,0.0095514791508587,0.155208913649025,0.0429816561788645,0.731253481894151,0.257889937073187,0.0049767873723305,0.0047757395754293,2022.0,1999-03-02,,,2023,11
Kevin Byard,PHI,DB,12752,weighted,,,,,,,,,,,,,,,,,,,,,,,,,,,,,,,,,,,,,,,,,,,,,5.04597957288765,1.5940664114622,0.0149303621169916,0.0143272187262882,0.114930362116992,0.0143272187262882,0.39455896007428,0.0907390519331584,0.0049767873723305,0.0047757395754293,2016.0,1993-08-17,,,2023,11
Eddie Jackson,CHI,DB,13229,weighted,,,,,,,,,,,,,,,,,,,,,,,,,,,,,,,,,,,,,,,,,,,,,4.77136490250696,1.45334699301471,0.0049767873723305,0.0047757395754293,0.139814298978644,0.0382059166034351,0.499535747446611,0.0955147915085877,0.0099535747446611,0.0095514791508587,2017.0,,,,2023,11
Antoine Winfield,TB,DB,14909,weighted,,,,,,,,,,,,,,,,,,,,,,,,,,,,,,,,,,,,,,,,,,,,,4.46287836583101,1.70793848675184,0.180092850510678,0.0191029583017176,0.1,0.0,0.455208913649025,0.0429816561788645,0.0049767873723305,0.0047757395754293,2020.0,1998-08-16,,,2023,11
Josh Metellus,MIN,DB,14995,weighted,,,,,,,,,,,,,,,,,,,,,,,,,,,,,,,,,,,,,,,,,,,,,6.50429333333333,0.0070710678118653,0.09,1.9825159407563102e-17,0.06,0.0,0.34,0.0,0.01,0.0,2020.0,1998-01-21,,,2023,11
Jordan Fuller,LAR,DB,14991,weighted,,,,,,,,,,,,,,,,,,,,,,,,,,,,,,,,,,,,,,,,,,,,,4.07907149489322,1.97080149606958,0.0099535747446611,0.0095514791508587,0.180092850510678,0.0191029583017176,0.424419684308264,0.119393489385735,0.0049767873723305,0.0047757395754293,2020.0,1998-03-04,,,2023,11
DeShon Elliott,MIA,DB,13806,weighted,,,,,,,,,,,,,,,,,,,,,,,,,,,,,,,,,,,,,,,,,,,,,4.37307335190344,1.59594406203983,0.0248839368616527,0.0238786978771469,0.0298607242339833,0.0286544374525763,0.415394614670381,0.0811875727822996,0.0049767873723305,0.0047757395754293,2018.0,1997-04-21,,,2023,11
Amani Hooker,TEN,DB,14182,weighted,,,,,,,,,,,,,,,,,,,,,,,,,,,,,,,,,,,,,,,,,,,,,4.91894150417827,1.12028035020221,0.0149303621169916,0.0143272187262882,0.114930362116992,0.0143272187262882,0.495023212627669,0.0047757395754293,0.0049767873723305,0.0047757395754293,2019.0,1998-06-14,,,2023,11
Jalen Thompson,ARI,DB,14518,weighted,,,,,,,,,,,,,,,,,,,,,,,,,,,,,,,,,,,,,,,,,,,,,4.57481894150418,1.37919609488194,0.0099535747446611,0.0095514791508587,0.1,0.0,0.364698235840297,0.062084614480582,0.0049767873723305,0.0047757395754293,2019.0,1998-07-18,,,2023,11
Elijah Molden,TEN,DB,15402,weighted,,,,,,,,,,,,,,,,,,,,,,,,,,,,,,,,,,,,,,,,,,,,,3.93452181987001,1.89895360072713,0.0099535747446611,0.0095514791508587,0.0497678737233055,0.0477573957542939,0.304512534818941,0.100290531084017,0.0049767873723305,0.0047757395754293,2021.0,1999-01-30,,,2023,11
Tony Adams,NYJ,DB,16014,weighted,,,,,,,,,,,,,,,,,,,,,,,,,,,,,,,,,,,,,,,,,,,,,4.49797585886722,1.47361058615846,0.0099535747446611,0.0095514791508587,0.170139275766017,0.0286544374525763,0.449767873723306,0.0477573957542939,0.0049767873723305,0.0047757395754293,2022.0,1999-01-24,,,2023,11
Grant Delpit,CLE,DB,14907,weighted,,,,,,,,,,,,,,,,,,,,,,,,,,,,,,,,,,,,,,,,,,,,,4.68131847725162,1.27823677237026,0.0199071494893222,0.0191029583017175,0.109953574744661,0.0095514791508587,0.429860724233983,0.0286544374525763,0.0049767873723305,0.0047757395754293,2020.0,1998-09-20,,,2023,11
Xavier McKinney,NYG,DB,14908,weighted,,,,,,,,,,,,,,,,,,,,,,,,,,,,,,,,,,,,,,,,,,,,,4.80317548746518,1.18559975327607,0.0900464252553389,0.0095514791508587,0.0746518105849582,0.0716360936314408,0.560185701021356,0.0382059166034351,0.0049767873723305,0.0047757395754293,2020.0,1999-08-09,,,2023,11
Daxton Hill,CIN,DB,15836,weighted,,,,,,,,,,,,,,,,,,,,,,,,,,,,,,,,,,,,,,,,,,,,,4.28473537604457,1.62318123054708,0.0950232126276695,0.0047757395754293,0.150232126276695,0.0477573957542939,0.610882079851439,0.181478103866317,0.0049767873723305,0.0047757395754293,2022.0,2000-09-29,,,2023,11
Tyrique Stevenson,CHI,DB,16267,weighted,,,,,,,,,,,,,,,,,,,,,,,,,,,,,,,,,,,,,,,,,,,,,3.90204271123491,1.80708993854397,0.0049767873723305,0.0047757395754293,0.054744661095636,0.0525331353297233,0.424883936861653,0.0238786978771469,0.0049767873723305,0.0047757395754293,2023.0,2000-05-26,,,2023,11
Tavierre Thomas,HOU,DB,13953,weighted,,,,,,,,,,,,,,,,,,,,,,,,,,,,,,,,,,,,,,,,,,,,,3.72590529247911,1.9104577527406,0.0149303621169916,0.0143272187262882,0.0398142989786444,0.0382059166034351,0.194094707520891,0.186253843441746,0.0049767873723305,0.0047757395754293,2018.0,1996-03-11,,,2023,11
Kyle Hamilton,BAL,DB,15834,weighted,,,,,,,,,,,,,,,,,,,,,,,,,,,,,,,,,,,,,,,,,,,,,5.57816155988858,0.512809960301779,0.190046425255339,0.0095514791508587,0.145255338904364,0.0525331353297233,0.540742804085423,0.15282366641374,0.0552089136490251,0.0429816561788645,2022.0,2001-03-16,,,2023,11
Xavier Woods,CAR,DB,13325,weighted,,,,,,,,,,,,,,,,,,,,,,,,,,,,,,,,,,,,,,,,,,,,,3.90285979572888,1.76415825438351,0.0199071494893222,0.0191029583017175,0.0447910863509749,0.0429816561788645,0.29455896007428,0.0907390519331584,0.0049767873723305,0.0047757395754293,2017.0,1995-07-26,Q,Thigh,2023,11
Rayshawn Jenkins,JAC,DB,13288,weighted,,,,,,,,,,,,,,,,,,,,,,,,,,,,,,,,,,,,,,,,,,,,,4.03632311977716,1.63891582247923,0.0199071494893222,0.0191029583017175,0.1,0.0,0.460185701021356,0.0382059166034351,0.0049767873723305,0.0047757395754293,2017.0,1994-01-25,,,2023,11
Harrison Smith,MIN,DB,10783,weighted,,,,,,,,,,,,,,,,,,,,,,,,,,,,,,,,,,,,,,,,,,,,,4.07008356545961,1.5903370208354,0.0746518105849582,0.0716360936314408,0.109953574744661,0.0095514791508587,0.319442896935933,0.114617749810305,0.0049767873723305,0.0047757395754293,2012.0,1989-02-02,,,2023,11
Talanoa Hufanga,SF,DB,15452,weighted,,,,,,,,,,,,,,,,,,,,,,,,,,,,,,,,,,,,,,,,,,,,,4.33214484679666,1.37220460788302,0.0248839368616527,0.0238786978771469,0.180092850510678,0.0191029583017176,0.469675023212628,0.0668603540560114,0.0049767873723305,0.0047757395754293,2021.0,2000-02-01,,,2023,11
Mike Hilton,CIN,DB,13414,weighted,,,,,,,,,,,,,,,,,,,,,,,,,,,,,,,,,,,,,,,,,,,,,4.52187558031569,1.17169059901961,0.0248839368616527,0.0238786978771469,0.1,0.0,0.409953574744661,0.0095514791508587,0.0049767873723305,0.0047757395754293,2016.0,1994-03-09,,,2023,11
Alohi Gilman,LAC,DB,14982,weighted,,,,,,,,,,,,,,,,,,,,,,,,,,,,,,,,,,,,,,,,,,,,,4.32358402971216,1.31586500102541,0.0049767873723305,0.0047757395754293,0.0597214484679666,0.0573088749051527,0.475116063138347,0.0238786978771469,0.0049767873723305,0.0047757395754293,2020.0,1997-09-17,,,2023,11
Kerby Joseph,DET,DB,15871,weighted,,,,,,,,,,,,,,,,,,,,,,,,,,,,,,,,,,,,,,,,,,,,,5.01229340761374,0.801124041789832,0.0248839368616527,0.0238786978771469,0.235301764159703,0.062084614480582,0.685533890436397,0.109842010234876,0.0099535747446611,0.0095514791508587,2022.0,2000-11-14,,,2023,11
Ja'Quan McMillian,,DB,16145,weighted,,,,,,,,,,,,,,,,,,,,,,,,,,,,,,,,,,,,,,,,,,,,,5.80858666666667,0.0141421356237313,0.07,0.0,0.1,1.9825159407563102e-17,0.42,0.0,0.01,0.0,2022.0,2000-06-04,,,2023,11
Jordan Poyer,BUF,DB,11317,weighted,,,,,,,,,,,,,,,,,,,,,,,,,,,,,,,,,,,,,,,,,,,,,3.95143918291551,1.62692883298482,0.104976787372331,0.0047757395754293,0.114930362116992,0.0143272187262882,0.38958217270195,0.085963312357729,0.0049767873723305,0.0047757395754293,2013.0,1991-04-25,,,2023,11
Deommodore Lenoir,SF,DB,15445,weighted,,,,,,,,,,,,,,,,,,,,,,,,,,,,,,,,,,,,,,,,,,,,,4.18389972144847,1.33141103102898,0.0149303621169916,0.0143272187262882,0.170139275766017,0.0286544374525763,0.399535747446611,0.0955147915085878,0.0049767873723305,0.0047757395754293,2021.0,1999-10-06,,,2023,11
Jevon Holland,MIA,DB,15366,weighted,,,,,,,,,,,,,,,,,,,,,,,,,,,,,,,,,,,,,,,,,,,,,4.32973073351903,1.3023655257569,0.0447910863509749,0.0429816561788645,0.1,0.0,0.404976787372331,0.0047757395754293,0.0049767873723305,0.0047757395754293,2021.0,2000-03-03,,,2023,11
Taron Johnson,BUF,DB,13764,weighted,,,,,,,,,,,,,,,,,,,,,,,,,,,,,,,,,,,,,,,,,,,,,4.42796657381616,1.11332913701181,0.119907149489322,0.0191029583017176,0.0298607242339833,0.0286544374525763,0.355208913649025,0.0429816561788645,0.0049767873723305,0.0047757395754293,2018.0,1996-07-27,,,2023,11
Brian Branch,DET,DB,16244,weighted,,,,,,,,,,,,,,,,,,,,,,,,,,,,,,,,,,,,,,,,,,,,,4.92575673166202,0.938368380311721,0.0497678737233055,0.0477573957542939,0.1,0.0,0.550696378830084,0.143272187262882,0.0552089136490251,0.0429816561788645,2023.0,2001-10-22,,,2023,11
Camryn Bynum,MIN,DB,15418,weighted,,,,,,,,,,,,,,,,,,,,,,,,,,,,,,,,,,,,,,,,,,,,,4.20534818941504,1.31128571327597,0.0248839368616527,0.0238786978771469,0.140278551532033,0.0573088749051527,0.480557103064067,0.114617749810305,0.0049767873723305,0.0047757395754293,2021.0,1998-07-19,,,2023,11
Jason Pinnock,NYG,DB,15448,weighted,,,,,,,,,,,,,,,,,,,,,,,,,,,,,,,,,,,,,,,,,,,,,4.29121634168988,1.16413483787091,0.109953574744661,0.0095514791508587,0.109953574744661,0.0095514791508587,0.419907149489322,0.0191029583017175,0.0552089136490251,0.0429816561788645,2021.0,1999-06-30,,,2023,11
DiCaprio Bootle,CAR,DB,15536,weighted,,,,,,,,,,,,,,,,,,,,,,,,,,,,,,,,,,,,,,,,,,,,,5.61288,0.0212132034355966,0.08,0.0,0.1,1.9825159407563102e-17,0.4,7.93006376302522e-17,0.01,0.0,2021.0,1997-09-17,,,2023,11
Russ Yeast,LAR,DB,15955,weighted,,,,,,,,,,,,,,,,,,,,,,,,,,,,,,,,,,,,,,,,,,,,,3.49318477251625,1.71453205413937,0.0099535747446611,0.0095514791508587,0.119907149489322,0.0191029583017176,0.349303621169916,0.143272187262882,0.0049767873723305,0.0047757395754293,2022.0,1999-05-08,,,2023,11
Vonn Bell,CAR,DB,12718,weighted,,,,,,,,,,,,,,,,,,,,,,,,,,,,,,,,,,,,,,,,,,,,,4.28453110492108,1.34910787409241,0.0398142989786444,0.0382059166034351,0.0900464252553389,0.0095514791508587,0.375116063138347,0.023878697877147,0.0049767873723305,0.0047757395754293,2016.0,1994-12-12,,,2023,11
Justin Simmons,DEN,DB,12767,weighted,,,,,,,,,,,,,,,,,,,,,,,,,,,,,,,,,,,,,,,,,,,,,4.0908077994429,1.22202315823805,0.0751160631383473,0.0238786978771469,0.30544103992572,0.0907390519331584,0.574651810584958,0.0716360936314408,0.0099535747446611,0.0095514791508587,2016.0,1993-11-19,,,2023,11
Devon Witherspoon,SEA,DB,16241,weighted,,,,,,,,,,,,,,,,,,,,,,,,,,,,,,,,,,,,,,,,,,,,,4.4780687093779,0.909937478714438,0.114930362116992,0.0143272187262882,0.0950232126276695,0.0047757395754293,0.892367688022284,0.487125436693798,0.0552089136490251,0.0429816561788645,2023.0,2000-12-11,,,2023,11
Jamal Adams,SEA,DB,13230,weighted,,,,,,,,,,,,,,,,,,,,,,,,,,,,,,,,,,,,,,,,,,,,,3.40748375116063,1.75751002542123,0.0149303621169916,0.0143272187262882,0.0248839368616527,0.0238786978771469,0.249767873723306,0.0477573957542939,0.0049767873723305,0.0047757395754293,2017.0,1995-10-17,Q,Knee,2023,11
Jordan Whitehead,NYJ,DB,13760,weighted,,,,,,,,,,,,,,,,,,,,,,,,,,,,,,,,,,,,,,,,,,,,,3.93225626740947,1.35727382539706,0.0049767873723305,0.0047757395754293,0.215394614670381,0.0811875727822996,0.685998142989786,0.205356801743464,0.0049767873723305,0.0047757395754293,2018.0,1997-03-18,,,2023,11
Justin Reid,KC,DB,13717,weighted,,,,,,,,,,,,,,,,,,,,,,,,,,,,,,,,,,,,,,,,,,,,,4.3019312906221,0.949457562606776,0.0751160631383473,0.0238786978771469,0.0950232126276695,0.0047757395754293,0.490510677808728,0.105066270659447,0.0049767873723305,0.0047757395754293,2018.0,1997-02-15,,,2023,11
Justin Reid,KC,DB,13717,weighted,,,,,,,,,,,,,,,,,,,,,,,,,,,,,,,,,,,,,,,,,,,,,4.3019312906221,0.949457562606776,0.0751160631383473,0.0238786978771469,0.0950232126276695,0.0047757395754293,0.490510677808728,0.105066270659447,0.0049767873723305,0.0047757395754293,2018.0,2002-05-24,,,2023,11
Marcus Williams,BAL,DB,13253,weighted,,,,,,,,,,,,,,,,,,,,,,,,,,,,,,,,,,,,,,,,,,,,,4.13060352831941,1.1855581155074,0.0049767873723305,0.0047757395754293,0.180092850510678,0.0191029583017176,0.665626740947075,0.128944968536593,0.0049767873723305,0.0047757395754293,2017.0,1996-09-08,,,2023,11
DaRon Bland,DAL,DB,15904,weighted,,,,,,,,,,,,,,,,,,,,,,,,,,,,,,,,,,,,,,,,,,,,,4.06805942432683,1.07029429718138,0.0049767873723305,0.0047757395754293,0.345719591457753,0.148047926838311,0.851160631383473,0.238786978771469,0.11041782729805,0.085963312357729,2022.0,1999-07-12,,,2023,11
Trent McDuffie,KC,DB,15845,weighted,,,,,,,,,,,,,,,,,,,,,,,,,,,,,,,,,,,,,,,,,,,,,4.27760445682451,0.962654810739678,0.0298607242339833,0.0286544374525763,0.0298607242339833,0.0286544374525763,0.460649953574745,0.133720708112023,0.0049767873723305,0.0047757395754293,2022.0,2000-09-13,,,2023,11
L'Jarius Sneed,KC,DB,14956,weighted,,,,,,,,,,,,,,,,,,,,,,,,,,,,,,,,,,,,,,,,,,,,,4.15539461467038,1.10857205035661,0.0850696378830084,0.0143272187262882,0.165162488393686,0.0334301770280057,0.585533890436397,0.109842010234876,0.0049767873723305,0.0047757395754293,2020.0,1997-01-21,,,2023,11
Marcus Epps,LVR,DB,14270,weighted,,,,,,,,,,,,,,,,,,,,,,,,,,,,,,,,,,,,,,,,,,,,,3.97626740947075,1.13736177129456,0.0049767873723305,0.0047757395754293,0.0398142989786444,0.0382059166034351,0.229396471680594,0.124169228961164,0.0049767873723305,0.0047757395754293,2019.0,1996-01-27,,,2023,11
Nate Hobbs,LVR,DB,15441,weighted,,,,,,,,,,,,,,,,,,,,,,,,,,,,,,,,,,,,,,,,,,,,,4.30766945218199,1.13030045195671,0.0850696378830084,0.0143272187262882,0.130324976787372,0.0668603540560114,0.455673166202414,0.138496447687452,0.0049767873723305,0.0047757395754293,2021.0,1999-06-24,,,2023,11
Damontae Kazee,PIT,DB,13301,weighted,,,,,,,,,,,,,,,,,,,,,,,,,,,,,,,,,,,,,,,,,,,,,3.28661095636026,1.62192075365271,0.0049767873723305,0.0047757395754293,0.154744661095636,0.0525331353297233,0.418978644382544,0.210132541318893,0.0099535747446611,0.0095514791508587,2017.0,1993-06-05,,,2023,11
Kristian Fulton,TEN,DB,14904,weighted,,,,,,,,,,,,,,,,,,,,,,,,,,,,,,,,,,,,,,,,,,,,,3.86765088207985,1.099479880599,0.0049767873723305,0.0047757395754293,0.0497678737233055,0.0477573957542939,0.555673166202414,0.138496447687452,0.0049767873723305,0.0047757395754293,2020.0,1998-09-03,,,2023,11
Nick Scott,CIN,DB,14302,weighted,,,,,,,,,,,,,,,,,,,,,,,,,,,,,,,,,,,,,,,,,,,,,3.40354688950789,1.53873761152123,0.0099535747446611,0.0095514791508587,0.0348375116063138,0.0334301770280057,0.224419684308264,0.119393489385735,0.0049767873723305,0.0047757395754293,2019.0,1995-05-17,,,2023,11
Charvarius Ward,SF,DB,13920,weighted,,,,,,,,,,,,,,,,,,,,,,,,,,,,,,,,,,,,,,,,,,,,,3.85270194986072,1.07143912785658,0.0,0.0,0.1,0.0,0.701392757660167,0.286544374525763,0.0049767873723305,0.0047757395754293,2018.0,1996-05-16,,,2023,11
Cam Taylor-Britt,CIN,DB,15859,weighted,,,,,,,,,,,,,,,,,,,,,,,,,,,,,,,,,,,,,,,,,,,,,4.0780129990715,0.906132439187405,0.0049767873723305,0.0047757395754293,0.20544103992572,0.0907390519331584,0.661114206128134,0.229235499620611,0.0552089136490251,0.0429816561788645,2022.0,1999-10-15,,,2023,11
Jamel Dean,TB,DB,14219,weighted,,,,,,,,,,,,,,,,,,,,,,,,,,,,,,,,,,,,,,,,,,,,,3.62105849582173,1.2375228957952,0.0049767873723305,0.0047757395754293,0.054744661095636,0.0525331353297233,0.460185701021356,0.0382059166034351,0.0049767873723305,0.0047757395754293,2019.0,1996-10-15,,,2023,11
Donte Jackson,CAR,DB,13738,weighted,,,,,,,,,,,,,,,,,,,,,,,,,,,,,,,,,,,,,,,,,,,,,4.12677808727948,0.874456366026414,0.0049767873723305,0.0047757395754293,0.139814298978644,0.0382059166034351,0.434373259052925,0.128944968536593,0.0552089136490251,0.0429816561788645,2018.0,1995-11-08,,,2023,11
Trevon Moehrig,LVR,DB,15365,weighted,,,,,,,,,,,,,,,,,,,,,,,,,,,,,,,,,,,,,,,,,,,,,4.30378830083566,0.749037056796773,0.125348189415042,0.0716360936314408,0.0850696378830084,0.0143272187262882,0.370139275766017,0.0286544374525763,0.0049767873723305,0.0047757395754293,2021.0,1999-06-16,,,2023,11
Andrew Wingard,JAC,DB,14328,weighted,,,,,,,,,,,,,,,,,,,,,,,,,,,,,,,,,,,,,,,,,,,,,4.97853333333333,0.0353553390593273,0.05,9.91257970378153e-18,0.09,1.9825159407563102e-17,0.37,7.93006376302522e-17,0.01,0.0,2019.0,1996-12-05,,,2023,11
Donovan Wilson,DAL,DB,14283,weighted,,,,,,,,,,,,,,,,,,,,,,,,,,,,,,,,,,,,,,,,,,,,,3.55522748375116,1.15405550973565,0.0646982358402971,0.062084614480582,0.0751160631383473,0.0238786978771469,0.18958217270195,0.085963312357729,0.0049767873723305,0.0047757395754293,2019.0,1970-01-01,,,2023,11
Tracy Walker,DET,DB,13747,weighted,,,,,,,,,,,,,,,,,,,,,,,,,,,,,,,,,,,,,,,,,,,,,4.07478180129991,1.08838866762761,0.170139275766017,0.0286544374525763,0.0348375116063138,0.0334301770280057,0.360185701021356,0.0382059166034351,0.0049767873723305,0.0047757395754293,2018.0,1995-02-01,,,2023,11
Jalen Ramsey,MIA,DB,12711,weighted,,,,,,,,,,,,,,,,,,,,,,,,,,,,,,,,,,,,,,,,,,,,,4.89141333333333,0.0141421356237313,0.05,9.91257970378153e-18,0.13,0.0,0.45,0.0,0.01,0.0,2016.0,1994-10-24,,,2023,11
Fabian Moreau,DEN,DB,13270,weighted,,,,,,,,,,,,,,,,,,,,,,,,,,,,,,,,,,,,,,,,,,,,,4.89141333333333,0.0141421356237313,0.01,0.0,0.1,1.9825159407563102e-17,0.39,7.93006376302522e-17,0.01,0.0,2017.0,1994-04-09,,,2023,11
Carlton Davis,TB,DB,13710,weighted,,,,,,,,,,,,,,,,,,,,,,,,,,,,,,,,,,,,,,,,,,,,,3.50358402971216,1.13510185633439,0.0049767873723305,0.0047757395754293,0.0447910863509749,0.0429816561788645,0.440278551532033,0.0573088749051527,0.0049767873723305,0.0047757395754293,2018.0,1996-12-31,Q,Toe,2023,11
Jayron Kearse,DAL,DB,12720,weighted,,,,,,,,,,,,,,,,,,,,,,,,,,,,,,,,,,,,,,,,,,,,,3.65240482822656,1.10357475113321,0.150232126276695,0.0477573957542939,0.0800928505106778,0.0191029583017176,0.254744661095636,0.0525331353297233,0.0049767873723305,0.0047757395754293,2016.0,1994-02-11,,,2023,11
Jerry Jacobs,DET,DB,15549,weighted,,,,,,,,,,,,,,,,,,,,,,,,,,,,,,,,,,,,,,,,,,,,,3.97413184772516,0.687330834706082,0.0298607242339833,0.0286544374525763,0.114930362116992,0.0143272187262882,0.575580315691736,0.119393489385735,0.0049767873723305,0.0047757395754293,2021.0,1997-09-26,,,2023,11
Micah Hyde,BUF,DB,11382,weighted,,,,,,,,,,,,,,,,,,,,,,,,,,,,,,,,,,,,,,,,,,,,,3.23342618384401,1.22292738406915,0.0199071494893222,0.0191029583017175,0.124883936861653,0.0238786978771469,0.504976787372331,0.0047757395754293,0.0049767873723305,0.0047757395754293,2013.0,1990-12-31,,,2023,11
Andre Cisco,JAC,DB,15364,weighted,,,,,,,,,,,,,,,,,,,,,,,,,,,,,,,,,,,,,,,,,,,,,3.22744661095636,1.21170082332949,0.0199071494893222,0.0191029583017175,0.170139275766017,0.0286544374525763,0.595487465181059,0.100290531084017,0.0049767873723305,0.0047757395754293,2021.0,2000-03-23,,,2023,11
D.J. Reed,NYJ,DB,13774,weighted,,,,,,,,,,,,,,,,,,,,,,,,,,,,,,,,,,,,,,,,,,,,,3.78826369545033,0.763597798720132,0.0,0.0,0.0497678737233055,0.0477573957542939,0.395023212627669,0.0047757395754293,0.0049767873723305,0.0047757395754293,2018.0,1996-11-11,,,2023,11
Corey Ballentine,GB,DB,14263,weighted,,,,,,,,,,,,,,,,,,,,,,,,,,,,,,,,,,,,,,,,,,,,,2.84176415970288,1.5402931109539,0.0049767873723305,0.0047757395754293,0.0497678737233055,0.0477573957542939,0.500464252553389,0.0955147915085877,0.0049767873723305,0.0047757395754293,2019.0,,,,2023,11
Keisean Nixon,GB,DB,14669,weighted,,,,,,,,,,,,,,,,,,,,,,,,,,,,,,,,,,,,,,,,,,,,,3.05857010213556,1.20780345900959,0.0199071494893222,0.0191029583017175,0.0398142989786444,0.0382059166034351,0.324883936861653,0.0238786978771469,0.0552089136490251,0.0429816561788645,2019.0,1997-06-22,,,2023,11
Quandre Diggs,SEA,DB,12349,weighted,,,,,,,,,,,,,,,,,,,,,,,,,,,,,,,,,,,,,,,,,,,,,3.48404828226555,0.920019239728869,0.0049767873723305,0.0047757395754293,0.180092850510678,0.0191029583017176,0.459721448467967,0.0573088749051527,0.0049767873723305,0.0047757395754293,2015.0,1991-11-07,,,2023,11
Julian Love,SEA,DB,14179,weighted,,,,,,,,,,,,,,,,,,,,,,,,,,,,,,,,,,,,,,,,,,,,,3.28102135561746,1.1849400470976,0.0099535747446611,0.0095514791508587,0.120371402042711,0.0764118332068702,0.425812441968431,0.167150885140029,0.0049767873723305,0.0047757395754293,2019.0,1998-03-19,,,2023,11
Benjamin St-Juste,WAS,DB,15392,weighted,,,,,,,,,,,,,,,,,,,,,,,,,,,,,,,,,,,,,,,,,,,,,3.80120705663881,0.665579357105846,0.0850696378830084,0.0143272187262882,0.0900464252553389,0.0095514791508587,0.922692664809657,0.553985790749809,0.0049767873723305,0.0047757395754293,2021.0,1997-09-08,,,2023,11
Marco Wilson,ARI,DB,15422,weighted,,,,,,,,,,,,,,,,,,,,,,,,,,,,,,,,,,,,,,,,,,,,,3.64939647168059,0.691094012335562,0.0049767873723305,0.0047757395754293,0.0900464252553389,0.0095514791508587,0.430324976787372,0.0668603540560114,0.0049767873723305,0.0047757395754293,2021.0,1999-03-03,,,2023,11
Kader Kohou,MIA,DB,16016,weighted,,,,,,,,,,,,,,,,,,,,,,,,,,,,,,,,,,,,,,,,,,,,,4.03026926648097,0.407341052746017,0.0298607242339833,0.0286544374525763,0.0298607242339833,0.0286544374525763,0.651624883936862,0.334301770280057,0.0049767873723305,0.0047757395754293,2022.0,1998-11-28,,,2023,11
Carrington Valentine,GB,DB,16356,weighted,,,,,,,,,,,,,,,,,,,,,,,,,,,,,,,,,,,,,,,,,,,,,3.23259052924791,0.983574843162133,0.0049767873723305,0.0047757395754293,0.0597214484679666,0.0573088749051527,0.515394614670381,0.0811875727822996,0.0049767873723305,0.0047757395754293,2023.0,2001-09-09,,,2023,11
Percy Butler,WAS,DB,15874,weighted,,,,,,,,,,,,,,,,,,,,,,,,,,,,,,,,,,,,,,,,,,,,,4.41717333333333,0.0282842712474619,0.03,0.0,0.11,1.9825159407563102e-17,0.4,7.93006376302522e-17,0.01,0.0,2022.0,2000-05-29,,,2023,11
Johnathan Ford,GB,DB,13339,weighted,,,,,,,,,,,,,,,,,,,,,,,,,,,,,,,,,,,,,,,,,,,,,3.54966887417218,1.06066017177982,0.0,0.0,0.2,3.96083208564486e-17,0.6,0.0,0.0,0.0,2017.0,1994-11-01,D,Biceps,2023,11
Darius Slay,PHI,DB,11348,weighted,,,,,,,,,,,,,,,,,,,,,,,,,,,,,,,,,,,,,,,,,,,,,3.36646239554318,0.836610114127459,0.0,0.0,0.119907149489322,0.0191029583017176,0.640742804085423,0.15282366641374,0.0049767873723305,0.0047757395754293,2013.0,1991-01-01,,,2023,11
Quentin Lake,LAR,DB,15923,weighted,,,,,,,,,,,,,,,,,,,,,,,,,,,,,,,,,,,,,,,,,,,,,2.73448467966574,1.47228028791645,0.0398142989786444,0.0382059166034351,0.0447910863509749,0.0429816561788645,0.174187558031569,0.167150885140029,0.0049767873723305,0.0047757395754293,2022.0,1999-01-29,,,2023,11
Brandon Stephens,BAL,DB,15405,weighted,,,,,,,,,,,,,,,,,,,,,,,,,,,,,,,,,,,,,,,,,,,,,3.57981429897864,0.676168077588288,0.0099535747446611,0.0095514791508587,0.0850696378830084,0.0143272187262882,0.460649953574745,0.133720708112023,0.0049767873723305,0.0047757395754293,2021.0,1997-12-29,,,2023,11
Marcus Peters,LVR,DB,12245,weighted,,,,,,,,,,,,,,,,,,,,,,,,,,,,,,,,,,,,,,,,,,,,,2.87281337047354,1.19479171601261,0.0149303621169916,0.0143272187262882,0.169675023212628,0.0668603540560114,0.59455896007428,0.0907390519331584,0.0601857010213556,0.0382059166034351,2015.0,1993-01-09,,,2023,11
Ahmad Gardner,NYJ,DB,15833,weighted,,,,,,,,,,,,,,,,,,,,,,,,,,,,,,,,,,,,,,,,,,,,,3.2297121634169,0.883948033111746,0.0049767873723305,0.0047757395754293,0.104976787372331,0.0047757395754293,0.555673166202414,0.138496447687452,0.0049767873723305,0.0047757395754293,2022.0,2001-08-31,,,2023,11
Roger McCreary,TEN,DB,15849,weighted,,,,,,,,,,,,,,,,,,,,,,,,,,,,,,,,,,,,,,,,,,,,,3.60982358402971,0.820962469067091,0.0850696378830084,0.0143272187262882,0.0850696378830084,0.0143272187262882,0.40544103992572,0.0907390519331584,0.0049767873723305,0.0047757395754293,2022.0,2000-02-10,,,2023,11
Stephon Gilmore,DAL,DB,10789,weighted,,,,,,,,,,,,,,,,,,,,,,,,,,,,,,,,,,,,,,,,,,,,,3.30661095636026,0.766105391666671,0.0049767873723305,0.0047757395754293,0.195023212627669,0.0047757395754293,0.690510677808728,0.105066270659447,0.0049767873723305,0.0047757395754293,2012.0,1990-09-19,,,2023,11
Geno Stone,BAL,DB,15003,weighted,,,,,,,,,,,,,,,,,,,,,,,,,,,,,,,,,,,,,,,,,,,,,2.9257938718663,1.02098309848587,0.0049767873723305,0.0047757395754293,0.275580315691736,0.119393489385735,0.5,0.0,0.0049767873723305,0.0047757395754293,2020.0,1999-04-19,,,2023,11
Asante Samuel,LAC,DB,15384,weighted,,,,,,,,,,,,,,,,,,,,,,,,,,,,,,,,,,,,,,,,,,,,,3.68196843082637,0.381953810943478,0.0049767873723305,0.0047757395754293,0.185069637883008,0.0143272187262882,0.575116063138347,0.0238786978771469,0.0049767873723305,0.0047757395754293,2021.0,1999-10-03,,,2023,11
Bryan Cook,KC,DB,15860,weighted,,,,,,,,,,,,,,,,,,,,,,,,,,,,,,,,,,,,,,,,,,,,,4.11717333333333,0.0282842712474619,0.04,0.0,0.09,1.9825159407563102e-17,0.35,7.93006376302522e-17,0.01,0.0,2022.0,1999-09-07,,,2023,11
Jourdan Lewis,DAL,DB,13227,weighted,,,,,,,,,,,,,,,,,,,,,,,,,,,,,,,,,,,,,,,,,,,,,2.5697121634169,1.26182064509805,0.0497678737233055,0.0477573957542939,0.0348375116063138,0.0334301770280057,0.259721448467967,0.0573088749051527,0.0049767873723305,0.0047757395754293,2017.0,1995-08-31,,,2023,11
Terrell Edmunds,TEN,DB,13716,weighted,,,,,,,,,,,,,,,,,,,,,,,,,,,,,,,,,,,,,,,,,,,,,3.41973509933775,0.848528137423857,0.1,1.98041604282243e-17,0.1,1.98041604282243e-17,0.2,3.96083208564486e-17,0.0,0.0,2018.0,1997-01-20,,,2023,11
Michael Davis,LAC,DB,13479,weighted,,,,,,,,,,,,,,,,,,,,,,,,,,,,,,,,,,,,,,,,,,,,,3.3772330547818,0.608060926902132,0.0099535747446611,0.0095514791508587,0.0398142989786444,0.0382059166034351,0.576044568245125,0.214908280894322,0.0049767873723305,0.0047757395754293,2017.0,1995-01-06,,,2023,11
Martin Emerson,CLE,DB,15862,weighted,,,,,,,,,,,,,,,,,,,,,,,,,,,,,,,,,,,,,,,,,,,,,3.01212627669452,0.859617778593775,0.0149303621169916,0.0143272187262882,0.0900464252553389,0.0095514791508587,0.470603528319406,0.124169228961164,0.0049767873723305,0.0047757395754293,2022.0,2000-09-27,,,2023,11
Kendall Fuller,WAS,DB,12714,weighted,,,,,,,,,,,,,,,,,,,,,,,,,,,,,,,,,,,,,,,,,,,,,3.19992571959146,0.859207835848183,0.0149303621169916,0.0143272187262882,0.175116063138347,0.0238786978771469,0.595487465181059,0.100290531084017,0.0552089136490251,0.0429816561788645,2016.0,1995-02-13,,,2023,11
Rodney McLeod,CLE,DB,11017,weighted,,,,,,,,,,,,,,,,,,,,,,,,,,,,,,,,,,,,,,,,,,,,,2.43372330547818,1.34222476021688,0.0049767873723305,0.0047757395754293,0.0497678737233055,0.0477573957542939,0.299535747446611,0.0955147915085878,0.0049767873723305,0.0047757395754293,2012.0,1990-06-23,,,2023,11
Deonte Banks,NYG,DB,16255,weighted,,,,,,,,,,,,,,,,,,,,,,,,,,,,,,,,,,,,,,,,,,,,,2.9330547818013,0.898983133459202,0.0099535747446611,0.0095514791508587,0.054744661095636,0.0525331353297233,0.50544103992572,0.0907390519331584,0.0049767873723305,0.0047757395754293,2023.0,2001-04-03,,,2023,11
Byron Murphy,MIN,DB,14180,weighted,,,,,,,,,,,,,,,,,,,,,,,,,,,,,,,,,,,,,,,,,,,,,2.65604456824513,1.11462646697488,0.0149303621169916,0.0143272187262882,0.185533890436397,0.109842010234876,0.606369545032498,0.281768634950334,0.0049767873723305,0.0047757395754293,2019.0,1998-01-18,,,2023,11
Tashaun Gipson,SF,DB,11010,weighted,,,,,,,,,,,,,,,,,,,,,,,,,,,,,,,,,,,,,,,,,,,,,2.65528319405757,1.11548015216995,0.0149303621169916,0.0143272187262882,0.214930362116992,0.0143272187262882,0.48414113277623,0.176702364290887,0.0099535747446611,0.0095514791508587,2012.0,1990-08-07,,,2023,11
Derion Kendrick,LAR,DB,15924,weighted,,,,,,,,,,,,,,,,,,,,,,,,,,,,,,,,,,,,,,,,,,,,,3.26222841225627,0.603043910283921,0.0049767873723305,0.0047757395754293,0.0398142989786444,0.0382059166034351,0.375116063138347,0.023878697877147,0.0049767873723305,0.0047757395754293,2022.0,2000-08-24,,,2023,11
Malik Hooker,DAL,DB,13228,weighted,,,,,,,,,,,,,,,,,,,,,,,,,,,,,,,,,,,,,,,,,,,,,2.42363974001857,1.28758885681439,0.0049767873723305,0.0047757395754293,0.1,0.0,0.28958217270195,0.085963312357729,0.0049767873723305,0.0047757395754293,2017.0,1996-04-02,,,2023,11
Patrick Surtain II,DEN,DB,15362,weighted,,,,,,,,,,,,,,,,,,,,,,,,,,,,,,,,,,,,,,,,,,,,,3.36614670380687,0.47066598349975,0.0049767873723305,0.0047757395754293,0.114930362116992,0.0143272187262882,0.520371402042711,0.0764118332068702,0.0049767873723305,0.0047757395754293,2021.0,2000-04-14,,,2023,11
Patrick Peterson,PIT,DB,10260,weighted,,,,,,,,,,,,,,,,,,,,,,,,,,,,,,,,,,,,,,,,,,,,,3.07559888579387,0.908189100242092,0.0049767873723305,0.0047757395754293,0.195023212627669,0.0047757395754293,0.590046425255339,0.0095514791508587,0.0049767873723305,0.0047757395754293,2011.0,1990-07-11,,,2023,11
Tariq Woolen,SEA,DB,15894,weighted,,,,,,,,,,,,,,,,,,,,,,,,,,,,,,,,,,,,,,,,,,,,,2.97290622098422,0.780205174816537,0.0049767873723305,0.0047757395754293,0.175116063138347,0.0238786978771469,0.690974930362117,0.200581062168034,0.0049767873723305,0.0047757395754293,2022.0,1999-05-02,,,2023,11
Jaylon Johnson,CHI,DB,14924,weighted,,,,,,,,,,,,,,,,,,,,,,,,,,,,,,,,,,,,,,,,,,,,,2.87244196843083,0.84768851349823,0.0049767873723305,0.0047757395754293,0.104976787372331,0.0047757395754293,0.404976787372331,0.0047757395754293,0.0049767873723305,0.0047757395754293,2020.0,1999-04-19,,,2023,11
Jaylon Johnson,CHI,DB,14924,weighted,,,,,,,,,,,,,,,,,,,,,,,,,,,,,,,,,,,,,,,,,,,,,2.87244196843083,0.84768851349823,0.0049767873723305,0.0047757395754293,0.104976787372331,0.0047757395754293,0.404976787372331,0.0047757395754293,0.0049767873723305,0.0047757395754293,2020.0,1997-10-14,,,2023,11
Jaylon Johnson,CHI,DB,14924,weighted,,,,,,,,,,,,,,,,,,,,,,,,,,,,,,,,,,,,,,,,,,,,,2.87244196843083,0.84768851349823,0.0049767873723305,0.0047757395754293,0.104976787372331,0.0047757395754293,0.404976787372331,0.0047757395754293,0.0049767873723305,0.0047757395754293,2020.0,1999-12-02,,,2023,11
Jaire Alexander,GB,DB,13730,weighted,,,,,,,,,,,,,,,,,,,,,,,,,,,,,,,,,,,,,,,,,,,,,3.33311258278146,0.707106781186548,0.0,0.0,0.2,3.96083208564486e-17,0.9,0.0,0.0,0.0,2018.0,1997-02-09,Q,Shoulder,2023,11
Dee Delaney,TB,DB,14024,weighted,,,,,,,,,,,,,,,,,,,,,,,,,,,,,,,,,,,,,,,,,,,,,2.63816155988858,1.01396301838236,0.0099535747446611,0.0095514791508587,0.145255338904364,0.0525331353297233,0.430324976787372,0.0668603540560114,0.0049767873723305,0.0047757395754293,2018.0,1995-02-20,,,2023,11
Ahkello Witherspoon,LAR,DB,13266,weighted,,,,,,,,,,,,,,,,,,,,,,,,,,,,,,,,,,,,,,,,,,,,,2.98269266480966,0.721040368627455,0.0049767873723305,0.0047757395754293,0.154744661095636,0.0525331353297233,0.71041782729805,0.085963312357729,0.0099535747446611,0.0095514791508587,2017.0,1995-03-21,,,2023,11
Shaq Griffin,HOU,DB,13273,weighted,,,,,,,,,,,,,,,,,,,,,,,,,,,,,,,,,,,,,,,,,,,,,2.84512534818942,0.846856966625765,0.0,0.0,0.0298607242339833,0.0286544374525763,0.350232126276695,0.0477573957542939,0.0049767873723305,0.0047757395754293,2017.0,1994-01-01,,,2023,11
Christian Izien,,DB,16457,weighted,,,,,,,,,,,,,,,,,,,,,,,,,,,,,,,,,,,,,,,,,,,,,3.77853333333333,0.0353553390593273,0.03,0.0,0.08,0.0,0.34,0.0,0.01,0.0,2023.0,2000-06-08,,,2023,11
Michael Carter,NYJ,DB,15432,weighted,,,,,,,,,,,,,,,,,,,,,,,,,,,,,,,,,,,,,,,,,,,,,2.79383472609099,0.818327748502094,0.0149303621169916,0.0143272187262882,0.0298607242339833,0.0286544374525763,0.295023212627669,0.0047757395754293,0.0049767873723305,0.0047757395754293,2021.0,1999-03-08,Q,Hamstring,2023,11
Antonio Hamilton,ARI,DB,12976,weighted,,,,,,,,,,,,,,,,,,,,,,,,,,,,,,,,,,,,,,,,,,,,,3.11738161559889,0.518899576386196,0.0049767873723305,0.0047757395754293,0.0298607242339833,0.0286544374525763,0.350232126276695,0.0477573957542939,0.0049767873723305,0.0047757395754293,0.0,1993-01-24,,,2023,11
Darious Williams,JAC,DB,13959,weighted,,,,,,,,,,,,,,,,,,,,,,,,,,,,,,,,,,,,,,,,,,,,,2.68820798514392,0.814636682745483,0.0049767873723305,0.0047757395754293,0.114930362116992,0.0143272187262882,0.771532033426184,0.31519881197834,0.0049767873723305,0.0047757395754293,2018.0,1993-03-15,,,2023,11
Joey Porter Jr.,PIT,DB,16240,weighted,,,,,,,,,,,,,,,,,,,,,,,,,,,,,,,,,,,,,,,,,,,,,2.73996285979573,0.749082149091692,0.0049767873723305,0.0047757395754293,0.104976787372331,0.0047757395754293,0.450232126276695,0.0477573957542939,0.0049767873723305,0.0047757395754293,2023.0,2000-07-26,,,2023,11
Joey Porter Jr.,PIT,DB,16240,weighted,,,,,,,,,,,,,,,,,,,,,,,,,,,,,,,,,,,,,,,,,,,,,2.73996285979573,0.749082149091692,0.0049767873723305,0.0047757395754293,0.104976787372331,0.0047757395754293,0.450232126276695,0.0477573957542939,0.0049767873723305,0.0047757395754293,2023.0,2002-02-03,,,2023,11
James Bradberry,PHI,DB,12750,weighted,,,,,,,,,,,,,,,,,,,,,,,,,,,,,,,,,,,,,,,,,,,,,2.92594243268338,0.578360835169787,0.0,0.0,0.0447910863509749,0.0429816561788645,0.585998142989786,0.205356801743464,0.0049767873723305,0.0047757395754293,2016.0,1993-08-04,,,2023,11
Mike Edwards,KC,DB,14222,weighted,,,,,,,,,,,,,,,,,,,,,,,,,,,,,,,,,,,,,,,,,,,,,2.53909006499536,0.858596622860185,0.0651624883936862,0.0334301770280057,0.1,0.0,0.435301764159703,0.062084614480582,0.0049767873723305,0.0047757395754293,2019.0,,,,2023,11
Xavien Howard,MIA,DB,12742,weighted,,,,,,,,,,,,,,,,,,,,,,,,,,,,,,,,,,,,,,,,,,,,,2.69470752089136,0.704134459973719,0.0099535747446611,0.0095514791508587,0.154744661095636,0.0525331353297233,0.655208913649025,0.0429816561788645,0.0099535747446611,0.0095514791508587,2016.0,1993-07-04,,,2023,11
Cameron Sutton,DET,DB,13276,weighted,,,,,,,,,,,,,,,,,,,,,,,,,,,,,,,,,,,,,,,,,,,,,2.82594243268338,0.578360835169787,0.0049767873723305,0.0047757395754293,0.0597214484679666,0.0573088749051527,0.414930362116992,0.0143272187262882,0.0049767873723305,0.0047757395754293,2017.0,1995-02-27,,,2023,11
Derek Stingley Jr.,HOU,DB,15832,weighted,,,,,,,,,,,,,,,,,,,,,,,,,,,,,,,,,,,,,,,,,,,,,2.75285051067781,0.627393015540083,0.0149303621169916,0.0143272187262882,0.0398142989786444,0.0382059166034351,0.169210770659239,0.162375145564599,0.0049767873723305,0.0047757395754293,2022.0,2001-06-20,,,2023,11
Art Maulet,BAL,DB,13547,weighted,,,,,,,,,,,,,,,,,,,,,,,,,,,,,,,,,,,,,,,,,,,,,3.47853333333333,0.0353553390593273,0.1,1.9825159407563102e-17,0.05,9.91257970378153e-18,0.26,0.0,0.01,0.0,2017.0,1970-01-01,,,2023,11
Danny Johnson,WAS,DB,13918,weighted,,,,,,,,,,,,,,,,,,,,,,,,,,,,,,,,,,,,,,,,,,,,,3.48712,0.0212132034355963,0.07,0.0,0.06,0.0,0.28,0.0,0.01,0.0,2018.0,1970-01-01,,,2023,11
Eli Ricks,,DB,16454,weighted,,,,,,,,,,,,,,,,,,,,,,,,,,,,,,,,,,,,,,,,,,,,,3.48712,0.0212132034355963,0.04,0.0,0.04,0.0,0.25,0.0,0.01,0.0,2023.0,2001-09-26,,,2023,11
Rasul Douglas,BUF,DB,13281,weighted,,,,,,,,,,,,,,,,,,,,,,,,,,,,,,,,,,,,,,,,,,,,,2.99064066852368,0.590492194247445,0.0099535747446611,0.0095514791508587,0.0950232126276695,0.0047757395754293,0.420371402042711,0.0764118332068702,0.0049767873723305,0.0047757395754293,2017.0,1994-08-29,,,2023,11
Ja'Sir Taylor,LAC,DB,15926,weighted,,,,,,,,,,,,,,,,,,,,,,,,,,,,,,,,,,,,,,,,,,,,,3.4,0.0,0.03,0.0,0.07,0.0,0.31,0.0,0.01,0.0,2022.0,1999-01-08,,,2023,11
Dane Jackson,BUF,DB,15016,weighted,,,,,,,,,,,,,,,,,,,,,,,,,,,,,,,,,,,,,,,,,,,,,2.81192200557103,0.447928499469348,0.0049767873723305,0.0047757395754293,0.0298607242339833,0.0286544374525763,0.290046425255339,0.0095514791508587,0.0049767873723305,0.0047757395754293,2020.0,1996-11-29,,,2023,11
Garrett Williams,ARI,DB,16274,weighted,,,,,,,,,,,,,,,,,,,,,,,,,,,,,,,,,,,,,,,,,,,,,3.21717333333333,0.0282842712474619,0.05,9.91257970378153e-18,0.07,0.0,0.31,0.0,0.01,0.0,2023.0,2001-06-01,,,2023,11
Garrett Williams,ARI,DB,16274,weighted,,,,,,,,,,,,,,,,,,,,,,,,,,,,,,,,,,,,,,,,,,,,,3.21717333333333,0.0282842712474619,0.05,9.91257970378153e-18,0.07,0.0,0.31,0.0,0.01,0.0,2023.0,2003-12-05,,,2023,11
Kyler Gordon,CHI,DB,15852,weighted,,,,,,,,,,,,,,,,,,,,,,,,,,,,,,,,,,,,,,,,,,,,,2.46304635761589,0.919238815542512,0.0,0.0,0.1,1.98041604282243e-17,0.3,0.0,0.0,0.0,2022.0,1999-12-17,,,2023,11
Damarri Mathis,DEN,DB,15876,weighted,,,,,,,,,,,,,,,,,,,,,,,,,,,,,,,,,,,,,,,,,,,,,2.63311258278146,0.707106781186548,0.0,0.0,0.2,3.96083208564486e-17,0.6,0.0,0.0,0.0,2022.0,1999-04-12,,,2023,11
Tre Brown,SEA,DB,15423,weighted,,,,,,,,,,,,,,,,,,,,,,,,,,,,,,,,,,,,,,,,,,,,,2.44165273909007,0.62746057754887,0.0149303621169916,0.0143272187262882,0.0900464252553389,0.0095514791508587,0.415394614670381,0.0811875727822996,0.0049767873723305,0.0047757395754293,2021.0,1997-09-24,Q,Foot,2023,11
Levi Wallace,PIT,DB,13711,weighted,,,,,,,,,,,,,,,,,,,,,,,,,,,,,,,,,,,,,,,,,,,,,2.63923862581244,0.423048341732852,0.0,0.0,0.160185701021356,0.0382059166034351,0.605905292479109,0.186253843441746,0.0049767873723305,0.0047757395754293,2018.0,,,,2023,11
Jakorian Bennett,LVR,DB,16289,weighted,,,,,,,,,,,,,,,,,,,,,,,,,,,,,,,,,,,,,,,,,,,,,2.58980132450331,0.636396103067893,0.0,0.0,0.2,3.96083208564486e-17,0.5,0.0,0.1,1.98041604282243e-17,2023.0,2000-08-23,,,2023,11
Kei'Trel Clark,ARI,DB,16325,weighted,,,,,,,,,,,,,,,,,,,,,,,,,,,,,,,,,,,,,,,,,,,,,2.75986754966887,0.424264068711929,0.0,0.0,0.0,0.0,0.2,3.96083208564486e-17,0.0,0.0,2023.0,2001-03-19,,,2023,11
Kei'Trel Clark,ARI,DB,16325,weighted,,,,,,,,,,,,,,,,,,,,,,,,,,,,,,,,,,,,,,,,,,,,,2.75986754966887,0.424264068711929,0.0,0.0,0.0,0.0,0.2,3.96083208564486e-17,0.0,0.0,2023.0,2001-03-19,,,2023,11
Eli Apple,FA,DB,12715,weighted,,,,,,,,,,,,,,,,,,,,,,,,,,,,,,,,,,,,,,,,,,,,,2.60317880794702,0.494974746830583,0.0,0.0,0.0,0.0,0.7,0.0,0.0,0.0,2016.0,1995-08-09,,,2023,11
Denzel Ward,CLE,DB,13707,weighted,,,,,,,,,,,,,,,,,,,,,,,,,,,,,,,,,,,,,,,,,,,,,2.63465181058496,0.337143543737944,0.0049767873723305,0.0047757395754293,0.200464252553389,0.0955147915085878,0.681485608170845,0.305647332827481,0.0049767873723305,0.0047757395754293,2018.0,1997-04-28,,,2023,11
Jartavius Martin,WAS,DB,16263,weighted,,,,,,,,,,,,,,,,,,,,,,,,,,,,,,,,,,,,,,,,,,,,,2.04966887417219,1.06066017177982,0.0,0.0,0.2,3.96083208564486e-17,0.6,0.0,0.0,0.0,2023.0,2000-04-17,,,2023,11
Emmanuel Forbes,WAS,DB,16253,weighted,,,,,,,,,,,,,,,,,,,,,,,,,,,,,,,,,,,,,,,,,,,,,2.38980132450331,0.636396103067893,0.0,0.0,0.1,1.98041604282243e-17,0.7,0.0,0.0,0.0,2023.0,2001-01-13,,,2023,11
Amik Robertson,LVR,DB,14957,weighted,,,,,,,,,,,,,,,,,,,,,,,,,,,,,,,,,,,,,,,,,,,,,2.28672237697307,0.609630026657695,0.0701392757660167,0.0286544374525763,0.0900464252553389,0.0095514791508587,0.360185701021356,0.0382059166034351,0.0049767873723305,0.0047757395754293,2020.0,1998-07-06,,,2023,11
Steven Nelson,HOU,DB,12291,weighted,,,,,,,,,,,,,,,,,,,,,,,,,,,,,,,,,,,,,,,,,,,,,2.00635761589404,0.989949493661167,0.0,0.0,0.2,3.96083208564486e-17,0.5,0.0,0.0,0.0,2015.0,1993-01-22,,,2023,11
Chidobe Awuzie,CIN,DB,13263,weighted,,,,,,,,,,,,,,,,,,,,,,,,,,,,,,,,,,,,,,,,,,,,,2.34649006622517,0.565685424949238,0.0,0.0,0.0,0.0,0.4,7.92166417128973e-17,0.0,0.0,2017.0,1995-05-24,,,2023,11
Michael Jackson,SEA,DB,14252,weighted,,,,,,,,,,,,,,,,,,,,,,,,,,,,,,,,,,,,,,,,,,,,,2.34649006622517,0.565685424949238,0.0,0.0,0.0,0.0,0.4,7.92166417128973e-17,0.0,0.0,2019.0,1997-01-10,,,2023,11
Isaiah Oliver,SF,DB,13709,weighted,,,,,,,,,,,,,,,,,,,,,,,,,,,,,,,,,,,,,,,,,,,,,1.76304635761589,0.919238815542512,0.0,0.0,0.0,0.0,0.3,0.0,0.0,0.0,2018.0,1996-09-30,,,2023,11
Jaylen Watson,KC,DB,15950,weighted,,,,,,,,,,,,,,,,,,,,,,,,,,,,,,,,,,,,,,,,,,,,,2.05986754966887,0.424264068711928,0.1,1.98041604282243e-17,0.1,1.98041604282243e-17,0.3,0.0,0.0,0.0,2022.0,1998-09-17,,,2023,11
Andrew Booth,MIN,DB,15854,weighted,,,,,,,,,,,,,,,,,,,,,,,,,,,,,,,,,,,,,,,,,,,,,1.83311258278146,0.707106781186548,0.0,0.0,0.0,0.0,0.3,0.0,0.0,0.0,2022.0,2000-09-28,,,2023,11
Christian Benford,BUF,DB,15913,weighted,,,,,,,,,,,,,,,,,,,,,,,,,,,,,,,,,,,,,,,,,,,,,2.00317880794702,0.494974746830583,0.0,0.0,0.0,0.0,0.3,0.0,0.0,0.0,2022.0,2000-09-21,,,2023,11
Greg Newsome,CLE,DB,15375,weighted,,,,,,,,,,,,,,,,,,,,,,,,,,,,,,,,,,,,,,,,,,,,,1.78980132450331,0.636396103067893,0.0,0.0,0.0,0.0,0.5,0.0,0.0,0.0,2021.0,2000-05-18,,,2023,11
Riley Moss,DEN,DB,16279,weighted,,,,,,,,,,,,,,,,,,,,,,,,,,,,,,,,,,,,,,,,,,,,,1.78980132450331,0.636396103067893,0.0,0.0,0.0,0.0,0.2,3.96083208564486e-17,0.0,0.0,2023.0,2000-03-03,,,2023,11
Jaylon Jones,CHI,DB,16026,weighted,,,,,,,,,,,,,,,,,,,,,,,,,,,,,,,,,,,,,,,,,,,,,1.56304635761589,0.919238815542512,0.0,0.0,0.0,0.0,0.1,1.98041604282243e-17,0.0,0.0,2022.0,1997-10-14,,,2023,11
Taylor Rapp,BUF,DB,14186,weighted,,,,,,,,,,,,,,,,,,,,,,,,,,,,,,,,,,,,,,,,,,,,,1.84649006622517,0.565685424949238,0.1,1.98041604282243e-17,0.0,0.0,0.1,1.98041604282243e-17,0.0,0.0,2019.0,1970-01-01,,,2023,11
Decobie Durant,LAR,DB,15888,weighted,,,,,,,,,,,,,,,,,,,,,,,,,,,,,,,,,,,,,,,,,,,,,1.51973509933775,0.848528137423857,0.0,0.0,0.1,1.98041604282243e-17,0.6,0.0,0.0,0.0,2022.0,1998-02-09,Q,Shoulder,2023,11
Darnay Holmes,NYG,DB,14944,weighted,,,,,,,,,,,,,,,,,,,,,,,,,,,,,,,,,,,,,,,,,,,,,1.85986754966887,0.424264068711929,0.0,0.0,0.0,0.0,0.5,0.0,0.0,0.0,2020.0,1998-06-23,,,2023,11
Daryl Worley,BAL,DB,12760,weighted,,,,,,,,,,,,,,,,,,,,,,,,,,,,,,,,,,,,,,,,,,,,,1.91655629139073,0.353553390593274,0.0,0.0,0.0,0.0,0.3,0.0,0.0,0.0,2016.0,,,,2023,11
Terell Smith,CHI,DB,16319,weighted,,,,,,,,,,,,,,,,,,,,,,,,,,,,,,,,,,,,,,,,,,,,,1.19298013245033,1.13137084989848,0.0,0.0,0.0,0.0,0.3,0.0,0.0,0.0,2023.0,1999-07-27,,,2023,11
Zyon McCollum,TB,DB,15895,weighted,,,,,,,,,,,,,,,,,,,,,,,,,,,,,,,,,,,,,,,,,,,,,1.53311258278146,0.707106781186548,0.0,0.0,0.0,0.0,0.4,7.92166417128973e-17,0.0,0.0,2022.0,1999-05-03,,,2023,11
Jalyn Armour-Davis,BAL,DB,15879,weighted,,,,,,,,,,,,,,,,,,,,,,,,,,,,,,,,,,,,,,,,,,,,,1.87324503311258,0.282842712474619,0.0,0.0,0.0,0.0,0.4,7.92166417128973e-17,0.0,0.0,2022.0,1999-09-03,,,2023,11
Ka'dar Hollman,HOU,DB,14266,weighted,,,,,,,,,,,,,,,,,,,,,,,,,,,,,,,,,,,,,,,,,,,,,1.31973509933775,0.848528137423857,0.0,0.0,0.0,0.0,0.0,0.0,0.0,0.0,2019.0,,,,2023,11
Ambry Thomas,SF,DB,15403,weighted,,,,,,,,,,,,,,,,,,,,,,,,,,,,,,,,,,,,,,,,,,,,,1.67324503311258,0.282842712474619,0.0,0.0,0.0,0.0,0.1,1.98041604282243e-17,0.0,0.0,2021.0,1999-09-09,,,2023,11
Tre Herndon,JAC,DB,13914,weighted,,,,,,,,,,,,,,,,,,,,,,,,,,,,,,,,,,,,,,,,,,,,,1.34649006622517,0.565685424949238,0.0,0.0,0.0,0.0,0.5,0.0,0.0,0.0,2018.0,1970-01-01,,,2023,11
Aaron Robinson,NYG,DB,15389,weighted,,,,,,,,,,,,,,,,,,,,,,,,,,,,,,,,,,,,,,,,,,,,,1.57324503311258,0.282842712474619,0.0,0.0,0.1,1.98041604282243e-17,0.4,7.92166417128973e-17,0.0,0.0,2021.0,1998-11-10,,Knee - ACL + MCL,2023,11
Will Harris,DET,DB,14213,weighted,,,,,,,,,,,,,,,,,,,,,,,,,,,,,,,,,,,,,,,,,,,,,1.40317880794702,0.494974746830583,0.0,0.0,0.1,1.98041604282243e-17,0.2,3.96083208564486e-17,0.0,0.0,2019.0,,,,2023,11
Joshua Williams,KC,DB,15885,weighted,,,,,,,,,,,,,,,,,,,,,,,,,,,,,,,,,,,,,,,,,,,,,1.40317880794702,0.494974746830583,0.0,0.0,0.0,0.0,0.3,0.0,0.0,0.0,2022.0,1999-10-17,,,2023,11
Kelee Ringo,PHI,DB,16242,weighted,,,,,,,,,,,,,,,,,,,,,,,,,,,,,,,,,,,,,,,,,,,,,1.45986754966887,0.424264068711929,0.0,0.0,0.0,0.0,0.1,1.98041604282243e-17,0.0,0.0,2023.0,2002-06-27,,,2023,11
Deane Leonard,LAC,DB,15944,weighted,,,,,,,,,,,,,,,,,,,,,,,,,,,,,,,,,,,,,,,,,,,,,1.08980132450331,0.636396103067893,0.0,0.0,0.1,1.98041604282243e-17,0.5,0.0,0.0,0.0,2022.0,1999-11-20,,,2023,11
Mekhi Blackmon,MIN,DB,16288,weighted,,,,,,,,,,,,,,,,,,,,,,,,,,,,,,,,,,,,,,,,,,,,,1.14649006622517,0.565685424949238,0.0,0.0,0.0,0.0,0.5,0.0,0.0,0.0,2023.0,1999-03-18,,,2023,11
Josh Jobe,PHI,DB,15989,weighted,,,,,,,,,,,,,,,,,,,,,,,,,,,,,,,,,,,,,,,,,,,,,1.25986754966887,0.424264068711929,0.0,0.0,0.0,0.0,0.5,0.0,0.0,0.0,2022.0,1998-04-09,,,2023,11
Justin Evans,PHI,DB,13257,weighted,,,,,,,,,,,,,,,,,,,,,,,,,,,,,,,,,,,,,,,,,,,,,1.14649006622517,0.565685424949238,0.0,0.0,0.0,0.0,0.3,0.0,0.0,0.0,2017.0,1995-08-26,,Knee,2023,11
Cordale Flott,NYG,DB,15866,weighted,,,,,,,,,,,,,,,,,,,,,,,,,,,,,,,,,,,,,,,,,,,,,1.31655629139073,0.353553390593274,0.0,0.0,0.1,1.98041604282243e-17,0.5,0.0,0.0,0.0,2022.0,2001-08-24,,,2023,11
Sydney Brown,PHI,DB,16271,weighted,,,,,,,,,,,,,,,,,,,,,,,,,,,,,,,,,,,,,,,,,,,,,1.15986754966887,0.424264068711929,0.0,0.0,0.0,0.0,0.4,7.92166417128973e-17,0.0,0.0,2023.0,2000-03-21,,,2023,11
Trayvon Mullen,BAL,DB,14181,weighted,,,,,,,,,,,,,,,,,,,,,,,,,,,,,,,,,,,,,,,,,,,,,1.27324503311258,0.282842712474619,0.1,1.98041604282243e-17,0.0,0.0,0.4,7.92166417128973e-17,0.0,0.0,2019.0,1970-01-01,,Toe,2023,11
Samuel Womack,SF,DB,15906,weighted,,,,,,,,,,,,,,,,,,,,,,,,,,,,,,,,,,,,,,,,,,,,,1.10317880794702,0.494974746830583,0.0,0.0,0.0,0.0,0.2,3.96083208564486e-17,0.0,0.0,2022.0,1999-07-07,,Knee - MCL,2023,11
Brandon Jones,MIA,DB,14910,weighted,,,,,,,,,,,,,,,,,,,,,,,,,,,,,,,,,,,,,,,,,,,,,0.776423841059603,0.777817459305202,0.1,1.98041604282243e-17,0.0,0.0,0.1,1.98041604282243e-17,0.0,0.0,2020.0,1998-04-02,,,2023,11
Caleb Farley,TEN,DB,15360,weighted,,,,,,,,,,,,,,,,,,,,,,,,,,,,,,,,,,,,,,,,,,,,,1.22993377483444,0.212132034355964,0.0,0.0,0.0,0.0,0.1,1.98041604282243e-17,0.0,0.0,2021.0,1998-11-02,,Back,2023,11
Chandon Sullivan,PIT,DB,14013,weighted,,,,,,,,,,,,,,,,,,,,,,,,,,,,,,,,,,,,,,,,,,,,,0.846490066225166,0.565685424949238,0.0,0.0,0.0,0.0,0.3,0.0,0.0,0.0,2018.0,1970-01-01,,,2023,11
Antonio Johnson,JAC,DB,16246,weighted,,,,,,,,,,,,,,,,,,,,,,,,,,,,,,,,,,,,,,,,,,,,,0.846490066225166,0.565685424949238,0.0,0.0,0.0,0.0,0.2,3.96083208564486e-17,0.0,0.0,2023.0,2001-10-29,,,2023,11
Justin Bethel,MIA,DB,10874,weighted,,,,,,,,,,,,,,,,,,,,,,,,,,,,,,,,,,,,,,,,,,,,,0.90317880794702,0.494974746830583,0.0,0.0,0.0,0.0,0.2,3.96083208564486e-17,0.0,0.0,2012.0,1990-06-17,,,2023,11
Christopher Smith,LVR,DB,16321,weighted,,,,,,,,,,,,,,,,,,,,,,,,,,,,,,,,,,,,,,,,,,,,,0.746490066225166,0.565685424949238,0.0,0.0,0.0,0.0,0.2,3.96083208564486e-17,0.0,0.0,2023.0,2000-05-01,,,2023,11
Duke Shelley,LAR,DB,14278,weighted,,,,,,,,,,,,,,,,,,,,,,,,,,,,,,,,,,,,,,,,,,,,,0.973245033112583,0.282842712474619,0.0,0.0,0.0,0.0,0.4,7.92166417128973e-17,0.0,0.0,2019.0,1970-01-01,,,2023,11
Jalen Davis,CIN,DB,14037,weighted,,,,,,,,,,,,,,,,,,,,,,,,,,,,,,,,,,,,,,,,,,,,,0.759867549668874,0.424264068711929,0.0,0.0,0.0,0.0,0.1,1.98041604282243e-17,0.0,0.0,2018.0,1996-02-02,,,2023,11
Jalen Davis,CIN,DB,14037,weighted,,,,,,,,,,,,,,,,,,,,,,,,,,,,,,,,,,,,,,,,,,,,,0.759867549668874,0.424264068711929,0.0,0.0,0.0,0.0,0.1,1.98041604282243e-17,0.0,0.0,2018.0,2001-02-13,,,2023,11
Brandin Echols,NYJ,DB,15464,weighted,,,,,,,,,,,,,,,,,,,,,,,,,,,,,,,,,,,,,,,,,,,,,0.929933774834437,0.212132034355964,0.0,0.0,0.0,0.0,0.0,0.0,0.0,0.0,2021.0,1997-10-16,,,2023,11
Andre Chachere,ARI,DB,15568,weighted,,,,,,,,,,,,,,,,,,,,,,,,,,,,,,,,,,,,,,,,,,,,,0.659867549668874,0.424264068711929,0.0,0.0,0.0,0.0,0.1,1.98041604282243e-17,0.0,0.0,2018.0,1996-02-10,,,2023,11
Montaric Brown,JAC,DB,15933,weighted,,,,,,,,,,,,,,,,,,,,,,,,,,,,,,,,,,,,,,,,,,,,,0.773245033112583,0.282842712474619,0.0,0.0,0.0,0.0,0.1,1.98041604282243e-17,0.0,0.0,2022.0,1999-08-24,,,2023,11
Lewis Cine,MIN,DB,15837,weighted,,,,,,,,,,,,,,,,,,,,,,,,,,,,,,,,,,,,,,,,,,,,,0.573245033112583,0.282842712474619,0.0,0.0,0.0,0.0,0.2,3.96083208564486e-17,0.0,0.0,2022.0,1999-10-05,,,2023,11
Noah Igbinoghene,DAL,DB,14919,weighted,,,,,,,,,,,,,,,,,,,,,,,,,,,,,,,,,,,,,,,,,,,,,0.30317880794702,0.494974746830583,0.0,0.0,0.0,0.0,0.1,1.98041604282243e-17,0.1,1.98041604282243e-17,2020.0,1999-11-27,,,2023,11
Mike Ford,CLE,DB,14012,weighted,,,,,,,,,,,,,,,,,,,,,,,,,,,,,,,,,,,,,,,,,,,,,0.543311258278146,0.0707106781186547,0.0,0.0,0.0,0.0,0.0,0.0,0.0,0.0,2018.0,1995-08-04,,,2023,11
Ashtyn Davis,NYJ,DB,14911,weighted,,,,,,,,,,,,,,,,,,,,,,,,,,,,,,,,,,,,,,,,,,,,,-0.166887417218543,0.707106781186548,0.0,0.0,0.1,1.98041604282243e-17,0.1,1.98041604282243e-17,0.1,1.98041604282243e-17,2020.0,1996-10-10,,,2023,11
George Odum,SF,DB,13939,weighted,,,,,,,,,,,,,,,,,,,,,,,,,,,,,,,,,,,,,,,,,,,,,0.229933774834437,0.212132034355964,0.0,0.0,0.0,0.0,0.0,0.0,0.0,0.0,2018.0,1993-11-03,,,2023,11
Bradley Roby,PHI,DB,11735,weighted,,,,,,,,,,,,,,,,,,,,,,,,,,,,,,,,,,,,,,,,,,,,,0.4,7.92166417128973e-17,0.0,0.0,0.0,0.0,0.1,1.98041604282243e-17,0.0,0.0,2014.0,1992-05-01,,,2023,11
Jordan Battle,CIN,DB,16245,weighted,,,,,,,,,,,,,,,,,,,,,,,,,,,,,,,,,,,,,,,,,,,,,0.0,0.0,0.0,0.0,0.0,0.0,0.0,0.0,0.0,0.0,2023.0,2000-12-14,,,2023,11
