player,team,position,id,avg_type,pass_yds,pass_yds_sd,pass_tds,pass_tds_sd,pass_int,pass_int_sd,rush_yds,rush_yds_sd,rush_tds,rush_tds_sd,fumbles_lost,fumbles_lost_sd,two_pts,two_pts_sd,return_tds,return_tds_sd,rec,rec_sd,rec_yds,rec_yds_sd,rec_tds,rec_tds_sd,fg_0019,fg_0019_sd,fg_2029,fg_2029_sd,fg_3039,fg_3039_sd,fg_4049,fg_4049_sd,fg_50,fg_50_sd,xp,xp_sd,dst_int,dst_int_sd,dst_sacks,dst_sacks_sd,dst_safety,dst_safety_sd,dst_td,dst_td_sd,dst_blk,dst_blk_sd,idp_solo,idp_solo_sd,idp_sack,idp_sack_sd,idp_int,idp_int_sd,idp_pd,idp_pd_sd,idp_td,idp_td_sd,draft_year,birthdate,injury_status,injury_details,season_year,week
Dak Prescott,DAL,QB,12620,weighted,283.446491310474,24.5697872732705,2.11913574448098,0.275202318968608,0.439943635509629,0.248315705287985,23.3577944038113,1.86309480480234,0.277551287615769,0.162652457432648,0.160911225927666,0.0540204318760941,0.1,0.0,,,,,,,,,,,,,,,,,,,,,,,,,,,,,,,,,,,,,,,,,2016.0,1993-07-29,,,,3
Patrick Mahomes,KC,QB,13116,weighted,303.087585720996,14.924866973475,2.32847346171912,0.382274800871658,0.551939877876937,0.323579320878885,7.8398329195464,2.67171971702825,0.0732871487852728,0.0398484211276623,0.118329732268671,0.0527739947812032,0.06,0.0,,,,,,,,,,,,,,,,,,,,,,,,,,,,,,,,,,,,,,,,,2017.0,1995-09-17,,,,3
Jameis Winston,TB,QB,12140,weighted,284.153903240958,17.3141853143677,1.89781117895726,0.148014265118279,1.11930014091123,0.133281884345922,17.8215339193451,0.854051926303526,0.106302263141343,0.0651728777290538,0.167930483795209,0.0748163381347489,0.06,0.0,,,,,,,,,,,,,,,,,,,,,,,,,,,,,,,,,,,,,,,,,2015.0,1994-01-06,,,,3
Jameis Winston,NO,QB,12140,weighted,284.153903240958,17.3141853143677,1.89781117895726,0.148014265118279,1.11930014091123,0.133281884345922,17.8215339193451,0.854051926303526,0.106302263141343,0.0651728777290538,0.167930483795209,0.0748163381347489,0.06,0.0,,,,,,,,,,,,,,,,,,,,,,,,,,,,,,,,,,,,,,,,,2015.0,1994-01-06,,,,3
Tom Brady,NE,QB,5848,weighted,283.703212775951,25.9550788537737,2.0749929544387,0.178943498592545,0.434053546265852,0.244326143887932,1.55603502650473,1.2590145291572,0.0625538482184795,0.0394668423028375,0.0791714419915453,0.0196084405752094,0.03,0.0,,,,,,,,,,,,,,,,,,,,,,,,,,,,,,,,,,,,,,,,,2000.0,1977-08-03,,,,3
Tom Brady,TB,QB,5848,weighted,283.703212775951,25.9550788537737,2.0749929544387,0.178943498592545,0.434053546265852,0.244326143887932,1.55603502650473,1.2590145291572,0.0625538482184795,0.0394668423028375,0.0791714419915453,0.0196084405752094,0.03,0.0,,,,,,,,,,,,,,,,,,,,,,,,,,,,,,,,,,,,,,,,,2000.0,1977-08-03,,,,3
Matt Ryan,ATL,QB,9099,weighted,297.622710192579,7.14214876823257,1.89343353687177,0.164460495145683,0.627294504462189,0.376584486317395,7.6708655975307,0.853793602461786,0.050129459319956,0.0480959828089518,0.159930483795209,0.0723436481662585,0.13,0.0,,,,,,,,,,,,,,,,,,,,,,,,,,,,,,,,,,,,,,,,,2008.0,1985-05-17,,,,3
Kyler Murray,ARI,QB,14056,weighted,266.762818224519,21.1052493546373,1.71709253170503,0.297474301847718,0.962959135744481,0.158841586093752,17.9716177950748,2.97777370302544,0.0949083131294985,0.0519626663052636,0.134147487083138,0.0500402637205898,0.14,0.0,,,,,,,,,,,,,,,,,,,,,,,,,,,,,,,,,,,,,,,,,2019.0,1997-08-07,,,,3
Philip Rivers,LAC,QB,7394,weighted,287.828759981212,8.96925036778537,1.94227806481916,0.0635453926923981,0.618722404884923,0.332523438596445,2.22316177950748,0.807935185319121,0.0139176319462841,0.017557304885533,0.0368191639267262,0.0206801839991126,0.22,0.0,,,,,,,,,,,,,,,,,,,,,,,,,,,,,,,,,,,,,,,,,2004.0,1981-12-08,,,,3
Philip Rivers,IND,QB,7394,weighted,287.828759981212,8.96925036778537,1.94227806481916,0.0635453926923981,0.618722404884923,0.332523438596445,2.22316177950748,0.807935185319121,0.0139176319462841,0.017557304885533,0.0368191639267262,0.0206801839991126,0.22,0.0,,,,,,,,,,,,,,,,,,,,,,,,,,,,,,,,,,,,,,,,,2004.0,1981-12-08,,,,3
Matthew Stafford,DET,QB,9431,weighted,270.572348520432,12.5626594198003,1.71085486143729,0.289854203834372,0.538403006106153,0.290063379479539,7.60612561229283,2.62221204778305,0.0220686751131286,0.0296755880606375,0.162718647252231,0.0791321924181535,0.06,0.0,,,,,,,,,,,,,,,,,,,,,,,,,,,,,,,,,,,,,,,,,2009.0,1988-02-07,,,,3
Baker Mayfield,CLE,QB,13590,weighted,268.791930483795,20.2456894325077,1.76708783466416,0.261222741259848,1.11719586660404,0.254693058308294,6.93547205260686,2.55290518358738,0.0238949986735521,0.0328782684754641,0.136753405354627,0.047377695408116,0.14,0.0,,,,,,,,,,,,,,,,,,,,,,,,,,,,,,,,,,,,,,,,,2018.0,1995-04-14,,,,3
Carson Wentz,PHI,QB,12610,weighted,269.854340065759,10.6544268612254,1.95329262564584,0.0490444527490658,0.876801315171442,0.148043873830907,11.6445212373348,1.83315386812918,0.0875862021074896,0.0459018880356325,0.162718647252231,0.0791321924181535,0.22,0.0,,,,,,,,,,,,,,,,,,,,,,,,,,,,,,,,,,,,,,,,,2016.0,1992-12-30,,,,3
Jared Goff,LAR,QB,12611,weighted,266.614114607797,11.6237434407678,1.62638327853452,0.35964826495373,0.583701268201033,0.31334497793513,5.41313024223311,2.16847854251471,0.0494656027487543,0.0465186138484293,0.16532456552372,0.0769202467185491,0.09,0.0,,,,,,,,,,,,,,,,,,,,,,,,,,,,,,,,,,,,,,,,,2016.0,1994-10-14,,,,3
Andy Dalton,CIN,QB,10313,weighted,245.110648191639,26.4408312935744,1.66372005636449,0.301162462562965,0.976496007515265,0.103848979892284,4.95856975105683,1.38372780043959,0.0182595073380641,0.0242388180922476,0.15900657585721,0.0787001130008027,,,,,,,,,,,,,,,,,,,,,,,,,,,,,,,,,,,,,,,,,,,2011.0,1987-10-29,,,,3
Andy Dalton,DAL,QB,10313,weighted,245.110648191639,26.4408312935744,1.66372005636449,0.301162462562965,0.976496007515265,0.103848979892284,4.95856975105683,1.38372780043959,0.0182595073380641,0.0242388180922476,0.15900657585721,0.0787001130008027,,,,,,,,,,,,,,,,,,,,,,,,,,,,,,,,,,,,,,,,,,,2011.0,1987-10-29,,,,3
Jimmy Garoppolo,SF,QB,11760,weighted,259.307806481916,13.8048612306367,1.83180366369187,0.20898166048602,0.928853922029122,0.164106309942617,5.5591042072066,1.91291213938751,0.0344273986179247,0.0470104851510119,0.0656383278534523,0.033333336429068,0.12,0.0,,,,,,,,,,,,,,,,,,,,,,,,,,,,,,,,,,,,,,,,,2014.0,1991-11-02,,,,3
Aaron Rodgers,GB,QB,7836,weighted,261.656946923438,10.0499216668662,1.83054955378112,0.147160403109247,0.334279004227337,0.203385147316747,14.1359665839093,3.42752818978109,0.0896344642256105,0.0518205172150171,0.12093565054016,0.0498928008569846,0.13,0.0,,,,,,,,,,,,,,,,,,,,,,,,,,,,,,,,,,,,,,,,,2005.0,1983-12-02,,,,3
Mason Rudolph,PIT,QB,13595,weighted,260.206424945613,15.2688844337716,1.39828861493836,0.334738367785091,1.06788977519942,0.0865820256143421,5.40139412617839,0.473872974323304,0.0209910912735002,0.0328029646838876,0.0823604060913706,0.0259196429598667,0.09,0.0,,,,,,,,,,,,,,,,,,,,,,,,,,,,,,,,,,,,,,,,,2018.0,1995-07-17,,,,3
Russell Wilson,SEA,QB,10703,weighted,247.926838891498,15.9519648811535,1.9232456552372,0.229911704193719,0.419436355096289,0.238243373832284,22.0645890089244,3.08676435295059,0.099397525958341,0.0571449789549883,0.151191874119305,0.0604833322345589,0.09,0.0,,,,,,,,,,,,,,,,,,,,,,,,,,,,,,,,,,,,,,,,,2012.0,1988-11-29,,,,3
Deshaun Watson,HOU,QB,13113,weighted,256.656016909347,12.7982368451187,1.76147017379051,0.214937483119257,0.830333489901362,0.132184672091089,30.6414735288197,2.5921461325901,0.207772078011521,0.131217688588499,0.118788163457022,0.0404302160805937,0.11,0.0,,,,,,,,,,,,,,,,,,,,,,,,,,,,,,,,,,,,,,,,,2017.0,1995-09-14,,,,3
Daniel Jones,NYG,QB,14059,weighted,245.953039388595,11.2884021926571,1.23656084656085,0.192678150863446,0.930346854791299,0.258260117706464,14.006455026455,6.20207241533302,0.0743045061212703,0.0687897861505325,0.198883009994121,0.120704562494393,0.09,0.0,,,,,,,,,,,,,,,,,,,,,,,,,,,,,,,,,,,,,,,,,2019.0,1997-05-27,,,,3
Kyle Allen,CAR,QB,13879,weighted,234.473086419753,23.1860767772297,1.35694885361552,0.443262899361465,1.03478542034098,0.139320465870589,10.3452169312169,1.73349765429616,0.0770291242066713,0.0468672526738057,0.169356261022928,0.0806400874150671,0.08,0.0,,,,,,,,,,,,,,,,,,,,,,,,,,,,,,,,,,,,,,,,,2018.0,1996-03-08,,,,3
Kyle Allen,WAS,QB,13879,weighted,234.473086419753,23.1860767772297,1.35694885361552,0.443262899361465,1.03478542034098,0.139320465870589,10.3452169312169,1.73349765429616,0.0770291242066713,0.0468672526738057,0.169356261022928,0.0806400874150671,0.08,0.0,,,,,,,,,,,,,,,,,,,,,,,,,,,,,,,,,,,,,,,,,2018.0,1996-03-08,,,,3
Joe Flacco,DEN,QB,9064,weighted,245.886490299824,13.6054233331544,1.10791299235744,0.142162079554091,0.861957671957672,0.137557926388467,1.73040681951793,1.50131623592419,0.0138295120517343,0.0166515176211174,0.0516872427983539,0.0361396820138084,0.09,0.0,,,,,,,,,,,,,,,,,,,,,,,,,,,,,,,,,,,,,,,,,2008.0,1985-01-16,,,,3
Joe Flacco,NYJ,QB,9064,weighted,245.886490299824,13.6054233331544,1.10791299235744,0.142162079554091,0.861957671957672,0.137557926388467,1.73040681951793,1.50131623592419,0.0138295120517343,0.0166515176211174,0.0516872427983539,0.0361396820138084,0.09,0.0,,,,,,,,,,,,,,,,,,,,,,,,,,,,,,,,,,,,,,,,,2008.0,1985-01-16,,,,3
Lamar Jackson,BAL,QB,13593,weighted,245.924800375763,19.3602115994299,1.74711131986848,0.223538046750623,0.532188821042743,0.303722084120236,51.5121982151245,5.26044164615309,0.231123308251374,0.134762963172163,0.245093471113199,0.0600442828275741,0.06,0.0,,,,,,,,,,,,,,,,,,,,,,,,,,,,,,,,,,,,,,,,,2018.0,1997-01-07,,,,3
Kirk Cousins,MIN,QB,10700,weighted,246.519140441522,8.76455919348119,1.8407750117426,0.165175523856478,0.80334429309535,0.108403814038237,9.14150070455613,1.18164500025412,0.100033157047654,0.0640533107689943,0.170490840770315,0.0707147401885195,0.09,0.0,,,,,,,,,,,,,,,,,,,,,,,,,,,,,,,,,,,,,,,,,2012.0,1988-08-19,,,,3
Case Keenum,WAS,QB,10948,weighted,225.921675485009,24.027080297824,1.17643151087596,0.184701833018957,0.880458553791887,0.13327186747625,5.02427748383304,1.18244901897334,0.0545547835098427,0.0376087936613914,0.0954805996472663,0.0256903919384605,0.03,0.0,,,,,,,,,,,,,,,,,,,,,,,,,,,,,,,,,,,,,,,,,2012.0,1988-02-17,,,,3
Case Keenum,CLE,QB,10948,weighted,225.921675485009,24.027080297824,1.17643151087596,0.184701833018957,0.880458553791887,0.13327186747625,5.02427748383304,1.18244901897334,0.0545547835098427,0.0376087936613914,0.0954805996472663,0.0256903919384605,0.03,0.0,,,,,,,,,,,,,,,,,,,,,,,,,,,,,,,,,,,,,,,,,2012.0,1988-02-17,,,,3
Josh Allen,BUF,QB,13589,weighted,224.557162987318,22.1314229325811,1.55035697510568,0.46467077767085,0.926575857209958,0.0930668120962922,41.3715570690465,4.34064104463999,0.36562030550247,0.228132076253565,0.282679661813058,0.0799252807254457,0.08,0.0,,,,,,,,,,,,,,,,,,,,,,,,,,,,,,,,,,,,,,,,,2018.0,1996-05-21,,,,3
Mitchell Trubisky,CHI,QB,13115,weighted,229.616090534979,10.3136032956593,1.2491240446796,0.236901040033135,0.825049970605526,0.122952470866734,18.6318259847149,1.50177040575915,0.0944039726890158,0.0619290861616145,0.13093621399177,0.0485483004490085,0.2,3.10461040290184e-17,,,,,,,,,,,,,,,,,,,,,,,,,,,,,,,,,,,,,,,,,2017.0,1994-08-20,,,,3
Derek Carr,OAK,QB,11644,weighted,227.522863021752,14.1775337208184,1.10398589065256,0.118792111832743,0.840340975896531,0.137393727237844,5.8270076425632,1.88992447256316,0.027857818149298,0.0301460861821988,0.157498530276308,0.0897226937183465,0.09,0.0,,,,,,,,,,,,,,,,,,,,,,,,,,,,,,,,,,,,,,,,,2014.0,1991-03-28,,,,3
Derek Carr,LVR,QB,11644,weighted,227.522863021752,14.1775337208184,1.10398589065256,0.118792111832743,0.840340975896531,0.137393727237844,5.8270076425632,1.88992447256316,0.027857818149298,0.0301460861821988,0.157498530276308,0.0897226937183465,0.09,0.0,,,,,,,,,,,,,,,,,,,,,,,,,,,,,,,,,,,,,,,,,2014.0,1991-03-28,,,,3
Jacoby Brissett,IND,QB,12616,weighted,230.313956496179,5.4922702433828,1.49777189888301,0.360827198028818,0.503450911228689,0.307982877908275,16.0154991181658,4.69212943127531,0.114272813236154,0.0813369857530584,0.136865079365079,0.0435019707810673,0.04,0.0,,,,,,,,,,,,,,,,,,,,,,,,,,,,,,,,,,,,,,,,,2016.0,1992-12-11,,,,3
Teddy Bridgewater,NO,QB,11640,weighted,223.557654320988,6.57589172562144,1.15960023515579,0.118234004621455,0.785396825396825,0.173004500689454,8.50808700764256,3.25277990261106,0.0394622835957857,0.0479459634856162,0.0836934156378601,0.0274629114434184,0.1,1.55230520145092e-17,,,,,,,,,,,,,,,,,,,,,,,,,,,,,,,,,,,,,,,,,2014.0,1992-11-10,,,,3
Teddy Bridgewater,CAR,QB,11640,weighted,223.557654320988,6.57589172562144,1.15960023515579,0.118234004621455,0.785396825396825,0.173004500689454,8.50808700764256,3.25277990261106,0.0394622835957857,0.0479459634856162,0.0836934156378601,0.0274629114434184,0.1,1.55230520145092e-17,,,,,,,,,,,,,,,,,,,,,,,,,,,,,,,,,,,,,,,,,2014.0,1992-11-10,,,,3
Marcus Mariota,TEN,QB,12141,weighted,201.58038212816,21.006678562675,1.03840094062316,0.0425483405829307,0.784156378600823,0.170282596363417,23.5638106995885,3.17081170938382,0.102085251940642,0.0702402404245783,0.0984450323339212,0.022364697929526,0.03,0.0,,,,,,,,,,,,,,,,,,,,,,,,,,,,,,,,,,,,,,,,,2015.0,1993-10-30,,,,3
Marcus Mariota,LVR,QB,12141,weighted,201.58038212816,21.006678562675,1.03840094062316,0.0425483405829307,0.784156378600823,0.170282596363417,23.5638106995885,3.17081170938382,0.102085251940642,0.0702402404245783,0.0984450323339212,0.022364697929526,0.03,0.0,,,,,,,,,,,,,,,,,,,,,,,,,,,,,,,,,,,,,,,,,2015.0,1993-10-30,,,,3
Luke Falk,NYJ,QB,13594,weighted,175.325591007977,44.1008454967619,0.561624365482233,0.49215829946223,0.740790427846265,0.58005007817393,3.10824329224075,1.48365994881031,0.0136213974149209,0.0188555165664248,0.0915065264684554,0.0275182959469052,0.09,0.0,,,,,,,,,,,,,,,,,,,,,,,,,,,,,,,,,,,,,,,,,2018.0,1994-12-28,,,,3
Luke Falk,FA,QB,13594,weighted,175.325591007977,44.1008454967619,0.561624365482233,0.49215829946223,0.740790427846265,0.58005007817393,3.10824329224075,1.48365994881031,0.0136213974149209,0.0188555165664248,0.0915065264684554,0.0275182959469052,0.09,0.0,,,,,,,,,,,,,,,,,,,,,,,,,,,,,,,,,,,,,,,,,2018.0,1994-12-28,,,,3
Gardner Minshew,JAC,QB,14067,weighted,205.604793328499,18.1054944383811,1.02291515591008,0.185631508749472,0.949035532994924,0.168760889707894,16.3587617839014,5.01196435307,0.0404723863157997,0.0529797087462973,0.198622189992748,0.13847308294044,0.08,0.0,,,,,,,,,,,,,,,,,,,,,,,,,,,,,,,,,,,,,,,,,2019.0,1996-05-16,,,,3
Josh Rosen,MIA,QB,13591,weighted,175.703709582598,33.2944490004315,0.888630217519106,0.131948057724127,1.0101822457378,0.095195048368145,7.68099353321576,0.452866418507824,0.032297183295617,0.041017455790662,0.129936801881246,0.110358642601882,0.08,0.0,,,,,,,,,,,,,,,,,,,,,,,,,,,,,,,,,,,,,,,,,2018.0,1997-02-10,,,,3
Ryan Fitzpatrick,MIA,QB,8062,weighted,29.1028819969743,34.8145263239353,0.115158850226929,0.129103382931058,0.295771558245083,0.468363638035439,0.662021558245083,0.794288115731313,0.0031070347957639,0.0047303653918363,0.0246898638426626,0.0252441934819144,0.05,0.0,,,,,,,,,,,,,,,,,,,,,,,,,,,,,,,,,,,,,,,,,2005.0,1982-11-24,,,,3
Eli Manning,NYG,QB,7391,weighted,27.0989031770045,35.0733360218168,0.147360060514372,0.173143307077335,0.0644024205748865,0.0941184133641701,0.0591023701462431,0.0418682111807698,0.0,0.0,0.0370347957639939,0.0378662902228716,0.04,0.0,,,,,,,,,,,,,,,,,,,,,,,,,,,,,,,,,,,,,,,,,2004.0,1981-01-03,,,,3
Eli Manning,FA,QB,7391,weighted,27.0989031770045,35.0733360218168,0.147360060514372,0.173143307077335,0.0644024205748865,0.0941184133641701,0.0591023701462431,0.0418682111807698,0.0,0.0,0.0370347957639939,0.0378662902228716,0.04,0.0,,,,,,,,,,,,,,,,,,,,,,,,,,,,,,,,,,,,,,,,,2004.0,1981-01-03,,,,3
Taysom Hill,NO,QB,13424,weighted,28.4270899470899,24.9283586898622,0.0645855379188713,0.0848778477516249,0.0992416225749559,0.103117794349662,17.1551122868901,7.53999676188704,0.0525001042869016,0.0395487014443669,0.0644973544973545,0.0249821273413675,0.02,0.0,,,,,,,,,,,,,,,,,,,,,,,,,,,,,,,,,,,,,,,,,2017.0,1990-08-23,,,,3
Nick Mullens,SF,QB,13968,weighted,17.0195537065053,20.4740144439402,0.11018154311649,0.132286297103529,0.115158850226929,0.129103382931058,0.177307110438729,0.125604633542309,0.0031070347957639,0.0047303653918363,0.0,0.0,0.04,0.0,,,,,,,,,,,,,,,,,,,,,,,,,,,,,,,,,,,,,,,,,2017.0,1995-03-21,,,,3
Ryan Griffin,TB,QB,11441,weighted,29.8871036585366,19.8979848225894,0.0300609756097561,0.0282842712474619,0.339207317073171,0.367695526217005,,,0.01,,0.005015243902439,0.0070710678118654,0.04,0.0,,,,,,,,,,,,,,,,,,,,,,,,,,,,,,,,,,,,,,,,,2013.0,1989-11-17,,,,3
Brett Hundley,ARI,QB,12142,weighted,15.4269969742814,19.3872128532926,0.085446293494705,0.0863672891037365,0.139894099848714,0.177045749623901,0.356822995461422,0.353063705228314,0.0062140695915279,0.0094607307836726,0.0822995461422088,0.0841473116063813,0.03,0.0,,,,,,,,,,,,,,,,,,,,,,,,,,,,,,,,,,,,,,,,,2015.0,1993-06-15,,,,3
Blake Bortles,LAR,QB,11642,weighted,16.1098411497731,17.3876012820621,0.0607110438729198,0.048831188135133,0.0644024205748865,0.0941184133641701,0.827433182047403,0.586154956530777,0.0031070347957639,0.0047303653918363,0.0164599092284418,0.0168294623212763,0.03,0.0,,,,,,,,,,,,,,,,,,,,,,,,,,,,,,,,,,,,,,,,,2014.0,1991-12-16,,,,3
Blake Bortles,FA,QB,11642,weighted,16.1098411497731,17.3876012820621,0.0607110438729198,0.048831188135133,0.0644024205748865,0.0941184133641701,0.827433182047403,0.586154956530777,0.0031070347957639,0.0047303653918363,0.0164599092284418,0.0168294623212763,0.03,0.0,,,,,,,,,,,,,,,,,,,,,,,,,,,,,,,,,,,,,,,,,2014.0,1991-12-16,,,,3
Will Grier,CAR,QB,14062,weighted,19.41258,12.0125185482181,0.06072,0.0528085663966878,0.06401,0.0548836042219642,1.01024,0.244894766629875,0.0041075,0.0052072366463599,0.00329,0.005755208832791,0.04,0.0,,,,,,,,,,,,,,,,,,,,,,,,,,,,,,,,,,,,,,,,,2019.0,1995-04-03,,,,3
Ryan Tannehill,TEN,QB,10697,weighted,13.5975189107413,12.3856185187656,0.0644024205748865,0.0941184133641701,0.0496217851739788,0.0577393001856585,0.650126071608674,0.460550322988468,0.0031070347957639,0.0047303653918363,0.0123449319213313,0.0126220967409572,0.04,0.0,,,,,,,,,,,,,,,,,,,,,,,,,,,,,,,,,,,,,,,,,2012.0,1988-07-27,,,,3
Ryan Finley,CIN,QB,14068,weighted,16.2448,9.05123903100294,0.05244,0.0505700696951743,0.18035,0.161883766003905,0.1781,0.0255098715239454,0.0046222222222222,0.0050448530511543,0.00329,0.005755208832791,0.04,0.0,,,,,,,,,,,,,,,,,,,,,,,,,,,,,,,,,,,,,,,,,2019.0,1970-01-01,,,,3
Tim Boyle,GB,QB,13873,weighted,11.60384,8.40630632156399,0.06072,0.0528085663966878,0.07218,0.0647885681865947,0.2,0.0,0.00438,0.005101974304789,0.03599,0.0548836042219642,0.04,0.0,,,,,,,,,,,,,,,,,,,,,,,,,,,,,,,,,,,,,,,,,2018.0,1970-01-01,,,,3
Brandon Allen,DEN,QB,12621,weighted,10.6323170731707,14.9906637611548,0.0300914634146341,0.0424264068711929,0.0451371951219512,0.0636396103067893,0.24,0.0,0.01,0.0,0.005015243902439,0.0070710678118654,0.04,0.0,,,,,,,,,,,,,,,,,,,,,,,,,,,,,,,,,,,,,,,,,2016.0,1992-09-05,,,,3
Dwayne Haskins,WAS,QB,14058,weighted,9.71887291981846,8.80021660295728,0.0359757942511346,0.0476989866144367,0.149848714069592,0.172112727885389,0.204372163388805,0.232127768925435,0.0031070347957639,0.0047303653918363,0.0030975794251134,0.0047353005178765,0.04,0.0,,,,,,,,,,,,,,,,,,,,,,,,,,,,,,,,,,,,,,,,,2019.0,1970-01-01,,,,3
David Blough,DET,QB,14070,weighted,11.2651219512195,11.6531197539543,0.0300914634146341,0.0424264068711929,0.144832317073171,0.0777817459305202,,,0.01,,0.005015243902439,0.0070710678118654,0.04,0.0,,,,,,,,,,,,,,,,,,,,,,,,,,,,,,,,,,,,,,,,,2019.0,1970-01-01,,,,3
Nate Sudfeld,PHI,QB,12815,weighted,9.57318952234206,13.4350288425444,0.100770416024653,0.14142135623731,0.015115562403698,0.0212132034355964,0.0,0.0,0.0,0.0,0.0,0.0,,,,,,,,,,,,,,,,,,,,,,,,,,,,,,,,,,,,,,,,,,,2016.0,1993-10-07,,,,3
C.J. Beathard,SF,QB,13125,weighted,9.57318952234206,13.4350288425444,0.0503852080123267,0.0707106781186548,0.0503852080123267,0.0707106781186548,0.0,0.0,0.0,0.0,0.02,4.90668455143381e-18,,,,,,,,,,,,,,,,,,,,,,,,,,,,,,,,,,,,,,,,,,,2017.0,1993-11-16,,,,3
Jarrett Stidham,NE,QB,14063,weighted,9.40864,9.20817475727581,0.05085,0.0501579290523675,0.0329,0.0575520883279101,0.20802,0.107141460400571,0.0060755555555555,0.0054389621005796,0.00329,0.005755208832791,0.04,0.0,,,,,,,,,,,,,,,,,,,,,,,,,,,,,,,,,,,,,,,,,2019.0,1996-08-08,,,,3
David Fales,NYJ,QB,11835,weighted,8.42476381909548,9.08541223954832,0.0198391959798995,0.0345773739378731,0.0709447236180905,0.0603236999497113,0.452931323283082,0.406597266499159,0.0033065326633165,0.0057628956563121,0.0043852596314907,0.0051142824224731,0.03,4.25000092857611e-18,,,,,,,,,,,,,,,,,,,,,,,,,,,,,,,,,,,,,,,,,2014.0,1990-10-04,,,,3
Joshua Dobbs,JAC,QB,13119,weighted,8.43501512859304,7.08425370364867,0.0247806354009077,0.0331078011783063,0.0421558245083207,0.0505469408724208,0.410746974281392,0.392454160855804,0.0062140695915279,0.0094607307836726,0.0647465960665658,0.0923725701590018,0.03,0.0,,,,,,,,,,,,,,,,,,,,,,,,,,,,,,,,,,,,,,,,,2017.0,1995-01-26,,,,3
Robert Griffin,BAL,QB,10696,weighted,10.3999697428139,7.3970162004822,0.115158850226929,0.129103382931058,0.027375189107413,0.0549221765574907,0.421172465960666,0.455956914000472,0.0031070347957639,0.0047303653918363,0.0030975794251134,0.0047353005178765,0.03,0.0,,,,,,,,,,,,,,,,,,,,,,,,,,,,,,,,,,,,,,,,,2012.0,1990-02-12,,,,3
Matt Moore,KC,QB,8944,weighted,9.13051437216339,6.3567239300688,0.0582223903177004,0.0504667159350911,0.0372087745839637,0.0434863101803972,0.0798846444780635,0.0941765322502423,0.0,0.0,0.0,0.0,0.01,0.0,,,,,,,,,,,,,,,,,,,,,,,,,,,,,,,,,,,,,,,,,2007.0,1984-08-09,,,,3
Matt Barkley,BUF,QB,11151,weighted,8.13519667170953,6.10906673044563,0.0607110438729198,0.048831188135133,0.0693797276853253,0.0943374178921987,0.177307110438729,0.125604633542309,0.0,0.0,0.0,0.0,0.03,0.0,,,,,,,,,,,,,,,,,,,,,,,,,,,,,,,,,,,,,,,,,2013.0,1990-09-08,,,,3
Cooper Rush,DAL,QB,13124,weighted,7.15452261306533,6.42892725934737,0.0477989949748744,0.0505307735930633,0.0264522613065327,0.0461031652504974,0.357447236180905,0.488077773080069,0.0033065326633165,0.0057628956563121,0.0043852596314907,0.0051142824224731,0.03,4.25000092857611e-18,,,,,,,,,,,,,,,,,,,,,,,,,,,,,,,,,,,,,,,,,2017.0,1993-11-21,,,,3
Cooper Rush,NYG,QB,13124,weighted,7.15452261306533,6.42892725934737,0.0477989949748744,0.0505307735930633,0.0264522613065327,0.0461031652504974,0.357447236180905,0.488077773080069,0.0033065326633165,0.0057628956563121,0.0043852596314907,0.0051142824224731,0.03,4.25000092857611e-18,,,,,,,,,,,,,,,,,,,,,,,,,,,,,,,,,,,,,,,,,2017.0,1993-11-21,,,,3
Tyrod Taylor,LAC,QB,10413,weighted,7.81925113464448,5.62147768075252,0.0483736762481089,0.0429095385499097,0.0198335854765507,0.0244698756262074,0.359183055975794,0.471947542341077,0.0031070347957639,0.0047303653918363,0.0,0.0,0.02,0.0,,,,,,,,,,,,,,,,,,,,,,,,,,,,,,,,,,,,,,,,,2011.0,1989-08-03,,,,3
Sean Mannion,MIN,QB,12145,weighted,6.31477307110439,5.21435410591561,0.007465960665658,0.0149787754247702,0.0149319213313162,0.0299575508495404,0.118204740292486,0.0837364223615396,0.0031070347957639,0.0047303653918363,0.0030975794251134,0.0047353005178765,0.03,0.0,,,,,,,,,,,,,,,,,,,,,,,,,,,,,,,,,,,,,,,,,2015.0,1992-04-25,,,,3
Josh McCown,PHI,QB,6589,weighted,5.14382753403933,5.46433692575828,0.0334871406959153,0.0476802985145503,0.0149167927382753,0.0237900552132823,0.348606278366112,0.431965735140492,0.0,0.0,0.0,0.0,0.02,0.0,,,,,,,,,,,,,,,,,,,,,,,,,,,,,,,,,,,,,,,,,2002.0,1979-07-04,,,,3
Josh McCown,FA,QB,6589,weighted,5.14382753403933,5.46433692575828,0.0334871406959153,0.0476802985145503,0.0149167927382753,0.0237900552132823,0.348606278366112,0.431965735140492,0.0,0.0,0.0,0.0,0.02,0.0,,,,,,,,,,,,,,,,,,,,,,,,,,,,,,,,,,,,,,,,,2002.0,1979-07-04,,,,3
Garrett Gilbert,CLE,QB,11854,weighted,3.61630879345603,6.22077352475076,0.0134560327198364,0.0231470642781424,0.0269120654396728,0.0462941285562847,0.634509202453988,0.629505294844046,0.0151073619631902,0.0149882213058106,0.0050102249488752,0.0050154005878212,0.03,0.0,,,,,,,,,,,,,,,,,,,,,,,,,,,,,,,,,,,,,,,,,2014.0,1991-07-01,,,,3
AJ McCarron,HOU,QB,11643,weighted,5.4450756429652,4.78415059614336,0.0099546142208774,0.0199717005663603,0.0099546142208774,0.0199717005663603,0.177307110438729,0.125604633542309,0.0,0.0,0.0,0.0,0.03,0.0,,,,,,,,,,,,,,,,,,,,,,,,,,,,,,,,,,,,,,,,,2014.0,1990-09-13,,,,3
Matt Schaub,ATL,QB,7480,weighted,2.99450832072617,5.16057081822299,0.0024886535552193,0.00499292514159,0.0024886535552193,0.00499292514159,0.118204740292486,0.0837364223615396,0.0,0.0,0.0,0.0,0.1,0.0,,,,,,,,,,,,,,,,,,,,,,,,,,,,,,,,,,,,,,,,,2004.0,1981-06-25,,,,3
Jeff Driskel,DET,QB,12623,weighted,5.32012012012012,7.28319984622144,0.0516516516516517,0.0707106781186548,0.0,0.0,1.34294294294294,1.83847763108502,0.0,0.0,0.0,0.0,,,,,,,,,,,,,,,,,,,,,,,,,,,,,,,,,,,,,,,,,,,2016.0,1993-04-23,O,Coach's Decision,2019.0,3
Jeff Driskel,DEN,QB,12623,weighted,5.32012012012012,7.28319984622144,0.0516516516516517,0.0707106781186548,0.0,0.0,1.34294294294294,1.83847763108502,0.0,0.0,0.0,0.0,,,,,,,,,,,,,,,,,,,,,,,,,,,,,,,,,,,,,,,,,,,2016.0,1993-04-23,O,Coach's Decision,2019.0,3
Brian Hoyer,IND,QB,9714,weighted,3.44983358547655,4.62300975956363,0.0309984871406959,0.048181812043219,0.007465960665658,0.0149787754247702,0.101633888048412,0.0835441066889945,0.0031070347957639,0.0047303653918363,0.0030975794251134,0.0047353005178765,0.01,0.0,,,,,,,,,,,,,,,,,,,,,,,,,,,,,,,,,,,,,,,,,2009.0,1985-10-31,,,,3
Mike Glennon,OAK,QB,11152,weighted,5.79350983358548,4.09001783132648,0.04089258698941,0.0435968962010382,0.0099546142208774,0.0199717005663603,0.177307110438729,0.125604633542309,0.0,0.0,0.0588502269288956,0.0420736558031907,0.06,0.0,,,,,,,,,,,,,,,,,,,,,,,,,,,,,,,,,,,,,,,,,2013.0,1989-12-12,,,,3
Mike Glennon,JAC,QB,11152,weighted,5.79350983358548,4.09001783132648,0.04089258698941,0.0435968962010382,0.0099546142208774,0.0199717005663603,0.177307110438729,0.125604633542309,0.0,0.0,0.0588502269288956,0.0420736558031907,0.06,0.0,,,,,,,,,,,,,,,,,,,,,,,,,,,,,,,,,,,,,,,,,2013.0,1989-12-12,,,,3
Chase Daniel,CHI,QB,9706,weighted,4.10680030257186,4.6788683113519,0.0334871406959153,0.0476802985145503,0.007465960665658,0.0149787754247702,0.203328290468986,0.163887532635901,0.0,0.0,0.0,0.0,0.02,0.0,,,,,,,,,,,,,,,,,,,,,,,,,,,,,,,,,,,,,,,,,2009.0,1986-10-07,,,,3
Chase Daniel,DET,QB,9706,weighted,4.10680030257186,4.6788683113519,0.0334871406959153,0.0476802985145503,0.007465960665658,0.0149787754247702,0.203328290468986,0.163887532635901,0.0,0.0,0.0,0.0,0.02,0.0,,,,,,,,,,,,,,,,,,,,,,,,,,,,,,,,,,,,,,,,,2009.0,1986-10-07,,,,3
Geno Smith,SEA,QB,11150,weighted,2.00290388548057,2.62647608086564,0.0067280163599182,0.0115735321390712,0.0100920245398773,0.0173602982086068,0.0352505112474438,0.0349725163802248,0.0050357873210634,0.0049960737686035,0.0149897750511247,0.0050154005878212,0.03,0.0,,,,,,,,,,,,,,,,,,,,,,,,,,,,,,,,,,,,,,,,,2013.0,1990-10-10,,,,3
Cam Newton,CAR,QB,10273,weighted,0.0,0.0,0.0,0.0,0.0,0.0,0.0,0.0,0.0,0.0,,,,,,,,,,,,,,,,,,,,,,,,,,,,,,,,,,,,,,,,,,,,,2011.0,1989-05-11,O,Foot,2019.0,3
Cam Newton,NE,QB,10273,weighted,0.0,0.0,0.0,0.0,0.0,0.0,0.0,0.0,0.0,0.0,,,,,,,,,,,,,,,,,,,,,,,,,,,,,,,,,,,,,,,,,,,,,2011.0,1989-05-11,O,Foot,2019.0,3
DeShone Kizer,OAK,QB,13114,weighted,0.0,0.0,0.0,0.0,0.0,0.0,0.0,0.0,0.0,0.0,0.0,0.0,,,,,,,,,,,,,,,,,,,,,,,,,,,,,,,,,,,,,,,,,,,2017.0,1996-01-03,O,Coach's Decision,2019.0,3
Ezekiel Elliott,DAL,RB,12625,weighted,,,,,,,102.295819633631,9.82211434864334,0.88885845153959,0.110355362265196,0.167311726945358,0.0851047743056729,,,,,3.64348050728041,0.635351224573832,30.7914279004227,5.94464849850627,0.15485674025364,0.105225187344977,,,,,,,,,,,,,,,,,,,,,,,,,,,,,,,,,2016.0,1995-07-22,,,,3
Dalvin Cook,MIN,RB,13128,weighted,,,,,,,93.9898644568208,8.97168547085571,0.730107749789159,0.17031648245043,0.151505401596994,0.0621491879771199,0.01,0.0,,,3.22096759041804,0.239854956375875,26.9256646312823,2.21053130482559,0.105049318929075,0.066288229115581,,,,,,,,,,,,,,,,,,,,,,,,,,,,,,,,,2017.0,1995-08-10,,,,3
Saquon Barkley,NYG,RB,13604,weighted,,,,,,,87.2788190297256,11.422141129705,0.671102126195433,0.178241034291873,0.120150305307656,0.0650639117979009,0.04,0.0,,,4.90718177548145,0.873106507881267,38.7258994833255,8.19992746036085,0.189596054485674,0.106242137079859,,,,,,,,,,,,,,,,,,,,,,,,,,,,,,,,,2018.0,1997-02-09,,,,3
Christian McCaffrey,CAR,RB,13130,weighted,,,,,,,93.2362296181977,7.67101638183153,0.711270011443317,0.167050820976827,0.131063879755754,0.0751632116694621,,,,,6.18930014091123,0.661516412407871,50.0572193518084,5.29040783417043,0.253503992484735,0.152275093715031,,,,,,,,,,,,,,,,,,,,,,,,,,,,,,,,,2017.0,1996-06-07,,,,3
Marlon Mack,IND,RB,13234,weighted,,,,,,,71.6556622827619,18.0207325299181,0.658144477279423,0.207378314970501,0.118309065288868,0.04859253126084,0.04,0.0,,,1.42151244715829,0.387395959821119,9.42590887740723,2.24562501828671,0.0345138562705496,0.0392565628864183,,,,,,,,,,,,,,,,,,,,,,,,,,,,,,,,,2017.0,,,,,3
Nick Chubb,CLE,RB,13610,weighted,,,,,,,84.8179514191773,6.34065690128895,0.707339830757465,0.164496825182268,0.127660873649601,0.0562098161393306,0.01,0.0,,,2.4674635979333,0.588568089499148,19.2668905589479,5.27348792526921,0.0836449037106623,0.0453587675791604,,,,,,,,,,,,,,,,,,,,,,,,,,,,,,,,,2018.0,1995-12-27,,,,3
Sony Michel,NE,RB,13607,weighted,,,,,,,81.7645185533114,8.97954440101065,0.817501134552842,0.121044470966971,0.150074369813684,0.043018706694004,0.01,0.0,0.01,0.0,0.500450915922969,0.366549252095613,3.88804603100047,2.88622877586204,0.025955847815876,0.0399495300159898,,,,,,,,,,,,,,,,,,,,,,,,,,,,,,,,,2018.0,1995-02-17,,,,3
Chris Carson,SEA,RB,13364,weighted,,,,,,,82.826199422935,9.34213603168374,0.671027222019403,0.16990543899487,0.24319711914827,0.0983618612785657,0.04,0.0,,,3.03447158290277,0.616956311539624,22.5358384217943,4.18219251215843,0.100446218882104,0.0614943400708061,,,,,,,,,,,,,,,,,,,,,,,,,,,,,,,,,2017.0,1994-09-16,,,,3
Derrick Henry,TEN,RB,12626,weighted,,,,,,,78.5280903173858,7.3308699647591,0.690185721501928,0.172996886161196,0.130164396430249,0.0534291101680387,,,,,1.21943165805543,0.240746431233545,13.0658102395491,2.54616153871332,0.0529873179896665,0.0487242360575859,,,,,,,,,,,,,,,,,,,,,,,,,,,,,,,,,2016.0,1994-01-04,,,,3
Mark Ingram,BAL,RB,10276,weighted,,,,,,,64.050103334899,9.24334763755255,0.604319462729991,0.216513277016486,0.120541099107562,0.0450137389024358,0.03,0.0,,,1.75007984969469,0.344248309184265,13.4580883043682,2.17076816913238,0.0274917801784876,0.037413640608173,,,,,,,,,,,,,,,,,,,,,,,,,,,,,,,,,2011.0,1989-12-21,,,,3
Leonard Fournette,JAC,RB,13129,weighted,,,,,,,72.7639374622559,6.80747882696809,0.556586513046224,0.239904263881466,0.174964772193518,0.0364175251791519,,,,,3.41186472522311,0.474092560269624,27.9831094410521,5.98083984826251,0.086838891498356,0.0539963399901772,,,,,,,,,,,,,,,,,,,,,,,,,,,,,,,,,2017.0,1996-07-06,,,,3
Aaron Jones,GB,RB,13319,weighted,,,,,,,69.667117358921,7.216613767245,0.676410818709044,0.197313933947342,0.108342727415062,0.0531512093701719,0.01,0.0,,,2.37218412400188,0.391719092648671,18.9107374354157,2.83682737033381,0.0805824330671677,0.0451237763590387,,,,,,,,,,,,,,,,,,,,,,,,,,,,,,,,,2017.0,1994-12-02,,,,3
Frank Gore,BUF,RB,7877,weighted,,,,,,,68.1814726631393,6.21739556978515,0.547611613987026,0.281883380044197,0.116137566137566,0.0712964740476719,,,,,1.42485596707819,0.599581749112218,11.7789065255732,4.83667858609796,0.0566078777189888,0.0424503548909031,,,,,,,,,,,,,,,,,,,,,,,,,,,,,,,,,2005.0,1983-05-14,,,,3
Frank Gore,NYJ,RB,7877,weighted,,,,,,,68.1814726631393,6.21739556978515,0.547611613987026,0.281883380044197,0.116137566137566,0.0712964740476719,,,,,1.42485596707819,0.599581749112218,11.7789065255732,4.83667858609796,0.0566078777189888,0.0424503548909031,,,,,,,,,,,,,,,,,,,,,,,,,,,,,,,,,2005.0,1983-05-14,,,,3
Todd Gurley,LAR,RB,12150,weighted,,,,,,,72.4188646581225,3.3121400975296,0.711011230716586,0.15509923864643,0.0978816345702208,0.0615910458238907,0.06,0.0,,,2.92527477689056,0.372108827055716,24.7128745890089,3.44218411018901,0.109689995302959,0.0691764715944686,,,,,,,,,,,,,,,,,,,,,,,,,,,,,,,,,2015.0,1994-08-03,,,,3
Todd Gurley,ATL,RB,12150,weighted,,,,,,,72.4188646581225,3.3121400975296,0.711011230716586,0.15509923864643,0.0978816345702208,0.0615910458238907,0.06,0.0,,,2.92527477689056,0.372108827055716,24.7128745890089,3.44218411018901,0.109689995302959,0.0691764715944686,,,,,,,,,,,,,,,,,,,,,,,,,,,,,,,,,2015.0,1994-08-03,,,,3
David Johnson,ARI,RB,12171,weighted,,,,,,,66.4610702543112,7.43014235946849,0.680185500361148,0.187665502155405,0.137622514482543,0.0437387415909645,0.03,0.0,,,3.66853922029122,0.734773916722296,31.2797604509159,2.89727574272836,0.196646312822922,0.128340482518347,,,,,,,,,,,,,,,,,,,,,,,,,,,,,,,,,2015.0,1991-12-16,,,,3
David Johnson,HOU,RB,12171,weighted,,,,,,,66.4610702543112,7.43014235946849,0.680185500361148,0.187665502155405,0.137622514482543,0.0437387415909645,0.03,0.0,,,3.66853922029122,0.734773916722296,31.2797604509159,2.89727574272836,0.196646312822922,0.128340482518347,,,,,,,,,,,,,,,,,,,,,,,,,,,,,,,,,2015.0,1991-12-16,,,,3
Josh Jacobs,OAK,RB,14073,weighted,,,,,,,64.8737193853587,5.97559509599639,0.335479399392112,0.192605918250865,0.0895295130734304,0.0189814934874875,0.01,0.0,,,1.47896665100986,0.500058505274998,13.3964584311884,4.42917731024889,0.034485674025364,0.0392316589632781,,,,,,,,,,,,,,,,,,,,,,,,,,,,,,,,,2019.0,1998-02-11,,,,3
Josh Jacobs,LVR,RB,14073,weighted,,,,,,,64.8737193853587,5.97559509599639,0.335479399392112,0.192605918250865,0.0895295130734304,0.0189814934874875,0.01,0.0,,,1.47896665100986,0.500058505274998,13.3964584311884,4.42917731024889,0.034485674025364,0.0392316589632781,,,,,,,,,,,,,,,,,,,,,,,,,,,,,,,,,2019.0,1998-02-11,,,,3
LeVeon Bell,NYJ,RB,11192,weighted,,,,,,,69.0241991545326,3.13406746092946,0.507617243203277,0.269916497853113,0.237982151244716,0.105812729437497,,,,,4.72350399248473,0.258705987763593,36.0970831376233,3.60600690845136,0.141465476749648,0.0932447689666464,,,,,,,,,,,,,,,,,,,,,,,,,,,,,,,,,2013.0,1992-08-18,,,,3
Austin Ekeler,LAC,RB,13404,weighted,,,,,,,61.5780648191639,7.40642268705004,0.64491988888165,0.200809332151192,0.162292155941757,0.0391000579726754,0.01,0.0,,,4.98166275246595,1.12028099382699,45.4195537811179,5.55465570196886,0.23959135744481,0.138847687390034,,,,,,,,,,,,,,,,,,,,,,,,,,,,,,,,,,,,,,3
Matt Breida,SF,RB,13378,weighted,,,,,,,57.9508277483833,8.98003711728208,0.48390445564208,0.321195217559696,0.0556393298059965,0.032899564990494,0.01,0.0,0.01,0.0,1.96218106995885,0.675949991309575,18.111569664903,5.01505217691879,0.0720517342739565,0.0455174633370876,,,,,,,,,,,,,,,,,,,,,,,,,,,,,,,,,2017.0,1995-02-28,,,,3
Matt Breida,MIA,RB,13378,weighted,,,,,,,57.9508277483833,8.98003711728208,0.48390445564208,0.321195217559696,0.0556393298059965,0.032899564990494,0.01,0.0,0.01,0.0,1.96218106995885,0.675949991309575,18.111569664903,5.01505217691879,0.0720517342739565,0.0455174633370876,,,,,,,,,,,,,,,,,,,,,,,,,,,,,,,,,2017.0,1995-02-28,,,,3
Kerryon Johnson,DET,RB,13612,weighted,,,,,,,61.5009735449735,7.5449307330043,0.566887627068076,0.270984271222677,0.126053791887125,0.0530576112879735,0.01,0.0,,,3.04782480893592,0.602368896156879,23.6194591416814,3.74791753308516,0.13259847148736,0.0871958828223699,,,,,,,,,,,,,,,,,,,,,,,,,,,,,,,,,2018.0,1997-06-30,,,,3
Alvin Kamara,NO,RB,13132,weighted,,,,,,,63.0017875595518,3.75051097010999,0.610258879438731,0.216160046377831,0.0937216220447785,0.066557899958702,0.1,0.0,0.01,0.0,4.96023954908408,0.194086794788632,42.628929074683,4.41433036999045,0.15044152184124,0.090629446703883,,,,,,,,,,,,,,,,,,,,,,,,,,,,,,,,,2017.0,1995-07-25,,,,3
Peyton Barber,TB,RB,12637,weighted,,,,,,,59.5281246325691,6.35715288533181,0.635900928683822,0.224818442493725,0.0822604350382128,0.0142799822204075,,,,,1.38824221046443,0.33081502635847,9.64573780129336,2.60293220537192,0.0363550852439741,0.0437009261626573,,,,,,,,,,,,,,,,,,,,,,,,,,,,,,,,,2016.0,1994-06-27,,,,3
Peyton Barber,WAS,RB,12637,weighted,,,,,,,59.5281246325691,6.35715288533181,0.635900928683822,0.224818442493725,0.0822604350382128,0.0142799822204075,,,,,1.38824221046443,0.33081502635847,9.64573780129336,2.60293220537192,0.0363550852439741,0.0437009261626573,,,,,,,,,,,,,,,,,,,,,,,,,,,,,,,,,2016.0,1994-06-27,,,,3
James Conner,PIT,RB,13146,weighted,,,,,,,58.1943682480038,5.85428071233449,0.624391182682551,0.207399048674188,0.118309065288868,0.04859253126084,0.01,0.0,,,3.22702207609206,0.580328514241966,26.9254485674025,5.64463041513256,0.0706106153123532,0.0560083229531642,,,,,,,,,,,,,,,,,,,,,,,,,,,,,,,,,2017.0,1995-05-05,,,,3
Miles Sanders,PHI,RB,14079,weighted,,,,,,,47.4636825396825,11.6347693523011,0.465405290864564,0.326140035369763,0.0994444444444444,0.0737450184617023,0.01,0.0,0.02,0.0,2.1677189888301,0.547916359344537,16.3300646678424,4.47879533685002,0.0526925338036449,0.0510944962590504,,,,,,,,,,,,,,,,,,,,,,,,,,,,,,,,,2019.0,1970-01-01,,,,3
David Montgomery,CHI,RB,14071,weighted,,,,,,,58.9606901822457,3.87970063034338,0.60149792507978,0.247056110579039,0.111266901822457,0.0639536504298586,0.01,0.0,,,1.96977072310406,0.214928621411616,17.2884068195179,4.31693962737031,0.0623280423280423,0.044474873994885,,,,,,,,,,,,,,,,,,,,,,,,,,,,,,,,,2019.0,1997-06-07,,,,3
Adrian Peterson,WAS,RB,8658,weighted,,,,,,,49.1889676660788,7.95919607830861,0.518654643735077,0.302586638300938,0.0911302175191064,0.0071399911102037,,,,,1.51732510288066,0.360544830796318,10.2833039388595,2.22683973308788,0.0190711346266902,0.0243021223273353,,,,,,,,,,,,,,,,,,,,,,,,,,,,,,,,,2007.0,1985-03-21,,,,3
Phillip Lindsay,DEN,RB,13614,weighted,,,,,,,56.3712169312169,4.04757097665859,0.255339422405334,0.158361657037775,0.0605918087399569,0.0361104069444564,0.01,0.0,,,2.94670194003527,0.357407664572932,21.9956496178718,3.13964227125621,0.0517519106407995,0.0557094662318559,,,,,,,,,,,,,,,,,,,,,,,,,,,,,,,,,2018.0,1994-07-24,,,,3
Carlos Hyde,HOU,RB,11657,weighted,,,,,,,55.5421246325691,4.37022749589681,0.236331689353676,0.149013294591888,0.067473544973545,0.0251395711342931,,,,,0.616008230452675,0.399930397672715,3.35210464432687,2.16672836237337,0.0095884773662551,0.0140535650925454,,,,,,,,,,,,,,,,,,,,,,,,,,,,,,,,,2014.0,1991-09-20,,,,3
Carlos Hyde,SEA,RB,11657,weighted,,,,,,,55.5421246325691,4.37022749589681,0.236331689353676,0.149013294591888,0.067473544973545,0.0251395711342931,,,,,0.616008230452675,0.399930397672715,3.35210464432687,2.16672836237337,0.0095884773662551,0.0140535650925454,,,,,,,,,,,,,,,,,,,,,,,,,,,,,,,,,2014.0,1991-09-20,,,,3
Joe Mixon,CIN,RB,13131,weighted,,,,,,,51.2181916392673,7.85377057886801,0.307585183255702,0.174256365161783,0.10512353217473,0.0569769760199484,,,,,2.57108501643964,0.448775353424816,17.356228276186,4.24152225558335,0.0273696571160169,0.0491368111768588,,,,,,,,,,,,,,,,,,,,,,,,,,,,,,,,,2017.0,1996-07-24,,,,3
Raheem Mostert,SF,RB,12447,weighted,,,,,,,43.6009159318048,9.48473335802186,0.184125575007472,0.116349308476106,0.134970605526161,0.0574227738370108,,,,,1.5889417989418,0.382998446713828,13.3967607289829,4.10477687719262,0.0748853615520282,0.0766592534500007,,,,,,,,,,,,,,,,,,,,,,,,,,,,,,,,,,,,,,3
LeSean McCoy,KC,RB,9448,weighted,,,,,,,48.7419376837155,8.83924998124519,0.246398772111035,0.163470739143684,0.0556275720164609,0.0314130406761873,,,,,2.23757201646091,0.492193606812094,16.8714638447972,3.49647075083156,0.0572721928277484,0.0661047100966051,,,,,,,,,,,,,,,,,,,,,,,,,,,,,,,,,2009.0,1988-07-12,,,,3
LeSean McCoy,FA,RB,9448,weighted,,,,,,,48.7419376837155,8.83924998124519,0.246398772111035,0.163470739143684,0.0556275720164609,0.0314130406761873,,,,,2.23757201646091,0.492193606812094,16.8714638447972,3.49647075083156,0.0572721928277484,0.0661047100966051,,,,,,,,,,,,,,,,,,,,,,,,,,,,,,,,,2009.0,1988-07-12,,,,3
Royce Freeman,DEN,RB,13617,weighted,,,,,,,50.2135661375661,3.35534786329523,0.439615425483031,0.344420763434426,0.0881540270429159,0.0108552769861669,,,,,1.74878894767784,0.558378501383345,13.8991122868901,5.13432649321197,0.0287242798353909,0.0409511055085546,,,,,,,,,,,,,,,,,,,,,,,,,,,,,,,,,2018.0,1996-02-24,,,,3
Devonta Freeman,ATL,RB,11660,weighted,,,,,,,47.978657260435,4.34181980239166,0.277817809013696,0.176662963532109,0.194952968841858,0.0774339423555469,,,,,2.82836566725456,0.138539043239697,22.9519517930629,0.746768093766513,0.0872251616696061,0.0546505602241801,,,,,,,,,,,,,,,,,,,,,,,,,,,,,,,,,2014.0,1992-03-15,,,,3
Devonta Freeman,FA,RB,11660,weighted,,,,,,,47.978657260435,4.34181980239166,0.277817809013696,0.176662963532109,0.194952968841858,0.0774339423555469,,,,,2.82836566725456,0.138539043239697,22.9519517930629,0.746768093766513,0.0872251616696061,0.0546505602241801,,,,,,,,,,,,,,,,,,,,,,,,,,,,,,,,,2014.0,1992-03-15,,,,3
Justin Jackson,LAC,RB,13620,weighted,,,,,,,37.1191534391534,8.04197396734878,0.145532228607759,0.088963390204312,0.0556158142269253,0.0314273777179214,,,,,1.44021164021164,0.619998132503586,11.2049441504997,5.84545625998391,0.0419694297472075,0.0528079035557718,,,,,,,,,,,,,,,,,,,,,,,,,,,,,,,,,2018.0,1995-04-22,,,,3
Jamaal Williams,GB,RB,13139,weighted,,,,,,,29.2542151675485,8.793471467012,0.143290844419635,0.101925709738365,0.0605918087399569,0.0361104069444564,,,,,1.99714285714286,0.255509633256096,15.9553615520282,2.88187182611501,0.0699412110523222,0.0478113309440768,,,,,,,,,,,,,,,,,,,,,,,,,,,,,,,,,2017.0,,,,,3
Latavius Murray,NO,RB,11390,weighted,,,,,,,28.3824091710758,8.3915282665843,0.191744811114349,0.146578985172898,0.0645326278659612,0.0324993662500108,,,,,1.10188124632569,0.217404020733523,8.95607289829512,2.20753296577258,0.0191416813639036,0.0188358159678621,,,,,,,,,,,,,,,,,,,,,,,,,,,,,,,,,2013.0,1990-01-18,,,,3
Rex Burkhead,NE,RB,11182,weighted,,,,,,,33.426859494415,5.30208925226201,0.231138539915445,0.15796522205877,0.0763550852439741,0.0216662441666738,,,,,3.18772486772487,1.27950169224004,28.4951440329218,6.32759470475644,0.108024691358025,0.10266685955172,,,,,,,,,,,,,,,,,,,,,,,,,,,,,,,,,2013.0,1990-07-02,,,,3
Kenyan Drake,MIA,RB,12630,weighted,,,,,,,33.3966208112875,3.8562988051735,0.136765744807842,0.0857831907765466,0.0911302175191064,0.0071399911102037,0.04,0.0,,,3.07032333921223,0.690153295432024,24.2125102880658,3.93542472049797,0.122886537330982,0.0847750695712673,,,,,,,,,,,,,,,,,,,,,,,,,,,,,,,,,2016.0,,,,,3
Kenyan Drake,ARI,RB,12630,weighted,,,,,,,33.3966208112875,3.8562988051735,0.136765744807842,0.0857831907765466,0.0911302175191064,0.0071399911102037,0.04,0.0,,,3.07032333921223,0.690153295432024,24.2125102880658,3.93542472049797,0.122886537330982,0.0847750695712673,,,,,,,,,,,,,,,,,,,,,,,,,,,,,,,,,2016.0,,,,,3
Jordan Wilkins,IND,RB,13789,weighted,,,,,,,28.678182677761,10.5628679017493,0.168734512995538,0.0872268064711399,0.0980673222390318,0.0792937425992937,,,,,0.606596066565809,0.242779492057445,3.61555219364599,1.29921979564653,0.0122844175491679,0.0149615950703013,,,,,,,,,,,,,,,,,,,,,,,,,,,,,,,,,2018.0,1994-07-18,,,,3
Duke Johnson,HOU,RB,12157,weighted,,,,,,,34.2299964726631,4.21079967663781,0.117715826282734,0.0858023474730282,0.0724142661179698,0.0252772848611195,0.07,0.0,,,2.96453850676073,0.239173100662287,26.0999823633157,2.01044428868558,0.0872780717225162,0.0551382583970357,,,,,,,,,,,,,,,,,,,,,,,,,,,,,,,,,2015.0,1993-09-23,,,,3
Malcolm Brown,LAR,RB,12386,weighted,,,,,,,34.0830758377425,4.45195514144454,0.166927137586563,0.112431731679023,0.0526866549088771,0.0360639345636212,,,,,0.707360376249265,0.251125901710959,5.09365667254556,1.54116088914649,0.0412463256907701,0.0384118839544559,,,,,,,,,,,,,,,,,,,,,,,,,,,,,,,,,2015.0,1993-05-15,,,,3
Ito Smith,ATL,RB,13768,weighted,,,,,,,32.5484350382128,2.15295115922553,0.171182456753412,0.114165293794161,0.0497104644326867,0.0355541813438693,,,,,1.84937683715461,0.2048586857475,12.3321693121693,1.16562919008533,0.0228982951205173,0.0286098444850693,,,,,,,,,,,,,,,,,,,,,,,,,,,,,,,,,2018.0,1995-09-11,,,,3
Alexander Mattison,MIN,RB,14223,weighted,,,,,,,26.0690922986479,6.31287576889316,0.135070813360865,0.110382443857322,0.0556275720164609,0.0314130406761873,,,,,0.396813639035861,0.401934073728261,3.22801881246326,3.46011405289615,0.0058024691358024,0.0132540564413686,,,,,,,,,,,,,,,,,,,,,,,,,,,,,,,,,2019.0,,,,,3
Jordan Howard,PHI,RB,12634,weighted,,,,,,,28.1613192239859,6.13515093357519,0.173428469261296,0.116201937896195,0.0526513815402704,0.0340402057255993,,,,,0.885061728395062,0.614037643302132,7.47815990593768,5.55462351621895,0.0324985302763081,0.0384092361141385,,,,,,,,,,,,,,,,,,,,,,,,,,,,,,,,,2016.0,1994-11-02,,,,3
Jordan Howard,MIA,RB,12634,weighted,,,,,,,28.1613192239859,6.13515093357519,0.173428469261296,0.116201937896195,0.0526513815402704,0.0340402057255993,,,,,0.885061728395062,0.614037643302132,7.47815990593768,5.55462351621895,0.0324985302763081,0.0384092361141385,,,,,,,,,,,,,,,,,,,,,,,,,,,,,,,,,2016.0,1994-11-02,,,,3
Darwin Thompson,KC,RB,14284,weighted,,,,,,,26.3354826572604,9.39573756772997,0.157589457284763,0.128423655727176,0.0437933568489124,0.0397000389324262,,,,,1.55223398001176,0.375942296847289,12.1621281599059,2.11185585998081,0.0622516166960611,0.0449265226547808,,,,,,,,,,,,,,,,,,,,,,,,,,,,,,,,,2019.0,,,,,3
Ty Johnson,DET,RB,14095,weighted,,,,,,,23.3159699057288,7.82424672409464,0.095209208291806,0.0836482249005743,0.0509499637418419,0.0379415803862343,,,,,1.31891225525743,0.523791149437981,10.0724728063814,3.27857706492621,0.0297171863669326,0.0477348596745702,,,,,,,,,,,,,,,,,,,,,,,,,,,,,,,,,2019.0,1997-09-17,,,,3
Tony Pollard,DAL,RB,14085,weighted,,,,,,,23.4117037037037,5.33784650975553,0.145941678894899,0.110745253068246,0.0467577895355673,0.0380973819133923,,,,,0.751005291005291,0.516820193138317,7.06163433274544,4.80665912902085,0.0470135214579659,0.0459476139646903,,,,,,,,,,,,,,,,,,,,,,,,,,,,,,,,,2019.0,1997-04-30,,,,3
Ronald Jones,TB,RB,13606,weighted,,,,,,,28.2283880070547,4.25259080531228,0.159921825493006,0.0996588219065172,0.0497222222222222,0.0368725092308512,,,,,0.824068195179306,0.570242770044696,6.97512051734274,5.14349471468776,0.0171604938271605,0.0264951606836987,,,,,,,,,,,,,,,,,,,,,,,,,,,,,,,,,2018.0,1997-08-03,,,,3
Rashaad Penny,SEA,RB,13608,weighted,,,,,,,8.06163328197226,11.3137084989848,0.0251926040061633,0.0353553390593274,0.0248073959938367,0.0353553390593274,,,,,0.403081664098613,0.565685424949238,3.0231124807396,4.24264068711928,0.0050385208012326,0.0070710678118654,,,,,,,,,,,,,,,,,,,,,,,,,,,,,,,,,2018.0,1996-02-02,Q,Hamstring,2019.0,3
Kalen Ballage,MIA,RB,13621,weighted,,,,,,,23.7074003527337,5.13724645425938,0.115018719874492,0.0791380461980419,0.118668430335097,0.0509650639401649,0.01,0.0,,,1.56795414462081,0.395211243830144,11.0761316872428,3.1686950067581,0.0326572604350382,0.0345639222841161,,,,,,,,,,,,,,,,,,,,,,,,,,,,,,,,,2018.0,,,,,3
Giovani Bernard,CIN,RB,11193,weighted,,,,,,,21.9664115226337,5.27994244494824,0.102708021237889,0.0740473606278665,0.0605918087399569,0.0361104069444564,,,,,2.56584950029394,0.451879516371314,20.3190711346267,3.12987459441388,0.0305408583186361,0.036811640598509,,,,,,,,,,,,,,,,,,,,,,,,,,,,,,,,,2013.0,1991-11-22,,,,3
Gus Edwards,BAL,RB,13850,weighted,,,,,,,25.9503515579071,1.16121257921373,0.106331107952622,0.0745334838134537,0.0724142661179698,0.0252772848611195,0.03,0.0,,,0.430223398001176,0.458883165033404,2.24083480305703,2.31682200776326,0.0081566333529296,0.0125900383707507,,,,,,,,,,,,,,,,,,,,,,,,,,,,,,,,,2018.0,1995-04-13,,,,3
Darren Sproles,PHI,RB,7942,weighted,,,,,,,18.3418718400941,6.58125219208273,0.061600296665199,0.0395251920814557,0.0684734469919655,0.0288883255555651,,,0.02,0.0,1.91819517930629,0.324139080706195,15.9635508524397,4.30428811913485,0.071740152851264,0.0610314473175412,,,,,,,,,,,,,,,,,,,,,,,,,,,,,,,,,2005.0,1983-06-20,,,,3
Darren Sproles,FA,RB,7942,weighted,,,,,,,18.3418718400941,6.58125219208273,0.061600296665199,0.0395251920814557,0.0684734469919655,0.0288883255555651,,,0.02,0.0,1.91819517930629,0.324139080706195,15.9635508524397,4.30428811913485,0.071740152851264,0.0610314473175412,,,,,,,,,,,,,,,,,,,,,,,,,,,,,,,,,2005.0,1983-06-20,,,,3
C.J. Prosise,SEA,RB,12627,weighted,,,,,,,17.0547701352146,6.07844635447156,0.0667648376125631,0.0473090587407955,0.0437933568489124,0.0397000389324262,,,,,1.55059376837155,0.582564639296117,12.5464079952969,5.71037037321698,0.0603468547912992,0.0578324703647261,,,,,,,,,,,,,,,,,,,,,,,,,,,,,,,,,2016.0,1994-05-20,,,,3
C.J. Prosise,FA,RB,12627,weighted,,,,,,,17.0547701352146,6.07844635447156,0.0667648376125631,0.0473090587407955,0.0437933568489124,0.0397000389324262,,,,,1.55059376837155,0.582564639296117,12.5464079952969,5.71037037321698,0.0603468547912992,0.0578324703647261,,,,,,,,,,,,,,,,,,,,,,,,,,,,,,,,,2016.0,1994-05-20,,,,3
Tarik Cohen,CHI,RB,13290,weighted,,,,,,,18.4769559082892,4.8147324466776,0.0950569934970591,0.0729213048380523,0.128971193415638,0.051887533837395,,,0.01,0.0,4.1007289829512,0.726545034771472,33.7430276308054,3.42707189230357,0.145767195767196,0.0898662181290671,,,,,,,,,,,,,,,,,,,,,,,,,,,,,,,,,2017.0,1995-07-26,,,,3
Mike Davis,CHI,RB,12164,weighted,,,,,,,21.4982657260435,4.63796096866267,0.100224999099879,0.067357915598883,0.0467577895355673,0.0380973819133923,0.04,0.0,,,1.27748971193416,0.816584831241695,7.86815990593768,5.02716965782843,0.0286478542034098,0.0330551847498516,,,,,,,,,,,,,,,,,,,,,,,,,,,,,,,,,2015.0,1993-02-19,,,,3
Mike Davis,CAR,RB,12164,weighted,,,,,,,21.4982657260435,4.63796096866267,0.100224999099879,0.067357915598883,0.0467577895355673,0.0380973819133923,0.04,0.0,,,1.27748971193416,0.816584831241695,7.86815990593768,5.02716965782843,0.0286478542034098,0.0330551847498516,,,,,,,,,,,,,,,,,,,,,,,,,,,,,,,,,2015.0,1993-02-19,,,,3
DeAndre Washington,OAK,RB,12857,weighted,,,,,,,14.3283891828336,7.26690249208856,0.0297404456836908,0.0302677049647755,0.0585684891240447,0.0299761743229382,,,,,1.1531569664903,0.56668105535633,8.2401822457378,3.90865567149317,0.011440329218107,0.0176634404557992,,,,,,,,,,,,,,,,,,,,,,,,,,,,,,,,,2016.0,1993-02-22,,,,3
DeAndre Washington,KC,RB,12857,weighted,,,,,,,14.3283891828336,7.26690249208856,0.0297404456836908,0.0302677049647755,0.0585684891240447,0.0299761743229382,,,,,1.1531569664903,0.56668105535633,8.2401822457378,3.90865567149317,0.011440329218107,0.0176634404557992,,,,,,,,,,,,,,,,,,,,,,,,,,,,,,,,,2016.0,1993-02-22,,,,3
Jeffery Wilson,SF,RB,14017,weighted,,,,,,,24.40156,0.585734076575533,0.290749204615877,0.10246723971358,0.12941,0.0604803706973352,,,,,0.89152,0.178288438135224,7.67845,0.301903549167655,0.0197,0.0200940184214175,,,,,,,,,,,,,,,,,,,,,,,,,,,,,,,,,2018.0,1970-01-01,,,,3
T.J. Yeldon,BUF,RB,12153,weighted,,,,,,,20.1764844209289,4.55010843057632,0.108311799553105,0.0781934592527262,0.0585802469135802,0.0291458152315954,,,,,1.97002351557907,0.328455502692842,17.1972898295121,4.6510397393273,0.0921222810111699,0.0738717738064208,,,,,,,,,,,,,,,,,,,,,,,,,,,,,,,,,2015.0,1993-10-02,,,,3
Dion Lewis,TEN,RB,10389,weighted,,,,,,,17.3119811875367,5.83591069836803,0.06093188804718,0.0425749565911255,0.0526513815402704,0.0340402057255993,,,0.09,0.0,2.51275132275132,0.554551454640065,17.3140623162845,2.7990632553008,0.0624279835390947,0.0428482712473278,,,,,,,,,,,,,,,,,,,,,,,,,,,,,,,,,2011.0,1990-09-27,,,,3
Dion Lewis,NYG,RB,10389,weighted,,,,,,,17.3119811875367,5.83591069836803,0.06093188804718,0.0425749565911255,0.0526513815402704,0.0340402057255993,,,0.09,0.0,2.51275132275132,0.554551454640065,17.3140623162845,2.7990632553008,0.0624279835390947,0.0428482712473278,,,,,,,,,,,,,,,,,,,,,,,,,,,,,,,,,2011.0,1990-09-27,,,,3
Nyheim Hines,IND,RB,13622,weighted,,,,,,,17.6471452087008,4.55286715935763,0.0883209077021253,0.0618326299904414,0.0467460317460317,0.0374731910120512,,,,,2.35775426219871,0.461694147266234,16.6038212815991,2.30446040465191,0.0641211052322163,0.0600090894867986,,,,,,,,,,,,,,,,,,,,,,,,,,,,,,,,,2018.0,1996-11-12,,,,3
Chris Thompson,WAS,RB,11186,weighted,,,,,,,17.3534603174603,3.66451963284344,0.0642358358669481,0.0405817244658817,0.0585684891240447,0.0299761743229382,,,,,4.44759553203998,1.12960302866714,35.5198001175779,8.65967663177163,0.0948442092886537,0.0725264995924006,,,,,,,,,,,,,,,,,,,,,,,,,,,,,,,,,2013.0,1990-10-20,,,,3
Chris Thompson,JAC,RB,11186,weighted,,,,,,,17.3534603174603,3.66451963284344,0.0642358358669481,0.0405817244658817,0.0585684891240447,0.0299761743229382,,,,,4.44759553203998,1.12960302866714,35.5198001175779,8.65967663177163,0.0948442092886537,0.0725264995924006,,,,,,,,,,,,,,,,,,,,,,,,,,,,,,,,,2013.0,1990-10-20,,,,3
Justice Hill,BAL,RB,14086,weighted,,,,,,,14.7629711934156,5.24093323254063,0.0668568562094873,0.0424424383960413,0.0585684891240447,0.0299761743229382,,,,,0.854485596707819,0.175794891455991,6.51159905937684,1.92363156439877,0.0133333333333333,0.0215982136018233,,,,,,,,,,,,,,,,,,,,,,,,,,,,,,,,,2019.0,1997-11-14,,,,3
Jaylen Samuels,PIT,RB,13613,weighted,,,,,,,19.3551111111111,3.61124846754452,0.0733111280633141,0.0508746665251224,0.0467577895355673,0.0380973819133923,,,,,1.70693709582598,0.440153649012297,13.8054732510288,3.38435093238905,0.109594356261023,0.0893700565598878,,,,,,,,,,,,,,,,,,,,,,,,,,,,,,,,,2018.0,1996-07-20,,,,3
Ty Montgomery,NYJ,RB,12261,weighted,,,,,,,14.6320423280423,6.09735833521992,0.0455653361279532,0.0379301187424905,0.0842367234959828,0.0144441627777826,,,,,1.16086419753086,0.122778587056933,9.54286890064668,1.22250270671881,0.0114814814814815,0.0163101875435521,,,,,,,,,,,,,,,,,,,,,,,,,,,,,,,,,2015.0,1993-01-22,,,,3
Ty Montgomery,NO,RB,12261,weighted,,,,,,,14.6320423280423,6.09735833521992,0.0455653361279532,0.0379301187424905,0.0842367234959828,0.0144441627777826,,,,,1.16086419753086,0.122778587056933,9.54286890064668,1.22250270671881,0.0114814814814815,0.0163101875435521,,,,,,,,,,,,,,,,,,,,,,,,,,,,,,,,,2015.0,1993-01-22,,,,3
Jalen Richard,OAK,RB,12912,weighted,,,,,,,12.2443398001176,5.29976454600833,0.055172830255633,0.0393957168127346,0.186059670781893,0.0883887619611578,,,0.01,0.0,2.72339212228101,0.58936496772252,22.9096061140506,5.3452262338876,0.0460082304526749,0.0668067268996392,,,,,,,,,,,,,,,,,,,,,,,,,,,,,,,,,2016.0,1993-10-15,,,,3
Jalen Richard,LVR,RB,12912,weighted,,,,,,,12.2443398001176,5.29976454600833,0.055172830255633,0.0393957168127346,0.186059670781893,0.0883887619611578,,,0.01,0.0,2.72339212228101,0.58936496772252,22.9096061140506,5.3452262338876,0.0460082304526749,0.0668067268996392,,,,,,,,,,,,,,,,,,,,,,,,,,,,,,,,,2016.0,1993-10-15,,,,3
D'Ernest Johnson,CLE,RB,14331,weighted,,,,,,,12.58165,6.13872262774306,0.0713423417433512,0.0301618207589158,0.03769,0.0554918318308252,,,,,1.32137,0.623813211359755,13.22162,6.98878291427308,0.05085,0.0501579290523675,,,,,,,,,,,,,,,,,,,,,,,,,,,,,,,,,2019.0,,,,,3
Wendell Smallwood,WAS,RB,12636,weighted,,,,,,,9.89988464447806,3.53366243087178,0.0439621532988439,0.0374530049503317,0.0061951588502269,0.0094706010357531,0.03,0.0,0.03,0.0,0.701898638426626,0.417013999038599,5.24556732223903,2.97141228681098,0.0197201210287443,0.0142959861617434,,,,,,,,,,,,,,,,,,,,,,,,,,,,,,,,,2016.0,1994-01-26,,,,3
Damien Harris,NE,RB,14075,weighted,,,,,,,12.5052042360061,1.54899379115745,0.126367544189616,0.0237222050085463,0.0722276853252647,0.0344145321043587,,,,,0.960476550680787,0.187411560195044,8.92100605143722,2.62318760100459,0.0579198184568835,0.0388057463315976,,,,,,,,,,,,,,,,,,,,,,,,,,,,,,,,,2019.0,1970-01-01,,,,3
Dontrell Hilliard,CLE,RB,13871,weighted,,,,,,,10.3540431164902,4.69208672844187,0.0728451472760102,0.0300049642845537,0.0588502269288956,0.0420736558031907,,,0.01,0.0,1.56768532526475,0.693756939004942,14.8690468986384,6.30045562406178,0.0369894099848714,0.0253338464867069,,,,,,,,,,,,,,,,,,,,,,,,,,,,,,,,,2018.0,1970-01-01,,,,3
Ryquell Armstead,JAC,RB,14093,weighted,,,,,,,10.2964256319812,2.53280692569057,0.0526162607208799,0.0382042188565876,0.0674265138154027,0.0287688582733975,,,,,0.689594356261023,0.459359384914386,5.48674309229865,3.57429042121704,0.0095473251028806,0.0139969121853697,,,,,,,,,,,,,,,,,,,,,,,,,,,,,,,,,2019.0,,,,,3
Chase Edmonds,ARI,RB,13726,weighted,,,,,,,12.2709265138154,0.906904046769989,0.0951658796522221,0.0735748373762798,0.0059171075837742,0.0041636878902279,,,,,0.850235155790711,0.295916540708879,5.35659611992945,2.52656435383444,0.0134156378600823,0.0193692711572927,,,,,,,,,,,,,,,,,,,,,,,,,,,,,,,,,2018.0,1996-04-13,,,,3
Wayne Gallman,NYG,RB,13135,weighted,,,,,,,10.7397554379777,0.545681009587303,0.0624384403759514,0.0393239749620751,0.0556158142269253,0.0314273777179214,,,,,1.04923574368019,0.395268308030108,7.20518518518518,2.3192346259176,0.0076543209876543,0.0108734583623681,,,,,,,,,,,,,,,,,,,,,,,,,,,,,,,,,2017.0,1994-10-01,,,,3
J.D. McKissic,DET,RB,13108,weighted,,,,,,,6.94698184568835,3.4909055167235,0.0460203110943722,0.039038651692636,0.0082299546142208,0.0084147311606381,,,,,0.604054462934947,0.529573357529864,4.5863691376702,3.83096012267529,0.0359757942511346,0.0476989866144367,,,,,,,,,,,,,,,,,,,,,,,,,,,,,,,,,2016.0,1993-10-15,,,,3
J.D. McKissic,WAS,RB,13108,weighted,,,,,,,6.94698184568835,3.4909055167235,0.0460203110943722,0.039038651692636,0.0082299546142208,0.0084147311606381,,,,,0.604054462934947,0.529573357529864,4.5863691376702,3.83096012267529,0.0359757942511346,0.0476989866144367,,,,,,,,,,,,,,,,,,,,,,,,,,,,,,,,,2016.0,1993-10-15,,,,3
Mark Walton,MIA,RB,13616,weighted,,,,,,,8.02170574886535,2.67274361725037,0.0331884641125918,0.0392198368559681,0.0123449319213313,0.0126220967409572,,,,,0.574977307110439,0.191533646301749,3.94708018154312,1.29577060410896,0.0173071104387292,0.0171338372689142,,,,,,,,,,,,,,,,,,,,,,,,,,,,,,,,,2018.0,1997-03-29,,,,3
Mark Walton,FA,RB,13616,weighted,,,,,,,8.02170574886535,2.67274361725037,0.0331884641125918,0.0392198368559681,0.0123449319213313,0.0126220967409572,,,,,0.574977307110439,0.191533646301749,3.94708018154312,1.29577060410896,0.0173071104387292,0.0171338372689142,,,,,,,,,,,,,,,,,,,,,,,,,,,,,,,,,2018.0,1997-03-29,,,,3
Darrell Henderson,LAR,RB,14087,weighted,,,,,,,5.18347161572052,3.53200317598296,0.0369577874818049,0.0454081101843604,0.0040950994662785,0.0041410424971196,,,,,0.0703784570596798,0.0720794777909794,0.858697234352256,0.857369634813429,0.0,0.0,,,,,,,,,,,,,,,,,,,,,,,,,,,,,,,,,2019.0,1970-01-01,,,,3
Travis Homer,SEA,RB,14083,weighted,,,,,,,6.99718,2.32246332046205,0.0738753492281152,0.0306608409139379,0.00329,0.005755208832791,,,,,0.14447,0.12426897573243,1.94149,1.89064698642318,0.00658,0.011510417665582,,,,,,,,,,,,,,,,,,,,,,,,,,,,,,,,,2019.0,1998-08-07,,,,3
Jordan Scarlett,CAR,RB,14094,weighted,,,,,,,6.34009523809524,2.77503851030693,0.0392039851401553,0.0530483505783664,0.0086349206349206,0.0099633199854168,,,,,0.0639047619047619,0.0588779905818341,0.294857142857143,0.517840717725149,0.0,0.0,,,,,,,,,,,,,,,,,,,,,,,,,,,,,,,,,2019.0,,,,,3
Mike Boone,MIN,RB,13868,weighted,,,,,,,5.46673015873016,2.69683992343695,0.0330873408755992,0.0390987385932593,0.0,0.0,,,,,0.146772486772487,0.12808315344533,1.10389182833627,1.39424506658891,0.0057613168724279,0.0088855369469248,,,,,,,,,,,,,,,,,,,,,,,,,,,,,,,,,2018.0,1970-01-01,,,,3
Brandon Bolden,NE,RB,10932,weighted,,,,,,,5.82055219364599,3.12653435920302,0.13569964271687,0.124682780072111,0.0858131618759455,0.0822251933620226,,,,,0.236270801815431,0.410659322604362,2.4434795763994,4.19609273604585,0.0247806354009077,0.0331078011783063,,,,,,,,,,,,,,,,,,,,,,,,,,,,,,,,,2012.0,1990-01-26,,,,3
Dwayne Washington,NO,RB,12845,weighted,,,,,,,4.87160741301059,3.16779973905635,0.0111864468263257,0.0086674136550619,0.0,0.0,,,,,0.103857791225416,0.128236698914238,0.782216338880484,0.777357566647454,0.0049621785173978,0.0057739300185658,,,,,,,,,,,,,,,,,,,,,,,,,,,,,,,,,2016.0,,,,,3
Kerrith Whyte,CHI,RB,14289,weighted,,,,,,,8.6,0.0,0.1,3.9264915141570104e-17,0.0,0.0,,,,,0.102533532041729,0.14142135623731,1.02533532041729,1.41421356237309,0.0,0.0,,,,,,,,,,,,,,,,,,,,,,,,,,,,,,,,,2019.0,1970-01-01,,,,3
Kerrith Whyte,PIT,RB,14289,weighted,,,,,,,8.6,0.0,0.1,3.9264915141570104e-17,0.0,0.0,,,,,0.102533532041729,0.14142135623731,1.02533532041729,1.41421356237309,0.0,0.0,,,,,,,,,,,,,,,,,,,,,,,,,,,,,,,,,2019.0,1970-01-01,,,,3
Brian Hill,ATL,RB,13240,weighted,,,,,,,5.26723760932945,3.6182027173121,0.0,0.0,0.0286054421768708,0.0289516452639099,,,,,0.323906705539359,0.491410003203979,1.89518950437318,1.99997607437558,0.0,0.0,,,,,,,,,,,,,,,,,,,,,,,,,,,,,,,,,2017.0,1995-11-09,O,Coach's Decision,2019.0,3
Dexter Williams,GB,RB,14074,weighted,,,,,,,4.132527693857,4.01068844373701,0.0565961732124874,0.0508733645816986,0.0131218529707956,0.015330459215547,,,,,0.102215508559919,0.100285242248368,1.12608257804632,1.15814060749004,0.0,0.0,,,,,,,,,,,,,,,,,,,,,,,,,,,,,,,,,2019.0,,O,Coach's Decision,2019.0,3
Benny Snell,PIT,RB,14072,weighted,,,,,,,5.64428139183056,2.72377940704764,0.0495728686329513,0.0382182906171211,0.0030975794251134,0.0047353005178765,,,,,0.211021180030257,0.211865986421483,1.67702723146747,1.93229844259181,0.0049773071104387,0.0099858502831801,,,,,,,,,,,,,,,,,,,,,,,,,,,,,,,,,2019.0,1970-01-01,,,,3
Devontae Booker,DEN,RB,12629,weighted,,,,,,,5.30457055214724,1.79644476693182,0.0308871420957352,0.008611840719601,0.0400306748466258,0.017334098268559,,,0.01,0.0,1.1980163599182,0.782970442481413,9.71092024539877,4.66992159440404,0.020040899795501,0.0200616023512851,,,,,,,,,,,,,,,,,,,,,,,,,,,,,,,,,2016.0,1992-05-27,,,,3
Devontae Booker,LVR,RB,12629,weighted,,,,,,,5.30457055214724,1.79644476693182,0.0308871420957352,0.008611840719601,0.0400306748466258,0.017334098268559,,,0.01,0.0,1.1980163599182,0.782970442481413,9.71092024539877,4.66992159440404,0.020040899795501,0.0200616023512851,,,,,,,,,,,,,,,,,,,,,,,,,,,,,,,,,2016.0,1992-05-27,,,,3
Darrel Williams,KC,RB,13623,weighted,,,,,,,3.06922844175492,1.80155567528139,0.0409478805711862,0.0435955287431378,0.0,0.0,,,,,0.277791225416036,0.213423972559658,2.20907715582451,1.71738740137226,0.0099394856278366,0.0141398476504193,,,,,,,,,,,,,,,,,,,,,,,,,,,,,,,,,2018.0,,,,,3
Samaje Perine,CIN,RB,13133,weighted,,,,,,,3.80405930470348,3.13872918432347,0.0117150041015332,0.0161278256971259,0.0089229720518064,0.0102159266726255,,,,,0.193108384458078,0.167922620177655,1.61622699386503,1.4315534159738,0.0066564417177914,0.0057780327561863,,,,,,,,,,,,,,,,,,,,,,,,,,,,,,,,,2017.0,1995-09-16,,,,3
Qadree Ollison,ATL,RB,14097,weighted,,,,,,,7.0,0.0,0.1,3.9264915141570104e-17,0.0,0.0,,,,,0.153800298062593,0.212132034355964,1.4354694485842,1.97989898732233,0.0,0.0,,,,,,,,,,,,,,,,,,,,,,,,,,,,,,,,,2019.0,1970-01-01,O,Coach's Decision,2019.0,3
Ameer Abdullah,MIN,RB,12155,weighted,,,,,,,5.02555597579425,2.10183822793585,0.0523491806784243,0.0377676291685051,0.0123449319213313,0.0126220967409572,,,,,0.306384266263238,0.0997664549450137,2.63248865355522,1.61099756904761,0.0099016641452344,0.0141573892112534,,,,,,,,,,,,,,,,,,,,,,,,,,,,,,,,,2015.0,1993-06-13,,,,3
T.J. Logan,TB,RB,13142,weighted,,,,,,,2.75065326633166,3.13933742882159,0.0411155778894472,0.0524345949771121,0.0,0.0,,,,,0.89529648241206,0.62414618333845,7.01850251256281,3.63021099756702,0.0325025125628141,0.0414869200787735,,,,,,,,,,,,,,,,,,,,,,,,,,,,,,,,,2017.0,1994-09-03,,,,3
Elijhaa Penny,NYG,RB,13239,weighted,,,,,,,3.07470347648262,3.00985034216427,0.0155976582862184,0.0215180582135512,0.0044614860259032,0.0051079633363127,,,,,0.294069529652352,0.121839164818434,1.86715746421268,0.517601861803248,0.0066564417177914,0.0057780327561863,,,,,,,,,,,,,,,,,,,,,,,,,,,,,,,,,2016.0,1993-08-17,,,,3
Dare Ogunbowale,TB,RB,13148,weighted,,,,,,,1.98579659024103,2.35357335973227,0.028705467372134,0.0416491567279329,0.0,0.0,,,,,1.53688418577307,0.408927353458062,12.6814697236919,4.16555810674495,0.0450793650793651,0.0449382925305742,,,,,,,,,,,,,,,,,,,,,,,,,,,,,,,,,2017.0,1994-05-04,,,,3
Buddy Howell,HOU,RB,13916,weighted,,,,,,,2.44124623115578,2.72372173387915,0.0065427135678392,0.005826066108568,0.0,0.0,,,,,0.198984924623116,0.148003992692444,1.53083417085427,0.871689192875011,0.0065427135678392,0.005826066108568,,,,,,,,,,,,,,,,,,,,,,,,,,,,,,,,,2018.0,1970-01-01,,,,3
Taiwan Jones,HOU,RB,10368,weighted,,,,,,,2.45156156156156,2.84964032818179,0.0,0.0,0.0,0.0,,,,,0.0758258258258258,0.0353553390593274,0.935855855855856,0.678822509939086,0.0,0.0,,,,,,,,,,,,,,,,,,,,,,,,,,,,,,,,,2011.0,1988-07-26,Q,Elbow,2019.0,3
Taiwan Jones,BUF,RB,10368,weighted,,,,,,,2.45156156156156,2.84964032818179,0.0,0.0,0.0,0.0,,,,,0.0758258258258258,0.0353553390593274,0.935855855855856,0.678822509939086,0.0,0.0,,,,,,,,,,,,,,,,,,,,,,,,,,,,,,,,,2011.0,1988-07-26,Q,Elbow,2019.0,3
Jonathan Williams,IND,RB,12635,weighted,,,,,,,1.91430010070493,2.0860139155095,0.0,0.0,0.0,0.0,,,,,0.0065861027190332,0.0115139742268174,0.0478147029204431,0.0505803663404946,0.0,0.0,,,,,,,,,,,,,,,,,,,,,,,,,,,,,,,,,2016.0,1994-02-02,O,Ribs,2019.0,3
Jonathan Williams,FA,RB,12635,weighted,,,,,,,1.91430010070493,2.0860139155095,0.0,0.0,0.0,0.0,,,,,0.0065861027190332,0.0115139742268174,0.0478147029204431,0.0505803663404946,0.0,0.0,,,,,,,,,,,,,,,,,,,,,,,,,,,,,,,,,2016.0,1994-02-02,O,Ribs,2019.0,3
Derek Watt,LAC,RB,12823,weighted,,,,,,,2.85553169734151,0.450344276154965,0.0185746741425063,0.0024631182703351,0.0,0.0,,,,,0.316799591002045,0.199082005080704,2.20192229038855,1.93099870635693,0.0133128834355828,0.0115560655123727,,,,,,,,,,,,,,,,,,,,,,,,,,,,,,,,,2016.0,1992-11-07,,,,3
Derek Watt,PIT,RB,12823,weighted,,,,,,,2.85553169734151,0.450344276154965,0.0185746741425063,0.0024631182703351,0.0,0.0,,,,,0.316799591002045,0.199082005080704,2.20192229038855,1.93099870635693,0.0133128834355828,0.0115560655123727,,,,,,,,,,,,,,,,,,,,,,,,,,,,,,,,,2016.0,1992-11-07,,,,3
Alexander Armah,CAR,RB,13326,weighted,,,,,,,2.15092284417549,0.867309783192274,0.0859975616791548,0.0865474602654604,0.0,0.0,,,,,0.119130105900151,0.0992279990008432,0.425816944024206,0.485853325724238,0.0024886535552193,0.00499292514159,,,,,,,,,,,,,,,,,,,,,,,,,,,,,,,,,2017.0,1994-05-17,,,,3
Zach Line,NO,RB,11474,weighted,,,,,,,1.88783850226929,0.917031559585742,0.0069619652891413,0.0048391953339781,0.0,0.0,,,,,0.218517397881997,0.113460728557745,1.00482602118003,0.829434791797347,0.0334190620272315,0.0456009236760724,,,,,,,,,,,,,,,,,,,,,,,,,,,,,,,,,2013.0,1990-04-26,,,,3
Zach Line,FA,RB,11474,weighted,,,,,,,1.88783850226929,0.917031559585742,0.0069619652891413,0.0048391953339781,0.0,0.0,,,,,0.218517397881997,0.113460728557745,1.00482602118003,0.829434791797347,0.0334190620272315,0.0456009236760724,,,,,,,,,,,,,,,,,,,,,,,,,,,,,,,,,2013.0,1990-04-26,,,,3
Paul Perkins,DET,RB,12631,weighted,,,,,,,0.780970724191063,1.09601551083915,0.0,0.0,0.0375963020030817,0.0176776695296637,,,,,0.251926040061633,0.353553390593274,1.5115562403698,2.12132034355964,0.0,0.0,,,,,,,,,,,,,,,,,,,,,,,,,,,,,,,,,2016.0,1994-11-16,O,Coach's Decision,2019.0,3
Paul Perkins,FA,RB,12631,weighted,,,,,,,0.780970724191063,1.09601551083915,0.0,0.0,0.0375963020030817,0.0176776695296637,,,,,0.251926040061633,0.353553390593274,1.5115562403698,2.12132034355964,0.0,0.0,,,,,,,,,,,,,,,,,,,,,,,,,,,,,,,,,2016.0,1994-11-16,O,Coach's Decision,2019.0,3
Kyle Juszczyk,SF,RB,11367,weighted,,,,,,,1.76686270801815,0.740222073596856,0.0112251235728921,0.0086919427647746,0.0659568835098336,0.0389914636859201,,,,,1.32520423600605,0.366341995985581,11.80741301059,3.54830893239632,0.0630408472012103,0.0300908028419359,,,,,,,,,,,,,,,,,,,,,,,,,,,,,,,,,2013.0,1991-04-23,,,,3
Bilal Powell,NYJ,RB,10369,weighted,,,,,,,2.38503852080123,0.0070710678118653,0.0074913247271173,0.003520678721454,0.067673343605547,0.0318198051533946,,,,,0.580924499229584,0.169705627484771,5.33790446841294,2.36880771697493,0.0301540832049307,0.0282842712474619,,,,,,,,,,,,,,,,,,,,,,,,,,,,,,,,,2011.0,1988-10-27,,,,3
Bilal Powell,FA,RB,10369,weighted,,,,,,,2.38503852080123,0.0070710678118653,0.0074913247271173,0.003520678721454,0.067673343605547,0.0318198051533946,,,,,0.580924499229584,0.169705627484771,5.33790446841294,2.36880771697493,0.0301540832049307,0.0282842712474619,,,,,,,,,,,,,,,,,,,,,,,,,,,,,,,,,2011.0,1988-10-27,,,,3
Kenjon Barner,ATL,RB,11177,weighted,,,,,,,1.31075664621677,0.941630019743835,0.0038917705983716,0.0053844269413385,0.0,0.0,,,,,0.0871676891615542,0.0898112278463663,0.669110429447853,0.394056406117332,0.0,0.0,,,,,,,,,,,,,,,,,,,,,,,,,,,,,,,,,2013.0,1989-04-28,,,,3
Kenjon Barner,FA,RB,11177,weighted,,,,,,,1.31075664621677,0.941630019743835,0.0038917705983716,0.0053844269413385,0.0,0.0,,,,,0.0871676891615542,0.0898112278463663,0.669110429447853,0.394056406117332,0.0,0.0,,,,,,,,,,,,,,,,,,,,,,,,,,,,,,,,,2013.0,1989-04-28,,,,3
Trenton Cannon,NYJ,RB,13816,weighted,,,,,,,1.23749488752556,0.99269547974801,0.0044715475623535,0.0049151789081228,0.0,0.0,,,,,0.37038854805726,0.199373670722718,2.51031697341513,1.3219712818517,0.0066564417177914,0.0057780327561863,,,,,,,,,,,,,,,,,,,,,,,,,,,,,,,,,2018.0,,,,,3
Patrick DiMarco,BUF,RB,11100,weighted,,,,,,,1.5478936605317,0.204604113697037,0.0130110472120192,0.0061172659434104,0.0,0.0,,,,,0.558783231083845,0.291784533268009,3.77310838445808,1.78943931554066,0.0201124744376278,0.0265358406655742,,,,,,,,,,,,,,,,,,,,,,,,,,,,,,,,,2011.0,1989-04-30,,,,3
C.J. Ham,MIN,RB,12923,weighted,,,,,,,0.938534417549168,0.589340406827306,0.0066396543311716,0.0047689283415808,0.0,0.0,,,,,0.47035552193646,0.220996392899299,3.82316944024206,2.00090924328612,0.0123903177004539,0.0189412020715062,,,,,,,,,,,,,,,,,,,,,,,,,,,,,,,,,2016.0,1993-07-22,,,,3
Troymaine Pope,LAC,RB,12929,weighted,,,,,,,1.24840523882897,0.166170093578839,0.0080046565853525,0.0028002680051414,0.0,0.0,,,,,0.22557781201849,0.106066017177982,1.10419106317411,0.148492424049175,0.0049614791987673,0.0070710678118654,,,,,,,,,,,,,,,,,,,,,,,,,,,,,,,,,2016.0,1993-11-29,,,,3
Troymaine Pope,FA,RB,12929,weighted,,,,,,,1.24840523882897,0.166170093578839,0.0080046565853525,0.0028002680051414,0.0,0.0,,,,,0.22557781201849,0.106066017177982,1.10419106317411,0.148492424049175,0.0049614791987673,0.0070710678118654,,,,,,,,,,,,,,,,,,,,,,,,,,,,,,,,,2016.0,1993-11-29,,,,3
Nick Bawden,DET,RB,13838,weighted,,,,,,,1.42,,0.01,,0.0,,,,,,0.28,,1.57,,0.01,,,,,,,,,,,,,,,,,,,,,,,,,,,,,,,,,,2018.0,1996-06-22,,,,3
Tyler Ervin,JAC,RB,12639,weighted,,,,,,,0.526503067484663,0.425077361172842,0.0,0.0,0.0,0.0,,,,,0.220337423312883,0.0753676027988964,1.60977505112474,0.486868124715493,0.0033640081799591,0.0057867660695355,,,,,,,,,,,,,,,,,,,,,,,,,,,,,,,,,2016.0,1993-10-07,,,,3
Tyler Ervin,GB,RB,12639,weighted,,,,,,,0.526503067484663,0.425077361172842,0.0,0.0,0.0,0.0,,,,,0.220337423312883,0.0753676027988964,1.60977505112474,0.486868124715493,0.0033640081799591,0.0057867660695355,,,,,,,,,,,,,,,,,,,,,,,,,,,,,,,,,2016.0,1993-10-07,,,,3
D.J. Foster,ARI,RB,12871,weighted,,,,,,,0.903558282208589,0.454507602851164,0.0100844332899548,0.0001459099180855,0.0,0.0,,,,,0.551646216768916,0.339738527383475,5.18472392638037,3.03415625331041,0.0167484662576687,0.0208806025026545,,,,,,,,,,,,,,,,,,,,,,,,,,,,,,,,,2016.0,,,,,3
Jamize Olawale,DAL,RB,10985,weighted,,,,,,,0.726265128593041,0.34594416066899,0.0038130169876788,0.0044118297022711,0.0,0.0,,,,,0.243093797276853,0.15519170409057,2.0392965204236,1.44626092342352,0.0123373676248109,0.0150213647632354,,,,,,,,,,,,,,,,,,,,,,,,,,,,,,,,,2012.0,1989-04-17,,,,3
Shaun Wilson,WAS,RB,13874,weighted,,,,,,,1.18,,0.01,,0.0,,,,,,0.12,,0.82,,0.0,,,,,,,,,,,,,,,,,,,,,,,,,,,,,,,,,,2018.0,1970-01-01,IR,Ankle,2019.0,3
Shaun Wilson,TEN,RB,13874,weighted,,,,,,,1.18,,0.01,,0.0,,,,,,0.12,,0.82,,0.0,,,,,,,,,,,,,,,,,,,,,,,,,,,,,,,,,,2018.0,1970-01-01,IR,Ankle,2019.0,3
Keith Smith,ATL,RB,12040,weighted,,,,,,,0.17989247311828,0.0141421356237309,0.0,0.0,0.0,0.0,,,,,0.110860215053763,0.113137084989848,0.336236559139785,0.162634559672906,0.0050537634408602,0.0070710678118654,,,,,,,,,,,,,,,,,,,,,,,,,,,,,,,,,2014.0,1992-04-08,,,,3
Anthony Sherman,KC,RB,10378,weighted,,,,,,,0.744030150753769,0.341607136401778,0.0065427135678392,0.005826066108568,0.0,0.0,,,,,0.428442211055276,0.241863806378831,4.07176884422111,2.87586451724607,0.0130854271356784,0.011652132217136,,,,,,,,,,,,,,,,,,,,,,,,,,,,,,,,,2011.0,1988-12-11,,,,3
Dan Vitale,GB,RB,12822,weighted,,,,,,,0.419462365591398,0.586898628384834,0.0050537634408602,0.0070710678118654,0.0,0.0,,,,,0.314731182795699,0.0353553390593274,2.64913978494624,0.113137084989848,0.01,0.0,,,,,,,,,,,,,,,,,,,,,,,,,,,,,,,,,2016.0,,,,,3
Dan Vitale,NE,RB,12822,weighted,,,,,,,0.419462365591398,0.586898628384834,0.0050537634408602,0.0070710678118654,0.0,0.0,,,,,0.314731182795699,0.0353553390593274,2.64913978494624,0.113137084989848,0.01,0.0,,,,,,,,,,,,,,,,,,,,,,,,,,,,,,,,,2016.0,,,,,3
Nick Bellore,SEA,RB,10514,weighted,,,,,,,0.417634408602151,0.311126983722081,0.0050537634408602,0.0070710678118654,0.0,0.0,,,,,0.170645161290323,0.0848528137423857,1.47182795698925,0.898025612106916,0.0150537634408602,0.0070710678118654,,,,,,,,,,,,,,,,,,,,,,,,,,,,,,,,,2011.0,1989-05-12,,,,3
Myles Gaskin,MIA,RB,14081,weighted,,,,,,,0.176348228043143,0.247487373415292,0.0,0.0,0.0,0.0,,,,,0.0,0.0,0.0,0.0,0.0,0.0,,,,,,,,,,,,,,,,,,,,,,,,,,,,,,,,,2019.0,1970-01-01,O,Coach's Decision,2019.0,3
Tre Madden,FA,RB,12644,weighted,,,,,,,0.55,1.5701390564588198e-16,0.0,0.0,0.0,0.0,,,,,0.0596147919876733,0.0707106781186548,0.44653312788906,0.636396103067893,0.0049614791987673,0.0070710678118654,,,,,,,,,,,,,,,,,,,,,,,,,,,,,,,,,2016.0,1993-08-16,,,,3
Patrick Ricard,BAL,RB,13455,weighted,,,,,,,0.0340866111951589,0.0424944987434863,0.0,0.0,0.0,0.0,,,,,0.241520423600605,0.196303934182848,0.653653555219365,0.472157114104913,0.0384341906202723,0.0439415977185665,,,,,,,,,,,,,,,,,,,,,,,,,,,,,,,,,2017.0,1994-05-27,,,,3
David Fluellen,TEN,RB,11894,weighted,,,,,,,0.0,0.0,0.0,0.0,0.0,0.0,,,,,0.0,0.0,0.0,0.0,0.0,0.0,,,,,,,,,,,,,,,,,,,,,,,,,,,,,,,,,2014.0,1992-01-29,O,Hamstring,2019.0,3
David Fluellen,FA,RB,11894,weighted,,,,,,,0.0,0.0,0.0,0.0,0.0,0.0,,,,,0.0,0.0,0.0,0.0,0.0,0.0,,,,,,,,,,,,,,,,,,,,,,,,,,,,,,,,,2014.0,1992-01-29,O,Hamstring,2019.0,3
,,RB,nfl_0,weighted,,,,,,,,,,,0.0,0.0,,,,,0.275,0.318198051533946,2.5,3.53553390593274,0.015,0.0212132034355964,,,,,,,,,,,,,,,,,,,,,,,,,,,,,,,,,,,,,,3
DeAndre Hopkins,HOU,WR,11232,weighted,,,,,,,-0.0028025677156724,0.0586556588830476,0.0,0.0,0.0974964772193518,0.0036417525179152,,,,,7.22710192578675,1.03675258397582,94.2898074213246,9.77329923678045,0.770972287458901,0.205683380051573,,,,,,,,,,,,,,,,,,,,,,,,,,,,,,,,,2013.0,1992-06-06,,,,3
DeAndre Hopkins,ARI,WR,11232,weighted,,,,,,,-0.0028025677156724,0.0586556588830476,0.0,0.0,0.0974964772193518,0.0036417525179152,,,,,7.22710192578675,1.03675258397582,94.2898074213246,9.77329923678045,0.770972287458901,0.205683380051573,,,,,,,,,,,,,,,,,,,,,,,,,,,,,,,,,2013.0,1992-06-06,,,,3
Julio Jones,ATL,WR,10271,weighted,,,,,,,0.430879912321904,0.195329324734786,0.0,0.0,0.1,0.0,,,,,6.59764208548614,0.575420420329663,92.3735791451386,11.3747245004927,0.708238609675904,0.258243767309203,,,,,,,,,,,,,,,,,,,,,,,,,,,,,,,,,2011.0,1989-02-03,,,,3
Keenan Allen,LAC,WR,11222,weighted,,,,,,,1.44211053702834,0.914385095706468,0.0,0.0,0.0749647721935181,0.0364175251791519,,,,,7.39093471113199,0.947533346587392,94.1075998121184,8.33310660025938,0.672588069516205,0.282999375954496,,,,,,,,,,,,,,,,,,,,,,,,,,,,,,,,,2013.0,1992-04-27,,,,3
Amari Cooper,DAL,WR,12175,weighted,,,,,,,1.03823391263504,0.775504991044694,0.0,0.0,0.0878205730389854,0.0110312995916949,,,,,6.01323156411461,1.10347849386542,85.5349506810709,11.1231855220442,0.825232503522781,0.217677938179304,,,,,,,,,,,,,,,,,,,,,,,,,,,,,,,,,2015.0,1994-06-18,,,,3
Odell Beckham,CLE,WR,11679,weighted,,,,,,,1.36132143416314,0.514938284991477,0.0,0.0,0.0949929544387036,0.0072835050358303,,,,,6.29671676843588,1.08918681431944,87.7876890558948,9.68768827430543,0.721742602160639,0.250879452197353,,,,,,,,,,,,,,,,,,,,,,,,,,,,,,,,,2014.0,1992-11-05,,,,3
Sammy Watkins,KC,WR,11670,weighted,,,,,,,1.00555190230155,0.280117426173344,0.0,0.0,0.0652888680131517,0.036458029007117,,,,,5.69717238139972,0.756192915910424,84.210070455613,10.3887038770371,0.796054485674025,0.209285801916101,,,,,,,,,,,,,,,,,,,,,,,,,,,,,,,,,2014.0,1993-06-14,,,,3
John Brown,BUF,WR,11783,weighted,,,,,,,0.228450911228689,0.141386814968893,0.0,0.0,0.0,0.0,,,,,4.73209288653733,1.43120184603832,71.2289065255732,17.5937631222928,0.55201646090535,0.272026911145022,,,,,,,,,,,,,,,,,,,,,,,,,,,,,,,,,2014.0,1990-04-03,,,,3
Julian Edelman,NE,WR,9662,weighted,,,,,,,4.45973544973545,1.92760081141162,0.0131333704576599,0.0106495302824702,0.0504997060552616,0.0351221414754512,,,,,6.81337448559671,0.904355584232377,84.0225925925926,10.0866729670241,0.590123456790123,0.250072515892902,,,,,,,,,,,,,,,,,,,,,,,,,,,,,,,,,2009.0,1986-05-22,,,,3
Tyler Lockett,SEA,WR,12187,weighted,,,,,,,2.72867355565993,1.44618349306722,0.0075501335460435,0.0153496725877236,0.0725457961484265,0.036117122913223,,,0.03,0.0,4.87870361672146,1.16111109397362,75.3649506810709,9.61072961289288,0.678139971817755,0.2837055485292,,,,,,,,,,,,,,,,,,,,,,,,,,,,,,,,,2015.0,1992-09-28,,,,3
Kenny Golladay,DET,WR,13277,weighted,,,,,,,0.328620635666197,0.208597948080074,0.0,0.0,0.0652888680131517,0.036458029007117,,,,,5.62618130577736,0.254670981655144,80.5707092531705,6.72122118922099,0.667454203851574,0.293951443344802,,,,,,,,,,,,,,,,,,,,,,,,,,,,,,,,,2017.0,1993-01-01,,,,3
Mike Evans,TB,WR,11671,weighted,,,,,,,0.0209801158603413,0.0379473249450068,0.0,0.0,0.0727994363550963,0.0262291047830157,,,,,5.45754814466886,0.319613289274778,84.9256458431188,3.68465009133112,0.684086425551902,0.274992074233789,,,,,,,,,,,,,,,,,,,,,,,,,,,,,,,,,2014.0,1993-08-21,,,,3
Michael Thomas,NO,WR,12652,weighted,,,,,,,0.0146860811022389,0.0265631274615047,0.0,0.0,0.0874823860967591,0.018208762589576,,,,,7.3113010803194,0.338223166562708,81.7426726162518,5.16937054896199,0.626791921089713,0.327037134718087,,,,,,,,,,,,,,,,,,,,,,,,,,,,,,,,,2016.0,1994-08-16,,,,3
Davante Adams,GB,WR,11675,weighted,,,,,,,0.0104900579301707,0.0189736624725034,0.0,0.0,0.0652888680131517,0.036458029007117,,,,,6.59427900422734,0.295555947774808,84.586989196806,4.09405283439787,0.742282761860028,0.223287170390808,,,,,,,,,,,,,,,,,,,,,,,,,,,,,,,,,2014.0,1992-12-24,,,,3
JuJu Smith-Schuster,PIT,WR,13156,weighted,,,,,,,0.456425551902302,0.266668462106651,0.0,0.0,0.0652888680131517,0.036458029007117,,,,,5.93855331141381,0.399334879879708,78.6837670267731,7.73318825152751,0.66816815406294,0.311623554650689,,,,,,,,,,,,,,,,,,,,,,,,,,,,,,,,,2017.0,1996-11-22,,,,3
Tyler Boyd,CIN,WR,12650,weighted,,,,,,,0.888145208700764,0.451203221348101,0.0,0.0,0.0684734469919655,0.0288883255555651,,,0.01,0.0,5.93307466196355,0.987154331512513,72.9847442680776,7.63380351040073,0.507995296884186,0.306045176912046,,,,,,,,,,,,,,,,,,,,,,,,,,,,,,,,,2016.0,1994-11-15,,,,3
Chris Godwin,TB,WR,13163,weighted,,,,,,,0.0236417723500861,0.0273090516505721,0.0,0.0,0.0753029591357445,0.0229624636353243,,,,,5.70808830436825,0.81383302986,79.0022404884922,5.32885898186113,0.71798027242837,0.243948963357738,,,,,,,,,,,,,,,,,,,,,,,,,,,,,,,,,2017.0,1996-02-27,,,,3
Adam Thielen,MIN,WR,11938,weighted,,,,,,,1.48236104587443,0.316515201117787,0.0043996733683069,0.0044750826376066,0.0803100046970409,0.0168957539513452,,,,,5.50959135744481,0.444157246020485,77.2740300610615,6.83569410898872,0.687914513856271,0.26784974050218,,,,,,,,,,,,,,,,,,,,,,,,,,,,,,,,,2014.0,1990-08-22,,,,3
Marquise Brown,BAL,WR,14105,weighted,,,,,,,3.38358906525573,3.18803357585302,0.0,0.0,0.0605918087399569,0.0361104069444564,,,,,4.72048206937096,0.511875511741835,73.2662551440329,11.0844380731065,0.567542621987066,0.280948743037945,,,,,,,,,,,,,,,,,,,,,,,,,,,,,,,,,2019.0,1997-06-04,,,,3
Larry Fitzgerald,ARI,WR,7393,weighted,,,,,,,0.0416049382716049,0.0566877474914466,0.0,0.0,0.0684734469919655,0.0288883255555651,,,,,5.75842445620223,0.920991841236741,70.0648912404468,9.29507455555882,0.591422692533804,0.258964145638893,,,,,,,,,,,,,,,,,,,,,,,,,,,,,,,,,2004.0,1983-08-31,,,,3
Nelson Agholor,PHI,WR,12181,weighted,,,,,,,1.29181069958848,0.307521752305404,0.0065289393417004,0.0040688087476481,0.0,0.0,,,,,4.84884185773075,0.711121359239813,63.2283068783069,12.8009996180385,0.569994121105232,0.274382817037353,,,,,,,,,,,,,,,,,,,,,,,,,,,,,,,,,2015.0,1993-05-24,,,,3
Nelson Agholor,LVR,WR,12181,weighted,,,,,,,1.29181069958848,0.307521752305404,0.0065289393417004,0.0040688087476481,0.0,0.0,,,,,4.84884185773075,0.711121359239813,63.2283068783069,12.8009996180385,0.569994121105232,0.274382817037353,,,,,,,,,,,,,,,,,,,,,,,,,,,,,,,,,2015.0,1993-05-24,,,,3
Emmanuel Sanders,DEN,WR,9918,weighted,,,,,,,1.53950617283951,0.914881489080272,0.0031317159742389,0.004031340365866,0.0605918087399569,0.0361104069444564,,,,,6.05209288653733,0.801151029576266,73.1837742504409,9.82207126768205,0.527336860670194,0.299032958393433,,,,,,,,,,,,,,,,,,,,,,,,,,,,,,,,,2010.0,1987-03-17,,,,3
Emmanuel Sanders,NO,WR,9918,weighted,,,,,,,1.53950617283951,0.914881489080272,0.0031317159742389,0.004031340365866,0.0605918087399569,0.0361104069444564,,,,,6.05209288653733,0.801151029576266,73.1837742504409,9.82207126768205,0.527336860670194,0.299032958393433,,,,,,,,,,,,,,,,,,,,,,,,,,,,,,,,,2010.0,1987-03-17,,,,3
Brandin Cooks,LAR,WR,11674,weighted,,,,,,,3.74590136214185,0.457973471877495,0.0127768397206142,0.0148337103054572,0.0321982151244716,0.0391747424227131,,,,,4.66124471582903,0.726377220907935,70.5636120244246,7.56527819292284,0.616674495068107,0.331054314672286,,,,,,,,,,,,,,,,,,,,,,,,,,,,,,,,,2014.0,1993-09-25,,,,3
Brandin Cooks,HOU,WR,11674,weighted,,,,,,,3.74590136214185,0.457973471877495,0.0127768397206142,0.0148337103054572,0.0321982151244716,0.0391747424227131,,,,,4.66124471582903,0.726377220907935,70.5636120244246,7.56527819292284,0.616674495068107,0.331054314672286,,,,,,,,,,,,,,,,,,,,,,,,,,,,,,,,,2014.0,1993-09-25,,,,3
John Ross,CIN,WR,13155,weighted,,,,,,,1.01423574368019,0.146523098160602,0.0027966820987654,0.0040811993654988,0.0078816382520086,0.0072220813888912,,,,,4.27763080540858,1.67134938053705,56.4936860670194,15.9275569827458,0.583168724279835,0.296274400571457,,,,,,,,,,,,,,,,,,,,,,,,,,,,,,,,,2017.0,,,,,3
T.Y. Hilton,IND,WR,10729,weighted,,,,,,,0.0398622201346485,0.0720999173955129,0.0,0.0,0.0652888680131517,0.036458029007117,,,,,5.19903710662283,0.748478848076077,74.0651620479098,7.77214284338207,0.671977454203852,0.28899217378494,,,,,,,,,,,,,,,,,,,,,,,,,,,,,,,,,2012.0,1989-11-14,,,,3
Cooper Kupp,LAR,WR,13164,weighted,,,,,,,2.94223391263504,0.668092239131889,0.0082846682512199,0.0090344802836695,0.0835274776890559,0.0216702737479338,,,,,5.05698449976515,0.68387885750349,66.5662799436355,8.92546250604393,0.601446688586191,0.351478369713394,,,,,,,,,,,,,,,,,,,,,,,,,,,,,,,,,2017.0,1993-06-15,,,,3
D.J. Moore,CAR,WR,13635,weighted,,,,,,,4.66567019400353,3.08456917329513,0.0094904647442409,0.0056459552108569,0.260591808739957,0.0361104069444564,,,0.03,0.0,5.62812463256908,0.905299979439112,68.6191358024691,6.26057988081732,0.446331569664903,0.335447209404146,,,,,,,,,,,,,,,,,,,,,,,,,,,,,,,,,2018.0,1997-04-14,,,,3
Christian Kirk,ARI,WR,13633,weighted,,,,,,,2.44338036449148,1.0678373019195,0.0058533343557498,0.0081122771582181,0.0605918087399569,0.0361104069444564,,,,,4.88248677248677,0.813843456656686,63.8037154614932,8.35376247192047,0.236690182245738,0.159279278247522,,,,,,,,,,,,,,,,,,,,,,,,,,,,,,,,,2018.0,1996-11-18,,,,3
Allen Robinson,CHI,WR,11678,weighted,,,,,,,0.533018812463257,0.0963351267764875,0.0,0.0,0.0802959043699784,0.0180552034722282,,,,,4.91170487948266,0.299397049651257,68.9559435626102,4.09688307438242,0.459500293944738,0.331758009211783,,,,,,,,,,,,,,,,,,,,,,,,,,,,,,,,,2014.0,1993-08-24,,,,3
Sterling Shepard,NYG,WR,12658,weighted,,,,,,,1.12981481481481,0.333519793427498,0.0033681899146244,0.0037896020695969,0.0645326278659612,0.0324993662500108,,,,,4.76375661375661,0.479360032465425,63.3384479717813,7.53015445579707,0.256125808348031,0.159133984881671,,,,,,,,,,,,,,,,,,,,,,,,,,,,,,,,,2016.0,,,,,3
Will Fuller,HOU,WR,12647,weighted,,,,,,,0.255825984714874,0.220748053349598,0.0,0.0,0.0,0.0,,,,,3.92072310405644,0.21604514814903,60.0066137566138,8.36554212935851,0.480864197530864,0.312583881372542,,,,,,,,,,,,,,,,,,,,,,,,,,,,,,,,,2016.0,1994-04-16,,,,3
Josh Gordon,NE,WR,10960,weighted,,,,,,,0.0356613756613757,0.0485894978498114,0.0,0.0,0.0,0.0,,,,,4.28406231628454,0.479299061127054,66.0744091710758,5.43801178265573,0.594873603762493,0.258968321951777,,,,,,,,,,,,,,,,,,,,,,,,,,,,,,,,,2012.0,1991-04-13,,,,3
Josh Gordon,FA,WR,10960,weighted,,,,,,,0.0356613756613757,0.0485894978498114,0.0,0.0,0.0,0.0,,,,,4.28406231628454,0.479299061127054,66.0744091710758,5.43801178265573,0.594873603762493,0.258968321951777,,,,,,,,,,,,,,,,,,,,,,,,,,,,,,,,,2012.0,1991-04-13,,,,3
Courtland Sutton,DEN,WR,13630,weighted,,,,,,,0.191502057613169,0.234090896403714,0.0,0.0,0.0,0.0,,,,,4.02519694297472,0.64881190351928,59.3990299823633,8.07078519203803,0.18819517930629,0.126225052563723,,,,,,,,,,,,,,,,,,,,,,,,,,,,,,,,,2018.0,1995-10-10,,,,3
Robert Woods,LAR,WR,11228,weighted,,,,,,,9.23714701737905,2.48333337828157,0.0353353001203014,0.0472982920970725,0.05822076092062,0.0427230634868402,,,,,4.71495068107092,0.445212233818525,63.0627947393142,4.75153964453531,0.229553781117896,0.147159288052121,,,,,,,,,,,,,,,,,,,,,,,,,,,,,,,,,2013.0,1992-04-10,,,,3
Jamison Crowder,NYJ,WR,12184,weighted,,,,,,,2.27097001763668,1.12085049081681,0.0049357973938309,0.0083517601527622,0.0605918087399569,0.0361104069444564,,,0.01,0.0,4.89242798353909,1.01455369857335,55.6149853027631,12.7193866951235,0.165102880658436,0.125420506412042,,,,,,,,,,,,,,,,,,,,,,,,,,,,,,,,,2015.0,1993-06-17,,,,3
Calvin Ridley,ATL,WR,13629,weighted,,,,,,,0.625049970605526,0.557544671428366,0.0,0.0,0.0881775426219871,0.0108331220833369,,,0.03,0.0,4.86200470311581,0.37903203614447,62.5370252792475,6.44939404806203,0.633815402704292,0.232686174272003,,,,,,,,,,,,,,,,,,,,,,,,,,,,,,,,,2018.0,1994-12-20,,,,3
Marvin Jones,DET,WR,10738,weighted,,,,,,,1.10449441504997,0.324599399645467,0.0054703245405248,0.0043107684712959,0.0,0.0,,,,,4.32235155790711,0.465262678190158,59.5881657848324,5.00633809676949,0.463703703703704,0.321645030404778,,,,,,,,,,,,,,,,,,,,,,,,,,,,,,,,,2012.0,1990-03-12,,,,3
Tyrell Williams,OAK,WR,12391,weighted,,,,,,,0.329744268077601,0.198315826189211,0.0,0.0,0.0,0.0,,,,,4.44943562610229,0.452081117230413,61.0538095238095,4.46053408139984,0.503233392122281,0.301366491924298,,,,,,,,,,,,,,,,,,,,,,,,,,,,,,,,,,,,,,3
Tyrell Williams,LVR,WR,12391,weighted,,,,,,,0.329744268077601,0.198315826189211,0.0,0.0,0.0,0.0,,,,,4.44943562610229,0.452081117230413,61.0538095238095,4.46053408139984,0.503233392122281,0.301366491924298,,,,,,,,,,,,,,,,,,,,,,,,,,,,,,,,,,,,,,3
James Washington,PIT,WR,13631,weighted,,,,,,,0.0178306878306878,0.0242947489249057,0.0,0.0,0.0157632765040172,0.0144441627777826,,,,,3.69069958847737,1.64586383411781,48.2722457378013,14.844694618511,0.121798941798942,0.0814255997756176,,,,,,,,,,,,,,,,,,,,,,,,,,,,,,,,,2018.0,1996-04-02,,,,3
Stefon Diggs,MIN,WR,12186,weighted,,,,,,,2.05397275716299,0.743847576614417,0.0040720222350145,0.0076088485648812,0.1,0.0,,,,,4.82362141850634,0.541649076994245,63.1589713480507,4.38812259844583,0.728576796618131,0.248637181096653,,,,,,,,,,,,,,,,,,,,,,,,,,,,,,,,,2015.0,1993-11-29,,,,3
Stefon Diggs,BUF,WR,12186,weighted,,,,,,,2.05397275716299,0.743847576614417,0.0040720222350145,0.0076088485648812,0.1,0.0,,,,,4.82362141850634,0.541649076994245,63.1589713480507,4.38812259844583,0.728576796618131,0.248637181096653,,,,,,,,,,,,,,,,,,,,,,,,,,,,,,,,,2015.0,1993-11-29,,,,3
Mike Williams,LAC,WR,13154,weighted,,,,,,,0.741596119929453,0.231450125334387,0.0,0.0,0.0,0.0,,,,,3.49740740740741,0.471703892863915,56.2992533803645,6.42748045673309,0.508583186360964,0.298520707255583,,,,,,,,,,,,,,,,,,,,,,,,,,,,,,,,,2017.0,1994-10-04,,,,3
Terry McLaurin,WAS,WR,14109,weighted,,,,,,,0.300655496766608,0.191849887141195,0.0,0.0,0.0605918087399569,0.0361104069444564,,,,,3.78485596707819,1.35899737000806,50.5441975308642,18.9205421988775,0.458183421516755,0.336928175108559,,,,,,,,,,,,,,,,,,,,,,,,,,,,,,,,,2019.0,1995-09-15,,,,3
Marquise Goodwin,SF,WR,11239,weighted,,,,,,,0.65120811287478,0.372164531871959,0.0,0.0,0.0,0.0,,,,,2.91586125808348,0.442814802874483,45.7313227513227,11.1391861572199,0.295825984714874,0.224041219361218,,,,,,,,,,,,,,,,,,,,,,,,,,,,,,,,,2013.0,1990-11-19,,,,3
Marquise Goodwin,PHI,WR,11239,weighted,,,,,,,0.65120811287478,0.372164531871959,0.0,0.0,0.0,0.0,,,,,2.91586125808348,0.442814802874483,45.7313227513227,11.1391861572199,0.295825984714874,0.224041219361218,,,,,,,,,,,,,,,,,,,,,,,,,,,,,,,,,2013.0,1990-11-19,,,,3
Robby Anderson,NYJ,WR,12930,weighted,,,,,,,0.213803644914756,0.268158874374586,0.0,0.0,0.0236449147560259,0.0216662441666738,,,,,3.65589065255732,0.600541834720841,52.1094062316284,8.95029468663104,0.25657848324515,0.170503554624308,,,,,,,,,,,,,,,,,,,,,,,,,,,,,,,,,2016.0,1993-05-09,,,,3
Robby Anderson,CAR,WR,12930,weighted,,,,,,,0.213803644914756,0.268158874374586,0.0,0.0,0.0236449147560259,0.0216662441666738,,,,,3.65589065255732,0.600541834720841,52.1094062316284,8.95029468663104,0.25657848324515,0.170503554624308,,,,,,,,,,,,,,,,,,,,,,,,,,,,,,,,,2016.0,1993-05-09,,,,3
DeVante Parker,MIA,WR,12176,weighted,,,,,,,0.0148589065255732,0.0202456241040881,0.0,0.0,0.0118224573780129,0.0108331220833369,,,,,3.34204585537919,0.539134297302093,43.1528747795414,10.5423274512448,0.150693709582598,0.115247655417937,,,,,,,,,,,,,,,,,,,,,,,,,,,,,,,,,2015.0,1993-01-20,,,,3
Jarvis Landry,CLE,WR,11680,weighted,,,,,,,2.39789241622575,0.573174940351719,0.00648158228184,0.0040695773334192,0.0802959043699784,0.0180552034722282,,,,,3.88641387419165,0.79383636586504,48.7830099941211,8.19322020764061,0.15917695473251,0.114868773752345,,,,,,,,,,,,,,,,,,,,,,,,,,,,,,,,,2014.0,1992-11-28,,,,3
DK Metcalf,SEA,WR,14102,weighted,,,,,,,0.555852439741329,0.358838356737245,0.0,0.0,0.0605918087399569,0.0361104069444564,,,,,3.26672545561434,0.638717655368256,53.825367430923,5.33701398566733,0.498236331569665,0.302924625263669,,,,,,,,,,,,,,,,,,,,,,,,,,,,,,,,,2019.0,1997-12-14,,,,3
D.J. Chark,JAC,WR,13668,weighted,,,,,,,0.16047619047619,0.218652740324151,0.0,0.0,0.0275857338820302,0.0252772848611195,,,0.01,0.0,3.79998824221046,0.587071663595593,52.7360317460317,4.30481325260522,0.202574955908289,0.128342291953854,,,,,,,,,,,,,,,,,,,,,,,,,,,,,,,,,2018.0,1996-09-23,,,,3
Randall Cobb,DAL,WR,10308,weighted,,,,,,,3.00729276895944,0.753824201306019,0.0110249034824608,0.0110823506765338,0.0763550852439741,0.0216662441666738,,,,,4.19954732510288,0.460904970149107,47.970482069371,4.70816921595298,0.258559670781893,0.190144996556036,,,,,,,,,,,,,,,,,,,,,,,,,,,,,,,,,2011.0,1990-08-22,,,,3
Randall Cobb,HOU,WR,10308,weighted,,,,,,,3.00729276895944,0.753824201306019,0.0110249034824608,0.0110823506765338,0.0763550852439741,0.0216662441666738,,,,,4.19954732510288,0.460904970149107,47.970482069371,4.70816921595298,0.258559670781893,0.190144996556036,,,,,,,,,,,,,,,,,,,,,,,,,,,,,,,,,2011.0,1990-08-22,,,,3
Corey Davis,TEN,WR,13153,weighted,,,,,,,1.70822751322751,0.287054562674793,0.0062284135992025,0.0040901172475058,0.0,0.0,,,,,3.41192239858906,0.393278309021509,45.406531452087,6.21441784555565,0.16700176366843,0.102064523520333,,,,,,,,,,,,,,,,,,,,,,,,,,,,,,,,,2017.0,1995-01-11,,,,3
Mohamed Sanu,ATL,WR,10723,weighted,,,,,,,2.03666666666667,0.0461916638933703,0.00592388996648,0.0041509182161028,0.0763550852439741,0.0216662441666738,,,,,3.608430335097,1.05223576007771,43.2116343327454,9.30695864638933,0.159218106995885,0.115122106704684,,,,,,,,,,,,,,,,,,,,,,,,,,,,,,,,,2012.0,1989-08-22,,,,3
Mohamed Sanu,NE,WR,10723,weighted,,,,,,,2.03666666666667,0.0461916638933703,0.00592388996648,0.0041509182161028,0.0763550852439741,0.0216662441666738,,,,,3.608430335097,1.05223576007771,43.2116343327454,9.30695864638933,0.159218106995885,0.115122106704684,,,,,,,,,,,,,,,,,,,,,,,,,,,,,,,,,2012.0,1989-08-22,,,,3
Ted Ginn,NO,WR,8673,weighted,,,,,,,1.73162551440329,0.874380282949715,0.0055951444363753,0.0081620069019398,0.0118224573780129,0.0108331220833369,,,,,3.03590828924162,0.374704324208119,41.3586948853616,7.25881795718702,0.135420340975897,0.0982864622587901,,,,,,,,,,,,,,,,,,,,,,,,,,,,,,,,,2007.0,1985-04-12,,,,3
Ted Ginn,CHI,WR,8673,weighted,,,,,,,1.73162551440329,0.874380282949715,0.0055951444363753,0.0081620069019398,0.0118224573780129,0.0108331220833369,,,,,3.03590828924162,0.374704324208119,41.3586948853616,7.25881795718702,0.135420340975897,0.0982864622587901,,,,,,,,,,,,,,,,,,,,,,,,,,,,,,,,,2007.0,1985-04-12,,,,3
Deebo Samuel,SF,WR,14136,weighted,,,,,,,3.16024691358025,1.95308802422707,0.0108547483662172,0.0110280222817839,0.2,3.10461040290184e-17,,,,,3.43913580246914,0.431236251031321,44.5349853027631,7.84295006798503,0.208295120517343,0.131817403095067,,,,,,,,,,,,,,,,,,,,,,,,,,,,,,,,,2019.0,1996-01-15,,,,3
Dede Westbrook,JAC,WR,13158,weighted,,,,,,,5.11776014109347,1.00969937719276,0.0197212813460544,0.0229129220472806,0.0960591808739957,0.0036110406944456,,,0.01,0.0,3.79362727807172,0.384804276313163,42.6876072898295,8.11463034049623,0.195731922398589,0.122460613922677,,,,,,,,,,,,,,,,,,,,,,,,,,,,,,,,,2017.0,1993-11-21,,,,3
Curtis Samuel,CAR,WR,13157,weighted,,,,,,,5.00050852439741,2.79394350100297,0.0469032263134898,0.034891278079189,0.0197040956300216,0.0180552034722282,,,,,3.67599647266314,0.344861300594474,46.1402116402116,5.16200440803332,0.206360964138742,0.130011947197464,,,,,,,,,,,,,,,,,,,,,,,,,,,,,,,,,2017.0,1996-08-11,,,,3
Demarcus Robinson,KC,WR,12785,weighted,,,,,,,0.0445767195767196,0.0607368723122642,0.0,0.0,0.0118224573780129,0.0108331220833369,,,,,2.68077601410935,0.653605149942183,39.1327454438566,10.5681221946069,0.255185185185185,0.170205155591684,,,,,,,,,,,,,,,,,,,,,,,,,,,,,,,,,2016.0,1994-09-21,,,,3
Danny Amendola,DET,WR,9308,weighted,,,,,,,0.55319517930629,0.466640511025914,0.0039212228101117,0.0035924182394914,0.0605918087399569,0.0361104069444564,,,,,3.72631981187537,0.667857480069818,41.2017107583774,4.96213008138495,0.1614050558495,0.104172445736104,,,,,,,,,,,,,,,,,,,,,,,,,,,,,,,,,2008.0,1985-11-02,,,,3
Phillip Dorsett,NE,WR,12188,weighted,,,,,,,0.91173721340388,0.467642590419758,0.0030489855407183,0.004039155681589,0.0,0.0,,,,,3.5075543797766,0.480572488648445,45.9257319223986,2.98786301701428,0.349223985890653,0.229091155710198,,,,,,,,,,,,,,,,,,,,,,,,,,,,,,,,,2015.0,1993-01-05,,,,3
Phillip Dorsett,SEA,WR,12188,weighted,,,,,,,0.91173721340388,0.467642590419758,0.0030489855407183,0.004039155681589,0.0,0.0,,,,,3.5075543797766,0.480572488648445,45.9257319223986,2.98786301701428,0.349223985890653,0.229091155710198,,,,,,,,,,,,,,,,,,,,,,,,,,,,,,,,,2015.0,1993-01-05,,,,3
JJ Arcega-Whiteside,PHI,WR,14107,weighted,,,,,,,0.29705467372134,0.181626261921852,0.0,0.0,0.0605918087399569,0.0361104069444564,,,,,3.12483245149912,1.15955091905801,36.8420928865373,8.55385846846044,0.160952380952381,0.103879415404268,,,,,,,,,,,,,,,,,,,,,,,,,,,,,,,,,2019.0,,,,,3
Mecole Hardman,KC,WR,14113,weighted,,,,,,,0.288768371546149,0.181155347793795,0.0,0.0,0.0605918087399569,0.0361104069444564,,,0.01,0.0,2.82739564961787,0.452032389019098,40.7908877131099,6.50833829521532,0.227231040564374,0.139815890379708,,,,,,,,,,,,,,,,,,,,,,,,,,,,,,,,,2019.0,1970-01-01,,,,3
Chris Conley,JAC,WR,12257,weighted,,,,,,,0.0178306878306878,0.0242947489249057,0.0,0.0,0.0842367234959828,0.0144441627777826,,,,,3.24236919459142,0.570476773551902,43.8326455026455,4.03966458285989,0.178447971781305,0.114322726353352,,,,,,,,,,,,,,,,,,,,,,,,,,,,,,,,,2015.0,1992-10-25,,,,3
Devin Smith,DAL,WR,12182,weighted,,,,,,,0.509185773074662,0.311583212641928,0.0029717813051146,0.0040491248208176,0.0842367234959828,0.0144441627777826,,,,,2.40902410346855,0.433763933117205,34.9885655496767,9.91561857276679,0.192821869488536,0.121190407437642,,,,,,,,,,,,,,,,,,,,,,,,,,,,,,,,,,,,,,3
Marquez Valdes-Scantling,GB,WR,13793,weighted,,,,,,,1.50610229276896,0.700878415090681,0.0025369870545309,0.0041523556783218,0.0,0.0,,,,,3.22289829512052,0.213034602785619,44.7528924162258,1.98880783204286,0.16103468547913,0.0997002694890521,,,,,,,,,,,,,,,,,,,,,,,,,,,,,,,,,2018.0,1994-10-10,,,,3
Cole Beasley,BUF,WR,10973,weighted,,,,,,,0.0208024691358025,0.0283438737457233,0.0,0.0,0.0,0.0,,,,,3.40335097001764,0.632069689675851,40.3364373897707,6.37691138388803,0.149423868312757,0.132880519050902,,,,,,,,,,,,,,,,,,,,,,,,,,,,,,,,,2012.0,1989-04-26,,,,3
Hunter Renfrow,OAK,WR,14123,weighted,,,,,,,0.267336860670194,0.175118612149894,0.0,0.0,0.0763550852439741,0.0216662441666738,,,,,2.89520870076426,0.642266112195191,33.1545032333921,8.67952186452473,0.117965902410347,0.0882442240222597,,,,,,,,,,,,,,,,,,,,,,,,,,,,,,,,,2019.0,1970-01-01,,,,3
Hunter Renfrow,LVR,WR,14123,weighted,,,,,,,0.267336860670194,0.175118612149894,0.0,0.0,0.0763550852439741,0.0216662441666738,,,,,2.89520870076426,0.642266112195191,33.1545032333921,8.67952186452473,0.117965902410347,0.0882442240222597,,,,,,,,,,,,,,,,,,,,,,,,,,,,,,,,,2019.0,1970-01-01,,,,3
KeeSean Johnson,ARI,WR,14124,weighted,,,,,,,0.217445620223398,0.141068287729333,0.0,0.0,0.0605918087399569,0.0361104069444564,,,,,2.10144620811287,1.26942009741978,26.44139329806,12.7368780750171,0.0526925338036449,0.0510944962590504,,,,,,,,,,,,,,,,,,,,,,,,,,,,,,,,,2019.0,1970-01-01,,,,3
Trey Quinn,WAS,WR,13664,weighted,,,,,,,0.635852439741329,0.463503385385612,0.0023538900728329,0.0042187773300629,0.0605918087399569,0.0361104069444564,,,0.01,0.0,3.17950617283951,0.535036375555654,34.3465549676661,6.8256529054338,0.191987066431511,0.121475418152779,,,,,,,,,,,,,,,,,,,,,,,,,,,,,,,,,2018.0,1995-12-07,,,,3
Preston Williams,MIA,WR,14126,weighted,,,,,,,0.250135214579659,0.153218826419811,0.0,0.0,0.0684734469919655,0.0288883255555651,,,,,2.86429747207525,0.633153910439117,34.1008230452675,9.32507488263919,0.140199882422105,0.109644866058901,,,,,,,,,,,,,,,,,,,,,,,,,,,,,,,,,2019.0,1970-01-01,,,,3
Geronimo Allison,GB,WR,12665,weighted,,,,,,,0.032689594356261,0.0445403730289938,0.0,0.0,0.260591808739957,0.0361104069444564,,,,,2.7826102292769,0.5197986714016,35.6339212228101,7.23760288326416,0.211075837742504,0.157397111591958,,,,,,,,,,,,,,,,,,,,,,,,,,,,,,,,,2016.0,1994-01-18,,,,3
Geronimo Allison,DET,WR,12665,weighted,,,,,,,0.032689594356261,0.0445403730289938,0.0,0.0,0.260591808739957,0.0361104069444564,,,,,2.7826102292769,0.5197986714016,35.6339212228101,7.23760288326416,0.211075837742504,0.157397111591958,,,,,,,,,,,,,,,,,,,,,,,,,,,,,,,,,2016.0,1994-01-18,,,,3
Kenny Stills,HOU,WR,11227,weighted,,,,,,,0.0683509700176367,0.0931298708788052,0.0,0.0,0.0,0.0,,,,,2.17698412698413,0.70636286529836,27.5301587301587,8.1229976066938,0.167842445620223,0.115556147063048,,,,,,,,,,,,,,,,,,,,,,,,,,,,,,,,,2013.0,1992-04-22,,,,3
A.J. Brown,TEN,WR,14104,weighted,,,,,,,0.300908289241623,0.210035707118855,0.0,0.0,0.0684734469919655,0.0288883255555651,,,,,2.54654320987654,0.315825947261221,35.6810229276896,2.94473549857031,0.112369194591417,0.115600601055339,,,,,,,,,,,,,,,,,,,,,,,,,,,,,,,,,2019.0,1997-06-30,,,,3
Paul Richardson,WAS,WR,11681,weighted,,,,,,,0.543609641387419,0.151717925349008,0.0,0.0,0.0,0.0,,,,,2.71836566725456,0.435887277746761,34.1820870076426,4.74027294919747,0.214109347442681,0.151832149556243,,,,,,,,,,,,,,,,,,,,,,,,,,,,,,,,,2014.0,1992-04-13,,,,3
Paul Richardson,FA,WR,11681,weighted,,,,,,,0.543609641387419,0.151717925349008,0.0,0.0,0.0,0.0,,,,,2.71836566725456,0.435887277746761,34.1820870076426,4.74027294919747,0.214109347442681,0.151832149556243,,,,,,,,,,,,,,,,,,,,,,,,,,,,,,,,,2014.0,1992-04-13,,,,3
Marqise Lee,JAC,WR,11672,weighted,,,,,,,0.742428139183056,0.263396915537264,0.0,0.0,0.0,0.0,,,,,1.78589258698941,1.52601823882765,21.9170953101362,16.6310975556412,0.0927004538577912,0.0776098118759845,,,,,,,,,,,,,,,,,,,,,,,,,,,,,,,,,2014.0,1991-11-25,,,,3
Marqise Lee,NE,WR,11672,weighted,,,,,,,0.742428139183056,0.263396915537264,0.0,0.0,0.0,0.0,,,,,1.78589258698941,1.52601823882765,21.9170953101362,16.6310975556412,0.0927004538577912,0.0776098118759845,,,,,,,,,,,,,,,,,,,,,,,,,,,,,,,,,2014.0,1991-11-25,,,,3
Willie Snead,BAL,WR,11951,weighted,,,,,,,0.294964726631393,0.210484842175377,0.0,0.0,0.0,0.0,,,0.01,0.0,2.67464432686655,0.545185850688745,32.8267783656673,4.87323810557324,0.106243386243386,0.0894296042989363,,,,,,,,,,,,,,,,,,,,,,,,,,,,,,,,,2014.0,1992-10-17,,,,3
David Moore,SEA,WR,13348,weighted,,,,,,,0.155482223903177,0.115938567097084,0.0,0.0,0.0,0.0,,,,,1.86481089258699,0.233119260787531,29.686467473525,6.73678692811588,0.242034795763994,0.111295252407934,,,,,,,,,,,,,,,,,,,,,,,,,,,,,,,,,2017.0,1995-01-15,,,,3
Mack Hollins,PHI,WR,13289,weighted,,,,,,,0.0564638447971781,0.0769333715955347,0.0,0.0,0.0,0.0,,,,,2.51580834803057,0.483598969011756,29.3858906525573,7.83938072940016,0.120587889476778,0.113037429969751,,,,,,,,,,,,,,,,,,,,,,,,,,,,,,,,,2017.0,1993-09-16,,,,3
Mack Hollins,MIA,WR,13289,weighted,,,,,,,0.0564638447971781,0.0769333715955347,0.0,0.0,0.0,0.0,,,,,2.51580834803057,0.483598969011756,29.3858906525573,7.83938072940016,0.120587889476778,0.113037429969751,,,,,,,,,,,,,,,,,,,,,,,,,,,,,,,,,2017.0,1993-09-16,,,,3
Bennie Fowler,NYG,WR,11931,weighted,,,,,,,1.3955291005291,0.383471762910411,0.0035240815516156,0.0037413069023237,0.0,0.0,,,,,2.88934744268078,0.951587964075132,31.2728512639624,9.88496438298611,0.108177542621987,0.0909799374036711,,,,,,,,,,,,,,,,,,,,,,,,,,,,,,,,,2014.0,1991-06-10,Q,Hamstring,2019.0,3
Bennie Fowler,FA,WR,11931,weighted,,,,,,,1.3955291005291,0.383471762910411,0.0035240815516156,0.0037413069023237,0.0,0.0,,,,,2.88934744268078,0.951587964075132,31.2728512639624,9.88496438298611,0.108177542621987,0.0909799374036711,,,,,,,,,,,,,,,,,,,,,,,,,,,,,,,,,2014.0,1991-06-10,Q,Hamstring,2019.0,3
Rashard Higgins,CLE,WR,12656,weighted,,,,,,,0.183621399176955,0.176375142977015,0.0,0.0,0.0881775426219871,0.0108331220833369,,,,,1.99340388007055,0.730321195229732,30.4635214579659,8.69752909264341,0.143909465020576,0.0993037598448363,,,,,,,,,,,,,,,,,,,,,,,,,,,,,,,,,2016.0,1994-10-07,Q,Knee,2019.0,3
Darius Slayton,NYG,WR,14122,weighted,,,,,,,0.19,0.0,,,0.0,0.0,,,,,1.92050304878049,2.08596500450032,22.2591158536585,23.603224356007,0.114740853658537,0.120208152801713,,,,,,,,,,,,,,,,,,,,,,,,,,,,,,,,,2019.0,1997-01-12,,,,3
Chester Rogers,IND,WR,12934,weighted,,,,,,,0.116339965610415,0.0999531612660454,0.0,0.0,0.0,0.0,,,,,2.25478997789241,1.16662240043925,25.9627708179808,9.16094406114267,0.127221812822402,0.0950932696055612,,,,,,,,,,,,,,,,,,,,,,,,,,,,,,,,,2016.0,1994-01-12,,,,3
Chester Rogers,FA,WR,12934,weighted,,,,,,,0.116339965610415,0.0999531612660454,0.0,0.0,0.0,0.0,,,,,2.25478997789241,1.16662240043925,25.9627708179808,9.16094406114267,0.127221812822402,0.0950932696055612,,,,,,,,,,,,,,,,,,,,,,,,,,,,,,,,,2016.0,1994-01-12,,,,3
Diontae Johnson,PIT,WR,14208,weighted,,,,,,,0.196643151087596,0.140323228116918,0.0,0.0,0.0605918087399569,0.0361104069444564,,,,,2.14221046443269,0.959721873714662,28.1600823045267,12.4881372334823,0.0815402704291593,0.0818188168344424,,,,,,,,,,,,,,,,,,,,,,,,,,,,,,,,,2019.0,,,,,3
Taylor Gabriel,CHI,WR,11975,weighted,,,,,,,3.62728689006467,0.628600983426583,0.0208165976315358,0.0179120641529561,0.0157632765040172,0.0144441627777826,,,,,3.08595532039976,0.247570308158113,34.9021693121693,2.26735471939418,0.0888830099941211,0.0905501394857534,,,,,,,,,,,,,,,,,,,,,,,,,,,,,,,,,2014.0,1991-02-17,,,,3
Taylor Gabriel,FA,WR,11975,weighted,,,,,,,3.62728689006467,0.628600983426583,0.0208165976315358,0.0179120641529561,0.0157632765040172,0.0144441627777826,,,,,3.08595532039976,0.247570308158113,34.9021693121693,2.26735471939418,0.0888830099941211,0.0905501394857534,,,,,,,,,,,,,,,,,,,,,,,,,,,,,,,,,2014.0,1991-02-17,,,,3
Damiere Byrd,ARI,WR,12464,weighted,,,,,,,0.142186948853616,0.103948102301499,0.0,0.0,0.0,0.0,,,0.05,7.7615260072546e-18,2.38323927101705,1.09875823864664,25.7991710758377,12.5648308323352,0.0929805996472663,0.0952211026030233,,,,,,,,,,,,,,,,,,,,,,,,,,,,,,,,,,,,,,3
Damiere Byrd,NE,WR,12464,weighted,,,,,,,0.142186948853616,0.103948102301499,0.0,0.0,0.0,0.0,,,0.05,7.7615260072546e-18,2.38323927101705,1.09875823864664,25.7991710758377,12.5648308323352,0.0929805996472663,0.0952211026030233,,,,,,,,,,,,,,,,,,,,,,,,,,,,,,,,,,,,,,3
Adam Humphries,TEN,WR,12505,weighted,,,,,,,0.813400940623163,0.0839827264623513,0.0,0.0,0.0078816382520086,0.0072220813888912,,,,,2.67784244562022,0.236640378353583,28.3357084068195,5.08745445186348,0.0853968253968254,0.0556690353723176,,,,,,,,,,,,,,,,,,,,,,,,,,,,,,,,,,,,,,3
Keke Coutee,HOU,WR,13662,weighted,,,,,,,0.451005291005291,0.359155964729627,0.0,0.0,0.0236449147560259,0.0216662441666738,,,0.01,0.0,2.31236331569665,0.868207154242764,27.4882480893592,7.20356381417574,0.126649029982363,0.0894518260468539,,,,,,,,,,,,,,,,,,,,,,,,,,,,,,,,,2018.0,1997-01-14,,,,3
Jakeem Grant,MIA,WR,12814,weighted,,,,,,,2.68109309751904,1.27044015862329,0.0045546480869096,0.0037094623772762,0.0,0.0,,,0.06,0.0,2.66476787030214,0.507175849073845,32.0801768607222,4.69053893524872,0.151525423728814,0.126175977049697,,,,,,,,,,,,,,,,,,,,,,,,,,,,,,,,,2016.0,1992-10-30,,,,3
Breshad Perriman,TB,WR,12197,weighted,,,,,,,0.554805996472663,0.63742117456827,0.0,0.0,0.0,0.0,,,,,2.07965902410347,0.14356432900304,30.4499176954732,3.53582149344251,0.119817754262199,0.0899460659521366,,,,,,,,,,,,,,,,,,,,,,,,,,,,,,,,,2015.0,1993-09-10,,,,3
Breshad Perriman,NYJ,WR,12197,weighted,,,,,,,0.554805996472663,0.63742117456827,0.0,0.0,0.0,0.0,,,,,2.07965902410347,0.14356432900304,30.4499176954732,3.53582149344251,0.119817754262199,0.0899460659521366,,,,,,,,,,,,,,,,,,,,,,,,,,,,,,,,,2015.0,1993-09-10,,,,3
Dante Pettis,SF,WR,13634,weighted,,,,,,,0.0876954732510288,0.129731432908471,0.0,0.0,0.0039408191260043,0.0036110406944456,,,0.01,0.0,1.55875367430923,0.558614675792576,23.1542504409171,6.57035131479661,0.127713109935332,0.110715244682723,,,,,,,,,,,,,,,,,,,,,,,,,,,,,,,,,2018.0,1995-10-23,,,,3
Donte Moncrief,PIT,WR,11677,weighted,,,,,,,0.0148589065255732,0.0202456241040881,0.0,0.0,0.0078816382520086,0.0072220813888912,,,,,1.63136390358613,0.869544842534188,19.8307289829512,8.92495894007675,0.0814638447971781,0.0509430212141189,,,,,,,,,,,,,,,,,,,,,,,,,,,,,,,,,2014.0,1993-08-06,,,,3
Donte Moncrief,FA,WR,11677,weighted,,,,,,,0.0148589065255732,0.0202456241040881,0.0,0.0,0.0078816382520086,0.0072220813888912,,,,,1.63136390358613,0.869544842534188,19.8307289829512,8.92495894007675,0.0814638447971781,0.0509430212141189,,,,,,,,,,,,,,,,,,,,,,,,,,,,,,,,,2014.0,1993-08-06,,,,3
Chad Beebe,MIN,WR,13999,weighted,,,,,,,0.246534391534392,0.176046820017737,0.0,0.0,0.0605918087399569,0.0361104069444564,,,0.01,0.0,1.69131099353322,0.271874626982766,23.7516519694297,6.42030656735249,0.0833803644914756,0.0542355227984128,,,,,,,,,,,,,,,,,,,,,,,,,,,,,,,,,2018.0,1970-01-01,,,,3
Travis Benjamin,LAC,WR,10737,weighted,,,,,,,1.64365079365079,0.714401673227498,0.0027997398665216,0.0040805277461871,0.0039408191260043,0.0036110406944456,,,,,1.73481481481481,0.37080667731739,23.2438859494415,5.21976539956377,0.0814226925338036,0.0532134450925279,,,,,,,,,,,,,,,,,,,,,,,,,,,,,,,,,2012.0,1989-12-29,,,,3
Travis Benjamin,SF,WR,10737,weighted,,,,,,,1.64365079365079,0.714401673227498,0.0027997398665216,0.0040805277461871,0.0039408191260043,0.0036110406944456,,,,,1.73481481481481,0.37080667731739,23.2438859494415,5.21976539956377,0.0814226925338036,0.0532134450925279,,,,,,,,,,,,,,,,,,,,,,,,,,,,,,,,,2012.0,1989-12-29,,,,3
Seth Roberts,BAL,WR,12471,weighted,,,,,,,1.06338983050847,0.425154640294035,0.0047548629279945,0.0035515946520827,0.0,0.0,,,,,1.29285924834193,0.866382335519982,16.8805600589536,9.44212935003177,0.0987030213706706,0.133825907363406,,,,,,,,,,,,,,,,,,,,,,,,,,,,,,,,,,,,,,3
Seth Roberts,CAR,WR,12471,weighted,,,,,,,1.06338983050847,0.425154640294035,0.0047548629279945,0.0035515946520827,0.0,0.0,,,,,1.29285924834193,0.866382335519982,16.8805600589536,9.44212935003177,0.0987030213706706,0.133825907363406,,,,,,,,,,,,,,,,,,,,,,,,,,,,,,,,,,,,,,3
Zay Jones,BUF,WR,13176,weighted,,,,,,,0.0207201646090535,0.0179332844740337,0.0,0.0,0.0,0.0,,,,,1.99263374485597,0.432100815074317,25.2417813051146,3.43048689501282,0.183321575543798,0.127933618106579,,,,,,,,,,,,,,,,,,,,,,,,,,,,,,,,,2017.0,1995-03-30,,,,3
Zay Jones,LVR,WR,13176,weighted,,,,,,,0.0207201646090535,0.0179332844740337,0.0,0.0,0.0,0.0,,,,,1.99263374485597,0.432100815074317,25.2417813051146,3.43048689501282,0.183321575543798,0.127933618106579,,,,,,,,,,,,,,,,,,,,,,,,,,,,,,,,,2017.0,1995-03-30,,,,3
DaeSean Hamilton,DEN,WR,13649,weighted,,,,,,,0.0736654908877131,0.0422830840234306,0.0,0.0,0.0039408191260043,0.0036110406944456,,,0.01,0.0,2.09889476778366,0.816397515643492,24.4652733686067,3.41513731874108,0.0852498530276308,0.0559626538508565,,,,,,,,,,,,,,,,,,,,,,,,,,,,,,,,,2018.0,1995-03-10,,,,3
Miles Boykin,BAL,WR,14125,weighted,,,,,,,0.488383303938859,0.300204966945566,0.0,0.0,0.0,0.0,,,,,1.37145208700764,0.8159038139568,17.8008465608466,10.507664466815,0.138318636096414,0.087453110554274,,,,,,,,,,,,,,,,,,,,,,,,,,,,,,,,,2019.0,1970-01-01,,,,3
Parris Campbell,IND,WR,14112,weighted,,,,,,,1.0106937095826,0.327713793922816,0.0025997381571212,0.0041326383666875,0.0605918087399569,0.0361104069444564,,,,,1.63086419753086,0.62197757327185,18.5558906525573,8.83744152745474,0.110552616108172,0.114047595034135,,,,,,,,,,,,,,,,,,,,,,,,,,,,,,,,,2019.0,1997-07-16,,,,3
Deon Cain,IND,WR,13636,weighted,,,,,,,0.0663106796116505,0.0746979387981856,0.0,0.0,0.0,0.0,,,,,1.41707766990291,0.590856999288916,20.0269223300971,7.29472425851048,0.0727184466019417,0.0682220974472322,,,,,,,,,,,,,,,,,,,,,,,,,,,,,,,,,2018.0,1996-08-09,,,,3
Deon Cain,PIT,WR,13636,weighted,,,,,,,0.0663106796116505,0.0746979387981856,0.0,0.0,0.0,0.0,,,,,1.41707766990291,0.590856999288916,20.0269223300971,7.29472425851048,0.0727184466019417,0.0682220974472322,,,,,,,,,,,,,,,,,,,,,,,,,,,,,,,,,2018.0,1996-08-09,,,,3
Dontrelle Inman,LAC,WR,11957,weighted,,,,,,,0.0093211043872919,0.0141910961755089,0.0,0.0,0.0,0.0,,,,,1.8517397881997,0.368295468291932,24.2418381240545,6.14848372266813,0.167866868381241,0.0517697871249103,,,,,,,,,,,,,,,,,,,,,,,,,,,,,,,,,2013.0,1989-01-31,,,,3
Dontrelle Inman,FA,WR,11957,weighted,,,,,,,0.0093211043872919,0.0141910961755089,0.0,0.0,0.0,0.0,,,,,1.8517397881997,0.368295468291932,24.2418381240545,6.14848372266813,0.167866868381241,0.0517697871249103,,,,,,,,,,,,,,,,,,,,,,,,,,,,,,,,,2013.0,1989-01-31,,,,3
Anthony Miller,CHI,WR,13639,weighted,,,,,,,1.28275426219871,0.608831790556505,0.0,0.0,0.0,0.0,,,0.01,0.0,1.56814226925338,0.588322190894045,19.4920634920635,6.96937125532666,0.206813639035861,0.19974700958882,,,,,,,,,,,,,,,,,,,,,,,,,,,,,,,,,2018.0,1994-10-09,,,,3
Ryan Grant,OAK,WR,11812,weighted,,,,,,,0.0268711656441718,0.0305634861868063,0.0,0.0,0.0,0.0,,,,,1.29839468302658,1.13879716469843,13.4946830265849,13.0968075746112,0.033640081799591,0.0578676606953559,,,,,,,,,,,,,,,,,,,,,,,,,,,,,,,,,2014.0,1990-12-19,O,Coach's Decision,2019.0,3
Ryan Grant,FA,WR,11812,weighted,,,,,,,0.0268711656441718,0.0305634861868063,0.0,0.0,0.0,0.0,,,,,1.29839468302658,1.13879716469843,13.4946830265849,13.0968075746112,0.033640081799591,0.0578676606953559,,,,,,,,,,,,,,,,,,,,,,,,,,,,,,,,,2014.0,1990-12-19,O,Coach's Decision,2019.0,3
Malik Turner,SEA,WR,13669,weighted,,,,,,,0.0249521002210759,0.024739046373584,0.0,0.0,0.0,0.0,,,,,1.09704495210022,0.672985241108572,14.7034266764923,8.52704704249967,0.0336035372144436,0.0304479899359801,,,,,,,,,,,,,,,,,,,,,,,,,,,,,,,,,2018.0,1970-01-01,,,,3
Malik Turner,FA,WR,13669,weighted,,,,,,,0.0249521002210759,0.024739046373584,0.0,0.0,0.0,0.0,,,,,1.09704495210022,0.672985241108572,14.7034266764923,8.52704704249967,0.0336035372144436,0.0304479899359801,,,,,,,,,,,,,,,,,,,,,,,,,,,,,,,,,2018.0,1970-01-01,,,,3
Jarius Wright,CAR,WR,10734,weighted,,,,,,,0.416656441717791,0.161976847317316,0.0,0.0,0.0200153374233129,0.0086670491342795,,,,,1.98141104294479,0.241797991153016,22.7465132924335,4.04110421098545,0.0832719836400818,0.055149135622888,,,,,,,,,,,,,,,,,,,,,,,,,,,,,,,,,2012.0,1989-11-25,,,,3
Jarius Wright,FA,WR,10734,weighted,,,,,,,0.416656441717791,0.161976847317316,0.0,0.0,0.0200153374233129,0.0086670491342795,,,,,1.98141104294479,0.241797991153016,22.7465132924335,4.04110421098545,0.0832719836400818,0.055149135622888,,,,,,,,,,,,,,,,,,,,,,,,,,,,,,,,,2012.0,1989-11-25,,,,3
Isaiah McKenzie,BUF,WR,13313,weighted,,,,,,,3.54114220877458,1.99799447153208,0.0564250687121942,0.0370087111496549,0.0794251134644478,0.0210368279015953,,,,,1.26919062027231,0.662458121403295,14.6448184568835,7.63855890835492,0.108608169440242,0.0668032923957899,,,,,,,,,,,,,,,,,,,,,,,,,,,,,,,,,2017.0,1995-04-09,,,,3
Allen Hurns,MIA,WR,11925,weighted,,,,,,,0.0093211043872919,0.0141910961755089,0.0,0.0,0.0370347957639939,0.0378662902228716,,,,,1.35564296520424,0.601059591436393,16.9592133131619,6.25520046561349,0.0752950075642965,0.0209608897293872,,,,,,,,,,,,,,,,,,,,,,,,,,,,,,,,,2014.0,1991-11-21,,,,3
Josh Bellamy,NYJ,WR,11104,weighted,,,,,,,0.170184049079755,0.193568745849773,0.0,0.0,0.0133435582822086,0.0057780327561863,,,,,1.40465235173824,0.625304253093018,16.7422392638037,9.03385321932802,0.0665950920245399,0.0404462292933043,,,,,,,,,,,,,,,,,,,,,,,,,,,,,,,,,2012.0,1989-05-18,,,,3
Michael Crabtree,ARI,WR,9427,weighted,,,,,,,0.193165784832452,0.263193113353145,0.0,0.0,0.0,0.0,,,,,1.80890652557319,0.422218719389747,20.1916637272193,3.82796239199097,0.110429159318048,0.118618026948567,,,,,,,,,,,,,,,,,,,,,,,,,,,,,,,,,2009.0,1987-09-14,,,,3
Michael Crabtree,FA,WR,9427,weighted,,,,,,,0.193165784832452,0.263193113353145,0.0,0.0,0.0,0.0,,,,,1.80890652557319,0.422218719389747,20.1916637272193,3.82796239199097,0.110429159318048,0.118618026948567,,,,,,,,,,,,,,,,,,,,,,,,,,,,,,,,,2009.0,1987-09-14,,,,3
Kendrick Bourne,SF,WR,13418,weighted,,,,,,,0.0118871252204586,0.0161964992832705,0.0,0.0,0.0,0.0,,,,,1.71591416813639,0.378982586238444,21.3516225749559,2.17407477104789,0.10636684303351,0.0775827003974522,,,,,,,,,,,,,,,,,,,,,,,,,,,,,,,,,2017.0,1995-08-04,,,,3
T.J. Jones,NYG,WR,11686,weighted,,,,,,,0.0303225806451613,0.0424264068711928,0.0,0.0,0.0,0.0,,,,,1.12698924731183,0.919238815542512,14.9474193548387,12.8127748751002,0.100752688172043,0.0989949493661167,,,,,,,,,,,,,,,,,,,,,,,,,,,,,,,,,2014.0,1992-07-19,,,,3
Robert Foster,BUF,WR,13653,weighted,,,,,,,0.0223926380368098,0.0254695718223386,0.0,0.0,0.0,0.0,,,,,1.10660531697342,0.175150002365333,18.2427914110429,4.19957997876263,0.106728016359918,0.0115735321390712,,,,,,,,,,,,,,,,,,,,,,,,,,,,,,,,,2018.0,,,,,3
Taywan Taylor,CLE,WR,13167,weighted,,,,,,,0.0313496932515337,0.035657400551274,0.0,0.0,0.0266871165644172,0.0115560655123727,,,,,1.26353783231084,0.443282137789434,16.0553067484663,5.75802629673576,0.0731083844580777,0.0502450685325976,,,,,,,,,,,,,,,,,,,,,,,,,,,,,,,,,2017.0,,,,,3
Ryan Switzer,PIT,WR,13165,weighted,,,,,,,0.592505112474438,0.209234874308926,0.0,0.0,0.0,0.0,,,0.01,0.0,1.92804703476483,0.634241569110465,16.3298670756646,4.89607388768468,0.0764314928425358,0.0402996651921693,,,,,,,,,,,,,,,,,,,,,,,,,,,,,,,,,2017.0,1994-11-04,,,,3
Damion Ratley,CLE,WR,13794,weighted,,,,,,,0.121410741301059,0.134598000035965,0.0,0.0,0.0082299546142208,0.0084147311606381,,,,,0.99410741301059,0.580378905518002,13.3264750378215,8.17884556112734,0.0433358547655068,0.0438787658311335,,,,,,,,,,,,,,,,,,,,,,,,,,,,,,,,,2018.0,1995-04-16,,,,3
Chris Hogan,CAR,WR,10983,weighted,,,,,,,0.0374281503316139,0.0371085695603759,0.0,0.0,0.01240972733972,0.004942169079245,,,,,0.942210759027266,0.42293112571071,15.1069270449521,6.66487834128265,0.0311864406779661,0.0242746089454146,,,,,,,,,,,,,,,,,,,,,,,,,,,,,,,,,2011.0,1988-10-24,,,,3
Chris Hogan,FA,WR,10983,weighted,,,,,,,0.0374281503316139,0.0371085695603759,0.0,0.0,0.01240972733972,0.004942169079245,,,,,0.942210759027266,0.42293112571071,15.1069270449521,6.66487834128265,0.0311864406779661,0.0242746089454146,,,,,,,,,,,,,,,,,,,,,,,,,,,,,,,,,2011.0,1988-10-24,,,,3
,,WR,nfl_0,weighted,,,,,,,0.0,0.0,0.0,0.0,0.0183333333333333,0.0195292210137659,,,,,0.530258318739054,0.634380616824845,5.63725043782837,7.51521236612782,0.028415061295972,0.048714647326258,,,,,,,,,,,,,,,,,,,,,,,,,,,,,,,,,,,,,,3
Justin Hardy,ATL,WR,12185,weighted,,,,,,,0.021749243570348,0.0331125577428542,0.0,0.0,0.0,0.0,,,,,1.40211800302572,0.452647905798763,14.441278366112,4.45832167995747,0.0949167927382753,0.0250298525917338,,,,,,,,,,,,,,,,,,,,,,,,,,,,,,,,,2015.0,1991-12-18,,,,3
Justin Hardy,FA,WR,12185,weighted,,,,,,,0.021749243570348,0.0331125577428542,0.0,0.0,0.0,0.0,,,,,1.40211800302572,0.452647905798763,14.441278366112,4.45832167995747,0.0949167927382753,0.0250298525917338,,,,,,,,,,,,,,,,,,,,,,,,,,,,,,,,,2015.0,1991-12-18,,,,3
Keelan Cole,JAC,WR,13412,weighted,,,,,,,0.0179141104294479,0.0203756574578708,0.0,0.0,0.0667177914110429,0.0288901637809316,,,,,0.813762781186094,0.780175509668489,11.2943047034765,7.56426896002184,0.0266359918200409,0.0057867660695355,,,,,,,,,,,,,,,,,,,,,,,,,,,,,,,,,2017.0,1993-04-20,,,,3
Alex Erickson,CIN,WR,12913,weighted,,,,,,,0.736919675755343,0.471939585925374,0.0032296382075306,0.0044845642505767,0.0620486366985998,0.0247108453962253,,,,,1.33072218128224,0.43669783938383,15.8769859985262,2.80788785284937,0.050412675018423,0.0371356707175802,,,,,,,,,,,,,,,,,,,,,,,,,,,,,,,,,2016.0,1992-11-06,,,,3
Richie James,SF,WR,13724,weighted,,,,,,,0.0447852760736196,0.0509391436446771,0.0,0.0,0.0,0.0,,,,,0.981543967280164,0.810155837516885,12.8672188139059,10.302576605695,0.0964519427402863,0.0450024212276014,,,,,,,,,,,,,,,,,,,,,,,,,,,,,,,,,2018.0,1995-04-05,,,,3
Cordarrelle Patterson,CHI,WR,11225,weighted,,,,,,,10.5227248677249,1.29448173386929,0.0398236943173417,0.0285588598999593,0.0,0.0,,,,,1.11672545561434,0.187294893301164,11.617519106408,3.30185666300646,0.0681540270429159,0.0416410515826279,,,,,,,,,,,,,,,,,,,,,,,,,,,,,,,,,2013.0,1991-03-17,,,,3
Russell Shepard,NYG,WR,11237,weighted,,,,,,,0.0207934168508966,0.0206158719779866,0.0,0.0,0.0,0.0,,,,,0.997037582903464,0.20886954583654,14.2649742078113,3.52980436561467,0.0552394988946205,0.0473744395175097,,,,,,,,,,,,,,,,,,,,,,,,,,,,,,,,,2013.0,1990-11-17,,,,3
Russell Shepard,FA,WR,11237,weighted,,,,,,,0.0207934168508966,0.0206158719779866,0.0,0.0,0.0,0.0,,,,,0.997037582903464,0.20886954583654,14.2649742078113,3.52980436561467,0.0552394988946205,0.0473744395175097,,,,,,,,,,,,,,,,,,,,,,,,,,,,,,,,,2013.0,1990-11-17,,,,3
Josh Reynolds,LAR,WR,13168,weighted,,,,,,,1.12687116564417,0.0305634861868062,0.0067683584309351,0.0027745233043025,0.0,0.0,,,,,1.13509202453988,0.292251972245851,14.940081799591,2.55392071784624,0.0964928425357873,0.0251647115463827,,,,,,,,,,,,,,,,,,,,,,,,,,,,,,,,,2017.0,1995-02-16,,,,3
Cody Core,NYG,WR,12824,weighted,,,,,,,0.0,,0.0,,0.0,,,,,,1.42,,16.78,,0.1,,,,,,,,,,,,,,,,,,,,,,,,,,,,,,,,,,2016.0,1994-04-17,,,,3
Tajae Sharpe,TEN,WR,12657,weighted,,,,,,,0.0223926380368098,0.0254695718223386,0.0,0.0,0.0,0.0,,,,,1.12212678936605,0.196822948982683,13.9677607361963,1.71815811117108,0.0800204498977505,0.0100308011756425,,,,,,,,,,,,,,,,,,,,,,,,,,,,,,,,,2016.0,1994-12-23,,,,3
Tajae Sharpe,MIN,WR,12657,weighted,,,,,,,0.0223926380368098,0.0254695718223386,0.0,0.0,0.0,0.0,,,,,1.12212678936605,0.196822948982683,13.9677607361963,1.71815811117108,0.0800204498977505,0.0100308011756425,,,,,,,,,,,,,,,,,,,,,,,,,,,,,,,,,2016.0,1994-12-23,,,,3
Kelvin Harmon,WAS,WR,14114,weighted,,,,,,,0.0,0.0,0.0,0.0,0.0150385208012327,0.0070710678118654,,,,,0.80462249614792,0.848528137423857,9.09362095531587,9.84292639411674,0.0150385208012327,0.0070710678118654,,,,,,,,,,,,,,,,,,,,,,,,,,,,,,,,,2019.0,1970-01-01,,,,3
Jakobi Meyers,NE,WR,14127,weighted,,,,,,,0.134355828220859,0.152817430934031,0.0,0.0,0.0,0.0,,,,,0.944089979550102,0.351806317037418,11.6790593047035,3.4634427868933,0.0662065439672802,0.0761494780115213,,,,,,,,,,,,,,,,,,,,,,,,,,,,,,,,,2019.0,1996-11-09,,,,3
Chris Moore,BAL,WR,12773,weighted,,,,,,,0.459907975460123,0.0173602982086068,0.0,0.0,0.0,0.0,,,,,0.828394683026585,0.522531647508484,10.1138854805726,5.36920811275196,0.0631390593047035,0.0474005710921469,,,,,,,,,,,,,,,,,,,,,,,,,,,,,,,,,2016.0,1993-06-16,,,,3
Jaron Brown,SEA,WR,11456,weighted,,,,,,,0.0252688172043011,0.0353553390593274,0.0,0.0,0.0,0.0,,,,,0.671075268817204,0.51618795026618,10.0217204301075,6.3498188950552,0.0795698924731183,0.0565685424949238,,,,,,,,,,,,,,,,,,,,,,,,,,,,,,,,,2013.0,1990-01-08,,,,3
Zach Pascal,IND,WR,13488,weighted,,,,,,,1.16122699386503,0.183380917120838,0.0042818477084085,0.0051709982122619,0.0,0.0,,,,,1.03544989775051,0.296467931088699,10.261145194274,3.39854880978854,0.0532924335378323,0.0057556646814168,,,,,,,,,,,,,,,,,,,,,,,,,,,,,,,,,2017.0,1994-12-18,,,,3
J.J. Nelson,OAK,WR,12319,weighted,,,,,,,1.15394683026585,0.42206008472363,0.0041000986506454,0.0052607806164596,0.0,0.0,0.13,0.0,,,0.5480163599182,0.276471478110067,6.98971370143149,5.16502031661122,0.0265541922290389,0.0251225342662988,,,,,,,,,,,,,,,,,,,,,,,,,,,,,,,,,2015.0,1992-04-24,,,,3
J.J. Nelson,FA,WR,12319,weighted,,,,,,,1.15394683026585,0.42206008472363,0.0041000986506454,0.0052607806164596,0.0,0.0,0.13,0.0,,,0.5480163599182,0.276471478110067,6.98971370143149,5.16502031661122,0.0265541922290389,0.0251225342662988,,,,,,,,,,,,,,,,,,,,,,,,,,,,,,,,,2015.0,1992-04-24,,,,3
DeAndre Carter,HOU,WR,12394,weighted,,,,,,,0.842075664621677,0.35857770752663,0.0053074153107495,0.0041622885901082,0.0600460122699387,0.0260011474028385,,,0.01,0.0,0.560848670756646,0.642853805681507,6.0190081799591,5.21029959267484,0.0099488752556237,0.0099769742592338,,,,,,,,,,,,,,,,,,,,,,,,,,,,,,,,,2015.0,1993-04-10,,,,3
Justin Watson,TB,WR,13776,weighted,,,,,,,0.0492638036809816,0.0560330580091448,0.0,0.0,0.0,0.0,,,,,0.491114519427403,0.52912465075527,6.16602249488753,5.26728274279915,0.0066564417177914,0.0057780327561863,,,,,,,,,,,,,,,,,,,,,,,,,,,,,,,,,2018.0,,,,,3
DeAnthony Thomas,KC,WR,11659,weighted,,,,,,,0.755357873210634,0.0315422719427529,0.0045507649776565,0.0050710314041769,0.0,0.0,,,,,0.724713701431493,0.48271338845258,7.90361963190184,5.22492101505554,0.0563803680981595,0.0501936966133435,,,,,,,,,,,,,,,,,,,,,,,,,,,,,,,,,2014.0,1993-01-05,,,,3
DeAnthony Thomas,BAL,WR,11659,weighted,,,,,,,0.755357873210634,0.0315422719427529,0.0045507649776565,0.0050710314041769,0.0,0.0,,,,,0.724713701431493,0.48271338845258,7.90361963190184,5.22492101505554,0.0563803680981595,0.0501936966133435,,,,,,,,,,,,,,,,,,,,,,,,,,,,,,,,,2014.0,1993-01-05,,,,3
Auden Tate,CIN,WR,13642,weighted,,,,,,,0.0303225806451613,0.0424264068711928,0.0,0.0,0.0,0.0,,,,,0.69247311827957,0.325269119345812,8.37913978494624,4.49012806053458,0.0401075268817204,0.014142135623731,,,,,,,,,,,,,,,,,,,,,,,,,,,,,,,,,2018.0,1997-02-03,,,,3
Andre Roberts,BUF,WR,9921,weighted,,,,,,,1.16740286298569,0.225762143404656,0.0091477204378684,0.0014728318790278,0.0133435582822086,0.0057780327561863,,,0.03,0.0,0.595102249488753,0.299339307972772,7.63918200408998,4.27799249137782,0.043159509202454,0.0403508463394188,,,,,,,,,,,,,,,,,,,,,,,,,,,,,,,,,2010.0,1988-01-09,,,,3
Austin Carr,NO,WR,13367,weighted,,,,,,,0.0202150537634409,0.0282842712474619,0.0,0.0,0.0,0.0,,,,,0.722688172043011,0.304055915910215,8.43172043010753,3.71938166904124,0.0448387096774194,0.0212132034355964,,,,,,,,,,,,,,,,,,,,,,,,,,,,,,,,,2017.0,1993-12-25,,,,3
Russell Gage,ATL,WR,13809,weighted,,,,,,,1.37314928425358,0.693534360274476,0.0051137654665262,0.0043494474799129,0.0,0.0,,,,,0.712269938650307,0.36285224254187,8.31258691206544,3.78731424695412,0.0365030674846626,0.0350519586725835,,,,,,,,,,,,,,,,,,,,,,,,,,,,,,,,,2018.0,1996-01-22,,,,3
Jake Kumerow,GB,WR,12443,weighted,,,,,,,0.0332694669614345,0.0329853951647786,0.0,0.0,0.0,0.0,,,,,0.574045689019897,0.422065740041716,6.19383198231393,4.24466726390854,0.0121075902726603,0.0188265258100489,,,,,,,,,,,,,,,,,,,,,,,,,,,,,,,,,,,O,Shoulder,2019.0,3
Noah Brown,DAL,WR,13172,weighted,,,,,,,0.0,0.0,0.0,0.0,0.0,0.0,,,,,0.60462249614792,0.848528137423857,5.03852080123267,7.07106781186548,0.0,0.0,,,,,,,,,,,,,,,,,,,,,,,,,,,,,,,,,2017.0,,,Knee,2019.0,3
Marvin Hall,FA,WR,13505,weighted,,,,,,,0.685591397849462,0.735391052434009,0.0,0.0,0.0,0.0,,,,,0.403225806451613,0.424264068711928,4.9858064516129,5.3669404692059,0.0251612903225806,0.0212132034355964,,,,,,,,,,,,,,,,,,,,,,,,,,,,,,,,,2016.0,1993-04-10,,,,3
Marvin Hall,DET,WR,13505,weighted,,,,,,,0.685591397849462,0.735391052434009,0.0,0.0,0.0,0.0,,,,,0.403225806451613,0.424264068711928,4.9858064516129,5.3669404692059,0.0251612903225806,0.0212132034355964,,,,,,,,,,,,,,,,,,,,,,,,,,,,,,,,,2016.0,1993-04-10,,,,3
Javon Wims,CHI,WR,13644,weighted,,,,,,,0.0537423312883436,0.0611269723736125,0.0,0.0,0.0,0.0,,,,,0.337361963190184,0.109813802630708,4.44441717791411,3.30425561588409,0.0166768916155419,0.0153140003908234,,,,,,,,,,,,,,,,,,,,,,,,,,,,,,,,,2018.0,1994-09-11,,,,3
Olabisi Johnson,MIN,WR,14305,weighted,,,,,,,0.62,1.57009975578838e-16,,,0.0,0.0,,,,,0.50030487804878,0.141421356237309,6.06628048780488,2.91327993848858,0.0300914634146341,0.0424264068711929,,,,,,,,,,,,,,,,,,,,,,,,,,,,,,,,,2019.0,1970-01-01,,,,3
Trent Sherfield,ARI,WR,13893,weighted,,,,,,,0.0223926380368098,0.0254695718223386,0.0,0.0,0.0,0.0,,,,,0.400398773006135,0.348161179696954,5.31616564417178,2.62701199213221,0.0367382413087935,0.0208009295332636,,,,,,,,,,,,,,,,,,,,,,,,,,,,,,,,,2018.0,1996-02-26,,,,3
Darius Jennings,TEN,WR,12586,weighted,,,,,,,1.10170756646217,0.745650608789082,0.0047939526730937,0.0046870790415249,0.0,0.0,,,,,0.435368098159509,0.202759378777634,5.27935582822086,1.44435475779807,0.0166053169734151,0.0152552836708153,,,,,,,,,,,,,,,,,,,,,,,,,,,,,,,,,,,,,,3
Darius Jennings,LAC,WR,12586,weighted,,,,,,,1.10170756646217,0.745650608789082,0.0047939526730937,0.0046870790415249,0.0,0.0,,,,,0.435368098159509,0.202759378777634,5.27935582822086,1.44435475779807,0.0166053169734151,0.0152552836708153,,,,,,,,,,,,,,,,,,,,,,,,,,,,,,,,,,,,,,3
Bobo Wilson,TB,WR,13544,weighted,,,,,,,0.348977505112474,0.0184074474086169,0.0,0.0,0.0,0.0,,,0.01,0.0,0.336779141104294,0.126958176289406,4.60370143149284,1.92110977185494,0.0233128834355828,0.0115560655123727,,,,,,,,,,,,,,,,,,,,,,,,,,,,,,,,,2017.0,1995-01-25,,,,3
Bobo Wilson,FA,WR,13544,weighted,,,,,,,0.348977505112474,0.0184074474086169,0.0,0.0,0.0,0.0,,,0.01,0.0,0.336779141104294,0.126958176289406,4.60370143149284,1.92110977185494,0.0233128834355828,0.0115560655123727,,,,,,,,,,,,,,,,,,,,,,,,,,,,,,,,,2017.0,1995-01-25,,,,3
Trevor Davis,OAK,WR,12800,weighted,,,,,,,0.0985276073619632,0.11206611601829,0.0,0.0,0.0,0.0,,,,,0.238231083844581,0.211736291429586,3.55766871165644,3.31962477725467,0.0100920245398773,0.0173602982086068,,,,,,,,,,,,,,,,,,,,,,,,,,,,,,,,,2016.0,1993-07-04,O,Coach's Decision,2019.0,3
Trevor Davis,CHI,WR,12800,weighted,,,,,,,0.0985276073619632,0.11206611601829,0.0,0.0,0.0,0.0,,,,,0.238231083844581,0.211736291429586,3.55766871165644,3.31962477725467,0.0100920245398773,0.0173602982086068,,,,,,,,,,,,,,,,,,,,,,,,,,,,,,,,,2016.0,1993-07-04,O,Coach's Decision,2019.0,3
Braxton Berrios,NYJ,WR,13638,weighted,,,,,,,0.247751524390244,0.11667261889578,0.0,0.0,0.014984756097561,0.0070710678118654,,,,,0.295838414634146,0.388908729652601,3.13954268292683,4.42648845022779,0.0150457317073171,0.0212132034355964,,,,,,,,,,,,,,,,,,,,,,,,,,,,,,,,,2018.0,1995-10-06,,,,3
River Cracraft,DEN,WR,13862,weighted,,,,,,,0.0656989247311828,0.0919238815542512,0.0,0.0,0.0,0.0,,,,,0.121290322580645,0.169705627484771,2.56225806451613,3.5850313806158,0.0151612903225806,0.0212132034355964,,,,,,,,,,,,,,,,,,,,,,,,,,,,,,,,,2017.0,,O,Coach's Decision,2019.0,3
River Cracraft,FA,WR,13862,weighted,,,,,,,0.0656989247311828,0.0919238815542512,0.0,0.0,0.0,0.0,,,,,0.121290322580645,0.169705627484771,2.56225806451613,3.5850313806158,0.0151612903225806,0.0212132034355964,,,,,,,,,,,,,,,,,,,,,,,,,,,,,,,,,2017.0,,O,Coach's Decision,2019.0,3
Geremy Davis,LAC,WR,12338,weighted,,,,,,,0.0358282208588957,0.0407513149157417,0.0,0.0,0.0,0.0,,,,,0.369877300613497,0.121571876496588,3.84572597137014,0.735818821461741,0.0166053169734151,0.0152552836708153,,,,,,,,,,,,,,,,,,,,,,,,,,,,,,,,,2015.0,1992-01-10,,,,3
Geremy Davis,DET,WR,12338,weighted,,,,,,,0.0358282208588957,0.0407513149157417,0.0,0.0,0.0,0.0,,,,,0.369877300613497,0.121571876496588,3.84572597137014,0.735818821461741,0.0166053169734151,0.0152552836708153,,,,,,,,,,,,,,,,,,,,,,,,,,,,,,,,,2015.0,1992-01-10,,,,3
Mike Thomas,LAR,WR,12675,weighted,,,,,,,0.0223926380368098,0.0254695718223386,0.0,0.0,0.0066717791411042,0.0028890163780931,,,,,0.153967280163599,0.110355884942899,1.99295501022495,1.77680707702215,0.0100204498977505,0.0100308011756425,,,,,,,,,,,,,,,,,,,,,,,,,,,,,,,,,2016.0,1994-08-16,,,,3
Mike Thomas,CIN,WR,12675,weighted,,,,,,,0.0223926380368098,0.0254695718223386,0.0,0.0,0.0066717791411042,0.0028890163780931,,,,,0.153967280163599,0.110355884942899,1.99295501022495,1.77680707702215,0.0100204498977505,0.0100308011756425,,,,,,,,,,,,,,,,,,,,,,,,,,,,,,,,,2016.0,1994-08-16,,,,3
Brandon Zylstra,CAR,WR,13585,weighted,,,,,,,0.0454838709677419,0.0636396103067893,0.0,0.0,0.0,0.0,,,,,0.205806451612903,0.106066017177982,2.72838709677419,1.7606958851545,0.0150537634408602,0.0070710678118654,,,,,,,,,,,,,,,,,,,,,,,,,,,,,,,,,2017.0,1993-03-25,,,,3
KhaDarel Hodge,CLE,WR,13963,weighted,,,,,,,0.0454838709677419,0.0636396103067893,0.0,0.0,0.0,0.0,,,,,0.208924731182796,0.14142135623731,3.75075268817204,0.0989949493661164,0.0149462365591398,0.0070710678118654,,,,,,,,,,,,,,,,,,,,,,,,,,,,,,,,,2018.0,1994-01-03,,,,3
Matthew Slater,NE,WR,9200,weighted,,,,,,,0.0505376344086022,0.0707106781186548,0.0,0.0,,,,,,,0.0606451612903226,0.0848528137423857,1.90021505376344,2.65872149726142,0.0050537634408602,0.0070710678118654,,,,,,,,,,,,,,,,,,,,,,,,,,,,,,,,,2008.0,1985-09-09,,,,3
Ray-Ray McCloud,CAR,WR,13641,weighted,,,,,,,0.450736196319018,0.0560330580091448,0.0,0.0,0.0,0.0,,,,,0.193200408997955,0.0208373139974252,2.53895705521472,0.638584008274642,0.0066564417177914,0.0057780327561863,,,,,,,,,,,,,,,,,,,,,,,,,,,,,,,,,2018.0,1996-10-15,,,,3
Ray-Ray McCloud,BUF,WR,13641,weighted,,,,,,,0.450736196319018,0.0560330580091448,0.0,0.0,0.0,0.0,,,,,0.193200408997955,0.0208373139974252,2.53895705521472,0.638584008274642,0.0066564417177914,0.0057780327561863,,,,,,,,,,,,,,,,,,,,,,,,,,,,,,,,,2018.0,1996-10-15,,,,3
JoJo Natson,LAR,WR,13529,weighted,,,,,,,0.770122699386503,0.147723516569564,0.0,0.0,0.0200153374233129,0.0086670491342795,,,0.01,0.0,0.0564723926380368,0.0512601869148225,1.16931492842536,1.18912675633809,0.0044137695978186,0.0050766318674347,,,,,,,,,,,,,,,,,,,,,,,,,,,,,,,,,2016.0,1994-02-01,,,,3
JoJo Natson,CLE,WR,13529,weighted,,,,,,,0.770122699386503,0.147723516569564,0.0,0.0,0.0200153374233129,0.0086670491342795,,,0.01,0.0,0.0564723926380368,0.0512601869148225,1.16931492842536,1.18912675633809,0.0044137695978186,0.0050766318674347,,,,,,,,,,,,,,,,,,,,,,,,,,,,,,,,,2016.0,1994-02-01,,,,3
Andy Isabella,ARI,WR,14121,weighted,,,,,,,0.0,0.0,0.0,0.0,0.0,0.0,,,,,0.230539291217257,0.0989949493661166,2.0,0.0,0.0049614791987673,0.0070710678118654,,,,,,,,,,,,,,,,,,,,,,,,,,,,,,,,,2019.0,,,,,3
Riley Ridley,CHI,WR,14103,weighted,,,,,,,0.0,,0.0,,0.0,,,,,,0.11,,1.35,,0.01,,,,,,,,,,,,,,,,,,,,,,,,,,,,,,,,,,2019.0,1970-01-01,,,,3
Cameron Meredith,NE,WR,12465,weighted,,,,,,,0.0,0.0,0.0,0.0,0.0,0.0,,,,,0.0503852080123267,0.0707106781186548,0.503852080123267,0.707106781186547,0.015115562403698,0.0212132034355964,,,,,,,,,,,,,,,,,,,,,,,,,,,,,,,,,,,,Undisclosed,2019.0,3
Cameron Meredith,FA,WR,12465,weighted,,,,,,,0.0,0.0,0.0,0.0,0.0,0.0,,,,,0.0503852080123267,0.0707106781186548,0.503852080123267,0.707106781186547,0.015115562403698,0.0212132034355964,,,,,,,,,,,,,,,,,,,,,,,,,,,,,,,,,,,,Undisclosed,2019.0,3
Tyreek Hill,KC,WR,12801,weighted,,,,,,,0.0,0.0,0.0,0.0,,,,,,,0.0,0.0,0.0,0.0,0.0,0.0,,,,,,,,,,,,,,,,,,,,,,,,,,,,,,,,,2016.0,1994-03-01,O,Shoulder,2019.0,3
Travis Kelce,KC,TE,11244,weighted,,,,,,,0.0305612963832785,0.0396757542465155,0.0,0.0,0.0780366369187412,0.0288936983305784,,,,,5.88872710192579,0.419047774611997,80.1644527947393,3.21794111517881,0.71309065288868,0.256548926798044,,,,,,,,,,,,,,,,,,,,,,,,,,,,,,,,,2013.0,1989-10-05,,,,3
George Kittle,SF,TE,13299,weighted,,,,,,,0.142745420385157,0.144148045779852,0.0,0.0,0.0725457961484265,0.036117122913223,,,,,5.80722404884922,0.735345767726853,74.0897463597933,5.17303961114205,0.595908877407233,0.358285637813832,,,,,,,,,,,,,,,,,,,,,,,,,,,,,,,,,2017.0,1993-10-09,,,,3
Zach Ertz,PHI,TE,11247,weighted,,,,,,,0.01944809769845,0.0252482072477826,0.0,0.0,0.0725457961484265,0.036117122913223,,,,,6.75051667449507,0.726947320360981,71.5410521371536,6.84005622526088,0.641808360732738,0.315318612428716,,,,,,,,,,,,,,,,,,,,,,,,,,,,,,,,,2013.0,1990-11-10,,,,3
Evan Engram,NYG,TE,13189,weighted,,,,,,,0.53205260685768,0.564204290649867,0.0031892907468295,0.0035976752507983,0.0725457961484265,0.036117122913223,,,,,5.37582902771254,0.383961998370186,63.9375904180366,6.04729747504548,0.620699859088774,0.331668068982676,,,,,,,,,,,,,,,,,,,,,,,,,,,,,,,,,2017.0,1994-09-02,,,,3
Mark Andrews,BAL,TE,13671,weighted,,,,,,,0.0277829967120714,0.0360688674968323,0.0,0.0,0.0,0.0,,,,,4.58310474401127,0.897146913460553,60.1820432127759,6.26449577903514,0.624471582902771,0.322312781969731,,,,,,,,,,,,,,,,,,,,,,,,,,,,,,,,,2018.0,1995-09-06,,,,3
Delanie Walker,TEN,TE,8416,weighted,,,,,,,0.0845655237200564,0.093636525604319,0.0,0.0,0.091763738844528,0.0108351368739669,,,,,4.41676373884453,0.867678677717977,47.1631235321747,7.16480793553788,0.49801315171442,0.268276871405904,,,,,,,,,,,,,,,,,,,,,,,,,,,,,,,,,2006.0,1984-08-12,,,,3
Delanie Walker,FA,TE,8416,weighted,,,,,,,0.0845655237200564,0.093636525604319,0.0,0.0,0.091763738844528,0.0108351368739669,,,,,4.41676373884453,0.867678677717977,47.1631235321747,7.16480793553788,0.49801315171442,0.268276871405904,,,,,,,,,,,,,,,,,,,,,,,,,,,,,,,,,2006.0,1984-08-12,,,,3
Darren Waller,OAK,TE,12263,weighted,,,,,,,0.278586190699859,0.178094805320582,0.0,0.0,0.0725457961484265,0.036117122913223,,,,,4.57528417097229,0.71196956762855,49.2196101456083,6.83100512735403,0.167393142320338,0.105291874593045,,,,,,,,,,,,,,,,,,,,,,,,,,,,,,,,,2015.0,1992-09-13,,,,3
Darren Waller,LVR,TE,12263,weighted,,,,,,,0.278586190699859,0.178094805320582,0.0,0.0,0.0725457961484265,0.036117122913223,,,,,4.57528417097229,0.71196956762855,49.2196101456083,6.83100512735403,0.167393142320338,0.105291874593045,,,,,,,,,,,,,,,,,,,,,,,,,,,,,,,,,2015.0,1992-09-13,,,,3
O.J. Howard,TB,TE,13188,weighted,,,,,,,0.0250046970408643,0.032461980747149,0.0,0.0,0.128252700798497,0.0367012890401048,,,,,3.20290746829497,0.64145522049727,42.0612071395021,8.55319881927623,0.259816815406294,0.161882263649409,,,,,,,,,,,,,,,,,,,,,,,,,,,,,,,,,2017.0,1994-11-19,,,,3
Austin Hooper,ATL,TE,12677,weighted,,,,,,,0.0111131986848286,0.0144275469987329,0.0,0.0,0.0,0.0,,,,,4.81832785345232,0.478415832872201,45.7983842179427,4.75110914542784,0.181131986848286,0.0973016034735031,,,,,,,,,,,,,,,,,,,,,,,,,,,,,,,,,2016.0,1994-10-29,,,,3
Austin Hooper,CLE,TE,12677,weighted,,,,,,,0.0111131986848286,0.0144275469987329,0.0,0.0,0.0,0.0,,,,,4.81832785345232,0.478415832872201,45.7983842179427,4.75110914542784,0.181131986848286,0.0973016034735031,,,,,,,,,,,,,,,,,,,,,,,,,,,,,,,,,2016.0,1994-10-29,,,,3
Greg Olsen,CAR,TE,8687,weighted,,,,,,,0.0166697980272428,0.0216413204980994,0.0,0.0,0.0,0.0,,,,,3.70895725692814,0.395091623868207,44.7886284640676,5.60809444888434,0.4388304368248,0.293406467695336,,,,,,,,,,,,,,,,,,,,,,,,,,,,,,,,,2007.0,1985-03-11,Q,Back,2019.0,3
Greg Olsen,SEA,TE,8687,weighted,,,,,,,0.0166697980272428,0.0216413204980994,0.0,0.0,0.0,0.0,,,,,3.70895725692814,0.395091623868207,44.7886284640676,5.60809444888434,0.4388304368248,0.293406467695336,,,,,,,,,,,,,,,,,,,,,,,,,,,,,,,,,2007.0,1985-03-11,Q,Back,2019.0,3
Vance McDonald,PIT,TE,11257,weighted,,,,,,,0.0222263973696571,0.0288550939974658,0.0,0.0,0.008236261155472,0.0108351368739669,,,,,4.11529356505402,1.1500814378233,40.7097416627525,5.86923362801064,0.220605918271489,0.126666267502458,,,,,,,,,,,,,,,,,,,,,,,,,,,,,,,,,2013.0,1990-06-13,,,,3
Will Dissly,SEA,TE,13763,weighted,,,,,,,0.0223250352278065,0.0251837267555884,0.0,0.0,0.0,0.0,,,,,2.67082198215124,0.749078397186123,31.7439126350399,8.57610669601693,0.276627524659465,0.201900739334596,,,,,,,,,,,,,,,,,,,,,,,,,,,,,,,,,2018.0,,,,,3
T.J. Hockenson,DET,TE,14138,weighted,,,,,,,0.0250046970408643,0.032461980747149,0.0,0.0,0.0780366369187412,0.0288936983305784,,,,,3.52294974166275,0.437904237622837,42.6377782996712,3.52888555063184,0.208210427430719,0.114086576595306,,,,,,,,,,,,,,,,,,,,,,,,,,,,,,,,,2019.0,1997-07-03,,,,3
Jason Witten,DAL,TE,6997,weighted,,,,,,,0.0301234567901235,0.0207590202801201,0.0,0.0,0.0118224573780129,0.0108331220833369,,,,,3.42725455614345,0.456545437962882,33.5429570840682,6.43276451547765,0.51156378600823,0.308060483434191,,,,,,,,,,,,,,,,,,,,,,,,,,,,,,,,,2003.0,1982-05-06,,,,3
Jason Witten,LVR,TE,6997,weighted,,,,,,,0.0301234567901235,0.0207590202801201,0.0,0.0,0.0118224573780129,0.0108331220833369,,,,,3.42725455614345,0.456545437962882,33.5429570840682,6.43276451547765,0.51156378600823,0.308060483434191,,,,,,,,,,,,,,,,,,,,,,,,,,,,,,,,,2003.0,1982-05-06,,,,3
Jared Cook,NO,TE,9474,weighted,,,,,,,0.01944809769845,0.0252482072477826,0.0,0.0,0.0,0.0,,,,,3.333114138093,0.331232247665163,38.2162658525129,4.7651851717349,0.188280883043682,0.103957307327377,,,,,,,,,,,,,,,,,,,,,,,,,,,,,,,,,2009.0,1987-04-07,,,,3
Jimmy Graham,GB,TE,9925,weighted,,,,,,,0.031892907468295,0.0359767525079835,0.0,0.0,0.0,0.0,,,,,2.77486613433537,0.697253852419717,30.5784405824331,6.50789256721605,0.319220291216534,0.349894321815523,,,,,,,,,,,,,,,,,,,,,,,,,,,,,,,,,2010.0,1986-11-24,,,,3
Jimmy Graham,CHI,TE,9925,weighted,,,,,,,0.031892907468295,0.0359767525079835,0.0,0.0,0.0,0.0,,,,,2.77486613433537,0.697253852419717,30.5784405824331,6.50789256721605,0.319220291216534,0.349894321815523,,,,,,,,,,,,,,,,,,,,,,,,,,,,,,,,,2010.0,1986-11-24,,,,3
Vernon Davis,WAS,TE,8247,weighted,,,,,,,0.0518930041152263,0.046590987410999,0.0,0.0,0.0078816382520086,0.0072220813888912,,,,,3.17262198706643,0.531503767371019,37.1414873603762,3.08156706883053,0.182233980011758,0.116362135551722,,,,,,,,,,,,,,,,,,,,,,,,,,,,,,,,,2006.0,1984-01-31,,,,3
Vernon Davis,FA,TE,8247,weighted,,,,,,,0.0518930041152263,0.046590987410999,0.0,0.0,0.0078816382520086,0.0072220813888912,,,,,3.17262198706643,0.531503767371019,37.1414873603762,3.08156706883053,0.182233980011758,0.116362135551722,,,,,,,,,,,,,,,,,,,,,,,,,,,,,,,,,2006.0,1984-01-31,,,,3
Noah Fant,DEN,TE,14137,weighted,,,,,,,0.622551440329218,0.429019752455816,0.0,0.0,0.0684734469919655,0.0288883255555651,,,,,2.58890652557319,0.367576839613126,29.6316872427984,5.52469221768179,0.0931922398589065,0.06541020568473,,,,,,,,,,,,,,,,,,,,,,,,,,,,,,,,,2019.0,1997-11-20,,,,3
Kyle Rudolph,MIN,TE,10312,weighted,,,,,,,0.0239506172839506,0.0215035326512303,0.0,0.0,0.0,0.0,,,,,3.17706643151088,0.361807409230696,31.8586125808348,3.85321371568169,0.212810111699001,0.136158908835162,,,,,,,,,,,,,,,,,,,,,,,,,,,,,,,,,2011.0,1989-11-09,,,,3
Eric Ebron,IND,TE,11695,weighted,,,,,,,0.494142790042273,0.527209948185528,0.0031892907468295,0.0035976752507983,0.0164725223109441,0.0216702737479338,,,,,3.02318459370597,0.312212675619157,32.7571066228276,1.58543781101895,0.249539689995303,0.177624886184956,,,,,,,,,,,,,,,,,,,,,,,,,,,,,,,,,2014.0,1993-04-10,,,,3
Eric Ebron,PIT,TE,11695,weighted,,,,,,,0.494142790042273,0.527209948185528,0.0031892907468295,0.0035976752507983,0.0164725223109441,0.0216702737479338,,,,,3.02318459370597,0.312212675619157,32.7571066228276,1.58543781101895,0.249539689995303,0.177624886184956,,,,,,,,,,,,,,,,,,,,,,,,,,,,,,,,,2014.0,1993-04-10,,,,3
Gerald Everett,LAR,TE,13236,weighted,,,,,,,1.28666666666667,0.280246773781622,0.004280931161273,0.0035260360538266,0.0078816382520086,0.0072220813888912,,,,,2.68971781305115,0.462379362474446,28.4109641387419,5.93995400198595,0.141863609641387,0.101051584366008,,,,,,,,,,,,,,,,,,,,,,,,,,,,,,,,,2017.0,1994-06-25,,,,3
Tyler Eifert,CIN,TE,11250,weighted,,,,,,,0.020082304526749,0.0138393468534134,0.0,0.0,0.0,0.0,,,,,2.67964138741916,0.557251726101031,25.7333686067019,4.22752630083062,0.190934744268078,0.128317909627755,,,,,,,,,,,,,,,,,,,,,,,,,,,,,,,,,2013.0,1990-09-08,,,,3
Tyler Eifert,JAC,TE,11250,weighted,,,,,,,0.020082304526749,0.0138393468534134,0.0,0.0,0.0,0.0,,,,,2.67964138741916,0.557251726101031,25.7333686067019,4.22752630083062,0.190934744268078,0.128317909627755,,,,,,,,,,,,,,,,,,,,,,,,,,,,,,,,,2013.0,1990-09-08,,,,3
Matt LaCosse,NE,TE,12596,weighted,,,,,,,0.0301234567901235,0.0207590202801201,0.0,0.0,0.0,0.0,,,,,1.51406819517931,1.12040580053092,17.3365079365079,12.7555751431658,0.0790828924162258,0.0942130394905212,,,,,,,,,,,,,,,,,,,,,,,,,,,,,,,,,,,O,Ankle,2019.0,3
Jack Doyle,IND,TE,11516,weighted,,,,,,,0.0351440329218107,0.0242188569934735,0.0,0.0,0.0763550852439741,0.0216662441666738,,,,,2.9306937095826,0.360309176191678,27.3917930629042,3.3221007344715,0.155355673133451,0.0940674798426919,,,,,,,,,,,,,,,,,,,,,,,,,,,,,,,,,2013.0,1990-05-05,,,,3
Blake Jarwin,DAL,TE,13722,weighted,,,,,,,0.020082304526749,0.0138393468534134,0.0,0.0,0.0,0.0,,,,,1.91628453850676,0.468420863445905,23.4634626690182,6.36675502283825,0.186502057613169,0.149336386768246,,,,,,,,,,,,,,,,,,,,,,,,,,,,,,,,,2017.0,1994-07-16,,,,3
C.J. Uzomah,CIN,TE,12317,weighted,,,,,,,0.0301234567901235,0.0207590202801201,0.0,0.0,0.0,0.0,,,,,1.76551440329218,0.874890903917261,18.8384538506761,8.76072105172309,0.0644091710758377,0.0434877395193152,,,,,,,,,,,,,,,,,,,,,,,,,,,,,,,,,2015.0,1993-01-14,,,,3
Demetrius Harris,CLE,TE,11448,weighted,,,,,,,0.0301234567901235,0.0207590202801201,0.0,0.0,0.0,0.0,,,,,2.12111699000588,0.626744102175811,22.5708877131099,5.93915515355143,0.152539682539683,0.144408819714924,,,,,,,,,,,,,,,,,,,,,,,,,,,,,,,,,2013.0,1991-07-29,,,,3
Demetrius Harris,CHI,TE,11448,weighted,,,,,,,0.0301234567901235,0.0207590202801201,0.0,0.0,0.0,0.0,,,,,2.12111699000588,0.626744102175811,22.5708877131099,5.93915515355143,0.152539682539683,0.144408819714924,,,,,,,,,,,,,,,,,,,,,,,,,,,,,,,,,2013.0,1991-07-29,,,,3
Trey Burton,CHI,TE,11705,weighted,,,,,,,0.0861108501643964,0.0971372317715553,0.0,0.0,0.0137271019257868,0.0180585614566115,,,,,2.34119304837952,0.32790847243453,23.5673837482386,3.01576461062801,0.136632221700329,0.0799543098277846,,,,,,,,,,,,,,,,,,,,,,,,,,,,,,,,,2014.0,1991-10-29,Q,Groin,2019.0,3
Trey Burton,IND,TE,11705,weighted,,,,,,,0.0861108501643964,0.0971372317715553,0.0,0.0,0.0137271019257868,0.0180585614566115,,,,,2.34119304837952,0.32790847243453,23.5673837482386,3.01576461062801,0.136632221700329,0.0799543098277846,,,,,,,,,,,,,,,,,,,,,,,,,,,,,,,,,2014.0,1991-10-29,Q,Groin,2019.0,3
Ryan Griffin,NYJ,TE,11399,weighted,,,,,,,0.0351440329218107,0.0242188569934735,0.0,0.0,0.0,0.0,,,,,1.92808935920047,0.189633531689521,20.7043209876543,5.1586066477127,0.0719635508524397,0.0470455791412165,,,,,,,,,,,,,,,,,,,,,,,,,,,,,,,,,2013.0,1990-01-11,,,,3
Mike Gesicki,MIA,TE,13672,weighted,,,,,,,0.0251028806584362,0.0172991835667668,0.0,0.0,0.0645326278659612,0.0324993662500108,,,,,1.98775426219871,0.219198634674283,21.0949206349206,3.78637216818171,0.0681187536743092,0.0490520243312547,,,,,,,,,,,,,,,,,,,,,,,,,,,,,,,,,2018.0,1995-10-03,,,,3
Dawson Knox,BUF,TE,14143,weighted,,,,,,,0.09,0.0,,,0.0349333333333333,0.0407437924269648,,,,,1.72919,0.45167367004065,20.11364,6.09373876544644,0.09681,0.0447337024621394,,,,,,,,,,,,,,,,,,,,,,,,,,,,,,,,,2019.0,1996-11-14,,,,3
Cameron Brate,TB,TE,12110,weighted,,,,,,,0.020082304526749,0.0138393468534134,0.0,0.0,0.0157632765040172,0.0144441627777826,,,,,1.70081128747795,0.722956564316408,17.1782951205173,5.71041968760244,0.178730158730159,0.165679096309009,,,,,,,,,,,,,,,,,,,,,,,,,,,,,,,,,2014.0,1991-07-03,,,,3
Ricky Seals-Jones,CLE,TE,13382,weighted,,,,,,,0.0201059001512859,0.0162071381965453,0.0,0.0,0.0,0.0,,,,,1.3361119515885,0.722714734304,16.0550832072617,10.1908818481405,0.0774962178517398,0.0515317842388182,,,,,,,,,,,,,,,,,,,,,,,,,,,,,,,,,2017.0,1995-03-15,,,,3
Ricky Seals-Jones,KC,TE,13382,weighted,,,,,,,0.0201059001512859,0.0162071381965453,0.0,0.0,0.0,0.0,,,,,1.3361119515885,0.722714734304,16.0550832072617,10.1908818481405,0.0774962178517398,0.0515317842388182,,,,,,,,,,,,,,,,,,,,,,,,,,,,,,,,,2017.0,1995-03-15,,,,3
Virgil Green,LAC,TE,10432,weighted,,,,,,,0.0451851851851852,0.0311385304201802,0.0,0.0,0.0645326278659612,0.0324993662500108,,,,,1.8303468547913,0.253278050833383,20.5030099941211,4.57260672595455,0.0793650793650794,0.0654728567859968,,,,,,,,,,,,,,,,,,,,,,,,,,,,,,,,,2011.0,1988-08-03,,,,3
Hayden Hurst,BAL,TE,13680,weighted,,,,,,,0.0351440329218107,0.0242188569934735,0.0,0.0,0.0,0.0,,,,,1.7124632569077,0.372965444540594,19.9772545561434,4.21663089312469,0.117084068195179,0.0868883802853293,,,,,,,,,,,,,,,,,,,,,,,,,,,,,,,,,2018.0,1993-08-24,,,,3
Hayden Hurst,ATL,TE,13680,weighted,,,,,,,0.0351440329218107,0.0242188569934735,0.0,0.0,0.0,0.0,,,,,1.7124632569077,0.372965444540594,19.9772545561434,4.21663089312469,0.117084068195179,0.0868883802853293,,,,,,,,,,,,,,,,,,,,,,,,,,,,,,,,,2018.0,1993-08-24,,,,3
Jeff Heuerman,DEN,TE,12208,weighted,,,,,,,0.0301588502269289,0.0243107072948179,0.0,0.0,0.0,0.0,,,,,1.90528744326778,0.456030646743955,17.9403857791225,3.63785262286805,0.102662632375189,0.0338466870578431,,,,,,,,,,,,,,,,,,,,,,,,,,,,,,,,,2015.0,1992-11-24,,,,3
James OShaughnessy,JAC,TE,12330,weighted,,,,,,,0.0301234567901235,0.0207590202801201,0.0,0.0,0.0,0.0,,,,,2.13975896531452,0.159610354629122,19.0958436213992,2.7869340580528,0.0642151675485009,0.0609073558619048,,,,,,,,,,,,,,,,,,,,,,,,,,,,,,,,,,,,,,3
Charles Clay,ARI,TE,10409,weighted,,,,,,,0.0251028806584362,0.0172991835667668,0.0,0.0,0.0802959043699784,0.0180552034722282,,,,,1.13207524985303,0.906880780080238,11.636025867137,6.43895088476645,0.0489653145208701,0.04080578359729,,,,,,,,,,,,,,,,,,,,,,,,,,,,,,,,,2011.0,1989-02-13,,,,3
Charles Clay,FA,TE,10409,weighted,,,,,,,0.0251028806584362,0.0172991835667668,0.0,0.0,0.0802959043699784,0.0180552034722282,,,,,1.13207524985303,0.906880780080238,11.636025867137,6.43895088476645,0.0489653145208701,0.04080578359729,,,,,,,,,,,,,,,,,,,,,,,,,,,,,,,,,2011.0,1989-02-13,,,,3
Geoff Swaim,JAC,TE,12378,weighted,,,,,,,0.020082304526749,0.0138393468534134,0.0,0.0,0.0,0.0,,,,,2.25272780717225,0.512028624566449,18.8108230452675,1.91070371108776,0.0661728395061728,0.0445145835399113,,,,,,,,,,,,,,,,,,,,,,,,,,,,,,,,,,,,,,3
Geoff Swaim,FA,TE,12378,weighted,,,,,,,0.020082304526749,0.0138393468534134,0.0,0.0,0.0,0.0,,,,,2.25272780717225,0.512028624566449,18.8108230452675,1.91070371108776,0.0661728395061728,0.0445145835399113,,,,,,,,,,,,,,,,,,,,,,,,,,,,,,,,,,,,,,3
Jordan Akins,HOU,TE,13753,weighted,,,,,,,0.0301234567901235,0.0207590202801201,0.0,0.0,0.0,0.0,,,,,1.47896531452087,0.317988323865065,18.1216108171664,2.07191597881323,0.0738271604938272,0.0514868368898992,,,,,,,,,,,,,,,,,,,,,,,,,,,,,,,,,2018.0,1992-04-19,,,,3
Dallas Goedert,PHI,TE,13674,weighted,,,,,,,0.0251323751891074,0.0202589227456816,0.0,0.0,0.0,0.0,,,,,1.20665658093797,0.468014973027101,12.691119515885,4.84384546431154,0.135983358547655,0.075054647262489,,,,,,,,,,,,,,,,,,,,,,,,,,,,,,,,,2018.0,1995-01-03,,,,3
Adam Shaheen,CHI,TE,13254,weighted,,,,,,,0.020082304526749,0.0138393468534134,0.0,0.0,0.0,0.0,,,,,1.34856554967666,0.509350647354808,12.4492768959436,4.12633673043742,0.0624514991181658,0.0428208377983835,,,,,,,,,,,,,,,,,,,,,,,,,,,,,,,,,2017.0,1994-01-01,,,,3
Marcedes Lewis,GB,TE,8269,weighted,,,,,,,0.0301588502269289,0.0243107072948179,0.0,0.0,0.0,0.0,,,,,0.937004538577912,0.45699299254483,11.0408850226929,5.77360818312749,0.0839712556732224,0.0859414581880408,,,,,,,,,,,,,,,,,,,,,,,,,,,,,,,,,2006.0,1984-05-19,,,,3
Mo Alie-Cox,IND,TE,13246,weighted,,,,,,,0.0251323751891074,0.0202589227456816,0.0,0.0,0.0,0.0,,,,,0.663797276853253,0.437847790590968,8.74888048411498,6.21191481086828,0.0964750378214826,0.0762745623180676,,,,,,,,,,,,,,,,,,,,,,,,,,,,,,,,,2016.0,1993-09-19,,,,3
Derek Carrier,OAK,TE,10940,weighted,,,,,,,0.0201059001512859,0.0162071381965453,0.0,0.0,0.0,0.0,,,,,1.17848714069592,0.594207557733709,11.2261346444781,6.05025122760078,0.0628819969742814,0.0332223696760839,,,,,,,,,,,,,,,,,,,,,,,,,,,,,,,,,2012.0,1990-07-25,,,,3
Derek Carrier,LVR,TE,10940,weighted,,,,,,,0.0201059001512859,0.0162071381965453,0.0,0.0,0.0,0.0,,,,,1.17848714069592,0.594207557733709,11.2261346444781,6.05025122760078,0.0628819969742814,0.0332223696760839,,,,,,,,,,,,,,,,,,,,,,,,,,,,,,,,,2012.0,1990-07-25,,,,3
Rhett Ellison,NYG,TE,10838,weighted,,,,,,,0.0251323751891074,0.0202589227456816,0.0,0.0,0.0,0.0,,,,,1.20073373676248,0.43802084141637,12.7633207261725,4.85278914212204,0.0680105900151286,0.0251510127384726,,,,,,,,,,,,,,,,,,,,,,,,,,,,,,,,,2012.0,1988-10-03,,,,3
Rhett Ellison,FA,TE,10838,weighted,,,,,,,0.0251323751891074,0.0202589227456816,0.0,0.0,0.0,0.0,,,,,1.20073373676248,0.43802084141637,12.7633207261725,4.85278914212204,0.0680105900151286,0.0251510127384726,,,,,,,,,,,,,,,,,,,,,,,,,,,,,,,,,2012.0,1988-10-03,,,,3
Tommy Sweeney,BUF,TE,14294,weighted,,,,,,,0.05,8.017227383422219e-18,,,0.0,0.0,,,,,1.10141406816534,0.805021661819155,11.0975852066715,6.92433703849813,0.0416461203770848,0.0507483931270902,,,,,,,,,,,,,,,,,,,,,,,,,,,,,,,,,2019.0,1970-01-01,,,,3
Jesse James,DET,TE,12211,weighted,,,,,,,0.0301588502269289,0.0243107072948179,0.0,0.0,0.0,0.0,,,,,1.38831316187595,0.309131791162528,13.3999546142209,3.18421528040644,0.0704538577912254,0.0317029231775606,,,,,,,,,,,,,,,,,,,,,,,,,,,,,,,,,2015.0,1994-06-04,,,,3
Nick Boyle,BAL,TE,12328,weighted,,,,,,,0.0201059001512859,0.0162071381965453,0.0,0.0,0.0,0.0,,,,,1.29028744326778,0.21588311877375,11.7207942511346,2.33975879407318,0.0603857791225416,0.0454763998617509,,,,,,,,,,,,,,,,,,,,,,,,,,,,,,,,,2015.0,1993-02-17,,,,3
Ian Thomas,CAR,TE,13678,weighted,,,,,,,0.020082304526749,0.0138393468534134,0.0,0.0,0.0,0.0,,,,,0.929200470311581,0.433797450098575,9.78657260435038,4.48796656176443,0.0469958847736625,0.0379300550687686,,,,,,,,,,,,,,,,,,,,,,,,,,,,,,,,,2018.0,1996-06-06,,,,3
Nick OLeary,MIA,TE,12207,weighted,,,,,,,0.0150794251134644,0.0121553536474089,0.0,0.0,0.0,0.0,,,,,0.699417549167927,0.436533156815143,7.33041603630862,4.83015648114334,0.0579954614220877,0.0313132867217698,,,,,,,,,,,,,,,,,,,,,,,,,,,,,,,,,2015.0,1992-08-31,,,,3
Nick OLeary,FA,TE,12207,weighted,,,,,,,0.0150794251134644,0.0121553536474089,0.0,0.0,0.0,0.0,,,,,0.699417549167927,0.436533156815143,7.33041603630862,4.83015648114334,0.0579954614220877,0.0313132867217698,,,,,,,,,,,,,,,,,,,,,,,,,,,,,,,,,2015.0,1992-08-31,,,,3
Maxx Williams,ARI,TE,12206,weighted,,,,,,,0.291535552193646,0.235003503849906,0.0,0.0,0.0,0.0,,,,,0.985786686838124,0.436983063523431,9.85298033282905,3.63356531948007,0.0630408472012103,0.0300908028419359,,,,,,,,,,,,,,,,,,,,,,,,,,,,,,,,,2015.0,1994-04-12,,,,3
Jonnu Smith,TEN,TE,13193,weighted,,,,,,,1.62523449319213,0.729321218844536,0.0385431105104854,0.0172961553876175,0.0,0.0,,,,,1.10081694402421,0.332512578055619,11.0935098335855,3.11781646675916,0.0779652042360061,0.0286138496909336,,,,,,,,,,,,,,,,,,,,,,,,,,,,,,,,,2017.0,1995-08-22,,,,3
Nick Vannett,SEA,TE,12680,weighted,,,,,,,0.020082304526749,0.0138393468534134,0.0,0.0,0.0,0.0,,,,,1.17613756613757,0.204608965655963,12.1544032921811,1.86474013932177,0.0757848324514991,0.045588008481813,,,,,,,,,,,,,,,,,,,,,,,,,,,,,,,,,2016.0,1993-03-06,,,,3
Nick Vannett,DEN,TE,12680,weighted,,,,,,,0.020082304526749,0.0138393468534134,0.0,0.0,0.0,0.0,,,,,1.17613756613757,0.204608965655963,12.1544032921811,1.86474013932177,0.0757848324514991,0.045588008481813,,,,,,,,,,,,,,,,,,,,,,,,,,,,,,,,,2016.0,1993-03-06,,,,3
Irv Smith Jr.,MIN,TE,14141,weighted,,,,,,,0.0,0.0,0.0,0.0,0.0,0.0,,,,,0.884250440917107,0.201775716278406,9.72937095825985,3.9729252905391,0.0431040564373898,0.0459202466947232,,,,,,,,,,,,,,,,,,,,,,,,,,,,,,,,,2019.0,1970-01-01,,,,3
Levine Toilolo,SF,TE,11252,weighted,,,,,,,0.0201059001512859,0.0162071381965453,0.0,0.0,0.0,0.0,,,,,0.694621785173979,0.334600478986318,8.6935552193646,4.46462900861488,0.0582223903177004,0.0387347538262095,,,,,,,,,,,,,,,,,,,,,,,,,,,,,,,,,2013.0,1991-07-30,,,,3
Levine Toilolo,NYG,TE,11252,weighted,,,,,,,0.0201059001512859,0.0162071381965453,0.0,0.0,0.0,0.0,,,,,0.694621785173979,0.334600478986318,8.6935552193646,4.46462900861488,0.0582223903177004,0.0387347538262095,,,,,,,,,,,,,,,,,,,,,,,,,,,,,,,,,2013.0,1991-07-30,,,,3
Johnny Mundt,LAR,TE,13940,weighted,,,,,,,0.025178936605317,0.0249803688430177,0.0,0.0,0.0133435582822086,0.0057780327561863,,,,,0.571349693251534,0.464966464073165,6.02505112474438,6.05612432645694,0.02,0.0,,,,,,,,,,,,,,,,,,,,,,,,,,,,,,,,,2017.0,1994-11-23,,,,3
Garrett Celek,SF,TE,11007,weighted,,,,,,,0.0,0.0,0.0,0.0,0.0,0.0,,,,,0.401540832049307,0.282842712474619,7.27171032357473,6.7387276247078,0.110693374422188,0.127279220613579,,,,,,,,,,,,,,,,,,,,,,,,,,,,,,,,,2012.0,1988-05-29,,Back,2019.0,3
Garrett Celek,FA,TE,11007,weighted,,,,,,,0.0,0.0,0.0,0.0,0.0,0.0,,,,,0.401540832049307,0.282842712474619,7.27171032357473,6.7387276247078,0.110693374422188,0.127279220613579,,,,,,,,,,,,,,,,,,,,,,,,,,,,,,,,,2012.0,1988-05-29,,Back,2019.0,3
Foster Moreau,OAK,TE,14239,weighted,,,,,,,0.05,0.0,,,0.0,0.0,,,,,0.59507,0.639463917201169,6.0312,5.48822203181479,0.04756,0.0505700696951743,,,,,,,,,,,,,,,,,,,,,,,,,,,,,,,,,2019.0,1997-05-06,,,,3
Foster Moreau,LVR,TE,14239,weighted,,,,,,,0.05,0.0,,,0.0,0.0,,,,,0.59507,0.639463917201169,6.0312,5.48822203181479,0.04756,0.0505700696951743,,,,,,,,,,,,,,,,,,,,,,,,,,,,,,,,,2019.0,1997-05-06,,,,3
Lance Kendricks,LAC,TE,10318,weighted,,,,,,,0.0151612903225806,0.0212132034355964,0.0,0.0,0.0,0.0,,,,,0.788924731182796,0.51618795026618,7.99290322580645,4.98510280736516,0.0551612903225807,0.0212132034355964,,,,,,,,,,,,,,,,,,,,,,,,,,,,,,,,,2011.0,1988-01-30,,,,3
Lance Kendricks,FA,TE,10318,weighted,,,,,,,0.0151612903225806,0.0212132034355964,0.0,0.0,0.0,0.0,,,,,0.788924731182796,0.51618795026618,7.99290322580645,4.98510280736516,0.0551612903225807,0.0212132034355964,,,,,,,,,,,,,,,,,,,,,,,,,,,,,,,,,2011.0,1988-01-30,,,,3
Robert Tonyan,GB,TE,13427,weighted,,,,,,,0.0201059001512859,0.0162071381965453,0.0,0.0,0.0,0.0,,,,,0.475015128593041,0.235851625730538,6.32219364599092,3.51024692355498,0.043320726172466,0.0407600517025746,,,,,,,,,,,,,,,,,,,,,,,,,,,,,,,,,2017.0,1994-04-30,,,,3
Tyler Conklin,MIN,TE,13675,weighted,,,,,,,0.0201059001512859,0.0162071381965453,0.0,0.0,0.0,0.0,,,,,0.442344931921331,0.38109654535924,6.62414523449319,4.60566290902618,0.0269515885022693,0.0375350107786928,,,,,,,,,,,,,,,,,,,,,,,,,,,,,,,,,2018.0,1995-07-30,,,,3
Josh Hill,NO,TE,11529,weighted,,,,,,,0.0402118003025719,0.0324142763930905,0.0,0.0,0.0,0.0,,,,,0.903358547655068,0.338571370464876,8.76160363086233,3.06773348722968,0.0556656580937973,0.0314270632122316,,,,,,,,,,,,,,,,,,,,,,,,,,,,,,,,,2013.0,1990-05-21,,,,3
Chris Manhertz,CAR,TE,12955,weighted,,,,,,,0.0301588502269289,0.0243107072948179,0.0,0.0,0.0,0.0,,,,,0.319773071104387,0.273316111146265,4.39308623298033,4.6345059673216,0.0408320726172466,0.0413322312307483,,,,,,,,,,,,,,,,,,,,,,,,,,,,,,,,,,1992-04-10,,,,3
Jeremy Sprinkle,WAS,TE,13194,weighted,,,,,,,0.0201059001512859,0.0162071381965453,0.0,0.0,0.0082299546142208,0.0084147311606381,,,,,0.846149773071104,0.227470093385616,8.10732223903177,2.58257000651295,0.065446293494705,0.0241215839759751,,,,,,,,,,,,,,,,,,,,,,,,,,,,,,,,,2017.0,1994-08-10,,,,3
Anthony Firkser,TEN,TE,13919,weighted,,,,,,,0.0150794251134644,0.0121553536474089,0.0,0.0,0.0,0.0,,,,,0.473986384266263,0.38493365719987,5.46618003025719,4.10638691314993,0.0222844175491679,0.0207131638755264,,,,,,,,,,,,,,,,,,,,,,,,,,,,,,,,,2018.0,1970-01-01,,,,3
Darren Fells,HOU,TE,11337,weighted,,,,,,,0.0301588502269289,0.0243107072948179,0.0,0.0,0.0,0.0,,,,,0.826195158850227,0.242828682439592,8.25059001512859,2.61263890825564,0.096535552193646,0.0726919740164527,,,,,,,,,,,,,,,,,,,,,,,,,,,,,,,,,2012.0,1986-04-22,,,,3
Durham Smythe,MIA,TE,13676,weighted,,,,,,,0.0150794251134644,0.0121553536474089,0.0,0.0,0.0,0.0,,,,,0.578358547655068,0.362765913777594,6.25393343419062,2.99464055226371,0.0173676248108926,0.0287231592621739,,,,,,,,,,,,,,,,,,,,,,,,,,,,,,,,,2018.0,1995-08-09,,,,3
Luke Stocker,ATL,TE,10354,weighted,,,,,,,0.0552912254160363,0.0445696300404994,0.0,0.0,0.0,0.0,,,,,0.761649016641452,0.206564207762995,7.08518910741301,2.2604682965204,0.0580862329803328,0.0290864487397345,,,,,,,,,,,,,,,,,,,,,,,,,,,,,,,,,2011.0,1988-07-17,,,,3
Luke Stocker,FA,TE,10354,weighted,,,,,,,0.0552912254160363,0.0445696300404994,0.0,0.0,0.0,0.0,,,,,0.761649016641452,0.206564207762995,7.08518910741301,2.2604682965204,0.0580862329803328,0.0290864487397345,,,,,,,,,,,,,,,,,,,,,,,,,,,,,,,,,2011.0,1988-07-17,,,,3
Ross Dwelley,SF,TE,13988,weighted,,,,,,,0.0201059001512859,0.0162071381965453,0.0,0.0,0.0,0.0,,,,,0.30071860816944,0.413405951797964,3.62050680786687,4.51653363794357,0.0334341906202723,0.0463106349432953,,,,,,,,,,,,,,,,,,,,,,,,,,,,,,,,,2018.0,1970-01-01,,,,3
Drew Sample,CIN,TE,14146,weighted,,,,,,,0.05,0.0,,,0.0,0.0,,,,,0.58836,0.454264033085655,5.95093,3.32550095811371,0.04427,0.0516245184824548,,,,,,,,,,,,,,,,,,,,,,,,,,,,,,,,,2019.0,1996-04-16,,,,3
Dalton Schultz,DAL,TE,13772,weighted,,,,,,,0.0201059001512859,0.0162071381965453,0.0,0.0,0.0,0.0,,,,,0.465219364599092,0.245983363087012,5.3714447806354,2.81226580515073,0.0482602118003026,0.0430268676242726,,,,,,,,,,,,,,,,,,,,,,,,,,,,,,,,,2018.0,1996-07-11,,,,3
MyCole Pruitt,TEN,TE,12309,weighted,,,,,,,0.0201059001512859,0.0162071381965453,0.0,0.0,0.0,0.0,,,,,0.440204236006051,0.317891768564743,4.7657791225416,3.18072850852553,0.0223298033282905,0.0320431052743444,,,,,,,,,,,,,,,,,,,,,,,,,,,,,,,,,2015.0,1992-03-24,,,,3
Ryan Izzo,NE,TE,13847,weighted,,,,,,,0.06,0.0,,,0.0,0.0,,,,,0.54787,0.309051099996172,5.57232,3.15681456301285,0.05085,0.0501579290523675,,,,,,,,,,,,,,,,,,,,,,,,,,,,,,,,,2018.0,1995-12-21,,,,3
Xavier Grimble,PIT,TE,11701,weighted,,,,,,,0.0201059001512859,0.0162071381965453,0.0,0.0,0.0588502269288956,0.0420736558031907,,,,,0.647617246596066,0.137347661332359,6.64799546142209,1.07901212386671,0.0271860816944024,0.0251683412848607,,,,,,,,,,,,,,,,,,,,,,,,,,,,,,,,,2014.0,1992-09-02,,,,3
Xavier Grimble,IND,TE,11701,weighted,,,,,,,0.0201059001512859,0.0162071381965453,0.0,0.0,0.0588502269288956,0.0420736558031907,,,,,0.647617246596066,0.137347661332359,6.64799546142209,1.07901212386671,0.0271860816944024,0.0251683412848607,,,,,,,,,,,,,,,,,,,,,,,,,,,,,,,,,2014.0,1992-09-02,,,,3
Blake Bell,KC,TE,12213,weighted,,,,,,,0.0150617283950617,0.0103795101400601,0.0,0.0,0.0,0.0,,,,,0.680893592004703,0.266205573415359,6.09662551440329,2.32113271576538,0.0412522045855379,0.0431131894922615,,,,,,,,,,,,,,,,,,,,,,,,,,,,,,,,,2015.0,1991-08-07,,,,3
Blake Bell,DAL,TE,12213,weighted,,,,,,,0.0150617283950617,0.0103795101400601,0.0,0.0,0.0,0.0,,,,,0.680893592004703,0.266205573415359,6.09662551440329,2.32113271576538,0.0412522045855379,0.0431131894922615,,,,,,,,,,,,,,,,,,,,,,,,,,,,,,,,,2015.0,1991-08-07,,,,3
Deon Yelder,KC,TE,13857,weighted,,,,,,,,,,,0.0,0.0,,,,,0.7,1.5705966056628002e-16,7.89746646795827,0.14142135623731,0.0707600596125186,0.0424264068711929,,,,,,,,,,,,,,,,,,,,,,,,,,,,,,,,,2018.0,,,,,3
Ben Braunecker,CHI,TE,12868,weighted,,,,,,,0.0201059001512859,0.0162071381965453,0.0,0.0,0.0,0.0,,,,,0.554001512859304,0.126207623340993,6.33166414523449,1.39098561743185,0.0172087745839637,0.0205787798847941,,,,,,,,,,,,,,,,,,,,,,,,,,,,,,,,,2016.0,1994-02-07,,,,3
Antony Auclair,TB,TE,13445,weighted,,,,,,,0.0351853252647504,0.0283624918439542,0.0,0.0,0.0,0.0,,,,,0.327057488653555,0.333174709045101,3.39512102874433,3.18038751560244,0.0359757942511346,0.0476989866144367,,,,,,,,,,,,,,,,,,,,,,,,,,,,,,,,,2017.0,1993-05-28,,,,3
Eric Tomlinson,NYG,TE,13065,weighted,,,,,,,0.0150794251134644,0.0121553536474089,0.0,0.0,0.0,0.0,,,,,0.34071860816944,0.329572713336286,3.4129273827534,2.9327529637764,0.0073600605143721,0.0095329723697142,,,,,,,,,,,,,,,,,,,,,,,,,,,,,,,,,,,,,,3
Logan Paulsen,HOU,TE,10123,weighted,,,,,,,0.0,0.0,0.0,0.0,0.0,0.0,,,,,0.477597597597598,0.325269119345812,4.78894894894895,3.3799704140717,0.0613213213213213,0.0565685424949238,,,,,,,,,,,,,,,,,,,,,,,,,,,,,,,,,2010.0,1987-02-26,,,,3
Zach Gentry,PIT,TE,14240,weighted,,,,,,,,,,,0.0,0.0,,,,,0.373487332339791,0.473761543394987,3.53740685543964,4.87903679018718,0.0,0.0,,,,,,,,,,,,,,,,,,,,,,,,,,,,,,,,,2019.0,1970-01-01,,,,3
Seth DeValve,JAC,TE,12792,weighted,,,,,,,0.0201431492842536,0.0199842950744142,0.0,0.0,0.0,0.0,,,,,0.28459100204499,0.296772071313995,3.92865030674847,2.68433343325639,0.0166053169734151,0.0152552836708153,,,,,,,,,,,,,,,,,,,,,,,,,,,,,,,,,2016.0,1993-01-29,,,,3
Lee Smith,BUF,TE,10398,weighted,,,,,,,0.0201059001512859,0.0162071381965453,0.0,0.0,0.0082299546142208,0.0084147311606381,,,,,0.549689863842663,0.196008043608005,4.65268532526475,1.54944744052375,0.0654841149773071,0.0240996909678684,,,,,,,,,,,,,,,,,,,,,,,,,,,,,,,,,2011.0,1987-11-21,,,,3
Sean Culkin,LAC,TE,13438,weighted,,,,,,,0.025178936605317,0.0249803688430177,0.0,0.0,0.0333588957055215,0.0144450818904658,,,,,0.339621676891616,0.338718285374549,3.40162576687117,2.58306990751456,0.029959100204499,0.0200616023512851,,,,,,,,,,,,,,,,,,,,,,,,,,,,,,,,,,,,,,3
Sean Culkin,FA,TE,13438,weighted,,,,,,,0.025178936605317,0.0249803688430177,0.0,0.0,0.0333588957055215,0.0144450818904658,,,,,0.339621676891616,0.338718285374549,3.40162576687117,2.58306990751456,0.029959100204499,0.0200616023512851,,,,,,,,,,,,,,,,,,,,,,,,,,,,,,,,,,,,,,3
Pharaoh Brown,CLE,TE,13994,weighted,,,,,,,0.04,0.0,,,0.0,0.0,,,,,0.315899390243902,0.417193000900063,2.94370426829268,4.03757972057519,0.0200609756097561,0.0282842712474619,,,,,,,,,,,,,,,,,,,,,,,,,,,,,,,,,2017.0,1994-05-04,,,,3
Evan Baylis,GB,TE,13476,weighted,,,,,,,0.0252688172043011,0.0353553390593274,0.0,0.0,0.0,0.0,,,,,0.373763440860215,0.162634559672906,4.30720430107527,1.02530483272049,0.0349462365591398,0.0070710678118654,,,,,,,,,,,,,,,,,,,,,,,,,,,,,,,,,2017.0,1993-11-18,,,,3
Daniel Brown,NYJ,TE,12585,weighted,,,,,,,0.0301588502269289,0.0243107072948179,0.0,0.0,0.0,0.0,,,,,0.342776096822995,0.140065915182015,3.29583963691377,1.22614065718349,0.0099016641452344,0.0141573892112534,,,,,,,,,,,,,,,,,,,,,,,,,,,,,,,,,,,,,,3
Trevon Wesco,NYJ,TE,14231,weighted,,,,,,,0.05,9.81551617993613e-18,,,0.0,0.0,,,,,0.30445765230312,0.282842712474619,3.03523031203566,2.55265548008344,0.0097771173848439,0.0141421356237309,,,,,,,,,,,,,,,,,,,,,,,,,,,,,,,,,2019.0,,,,,3
Troy Fumagalli,DEN,TE,13673,weighted,,,,,,,0.06,0.0,,,0.0,0.0,,,,,0.260487804878049,0.226274169979695,2.85564024390244,2.61629509039023,0.0200609756097561,0.0282842712474619,,,,,,,,,,,,,,,,,,,,,,,,,,,,,,,,,2018.0,,,,,3
Logan Thomas,DET,TE,11647,weighted,,,,,,,0.0201431492842536,0.0199842950744142,0.0,0.0,0.0,0.0,,,,,0.319314928425358,0.124975189106456,2.66267893660532,1.58887673767283,0.0166053169734151,0.0152552836708153,,,,,,,,,,,,,,,,,,,,,,,,,,,,,,,,,2014.0,1991-07-01,,,,3
Logan Thomas,WAS,TE,11647,weighted,,,,,,,0.0201431492842536,0.0199842950744142,0.0,0.0,0.0,0.0,,,,,0.319314928425358,0.124975189106456,2.66267893660532,1.58887673767283,0.0166053169734151,0.0152552836708153,,,,,,,,,,,,,,,,,,,,,,,,,,,,,,,,,2014.0,1991-07-01,,,,3
Jerell Adams,HOU,TE,12681,weighted,,,,,,,0.0201431492842536,0.0199842950744142,0.0,0.0,0.0,0.0,,,,,0.18558282208589,0.174202497241028,1.95881390593047,1.58926728660994,0.013241308793456,0.0152298956023043,,,,,,,,,,,,,,,,,,,,,,,,,,,,,,,,,2016.0,1992-12-31,,,,3
Jerell Adams,FA,TE,12681,weighted,,,,,,,0.0201431492842536,0.0199842950744142,0.0,0.0,0.0,0.0,,,,,0.18558282208589,0.174202497241028,1.95881390593047,1.58926728660994,0.013241308793456,0.0152298956023043,,,,,,,,,,,,,,,,,,,,,,,,,,,,,,,,,2016.0,1992-12-31,,,,3
David Morgan,MIN,TE,12816,weighted,,,,,,,0.0,,0.0,,0.0,,,,,,0.3,,3.52,,0.03,,,,,,,,,,,,,,,,,,,,,,,,,,,,,,,,,,2016.0,1993-05-19,,Knee,2019.0,3
Cethan Carter,CIN,TE,13369,weighted,,,,,,,0.0,,0.0,,0.0,,,,,,0.22,,2.42,,0.01,,,,,,,,,,,,,,,,,,,,,,,,,,,,,,,,,,2017.0,1993-09-05,,,,3
Andrew Beck,DEN,TE,14319,weighted,,,,,,,0.06,,,,0.0,,,,,,0.19,,2.33,,0.02,,,,,,,,,,,,,,,,,,,,,,,,,,,,,,,,,,2019.0,1996-05-15,,,,3
Hunter Henry,LAC,TE,12676,weighted,,,,,,,0.0,0.0,0.0,0.0,,,,,,,0.0,0.0,0.0,0.0,0.0,0.0,,,,,,,,,,,,,,,,,,,,,,,,,,,,,,,,,2016.0,1994-12-07,O,Knee,2019.0,3
David Njoku,CLE,TE,13192,weighted,,,,,,,0.0,0.0,0.0,0.0,,,,,,,0.0,0.0,0.0,0.0,0.0,0.0,,,,,,,,,,,,,,,,,,,,,,,,,,,,,,,,,2017.0,1996-07-10,IR,Wrist,2019.0,3
Chris Herndon,NYJ,TE,13679,weighted,,,,,,,0.0,0.0,0.0,0.0,,,,,,,0.0,0.0,0.0,0.0,0.0,0.0,,,,,,,,,,,,,,,,,,,,,,,,,,,,,,,,,2018.0,,S,Suspension,2019.0,3
Brett Maher,DAL,K,13909,weighted,,,,,,,,,,,,,,,,,,,,,,,0.0039070638275664,0.0037041715757943,0.541601555579014,0.1379098892012,0.501742118550499,0.156874326329795,0.39479629217407,0.149114365077688,0.237444479781098,0.102828692988223,3.18710192578675,0.79735219524519,,,,,,,,,,,,,,,,,,,,,2017.0,1970-01-01,,,,3
Brett Maher,NYJ,K,13909,weighted,,,,,,,,,,,,,,,,,,,,,,,0.0039070638275664,0.0037041715757943,0.541601555579014,0.1379098892012,0.501742118550499,0.156874326329795,0.39479629217407,0.149114365077688,0.237444479781098,0.102828692988223,3.18710192578675,0.79735219524519,,,,,,,,,,,,,,,,,,,,,2017.0,1970-01-01,,,,3
Stephen Gostkowski,NE,K,8359,weighted,,,,,,,,,,,,,,,,,,,,,,,0.0119705440661803,0.0115279821563433,0.613115424859217,0.17317165608983,0.602447448809651,0.165878392589062,0.448393570936132,0.128937029723422,0.134486827184331,0.0496474055103543,3.30084546735557,0.569330170722704,,,,,,,,,,,,,,,,,,,,,2006.0,1984-01-28,,,,3
Stephen Gostkowski,FA,K,8359,weighted,,,,,,,,,,,,,,,,,,,,,,,0.0119705440661803,0.0115279821563433,0.613115424859217,0.17317165608983,0.602447448809651,0.165878392589062,0.448393570936132,0.128937029723422,0.134486827184331,0.0496474055103543,3.30084546735557,0.569330170722704,,,,,,,,,,,,,,,,,,,,,2006.0,1984-01-28,,,,3
Harrison Butker,KC,K,13354,weighted,,,,,,,,,,,,,,,,,,,,,,,0.0142894793740261,0.0145904709908506,0.467810438054978,0.124152194462669,0.568343640728563,0.125257638622216,0.408492534128102,0.116428312517736,0.144072329769547,0.0561584316491571,2.62820573038985,0.505449638157125,,,,,,,,,,,,,,,,,,,,,2017.0,1995-07-14,,,,3
Greg Zuerlein,LAR,K,10868,weighted,,,,,,,,,,,,,,,,,,,,,,,0.0279775855287648,0.0269636369887066,0.650542448915689,0.172614926249365,0.508489432305409,0.0636021581183164,0.550307648276706,0.0742225424038985,0.290479055322153,0.110724017143526,2.39530765617661,0.430444956462344,,,,,,,,,,,,,,,,,,,,,2012.0,1987-12-27,,,,3
Greg Zuerlein,DAL,K,10868,weighted,,,,,,,,,,,,,,,,,,,,,,,0.0279775855287648,0.0269636369887066,0.650542448915689,0.172614926249365,0.508489432305409,0.0636021581183164,0.550307648276706,0.0742225424038985,0.290479055322153,0.110724017143526,2.39530765617661,0.430444956462344,,,,,,,,,,,,,,,,,,,,,2012.0,1987-12-27,,,,3
Matt Bryant,ATL,K,6789,weighted,,,,,,,,,,,,,,,,,,,,,,,0.0214873106246202,0.0137035570794281,0.438874315586325,0.181046615173582,0.408409874436681,0.0902040530038092,0.434014866751999,0.101490956870912,0.262485002332276,0.117689621491974,2.38117426021606,0.570919838046305,,,,,,,,,,,,,,,,,,,,,2002.0,1975-05-29,,,,3
Matt Bryant,FA,K,6789,weighted,,,,,,,,,,,,,,,,,,,,,,,0.0214873106246202,0.0137035570794281,0.438874315586325,0.181046615173582,0.408409874436681,0.0902040530038092,0.434014866751999,0.101490956870912,0.262485002332276,0.117689621491974,2.38117426021606,0.570919838046305,,,,,,,,,,,,,,,,,,,,,2002.0,1975-05-29,,,,3
Dan Bailey,MIN,K,10506,weighted,,,,,,,,,,,,,,,,,,,,,,,0.0249005122629097,0.0217946360027137,0.523662891473093,0.152131175695914,0.700329173949873,0.107320081348742,0.35449305100271,0.112529347051349,0.128785238905793,0.0362081033690492,2.59393142320338,0.425294212870767,,,,,,,,,,,,,,,,,,,,,2011.0,1988-01-26,,,,3
Matt Prater,DET,K,8930,weighted,,,,,,,,,,,,,,,,,,,,,,,0.0367807779474613,0.0183197936232464,0.514432799754069,0.102827287738745,0.616629319088204,0.0883885884894323,0.437970840471675,0.0420696434914743,0.251805911053447,0.0672667840758912,2.11395021136684,0.508519245105879,,,,,,,,,,,,,,,,,,,,,2006.0,1984-08-10,,,,3
Mason Crosby,GB,K,8742,weighted,,,,,,,,,,,,,,,,,,,,,,,0.0092343823391263,0.0150843737322644,0.387446951067886,0.0987858178539015,0.510357205352785,0.136887226095265,0.499241658147524,0.126522203017563,0.204673302388123,0.0761608287402702,2.17036167214655,0.524803072803994,,,,,,,,,,,,,,,,,,,,,2007.0,1984-09-03,,,,3
Steven Hauschka,BUF,K,9319,weighted,,,,,,,,,,,,,,,,,,,,,,,0.0066503497732289,0.0082741157508225,0.368434747849276,0.185498881914482,0.499216904907063,0.106779585577518,0.43074558562425,0.103665830438202,0.179763307397819,0.0767960240375316,2.37218694885362,0.550824500295503,,,,,,,,,,,,,,,,,,,,,,,,,,3
Justin Tucker,BAL,K,10976,weighted,,,,,,,,,,,,,,,,,,,,,,,0.024475264185425,0.0199604607576739,0.531370754563723,0.0706489886103324,0.586483301077965,0.131845157755792,0.46527069451795,0.0552121333826733,0.236934738964435,0.0679873995350224,2.43322686707374,0.438513537086296,,,,,,,,,,,,,,,,,,,,,2012.0,1989-11-21,,,,3
Jason Myers,SEA,K,12437,weighted,,,,,,,,,,,,,,,,,,,,,,,0.0129447283228401,0.0140407180077847,0.455857676682717,0.170636114755337,0.556344652903907,0.127944674970644,0.518767228689618,0.103179384613937,0.214841179443843,0.0652995090376274,2.20625645843119,0.589529422584,,,,,,,,,,,,,,,,,,,,,,1991-05-12,,,,3
Jake Elliott,PHI,K,13303,weighted,,,,,,,,,,,,,,,,,,,,,,,0.0363029234620164,0.0393921283076005,0.434791370711032,0.101218733833103,0.494088344974086,0.106072228535432,0.521160419556898,0.116920813519969,0.124027773196815,0.0532530558075346,2.32684358853922,0.468455014595671,,,,,,,,,,,,,,,,,,,,,2017.0,1995-01-21,,,,3
Eddy Pineiro,CHI,K,13719,weighted,,,,,,,,,,,,,,,,,,,,,,,0.0123059371844463,0.0161809926115661,0.341614723532966,0.0941731215364525,0.448394782152076,0.0961483687423219,0.364527194219028,0.0838558246897307,0.217637892036976,0.0523567807345477,2.04343915343915,0.730099179597493,,,,,,,,,,,,,,,,,,,,,2018.0,1995-09-13,Q,Knee,2019.0,3
Matt Gay,TB,K,14244,weighted,,,,,,,,,,,,,,,,,,,,,,,0.0213411261600734,0.0211797939362305,0.48520264851356,0.140127826736423,0.664193147115739,0.0866929196567205,0.411035508647385,0.0822168184283813,0.163745674065655,0.0358554761615954,2.33142790042273,0.416160809439642,,,,,,,,,,,,,,,,,,,,,2019.0,1994-03-15,,,,3
Austin Seibert,CLE,K,14258,weighted,,,,,,,,,,,,,,,,,,,,,,,0.0226117649497279,0.0258764101652548,0.417905867280867,0.10971435506747,0.417905867280867,0.10971435506747,0.427931397306397,0.077555786979566,0.125585723004704,0.0577696740715562,2.11640799529688,0.581421277514265,,,,,,,,,,,,,,,,,,,,,2019.0,,,,,3
Adam Vinatieri,IND,K,2842,weighted,,,,,,,,,,,,,,,,,,,,,,,0.0126350595455143,0.0162663281474575,0.412665040627669,0.0836141017561842,0.448456703031748,0.257659169432486,0.39415933740192,0.0825555599950238,0.157859737072449,0.0447913272335038,2.41724867724868,0.423843717834999,,,,,,,,,,,,,,,,,,,,,1996.0,1972-12-28,,,,3
Adam Vinatieri,FA,K,2842,weighted,,,,,,,,,,,,,,,,,,,,,,,0.0126350595455143,0.0162663281474575,0.412665040627669,0.0836141017561842,0.448456703031748,0.257659169432486,0.39415933740192,0.0825555599950238,0.157859737072449,0.0447913272335038,2.41724867724868,0.423843717834999,,,,,,,,,,,,,,,,,,,,,1996.0,1972-12-28,,,,3
Wil Lutz,NO,K,12956,weighted,,,,,,,,,,,,,,,,,,,,,,,0.0285618187000911,0.0189245438605453,0.426930713823061,0.0678266809803005,0.570238187434325,0.0908771654446207,0.547711034672663,0.102362049369579,0.252333064424976,0.0513823233296053,2.04131517144199,0.440033766497121,,,,,,,,,,,,,,,,,,,,,2016.0,1994-07-07,,,,3
Zane Gonzalez,ARI,K,13347,weighted,,,,,,,,,,,,,,,,,,,,,,,0.0099725151442184,0.0070229915998419,0.603453273742969,0.137656017211211,0.551777774920599,0.0519463666273049,0.405969663780628,0.0656440945094805,0.181471201797233,0.0554833384585201,2.01918283362728,0.610011201613898,,,,,,,,,,,,,,,,,,,,,2017.0,,,,,3
Robbie Gould,SF,K,8153,weighted,,,,,,,,,,,,,,,,,,,,,,,0.0,0.0,0.572559102912406,0.0816755629616328,0.765373877593328,0.138258342079942,0.578745751845756,0.106715596543307,0.137744563215295,0.0431963197553726,2.23835133865665,0.298347177451928,,,,,,,,,,,,,,,,,,,,,2005.0,1982-12-06,,,,3
Aldrick Rosas,NYG,K,13241,weighted,,,,,,,,,,,,,,,,,,,,,,,0.0179351993453138,0.020245589243067,0.548345245744963,0.0709328494996094,0.522248590172024,0.0525471092633117,0.394128324456398,0.0856127224726748,0.220186726523321,0.0273449965398568,1.7158024691358,0.535513646535445,,,,,,,,,,,,,,,,,,,,,2016.0,1994-12-30,,,,3
Chris Boswell,PIT,K,11936,weighted,,,,,,,,,,,,,,,,,,,,,,,0.0392636269293913,0.0305750669404757,0.30711395731941,0.107204091055271,0.403563461176321,0.0830325781625073,0.399207149824114,0.0720502797272812,0.103829194922671,0.0264173457326235,1.98031746031746,0.264430163196026,,,,,,,,,,,,,,,,,,,,,2014.0,1991-03-16,,,,3
Cairo Santos,TEN,K,11945,weighted,,,,,,,,,,,,,,,,,,,,,,,0.0351955136527461,0.0395250007620109,0.48217262554659,0.144063921437789,0.545393394109957,0.14475362314512,0.40724524708544,0.0779086305843545,0.157705118251977,0.0547640355206521,1.88837952090183,0.343352299436302,,,,,,,,,,,,,,,,,,,,,2014.0,1991-11-12,,,,3
Mike Badgley,LAC,K,13980,weighted,,,,,,,,,,,,,,,,,,,,,,,0.0,0.0,0.0,0.0,0.0,0.0,0.0,0.0,0.0,0.0,1.3696,1.69705627484771,,,,,,,,,,,,,,,,,,,,,2018.0,1970-01-01,D,Groin,2019.0,3
Daniel Carlson,OAK,K,13718,weighted,,,,,,,,,,,,,,,,,,,,,,,0.0044640617189636,0.0085940547552153,0.430570368467972,0.102859628047409,0.329252405385303,0.148953316466318,0.420016879352391,0.08181689415415,0.192431538847661,0.0675016243015274,1.70428571428571,0.40250858718581,,,,,,,,,,,,,,,,,,,,,2018.0,1995-01-23,,,,3
Daniel Carlson,LVR,K,13718,weighted,,,,,,,,,,,,,,,,,,,,,,,0.0044640617189636,0.0085940547552153,0.430570368467972,0.102859628047409,0.329252405385303,0.148953316466318,0.420016879352391,0.08181689415415,0.192431538847661,0.0675016243015274,1.70428571428571,0.40250858718581,,,,,,,,,,,,,,,,,,,,,2018.0,1995-01-23,,,,3
Kaimi Fairbairn,HOU,K,12860,weighted,,,,,,,,,,,,,,,,,,,,,,,0.0145912917421548,0.0073284985862898,0.522666293418276,0.0716903862950952,0.556911877787593,0.0581104496730996,0.538362848656272,0.0743262084346614,0.20518744001171,0.0426680589450299,1.98583372475341,0.100754592927024,,,,,,,,,,,,,,,,,,,,,2016.0,1994-01-29,,,,3
,,K,nfl_0,weighted,,,,,,,,,,,,,,,,,,,,,,,0.0064853977844914,0.0114684165293143,0.363323262839879,0.147272499688539,0.504773413897281,0.101491395813322,0.429184290030211,0.0516078743819143,0.338710976837865,0.312699345762115,1.74128902316213,0.394340257036852,,,,,,,,,,,,,,,,,,,,,,,,,,3
Randy Bullock,CIN,K,10862,weighted,,,,,,,,,,,,,,,,,,,,,,,0.0135732678532449,0.015000676053021,0.408001553385948,0.1551914517297,0.428801851166548,0.0705187343492289,0.313258767220328,0.0775114848415097,0.117348721715235,0.0499337011169787,1.68851851851852,0.40570047356163,,,,,,,,,,,,,,,,,,,,,2012.0,1989-12-16,,,,3
Dustin Hopkins,WAS,K,11387,weighted,,,,,,,,,,,,,,,,,,,,,,,0.0360696130303973,0.0333093059440637,0.421392597558175,0.110468325960742,0.427255408863978,0.0843863381823231,0.611042144197555,0.136270757517145,0.201607218597052,0.0798696929197505,1.73126984126984,0.302340758893784,,,,,,,,,,,,,,,,,,,,,2013.0,1990-10-01,,,,3
Brandon McManus,DEN,K,11947,weighted,,,,,,,,,,,,,,,,,,,,,,,0.022879399504882,0.0262083636091044,0.367353495715658,0.0913030283872976,0.414453966897041,0.107492328459472,0.399403379651098,0.131910985931216,0.109636613808811,0.0937369791505917,1.60321277595115,0.276749673818843,,,,,,,,,,,,,,,,,,,,,2014.0,1991-07-25,,,,3
Josh Lambo,JAC,K,12417,weighted,,,,,,,,,,,,,,,,,,,,,,,0.0,0.0,0.308183046010427,0.100874734203067,0.559323737536751,0.142079967032436,0.388546824055066,0.114540252831408,0.186545629185027,0.0378162529316074,1.6275543797766,0.312622936602437,,,,,,,,,,,,,,,,,,,,,2015.0,1990-11-19,,,,3
Jason Sanders,MIA,K,13832,weighted,,,,,,,,,,,,,,,,,,,,,,,0.00906218707806,0.0099958313176313,0.352402411423575,0.0769957916296755,0.313916643158266,0.148021392613402,0.363654147635629,0.0921725669729951,0.135220300634763,0.0739753158152596,1.23669606114051,0.349763205518683,,,,,,,,,,,,,,,,,,,,,2018.0,1995-11-16,,,,3
Sam Ficken,NYJ,K,13564,weighted,,,,,,,,,,,,,,,,,,,,,,,0.0071420571560334,0.0081866902299453,0.342221254558781,0.115594109575604,0.396461256345952,0.124035452633586,0.31126304763039,0.0670981716392512,0.129873895591343,0.0479536837378453,1.17066431510876,0.104993238699967,,,,,,,,,,,,,,,,,,,,,2015.0,1992-12-14,,,,3
Dolphins,MIA,DST,0503,weighted,,,,,,,,,,,,,,,,,,,,,,,,,,,,,,,,,,,0.667987897125567,0.168282265721985,2.29361573373676,0.315642273552379,0.0092927382753403,0.0142059015536297,0.148774583963691,0.0417852988361979,0.1,0.0,,,,,,,,,,,,,,,,3
Jets,NYJ,DST,0505,weighted,,,,,,,,,,,,,,,,,,,,,,,,,,,,,,,,,,,0.599417142857143,0.0725024986630587,1.55084571428571,0.225211265694197,0.0382542857142857,0.0358882137872745,0.138110857142857,0.041861705164217,0.1,0.0,,,,,,,,,,,,,,,,3
Bengals,CIN,DST,0506,weighted,,,,,,,,,,,,,,,,,,,,,,,,,,,,,,,,,,,0.812526475037821,0.165521643328413,2.19354765506808,0.240766671149298,0.0092927382753403,0.0142059015536297,0.166384266263237,0.026772281481545,0.1,0.0,,,,,,,,,,,,,,,,3
Chiefs,KC,DST,0512,weighted,,,,,,,,,,,,,,,,,,,,,,,,,,,,,,,,,,,0.782251428571429,0.0967383674314449,2.46936571428571,0.297447333283089,0.0177085714285714,0.024008254911097,0.169681142857143,0.0424729732336815,0.07,0.0,,,,,,,,,,,,,,,,3
Ravens,BAL,DST,0531,weighted,,,,,,,,,,,,,,,,,,,,,,,,,,,,,,,,,,,0.725914285714286,0.0908476836878484,1.93145714285714,0.195669641682635,0.0088542857142857,0.0120041274555485,0.128750857142857,0.0289695585684064,0.06,0.0,,,,,,,,,,,,,,,,3
Giants,NYG,DST,0517,weighted,,,,,,,,,,,,,,,,,,,,,,,,,,,,,,,,,,,1.08167927382753,0.22438781442489,2.14223903177005,0.266123216807119,0.0092927382753403,0.0142059015536297,0.182290468986384,0.0320175357181772,0.08,0.0,,,,,,,,,,,,,,,,3
Falcons,ATL,DST,0526,weighted,,,,,,,,,,,,,,,,,,,,,,,,,,,,,,,,,,,0.746875945537065,0.103407275004033,2.23551437216339,0.595264893754504,0.0092927382753403,0.0142059015536297,0.139328290468986,0.0323775139448464,0.08,0.0,,,,,,,,,,,,,,,,3
Buccaneers,TB,DST,0525,weighted,,,,,,,,,,,,,,,,,,,,,,,,,,,,,,,,,,,0.875839636913767,0.3347464533697,2.38711800302572,0.139188128147399,0.0119031770045386,0.0190488249378258,0.15293343419062,0.0409297027138634,0.08,0.0,,,,,,,,,,,,,,,,3
Browns,CLE,DST,0507,weighted,,,,,,,,,,,,,,,,,,,,,,,,,,,,,,,,,,,0.740097142857143,0.043231045164783,2.26942857142857,0.235419987117086,0.06464,0.0256275283162034,0.110181714285714,0.0648356841202179,0.08,0.0,,,,,,,,,,,,,,,,3
Raiders,OAK,DST,0513,weighted,,,,,,,,,,,,,,,,,,,,,,,,,,,,,,,,,,,0.804984871406959,0.0662392437306983,1.62764750378215,0.445425173614168,0.0092927382753403,0.0142059015536297,0.137225416036309,0.0257379952075451,0.1,0.0,,,,,,,,,,,,,,,,3
Raiders,LVR,DST,0513,weighted,,,,,,,,,,,,,,,,,,,,,,,,,,,,,,,,,,,0.804984871406959,0.0662392437306983,1.62764750378215,0.445425173614168,0.0092927382753403,0.0142059015536297,0.137225416036309,0.0257379952075451,0.1,0.0,,,,,,,,,,,,,,,,3
Texans,HOU,DST,0532,weighted,,,,,,,,,,,,,,,,,,,,,,,,,,,,,,,,,,,0.8316,0.0461045715674922,2.21270857142857,0.143095605543292,0.0088542857142857,0.0120041274555485,0.137345142857143,0.0386559267574684,0.07,0.0,,,,,,,,,,,,,,,,3
Steelers,PIT,DST,0510,weighted,,,,,,,,,,,,,,,,,,,,,,,,,,,,,,,,,,,0.734848714069592,0.331155062321369,2.83601361573374,0.380617076948108,0.0247049924357035,0.0209608897293872,0.151163388804841,0.0419668370308267,0.09,0.0,,,,,,,,,,,,,,,,3
Commanders,WAS,DST,0520,weighted,,,,,,,,,,,,,,,,,,,,,,,,,,,,,,,,,,,0.819538577912254,0.0334025337264705,2.27724659606657,0.31555255152528,0.0092927382753403,0.0142059015536297,0.135001512859304,0.0634757735605141,0.07,0.0,,,,,,,,,,,,,,,,3
Broncos,DEN,DST,0511,weighted,,,,,,,,,,,,,,,,,,,,,,,,,,,,,,,,,,,0.586617142857143,0.182994233619669,2.66730857142857,0.388486887449233,0.0118057142857143,0.0160055032740647,0.115362285714286,0.0470116130095036,0.1,0.0,,,,,,,,,,,,,,,,3
Lions,DET,DST,0522,weighted,,,,,,,,,,,,,,,,,,,,,,,,,,,,,,,,,,,0.734727685325265,0.120347869813013,2.41375945537065,0.16135743313061,0.0092927382753403,0.0142059015536297,0.131735249621785,0.0476658994824024,0.07,0.0,,,,,,,,,,,,,,,,3
Saints,NO,DST,0529,weighted,,,,,,,,,,,,,,,,,,,,,,,,,,,,,,,,,,,0.675291428571429,0.149078114593289,3.28153714285714,0.228246686395262,0.0118057142857143,0.0160055032740647,0.109928,0.0580487261347216,0.07,0.0,,,,,,,,,,,,,,,,3
Cardinals,ARI,DST,0519,weighted,,,,,,,,,,,,,,,,,,,,,,,,,,,,,,,,,,,0.856527987897126,0.418944326869905,2.67117246596067,0.312287166732231,0.0495627836611195,0.0436793374827919,0.167391830559758,0.0493348422797714,0.09,0.0,,,,,,,,,,,,,,,,3
49ers,SF,DST,0530,weighted,,,,,,,,,,,,,,,,,,,,,,,,,,,,,,,,,,,0.93661119515885,0.231302533086899,2.28482602118003,0.487342083611174,0.0267065052950076,0.022577972717516,0.23721482602118,0.111444864568986,0.11,1.60263336315656e-17,,,,,,,,,,,,,,,,3
Panthers,CAR,DST,0527,weighted,,,,,,,,,,,,,,,,,,,,,,,,,,,,,,,,,,,0.930219364599092,0.143975169743098,2.79075642965204,0.283264185124555,0.0740393343419062,0.0870898543906048,0.137431164901664,0.0942664349312454,0.08,0.0,,,,,,,,,,,,,,,,3
Rams,LAR,DST,0528,weighted,,,,,,,,,,,,,,,,,,,,,,,,,,,,,,,,,,,1.05478857142857,0.202392441480529,2.43585142857143,0.118130891329685,0.0245657142857143,0.0217510040870915,0.196930285714286,0.0253158496900075,0.09,0.0,,,,,,,,,,,,,,,,3
Eagles,PHI,DST,0518,weighted,,,,,,,,,,,,,,,,,,,,,,,,,,,,,,,,,,,0.809845714285714,0.0930260936559956,2.27702857142857,0.241867384539576,0.0109485714285714,0.0161643569773181,0.1434,0.0810017284239383,0.08,0.0,,,,,,,,,,,,,,,,3
Colts,IND,DST,0502,weighted,,,,,,,,,,,,,,,,,,,,,,,,,,,,,,,,,,,0.781754916792738,0.12293766758885,2.68978063540091,0.230895741905214,0.0123903177004539,0.0189412020715062,0.153134644478064,0.045278219778868,0.09,0.0,,,,,,,,,,,,,,,,3
Chargers,LAC,DST,0514,weighted,,,,,,,,,,,,,,,,,,,,,,,,,,,,,,,,,,,0.834817142857143,0.0632868340072698,3.11421714285714,0.540257851238107,0.0164228571428571,0.0242465354659772,0.188084571428571,0.0162450628087177,0.06,0.0,,,,,,,,,,,,,,,,3
Seahawks,SEA,DST,0515,weighted,,,,,,,,,,,,,,,,,,,,,,,,,,,,,,,,,,,0.761302857142857,0.177324378361839,2.39819428571429,0.603795166504494,0.0164228571428571,0.0242465354659772,0.171395428571429,0.0443298541161318,0.08,0.0,,,,,,,,,,,,,,,,3
Jaguars,JAC,DST,0509,weighted,,,,,,,,,,,,,,,,,,,,,,,,,,,,,,,,,,,0.694382857142857,0.140734298312624,2.95130857142857,0.295060559066467,0.0754114285714286,0.0195002697137379,0.135774857142857,0.0428755228232122,0.08,0.0,,,,,,,,,,,,,,,,3
Packers,GB,DST,0523,weighted,,,,,,,,,,,,,,,,,,,,,,,,,,,,,,,,,,,0.903405714285714,0.161326210625797,2.37925142857143,0.357147870726363,0.0082114285714285,0.0121232677329886,0.159625142857143,0.0717834193751324,0.11,0.0,,,,,,,,,,,,,,,,3
Bills,BUF,DST,0501,weighted,,,,,,,,,,,,,,,,,,,,,,,,,,,,,,,,,,,1.03862857142857,0.110789167973642,2.59497714285714,0.364650948085392,0.0109485714285714,0.0161643569773181,0.157694857142857,0.0883982251614953,0.07,0.0,,,,,,,,,,,,,,,,3
Bears,CHI,DST,0521,weighted,,,,,,,,,,,,,,,,,,,,,,,,,,,,,,,,,,,1.01531428571429,0.287352822402184,2.60033714285714,0.500163755437816,0.0300171428571429,0.0290183228854666,0.143596571428571,0.0473341332587689,0.07,0.0,,,,,,,,,,,,,,,,3
Titans,TEN,DST,0508,weighted,,,,,,,,,,,,,,,,,,,,,,,,,,,,,,,,,,,0.971771428571429,0.260375758336464,3.11216571428571,0.598589460574405,0.110834285714286,0.0554902593983104,0.217330285714286,0.0498618778300965,0.06,0.0,,,,,,,,,,,,,,,,3
Vikings,MIN,DST,0524,weighted,,,,,,,,,,,,,,,,,,,,,,,,,,,,,,,,,,,0.786594285714286,0.160402769745821,3.0444,0.397659787757168,0.0109485714285714,0.0161643569773181,0.180886857142857,0.0498576847964229,0.07,0.0,,,,,,,,,,,,,,,,3
Cowboys,DAL,DST,0516,weighted,,,,,,,,,,,,,,,,,,,,,,,,,,,,,,,,,,,1.07425714285714,0.316954930104406,2.87690857142857,0.532372052655552,0.0164228571428571,0.0242465354659772,0.20288,0.0774674438189238,0.06,0.0,,,,,,,,,,,,,,,,3
Patriots,NE,DST,0504,weighted,,,,,,,,,,,,,,,,,,,,,,,,,,,,,,,,,,,1.25253142857143,0.248439991942078,2.68036571428571,0.342116098163539,0.0136857142857143,0.0202054462216476,0.276332571428571,0.133160485957498,0.09,0.0,,,,,,,,,,,,,,,,3
Calais Campbell,JAC,DL,9051,weighted,,,,,,,,,,,,,,,,,,,,,,,,,,,,,,,,,,,,,,,,,,,,,3.50490042674253,0.798686893723055,0.510263157894737,0.0439053302888223,0.0099644381223328,0.0078657980037242,0.110163584637269,0.0284475606921773,,,2008.0,1986-09-01,,,,3
Calais Campbell,BAL,DL,9051,weighted,,,,,,,,,,,,,,,,,,,,,,,,,,,,,,,,,,,,,,,,,,,,,3.50490042674253,0.798686893723055,0.510263157894737,0.0439053302888223,0.0099644381223328,0.0078657980037242,0.110163584637269,0.0284475606921773,,,2008.0,1986-09-01,,,,3
Danielle Hunter,MIN,DL,12221,weighted,,,,,,,,,,,,,,,,,,,,,,,,,,,,,,,,,,,,,,,,,,,,,3.64303224276908,0.567899828178563,0.909118065433855,0.137988430473024,0.0099644381223328,0.0078657980037242,0.0598719772403983,0.0360814913682518,,,2015.0,1994-10-29,,,,3
Joey Bosa,LAC,DL,12686,weighted,,,,,,,,,,,,,,,,,,,,,,,,,,,,,,,,,,,,,,,,,,,,,3.40587482219061,0.638138288469546,0.643376007586534,0.108967515602313,0.0,0.0,0.0699359886201991,0.0136867804647421,,,2016.0,1995-07-11,,,,3
Myles Garrett,CLE,DL,13198,weighted,,,,,,,,,,,,,,,,,,,,,,,,,,,,,,,,,,,,,,,,,,,,,2.69790659080133,0.832404263611252,0.975976766239924,0.155351151490384,0.0033546704599336,0.004562260154914,0.173155523944998,0.0524340183527455,,,2017.0,1995-12-29,,,,3
Sam Hubbard,CIN,DL,13684,weighted,,,,,,,,,,,,,,,,,,,,,,,,,,,,,,,,,,,,,,,,,,,,,2.81127811860941,1.02778559470102,0.538854805725971,0.177201975511423,0.0033640081799591,0.0057867660695355,0.0633640081799591,0.0057867660695356,,,2018.0,,,,,3
AShawn Robinson,DET,DL,12697,weighted,,,,,,,,,,,,,,,,,,,,,,,,,,,,,,,,,,,,,,,,,,,,,2.62073619631902,1.01736622112419,0.149683026584867,0.081757717034257,0.0050255623721881,0.0049884871296169,0.0434253578732106,0.032138802463357,,,2016.0,1995-03-21,,,,3
AShawn Robinson,LAR,DL,12697,weighted,,,,,,,,,,,,,,,,,,,,,,,,,,,,,,,,,,,,,,,,,,,,,2.62073619631902,1.01736622112419,0.149683026584867,0.081757717034257,0.0050255623721881,0.0049884871296169,0.0434253578732106,0.032138802463357,,,2016.0,1995-03-21,,,,3
Cameron Jordan,NO,DL,10292,weighted,,,,,,,,,,,,,,,,,,,,,,,,,,,,,,,,,,,,,,,,,,,,,3.06011142721669,0.516759603123565,0.703667614983404,0.135697190490773,0.0100640113798009,0.0136867804647421,0.277228544333807,0.160664191579525,,,2011.0,1989-07-10,,,,3
Sheldon Richardson,CLE,DL,11283,weighted,,,,,,,,,,,,,,,,,,,,,,,,,,,,,,,,,,,,,,,,,,,,,2.62666666666667,0.904884412374576,0.183353783231084,0.0931275772055947,0.0165337423312883,0.0207512596387443,0.139877300613497,0.0601848070538552,,,2013.0,1990-11-30,,,,3
Damon Harrison,DET,DL,11045,weighted,,,,,,,,,,,,,,,,,,,,,,,,,,,,,,,,,,,,,,,,,,,,,2.59246325272641,0.723280519168594,0.159935988620199,0.0409981399428482,0.0199288762446657,0.0157315960074485,0.280071123755334,0.0157315960074485,,,2012.0,1988-11-29,,,,3
Damon Harrison,FA,DL,11045,weighted,,,,,,,,,,,,,,,,,,,,,,,,,,,,,,,,,,,,,,,,,,,,,2.59246325272641,0.723280519168594,0.159935988620199,0.0409981399428482,0.0199288762446657,0.0157315960074485,0.280071123755334,0.0157315960074485,,,2012.0,1988-11-29,,,,3
Cameron Heyward,PIT,DL,10266,weighted,,,,,,,,,,,,,,,,,,,,,,,,,,,,,,,,,,,,,,,,,,,,,2.5419724988146,0.720080598366614,0.453489805595069,0.100217675415851,0.0033546704599336,0.004562260154914,0.1266951161688,0.0507726279364404,,,2011.0,1989-05-06,,,,3
Grady Jarrett,ATL,DL,12305,weighted,,,,,,,,,,,,,,,,,,,,,,,,,,,,,,,,,,,,,,,,,,,,,2.71196319018405,0.746566628076147,0.513169734151329,0.0230226587256675,0.0,0.0,0.0348721881390593,0.0249424356480846,,,2015.0,1993-04-28,,,,3
Larry Ogunjobi,CLE,DL,13265,weighted,,,,,,,,,,,,,,,,,,,,,,,,,,,,,,,,,,,,,,,,,,,,,2.62450920245399,0.76855485200766,0.386175869120654,0.0899532331133594,0.0033640081799591,0.0057867660695355,0.033640081799591,0.0578676606953559,,,2017.0,1994-06-03,,,,3
DeForest Buckner,SF,DL,12688,weighted,,,,,,,,,,,,,,,,,,,,,,,,,,,,,,,,,,,,,,,,,,,,,2.60922238027501,0.630641222249376,0.569352773826458,0.10218314717894,0.0099644381223328,0.0078657980037242,0.180128022759602,0.0819962798856964,,,2016.0,1994-03-17,,,,3
DeForest Buckner,IND,DL,12688,weighted,,,,,,,,,,,,,,,,,,,,,,,,,,,,,,,,,,,,,,,,,,,,,2.60922238027501,0.630641222249376,0.569352773826458,0.10218314717894,0.0099644381223328,0.0078657980037242,0.180128022759602,0.0819962798856964,,,2016.0,1994-03-17,,,,3
Stephon Tuitt,PIT,DL,11707,weighted,,,,,,,,,,,,,,,,,,,,,,,,,,,,,,,,,,,,,,,,,,,,,2.39753578732106,0.787931852673269,0.592484662576687,0.1200807857392,0.0,0.0,0.162852760736196,0.0815824861898355,,,2014.0,1993-05-23,,,,3
Kenny Clark,GB,DL,12739,weighted,,,,,,,,,,,,,,,,,,,,,,,,,,,,,,,,,,,,,,,,,,,,,2.64069464201043,0.455971472531723,0.532899478425794,0.0668788066580421,0.0133191085822665,0.0091106977650773,0.160241820768137,0.0415848547938271,,,2016.0,1995-10-04,,,,3
Chandler Jones,ARI,DL,10753,weighted,,,,,,,,,,,,,,,,,,,,,,,,,,,,,,,,,,,,,,,,,,,,,2.79,0.657609306503489,0.729677419354839,0.0424264068711929,0.0301075268817204,0.014142135623731,0.35494623655914,0.0070710678118654,,,2012.0,1990-02-27,,,,3
Markus Golden,NYG,DL,12278,weighted,,,,,,,,,,,,,,,,,,,,,,,,,,,,,,,,,,,,,,,,,,,,,3.11344086021505,0.205060966544098,0.369247311827957,0.0989949493661167,0.0151612903225806,0.0212132034355964,0.189677419354839,0.0424264068711929,,,,,,,,3
Linval Joseph,MIN,DL,9904,weighted,,,,,,,,,,,,,,,,,,,,,,,,,,,,,,,,,,,,,,,,,,,,,2.74364008179959,0.425919186424848,0.27601226993865,0.0998473750200085,0.0033640081799591,0.0057867660695355,0.0234049079754601,0.0252465936894285,,,2010.0,1988-10-10,,,,3
Linval Joseph,LAC,DL,9904,weighted,,,,,,,,,,,,,,,,,,,,,,,,,,,,,,,,,,,,,,,,,,,,,2.74364008179959,0.425919186424848,0.27601226993865,0.0998473750200085,0.0033640081799591,0.0057867660695355,0.0234049079754601,0.0252465936894285,,,2010.0,1988-10-10,,,,3
Aaron Donald,LAR,DL,11757,weighted,,,,,,,,,,,,,,,,,,,,,,,,,,,,,,,,,,,,,,,,,,,,,2.32339497392129,0.677792486152219,0.86262209577999,0.253180466044864,0.0398577524893314,0.031463192014897,0.102842579421527,0.0795023024125253,,,2014.0,1991-05-23,Q,Back,2019.0,3
J.J. Watt,HOU,DL,10272,weighted,,,,,,,,,,,,,,,,,,,,,,,,,,,,,,,,,,,,,,,,,,,,,2.54371503082029,0.456600519839304,0.750177809388336,0.0393289900186212,0.0067093409198672,0.009124520309828,0.283681839734471,0.0870439947910746,,,2011.0,1989-03-22,,,,3
Denico Autry,IND,DL,12083,weighted,,,,,,,,,,,,,,,,,,,,,,,,,,,,,,,,,,,,,,,,,,,,,2.25462167689162,0.833302405690955,0.706063394683027,0.183281426931096,0.0099488752556237,0.0099769742592338,0.133435582822086,0.0704410769991182,,,,,,,,3
Carlos Dunlap,CIN,DL,9825,weighted,,,,,,,,,,,,,,,,,,,,,,,,,,,,,,,,,,,,,,,,,,,,,2.5843551446183,0.435707478699189,0.486524419155998,0.0596926896689606,0.0299644381223329,0.0078657980037242,0.309623044096728,0.0971595876688299,,,2010.0,1989-02-28,,,,3
Akiem Hicks,CHI,DL,10823,weighted,,,,,,,,,,,,,,,,,,,,,,,,,,,,,,,,,,,,,,,,,,,,,2.69153390232338,0.283878976755147,0.516275486012328,0.0601015834857331,0.0067093409198672,0.009124520309828,0.229637268847795,0.0954370654753661,,,2012.0,1989-11-16,,,,3
Da'Ron Payne,WAS,DL,13723,weighted,,,,,,,,,,,,,,,,,,,,,,,,,,,,,,,,,,,,,,,,,,,,,2.51053169734151,0.590214144911541,0.306942740286299,0.0404196208043263,0.020040899795501,0.0200616023512851,0.226768916155419,0.0306477800178765,,,2018.0,1997-05-27,,,,3
Trey Flowers,DET,DL,12222,weighted,,,,,,,,,,,,,,,,,,,,,,,,,,,,,,,,,,,,,,,,,,,,,2.36694879089616,0.473492105669967,0.399843527738265,0.0687342192791117,0.0033546704599336,0.004562260154914,0.0865244191559981,0.0226888158222326,,,2015.0,1993-08-16,,,,3
Dante Fowler,LAR,DL,12217,weighted,,,,,,,,,,,,,,,,,,,,,,,,,,,,,,,,,,,,,,,,,,,,,2.9389247311828,0.14142135623731,0.460430107526882,0.0565685424949238,0.0101075268817204,0.014142135623731,0.130322580645161,0.0424264068711928,,,,1994-08-03,,,,3
Dante Fowler,ATL,DL,12217,weighted,,,,,,,,,,,,,,,,,,,,,,,,,,,,,,,,,,,,,,,,,,,,,2.9389247311828,0.14142135623731,0.460430107526882,0.0565685424949238,0.0101075268817204,0.014142135623731,0.130322580645161,0.0424264068711928,,,,1994-08-03,,,,3
Clelin Ferrell,OAK,DL,14151,weighted,,,,,,,,,,,,,,,,,,,,,,,,,,,,,,,,,,,,,,,,,,,,,2.45638036809816,0.501698767498898,0.436441717791411,0.0711728200584535,0.0067280163599182,0.0115735321390712,0.242955010224949,0.0816709820125071,,,2019.0,1997-05-17,,,,3
Clelin Ferrell,LVR,DL,14151,weighted,,,,,,,,,,,,,,,,,,,,,,,,,,,,,,,,,,,,,,,,,,,,,2.45638036809816,0.501698767498898,0.436441717791411,0.0711728200584535,0.0067280163599182,0.0115735321390712,0.242955010224949,0.0816709820125071,,,2019.0,1997-05-17,,,,3
Chris Jones,KC,DL,12741,weighted,,,,,,,,,,,,,,,,,,,,,,,,,,,,,,,,,,,,,,,,,,,,,2.50763231197772,0.487125436693798,0.79455896007428,0.0907390519331584,0.0349767873723306,0.0047757395754293,0.300464252553389,0.0955147915085878,,,2016.0,1994-07-03,,,,3
Fletcher Cox,PHI,DL,10762,weighted,,,,,,,,,,,,,,,,,,,,,,,,,,,,,,,,,,,,,,,,,,,,,2.02606685633001,0.669929775673553,0.416467520151731,0.0805169993494144,0.0,0.0,0.192991939307729,0.0553606661867524,,,2012.0,1990-12-13,,,,3
Frank Clark,KC,DL,12280,weighted,,,,,,,,,,,,,,,,,,,,,,,,,,,,,,,,,,,,,,,,,,,,,2.39446894262684,0.428612039059332,0.633454243717402,0.0461813999522349,0.0902916073968705,0.079899939407559,0.233504030346136,0.048108655157669,,,2015.0,1993-06-14,,,,3
Olivier Vernon,CLE,DL,10815,weighted,,,,,,,,,,,,,,,,,,,,,,,,,,,,,,,,,,,,,,,,,,,,,2.10673541963016,0.585358787713847,0.483269321953532,0.0571023382431233,0.0033546704599336,0.004562260154914,0.103411569464201,0.0356631074167317,,,2012.0,1990-10-07,,,,3
Demarcus Lawrence,DAL,DL,11769,weighted,,,,,,,,,,,,,,,,,,,,,,,,,,,,,,,,,,,,,,,,,,,,,2.41436936936937,0.358049787305316,0.565898530109056,0.119064800772383,0.0150533428165007,0.0117986970055864,0.0799288762446657,0.0157315960074485,,,2014.0,1992-04-28,,,,3
Ndamukong Suh,TB,DL,9815,weighted,,,,,,,,,,,,,,,,,,,,,,,,,,,,,,,,,,,,,,,,,,,,,2.34123518255097,0.440973431175163,0.359637268847795,0.0623772821907407,0.0100640113798009,0.0136867804647421,0.170106685633001,0.0235973940111727,,,2010.0,1987-01-06,,,,3
Corey Peters,ARI,DL,9919,weighted,,,,,,,,,,,,,,,,,,,,,,,,,,,,,,,,,,,,,,,,,,,,,2.3984756097561,0.707106781186548,0.389664634146341,0.15556349186104,0.0,0.0,0.0899695121951219,0.014142135623731,,,2010.0,1988-06-08,,,,3
Matt Ioannidis,WAS,DL,12797,weighted,,,,,,,,,,,,,,,,,,,,,,,,,,,,,,,,,,,,,,,,,,,,,2.41036809815951,0.401289999140041,0.448803680981595,0.186761336748698,0.0,0.0,0.0735173824130879,0.0304597912046085,,,2016.0,1994-01-11,,,,3
Henry Anderson,NYJ,DL,12288,weighted,,,,,,,,,,,,,,,,,,,,,,,,,,,,,,,,,,,,,,,,,,,,,1.76784253578732,0.950446265169725,0.333057259713701,0.115929929700166,0.0099488752556237,0.0099769742592338,0.13321063394683,0.0305105673416306,,,2015.0,1991-08-03,,,,3
Dee Ford,SF,DL,11711,weighted,,,,,,,,,,,,,,,,,,,,,,,,,,,,,,,,,,,,,,,,,,,,,2.01043859649123,0.547232601036171,0.579658605974395,0.125100168436074,0.0099644381223328,0.0078657980037242,0.109786628733997,0.0471947880223454,,,2014.0,1991-03-19,Q,Quadriceps,2019.0,3
Melvin Ingram,LAC,DL,10749,weighted,,,,,,,,,,,,,,,,,,,,,,,,,,,,,,,,,,,,,,,,,,,,,2.46475092250923,0.129173044628287,0.515027675276753,0.0143525605142541,0.0249907749077491,0.0047841868380846,0.189981549815498,0.0095683736761694,,,2012.0,1989-04-26,,,,3
Michael Brockers,LAR,DL,10763,weighted,,,,,,,,,,,,,,,,,,,,,,,,,,,,,,,,,,,,,,,,,,,,,2.30091463414634,0.424264068711929,0.194984756097561,0.0070710678118654,0.0150457317073171,0.0212132034355964,0.110030487804878,0.0141421356237309,,,2012.0,1990-12-21,,,,3
Everson Griffen,MIN,DL,9828,weighted,,,,,,,,,,,,,,,,,,,,,,,,,,,,,,,,,,,,,,,,,,,,,2.13824324324324,0.319362037910937,0.516524419155998,0.0226888158222326,0.0100640113798009,0.0136867804647421,0.13694404931247,0.0717444131804846,,,2010.0,1987-12-22,,,,3
Everson Griffen,FA,DL,9828,weighted,,,,,,,,,,,,,,,,,,,,,,,,,,,,,,,,,,,,,,,,,,,,,2.13824324324324,0.319362037910937,0.516524419155998,0.0226888158222326,0.0100640113798009,0.0136867804647421,0.13694404931247,0.0717444131804846,,,2010.0,1987-12-22,,,,3
Derek Wolfe,DEN,DL,10806,weighted,,,,,,,,,,,,,,,,,,,,,,,,,,,,,,,,,,,,,,,,,,,,,2.23602134146341,0.473761543394987,0.15015243902439,0.0707106781186548,0.0350762195121951,0.0353553390593274,0.195289634146341,0.134350288425444,,,2012.0,1990-02-24,,,,3
Derek Wolfe,BAL,DL,10806,weighted,,,,,,,,,,,,,,,,,,,,,,,,,,,,,,,,,,,,,,,,,,,,,2.23602134146341,0.473761543394987,0.15015243902439,0.0707106781186548,0.0350762195121951,0.0353553390593274,0.195289634146341,0.134350288425444,,,2012.0,1990-02-24,,,,3
Jurrell Casey,TEN,DL,10335,weighted,,,,,,,,,,,,,,,,,,,,,,,,,,,,,,,,,,,,,,,,,,,,,2.38979704797048,0.105252110437863,0.425046125461255,0.0239209341904235,0.0,0.0,0.0349538745387454,0.0239209341904235,,,2011.0,1989-12-05,,,,3
Jurrell Casey,DEN,DL,10335,weighted,,,,,,,,,,,,,,,,,,,,,,,,,,,,,,,,,,,,,,,,,,,,,2.38979704797048,0.105252110437863,0.425046125461255,0.0239209341904235,0.0,0.0,0.0349538745387454,0.0239209341904235,,,2011.0,1989-12-05,,,,3
Derek Barnett,PHI,DL,13201,weighted,,,,,,,,,,,,,,,,,,,,,,,,,,,,,,,,,,,,,,,,,,,,,2.15394817073171,0.487903679018718,0.54984756097561,0.0707106781186547,0.0,0.0,0.0701524390243903,0.0707106781186548,,,2017.0,1996-06-25,,,,3
Justin Houston,IND,DL,10277,weighted,,,,,,,,,,,,,,,,,,,,,,,,,,,,,,,,,,,,,,,,,,,,,2.08942804428044,0.296619583961251,0.629870848708487,0.0669786157331857,0.03,0.0,0.0750276752767528,0.0143525605142541,,,2011.0,1989-01-21,,,,3
B.J. Hill,NYG,DL,13742,weighted,,,,,,,,,,,,,,,,,,,,,,,,,,,,,,,,,,,,,,,,,,,,,2.30471036585366,0.134350288425444,0.340121951219512,0.0565685424949238,0.019969512195122,0.0141421356237309,0.14984756097561,0.0707106781186548,,,2018.0,1995-04-20,,,,3
Shelby Harris,DEN,DL,11872,weighted,,,,,,,,,,,,,,,,,,,,,,,,,,,,,,,,,,,,,,,,,,,,,1.91125,0.579827560572969,0.150243902439024,0.113137084989848,0.03,0.0,0.0749237804878049,0.0353553390593274,,,2014.0,1991-08-11,,,,3
Al-Quadin Muhammad,IND,DL,13330,weighted,,,,,,,,,,,,,,,,,,,,,,,,,,,,,,,,,,,,,,,,,,,,,1.70182926829268,0.848528137423857,0.220365853658537,0.169705627484771,0.0150457317073171,0.0212132034355964,0.125198170731707,0.0919238815542512,,,2017.0,1995-03-28,,,,3
Cameron Wake,TEN,DL,9425,weighted,,,,,,,,,,,,,,,,,,,,,,,,,,,,,,,,,,,,,,,,,,,,,1.61795698924731,0.926309883354377,0.59741935483871,0.339411254969543,0.02,0.0,0.04,0.0,,,2009.0,1982-01-30,,,,3
Cameron Wake,FA,DL,9425,weighted,,,,,,,,,,,,,,,,,,,,,,,,,,,,,,,,,,,,,,,,,,,,,1.61795698924731,0.926309883354377,0.59741935483871,0.339411254969543,0.02,0.0,0.04,0.0,,,2009.0,1982-01-30,,,,3
Ezekiel Ansah,SEA,DL,11267,weighted,,,,,,,,,,,,,,,,,,,,,,,,,,,,,,,,,,,,,,,,,,,,,1.84434501845018,0.339677265504014,0.709649446494465,0.181799099847218,0.02,0.0,0.3,0.0,,,2013.0,1989-05-29,,,,3
Ezekiel Ansah,FA,DL,11267,weighted,,,,,,,,,,,,,,,,,,,,,,,,,,,,,,,,,,,,,,,,,,,,,1.84434501845018,0.339677265504014,0.709649446494465,0.181799099847218,0.02,0.0,0.3,0.0,,,2013.0,1989-05-29,,,,3
Jadeveon Clowney,SEA,DL,11706,weighted,,,,,,,,,,,,,,,,,,,,,,,,,,,,,,,,,,,,,,,,,,,,,2.2,0.0,0.8,1.58433283425795e-16,0.02,0.0,0.4,7.92166417128973e-17,,,2014.0,1993-02-14,,,,3
Jadeveon Clowney,FA,DL,11706,weighted,,,,,,,,,,,,,,,,,,,,,,,,,,,,,,,,,,,,,,,,,,,,,2.2,0.0,0.8,1.58433283425795e-16,0.02,0.0,0.4,7.92166417128973e-17,,,2014.0,1993-02-14,,,,3
Dexter Lawrence,NYG,DL,14159,weighted,,,,,,,,,,,,,,,,,,,,,,,,,,,,,,,,,,,,,,,,,,,,,1.87400914634146,0.459619407771256,0.135137195121951,0.0636396103067893,0.0,0.0,0.0749237804878049,0.0353553390593274,,,2019.0,1997-11-12,,,,3
Ed Oliver,BUF,DL,14158,weighted,,,,,,,,,,,,,,,,,,,,,,,,,,,,,,,,,,,,,,,,,,,,,1.85394817073171,0.487903679018718,0.354557926829268,0.205060966544099,0.005015243902439,0.0070710678118654,0.279634146341463,0.169705627484771,,,2019.0,1997-12-12,,,,3
Michael Bennett,NE,DL,9749,weighted,,,,,,,,,,,,,,,,,,,,,,,,,,,,,,,,,,,,,,,,,,,,,1.78395705521472,0.367018678688283,0.613098159509202,0.0320596621059961,0.0,0.0,0.0430777096114519,0.0350737347303194,,,2009.0,1985-11-13,,,,3
Michael Bennett,FA,DL,9749,weighted,,,,,,,,,,,,,,,,,,,,,,,,,,,,,,,,,,,,,,,,,,,,,1.78395705521472,0.367018678688283,0.613098159509202,0.0320596621059961,0.0,0.0,0.0430777096114519,0.0350737347303194,,,2009.0,1985-11-13,,,,3
Alex Okafor,KC,DL,11262,weighted,,,,,,,,,,,,,,,,,,,,,,,,,,,,,,,,,,,,,,,,,,,,,1.79620426829268,0.558614357137373,0.190274390243902,0.127279220613579,0.0150457317073171,0.0212132034355964,0.2,0.0,,,2013.0,1991-02-08,,,,3
Vita Vea,TB,DL,13692,weighted,,,,,,,,,,,,,,,,,,,,,,,,,,,,,,,,,,,,,,,,,,,,,1.73131097560976,0.608111831820431,0.20030487804878,0.14142135623731,0.005015243902439,0.0070710678118654,0.0501524390243903,0.0707106781186548,,,2018.0,1995-02-05,,,,3
Arik Armstead,SF,DL,12218,weighted,,,,,,,,,,,,,,,,,,,,,,,,,,,,,,,,,,,,,,,,,,,,,1.90440548780488,0.275771644662754,0.334801829268293,0.0919238815542512,0.0,0.0,0.0,0.0,,,2015.0,1993-11-15,,,,3
Rodney Gunter,ARI,DL,12298,weighted,,,,,,,,,,,,,,,,,,,,,,,,,,,,,,,,,,,,,,,,,,,,,2.05987804878049,0.0565685424949239,0.275228658536585,0.106066017177982,0.0,0.0,0.09,0.0,,,,,,,,3
Rodney Gunter,JAC,DL,12298,weighted,,,,,,,,,,,,,,,,,,,,,,,,,,,,,,,,,,,,,,,,,,,,,2.05987804878049,0.0565685424949239,0.275228658536585,0.106066017177982,0.0,0.0,0.09,0.0,,,,,,,,3
Charles Harris,MIA,DL,13204,weighted,,,,,,,,,,,,,,,,,,,,,,,,,,,,,,,,,,,,,,,,,,,,,1.90060975609756,0.282842712474619,0.274923780487805,0.0353553390593274,0.0150457317073171,0.0212132034355964,0.0600914634146341,0.0424264068711929,,,2017.0,,,,,3
Charles Harris,ATL,DL,13204,weighted,,,,,,,,,,,,,,,,,,,,,,,,,,,,,,,,,,,,,,,,,,,,,1.90060975609756,0.282842712474619,0.274923780487805,0.0353553390593274,0.0150457317073171,0.0212132034355964,0.0600914634146341,0.0424264068711929,,,2017.0,,,,,3
Davon Godchaux,MIA,DL,13317,weighted,,,,,,,,,,,,,,,,,,,,,,,,,,,,,,,,,,,,,,,,,,,,,1.93951219512195,0.226274169979695,0.174923780487805,0.0353553390593274,0.010030487804878,0.014142135623731,0.0250762195121951,0.0353553390593274,,,2017.0,1994-11-11,,,,3
Johnathan Hankins,OAK,DL,11281,weighted,,,,,,,,,,,,,,,,,,,,,,,,,,,,,,,,,,,,,,,,,,,,,1.86048780487805,0.226274169979695,0.0802439024390244,0.113137084989848,0.0150457317073171,0.0212132034355964,0.14984756097561,0.0707106781186548,,,2013.0,1992-01-01,,,,3
Johnathan Hankins,LVR,DL,11281,weighted,,,,,,,,,,,,,,,,,,,,,,,,,,,,,,,,,,,,,,,,,,,,,1.86048780487805,0.226274169979695,0.0802439024390244,0.113137084989848,0.0150457317073171,0.0212132034355964,0.14984756097561,0.0707106781186548,,,2013.0,1992-01-01,,,,3
Dean Lowry,GB,DL,12791,weighted,,,,,,,,,,,,,,,,,,,,,,,,,,,,,,,,,,,,,,,,,,,,,1.96018292682927,0.0848528137423858,0.230091463414634,0.0424264068711929,0.010030487804878,0.014142135623731,0.279939024390244,0.0282842712474619,,,2016.0,,,,,3
Dalvin Tomlinson,NYG,DL,13260,weighted,,,,,,,,,,,,,,,,,,,,,,,,,,,,,,,,,,,,,,,,,,,,,1.81064024390244,0.29698484809835,0.0501524390243903,0.0707106781186548,0.005015243902439,0.0070710678118654,0.0150457317073171,0.0212132034355964,,,2017.0,1994-02-18,,,,3
Brandon Graham,PHI,DL,9826,weighted,,,,,,,,,,,,,,,,,,,,,,,,,,,,,,,,,,,,,,,,,,,,,1.83951219512195,0.226274169979695,0.385259146341463,0.120208152801713,0.010030487804878,0.014142135623731,0.15015243902439,0.0707106781186548,,,2010.0,1988-04-03,,,,3
Leonard Williams,NYJ,DL,12225,weighted,,,,,,,,,,,,,,,,,,,,,,,,,,,,,,,,,,,,,,,,,,,,,1.80060975609756,0.282842712474619,0.30532012195122,0.148492424049175,0.04,0.0,0.125076219512195,0.0353553390593274,,,2015.0,1994-06-20,,,,3
Leonard Williams,NYG,DL,12225,weighted,,,,,,,,,,,,,,,,,,,,,,,,,,,,,,,,,,,,,,,,,,,,,1.80060975609756,0.282842712474619,0.30532012195122,0.148492424049175,0.04,0.0,0.125076219512195,0.0353553390593274,,,2015.0,1994-06-20,,,,3
D.J. Reader,HOU,DL,12802,weighted,,,,,,,,,,,,,,,,,,,,,,,,,,,,,,,,,,,,,,,,,,,,,1.82446646341463,0.247487373415292,0.124771341463415,0.106066017177982,0.005015243902439,0.0070710678118654,0.135350609756098,0.162634559672906,,,2016.0,1994-07-01,,,,3
D.J. Reader,CIN,DL,12802,weighted,,,,,,,,,,,,,,,,,,,,,,,,,,,,,,,,,,,,,,,,,,,,,1.82446646341463,0.247487373415292,0.124771341463415,0.106066017177982,0.005015243902439,0.0070710678118654,0.135350609756098,0.162634559672906,,,2016.0,1994-07-01,,,,3
Marcus Davenport,NO,DL,13688,weighted,,,,,,,,,,,,,,,,,,,,,,,,,,,,,,,,,,,,,,,,,,,,,1.95992619926199,0.0382734947046776,0.489981549815498,0.0095683736761694,0.0050092250922509,0.0047841868380847,0.0649723247232472,0.0143525605142541,,,2018.0,1996-09-04,,,,3
Zach Allen,ARI,DL,14153,weighted,,,,,,,,,,,,,,,,,,,,,,,,,,,,,,,,,,,,,,,,,,,,,1.83449695121951,0.233345237791561,0.220060975609756,0.0282842712474619,0.005015243902439,0.0070710678118654,0.105137195121951,0.0636396103067893,,,2019.0,1997-08-20,,,,3
Tyler Lancaster,GB,DL,13989,weighted,,,,,,,,,,,,,,,,,,,,,,,,,,,,,,,,,,,,,,,,,,,,,1.6958993902439,0.417193000900063,0.0501524390243903,0.0707106781186548,0.005015243902439,0.0070710678118654,0.0401219512195122,0.0565685424949238,,,2018.0,1970-01-01,,,,3
Carl Nassib,TB,DL,12753,weighted,,,,,,,,,,,,,,,,,,,,,,,,,,,,,,,,,,,,,,,,,,,,,1.77553353658537,0.247487373415292,0.370518292682927,0.240416305603426,0.010030487804878,0.014142135623731,0.115228658536585,0.106066017177982,,,2016.0,1993-04-12,,,,3
Carl Nassib,LVR,DL,12753,weighted,,,,,,,,,,,,,,,,,,,,,,,,,,,,,,,,,,,,,,,,,,,,,1.77553353658537,0.247487373415292,0.370518292682927,0.240416305603426,0.010030487804878,0.014142135623731,0.115228658536585,0.106066017177982,,,2016.0,1993-04-12,,,,3
DaQuan Jones,TEN,DL,11793,weighted,,,,,,,,,,,,,,,,,,,,,,,,,,,,,,,,,,,,,,,,,,,,,1.75957317073171,0.197989898732233,0.1,0.0,0.005015243902439,0.0070710678118654,0.055015243902439,0.0070710678118654,,,2014.0,1991-12-17,,,,3
Takkarist McKinley,ATL,DL,13205,weighted,,,,,,,,,,,,,,,,,,,,,,,,,,,,,,,,,,,,,,,,,,,,,1.65926829268293,0.339411254969543,0.405015243902439,0.0070710678118654,0.0,0.0,0.0648932926829268,0.0494974746830583,,,2017.0,1995-11-02,,,,3
Michael Pierce,BAL,DL,12952,weighted,,,,,,,,,,,,,,,,,,,,,,,,,,,,,,,,,,,,,,,,,,,,,1.67553353658537,0.247487373415292,0.0451371951219512,0.0636396103067893,0.005015243902439,0.0070710678118654,0.039969512195122,0.014142135623731,,,2016.0,1992-11-06,,,,3
Michael Pierce,MIN,DL,12952,weighted,,,,,,,,,,,,,,,,,,,,,,,,,,,,,,,,,,,,,,,,,,,,,1.67553353658537,0.247487373415292,0.0451371951219512,0.0636396103067893,0.005015243902439,0.0070710678118654,0.039969512195122,0.014142135623731,,,2016.0,1992-11-06,,,,3
Josh Mauro,OAK,DL,12099,weighted,,,,,,,,,,,,,,,,,,,,,,,,,,,,,,,,,,,,,,,,,,,,,1.05730182926829,1.06773123959169,0.0851981707317073,0.0919238815542512,0.0,0.0,0.0350762195121951,0.0353553390593274,,,2014.0,1991-02-17,,,,3
Josh Mauro,FA,DL,12099,weighted,,,,,,,,,,,,,,,,,,,,,,,,,,,,,,,,,,,,,,,,,,,,,1.05730182926829,1.06773123959169,0.0851981707317073,0.0919238815542512,0.0,0.0,0.0350762195121951,0.0353553390593274,,,2014.0,1991-02-17,,,,3
Poona Ford,SEA,DL,13933,weighted,,,,,,,,,,,,,,,,,,,,,,,,,,,,,,,,,,,,,,,,,,,,,1.65547256097561,0.21920310216783,0.179939024390244,0.0282842712474619,0.0,0.0,0.0250762195121951,0.0353553390593274,,,2018.0,1995-11-19,,,,3
Marcell Dareus,JAC,DL,10265,weighted,,,,,,,,,,,,,,,,,,,,,,,,,,,,,,,,,,,,,,,,,,,,,1.60942073170732,0.268700576850888,0.159878048780488,0.0565685424949238,0.005015243902439,0.0070710678118654,0.0951067073170732,0.0494974746830583,,,2011.0,1989-11-18,,,,3
Marcell Dareus,FA,DL,10265,weighted,,,,,,,,,,,,,,,,,,,,,,,,,,,,,,,,,,,,,,,,,,,,,1.60942073170732,0.268700576850888,0.159878048780488,0.0565685424949238,0.005015243902439,0.0070710678118654,0.0951067073170732,0.0494974746830583,,,2011.0,1989-11-18,,,,3
Yannick Ngakoue,JAC,DL,12756,weighted,,,,,,,,,,,,,,,,,,,,,,,,,,,,,,,,,,,,,,,,,,,,,1.72477134146341,0.106066017177982,0.510030487804878,0.014142135623731,0.0,0.0,0.130091463414634,0.0424264068711929,,,2016.0,1995-03-31,,,,3
Jonathan Allen,WAS,DL,13208,weighted,,,,,,,,,,,,,,,,,,,,,,,,,,,,,,,,,,,,,,,,,,,,,1.66960365853659,0.183847763108502,0.320060975609756,0.0282842712474619,0.0,0.0,0.02,0.0,,,2017.0,1995-01-16,Q,Knee - MCL,2019.0,3
Chase Winovich,NE,DL,14176,weighted,,,,,,,,,,,,,,,,,,,,,,,,,,,,,,,,,,,,,,,,,,,,,1.32856707317073,0.664680374315355,0.399390243902439,0.282842712474619,0.0,0.0,0.055015243902439,0.0070710678118654,,,2019.0,1970-01-01,,,,3
Christian Wilkins,MIA,DL,14162,weighted,,,,,,,,,,,,,,,,,,,,,,,,,,,,,,,,,,,,,,,,,,,,,1.58556402439024,0.261629509039023,0.150243902439024,0.113137084989848,0.005015243902439,0.0070710678118654,0.0650457317073171,0.0212132034355964,,,2019.0,1970-01-01,,,,3
Allen Bailey,ATL,DL,10275,weighted,,,,,,,,,,,,,,,,,,,,,,,,,,,,,,,,,,,,,,,,,,,,,1.5307012195122,0.325269119345812,0.165198170731707,0.0919238815542512,0.010030487804878,0.014142135623731,0.0501524390243903,0.0707106781186548,,,2011.0,1989-03-25,,,,3
Maliek Collins,DAL,DL,12754,weighted,,,,,,,,,,,,,,,,,,,,,,,,,,,,,,,,,,,,,,,,,,,,,1.45577743902439,0.360624458405139,0.275228658536585,0.106066017177982,0.010030487804878,0.014142135623731,0.0601219512195122,0.0565685424949238,,,2016.0,1995-04-08,,,,3
Maliek Collins,LVR,DL,12754,weighted,,,,,,,,,,,,,,,,,,,,,,,,,,,,,,,,,,,,,,,,,,,,,1.45577743902439,0.360624458405139,0.275228658536585,0.106066017177982,0.010030487804878,0.014142135623731,0.0601219512195122,0.0565685424949238,,,2016.0,1995-04-08,,,,3
Robert Quinn,DAL,DL,10269,weighted,,,,,,,,,,,,,,,,,,,,,,,,,,,,,,,,,,,,,,,,,,,,,1.28373475609756,0.586898628384834,0.284954268292683,0.0212132034355964,0.0,0.0,0.025015243902439,0.0070710678118654,,,2011.0,1990-05-18,,,,3
Robert Quinn,CHI,DL,10269,weighted,,,,,,,,,,,,,,,,,,,,,,,,,,,,,,,,,,,,,,,,,,,,,1.28373475609756,0.586898628384834,0.284954268292683,0.0212132034355964,0.0,0.0,0.025015243902439,0.0070710678118654,,,2011.0,1990-05-18,,,,3
Adam Gotsis,DEN,DL,12751,weighted,,,,,,,,,,,,,,,,,,,,,,,,,,,,,,,,,,,,,,,,,,,,,1.60030487804878,0.141421356237309,0.160182926829268,0.0848528137423857,0.0,0.0,0.214740853658537,0.120208152801713,,,2016.0,1992-09-23,,,,3
Adam Gotsis,FA,DL,12751,weighted,,,,,,,,,,,,,,,,,,,,,,,,,,,,,,,,,,,,,,,,,,,,,1.60030487804878,0.141421356237309,0.160182926829268,0.0848528137423857,0.0,0.0,0.214740853658537,0.120208152801713,,,2016.0,1992-09-23,,,,3
Taco Charlton,MIA,DL,13200,weighted,,,,,,,,,,,,,,,,,,,,,,,,,,,,,,,,,,,,,,,,,,,,,1.28373475609756,0.586898628384834,0.14984756097561,0.0707106781186548,0.005015243902439,0.0070710678118654,0.0549542682926829,0.0212132034355964,,,2017.0,1994-11-07,,,,3
Taco Charlton,KC,DL,13200,weighted,,,,,,,,,,,,,,,,,,,,,,,,,,,,,,,,,,,,,,,,,,,,,1.28373475609756,0.586898628384834,0.14984756097561,0.0707106781186548,0.005015243902439,0.0070710678118654,0.0549542682926829,0.0212132034355964,,,2017.0,1994-11-07,,,,3
Brian Burns,CAR,DL,14171,weighted,,,,,,,,,,,,,,,,,,,,,,,,,,,,,,,,,,,,,,,,,,,,,1.53541158536585,0.190918830920368,0.289969512195122,0.0141421356237309,0.0,0.0,0.0849542682926829,0.0212132034355964,,,2019.0,1998-04-23,,,,3
Maurice Hurst,OAK,DL,13691,weighted,,,,,,,,,,,,,,,,,,,,,,,,,,,,,,,,,,,,,,,,,,,,,1.61003048780488,0.014142135623731,0.145137195121951,0.0636396103067893,0.0,0.0,0.14984756097561,0.0707106781186548,,,2018.0,1995-05-09,,,,3
Maurice Hurst,LVR,DL,13691,weighted,,,,,,,,,,,,,,,,,,,,,,,,,,,,,,,,,,,,,,,,,,,,,1.61003048780488,0.014142135623731,0.145137195121951,0.0636396103067893,0.0,0.0,0.14984756097561,0.0707106781186548,,,2018.0,1995-05-09,,,,3
Brandon Mebane,LAC,DL,8721,weighted,,,,,,,,,,,,,,,,,,,,,,,,,,,,,,,,,,,,,,,,,,,,,1.50030487804878,0.14142135623731,0.04,0.0,0.0,0.0,0.150426829268293,0.197989898732233,,,2007.0,1985-01-15,,,,3
Brandon Mebane,FA,DL,8721,weighted,,,,,,,,,,,,,,,,,,,,,,,,,,,,,,,,,,,,,,,,,,,,,1.50030487804878,0.14142135623731,0.04,0.0,0.0,0.0,0.150426829268293,0.197989898732233,,,2007.0,1985-01-15,,,,3
Eddie Goldman,CHI,DL,12271,weighted,,,,,,,,,,,,,,,,,,,,,,,,,,,,,,,,,,,,,,,,,,,,,1.53480182926829,0.0919238815542513,0.110030487804878,0.0141421356237309,0.0,0.0,0.10532012195122,0.148492424049175,,,,,,,,3
Angelo Blackson,HOU,DL,12292,weighted,,,,,,,,,,,,,,,,,,,,,,,,,,,,,,,,,,,,,,,,,,,,,1.44452743902439,0.21920310216783,0.0849542682926829,0.0212132034355964,0.005015243902439,0.0070710678118654,0.1,0.0,,,2015.0,1992-11-14,,,,3
Solomon Thomas,SF,DL,13199,weighted,,,,,,,,,,,,,,,,,,,,,,,,,,,,,,,,,,,,,,,,,,,,,1.33419207317073,0.37476659402887,0.164893292682927,0.0494974746830583,0.0,0.0,0.0300304878048781,0.014142135623731,,,2017.0,1995-08-26,,,,3
Vic Beasley,ATL,DL,12230,weighted,,,,,,,,,,,,,,,,,,,,,,,,,,,,,,,,,,,,,,,,,,,,,1.43039634146341,0.183847763108502,0.369908536585366,0.0424264068711929,0.010030487804878,0.014142135623731,0.184954268292683,0.0212132034355964,,,2015.0,1992-07-08,,,,3
Vic Beasley,TEN,DL,12230,weighted,,,,,,,,,,,,,,,,,,,,,,,,,,,,,,,,,,,,,,,,,,,,,1.43039634146341,0.183847763108502,0.369908536585366,0.0424264068711929,0.010030487804878,0.014142135623731,0.184954268292683,0.0212132034355964,,,2015.0,1992-07-08,,,,3
Geno Atkins,CIN,DL,9868,weighted,,,,,,,,,,,,,,,,,,,,,,,,,,,,,,,,,,,,,,,,,,,,,1.42036585365854,0.169705627484771,0.379939024390244,0.0282842712474619,0.0,0.0,0.0,0.0,,,2010.0,1988-03-28,,,,3
Javon Hargrave,PIT,DL,12764,weighted,,,,,,,,,,,,,,,,,,,,,,,,,,,,,,,,,,,,,,,,,,,,,1.52006097560976,0.0282842712474619,0.220060975609756,0.0282842712474619,0.0,0.0,0.05,0.0,,,2016.0,1993-02-07,,,,3
Javon Hargrave,PHI,DL,12764,weighted,,,,,,,,,,,,,,,,,,,,,,,,,,,,,,,,,,,,,,,,,,,,,1.52006097560976,0.0282842712474619,0.220060975609756,0.0282842712474619,0.0,0.0,0.05,0.0,,,2016.0,1993-02-07,,,,3
Abry Jones,JAC,DL,11278,weighted,,,,,,,,,,,,,,,,,,,,,,,,,,,,,,,,,,,,,,,,,,,,,1.31565548780488,0.304055915910215,0.0701829268292683,0.0848528137423857,0.0,0.0,0.0200609756097561,0.0282842712474619,,,2013.0,1991-09-08,,,,3
Deatrich Wise,NE,DL,13296,weighted,,,,,,,,,,,,,,,,,,,,,,,,,,,,,,,,,,,,,,,,,,,,,1.26580792682927,0.37476659402887,0.230091463414634,0.0424264068711929,0.0,0.0,0.0,0.0,,,2017.0,1994-07-26,,,,3
Nick Williams,CHI,DL,11412,weighted,,,,,,,,,,,,,,,,,,,,,,,,,,,,,,,,,,,,,,,,,,,,,1.10623475609756,0.572756492761104,0.179939024390244,0.0282842712474619,0.0,0.0,0.02,0.0,,,2013.0,1990-02-21,,,,3
Nick Williams,DET,DL,11412,weighted,,,,,,,,,,,,,,,,,,,,,,,,,,,,,,,,,,,,,,,,,,,,,1.10623475609756,0.572756492761104,0.179939024390244,0.0282842712474619,0.0,0.0,0.02,0.0,,,2013.0,1990-02-21,,,,3
Jerry Hughes,BUF,DL,9853,weighted,,,,,,,,,,,,,,,,,,,,,,,,,,,,,,,,,,,,,,,,,,,,,1.41975609756098,0.113137084989848,0.494984756097561,0.0070710678118654,0.0,0.0,0.274618902439024,0.176776695296637,,,2010.0,1988-08-13,,,,3
Malcom Brown,NO,DL,12173,weighted,,,,,,,,,,,,,,,,,,,,,,,,,,,,,,,,,,,,,,,,,,,,,1.47492378048781,0.0353553390593274,0.0899695121951219,0.014142135623731,0.0,0.0,0.02,0.0,,,2015.0,1994-02-02,,,,3
Emmanuel Ogbah,KC,DL,12691,weighted,,,,,,,,,,,,,,,,,,,,,,,,,,,,,,,,,,,,,,,,,,,,,1.23920731707317,0.367695526217005,0.184954268292683,0.0212132034355964,0.010030487804878,0.014142135623731,0.115045731707317,0.0212132034355964,,,2016.0,1993-11-06,,,,3
Emmanuel Ogbah,MIA,DL,12691,weighted,,,,,,,,,,,,,,,,,,,,,,,,,,,,,,,,,,,,,,,,,,,,,1.23920731707317,0.367695526217005,0.184954268292683,0.0212132034355964,0.010030487804878,0.014142135623731,0.115045731707317,0.0212132034355964,,,2016.0,1993-11-06,,,,3
Tyeler Davison,ATL,DL,12316,weighted,,,,,,,,,,,,,,,,,,,,,,,,,,,,,,,,,,,,,,,,,,,,,0.886783536585366,0.827314933988261,0.0750762195121951,0.0353553390593274,0.005015243902439,0.0070710678118654,0.02,0.0,,,2015.0,1992-09-23,,,,3
Justin Jones,LAC,DL,13748,weighted,,,,,,,,,,,,,,,,,,,,,,,,,,,,,,,,,,,,,,,,,,,,,1.03131097560976,0.608111831820431,0.120213414634146,0.0989949493661166,0.0,0.0,0.0250762195121951,0.0353553390593274,,,2018.0,1995-08-17,,,,3
Akeem Spence,PHI,DL,11282,weighted,,,,,,,,,,,,,,,,,,,,,,,,,,,,,,,,,,,,,,,,,,,,,1.07614329268293,0.530330085889911,0.125106707317073,0.0494974746830583,0.005015243902439,0.0070710678118654,0.0250762195121951,0.0353553390593274,,,2013.0,1991-11-29,,,,3
Al Woods,SEA,DL,9940,weighted,,,,,,,,,,,,,,,,,,,,,,,,,,,,,,,,,,,,,,,,,,,,,0.772042682926829,0.947523086789974,0.0451371951219512,0.0636396103067893,0.005015243902439,0.0070710678118654,0.020030487804878,0.014142135623731,,,2010.0,1987-03-25,,,,3
Al Woods,JAC,DL,9940,weighted,,,,,,,,,,,,,,,,,,,,,,,,,,,,,,,,,,,,,,,,,,,,,0.772042682926829,0.947523086789974,0.0451371951219512,0.0636396103067893,0.005015243902439,0.0070710678118654,0.020030487804878,0.014142135623731,,,2010.0,1987-03-25,,,,3
Avery Moss,MIA,DL,13309,weighted,,,,,,,,,,,,,,,,,,,,,,,,,,,,,,,,,,,,,,,,,,,,,0.762073170731707,0.961665222413704,0.0451371951219512,0.0636396103067893,0.005015243902439,0.0070710678118654,0.0501524390243903,0.0707106781186548,,,2017.0,1994-09-16,,,,3
Andrew Billings,CIN,DL,12699,weighted,,,,,,,,,,,,,,,,,,,,,,,,,,,,,,,,,,,,,,,,,,,,,1.26550304878049,0.233345237791561,0.155198170731707,0.0919238815542512,0.01,0.0,0.08,0.0,,,2016.0,1995-06-03,,,,3
Andrew Billings,CLE,DL,12699,weighted,,,,,,,,,,,,,,,,,,,,,,,,,,,,,,,,,,,,,,,,,,,,,1.26550304878049,0.233345237791561,0.155198170731707,0.0919238815542512,0.01,0.0,0.08,0.0,,,2016.0,1995-06-03,,,,3
Gerald McCoy,CAR,DL,9819,weighted,,,,,,,,,,,,,,,,,,,,,,,,,,,,,,,,,,,,,,,,,,,,,1.21064024390244,0.29698484809835,0.240426829268293,0.197989898732233,0.010030487804878,0.014142135623731,0.04,0.0,,,2010.0,1988-02-25,,,,3
Gerald McCoy,DAL,DL,9819,weighted,,,,,,,,,,,,,,,,,,,,,,,,,,,,,,,,,,,,,,,,,,,,,1.21064024390244,0.29698484809835,0.240426829268293,0.197989898732233,0.010030487804878,0.014142135623731,0.04,0.0,,,2010.0,1988-02-25,,,,3
Brandon Williams,BAL,DL,11360,weighted,,,,,,,,,,,,,,,,,,,,,,,,,,,,,,,,,,,,,,,,,,,,,1.36018292682927,0.0848528137423856,0.0801219512195122,0.0565685424949238,0.0,0.0,0.0399085365853659,0.0424264068711929,,,2013.0,1989-02-21,,,,3
Shamar Stephen,MIN,DL,11859,weighted,,,,,,,,,,,,,,,,,,,,,,,,,,,,,,,,,,,,,,,,,,,,,1.21064024390244,0.29698484809835,0.130091463414634,0.0424264068711929,0.005015243902439,0.0070710678118654,0.0351067073170732,0.0494974746830583,,,2014.0,1991-02-25,,,,3
Xavier Williams,KC,DL,12428,weighted,,,,,,,,,,,,,,,,,,,,,,,,,,,,,,,,,,,,,,,,,,,,,1.32477134146341,0.106066017177982,0.105015243902439,0.0070710678118654,0.0,0.0,0.005015243902439,0.0070710678118654,,,2015.0,1992-01-18,,,,3
Xavier Williams,FA,DL,12428,weighted,,,,,,,,,,,,,,,,,,,,,,,,,,,,,,,,,,,,,,,,,,,,,1.32477134146341,0.106066017177982,0.105015243902439,0.0070710678118654,0.0,0.0,0.005015243902439,0.0070710678118654,,,2015.0,1992-01-18,,,,3
Nick Bosa,SF,DL,14147,weighted,,,,,,,,,,,,,,,,,,,,,,,,,,,,,,,,,,,,,,,,,,,,,1.22968634686347,0.16266235249488,0.215027675276753,0.0143525605142541,0.0,0.0,0.0650461254612546,0.0239209341904235,,,2019.0,1997-10-23,Q,Ankle,2019.0,3
Jerry Tillery,LAC,DL,14161,weighted,,,,,,,,,,,,,,,,,,,,,,,,,,,,,,,,,,,,,,,,,,,,,1.15425304878049,0.346482322781408,0.179939024390244,0.0282842712474619,0.0,0.0,0.079969512195122,0.0141421356237309,,,2019.0,1996-10-08,,,,3
Joe Jackson,DAL,DL,14152,weighted,,,,,,,,,,,,,,,,,,,,,,,,,,,,,,,,,,,,,,,,,,,,,0.697118902439024,0.982878425849301,0.0852591463414634,0.120208152801713,0.0,0.0,0.0401219512195122,0.0565685424949238,,,2019.0,1970-01-01,,,,3
Lawrence Guy,NE,DL,10457,weighted,,,,,,,,,,,,,,,,,,,,,,,,,,,,,,,,,,,,,,,,,,,,,1.2902743902439,0.127279220613579,0.07,0.0,0.0,0.0,0.0,0.0,,,2011.0,1990-03-17,,,,3
Ronald Blair,SF,DL,12794,weighted,,,,,,,,,,,,,,,,,,,,,,,,,,,,,,,,,,,,,,,,,,,,,1.33510670731707,0.0494974746830584,0.335106707317073,0.0494974746830583,0.0,0.0,0.0449542682926829,0.0212132034355964,,,2016.0,1993-01-21,,,,3
Steve McLendon,NYJ,DL,10143,weighted,,,,,,,,,,,,,,,,,,,,,,,,,,,,,,,,,,,,,,,,,,,,,1.12568597560976,0.318198051533946,0.0400609756097561,0.0282842712474619,0.0,0.0,0.0299390243902439,0.0282842712474619,,,2009.0,1986-01-03,,,,3
Benson Mayowa,OAK,DL,11491,weighted,,,,,,,,,,,,,,,,,,,,,,,,,,,,,,,,,,,,,,,,,,,,,0.971128048780488,0.523259018078045,0.250457317073171,0.212132034355964,0.005015243902439,0.0070710678118654,0.115045731707317,0.0212132034355964,,,2013.0,1991-08-03,,,,3
Benson Mayowa,SEA,DL,11491,weighted,,,,,,,,,,,,,,,,,,,,,,,,,,,,,,,,,,,,,,,,,,,,,0.971128048780488,0.523259018078045,0.250457317073171,0.212132034355964,0.005015243902439,0.0070710678118654,0.115045731707317,0.0212132034355964,,,2013.0,1991-08-03,,,,3
Dorance Armstrong,DAL,DL,13759,weighted,,,,,,,,,,,,,,,,,,,,,,,,,,,,,,,,,,,,,,,,,,,,,0.966112804878049,0.51618795026618,0.105198170731707,0.0919238815542512,0.0,0.0,0.0501524390243903,0.0707106781186548,,,2018.0,1997-06-10,,,,3
Trent Murphy,BUF,DL,11709,weighted,,,,,,,,,,,,,,,,,,,,,,,,,,,,,,,,,,,,,,,,,,,,,1.105625,0.289913780286484,0.240121951219512,0.0565685424949238,0.0598780487804878,0.0565685424949238,0.214740853658537,0.120208152801713,,,2014.0,1990-12-20,,,,3
Trey Hendrickson,NO,DL,13284,weighted,,,,,,,,,,,,,,,,,,,,,,,,,,,,,,,,,,,,,,,,,,,,,1.24483231707317,0.0777817459305203,0.274923780487805,0.0353553390593274,0.0,0.0,0.0401219512195122,0.0565685424949238,,,2017.0,1994-12-05,,,,3
Mario Addison,CAR,DL,10554,weighted,,,,,,,,,,,,,,,,,,,,,,,,,,,,,,,,,,,,,,,,,,,,,1.24012195121951,0.0565685424949239,0.474923780487805,0.0353553390593274,0.0,0.0,0.0,0.0,,,2011.0,1987-09-06,,,,3
Mario Addison,BUF,DL,10554,weighted,,,,,,,,,,,,,,,,,,,,,,,,,,,,,,,,,,,,,,,,,,,,,1.24012195121951,0.0565685424949239,0.474923780487805,0.0353553390593274,0.0,0.0,0.0,0.0,,,2011.0,1987-09-06,,,,3
Dan McCullers-Sanders,PIT,DL,11719,weighted,,,,,,,,,,,,,,,,,,,,,,,,,,,,,,,,,,,,,,,,,,,,,0.726600609756098,0.742462120245875,0.0802134146341463,0.0989949493661166,0.0,0.0,0.0,0.0,,,2014.0,1992-08-11,,,,3
Derrick Nnadi,KC,DL,13745,weighted,,,,,,,,,,,,,,,,,,,,,,,,,,,,,,,,,,,,,,,,,,,,,1.02067073170732,0.311126983722081,0.0300914634146341,0.0424264068711929,0.0,0.0,0.005015243902439,0.0070710678118654,,,2018.0,1996-05-09,,,,3
Tank Carradine,MIA,DL,11270,weighted,,,,,,,,,,,,,,,,,,,,,,,,,,,,,,,,,,,,,,,,,,,,,0.621768292682927,0.820243866176395,0.0651981707317073,0.0919238815542512,0.0,0.0,0.0250762195121951,0.0353553390593274,,,2013.0,1989-02-18,O,Coach's Decision,2019.0,3
William Gholston,TB,DL,11265,weighted,,,,,,,,,,,,,,,,,,,,,,,,,,,,,,,,,,,,,,,,,,,,,1.00440548780488,0.275771644662753,0.0850762195121951,0.0353553390593274,0.0,0.0,0.0150457317073171,0.0212132034355964,,,2013.0,1991-07-31,,,,3
Arden Key,OAK,DL,13682,weighted,,,,,,,,,,,,,,,,,,,,,,,,,,,,,,,,,,,,,,,,,,,,,1.04452743902439,0.21920310216783,0.0600609756097561,0.0282842712474619,0.0,0.0,0.034984756097561,0.0070710678118654,,,2018.0,1996-05-03,,,,3
Arden Key,LVR,DL,13682,weighted,,,,,,,,,,,,,,,,,,,,,,,,,,,,,,,,,,,,,,,,,,,,,1.04452743902439,0.21920310216783,0.0600609756097561,0.0282842712474619,0.0,0.0,0.034984756097561,0.0070710678118654,,,2018.0,1996-05-03,,,,3
Tyquan Lewis,IND,DL,13687,weighted,,,,,,,,,,,,,,,,,,,,,,,,,,,,,,,,,,,,,,,,,,,,,1.01443597560976,0.261629509039023,0.239817073170732,0.0848528137423857,0.0,0.0,0.0799390243902439,0.0282842712474619,,,2018.0,,,,,3
Sheldon Day,SF,DL,12771,weighted,,,,,,,,,,,,,,,,,,,,,,,,,,,,,,,,,,,,,,,,,,,,,0.885868902439024,0.403050865276332,0.160182926829268,0.0848528137423857,0.005015243902439,0.0070710678118654,0.115045731707317,0.0212132034355964,,,2016.0,1994-07-01,,,,3
Sheldon Day,IND,DL,12771,weighted,,,,,,,,,,,,,,,,,,,,,,,,,,,,,,,,,,,,,,,,,,,,,0.885868902439024,0.403050865276332,0.160182926829268,0.0848528137423857,0.005015243902439,0.0070710678118654,0.115045731707317,0.0212132034355964,,,2016.0,1994-07-01,,,,3
John Jenkins,MIA,DL,11286,weighted,,,,,,,,,,,,,,,,,,,,,,,,,,,,,,,,,,,,,,,,,,,,,1.08024390243902,0.113137084989848,0.125076219512195,0.0353553390593274,0.0,0.0,0.02,0.0,,,2013.0,1989-07-11,,,,3
John Jenkins,CHI,DL,11286,weighted,,,,,,,,,,,,,,,,,,,,,,,,,,,,,,,,,,,,,,,,,,,,,1.08024390243902,0.113137084989848,0.125076219512195,0.0353553390593274,0.0,0.0,0.02,0.0,,,2013.0,1989-07-11,,,,3
Danny Shelton,NE,DL,12226,weighted,,,,,,,,,,,,,,,,,,,,,,,,,,,,,,,,,,,,,,,,,,,,,0.930701219512195,0.325269119345812,0.0501524390243903,0.0707106781186548,0.0,0.0,0.0952896341463415,0.134350288425444,,,2015.0,1993-08-20,,,,3
Danny Shelton,DET,DL,12226,weighted,,,,,,,,,,,,,,,,,,,,,,,,,,,,,,,,,,,,,,,,,,,,,0.930701219512195,0.325269119345812,0.0501524390243903,0.0707106781186548,0.0,0.0,0.0952896341463415,0.134350288425444,,,2015.0,1993-08-20,,,,3
D.J. Jones,SF,DL,13332,weighted,,,,,,,,,,,,,,,,,,,,,,,,,,,,,,,,,,,,,,,,,,,,,0.875838414634146,0.388908729652601,0.0451371951219512,0.0636396103067893,0.0,0.0,0.0200609756097561,0.0282842712474619,,,2017.0,1995-01-19,,,,3
Chris Wormley,BAL,DL,13212,weighted,,,,,,,,,,,,,,,,,,,,,,,,,,,,,,,,,,,,,,,,,,,,,0.915655487804878,0.304055915910215,0.0850457317073171,0.0212132034355964,0.005015243902439,0.0070710678118654,0.169908536585366,0.0424264068711929,,,2017.0,1993-10-25,,,,3
Chris Wormley,PIT,DL,13212,weighted,,,,,,,,,,,,,,,,,,,,,,,,,,,,,,,,,,,,,,,,,,,,,0.915655487804878,0.304055915910215,0.0850457317073171,0.0212132034355964,0.005015243902439,0.0070710678118654,0.169908536585366,0.0424264068711929,,,2017.0,1993-10-25,,,,3
Harrison Phillips,BUF,DL,13693,weighted,,,,,,,,,,,,,,,,,,,,,,,,,,,,,,,,,,,,,,,,,,,,,1.06018292682927,0.0848528137423858,0.0651371951219512,0.0636396103067893,0.010030487804878,0.014142135623731,0.069969512195122,0.014142135623731,,,2018.0,1996-01-25,,,,3
Tyson Alualu,PIT,DL,9875,weighted,,,,,,,,,,,,,,,,,,,,,,,,,,,,,,,,,,,,,,,,,,,,,0.984649390243902,0.162634559672906,0.0351067073170732,0.0494974746830583,0.005015243902439,0.0070710678118654,0.0200609756097561,0.0282842712474619,,,2010.0,1987-05-12,,,,3
Jack Crawford,ATL,DL,10861,weighted,,,,,,,,,,,,,,,,,,,,,,,,,,,,,,,,,,,,,,,,,,,,,1.08495426829268,0.0212132034355964,0.2,0.0,0.0349237804878049,0.0353553390593274,0.054984756097561,0.0070710678118654,,,2012.0,1988-09-07,,,,3
Jack Crawford,TEN,DL,10861,weighted,,,,,,,,,,,,,,,,,,,,,,,,,,,,,,,,,,,,,,,,,,,,,1.08495426829268,0.0212132034355964,0.2,0.0,0.0349237804878049,0.0353553390593274,0.054984756097561,0.0070710678118654,,,2012.0,1988-09-07,,,,3
Damion Square,LAC,DL,11492,weighted,,,,,,,,,,,,,,,,,,,,,,,,,,,,,,,,,,,,,,,,,,,,,0.964588414634146,0.190918830920368,0.110030487804878,0.0141421356237309,0.0,0.0,0.0699085365853658,0.0424264068711929,,,2013.0,1989-02-06,,,,3
Shaq Lawson,BUF,DL,12687,weighted,,,,,,,,,,,,,,,,,,,,,,,,,,,,,,,,,,,,,,,,,,,,,1.05015243902439,0.0707106781186548,0.240121951219512,0.0565685424949238,0.0,0.0,0.214435975609756,0.261629509039023,,,2016.0,1994-06-17,,,,3
Shaq Lawson,MIA,DL,12687,weighted,,,,,,,,,,,,,,,,,,,,,,,,,,,,,,,,,,,,,,,,,,,,,1.05015243902439,0.0707106781186548,0.240121951219512,0.0565685424949238,0.0,0.0,0.214435975609756,0.261629509039023,,,2016.0,1994-06-17,,,,3
RJ McIntosh,NYG,DL,13773,weighted,,,,,,,,,,,,,,,,,,,,,,,,,,,,,,,,,,,,,,,,,,,,,0.879329268292683,0.311126983722081,0.0500609756097561,0.0282842712474619,0.0,0.0,0.0200609756097561,0.0282842712474619,,,2018.0,1996-06-02,,,,3
Kemoko Turay,IND,DL,13735,weighted,,,,,,,,,,,,,,,,,,,,,,,,,,,,,,,,,,,,,,,,,,,,,0.969603658536585,0.183847763108502,0.274923780487805,0.0353553390593274,0.0,0.0,0.0400609756097561,0.0282842712474619,,,2018.0,1995-07-11,,,,3
P.J. Hall,OAK,DL,13740,weighted,,,,,,,,,,,,,,,,,,,,,,,,,,,,,,,,,,,,,,,,,,,,,0.885564024390244,0.261629509039023,0.0551371951219512,0.0636396103067893,0.0,0.0,0.094984756097561,0.0070710678118654,,,2018.0,1995-04-05,,,,3
P.J. Hall,LVR,DL,13740,weighted,,,,,,,,,,,,,,,,,,,,,,,,,,,,,,,,,,,,,,,,,,,,,0.885564024390244,0.261629509039023,0.0551371951219512,0.0636396103067893,0.0,0.0,0.094984756097561,0.0070710678118654,,,2018.0,1995-04-05,,,,3
Margus Hunt,IND,DL,11274,weighted,,,,,,,,,,,,,,,,,,,,,,,,,,,,,,,,,,,,,,,,,,,,,0.880548780487805,0.254558441227157,0.135198170731707,0.0919238815542512,0.005015243902439,0.0070710678118654,0.065015243902439,0.0070710678118654,,,2013.0,1987-07-14,,,,3
Margus Hunt,NO,DL,11274,weighted,,,,,,,,,,,,,,,,,,,,,,,,,,,,,,,,,,,,,,,,,,,,,0.880548780487805,0.254558441227157,0.135198170731707,0.0919238815542512,0.005015243902439,0.0070710678118654,0.065015243902439,0.0070710678118654,,,2013.0,1987-07-14,,,,3
Dontari Poe,CAR,DL,10761,weighted,,,,,,,,,,,,,,,,,,,,,,,,,,,,,,,,,,,,,,,,,,,,,0.865503048780488,0.233345237791561,0.135106707317073,0.0494974746830583,0.0,0.0,0.0,0.0,,,2012.0,1990-08-18,,,,3
Dontari Poe,DAL,DL,10761,weighted,,,,,,,,,,,,,,,,,,,,,,,,,,,,,,,,,,,,,,,,,,,,,0.865503048780488,0.233345237791561,0.135106707317073,0.0494974746830583,0.0,0.0,0.0,0.0,,,2012.0,1990-08-18,,,,3
Charles Omenihu,HOU,DL,14254,weighted,,,,,,,,,,,,,,,,,,,,,,,,,,,,,,,,,,,,,,,,,,,,,0.556417682926829,0.657609306503489,0.14015243902439,0.0707106781186548,0.0,0.0,0.0300914634146341,0.0424264068711929,,,2019.0,1997-08-20,,,,3
Austin Johnson,TEN,DL,12700,weighted,,,,,,,,,,,,,,,,,,,,,,,,,,,,,,,,,,,,,,,,,,,,,0.955167682926829,0.0777817459305202,0.0349542682926829,0.0212132034355964,0.0,0.0,0.165198170731707,0.0919238815542512,,,2016.0,1994-05-08,,,,3
Austin Johnson,NYG,DL,12700,weighted,,,,,,,,,,,,,,,,,,,,,,,,,,,,,,,,,,,,,,,,,,,,,0.955167682926829,0.0777817459305202,0.0349542682926829,0.0212132034355964,0.0,0.0,0.165198170731707,0.0919238815542512,,,2016.0,1994-05-08,,,,3
Josh Tupou,CIN,DL,13965,weighted,,,,,,,,,,,,,,,,,,,,,,,,,,,,,,,,,,,,,,,,,,,,,0.651067073170732,0.494974746830583,0.0551676829268293,0.0777817459305202,0.0,0.0,0.0150457317073171,0.0212132034355964,,,2017.0,1970-01-01,,,,3
L.J. Collier,SEA,DL,14155,weighted,,,,,,,,,,,,,,,,,,,,,,,,,,,,,,,,,,,,,,,,,,,,,0.879634146341463,0.169705627484771,0.164893292682927,0.0494974746830583,0.02,0.0,0.129786585365854,0.0989949493661167,,,2019.0,1995-09-12,,,,3
Oshane Ximines,NYG,DL,14220,weighted,,,,,,,,,,,,,,,,,,,,,,,,,,,,,,,,,,,,,,,,,,,,,0.94984756097561,0.0707106781186547,0.0899695121951219,0.014142135623731,0.005015243902439,0.0070710678118654,0.0500304878048781,0.0141421356237309,,,2019.0,1970-01-01,,,,3
Christian Covington,DAL,DL,12360,weighted,,,,,,,,,,,,,,,,,,,,,,,,,,,,,,,,,,,,,,,,,,,,,0.541341463414634,0.622253967444162,0.125289634146341,0.134350288425444,0.0,0.0,0.0200609756097561,0.0282842712474619,,,2015.0,1993-10-16,,,,3
Christian Covington,DEN,DL,12360,weighted,,,,,,,,,,,,,,,,,,,,,,,,,,,,,,,,,,,,,,,,,,,,,0.541341463414634,0.622253967444162,0.125289634146341,0.134350288425444,0.0,0.0,0.0200609756097561,0.0282842712474619,,,2015.0,1993-10-16,,,,3
Tim Settle,WAS,DL,13694,weighted,,,,,,,,,,,,,,,,,,,,,,,,,,,,,,,,,,,,,,,,,,,,,0.685868902439024,0.403050865276332,0.0501524390243903,0.0707106781186548,0.0,0.0,0.0250762195121951,0.0353553390593274,,,2018.0,1997-07-11,,,,3
Shilique Calhoun,NE,DL,12693,weighted,,,,,,,,,,,,,,,,,,,,,,,,,,,,,,,,,,,,,,,,,,,,,0.830396341463415,0.183847763108502,0.124771341463415,0.106066017177982,0.0,0.0,0.0699085365853658,0.0424264068711929,,,2016.0,1992-03-20,O,Personal,2019.0,3
Hassan Ridgeway,PHI,DL,12780,weighted,,,,,,,,,,,,,,,,,,,,,,,,,,,,,,,,,,,,,,,,,,,,,0.486448170731707,0.67175144212722,0.0852591463414634,0.120208152801713,0.0,0.0,0.0200609756097561,0.0282842712474619,,,2016.0,,,,,3
Kerry Hyder,DAL,DL,12987,weighted,,,,,,,,,,,,,,,,,,,,,,,,,,,,,,,,,,,,,,,,,,,,,0.481432926829268,0.664680374315355,0.100274390243902,0.127279220613579,0.0,0.0,0.0250762195121951,0.0353553390593274,,,,,,,,3
Kerry Hyder,SF,DL,12987,weighted,,,,,,,,,,,,,,,,,,,,,,,,,,,,,,,,,,,,,,,,,,,,,0.481432926829268,0.664680374315355,0.100274390243902,0.127279220613579,0.0,0.0,0.0250762195121951,0.0353553390593274,,,,,,,,3
Jordan Phillips,BUF,DL,12229,weighted,,,,,,,,,,,,,,,,,,,,,,,,,,,,,,,,,,,,,,,,,,,,,0.870213414634146,0.0989949493661166,0.0700914634146342,0.0424264068711929,0.005015243902439,0.0070710678118654,0.19969512195122,0.14142135623731,,,2015.0,1992-09-21,,,,3
Jordan Phillips,ARI,DL,12229,weighted,,,,,,,,,,,,,,,,,,,,,,,,,,,,,,,,,,,,,,,,,,,,,0.870213414634146,0.0989949493661166,0.0700914634146342,0.0424264068711929,0.005015243902439,0.0070710678118654,0.19969512195122,0.14142135623731,,,2015.0,1992-09-21,,,,3
Star Lotulelei,BUF,DL,11280,weighted,,,,,,,,,,,,,,,,,,,,,,,,,,,,,,,,,,,,,,,,,,,,,0.860182926829268,0.0848528137423857,0.0650457317073171,0.0212132034355964,0.0,0.0,0.0749237804878049,0.0353553390593274,,,2013.0,1989-12-20,,,,3
Foley Fatukasi,NYJ,DL,13798,weighted,,,,,,,,,,,,,,,,,,,,,,,,,,,,,,,,,,,,,,,,,,,,,0.910030487804878,0.014142135623731,0.0951067073170732,0.0494974746830583,0.005015243902439,0.0070710678118654,0.040030487804878,0.014142135623731,,,2018.0,1995-03-04,,,,3
Chris Smith,CLE,DL,11821,weighted,,,,,,,,,,,,,,,,,,,,,,,,,,,,,,,,,,,,,,,,,,,,,0.705625,0.289913780286485,0.0802134146341463,0.0989949493661166,0.0,0.0,0.0648932926829268,0.0494974746830583,,,2014.0,1992-02-11,Q,Personal,2019.0,3
Chris Smith,CAR,DL,11821,weighted,,,,,,,,,,,,,,,,,,,,,,,,,,,,,,,,,,,,,,,,,,,,,0.705625,0.289913780286485,0.0802134146341463,0.0989949493661166,0.0,0.0,0.0648932926829268,0.0494974746830583,,,2014.0,1992-02-11,Q,Personal,2019.0,3
Vinny Curry,PHI,DL,10755,weighted,,,,,,,,,,,,,,,,,,,,,,,,,,,,,,,,,,,,,,,,,,,,,0.824771341463415,0.106066017177982,0.100091463414634,0.0424264068711929,0.0,0.0,0.0200609756097561,0.0282842712474619,,,2012.0,1988-06-30,,,,3
Vinny Curry,FA,DL,10755,weighted,,,,,,,,,,,,,,,,,,,,,,,,,,,,,,,,,,,,,,,,,,,,,0.824771341463415,0.106066017177982,0.100091463414634,0.0424264068711929,0.0,0.0,0.0200609756097561,0.0282842712474619,,,2012.0,1988-06-30,,,,3
Stephen Weatherly,MIN,DL,12841,weighted,,,,,,,,,,,,,,,,,,,,,,,,,,,,,,,,,,,,,,,,,,,,,0.809725609756098,0.127279220613579,0.0950457317073171,0.0212132034355964,0.0,0.0,0.0349542682926829,0.0212132034355964,,,2016.0,1994-03-19,,,,3
Stephen Weatherly,CAR,DL,12841,weighted,,,,,,,,,,,,,,,,,,,,,,,,,,,,,,,,,,,,,,,,,,,,,0.809725609756098,0.127279220613579,0.0950457317073171,0.0212132034355964,0.0,0.0,0.0349542682926829,0.0212132034355964,,,2016.0,1994-03-19,,,,3
Roy Robertson-Harris,CHI,DL,13434,weighted,,,,,,,,,,,,,,,,,,,,,,,,,,,,,,,,,,,,,,,,,,,,,0.650762195121951,0.353553390593274,0.150213414634146,0.0989949493661166,0.0,0.0,0.0799390243902439,0.0282842712474619,,,2016.0,1993-07-23,,,,3
Fadol Brown,GB,DL,13921,weighted,,,,,,,,,,,,,,,,,,,,,,,,,,,,,,,,,,,,,,,,,,,,,0.749542682926829,0.212132034355964,0.0350457317073171,0.0212132034355964,0.0,0.0,0.044984756097561,0.0070710678118654,,,2017.0,1970-01-01,,,,3
Fadol Brown,FA,DL,13921,weighted,,,,,,,,,,,,,,,,,,,,,,,,,,,,,,,,,,,,,,,,,,,,,0.749542682926829,0.212132034355964,0.0350457317073171,0.0212132034355964,0.0,0.0,0.044984756097561,0.0070710678118654,,,2017.0,1970-01-01,,,,3
Quinton Jefferson,SEA,DL,12796,weighted,,,,,,,,,,,,,,,,,,,,,,,,,,,,,,,,,,,,,,,,,,,,,0.745442073170732,0.205060966544099,0.240121951219512,0.0565685424949238,0.0,0.0,0.0699085365853658,0.0424264068711929,,,2016.0,,,,,3
Quinton Jefferson,BUF,DL,12796,weighted,,,,,,,,,,,,,,,,,,,,,,,,,,,,,,,,,,,,,,,,,,,,,0.745442073170732,0.205060966544099,0.240121951219512,0.0565685424949238,0.0,0.0,0.0699085365853658,0.0424264068711929,,,2016.0,,,,,3
Morgan Fox,LAR,DL,13085,weighted,,,,,,,,,,,,,,,,,,,,,,,,,,,,,,,,,,,,,,,,,,,,,0.590884146341463,0.410121933088198,0.0701829268292683,0.0848528137423857,0.0,0.0,0.0250762195121951,0.0353553390593274,,,2016.0,1994-09-12,,,,3
Adam Butler,NE,DL,13448,weighted,,,,,,,,,,,,,,,,,,,,,,,,,,,,,,,,,,,,,,,,,,,,,0.585868902439024,0.403050865276332,0.230091463414634,0.0424264068711929,0.0,0.0,0.0550457317073171,0.0212132034355964,,,,1994-04-12,,,,3
Vernon Butler,CAR,DL,12740,weighted,,,,,,,,,,,,,,,,,,,,,,,,,,,,,,,,,,,,,,,,,,,,,0.630701219512195,0.325269119345812,0.0751981707317073,0.0919238815542512,0.0,0.0,0.0150457317073171,0.0212132034355964,,,2016.0,1994-06-14,,,,3
Vernon Butler,BUF,DL,12740,weighted,,,,,,,,,,,,,,,,,,,,,,,,,,,,,,,,,,,,,,,,,,,,,0.630701219512195,0.325269119345812,0.0751981707317073,0.0919238815542512,0.0,0.0,0.0150457317073171,0.0212132034355964,,,2016.0,1994-06-14,,,,3
Kyle Love,CAR,DL,10111,weighted,,,,,,,,,,,,,,,,,,,,,,,,,,,,,,,,,,,,,,,,,,,,,0.675533536585366,0.247487373415292,0.125259146341463,0.120208152801713,0.0,0.0,0.070030487804878,0.014142135623731,,,2010.0,1986-11-18,,,,3
Kyle Love,FA,DL,10111,weighted,,,,,,,,,,,,,,,,,,,,,,,,,,,,,,,,,,,,,,,,,,,,,0.675533536585366,0.247487373415292,0.125259146341463,0.120208152801713,0.0,0.0,0.070030487804878,0.014142135623731,,,2010.0,1986-11-18,,,,3
Carlos Watkins,HOU,DL,13211,weighted,,,,,,,,,,,,,,,,,,,,,,,,,,,,,,,,,,,,,,,,,,,,,0.720365853658537,0.169705627484771,0.0501219512195122,0.0565685424949238,0.005015243902439,0.0070710678118654,0.064984756097561,0.0070710678118654,,,2017.0,1993-12-05,,,,3
Efe Obada,CAR,DL,13929,weighted,,,,,,,,,,,,,,,,,,,,,,,,,,,,,,,,,,,,,,,,,,,,,0.715350609756097,0.162634559672906,0.120091463414634,0.0424264068711929,0.014984756097561,0.0070710678118654,0.0749542682926829,0.0212132034355964,,,2015.0,1991-03-18,,,,3
Grover Stewart,IND,DL,13298,weighted,,,,,,,,,,,,,,,,,,,,,,,,,,,,,,,,,,,,,,,,,,,,,0.665503048780488,0.233345237791561,0.0951067073170732,0.0494974746830583,0.0,0.0,0.010030487804878,0.014142135623731,,,2017.0,1993-10-20,,,,3
Clinton McDonald,ARI,DL,9679,weighted,,,,,,,,,,,,,,,,,,,,,,,,,,,,,,,,,,,,,,,,,,,,,0.810030487804878,0.0141421356237309,0.0800914634146341,0.0424264068711929,0.0,0.0,0.1,0.0,,,2009.0,1987-01-06,,,,3
Clinton McDonald,FA,DL,9679,weighted,,,,,,,,,,,,,,,,,,,,,,,,,,,,,,,,,,,,,,,,,,,,,0.810030487804878,0.0141421356237309,0.0800914634146341,0.0424264068711929,0.0,0.0,0.1,0.0,,,2009.0,1987-01-06,,,,3
Adrian Clayborn,ATL,DL,10263,weighted,,,,,,,,,,,,,,,,,,,,,,,,,,,,,,,,,,,,,,,,,,,,,0.760182926829268,0.0848528137423857,0.284954268292683,0.0212132034355964,0.0,0.0,0.0350457317073171,0.0212132034355964,,,2011.0,1988-07-06,,,,3
Adrian Clayborn,CLE,DL,10263,weighted,,,,,,,,,,,,,,,,,,,,,,,,,,,,,,,,,,,,,,,,,,,,,0.760182926829268,0.0848528137423857,0.284954268292683,0.0212132034355964,0.0,0.0,0.0350457317073171,0.0212132034355964,,,2011.0,1988-07-06,,,,3
Mike Daniels,DET,DL,10841,weighted,,,,,,,,,,,,,,,,,,,,,,,,,,,,,,,,,,,,,,,,,,,,,0.755167682926829,0.0777817459305203,0.0801829268292683,0.0848528137423857,0.0,0.0,0.02,0.0,,,2012.0,1989-05-05,,,,3
Mike Daniels,FA,DL,10841,weighted,,,,,,,,,,,,,,,,,,,,,,,,,,,,,,,,,,,,,,,,,,,,,0.755167682926829,0.0777817459305203,0.0801829268292683,0.0848528137423857,0.0,0.0,0.02,0.0,,,2012.0,1989-05-05,,,,3
Olsen Pierre,,DL,12966,weighted,,,,,,,,,,,,,,,,,,,,,,,,,,,,,,,,,,,,,,,,,,,,,0.729786585365854,0.0989949493661167,0.174923780487805,0.0353553390593274,0.005015243902439,0.0070710678118654,0.005015243902439,0.0070710678118654,,,,,,,,3
Daylon Mack,BAL,DL,14166,weighted,,,,,,,,,,,,,,,,,,,,,,,,,,,,,,,,,,,,,,,,,,,,,0.500914634146342,0.424264068711929,0.0601829268292683,0.0848528137423857,0.0,0.0,0.040030487804878,0.014142135623731,,,2019.0,1970-01-01,O,Coach's Decision,2019.0,3
Isaiah Buggs,PIT,DL,14160,weighted,,,,,,,,,,,,,,,,,,,,,,,,,,,,,,,,,,,,,,,,,,,,,0.645442073170732,0.205060966544099,0.0551676829268293,0.0777817459305202,0.0,0.0,0.054984756097561,0.0070710678118654,,,2019.0,1970-01-01,,,,3
Kingsley Keke,GB,DL,14248,weighted,,,,,,,,,,,,,,,,,,,,,,,,,,,,,,,,,,,,,,,,,,,,,0.595594512195122,0.275771644662754,0.0601829268292683,0.0848528137423857,0.0,0.0,0.0250762195121951,0.0353553390593274,,,2019.0,1970-01-01,,,,3
Taven Bryan,JAC,DL,13695,weighted,,,,,,,,,,,,,,,,,,,,,,,,,,,,,,,,,,,,,,,,,,,,,0.740121951219512,0.0565685424949239,0.0601524390243902,0.0707106781186548,0.0,0.0,0.0150457317073171,0.0212132034355964,,,2018.0,,,,,3
Dawuane Smoot,JAC,DL,13267,weighted,,,,,,,,,,,,,,,,,,,,,,,,,,,,,,,,,,,,,,,,,,,,,0.535716463414634,0.332340187157677,0.0451371951219512,0.0636396103067893,0.0,0.0,0.0200609756097561,0.0282842712474619,,,2017.0,1995-03-02,,,,3
Rasheem Green,SEA,DL,13746,weighted,,,,,,,,,,,,,,,,,,,,,,,,,,,,,,,,,,,,,,,,,,,,,0.630396341463415,0.183847763108502,0.120091463414634,0.0424264068711929,0.0,0.0,0.0200609756097561,0.0282842712474619,,,2018.0,1997-05-15,,,,3
Jullian Taylor,SF,DL,13828,weighted,,,,,,,,,,,,,,,,,,,,,,,,,,,,,,,,,,,,,,,,,,,,,0.530701219512195,0.325269119345812,0.0451371951219512,0.0636396103067893,0.0,0.0,0.0350457317073171,0.0212132034355964,,,2018.0,1995-01-30,,,,3
Lerentee McCray,JAC,DL,11460,weighted,,,,,,,,,,,,,,,,,,,,,,,,,,,,,,,,,,,,,,,,,,,,,0.39109756097561,0.509116882454314,0.0701524390243903,0.0707106781186548,0.0,0.0,0.0200609756097561,0.0282842712474619,,,2013.0,1990-08-26,,,,3
Brandon Dunn,HOU,DL,12111,weighted,,,,,,,,,,,,,,,,,,,,,,,,,,,,,,,,,,,,,,,,,,,,,0.675228658536585,0.106066017177982,0.005015243902439,0.0070710678118654,0.0399085365853659,0.0424264068711929,0.0549542682926829,0.0212132034355964,,,2014.0,1992-09-05,,,,3
Isaac Rochell,LAC,DL,13203,weighted,,,,,,,,,,,,,,,,,,,,,,,,,,,,,,,,,,,,,,,,,,,,,0.715045731707317,0.0212132034355964,0.294984756097561,0.0070710678118654,0.0,0.0,0.005015243902439,0.0070710678118654,,,2017.0,,,,,3
DeMarcus Walker,DEN,DL,13258,weighted,,,,,,,,,,,,,,,,,,,,,,,,,,,,,,,,,,,,,,,,,,,,,0.660182926829268,0.0848528137423857,0.10015243902439,0.0707106781186548,0.005015243902439,0.0070710678118654,0.134801829268293,0.0919238815542512,,,2017.0,1994-09-30,,,,3
Jordan Willis,NYJ,DL,13207,weighted,,,,,,,,,,,,,,,,,,,,,,,,,,,,,,,,,,,,,,,,,,,,,0.505625,0.289913780286484,0.0451067073170732,0.0494974746830583,0.005015243902439,0.0070710678118654,0.0450762195121951,0.0353553390593274,,,2017.0,1995-05-02,O,Coach's Decision,2019.0,3
Marquis Haynes,CAR,DL,13771,weighted,,,,,,,,,,,,,,,,,,,,,,,,,,,,,,,,,,,,,,,,,,,,,0.40592987804878,0.431335136523794,0.0451371951219512,0.0636396103067893,0.0,0.0,0.0200609756097561,0.0282842712474619,,,2018.0,1993-12-16,,,,3
Beau Allen,TB,DL,11862,weighted,,,,,,,,,,,,,,,,,,,,,,,,,,,,,,,,,,,,,,,,,,,,,0.64984756097561,0.0707106781186547,0.0300914634146341,0.0424264068711929,0.0,0.0,0.010030487804878,0.014142135623731,,,2014.0,1991-11-14,,,,3
Beau Allen,NE,DL,11862,weighted,,,,,,,,,,,,,,,,,,,,,,,,,,,,,,,,,,,,,,,,,,,,,0.64984756097561,0.0707106781186547,0.0300914634146341,0.0424264068711929,0.0,0.0,0.010030487804878,0.014142135623731,,,2014.0,1991-11-14,,,,3
Jaleel Johnson,MIN,DL,13286,weighted,,,,,,,,,,,,,,,,,,,,,,,,,,,,,,,,,,,,,,,,,,,,,0.435716463414634,0.332340187157677,0.0551371951219512,0.0636396103067893,0.0,0.0,0.0150457317073171,0.0212132034355964,,,2017.0,1994-07-12,,,,3
Rakeem Nunez-Roches,TB,DL,12361,weighted,,,,,,,,,,,,,,,,,,,,,,,,,,,,,,,,,,,,,,,,,,,,,0.430701219512195,0.325269119345812,0.0351067073170732,0.0494974746830583,0.0,0.0,0.010030487804878,0.014142135623731,,,2015.0,1993-07-03,,,,3
Dre'Mont Jones,DEN,DL,14164,weighted,,,,,,,,,,,,,,,,,,,,,,,,,,,,,,,,,,,,,,,,,,,,,0.425685975609756,0.318198051533946,0.0501524390243903,0.0707106781186548,0.0,0.0,0.0200609756097561,0.0282842712474619,,,2019.0,1997-01-05,,,,3
Treyvon Hester,WAS,DL,13360,weighted,,,,,,,,,,,,,,,,,,,,,,,,,,,,,,,,,,,,,,,,,,,,,0.345868902439024,0.403050865276332,0.0451371951219512,0.0636396103067893,0.0,0.0,0.010030487804878,0.014142135623731,,,2017.0,1992-09-21,,,,3
Treyvon Hester,GB,DL,13360,weighted,,,,,,,,,,,,,,,,,,,,,,,,,,,,,,,,,,,,,,,,,,,,,0.345868902439024,0.403050865276332,0.0451371951219512,0.0636396103067893,0.0,0.0,0.010030487804878,0.014142135623731,,,2017.0,1992-09-21,,,,3
Jonathan Bullard,ARI,DL,12758,weighted,,,,,,,,,,,,,,,,,,,,,,,,,,,,,,,,,,,,,,,,,,,,,0.460487804878049,0.226274169979695,0.0351067073170732,0.0494974746830583,0.0,0.0,0.059969512195122,0.014142135623731,,,2016.0,1993-10-22,Q,Hamstring,2019.0,3
Josh Sweat,PHI,DL,13690,weighted,,,,,,,,,,,,,,,,,,,,,,,,,,,,,,,,,,,,,,,,,,,,,0.320853658536585,0.395979797464467,0.0401219512195122,0.0565685424949238,0.0,0.0,0.045015243902439,0.0070710678118654,,,2018.0,1997-03-29,,,,3
Greg Gaines,LAR,DL,14237,weighted,,,,,,,,,,,,,,,,,,,,,,,,,,,,,,,,,,,,,,,,,,,,,0.480243902439024,0.113137084989848,0.0551067073170732,0.0494974746830583,0.0,0.0,0.0300304878048781,0.014142135623731,,,2019.0,1996-05-06,,,,3
John Cominsky,ATL,DL,14238,weighted,,,,,,,,,,,,,,,,,,,,,,,,,,,,,,,,,,,,,,,,,,,,,0.27577743902439,0.360624458405139,0.0401219512195122,0.0565685424949238,0.0,0.0,0.0150457317073171,0.0212132034355964,,,2019.0,1970-01-01,,,,3
Brent Urban,TEN,DL,11807,weighted,,,,,,,,,,,,,,,,,,,,,,,,,,,,,,,,,,,,,,,,,,,,,0.505015243902439,0.0070710678118654,0.0400609756097561,0.0282842712474619,0.0,0.0,0.025015243902439,0.0070710678118654,,,2014.0,1991-05-05,,,,3
Brent Urban,CHI,DL,11807,weighted,,,,,,,,,,,,,,,,,,,,,,,,,,,,,,,,,,,,,,,,,,,,,0.505015243902439,0.0070710678118654,0.0400609756097561,0.0282842712474619,0.0,0.0,0.025015243902439,0.0070710678118654,,,2014.0,1991-05-05,,,,3
Jihad Ward,IND,DL,12744,weighted,,,,,,,,,,,,,,,,,,,,,,,,,,,,,,,,,,,,,,,,,,,,,0.35547256097561,0.21920310216783,0.179939024390244,0.0282842712474619,0.005015243902439,0.0070710678118654,0.055015243902439,0.0070710678118654,,,2016.0,1994-03-11,O,Coach's Decision,2019.0,3
Jihad Ward,BAL,DL,12744,weighted,,,,,,,,,,,,,,,,,,,,,,,,,,,,,,,,,,,,,,,,,,,,,0.35547256097561,0.21920310216783,0.179939024390244,0.0282842712474619,0.005015243902439,0.0070710678118654,0.055015243902439,0.0070710678118654,,,2016.0,1994-03-11,O,Coach's Decision,2019.0,3
T.Y. McGill,WAS,DL,12474,weighted,,,,,,,,,,,,,,,,,,,,,,,,,,,,,,,,,,,,,,,,,,,,,0.140426829268293,0.197989898732233,0.0200609756097561,0.0282842712474619,0.0,0.0,0.0,0.0,,,,,,,,3
Leighton Vander Esch,DAL,LB,13727,weighted,,,,,,,,,,,,,,,,,,,,,,,,,,,,,,,,,,,,,,,,,,,,,6.39217638691323,1.68324372359461,0.092724039829303,0.049435650105301,0.0975177809388336,0.0318286976291281,0.390334281650071,0.0516175420377016,0.0,0.0,2018.0,1997-02-09,,,,3
Lavonte David,TB,LB,10768,weighted,,,,,,,,,,,,,,,,,,,,,,,,,,,,,,,,,,,,,,,,,,,,,6.44475817923186,1.45490020292366,0.16298719772404,0.0765488551870049,0.0254409672830725,0.0319637896836552,0.163440018966335,0.0514572959893198,0.0,0.0,2012.0,1990-01-23,,,,3
Blake Martinez,GB,LB,12788,weighted,,,,,,,,,,,,,,,,,,,,,,,,,,,,,,,,,,,,,,,,,,,,,5.87617354196302,1.73121145160617,0.260312944523471,0.055175170960374,0.0651280227596017,0.038984129687046,0.249722617354196,0.049080742204889,0.0,0.0,2016.0,1994-01-09,,,,3
Blake Martinez,NYG,LB,12788,weighted,,,,,,,,,,,,,,,,,,,,,,,,,,,,,,,,,,,,,,,,,,,,,5.87617354196302,1.73121145160617,0.260312944523471,0.055175170960374,0.0651280227596017,0.038984129687046,0.249722617354196,0.049080742204889,0.0,0.0,2016.0,1994-01-09,,,,3
Luke Kuechly,CAR,LB,10773,weighted,,,,,,,,,,,,,,,,,,,,,,,,,,,,,,,,,,,,,,,,,,,,,5.54747510668563,1.9176490570995,0.116095305832148,0.0302409401692405,0.0905832147937411,0.0238073068280521,0.459786628733997,0.0471947880223454,0.0,0.0,2012.0,1991-04-20,,,,3
Luke Kuechly,FA,LB,10773,weighted,,,,,,,,,,,,,,,,,,,,,,,,,,,,,,,,,,,,,,,,,,,,,5.54747510668563,1.9176490570995,0.116095305832148,0.0302409401692405,0.0905832147937411,0.0238073068280521,0.459786628733997,0.0471947880223454,0.0,0.0,2012.0,1991-04-20,,,,3
Bobby Wagner,SEA,LB,10775,weighted,,,,,,,,,,,,,,,,,,,,,,,,,,,,,,,,,,,,,,,,,,,,,5.82015647226173,1.79319647379887,0.0886415362731152,0.0414078093883065,0.0442887624466572,0.0528161119961218,0.486880037932669,0.0327474453964774,0.0,0.0,2012.0,1990-06-27,,,,3
Cory Littleton,LAR,LB,12985,weighted,,,,,,,,,,,,,,,,,,,,,,,,,,,,,,,,,,,,,,,,,,,,,5.95344950213371,1.44228297279826,0.179281650071124,0.0617849765702377,0.229644381223329,0.137078690488995,0.699665718349929,0.162272766505003,0.1,1.60671664747888e-17,2016.0,1993-11-18,,,,3
Cory Littleton,LVR,LB,12985,weighted,,,,,,,,,,,,,,,,,,,,,,,,,,,,,,,,,,,,,,,,,,,,,5.95344950213371,1.44228297279826,0.179281650071124,0.0617849765702377,0.229644381223329,0.137078690488995,0.699665718349929,0.162272766505003,0.1,1.60671664747888e-17,2016.0,1993-11-18,,,,3
Danny Trevathan,CHI,LB,10879,weighted,,,,,,,,,,,,,,,,,,,,,,,,,,,,,,,,,,,,,,,,,,,,,5.86469325153374,1.66284573259172,0.0599284253578732,0.009992147537207,0.103261758691207,0.0208009295332636,0.283957055214724,0.127743632378017,,,2012.0,1990-03-24,,,,3
Roquan Smith,CHI,LB,13696,weighted,,,,,,,,,,,,,,,,,,,,,,,,,,,,,,,,,,,,,,,,,,,,,5.71367709815078,1.34107702828465,0.258129445234708,0.060977377214207,0.0793385490753912,0.037733474871367,0.290035561877667,0.0078657980037242,0.0,0.0,2018.0,1997-04-08,,,,3
Anthony Hitchens,KC,LB,11795,weighted,,,,,,,,,,,,,,,,,,,,,,,,,,,,,,,,,,,,,,,,,,,,,6.13284253578732,1.43847477348365,0.0235276073619632,0.0321937507786449,0.016799591002045,0.0208373139974252,0.096799591002045,0.0752810010166112,,,2014.0,1992-06-10,,,,3
Joe Schobert,CLE,LB,12768,weighted,,,,,,,,,,,,,,,,,,,,,,,,,,,,,,,,,,,,,,,,,,,,,5.16933143669986,1.75632817170265,0.17450213371266,0.0489914038246354,0.090597439544808,0.0250707495927094,0.300042674253201,0.0724404738432903,0.0,0.0,2016.0,,,,,3
Joe Schobert,JAC,LB,12768,weighted,,,,,,,,,,,,,,,,,,,,,,,,,,,,,,,,,,,,,,,,,,,,,5.16933143669986,1.75632817170265,0.17450213371266,0.0489914038246354,0.090597439544808,0.0250707495927094,0.300042674253201,0.0724404738432903,0.0,0.0,2016.0,,,,,3
Kwon Alexander,SF,LB,12233,weighted,,,,,,,,,,,,,,,,,,,,,,,,,,,,,,,,,,,,,,,,,,,,,5.03805832147937,1.51639323058073,0.0953058321479374,0.0366196805677409,0.16275960170697,0.0561143098507332,0.519644381223329,0.150894937060487,0.0,0.0,2015.0,1994-08-03,,,,3
Deion Jones,ATL,LB,12745,weighted,,,,,,,,,,,,,,,,,,,,,,,,,,,,,,,,,,,,,,,,,,,,,5.68320056899004,1.4850532655417,0.0928307254623044,0.0475128586291353,0.111856330014225,0.0637614459538848,0.489992887624467,0.0778188934733812,0.0,0.0,2016.0,1994-11-04,,,,3
Myles Jack,JAC,LB,12702,weighted,,,,,,,,,,,,,,,,,,,,,,,,,,,,,,,,,,,,,,,,,,,,,5.54541963015647,1.42854644306197,0.290334281650071,0.0759015483243414,0.0583783783783784,0.052488963995517,0.116773352299668,0.0228113007745701,0.0,0.0,2016.0,1995-09-03,,,,3
Jaylon Smith,DAL,LB,12701,weighted,,,,,,,,,,,,,,,,,,,,,,,,,,,,,,,,,,,,,,,,,,,,,5.18534850640114,1.45263511180016,0.127830725462304,0.0355827177458816,0.034800853485064,0.0449704099492457,0.233745851114272,0.0746035433449701,0.0,0.0,2016.0,1995-06-14,,,,3
Jordan Hicks,ARI,LB,12287,weighted,,,,,,,,,,,,,,,,,,,,,,,,,,,,,,,,,,,,,,,,,,,,,6.48707566462168,0.97773279947026,0.239652351738241,0.0527460021226969,0.0498875255623722,0.0435914197791499,0.370378323108385,0.115255871465815,,,2015.0,1992-06-27,,,,3
Tremaine Edmunds,BUF,LB,13697,weighted,,,,,,,,,,,,,,,,,,,,,,,,,,,,,,,,,,,,,,,,,,,,,5.0027667140825,1.76266255788248,0.0885135135135135,0.0185873054649661,0.113655761024182,0.0421573919660225,0.576218587008061,0.0766154389522148,0.1,1.60671664747888e-17,2018.0,1998-05-02,,,,3
Thomas Davis,LAC,LB,7826,weighted,,,,,,,,,,,,,,,,,,,,,,,,,,,,,,,,,,,,,,,,,,,,,5.33070552147239,1.58771840662,0.053680981595092,0.047142382370972,0.0730061349693252,0.0701039173451669,0.267137014314928,0.0989239947943638,,,2005.0,1983-03-22,,,,3
Thomas Davis,WAS,LB,7826,weighted,,,,,,,,,,,,,,,,,,,,,,,,,,,,,,,,,,,,,,,,,,,,,5.33070552147239,1.58771840662,0.053680981595092,0.047142382370972,0.0730061349693252,0.0701039173451669,0.267137014314928,0.0989239947943638,,,2005.0,1983-03-22,,,,3
Nick Vigil,CIN,LB,12762,weighted,,,,,,,,,,,,,,,,,,,,,,,,,,,,,,,,,,,,,,,,,,,,,5.595,1.15596504060527,0.0604907975460123,0.0794761639947462,0.0500920245398773,0.0173602982086068,0.250398773006135,0.0622537789162328,,,2016.0,1993-08-20,,,,3
Nick Vigil,LAC,LB,12762,weighted,,,,,,,,,,,,,,,,,,,,,,,,,,,,,,,,,,,,,,,,,,,,,5.595,1.15596504060527,0.0604907975460123,0.0794761639947462,0.0500920245398773,0.0173602982086068,0.250398773006135,0.0622537789162328,,,2016.0,1993-08-20,,,,3
Jayon Brown,TEN,LB,13304,weighted,,,,,,,,,,,,,,,,,,,,,,,,,,,,,,,,,,,,,,,,,,,,,5.4510327198364,1.26932792849358,0.30299591002045,0.0928283516243721,0.0961656441717791,0.0721116573008403,0.563077709611452,0.13544135860355,,,2017.0,1995-02-26,,,,3
Fred Warner,SF,LB,13743,weighted,,,,,,,,,,,,,,,,,,,,,,,,,,,,,,,,,,,,,,,,,,,,,5.21328220858896,1.47499225442721,0.0334969325153374,0.041761205005309,0.0532515337423313,0.0462242620494906,0.323118609406953,0.0320423305210313,,,2018.0,1996-11-19,,,,3
Eric Kendricks,MIN,LB,12239,weighted,,,,,,,,,,,,,,,,,,,,,,,,,,,,,,,,,,,,,,,,,,,,,5.75960122699386,0.956184303019837,0.0934560327198364,0.0231470642781424,0.122975460122699,0.0491882843798474,0.543466257668712,0.136701087768459,,,2015.0,1992-02-29,,,,3
Zach Cunningham,HOU,LB,13216,weighted,,,,,,,,,,,,,,,,,,,,,,,,,,,,,,,,,,,,,,,,,,,,,5.60271983640082,1.05787748812801,0.13321063394683,0.0305105673416306,0.0833231083844581,0.0153140003908234,0.323629856850716,0.0708422968590215,,,2017.0,1994-12-12,,,,3
Preston Brown,CIN,LB,11775,weighted,,,,,,,,,,,,,,,,,,,,,,,,,,,,,,,,,,,,,,,,,,,,,4.92357873210634,1.85608775382999,0.0231901840490798,0.0250968483066718,0.0899488752556237,0.0099769742592338,0.229621676891616,0.115255871465815,,,2014.0,1992-10-27,,,,3
Preston Brown,FA,LB,11775,weighted,,,,,,,,,,,,,,,,,,,,,,,,,,,,,,,,,,,,,,,,,,,,,4.92357873210634,1.85608775382999,0.0231901840490798,0.0250968483066718,0.0899488752556237,0.0099769742592338,0.229621676891616,0.115255871465815,,,2014.0,1992-10-27,,,,3
Demario Davis,NO,LB,10816,weighted,,,,,,,,,,,,,,,,,,,,,,,,,,,,,,,,,,,,,,,,,,,,,4.93926031294452,1.3423709749914,0.200099573257468,0.0157556112003059,0.0303342816500711,0.0377594644728774,0.253632053105737,0.0505242503414956,0.0,0.0,2012.0,1989-01-11,,,,3
Alec Ogletree,NYG,LB,11293,weighted,,,,,,,,,,,,,,,,,,,,,,,,,,,,,,,,,,,,,,,,,,,,,5.25755623721881,1.26516361619289,0.144028629856851,0.0978462995840866,0.159631901840491,0.0694411928344271,0.553057259713701,0.145470051363403,,,2013.0,1991-09-25,,,,3
Alec Ogletree,FA,LB,11293,weighted,,,,,,,,,,,,,,,,,,,,,,,,,,,,,,,,,,,,,,,,,,,,,5.25755623721881,1.26516361619289,0.144028629856851,0.0978462995840866,0.159631901840491,0.0694411928344271,0.553057259713701,0.145470051363403,,,2013.0,1991-09-25,,,,3
Jerome Baker,MIA,LB,13706,weighted,,,,,,,,,,,,,,,,,,,,,,,,,,,,,,,,,,,,,,,,,,,,,5.55572597137014,1.03150927390379,0.157269938650307,0.0836164612498163,0.0568609406952965,0.0350261887812238,0.216820040899796,0.0289338303476779,,,2018.0,1996-12-25,,,,3
Nigel Bradham,PHI,LB,10827,weighted,,,,,,,,,,,,,,,,,,,,,,,,,,,,,,,,,,,,,,,,,,,,,5.56302658486708,0.948175793038578,0.110092024539877,0.0173602982086068,0.0334969325153374,0.041761205005309,0.324345603271984,0.141111715292446,,,2012.0,1989-09-04,,,,3
Nigel Bradham,FA,LB,10827,weighted,,,,,,,,,,,,,,,,,,,,,,,,,,,,,,,,,,,,,,,,,,,,,5.56302658486708,0.948175793038578,0.110092024539877,0.0173602982086068,0.0334969325153374,0.041761205005309,0.324345603271984,0.141111715292446,,,2012.0,1989-09-04,,,,3
DeVondre Campbell,ATL,LB,12779,weighted,,,,,,,,,,,,,,,,,,,,,,,,,,,,,,,,,,,,,,,,,,,,,5.23515337423313,1.14558804000599,0.123588957055215,0.0587653460966181,0.0166768916155419,0.0153140003908234,0.08640081799591,0.0549624968196249,,,2016.0,1993-07-01,,,,3
DeVondre Campbell,ARI,LB,12779,weighted,,,,,,,,,,,,,,,,,,,,,,,,,,,,,,,,,,,,,,,,,,,,,5.23515337423313,1.14558804000599,0.123588957055215,0.0587653460966181,0.0166768916155419,0.0153140003908234,0.08640081799591,0.0549624968196249,,,2016.0,1993-07-01,,,,3
Benardrick McKinney,HOU,LB,12272,weighted,,,,,,,,,,,,,,,,,,,,,,,,,,,,,,,,,,,,,,,,,,,,,5.04822085889571,1.27537180103316,0.0868609406952965,0.0474005710921469,0.0668507157464213,0.0251290226455299,0.320552147239264,0.0913793736138255,,,2015.0,1992-11-19,,,,3
Tahir Whitehead,OAK,LB,10847,weighted,,,,,,,,,,,,,,,,,,,,,,,,,,,,,,,,,,,,,,,,,,,,,5.7651226993865,0.6602272610457,0.0268711656441718,0.0305634861868063,0.0568200408997955,0.0289338303476779,0.207157464212679,0.0702190790957314,,,2012.0,1990-04-02,,,,3
Tahir Whitehead,CAR,LB,10847,weighted,,,,,,,,,,,,,,,,,,,,,,,,,,,,,,,,,,,,,,,,,,,,,5.7651226993865,0.6602272610457,0.0268711656441718,0.0305634861868063,0.0568200408997955,0.0289338303476779,0.207157464212679,0.0702190790957314,,,2012.0,1990-04-02,,,,3
Josey Jewell,DEN,LB,13702,weighted,,,,,,,,,,,,,,,,,,,,,,,,,,,,,,,,,,,,,,,,,,,,,5.01679959100205,1.51273171342402,0.0637116564417178,0.0548996129737334,0.0532515337423313,0.0462242620494906,0.207730061349693,0.150029440518472,,,2018.0,1994-12-25,,,,3
Matt Milano,BUF,LB,13307,weighted,,,,,,,,,,,,,,,,,,,,,,,,,,,,,,,,,,,,,,,,,,,,,5.03320040899796,1.05595181800994,0.0804294478527608,0.0967133857169528,0.070439672801636,0.0606509769369235,0.366564417177914,0.0577803275618633,,,2017.0,,,,,3
Leon Jacobs,JAC,LB,13834,weighted,,,,,,,,,,,,,,,,,,,,,,,,,,,,,,,,,,,,,,,,,,,,,3.26629856850716,2.59405215535395,0.0897852760736196,0.0299764426116212,0.0298466257668712,0.0299309227777016,0.0631390593047035,0.0350261887812238,,,2018.0,,,,,3
Christian Jones,DET,LB,11724,weighted,,,,,,,,,,,,,,,,,,,,,,,,,,,,,,,,,,,,,,,,,,,,,4.68774028629857,1.30577365499241,0.159918200408998,0.0401232047025702,0.0694989775051125,0.0816061123961617,0.403302658486708,0.0875750011826665,,,2014.0,1991-02-18,,,,3
Brennan Scarlett,HOU,LB,12964,weighted,,,,,,,,,,,,,,,,,,,,,,,,,,,,,,,,,,,,,,,,,,,,,3.32665644171779,2.50046847888518,0.0067280163599182,0.0115735321390712,0.0235276073619632,0.0321937507786449,0.176513292433538,0.0666039509960656,,,2016.0,1993-07-31,,,,3
Shaq Green-Thompson,CAR,LB,12231,weighted,,,,,,,,,,,,,,,,,,,,,,,,,,,,,,,,,,,,,,,,,,,,,4.829918200409,1.39398909724916,0.2359918200409,0.134733152140264,0.0299897750511247,0.0265072792766298,0.117106339468303,0.0666235296089293,,,,1994-04-21,,,,3
Reggie Ragland,KC,LB,12703,weighted,,,,,,,,,,,,,,,,,,,,,,,,,,,,,,,,,,,,,,,,,,,,,3.79967280163599,2.44696747221493,0.130357873210634,0.069838819814637,0.023241308793456,0.0152298956023043,0.113537832310838,0.0757145055729431,,,2016.0,1993-09-24,,,,3
Reggie Ragland,DET,LB,12703,weighted,,,,,,,,,,,,,,,,,,,,,,,,,,,,,,,,,,,,,,,,,,,,,3.79967280163599,2.44696747221493,0.130357873210634,0.069838819814637,0.023241308793456,0.0152298956023043,0.113537832310838,0.0757145055729431,,,2016.0,1993-09-24,,,,3
Jon Bostic,WAS,LB,11299,weighted,,,,,,,,,,,,,,,,,,,,,,,,,,,,,,,,,,,,,,,,,,,,,4.07476482617587,1.70645194392006,0.143456032719836,0.0493358236299794,0.0398977505112474,0.0199539485184677,0.180245398773006,0.0345339880885012,,,2013.0,1991-05-05,,,,3
Todd Davis,DEN,LB,12087,weighted,,,,,,,,,,,,,,,,,,,,,,,,,,,,,,,,,,,,,,,,,,,,,4.81933537832311,1.03915622888026,0.0598466257668712,0.0299309227777016,0.063159509202454,0.0403508463394188,0.273006134969325,0.0701039173451669,,,2014.0,1992-05-17,,,,3
Denzel Perryman,LAC,LB,12238,weighted,,,,,,,,,,,,,,,,,,,,,,,,,,,,,,,,,,,,,,,,,,,,,3.70584867075665,1.94463012339867,0.0300511247443763,0.0099769742592338,0.0133946830265849,0.0152552836708153,0.0998568507157464,0.0199842950744142,,,,1992-12-05,,,,3
Haason Reddick,ARI,LB,13245,weighted,,,,,,,,,,,,,,,,,,,,,,,,,,,,,,,,,,,,,,,,,,,,,4.83667689161554,0.916397007080215,0.276738241308793,0.0208009295332636,0.0598364008179959,0.0528925319523154,0.284038854805726,0.0959293513139613,,,2017.0,1994-09-22,,,,3
Jordan Evans,CIN,LB,13327,weighted,,,,,,,,,,,,,,,,,,,,,,,,,,,,,,,,,,,,,,,,,,,,,3.78117586912065,1.8423447912331,0.0926993865030675,0.0926178710650335,0.0366359918200409,0.0057867660695355,0.199427402862986,0.0799371802976566,,,2017.0,,,,,3
Anthony Walker,IND,LB,13306,weighted,,,,,,,,,,,,,,,,,,,,,,,,,,,,,,,,,,,,,,,,,,,,,4.30077709611452,1.31316192902431,0.0633231083844581,0.0473526048314472,0.0464621676891616,0.0287783234070843,0.123548057259714,0.0405073624867491,,,2017.0,1995-08-08,,,,3
Ben Gedeon,MIN,LB,13291,weighted,,,,,,,,,,,,,,,,,,,,,,,,,,,,,,,,,,,,,,,,,,,,,3.25584867075665,2.3014087949648,0.0099488752556237,0.0099769742592338,0.0234049079754601,0.0252465936894285,0.116963190184049,0.0963977550098022,,,2017.0,1994-10-16,,,,3
A.J. Klein,NO,LB,11375,weighted,,,,,,,,,,,,,,,,,,,,,,,,,,,,,,,,,,,,,,,,,,,,,3.91942740286299,1.57066213601285,0.123374233128834,0.0405239588321961,0.0335173824130879,0.0304597912046085,0.120040899795501,0.0200616023512851,,,2013.0,1991-07-30,,,,3
A.J. Klein,BUF,LB,11375,weighted,,,,,,,,,,,,,,,,,,,,,,,,,,,,,,,,,,,,,,,,,,,,,3.91942740286299,1.57066213601285,0.123374233128834,0.0405239588321961,0.0335173824130879,0.0304597912046085,0.120040899795501,0.0200616023512851,,,2013.0,1991-07-30,,,,3
Elandon Roberts,NE,LB,12831,weighted,,,,,,,,,,,,,,,,,,,,,,,,,,,,,,,,,,,,,,,,,,,,,3.2829754601227,1.97716572510601,0.0299693251533742,0.017334098268559,0.0362883435582822,0.0548996129737334,0.149683026584867,0.070198368614927,,,2016.0,1994-04-22,,,,3
Elandon Roberts,MIA,LB,12831,weighted,,,,,,,,,,,,,,,,,,,,,,,,,,,,,,,,,,,,,,,,,,,,,3.2829754601227,1.97716572510601,0.0299693251533742,0.017334098268559,0.0362883435582822,0.0548996129737334,0.149683026584867,0.070198368614927,,,2016.0,1994-04-22,,,,3
Damien Wilson,KC,LB,12302,weighted,,,,,,,,,,,,,,,,,,,,,,,,,,,,,,,,,,,,,,,,,,,,,3.66978527607362,1.69051841185577,0.0732310838445808,0.0378572527864716,0.0134560327198364,0.0231470642781424,0.214028629856851,0.100658846185531,,,2015.0,1993-05-28,,,,3
Neville Hewitt,NYJ,LB,12481,weighted,,,,,,,,,,,,,,,,,,,,,,,,,,,,,,,,,,,,,,,,,,,,,4.56553169734151,1.00560992197909,0.23700408997955,0.0636544267648915,0.110316973415133,0.081757717034257,0.27359918200409,0.11017452397352,,,,,,,,3
Harvey Langi,NYJ,LB,13388,weighted,,,,,,,,,,,,,,,,,,,,,,,,,,,,,,,,,,,,,,,,,,,,,4.02430107526882,2.06475180106472,0.0702150537634409,0.0282842712474619,0.02,0.0,0.129677419354839,0.0424264068711928,,,2017.0,1992-09-24,,,,3
Harold Landry,TEN,LB,13700,weighted,,,,,,,,,,,,,,,,,,,,,,,,,,,,,,,,,,,,,,,,,,,,,3.45876278118609,1.78210645761742,0.446308793456033,0.0566858224593143,0.0100920245398773,0.0173602982086068,0.169867075664622,0.0361684347216778,,,2018.0,1996-06-05,,,,3
Zach Brown,PHI,LB,10770,weighted,,,,,,,,,,,,,,,,,,,,,,,,,,,,,,,,,,,,,,,,,,,,,4.64102249488753,0.800994047036467,0.0603271983640082,0.0529841093298308,0.0529243353783231,0.0575566468141686,0.133578732106339,0.0610211346832613,,,2012.0,1989-10-23,,,,3
Zach Brown,FA,LB,10770,weighted,,,,,,,,,,,,,,,,,,,,,,,,,,,,,,,,,,,,,,,,,,,,,4.64102249488753,0.800994047036467,0.0603271983640082,0.0529841093298308,0.0529243353783231,0.0575566468141686,0.133578732106339,0.0610211346832613,,,2012.0,1989-10-23,,,,3
Uchenna Nwosu,LAC,LB,13704,weighted,,,,,,,,,,,,,,,,,,,,,,,,,,,,,,,,,,,,,,,,,,,,,2.86547034764826,2.20781108449708,0.240010224948875,0.0361391019667753,0.0099488752556237,0.0099769742592338,0.0401226993865031,0.0172669940442506,,,2018.0,1996-12-28,,,,3
Tae Davis,NYG,LB,13943,weighted,,,,,,,,,,,,,,,,,,,,,,,,,,,,,,,,,,,,,,,,,,,,,3.88935483870968,2.05768073325285,0.114838709677419,0.0212132034355964,0.02,0.0,0.124408602150538,0.0777817459305202,,,2018.0,1970-01-01,,,,3
Tae Davis,CLE,LB,13943,weighted,,,,,,,,,,,,,,,,,,,,,,,,,,,,,,,,,,,,,,,,,,,,,3.88935483870968,2.05768073325285,0.114838709677419,0.0212132034355964,0.02,0.0,0.124408602150538,0.0777817459305202,,,2018.0,1970-01-01,,,,3
Shaun Dion Hamilton,WAS,LB,13812,weighted,,,,,,,,,,,,,,,,,,,,,,,,,,,,,,,,,,,,,,,,,,,,,3.73946830265849,1.42587050872503,0.146820040899796,0.0472311512089997,0.0450255623721881,0.0049884871296169,0.0801022494887526,0.0199539485184677,,,2018.0,1995-09-11,,,,3
Vontaze Burfict,OAK,LB,10772,weighted,,,,,,,,,,,,,,,,,,,,,,,,,,,,,,,,,,,,,,,,,,,,,3.91680981595092,1.44056621045222,0.0667689161554192,0.0306477800178765,0.0433026584867076,0.037918839665539,0.349171779141104,0.113265596719188,,,2012.0,1990-09-24,,,,3
Vontaze Burfict,FA,LB,10772,weighted,,,,,,,,,,,,,,,,,,,,,,,,,,,,,,,,,,,,,,,,,,,,,3.91680981595092,1.44056621045222,0.0667689161554192,0.0306477800178765,0.0433026584867076,0.037918839665539,0.349171779141104,0.113265596719188,,,2012.0,1990-09-24,,,,3
Bud Dupree,PIT,LB,12234,weighted,,,,,,,,,,,,,,,,,,,,,,,,,,,,,,,,,,,,,,,,,,,,,3.44221881390593,1.55188719020947,0.380030674846626,0.017334098268559,0.0300715746421268,0.009992147537207,0.150030674846626,0.0459420011724702,,,2015.0,1993-02-12,,,,3
Mark Barron,PIT,LB,10782,weighted,,,,,,,,,,,,,,,,,,,,,,,,,,,,,,,,,,,,,,,,,,,,,4.03133946830266,1.39243502235112,0.123425357873211,0.0352305737291161,0.0234049079754601,0.0252465936894285,0.100674846625767,0.113763684319816,,,2012.0,1989-10-27,,,,3
Mark Barron,FA,LB,10782,weighted,,,,,,,,,,,,,,,,,,,,,,,,,,,,,,,,,,,,,,,,,,,,,4.03133946830266,1.39243502235112,0.123425357873211,0.0352305737291161,0.0234049079754601,0.0252465936894285,0.100674846625767,0.113763684319816,,,2012.0,1989-10-27,,,,3
Devin Bush,PIT,LB,14170,weighted,,,,,,,,,,,,,,,,,,,,,,,,,,,,,,,,,,,,,,,,,,,,,3.18703874538745,1.66064402448454,0.390738007380074,0.203585439472242,0.0666881918819188,0.0360737285115411,0.174953874538745,0.0239209341904235,0.0,0.0,2019.0,1998-07-18,,,,3
Shaquem Griffin,SEA,LB,13705,weighted,,,,,,,,,,,,,,,,,,,,,,,,,,,,,,,,,,,,,,,,,,,,,2.18978527607362,2.63540997412052,0.0468098159509203,0.050493187378857,0.0099488752556237,0.0099769742592338,0.0731492842535787,0.064277604926714,,,2018.0,1995-07-20,,,,3
Bryce Hager,LAR,LB,12244,weighted,,,,,,,,,,,,,,,,,,,,,,,,,,,,,,,,,,,,,,,,,,,,,3.85634408602151,1.79605122421383,0.0202150537634409,0.0282842712474619,0.0301075268817204,0.014142135623731,0.124623655913979,0.0494974746830583,,,2015.0,1992-05-04,,,,3
Bryce Hager,FA,LB,12244,weighted,,,,,,,,,,,,,,,,,,,,,,,,,,,,,,,,,,,,,,,,,,,,,3.85634408602151,1.79605122421383,0.0202150537634409,0.0282842712474619,0.0301075268817204,0.014142135623731,0.124623655913979,0.0494974746830583,,,2015.0,1992-05-04,,,,3
Patrick Onwuasor,BAL,LB,13026,weighted,,,,,,,,,,,,,,,,,,,,,,,,,,,,,,,,,,,,,,,,,,,,,4.35067484662577,1.26066469301644,0.490040899795501,0.0820535639272738,0.0433844580777096,0.0153238900089383,0.300920245398773,0.173602982086068,,,2016.0,1992-08-22,,,,3
Patrick Onwuasor,NYJ,LB,13026,weighted,,,,,,,,,,,,,,,,,,,,,,,,,,,,,,,,,,,,,,,,,,,,,4.35067484662577,1.26066469301644,0.490040899795501,0.0820535639272738,0.0433844580777096,0.0153238900089383,0.300920245398773,0.173602982086068,,,2016.0,1992-08-22,,,,3
Kyle Van Noy,NE,LB,11723,weighted,,,,,,,,,,,,,,,,,,,,,,,,,,,,,,,,,,,,,,,,,,,,,3.94604294478528,1.01654266242042,0.297351738241309,0.0949513976823698,0.0332924335378323,0.0057556646814168,0.200143149284254,0.0199842950744142,,,2014.0,1991-03-26,,,,3
Kyle Van Noy,MIA,LB,11723,weighted,,,,,,,,,,,,,,,,,,,,,,,,,,,,,,,,,,,,,,,,,,,,,3.94604294478528,1.01654266242042,0.297351738241309,0.0949513976823698,0.0332924335378323,0.0057556646814168,0.200143149284254,0.0199842950744142,,,2014.0,1991-03-26,,,,3
Nicholas Morrow,OAK,LB,13426,weighted,,,,,,,,,,,,,,,,,,,,,,,,,,,,,,,,,,,,,,,,,,,,,3.31949897750511,1.56286271328529,0.0701738241308794,0.0263730010613484,0.0166768916155419,0.0153140003908234,0.15361963190184,0.0501936966133435,,,2017.0,1995-07-10,,,,3
Nicholas Morrow,LVR,LB,13426,weighted,,,,,,,,,,,,,,,,,,,,,,,,,,,,,,,,,,,,,,,,,,,,,3.31949897750511,1.56286271328529,0.0701738241308794,0.0263730010613484,0.0166768916155419,0.0153140003908234,0.15361963190184,0.0501936966133435,,,2017.0,1995-07-10,,,,3
K.J. Wright,SEA,LB,10350,weighted,,,,,,,,,,,,,,,,,,,,,,,,,,,,,,,,,,,,,,,,,,,,,4.75116564417178,0.300001185638232,0.0571267893660532,0.0738009580087414,0.0736605316973415,0.0460453174513349,0.353977505112474,0.0893624298500286,,,2011.0,1989-07-23,,,,3
Donta Hightower,NE,LB,10774,weighted,,,,,,,,,,,,,,,,,,,,,,,,,,,,,,,,,,,,,,,,,,,,,3.02106339468303,1.79515014901972,0.120685071574642,0.10152000463176,0.0234867075664622,0.0207682875961968,0.12340490797546,0.0252465936894285,,,2012.0,1990-03-12,,,,3
Pernell McPhee,BAL,LB,10402,weighted,,,,,,,,,,,,,,,,,,,,,,,,,,,,,,,,,,,,,,,,,,,,,3.72559139784946,1.89504617357995,0.219677419354839,0.0424264068711928,0.0298924731182796,0.014142135623731,0.17494623655914,0.0070710678118654,,,2011.0,1988-12-17,,,,3
Whitney Mercilus,HOU,LB,10754,weighted,,,,,,,,,,,,,,,,,,,,,,,,,,,,,,,,,,,,,,,,,,,,,3.23247443762781,1.54324558725572,0.596359918200409,0.110957686977893,0.0534764826175869,0.0416018590665273,0.130357873210634,0.069838819814637,,,2012.0,1990-07-21,,,,3
Chris Board,BAL,LB,13926,weighted,,,,,,,,,,,,,,,,,,,,,,,,,,,,,,,,,,,,,,,,,,,,,2.16257668711656,2.42058442265398,0.0632822085889571,0.0352205384995591,0.0099488752556237,0.0099769742592338,0.0695807770961145,0.0606334892955365,,,2018.0,1970-01-01,,,,3
Matthew Adams,IND,LB,13826,weighted,,,,,,,,,,,,,,,,,,,,,,,,,,,,,,,,,,,,,,,,,,,,,3.24952965235174,1.45278582254031,0.016799591002045,0.0208373139974252,0.0099488752556237,0.0099769742592338,0.129580777096115,0.0606334892955365,,,2018.0,,,,,3
Lorenzo Alexander,BUF,LB,8951,weighted,,,,,,,,,,,,,,,,,,,,,,,,,,,,,,,,,,,,,,,,,,,,,3.60839468302659,1.13358661876442,0.353108384458078,0.0502450685325976,0.0892944785276074,0.0961789863179883,0.379468302658487,0.144673738886711,,,2006.0,1983-05-31,,,,3
Lorenzo Alexander,FA,LB,8951,weighted,,,,,,,,,,,,,,,,,,,,,,,,,,,,,,,,,,,,,,,,,,,,,3.60839468302659,1.13358661876442,0.353108384458078,0.0502450685325976,0.0892944785276074,0.0961789863179883,0.379468302658487,0.144673738886711,,,2006.0,1983-05-31,,,,3
Ryan Anderson,WAS,LB,13218,weighted,,,,,,,,,,,,,,,,,,,,,,,,,,,,,,,,,,,,,,,,,,,,,2.21739263803681,2.2790847301401,0.1,0.0,0.0099488752556237,0.0099769742592338,0.0828936605316973,0.0678530681890163,,,2017.0,,,,,3
Clay Matthews,LAR,LB,9464,weighted,,,,,,,,,,,,,,,,,,,,,,,,,,,,,,,,,,,,,,,,,,,,,3.04846625766871,1.57298184926678,0.465930470347648,0.113820624152128,0.0249233128834356,0.0149654613888508,0.105787321063395,0.119032529173446,,,2009.0,1986-05-14,,,,3
Clay Matthews,FA,LB,9464,weighted,,,,,,,,,,,,,,,,,,,,,,,,,,,,,,,,,,,,,,,,,,,,,3.04846625766871,1.57298184926678,0.465930470347648,0.113820624152128,0.0249233128834356,0.0149654613888508,0.105787321063395,0.119032529173446,,,2009.0,1986-05-14,,,,3
Quincy Williams,JAC,LB,14221,weighted,,,,,,,,,,,,,,,,,,,,,,,,,,,,,,,,,,,,,,,,,,,,,4.6846493902439,0.162634559672906,0.130182926829268,0.0848528137423857,0.0300914634146341,0.0424264068711929,0.175411585365854,0.190918830920368,,,2019.0,1996-08-28,,,,3
Matt Judon,BAL,LB,12795,weighted,,,,,,,,,,,,,,,,,,,,,,,,,,,,,,,,,,,,,,,,,,,,,3.25431492842536,1.30525923175913,0.529192229038855,0.140675342869098,0.0266053169734151,0.0152552836708153,0.163711656441718,0.0548996129737334,,,2016.0,,,,,3
Rashaan Evans,TEN,LB,13699,weighted,,,,,,,,,,,,,,,,,,,,,,,,,,,,,,,,,,,,,,,,,,,,,4.02722903885481,0.989143988758619,0.0604294478527607,0.0599528852232425,0.0234049079754601,0.0252465936894285,0.159836400817996,0.0528925319523154,,,2018.0,1996-11-08,,,,3
Khalil Mack,CHI,LB,11721,weighted,,,,,,,,,,,,,,,,,,,,,,,,,,,,,,,,,,,,,,,,,,,,,3.68053342816501,0.7851815104072,0.76902560455192,0.130049194562014,0.0256258890469417,0.0373795443064893,0.283425794215268,0.0163602474016297,0.0,0.0,2014.0,1991-02-22,,,,3
Lorenzo Carter,NYG,LB,13703,weighted,,,,,,,,,,,,,,,,,,,,,,,,,,,,,,,,,,,,,,,,,,,,,3.20565439672802,1.44247505174022,0.31338445807771,0.0153238900089383,0.0332106339468303,0.0305105673416306,0.250541922290389,0.0778544134504237,,,2018.0,1995-12-10,,,,3
Shaquil Barrett,TB,LB,12075,weighted,,,,,,,,,,,,,,,,,,,,,,,,,,,,,,,,,,,,,,,,,,,,,3.44364008179959,1.06743509779325,0.788967280163599,0.146846348400032,0.0099488752556237,0.0099769742592338,0.153394683026585,0.0504731809126098,,,2014.0,1992-11-17,,,,3
Preston Smith,GB,LB,12270,weighted,,,,,,,,,,,,,,,,,,,,,,,,,,,,,,,,,,,,,,,,,,,,,3.03474437627812,1.37141590127401,0.419826175869121,0.0263730010613485,0.103445807770961,0.0839613100888276,0.329355828220859,0.121522087460247,,,2015.0,1992-11-17,,,,3
Jarrad Davis,DET,LB,13221,weighted,,,,,,,,,,,,,,,,,,,,,,,,,,,,,,,,,,,,,,,,,,,,,4.3805487804878,0.254558441227157,0.335106707317073,0.0494974746830583,0.0300609756097561,0.0282842712474619,0.3,0.0,,,2017.0,,,,,3
Leonard Floyd,CHI,LB,12734,weighted,,,,,,,,,,,,,,,,,,,,,,,,,,,,,,,,,,,,,,,,,,,,,3.07823108384458,1.21441498402757,0.462484662576687,0.118106437293844,0.0201226993865031,0.0172669940442506,0.209948875255624,0.0099769742592338,,,2016.0,1992-09-08,,,,3
Leonard Floyd,LAR,LB,12734,weighted,,,,,,,,,,,,,,,,,,,,,,,,,,,,,,,,,,,,,,,,,,,,,3.07823108384458,1.21441498402757,0.462484662576687,0.118106437293844,0.0201226993865031,0.0172669940442506,0.209948875255624,0.0099769742592338,,,2016.0,1992-09-08,,,,3
Von Miller,DEN,LB,10267,weighted,,,,,,,,,,,,,,,,,,,,,,,,,,,,,,,,,,,,,,,,,,,,,3.07110429447853,1.21026358941671,0.662556237218814,0.10935762894692,0.0301942740286299,0.0263902287994929,0.143588957055215,0.0587653460966181,,,2011.0,1989-03-26,,,,3
Ryan Kerrigan,WAS,LB,10280,weighted,,,,,,,,,,,,,,,,,,,,,,,,,,,,,,,,,,,,,,,,,,,,,2.64935582822086,1.55394554719281,0.683537832310838,0.0287783234070843,0.0099488752556237,0.0099769742592338,0.11620654396728,0.0761494780115213,,,2011.0,1988-08-16,,,,3
Terrell Suggs,ARI,LB,6938,weighted,,,,,,,,,,,,,,,,,,,,,,,,,,,,,,,,,,,,,,,,,,,,,2.55658486707566,1.49376429485395,0.469284253578732,0.104068957943592,0.023118609406953,0.0320423305210313,0.206441717791411,0.0304929313196955,,,2003.0,1982-10-11,,,,3
Terrell Suggs,FA,LB,6938,weighted,,,,,,,,,,,,,,,,,,,,,,,,,,,,,,,,,,,,,,,,,,,,,2.55658486707566,1.49376429485395,0.469284253578732,0.104068957943592,0.023118609406953,0.0320423305210313,0.206441717791411,0.0304929313196955,,,2003.0,1982-10-11,,,,3
Jadeveon Clowney,SEA,LB,11706,weighted,,,,,,,,,,,,,,,,,,,,,,,,,,,,,,,,,,,,,,,,,,,,,3.24451612903226,1.37885822331377,0.590430107526882,0.0565685424949238,0.0298924731182796,0.014142135623731,0.219569892473118,0.0565685424949238,,,2014.0,1993-02-14,,,,3
Jadeveon Clowney,FA,LB,11706,weighted,,,,,,,,,,,,,,,,,,,,,,,,,,,,,,,,,,,,,,,,,,,,,3.24451612903226,1.37885822331377,0.590430107526882,0.0565685424949238,0.0298924731182796,0.014142135623731,0.219569892473118,0.0565685424949238,,,2014.0,1993-02-14,,,,3
Jamie Collins,NE,LB,11349,weighted,,,,,,,,,,,,,,,,,,,,,,,,,,,,,,,,,,,,,,,,,,,,,2.87126524390244,1.73241161390704,0.164893292682927,0.0494974746830583,0.159573170731707,0.197989898732233,0.259573170731707,0.197989898732233,,,2013.0,1990-05-02,,,,3
Jamie Collins,DET,LB,11349,weighted,,,,,,,,,,,,,,,,,,,,,,,,,,,,,,,,,,,,,,,,,,,,,2.87126524390244,1.73241161390704,0.164893292682927,0.0494974746830583,0.159573170731707,0.197989898732233,0.259573170731707,0.197989898732233,,,2013.0,1990-05-02,,,,3
Devon Kennard,DET,LB,11830,weighted,,,,,,,,,,,,,,,,,,,,,,,,,,,,,,,,,,,,,,,,,,,,,3.05371165644172,0.873229583550558,0.616329243353783,0.097433116586234,0.0099488752556237,0.0099769742592338,0.0797750511247444,0.0359444198364422,,,2014.0,1991-06-24,,,,3
Devon Kennard,ARI,LB,11830,weighted,,,,,,,,,,,,,,,,,,,,,,,,,,,,,,,,,,,,,,,,,,,,,3.05371165644172,0.873229583550558,0.616329243353783,0.097433116586234,0.0099488752556237,0.0099769742592338,0.0797750511247444,0.0359444198364422,,,2014.0,1991-06-24,,,,3
Sam Eguavoen,MIA,LB,14401,weighted,,,,,,,,,,,,,,,,,,,,,,,,,,,,,,,,,,,,,,,,,,,,,3.5266006097561,0.742462120245875,0.175259146341463,0.120208152801713,0.045015243902439,0.0070710678118654,0.115106707317073,0.0494974746830583,,,2019.0,1970-01-01,,,,3
Kiko Alonso,NO,LB,11308,weighted,,,,,,,,,,,,,,,,,,,,,,,,,,,,,,,,,,,,,,,,,,,,,3.70592987804878,0.431335136523794,0.0749237804878049,0.0353553390593274,0.06,0.0,0.220060975609756,0.0282842712474619,,,2013.0,1990-08-14,,,,3
Foyesade Oluokun,ATL,LB,13813,weighted,,,,,,,,,,,,,,,,,,,,,,,,,,,,,,,,,,,,,,,,,,,,,2.89664634146341,1.5556349186104,0.02,0.0,0.010030487804878,0.014142135623731,0.065015243902439,0.0070710678118654,,,2018.0,1995-08-02,,,,3
Bradley Chubb,DEN,LB,13681,weighted,,,,,,,,,,,,,,,,,,,,,,,,,,,,,,,,,,,,,,,,,,,,,3.51914634146341,0.395979797464466,0.560182926829268,0.0848528137423857,0.0150457317073171,0.0212132034355964,0.184954268292683,0.0212132034355964,,,2018.0,1996-06-24,,,,3
Raekwon McMillan,MIA,LB,13222,weighted,,,,,,,,,,,,,,,,,,,,,,,,,,,,,,,,,,,,,,,,,,,,,3.1917987804878,0.834386001800126,0.0400914634146341,0.0424264068711929,0.010030487804878,0.014142135623731,0.0650762195121951,0.0353553390593274,,,2017.0,1996-11-17,,,,3
Mychal Kendricks,SEA,LB,10807,weighted,,,,,,,,,,,,,,,,,,,,,,,,,,,,,,,,,,,,,,,,,,,,,3.20121951219512,0.565685424949238,0.189969512195122,0.014142135623731,0.0150457317073171,0.0212132034355964,0.205015243902439,0.0070710678118654,,,2012.0,1990-09-28,,,,3
Mychal Kendricks,FA,LB,10807,weighted,,,,,,,,,,,,,,,,,,,,,,,,,,,,,,,,,,,,,,,,,,,,,3.20121951219512,0.565685424949238,0.189969512195122,0.014142135623731,0.0150457317073171,0.0212132034355964,0.205015243902439,0.0070710678118654,,,2012.0,1990-09-28,,,,3
Adarius Glanton,CLE,LB,12072,weighted,,,,,,,,,,,,,,,,,,,,,,,,,,,,,,,,,,,,,,,,,,,,,2.07919207317073,1.94454364826301,0.0601219512195122,0.0565685424949238,0.0351067073170732,0.0494974746830583,0.205350609756098,0.162634559672906,,,2014.0,1990-09-21,Q,Ankle,2019.0,3
Adarius Glanton,FA,LB,12072,weighted,,,,,,,,,,,,,,,,,,,,,,,,,,,,,,,,,,,,,,,,,,,,,2.07919207317073,1.94454364826301,0.0601219512195122,0.0565685424949238,0.0351067073170732,0.0494974746830583,0.205350609756098,0.162634559672906,,,2014.0,1990-09-21,Q,Ankle,2019.0,3
Anthony Barr,MIN,LB,11720,weighted,,,,,,,,,,,,,,,,,,,,,,,,,,,,,,,,,,,,,,,,,,,,,3.26048780487805,0.226274169979695,0.25015243902439,0.0707106781186547,0.025015243902439,0.0070710678118654,0.245137195121951,0.0636396103067893,,,2014.0,1992-03-18,O,Groin,2019.0,3
Kenny Young,BAL,LB,13765,weighted,,,,,,,,,,,,,,,,,,,,,,,,,,,,,,,,,,,,,,,,,,,,,2.83829268292683,0.791959594928933,0.139817073170732,0.0848528137423857,0.0249542682926829,0.0212132034355964,0.139817073170732,0.0848528137423857,,,2018.0,1995-11-15,,,,3
Kenny Young,LAR,LB,13765,weighted,,,,,,,,,,,,,,,,,,,,,,,,,,,,,,,,,,,,,,,,,,,,,2.83829268292683,0.791959594928933,0.139817073170732,0.0848528137423857,0.0249542682926829,0.0212132034355964,0.139817073170732,0.0848528137423857,,,2018.0,1995-11-15,,,,3
Blake Cashman,NYJ,LB,14251,weighted,,,,,,,,,,,,,,,,,,,,,,,,,,,,,,,,,,,,,,,,,,,,,2.89149390243902,0.692964645562816,0.210030487804878,0.0141421356237309,0.0599390243902439,0.0282842712474619,0.239817073170732,0.0848528137423857,,,2019.0,1996-05-10,,,,3
T.J. Watt,PIT,LB,13214,weighted,,,,,,,,,,,,,,,,,,,,,,,,,,,,,,,,,,,,,,,,,,,,,3.11945121951219,0.254558441227157,0.545137195121951,0.0636396103067893,0.039969512195122,0.014142135623731,0.254862804878049,0.0636396103067893,,,2017.0,1994-10-11,,,,3
Darron Lee,KC,LB,12705,weighted,,,,,,,,,,,,,,,,,,,,,,,,,,,,,,,,,,,,,,,,,,,,,2.48176829268293,0.820243866176395,0.094984756097561,0.0070710678118654,0.0500914634146341,0.0424264068711929,0.165228658536585,0.106066017177982,,,2016.0,1994-10-18,,,,3
Darron Lee,FA,LB,12705,weighted,,,,,,,,,,,,,,,,,,,,,,,,,,,,,,,,,,,,,,,,,,,,,2.48176829268293,0.820243866176395,0.094984756097561,0.0070710678118654,0.0500914634146341,0.0424264068711929,0.165228658536585,0.106066017177982,,,2016.0,1994-10-18,,,,3
Sean Lee,DAL,LB,9866,weighted,,,,,,,,,,,,,,,,,,,,,,,,,,,,,,,,,,,,,,,,,,,,,2.71094512195122,0.43840620433566,0.0500304878048781,0.0141421356237309,0.01,0.0,0.049969512195122,0.0141421356237309,,,2010.0,1986-07-22,,,,3
Jermaine Carter,CAR,LB,13787,weighted,,,,,,,,,,,,,,,,,,,,,,,,,,,,,,,,,,,,,,,,,,,,,1.61338414634146,1.56977705423414,0.0499085365853659,0.0424264068711929,0.010030487804878,0.014142135623731,0.0551676829268293,0.0777817459305202,,,2018.0,,,,,3
Kyzir White,LAC,LB,13762,weighted,,,,,,,,,,,,,,,,,,,,,,,,,,,,,,,,,,,,,,,,,,,,,2.45957317073171,0.197989898732233,0.0500304878048781,0.0141421356237309,0.039969512195122,0.014142135623731,0.15015243902439,0.0707106781186548,,,2018.0,1996-03-24,,,,3
ZaDarius Smith,GB,LB,12301,weighted,,,,,,,,,,,,,,,,,,,,,,,,,,,,,,,,,,,,,,,,,,,,,2.43510670731707,0.0494974746830585,0.430091463414634,0.0424264068711929,0.0150457317073171,0.0212132034355964,0.110182926829268,0.0848528137423857,,,,1992-09-08,,,,3
Deone Bucannon,TB,LB,11767,weighted,,,,,,,,,,,,,,,,,,,,,,,,,,,,,,,,,,,,,,,,,,,,,2.06611280487805,0.51618795026618,0.144832317073171,0.0777817459305202,0.005015243902439,0.0070710678118654,0.0700914634146342,0.0424264068711929,,,2014.0,1992-08-30,,,,3
Deone Bucannon,ATL,LB,11767,weighted,,,,,,,,,,,,,,,,,,,,,,,,,,,,,,,,,,,,,,,,,,,,,2.06611280487805,0.51618795026618,0.144832317073171,0.0777817459305202,0.005015243902439,0.0070710678118654,0.0700914634146342,0.0424264068711929,,,2014.0,1992-08-30,,,,3
Jahlani Tavai,DET,LB,14200,weighted,,,,,,,,,,,,,,,,,,,,,,,,,,,,,,,,,,,,,,,,,,,,,1.55743902439024,1.1879393923934,0.189664634146341,0.15556349186104,0.005015243902439,0.0070710678118654,0.0699390243902439,0.0282842712474619,,,2019.0,1996-09-28,,,,3
Dorian O'Daniel,KC,LB,13701,weighted,,,,,,,,,,,,,,,,,,,,,,,,,,,,,,,,,,,,,,,,,,,,,1.23707317073171,1.35764501987817,0.0349542682926829,0.0212132034355964,0.0,0.0,0.0,0.0,,,2018.0,1994-09-04,,,,3
Genard Avery,CLE,LB,13781,weighted,,,,,,,,,,,,,,,,,,,,,,,,,,,,,,,,,,,,,,,,,,,,,1.72385670731707,0.530330085889911,0.225076219512195,0.0353553390593274,0.01,0.0,0.179939024390244,0.0282842712474619,,,2018.0,1995-04-26,,,,3
Genard Avery,PHI,LB,13781,weighted,,,,,,,,,,,,,,,,,,,,,,,,,,,,,,,,,,,,,,,,,,,,,1.72385670731707,0.530330085889911,0.225076219512195,0.0353553390593274,0.01,0.0,0.179939024390244,0.0282842712474619,,,2018.0,1995-04-26,,,,3
Marquel Lee,OAK,LB,13310,weighted,,,,,,,,,,,,,,,,,,,,,,,,,,,,,,,,,,,,,,,,,,,,,1.24862804878049,0.636396103067893,0.005015243902439,0.0070710678118654,0.0,0.0,0.0749237804878049,0.0353553390593274,,,2017.0,1995-10-21,,,,3
Marquel Lee,LVR,LB,13310,weighted,,,,,,,,,,,,,,,,,,,,,,,,,,,,,,,,,,,,,,,,,,,,,1.24862804878049,0.636396103067893,0.005015243902439,0.0070710678118654,0.0,0.0,0.0749237804878049,0.0353553390593274,,,2017.0,1995-10-21,,,,3
Duke Riley,ATL,LB,13220,weighted,,,,,,,,,,,,,,,,,,,,,,,,,,,,,,,,,,,,,,,,,,,,,0.902881097560976,0.982878425849301,0.0,0.0,0.005015243902439,0.0070710678118654,0.07,0.0,,,2017.0,1994-08-09,,,,3
Duke Riley,PHI,LB,13220,weighted,,,,,,,,,,,,,,,,,,,,,,,,,,,,,,,,,,,,,,,,,,,,,0.902881097560976,0.982878425849301,0.0,0.0,0.005015243902439,0.0070710678118654,0.07,0.0,,,2017.0,1994-08-09,,,,3
Samson Ebukam,LAR,LB,13294,weighted,,,,,,,,,,,,,,,,,,,,,,,,,,,,,,,,,,,,,,,,,,,,,1.47461890243902,0.176776695296637,0.130091463414634,0.0424264068711929,0.0300609756097561,0.0282842712474619,0.120182926829268,0.0848528137423857,,,2017.0,1995-05-09,,,,3
L.J. Fort,PHI,LB,10989,weighted,,,,,,,,,,,,,,,,,,,,,,,,,,,,,,,,,,,,,,,,,,,,,0.98342987804878,0.728319984622144,0.019969512195122,0.0141421356237309,0.014984756097561,0.0070710678118654,0.034984756097561,0.0070710678118654,,,2012.0,1990-01-03,,,,3
L.J. Fort,BAL,LB,10989,weighted,,,,,,,,,,,,,,,,,,,,,,,,,,,,,,,,,,,,,,,,,,,,,0.98342987804878,0.728319984622144,0.019969512195122,0.0141421356237309,0.014984756097561,0.0070710678118654,0.034984756097561,0.0070710678118654,,,2012.0,1990-01-03,,,,3
Eric Wilson,MIN,LB,13447,weighted,,,,,,,,,,,,,,,,,,,,,,,,,,,,,,,,,,,,,,,,,,,,,1.09376524390244,0.572756492761104,0.08,0.0,0.0,0.0,0.0150457317073171,0.0212132034355964,,,2017.0,1994-09-26,,,,3
Ja'Whaun Bentley,NE,LB,13775,weighted,,,,,,,,,,,,,,,,,,,,,,,,,,,,,,,,,,,,,,,,,,,,,1.30030487804878,0.141421356237309,0.0300914634146341,0.0424264068711929,0.015015243902439,0.0070710678118654,0.0701219512195122,0.0565685424949238,,,2018.0,1996-08-24,,,,3
Jalen Reeves-Maybin,DET,LB,13293,weighted,,,,,,,,,,,,,,,,,,,,,,,,,,,,,,,,,,,,,,,,,,,,,1.01064024390244,0.29698484809835,0.0551371951219512,0.0636396103067893,0.005015243902439,0.0070710678118654,0.0900304878048781,0.014142135623731,,,2017.0,1995-01-31,,,,3
Tyus Bowser,BAL,LB,13256,weighted,,,,,,,,,,,,,,,,,,,,,,,,,,,,,,,,,,,,,,,,,,,,,1.0097256097561,0.127279220613579,0.144832317073171,0.0777817459305202,0.005015243902439,0.0070710678118654,0.0849542682926829,0.0212132034355964,,,2017.0,1995-05-23,,,,3
Nick Kwiatkoski,CHI,LB,12778,weighted,,,,,,,,,,,,,,,,,,,,,,,,,,,,,,,,,,,,,,,,,,,,,0.613826219512195,0.544472221513642,0.019969512195122,0.0141421356237309,0.0,0.0,0.0498780487804878,0.0565685424949238,,,2016.0,1993-05-26,,,,3
Nick Kwiatkoski,LVR,LB,12778,weighted,,,,,,,,,,,,,,,,,,,,,,,,,,,,,,,,,,,,,,,,,,,,,0.613826219512195,0.544472221513642,0.019969512195122,0.0141421356237309,0.0,0.0,0.0498780487804878,0.0565685424949238,,,2016.0,1993-05-26,,,,3
Dylan Cole,HOU,LB,13423,weighted,,,,,,,,,,,,,,,,,,,,,,,,,,,,,,,,,,,,,,,,,,,,,0.779939024390244,0.0282842712474619,0.015015243902439,0.0070710678118654,0.005015243902439,0.0070710678118654,0.129786585365854,0.0989949493661167,,,2017.0,1994-05-19,,,,3
Bobby Okereke,IND,LB,14218,weighted,,,,,,,,,,,,,,,,,,,,,,,,,,,,,,,,,,,,,,,,,,,,,0.420975609756098,0.45254833995939,0.0250762195121951,0.0353553390593274,0.005015243902439,0.0070710678118654,0.0799390243902439,0.0282842712474619,,,2019.0,1996-07-29,,,,3
Craig Robertson,NO,LB,11012,weighted,,,,,,,,,,,,,,,,,,,,,,,,,,,,,,,,,,,,,,,,,,,,,0.399390243902439,0.282842712474619,0.05,0.0,0.01,0.0,0.014984756097561,0.0070710678118654,,,2011.0,1988-02-11,,,,3
Justin March-Lillard,DAL,LB,12733,weighted,,,,,,,,,,,,,,,,,,,,,,,,,,,,,,,,,,,,,,,,,,,,,0.354253048780488,0.346482322781408,0.0,0.0,0.02,0.0,0.08,0.0,,,,,,,,3
Mack Wilson,CLE,LB,14169,weighted,,,,,,,,,,,,,,,,,,,,,,,,,,,,,,,,,,,,,,,,,,,,,0.594984756097561,0.0070710678118654,0.04,0.0,0.005015243902439,0.0070710678118654,0.0549542682926829,0.0212132034355964,,,2019.0,1998-02-14,,,,3
Vince Biegel,MIA,LB,13285,weighted,,,,,,,,,,,,,,,,,,,,,,,,,,,,,,,,,,,,,,,,,,,,,0.365503048780488,0.233345237791561,0.114740853658537,0.120208152801713,0.0,0.0,0.0200609756097561,0.0282842712474619,,,2017.0,1993-07-02,,,,3
Corey Thompson,BUF,LB,14016,weighted,,,,,,,,,,,,,,,,,,,,,,,,,,,,,,,,,,,,,,,,,,,,,0.225594512195122,0.275771644662754,0.010030487804878,0.014142135623731,0.0,0.0,0.010030487804878,0.014142135623731,,,2018.0,1970-01-01,,,,3
Joe Thomas,DAL,LB,12525,weighted,,,,,,,,,,,,,,,,,,,,,,,,,,,,,,,,,,,,,,,,,,,,,0.335106707317073,0.0494974746830583,0.005015243902439,0.0070710678118654,0.0,0.0,0.010030487804878,0.014142135623731,,,,,,,,3
Julian Stanford,BUF,LB,11000,weighted,,,,,,,,,,,,,,,,,,,,,,,,,,,,,,,,,,,,,,,,,,,,,0.214740853658537,0.120208152801713,0.01,0.0,0.0,0.0,0.019969512195122,0.0141421356237309,,,2012.0,1990-09-02,,,,3
Julian Stanford,FA,LB,11000,weighted,,,,,,,,,,,,,,,,,,,,,,,,,,,,,,,,,,,,,,,,,,,,,0.214740853658537,0.120208152801713,0.01,0.0,0.0,0.0,0.019969512195122,0.0141421356237309,,,2012.0,1990-09-02,,,,3
Germaine Pratt,CIN,LB,14210,weighted,,,,,,,,,,,,,,,,,,,,,,,,,,,,,,,,,,,,,,,,,,,,,0.284954268292683,0.0212132034355964,0.0448932926829268,0.0494974746830583,0.005015243902439,0.0070710678118654,0.010030487804878,0.014142135623731,,,2019.0,1970-01-01,,,,3
Kentrell Brothers,MIN,LB,12710,weighted,,,,,,,,,,,,,,,,,,,,,,,,,,,,,,,,,,,,,,,,,,,,,0.0902439024390244,0.113137084989848,0.015015243902439,0.0070710678118654,0.0,0.0,0.005015243902439,0.0070710678118654,,,2016.0,,,,,3
Kentrell Brothers,FA,LB,12710,weighted,,,,,,,,,,,,,,,,,,,,,,,,,,,,,,,,,,,,,,,,,,,,,0.0902439024390244,0.113137084989848,0.015015243902439,0.0070710678118654,0.0,0.0,0.005015243902439,0.0070710678118654,,,2016.0,,,,,3
Landon Collins,WAS,DB,12250,weighted,,,,,,,,,,,,,,,,,,,,,,,,,,,,,,,,,,,,,,,,,,,,,6.42238975817923,1.23905503676386,0.0165742057847321,0.0163602474016297,0.106865813181603,0.0655971909499594,0.374016121384542,0.122095212441929,,,2015.0,1994-01-10,,,,3
Budda Baker,ARI,DB,13251,weighted,,,,,,,,,,,,,,,,,,,,,,,,,,,,,,,,,,,,,,,,,,,,,6.21421763869132,0.954061629564523,0.123632053105737,0.0537249726609833,0.0565173067804647,0.0354796618327972,0.286837363679469,0.0777918904991796,,,2017.0,1996-01-10,,,,3
Vernon Hargreaves,TB,DB,12712,weighted,,,,,,,,,,,,,,,,,,,,,,,,,,,,,,,,,,,,,,,,,,,,,5.23821716453295,1.40811495856525,0.0166737790422001,0.012073412307215,0.167008060692271,0.096217310315338,0.640455192034139,0.0835450549908276,,,2016.0,,,,,3
Vernon Hargreaves,HOU,DB,12712,weighted,,,,,,,,,,,,,,,,,,,,,,,,,,,,,,,,,,,,,,,,,,,,,5.23821716453295,1.40811495856525,0.0166737790422001,0.012073412307215,0.167008060692271,0.096217310315338,0.640455192034139,0.0835450549908276,,,2016.0,,,,,3
Antoine Bethea,NYG,DB,8448,weighted,,,,,,,,,,,,,,,,,,,,,,,,,,,,,,,,,,,,,,,,,,,,,5.74040066382172,0.984318441247148,0.0901280227596017,0.0273735609294842,0.0800853485064011,0.0136132894933396,0.300554765291607,0.098161484409778,,,2006.0,1984-07-07,,,,3
Antoine Bethea,FA,DB,8448,weighted,,,,,,,,,,,,,,,,,,,,,,,,,,,,,,,,,,,,,,,,,,,,,5.74040066382172,0.984318441247148,0.0901280227596017,0.0273735609294842,0.0800853485064011,0.0136132894933396,0.300554765291607,0.098161484409778,,,2006.0,1984-07-07,,,,3
Justin Reid,HOU,DB,13717,weighted,,,,,,,,,,,,,,,,,,,,,,,,,,,,,,,,,,,,,,,,,,,,,5.1628307254623,1.13098212317953,0.0334186818397345,0.0182490406196561,0.140056899004267,0.0316327799066519,0.527392128971076,0.113733237653477,,,2018.0,1997-02-15,,,,3
Marcus Maye,NYJ,DB,13252,weighted,,,,,,,,,,,,,,,,,,,,,,,,,,,,,,,,,,,,,,,,,,,,,4.75976482617587,1.42569135214994,0.0566973415132924,0.0252365904563049,0.0803885480572597,0.0527804575989857,0.360347648261759,0.0527460021226969,,,2017.0,1994-01-01,,,,3
Clayton Geathers,IND,DB,12295,weighted,,,,,,,,,,,,,,,,,,,,,,,,,,,,,,,,,,,,,,,,,,,,,5.3013750592698,0.822076300873132,0.0133191085822665,0.0091106977650773,0.099900426742532,0.0157556112003059,0.340668563300142,0.134356511420937,,,,,,,,3
Clayton Geathers,FA,DB,12295,weighted,,,,,,,,,,,,,,,,,,,,,,,,,,,,,,,,,,,,,,,,,,,,,5.3013750592698,0.822076300873132,0.0133191085822665,0.0091106977650773,0.099900426742532,0.0157556112003059,0.340668563300142,0.134356511420937,,,,,,,,3
Jessie Bates,CIN,DB,13737,weighted,,,,,,,,,,,,,,,,,,,,,,,,,,,,,,,,,,,,,,,,,,,,,4.98421052631579,0.925723578157774,0.0050177809388335,0.0039328990018621,0.100099573257468,0.0157556112003059,0.370604551920341,0.0927607172088861,,,2018.0,1997-02-26,,,,3
Jamal Adams,NYJ,DB,13230,weighted,,,,,,,,,,,,,,,,,,,,,,,,,,,,,,,,,,,,,,,,,,,,,5.37926505452821,0.634024507852677,0.176616880037933,0.0199042089270978,0.109864864864865,0.0551804581373034,0.507164532954007,0.089381931227492,,,2017.0,1995-10-17,,,,3
Shawn Williams,CIN,DB,11330,weighted,,,,,,,,,,,,,,,,,,,,,,,,,,,,,,,,,,,,,,,,,,,,,5.26261261261261,0.730277144613046,0.0399644381223329,0.0078657980037242,0.140213371266003,0.0471947880223454,0.440412517780939,0.0685105129899168,,,2013.0,1991-05-13,,,,3
Lamarcus Joyner,OAK,DB,11742,weighted,,,,,,,,,,,,,,,,,,,,,,,,,,,,,,,,,,,,,,,,,,,,,4.41081799591002,1.51428722752429,0.0568916155419223,0.0379212281066052,0.0700511247443763,0.0099769742592338,0.203936605316973,0.08500032611511,,,2014.0,1990-11-27,,,,3
Lamarcus Joyner,LVR,DB,11742,weighted,,,,,,,,,,,,,,,,,,,,,,,,,,,,,,,,,,,,,,,,,,,,,4.41081799591002,1.51428722752429,0.0568916155419223,0.0379212281066052,0.0700511247443763,0.0099769742592338,0.203936605316973,0.08500032611511,,,2014.0,1990-11-27,,,,3
Justin Simmons,DEN,DB,12767,weighted,,,,,,,,,,,,,,,,,,,,,,,,,,,,,,,,,,,,,,,,,,,,,4.76650306748466,0.994868546685382,0.0100511247443763,0.0099769742592338,0.156697341513292,0.037918839665539,0.416820040899796,0.0289338303476779,,,2016.0,1993-11-19,,,,3
Harrison Smith,MIN,DB,10783,weighted,,,,,,,,,,,,,,,,,,,,,,,,,,,,,,,,,,,,,,,,,,,,,4.8451280227596,0.747418352938969,0.100348506401138,0.0551446392010707,0.163297771455666,0.0277675482185635,0.566908487434803,0.0923627999044697,,,2012.0,1989-02-02,,,,3
Jordan Poyer,BUF,DB,11317,weighted,,,,,,,,,,,,,,,,,,,,,,,,,,,,,,,,,,,,,,,,,,,,,4.86252726410621,0.678292208463219,0.130049786628734,0.0480174533700748,0.190291607396871,0.0798999394075589,0.437000948316738,0.064319359466906,,,2013.0,1991-04-25,,,,3
Kendall Fuller,KC,DB,12714,weighted,,,,,,,,,,,,,,,,,,,,,,,,,,,,,,,,,,,,,,,,,,,,,4.59893660531697,1.08228600519267,0.0765950920245399,0.0252465936894285,0.0934969325153374,0.041761205005309,0.607382413087935,0.113371644918629,,,2016.0,1995-02-13,,,,3
Kendall Fuller,WAS,DB,12714,weighted,,,,,,,,,,,,,,,,,,,,,,,,,,,,,,,,,,,,,,,,,,,,,4.59893660531697,1.08228600519267,0.0765950920245399,0.0252465936894285,0.0934969325153374,0.041761205005309,0.607382413087935,0.113371644918629,,,2016.0,1995-02-13,,,,3
John Johnson,LAR,DB,13274,weighted,,,,,,,,,,,,,,,,,,,,,,,,,,,,,,,,,,,,,,,,,,,,,5.09737553342816,0.474125118160854,0.0,0.0,0.21972972972973,0.0416121215787491,0.477271218587008,0.112359426531375,,,2017.0,1994-01-01,,,,3
Jordan Whitehead,TB,DB,13760,weighted,,,,,,,,,,,,,,,,,,,,,,,,,,,,,,,,,,,,,,,,,,,,,4.78824130879346,0.929755687468286,0.0134560327198364,0.0231470642781424,0.086319018404908,0.0807016926788376,0.297126789366053,0.119672399276251,,,2018.0,1997-03-18,,,,3
Terrell Edmunds,PIT,DB,13716,weighted,,,,,,,,,,,,,,,,,,,,,,,,,,,,,,,,,,,,,,,,,,,,,4.90100204498978,0.789364875299345,0.0601431492842536,0.0199842950744142,0.103364008179959,0.0057867660695355,0.380899795501023,0.143777679345769,,,2018.0,1997-01-20,,,,3
Jaquiski Tartt,SF,DB,12274,weighted,,,,,,,,,,,,,,,,,,,,,,,,,,,,,,,,,,,,,,,,,,,,,4.31833333333333,1.16072341029977,0.0302147239263804,0.0299764426116212,0.0668302658486708,0.0230226587256674,0.213742331288344,0.0611269723736125,,,2015.0,1992-02-18,Q,Toe,2019.0,3
Vonn Bell,NO,DB,12718,weighted,,,,,,,,,,,,,,,,,,,,,,,,,,,,,,,,,,,,,,,,,,,,,4.64438650306749,0.853363466045793,0.076881390593047,0.0320423305210313,0.0603476482617587,0.0527460021226969,0.274314928425358,0.15486501440401,,,2016.0,1994-12-12,,,,3
Vonn Bell,CIN,DB,12718,weighted,,,,,,,,,,,,,,,,,,,,,,,,,,,,,,,,,,,,,,,,,,,,,4.64438650306749,0.853363466045793,0.076881390593047,0.0320423305210313,0.0603476482617587,0.0527460021226969,0.274314928425358,0.15486501440401,,,2016.0,1994-12-12,,,,3
Malcolm Jenkins,PHI,DB,9430,weighted,,,,,,,,,,,,,,,,,,,,,,,,,,,,,,,,,,,,,,,,,,,,,4.78666429587482,0.555303668371227,0.0534755808440019,0.0483249546430696,0.0899075391180654,0.0283976771366774,0.330590327169274,0.100708181250244,,,2009.0,1987-12-20,,,,3
Malcolm Jenkins,NO,DB,9430,weighted,,,,,,,,,,,,,,,,,,,,,,,,,,,,,,,,,,,,,,,,,,,,,4.78666429587482,0.555303668371227,0.0534755808440019,0.0483249546430696,0.0899075391180654,0.0283976771366774,0.330590327169274,0.100708181250244,,,2009.0,1987-12-20,,,,3
Eli Apple,NO,DB,12715,weighted,,,,,,,,,,,,,,,,,,,,,,,,,,,,,,,,,,,,,,,,,,,,,4.38509957325747,0.836244318537079,0.0066951161688003,0.0045377631644465,0.123240872451399,0.043430326911321,0.533888098624941,0.143488826360969,,,2016.0,1995-08-09,,,,3
Eli Apple,CAR,DB,12715,weighted,,,,,,,,,,,,,,,,,,,,,,,,,,,,,,,,,,,,,,,,,,,,,4.38509957325747,0.836244318537079,0.0066951161688003,0.0045377631644465,0.123240872451399,0.043430326911321,0.533888098624941,0.143488826360969,,,2016.0,1995-08-09,,,,3
Ha Ha Clinton-Dix,CHI,DB,11740,weighted,,,,,,,,,,,,,,,,,,,,,,,,,,,,,,,,,,,,,,,,,,,,,4.76665718349929,0.512847196375037,0.0500355618776671,0.0078657980037242,0.153589378852537,0.101351884589362,0.454044570886676,0.182446639261208,,,2014.0,1992-12-21,,,,3
Ha Ha Clinton-Dix,DAL,DB,11740,weighted,,,,,,,,,,,,,,,,,,,,,,,,,,,,,,,,,,,,,,,,,,,,,4.76665718349929,0.512847196375037,0.0500355618776671,0.0078657980037242,0.153589378852537,0.101351884589362,0.454044570886676,0.182446639261208,,,2014.0,1992-12-21,,,,3
Tre Flowers,SEA,DB,13778,weighted,,,,,,,,,,,,,,,,,,,,,,,,,,,,,,,,,,,,,,,,,,,,,3.98466257668712,1.27609812577679,0.0302556237218814,0.0436643426163263,0.0896625766871166,0.0753676027988964,0.434212678936605,0.133247059217858,,,2018.0,1995-06-02,Q,Ankle,2019.0,3
Quandre Diggs,DET,DB,12349,weighted,,,,,,,,,,,,,,,,,,,,,,,,,,,,,,,,,,,,,,,,,,,,,4.55627311522048,0.599165755578078,0.0133760075865339,0.0120271637894173,0.133504030346136,0.048108655157669,0.423582266477003,0.046261154030636,,,2015.0,1991-11-07,,,,3
Quandre Diggs,SEA,DB,12349,weighted,,,,,,,,,,,,,,,,,,,,,,,,,,,,,,,,,,,,,,,,,,,,,4.55627311522048,0.599165755578078,0.0133760075865339,0.0120271637894173,0.133504030346136,0.048108655157669,0.423582266477003,0.046261154030636,,,2015.0,1991-11-07,,,,3
Kareem Jackson,DEN,DB,9861,weighted,,,,,,,,,,,,,,,,,,,,,,,,,,,,,,,,,,,,,,,,,,,,,4.72604294478528,0.535865820953016,0.0334355828220859,0.0152817430934031,0.199713701431493,0.0399685901488283,0.99278118609407,0.136550013718671,,,2010.0,1988-04-10,,,,3
Carlton Davis,TB,DB,13710,weighted,,,,,,,,,,,,,,,,,,,,,,,,,,,,,,,,,,,,,,,,,,,,,4.1329754601227,1.05643929082052,0.033640081799591,0.0578676606953559,0.133435582822086,0.0577803275618633,0.587709611451943,0.209622205114188,,,2018.0,1996-12-31,,,,3
Bobby McCain,MIA,DB,12311,weighted,,,,,,,,,,,,,,,,,,,,,,,,,,,,,,,,,,,,,,,,,,,,,3.95153864390706,0.918928921382718,0.073461356092935,0.0240144075173512,0.0733191085822665,0.0091106977650773,0.287072072072072,0.0988478402242081,,,2015.0,1993-08-18,,,,3
Tre Boston,CAR,DB,11802,weighted,,,,,,,,,,,,,,,,,,,,,,,,,,,,,,,,,,,,,,,,,,,,,4.29470347648262,0.843316443441417,0.0134560327198364,0.0231470642781424,0.146237218813906,0.0640846610420626,0.347157464212679,0.162175570225604,,,2014.0,1992-06-25,,,,3
Jabrill Peppers,NYG,DB,13231,weighted,,,,,,,,,,,,,,,,,,,,,,,,,,,,,,,,,,,,,,,,,,,,,4.27160531697342,0.730082512702534,0.049959100204499,0.0436531403525719,0.0568609406952965,0.0474005710921469,0.26420245398773,0.145950419202953,,,2017.0,1995-10-04,,,,3
Trumaine Johnson,NYJ,DB,10810,weighted,,,,,,,,,,,,,,,,,,,,,,,,,,,,,,,,,,,,,,,,,,,,,4.05981595092025,0.9271249991665,0.0033640081799591,0.0057867660695355,0.150112474437628,0.0435914197791499,0.384468302658487,0.155461000690707,,,2012.0,1990-01-01,,,,3
Trumaine Johnson,FA,DB,10810,weighted,,,,,,,,,,,,,,,,,,,,,,,,,,,,,,,,,,,,,,,,,,,,,4.05981595092025,0.9271249991665,0.0033640081799591,0.0057867660695355,0.150112474437628,0.0435914197791499,0.384468302658487,0.155461000690707,,,2012.0,1990-01-01,,,,3
Darryl Roberts,NYJ,DB,12379,weighted,,,,,,,,,,,,,,,,,,,,,,,,,,,,,,,,,,,,,,,,,,,,,4.11425357873211,0.855847065277263,0.0033640081799591,0.0057867660695355,0.123916155419223,0.0926280346004387,0.481247443762781,0.170641393028833,,,,,,,,3
Darryl Roberts,DET,DB,12379,weighted,,,,,,,,,,,,,,,,,,,,,,,,,,,,,,,,,,,,,,,,,,,,,4.11425357873211,0.855847065277263,0.0033640081799591,0.0057867660695355,0.123916155419223,0.0926280346004387,0.481247443762781,0.170641393028833,,,,,,,,3
Keanu Neal,ATL,DB,12736,weighted,,,,,,,,,,,,,,,,,,,,,,,,,,,,,,,,,,,,,,,,,,,,,4.52591512565197,0.500570856323377,0.0268089141773352,0.0240962057638315,0.153333333333333,0.032893612059146,0.420028449502134,0.0158163899533259,,,2016.0,,,,,3
Joe Haden,PIT,DB,9820,weighted,,,,,,,,,,,,,,,,,,,,,,,,,,,,,,,,,,,,,,,,,,,,,4.02419222903885,0.907471462325224,0.0067280163599182,0.0115735321390712,0.106687116564417,0.0514384586578185,0.496901840490798,0.186625007440401,,,2010.0,1989-04-14,,,,3
Kenny Vaccaro,TEN,DB,11324,weighted,,,,,,,,,,,,,,,,,,,,,,,,,,,,,,,,,,,,,,,,,,,,,4.17833333333333,0.725158923908959,0.119754601226994,0.0345339880885012,0.0833640081799591,0.0057867660695355,0.306871165644172,0.0305634861868063,,,2013.0,1991-02-15,,,,3
Bradley McDougald,SEA,DB,11517,weighted,,,,,,,,,,,,,,,,,,,,,,,,,,,,,,,,,,,,,,,,,,,,,4.4409649122807,0.363400111390653,0.0134186818397345,0.0182490406196561,0.140113798008535,0.0417000561453581,0.437057847321005,0.0668378076966166,,,2013.0,1990-11-15,,,,3
Janoris Jenkins,NYG,DB,10779,weighted,,,,,,,,,,,,,,,,,,,,,,,,,,,,,,,,,,,,,,,,,,,,,4.04786298568507,0.741336924638651,0.0168200408997955,0.028933830347678,0.136472392638037,0.0512601869148225,0.677453987730061,0.106725259618934,,,2012.0,1988-10-29,,,,3
Janoris Jenkins,NO,DB,10779,weighted,,,,,,,,,,,,,,,,,,,,,,,,,,,,,,,,,,,,,,,,,,,,,4.04786298568507,0.741336924638651,0.0168200408997955,0.028933830347678,0.136472392638037,0.0512601869148225,0.677453987730061,0.106725259618934,,,2012.0,1988-10-29,,,,3
Tyrann Mathieu,KC,DB,11313,weighted,,,,,,,,,,,,,,,,,,,,,,,,,,,,,,,,,,,,,,,,,,,,,4.29078710289236,0.392344514738618,0.116787577050735,0.0299317189810201,0.1,1.60671664747888e-17,0.477228544333807,0.160664191579525,,,2013.0,1992-05-13,,,,3
Johnathan Joseph,HOU,DB,8265,weighted,,,,,,,,,,,,,,,,,,,,,,,,,,,,,,,,,,,,,,,,,,,,,4.31631901840491,0.509786520643403,0.0201226993865031,0.0172669940442506,0.156472392638037,0.0512601869148225,0.767811860940695,0.229569209990952,,,2006.0,1984-04-16,,,,3
Johnathan Joseph,TEN,DB,8265,weighted,,,,,,,,,,,,,,,,,,,,,,,,,,,,,,,,,,,,,,,,,,,,,4.31631901840491,0.509786520643403,0.0201226993865031,0.0172669940442506,0.156472392638037,0.0512601869148225,0.767811860940695,0.229569209990952,,,2006.0,1984-04-16,,,,3
Bradley Roby,HOU,DB,11735,weighted,,,,,,,,,,,,,,,,,,,,,,,,,,,,,,,,,,,,,,,,,,,,,3.96768916155419,0.76552976683498,0.0134560327198364,0.0231470642781424,0.109989775051125,0.0265072792766298,0.62719836400818,0.0833492559897007,,,2014.0,1992-05-01,,,,3
Pierre Desir,IND,DB,11801,weighted,,,,,,,,,,,,,,,,,,,,,,,,,,,,,,,,,,,,,,,,,,,,,4.34331288343558,0.482131396964522,0.0067280163599182,0.0115735321390712,0.0866053169734151,0.0152552836708153,0.410378323108384,0.0556892460773528,,,2014.0,1990-09-08,,,,3
Pierre Desir,NYJ,DB,11801,weighted,,,,,,,,,,,,,,,,,,,,,,,,,,,,,,,,,,,,,,,,,,,,,4.34331288343558,0.482131396964522,0.0067280163599182,0.0115735321390712,0.0866053169734151,0.0152552836708153,0.410378323108384,0.0556892460773528,,,2014.0,1990-09-08,,,,3
Malik Hooker,IND,DB,13228,weighted,,,,,,,,,,,,,,,,,,,,,,,,,,,,,,,,,,,,,,,,,,,,,3.58866053169734,1.08352155104841,0.0235480572597137,0.0405073624867491,0.166646216768916,0.0306280007816468,0.39019427402863,0.0263902287994929,,,2017.0,1996-04-02,,,,3
Deandre Baker,NYG,DB,14178,weighted,,,,,,,,,,,,,,,,,,,,,,,,,,,,,,,,,,,,,,,,,,,,,3.72390593047035,0.936538952864022,0.0134560327198364,0.0231470642781424,0.0866871165644172,0.0514384586578185,0.417750511247444,0.155639858348181,,,2019.0,1970-01-01,,,,3
Jalen Ramsey,JAC,DB,12711,weighted,,,,,,,,,,,,,,,,,,,,,,,,,,,,,,,,,,,,,,,,,,,,,3.93999051683262,0.571819700897229,0.0,0.0,0.126495969653864,0.048108655157669,0.600839260312944,0.164923262146922,,,2016.0,1994-10-24,,,,3
Jalen Ramsey,LAR,DB,12711,weighted,,,,,,,,,,,,,,,,,,,,,,,,,,,,,,,,,,,,,,,,,,,,,3.93999051683262,0.571819700897229,0.0,0.0,0.126495969653864,0.048108655157669,0.600839260312944,0.164923262146922,,,2016.0,1994-10-24,,,,3
Jeff Heath,DAL,DB,11543,weighted,,,,,,,,,,,,,,,,,,,,,,,,,,,,,,,,,,,,,,,,,,,,,4.18074642126789,0.628751397885141,0.0268916155419223,0.0379212281066052,0.103179959100204,0.0472311512089997,0.51359918200409,0.0416746279948504,,,2013.0,1991-05-14,,,,3
Jeff Heath,LVR,DB,11543,weighted,,,,,,,,,,,,,,,,,,,,,,,,,,,,,,,,,,,,,,,,,,,,,4.18074642126789,0.628751397885141,0.0268916155419223,0.0379212281066052,0.103179959100204,0.0472311512089997,0.51359918200409,0.0416746279948504,,,2013.0,1991-05-14,,,,3
Darnell Savage,GB,DB,14197,weighted,,,,,,,,,,,,,,,,,,,,,,,,,,,,,,,,,,,,,,,,,,,,,4.26868902439024,0.608111831820431,0.0500304878048781,0.0141421356237309,0.125076219512195,0.0353553390593274,0.694984756097561,0.0070710678118654,,,2019.0,,,,,3
Eric Reid,CAR,DB,11323,weighted,,,,,,,,,,,,,,,,,,,,,,,,,,,,,,,,,,,,,,,,,,,,,4.12021472392638,0.501881049423404,0.0833026584867076,0.037918839665539,0.142873210633947,0.0663711375184122,0.353905930470348,0.080579305539836,,,2013.0,1991-12-10,,,,3
Eric Reid,FA,DB,11323,weighted,,,,,,,,,,,,,,,,,,,,,,,,,,,,,,,,,,,,,,,,,,,,,4.12021472392638,0.501881049423404,0.0833026584867076,0.037918839665539,0.142873210633947,0.0663711375184122,0.353905930470348,0.080579305539836,,,2013.0,1991-12-10,,,,3
Logan Ryan,TEN,DB,11316,weighted,,,,,,,,,,,,,,,,,,,,,,,,,,,,,,,,,,,,,,,,,,,,,3.9738430535799,0.488663340343835,0.229893314366999,0.0235973940111727,0.213319108582266,0.0091106977650773,0.690192034139402,0.0760139134420215,,,2013.0,1991-02-09,,,,3
Logan Ryan,FA,DB,11316,weighted,,,,,,,,,,,,,,,,,,,,,,,,,,,,,,,,,,,,,,,,,,,,,3.9738430535799,0.488663340343835,0.229893314366999,0.0235973940111727,0.213319108582266,0.0091106977650773,0.690192034139402,0.0760139134420215,,,2013.0,1991-02-09,,,,3
Tony Jefferson,BAL,DB,11327,weighted,,,,,,,,,,,,,,,,,,,,,,,,,,,,,,,,,,,,,,,,,,,,,4.01022494887526,0.749752407626174,0.05359918200409,0.0416746279948504,0.0733537832310839,0.0306280007816468,0.333353783231084,0.0306280007816468,,,2013.0,1992-01-27,,,,3
Tony Jefferson,FA,DB,11327,weighted,,,,,,,,,,,,,,,,,,,,,,,,,,,,,,,,,,,,,,,,,,,,,4.01022494887526,0.749752407626174,0.05359918200409,0.0416746279948504,0.0733537832310839,0.0306280007816468,0.333353783231084,0.0306280007816468,,,2013.0,1992-01-27,,,,3
Levi Wallace,BUF,DB,13711,weighted,,,,,,,,,,,,,,,,,,,,,,,,,,,,,,,,,,,,,,,,,,,,,3.87675869120654,1.04083380432882,0.0134560327198364,0.0231470642781424,0.135920245398773,0.139771621042909,0.566625766871166,0.147710778336136,,,2018.0,,,,,3
Prince Amukamara,CHI,DB,10264,weighted,,,,,,,,,,,,,,,,,,,,,,,,,,,,,,,,,,,,,,,,,,,,,3.91207566462168,0.622370029674361,0.0100920245398773,0.0173602982086068,0.129989775051125,0.0265072792766298,0.750766871165644,0.149654613888508,,,2011.0,1989-06-06,,,,3
Prince Amukamara,LVR,DB,10264,weighted,,,,,,,,,,,,,,,,,,,,,,,,,,,,,,,,,,,,,,,,,,,,,3.91207566462168,0.622370029674361,0.0100920245398773,0.0173602982086068,0.129989775051125,0.0265072792766298,0.750766871165644,0.149654613888508,,,2011.0,1989-06-06,,,,3
Jaire Alexander,GB,DB,13730,weighted,,,,,,,,,,,,,,,,,,,,,,,,,,,,,,,,,,,,,,,,,,,,,4.20169037458511,0.293264571700544,0.0333546704599336,0.004562260154914,0.179402560455192,0.118717569302104,0.833447131341868,0.032924248985218,,,2018.0,1997-02-09,,,,3
Xavier Rhodes,MIN,DB,11314,weighted,,,,,,,,,,,,,,,,,,,,,,,,,,,,,,,,,,,,,,,,,,,,,3.94524539877301,0.676129530288362,0.0201840490797546,0.0347205964172135,0.106503067484663,0.0350519586725835,0.467648261758691,0.132896360105785,,,2013.0,1990-06-19,,,,3
Xavier Rhodes,IND,DB,11314,weighted,,,,,,,,,,,,,,,,,,,,,,,,,,,,,,,,,,,,,,,,,,,,,3.94524539877301,0.676129530288362,0.0201840490797546,0.0347205964172135,0.106503067484663,0.0350519586725835,0.467648261758691,0.132896360105785,,,2013.0,1990-06-19,,,,3
Byron Jones,DAL,DB,12268,weighted,,,,,,,,,,,,,,,,,,,,,,,,,,,,,,,,,,,,,,,,,,,,,3.68826175869121,0.818550883182448,0.0201840490797546,0.0347205964172135,0.149335378323108,0.12970066537004,0.690766871165644,0.105221204190958,,,2015.0,1992-08-26,,,,3
Byron Jones,MIA,DB,12268,weighted,,,,,,,,,,,,,,,,,,,,,,,,,,,,,,,,,,,,,,,,,,,,,3.68826175869121,0.818550883182448,0.0201840490797546,0.0347205964172135,0.149335378323108,0.12970066537004,0.690766871165644,0.105221204190958,,,2015.0,1992-08-26,,,,3
Kenny Moore,IND,DB,13470,weighted,,,,,,,,,,,,,,,,,,,,,,,,,,,,,,,,,,,,,,,,,,,,,4.42557259713701,0.242830626447427,0.0665030674846626,0.041761205005309,0.20980572597137,0.0263902287994928,0.547893660531697,0.166146300769574,,,2017.0,1995-08-23,,,,3
Tarvarius Moore,SF,DB,13752,weighted,,,,,,,,,,,,,,,,,,,,,,,,,,,,,,,,,,,,,,,,,,,,,2.73947852760736,1.53677787129788,0.0100920245398773,0.0173602982086068,0.0630572597137014,0.0601666274118992,0.210664621676892,0.0953738994715336,,,2018.0,,,,,3
Rayshawn Jenkins,LAC,DB,13288,weighted,,,,,,,,,,,,,,,,,,,,,,,,,,,,,,,,,,,,,,,,,,,,,3.57242331288344,0.858636703555411,0.0502760736196319,0.0520808946258203,0.136799591002045,0.05508726198676,0.371319018404908,0.239998497360539,,,2017.0,1994-01-25,,,,3
Donte Jackson,CAR,DB,13738,weighted,,,,,,,,,,,,,,,,,,,,,,,,,,,,,,,,,,,,,,,,,,,,,4.02451942740286,0.363547487567064,0.0334151329243354,0.0115113293628337,0.129621676891616,0.0653902125627451,0.447893660531697,0.166146300769574,,,2018.0,1995-11-08,,,,3
Juan Thornhill,KC,DB,14207,weighted,,,,,,,,,,,,,,,,,,,,,,,,,,,,,,,,,,,,,,,,,,,,,3.20135670731707,1.68998520703585,0.020030487804878,0.014142135623731,0.134801829268293,0.0919238815542512,0.464588414634146,0.190918830920368,,,2019.0,1970-01-01,,,,3
Daryl Worley,OAK,DB,12760,weighted,,,,,,,,,,,,,,,,,,,,,,,,,,,,,,,,,,,,,,,,,,,,,3.31525562372188,1.20317197782015,0.0269120654396728,0.0462941285562847,0.0766359918200409,0.0586991394990924,0.420163599182004,0.203507114029298,,,2016.0,,,,,3
Daryl Worley,DAL,DB,12760,weighted,,,,,,,,,,,,,,,,,,,,,,,,,,,,,,,,,,,,,,,,,,,,,3.31525562372188,1.20317197782015,0.0269120654396728,0.0462941285562847,0.0766359918200409,0.0586991394990924,0.420163599182004,0.203507114029298,,,2016.0,,,,,3
Adrian Amos,GB,DB,12308,weighted,,,,,,,,,,,,,,,,,,,,,,,,,,,,,,,,,,,,,,,,,,,,,4.11826175869121,0.269305437777545,0.0499386503067485,0.034668196537118,0.1569836400818,0.051159430198903,0.587484662576687,0.132762535668593,,,2015.0,1993-04-29,,,,3
Jason McCourty,NE,DB,9633,weighted,,,,,,,,,,,,,,,,,,,,,,,,,,,,,,,,,,,,,,,,,,,,,3.74011247443763,0.521317515450697,0.0050255623721881,0.0049884871296169,0.146155419222904,0.0859656519448584,0.81398773006135,0.250072107286884,,,2009.0,1987-08-13,,,,3
Eric Weddle,LAR,DB,8713,weighted,,,,,,,,,,,,,,,,,,,,,,,,,,,,,,,,,,,,,,,,,,,,,3.93440695296524,0.333936528738024,0.0601840490797546,0.0347205964172135,0.0467893660531697,0.040543892556401,0.307096114519427,0.0900048424552028,,,2007.0,1985-01-04,,,,3
Eric Weddle,FA,DB,8713,weighted,,,,,,,,,,,,,,,,,,,,,,,,,,,,,,,,,,,,,,,,,,,,,3.93440695296524,0.333936528738024,0.0601840490797546,0.0347205964172135,0.0467893660531697,0.040543892556401,0.307096114519427,0.0900048424552028,,,2007.0,1985-01-04,,,,3
Ronald Darby,PHI,DB,12276,weighted,,,,,,,,,,,,,,,,,,,,,,,,,,,,,,,,,,,,,,,,,,,,,3.99547889995258,0.244440561199037,0.0133902323376008,0.009075526328893,0.256033665244192,0.0983010900402319,1.19691559981034,0.207678218735548,,,2015.0,1994-01-02,,,,3
Ronald Darby,WAS,DB,12276,weighted,,,,,,,,,,,,,,,,,,,,,,,,,,,,,,,,,,,,,,,,,,,,,3.99547889995258,0.244440561199037,0.0133902323376008,0.009075526328893,0.256033665244192,0.0983010900402319,1.19691559981034,0.207678218735548,,,2015.0,1994-01-02,,,,3
TreDavious White,BUF,DB,13249,weighted,,,,,,,,,,,,,,,,,,,,,,,,,,,,,,,,,,,,,,,,,,,,,3.56250511247444,0.670575840977424,0.0235480572597137,0.0405073624867491,0.159550102249489,0.0718888396728843,0.474519427402863,0.161394025964662,,,2017.0,1995-01-16,,,,3
D.J. Swearinger,ARI,DB,11350,weighted,,,,,,,,,,,,,,,,,,,,,,,,,,,,,,,,,,,,,,,,,,,,,3.74708588957055,0.711008566382204,0.0934151329243354,0.0115113293628337,0.113231083844581,0.0378572527864716,0.53321063394683,0.0305105673416307,,,2013.0,1991-09-01,,,,3
D.J. Swearinger,NO,DB,11350,weighted,,,,,,,,,,,,,,,,,,,,,,,,,,,,,,,,,,,,,,,,,,,,,3.74708588957055,0.711008566382204,0.0934151329243354,0.0115113293628337,0.113231083844581,0.0378572527864716,0.53321063394683,0.0305105673416307,,,2013.0,1991-09-01,,,,3
Kevin Byard,TEN,DB,12752,weighted,,,,,,,,,,,,,,,,,,,,,,,,,,,,,,,,,,,,,,,,,,,,,3.81135609293504,0.335754442760809,0.0765173067804647,0.0319358210843982,0.2100213371266,0.0626942566239421,0.406609767662399,0.009075526328893,,,2016.0,1993-08-17,,,,3
Patrick Chung,NE,DB,9465,weighted,,,,,,,,,,,,,,,,,,,,,,,,,,,,,,,,,,,,,,,,,,,,,3.57551124744376,0.61302351473582,0.0330674846625767,0.0415025192774885,0.0697239263803681,0.0456896868069128,0.267075664621677,0.0575566468141686,,,2009.0,1987-08-19,,,,3
Montae Nicholson,WAS,DB,13292,weighted,,,,,,,,,,,,,,,,,,,,,,,,,,,,,,,,,,,,,,,,,,,,,3.35614519427403,1.04457139984557,0.0,0.0,0.0800613496932515,0.0300924035269276,0.309867075664622,0.0954993750766273,,,2017.0,1995-12-04,,,,3
Montae Nicholson,FA,DB,13292,weighted,,,,,,,,,,,,,,,,,,,,,,,,,,,,,,,,,,,,,,,,,,,,,3.35614519427403,1.04457139984557,0.0,0.0,0.0800613496932515,0.0300924035269276,0.309867075664622,0.0954993750766273,,,2017.0,1995-12-04,,,,3
Ronnie Harrison,JAC,DB,13715,weighted,,,,,,,,,,,,,,,,,,,,,,,,,,,,,,,,,,,,,,,,,,,,,4.02547034764826,0.177286418702139,0.103435582822086,0.0152817430934031,0.110276073619632,0.0520808946258203,0.34079754601227,0.125023883984551,,,2018.0,1997-04-18,,,,3
Xavien Howard,MIA,DB,12742,weighted,,,,,,,,,,,,,,,,,,,,,,,,,,,,,,,,,,,,,,,,,,,,,3.50286298568507,0.642141196016821,0.020081799591002,0.0264462659761577,0.304038854805726,0.259274393471263,0.773537832310839,0.197590536160615,,,2016.0,1993-07-04,,,,3
Eric Rowe,MIA,DB,12275,weighted,,,,,,,,,,,,,,,,,,,,,,,,,,,,,,,,,,,,,,,,,,,,,3.78161554192229,0.51777481455784,0.0067280163599182,0.0115735321390712,0.053680981595092,0.07593084661716,0.510869120654397,0.173933937461739,,,2015.0,1992-10-03,,,,3
Tracy Walker,DET,DB,13747,weighted,,,,,,,,,,,,,,,,,,,,,,,,,,,,,,,,,,,,,,,,,,,,,3.33049079754601,1.24496998364709,0.0100920245398773,0.0173602982086068,0.126625766871166,0.0231121310247453,0.387177914110429,0.117530692193236,,,2018.0,1995-02-01,,,,3
Marshon Lattimore,NO,DB,13224,weighted,,,,,,,,,,,,,,,,,,,,,,,,,,,,,,,,,,,,,,,,,,,,,3.61068507157464,0.513809391816337,0.0100715746421268,0.009992147537207,0.199856850715746,0.0199842950744142,0.70379345603272,0.0650311240582416,,,2017.0,1996-05-19,,,,3
Desmond Trufant,ATL,DB,11312,weighted,,,,,,,,,,,,,,,,,,,,,,,,,,,,,,,,,,,,,,,,,,,,,3.18118609406953,0.814525589191928,0.0466768916155419,0.0153140003908234,0.219979550102249,0.0722782039335505,0.829642126789366,0.0891523309015009,,,2013.0,1990-09-10,,,,3
Desmond Trufant,DET,DB,11312,weighted,,,,,,,,,,,,,,,,,,,,,,,,,,,,,,,,,,,,,,,,,,,,,3.18118609406953,0.814525589191928,0.0466768916155419,0.0153140003908234,0.219979550102249,0.0722782039335505,0.829642126789366,0.0891523309015009,,,2013.0,1990-09-10,,,,3
Anthony Harris,MIN,DB,12252,weighted,,,,,,,,,,,,,,,,,,,,,,,,,,,,,,,,,,,,,,,,,,,,,3.81493865030675,0.269766375303676,0.0150766871165644,0.0149654613888508,0.210173824130879,0.0781322689010577,0.563568507157464,0.0402996651921693,,,2015.0,1992-06-04,,,,3
Shaq Griffin,SEA,DB,13273,weighted,,,,,,,,,,,,,,,,,,,,,,,,,,,,,,,,,,,,,,,,,,,,,3.60685071574642,0.433605405916946,0.0267075664621677,0.0057556646814168,0.0866462167689162,0.0322001780365185,0.587709611451943,0.209622205114188,,,2017.0,1994-01-01,,,,3
Trae Waynes,MIN,DB,12248,weighted,,,,,,,,,,,,,,,,,,,,,,,,,,,,,,,,,,,,,,,,,,,,,3.28856850715746,0.702105620344107,0.0369427402862986,0.0404196208043263,0.103077709611452,0.066507457091074,0.577453987730061,0.106725259618934,,,2015.0,1992-07-25,,,,3
Trae Waynes,CIN,DB,12248,weighted,,,,,,,,,,,,,,,,,,,,,,,,,,,,,,,,,,,,,,,,,,,,,3.28856850715746,0.702105620344107,0.0369427402862986,0.0404196208043263,0.103077709611452,0.066507457091074,0.577453987730061,0.106725259618934,,,2015.0,1992-07-25,,,,3
Desmond King,LAC,DB,13232,weighted,,,,,,,,,,,,,,,,,,,,,,,,,,,,,,,,,,,,,,,,,,,,,3.52826219512195,0.806101730552664,0.0550457317073171,0.0212132034355964,0.154862804878049,0.0636396103067893,0.609725609756098,0.127279220613579,,,2017.0,1994-12-14,,,,3
Morgan Burnett,CLE,DB,9864,weighted,,,,,,,,,,,,,,,,,,,,,,,,,,,,,,,,,,,,,,,,,,,,,3.38558282208589,0.607438965516136,0.233302658486708,0.15011770183571,0.0966564417177914,0.0057780327561863,0.370296523517382,0.0434491486826005,,,2010.0,1989-01-13,Q,Quadriceps,2019.0,3
Morgan Burnett,FA,DB,9864,weighted,,,,,,,,,,,,,,,,,,,,,,,,,,,,,,,,,,,,,,,,,,,,,3.38558282208589,0.607438965516136,0.233302658486708,0.15011770183571,0.0966564417177914,0.0057780327561863,0.370296523517382,0.0434491486826005,,,2010.0,1989-01-13,Q,Quadriceps,2019.0,3
Tashaun Gipson,HOU,DB,11010,weighted,,,,,,,,,,,,,,,,,,,,,,,,,,,,,,,,,,,,,,,,,,,,,3.55255623721881,0.617913270409853,0.033640081799591,0.0578676606953559,0.0866257668711656,0.0231121310247453,0.274376278118609,0.141644606825185,,,2012.0,1990-08-07,,,,3
Tashaun Gipson,CHI,DB,11010,weighted,,,,,,,,,,,,,,,,,,,,,,,,,,,,,,,,,,,,,,,,,,,,,3.55255623721881,0.617913270409853,0.033640081799591,0.0578676606953559,0.0866257668711656,0.0231121310247453,0.274376278118609,0.141644606825185,,,2012.0,1990-08-07,,,,3
Dre Kirkpatrick,CIN,DB,10778,weighted,,,,,,,,,,,,,,,,,,,,,,,,,,,,,,,,,,,,,,,,,,,,,3.72398773006135,0.395232712076791,0.113169734151329,0.0230226587256674,0.13280163599182,0.10992499363925,0.634294478527607,0.13277727023498,,,2012.0,1989-10-26,,,,3
Dre Kirkpatrick,FA,DB,10778,weighted,,,,,,,,,,,,,,,,,,,,,,,,,,,,,,,,,,,,,,,,,,,,,3.72398773006135,0.395232712076791,0.113169734151329,0.0230226587256674,0.13280163599182,0.10992499363925,0.634294478527607,0.13277727023498,,,2012.0,1989-10-26,,,,3
Jarrod Wilson,JAC,DB,12906,weighted,,,,,,,,,,,,,,,,,,,,,,,,,,,,,,,,,,,,,,,,,,,,,3.57959100204499,0.685581043989639,0.0369427402862986,0.0404196208043263,0.0768609406952965,0.0474005710921469,0.390685071574642,0.139284745832274,,,2016.0,1994-02-09,,,,3
Malcolm Butler,TEN,DB,11965,weighted,,,,,,,,,,,,,,,,,,,,,,,,,,,,,,,,,,,,,,,,,,,,,3.70591275486012,0.482866981549101,0.0433831199620673,0.0199042089270978,0.189836415362731,0.0284475606921773,0.667406353722143,0.130881979213037,,,2014.0,1990-03-02,,,,3
Earl Thomas,BAL,DB,9829,weighted,,,,,,,,,,,,,,,,,,,,,,,,,,,,,,,,,,,,,,,,,,,,,3.36983641536273,0.677826837165273,0.0300355618776671,0.0078657980037242,0.300056899004267,0.0688314484155281,0.772614983404457,0.119675518711275,,,2010.0,1989-05-07,,,,3
Steven Nelson,PIT,DB,12291,weighted,,,,,,,,,,,,,,,,,,,,,,,,,,,,,,,,,,,,,,,,,,,,,3.63077709611452,0.350737347303194,0.0134151329243354,0.0115113293628337,0.172883435582822,0.0848407030243713,0.634723926380368,0.188569529483888,,,2015.0,1993-01-22,,,,3
Quinton Dunbar,WAS,DB,12448,weighted,,,,,,,,,,,,,,,,,,,,,,,,,,,,,,,,,,,,,,,,,,,,,3.99,0.0,,,0.15,3.9592350605742403e-17,0.75,0.0,,,,,O,Knee,2019.0,3
Quinton Dunbar,SEA,DB,12448,weighted,,,,,,,,,,,,,,,,,,,,,,,,,,,,,,,,,,,,,,,,,,,,,3.99,0.0,,,0.15,3.9592350605742403e-17,0.75,0.0,,,,,O,Knee,2019.0,3
Devin McCourty,NE,DB,9846,weighted,,,,,,,,,,,,,,,,,,,,,,,,,,,,,,,,,,,,,,,,,,,,,3.53081799591002,0.400918842563602,0.0201431492842536,0.0199842950744142,0.173517382413088,0.0304597912046085,0.477310838445808,0.087185276096298,,,2010.0,1987-08-13,,,,3
Chidobe Awuzie,DAL,DB,13263,weighted,,,,,,,,,,,,,,,,,,,,,,,,,,,,,,,,,,,,,,,,,,,,,3.39034764826176,0.588695781012623,0.0134560327198364,0.0231470642781424,0.113169734151329,0.0723670035542801,0.614089979550102,0.163341964025014,,,2017.0,1995-05-24,,,,3
Rodney McLeod,PHI,DB,11017,weighted,,,,,,,,,,,,,,,,,,,,,,,,,,,,,,,,,,,,,,,,,,,,,3.60792433537832,0.304144040778204,0.0436298568507157,0.0403485064911655,0.159550102249489,0.0718888396728843,0.665276073619632,0.188569529483888,,,2012.0,1990-06-23,,,,3
Richard Sherman,SF,DB,10393,weighted,,,,,,,,,,,,,,,,,,,,,,,,,,,,,,,,,,,,,,,,,,,,,3.11135991820041,0.718267776798888,0.0833026584867076,0.037918839665539,0.0865235173824131,0.0416018590665273,0.410010224948875,0.09870603712685,,,2011.0,1988-03-30,,,,3
Marcus Peters,LAR,DB,12245,weighted,,,,,,,,,,,,,,,,,,,,,,,,,,,,,,,,,,,,,,,,,,,,,3.09859918200409,0.670677410238839,0.0269120654396728,0.0462941285562847,0.11659509202454,0.0404462292933043,0.510521472392638,0.0754941346391481,,,2015.0,1993-01-09,,,,3
Marcus Peters,BAL,DB,12245,weighted,,,,,,,,,,,,,,,,,,,,,,,,,,,,,,,,,,,,,,,,,,,,,3.09859918200409,0.670677410238839,0.0269120654396728,0.0462941285562847,0.11659509202454,0.0404462292933043,0.510521472392638,0.0754941346391481,,,2015.0,1993-01-09,,,,3
Justin Coleman,DET,DB,12523,weighted,,,,,,,,,,,,,,,,,,,,,,,,,,,,,,,,,,,,,,,,,,,,,2.93080777096115,0.815244261996753,0.0366359918200409,0.0057867660695355,0.106564417177914,0.0577803275618633,0.526768916155419,0.0306477800178766,,,,,,,,3
James Bradberry,CAR,DB,12750,weighted,,,,,,,,,,,,,,,,,,,,,,,,,,,,,,,,,,,,,,,,,,,,,3.49867709815078,0.307132219637245,0.103411569464201,0.0661943189786706,0.229694167852063,0.0478172224155969,0.8,1.2853733179831e-16,,,2016.0,1993-08-04,,,,3
James Bradberry,NYG,DB,12750,weighted,,,,,,,,,,,,,,,,,,,,,,,,,,,,,,,,,,,,,,,,,,,,,3.49867709815078,0.307132219637245,0.103411569464201,0.0661943189786706,0.229694167852063,0.0478172224155969,0.8,1.2853733179831e-16,,,2016.0,1993-08-04,,,,3
Aqib Talib,LAR,DB,9103,weighted,,,,,,,,,,,,,,,,,,,,,,,,,,,,,,,,,,,,,,,,,,,,,2.88199386503067,1.02870380119543,0.0235480572597137,0.0405073624867491,0.162668711656442,0.103756298193721,0.562402862985685,0.169951369511053,,,2008.0,1986-02-13,,,,3
Aqib Talib,FA,DB,9103,weighted,,,,,,,,,,,,,,,,,,,,,,,,,,,,,,,,,,,,,,,,,,,,,2.88199386503067,1.02870380119543,0.0235480572597137,0.0405073624867491,0.162668711656442,0.103756298193721,0.562402862985685,0.169951369511053,,,2008.0,1986-02-13,,,,3
Tedric Thompson,SEA,DB,13287,weighted,,,,,,,,,,,,,,,,,,,,,,,,,,,,,,,,,,,,,,,,,,,,,3.25726993865031,0.618883312069104,0.0201840490797546,0.0347205964172135,0.0600613496932515,0.0300924035269276,0.32719836400818,0.0833492559897007,,,2017.0,1995-01-20,Q,Hamstring,2019.0,3
Tedric Thompson,FA,DB,13287,weighted,,,,,,,,,,,,,,,,,,,,,,,,,,,,,,,,,,,,,,,,,,,,,3.25726993865031,0.618883312069104,0.0201840490797546,0.0347205964172135,0.0600613496932515,0.0300924035269276,0.32719836400818,0.0833492559897007,,,2017.0,1995-01-20,Q,Hamstring,2019.0,3
Minkah Fitzpatrick,PIT,DB,13713,weighted,,,,,,,,,,,,,,,,,,,,,,,,,,,,,,,,,,,,,,,,,,,,,3.76018292682927,0.0848528137423855,0.025015243902439,0.0070710678118654,0.0851676829268293,0.0777817459305202,0.5,0.0,,,2018.0,1996-11-17,,,,3
A.J. Bouye,JAC,DB,11512,weighted,,,,,,,,,,,,,,,,,,,,,,,,,,,,,,,,,,,,,,,,,,,,,3.59963099630996,0.191367473523388,0.0549354243542435,0.0334893078665929,0.0700738007380074,0.0382734947046776,0.450276752767528,0.143525605142541,,,2013.0,1991-08-16,,,,3
A.J. Bouye,DEN,DB,11512,weighted,,,,,,,,,,,,,,,,,,,,,,,,,,,,,,,,,,,,,,,,,,,,,3.59963099630996,0.191367473523388,0.0549354243542435,0.0334893078665929,0.0700738007380074,0.0382734947046776,0.450276752767528,0.143525605142541,,,2013.0,1991-08-16,,,,3
Eddie Jackson,CHI,DB,13229,weighted,,,,,,,,,,,,,,,,,,,,,,,,,,,,,,,,,,,,,,,,,,,,,3.3309509202454,0.444346671205287,0.0634458077709611,0.0452352749753644,0.150030674846626,0.0459420011724702,0.755674846625767,0.171078241889355,,,2017.0,,Q,Shoulder,2019.0,3
Micah Hyde,BUF,DB,11382,weighted,,,,,,,,,,,,,,,,,,,,,,,,,,,,,,,,,,,,,,,,,,,,,3.31756646216769,0.440203103853712,0.0302760736196319,0.0520808946258203,0.149601226993865,0.0622537789162328,0.374089979550102,0.102419495173267,,,2013.0,1990-12-31,,,,3
Karl Joseph,OAK,DB,12717,weighted,,,,,,,,,,,,,,,,,,,,,,,,,,,,,,,,,,,,,,,,,,,,,3.1068609406953,0.748766027726344,0.103353783231084,0.0306280007816468,0.0701533742331288,0.0299309227777016,0.227137014314928,0.0805993303843386,,,2016.0,,,,,3
Karl Joseph,CLE,DB,12717,weighted,,,,,,,,,,,,,,,,,,,,,,,,,,,,,,,,,,,,,,,,,,,,,3.1068609406953,0.748766027726344,0.103353783231084,0.0306280007816468,0.0701533742331288,0.0299309227777016,0.227137014314928,0.0805993303843386,,,2016.0,,,,,3
Darius Slay,DET,DB,11348,weighted,,,,,,,,,,,,,,,,,,,,,,,,,,,,,,,,,,,,,,,,,,,,,3.16612474437628,0.524794342563871,0.016799591002045,0.0208373139974252,0.233435582822086,0.0577803275618633,1.04375255623722,0.137909644878089,,,2013.0,1991-01-01,,,,3
Darius Slay,PHI,DB,11348,weighted,,,,,,,,,,,,,,,,,,,,,,,,,,,,,,,,,,,,,,,,,,,,,3.16612474437628,0.524794342563871,0.016799591002045,0.0208373139974252,0.233435582822086,0.0577803275618633,1.04375255623722,0.137909644878089,,,2013.0,1991-01-01,,,,3
Kyle Fuller,CHI,DB,11764,weighted,,,,,,,,,,,,,,,,,,,,,,,,,,,,,,,,,,,,,,,,,,,,,3.51537832310838,0.184436691530093,0.0099488752556237,0.0099769742592338,0.323057259713701,0.0864922925804093,1.28184049079755,0.317461089786415,,,2014.0,1992-02-16,,,,3
Jimmie Ward,SF,DB,11768,weighted,,,,,,,,,,,,,,,,,,,,,,,,,,,,,,,,,,,,,,,,,,,,,3.41413109756098,0.403050865276332,0.0351067073170732,0.0494974746830583,0.0400609756097561,0.0282842712474619,0.235106707317073,0.0494974746830583,,,2014.0,1991-07-18,Q,Hand,2019.0,3
Byron Murphy,ARI,DB,14180,weighted,,,,,,,,,,,,,,,,,,,,,,,,,,,,,,,,,,,,,,,,,,,,,3.59528963414634,0.134350288425444,0.0300304878048781,0.014142135623731,0.0901829268292683,0.0848528137423857,0.510640243902439,0.29698484809835,,,2019.0,1998-01-18,,,,3
Isaiah Oliver,ATL,DB,13709,weighted,,,,,,,,,,,,,,,,,,,,,,,,,,,,,,,,,,,,,,,,,,,,,2.86976292081555,0.547908906472042,0.0200711237553343,0.0157315960074485,0.112963489805595,0.0866642739548104,0.606823138928402,0.132388637957341,,,2018.0,1996-09-30,,,,3
Damontae Kazee,ATL,DB,13301,weighted,,,,,,,,,,,,,,,,,,,,,,,,,,,,,,,,,,,,,,,,,,,,,3.56519817073171,0.0919238815542511,0.01,0.0,0.174923780487805,0.0353553390593274,0.405015243902439,0.0070710678118654,,,2017.0,1993-06-05,,,,3
Avonte Maddox,PHI,DB,13767,weighted,,,,,,,,,,,,,,,,,,,,,,,,,,,,,,,,,,,,,,,,,,,,,2.64377300613497,0.848560781002681,0.066359918200409,0.0471080911015084,0.10980572597137,0.0263902287994929,0.456922290388548,0.124297083905921,,,2018.0,1996-03-31,,,,3
Kevin King,GB,DB,13250,weighted,,,,,,,,,,,,,,,,,,,,,,,,,,,,,,,,,,,,,,,,,,,,,3.13060327198364,0.422256362690597,0.0733026584867076,0.0252365904563049,0.137085889570552,0.0707402556843638,0.570725971370143,0.098265956798129,,,2017.0,1995-05-05,,,,3
Josh Norman,WAS,DB,10851,weighted,,,,,,,,,,,,,,,,,,,,,,,,,,,,,,,,,,,,,,,,,,,,,3.17440695296524,0.400949371500906,0.0168200408997955,0.028933830347678,0.116820040899795,0.0289338303476779,0.603507157464213,0.0251647115463827,,,2012.0,1987-12-15,,,,3
Josh Norman,BUF,DB,10851,weighted,,,,,,,,,,,,,,,,,,,,,,,,,,,,,,,,,,,,,,,,,,,,,3.17440695296524,0.400949371500906,0.0168200408997955,0.028933830347678,0.116820040899795,0.0289338303476779,0.603507157464213,0.0251647115463827,,,2012.0,1987-12-15,,,,3
Greedy Williams,CLE,DB,14177,weighted,,,,,,,,,,,,,,,,,,,,,,,,,,,,,,,,,,,,,,,,,,,,,2.93192073170732,0.89095454429505,0.0250762195121951,0.0353553390593274,0.0651981707317073,0.0919238815542512,0.360792682926829,0.367695526217005,,,2019.0,1970-01-01,Q,Hamstring,2019.0,3
Chris Harris,DEN,DB,10592,weighted,,,,,,,,,,,,,,,,,,,,,,,,,,,,,,,,,,,,,,,,,,,,,2.73977477477477,0.556758586163338,0.0501706970128023,0.0272265789866791,0.139957325746799,0.0273320932952321,0.609758179231863,0.0775822006389195,,,2011.0,1989-06-18,,,,3
Chris Harris,LAC,DB,10592,weighted,,,,,,,,,,,,,,,,,,,,,,,,,,,,,,,,,,,,,,,,,,,,,2.73977477477477,0.556758586163338,0.0501706970128023,0.0272265789866791,0.139957325746799,0.0273320932952321,0.609758179231863,0.0775822006389195,,,2011.0,1989-06-18,,,,3
T.J. Carrie,CLE,DB,11858,weighted,,,,,,,,,,,,,,,,,,,,,,,,,,,,,,,,,,,,,,,,,,,,,3.39467987804878,0.148492424049175,0.0648932926829268,0.0494974746830583,0.105045731707317,0.0212132034355964,0.50030487804878,0.141421356237309,,,,,,,,3
T.J. Carrie,IND,DB,11858,weighted,,,,,,,,,,,,,,,,,,,,,,,,,,,,,,,,,,,,,,,,,,,,,3.39467987804878,0.148492424049175,0.0648932926829268,0.0494974746830583,0.105045731707317,0.0212132034355964,0.50030487804878,0.141421356237309,,,,,,,,3
Casey Hayward,LAC,DB,10793,weighted,,,,,,,,,,,,,,,,,,,,,,,,,,,,,,,,,,,,,,,,,,,,,2.83295501022495,0.567076385861262,0.0302760736196319,0.0520808946258203,0.142893660531697,0.0678530681890163,0.497351738241309,0.0949513976823698,,,2012.0,1989-09-09,,,,3
Stephon Gilmore,NE,DB,10789,weighted,,,,,,,,,,,,,,,,,,,,,,,,,,,,,,,,,,,,,,,,,,,,,2.6590490797546,0.78933281142272,0.0435276073619632,0.0321937507786449,0.216247443762781,0.0567365791317292,1.09571574642127,0.179389748155603,,,2012.0,1990-09-19,,,,3
Gareon Conley,OAK,DB,13248,weighted,,,,,,,,,,,,,,,,,,,,,,,,,,,,,,,,,,,,,,,,,,,,,2.86378323108384,0.63204728975354,0.0100920245398773,0.0173602982086068,0.183609406952965,0.0377551989063959,0.773435582822086,0.0704410769991182,,,2017.0,1995-06-29,,,,3
Gareon Conley,HOU,DB,13248,weighted,,,,,,,,,,,,,,,,,,,,,,,,,,,,,,,,,,,,,,,,,,,,,2.86378323108384,0.63204728975354,0.0100920245398773,0.0173602982086068,0.183609406952965,0.0377551989063959,0.773435582822086,0.0704410769991182,,,2017.0,1995-06-29,,,,3
Rashaan Melvin,DET,DB,11537,weighted,,,,,,,,,,,,,,,,,,,,,,,,,,,,,,,,,,,,,,,,,,,,,2.1240243902439,1.86676190233249,0.0200609756097561,0.0282842712474619,0.0802439024390244,0.113137084989848,0.45577743902439,0.360624458405139,,,,,,,,3
Rashaan Melvin,JAC,DB,11537,weighted,,,,,,,,,,,,,,,,,,,,,,,,,,,,,,,,,,,,,,,,,,,,,2.1240243902439,1.86676190233249,0.0200609756097561,0.0282842712474619,0.0802439024390244,0.113137084989848,0.45577743902439,0.360624458405139,,,,,,,,3
Terrance Mitchell,CLE,DB,11883,weighted,,,,,,,,,,,,,,,,,,,,,,,,,,,,,,,,,,,,,,,,,,,,,2.13266605166052,1.21039927003543,0.0050092250922509,0.0047841868380847,0.114843173431734,0.0813311762474398,0.399630996309963,0.191367473523388,,,2014.0,1992-05-27,,,,3
William Jackson,CIN,DB,12737,weighted,,,,,,,,,,,,,,,,,,,,,,,,,,,,,,,,,,,,,,,,,,,,,2.51890593047035,0.723509304797722,0.0201840490797546,0.0347205964172135,0.139938650306748,0.034668196537118,0.69700408997955,0.0928283516243721,,,2016.0,1993-01-01,,,,3
Daniel Sorensen,KC,DB,11956,weighted,,,,,,,,,,,,,,,,,,,,,,,,,,,,,,,,,,,,,,,,,,,,,2.20836890243902,1.56270598642227,0.020030487804878,0.014142135623731,0.0951676829268293,0.0777817459305202,0.275533536585366,0.247487373415292,,,2014.0,1990-03-05,,,,3
Adoree Jackson,TEN,DB,13226,weighted,,,,,,,,,,,,,,,,,,,,,,,,,,,,,,,,,,,,,,,,,,,,,2.7690221402214,0.507123804836978,0.0150276752767528,0.0143525605142541,0.0650461254612546,0.0239209341904235,0.494806273062731,0.100467923599779,,,2017.0,1995-09-18,,,,3
Rasul Douglas,PHI,DB,13281,weighted,,,,,,,,,,,,,,,,,,,,,,,,,,,,,,,,,,,,,,,,,,,,,2.2467987804878,1.48492424049175,0.0,0.0,0.0749237804878049,0.0353553390593274,0.29467987804878,0.148492424049175,,,2017.0,1994-08-29,,,,3
M.J. Stewart,TB,DB,13736,weighted,,,,,,,,,,,,,,,,,,,,,,,,,,,,,,,,,,,,,,,,,,,,,2.51260670731707,1.11015764646288,0.010030487804878,0.014142135623731,0.045015243902439,0.0070710678118654,0.334801829268293,0.0919238815542512,,,2018.0,1995-09-16,,,,3
Brandon Carr,BAL,DB,9188,weighted,,,,,,,,,,,,,,,,,,,,,,,,,,,,,,,,,,,,,,,,,,,,,2.63026584867076,0.541511073807654,0.0369120654396728,0.0462941285562847,0.126697341513292,0.0252365904563049,0.569631901840491,0.148007470889938,,,2008.0,1986-05-19,,,,3
Brandon Carr,FA,DB,9188,weighted,,,,,,,,,,,,,,,,,,,,,,,,,,,,,,,,,,,,,,,,,,,,,2.63026584867076,0.541511073807654,0.0369120654396728,0.0462941285562847,0.126697341513292,0.0252365904563049,0.569631901840491,0.148007470889938,,,2008.0,1986-05-19,,,,3
Ricardo Allen,ATL,DB,11814,weighted,,,,,,,,,,,,,,,,,,,,,,,,,,,,,,,,,,,,,,,,,,,,,3.17993902439024,0.0282842712474619,0.0200609756097561,0.0282842712474619,0.100091463414634,0.0424264068711929,0.415045731707317,0.0212132034355964,,,2014.0,1991-12-18,,,,3
Ahkello Witherspoon,SF,DB,13266,weighted,,,,,,,,,,,,,,,,,,,,,,,,,,,,,,,,,,,,,,,,,,,,,3.08966463414634,0.155563491861041,0.0200609756097561,0.0282842712474619,0.125076219512195,0.0353553390593274,0.814740853658537,0.120208152801713,,,2017.0,1995-03-21,,,,3
Marlon Humphrey,BAL,DB,13223,weighted,,,,,,,,,,,,,,,,,,,,,,,,,,,,,,,,,,,,,,,,,,,,,2.98344580777096,0.168454004299058,0.0234049079754601,0.0252465936894285,0.236288343558282,0.0548996129737334,1.0259918200409,0.127308853529783,,,2017.0,1996-07-08,,,,3
Bashaud Breeland,KC,DB,11788,weighted,,,,,,,,,,,,,,,,,,,,,,,,,,,,,,,,,,,,,,,,,,,,,2.94593047034765,0.219244663873382,0.0168200408997955,0.028933830347678,0.210460122699387,0.0897927683331047,0.688036809815951,0.223313572329008,,,2014.0,1992-01-30,,,,3
Sidney Jones,PHI,DB,13225,weighted,,,,,,,,,,,,,,,,,,,,,,,,,,,,,,,,,,,,,,,,,,,,,2.68115853658537,0.537401153701776,0.005015243902439,0.0070710678118654,0.154862804878049,0.0636396103067893,0.494984756097561,0.0070710678118654,,,2017.0,,,,,3
Marcus Williams,NO,DB,13253,weighted,,,,,,,,,,,,,,,,,,,,,,,,,,,,,,,,,,,,,,,,,,,,,2.78556402439024,0.261629509039023,0.0601829268292683,0.0848528137423857,0.164893292682927,0.0494974746830583,0.439817073170732,0.0848528137423857,,,2017.0,1996-09-08,,,,3
Jermaine Whitehead,,DB,13531,weighted,,,,,,,,,,,,,,,,,,,,,,,,,,,,,,,,,,,,,,,,,,,,,2.47143292682927,0.664680374315355,0.0500609756097561,0.0282842712474619,0.0401219512195122,0.0565685424949238,0.170335365853659,0.15556349186104,,,,,,,,3
Charvarius Ward,KC,DB,13920,weighted,,,,,,,,,,,,,,,,,,,,,,,,,,,,,,,,,,,,,,,,,,,,,2.38342987804878,0.728319984622144,0.0299390243902439,0.0282842712474619,0.139817073170732,0.0848528137423857,0.539207317073171,0.367695526217005,,,2018.0,1996-05-16,,,,3
Deionte Thompson,ARI,DB,14183,weighted,,,,,,,,,,,,,,,,,,,,,,,,,,,,,,,,,,,,,,,,,,,,,1.7816006097561,1.576848122046,0.010030487804878,0.014142135623731,0.02,0.0,0.154862804878049,0.0636396103067893,,,2019.0,1970-01-01,,,,3
Tramaine Brock,ARI,DB,10149,weighted,,,,,,,,,,,,,,,,,,,,,,,,,,,,,,,,,,,,,,,,,,,,,1.52903963414634,1.87383297014435,0.0351067073170732,0.0494974746830583,0.0651981707317073,0.0919238815542512,0.42109756097561,0.509116882454314,,,2010.0,1988-08-20,,,,3
Tramaine Brock,FA,DB,10149,weighted,,,,,,,,,,,,,,,,,,,,,,,,,,,,,,,,,,,,,,,,,,,,,1.52903963414634,1.87383297014435,0.0351067073170732,0.0494974746830583,0.0651981707317073,0.0919238815542512,0.42109756097561,0.509116882454314,,,2010.0,1988-08-20,,,,3
Jonathan Jones,NE,DB,12988,weighted,,,,,,,,,,,,,,,,,,,,,,,,,,,,,,,,,,,,,,,,,,,,,2.43419207317073,0.37476659402887,0.095015243902439,0.0070710678118654,0.0899695121951219,0.014142135623731,0.534496951219512,0.233345237791561,,,2016.0,1993-09-20,,,,3
Jahleel Addae,HOU,DB,11498,weighted,,,,,,,,,,,,,,,,,,,,,,,,,,,,,,,,,,,,,,,,,,,,,1.94300304878049,0.926309883354377,0.0,0.0,0.0649542682926829,0.0212132034355964,0.110030487804878,0.0141421356237309,,,2013.0,1990-01-24,,,,3
Jahleel Addae,FA,DB,11498,weighted,,,,,,,,,,,,,,,,,,,,,,,,,,,,,,,,,,,,,,,,,,,,,1.94300304878049,0.926309883354377,0.0,0.0,0.0649542682926829,0.0212132034355964,0.110030487804878,0.0141421356237309,,,2013.0,1990-01-24,,,,3
Deshazor Everett,WAS,DB,12544,weighted,,,,,,,,,,,,,,,,,,,,,,,,,,,,,,,,,,,,,,,,,,,,,1.67217987804878,1.30814754519511,0.0249542682926829,0.0212132034355964,0.039969512195122,0.014142135623731,0.354253048780488,0.346482322781408,,,,,,,,3
D.J. Hayden,JAC,DB,11346,weighted,,,,,,,,,,,,,,,,,,,,,,,,,,,,,,,,,,,,,,,,,,,,,2.50501524390244,0.0070710678118653,0.164893292682927,0.0494974746830583,0.0700609756097561,0.0282842712474619,0.430091463414634,0.0424264068711929,,,2013.0,1990-06-27,,,,3
P.J. Williams,NO,DB,12246,weighted,,,,,,,,,,,,,,,,,,,,,,,,,,,,,,,,,,,,,,,,,,,,,2.43981707317073,0.0848528137423858,0.105015243902439,0.0070710678118654,0.0701524390243903,0.0707106781186548,0.530091463414634,0.0424264068711929,,,2015.0,1993-06-01,,,,3
Bryce Callahan,DEN,DB,12506,weighted,,,,,,,,,,,,,,,,,,,,,,,,,,,,,,,,,,,,,,,,,,,,,2.40030487804878,0.14142135623731,0.0400609756097561,0.0282842712474619,0.0750457317073171,0.0212132034355964,0.420060975609756,0.0282842712474619,,,,,O,Foot,2019.0,3
Brian Poole,NYJ,DB,12938,weighted,,,,,,,,,,,,,,,,,,,,,,,,,,,,,,,,,,,,,,,,,,,,,2.27963414634146,0.169705627484771,0.0701219512195122,0.0565685424949238,0.070030487804878,0.014142135623731,0.374923780487805,0.0353553390593274,,,2016.0,1992-10-20,,,,3
Isaac Yiadom,DEN,DB,13754,weighted,,,,,,,,,,,,,,,,,,,,,,,,,,,,,,,,,,,,,,,,,,,,,2.06899390243902,0.466690475583121,0.01,0.0,0.0899695121951219,0.014142135623731,0.409725609756098,0.127279220613579,,,2018.0,1996-02-20,,,,3
Buster Skrine,CHI,DB,10379,weighted,,,,,,,,,,,,,,,,,,,,,,,,,,,,,,,,,,,,,,,,,,,,,2.25015243902439,0.0707106781186545,0.020030487804878,0.014142135623731,0.0401219512195122,0.0565685424949238,0.420060975609756,0.0282842712474619,,,2011.0,1989-04-26,,,,3
Tramon Williams,GB,DB,8958,weighted,,,,,,,,,,,,,,,,,,,,,,,,,,,,,,,,,,,,,,,,,,,,,1.66807926829268,0.89095454429505,0.0200609756097561,0.0282842712474619,0.0300304878048781,0.014142135623731,0.34452743902439,0.21920310216783,,,2006.0,1983-03-16,,,,3
Tramon Williams,FA,DB,8958,weighted,,,,,,,,,,,,,,,,,,,,,,,,,,,,,,,,,,,,,,,,,,,,,1.66807926829268,0.89095454429505,0.0200609756097561,0.0282842712474619,0.0300304878048781,0.014142135623731,0.34452743902439,0.21920310216783,,,2006.0,1983-03-16,,,,3
Miles Killebrew,DET,DB,12776,weighted,,,,,,,,,,,,,,,,,,,,,,,,,,,,,,,,,,,,,,,,,,,,,1.14679878048781,1.48492424049175,0.02,0.0,0.04,0.0,0.104710365853659,0.134350288425444,,,2016.0,1993-05-10,,,,3
Khari Willis,IND,DB,14226,weighted,,,,,,,,,,,,,,,,,,,,,,,,,,,,,,,,,,,,,,,,,,,,,1.79878048780488,0.565685424949238,0.010030487804878,0.014142135623731,0.0250762195121951,0.0353553390593274,0.150243902439024,0.113137084989848,,,2019.0,1970-01-01,,,,3
Nasir Adderley,LAC,DB,14185,weighted,,,,,,,,,,,,,,,,,,,,,,,,,,,,,,,,,,,,,,,,,,,,,1.29224085365854,1.27986327394765,0.01,0.0,0.109725609756098,0.127279220613579,0.239512195121951,0.226274169979695,,,2019.0,1970-01-01,,,,3
Brandon Facyson,LAC,DB,13934,weighted,,,,,,,,,,,,,,,,,,,,,,,,,,,,,,,,,,,,,,,,,,,,,1.41717987804878,1.01116269709676,0.0200609756097561,0.0282842712474619,0.0401219512195122,0.0565685424949238,0.160487804878049,0.226274169979695,,,2018.0,1970-01-01,,,,3
Grant Haley,NYG,DB,13996,weighted,,,,,,,,,,,,,,,,,,,,,,,,,,,,,,,,,,,,,,,,,,,,,1.89939024390244,0.282842712474619,0.029969512195122,0.014142135623731,0.0200609756097561,0.0282842712474619,0.2,0.0,,,2018.0,1970-01-01,,,,3
Tre Herndon,JAC,DB,13914,weighted,,,,,,,,,,,,,,,,,,,,,,,,,,,,,,,,,,,,,,,,,,,,,1.23754573170732,1.18086832458153,0.0150457317073171,0.0212132034355964,0.0401219512195122,0.0565685424949238,0.190457317073171,0.212132034355964,,,2018.0,1970-01-01,,,,3
Anthony Averett,BAL,DB,13761,weighted,,,,,,,,,,,,,,,,,,,,,,,,,,,,,,,,,,,,,,,,,,,,,1.26231707317073,1.07480230740355,0.0200609756097561,0.0282842712474619,0.0401219512195122,0.0565685424949238,0.235503048780488,0.233345237791561,,,2018.0,1994-11-29,,,,3
Curtis Riley,,DB,13017,weighted,,,,,,,,,,,,,,,,,,,,,,,,,,,,,,,,,,,,,,,,,,,,,1.62385670731707,0.530330085889911,0.005015243902439,0.0070710678118654,0.0699085365853658,0.0424264068711929,0.174923780487805,0.0353553390593274,,,,,,,,3
Fabian Moreau,WAS,DB,13270,weighted,,,,,,,,,,,,,,,,,,,,,,,,,,,,,,,,,,,,,,,,,,,,,1.97993902439024,0.0282842712474619,0.010030487804878,0.014142135623731,0.07,0.0,0.265198170731707,0.0919238815542512,,,2017.0,1994-04-09,,,,3
Antone Exum,SF,DB,11833,weighted,,,,,,,,,,,,,,,,,,,,,,,,,,,,,,,,,,,,,,,,,,,,,1.3733993902439,0.742462120245875,0.0250457317073171,0.0212132034355964,0.0549542682926829,0.0212132034355964,0.289664634146341,0.15556349186104,,,2014.0,1991-02-27,,,,3
Antone Exum,FA,DB,11833,weighted,,,,,,,,,,,,,,,,,,,,,,,,,,,,,,,,,,,,,,,,,,,,,1.3733993902439,0.742462120245875,0.0250457317073171,0.0212132034355964,0.0549542682926829,0.0212132034355964,0.289664634146341,0.15556349186104,,,2014.0,1991-02-27,,,,3
Will Parks,DEN,DB,12835,weighted,,,,,,,,,,,,,,,,,,,,,,,,,,,,,,,,,,,,,,,,,,,,,1.80030487804878,0.141421356237309,0.0150457317073171,0.0212132034355964,0.0899695121951219,0.014142135623731,0.260182926829268,0.0848528137423857,,,2016.0,1994-07-29,,,,3
Will Parks,PHI,DB,12835,weighted,,,,,,,,,,,,,,,,,,,,,,,,,,,,,,,,,,,,,,,,,,,,,1.80030487804878,0.141421356237309,0.0150457317073171,0.0212132034355964,0.0899695121951219,0.014142135623731,0.260182926829268,0.0848528137423857,,,2016.0,1994-07-29,,,,3
Mike Ford,DET,DB,14012,weighted,,,,,,,,,,,,,,,,,,,,,,,,,,,,,,,,,,,,,,,,,,,,,1.38342987804878,0.728319984622144,0.0,0.0,0.0200609756097561,0.0282842712474619,0.100121951219512,0.0565685424949238,,,2018.0,1995-08-04,,,,3
Jayron Kearse,MIN,DB,12720,weighted,,,,,,,,,,,,,,,,,,,,,,,,,,,,,,,,,,,,,,,,,,,,,1.39149390243902,0.692964645562816,0.0300609756097561,0.0282842712474619,0.0300914634146341,0.0424264068711929,0.210335365853659,0.15556349186104,,,2016.0,1994-02-11,,,,3
Jayron Kearse,DET,DB,12720,weighted,,,,,,,,,,,,,,,,,,,,,,,,,,,,,,,,,,,,,,,,,,,,,1.39149390243902,0.692964645562816,0.0300609756097561,0.0282842712474619,0.0300914634146341,0.0424264068711929,0.210335365853659,0.15556349186104,,,2016.0,1994-02-11,,,,3
Andrew Adams,TB,DB,12998,weighted,,,,,,,,,,,,,,,,,,,,,,,,,,,,,,,,,,,,,,,,,,,,,1.33161585365854,0.74953318805774,0.0,0.0,0.0700914634146342,0.0424264068711929,0.260182926829268,0.0848528137423857,,,2016.0,1993-08-28,,,,3
Nickell Robey,LAR,DB,11501,weighted,,,,,,,,,,,,,,,,,,,,,,,,,,,,,,,,,,,,,,,,,,,,,1.81003048780488,0.014142135623731,0.0200609756097561,0.0282842712474619,0.0650762195121951,0.0353553390593274,0.410030487804878,0.0141421356237309,,,2013.0,1992-01-17,,,,3
Nickell Robey,PHI,DB,11501,weighted,,,,,,,,,,,,,,,,,,,,,,,,,,,,,,,,,,,,,,,,,,,,,1.81003048780488,0.014142135623731,0.0200609756097561,0.0282842712474619,0.0650762195121951,0.0353553390593274,0.410030487804878,0.0141421356237309,,,2013.0,1992-01-17,,,,3
Taylor Rapp,LAR,DB,14186,weighted,,,,,,,,,,,,,,,,,,,,,,,,,,,,,,,,,,,,,,,,,,,,,1.65547256097561,0.21920310216783,0.0,0.0,0.0551067073170732,0.0494974746830583,0.260182926829268,0.0848528137423857,,,2019.0,1970-01-01,,,,3
Tavon Wilson,DET,DB,10808,weighted,,,,,,,,,,,,,,,,,,,,,,,,,,,,,,,,,,,,,,,,,,,,,1.45394817073171,0.487903679018718,0.0499390243902439,0.0282842712474619,0.0200609756097561,0.0282842712474619,0.0951981707317073,0.0919238815542512,,,2012.0,1990-03-19,,,,3
Tavon Wilson,FA,DB,10808,weighted,,,,,,,,,,,,,,,,,,,,,,,,,,,,,,,,,,,,,,,,,,,,,1.45394817073171,0.487903679018718,0.0499390243902439,0.0282842712474619,0.0200609756097561,0.0282842712474619,0.0951981707317073,0.0919238815542512,,,2012.0,1990-03-19,,,,3
Tony Brown,GB,DB,13970,weighted,,,,,,,,,,,,,,,,,,,,,,,,,,,,,,,,,,,,,,,,,,,,,1.31853658536585,0.678822509939086,0.005015243902439,0.0070710678118654,0.010030487804878,0.014142135623731,0.174923780487805,0.0353553390593274,,,2018.0,1970-01-01,,,,3
Tony Brown,CIN,DB,13970,weighted,,,,,,,,,,,,,,,,,,,,,,,,,,,,,,,,,,,,,,,,,,,,,1.31853658536585,0.678822509939086,0.005015243902439,0.0070710678118654,0.010030487804878,0.014142135623731,0.174923780487805,0.0353553390593274,,,2018.0,1970-01-01,,,,3
Justin Layne,PIT,DB,14214,weighted,,,,,,,,,,,,,,,,,,,,,,,,,,,,,,,,,,,,,,,,,,,,,1.30850609756098,0.692964645562817,0.005015243902439,0.0070710678118654,0.0150457317073171,0.0212132034355964,0.130091463414634,0.0424264068711929,,,2019.0,1970-01-01,,,,3
Delano Hill,SEA,DB,13278,weighted,,,,,,,,,,,,,,,,,,,,,,,,,,,,,,,,,,,,,,,,,,,,,1.35106707317073,0.494974746830583,0.0250762195121951,0.0353553390593274,0.0300914634146341,0.0424264068711929,0.150274390243902,0.127279220613579,,,2017.0,1995-11-26,,,,3
Nate Hairston,NYJ,DB,13305,weighted,,,,,,,,,,,,,,,,,,,,,,,,,,,,,,,,,,,,,,,,,,,,,0.892408536585366,1.11722871427475,0.0150457317073171,0.0212132034355964,0.0250762195121951,0.0353553390593274,0.140365853658537,0.169705627484771,,,2017.0,1994-06-30,,,,3
Duron Harmon,NE,DB,11359,weighted,,,,,,,,,,,,,,,,,,,,,,,,,,,,,,,,,,,,,,,,,,,,,1.50532012195122,0.148492424049175,0.005015243902439,0.0070710678118654,0.1,0.0,0.195289634146341,0.134350288425444,,,2013.0,1991-01-24,,,,3
Duron Harmon,DET,DB,11359,weighted,,,,,,,,,,,,,,,,,,,,,,,,,,,,,,,,,,,,,,,,,,,,,1.50532012195122,0.148492424049175,0.005015243902439,0.0070710678118654,0.1,0.0,0.195289634146341,0.134350288425444,,,2013.0,1991-01-24,,,,3
Michael Thomas,NYG,DB,11613,weighted,,,,,,,,,,,,,,,,,,,,,,,,,,,,,,,,,,,,,,,,,,,,,1.39939024390244,0.282842712474619,0.0299390243902439,0.0282842712474619,0.069969512195122,0.014142135623731,0.24984756097561,0.0707106781186547,,,2012.0,1989-03-17,,,,3
Michael Thomas,HOU,DB,11613,weighted,,,,,,,,,,,,,,,,,,,,,,,,,,,,,,,,,,,,,,,,,,,,,1.39939024390244,0.282842712474619,0.0299390243902439,0.0282842712474619,0.069969512195122,0.014142135623731,0.24984756097561,0.0707106781186547,,,2012.0,1989-03-17,,,,3
Quincy Wilson,IND,DB,13255,weighted,,,,,,,,,,,,,,,,,,,,,,,,,,,,,,,,,,,,,,,,,,,,,1.47963414634146,0.169705627484771,0.0200609756097561,0.0282842712474619,0.069969512195122,0.014142135623731,0.184954268292683,0.0212132034355964,,,2017.0,1996-01-01,,,,3
Quincy Wilson,NYJ,DB,13255,weighted,,,,,,,,,,,,,,,,,,,,,,,,,,,,,,,,,,,,,,,,,,,,,1.47963414634146,0.169705627484771,0.0200609756097561,0.0282842712474619,0.069969512195122,0.014142135623731,0.184954268292683,0.0212132034355964,,,2017.0,1996-01-01,,,,3
Erik Harris,OAK,DB,12910,weighted,,,,,,,,,,,,,,,,,,,,,,,,,,,,,,,,,,,,,,,,,,,,,1.48024390243902,0.113137084989848,0.0,0.0,0.065015243902439,0.0070710678118654,0.294984756097561,0.0070710678118654,,,2015.0,1990-04-02,,,,3
Erik Harris,LVR,DB,12910,weighted,,,,,,,,,,,,,,,,,,,,,,,,,,,,,,,,,,,,,,,,,,,,,1.48024390243902,0.113137084989848,0.0,0.0,0.065015243902439,0.0070710678118654,0.294984756097561,0.0070710678118654,,,2015.0,1990-04-02,,,,3
Jason Verrett,SF,DB,11765,weighted,,,,,,,,,,,,,,,,,,,,,,,,,,,,,,,,,,,,,,,,,,,,,1.19407012195122,0.431335136523794,0.0,0.0,0.0250762195121951,0.0353553390593274,0.135259146341463,0.120208152801713,,,2014.0,1991-05-13,,,,3
Troy Hill,LAR,DB,12589,weighted,,,,,,,,,,,,,,,,,,,,,,,,,,,,,,,,,,,,,,,,,,,,,0.978414634146342,0.735391052434009,0.0,0.0,0.0499085365853659,0.0424264068711929,0.189664634146341,0.15556349186104,,,,,,,,3
Sharrod Neasman,ATL,DB,13087,weighted,,,,,,,,,,,,,,,,,,,,,,,,,,,,,,,,,,,,,,,,,,,,,1.15896341463415,0.480832611206852,0.005015243902439,0.0070710678118654,0.0300304878048781,0.014142135623731,0.219756097560976,0.113137084989848,,,2016.0,1991-10-14,,,,3
Ross Cockrell,CAR,DB,11791,weighted,,,,,,,,,,,,,,,,,,,,,,,,,,,,,,,,,,,,,,,,,,,,,0.923551829268293,0.67175144212722,0.02,0.0,0.0299390243902439,0.0282842712474619,0.234496951219512,0.233345237791561,,,2014.0,1991-08-06,,,,3
Ross Cockrell,FA,DB,11791,weighted,,,,,,,,,,,,,,,,,,,,,,,,,,,,,,,,,,,,,,,,,,,,,0.923551829268293,0.67175144212722,0.02,0.0,0.0299390243902439,0.0282842712474619,0.234496951219512,0.233345237791561,,,2014.0,1991-08-06,,,,3
Andrew Sendejo,PHI,DB,10220,weighted,,,,,,,,,,,,,,,,,,,,,,,,,,,,,,,,,,,,,,,,,,,,,1.21474085365854,0.120208152801713,0.0648932926829268,0.0494974746830583,0.0150457317073171,0.0212132034355964,0.100182926829268,0.0848528137423857,,,2010.0,1987-09-09,,,,3
Andrew Sendejo,CLE,DB,10220,weighted,,,,,,,,,,,,,,,,,,,,,,,,,,,,,,,,,,,,,,,,,,,,,1.21474085365854,0.120208152801713,0.0648932926829268,0.0494974746830583,0.0150457317073171,0.0212132034355964,0.100182926829268,0.0848528137423857,,,2010.0,1987-09-09,,,,3
Jamal Agnew,DET,DB,13308,weighted,,,,,,,,,,,,,,,,,,,,,,,,,,,,,,,,,,,,,,,,,,,,,1.05926829268293,0.339411254969543,0.010030487804878,0.014142135623731,0.0200609756097561,0.0282842712474619,0.100091463414634,0.0424264068711929,,,2017.0,,,,,3
George Odum,IND,DB,13939,weighted,,,,,,,,,,,,,,,,,,,,,,,,,,,,,,,,,,,,,,,,,,,,,0.863673780487805,0.615182899632296,0.0,0.0,0.02,0.0,0.079969512195122,0.0141421356237309,,,2018.0,1993-11-03,,,,3
Tye Smith,TEN,DB,12327,weighted,,,,,,,,,,,,,,,,,,,,,,,,,,,,,,,,,,,,,,,,,,,,,0.930701219512195,0.325269119345812,0.005015243902439,0.0070710678118654,0.0200609756097561,0.0282842712474619,0.0702134146341463,0.0989949493661167,,,2015.0,1993-05-03,,,,3
Trayvon Mullen,OAK,DB,14181,weighted,,,,,,,,,,,,,,,,,,,,,,,,,,,,,,,,,,,,,,,,,,,,,0.581768292682927,0.820243866176395,0.005015243902439,0.0070710678118654,0.0250762195121951,0.0353553390593274,0.110335365853659,0.15556349186104,,,2019.0,1970-01-01,,,,3
Trayvon Mullen,LVR,DB,14181,weighted,,,,,,,,,,,,,,,,,,,,,,,,,,,,,,,,,,,,,,,,,,,,,0.581768292682927,0.820243866176395,0.005015243902439,0.0070710678118654,0.0250762195121951,0.0353553390593274,0.110335365853659,0.15556349186104,,,2019.0,1970-01-01,,,,3
Javien Elliott,CAR,DB,13083,weighted,,,,,,,,,,,,,,,,,,,,,,,,,,,,,,,,,,,,,,,,,,,,,0.805929878048781,0.431335136523794,0.0,0.0,0.0300609756097561,0.0282842712474619,0.105289634146341,0.134350288425444,,,2016.0,1970-01-01,,,,3
Javien Elliott,FA,DB,13083,weighted,,,,,,,,,,,,,,,,,,,,,,,,,,,,,,,,,,,,,,,,,,,,,0.805929878048781,0.431335136523794,0.0,0.0,0.0300609756097561,0.0282842712474619,0.105289634146341,0.134350288425444,,,2016.0,1970-01-01,,,,3
Cameron Sutton,PIT,DB,13276,weighted,,,,,,,,,,,,,,,,,,,,,,,,,,,,,,,,,,,,,,,,,,,,,0.990274390243903,0.127279220613579,0.0,0.0,0.0150457317073171,0.0212132034355964,0.0902439024390244,0.113137084989848,,,2017.0,1995-02-27,,,,3
Kevin Johnson,BUF,DB,12249,weighted,,,,,,,,,,,,,,,,,,,,,,,,,,,,,,,,,,,,,,,,,,,,,1.02507621951219,0.0353553390593274,0.005015243902439,0.0070710678118654,0.0150457317073171,0.0212132034355964,0.0850762195121951,0.0353553390593274,,,2015.0,1992-08-05,,,,3
Kevin Johnson,CLE,DB,12249,weighted,,,,,,,,,,,,,,,,,,,,,,,,,,,,,,,,,,,,,,,,,,,,,1.02507621951219,0.0353553390593274,0.005015243902439,0.0070710678118654,0.0150457317073171,0.0212132034355964,0.0850762195121951,0.0353553390593274,,,2015.0,1992-08-05,,,,3
Jourdan Lewis,DAL,DB,13227,weighted,,,,,,,,,,,,,,,,,,,,,,,,,,,,,,,,,,,,,,,,,,,,,0.75577743902439,0.360624458405139,0.005015243902439,0.0070710678118654,0.05,0.0,0.140121951219512,0.0565685424949238,,,2017.0,1995-08-31,,,,3
Akeem King,SEA,DB,12380,weighted,,,,,,,,,,,,,,,,,,,,,,,,,,,,,,,,,,,,,,,,,,,,,0.799390243902439,0.282842712474619,0.02,0.0,0.0150457317073171,0.0212132034355964,0.094984756097561,0.0070710678118654,,,2015.0,1992-08-29,,,,3
Akeem King,FA,DB,12380,weighted,,,,,,,,,,,,,,,,,,,,,,,,,,,,,,,,,,,,,,,,,,,,,0.799390243902439,0.282842712474619,0.02,0.0,0.0150457317073171,0.0212132034355964,0.094984756097561,0.0070710678118654,,,2015.0,1992-08-29,,,,3
Clayton Fejedelem,CIN,DB,12850,weighted,,,,,,,,,,,,,,,,,,,,,,,,,,,,,,,,,,,,,,,,,,,,,0.663978658536585,0.473761543394987,0.005015243902439,0.0070710678118654,0.0,0.0,0.0350457317073171,0.0212132034355964,,,2016.0,1993-06-02,,,,3
Clayton Fejedelem,MIA,DB,12850,weighted,,,,,,,,,,,,,,,,,,,,,,,,,,,,,,,,,,,,,,,,,,,,,0.663978658536585,0.473761543394987,0.005015243902439,0.0070710678118654,0.0,0.0,0.0350457317073171,0.0212132034355964,,,2016.0,1993-06-02,,,,3
Jimmy Moreland,WAS,DB,14293,weighted,,,,,,,,,,,,,,,,,,,,,,,,,,,,,,,,,,,,,,,,,,,,,0.825381097560976,0.176776695296637,0.005015243902439,0.0070710678118654,0.0200609756097561,0.0282842712474619,0.135106707317073,0.0494974746830583,,,2019.0,,,,,3
Eric Murray,CLE,DB,12772,weighted,,,,,,,,,,,,,,,,,,,,,,,,,,,,,,,,,,,,,,,,,,,,,0.860182926829268,0.0848528137423857,0.005015243902439,0.0070710678118654,0.0150457317073171,0.0212132034355964,0.0800609756097561,0.0282842712474619,,,2016.0,1994-01-07,,,,3
Eric Murray,HOU,DB,12772,weighted,,,,,,,,,,,,,,,,,,,,,,,,,,,,,,,,,,,,,,,,,,,,,0.860182926829268,0.0848528137423857,0.005015243902439,0.0070710678118654,0.0150457317073171,0.0212132034355964,0.0800609756097561,0.0282842712474619,,,2016.0,1994-01-07,,,,3
Kurt Coleman,BUF,DB,10026,weighted,,,,,,,,,,,,,,,,,,,,,,,,,,,,,,,,,,,,,,,,,,,,,0.584039634146342,0.445477272147525,0.0,0.0,0.005015243902439,0.0070710678118654,0.0200609756097561,0.0282842712474619,,,2010.0,1988-07-01,,,,3
Darius Phillips,CIN,DB,13790,weighted,,,,,,,,,,,,,,,,,,,,,,,,,,,,,,,,,,,,,,,,,,,,,0.839817073170732,0.0848528137423857,0.0,0.0,0.010030487804878,0.014142135623731,0.100091463414634,0.0424264068711929,,,2018.0,1995-06-26,,,,3
Dean Marlowe,,DB,12486,weighted,,,,,,,,,,,,,,,,,,,,,,,,,,,,,,,,,,,,,,,,,,,,,0.461310975609756,0.608111831820431,0.010030487804878,0.014142135623731,0.0150457317073171,0.0212132034355964,0.0802134146341463,0.0989949493661166,,,,,,,,3
Amani Hooker,TEN,DB,14182,weighted,,,,,,,,,,,,,,,,,,,,,,,,,,,,,,,,,,,,,,,,,,,,,0.505929878048781,0.431335136523794,0.005015243902439,0.0070710678118654,0.0150457317073171,0.0212132034355964,0.105137195121951,0.0636396103067893,,,2019.0,1998-06-14,,,,3
Chauncey Gardner-Johnson,NO,DB,14224,weighted,,,,,,,,,,,,,,,,,,,,,,,,,,,,,,,,,,,,,,,,,,,,,0.714740853658537,0.120208152801713,0.014984756097561,0.0070710678118654,0.0150457317073171,0.0212132034355964,0.0900609756097561,0.0282842712474619,,,2019.0,1997-12-20,,,,3
Anthony Levine,BAL,DB,10981,weighted,,,,,,,,,,,,,,,,,,,,,,,,,,,,,,,,,,,,,,,,,,,,,0.645442073170732,0.205060966544099,0.0349542682926829,0.0212132034355964,0.020030487804878,0.014142135623731,0.24984756097561,0.0707106781186547,,,2011.0,1987-03-27,,,,3
Darian Stewart,TB,DB,10122,weighted,,,,,,,,,,,,,,,,,,,,,,,,,,,,,,,,,,,,,,,,,,,,,0.665198170731707,0.0919238815542512,0.0200609756097561,0.0282842712474619,0.02,0.0,0.0500609756097561,0.0282842712474619,,,2010.0,1988-08-04,,,,3
Darian Stewart,FA,DB,10122,weighted,,,,,,,,,,,,,,,,,,,,,,,,,,,,,,,,,,,,,,,,,,,,,0.665198170731707,0.0919238815542512,0.0200609756097561,0.0282842712474619,0.02,0.0,0.0500609756097561,0.0282842712474619,,,2010.0,1988-08-04,,,,3
Rontez Miles,NYJ,DB,11595,weighted,,,,,,,,,,,,,,,,,,,,,,,,,,,,,,,,,,,,,,,,,,,,,0.654862804878049,0.0636396103067893,0.0,0.0,0.010030487804878,0.014142135623731,0.0451371951219512,0.0636396103067893,,,,,,,,3
Rontez Miles,FA,DB,11595,weighted,,,,,,,,,,,,,,,,,,,,,,,,,,,,,,,,,,,,,,,,,,,,,0.654862804878049,0.0636396103067893,0.0,0.0,0.010030487804878,0.014142135623731,0.0451371951219512,0.0636396103067893,,,,,,,,3
Deon Bush,CHI,DB,12783,weighted,,,,,,,,,,,,,,,,,,,,,,,,,,,,,,,,,,,,,,,,,,,,,0.554557926829268,0.205060966544099,0.0449237804878049,0.0353553390593274,0.005015243902439,0.0070710678118654,0.0500304878048781,0.0141421356237309,,,2016.0,1993-08-14,,,,3
Cyrus Jones,BAL,DB,12749,weighted,,,,,,,,,,,,,,,,,,,,,,,,,,,,,,,,,,,,,,,,,,,,,0.34094512195122,0.438406204335659,0.0,0.0,0.010030487804878,0.014142135623731,0.0551676829268293,0.0777817459305202,,,2016.0,,,,,3
Cyrus Jones,FA,DB,12749,weighted,,,,,,,,,,,,,,,,,,,,,,,,,,,,,,,,,,,,,,,,,,,,,0.34094512195122,0.438406204335659,0.0,0.0,0.010030487804878,0.014142135623731,0.0551676829268293,0.0777817459305202,,,2016.0,,,,,3
Matthias Farley,NYJ,DB,12990,weighted,,,,,,,,,,,,,,,,,,,,,,,,,,,,,,,,,,,,,,,,,,,,,0.310914634146341,0.424264068711928,0.0,0.0,0.010030487804878,0.014142135623731,0.0501219512195122,0.0565685424949238,,,2016.0,1992-07-15,,,,3
Patrick Robinson,NO,DB,9841,weighted,,,,,,,,,,,,,,,,,,,,,,,,,,,,,,,,,,,,,,,,,,,,,0.44452743902439,0.21920310216783,0.05,0.0,0.0,0.0,0.115045731707317,0.0212132034355964,,,2010.0,1987-09-07,,,,3
Marqui Christian,LAR,DB,12803,weighted,,,,,,,,,,,,,,,,,,,,,,,,,,,,,,,,,,,,,,,,,,,,,0.539817073170732,0.0848528137423857,0.0,0.0,0.005015243902439,0.0070710678118654,0.0300914634146341,0.0424264068711929,,,2016.0,1994-10-27,,,,3
Marqui Christian,FA,DB,12803,weighted,,,,,,,,,,,,,,,,,,,,,,,,,,,,,,,,,,,,,,,,,,,,,0.539817073170732,0.0848528137423857,0.0,0.0,0.005015243902439,0.0070710678118654,0.0300914634146341,0.0424264068711929,,,2016.0,1994-10-27,,,,3
Kendall Sheffield,ATL,DB,14228,weighted,,,,,,,,,,,,,,,,,,,,,,,,,,,,,,,,,,,,,,,,,,,,,0.340792682926829,0.367695526217005,0.0,0.0,0.010030487804878,0.014142135623731,0.0601829268292683,0.0848528137423857,,,2019.0,1970-01-01,,,,3
LeShaun Sims,TEN,DB,12799,weighted,,,,,,,,,,,,,,,,,,,,,,,,,,,,,,,,,,,,,,,,,,,,,0.520060975609756,0.0282842712474619,0.0,0.0,0.010030487804878,0.014142135623731,0.0351067073170732,0.0494974746830583,,,2016.0,,,,,3
LeShaun Sims,CIN,DB,12799,weighted,,,,,,,,,,,,,,,,,,,,,,,,,,,,,,,,,,,,,,,,,,,,,0.520060975609756,0.0282842712474619,0.0,0.0,0.010030487804878,0.014142135623731,0.0351067073170732,0.0494974746830583,,,2016.0,,,,,3
Phillip Gaines,HOU,DB,11781,weighted,,,,,,,,,,,,,,,,,,,,,,,,,,,,,,,,,,,,,,,,,,,,,0.305685975609756,0.318198051533946,0.0,0.0,0.010030487804878,0.014142135623731,0.0401219512195122,0.0565685424949238,,,2014.0,1991-04-04,,,,3
Artie Burns,PIT,DB,12738,weighted,,,,,,,,,,,,,,,,,,,,,,,,,,,,,,,,,,,,,,,,,,,,,0.399695121951219,0.14142135623731,0.0,0.0,0.005015243902439,0.0070710678118654,0.0300609756097561,0.0282842712474619,,,2016.0,1995-05-01,,,,3
Artie Burns,CHI,DB,12738,weighted,,,,,,,,,,,,,,,,,,,,,,,,,,,,,,,,,,,,,,,,,,,,,0.399695121951219,0.14142135623731,0.0,0.0,0.005015243902439,0.0070710678118654,0.0300609756097561,0.0282842712474619,,,2016.0,1995-05-01,,,,3
Kevin Toliver,CHI,DB,13946,weighted,,,,,,,,,,,,,,,,,,,,,,,,,,,,,,,,,,,,,,,,,,,,,0.429786585365854,0.0989949493661167,0.0,0.0,0.005015243902439,0.0070710678118654,0.0799390243902439,0.0282842712474619,,,2018.0,1970-01-01,,,,3
Walt Aikens,MIA,DB,11799,weighted,,,,,,,,,,,,,,,,,,,,,,,,,,,,,,,,,,,,,,,,,,,,,0.340426829268293,0.197989898732233,0.0,0.0,0.0449237804878049,0.0353553390593274,0.07,0.0,,,2014.0,1991-06-19,,,,3
Walt Aikens,FA,DB,11799,weighted,,,,,,,,,,,,,,,,,,,,,,,,,,,,,,,,,,,,,,,,,,,,,0.340426829268293,0.197989898732233,0.0,0.0,0.0449237804878049,0.0353553390593274,0.07,0.0,,,2014.0,1991-06-19,,,,3
Brandon Wilson,CIN,DB,13338,weighted,,,,,,,,,,,,,,,,,,,,,,,,,,,,,,,,,,,,,,,,,,,,,0.240731707317073,0.339411254969543,0.005015243902439,0.0070710678118654,0.010030487804878,0.014142135623731,0.0351067073170732,0.0494974746830583,,,2017.0,1994-07-27,,,,3
Art Maulet,NYJ,DB,13547,weighted,,,,,,,,,,,,,,,,,,,,,,,,,,,,,,,,,,,,,,,,,,,,,0.225594512195122,0.275771644662754,0.0,0.0,0.010030487804878,0.014142135623731,0.0300914634146341,0.0424264068711929,,,2017.0,1970-01-01,,,,3
Kavon Frazier,DAL,DB,12830,weighted,,,,,,,,,,,,,,,,,,,,,,,,,,,,,,,,,,,,,,,,,,,,,0.25547256097561,0.21920310216783,0.0,0.0,0.005015243902439,0.0070710678118654,0.0300914634146341,0.0424264068711929,,,2016.0,1994-08-11,,,,3
Kavon Frazier,MIA,DB,12830,weighted,,,,,,,,,,,,,,,,,,,,,,,,,,,,,,,,,,,,,,,,,,,,,0.25547256097561,0.21920310216783,0.0,0.0,0.005015243902439,0.0070710678118654,0.0300914634146341,0.0424264068711929,,,2016.0,1994-08-11,,,,3
Dane Cruikshank,TEN,DB,13784,weighted,,,,,,,,,,,,,,,,,,,,,,,,,,,,,,,,,,,,,,,,,,,,,0.225564024390244,0.261629509039023,0.0,0.0,0.005015243902439,0.0070710678118654,0.0300914634146341,0.0424264068711929,,,2018.0,1995-04-27,,,,3
Tony McRae,CIN,DB,13504,weighted,,,,,,,,,,,,,,,,,,,,,,,,,,,,,,,,,,,,,,,,,,,,,0.20547256097561,0.21920310216783,0.0,0.0,0.005015243902439,0.0070710678118654,0.064984756097561,0.0070710678118654,,,2016.0,1970-01-01,,,,3
Tony McRae,DET,DB,13504,weighted,,,,,,,,,,,,,,,,,,,,,,,,,,,,,,,,,,,,,,,,,,,,,0.20547256097561,0.21920310216783,0.0,0.0,0.005015243902439,0.0070710678118654,0.064984756097561,0.0070710678118654,,,2016.0,1970-01-01,,,,3
Keion Crossen,HOU,DB,13841,weighted,,,,,,,,,,,,,,,,,,,,,,,,,,,,,,,,,,,,,,,,,,,,,0.195350609756098,0.162634559672906,0.005015243902439,0.0070710678118654,0.005015243902439,0.0070710678118654,0.0250762195121951,0.0353553390593274,,,2018.0,,,,,3
Colin Jones,CAR,DB,10422,weighted,,,,,,,,,,,,,,,,,,,,,,,,,,,,,,,,,,,,,,,,,,,,,0.234801829268293,0.0919238815542512,0.0,0.0,0.0249542682926829,0.0212132034355964,0.034984756097561,0.0070710678118654,,,2011.0,1987-10-27,,,,3
Colin Jones,FA,DB,10422,weighted,,,,,,,,,,,,,,,,,,,,,,,,,,,,,,,,,,,,,,,,,,,,,0.234801829268293,0.0919238815542512,0.0,0.0,0.0249542682926829,0.0212132034355964,0.034984756097561,0.0070710678118654,,,2011.0,1987-10-27,,,,3
DeAndre Houston-Carson,CHI,DB,12813,weighted,,,,,,,,,,,,,,,,,,,,,,,,,,,,,,,,,,,,,,,,,,,,,0.170274390243902,0.127279220613579,0.0,0.0,0.005015243902439,0.0070710678118654,0.0200609756097561,0.0282842712474619,,,2016.0,1993-04-13,,,,3
Natrell Jamerson,CAR,DB,13788,weighted,,,,,,,,,,,,,,,,,,,,,,,,,,,,,,,,,,,,,,,,,,,,,0.130365853658537,0.169705627484771,0.005015243902439,0.0070710678118654,0.010030487804878,0.014142135623731,0.0300914634146341,0.0424264068711929,,,2018.0,,,,,3
Jordan Dangerfield,PIT,DB,12974,weighted,,,,,,,,,,,,,,,,,,,,,,,,,,,,,,,,,,,,,,,,,,,,,0.120121951219512,0.0565685424949238,0.0,0.0,0.005015243902439,0.0070710678118654,0.010030487804878,0.014142135623731,,,,,,,,3
