"player","team","position","id","avg_type","pass_yds","pass_yds_sd","pass_tds","pass_tds_sd","pass_int","pass_int_sd","rush_yds","rush_yds_sd","rush_tds","rush_tds_sd","fumbles_lost","fumbles_lost_sd","two_pts","two_pts_sd","pass_300_yds","pass_300_yds_sd","return_tds","return_tds_sd","rush_100_yds","rush_100_yds_sd","rec","rec_sd","rec_yds","rec_yds_sd","rec_tds","rec_tds_sd","rec_100_yds","rec_100_yds_sd","fg_0019","fg_0019_sd","fg_2029","fg_2029_sd","fg_3039","fg_3039_sd","fg_4049","fg_4049_sd","fg_50","fg_50_sd","xp","xp_sd","dst_int","dst_int_sd","dst_sacks","dst_sacks_sd","dst_safety","dst_safety_sd","dst_td","dst_td_sd","dst_blk","dst_blk_sd","idp_solo","idp_solo_sd","idp_sack","idp_sack_sd","idp_int","idp_int_sd","idp_pd","idp_pd_sd","idp_td","idp_td_sd","draft_year","birthdate","injury_status","injury_details","season_year","week"
"Jared Goff","DET","QB","12611","weighted",262.761484264913,18.6414338262252,2.1509722874589,0.312672185345452,0.594645373414749,0.239025816952824,5.39529356505402,4.09489731530319,0.0261531235321747,0.0434314306402385,0.161813057773603,0.0317588135888695,NA,NA,0,0,NA,NA,0,0,NA,NA,NA,NA,NA,NA,NA,NA,NA,NA,NA,NA,NA,NA,NA,NA,NA,NA,NA,NA,NA,NA,NA,NA,NA,NA,NA,NA,NA,NA,NA,NA,NA,NA,NA,NA,NA,NA,NA,NA,2016,1994-10-14,NA,NA,NA,NA
"Lamar Jackson","BAL","QB","13593","weighted",255.791836542978,13.9075897363107,2.02756223579145,0.261551581698696,0.579708783466416,0.230929104842873,37.8609300140911,5.2015752527184,0.182357914513856,0.0967723791120794,0.238985439173321,0.032102108185442,NA,NA,0,0,NA,NA,0,0,NA,NA,NA,NA,NA,NA,NA,NA,NA,NA,NA,NA,NA,NA,NA,NA,NA,NA,NA,NA,NA,NA,NA,NA,NA,NA,NA,NA,NA,NA,NA,NA,NA,NA,NA,NA,NA,NA,NA,NA,2018,1997-01-07,NA,NA,NA,NA
"Dak Prescott","DAL","QB","12620","weighted",265.809065288868,12.0027416882924,2.04466885861907,0.181825947443811,0.710521371535932,0.169779374389282,10.925016439643,2.07203460597177,0.0845467355565993,0.0396408247374456,0.122827618600282,0.0169835020246836,NA,NA,0,0,NA,NA,0,0,NA,NA,NA,NA,NA,NA,NA,NA,NA,NA,NA,NA,NA,NA,NA,NA,NA,NA,NA,NA,NA,NA,NA,NA,NA,NA,NA,NA,NA,NA,NA,NA,NA,NA,NA,NA,NA,NA,NA,NA,2016,1993-07-29,NA,NA,NA,NA
"Brock Purdy","SF","QB","15698","weighted",264.731798966651,8.05774814718982,2.10096759041804,0.267850654089593,0.760281822451855,0.246949470057754,21.2561953969,3.17164227113008,0.253743541568812,0.146830673336985,0.2,0,NA,NA,0,0,NA,NA,0,0,NA,NA,NA,NA,NA,NA,NA,NA,NA,NA,NA,NA,NA,NA,NA,NA,NA,NA,NA,NA,NA,NA,NA,NA,NA,NA,NA,NA,NA,NA,NA,NA,NA,NA,NA,NA,NA,NA,NA,NA,2022,1999-12-27,NA,NA,NA,NA
"Patrick Mahomes","KC","QB","13116","weighted",256.354767496477,10.793921982359,2.08886801315171,0.270817943879328,0.652155941756693,0.194342514794751,20.8553405354627,4.21400966226768,0.222094880225458,0.145257463391979,0.083842179426961,0.0403651723812986,NA,NA,0,0,NA,NA,0,0,NA,NA,NA,NA,NA,NA,NA,NA,NA,NA,NA,NA,NA,NA,NA,NA,NA,NA,NA,NA,NA,NA,NA,NA,NA,NA,NA,NA,NA,NA,NA,NA,NA,NA,NA,NA,NA,NA,NA,NA,2017,1995-09-17,NA,NA,NA,NA
"Tyler Shough","NO","QB","17039","weighted",253.256336308126,14.4036993099901,1.80456552372006,0.242977777791838,0.721719116956318,0.136900521268809,17.1287646782527,1.11776627126677,0.222094880225458,0.145257463391979,0.277172381399718,0.0169835020246836,NA,NA,0,0,NA,NA,0,0,NA,NA,NA,NA,NA,NA,NA,NA,NA,NA,NA,NA,NA,NA,NA,NA,NA,NA,NA,NA,NA,NA,NA,NA,NA,NA,NA,NA,NA,NA,NA,NA,NA,NA,NA,NA,NA,NA,NA,NA,2025,1999-09-28,NA,NA,NA,NA
"Drake Maye","NE","QB","16580","weighted",242.459661813058,20.9463073319389,1.48130577736026,0.357291459821463,0.823926726162518,0.104393479335854,29.1887458900892,3.68556863556817,0.15444809769845,0.0830683373385332,0.315359323626116,0.0395421017807622,NA,NA,0,0,NA,NA,0,0,NA,NA,NA,NA,NA,NA,NA,NA,NA,NA,NA,NA,NA,NA,NA,NA,NA,NA,NA,NA,NA,NA,NA,NA,NA,NA,NA,NA,NA,NA,NA,NA,NA,NA,NA,NA,NA,NA,NA,NA,2024,2002-08-30,NA,NA,NA,NA
"Sam Darnold","SEA","QB","13592","weighted",217.556308571429,40.8542969457334,1.56136,0.505564321129049,0.644514285714286,0.26247082419849,7.33357714285714,1.79767076503641,0.01104,0.0260351003688299,0.2,0,NA,NA,0,0,NA,NA,0,0,NA,NA,NA,NA,NA,NA,NA,NA,NA,NA,NA,NA,NA,NA,NA,NA,NA,NA,NA,NA,NA,NA,NA,NA,NA,NA,NA,NA,NA,NA,NA,NA,NA,NA,NA,NA,NA,NA,NA,NA,2018,1997-06-05,"Q","Lower Body",2026,3
"C.J. Stroud","HOU","QB","16150","weighted",249.499088774072,10.7371391080707,1.4201972757163,0.545430507297954,0.626077970878347,0.223944326255691,13.827853452325,1.78175180611287,0.0667449506810709,0.0516680591151237,0.3,0,NA,NA,0,0,NA,NA,0,0,NA,NA,NA,NA,NA,NA,NA,NA,NA,NA,NA,NA,NA,NA,NA,NA,NA,NA,NA,NA,NA,NA,NA,NA,NA,NA,NA,NA,NA,NA,NA,NA,NA,NA,NA,NA,NA,NA,NA,NA,2023,2001-10-03,NA,NA,NA,NA
"Matthew Stafford","LAR","QB","9431","weighted",242.415077501174,22.3250342907139,1.88107092531705,0.367114585522398,0.588511038046031,0.333353386475635,3.6132456552372,3.93487476741945,0.00151244715829028,0.00392930274938733,0.1,0,NA,NA,0,0,NA,NA,0,0,NA,NA,NA,NA,NA,NA,NA,NA,NA,NA,NA,NA,NA,NA,NA,NA,NA,NA,NA,NA,NA,NA,NA,NA,NA,NA,NA,NA,NA,NA,NA,NA,NA,NA,NA,NA,NA,NA,NA,NA,2009,1988-02-07,NA,NA,NA,NA
"Joe Burrow","CIN","QB","14777","weighted",250.480911225928,9.48451694650766,1.89709722874589,0.33778139371536,0.715603569751057,0.203811248313391,10.5125129168624,1.48710445313967,0.0697698449976515,0.0545281445827923,0.1,0,NA,NA,0,0,NA,NA,0,0,NA,NA,NA,NA,NA,NA,NA,NA,NA,NA,NA,NA,NA,NA,NA,NA,NA,NA,NA,NA,NA,NA,NA,NA,NA,NA,NA,NA,NA,NA,NA,NA,NA,NA,NA,NA,NA,NA,NA,NA,2020,1996-12-10,NA,NA,NA,NA
"Josh Allen","BUF","QB","13589","weighted",246.800948802255,9.05528898944966,1.92868013151714,0.154283988105564,0.694307186472522,0.25331729220576,36.0420385157351,5.3586347364192,0.845946453734148,0.180684791091926,0.2,0,NA,NA,0,0,NA,NA,0,0,NA,NA,NA,NA,NA,NA,NA,NA,NA,NA,NA,NA,NA,NA,NA,NA,NA,NA,NA,NA,NA,NA,NA,NA,NA,NA,NA,NA,NA,NA,NA,NA,NA,NA,NA,NA,NA,NA,NA,NA,2018,1996-05-21,NA,NA,NA,NA
"Jordan Love","GB","QB","14782","weighted",242.96559887271,8.27135187041762,1.92565523720056,0.157946644933098,0.657689055894786,0.235225744838626,9.50821982151245,1.4782992052194,0.0490746829497417,0.0533111640937806,0.150399248473462,0.0307810649589254,NA,NA,0,0,NA,NA,0,0,NA,NA,NA,NA,NA,NA,NA,NA,NA,NA,NA,NA,NA,NA,NA,NA,NA,NA,NA,NA,NA,NA,NA,NA,NA,NA,NA,NA,NA,NA,NA,NA,NA,NA,NA,NA,NA,NA,NA,NA,2020,1998-11-02,NA,NA,NA,NA
"Bryce Young","CAR","QB","16148","weighted",225.262376702677,16.5162705280091,1.85878816345702,0.263724093650833,0.713198684828558,0.143200436169741,15.0608548614373,3.83514372700066,0.160601221230625,0.0992316851700554,0.149600751526538,0.0307810649589254,NA,NA,0,0,NA,NA,0,0,NA,NA,NA,NA,NA,NA,NA,NA,NA,NA,NA,NA,NA,NA,NA,NA,NA,NA,NA,NA,NA,NA,NA,NA,NA,NA,NA,NA,NA,NA,NA,NA,NA,NA,NA,NA,NA,NA,NA,NA,2023,2001-07-25,NA,NA,NA,NA
"Bo Nix","DEN","QB","16582","weighted",226.415011742602,18.8907732497993,1.39961484264913,0.50555633017034,0.730859558478159,0.162985621541079,17.2169093471113,2.00021679803656,0.143729450446219,0.0788795946672944,0.1,0,NA,NA,0,0,NA,NA,0,0,NA,NA,NA,NA,NA,NA,NA,NA,NA,NA,NA,NA,NA,NA,NA,NA,NA,NA,NA,NA,NA,NA,NA,NA,NA,NA,NA,NA,NA,NA,NA,NA,NA,NA,NA,NA,NA,NA,NA,NA,2024,2000-02-25,NA,NA,NA,NA
"Justin Herbert","LAC","QB","14779","weighted",229.798788163457,14.472102090485,1.47676843588539,0.357963441879418,0.777397839361202,0.146097282937148,25.0421606387976,5.22656440052642,0.121286989196806,0.0770231780732969,0.149600751526538,0.0307810649589254,NA,NA,0,0,NA,NA,0,0,NA,NA,NA,NA,NA,NA,NA,NA,NA,NA,NA,NA,NA,NA,NA,NA,NA,NA,NA,NA,NA,NA,NA,NA,NA,NA,NA,NA,NA,NA,NA,NA,NA,NA,NA,NA,NA,NA,NA,NA,2020,1998-03-10,NA,NA,NA,NA
"Trevor Lawrence","JAC","QB","15237","weighted",228.579849694692,13.1540254842303,1.78154062940348,0.196400064207241,0.637106622827619,0.344572173510343,19.4107844058243,5.10204910926213,0.236420854861437,0.149499389735355,0.122827618600282,0.0169835020246836,NA,NA,0,0,NA,NA,0,0,NA,NA,NA,NA,NA,NA,NA,NA,NA,NA,NA,NA,NA,NA,NA,NA,NA,NA,NA,NA,NA,NA,NA,NA,NA,NA,NA,NA,NA,NA,NA,NA,NA,NA,NA,NA,NA,NA,NA,NA,2021,1999-10-06,NA,NA,NA,NA
"Jameis Winston","NYG","QB","12140","weighted",214.839812118365,20.0215093613222,1.28976045091592,0.348795233511581,0.902968529826209,0.22040241198951,12.1069610145608,2.68508242046534,0.0813903240958196,0.0744627224375915,0.150399248473462,0.0307810649589254,NA,NA,0,0,NA,NA,0,0,NA,NA,NA,NA,NA,NA,NA,NA,NA,NA,NA,NA,NA,NA,NA,NA,NA,NA,NA,NA,NA,NA,NA,NA,NA,NA,NA,NA,NA,NA,NA,NA,NA,NA,NA,NA,NA,NA,NA,NA,2015,1994-01-06,NA,NA,NA,NA
"Michael Penix Jr.","ATL","QB","16583","weighted",213.950042273368,21.4549522103431,1.24571160169093,0.364845017833429,0.745645843118835,0.202107061565237,7.12644434006576,2.58551066661506,0.0475622357914514,0.0520444801975645,0.2,0,NA,NA,0,0,NA,NA,0,0,NA,NA,NA,NA,NA,NA,NA,NA,NA,NA,NA,NA,NA,NA,NA,NA,NA,NA,NA,NA,NA,NA,NA,NA,NA,NA,NA,NA,NA,NA,NA,NA,NA,NA,NA,NA,NA,NA,NA,NA,2024,2000-05-08,NA,NA,NA,NA
"Kirk Cousins","LVR","QB","10700","weighted",190.590540159699,42.9651475949669,1.36644434006576,0.502866599477035,0.803466416157821,0.258647412635216,3.00126820103335,2.46916279962228,0.0216157820573039,0.0432910342043098,0.1,0,NA,NA,0,0,NA,NA,0,0,NA,NA,NA,NA,NA,NA,NA,NA,NA,NA,NA,NA,NA,NA,NA,NA,NA,NA,NA,NA,NA,NA,NA,NA,NA,NA,NA,NA,NA,NA,NA,NA,NA,NA,NA,NA,NA,NA,NA,NA,2012,1988-08-19,NA,NA,NA,NA
"Geno Smith","NYJ","QB","11150","weighted",213.744969469234,27.8137808490485,1.2798684828558,0.279935493029529,0.76933771723814,0.199908185125422,12.8176420854861,1.95080007614148,0.0397651479567872,0.059918887780067,0.0496007515265383,0.0307810649589254,NA,NA,0,0,NA,NA,0,0,NA,NA,NA,NA,NA,NA,NA,NA,NA,NA,NA,NA,NA,NA,NA,NA,NA,NA,NA,NA,NA,NA,NA,NA,NA,NA,NA,NA,NA,NA,NA,NA,NA,NA,NA,NA,NA,NA,NA,NA,2013,1990-10-10,NA,NA,NA,NA
"Jacoby Brissett","ARI","QB","12616","weighted",230.748276186003,10.4128723135948,1.40555190230155,0.543578068145808,0.679060591827149,0.191109817437555,12.9317426021606,1.75475012040879,0.0682573978393612,0.0529718229069622,0.250399248473462,0.0307810649589254,NA,NA,0,0,NA,NA,0,0,NA,NA,NA,NA,NA,NA,NA,NA,NA,NA,NA,NA,NA,NA,NA,NA,NA,NA,NA,NA,NA,NA,NA,NA,NA,NA,NA,NA,NA,NA,NA,NA,NA,NA,NA,NA,NA,NA,NA,NA,2016,1992-12-11,NA,NA,NA,NA
"Daniel Jones","IND","QB","14059","weighted",221.105486143729,14.2285352431208,1.27465476749648,0.380051356585528,0.771902301550023,0.153286277866199,11.9209581963363,3.13084375409393,0.102000939408173,0.107460859973882,0.149600751526538,0.0307810649589254,NA,NA,0,0,NA,NA,0,0,NA,NA,NA,NA,NA,NA,NA,NA,NA,NA,NA,NA,NA,NA,NA,NA,NA,NA,NA,NA,NA,NA,NA,NA,NA,NA,NA,NA,NA,NA,NA,NA,NA,NA,NA,NA,NA,NA,NA,NA,2019,1997-05-27,NA,NA,NA,NA
"Jalen Hurts","PHI","QB","14783","weighted",225.154852043213,9.08520656703501,1.56041333959605,0.404767532949559,0.562320338186942,0.272132446707929,29.052907468295,1.24565540394231,0.53949271958666,0.221289038027566,0.161813057773603,0.0317588135888695,NA,NA,0,0,NA,NA,0,0,NA,NA,NA,NA,NA,NA,NA,NA,NA,NA,NA,NA,NA,NA,NA,NA,NA,NA,NA,NA,NA,NA,NA,NA,NA,NA,NA,NA,NA,NA,NA,NA,NA,NA,NA,NA,NA,NA,NA,NA,2020,1998-08-07,NA,NA,NA,NA
"Aaron Rodgers","PIT","QB","7836","weighted",217.941042743072,16.2697537879387,1.3244809769845,0.435887843586646,0.596298731798967,0.267694773987406,5.46851103804603,2.39416378940757,0.0576702677313293,0.0499948981456551,0.2,0,NA,NA,0,0,NA,NA,0,0,NA,NA,NA,NA,NA,NA,NA,NA,NA,NA,NA,NA,NA,NA,NA,NA,NA,NA,NA,NA,NA,NA,NA,NA,NA,NA,NA,NA,NA,NA,NA,NA,NA,NA,NA,NA,NA,NA,NA,NA,2005,1983-12-02,NA,NA,NA,NA
"Kyler Murray","MIN","QB","14056","weighted",205.134927195867,27.0522348820528,1.28079849694692,0.251195412857947,0.790295913574448,0.156764418671044,26.2116674495068,6.91864066179104,0.204086425551902,0.137680159576291,0.150399248473462,0.0307810649589254,NA,NA,0,0,NA,NA,0,0,NA,NA,NA,NA,NA,NA,NA,NA,NA,NA,NA,NA,NA,NA,NA,NA,NA,NA,NA,NA,NA,NA,NA,NA,NA,NA,NA,NA,NA,NA,NA,NA,NA,NA,NA,NA,NA,NA,NA,NA,2019,1997-08-07,NA,NA,NA,NA
"Baker Mayfield","TB","QB","13590","weighted",213.996984499765,15.5142014960729,1.29000469704086,0.247547267752163,0.821625176139033,0.106305725029871,21.4932550493189,4.04512316770776,0.103729450446219,0.0621127632155824,0.399201503053077,0.0615621299178507,NA,NA,0,0,NA,NA,0,0,NA,NA,NA,NA,NA,NA,NA,NA,NA,NA,NA,NA,NA,NA,NA,NA,NA,NA,NA,NA,NA,NA,NA,NA,NA,NA,NA,NA,NA,NA,NA,NA,NA,NA,NA,NA,NA,NA,NA,NA,2018,1995-04-14,NA,NA,NA,NA
"Malik Willis","MIA","QB","15694","weighted",205.733414748708,21.981048923816,1.1313668388915,0.268690573622912,0.662930953499295,0.249049137823021,28.8021700328793,7.75705810633623,0.210746829497417,0.127086133531274,0.200798496946923,0.0615621299178507,NA,NA,0,0,NA,NA,0,0,NA,NA,NA,NA,NA,NA,NA,NA,NA,NA,NA,NA,NA,NA,NA,NA,NA,NA,NA,NA,NA,NA,NA,NA,NA,NA,NA,NA,NA,NA,NA,NA,NA,NA,NA,NA,NA,NA,NA,NA,2022,1999-05-25,NA,NA,NA,NA
"Cam Ward","TEN","QB","17030","weighted",199.57842179427,17.8327118548035,1.23032409581963,0.391388790959022,0.585410991075622,0.206327514628324,11.922527007985,1.25963738030909,0.136749647721935,0.119157905716662,0.3,0,NA,NA,0,0,NA,NA,0,0,NA,NA,NA,NA,NA,NA,NA,NA,NA,NA,NA,NA,NA,NA,NA,NA,NA,NA,NA,NA,NA,NA,NA,NA,NA,NA,NA,NA,NA,NA,NA,NA,NA,NA,NA,NA,NA,NA,NA,NA,2025,2002-05-25,NA,NA,NA,NA
"Tyson Bagent","CHI","QB","16384","weighted",171.849966666667,83.2764739248249,1.01833333333333,0.573607021935715,0.605422222222222,0.299246308454948,10.8809888888889,8.319741035109,0.0741444444444444,0.0750546635061513,0.0495277777777778,0.0341782881088462,NA,NA,0,0,NA,NA,0,0,NA,NA,NA,NA,NA,NA,NA,NA,NA,NA,NA,NA,NA,NA,NA,NA,NA,NA,NA,NA,NA,NA,NA,NA,NA,NA,NA,NA,NA,NA,NA,NA,NA,NA,NA,NA,NA,NA,NA,NA,2023,2000-06-08,"Q","Concussion",2026,3
"Drew Lock","SEA","QB","14057","weighted",108.355777777778,83.6370589564717,0.794444444444444,0.509483338899565,0.1515,0.175453583809518,5.16866666666667,4.22048600227568,0.0428888888888889,0.0554166108321848,0,0,NA,NA,0,0,NA,NA,0,0,NA,NA,NA,NA,NA,NA,NA,NA,NA,NA,NA,NA,NA,NA,NA,NA,NA,NA,NA,NA,NA,NA,NA,NA,NA,NA,NA,NA,NA,NA,NA,NA,NA,NA,NA,NA,NA,NA,NA,NA,2019,1996-11-10,NA,NA,NA,NA
"Deshaun Watson","CLE","QB","13113","weighted",206.556834194457,8.46274790839866,1.2795396899953,0.368323187338011,0.822865194927196,0.115783400132524,26.1435885392203,4.121917975074,0.137444809769845,0.0820643382833434,0.2,0,NA,NA,0,0,NA,NA,0,0,NA,NA,NA,NA,NA,NA,NA,NA,NA,NA,NA,NA,NA,NA,NA,NA,NA,NA,NA,NA,NA,NA,NA,NA,NA,NA,NA,NA,NA,NA,NA,NA,NA,NA,NA,NA,NA,NA,NA,NA,2017,1995-09-14,NA,NA,NA,NA
"Case Keenum","CHI","QB","10948","weighted",108.703002729754,90.8696330229006,0.794813466787989,0.565211390341503,0.374886260236579,0.336965386938058,4.60145586897179,3.56496301645052,0,0,0.0507734303912648,0.0480148924628345,NA,NA,0,0,NA,NA,0,0,NA,NA,NA,NA,NA,NA,NA,NA,NA,NA,NA,NA,NA,NA,NA,NA,NA,NA,NA,NA,NA,NA,NA,NA,NA,NA,NA,NA,NA,NA,NA,NA,NA,NA,NA,NA,NA,NA,NA,NA,2012,1988-02-17,NA,NA,NA,NA
"Marcus Mariota","WAS","QB","12141","weighted",147.268244444444,77.4549750745059,0.934633333333333,0.519020974917759,0.611577777777778,0.362444319258459,21.715,13.7742811198779,0.103,0.100649113392244,0.149527777777778,0.0341782881088462,NA,NA,0,0,NA,NA,0,0,NA,NA,NA,NA,NA,NA,NA,NA,NA,NA,NA,NA,NA,NA,NA,NA,NA,NA,NA,NA,NA,NA,NA,NA,NA,NA,NA,NA,NA,NA,NA,NA,NA,NA,NA,NA,NA,NA,NA,NA,2015,1993-10-30,NA,NA,NA,NA
"Jayden Daniels","WAS","QB","16581","weighted",143.510111214087,50.3902746257225,1.02146666666667,0.0353553390593274,0.437386666666667,0.226274169979695,22.1849443929564,7.77703146891835,0.140952539949896,0.0458968249916518,NA,NA,NA,NA,0,0,NA,NA,0,0,NA,NA,NA,NA,NA,NA,NA,NA,NA,NA,NA,NA,NA,NA,NA,NA,NA,NA,NA,NA,NA,NA,NA,NA,NA,NA,NA,NA,NA,NA,NA,NA,NA,NA,NA,NA,NA,NA,NA,NA,2024,2000-12-18,"O","Elbow",2026,3
"Spencer Rattler","NO","QB","16586","weighted",32.2275125881168,42.8522846699968,0.337502517623364,0.484489148377705,0.10527693856999,0.167443273181332,2.91158106747231,4.38607900032689,0,0,0.0982880161127895,0.10067599849647,NA,NA,0,0,NA,NA,0,0,NA,NA,NA,NA,NA,NA,NA,NA,NA,NA,NA,NA,NA,NA,NA,NA,NA,NA,NA,NA,NA,NA,NA,NA,NA,NA,NA,NA,NA,NA,NA,NA,NA,NA,NA,NA,NA,NA,NA,NA,2024,2000-09-28,NA,NA,NA,NA
"Shedeur Sanders","CLE","QB","17031","weighted",19.2980711043873,16.6607263322501,0.241953675730111,0.30933033987806,0.141450151057402,0.22243830714827,2.32501260716087,2.6115643855657,0,0,0,0,NA,NA,0,0,NA,NA,0,0,NA,NA,NA,NA,NA,NA,NA,NA,NA,NA,NA,NA,NA,NA,NA,NA,NA,NA,NA,NA,NA,NA,NA,NA,NA,NA,NA,NA,NA,NA,NA,NA,NA,NA,NA,NA,NA,NA,NA,NA,2025,2002-02-07,NA,NA,NA,NA
"Fernando Mendoza","LVR","QB","17462","weighted",24.9012565196776,11.1792296153676,0.166239554317549,0.0668738503108523,0.0303621169916435,0.0565786664256952,0.778093883357041,0.22719916914896,0.00596701965123018,0.00927794279223694,0.1,1.60671664747888e-17,NA,NA,0,0,NA,NA,0,0,NA,NA,NA,NA,NA,NA,NA,NA,NA,NA,NA,NA,NA,NA,NA,NA,NA,NA,NA,NA,NA,NA,NA,NA,NA,NA,NA,NA,NA,NA,NA,NA,NA,NA,NA,NA,NA,NA,NA,NA,2026,2003-10-01,NA,NA,NA,NA
"J.J. McCarthy","MIN","QB","16584","weighted",22.2462321063395,17.8039105656028,0.216425269645609,0.261629509039023,0.161078582434515,0.197989898732233,2.01022494887526,1.99539485184677,0.0502556237218814,0.0498848712961693,0.1,0,NA,NA,0,0,NA,NA,0,0,NA,NA,NA,NA,NA,NA,NA,NA,NA,NA,NA,NA,NA,NA,NA,NA,NA,NA,NA,NA,NA,NA,NA,NA,NA,NA,NA,NA,NA,NA,NA,NA,NA,NA,NA,NA,NA,NA,NA,NA,2024,2003-01-20,NA,NA,NA,NA
"Davis Mills","HOU","QB","15252","weighted",18.218026183283,18.9332691718174,0.205780463242699,0.255711601361905,0.0723464249748238,0.11003072854234,1.69828801611279,2.05122252911469,0,0,0,0,NA,NA,0,0,NA,NA,0,0,NA,NA,NA,NA,NA,NA,NA,NA,NA,NA,NA,NA,NA,NA,NA,NA,NA,NA,NA,NA,NA,NA,NA,NA,NA,NA,NA,NA,NA,NA,NA,NA,NA,NA,NA,NA,NA,NA,NA,NA,2021,1998-10-21,NA,NA,NA,NA
"Joe Flacco","CIN","QB","9064","weighted",17.4723777105396,14.6044514754589,0.176092648539778,0.195371148222438,0.0394159113796576,0.0529608613811046,0.969465456379223,0.81073652950978,0,0,0,0,NA,NA,0,0,NA,NA,0,0,NA,NA,NA,NA,NA,NA,NA,NA,NA,NA,NA,NA,NA,NA,NA,NA,NA,NA,NA,NA,NA,NA,NA,NA,NA,NA,NA,NA,NA,NA,NA,NA,NA,NA,NA,NA,NA,NA,NA,NA,2008,1985-01-16,NA,NA,NA,NA
"Tyrod Taylor","GB","QB","10413","weighted",16.1958912386707,16.337300207566,0.176092648539778,0.195371148222438,0.069103726082578,0.112468127005598,2.02759315206445,2.61031800694813,0,0,0,0,NA,NA,0,0,NA,NA,0,0,NA,NA,NA,NA,NA,NA,NA,NA,NA,NA,NA,NA,NA,NA,NA,NA,NA,NA,NA,NA,NA,NA,NA,NA,NA,NA,NA,NA,NA,NA,NA,NA,NA,NA,NA,NA,NA,NA,NA,NA,2011,1989-08-03,NA,NA,NA,NA
"Justin Fields","KC","QB","15238","weighted",11.4650842857143,8.41681342417092,0.132427867698804,0.109620927917895,0.0275439831104856,0.0467775012805517,2.23561428571429,2.69065780660619,0.0233857142857143,0.0424826443501724,0.0495142857142857,0.0346667242063326,NA,NA,0,0,NA,NA,0,0,NA,NA,NA,NA,NA,NA,NA,NA,NA,NA,NA,NA,NA,NA,NA,NA,NA,NA,NA,NA,NA,NA,NA,NA,NA,NA,NA,NA,NA,NA,NA,NA,NA,NA,NA,NA,NA,NA,NA,NA,2021,1999-03-05,NA,NA,NA,NA
"Ty Simpson","LAR","QB","17463","weighted",8.9311,8.87710564550737,0.0778714285714286,0.0815414566479617,0.0535142857142857,0.0503010335731312,0.748585714285714,0.749563017849403,0,0,0,0,NA,NA,0,0,NA,NA,0,0,NA,NA,NA,NA,NA,NA,NA,NA,NA,NA,NA,NA,NA,NA,NA,NA,NA,NA,NA,NA,NA,NA,NA,NA,NA,NA,NA,NA,NA,NA,NA,NA,NA,NA,NA,NA,NA,NA,NA,NA,2026,2002-12-21,NA,NA,NA,NA
"Mac Jones","SF","QB","15241","weighted",10.1813928571429,5.96770338015684,0.107149894440535,0.0670994070284246,0.0275439831104856,0.0467775012805517,0.701085714285714,0.445920095990408,0,0,0,0,NA,NA,0,0,NA,NA,0,0,NA,NA,NA,NA,NA,NA,NA,NA,NA,NA,NA,NA,NA,NA,NA,NA,NA,NA,NA,NA,NA,NA,NA,NA,NA,NA,NA,NA,NA,NA,NA,NA,NA,NA,NA,NA,NA,NA,NA,NA,2021,1998-09-05,NA,NA,NA,NA
"Mason Rudolph","PIT","QB","13595","weighted",10.7372608257805,7.28855481223481,0.1069889224572,0.0893450083264842,0.0394159113796576,0.0529608613811046,1.00503524672709,0.990313764113416,0,0,0,0,NA,NA,0,0,NA,NA,0,0,NA,NA,NA,NA,NA,NA,NA,NA,NA,NA,NA,NA,NA,NA,NA,NA,NA,NA,NA,NA,NA,NA,NA,NA,NA,NA,NA,NA,NA,NA,NA,NA,NA,NA,NA,NA,NA,NA,NA,NA,2018,1995-07-17,NA,NA,NA,NA
"Carson Wentz","MIN","QB","12610","weighted",12.9245901639344,7.00035713374682,0.148733233979136,0.0707106781186548,0.0487332339791356,0.0707106781186548,1,0,0,0,0,0,NA,NA,0,0,NA,NA,0,0,NA,NA,NA,NA,NA,NA,NA,NA,NA,NA,NA,NA,NA,NA,NA,NA,NA,NA,NA,NA,NA,NA,NA,NA,NA,NA,NA,NA,NA,NA,NA,NA,NA,NA,NA,NA,NA,NA,NA,NA,2016,1992-12-30,NA,NA,NA,NA
"Kenny Pickett","CAR","QB","15692","weighted",9.81053373615307,6.48417668554008,0.1069889224572,0.0893450083264842,0.0394159113796576,0.0529608613811046,2.06223564954683,2.59243442308875,0,0,0,0,NA,NA,0,0,NA,NA,0,0,NA,NA,NA,NA,NA,NA,NA,NA,NA,NA,NA,NA,NA,NA,NA,NA,NA,NA,NA,NA,NA,NA,NA,NA,NA,NA,NA,NA,NA,NA,NA,NA,NA,NA,NA,NA,NA,NA,NA,NA,2022,1998-06-06,NA,NA,NA,NA
"Tyler Huntley","BAL","QB","14789","weighted",8.88922457200403,8.43518693529605,0.100503524672709,0.0990313764113416,0.0329305135951662,0.0575698711340869,0.918227593152064,0.855156719415706,0,0,0,0,NA,NA,0,0,NA,NA,0,0,NA,NA,NA,NA,NA,NA,NA,NA,NA,NA,NA,NA,NA,NA,NA,NA,NA,NA,NA,NA,NA,NA,NA,NA,NA,NA,NA,NA,NA,NA,NA,NA,NA,NA,NA,NA,NA,NA,NA,NA,2020,1998-02-03,NA,NA,NA,NA
"Andy Dalton","PHI","QB","10313","weighted",8.89367573011078,4.15540560648119,0.1069889224572,0.0893450083264842,0.00648539778449144,0.0114684165293143,0.814300100704935,0.719742847938573,0,0,0.0508559919436052,0.0503379992482352,NA,NA,0,0,NA,NA,0,0,NA,NA,NA,NA,NA,NA,NA,NA,NA,NA,NA,NA,NA,NA,NA,NA,NA,NA,NA,NA,NA,NA,NA,NA,NA,NA,NA,NA,NA,NA,NA,NA,NA,NA,NA,NA,NA,NA,NA,NA,2011,1987-10-29,NA,NA,NA,NA
"Cade Klubnik","NYJ","QB","17467","weighted",7.4438670694864,3.9440997646591,0.110231621349446,0.084668957981035,0.0394159113796576,0.0529608613811046,1.52507552870091,2.14557042996582,0,0,0.0491440080563948,0.0503379992482352,NA,NA,0,0,NA,NA,0,0,NA,NA,NA,NA,NA,NA,NA,NA,NA,NA,NA,NA,NA,NA,NA,NA,NA,NA,NA,NA,NA,NA,NA,NA,NA,NA,NA,NA,NA,NA,NA,NA,NA,NA,NA,NA,NA,NA,NA,NA,2026,2003-10-10,NA,NA,NA,NA
"Trey Lance","LAC","QB","15240","weighted",8.3086594761171,5.26087445202791,0.0603081664098613,0.0565685424949238,0.00992295839753467,0.014142135623731,1.00770416024653,1.41421356237309,0,0,0,0,NA,NA,0,0,NA,NA,0,0,NA,NA,NA,NA,NA,NA,NA,NA,NA,NA,NA,NA,NA,NA,NA,NA,NA,NA,NA,NA,NA,NA,NA,NA,NA,NA,NA,NA,NA,NA,NA,NA,NA,NA,NA,NA,NA,NA,NA,NA,2021,2000-05-09,NA,NA,NA,NA
"Caleb Williams","CHI","QB","16579","weighted",5.52811860940695,5.48733584257862,0.0502556237218814,0.0498848712961693,0.0502556237218814,0.0498848712961693,0.502556237218814,0.498848712961693,0,0,0,0,NA,NA,0,0,NA,NA,0,0,NA,NA,NA,NA,NA,NA,NA,NA,NA,NA,NA,NA,NA,NA,NA,NA,NA,NA,NA,NA,NA,NA,NA,NA,NA,NA,NA,NA,NA,NA,NA,NA,NA,NA,NA,NA,NA,NA,NA,NA,2024,2001-11-18,"D","Hamstring",2026,3
"Joshua Dobbs","DET","QB","13119","weighted",5.51045317220544,5.01555575788896,0.0411278952668681,0.0534306662695347,0.00648539778449144,0.0114684165293143,0.173212487411883,0.291444484222913,0,0,0,0,NA,NA,0,0,NA,NA,0,0,NA,NA,NA,NA,NA,NA,NA,NA,NA,NA,NA,NA,NA,NA,NA,NA,NA,NA,NA,NA,NA,NA,NA,NA,NA,NA,NA,NA,NA,NA,NA,NA,NA,NA,NA,NA,NA,NA,NA,NA,2017,1995-01-26,NA,NA,NA,NA
"Sam Howell","DAL","QB","15693","weighted",6.18549848942598,5.25115117930909,0.0675730110775428,0.0573420826465715,0,0,0.242497482376636,0.408022277912078,0,0,0.0491440080563948,0.0503379992482352,NA,NA,0,0,NA,NA,0,0,NA,NA,NA,NA,NA,NA,NA,NA,NA,NA,NA,NA,NA,NA,NA,NA,NA,NA,NA,NA,NA,NA,NA,NA,NA,NA,NA,NA,NA,NA,NA,NA,NA,NA,NA,NA,NA,NA,NA,NA,2022,2000-09-16,NA,NA,NA,NA
"Quinn Ewers","JAC","QB","17034","weighted",7.87153502235469,1.20208152801713,0.1,3.92649151415701e-17,0.0487332339791356,0.0707106781186548,0.563934426229508,0.777817459305202,0,0,0,0,NA,NA,0,0,NA,NA,0,0,NA,NA,NA,NA,NA,NA,NA,NA,NA,NA,NA,NA,NA,NA,NA,NA,NA,NA,NA,NA,NA,NA,NA,NA,NA,NA,NA,NA,NA,NA,NA,NA,NA,NA,NA,NA,NA,NA,NA,NA,2025,2003-03-15,NA,NA,NA,NA
"Gardner Minshew","ARI","QB","14067","weighted",5.17166163141994,3.34303760961357,0.0740584088620342,0.0458736661172572,0.0394159113796576,0.0529608613811046,0.31178247734139,0.524600071601244,0,0,0,0,NA,NA,0,0,NA,NA,0,0,NA,NA,NA,NA,NA,NA,NA,NA,NA,NA,NA,NA,NA,NA,NA,NA,NA,NA,NA,NA,NA,NA,NA,NA,NA,NA,NA,NA,NA,NA,NA,NA,NA,NA,NA,NA,NA,NA,NA,NA,2019,1996-05-16,NA,NA,NA,NA
"Anthony Richardson","IND","QB","16152","weighted",5.92372608257805,2.04961352715914,0.0740584088620342,0.0458736661172572,0.00648539778449144,0.0114684165293143,0.675730110775428,0.573420826465715,0,0,0,0,NA,NA,0,0,NA,NA,0,0,NA,NA,NA,NA,NA,NA,NA,NA,NA,NA,NA,NA,NA,NA,NA,NA,NA,NA,NA,NA,NA,NA,NA,NA,NA,NA,NA,NA,NA,NA,NA,NA,NA,NA,NA,NA,NA,NA,NA,NA,2023,2002-05-22,NA,NA,NA,NA
"Tanner McKee","PHI","QB","15702","weighted",5.17853949329359,4.38406204335659,0.0512667660208644,0.0707106781186548,0,0,0.561400894187779,0.636396103067893,0,0,0,0,NA,NA,0,0,NA,NA,0,0,NA,NA,NA,NA,NA,NA,NA,NA,NA,NA,NA,NA,NA,NA,NA,NA,NA,NA,NA,NA,NA,NA,NA,NA,NA,NA,NA,NA,NA,NA,NA,NA,NA,NA,NA,NA,NA,NA,NA,NA,2023,2000-04-27,NA,NA,NA,NA
"Jake Haener","NYG","QB","16156","weighted",6.17579617834395,3.34105935578392,0.07024567788899,0.0561970467865946,0,0,0.81164695177434,0.651339340727083,0,0,0,0,NA,NA,0,0,NA,NA,0,0,NA,NA,NA,NA,NA,NA,NA,NA,NA,NA,NA,NA,NA,NA,NA,NA,NA,NA,NA,NA,NA,NA,NA,NA,NA,NA,NA,NA,NA,NA,NA,NA,NA,NA,NA,NA,NA,NA,NA,NA,2023,1999-03-10,NA,NA,NA,NA
"Jarrett Stidham","DEN","QB","14063","weighted",6.26252252252252,2.24859956417322,0.0613213213213213,0.0565685424949238,0.00966966966966967,0.014142135623731,0.568168168168168,0.777817459305202,0,0,0,0,NA,NA,0,0,NA,NA,0,0,NA,NA,NA,NA,NA,NA,NA,NA,NA,NA,NA,NA,NA,NA,NA,NA,NA,NA,NA,NA,NA,NA,NA,NA,NA,NA,NA,NA,NA,NA,NA,NA,NA,NA,NA,NA,NA,NA,NA,NA,2019,1996-08-08,NA,NA,NA,NA
"Tua Tagovailoa","ATL","QB","14778","weighted",4.92022188603126,3.43270036782703,0.0673474533535048,0.0468525291141025,0,0,0.377483610690872,0.52391247940699,0,0,0,0,NA,NA,0,0,NA,NA,0,0,NA,NA,NA,NA,NA,NA,NA,NA,NA,NA,NA,NA,NA,NA,NA,NA,NA,NA,NA,NA,NA,NA,NA,NA,NA,NA,NA,NA,NA,NA,NA,NA,NA,NA,NA,NA,NA,NA,NA,NA,2020,1998-03-02,NA,NA,NA,NA
"Mitchell Trubisky","TEN","QB","13115","weighted",4.06286002014099,3.83661551055923,0.0411278952668681,0.0534306662695347,0.00648539778449144,0.0114684165293143,0.310070493454179,0.439738823440997,0,0,0,0,NA,NA,0,0,NA,NA,0,0,NA,NA,NA,NA,NA,NA,NA,NA,NA,NA,NA,NA,NA,NA,NA,NA,NA,NA,NA,NA,NA,NA,NA,NA,NA,NA,NA,NA,NA,NA,NA,NA,NA,NA,NA,NA,NA,NA,NA,NA,2017,1994-08-20,NA,NA,NA,NA
"Kyle Allen","BUF","QB","13879","weighted",5.26993993993994,1.06773123959169,0.0661561561561562,0.0494974746830583,0.00966966966966967,0.014142135623731,0.0516516516516517,0.0707106781186548,0,0,0,0,NA,NA,0,0,NA,NA,0,0,NA,NA,NA,NA,NA,NA,NA,NA,NA,NA,NA,NA,NA,NA,NA,NA,NA,NA,NA,NA,NA,NA,NA,NA,NA,NA,NA,NA,NA,NA,NA,NA,NA,NA,NA,NA,NA,NA,NA,NA,2018,1996-03-08,NA,NA,NA,NA
"Tommy DeVito","NE","QB","16441","weighted",3.64499229583975,0.919238815542512,0.00992295839753467,0.014142135623731,0.00992295839753467,0.014142135623731,0,0,0,0,0,0,NA,NA,0,0,NA,NA,0,0,NA,NA,NA,NA,NA,NA,NA,NA,NA,NA,NA,NA,NA,NA,NA,NA,NA,NA,NA,NA,NA,NA,NA,NA,NA,NA,NA,NA,NA,NA,NA,NA,NA,NA,NA,NA,NA,NA,NA,NA,2023,1998-08-07,NA,NA,NA,NA
"Derrick Henry","BAL","RB","12626","weighted",NA,NA,NA,NA,NA,NA,98.2661343353687,8.80834161637396,0.982912165335838,0.163394141920933,0.1,0,NA,NA,NA,NA,NA,NA,0,0,1.27636449037107,0.361858554651973,12.2437482386097,1.16152138591567,0.0291780178487553,0.0452636762213812,0,0,NA,NA,NA,NA,NA,NA,NA,NA,NA,NA,NA,NA,NA,NA,NA,NA,NA,NA,NA,NA,NA,NA,NA,NA,NA,NA,NA,NA,NA,NA,NA,NA,2016,1994-01-04,NA,NA,NA,NA
"Jahmyr Gibbs","DET","RB","16162","weighted",NA,NA,NA,NA,NA,NA,97.1107656176609,5.21224147400201,0.991038046031,0.116876260625663,0.128252700798497,0.0367012890401048,NA,NA,NA,NA,NA,NA,0.1,0,4.27211836542978,0.458464350874783,35.5805636449037,6.27014781445255,0.246528886801315,0.160363416825209,0,0,NA,NA,NA,NA,NA,NA,NA,NA,NA,NA,NA,NA,NA,NA,NA,NA,NA,NA,NA,NA,NA,NA,NA,NA,NA,NA,NA,NA,NA,NA,NA,NA,2023,2002-03-20,NA,NA,NA,NA
"Kenneth Walker III","KC","RB","15711","weighted",NA,NA,NA,NA,NA,NA,86.8380836073274,10.6904745046733,0.713330201972757,0.242918559095976,0.0725457961484265,0.036117122913223,NA,NA,NA,NA,NA,NA,0.1,0,3.26312822921559,0.462751408993955,26.9390511977454,3.93916727499713,0.14826679192109,0.0801834428200021,0,0,NA,NA,NA,NA,NA,NA,NA,NA,NA,NA,NA,NA,NA,NA,NA,NA,NA,NA,NA,NA,NA,NA,NA,NA,NA,NA,NA,NA,NA,NA,NA,NA,2022,2000-10-20,NA,NA,NA,NA
"Jonathan Taylor","IND","RB","14802","weighted",NA,NA,NA,NA,NA,NA,87.029722874589,6.46109986595294,0.896881164866134,0.159449186367289,0.15570690465007,0.0388968704325426,NA,NA,NA,NA,NA,NA,0,0,2.81069985908877,0.407540761117233,23.3780178487553,4.14017577024489,0.0875716298731799,0.0417803148319998,0,0,NA,NA,NA,NA,NA,NA,NA,NA,NA,NA,NA,NA,NA,NA,NA,NA,NA,NA,NA,NA,NA,NA,NA,NA,NA,NA,NA,NA,NA,NA,NA,NA,2020,1999-01-19,NA,NA,NA,NA
"James Cook","BUF","RB","15715","weighted",NA,NA,NA,NA,NA,NA,86.0485580084547,7.0464982238756,0.701709722874589,0.16253448782338,0.15570690465007,0.0388968704325426,NA,NA,NA,NA,NA,NA,0,0,1.87527477689056,0.217032783303118,15.2543353687177,2.17673664983291,0.0652325035227806,0.0506363652284991,0,0,NA,NA,NA,NA,NA,NA,NA,NA,NA,NA,NA,NA,NA,NA,NA,NA,NA,NA,NA,NA,NA,NA,NA,NA,NA,NA,NA,NA,NA,NA,NA,NA,2022,1999-09-25,NA,NA,NA,NA
"Bijan Robinson","ATL","RB","16161","weighted",NA,NA,NA,NA,NA,NA,78.3753875058713,6.73297843568584,0.418910286519493,0.205961400168709,0.1,0,NA,NA,NA,NA,NA,NA,0.1,0,4.52208548614373,0.326743819837566,40.3422357914514,1.15638987186377,0.164556129638328,0.0780205652420838,0,0,NA,NA,NA,NA,NA,NA,NA,NA,NA,NA,NA,NA,NA,NA,NA,NA,NA,NA,NA,NA,NA,NA,NA,NA,NA,NA,NA,NA,NA,NA,NA,NA,2023,2002-01-30,NA,NA,NA,NA
"Saquon Barkley","PHI","RB","13604","weighted",NA,NA,NA,NA,NA,NA,71.9392685714286,17.1782199022848,0.494011428571429,0.293284920976817,0.0368571428571429,0.0433796745234402,NA,NA,NA,NA,NA,NA,0,0,2.04795428571429,0.209193656474089,17.3301714285714,3.13267603620421,0.08304,0.0449437408245459,0,0,NA,NA,NA,NA,NA,NA,NA,NA,NA,NA,NA,NA,NA,NA,NA,NA,NA,NA,NA,NA,NA,NA,NA,NA,NA,NA,NA,NA,NA,NA,NA,NA,2018,1997-02-09,"Q","Shoulder",2026,3
"Ashton Jeanty","LVR","RB","17042","weighted",NA,NA,NA,NA,NA,NA,67.239135744481,9.56149563275202,0.572710192578676,0.247531249449947,0.0725457961484265,0.036117122913223,NA,NA,NA,NA,NA,NA,0.1,0,3.69697510568342,0.91921080264101,24.5211554720526,6.51172534898443,0.221540629403476,0.151427778595343,0,0,NA,NA,NA,NA,NA,NA,NA,NA,NA,NA,NA,NA,NA,NA,NA,NA,NA,NA,NA,NA,NA,NA,NA,NA,NA,NA,NA,NA,NA,NA,NA,NA,2025,2003-12-02,NA,NA,NA,NA
"Devon Achane","MIA","RB","16167","weighted",NA,NA,NA,NA,NA,NA,69.1710662282762,7.65965660605012,0.292851103804603,0.144725498401055,0.0725457961484265,0.036117122913223,NA,NA,NA,NA,NA,NA,0.1,0,3.74824800375763,0.897590670537603,28.8681070925317,6.18120499191965,0.166068576796618,0.0782461087941331,0,0,NA,NA,NA,NA,NA,NA,NA,NA,NA,NA,NA,NA,NA,NA,NA,NA,NA,NA,NA,NA,NA,NA,NA,NA,NA,NA,NA,NA,NA,NA,NA,NA,2023,2001-10-13,NA,NA,NA,NA
"Aaron Jones","MIN","RB","13319","weighted",NA,NA,NA,NA,NA,NA,64.1568811648661,8.18630537413779,0.333067167684359,0.169684100439718,0.1,0,NA,NA,NA,NA,NA,NA,0,0,2.15292625645843,0.291456171737699,14.8789008924378,3.14527383011783,0.072794739314232,0.0583143561340655,0,0,NA,NA,NA,NA,NA,NA,NA,NA,NA,NA,NA,NA,NA,NA,NA,NA,NA,NA,NA,NA,NA,NA,NA,NA,NA,NA,NA,NA,NA,NA,NA,NA,2017,1994-12-02,NA,NA,NA,NA
"Chase Brown","CIN","RB","16181","weighted",NA,NA,NA,NA,NA,NA,68.0627618600282,6.75857167395387,0.354344762799436,0.170804435683487,0.0725457961484265,0.036117122913223,NA,NA,NA,NA,NA,NA,0.1,0,4.08420854861437,0.100991898098534,25.6433067167684,1.13382219114769,0.155829027712541,0.0859803352651565,0,0,NA,NA,NA,NA,NA,NA,NA,NA,NA,NA,NA,NA,NA,NA,NA,NA,NA,NA,NA,NA,NA,NA,NA,NA,NA,NA,NA,NA,NA,NA,NA,NA,2023,2000-03-21,NA,NA,NA,NA
"Chuba Hubbard","CAR","RB","15261","weighted",NA,NA,NA,NA,NA,NA,61.9803757632691,8.39365031054518,0.376918741193048,0.189526011337238,0.0685141694066072,0.0360763731286367,NA,NA,NA,NA,NA,NA,0,0,2.50523250352278,0.436075248315403,17.2803851573509,4.98815055392041,0.161427900422734,0.147436928859775,0,0,NA,NA,NA,NA,NA,NA,NA,NA,NA,NA,NA,NA,NA,NA,NA,NA,NA,NA,NA,NA,NA,NA,NA,NA,NA,NA,NA,NA,NA,NA,NA,NA,2021,1999-06-11,NA,NA,NA,NA
"Omarion Hampton","LAC","RB","17044","weighted",NA,NA,NA,NA,NA,NA,67.7310944105214,5.8758846582022,0.635969938938469,0.192153258924107,0.196054485674025,0.0658977719210067,NA,NA,NA,NA,NA,NA,0,0,2.49392202912165,0.345949533816669,16.845674025364,3.04283061998282,0.0875716298731799,0.0417803148319998,0,0,NA,NA,NA,NA,NA,NA,NA,NA,NA,NA,NA,NA,NA,NA,NA,NA,NA,NA,NA,NA,NA,NA,NA,NA,NA,NA,NA,NA,NA,NA,NA,NA,2025,2003-03-16,NA,NA,NA,NA
"D'Andre Swift","CHI","RB","14797","weighted",NA,NA,NA,NA,NA,NA,64.4125692813527,6.19753715824739,0.380657585720996,0.197760401080659,0.1,0,NA,NA,NA,NA,NA,NA,0,0,2.14871770784406,0.460584071181769,18.4781681540629,3.76982245593286,0.0291780178487553,0.0452636762213812,0,0,NA,NA,NA,NA,NA,NA,NA,NA,NA,NA,NA,NA,NA,NA,NA,NA,NA,NA,NA,NA,NA,NA,NA,NA,NA,NA,NA,NA,NA,NA,NA,NA,2020,1999-01-14,NA,NA,NA,NA
"Tony Pollard","TEN","RB","14085","weighted",NA,NA,NA,NA,NA,NA,60.9008172851104,6.70747968827093,0.233743541568812,0.116011378719505,0.1,0,NA,NA,NA,NA,NA,NA,0,0,1.66591827148896,0.377696703822433,9.72604039455143,0.782748646801134,0.0105871301080319,0.0275051192457113,0,0,NA,NA,NA,NA,NA,NA,NA,NA,NA,NA,NA,NA,NA,NA,NA,NA,NA,NA,NA,NA,NA,NA,NA,NA,NA,NA,NA,NA,NA,NA,NA,NA,2019,1997-04-30,"Q","Undisclosed",2026,3
"Bucky Irving","TB","RB","16598","weighted",NA,NA,NA,NA,NA,NA,61.8238233912635,8.40973494276078,0.283062470643495,0.143633566197198,0.132284327540316,0.0365554235142745,NA,NA,NA,NA,NA,NA,0,0,2.82881164866134,0.311738321192613,21.1755847815876,3.00867526810234,0.0845467355565993,0.0396408247374456,0,0,NA,NA,NA,NA,NA,NA,NA,NA,NA,NA,NA,NA,NA,NA,NA,NA,NA,NA,NA,NA,NA,NA,NA,NA,NA,NA,NA,NA,NA,NA,NA,NA,2024,2002-08-19,NA,NA,NA,NA
"Kyren Williams","LAR","RB","15710","weighted",NA,NA,NA,NA,NA,NA,62.4050446218882,6.97251863073009,0.417397839361202,0.205458719258568,0.163770158133709,0.0385449287562819,NA,NA,NA,NA,NA,NA,0,0,2.32674495068107,0.857828566213136,15.9595396899953,5.70026220877257,0.123626115547205,0.0737067447365565,0,0,NA,NA,NA,NA,NA,NA,NA,NA,NA,NA,NA,NA,NA,NA,NA,NA,NA,NA,NA,NA,NA,NA,NA,NA,NA,NA,NA,NA,NA,NA,NA,NA,2022,2000-08-26,NA,NA,NA,NA
"Cam Skattebo","NYG","RB","17045","weighted",NA,NA,NA,NA,NA,NA,63.7060403945514,7.75185483503708,0.551319868482856,0.214560634545056,0.1,0,NA,NA,NA,NA,NA,NA,0,0,2.04044152184124,0.518017557840083,15.7302207609206,3.8888154722013,0.0922123062470643,0.0894899754594339,0,0,NA,NA,NA,NA,NA,NA,NA,NA,NA,NA,NA,NA,NA,NA,NA,NA,NA,NA,NA,NA,NA,NA,NA,NA,NA,NA,NA,NA,NA,NA,NA,NA,2025,2002-02-05,NA,NA,NA,NA
"Breece Hall","NYJ","RB","15708","weighted",NA,NA,NA,NA,NA,NA,65.6312728980742,3.50173138918753,0.295951150775012,0.146150856930453,0.1,0,NA,NA,NA,NA,NA,NA,0.1,0,3.17209957726632,0.460010006248231,27.8234006575857,1.75362076258095,0.0921089713480507,0.0473126366978251,0,0,NA,NA,NA,NA,NA,NA,NA,NA,NA,NA,NA,NA,NA,NA,NA,NA,NA,NA,NA,NA,NA,NA,NA,NA,NA,NA,NA,NA,NA,NA,NA,NA,2022,2001-05-31,NA,NA,NA,NA
"Javonte Williams","DAL","RB","15256","weighted",NA,NA,NA,NA,NA,NA,62.040310004697,5.19800788867337,0.646763738844528,0.195132445632634,0.1,0,NA,NA,NA,NA,NA,NA,0,0,2.88898074213246,0.445103773512462,16.7534805072804,4.03623758509675,0.115829027712541,0.0729360921368196,0,0,NA,NA,NA,NA,NA,NA,NA,NA,NA,NA,NA,NA,NA,NA,NA,NA,NA,NA,NA,NA,NA,NA,NA,NA,NA,NA,NA,NA,NA,NA,NA,NA,2021,2000-04-25,NA,NA,NA,NA
"Christian McCaffrey","SF","RB","13130","weighted",NA,NA,NA,NA,NA,NA,64.375500234852,5.81663088951675,0.670540159699389,0.16293873868784,0.0725457961484265,0.036117122913223,NA,NA,NA,NA,NA,NA,0.1,0,4.66540159699389,0.617339514706699,40.382630342884,5.81211151505437,0.245147956787224,0.131864424612165,0,0,NA,NA,NA,NA,NA,NA,NA,NA,NA,NA,NA,NA,NA,NA,NA,NA,NA,NA,NA,NA,NA,NA,NA,NA,NA,NA,NA,NA,NA,NA,NA,NA,2017,1996-06-07,NA,NA,NA,NA
"Quinshon Judkins","CLE","RB","17051","weighted",NA,NA,NA,NA,NA,NA,59.3460873649601,5.92409523849044,0.354419915453264,0.203694603482466,0.0685141694066072,0.0360763731286367,NA,NA,NA,NA,NA,NA,0,0,2.48550493189291,0.406997724751129,17.0089431658055,1.51649737312187,0.0367402536402067,0.0547307786577761,0,0,NA,NA,NA,NA,NA,NA,NA,NA,NA,NA,NA,NA,NA,NA,NA,NA,NA,NA,NA,NA,NA,NA,NA,NA,NA,NA,NA,NA,NA,NA,NA,NA,2025,2003-10-29,NA,NA,NA,NA
"David Montgomery","HOU","RB","14071","weighted",NA,NA,NA,NA,NA,NA,57.277369657116,7.14713774147416,0.484837952090183,0.235381726347924,0.0685141694066072,0.0360763731286367,NA,NA,NA,NA,NA,NA,0,0,1.97240958196336,0.55393531896014,13.949722874589,2.88507104960744,0.0745420385157351,0.0743119501822841,0,0,NA,NA,NA,NA,NA,NA,NA,NA,NA,NA,NA,NA,NA,NA,NA,NA,NA,NA,NA,NA,NA,NA,NA,NA,NA,NA,NA,NA,NA,NA,NA,NA,2019,1997-06-07,NA,NA,NA,NA
"Bhayshul Tuten","JAC","RB","17052","weighted",NA,NA,NA,NA,NA,NA,55.7730483795209,5.79428014696372,0.375857209957727,0.21632204823548,0.0685141694066072,0.0360763731286367,NA,NA,NA,NA,NA,NA,0,0,1.4840206669798,0.528553479474271,10.037613903241,3.73909316265537,0.0715171441991545,0.0759117776543286,0,0,NA,NA,NA,NA,NA,NA,NA,NA,NA,NA,NA,NA,NA,NA,NA,NA,NA,NA,NA,NA,NA,NA,NA,NA,NA,NA,NA,NA,NA,NA,NA,NA,2025,2002-02-14,NA,NA,NA,NA
"Jaylen Warren","PIT","RB","15742","weighted",NA,NA,NA,NA,NA,NA,57.2416439643025,5.27608822877099,0.238280883043682,0.118293330967689,0.1,0,NA,NA,NA,NA,NA,NA,0,0,2.913771723814,0.400849432327388,23.2251103804603,3.44167385892446,0.093621418506341,0.0496441359373445,0,0,NA,NA,NA,NA,NA,NA,NA,NA,NA,NA,NA,NA,NA,NA,NA,NA,NA,NA,NA,NA,NA,NA,NA,NA,NA,NA,NA,NA,NA,NA,NA,NA,2022,1998-11-01,"Q","Undisclosed",2026,3
"Jadarian Price","SEA","RB","17473","weighted",NA,NA,NA,NA,NA,NA,57.9551056834194,3.38465701134003,0.476665100986379,0.255544000457119,0.196054485674025,0.0658977719210067,NA,NA,NA,NA,NA,NA,0,0,1.40313762329732,0.49922798581676,12.1089055894786,4.42843459740945,0.0423109441052137,0.0499914269100038,0,0,NA,NA,NA,NA,NA,NA,NA,NA,NA,NA,NA,NA,NA,NA,NA,NA,NA,NA,NA,NA,NA,NA,NA,NA,NA,NA,NA,NA,NA,NA,NA,NA,2026,2003-10-09,"Q","Shoulder",2026,3
"TreVeyon Henderson","NE","RB","17043","weighted",NA,NA,NA,NA,NA,NA,48.1778957256928,9.48147688027333,0.329347111319868,0.173890978919316,0.0685141694066072,0.0360763731286367,NA,NA,NA,NA,NA,NA,0,0,1.55643964302489,0.402693941529197,10.4412306247064,1.94432556639121,0.0423109441052137,0.0499914269100038,0,0,NA,NA,NA,NA,NA,NA,NA,NA,NA,NA,NA,NA,NA,NA,NA,NA,NA,NA,NA,NA,NA,NA,NA,NA,NA,NA,NA,NA,NA,NA,NA,NA,2025,2002-10-22,NA,NA,NA,NA
"J.K. Dobbins","DEN","RB","14800","weighted",NA,NA,NA,NA,NA,NA,55.8893940817285,5.04263844343866,0.26422733677783,0.126805866939262,0.0322843275403163,0.0365554235142745,NA,NA,NA,NA,NA,NA,0,0,0.872719586660404,0.484137748220366,4.95197745420385,3.08404831427382,0.00756223579145139,0.0196465137469366,0,0,NA,NA,NA,NA,NA,NA,NA,NA,NA,NA,NA,NA,NA,NA,NA,NA,NA,NA,NA,NA,NA,NA,NA,NA,NA,NA,NA,NA,NA,NA,NA,NA,2020,1998-12-17,"Q","Hamstring",2026,3
"Jacory Croskey-Merritt","WAS","RB","17256","weighted",NA,NA,NA,NA,NA,NA,48.3762893377172,6.06736887150454,0.296186002818225,0.153536379085106,0.1,0,NA,NA,NA,NA,NA,NA,0,0,0.836946923438234,0.152265994484668,4.62901831845937,1.37117254690323,0.00453734147487083,0.011787908248162,0,0,NA,NA,NA,NA,NA,NA,NA,NA,NA,NA,NA,NA,NA,NA,NA,NA,NA,NA,NA,NA,NA,NA,NA,NA,NA,NA,NA,NA,NA,NA,NA,NA,2025,2001-04-12,NA,NA,NA,NA
"Jeremiyah Love","ARI","RB","17472","weighted",NA,NA,NA,NA,NA,NA,51.4821230624706,4.68327309606387,0.351319868482856,0.170010921245492,0.100798496946923,0.0615621299178507,NA,NA,NA,NA,NA,NA,0,0,3.04394551432598,0.106316567493545,21.6413903240958,1.61257108576774,0.0890840770314702,0.0433475815766938,0,0,NA,NA,NA,NA,NA,NA,NA,NA,NA,NA,NA,NA,NA,NA,NA,NA,NA,NA,NA,NA,NA,NA,NA,NA,NA,NA,NA,NA,NA,NA,NA,NA,2026,2005-05-31,NA,NA,NA,NA
"Blake Corum","LAR","RB","16593","weighted",NA,NA,NA,NA,NA,NA,49.7807797087835,6.25625088014533,0.211883513386566,0.117368587136875,0,0,NA,NA,NA,NA,NA,NA,0,0,0.559906059182715,0.365507005756829,3.65384687646783,2.29539987674902,0.00756223579145139,0.0196465137469366,0,0,NA,NA,NA,NA,NA,NA,NA,NA,NA,NA,NA,NA,NA,NA,NA,NA,NA,NA,NA,NA,NA,NA,NA,NA,NA,NA,NA,NA,NA,NA,NA,NA,2024,2000-11-25,NA,NA,NA,NA
"Kyle Monangai","CHI","RB","17066","weighted",NA,NA,NA,NA,NA,NA,43.5990981681541,5.01306335702948,0.229131047440113,0.132212938405779,0.0322843275403163,0.0365554235142745,NA,NA,NA,NA,NA,NA,0,0,1.28068576796618,0.420411706575871,9.84171911695632,3.04209636807587,0.00302489431658055,0.00785860549877465,0,0,NA,NA,NA,NA,NA,NA,NA,NA,NA,NA,NA,NA,NA,NA,NA,NA,NA,NA,NA,NA,NA,NA,NA,NA,NA,NA,NA,NA,NA,NA,NA,NA,2025,2002-06-06,NA,NA,NA,NA
"Rico Dowdle","PIT","RB","14823","weighted",NA,NA,NA,NA,NA,NA,44.3095349929544,4.72007486544993,0.206867073743542,0.108430426953084,0.0314858305933928,0.0360763731286367,NA,NA,NA,NA,NA,NA,0,0,1.82310944105214,0.404075505267036,12.4776326914044,3.00054574337208,0.0591827148896195,0.0495039643745929,0,0,NA,NA,NA,NA,NA,NA,NA,NA,NA,NA,NA,NA,NA,NA,NA,NA,NA,NA,NA,NA,NA,NA,NA,NA,NA,NA,NA,NA,NA,NA,NA,NA,2020,1998-06-14,"Q","Toe",2026,3
"Travis Etienne","NO","RB","15253","weighted",NA,NA,NA,NA,NA,NA,46.074880225458,4.85809554869937,0.238994833255049,0.119217962298607,0.0685141694066072,0.0360763731286367,NA,NA,NA,NA,NA,NA,0,0,2.4286989196806,0.543786361144177,17.2233724753405,3.01037620105291,0.136965711601691,0.102011829568321,0,0,NA,NA,NA,NA,NA,NA,NA,NA,NA,NA,NA,NA,NA,NA,NA,NA,NA,NA,NA,NA,NA,NA,NA,NA,NA,NA,NA,NA,NA,NA,NA,NA,2021,1999-01-26,NA,NA,NA,NA
"MarShawn Lloyd","GB","RB","16604","weighted",NA,NA,NA,NA,NA,NA,41.1026491310474,9.97698214023004,0.248943165805543,0.167148294655083,0.196054485674025,0.0658977719210067,NA,NA,NA,NA,NA,NA,0,0,1.05260685767966,0.595184907124466,7.63174260216064,4.16758111219072,0.068492249882574,0.0782716129523144,0,0,NA,NA,NA,NA,NA,NA,NA,NA,NA,NA,NA,NA,NA,NA,NA,NA,NA,NA,NA,NA,NA,NA,NA,NA,NA,NA,NA,NA,NA,NA,NA,NA,2024,2001-01-05,NA,NA,NA,NA
"Rhamondre Stevenson","NE","RB","15259","weighted",NA,NA,NA,NA,NA,NA,44.0629685298262,3.32411901273231,0.250615312353217,0.11775816926879,0.163770158133709,0.0385449287562819,NA,NA,NA,NA,NA,NA,0,0,2.57004227336778,0.395560634850236,21.5714983560357,3.62794394611802,0.0815218412400188,0.0389962898881351,0,0,NA,NA,NA,NA,NA,NA,NA,NA,NA,NA,NA,NA,NA,NA,NA,NA,NA,NA,NA,NA,NA,NA,NA,NA,NA,NA,NA,NA,NA,NA,NA,NA,2021,1998-02-23,NA,NA,NA,NA
"Kaelon Black","SF","RB","17485","weighted",NA,NA,NA,NA,NA,NA,34.8514325974636,9.8093209174834,0.176975105683419,0.130661390265551,0.0322843275403163,0.0365554235142745,NA,NA,NA,NA,NA,NA,0,0,0.610840770314702,0.487198258922783,5.63414748708314,3.49065810659392,0.0375669328323156,0.0488296081155943,0,0,NA,NA,NA,NA,NA,NA,NA,NA,NA,NA,NA,NA,NA,NA,NA,NA,NA,NA,NA,NA,NA,NA,NA,NA,NA,NA,NA,NA,NA,NA,NA,NA,2026,2001-10-17,NA,NA,NA,NA
"Emanuel Wilson","SEA","RB","16432","weighted",NA,NA,NA,NA,NA,NA,33.2234194457492,14.0124459464467,0.111150775011743,0.105938155542075,0,0,NA,NA,NA,NA,NA,NA,0,0,0.515998121183654,0.364490537623982,3.52718647252231,2.54654956917754,0.00151244715829028,0.00392930274938733,0,0,NA,NA,NA,NA,NA,NA,NA,NA,NA,NA,NA,NA,NA,NA,NA,NA,NA,NA,NA,NA,NA,NA,NA,NA,NA,NA,NA,NA,NA,NA,NA,NA,2023,1999-05-08,NA,NA,NA,NA
"Tyler Allgeier","ARI","RB","15712","weighted",NA,NA,NA,NA,NA,NA,33.5385439173321,6.64813584049499,0.169093471113199,0.0792816494748911,0,0,NA,NA,NA,NA,NA,NA,0,0,1.45644903710662,0.353976390143638,9.5727853452325,1.97311473410283,0.0291780178487553,0.0452636762213812,0,0,NA,NA,NA,NA,NA,NA,NA,NA,NA,NA,NA,NA,NA,NA,NA,NA,NA,NA,NA,NA,NA,NA,NA,NA,NA,NA,NA,NA,NA,NA,NA,NA,2022,2000-04-15,NA,NA,NA,NA
"George Holani","SEA","RB","16608","weighted",NA,NA,NA,NA,NA,NA,22.4925035227806,12.2136233173152,0.0939689995302959,0.0992457217754624,0.0322843275403163,0.0365554235142745,NA,NA,NA,NA,NA,NA,0,0,0.995744480976985,0.252242371664957,7.8676092062001,2.39110631185573,0.027665570690465,0.044182636365088,0,0,NA,NA,NA,NA,NA,NA,NA,NA,NA,NA,NA,NA,NA,NA,NA,NA,NA,NA,NA,NA,NA,NA,NA,NA,NA,NA,NA,NA,NA,NA,NA,NA,2024,1999-12-16,NA,NA,NA,NA
"Woody Marks","HOU","RB","17053","weighted",NA,NA,NA,NA,NA,NA,34.4337153593236,5.44304111991113,0.133386566463128,0.0974817429636621,0,0,NA,NA,NA,NA,NA,NA,0,0,1.70197275716299,0.250110729370811,12.235086895256,2.30429784839941,0.0591827148896195,0.0495039643745929,0,0,NA,NA,NA,NA,NA,NA,NA,NA,NA,NA,NA,NA,NA,NA,NA,NA,NA,NA,NA,NA,NA,NA,NA,NA,NA,NA,NA,NA,NA,NA,NA,NA,2025,2000-12-29,NA,NA,NA,NA
"Alvin Kamara","NO","RB","13132","weighted",NA,NA,NA,NA,NA,NA,27.5816439643025,6.7322380021551,0.12757162987318,0.075261344319527,0.0677156724596837,0.0365554235142745,NA,NA,NA,NA,NA,NA,0,0,2.06203851573509,0.303732270082395,12.3476655706905,1.97651092952297,0.0306904650070456,0.046651626490093,0,0,NA,NA,NA,NA,NA,NA,NA,NA,NA,NA,NA,NA,NA,NA,NA,NA,NA,NA,NA,NA,NA,NA,NA,NA,NA,NA,NA,NA,NA,NA,NA,NA,2017,1995-07-25,NA,NA,NA,NA
"Kaleb Johnson","GB","RB","17048","weighted",NA,NA,NA,NA,NA,NA,25.4365523720056,13.8319668146945,0.108473461719117,0.0897416853027573,0,0,NA,NA,NA,NA,NA,NA,0,0,0.285890089243776,0.371228513342589,1.85694692343823,1.92946158616305,0.00151244715829028,0.00392930274938733,0,0,NA,NA,NA,NA,NA,NA,NA,NA,NA,NA,NA,NA,NA,NA,NA,NA,NA,NA,NA,NA,NA,NA,NA,NA,NA,NA,NA,NA,NA,NA,NA,NA,2025,2003-08-14,NA,NA,NA,NA
"Rachaad White","WAS","RB","15721","weighted",NA,NA,NA,NA,NA,NA,28.8536402066698,4.98903507909823,0.103860967590418,0.0632451365857384,0,0,NA,NA,NA,NA,NA,NA,0,0,2.32565523720056,1.0386042722694,14.3665570690465,7.35269436288129,0.0439549084077031,0.0502622975020819,0,0,NA,NA,NA,NA,NA,NA,NA,NA,NA,NA,NA,NA,NA,NA,NA,NA,NA,NA,NA,NA,NA,NA,NA,NA,NA,NA,NA,NA,NA,NA,NA,NA,2022,1999-01-12,NA,NA,NA,NA
"Tank Bigsby","PHI","RB","16164","weighted",NA,NA,NA,NA,NA,NA,25.2726726162518,6.52622132583221,0.176759041803664,0.114050808660416,0,0,NA,NA,NA,NA,NA,NA,0,0,0.348050728041334,0.278984831692148,2.57309534992954,1.53239217409562,0.00453734147487083,0.011787908248162,0,0,NA,NA,NA,NA,NA,NA,NA,NA,NA,NA,NA,NA,NA,NA,NA,NA,NA,NA,NA,NA,NA,NA,NA,NA,NA,NA,NA,NA,NA,NA,NA,NA,2023,2002-08-30,NA,NA,NA,NA
"Jonah Coleman","DEN","RB","17477","weighted",NA,NA,NA,NA,NA,NA,17.421418506341,13.0576963432522,0.138844527947393,0.101056950071636,0.0322843275403163,0.0365554235142745,NA,NA,NA,NA,NA,NA,0,0,1.1107092531705,0.634844967531124,7.28003757632691,4.34102109923793,0.0362611554720526,0.0527238424971692,0,0,NA,NA,NA,NA,NA,NA,NA,NA,NA,NA,NA,NA,NA,NA,NA,NA,NA,NA,NA,NA,NA,NA,NA,NA,NA,NA,NA,NA,NA,NA,NA,NA,2026,2003-08-20,NA,NA,NA,NA
"Emmett Johnson","KC","RB","17474","weighted",NA,NA,NA,NA,NA,NA,25.0544199154533,6.21008469526557,0.142912165335838,0.105203074560719,0.0322843275403163,0.0365554235142745,NA,NA,NA,NA,NA,NA,0,0,1.15816815406294,0.637932605161274,10.6097416627525,5.90855905018828,0.0392860497886332,0.0507712072507333,0,0,NA,NA,NA,NA,NA,NA,NA,NA,NA,NA,NA,NA,NA,NA,NA,NA,NA,NA,NA,NA,NA,NA,NA,NA,NA,NA,NA,NA,NA,NA,NA,NA,2026,2003-10-10,NA,NA,NA,NA
"RJ Harvey","DEN","RB","17068","weighted",NA,NA,NA,NA,NA,NA,24.1758285714286,6.79623877236867,0.1716,0.0948457226974668,0,0,NA,NA,NA,NA,NA,NA,0,0,2.56097142857143,0.370904623897526,19.1372914285714,3.2516410562949,0.123222857142857,0.081128812053474,0,0,NA,NA,NA,NA,NA,NA,NA,NA,NA,NA,NA,NA,NA,NA,NA,NA,NA,NA,NA,NA,NA,NA,NA,NA,NA,NA,NA,NA,NA,NA,NA,NA,2025,2001-02-04,"Q","Hamstring",2026,3
"Tyjae Spears","TEN","RB","16165","weighted",NA,NA,NA,NA,NA,NA,28.1634476279944,3.86886709054926,0.155829027712541,0.0859803352651565,0,0,NA,NA,NA,NA,NA,NA,0,0,2.41178017848755,0.610859759594756,17.3952090183185,5.00380815573625,0.027665570690465,0.044182636365088,0,0,NA,NA,NA,NA,NA,NA,NA,NA,NA,NA,NA,NA,NA,NA,NA,NA,NA,NA,NA,NA,NA,NA,NA,NA,NA,NA,NA,NA,NA,NA,NA,NA,2023,2001-06-15,"Q","Undisclosed",2026,3
"Brian Robinson","ATL","RB","15716","weighted",NA,NA,NA,NA,NA,NA,29.893217472992,2.45552433220713,0.137444809769845,0.0820643382833434,0,0,NA,NA,NA,NA,NA,NA,0,0,0.506763738844528,0.342808493092048,3.20116486613434,2.10578860429361,0.00302489431658055,0.00785860549877465,0,0,NA,NA,NA,NA,NA,NA,NA,NA,NA,NA,NA,NA,NA,NA,NA,NA,NA,NA,NA,NA,NA,NA,NA,NA,NA,NA,NA,NA,NA,NA,NA,NA,2022,1999-03-22,NA,NA,NA,NA
"Kendre Miller","NO","RB","16171","weighted",NA,NA,NA,NA,NA,NA,15.8738871428571,10.3385476924346,0.159536389014607,0.0609082319564159,0,0,NA,NA,NA,NA,NA,NA,0,0,0.261585714285714,0.22661213570528,2.05400428571429,1.57101769120582,0.00427547197640118,0.00846986474654349,0,0,NA,NA,NA,NA,NA,NA,NA,NA,NA,NA,NA,NA,NA,NA,NA,NA,NA,NA,NA,NA,NA,NA,NA,NA,NA,NA,NA,NA,NA,NA,NA,NA,2023,2002-06-11,NA,NA,NA,NA
"Chris Rodriguez","JAC","RB","16174","weighted",NA,NA,NA,NA,NA,NA,26.8841991545326,4.27763519216226,0.208248003757633,0.140885427347682,0,0,NA,NA,NA,NA,NA,NA,0,0,0.122545796148427,0.149225317416993,1.18384217942696,1.01018046531269,0,0,0,0,NA,NA,NA,NA,NA,NA,NA,NA,NA,NA,NA,NA,NA,NA,NA,NA,NA,NA,NA,NA,NA,NA,NA,NA,NA,NA,NA,NA,NA,NA,NA,NA,2023,1999-09-26,NA,NA,NA,NA
"Keaton Mitchell","LAC","RB","16178","weighted",NA,NA,NA,NA,NA,NA,23.5123720056364,5.12676716835825,0.0737247534053546,0.0551297398691506,0,0,NA,NA,NA,NA,NA,NA,0,0,1.01716298731799,0.532941509777357,8.5692907468295,5.08604138096373,0.0424424612494129,0.0505581491980239,0,0,NA,NA,NA,NA,NA,NA,NA,NA,NA,NA,NA,NA,NA,NA,NA,NA,NA,NA,NA,NA,NA,NA,NA,NA,NA,NA,NA,NA,NA,NA,NA,NA,2023,2002-01-17,NA,NA,NA,NA
"Braelon Allen","NYJ","RB","16596","weighted",NA,NA,NA,NA,NA,NA,25.5346171911696,3.63246225581581,0.205223109441052,0.140542477702735,0.0322843275403163,0.0365554235142745,NA,NA,NA,NA,NA,NA,0,0,0.745814936589948,0.401685416757083,5.8888304368248,3.18724995415813,0.0261531235321747,0.0434314306402385,0,0,NA,NA,NA,NA,NA,NA,NA,NA,NA,NA,NA,NA,NA,NA,NA,NA,NA,NA,NA,NA,NA,NA,NA,NA,NA,NA,NA,NA,NA,NA,NA,NA,2024,2004-01-20,NA,NA,NA,NA
"Kimani Vidal","LAC","RB","16757","weighted",NA,NA,NA,NA,NA,NA,10.6934850640114,11.9387009606058,0.0347083926031294,0.0476460720627147,0,0,NA,NA,NA,NA,NA,NA,0,0,0.304196301564723,0.333150629999774,2.98385490753912,2.56527515669543,0.00229018492176387,0.0048649267653492,0,0,NA,NA,NA,NA,NA,NA,NA,NA,NA,NA,NA,NA,NA,NA,NA,NA,NA,NA,NA,NA,NA,NA,NA,NA,NA,NA,NA,NA,NA,NA,NA,NA,2024,2001-08-28,NA,NA,NA,NA
"Kenneth Gainwell","TB","RB","15255","weighted",NA,NA,NA,NA,NA,NA,25.7650258337248,1.98946367841221,0.119774542038516,0.0750017313802659,0,0,NA,NA,NA,NA,NA,NA,0,0,2.09824330671677,0.737130137151009,13.9654203851574,3.83402155780272,0.0622076092062001,0.0494528493192464,0,0,NA,NA,NA,NA,NA,NA,NA,NA,NA,NA,NA,NA,NA,NA,NA,NA,NA,NA,NA,NA,NA,NA,NA,NA,NA,NA,NA,NA,NA,NA,NA,NA,2021,1999-03-14,NA,NA,NA,NA
"Sione Vaki","DET","RB","16678","weighted",NA,NA,NA,NA,NA,NA,16.5589666510099,6.09189368160096,0.0659464537341475,0.0799725542565306,0,0,NA,NA,NA,NA,NA,NA,0,0,0.765852512916862,0.560812440586017,6.12892437764209,4.99541476754294,0.00453734147487083,0.011787908248162,0,0,NA,NA,NA,NA,NA,NA,NA,NA,NA,NA,NA,NA,NA,NA,NA,NA,NA,NA,NA,NA,NA,NA,NA,NA,NA,NA,NA,NA,NA,NA,NA,NA,2024,2001-07-30,NA,NA,NA,NA
"Tyrone Tracy","NYG","RB","16747","weighted",NA,NA,NA,NA,NA,NA,12.14131104789,10.0700639578206,0.0425323046399098,0.0420690190273649,0,0,NA,NA,NA,NA,NA,NA,0,0,0.590398293029872,0.428407061603882,4.77400426742532,3.67972761327517,0.0338876683487081,0.0437105776179819,0,0,NA,NA,NA,NA,NA,NA,NA,NA,NA,NA,NA,NA,NA,NA,NA,NA,NA,NA,NA,NA,NA,NA,NA,NA,NA,NA,NA,NA,NA,NA,NA,NA,2024,1999-11-23,NA,NA,NA,NA
"Emari Demercado","DAL","RB","16385","weighted",NA,NA,NA,NA,NA,NA,18.8834664161578,4.37644891827667,0.0520995772663222,0.056582871380045,0.0637701581337091,0.0385449287562819,NA,NA,NA,NA,NA,NA,0,0,0.705307656176609,0.362361812885003,4.2183184593706,2.28872417676091,0.016157820573039,0.0403651723812986,0,0,NA,NA,NA,NA,NA,NA,NA,NA,NA,NA,NA,NA,NA,NA,NA,NA,NA,NA,NA,NA,NA,NA,NA,NA,NA,NA,NA,NA,NA,NA,NA,NA,2023,1999-01-20,NA,NA,NA,NA
"Chris Brooks","GB","RB","16387","weighted",NA,NA,NA,NA,NA,NA,19.7480507280413,5.46549842552881,0.0605918271488962,0.0650860591935372,0,0,NA,NA,NA,NA,NA,NA,0,0,1.35797087834664,0.560418915333469,9.70954438703617,3.59552129429439,0.0306904650070456,0.046651626490093,0,0,NA,NA,NA,NA,NA,NA,NA,NA,NA,NA,NA,NA,NA,NA,NA,NA,NA,NA,NA,NA,NA,NA,NA,NA,NA,NA,NA,NA,NA,NA,NA,NA,2023,2000-01-11,NA,NA,NA,NA
"Devin Singletary","NYG","RB","14080","weighted",NA,NA,NA,NA,NA,NA,19.4893444444444,2.76258345947743,0.106055555555556,0.0737038734091002,0,0,NA,NA,NA,NA,NA,NA,0,0,0.932222222222222,0.199754088579697,6.59988888888889,1.55855411796986,0.0682111111111111,0.046693863534611,0,0,NA,NA,NA,NA,NA,NA,NA,NA,NA,NA,NA,NA,NA,NA,NA,NA,NA,NA,NA,NA,NA,NA,NA,NA,NA,NA,NA,NA,NA,NA,NA,NA,2019,1997-09-03,NA,NA,NA,NA
"Mike Washington Jr.","LVR","RB","17482","weighted",NA,NA,NA,NA,NA,NA,20.5244527947393,3.03672434220598,0.0873367778299671,0.0783103593392565,0.0322843275403163,0.0365554235142745,NA,NA,NA,NA,NA,NA,0,0,0.601474870831376,0.443194528183241,4.19945514325975,3.44297204994165,0.0176702677313293,0.0398246440341435,0,0,NA,NA,NA,NA,NA,NA,NA,NA,NA,NA,NA,NA,NA,NA,NA,NA,NA,NA,NA,NA,NA,NA,NA,NA,NA,NA,NA,NA,NA,NA,NA,NA,2026,2003-07-03,NA,NA,NA,NA
"Samaje Perine","CIN","RB","13133","weighted",NA,NA,NA,NA,NA,NA,17.9718741193048,3.019941167579,0.0813903240958196,0.0744627224375915,0.0637701581337091,0.0385449287562819,NA,NA,NA,NA,NA,NA,0,0,1.44468764678253,0.394766290307993,11.9657022076092,3.09107329260882,0.0120995772663222,0.0314344219950986,0,0,NA,NA,NA,NA,NA,NA,NA,NA,NA,NA,NA,NA,NA,NA,NA,NA,NA,NA,NA,NA,NA,NA,NA,NA,NA,NA,NA,NA,NA,NA,NA,NA,2017,1995-09-16,NA,NA,NA,NA
"Raheim Sanders","CLE","RB","17062","weighted",NA,NA,NA,NA,NA,NA,13.9393,5.73899143896872,0.0928444444444445,0.0171656359758956,0,0,NA,NA,NA,NA,NA,NA,0,0,1.07458888888889,0.701431778457816,6.90558888888889,4.15661797132755,0.00357777777777778,0.0085828179879478,0,0,NA,NA,NA,NA,NA,NA,NA,NA,NA,NA,NA,NA,NA,NA,NA,NA,NA,NA,NA,NA,NA,NA,NA,NA,NA,NA,NA,NA,NA,NA,NA,NA,2025,2002-06-08,NA,NA,NA,NA
"Will Shipley","PHI","RB","16601","weighted",NA,NA,NA,NA,NA,NA,9.34293714285714,7.51666311923332,0.0459542857142857,0.0539155136269757,0.133028571428571,0.106554371332473,NA,NA,NA,NA,NA,NA,0,0,0.746857142857143,0.302358651081982,4.47408,1.83014589735803,0.00184,0.00433918339480499,0,0,NA,NA,NA,NA,NA,NA,NA,NA,NA,NA,NA,NA,NA,NA,NA,NA,NA,NA,NA,NA,NA,NA,NA,NA,NA,NA,NA,NA,NA,NA,NA,NA,2024,2002-08-29,NA,NA,NA,NA
"DeeJay Dallas","MIN","RB","14815","weighted",NA,NA,NA,NA,NA,NA,11.1209666666667,8.8411167737225,0.0488222222222222,0.066246893042721,0,0,NA,NA,NA,NA,NA,NA,0,0,1.00515555555556,0.643364648743061,6.07346666666667,3.42800291231436,0.00715555555555556,0.0171656359758956,0,0,NA,NA,NA,NA,NA,NA,NA,NA,NA,NA,NA,NA,NA,NA,NA,NA,NA,NA,NA,NA,NA,NA,NA,NA,NA,NA,NA,NA,NA,NA,NA,NA,2020,1998-09-16,NA,NA,NA,NA
"Jaylen Wright","MIA","RB","16610","weighted",NA,NA,NA,NA,NA,NA,14.3719680601221,4.10541759600478,0.0805918271488962,0.0735673020350387,0.0322843275403163,0.0365554235142745,NA,NA,NA,NA,NA,NA,0,0,0.344828558008455,0.33661878751757,2.85155472052607,2.55390200259061,0.00453734147487083,0.011787908248162,0,0,NA,NA,NA,NA,NA,NA,NA,NA,NA,NA,NA,NA,NA,NA,NA,NA,NA,NA,NA,NA,NA,NA,NA,NA,NA,NA,NA,NA,NA,NA,NA,NA,2024,2003-04-01,"Q","Neck",2026,3
"Najee Harris","NYG","RB","15254","weighted",NA,NA,NA,NA,NA,NA,16.3022170032879,2.68498413252349,0.0800093940817285,0.0392643184700282,0,0,NA,NA,NA,NA,NA,NA,0,0,0.31886331611085,0.30468780187201,2.3047440112729,1.47299618258079,0.0168717707844058,0.0390274003983526,0,0,NA,NA,NA,NA,NA,NA,NA,NA,NA,NA,NA,NA,NA,NA,NA,NA,NA,NA,NA,NA,NA,NA,NA,NA,NA,NA,NA,NA,NA,NA,NA,NA,2021,1998-03-09,NA,NA,NA,NA
"Zonovan Knight","ARI","RB","15727","weighted",NA,NA,NA,NA,NA,NA,8.09664443400658,5.86691384151383,0.0617243707468337,0.0751254249722076,0,0,NA,NA,NA,NA,NA,NA,0,0,0.327907937999061,0.377420445703816,2.32265194927196,2.76631033400831,0.00182151244715829,0.00386568980630637,0,0,NA,NA,NA,NA,NA,NA,NA,NA,NA,NA,NA,NA,NA,NA,NA,NA,NA,NA,NA,NA,NA,NA,NA,NA,NA,NA,NA,NA,NA,NA,NA,NA,2022,2001-04-11,NA,NA,NA,NA
"Demond Claiborne","MIN","RB","17481","weighted",NA,NA,NA,NA,NA,NA,10.3656889872717,6.07363246786271,0.0789153292750415,0.081378202945836,0.0320973990038738,0.0405041226524274,NA,NA,NA,NA,NA,NA,0,0,0.50426120641948,0.353593481586724,3.08345323741007,1.84799659718932,0,0,0,0,NA,NA,NA,NA,NA,NA,NA,NA,NA,NA,NA,NA,NA,NA,NA,NA,NA,NA,NA,NA,NA,NA,NA,NA,NA,NA,NA,NA,NA,NA,NA,NA,2026,2003-10-09,NA,NA,NA,NA
"Justice Hill","BAL","RB","14086","weighted",NA,NA,NA,NA,NA,NA,16.1322592766557,2.50039380023206,0.0798778769375294,0.0743559904302442,0,0,NA,NA,NA,NA,NA,NA,0,0,1.84190699859089,0.248791033749979,14.8885486143729,1.90744958907606,0.0667449506810709,0.0516680591151237,0,0,NA,NA,NA,NA,NA,NA,NA,NA,NA,NA,NA,NA,NA,NA,NA,NA,NA,NA,NA,NA,NA,NA,NA,NA,NA,NA,NA,NA,NA,NA,NA,NA,2019,1997-11-14,NA,NA,NA,NA
"Isaiah Davis","NYJ","RB","16752","weighted",NA,NA,NA,NA,NA,NA,9.45940285714286,5.28504478171096,0.032048690332357,0.0412269053181114,0,0,NA,NA,NA,NA,NA,NA,0,0,0.78631,0.314870002034405,6.26269428571428,2.44594284576006,0.00901145604395604,0.0168980314620291,0,0,NA,NA,NA,NA,NA,NA,NA,NA,NA,NA,NA,NA,NA,NA,NA,NA,NA,NA,NA,NA,NA,NA,NA,NA,NA,NA,NA,NA,NA,NA,NA,NA,2024,2002-02-21,NA,NA,NA,NA
"AJ Dillon","CAR","RB","14805","weighted",NA,NA,NA,NA,NA,NA,15.8685989010989,3.1431888091702,0.0709065934065934,0.0462748399302103,0.0465315934065934,0.041478984122835,NA,NA,NA,NA,NA,NA,0,0,0.527019230769231,0.408415158173051,4.31166208791209,4.03990269731162,0.00442307692307692,0.00960711244534898,0,0,NA,NA,NA,NA,NA,NA,NA,NA,NA,NA,NA,NA,NA,NA,NA,NA,NA,NA,NA,NA,NA,NA,NA,NA,NA,NA,NA,NA,NA,NA,NA,NA,2020,1998-05-02,NA,NA,NA,NA
"Sean Tucker","TB","RB","16166","weighted",NA,NA,NA,NA,NA,NA,8.25125714285714,4.56429174178838,0.111211428571429,0.109279995803815,0,0,NA,NA,NA,NA,NA,NA,0,0,0.202497142857143,0.123652692467286,1.56141,1.41947597975794,0.0229445996333964,0.041775084211891,0,0,NA,NA,NA,NA,NA,NA,NA,NA,NA,NA,NA,NA,NA,NA,NA,NA,NA,NA,NA,NA,NA,NA,NA,NA,NA,NA,NA,NA,NA,NA,NA,NA,2023,2001-10-25,NA,NA,NA,NA
"Ray Davis","BUF","RB","16603","weighted",NA,NA,NA,NA,NA,NA,10.7052512916862,3.1086079649108,0.0445373414748708,0.0503424258812991,0,0,NA,NA,NA,NA,NA,NA,0,0,0.186331611085016,0.218470044724737,2.21313292625646,2.36404524887778,0.0168717707844058,0.0390274003983526,0,0,NA,NA,NA,NA,NA,NA,NA,NA,NA,NA,NA,NA,NA,NA,NA,NA,NA,NA,NA,NA,NA,NA,NA,NA,NA,NA,NA,NA,NA,NA,NA,NA,2024,1999-11-20,NA,NA,NA,NA
"Nicholas Singleton","TEN","RB","17476","weighted",NA,NA,NA,NA,NA,NA,9.31592,3.96531479837914,0.0569942857142857,0.0508838995999997,0,0,NA,NA,NA,NA,NA,NA,0,0,0.0535142857142857,0.0503010335731312,0.642171428571429,0.603612402877574,0,0,0,0,NA,NA,NA,NA,NA,NA,NA,NA,NA,NA,NA,NA,NA,NA,NA,NA,NA,NA,NA,NA,NA,NA,NA,NA,NA,NA,NA,NA,NA,NA,NA,NA,2026,2004-01-06,NA,NA,NA,NA
"Ty Johnson","BUF","RB","14095","weighted",NA,NA,NA,NA,NA,NA,8.66712,3.46987888553841,0.0541828571428571,0.0505900690502661,0,0,NA,NA,NA,NA,NA,NA,0,0,0.754457142857143,0.191657263990571,8.35625142857143,2.14380608690685,0.07016,0.0455151178416765,0,0,NA,NA,NA,NA,NA,NA,NA,NA,NA,NA,NA,NA,NA,NA,NA,NA,NA,NA,NA,NA,NA,NA,NA,NA,NA,NA,NA,NA,NA,NA,NA,NA,2019,1997-09-17,"Q","Hamstring",2026,3
"Kaytron Allen","WAS","RB","17478","weighted",NA,NA,NA,NA,NA,NA,10.4825994397759,2.03753126221416,0.0072156862745098,0.0172244974203218,0,0,NA,NA,NA,NA,NA,NA,0,0,0.233522408963585,0.163445015925937,1.29357983193277,0.963668682139447,0.00226470588235294,0.00419954865544184,0,0,NA,NA,NA,NA,NA,NA,NA,NA,NA,NA,NA,NA,NA,NA,NA,NA,NA,NA,NA,NA,NA,NA,NA,NA,NA,NA,NA,NA,NA,NA,NA,NA,2026,2003-01-08,NA,NA,NA,NA
"DJ Giddens","IND","RB","17060","weighted",NA,NA,NA,NA,NA,NA,8.68578710289236,3.51492344307681,0.0199506899186588,0.0325372038781707,0,0,NA,NA,NA,NA,NA,NA,0,0,0.526481744902797,0.483782429488299,4.09449976292082,3.6255516420154,0.0105635133297312,0.0187846973544669,0,0,NA,NA,NA,NA,NA,NA,NA,NA,NA,NA,NA,NA,NA,NA,NA,NA,NA,NA,NA,NA,NA,NA,NA,NA,NA,NA,NA,NA,NA,NA,NA,NA,2025,2003-08-26,"Q","Knee",2026,3
"LeQuint Allen","JAC","RB","17061","weighted",NA,NA,NA,NA,NA,NA,6.47693714285714,3.62751601252991,0.00736,0.0173567335792199,0,0,NA,NA,NA,NA,NA,NA,0,0,0.625817142857143,0.206214376745882,3.53889142857143,0.970130145103138,0.00368,0.00867836678960997,0,0,NA,NA,NA,NA,NA,NA,NA,NA,NA,NA,NA,NA,NA,NA,NA,NA,NA,NA,NA,NA,NA,NA,NA,NA,NA,NA,NA,NA,NA,NA,NA,NA,2025,2004-08-05,NA,NA,NA,NA
"Jordan James","SF","RB","17055","weighted",NA,NA,NA,NA,NA,NA,7.08634423897582,3.4380378923301,0.0162407992591673,0.0233520907999131,0,0,NA,NA,NA,NA,NA,NA,0,0,0.202382645803698,0.134454915841649,1.58597676623992,0.958110583628493,0.00355412995069066,0.00478720803005721,0,0,NA,NA,NA,NA,NA,NA,NA,NA,NA,NA,NA,NA,NA,NA,NA,NA,NA,NA,NA,NA,NA,NA,NA,NA,NA,NA,NA,NA,NA,NA,NA,NA,2025,2004-03-29,NA,NA,NA,NA
"Seth McGowan","IND","RB","17475","weighted",NA,NA,NA,NA,NA,NA,8.40974166275247,2.89548432117721,0.0498731798966651,0.0533206401393833,0,0,NA,NA,NA,NA,NA,NA,0,0,0.259567872240488,0.261228426601371,2.28588069516205,1.55736652370587,0.00151244715829028,0.00392930274938733,0,0,NA,NA,NA,NA,NA,NA,NA,NA,NA,NA,NA,NA,NA,NA,NA,NA,NA,NA,NA,NA,NA,NA,NA,NA,NA,NA,NA,NA,NA,NA,NA,NA,2026,2001-10-23,NA,NA,NA,NA
"Ollie Gordon","MIA","RB","17059","weighted",NA,NA,NA,NA,NA,NA,7.76320338186942,2.94751444281938,0.0546453734147487,0.0518634848883047,0,0,NA,NA,NA,NA,NA,NA,0,0,0.151789572569281,0.194335360144261,1.20024424612494,1.08114099666245,0.00151244715829028,0.00392930274938733,0,0,NA,NA,NA,NA,NA,NA,NA,NA,NA,NA,NA,NA,NA,NA,NA,NA,NA,NA,NA,NA,NA,NA,NA,NA,NA,NA,NA,NA,NA,NA,NA,NA,2025,2004-01-15,NA,NA,NA,NA
"Brashard Smith","KC","RB","17049","weighted",NA,NA,NA,NA,NA,NA,7.3784969179706,3.00404665333318,0.0200909737767143,0.0325200275801492,0,0,NA,NA,NA,NA,NA,NA,0,0,0.726884779516358,0.381243861874641,5.02509483167378,2.41838954091358,0.0405438958573809,0.0422311317567858,0,0,NA,NA,NA,NA,NA,NA,NA,NA,NA,NA,NA,NA,NA,NA,NA,NA,NA,NA,NA,NA,NA,NA,NA,NA,NA,NA,NA,NA,NA,NA,NA,NA,2025,2003-04-11,NA,NA,NA,NA
"Jacob Saylors","DET","RB","16850","weighted",NA,NA,NA,NA,NA,NA,6.395900679316,2.00398966114675,0.0420659422713659,0.0424953982780932,0,0,NA,NA,NA,NA,NA,NA,0,0,0.278929491684235,0.0867017632848038,2.66801358631998,1.0600288757358,0.00672485243891506,0.00941801331503435,0,0,NA,NA,NA,NA,NA,NA,NA,NA,NA,NA,NA,NA,NA,NA,NA,NA,NA,NA,NA,NA,NA,NA,NA,NA,NA,NA,NA,NA,NA,NA,NA,NA,2023,2000-03-08,NA,NA,NA,NA
"British Brooks","HOU","RB","16816","weighted",NA,NA,NA,NA,NA,NA,6.22653312788906,3.9527269068328,0.00992295839753467,0.014142135623731,0,0,NA,NA,NA,NA,NA,NA,0,0,0.100770416024653,0.14142135623731,0.503852080123267,0.707106781186547,0,0,0,0,NA,NA,NA,NA,NA,NA,NA,NA,NA,NA,NA,NA,NA,NA,NA,NA,NA,NA,NA,NA,NA,NA,NA,NA,NA,NA,NA,NA,NA,NA,NA,NA,2024,1999-11-18,NA,NA,NA,NA
"Roschon Johnson","CHI","RB","16175","weighted",NA,NA,NA,NA,NA,NA,3.96286666666667,2.64260751205317,0.0209,0.0432533074140086,0,0,NA,NA,NA,NA,NA,NA,0,0,0.0917777777777778,0.168160887359521,0.405888888888889,0.448769441032812,0,0,0,0,NA,NA,NA,NA,NA,NA,NA,NA,NA,NA,NA,NA,NA,NA,NA,NA,NA,NA,NA,NA,NA,NA,NA,NA,NA,NA,NA,NA,NA,NA,NA,NA,2023,2001-01-31,NA,NA,NA,NA
"Eli Heidenreich","PIT","RB","17685","weighted",NA,NA,NA,NA,NA,NA,4.3765406162465,2.08598344543329,0.0288894724556489,0.0473559601310159,0,0,NA,NA,NA,NA,NA,NA,0,0,0.1,0,0.982352941176471,0.254461391968142,0,0,0,0,NA,NA,NA,NA,NA,NA,NA,NA,NA,NA,NA,NA,NA,NA,NA,NA,NA,NA,NA,NA,NA,NA,NA,NA,NA,NA,NA,NA,NA,NA,NA,NA,2026,2003-07-28,NA,NA,NA,NA
"Ameer Abdullah","JAC","RB","12155","weighted",NA,NA,NA,NA,NA,NA,5.74371266002845,0.994516304835699,0.00687055476529161,0.0145947802960476,0,0,NA,NA,NA,NA,NA,NA,0,0,0.810711237553343,0.261910143445528,4.08448079658606,2.04457173735641,0.0114509246088193,0.024324633826746,0,0,NA,NA,NA,NA,NA,NA,NA,NA,NA,NA,NA,NA,NA,NA,NA,NA,NA,NA,NA,NA,NA,NA,NA,NA,NA,NA,NA,NA,NA,NA,NA,NA,2015,1993-06-13,NA,NA,NA,NA
"Hunter Luepke","DAL","RB","16391","weighted",NA,NA,NA,NA,NA,NA,3.67342618384401,1.99580176679716,0.00298978644382544,0.00563312787990199,0,0,NA,NA,NA,NA,NA,NA,0,0,0.431699164345404,0.216398245425861,3.23935004642526,1.64993772812514,0.0333519034354689,0.0543875530897724,0,0,NA,NA,NA,NA,NA,NA,NA,NA,NA,NA,NA,NA,NA,NA,NA,NA,NA,NA,NA,NA,NA,NA,NA,NA,NA,NA,NA,NA,NA,NA,NA,NA,2023,2000-02-28,NA,NA,NA,NA
"Corey Kiner","NE","RB","17274","weighted",NA,NA,NA,NA,NA,NA,4.68571959145775,1.36089628299557,0.00896935933147632,0.016899383639706,0,0,NA,NA,NA,NA,NA,NA,0,0,0.153816155988858,0.101396301838236,0.894948932219127,0.926576972798731,0.00298978644382544,0.00563312787990199,0,0,NA,NA,NA,NA,NA,NA,NA,NA,NA,NA,NA,NA,NA,NA,NA,NA,NA,NA,NA,NA,NA,NA,NA,NA,NA,NA,NA,NA,NA,NA,NA,NA,2025,2002-01-21,NA,NA,NA,NA
"Kyle Juszczyk","SF","RB","11367","weighted",NA,NA,NA,NA,NA,NA,1.80632222222222,2.6151314173992,0.00357777777777778,0.0085828179879478,0,0,NA,NA,NA,NA,NA,NA,0,0,1.41205555555556,0.485082790721469,12.4606444444444,6.18352795998041,0.128177777777778,0.117750635235325,0,0,NA,NA,NA,NA,NA,NA,NA,NA,NA,NA,NA,NA,NA,NA,NA,NA,NA,NA,NA,NA,NA,NA,NA,NA,NA,NA,NA,NA,NA,NA,NA,NA,2013,1991-04-23,NA,NA,NA,NA
"Travis Homer","PIT","RB","14083","weighted",NA,NA,NA,NA,NA,NA,3.49354666666667,1.9657568516986,0.00858666666666667,0.014142135623731,0,0,NA,NA,NA,NA,NA,NA,0,0,0.623253333333333,0.367695526217005,4.95848,2.56679761570717,0.0171733333333333,0.0282842712474619,0,0,NA,NA,NA,NA,NA,NA,NA,NA,NA,NA,NA,NA,NA,NA,NA,NA,NA,NA,NA,NA,NA,NA,NA,NA,NA,NA,NA,NA,NA,NA,NA,NA,2019,1998-08-07,NA,NA,NA,NA
"Ronnie Rivers","LAR","RB","15726","weighted",NA,NA,NA,NA,NA,NA,3.57109399075501,2.03646752981726,0.00496147919876733,0.00707106781186548,0,0,NA,NA,NA,NA,NA,NA,0,0,0.100770416024653,0.14142135623731,0.503852080123267,0.707106781186547,0,0,0,0,NA,NA,NA,NA,NA,NA,NA,NA,NA,NA,NA,NA,NA,NA,NA,NA,NA,NA,NA,NA,NA,NA,NA,NA,NA,NA,NA,NA,NA,NA,NA,NA,2022,1999-01-31,"Q","Calf",2026,3
"Michael Burton","CLE","RB","12325","weighted",NA,NA,NA,NA,NA,NA,1.72848043676069,1.82371342426095,0.07024567788899,0.0561970467865946,0,0,NA,NA,NA,NA,NA,NA,0,0,0.30154686078253,0.0960297849256689,1.8589626933576,0.733323317576471,0,0,0,0,NA,NA,NA,NA,NA,NA,NA,NA,NA,NA,NA,NA,NA,NA,NA,NA,NA,NA,NA,NA,NA,NA,NA,NA,NA,NA,NA,NA,NA,NA,NA,NA,2015,1992-02-01,NA,NA,NA,NA
"Julius Chestnut","TEN","RB","15965","weighted",NA,NA,NA,NA,NA,NA,2.57605546995378,2.02939646200539,0.00496147919876733,0.00707106781186548,0,0,NA,NA,NA,NA,NA,NA,0,0,0.109152542372881,0.15556349186104,0.694607087827427,0.989949493661166,0.00496147919876733,0.00707106781186548,0,0,NA,NA,NA,NA,NA,NA,NA,NA,NA,NA,NA,NA,NA,NA,NA,NA,NA,NA,NA,NA,NA,NA,NA,NA,NA,NA,NA,NA,NA,NA,NA,NA,2022,2000-10-26,NA,NA,NA,NA
"Rasheen Ali","BAL","RB","16746","weighted",NA,NA,NA,NA,NA,NA,2.7482602118003,0.554156061783712,0.00626748090476366,0.00938026295021412,0,0,NA,NA,NA,NA,NA,NA,0,0,0.382766011094302,0.15384976556322,2.80774079677257,0.894870885343033,0.0386910534414317,0.0454702644269712,0,0,NA,NA,NA,NA,NA,NA,NA,NA,NA,NA,NA,NA,NA,NA,NA,NA,NA,NA,NA,NA,NA,NA,NA,NA,NA,NA,NA,NA,NA,NA,NA,NA,2024,2001-02-16,NA,NA,NA,NA
"Tahj Brooks","CIN","RB","17058","weighted",NA,NA,NA,NA,NA,NA,3.11938650306748,0.119723691110806,0.00982428236006968,0.00997831851136499,0,0,NA,NA,NA,NA,NA,NA,0,0,0.174616564417178,0.0748273069442539,1.38303169734151,0.384113508980503,0.00460857798112139,0.00502523924906582,0,0,NA,NA,NA,NA,NA,NA,NA,NA,NA,NA,NA,NA,NA,NA,NA,NA,NA,NA,NA,NA,NA,NA,NA,NA,NA,NA,NA,NA,NA,NA,NA,NA,2025,2002-05-13,NA,NA,NA,NA
"Dylan Laube","LVR","RB","16613","weighted",NA,NA,NA,NA,NA,NA,2.02970858895706,1.0326168358307,0.00881475523404142,0.0101573680146975,0,0,NA,NA,NA,NA,NA,NA,0,0,0.219386503067485,0.119723691110806,1.5869836400818,0.588641481294797,0.0090384326748091,0.0100922334240563,0,0,NA,NA,NA,NA,NA,NA,NA,NA,NA,NA,NA,NA,NA,NA,NA,NA,NA,NA,NA,NA,NA,NA,NA,NA,NA,NA,NA,NA,NA,NA,NA,NA,2024,1999-12-14,NA,NA,NA,NA
"Tyler Badie","DEN","RB","15718","weighted",NA,NA,NA,NA,NA,NA,2.04206970128023,0.697791916455334,0.00356936936936937,0.00479519073657616,0,0,NA,NA,NA,NA,NA,NA,0,0,1.28344001896633,0.492678448378903,9.51245851114272,3.41207834398989,0.0229994423011619,0.0371615007703366,0,0,NA,NA,NA,NA,NA,NA,NA,NA,NA,NA,NA,NA,NA,NA,NA,NA,NA,NA,NA,NA,NA,NA,NA,NA,NA,NA,NA,NA,NA,NA,NA,NA,2022,1999-02-07,NA,NA,NA,NA
"Alec Ingold","LAC","RB","14420","weighted",NA,NA,NA,NA,NA,NA,1.28714948932219,0.412779402862882,0.00298978644382544,0.00563312787990199,0,0,NA,NA,NA,NA,NA,NA,0,0,0.383769730733519,0.183689462523625,2.37322191272052,1.14872448563841,0.00597957288765088,0.011266255759804,0,0,NA,NA,NA,NA,NA,NA,NA,NA,NA,NA,NA,NA,NA,NA,NA,NA,NA,NA,NA,NA,NA,NA,NA,NA,NA,NA,NA,NA,NA,NA,NA,NA,2019,1996-07-09,NA,NA,NA,NA
"Reggie Gilliam","NE","RB","15103","weighted",NA,NA,NA,NA,NA,NA,1.00496147919877,0.00707106781186548,0.00496147919876733,0.00707106781186548,0,0,NA,NA,NA,NA,NA,NA,0,0,0.47442218798151,0.106066017177982,2.99229583975347,1.41421356237309,0.00992295839753467,0.014142135623731,0,0,NA,NA,NA,NA,NA,NA,NA,NA,NA,NA,NA,NA,NA,NA,NA,NA,NA,NA,NA,NA,NA,NA,NA,NA,NA,NA,NA,NA,NA,NA,NA,NA,2020,1997-08-20,NA,NA,NA,NA
"Kene Nwangwu","NYJ","RB","15414","weighted",NA,NA,NA,NA,NA,NA,1.00497443762781,0.00498848712961693,0.00496611087489117,0.00498844368810622,0,0,NA,NA,NA,NA,NA,NA,0,0,0,0,0,0,0,0,0,0,NA,NA,NA,NA,NA,NA,NA,NA,NA,NA,NA,NA,NA,NA,NA,NA,NA,NA,NA,NA,NA,NA,NA,NA,NA,NA,NA,NA,NA,NA,NA,NA,2021,1998-02-09,"Q","Back",2026,3
"Andrew Beck","NYJ","RB","14319","weighted",NA,NA,NA,NA,NA,NA,0.138569989929507,0.23315558737833,0,0,0,0,NA,NA,NA,NA,NA,NA,0,0,0.233937562940584,0.249419170045613,1.94078549848943,1.98458303861625,0.0675730110775428,0.0573420826465715,0,0,NA,NA,NA,NA,NA,NA,NA,NA,NA,NA,NA,NA,NA,NA,NA,NA,NA,NA,NA,NA,NA,NA,NA,NA,NA,NA,NA,NA,NA,NA,NA,NA,2019,1996-05-15,NA,NA,NA,NA
"Jaxon Smith-Njigba","SEA","WR","16185","weighted",NA,NA,NA,NA,NA,NA,1.81424142790042,0.979355849830015,0.00302489431658055,0.00785860549877465,0,0,NA,NA,NA,NA,NA,NA,0,0,6.87687177078441,0.338309233477987,102.711911695632,6.92471145614001,0.91400657585721,0.256712551647266,0,0,NA,NA,NA,NA,NA,NA,NA,NA,NA,NA,NA,NA,NA,NA,NA,NA,NA,NA,NA,NA,NA,NA,NA,NA,NA,NA,NA,NA,NA,NA,NA,NA,2023,2002-02-14,NA,NA,NA,NA
"Amon-Ra St. Brown","DET","WR","15287","weighted",NA,NA,NA,NA,NA,NA,0.828886801315171,0.996448613338169,0.00302489431658055,0.00785860549877465,0,0,NA,NA,NA,NA,NA,NA,0,0,7.39565993424143,0.410493206300753,88.3800751526538,4.6911581278012,0.903316110850164,0.157587632415265,0,0,NA,NA,NA,NA,NA,NA,NA,NA,NA,NA,NA,NA,NA,NA,NA,NA,NA,NA,NA,NA,NA,NA,NA,NA,NA,NA,NA,NA,NA,NA,NA,NA,2021,1999-10-24,NA,NA,NA,NA
"Puka Nacua","LAR","WR","16211","weighted",NA,NA,NA,NA,NA,NA,3.45975575387506,1.9957893929134,0.0345420385157351,0.0492786431284063,0,0,NA,NA,NA,NA,NA,NA,0,0,5.40807891028652,2.34599259860241,71.4812682010333,32.9284300162732,0.286077970878347,0.240586739923431,0,0,NA,NA,NA,NA,NA,NA,NA,NA,NA,NA,NA,NA,NA,NA,NA,NA,NA,NA,NA,NA,NA,NA,NA,NA,NA,NA,NA,NA,NA,NA,NA,NA,2023,2001-05-29,"Q","Groin",2026,3
"Chris Olave","NO","WR","15754","weighted",NA,NA,NA,NA,NA,NA,0.275538594019101,0.472179508106772,0.00177000156568029,0.00386508754020368,0,0,NA,NA,NA,NA,NA,NA,0,0,6.32035697510568,0.538453644201777,82.8054203851574,8.46576431794538,0.712644434006576,0.267378857100925,0,0,NA,NA,NA,NA,NA,NA,NA,NA,NA,NA,NA,NA,NA,NA,NA,NA,NA,NA,NA,NA,NA,NA,NA,NA,NA,NA,NA,NA,NA,NA,NA,NA,2022,2000-06-27,NA,NA,NA,NA
"CeeDee Lamb","DAL","WR","14832","weighted",NA,NA,NA,NA,NA,NA,1.66484734617191,1.6989301514446,0.00604978863316111,0.0157172109975493,0,0,NA,NA,NA,NA,NA,NA,0,0,6.66790042273368,0.443849191324855,86.9068388914984,6.80018307417865,0.564772193518084,0.326198893151004,0,0,NA,NA,NA,NA,NA,NA,NA,NA,NA,NA,NA,NA,NA,NA,NA,NA,NA,NA,NA,NA,NA,NA,NA,NA,NA,NA,NA,NA,NA,NA,NA,NA,2020,1999-04-08,NA,NA,NA,NA
"Zay Flowers","BAL","WR","16190","weighted",NA,NA,NA,NA,NA,NA,2.2994739314232,1.20677633252579,0.0183842179426961,0.0389047168176199,0.087905119774542,0.0137014316078995,NA,NA,NA,NA,NA,NA,0,0,5.05207139502114,0.484883629199042,78.9433442930954,6.26308206812431,0.411113198684829,0.197660654475232,0,0,NA,NA,NA,NA,NA,NA,NA,NA,NA,NA,NA,NA,NA,NA,NA,NA,NA,NA,NA,NA,NA,NA,NA,NA,NA,NA,NA,NA,NA,NA,NA,NA,2023,2000-09-11,"Q","Hamstring",2026,3
"Ja'Marr Chase","CIN","WR","15281","weighted",NA,NA,NA,NA,NA,NA,0.582057303898544,0.461614070062764,0,0,0,0,NA,NA,NA,NA,NA,NA,0,0,6.65204321277595,0.591130311151164,80.6387787693753,7.34396361056007,0.608755284170972,0.332650897450088,0,0,NA,NA,NA,NA,NA,NA,NA,NA,NA,NA,NA,NA,NA,NA,NA,NA,NA,NA,NA,NA,NA,NA,NA,NA,NA,NA,NA,NA,NA,NA,NA,NA,2021,2000-03-01,NA,NA,NA,NA
"DeVonta Smith","PHI","WR","15282","weighted",NA,NA,NA,NA,NA,NA,0.0252544230468138,0.0430966014001668,0,0,0,0,NA,NA,NA,NA,NA,NA,0,0,5.85019257867543,0.396656468218868,77.8600751526538,6.16446890424134,0.349938938468765,0.170750484478539,0,0,NA,NA,NA,NA,NA,NA,NA,NA,NA,NA,NA,NA,NA,NA,NA,NA,NA,NA,NA,NA,NA,NA,NA,NA,NA,NA,NA,NA,NA,NA,NA,NA,2021,1998-11-14,NA,NA,NA,NA
"Justin Jefferson","MIN","WR","14836","weighted",NA,NA,NA,NA,NA,NA,0.267261625176139,0.382637132004856,0,0,0,0,NA,NA,NA,NA,NA,NA,0,0,5.82116486613434,0.673802762891091,75.5341474870831,9.28527236198475,0.404931892907468,0.235884534559804,0,0,NA,NA,NA,NA,NA,NA,NA,NA,NA,NA,NA,NA,NA,NA,NA,NA,NA,NA,NA,NA,NA,NA,NA,NA,NA,NA,NA,NA,NA,NA,NA,NA,2020,1999-06-16,NA,NA,NA,NA
"Christian Watson","GB","WR","15789","weighted",NA,NA,NA,NA,NA,NA,1.05164866134335,0.87468707645277,0.00302489431658055,0.00785860549877465,0,0,NA,NA,NA,NA,NA,NA,0,0,4.46409581963363,0.902047625229612,70.3233161108502,10.7640797649786,0.768031939877877,0.265760006209786,0,0,NA,NA,NA,NA,NA,NA,NA,NA,NA,NA,NA,NA,NA,NA,NA,NA,NA,NA,NA,NA,NA,NA,NA,NA,NA,NA,NA,NA,NA,NA,NA,NA,2022,1999-05-12,NA,NA,NA,NA
"Jaylen Waddle","DEN","WR","15284","weighted",NA,NA,NA,NA,NA,NA,0.679004227336778,0.547036124835537,0,0,0,0,NA,NA,NA,NA,NA,NA,0,0,4.8230624706435,0.601451792788298,65.7024706434946,10.7367868170541,0.279135744480977,0.16432477062947,0,0,NA,NA,NA,NA,NA,NA,NA,NA,NA,NA,NA,NA,NA,NA,NA,NA,NA,NA,NA,NA,NA,NA,NA,NA,NA,NA,NA,NA,NA,NA,NA,NA,2021,1998-11-25,NA,NA,NA,NA
"Rashee Rice","KC","WR","16194","weighted",NA,NA,NA,NA,NA,NA,0.969375293565054,0.805851825653065,0.0315171441991545,0.0509505060740507,0,0,NA,NA,NA,NA,NA,NA,0,0,5.36307186472522,0.905550960763323,63.5550587130108,10.3340235507401,0.589873179896665,0.342501726849137,0,0,NA,NA,NA,NA,NA,NA,NA,NA,NA,NA,NA,NA,NA,NA,NA,NA,NA,NA,NA,NA,NA,NA,NA,NA,NA,NA,NA,NA,NA,NA,NA,NA,2023,2000-04-22,NA,NA,NA,NA
"Drake London","ATL","WR","15751","weighted",NA,NA,NA,NA,NA,NA,0.323626115547205,0.405498051486339,0,0,0,0,NA,NA,NA,NA,NA,NA,0,0,5.42272428370127,0.404211643295515,68.9950962893377,6.16859419589712,0.35760450915923,0.180363193142642,0,0,NA,NA,NA,NA,NA,NA,NA,NA,NA,NA,NA,NA,NA,NA,NA,NA,NA,NA,NA,NA,NA,NA,NA,NA,NA,NA,NA,NA,NA,NA,NA,NA,2022,2001-07-24,NA,NA,NA,NA
"George Pickens","DAL","WR","15762","weighted",NA,NA,NA,NA,NA,NA,0.0223954908407703,0.0753635008103696,0,0,0,0,NA,NA,NA,NA,NA,NA,0,0,5.24115547205261,0.243499572527505,73.268755284171,4.65024155018655,0.379840300610615,0.19520328092816,0,0,NA,NA,NA,NA,NA,NA,NA,NA,NA,NA,NA,NA,NA,NA,NA,NA,NA,NA,NA,NA,NA,NA,NA,NA,NA,NA,NA,NA,NA,NA,NA,NA,2022,2001-03-04,NA,NA,NA,NA
"Nico Collins","HOU","WR","15290","weighted",NA,NA,NA,NA,NA,NA,0.845714285714286,0.502592856315219,0.0383428571428571,0.0544487543636335,0,0,NA,NA,NA,NA,NA,NA,0,0,4.84842285714286,1.03530298180474,67.3047542857143,9.93914133190326,0.307268571428571,0.183343923576247,0,0,NA,NA,NA,NA,NA,NA,NA,NA,NA,NA,NA,NA,NA,NA,NA,NA,NA,NA,NA,NA,NA,NA,NA,NA,NA,NA,NA,NA,NA,NA,NA,NA,2021,1999-03-19,"Q","Hamstring",2026,3
"Parker Washington","JAC","WR","16192","weighted",NA,NA,NA,NA,NA,NA,1.78318459370597,2.04600699706096,0.00756223579145139,0.0196465137469366,0,0,NA,NA,NA,NA,NA,NA,0,0,5.06620948802255,0.57870562200639,68.4643682480038,6.06375560353169,0.376683889149836,0.182570710734697,0,0,NA,NA,NA,NA,NA,NA,NA,NA,NA,NA,NA,NA,NA,NA,NA,NA,NA,NA,NA,NA,NA,NA,NA,NA,NA,NA,NA,NA,NA,NA,NA,NA,2023,2002-03-21,NA,NA,NA,NA
"Tetairoa McMillan","CAR","WR","17071","weighted",NA,NA,NA,NA,NA,NA,0.0231939877876938,0.042955924979824,0,0,0.163770158133709,0.0385449287562819,NA,NA,NA,NA,NA,NA,0,0,4.74193518083607,0.252506488605238,68.235293565054,5.25181502715481,0.331554720526069,0.169548015257779,0,0,NA,NA,NA,NA,NA,NA,NA,NA,NA,NA,NA,NA,NA,NA,NA,NA,NA,NA,NA,NA,NA,NA,NA,NA,NA,NA,NA,NA,NA,NA,NA,NA,2025,2003-04-05,NA,NA,NA,NA
"Garrett Wilson","NYJ","WR","15753","weighted",NA,NA,NA,NA,NA,NA,0.557106622827619,0.567952178875903,0.00151244715829028,0.00392930274938733,0,0,NA,NA,NA,NA,NA,NA,0,0,5.7948614372945,0.335576009988618,68.9983466416158,3.57722948079308,0.438412400187882,0.227766881051256,0,0,NA,NA,NA,NA,NA,NA,NA,NA,NA,NA,NA,NA,NA,NA,NA,NA,NA,NA,NA,NA,NA,NA,NA,NA,NA,NA,NA,NA,NA,NA,NA,NA,2022,2000-07-22,NA,NA,NA,NA
"Matthew Golden","GB","WR","17075","weighted",NA,NA,NA,NA,NA,NA,1.62250821982151,0.978153333943905,0.00302489431658055,0.00785860549877465,0,0,NA,NA,NA,NA,NA,NA,0,0,4.20173790511978,0.620219611107943,56.3192766557069,10.8144836032536,0.255368717707844,0.160697183802733,0,0,NA,NA,NA,NA,NA,NA,NA,NA,NA,NA,NA,NA,NA,NA,NA,NA,NA,NA,NA,NA,NA,NA,NA,NA,NA,NA,NA,NA,NA,NA,NA,NA,2025,2003-08-01,NA,NA,NA,NA
"Davante Adams","LAR","WR","11675","weighted",NA,NA,NA,NA,NA,NA,0,0,0,0,0,0,NA,NA,NA,NA,NA,NA,0,0,4.43602630342884,0.45518852832556,62.2975575387506,6.5660773550373,0.475312353217473,0.241599077180839,0,0,NA,NA,NA,NA,NA,NA,NA,NA,NA,NA,NA,NA,NA,NA,NA,NA,NA,NA,NA,NA,NA,NA,NA,NA,NA,NA,NA,NA,NA,NA,NA,NA,2014,1992-12-24,NA,NA,NA,NA
"Jalen Coker","CAR","WR","16809","weighted",NA,NA,NA,NA,NA,NA,0.0416439643024894,0.0497672649664019,0,0,0,0,NA,NA,NA,NA,NA,NA,0,0,5.02547674964772,0.550656405090825,61.4533583842179,5.89402687989375,0.348294974166275,0.169578261569984,0,0,NA,NA,NA,NA,NA,NA,NA,NA,NA,NA,NA,NA,NA,NA,NA,NA,NA,NA,NA,NA,NA,NA,NA,NA,NA,NA,NA,NA,NA,NA,NA,NA,2024,2001-10-30,NA,NA,NA,NA
"Malik Nabers","NYG","WR","16615","weighted",NA,NA,NA,NA,NA,NA,0.271207139502114,0.399733514407055,0,0,0,0,NA,NA,NA,NA,NA,NA,0,0,5.05935180836073,0.445548925476028,64.6698168154063,5.32482455812739,0.302132456552372,0.148903783391799,0,0,NA,NA,NA,NA,NA,NA,NA,NA,NA,NA,NA,NA,NA,NA,NA,NA,NA,NA,NA,NA,NA,NA,NA,NA,NA,NA,NA,NA,NA,NA,NA,NA,2024,2003-07-28,"Q","Shoulder",2026,3
"Mike Evans","SF","WR","11671","weighted",NA,NA,NA,NA,NA,NA,0,0,0,0,0,0,NA,NA,NA,NA,NA,NA,0,0,4.07789572569281,0.746040845967354,54.8974354156881,10.5025540347179,0.583926726162518,0.226877622119283,0,0,NA,NA,NA,NA,NA,NA,NA,NA,NA,NA,NA,NA,NA,NA,NA,NA,NA,NA,NA,NA,NA,NA,NA,NA,NA,NA,NA,NA,NA,NA,NA,NA,2014,1993-08-21,"Q","Hip",2026,3
"Michael Wilson","ARI","WR","16206","weighted",NA,NA,NA,NA,NA,NA,0.0424424612494129,0.049920573772846,0,0,0,0,NA,NA,NA,NA,NA,NA,0,0,4.40030061061531,0.476892002382219,54.4337905119774,6.8862408443367,0.246077970878347,0.116983866691573,0,0,NA,NA,NA,NA,NA,NA,NA,NA,NA,NA,NA,NA,NA,NA,NA,NA,NA,NA,NA,NA,NA,NA,NA,NA,NA,NA,NA,NA,NA,NA,NA,NA,2023,2000-02-23,NA,NA,NA,NA
"Tee Higgins","CIN","WR","14835","weighted",NA,NA,NA,NA,NA,NA,0.0231939877876938,0.042955924979824,0,0,0,0,NA,NA,NA,NA,NA,NA,0,0,4.11530295913574,0.187902067214092,61.8218130577736,4.1943996699124,0.401352747768906,0.203045418280381,0,0,NA,NA,NA,NA,NA,NA,NA,NA,NA,NA,NA,NA,NA,NA,NA,NA,NA,NA,NA,NA,NA,NA,NA,NA,NA,NA,NA,NA,NA,NA,NA,NA,2020,1999-01-18,NA,NA,NA,NA
"Terry McLaurin","WAS","WR","14109","weighted",NA,NA,NA,NA,NA,NA,0.277234382339126,0.425608230363864,0.00182151244715829,0.00386568980630637,0,0,NA,NA,NA,NA,NA,NA,0,0,3.88666040394551,0.696670319844222,52.3106341005167,9.60937632900709,0.279239079379991,0.143708933658462,0,0,NA,NA,NA,NA,NA,NA,NA,NA,NA,NA,NA,NA,NA,NA,NA,NA,NA,NA,NA,NA,NA,NA,NA,NA,NA,NA,NA,NA,NA,NA,NA,NA,2019,1995-09-15,NA,NA,NA,NA
"DK Metcalf","PIT","WR","14102","weighted",NA,NA,NA,NA,NA,NA,0.165824330671677,0.205013344890063,0.0192484734617191,0.0396494454451675,0,0,NA,NA,NA,NA,NA,NA,0,0,3.94125880695162,0.576532305377348,54.3148990136214,6.51648260704402,0.275979333020197,0.13541906805891,0,0,NA,NA,NA,NA,NA,NA,NA,NA,NA,NA,NA,NA,NA,NA,NA,NA,NA,NA,NA,NA,NA,NA,NA,NA,NA,NA,NA,NA,NA,NA,NA,NA,2019,1997-12-14,NA,NA,NA,NA
"Romeo Doubs","NE","WR","15779","weighted",NA,NA,NA,NA,NA,NA,0,0,0,0,0,0,NA,NA,NA,NA,NA,NA,0,0,3.84821982151245,0.491051004799684,54.9382057303899,5.68458647382911,0.241305777360263,0.120433195002106,0,0,NA,NA,NA,NA,NA,NA,NA,NA,NA,NA,NA,NA,NA,NA,NA,NA,NA,NA,NA,NA,NA,NA,NA,NA,NA,NA,NA,NA,NA,NA,NA,NA,2022,2000-04-13,NA,NA,NA,NA
"Emeka Egbuka","TB","WR","17081","weighted",NA,NA,NA,NA,NA,NA,0.442921559417567,0.577717907001497,0.00151244715829028,0.00392930274938733,0,0,NA,NA,NA,NA,NA,NA,0,0,4.01155472052607,0.542451978145724,55.3101268201033,6.17008421914928,0.318318459370596,0.166726060581133,0,0,NA,NA,NA,NA,NA,NA,NA,NA,NA,NA,NA,NA,NA,NA,NA,NA,NA,NA,NA,NA,NA,NA,NA,NA,NA,NA,NA,NA,NA,NA,NA,NA,2025,2002-10-14,NA,NA,NA,NA
"Denzel Boston","CLE","WR","17500","weighted",NA,NA,NA,NA,NA,NA,0.554072334429309,0.72383471467537,0,0,0.0322843275403163,0.0365554235142745,NA,NA,NA,NA,NA,NA,0,0,3.89503992484735,0.134923896935478,53.4850728041334,5.19720847564802,0.292954438703617,0.162650431813781,0,0,NA,NA,NA,NA,NA,NA,NA,NA,NA,NA,NA,NA,NA,NA,NA,NA,NA,NA,NA,NA,NA,NA,NA,NA,NA,NA,NA,NA,NA,NA,NA,NA,2026,2003-12-06,NA,NA,NA,NA
"Jameson Williams","DET","WR","15756","weighted",NA,NA,NA,NA,NA,NA,2.64861437294504,1.71374718847414,0.0214091122592767,0.039838317344599,0,0,NA,NA,NA,NA,NA,NA,0,0,3.63992484734617,0.35889699167492,58.54657585721,4.53748722299012,0.328529826209488,0.169548922350047,0,0,NA,NA,NA,NA,NA,NA,NA,NA,NA,NA,NA,NA,NA,NA,NA,NA,NA,NA,NA,NA,NA,NA,NA,NA,NA,NA,NA,NA,NA,NA,NA,NA,2022,2001-03-26,NA,NA,NA,NA
"Ladd McConkey","LAC","WR","16627","weighted",NA,NA,NA,NA,NA,NA,0.0463879755753875,0.0859118499596481,0,0,0,0,NA,NA,NA,NA,NA,NA,0,0,4.50411460779709,0.367333494199782,57.3516392672616,4.16761679930099,0.321418506341005,0.167971267051693,0,0,NA,NA,NA,NA,NA,NA,NA,NA,NA,NA,NA,NA,NA,NA,NA,NA,NA,NA,NA,NA,NA,NA,NA,NA,NA,NA,NA,NA,NA,NA,NA,NA,2024,2001-11-11,NA,NA,NA,NA
"Carnell Tate","TEN","WR","17497","weighted",NA,NA,NA,NA,NA,NA,0.346378581493659,0.379670491530216,0,0,0.0322843275403163,0.0365554235142745,NA,NA,NA,NA,NA,NA,0,0,3.85488022545796,0.184464201349775,49.5990511977454,5.78488706925684,0.205279473931423,0.107061060548216,0,0,NA,NA,NA,NA,NA,NA,NA,NA,NA,NA,NA,NA,NA,NA,NA,NA,NA,NA,NA,NA,NA,NA,NA,NA,NA,NA,NA,NA,NA,NA,NA,NA,2026,2005-01-19,NA,NA,NA,NA
"Stefon Diggs","WAS","WR","12186","weighted",NA,NA,NA,NA,NA,NA,0.0424424612494129,0.049920573772846,0,0,0,0,NA,NA,NA,NA,NA,NA,0,0,4.3996054485674,0.608393738992312,47.5764678252701,7.8356007025833,0.259718177548145,0.157311074570168,0,0,NA,NA,NA,NA,NA,NA,NA,NA,NA,NA,NA,NA,NA,NA,NA,NA,NA,NA,NA,NA,NA,NA,NA,NA,NA,NA,NA,NA,NA,NA,NA,NA,2015,1993-11-29,NA,NA,NA,NA
"Devaughn Vele","NO","WR","16788","weighted",NA,NA,NA,NA,NA,NA,0.0231939877876938,0.042955924979824,0,0,0,0,NA,NA,NA,NA,NA,NA,0,0,4.08652888680132,0.60208979168759,49.1301268201033,7.63426128817155,0.259924847346172,0.131522125446965,0,0,NA,NA,NA,NA,NA,NA,NA,NA,NA,NA,NA,NA,NA,NA,NA,NA,NA,NA,NA,NA,NA,NA,NA,NA,NA,NA,NA,NA,NA,NA,NA,NA,2024,1997-12-12,NA,NA,NA,NA
"D.J. Moore","BUF","WR","13635","weighted",NA,NA,NA,NA,NA,NA,1.72973669467787,1.03166146459822,0.0036078431372549,0.00861224871016088,0,0,NA,NA,NA,NA,NA,NA,0,0,3.15741176470588,1.30563585492603,42.3717759103641,19.4296568991645,0.226913165266106,0.208484703676209,0,0,NA,NA,NA,NA,NA,NA,NA,NA,NA,NA,NA,NA,NA,NA,NA,NA,NA,NA,NA,NA,NA,NA,NA,NA,NA,NA,NA,NA,NA,NA,NA,NA,2018,1997-04-14,"Q","Shoulder - AC Joint",2026,3
"Josh Downs","IND","WR","16187","weighted",NA,NA,NA,NA,NA,NA,0.231000469704086,0.381295558057135,0,0,0,0,NA,NA,NA,NA,NA,NA,0,0,4.79326444340066,0.677090181909319,54.1374260216064,3.60188120582336,0.270746829497417,0.15671936444832,0,0,NA,NA,NA,NA,NA,NA,NA,NA,NA,NA,NA,NA,NA,NA,NA,NA,NA,NA,NA,NA,NA,NA,NA,NA,NA,NA,NA,NA,NA,NA,NA,NA,2023,2001-08-12,NA,NA,NA,NA
"Quentin Johnston","LAC","WR","16188","weighted",NA,NA,NA,NA,NA,NA,0.699107562235791,0.554104161744023,0,0,0,0,NA,NA,NA,NA,NA,NA,0,0,3.35685298262095,0.386759329046103,46.2623015500235,8.57595863418289,0.282132456552372,0.142151167300168,0,0,NA,NA,NA,NA,NA,NA,NA,NA,NA,NA,NA,NA,NA,NA,NA,NA,NA,NA,NA,NA,NA,NA,NA,NA,NA,NA,NA,NA,NA,NA,NA,NA,2023,2001-09-06,NA,NA,NA,NA
"Jakobi Meyers","JAC","WR","14127","weighted",NA,NA,NA,NA,NA,NA,1.12196336308126,0.674090983231329,0.00151244715829028,0.00392930274938733,0,0,NA,NA,NA,NA,NA,NA,0,0,3.71767026773133,0.742166573318731,43.1676655706905,6.55279993457985,0.256665100986379,0.120588717037713,0,0,NA,NA,NA,NA,NA,NA,NA,NA,NA,NA,NA,NA,NA,NA,NA,NA,NA,NA,NA,NA,NA,NA,NA,NA,NA,NA,NA,NA,NA,NA,NA,NA,2019,1996-11-09,NA,NA,NA,NA
"Adonai Mitchell","NYJ","WR","16626","weighted",NA,NA,NA,NA,NA,NA,0.19394081728511,0.392536596398893,0,0,0.0322843275403163,0.0365554235142745,NA,NA,NA,NA,NA,NA,0,0,3.17112259276656,0.513027033200775,46.4279004227337,7.83008390139543,0.150709253170503,0.0802021975715254,0,0,NA,NA,NA,NA,NA,NA,NA,NA,NA,NA,NA,NA,NA,NA,NA,NA,NA,NA,NA,NA,NA,NA,NA,NA,NA,NA,NA,NA,NA,NA,NA,NA,2024,2002-10-08,NA,NA,NA,NA
"Luther Burden","CHI","WR","17070","weighted",NA,NA,NA,NA,NA,NA,2.91510568341945,1.65730911923939,0.00302489431658055,0.00785860549877465,0.0952559887271019,0.0651009483308728,NA,NA,NA,NA,NA,NA,0,0,4.00504462188821,0.614636954666495,49.1361672146548,4.98624964675553,0.170023485204321,0.101785357448616,0,0,NA,NA,NA,NA,NA,NA,NA,NA,NA,NA,NA,NA,NA,NA,NA,NA,NA,NA,NA,NA,NA,NA,NA,NA,NA,NA,NA,NA,NA,NA,NA,NA,2025,2003-12-12,NA,NA,NA,NA
"Khalil Shakir","BUF","WR","15761","weighted",NA,NA,NA,NA,NA,NA,0.283419445749178,0.38134795673758,0,0,0.0314858305933928,0.0360763731286367,NA,NA,NA,NA,NA,NA,0,0,4.42880225457961,0.526031176847794,47.3654109910756,5.83150055181177,0.221409112259277,0.129252632127446,0,0,NA,NA,NA,NA,NA,NA,NA,NA,NA,NA,NA,NA,NA,NA,NA,NA,NA,NA,NA,NA,NA,NA,NA,NA,NA,NA,NA,NA,NA,NA,NA,NA,2022,2000-02-03,NA,NA,NA,NA
"Xavier Hutchinson","HOU","WR","16201","weighted",NA,NA,NA,NA,NA,NA,0.368154062940348,0.422513347327158,0,0,0,0,NA,NA,NA,NA,NA,NA,0,0,2.83263503992485,0.813718415888968,37.5209863785815,10.3962901224718,0.177820573038985,0.0981770203457189,0,0,NA,NA,NA,NA,NA,NA,NA,NA,NA,NA,NA,NA,NA,NA,NA,NA,NA,NA,NA,NA,NA,NA,NA,NA,NA,NA,NA,NA,NA,NA,NA,NA,2023,2000-06-01,NA,NA,NA,NA
"Deebo Samuel","SF","WR","14136","weighted",NA,NA,NA,NA,NA,NA,6.59534992954439,1.05115630259038,0.0306904650070456,0.046651626490093,0,0,NA,NA,NA,NA,NA,NA,0,0,4.25725692813528,0.466647561011411,47.8978863316111,4.56717348838474,0.30605918271489,0.163934843226631,0,0,NA,NA,NA,NA,NA,NA,NA,NA,NA,NA,NA,NA,NA,NA,NA,NA,NA,NA,NA,NA,NA,NA,NA,NA,NA,NA,NA,NA,NA,NA,NA,NA,2019,1996-01-15,NA,NA,NA,NA
"Rashod Bateman","BAL","WR","15293","weighted",NA,NA,NA,NA,NA,NA,0.0231939877876938,0.042955924979824,0,0,0,0,NA,NA,NA,NA,NA,NA,0,0,3.07936120244246,0.550043587006912,45.83266322217,6.20728046362707,0.367214654767496,0.260965303226512,0,0,NA,NA,NA,NA,NA,NA,NA,NA,NA,NA,NA,NA,NA,NA,NA,NA,NA,NA,NA,NA,NA,NA,NA,NA,NA,NA,NA,NA,NA,NA,NA,NA,2021,1999-11-29,NA,NA,NA,NA
"Tre Tucker","LVR","WR","16287","weighted",NA,NA,NA,NA,NA,NA,1.2869516204791,0.783116132222789,0.00151244715829028,0.00392930274938733,0,0,NA,NA,NA,NA,NA,NA,0,0,3.45767026773133,0.671667425878463,44.6931892907468,8.61114577102136,0.219924847346172,0.113608489924307,0,0,NA,NA,NA,NA,NA,NA,NA,NA,NA,NA,NA,NA,NA,NA,NA,NA,NA,NA,NA,NA,NA,NA,NA,NA,NA,NA,NA,NA,NA,NA,NA,NA,2023,2001-03-08,NA,NA,NA,NA
"Brian Thomas Jr.","JAC","WR","16618","weighted",NA,NA,NA,NA,NA,NA,0.719210897134805,0.56451567549368,0,0,0,0,NA,NA,NA,NA,NA,NA,0,0,3.41852512916862,0.345447043256331,47.7806294034758,3.94526519489968,0.252127759511508,0.118276503292345,0,0,NA,NA,NA,NA,NA,NA,NA,NA,NA,NA,NA,NA,NA,NA,NA,NA,NA,NA,NA,NA,NA,NA,NA,NA,NA,NA,NA,NA,NA,NA,NA,NA,2024,2002-10-08,NA,NA,NA,NA
"Courtland Sutton","DEN","WR","13630","weighted",NA,NA,NA,NA,NA,NA,0,0,0,0,0,0,NA,NA,NA,NA,NA,NA,0,0,3.74710192578675,0.218081266378039,46.475500234852,3.35656902745734,0.25305777360263,0.134678676135484,0,0,NA,NA,NA,NA,NA,NA,NA,NA,NA,NA,NA,NA,NA,NA,NA,NA,NA,NA,NA,NA,NA,NA,NA,NA,NA,NA,NA,NA,NA,NA,NA,NA,2018,1995-10-10,NA,NA,NA,NA
"Keon Coleman","BUF","WR","16617","weighted",NA,NA,NA,NA,NA,NA,0.0424424612494129,0.049920573772846,0,0,0,0,NA,NA,NA,NA,NA,NA,0,0,2.69161108501644,0.749996146525558,33.9697698449976,9.45626898053142,0.182226397369657,0.0952397681003667,0,0,NA,NA,NA,NA,NA,NA,NA,NA,NA,NA,NA,NA,NA,NA,NA,NA,NA,NA,NA,NA,NA,NA,NA,NA,NA,NA,NA,NA,NA,NA,NA,NA,2024,2003-05-17,NA,NA,NA,NA
"Calvin Ridley","TEN","WR","13629","weighted",NA,NA,NA,NA,NA,NA,0.553781117895726,0.658019568678626,0,0,0,0,NA,NA,NA,NA,NA,NA,0,0,2.38720526068577,0.40906466720789,34.7827054955378,9.44674888074678,0.138374823860968,0.101272555431518,0,0,NA,NA,NA,NA,NA,NA,NA,NA,NA,NA,NA,NA,NA,NA,NA,NA,NA,NA,NA,NA,NA,NA,NA,NA,NA,NA,NA,NA,NA,NA,NA,NA,2018,1994-12-20,NA,NA,NA,NA
"Rashid Shaheed","SEA","WR","16080","weighted",NA,NA,NA,NA,NA,NA,4.17426021606388,2.21443488392119,0.00453734147487083,0.011787908248162,0.0322843275403163,0.0365554235142745,NA,NA,NA,NA,NA,NA,0,0,2.76984499765148,0.220678560758869,39.8715077501174,6.92559887152436,0.134419915453264,0.079173117503186,0,0,NA,NA,NA,NA,NA,NA,NA,NA,NA,NA,NA,NA,NA,NA,NA,NA,NA,NA,NA,NA,NA,NA,NA,NA,NA,NA,NA,NA,NA,NA,NA,NA,2022,1998-08-31,NA,NA,NA,NA
"Jayden Reed","GB","WR","16184","weighted",NA,NA,NA,NA,NA,NA,2.00081792318634,0.565995779733311,0.00574326479589637,0.00929110104570113,0,0,NA,NA,NA,NA,NA,NA,0,0,2.73519440493125,0.860295424160505,33.7074442863917,11.5085808106925,0.211033722459528,0.0948657501871586,0,0,NA,NA,NA,NA,NA,NA,NA,NA,NA,NA,NA,NA,NA,NA,NA,NA,NA,NA,NA,NA,NA,NA,NA,NA,NA,NA,NA,NA,NA,NA,NA,NA,2023,2000-04-28,"D","Neck",2026,3
"Rome Odunze","CHI","WR","16616","weighted",NA,NA,NA,NA,NA,NA,0.246190699859089,0.366864323419736,0,0,0,0,NA,NA,NA,NA,NA,NA,0,0,3.07200563644904,0.186979673756933,45.759032409582,2.80521920000269,0.200742132456552,0.106959617623754,0,0,NA,NA,NA,NA,NA,NA,NA,NA,NA,NA,NA,NA,NA,NA,NA,NA,NA,NA,NA,NA,NA,NA,NA,NA,NA,NA,NA,NA,NA,NA,NA,NA,2024,2002-06-03,NA,NA,NA,NA
"Michael Pittman","PIT","WR","14842","weighted",NA,NA,NA,NA,NA,NA,0.0291571428571429,0.0463491999905743,0,0,0,0,NA,NA,NA,NA,NA,NA,0,0,4.19763428571429,0.6665970803435,43.8913028571429,6.29605287040775,0.210194285714286,0.12216524223217,0,0,NA,NA,NA,NA,NA,NA,NA,NA,NA,NA,NA,NA,NA,NA,NA,NA,NA,NA,NA,NA,NA,NA,NA,NA,NA,NA,NA,NA,NA,NA,NA,NA,2020,1997-10-05,"Q","Foot",2026,3
"Dontayvion Wicks","PHI","WR","16195","weighted",NA,NA,NA,NA,NA,NA,0.0993893846876468,0.108319403502199,0,0,0,0,NA,NA,NA,NA,NA,NA,0,0,3.26075152653828,0.437408002967328,44.8439173320808,5.0237126901945,0.243053076561766,0.117125765845059,0,0,NA,NA,NA,NA,NA,NA,NA,NA,NA,NA,NA,NA,NA,NA,NA,NA,NA,NA,NA,NA,NA,NA,NA,NA,NA,NA,NA,NA,NA,NA,NA,NA,2023,2001-06-16,NA,NA,NA,NA
"Chris Godwin","TB","WR","13163","weighted",NA,NA,NA,NA,NA,NA,1.25317050258337,1.00401480735032,0,0,0,0,NA,NA,NA,NA,NA,NA,0,0,3.71151714419915,0.443749065283002,43.5008548614373,5.03128361397252,0.236899953029591,0.133952190233865,0,0,NA,NA,NA,NA,NA,NA,NA,NA,NA,NA,NA,NA,NA,NA,NA,NA,NA,NA,NA,NA,NA,NA,NA,NA,NA,NA,NA,NA,NA,NA,NA,NA,2017,1996-02-27,NA,NA,NA,NA
"Xavier Worthy","KC","WR","16620","weighted",NA,NA,NA,NA,NA,NA,3.4852043212776,3.12623174614816,0.0362611554720526,0.0527238424971692,0,0,NA,NA,NA,NA,NA,NA,0,0,3.6977923907938,0.394118503226782,44.4503240958196,3.54073335439663,0.31526538280883,0.152984658404602,0,0,NA,NA,NA,NA,NA,NA,NA,NA,NA,NA,NA,NA,NA,NA,NA,NA,NA,NA,NA,NA,NA,NA,NA,NA,NA,NA,NA,NA,NA,NA,NA,NA,2024,2003-04-27,NA,NA,NA,NA
"Marvin Harrison Jr.","ARI","WR","16614","weighted",NA,NA,NA,NA,NA,NA,0,0,0,0,0,0,NA,NA,NA,NA,NA,NA,0,0,2.94970408642555,0.263256312223532,39.4768248003758,5.2160970206476,0.199098168154063,0.106029804561829,0,0,NA,NA,NA,NA,NA,NA,NA,NA,NA,NA,NA,NA,NA,NA,NA,NA,NA,NA,NA,NA,NA,NA,NA,NA,NA,NA,NA,NA,NA,NA,NA,NA,2024,2002-08-11,NA,NA,NA,NA
"Jordan Addison","MIN","WR","16186","weighted",NA,NA,NA,NA,NA,NA,1.4713010803194,1.15638013508784,0.0176702677313293,0.0398246440341435,0,0,NA,NA,NA,NA,NA,NA,0,0,3.34674495068107,0.608110776641526,43.1526914044152,4.91837044307622,0.235255988727102,0.116644696429876,0,0,NA,NA,NA,NA,NA,NA,NA,NA,NA,NA,NA,NA,NA,NA,NA,NA,NA,NA,NA,NA,NA,NA,NA,NA,NA,NA,NA,NA,NA,NA,NA,NA,2023,2002-01-27,NA,NA,NA,NA
"Malik Washington","MIA","WR","16684","weighted",NA,NA,NA,NA,NA,NA,2.78388795518207,1.65444704014121,0.0219271708683473,0.0422494643333181,0.0943417366946779,0.0725569707612189,NA,NA,NA,NA,NA,NA,0,0,3.69471148459384,0.277314856356894,42.3404369747899,5.26055785549451,0.199081232492997,0.119566330428741,0,0,NA,NA,NA,NA,NA,NA,NA,NA,NA,NA,NA,NA,NA,NA,NA,NA,NA,NA,NA,NA,NA,NA,NA,NA,NA,NA,NA,NA,NA,NA,NA,NA,2024,2000-10-20,NA,NA,NA,NA
"Makai Lemon","PHI","WR","17499","weighted",NA,NA,NA,NA,NA,NA,0.333255049318929,0.997954710157495,0,0,0.0322843275403163,0.0365554235142745,NA,NA,NA,NA,NA,NA,0,0,2.91100986378581,0.911127168888681,35.7898356035698,14.0178959223394,0.159201503053077,0.122619599460535,0,0,NA,NA,NA,NA,NA,NA,NA,NA,NA,NA,NA,NA,NA,NA,NA,NA,NA,NA,NA,NA,NA,NA,NA,NA,NA,NA,NA,NA,NA,NA,NA,NA,2026,2004-06-02,NA,NA,NA,NA
"Caleb Douglas","MIA","WR","17599","weighted",NA,NA,NA,NA,NA,NA,0.32713010803194,0.368460294225461,0,0,0.0322843275403163,0.0365554235142745,NA,NA,NA,NA,NA,NA,0,0,2.54297792390794,0.914602571726285,33.8427148896195,14.5170522164946,0.0649976514795679,0.0764650212847401,0,0,NA,NA,NA,NA,NA,NA,NA,NA,NA,NA,NA,NA,NA,NA,NA,NA,NA,NA,NA,NA,NA,NA,NA,NA,NA,NA,NA,NA,NA,NA,NA,NA,2026,2003-09-09,"Q","Ankle",2026,3
"KC Concepcion","CLE","WR","17501","weighted",NA,NA,NA,NA,NA,NA,6.0418130577736,3.15287904745875,0.0120995772663222,0.0314344219950986,0.163770158133709,0.0385449287562819,NA,NA,NA,NA,NA,NA,0,0,3.94473461719117,0.283640667101104,43.0336026303429,5.75366860326565,0.147449506810709,0.110259479738301,0,0,NA,NA,NA,NA,NA,NA,NA,NA,NA,NA,NA,NA,NA,NA,NA,NA,NA,NA,NA,NA,NA,NA,NA,NA,NA,NA,NA,NA,NA,NA,NA,NA,2026,2004-09-24,NA,NA,NA,NA
"Wan'Dale Robinson","TEN","WR","15757","weighted",NA,NA,NA,NA,NA,NA,0.636918741193048,0.573615966521088,0.00151244715829028,0.00392930274938733,0,0,NA,NA,NA,NA,NA,NA,0,0,4.22298731798967,0.38109017648029,40.8631939877877,3.02090184576129,0.171404415218412,0.101290749912453,0,0,NA,NA,NA,NA,NA,NA,NA,NA,NA,NA,NA,NA,NA,NA,NA,NA,NA,NA,NA,NA,NA,NA,NA,NA,NA,NA,NA,NA,NA,NA,NA,NA,2022,2001-01-05,NA,NA,NA,NA
"Mack Hollins","NE","WR","13289","weighted",NA,NA,NA,NA,NA,NA,0.0424424612494129,0.049920573772846,0,0,0,0,NA,NA,NA,NA,NA,NA,0,0,3.18899953029591,0.370386495096855,40.4229309534993,4.14191524420714,0.158271488961954,0.0857391162728741,0,0,NA,NA,NA,NA,NA,NA,NA,NA,NA,NA,NA,NA,NA,NA,NA,NA,NA,NA,NA,NA,NA,NA,NA,NA,NA,NA,NA,NA,NA,NA,NA,NA,2017,1993-09-16,NA,NA,NA,NA
"Keenan Allen","IND","WR","11222","weighted",NA,NA,NA,NA,NA,NA,-0.0368999530295914,0.0777752036843424,0,0,0,0,NA,NA,NA,NA,NA,NA,0,0,3.76310004697041,0.318520444419941,40.4029309534993,4.1661464097667,0.153734147487083,0.0818979694516568,0,0,NA,NA,NA,NA,NA,NA,NA,NA,NA,NA,NA,NA,NA,NA,NA,NA,NA,NA,NA,NA,NA,NA,NA,NA,NA,NA,NA,NA,NA,NA,NA,NA,2013,1992-04-27,NA,NA,NA,NA
"Bryce Lance","NO","WR","17519","weighted",NA,NA,NA,NA,NA,NA,0.10018788163457,0.152635390915527,0,0,0.0322843275403163,0.0365554235142745,NA,NA,NA,NA,NA,NA,0,0,2.12506341005167,0.745909016411165,27.1553593236261,9.4471862190935,0.0989572569281353,0.0843884447455817,0,0,NA,NA,NA,NA,NA,NA,NA,NA,NA,NA,NA,NA,NA,NA,NA,NA,NA,NA,NA,NA,NA,NA,NA,NA,NA,NA,NA,NA,NA,NA,NA,NA,2026,2002-08-20,NA,NA,NA,NA
"Cooper Kupp","SEA","WR","13164","weighted",NA,NA,NA,NA,NA,NA,0.0848849224988257,0.099841147545692,0,0,0.0314858305933928,0.0360763731286367,NA,NA,NA,NA,NA,NA,0,0,2.62644434006576,0.545300850952526,34.6909722874589,6.86652061307187,0.157341474870831,0.087623634270982,0,0,NA,NA,NA,NA,NA,NA,NA,NA,NA,NA,NA,NA,NA,NA,NA,NA,NA,NA,NA,NA,NA,NA,NA,NA,NA,NA,NA,NA,NA,NA,NA,NA,2017,1993-06-15,NA,NA,NA,NA
"Demario Douglas","NE","WR","16342","weighted",NA,NA,NA,NA,NA,NA,0.484828558008455,0.518952943723885,0,0,0,0,NA,NA,NA,NA,NA,NA,0,0,3.04961953969,0.334655924954538,36.8786754344763,6.55676860317505,0.169093471113199,0.0792816494748911,0,0,NA,NA,NA,NA,NA,NA,NA,NA,NA,NA,NA,NA,NA,NA,NA,NA,NA,NA,NA,NA,NA,NA,NA,NA,NA,NA,NA,NA,NA,NA,NA,NA,2023,2000-12-08,NA,NA,NA,NA
"Tre Harris","LAC","WR","17072","weighted",NA,NA,NA,NA,NA,NA,0.165824330671677,0.205013344890063,0,0,0,0,NA,NA,NA,NA,NA,NA,0,0,2.54860497886332,0.449970122336907,33.0135838421794,7.06064445508001,0.133038985439173,0.0774341496047648,0,0,NA,NA,NA,NA,NA,NA,NA,NA,NA,NA,NA,NA,NA,NA,NA,NA,NA,NA,NA,NA,NA,NA,NA,NA,NA,NA,NA,NA,NA,NA,NA,NA,2025,2002-02-28,NA,NA,NA,NA
"Kalif Raymond","CHI","WR","13066","weighted",NA,NA,NA,NA,NA,NA,0.565899483325505,0.458402462511912,0,0,0,0,NA,NA,NA,NA,NA,NA,0,0,2.98793799906059,0.571409226620066,31.9395584781588,5.72036169353846,0.105373414748708,0.063543066765637,0,0,NA,NA,NA,NA,NA,NA,NA,NA,NA,NA,NA,NA,NA,NA,NA,NA,NA,NA,NA,NA,NA,NA,NA,NA,NA,NA,NA,NA,NA,NA,NA,NA,2016,1994-08-08,NA,NA,NA,NA
"Kendrick Bourne","ARI","WR","13418","weighted",NA,NA,NA,NA,NA,NA,0.0192484734617191,0.0396494454451675,0,0,0,0,NA,NA,NA,NA,NA,NA,0,0,2.90854861437295,0.332112805094286,32.9435603569751,5.2801965980947,0.0827994363550963,0.0694516241531342,0,0,NA,NA,NA,NA,NA,NA,NA,NA,NA,NA,NA,NA,NA,NA,NA,NA,NA,NA,NA,NA,NA,NA,NA,NA,NA,NA,NA,NA,NA,NA,NA,NA,2017,1995-08-04,NA,NA,NA,NA
"Jaylin Noel","HOU","WR","17080","weighted",NA,NA,NA,NA,NA,NA,1.01822451855331,0.927463369653814,0,0,0,0,NA,NA,NA,NA,NA,NA,0,0,2.26149365899483,0.714515152936641,31.2464255519023,8.9181321808223,0.124556129638328,0.0742215329430309,0,0,NA,NA,NA,NA,NA,NA,NA,NA,NA,NA,NA,NA,NA,NA,NA,NA,NA,NA,NA,NA,NA,NA,NA,NA,NA,NA,NA,NA,NA,NA,NA,NA,2025,2002-09-04,NA,NA,NA,NA
"Ryan Flournoy","DAL","WR","16778","weighted",NA,NA,NA,NA,NA,NA,0.642743071864725,0.521575491362047,0,0,0,0,NA,NA,NA,NA,NA,NA,0,0,2.94396430248943,0.541729882066895,33.0470831376233,6.66539966702901,0.162592766557069,0.113346381078437,0,0,NA,NA,NA,NA,NA,NA,NA,NA,NA,NA,NA,NA,NA,NA,NA,NA,NA,NA,NA,NA,NA,NA,NA,NA,NA,NA,NA,NA,NA,NA,NA,NA,2024,1999-10-27,NA,NA,NA,NA
"Malachi Fields","NYG","WR","17511","weighted",NA,NA,NA,NA,NA,NA,0.161878816345702,0.229941203096286,0,0,0.0322843275403163,0.0365554235142745,NA,NA,NA,NA,NA,NA,0,0,2.55542508219821,0.510999649556296,32.7762705495538,7.03019946078644,0.138243306716768,0.119746522187403,0,0,NA,NA,NA,NA,NA,NA,NA,NA,NA,NA,NA,NA,NA,NA,NA,NA,NA,NA,NA,NA,NA,NA,NA,NA,NA,NA,NA,NA,NA,NA,NA,NA,2026,2003-08-26,NA,NA,NA,NA
"Kayshon Boutte","HOU","WR","16193","weighted",NA,NA,NA,NA,NA,NA,0.184499765147957,0.388876018421712,0,0,0,0,NA,NA,NA,NA,NA,NA,0,0,2.42277125410991,0.408619029831958,35.0133395960545,4.53532284628883,0.18315641146078,0.114841957877268,0,0,NA,NA,NA,NA,NA,NA,NA,NA,NA,NA,NA,NA,NA,NA,NA,NA,NA,NA,NA,NA,NA,NA,NA,NA,NA,NA,NA,NA,NA,NA,NA,NA,2023,2002-05-07,NA,NA,NA,NA
"Tyquan Thornton","KC","WR","15787","weighted",NA,NA,NA,NA,NA,NA,0,0,0,0,0,0,NA,NA,NA,NA,NA,NA,0,0,1.89209018318459,0.250353292270091,31.109309534993,7.56579958268597,0.160018788163457,0.0785286369400564,0,0,NA,NA,NA,NA,NA,NA,NA,NA,NA,NA,NA,NA,NA,NA,NA,NA,NA,NA,NA,NA,NA,NA,NA,NA,NA,NA,NA,NA,NA,NA,NA,NA,2022,2000-08-07,NA,NA,NA,NA
"Jerry Jeudy","CLE","WR","14833","weighted",NA,NA,NA,NA,NA,NA,0.0848849224988257,0.099841147545692,0,0,0,0,NA,NA,NA,NA,NA,NA,0,0,2.39717238139972,0.398812548486658,29.5309816815406,4.95898256101895,0.128370126820103,0.0755419251281438,0,0,NA,NA,NA,NA,NA,NA,NA,NA,NA,NA,NA,NA,NA,NA,NA,NA,NA,NA,NA,NA,NA,NA,NA,NA,NA,NA,NA,NA,NA,NA,NA,NA,2020,1999-04-24,NA,NA,NA,NA
"Darnell Mooney","NYG","WR","14974","weighted",NA,NA,NA,NA,NA,NA,0.214842649131047,0.390009288930817,0,0,0,0,NA,NA,NA,NA,NA,NA,0,0,2.02600281822452,0.615845179117448,29.3684358853922,7.96505852296741,0.0574354156881165,0.0629206609156811,0,0,NA,NA,NA,NA,NA,NA,NA,NA,NA,NA,NA,NA,NA,NA,NA,NA,NA,NA,NA,NA,NA,NA,NA,NA,NA,NA,NA,NA,NA,NA,NA,NA,2020,1997-10-29,NA,NA,NA,NA
"Elic Ayomanor","TEN","WR","17073","weighted",NA,NA,NA,NA,NA,NA,0,0,0,0,0,0,NA,NA,NA,NA,NA,NA,0,0,1.95672,0.453615323260699,27.9685142857143,9.33298878101527,0.13736,0.113286451265839,0,0,NA,NA,NA,NA,NA,NA,NA,NA,NA,NA,NA,NA,NA,NA,NA,NA,NA,NA,NA,NA,NA,NA,NA,NA,NA,NA,NA,NA,NA,NA,NA,NA,2025,2003-06-03,NA,NA,NA,NA
"Pat Bryant","DEN","WR","17082","weighted",NA,NA,NA,NA,NA,NA,1.43092625645843,1.02132863589461,0.00364302489431658,0.00773137961261275,0,0,NA,NA,NA,NA,NA,NA,0,0,2.5317613903241,0.341141581797232,30.4346077970878,4.57631791307208,0.118262094880225,0.0731356841750796,0,0,NA,NA,NA,NA,NA,NA,NA,NA,NA,NA,NA,NA,NA,NA,NA,NA,NA,NA,NA,NA,NA,NA,NA,NA,NA,NA,NA,NA,NA,NA,NA,NA,2025,2002-12-10,NA,NA,NA,NA
"Roman Wilson","PIT","WR","16629","weighted",NA,NA,NA,NA,NA,NA,0.0424424612494129,0.049920573772846,0,0,0.0322843275403163,0.0365554235142745,NA,NA,NA,NA,NA,NA,0,0,2.36699859088774,1.04090043675088,25.0879286049789,8.9282740414202,0.112456552372006,0.077765442768842,0,0,NA,NA,NA,NA,NA,NA,NA,NA,NA,NA,NA,NA,NA,NA,NA,NA,NA,NA,NA,NA,NA,NA,NA,NA,NA,NA,NA,NA,NA,NA,NA,NA,2024,2001-06-19,NA,NA,NA,NA
"Germie Bernard","PIT","WR","17503","weighted",NA,NA,NA,NA,NA,NA,0.161878816345702,0.229941203096286,0,0,0.0322843275403163,0.0365554235142745,NA,NA,NA,NA,NA,NA,0,0,2.01012682010334,0.848312853097441,22.2301080319399,10.8001438027422,0.0913950211366839,0.0764935774100237,0,0,NA,NA,NA,NA,NA,NA,NA,NA,NA,NA,NA,NA,NA,NA,NA,NA,NA,NA,NA,NA,NA,NA,NA,NA,NA,NA,NA,NA,NA,NA,NA,NA,2026,2003-12-02,NA,NA,NA,NA
"Demarcus Robinson","SF","WR","12785","weighted",NA,NA,NA,NA,NA,NA,0,0,0,0,NA,NA,NA,NA,NA,NA,NA,NA,0,0,2.65,0,35.88,0,0.24,3.92545808459571e-17,0,0,NA,NA,NA,NA,NA,NA,NA,NA,NA,NA,NA,NA,NA,NA,NA,NA,NA,NA,NA,NA,NA,NA,NA,NA,NA,NA,NA,NA,NA,NA,NA,NA,2016,1994-09-21,"O","Ankle",2026,3
"Jalen McMillan","TB","WR","16628","weighted",NA,NA,NA,NA,NA,NA,0.711319868482856,0.59501126056747,0,0,0,0,NA,NA,NA,NA,NA,NA,0,0,2.04743071864725,0.622894964309584,26.5497886331611,7.37899550485242,0.154316580554251,0.084487949803243,0,0,NA,NA,NA,NA,NA,NA,NA,NA,NA,NA,NA,NA,NA,NA,NA,NA,NA,NA,NA,NA,NA,NA,NA,NA,NA,NA,NA,NA,NA,NA,NA,NA,2024,2001-12-07,NA,NA,NA,NA
"Jauan Jennings","MIN","WR","14860","weighted",NA,NA,NA,NA,NA,NA,0,0,0,0,0,0,NA,NA,NA,NA,NA,NA,0,0,2.63409142857143,0.660569147576511,28.5623085714286,7.16792095892832,0.189417142857143,0.110109546305012,0,0,NA,NA,NA,NA,NA,NA,NA,NA,NA,NA,NA,NA,NA,NA,NA,NA,NA,NA,NA,NA,NA,NA,NA,NA,NA,NA,NA,NA,NA,NA,NA,NA,2020,1997-07-10,"Q","Personal",2026,3
"Laquon Treadwell","IND","WR","12645","weighted",NA,NA,NA,NA,NA,NA,0.075415052573326,0.0816622663939452,0,0,0,0,NA,NA,NA,NA,NA,NA,0,0,1.65749861649142,0.624546104585885,23.7992252351965,10.9881719788657,0.0636967349197565,0.0538384506207532,0,0,NA,NA,NA,NA,NA,NA,NA,NA,NA,NA,NA,NA,NA,NA,NA,NA,NA,NA,NA,NA,NA,NA,NA,NA,NA,NA,NA,NA,NA,NA,NA,NA,2016,1995-06-14,NA,NA,NA,NA
"Isaiah Bond","CLE","WR","17076","weighted",NA,NA,NA,NA,NA,NA,1.19291428571429,0.794080471768216,0,0,0,0,NA,NA,NA,NA,NA,NA,0,0,0.740651428571429,0.599446569099895,13.7458514285714,12.158626747103,0.0477942857142857,0.0525336858767675,0,0,NA,NA,NA,NA,NA,NA,NA,NA,NA,NA,NA,NA,NA,NA,NA,NA,NA,NA,NA,NA,NA,NA,NA,NA,NA,NA,NA,NA,NA,NA,NA,NA,2025,2004-03-15,NA,NA,NA,NA
"Antonio Williams","WAS","WR","17512","weighted",NA,NA,NA,NA,NA,NA,0.388821042743072,0.386811636327739,0,0,0.0322843275403163,0.0365554235142745,NA,NA,NA,NA,NA,NA,0,0,2.16681070925317,0.376881267268223,26.5081728511038,4.84328829370286,0.106754344762799,0.0635463756527294,0,0,NA,NA,NA,NA,NA,NA,NA,NA,NA,NA,NA,NA,NA,NA,NA,NA,NA,NA,NA,NA,NA,NA,NA,NA,NA,NA,NA,NA,NA,NA,NA,NA,2026,2004-07-14,NA,NA,NA,NA
"Troy Franklin","DEN","WR","16619","weighted",NA,NA,NA,NA,NA,NA,0.487394957983193,0.488015814312494,0,0,0,0,NA,NA,NA,NA,NA,NA,0,0,1.4024649859944,0.851417631651479,16.3978823529412,8.84414963583854,0.0768515406162465,0.0813790312558725,0,0,NA,NA,NA,NA,NA,NA,NA,NA,NA,NA,NA,NA,NA,NA,NA,NA,NA,NA,NA,NA,NA,NA,NA,NA,NA,NA,NA,NA,NA,NA,NA,NA,2024,2003-02-06,NA,NA,NA,NA
"Josh Palmer","BUF","WR","15319","weighted",NA,NA,NA,NA,NA,NA,0,0,0,0,0,0,NA,NA,NA,NA,NA,NA,0,0,1.37979333020197,0.362522266678843,22.1611178957257,7.80624251367808,0.150605918271489,0.118380240520178,0,0,NA,NA,NA,NA,NA,NA,NA,NA,NA,NA,NA,NA,NA,NA,NA,NA,NA,NA,NA,NA,NA,NA,NA,NA,NA,NA,NA,NA,NA,NA,NA,NA,2021,1999-09-22,NA,NA,NA,NA
"Jalen Tolbert","MIA","WR","15788","weighted",NA,NA,NA,NA,NA,NA,0.502556237218814,0.498848712961693,0,0,0.2,0,NA,NA,NA,NA,NA,NA,0,0,1.39618609406953,1.2072138853673,17.2856134969325,14.7559449294069,0.0577357348495411,0.0450836355800107,0,0,NA,NA,NA,NA,NA,NA,NA,NA,NA,NA,NA,NA,NA,NA,NA,NA,NA,NA,NA,NA,NA,NA,NA,NA,NA,NA,NA,NA,NA,NA,NA,NA,2022,1999-02-27,NA,NA,NA,NA
"Chris Bell","MIA","WR","17506","weighted",NA,NA,NA,NA,NA,NA,0.303936120244246,0.379025394466741,0,0,0.0322843275403163,0.0365554235142745,NA,NA,NA,NA,NA,NA,0,0,2.04484734617191,0.792671880640135,26.065260685768,9.15888700332687,0.0722123062470644,0.0533853055200581,0,0,NA,NA,NA,NA,NA,NA,NA,NA,NA,NA,NA,NA,NA,NA,NA,NA,NA,NA,NA,NA,NA,NA,NA,NA,NA,NA,NA,NA,NA,NA,NA,NA,2026,2004-06-07,NA,NA,NA,NA
"Jalen Nailor","LVR","WR","15786","weighted",NA,NA,NA,NA,NA,NA,0.437012682010333,0.443927006632661,0,0,0,0,NA,NA,NA,NA,NA,NA,0,0,1.9807891028652,0.108449887134423,27.1615594175669,4.18492882852303,0.135932362611555,0.0805358904863652,0,0,NA,NA,NA,NA,NA,NA,NA,NA,NA,NA,NA,NA,NA,NA,NA,NA,NA,NA,NA,NA,NA,NA,NA,NA,NA,NA,NA,NA,NA,NA,NA,NA,2022,1999-03-02,NA,NA,NA,NA
"Jahan Dotson","ATL","WR","15755","weighted",NA,NA,NA,NA,NA,NA,0,0,0,0,0,0,NA,NA,NA,NA,NA,NA,0,0,2.10639775910364,0.310723748557418,26.0555294117647,4.41457071562687,0.0776806722689076,0.0737038562087522,0,0,NA,NA,NA,NA,NA,NA,NA,NA,NA,NA,NA,NA,NA,NA,NA,NA,NA,NA,NA,NA,NA,NA,NA,NA,NA,NA,NA,NA,NA,NA,NA,NA,2022,2000-03-22,NA,NA,NA,NA
"Isaac TeSlaa","DET","WR","17157","weighted",NA,NA,NA,NA,NA,NA,0.0231939877876938,0.042955924979824,0,0,0,0,NA,NA,NA,NA,NA,NA,0,0,1.67445749178018,0.494463245951636,23.1906059182715,4.3719221421515,0.200479098168154,0.138615103266281,0,0,NA,NA,NA,NA,NA,NA,NA,NA,NA,NA,NA,NA,NA,NA,NA,NA,NA,NA,NA,NA,NA,NA,NA,NA,NA,NA,NA,NA,NA,NA,NA,NA,2025,2002-02-20,NA,NA,NA,NA
"Isaiah Williams","NYJ","WR","16630","weighted",NA,NA,NA,NA,NA,NA,1.06880672268908,0.72879305967496,0.00180392156862745,0.00430612435508044,0,0,NA,NA,NA,NA,NA,NA,0,0,2.00535574229692,0.950979757411334,20.345568627451,9.32917758487397,0.0506218487394958,0.0515731311501066,0,0,NA,NA,NA,NA,NA,NA,NA,NA,NA,NA,NA,NA,NA,NA,NA,NA,NA,NA,NA,NA,NA,NA,NA,NA,NA,NA,NA,NA,NA,NA,NA,NA,2024,2001-01-29,NA,NA,NA,NA
"Marvin Mims","DEN","WR","16189","weighted",NA,NA,NA,NA,NA,NA,1.77453769559033,1.21306398671358,0,0,0,0,NA,NA,NA,NA,NA,NA,0,0,1.13591749644381,1.08960651363058,12.027880512091,11.7700175703496,0.0536984352773826,0.0577294872462347,0,0,NA,NA,NA,NA,NA,NA,NA,NA,NA,NA,NA,NA,NA,NA,NA,NA,NA,NA,NA,NA,NA,NA,NA,NA,NA,NA,NA,NA,NA,NA,NA,NA,2023,2002-03-19,"Q","Foot",2026,3
"Ted Hurst","TB","WR","17520","weighted",NA,NA,NA,NA,NA,NA,0.161878816345702,0.229941203096286,0,0,0,0,NA,NA,NA,NA,NA,NA,0,0,1.71758572099577,0.32949824548216,22.587543447628,5.67639243620854,0.0854767496477219,0.0749099682529564,0,0,NA,NA,NA,NA,NA,NA,NA,NA,NA,NA,NA,NA,NA,NA,NA,NA,NA,NA,NA,NA,NA,NA,NA,NA,NA,NA,NA,NA,NA,NA,NA,NA,2026,2004-07-02,NA,NA,NA,NA
"Dyami Brown","WAS","WR","15292","weighted",NA,NA,NA,NA,NA,NA,0.0764817449027975,0.0993715211936788,0,0,0.139224751066856,0.126646826326937,NA,NA,NA,NA,NA,NA,0,0,1.48701280227596,0.339871198645322,16.7602418207681,8.03891126649301,0.0487624466571835,0.0534584804989006,0,0,NA,NA,NA,NA,NA,NA,NA,NA,NA,NA,NA,NA,NA,NA,NA,NA,NA,NA,NA,NA,NA,NA,NA,NA,NA,NA,NA,NA,NA,NA,NA,NA,2021,1999-11-01,NA,NA,NA,NA
"Chimere Dike","TEN","WR","17171","weighted",NA,NA,NA,NA,NA,NA,1.00965714285714,0.960010624734248,0.00368,0.00867836678960997,0.100971428571429,0.0693334484126652,NA,NA,NA,NA,NA,NA,0,0,1.2876,1.10841710370189,12.6409142857143,10.1076276279292,0.12632,0.121749731053585,0,0,NA,NA,NA,NA,NA,NA,NA,NA,NA,NA,NA,NA,NA,NA,NA,NA,NA,NA,NA,NA,NA,NA,NA,NA,NA,NA,NA,NA,NA,NA,NA,NA,2025,2001-12-14,NA,NA,NA,NA
"Brenen Thompson","LAC","WR","17529","weighted",NA,NA,NA,NA,NA,NA,0.404357142857143,0.438926650573265,0,0,0.0320571428571429,0.0411664974129482,NA,NA,NA,NA,NA,NA,0,0,0.988114285714286,0.692919869379121,11.6877714285714,9.61971228852257,0.0441142857142857,0.0556024648067855,0,0,NA,NA,NA,NA,NA,NA,NA,NA,NA,NA,NA,NA,NA,NA,NA,NA,NA,NA,NA,NA,NA,NA,NA,NA,NA,NA,NA,NA,NA,NA,NA,NA,2026,2003-07-25,NA,NA,NA,NA
"Xavier Legette","CAR","WR","16639","weighted",NA,NA,NA,NA,NA,NA,0.283419445749178,0.38134795673758,0,0,0,0,NA,NA,NA,NA,NA,NA,0,0,2.04182245185533,0.218094360687023,22.6831939877877,3.2573859288819,0.0989478628464068,0.0870657563212594,0,0,NA,NA,NA,NA,NA,NA,NA,NA,NA,NA,NA,NA,NA,NA,NA,NA,NA,NA,NA,NA,NA,NA,NA,NA,NA,NA,NA,NA,NA,NA,NA,NA,2024,2001-01-29,NA,NA,NA,NA
"Darius Cooper","PHI","WR","17333","weighted",NA,NA,NA,NA,NA,NA,0.1027445460943,0.138140987200021,0,0,0,0,NA,NA,NA,NA,NA,NA,0,0,1.14475721323012,0.802348714433443,14.3612948627727,10.6657954421388,0.147572132301196,0.12481996951289,0,0,NA,NA,NA,NA,NA,NA,NA,NA,NA,NA,NA,NA,NA,NA,NA,NA,NA,NA,NA,NA,NA,NA,NA,NA,NA,NA,NA,NA,NA,NA,NA,NA,2025,2001-11-22,NA,NA,NA,NA
"Jared Wayne","HOU","WR","17011","weighted",NA,NA,NA,NA,NA,NA,0,0,0,0,0,0,NA,NA,NA,NA,NA,NA,0,0,1.37413184772516,0.687330834706082,16.0434726090994,8.86060985244733,0.0815970287836583,0.0693422406791542,0,0,NA,NA,NA,NA,NA,NA,NA,NA,NA,NA,NA,NA,NA,NA,NA,NA,NA,NA,NA,NA,NA,NA,NA,NA,NA,NA,NA,NA,NA,NA,NA,NA,2023,2000-10-07,NA,NA,NA,NA
"Devontez Walker","BAL","WR","16621","weighted",NA,NA,NA,NA,NA,NA,0.0424424612494129,0.049920573772846,0,0,0,0,NA,NA,NA,NA,NA,NA,0,0,1.32954438703617,0.426734638772274,19.9724189760451,6.22026541487498,0.129807421324566,0.0770882348271267,0,0,NA,NA,NA,NA,NA,NA,NA,NA,NA,NA,NA,NA,NA,NA,NA,NA,NA,NA,NA,NA,NA,NA,NA,NA,NA,NA,NA,NA,NA,NA,NA,NA,2024,2001-06-19,NA,NA,NA,NA
"Kyle Williams","NE","WR","17134","weighted",NA,NA,NA,NA,NA,NA,0.386201991465149,0.464473880361812,0,0,0,0,NA,NA,NA,NA,NA,NA,0,0,1.29254623044097,0.49923306469015,17.2307965860597,6.20020728462761,0.0697297297297297,0.0467397155507541,0,0,NA,NA,NA,NA,NA,NA,NA,NA,NA,NA,NA,NA,NA,NA,NA,NA,NA,NA,NA,NA,NA,NA,NA,NA,NA,NA,NA,NA,NA,NA,NA,NA,2025,2002-11-13,NA,NA,NA,NA
"Jack Bech","LVR","WR","17078","weighted",NA,NA,NA,NA,NA,NA,0.0285854341736695,0.0461174841517635,0,0,0,0,NA,NA,NA,NA,NA,NA,0,0,1.80897478991597,0.232825404501726,20.8948795518207,2.58532447494912,0.0851764705882353,0.0461137985592063,0,0,NA,NA,NA,NA,NA,NA,NA,NA,NA,NA,NA,NA,NA,NA,NA,NA,NA,NA,NA,NA,NA,NA,NA,NA,NA,NA,NA,NA,NA,NA,NA,NA,2025,2002-12-18,NA,NA,NA,NA
"Dareke Young","LVR","WR","15941","weighted",NA,NA,NA,NA,NA,NA,0,0,0,0,0,0,NA,NA,NA,NA,NA,NA,0,0,0.424753272910373,0.513414279002869,9.23720040281974,12.4537538459037,0.0378851963746224,0.0556177548293702,0,0,NA,NA,NA,NA,NA,NA,NA,NA,NA,NA,NA,NA,NA,NA,NA,NA,NA,NA,NA,NA,NA,NA,NA,NA,NA,NA,NA,NA,NA,NA,NA,NA,2022,1999-06-04,"Q","Hamstring",2026,3
"Zachariah Branch","ATL","WR","17507","weighted",NA,NA,NA,NA,NA,NA,0.20826679192109,0.252809768050559,0,0,0.0322843275403163,0.0365554235142745,NA,NA,NA,NA,NA,NA,0,0,1.27050258337248,0.436123860051751,14.3656270549554,6.43139747261833,0.0676749647721935,0.0496726460832846,0,0,NA,NA,NA,NA,NA,NA,NA,NA,NA,NA,NA,NA,NA,NA,NA,NA,NA,NA,NA,NA,NA,NA,NA,NA,NA,NA,NA,NA,NA,NA,NA,NA,2026,2004-03-29,NA,NA,NA,NA
"Tory Horton","SEA","WR","17098","weighted",NA,NA,NA,NA,NA,NA,0.623457142857143,0.775354539520069,0,0,0,0,NA,NA,NA,NA,NA,NA,0,0,0.841634285714286,0.531013217808962,13.0551085714286,6.02312570691538,0.13184,0.116871518828199,0,0,NA,NA,NA,NA,NA,NA,NA,NA,NA,NA,NA,NA,NA,NA,NA,NA,NA,NA,NA,NA,NA,NA,NA,NA,NA,NA,NA,NA,NA,NA,NA,NA,2025,2002-11-29,NA,NA,NA,NA
"Ashton Dulin","IND","WR","14315","weighted",NA,NA,NA,NA,NA,NA,1.6244,0.757431966060344,0.00184,0.00433918339480499,0,0,NA,NA,NA,NA,NA,NA,0,0,1.00804571428571,0.339373514465961,15.4177485714286,6.08339732007145,0.0533142857142857,0.050442511125228,0,0,NA,NA,NA,NA,NA,NA,NA,NA,NA,NA,NA,NA,NA,NA,NA,NA,NA,NA,NA,NA,NA,NA,NA,NA,NA,NA,NA,NA,NA,NA,NA,NA,2019,1997-05-15,"Q","Ankle",2026,3
"Kevin Coleman","MIA","WR","17528","weighted",NA,NA,NA,NA,NA,NA,0,0,0,0,NA,NA,NA,NA,NA,NA,NA,NA,0,0,1.64387096774194,0.509116882454314,19.5466666666667,3.50724963468528,0.0346236559139785,0.0494974746830583,0,0,NA,NA,NA,NA,NA,NA,NA,NA,NA,NA,NA,NA,NA,NA,NA,NA,NA,NA,NA,NA,NA,NA,NA,NA,NA,NA,NA,NA,NA,NA,NA,NA,2026,2003-09-10,NA,NA,NA,NA
"Jacob Cowing","SF","WR","16640","weighted",NA,NA,NA,NA,NA,NA,0.348814604077762,0.441480330126847,0,0,0,0,NA,NA,NA,NA,NA,NA,0,0,1.17883357041252,0.33375337920845,16.101479374111,3.92645312059934,0.0720199146514936,0.047009869900774,0,0,NA,NA,NA,NA,NA,NA,NA,NA,NA,NA,NA,NA,NA,NA,NA,NA,NA,NA,NA,NA,NA,NA,NA,NA,NA,NA,NA,NA,NA,NA,NA,NA,2024,2001-02-04,NA,NA,NA,NA
"Konata Mumpfield","LAR","WR","17254","weighted",NA,NA,NA,NA,NA,NA,0,0,0,0,0,0,NA,NA,NA,NA,NA,NA,0,0,1.3116138540899,0.563810220624482,14.0642004421518,7.11856043775454,0.0421665438467207,0.0499604689141137,0,0,NA,NA,NA,NA,NA,NA,NA,NA,NA,NA,NA,NA,NA,NA,NA,NA,NA,NA,NA,NA,NA,NA,NA,NA,NA,NA,NA,NA,NA,NA,NA,NA,2025,2002-10-24,NA,NA,NA,NA
"Elijah Sarratt","BAL","WR","17505","weighted",NA,NA,NA,NA,NA,NA,0.343166918809884,0.476284072188173,0,0,0.050642965204236,0.0411300006735674,NA,NA,NA,NA,NA,NA,0,0,0.611270801815431,0.538615823616289,8.96099344427635,9.17091450126696,0.0343166918809884,0.0476284072188173,0,0,NA,NA,NA,NA,NA,NA,NA,NA,NA,NA,NA,NA,NA,NA,NA,NA,NA,NA,NA,NA,NA,NA,NA,NA,NA,NA,NA,NA,NA,NA,NA,NA,2026,2003-05-28,NA,NA,NA,NA
"Andrei Iosivas","CIN","WR","16207","weighted",NA,NA,NA,NA,NA,NA,2.4278405931418,2.17528628990413,0.00895273401297498,0.0168887182278098,0,0,NA,NA,NA,NA,NA,NA,0,0,1.46865616311399,0.383106949177368,19.0673215940686,3.31489825025635,0.0814457831325301,0.069405562023183,0,0,NA,NA,NA,NA,NA,NA,NA,NA,NA,NA,NA,NA,NA,NA,NA,NA,NA,NA,NA,NA,NA,NA,NA,NA,NA,NA,NA,NA,NA,NA,NA,NA,2023,1999-10-15,"O","Thumb",2026,3
"LaJohntay Wester","BAL","WR","17232","weighted",NA,NA,NA,NA,NA,NA,0.0397400185701021,0.060213300311119,0,0,0,0,NA,NA,NA,NA,NA,NA,0,0,0.949786443825441,0.550941075068038,12.3518662952646,8.56446135541433,0.0815970287836583,0.0693422406791542,0,0,NA,NA,NA,NA,NA,NA,NA,NA,NA,NA,NA,NA,NA,NA,NA,NA,NA,NA,NA,NA,NA,NA,NA,NA,NA,NA,NA,NA,NA,NA,NA,NA,2025,2002-03-29,NA,NA,NA,NA
"Olamide Zaccheaus","ATL","WR","14592","weighted",NA,NA,NA,NA,NA,NA,0.343613445378151,0.397624449175899,0,0,0,0,NA,NA,NA,NA,NA,NA,0,0,1.5203025210084,0.373228040872162,14.9284033613445,2.52730875191908,0.0815686274509804,0.0434225281178627,0,0,NA,NA,NA,NA,NA,NA,NA,NA,NA,NA,NA,NA,NA,NA,NA,NA,NA,NA,NA,NA,NA,NA,NA,NA,NA,NA,NA,NA,NA,NA,NA,NA,2019,1997-07-23,NA,NA,NA,NA
"KaVontae Turpin","DAL","WR","15981","weighted",NA,NA,NA,NA,NA,NA,5.52516358463727,0.521602437577999,0.00687055476529161,0.0145947802960476,0,0,NA,NA,NA,NA,NA,NA,0,0,0.706230440967283,0.595532651680586,9.95173541963016,5.42083515117114,0.0418918918918919,0.0499545833257983,0,0,NA,NA,NA,NA,NA,NA,NA,NA,NA,NA,NA,NA,NA,NA,NA,NA,NA,NA,NA,NA,NA,NA,NA,NA,NA,NA,NA,NA,NA,NA,NA,NA,2022,1996-08-02,NA,NA,NA,NA
"Tai Felton","MIN","WR","17097","weighted",NA,NA,NA,NA,NA,NA,0,0,0,0,0,0,NA,NA,NA,NA,NA,NA,0,0,1.07478506509457,0.713041073960035,9.66384180790961,5.93010221363502,0.0489191065795873,0.0422469970193397,0,0,NA,NA,NA,NA,NA,NA,NA,NA,NA,NA,NA,NA,NA,NA,NA,NA,NA,NA,NA,NA,NA,NA,NA,NA,NA,NA,NA,NA,NA,NA,NA,NA,2025,2003-03-15,NA,NA,NA,NA
"Skyy Moore","GB","WR","15766","weighted",NA,NA,NA,NA,NA,NA,1.65526462395543,0.832786258619843,0.00597957288765088,0.011266255759804,0,0,NA,NA,NA,NA,NA,NA,0,0,0.987669452181987,0.37623654245073,10.6027669452182,6.00217231578641,0.0516991643454039,0.0519063773090199,0,0,NA,NA,NA,NA,NA,NA,NA,NA,NA,NA,NA,NA,NA,NA,NA,NA,NA,NA,NA,NA,NA,NA,NA,NA,NA,NA,NA,NA,NA,NA,NA,NA,2022,2000-09-10,NA,NA,NA,NA
"Tez Johnson","TB","WR","17079","weighted",NA,NA,NA,NA,NA,NA,1.04351351351351,0.0924336085416348,0.00229018492176387,0.0048649267653492,0,0,NA,NA,NA,NA,NA,NA,0,0,0.851422475106686,0.162232259743805,10.7926315789474,3.32208515341559,0.0674395448079659,0.0469745588197221,0,0,NA,NA,NA,NA,NA,NA,NA,NA,NA,NA,NA,NA,NA,NA,NA,NA,NA,NA,NA,NA,NA,NA,NA,NA,NA,NA,NA,NA,NA,NA,NA,NA,2025,2002-05-18,NA,NA,NA,NA
"Marquise Brown","PHI","WR","14105","weighted",NA,NA,NA,NA,NA,NA,1.34151329243354,1.15113293628337,0,0,0,0,NA,NA,NA,NA,NA,NA,0,0,0.760102249488753,0.665097379409246,10.3783844580777,7.43569969342749,0.0597750511247444,0.0530716813311484,0,0,NA,NA,NA,NA,NA,NA,NA,NA,NA,NA,NA,NA,NA,NA,NA,NA,NA,NA,NA,NA,NA,NA,NA,NA,NA,NA,NA,NA,NA,NA,NA,NA,2019,1997-06-04,NA,NA,NA,NA
"Colbie Young","CIN","WR","17542","weighted",NA,NA,NA,NA,NA,NA,0.0502556237218814,0.0498848712961693,0,0,0,0,NA,NA,NA,NA,NA,NA,0,0,0.501533742331288,0.86670491342795,7.03169734151329,8.1757717034257,0.0334355828220859,0.0577803275618633,0,0,NA,NA,NA,NA,NA,NA,NA,NA,NA,NA,NA,NA,NA,NA,NA,NA,NA,NA,NA,NA,NA,NA,NA,NA,NA,NA,NA,NA,NA,NA,NA,NA,2026,2002-07-24,NA,NA,NA,NA
"Tutu Atwell","LAR","WR","15301","weighted",NA,NA,NA,NA,NA,NA,0,0,0,0,0,0,NA,NA,NA,NA,NA,NA,0,0,0.502556237218814,0.498848712961693,7.53834355828221,7.48273069442539,0,0,0,0,NA,NA,NA,NA,NA,NA,NA,NA,NA,NA,NA,NA,NA,NA,NA,NA,NA,NA,NA,NA,NA,NA,NA,NA,NA,NA,NA,NA,NA,NA,NA,NA,2021,1999-10-07,NA,NA,NA,NA
"Casey Washington","CAR","WR","16760","weighted",NA,NA,NA,NA,NA,NA,0,0,0,0,0,0,NA,NA,NA,NA,NA,NA,0,0,1.31288,0.0212132034355964,14.7914133333333,0.0141421356237319,0.0957066666666667,0.00707106781186548,0,0,NA,NA,NA,NA,NA,NA,NA,NA,NA,NA,NA,NA,NA,NA,NA,NA,NA,NA,NA,NA,NA,NA,NA,NA,NA,NA,NA,NA,NA,NA,NA,NA,2024,2001-03-06,NA,NA,NA,NA
"Travis Hunter","JAC","WR","17074","weighted",NA,NA,NA,NA,NA,NA,1.46143911439114,0.482296092425165,0,0,0,0,NA,NA,NA,NA,NA,NA,0,0,1.19963099630996,0.191367473523388,13.4077490774908,0.901857355100525,0.0394833948339483,0.0601238236733684,0,0,NA,NA,NA,NA,NA,NA,NA,NA,NA,NA,NA,NA,NA,NA,NA,NA,NA,NA,NA,NA,NA,NA,NA,NA,NA,NA,NA,NA,NA,NA,NA,NA,2025,2003-05-18,NA,NA,NA,NA
"Bo Melton","GB","WR","15785","weighted",NA,NA,NA,NA,NA,NA,1,0,0,0,0,0,NA,NA,NA,NA,NA,NA,0,0,0.850457317073171,0.212132034355964,10.5106707317073,4.94974746830583,0,0,0,0,NA,NA,NA,NA,NA,NA,NA,NA,NA,NA,NA,NA,NA,NA,NA,NA,NA,NA,NA,NA,NA,NA,NA,NA,NA,NA,NA,NA,NA,NA,NA,NA,2022,1999-05-18,NA,NA,NA,NA
"Xavier Smith","LAR","WR","16428","weighted",NA,NA,NA,NA,NA,NA,0,0,0,0,0,0,NA,NA,NA,NA,NA,NA,0,0,0.458445807770961,0.414567197372557,7.79018404907976,6.02777717782981,0.0131697341513292,0.0230226587256674,0,0,NA,NA,NA,NA,NA,NA,NA,NA,NA,NA,NA,NA,NA,NA,NA,NA,NA,NA,NA,NA,NA,NA,NA,NA,NA,NA,NA,NA,NA,NA,NA,NA,2023,1997-09-21,NA,NA,NA,NA
"KhaDarel Hodge","SF","WR","13963","weighted",NA,NA,NA,NA,NA,NA,0,0,0,0,0,0,NA,NA,NA,NA,NA,NA,0,0,0.553509933774834,0.565685424949238,7.89562913907285,7.35391052434009,0.0566887417218543,0.0707106781186548,0,0,NA,NA,NA,NA,NA,NA,NA,NA,NA,NA,NA,NA,NA,NA,NA,NA,NA,NA,NA,NA,NA,NA,NA,NA,NA,NA,NA,NA,NA,NA,NA,NA,2018,1994-01-03,NA,NA,NA,NA
"Skyler Bell","BUF","WR","17508","weighted",NA,NA,NA,NA,NA,NA,-0.150766871165644,0.149654613888508,0,0,0,0,NA,NA,NA,NA,NA,NA,0,0,0.653185071574642,0.354182586202802,7.05402862985685,5.0683029236908,0.0341740663007211,0.0410207275881622,0,0,NA,NA,NA,NA,NA,NA,NA,NA,NA,NA,NA,NA,NA,NA,NA,NA,NA,NA,NA,NA,NA,NA,NA,NA,NA,NA,NA,NA,NA,NA,NA,NA,2026,2002-07-05,NA,NA,NA,NA
"Luke McCaffrey","WAS","WR","16635","weighted",NA,NA,NA,NA,NA,NA,0,0,0,0,0.1,0,NA,NA,NA,NA,NA,NA,0,0,0.736866053169734,0.364159560462036,8.04034764826176,3.97083575517507,0.0579398997415079,0.0401148979663229,0,0,NA,NA,NA,NA,NA,NA,NA,NA,NA,NA,NA,NA,NA,NA,NA,NA,NA,NA,NA,NA,NA,NA,NA,NA,NA,NA,NA,NA,NA,NA,NA,NA,2024,2001-04-02,NA,NA,NA,NA
"Efton Chism","NE","WR","17269","weighted",NA,NA,NA,NA,NA,NA,0.0502556237218814,0.0498848712961693,0,0,0,0,NA,NA,NA,NA,NA,NA,0,0,0.460204498977505,0.44598179903166,6.76541922290389,4.24395591560409,0.0164621676891616,0.0287783234070843,0,0,NA,NA,NA,NA,NA,NA,NA,NA,NA,NA,NA,NA,NA,NA,NA,NA,NA,NA,NA,NA,NA,NA,NA,NA,NA,NA,NA,NA,NA,NA,NA,NA,2025,2001-10-26,NA,NA,NA,NA
"Jordan Whittington","LAR","WR","16633","weighted",NA,NA,NA,NA,NA,NA,0.33640081799591,0.578676606953559,0,0,0,0,NA,NA,NA,NA,NA,NA,0,0,0.976952965235174,0.040289652769918,10.1101226993865,1.17620944451736,0.0230470347648262,0.040289652769918,0,0,NA,NA,NA,NA,NA,NA,NA,NA,NA,NA,NA,NA,NA,NA,NA,NA,NA,NA,NA,NA,NA,NA,NA,NA,NA,NA,NA,NA,NA,NA,NA,NA,2024,2000-10-01,"Q","Quadriceps",2026,3
"Cyrus Allen","KC","WR","17518","weighted",NA,NA,NA,NA,NA,NA,0,0,0,0,0,0,NA,NA,NA,NA,NA,NA,0,0,0.31,0.457542390355741,5.21807770961145,5.36095570397114,0.0263394683026585,0.0460453174513349,0,0,NA,NA,NA,NA,NA,NA,NA,NA,NA,NA,NA,NA,NA,NA,NA,NA,NA,NA,NA,NA,NA,NA,NA,NA,NA,NA,NA,NA,NA,NA,NA,NA,2026,2003-02-11,NA,NA,NA,NA
"Zavion Thomas","CHI","WR","17521","weighted",NA,NA,NA,NA,NA,NA,0,0,0,0,0,0,NA,NA,NA,NA,NA,NA,0,0,0.794003067484663,0.19455099805506,7.29307770961145,3.3023784798064,0.0819749962932153,0.0361103194762818,0,0,NA,NA,NA,NA,NA,NA,NA,NA,NA,NA,NA,NA,NA,NA,NA,NA,NA,NA,NA,NA,NA,NA,NA,NA,NA,NA,NA,NA,NA,NA,NA,NA,2026,2004-02-14,NA,NA,NA,NA
"John Metchie","CAR","WR","15759","weighted",NA,NA,NA,NA,NA,NA,0.710261941448382,0.869741340859454,0.00496147919876733,0.00707106781186548,0,0,NA,NA,NA,NA,NA,NA,0,0,0.981694915254237,0.311126983722081,8.7993220338983,1.71119841047144,0.0248073959938367,0.0353553390593274,0,0,NA,NA,NA,NA,NA,NA,NA,NA,NA,NA,NA,NA,NA,NA,NA,NA,NA,NA,NA,NA,NA,NA,NA,NA,NA,NA,NA,NA,NA,NA,NA,NA,2022,2000-07-18,NA,NA,NA,NA
"Malik Benson","LVR","WR","17706","weighted",NA,NA,NA,NA,NA,NA,-0.022623434045689,0.844067070057626,0,0,0,0,NA,NA,NA,NA,NA,NA,0,0,0.71304347826087,0.346350116577836,6.60863669859985,3.17423639504185,0.00949152542372881,0.0196645137789609,0,0,NA,NA,NA,NA,NA,NA,NA,NA,NA,NA,NA,NA,NA,NA,NA,NA,NA,NA,NA,NA,NA,NA,NA,NA,NA,NA,NA,NA,NA,NA,NA,NA,2026,2002-10-17,NA,NA,NA,NA
"Lil'Jordan Humphrey","DEN","WR","14118","weighted",NA,NA,NA,NA,NA,NA,0,0,0,0,0,0,NA,NA,NA,NA,NA,NA,0,0,0.759537750385208,0.0848528137423857,9.32745762711864,0.466690475583121,0.085115562403698,0.0212132034355964,0,0,NA,NA,NA,NA,NA,NA,NA,NA,NA,NA,NA,NA,NA,NA,NA,NA,NA,NA,NA,NA,NA,NA,NA,NA,NA,NA,NA,NA,NA,NA,NA,NA,2019,1998-04-19,NA,NA,NA,NA
"Brycen Tremayne","CAR","WR","16949","weighted",NA,NA,NA,NA,NA,NA,0,0,0,0,0,0,NA,NA,NA,NA,NA,NA,0,0,0.45346687211094,0.636396103067893,4.5346687211094,6.36396103067893,0,0,0,0,NA,NA,NA,NA,NA,NA,NA,NA,NA,NA,NA,NA,NA,NA,NA,NA,NA,NA,NA,NA,NA,NA,NA,NA,NA,NA,NA,NA,NA,NA,NA,NA,2023,1999-11-18,NA,NA,NA,NA
"Jahdae Walker","CHI","WR","17353","weighted",NA,NA,NA,NA,NA,NA,0,0,0,0,0,0,NA,NA,NA,NA,NA,NA,0,0,0.533189522342065,0.332340187157677,5.75858243451464,3.9315137033972,0.070231124807396,0.0424264068711929,0,0,NA,NA,NA,NA,NA,NA,NA,NA,NA,NA,NA,NA,NA,NA,NA,NA,NA,NA,NA,NA,NA,NA,NA,NA,NA,NA,NA,NA,NA,NA,NA,NA,2025,2002-07-05,NA,NA,NA,NA
"Jordan Watkins","SF","WR","17192","weighted",NA,NA,NA,NA,NA,NA,0,0,0,0,0,0,NA,NA,NA,NA,NA,NA,0,0,0.251926040061633,0.353553390593274,4.03081664098613,5.65685424949238,0,0,0,0,NA,NA,NA,NA,NA,NA,NA,NA,NA,NA,NA,NA,NA,NA,NA,NA,NA,NA,NA,NA,NA,NA,NA,NA,NA,NA,NA,NA,NA,NA,NA,NA,2025,2002-02-15,NA,NA,NA,NA
"Ben Skowronek","PIT","WR","15491","weighted",NA,NA,NA,NA,NA,NA,0,0,0,0,0,0,NA,NA,NA,NA,NA,NA,0,0,0.500770416024653,0.141421356237309,6.22875192604006,2.52437120883597,0.00992295839753467,0.014142135623731,0,0,NA,NA,NA,NA,NA,NA,NA,NA,NA,NA,NA,NA,NA,NA,NA,NA,NA,NA,NA,NA,NA,NA,NA,NA,NA,NA,NA,NA,NA,NA,NA,NA,2021,1997-06-27,NA,NA,NA,NA
"Jalen Royals","KC","WR","17086","weighted",NA,NA,NA,NA,NA,NA,0,0,0,0,0,0,NA,NA,NA,NA,NA,NA,0,0,0.874887525562372,0.218715257893841,6.89282208588957,0.848210799915578,0.0866257668711656,0.102876917315637,0,0,NA,NA,NA,NA,NA,NA,NA,NA,NA,NA,NA,NA,NA,NA,NA,NA,NA,NA,NA,NA,NA,NA,NA,NA,NA,NA,NA,NA,NA,NA,NA,NA,2025,2003-02-18,NA,NA,NA,NA
"Derius Davis","LAC","WR","16299","weighted",NA,NA,NA,NA,NA,NA,0.33640081799591,0.578676606953559,0,0,0,0,NA,NA,NA,NA,NA,NA,0,0,0.47241308793456,0.460097237070118,3.76431492842536,2.8243604137263,0.00329243353783231,0.00575566468141686,0,0,NA,NA,NA,NA,NA,NA,NA,NA,NA,NA,NA,NA,NA,NA,NA,NA,NA,NA,NA,NA,NA,NA,NA,NA,NA,NA,NA,NA,NA,NA,NA,NA,2023,2000-09-11,NA,NA,NA,NA
"Kameron Johnson","TB","WR","16883","weighted",NA,NA,NA,NA,NA,NA,0,0,0,0,0,0,NA,NA,NA,NA,NA,NA,0,0,0.433959938366718,0.190918830920368,4.97963020030817,2.82135605693432,0.0198459167950693,0.0282842712474619,0,0,NA,NA,NA,NA,NA,NA,NA,NA,NA,NA,NA,NA,NA,NA,NA,NA,NA,NA,NA,NA,NA,NA,NA,NA,NA,NA,NA,NA,NA,NA,NA,NA,2024,2002-03-17,NA,NA,NA,NA
"Ryan Miller","MIA","WR","16958","weighted",NA,NA,NA,NA,NA,NA,0,0,0,0,0,0,NA,NA,NA,NA,NA,NA,0,0,0.228998459167951,0.183847763108502,3.02924499229584,2.89206673505298,0.00992295839753467,0.014142135623731,0,0,NA,NA,NA,NA,NA,NA,NA,NA,NA,NA,NA,NA,NA,NA,NA,NA,NA,NA,NA,NA,NA,NA,NA,NA,NA,NA,NA,NA,NA,NA,NA,NA,2023,2000-02-20,NA,NA,NA,NA
"Dohnte Meyers","CIN","WR","17752","weighted",NA,NA,NA,NA,NA,NA,1.0030487804878,1.4142135623731,0,0,0,0,NA,NA,NA,NA,NA,NA,0,0,0.149542682926829,0.212132034355964,4.00304878048781,1.4142135623731,0,0,0,0,NA,NA,NA,NA,NA,NA,NA,NA,NA,NA,NA,NA,NA,NA,NA,NA,NA,NA,NA,NA,NA,NA,NA,NA,NA,NA,NA,NA,NA,NA,NA,NA,2025,2000-07-06,NA,NA,NA,NA
"Malachi Corley","CLE","WR","16636","weighted",NA,NA,NA,NA,NA,NA,3.05002044989775,1.95548695480984,0.00802696356888586,0.00725889970130698,0,0,NA,NA,NA,NA,NA,NA,0,0,0.550766871165644,0.149654613888508,4.54235173824131,0.458940815924757,0.0103281506876779,0.010001192583019,0,0,NA,NA,NA,NA,NA,NA,NA,NA,NA,NA,NA,NA,NA,NA,NA,NA,NA,NA,NA,NA,NA,NA,NA,NA,NA,NA,NA,NA,NA,NA,NA,NA,2024,2002-03-21,NA,NA,NA,NA
"Nikko Remigio","KC","WR","16422","weighted",NA,NA,NA,NA,NA,NA,0,0,0,0,0,0,NA,NA,NA,NA,NA,NA,0,0,0.204961479198767,0.00707106781186546,3.82909090909091,1.66877200360025,0.00992295839753467,0.014142135623731,0,0,NA,NA,NA,NA,NA,NA,NA,NA,NA,NA,NA,NA,NA,NA,NA,NA,NA,NA,NA,NA,NA,NA,NA,NA,NA,NA,NA,NA,NA,NA,NA,NA,2023,1999-11-04,NA,NA,NA,NA
"Jonathan Mingo","DAL","WR","16197","weighted",NA,NA,NA,NA,NA,NA,0.503852080123267,0.707106781186547,0,0,0,0,NA,NA,NA,NA,NA,NA,0,0,0.356117103235747,0.205060966544099,3.64055469953775,1.93747258045114,0.00992295839753467,0.014142135623731,0,0,NA,NA,NA,NA,NA,NA,NA,NA,NA,NA,NA,NA,NA,NA,NA,NA,NA,NA,NA,NA,NA,NA,NA,NA,NA,NA,NA,NA,NA,NA,NA,NA,2023,2001-04-20,NA,NA,NA,NA
"Jalen Brooks","ARI","WR","16364","weighted",NA,NA,NA,NA,NA,NA,0,0,0,0,0,0,NA,NA,NA,NA,NA,NA,0,0,0.300770416024653,0.14142135623731,3.20616332819723,1.13137084989848,0.00496147919876733,0.00707106781186548,0,0,NA,NA,NA,NA,NA,NA,NA,NA,NA,NA,NA,NA,NA,NA,NA,NA,NA,NA,NA,NA,NA,NA,NA,NA,NA,NA,NA,NA,NA,NA,NA,NA,2023,2000-05-07,NA,NA,NA,NA
"Jaylin Lane","WAS","WR","17184","weighted",NA,NA,NA,NA,NA,NA,0,0,0,0,NA,NA,NA,NA,NA,NA,NA,NA,0,0,0.35,0,3.92,0,0.02,0,0,0,NA,NA,NA,NA,NA,NA,NA,NA,NA,NA,NA,NA,NA,NA,NA,NA,NA,NA,NA,NA,NA,NA,NA,NA,NA,NA,NA,NA,NA,NA,NA,NA,2025,2002-05-01,NA,NA,NA,NA
"Elijah Moore","PHI","WR","15288","weighted",NA,NA,NA,NA,NA,NA,1.00770416024653,1.41421356237309,0,0,0,0,NA,NA,NA,NA,NA,NA,0,0,0.15115562403698,0.212132034355964,1.5115562403698,2.12132034355964,0,0,0,0,NA,NA,NA,NA,NA,NA,NA,NA,NA,NA,NA,NA,NA,NA,NA,NA,NA,NA,NA,NA,NA,NA,NA,NA,NA,NA,NA,NA,NA,NA,NA,NA,2021,2000-03-27,NA,NA,NA,NA
"Treylon Burks","WAS","WR","15752","weighted",NA,NA,NA,NA,NA,NA,0,0,0,0,0,0,NA,NA,NA,NA,NA,NA,0,0,0.156278118609407,0.150921798939397,2.31460122699387,0.595705655333811,0.00329243353783231,0.00575566468141686,0,0,NA,NA,NA,NA,NA,NA,NA,NA,NA,NA,NA,NA,NA,NA,NA,NA,NA,NA,NA,NA,NA,NA,NA,NA,NA,NA,NA,NA,NA,NA,NA,NA,2022,2000-03-23,NA,NA,NA,NA
"Odell Beckham","NYG","WR","11679","weighted",NA,NA,NA,NA,NA,NA,0.501524390243902,0.707106781186548,0,0,0,0,NA,NA,NA,NA,NA,NA,0,0,0.149542682926829,0.212132034355964,2,0,0,0,0,0,NA,NA,NA,NA,NA,NA,NA,NA,NA,NA,NA,NA,NA,NA,NA,NA,NA,NA,NA,NA,NA,NA,NA,NA,NA,NA,NA,NA,NA,NA,NA,NA,2014,1992-11-05,NA,NA,NA,NA
"Barion Brown","NO","WR","17541","weighted",NA,NA,NA,NA,NA,NA,0.501524390243902,0.707106781186548,0,0,0,0,NA,NA,NA,NA,NA,NA,0,0,0.0996951219512195,0.14142135623731,2,0,0,0,0,0,NA,NA,NA,NA,NA,NA,NA,NA,NA,NA,NA,NA,NA,NA,NA,NA,NA,NA,NA,NA,NA,NA,NA,NA,NA,NA,NA,NA,NA,NA,NA,NA,2026,2003-12-12,NA,NA,NA,NA
"Chris Blair","ATL","WR","16499","weighted",NA,NA,NA,NA,NA,NA,0,0,0,0,0,0,NA,NA,NA,NA,NA,NA,0,0,0.100770416024653,0.14142135623731,1.00770416024653,1.41421356237309,0,0,0,0,NA,NA,NA,NA,NA,NA,NA,NA,NA,NA,NA,NA,NA,NA,NA,NA,NA,NA,NA,NA,NA,NA,NA,NA,NA,NA,NA,NA,NA,NA,NA,NA,2021,1997-10-06,NA,NA,NA,NA
"Alec Pierce","IND","WR","15768","weighted",NA,NA,NA,NA,NA,NA,0,0,0,0,NA,NA,NA,NA,NA,NA,NA,NA,0,0,0,0,0,0,0,0,0,0,NA,NA,NA,NA,NA,NA,NA,NA,NA,NA,NA,NA,NA,NA,NA,NA,NA,NA,NA,NA,NA,NA,NA,NA,NA,NA,NA,NA,NA,NA,NA,NA,2022,2000-05-02,"O","Heel",2026,3
"Trey McBride","ARI","TE","15794","weighted",NA,NA,NA,NA,NA,NA,0.0232620948802255,0.037869612489074,0,0,0,0,NA,NA,NA,NA,NA,NA,0,0,7.26306247064349,0.247663094535908,68.2748614372945,2.99210940331356,0.425279473931423,0.207766787305344,0,0,NA,NA,NA,NA,NA,NA,NA,NA,NA,NA,NA,NA,NA,NA,NA,NA,NA,NA,NA,NA,NA,NA,NA,NA,NA,NA,NA,NA,NA,NA,NA,NA,2022,1999-11-22,NA,NA,NA,NA
"Dalton Kincaid","BUF","TE","16213","weighted",NA,NA,NA,NA,NA,NA,0,0,0,0,0,0,NA,NA,NA,NA,NA,NA,0,0,4.48937529356505,0.5945266960825,61.0316768435885,6.28717036266845,0.348060122123062,0.175893822028458,0,0,NA,NA,NA,NA,NA,NA,NA,NA,NA,NA,NA,NA,NA,NA,NA,NA,NA,NA,NA,NA,NA,NA,NA,NA,NA,NA,NA,NA,NA,NA,NA,NA,2023,1999-10-18,NA,NA,NA,NA
"George Kittle","SF","TE","13299","weighted",NA,NA,NA,NA,NA,NA,-0.0232620948802255,0.037869612489074,0,0,0,0,NA,NA,NA,NA,NA,NA,0,0,4.57439173320808,0.613865057066635,58.4907750117426,7.73001015960795,0.395378111789573,0.206499465801303,0,0,NA,NA,NA,NA,NA,NA,NA,NA,NA,NA,NA,NA,NA,NA,NA,NA,NA,NA,NA,NA,NA,NA,NA,NA,NA,NA,NA,NA,NA,NA,NA,NA,2017,1993-10-09,NA,NA,NA,NA
"Travis Kelce","KC","TE","11244","weighted",NA,NA,NA,NA,NA,NA,0,0,0,0,0,0,NA,NA,NA,NA,NA,NA,0,0,5.14087364960075,0.445964151789888,57.6853170502583,4.54209585288532,0.340497886331611,0.171138428472373,0,0,NA,NA,NA,NA,NA,NA,NA,NA,NA,NA,NA,NA,NA,NA,NA,NA,NA,NA,NA,NA,NA,NA,NA,NA,NA,NA,NA,NA,NA,NA,NA,NA,2013,1989-10-05,NA,NA,NA,NA
"Hunter Henry","NE","TE","12676","weighted",NA,NA,NA,NA,NA,NA,0,0,0,0,0,0,NA,NA,NA,NA,NA,NA,0,0,4.05695631751996,0.56473529417101,45.7407045561296,7.29946795468487,0.231066228276186,0.126063543649658,0,0,NA,NA,NA,NA,NA,NA,NA,NA,NA,NA,NA,NA,NA,NA,NA,NA,NA,NA,NA,NA,NA,NA,NA,NA,NA,NA,NA,NA,NA,NA,NA,NA,2016,1994-12-07,NA,NA,NA,NA
"Brock Bowers","LVR","TE","16641","weighted",NA,NA,NA,NA,NA,NA,0.570489431658055,0.814389430411282,0.00367120713950211,0.00772411112619456,0,0,NA,NA,NA,NA,NA,NA,0,0,5.07091592296853,0.670923021433796,53.0144011272898,6.98996242390413,0.340018788163457,0.191964679901052,0,0,NA,NA,NA,NA,NA,NA,NA,NA,NA,NA,NA,NA,NA,NA,NA,NA,NA,NA,NA,NA,NA,NA,NA,NA,NA,NA,NA,NA,NA,NA,NA,NA,2024,2002-12-13,"Q","Knee - Meniscus",2026,3
"Dalton Schultz","HOU","TE","13772","weighted",NA,NA,NA,NA,NA,NA,0,0,0,0,0,0,NA,NA,NA,NA,NA,NA,0,0,4.55106622827619,1.00189952882124,46.0970690465007,10.2561572759949,0.180845467355566,0.0970839456714474,0,0,NA,NA,NA,NA,NA,NA,NA,NA,NA,NA,NA,NA,NA,NA,NA,NA,NA,NA,NA,NA,NA,NA,NA,NA,NA,NA,NA,NA,NA,NA,NA,NA,2018,1996-07-11,NA,NA,NA,NA
"Tyler Warren","IND","TE","17102","weighted",NA,NA,NA,NA,NA,NA,0.752727101925787,0.772880897318305,0.00367120713950211,0.00772411112619456,0,0,NA,NA,NA,NA,NA,NA,0,0,4.56712071395021,0.549060078369844,47.3817754814467,8.22070202943723,0.337707844058243,0.170924624771908,0,0,NA,NA,NA,NA,NA,NA,NA,NA,NA,NA,NA,NA,NA,NA,NA,NA,NA,NA,NA,NA,NA,NA,NA,NA,NA,NA,NA,NA,NA,NA,NA,NA,2025,2002-05-24,NA,NA,NA,NA
"Juwan Johnson","NO","TE","14861","weighted",NA,NA,NA,NA,NA,NA,0,0,0,0,0.0637701581337091,0.0385449287562819,NA,NA,NA,NA,NA,NA,0,0,4.24917801784876,0.401264720555503,48.3982996712071,5.26889381139248,0.226528886801315,0.120476526711427,0,0,NA,NA,NA,NA,NA,NA,NA,NA,NA,NA,NA,NA,NA,NA,NA,NA,NA,NA,NA,NA,NA,NA,NA,NA,NA,NA,NA,NA,NA,NA,NA,NA,2020,1996-09-13,NA,NA,NA,NA
"Isaiah Likely","NYG","TE","15798","weighted",NA,NA,NA,NA,NA,NA,0,0,0,0,0.0282527007984969,0.0367012890401048,NA,NA,NA,NA,NA,NA,0,0,4.64081728511038,0.468916534018326,49.2027148896195,5.10451101455364,0.345270079849695,0.169509219844308,0,0,NA,NA,NA,NA,NA,NA,NA,NA,NA,NA,NA,NA,NA,NA,NA,NA,NA,NA,NA,NA,NA,NA,NA,NA,NA,NA,NA,NA,NA,NA,NA,NA,2022,2000-04-18,NA,NA,NA,NA
"Sam LaPorta","DET","TE","16214","weighted",NA,NA,NA,NA,NA,NA,0,0,0,0,0,0,NA,NA,NA,NA,NA,NA,0,0,4.46462188821043,0.329175013637608,48.5306434945984,3.85939617501137,0.333518083607327,0.169053490239586,0,0,NA,NA,NA,NA,NA,NA,NA,NA,NA,NA,NA,NA,NA,NA,NA,NA,NA,NA,NA,NA,NA,NA,NA,NA,NA,NA,NA,NA,NA,NA,NA,NA,2023,2001-01-12,NA,NA,NA,NA
"Tucker Kraft","GB","TE","16222","weighted",NA,NA,NA,NA,NA,NA,0.185908877407233,0.388504507285693,0,0,0,0,NA,NA,NA,NA,NA,NA,0,0,3.61710662282762,0.384528928270043,46.7535932362612,4.34270952039618,0.306989196806012,0.175688973527049,0,0,NA,NA,NA,NA,NA,NA,NA,NA,NA,NA,NA,NA,NA,NA,NA,NA,NA,NA,NA,NA,NA,NA,NA,NA,NA,NA,NA,NA,NA,NA,NA,NA,2023,2000-11-03,NA,NA,NA,NA
"Mark Andrews","BAL","TE","13671","weighted",NA,NA,NA,NA,NA,NA,1.10567590418037,1.16095156940307,0.00367120713950211,0.00772411112619456,0,0,NA,NA,NA,NA,NA,NA,0,0,4.18776890558948,0.643970577732976,43.2119210897135,7.3685747747548,0.363184593705965,0.19119387934189,0,0,NA,NA,NA,NA,NA,NA,NA,NA,NA,NA,NA,NA,NA,NA,NA,NA,NA,NA,NA,NA,NA,NA,NA,NA,NA,NA,NA,NA,NA,NA,NA,NA,2018,1995-09-06,NA,NA,NA,NA
"Colston Loveland","CHI","TE","17104","weighted",NA,NA,NA,NA,NA,NA,0.464915453264443,0.810186462326755,0.00460544856740254,0.00753375401323965,0,0,NA,NA,NA,NA,NA,NA,0,0,3.78173790511977,0.557918798468793,42.1271019257868,4.6086429015621,0.211535932362612,0.109531125829172,0,0,NA,NA,NA,NA,NA,NA,NA,NA,NA,NA,NA,NA,NA,NA,NA,NA,NA,NA,NA,NA,NA,NA,NA,NA,NA,NA,NA,NA,NA,NA,NA,NA,2025,2004-04-09,NA,NA,NA,NA
"Harold Fannin","CLE","TE","17103","weighted",NA,NA,NA,NA,NA,NA,0.961985908877407,1.15885774313696,0.0222620948802255,0.0378937714509018,0.0637701581337091,0.0385449287562819,NA,NA,NA,NA,NA,NA,0,0,4.220657585721,0.439137488044788,42.3569469234382,3.94846347782009,0.265260685767966,0.131844934400602,0,0,NA,NA,NA,NA,NA,NA,NA,NA,NA,NA,NA,NA,NA,NA,NA,NA,NA,NA,NA,NA,NA,NA,NA,NA,NA,NA,NA,NA,NA,NA,NA,NA,2025,2004-07-20,NA,NA,NA,NA
"Terrance Ferguson","LAR","TE","17107","weighted",NA,NA,NA,NA,NA,NA,0.0828980742132456,0.135607572238314,0,0,0,0,NA,NA,NA,NA,NA,NA,0,0,2.62540159699389,0.958273167332418,31.6602442461249,11.3098306051673,0.248332550493189,0.190585672557668,0,0,NA,NA,NA,NA,NA,NA,NA,NA,NA,NA,NA,NA,NA,NA,NA,NA,NA,NA,NA,NA,NA,NA,NA,NA,NA,NA,NA,NA,NA,NA,NA,NA,2025,2003-03-07,NA,NA,NA,NA
"Kyle Pitts","ATL","TE","15329","weighted",NA,NA,NA,NA,NA,NA,0,0,0,0,0,0,NA,NA,NA,NA,NA,NA,0,0,3.80180366369187,0.210206692103101,40.2436073273837,3.69887493197054,0.201540629403476,0.107397416846605,0,0,NA,NA,NA,NA,NA,NA,NA,NA,NA,NA,NA,NA,NA,NA,NA,NA,NA,NA,NA,NA,NA,NA,NA,NA,NA,NA,NA,NA,NA,NA,NA,NA,2021,2000-10-06,NA,NA,NA,NA
"Oronde Gadsden","LAC","TE","17099","weighted",NA,NA,NA,NA,NA,NA,0,0,0,0,0.0637701581337091,0.0385449287562819,NA,NA,NA,NA,NA,NA,0,0,3.03622357914514,0.495402316539553,37.1440676373884,5.31676299137669,0.209102865194927,0.108213949952895,0,0,NA,NA,NA,NA,NA,NA,NA,NA,NA,NA,NA,NA,NA,NA,NA,NA,NA,NA,NA,NA,NA,NA,NA,NA,NA,NA,NA,NA,NA,NA,NA,NA,2025,2003-06-25,NA,NA,NA,NA
"Brenton Strange","JAC","TE","16269","weighted",NA,NA,NA,NA,NA,NA,0,0,0,0,0,0,NA,NA,NA,NA,NA,NA,0,0,3.47089713480507,0.48910175195606,35.6796148426491,4.72321401661913,0.255951150775012,0.134917359420667,0,0,NA,NA,NA,NA,NA,NA,NA,NA,NA,NA,NA,NA,NA,NA,NA,NA,NA,NA,NA,NA,NA,NA,NA,NA,NA,NA,NA,NA,NA,NA,NA,NA,2023,2000-12-27,NA,NA,NA,NA
"Pat Freiermuth","PIT","TE","15331","weighted",NA,NA,NA,NA,NA,NA,0,0,0,0,0,0,NA,NA,NA,NA,NA,NA,0,0,3.45325504931893,0.499165122405368,35.2720807891029,4.08779422251605,0.218280883043682,0.129117802310474,0,0,NA,NA,NA,NA,NA,NA,NA,NA,NA,NA,NA,NA,NA,NA,NA,NA,NA,NA,NA,NA,NA,NA,NA,NA,NA,NA,NA,NA,NA,NA,NA,NA,2021,1998-10-25,NA,NA,NA,NA
"T.J. Hockenson","MIN","TE","14138","weighted",NA,NA,NA,NA,NA,NA,0,0,0,0,0,0,NA,NA,NA,NA,NA,NA,0,0,3.86771254109911,0.654543354356731,35.2121371535932,4.56512681906897,0.185965241897605,0.0952000016960018,0,0,NA,NA,NA,NA,NA,NA,NA,NA,NA,NA,NA,NA,NA,NA,NA,NA,NA,NA,NA,NA,NA,NA,NA,NA,NA,NA,NA,NA,NA,NA,NA,NA,2019,1997-07-03,NA,NA,NA,NA
"Mike Gesicki","CIN","TE","13672","weighted",NA,NA,NA,NA,NA,NA,0,0,0,0,0.0314858305933928,0.0360763731286367,NA,NA,NA,NA,NA,NA,0,0,2.73642085486144,0.517613753864076,29.6751996242367,6.37595206088253,0.163626115547205,0.0995204018144517,0,0,NA,NA,NA,NA,NA,NA,NA,NA,NA,NA,NA,NA,NA,NA,NA,NA,NA,NA,NA,NA,NA,NA,NA,NA,NA,NA,NA,NA,NA,NA,NA,NA,2018,1995-10-03,NA,NA,NA,NA
"Kenyon Sadiq","NYJ","TE","17543","weighted",NA,NA,NA,NA,NA,NA,0.185908877407233,0.388504507285693,0.0371817754814467,0.0777009014571386,0.0322843275403163,0.0365554235142745,NA,NA,NA,NA,NA,NA,0,0,3.31187411930484,0.381482973815285,33.329516204791,4.04818956263403,0.177454203851574,0.105206987005745,0,0,NA,NA,NA,NA,NA,NA,NA,NA,NA,NA,NA,NA,NA,NA,NA,NA,NA,NA,NA,NA,NA,NA,NA,NA,NA,NA,NA,NA,NA,NA,NA,NA,2026,2005-03-04,NA,NA,NA,NA
"Greg Dulcich","MIA","TE","15797","weighted",NA,NA,NA,NA,NA,NA,-0.0930483795209018,0.151478449956296,0,0,0.0637701581337091,0.0385449287562819,NA,NA,NA,NA,NA,NA,0,0,2.9469516204791,0.132948013702205,30.1724471582903,3.25722686132183,0.110493189290747,0.0668194353903035,0,0,NA,NA,NA,NA,NA,NA,NA,NA,NA,NA,NA,NA,NA,NA,NA,NA,NA,NA,NA,NA,NA,NA,NA,NA,NA,NA,NA,NA,NA,NA,NA,NA,2022,2000-03-26,NA,NA,NA,NA
"Dallas Goedert","PHI","TE","13674","weighted",NA,NA,NA,NA,NA,NA,0,0,0,0,NA,NA,NA,NA,NA,NA,NA,NA,0,0,3.66,6.28073293535314e-16,35.68,0,0.24,3.92545808459571e-17,0,0,NA,NA,NA,NA,NA,NA,NA,NA,NA,NA,NA,NA,NA,NA,NA,NA,NA,NA,NA,NA,NA,NA,NA,NA,NA,NA,NA,NA,NA,NA,NA,NA,2018,1995-01-03,"D","Knee - MCL",2026,3
"AJ Barner","SEA","TE","16723","weighted",NA,NA,NA,NA,NA,NA,0.967109441052137,0.954768264248738,0.0830718647252231,0.109693041378172,0,0,NA,NA,NA,NA,NA,NA,0,0,2.653114138093,0.558499141968435,27.8707750117426,5.20632005332908,0.23419445749178,0.148414561097737,0,0,NA,NA,NA,NA,NA,NA,NA,NA,NA,NA,NA,NA,NA,NA,NA,NA,NA,NA,NA,NA,NA,NA,NA,NA,NA,NA,NA,NA,NA,NA,NA,NA,2024,2002-05-03,NA,NA,NA,NA
"Cade Otton","TB","TE","15802","weighted",NA,NA,NA,NA,NA,NA,0,0,0,0,0,0,NA,NA,NA,NA,NA,NA,0,0,3.14971348050728,0.375671529581567,30.5393142320338,3.85061869916725,0.132907468294974,0.0779847052575533,0,0,NA,NA,NA,NA,NA,NA,NA,NA,NA,NA,NA,NA,NA,NA,NA,NA,NA,NA,NA,NA,NA,NA,NA,NA,NA,NA,NA,NA,NA,NA,NA,NA,2022,1999-04-15,NA,NA,NA,NA
"Theo Johnson","NYG","TE","16649","weighted",NA,NA,NA,NA,NA,NA,0,0,0,0,0,0,NA,NA,NA,NA,NA,NA,0,0,1.44050728041334,0.550607421071283,17.6127853452325,7.67191565485962,0.101286989196806,0.0886629518972864,0,0,NA,NA,NA,NA,NA,NA,NA,NA,NA,NA,NA,NA,NA,NA,NA,NA,NA,NA,NA,NA,NA,NA,NA,NA,NA,NA,NA,NA,NA,NA,NA,NA,2024,2001-02-26,NA,NA,NA,NA
"Jake Ferguson","DAL","TE","15799","weighted",NA,NA,NA,NA,NA,NA,0,0,0,0,0.0637701581337091,0.0385449287562819,NA,NA,NA,NA,NA,NA,0,0,3.93500234852043,0.0764650212847401,31.4758102395491,1.41341164326622,0.282000939408173,0.167683732956508,0,0,NA,NA,NA,NA,NA,NA,NA,NA,NA,NA,NA,NA,NA,NA,NA,NA,NA,NA,NA,NA,NA,NA,NA,NA,NA,NA,NA,NA,NA,NA,NA,NA,2022,1999-01-18,NA,NA,NA,NA
"Gunnar Helm","TEN","TE","17105","weighted",NA,NA,NA,NA,NA,NA,0.0232620948802255,0.037869612489074,0,0,0,0,NA,NA,NA,NA,NA,NA,0,0,3.05820573038985,0.563497050598305,25.9328135274777,4.34797297128579,0.156993893846876,0.0798383773628901,0,0,NA,NA,NA,NA,NA,NA,NA,NA,NA,NA,NA,NA,NA,NA,NA,NA,NA,NA,NA,NA,NA,NA,NA,NA,NA,NA,NA,NA,NA,NA,NA,NA,2025,2002-09-06,NA,NA,NA,NA
"Zach Ertz","PHI","TE","11247","weighted",NA,NA,NA,NA,NA,NA,0,0,0,0,0,0,NA,NA,NA,NA,NA,NA,0,0,2.03256861365236,0.979908977283255,20.1751864883885,8.79525490558269,0.138156228008445,0.0697263383705074,0,0,NA,NA,NA,NA,NA,NA,NA,NA,NA,NA,NA,NA,NA,NA,NA,NA,NA,NA,NA,NA,NA,NA,NA,NA,NA,NA,NA,NA,NA,NA,NA,NA,2013,1990-11-10,NA,NA,NA,NA
"Chigoziem Okonkwo","WAS","TE","15889","weighted",NA,NA,NA,NA,NA,NA,0,0,0,0,0,0,NA,NA,NA,NA,NA,NA,0,0,2.74574857142857,0.19356014726009,26.5208914285714,2.6762531652254,0.08672,0.0484157578077705,0,0,NA,NA,NA,NA,NA,NA,NA,NA,NA,NA,NA,NA,NA,NA,NA,NA,NA,NA,NA,NA,NA,NA,NA,NA,NA,NA,NA,NA,NA,NA,NA,NA,2022,1999-09-08,"Q","Hamstring",2026,3
"Evan Engram","DEN","TE","13189","weighted",NA,NA,NA,NA,NA,NA,0,0,0,0,0,0,NA,NA,NA,NA,NA,NA,0,0,3.07612963832785,0.493355436091851,25.8626491310474,2.6007525698815,0.126068576796618,0.0747024913654353,0,0,NA,NA,NA,NA,NA,NA,NA,NA,NA,NA,NA,NA,NA,NA,NA,NA,NA,NA,NA,NA,NA,NA,NA,NA,NA,NA,NA,NA,NA,NA,NA,NA,2017,1994-09-02,NA,NA,NA,NA
"Mason Taylor","NYJ","TE","17106","weighted",NA,NA,NA,NA,NA,NA,0,0,0,0,0,0,NA,NA,NA,NA,NA,NA,0,0,2.1031768610716,0.66569708740308,18.9595542911332,7.37460762985341,0.136778513879443,0.0556994239861828,0,0,NA,NA,NA,NA,NA,NA,NA,NA,NA,NA,NA,NA,NA,NA,NA,NA,NA,NA,NA,NA,NA,NA,NA,NA,NA,NA,NA,NA,NA,NA,NA,NA,2025,2004-05-08,"D","Thumb",2026,3
"Darren Waller","CAR","TE","12263","weighted",NA,NA,NA,NA,NA,NA,0,0,0,0,0,0,NA,NA,NA,NA,NA,NA,0,0,2.38622025456558,0.43658040810961,24.5971223021583,3.00722530805554,0.279634753735473,0.184686274363959,0,0,NA,NA,NA,NA,NA,NA,NA,NA,NA,NA,NA,NA,NA,NA,NA,NA,NA,NA,NA,NA,NA,NA,NA,NA,NA,NA,NA,NA,NA,NA,NA,NA,2015,1992-09-13,NA,NA,NA,NA
"Michael Mayer","LVR","TE","16212","weighted",NA,NA,NA,NA,NA,NA,0,0,0,0,0,0,NA,NA,NA,NA,NA,NA,0,0,2.39714419915453,0.469791486212431,21.050587130108,3.5702177207973,0.0890840770314702,0.0433475815766938,0,0,NA,NA,NA,NA,NA,NA,NA,NA,NA,NA,NA,NA,NA,NA,NA,NA,NA,NA,NA,NA,NA,NA,NA,NA,NA,NA,NA,NA,NA,NA,NA,NA,2023,2001-07-06,NA,NA,NA,NA
"Noah Fant","NO","TE","14137","weighted",NA,NA,NA,NA,NA,NA,0.465241897604509,0.757392249781479,0,0,0.0637701581337091,0.0385449287562819,NA,NA,NA,NA,NA,NA,0,0,1.59832785345232,0.692569179059243,16.2594269610146,5.43761442579402,0.0952372005636449,0.0885202130820761,0,0,NA,NA,NA,NA,NA,NA,NA,NA,NA,NA,NA,NA,NA,NA,NA,NA,NA,NA,NA,NA,NA,NA,NA,NA,NA,NA,NA,NA,NA,NA,NA,NA,2019,1997-11-20,NA,NA,NA,NA
"Colby Parkinson","LAR","TE","14871","weighted",NA,NA,NA,NA,NA,NA,0,0,0,0,0,0,NA,NA,NA,NA,NA,NA,0,0,2.29751056834194,0.43146768517645,21.664048849225,3.90495115555491,0.178985439173321,0.128477203731369,0,0,NA,NA,NA,NA,NA,NA,NA,NA,NA,NA,NA,NA,NA,NA,NA,NA,NA,NA,NA,NA,NA,NA,NA,NA,NA,NA,NA,NA,NA,NA,NA,NA,2020,1999-01-07,NA,NA,NA,NA
"Tyler Higbee","LAR","TE","12678","weighted",NA,NA,NA,NA,NA,NA,0,0,0,0,0.0631428571428571,0.0433796745234402,NA,NA,NA,NA,NA,NA,0,0,1.10877714285714,0.76085746772556,12.9508114285714,7.56854833562937,0.0953371428571429,0.0707322008195062,0,0,NA,NA,NA,NA,NA,NA,NA,NA,NA,NA,NA,NA,NA,NA,NA,NA,NA,NA,NA,NA,NA,NA,NA,NA,NA,NA,NA,NA,NA,NA,NA,NA,2016,1993-01-01,NA,NA,NA,NA
"Dawson Knox","BUF","TE","14143","weighted",NA,NA,NA,NA,NA,NA,0,0,0,0,0,0,NA,NA,NA,NA,NA,NA,0,0,1.50488492249883,0.471823752008025,17.6788163457022,4.53161147406289,0.158374823860968,0.100448075461529,0,0,NA,NA,NA,NA,NA,NA,NA,NA,NA,NA,NA,NA,NA,NA,NA,NA,NA,NA,NA,NA,NA,NA,NA,NA,NA,NA,NA,NA,NA,NA,NA,NA,2019,1996-11-14,NA,NA,NA,NA
"Marlin Klein","HOU","TE","17593","weighted",NA,NA,NA,NA,NA,NA,0,0,0,0,0.0317616701853155,0.0472142590645058,NA,NA,NA,NA,NA,NA,0,0,0.932638986629134,0.846138928105451,10.4937931034483,9.01988739856556,0.0588599577762139,0.0525222945181461,0,0,NA,NA,NA,NA,NA,NA,NA,NA,NA,NA,NA,NA,NA,NA,NA,NA,NA,NA,NA,NA,NA,NA,NA,NA,NA,NA,NA,NA,NA,NA,NA,NA,2026,2002-09-17,NA,NA,NA,NA
"Tommy Tremble","CAR","TE","15332","weighted",NA,NA,NA,NA,NA,NA,0,0,0,0,0,0,NA,NA,NA,NA,NA,NA,0,0,1.96643494598403,0.449645266049665,18.2830624706435,4.57805537561443,0.112005636449037,0.0685329848791537,0,0,NA,NA,NA,NA,NA,NA,NA,NA,NA,NA,NA,NA,NA,NA,NA,NA,NA,NA,NA,NA,NA,NA,NA,NA,NA,NA,NA,NA,NA,NA,NA,NA,2021,2000-06-02,NA,NA,NA,NA
"Darnell Washington","PIT","TE","16216","weighted",NA,NA,NA,NA,NA,NA,0.455939408172851,0.745841647310725,0.00230272428370127,0.00376687700661982,0,0,NA,NA,NA,NA,NA,NA,0,0,1.66340065758572,0.386066398111475,16.043945514326,6.21123046449241,0.0682573978393612,0.0529718229069622,0,0,NA,NA,NA,NA,NA,NA,NA,NA,NA,NA,NA,NA,NA,NA,NA,NA,NA,NA,NA,NA,NA,NA,NA,NA,NA,NA,NA,NA,NA,NA,NA,NA,2023,2001-08-17,NA,NA,NA,NA
"Eli Raridon","NE","TE","17607","weighted",NA,NA,NA,NA,NA,NA,0,0,0,0,0,0,NA,NA,NA,NA,NA,NA,0,0,1.31656,0.339190159789676,14.7942057142857,3.8883690824435,0.115862857142857,0.0833224586557718,0,0,NA,NA,NA,NA,NA,NA,NA,NA,NA,NA,NA,NA,NA,NA,NA,NA,NA,NA,NA,NA,NA,NA,NA,NA,NA,NA,NA,NA,NA,NA,NA,NA,2026,2004-02-12,"Q","Thigh",2026,3
"Jonnu Smith","GB","TE","13193","weighted",NA,NA,NA,NA,NA,NA,0.708,1.27239158573584,0,0,0,0,NA,NA,NA,NA,NA,NA,0,0,1.74357714285714,0.449982277114706,17.1069371428571,3.05437832972296,0.0950514285714286,0.0909165111600207,0,0,NA,NA,NA,NA,NA,NA,NA,NA,NA,NA,NA,NA,NA,NA,NA,NA,NA,NA,NA,NA,NA,NA,NA,NA,NA,NA,NA,NA,NA,NA,NA,NA,2017,1995-08-22,NA,NA,NA,NA
"Josh Oliver","MIN","TE","14209","weighted",NA,NA,NA,NA,NA,NA,0,0,0,0,0,0,NA,NA,NA,NA,NA,NA,0,0,1.28749714285714,0.219117820290153,14.9375314285714,3.52422491622597,0.119542857142857,0.0817737371085017,0,0,NA,NA,NA,NA,NA,NA,NA,NA,NA,NA,NA,NA,NA,NA,NA,NA,NA,NA,NA,NA,NA,NA,NA,NA,NA,NA,NA,NA,NA,NA,NA,NA,2019,1997-03-21,NA,NA,NA,NA
"Johnny Mundt","PHI","TE","13940","weighted",NA,NA,NA,NA,NA,NA,0,0,0,0,0,0,NA,NA,NA,NA,NA,NA,0,0,1.0075,0.747971796197486,9.84455555555556,7.3678864360278,0.0639444444444444,0.0537643951567426,0,0,NA,NA,NA,NA,NA,NA,NA,NA,NA,NA,NA,NA,NA,NA,NA,NA,NA,NA,NA,NA,NA,NA,NA,NA,NA,NA,NA,NA,NA,NA,NA,NA,2017,1994-11-23,NA,NA,NA,NA
"Cole Kmet","CHI","TE","14867","weighted",NA,NA,NA,NA,NA,NA,0.0232620948802255,0.037869612489074,0,0,0,0,NA,NA,NA,NA,NA,NA,0,0,1.38911225927666,0.3735313414428,13.6656270549554,2.23530115294874,0.0760544856740254,0.0738134010651882,0,0,NA,NA,NA,NA,NA,NA,NA,NA,NA,NA,NA,NA,NA,NA,NA,NA,NA,NA,NA,NA,NA,NA,NA,NA,NA,NA,NA,NA,NA,NA,NA,NA,2020,1999-03-10,NA,NA,NA,NA
"Daniel Bellinger","TEN","TE","15873","weighted",NA,NA,NA,NA,NA,NA,0,0,0,0,0,0,NA,NA,NA,NA,NA,NA,0,0,1.23939479239972,0.175887018627432,13.0689795918367,3.19813965263495,0.115144264602393,0.0584973256995208,0,0,NA,NA,NA,NA,NA,NA,NA,NA,NA,NA,NA,NA,NA,NA,NA,NA,NA,NA,NA,NA,NA,NA,NA,NA,NA,NA,NA,NA,NA,NA,NA,NA,2022,2000-09-22,NA,NA,NA,NA
"David Njoku","LAC","TE","13192","weighted",NA,NA,NA,NA,NA,NA,0,0,0,0,NA,NA,NA,NA,NA,NA,NA,NA,0,0,1.98,0,17.26,0,0.14,3.92545808459571e-17,0,0,NA,NA,NA,NA,NA,NA,NA,NA,NA,NA,NA,NA,NA,NA,NA,NA,NA,NA,NA,NA,NA,NA,NA,NA,NA,NA,NA,NA,NA,NA,NA,NA,2017,1996-07-10,"O","Lower Leg",2026,3
"Elijah Higgins","ARI","TE","16333","weighted",NA,NA,NA,NA,NA,NA,0,0,0,0,0.0310857142857143,0.0406174975352419,NA,NA,NA,NA,NA,NA,0,0,1.08435428571429,0.4193088782949,9.11005714285714,5.09646593200358,0.0251771428571429,0.0433337891128752,0,0,NA,NA,NA,NA,NA,NA,NA,NA,NA,NA,NA,NA,NA,NA,NA,NA,NA,NA,NA,NA,NA,NA,NA,NA,NA,NA,NA,NA,NA,NA,NA,NA,2023,2000-10-27,NA,NA,NA,NA
"Erick All","CIN","TE","16645","weighted",NA,NA,NA,NA,NA,NA,0,0,0,0,0,0,NA,NA,NA,NA,NA,NA,0,0,1.19958857142857,0.511024819913368,10.4439428571429,4.12111655265145,0.0514742857142857,0.0507796249619664,0,0,NA,NA,NA,NA,NA,NA,NA,NA,NA,NA,NA,NA,NA,NA,NA,NA,NA,NA,NA,NA,NA,NA,NA,NA,NA,NA,NA,NA,NA,NA,NA,NA,2024,2000-09-13,NA,NA,NA,NA
"Riley Nowakowski","PIT","TE","17648","weighted",NA,NA,NA,NA,NA,NA,0.503852080123267,0.707106781186547,0,0,0,0,NA,NA,NA,NA,NA,NA,0,0,0.982126348228043,1.30814754519511,8.14597842835131,11.193500346183,0.00496147919876733,0.00707106781186548,0,0,NA,NA,NA,NA,NA,NA,NA,NA,NA,NA,NA,NA,NA,NA,NA,NA,NA,NA,NA,NA,NA,NA,NA,NA,NA,NA,NA,NA,NA,NA,NA,NA,2026,2002-06-30,NA,NA,NA,NA
"Adam Trautman","DEN","TE","14870","weighted",NA,NA,NA,NA,NA,NA,0,0,0,0,0,0,NA,NA,NA,NA,NA,NA,0,0,1.13835428571429,0.340012639427008,10.8306171428571,3.4836907002075,0.0533142857142857,0.050442511125228,0,0,NA,NA,NA,NA,NA,NA,NA,NA,NA,NA,NA,NA,NA,NA,NA,NA,NA,NA,NA,NA,NA,NA,NA,NA,NA,NA,NA,NA,NA,NA,NA,NA,2020,1997-02-05,NA,NA,NA,NA
"Elijah Arroyo","SEA","TE","17108","weighted",NA,NA,NA,NA,NA,NA,0,0,0,0,0.0314858305933928,0.0360763731286367,NA,NA,NA,NA,NA,NA,0,0,0.964340065758572,0.181342024324427,10.858891498356,2.96187571249949,0.0498731798966651,0.0533206401393833,0,0,NA,NA,NA,NA,NA,NA,NA,NA,NA,NA,NA,NA,NA,NA,NA,NA,NA,NA,NA,NA,NA,NA,NA,NA,NA,NA,NA,NA,NA,NA,NA,NA,2025,2003-04-05,NA,NA,NA,NA
"Brock Wright","DET","TE","15626","weighted",NA,NA,NA,NA,NA,NA,0,0,0,0,0,0,NA,NA,NA,NA,NA,NA,0,0,1.0724278676988,0.377342935179035,9.15300492610838,3.56456344850182,0.138156228008445,0.0697263383705074,0,0,NA,NA,NA,NA,NA,NA,NA,NA,NA,NA,NA,NA,NA,NA,NA,NA,NA,NA,NA,NA,NA,NA,NA,NA,NA,NA,NA,NA,NA,NA,NA,NA,2021,1998-11-27,NA,NA,NA,NA
"Matthew Hibner","BAL","TE","17627","weighted",NA,NA,NA,NA,NA,NA,0,0,0,0,0,0,NA,NA,NA,NA,NA,NA,0,0,0.880267417311752,0.246427797545868,9.91642505277973,2.9934009458724,0.0724560168895144,0.0467775012805517,0,0,NA,NA,NA,NA,NA,NA,NA,NA,NA,NA,NA,NA,NA,NA,NA,NA,NA,NA,NA,NA,NA,NA,NA,NA,NA,NA,NA,NA,NA,NA,NA,NA,2026,2002-03-09,NA,NA,NA,NA
"Drew Sample","CIN","TE","14146","weighted",NA,NA,NA,NA,NA,NA,0,0,0,0,0,0,NA,NA,NA,NA,NA,NA,0,0,1.15206258890469,0.490617841256612,9.83578947368421,3.29098861693024,0.0441820768136558,0.0506843988263526,0,0,NA,NA,NA,NA,NA,NA,NA,NA,NA,NA,NA,NA,NA,NA,NA,NA,NA,NA,NA,NA,NA,NA,NA,NA,NA,NA,NA,NA,NA,NA,NA,NA,2019,1996-04-16,NA,NA,NA,NA
"Foster Moreau","HOU","TE","14239","weighted",NA,NA,NA,NA,NA,NA,0,0,0,0,0,0,NA,NA,NA,NA,NA,NA,0,0,1.0420830401126,0.281398427485492,11.3216467276566,2.1356921911005,0.0701900070372977,0.0465382397493306,0,0,NA,NA,NA,NA,NA,NA,NA,NA,NA,NA,NA,NA,NA,NA,NA,NA,NA,NA,NA,NA,NA,NA,NA,NA,NA,NA,NA,NA,NA,NA,NA,NA,2019,1997-05-06,NA,NA,NA,NA
"John Bates","WAS","TE","15344","weighted",NA,NA,NA,NA,NA,NA,0,0,0,0,0,0,NA,NA,NA,NA,NA,NA,0,0,0.923244444444444,0.314137321958372,8.82413333333333,3.80864342594087,0.0675222222222222,0.0488938325219864,0,0,NA,NA,NA,NA,NA,NA,NA,NA,NA,NA,NA,NA,NA,NA,NA,NA,NA,NA,NA,NA,NA,NA,NA,NA,NA,NA,NA,NA,NA,NA,NA,NA,2021,1997-11-06,NA,NA,NA,NA
"E.J. Jenkins","PHI","TE","16919","weighted",NA,NA,NA,NA,NA,NA,0,0,0,0,0,0,NA,NA,NA,NA,NA,NA,0,0,0.867357512953368,0.424264068711928,9.61917098445596,4.94974746830583,0.044559585492228,0.0707106781186547,0,0,NA,NA,NA,NA,NA,NA,NA,NA,NA,NA,NA,NA,NA,NA,NA,NA,NA,NA,NA,NA,NA,NA,NA,NA,NA,NA,NA,NA,NA,NA,NA,NA,2023,1998-11-03,NA,NA,NA,NA
"Mo Alie-Cox","IND","TE","13246","weighted",NA,NA,NA,NA,NA,NA,0,0,0,0,0,0,NA,NA,NA,NA,NA,NA,0,0,0.86794800371402,0.271168433811639,9.22072423398329,3.69423202973314,0.0512906220984215,0.0532157683254223,0,0,NA,NA,NA,NA,NA,NA,NA,NA,NA,NA,NA,NA,NA,NA,NA,NA,NA,NA,NA,NA,NA,NA,NA,NA,NA,NA,NA,NA,NA,NA,NA,NA,2016,1993-09-19,NA,NA,NA,NA
"Austin Hooper","ATL","TE","12677","weighted",NA,NA,NA,NA,NA,NA,0.0315047619047619,0.0404277939533325,0,0,0,0,NA,NA,NA,NA,NA,NA,0,0,1.01790857142857,0.253311297001678,9.98434285714286,3.10168127417195,0.0514742857142857,0.0507796249619664,0,0,NA,NA,NA,NA,NA,NA,NA,NA,NA,NA,NA,NA,NA,NA,NA,NA,NA,NA,NA,NA,NA,NA,NA,NA,NA,NA,NA,NA,NA,NA,NA,NA,2016,1994-10-29,NA,NA,NA,NA
"Durham Smythe","BAL","TE","13676","weighted",NA,NA,NA,NA,NA,NA,0,0,0,0,0,0,NA,NA,NA,NA,NA,NA,0,0,1.03828289936664,0.17626595749853,10.3653201970443,2.12965308713164,0.0701900070372977,0.0465382397493306,0,0,NA,NA,NA,NA,NA,NA,NA,NA,NA,NA,NA,NA,NA,NA,NA,NA,NA,NA,NA,NA,NA,NA,NA,NA,NA,NA,NA,NA,NA,NA,NA,NA,2018,1995-08-09,NA,NA,NA,NA
"Andrew Ogletree","IND","TE","15916","weighted",NA,NA,NA,NA,NA,NA,0,0,0,0,0,0,NA,NA,NA,NA,NA,NA,0,0,0.763484390735146,0.427470062210368,9.06110775427996,5.15883841152265,0.0870292044310171,0.0229368330586286,0,0,NA,NA,NA,NA,NA,NA,NA,NA,NA,NA,NA,NA,NA,NA,NA,NA,NA,NA,NA,NA,NA,NA,NA,NA,NA,NA,NA,NA,NA,NA,NA,NA,2022,1998-07-28,NA,NA,NA,NA
"Jeremy Ruckert","NYJ","TE","15796","weighted",NA,NA,NA,NA,NA,NA,0,0,0,0,0,0,NA,NA,NA,NA,NA,NA,0,0,1.36008444757213,0.302406411720129,10.8259254046446,1.82252869484938,0.0679239971850809,0.0468021590499976,0,0,NA,NA,NA,NA,NA,NA,NA,NA,NA,NA,NA,NA,NA,NA,NA,NA,NA,NA,NA,NA,NA,NA,NA,NA,NA,NA,NA,NA,NA,NA,NA,NA,2022,2000-08-11,NA,NA,NA,NA
"Noah Gray","KC","TE","15337","weighted",NA,NA,NA,NA,NA,NA,-0.0232620948802255,0.037869612489074,0,0,0,0,NA,NA,NA,NA,NA,NA,0,0,1.09307656176609,0.246003461688862,10.8894034758102,1.40684315606419,0.0652325035227806,0.0506363652284991,0,0,NA,NA,NA,NA,NA,NA,NA,NA,NA,NA,NA,NA,NA,NA,NA,NA,NA,NA,NA,NA,NA,NA,NA,NA,NA,NA,NA,NA,NA,NA,NA,NA,2021,1999-04-30,NA,NA,NA,NA
"Ja'Tavion Sanders","CAR","TE","16643","weighted",NA,NA,NA,NA,NA,NA,0,0,0,0,0,0,NA,NA,NA,NA,NA,NA,0,0,1.26148512355018,0.587062284142935,9.48768280383258,3.85814063410515,0.076853547524232,0.0328075308415362,0,0,NA,NA,NA,NA,NA,NA,NA,NA,NA,NA,NA,NA,NA,NA,NA,NA,NA,NA,NA,NA,NA,NA,NA,NA,NA,NA,NA,NA,NA,NA,NA,NA,2024,2003-03-27,NA,NA,NA,NA
"Nate Boerkircher","JAC","TE","17591","weighted",NA,NA,NA,NA,NA,NA,0,0,0,0,0,0,NA,NA,NA,NA,NA,NA,0,0,0.954959053685168,0.209490567571192,9.33066424021838,2.63161613401655,0.1,0,0,0,NA,NA,NA,NA,NA,NA,NA,NA,NA,NA,NA,NA,NA,NA,NA,NA,NA,NA,NA,NA,NA,NA,NA,NA,NA,NA,NA,NA,NA,NA,NA,NA,2026,2001-09-04,NA,NA,NA,NA
"Luke Farrell","SF","TE","15335","weighted",NA,NA,NA,NA,NA,NA,0,0,0,0,0.0453110492107707,0.0511868173619958,NA,NA,NA,NA,NA,NA,0,0,1.16243268337976,0.269478495818814,10.7970844939647,1.99855813300664,0.130362116991643,0.0565786664256952,0,0,NA,NA,NA,NA,NA,NA,NA,NA,NA,NA,NA,NA,NA,NA,NA,NA,NA,NA,NA,NA,NA,NA,NA,NA,NA,NA,NA,NA,NA,NA,NA,NA,2021,1997-10-14,NA,NA,NA,NA
"Blake Whiteheart","CLE","TE","16940","weighted",NA,NA,NA,NA,NA,NA,0,0,0,0,0,0,NA,NA,NA,NA,NA,NA,0,0,1.01912737508797,0.343926727466575,9.78081632653061,2.61659887675351,0.118479943701619,0.0524123467610888,0,0,NA,NA,NA,NA,NA,NA,NA,NA,NA,NA,NA,NA,NA,NA,NA,NA,NA,NA,NA,NA,NA,NA,NA,NA,NA,NA,NA,NA,NA,NA,NA,NA,2023,2000-03-22,NA,NA,NA,NA
"Davis Allen","LAR","TE","16219","weighted",NA,NA,NA,NA,NA,NA,0,0,0,0,0,0,NA,NA,NA,NA,NA,NA,0,0,0.788592321755027,0.459038297991992,7.3326508226691,4.08173705516083,0.0402742230347349,0.0519823201718167,0,0,NA,NA,NA,NA,NA,NA,NA,NA,NA,NA,NA,NA,NA,NA,NA,NA,NA,NA,NA,NA,NA,NA,NA,NA,NA,NA,NA,NA,NA,NA,NA,NA,2023,2001-02-03,NA,NA,NA,NA
"Quintin Morris","JAC","TE","15341","weighted",NA,NA,NA,NA,NA,NA,0,0,0,0,0,0,NA,NA,NA,NA,NA,NA,0,0,0.88336,0.466690475583121,8.43002666666667,4.00222438151586,0.03864,0.0636396103067893,0,0,NA,NA,NA,NA,NA,NA,NA,NA,NA,NA,NA,NA,NA,NA,NA,NA,NA,NA,NA,NA,NA,NA,NA,NA,NA,NA,NA,NA,NA,NA,NA,NA,2021,1999-01-21,NA,NA,NA,NA
"Will Kacmarek","MIA","TE","17605","weighted",NA,NA,NA,NA,NA,NA,0,0,0,0,0,0,NA,NA,NA,NA,NA,NA,0,0,1.04014857142857,0.0856193620487157,9.75757714285714,1.58688233610203,0.0551542857142857,0.0504775254051449,0,0,NA,NA,NA,NA,NA,NA,NA,NA,NA,NA,NA,NA,NA,NA,NA,NA,NA,NA,NA,NA,NA,NA,NA,NA,NA,NA,NA,NA,NA,NA,NA,NA,2026,2003-02-12,NA,NA,NA,NA
"Oscar Delp","NO","TE","17567","weighted",NA,NA,NA,NA,NA,NA,0,0,0,0,0.0305653295801079,0.0465703907233865,NA,NA,NA,NA,NA,NA,0,0,0.768782547501759,0.342544545492295,7.2912315270936,3.20183845622021,0.0747220267417312,0.04751234253327,0,0,NA,NA,NA,NA,NA,NA,NA,NA,NA,NA,NA,NA,NA,NA,NA,NA,NA,NA,NA,NA,NA,NA,NA,NA,NA,NA,NA,NA,NA,NA,NA,NA,2026,2003-08-04,NA,NA,NA,NA
"Jackson Hawes","BUF","TE","17213","weighted",NA,NA,NA,NA,NA,NA,0,0,0,0,0,0,NA,NA,NA,NA,NA,NA,0,0,0.66384236453202,0.173195602594836,7.61376495425757,2.29633274925775,0.0608163265306122,0.0496400492348602,0,0,NA,NA,NA,NA,NA,NA,NA,NA,NA,NA,NA,NA,NA,NA,NA,NA,NA,NA,NA,NA,NA,NA,NA,NA,NA,NA,NA,NA,NA,NA,NA,NA,2025,2000-12-06,NA,NA,NA,NA
"Ben Sinnott","WAS","TE","16644","weighted",NA,NA,NA,NA,NA,NA,0,0,0,0,0,0,NA,NA,NA,NA,NA,NA,0,0,0.788191414496833,0.130242621792568,7.4573821252639,2.41538022131109,0.0886699507389163,0.0242283923994468,0,0,NA,NA,NA,NA,NA,NA,NA,NA,NA,NA,NA,NA,NA,NA,NA,NA,NA,NA,NA,NA,NA,NA,NA,NA,NA,NA,NA,NA,NA,NA,NA,NA,2024,2002-06-14,NA,NA,NA,NA
"Hayden Rucci","LAC","TE","17407","weighted",NA,NA,NA,NA,NA,NA,0,0,0,0,0,0,NA,NA,NA,NA,NA,NA,0,0,1,0,9.99015544041451,0.777817459305202,0.1,0,0,0,NA,NA,NA,NA,NA,NA,NA,NA,NA,NA,NA,NA,NA,NA,NA,NA,NA,NA,NA,NA,NA,NA,NA,NA,NA,NA,NA,NA,NA,NA,NA,NA,2025,2001-01-27,NA,NA,NA,NA
"Charlie Woerner","ATL","TE","14984","weighted",NA,NA,NA,NA,NA,NA,0.031081398076472,0.0463597285445013,0,0,0,0,NA,NA,NA,NA,NA,NA,0,0,0.917044334975369,0.330457399497314,7.25503166783955,2.32226268947273,0.0355383532723434,0.0480657416274603,0,0,NA,NA,NA,NA,NA,NA,NA,NA,NA,NA,NA,NA,NA,NA,NA,NA,NA,NA,NA,NA,NA,NA,NA,NA,NA,NA,NA,NA,NA,NA,NA,NA,2020,1997-10-16,NA,NA,NA,NA
"Mitchell Evans","CAR","TE","17109","weighted",NA,NA,NA,NA,NA,NA,1.01714754867464,1.52806638622192,0.00921885995777621,0.0138495442859993,0,0,NA,NA,NA,NA,NA,NA,0,0,0.985432793807178,0.148245538067154,8.96363124560169,1.15997588299607,0.0932019704433498,0.0145370354396681,0,0,NA,NA,NA,NA,NA,NA,NA,NA,NA,NA,NA,NA,NA,NA,NA,NA,NA,NA,NA,NA,NA,NA,NA,NA,NA,NA,NA,NA,NA,NA,NA,NA,2025,2003-05-18,NA,NA,NA,NA
"Brevyn Spann-Ford","DAL","TE","16647","weighted",NA,NA,NA,NA,NA,NA,0,0,0,0,0,0,NA,NA,NA,NA,NA,NA,0,0,0.816973961998593,0.186203624594181,7.57275158339198,1.58447953575976,0.090935960591133,0.0193827139195574,0,0,NA,NA,NA,NA,NA,NA,NA,NA,NA,NA,NA,NA,NA,NA,NA,NA,NA,NA,NA,NA,NA,NA,NA,NA,NA,NA,NA,NA,NA,NA,NA,NA,2024,1999-12-27,NA,NA,NA,NA
"Luke Schoonmaker","DAL","TE","16221","weighted",NA,NA,NA,NA,NA,NA,0,0,0,0,0,0,NA,NA,NA,NA,NA,NA,0,0,0.701885995777621,0.345954684270943,6.60418015482055,3.40277399739329,0.0264743138634764,0.0483193290740405,0,0,NA,NA,NA,NA,NA,NA,NA,NA,NA,NA,NA,NA,NA,NA,NA,NA,NA,NA,NA,NA,NA,NA,NA,NA,NA,NA,NA,NA,NA,NA,NA,NA,2023,1998-09-28,NA,NA,NA,NA
"Payne Durham","TB","TE","16218","weighted",NA,NA,NA,NA,NA,NA,0,0,0,0,0,0,NA,NA,NA,NA,NA,NA,0,0,0.557361530715005,0.291708898160768,5.80563947633434,2.34116474243918,0.0870292044310171,0.0229368330586286,0,0,NA,NA,NA,NA,NA,NA,NA,NA,NA,NA,NA,NA,NA,NA,NA,NA,NA,NA,NA,NA,NA,NA,NA,NA,NA,NA,NA,NA,NA,NA,NA,NA,2023,2000-06-15,NA,NA,NA,NA
"Nate Adkins","DEN","TE","16474","weighted",NA,NA,NA,NA,NA,NA,0,0,0,0,0,0,NA,NA,NA,NA,NA,NA,0,0,0.797846586910626,0.249493947674999,6.21158339197748,1.9054312861416,0.108346235045742,0.068101242598246,0,0,NA,NA,NA,NA,NA,NA,NA,NA,NA,NA,NA,NA,NA,NA,NA,NA,NA,NA,NA,NA,NA,NA,NA,NA,NA,NA,NA,NA,NA,NA,NA,NA,2023,1999-07-09,NA,NA,NA,NA
"Ian Thomas","LVR","TE","13678","weighted",NA,NA,NA,NA,NA,NA,0,0,0,0,0,0,NA,NA,NA,NA,NA,NA,0,0,0.52788906009245,0.530330085889911,4.70061633281972,4.70226009489054,0.00496147919876733,0.00707106781186548,0,0,NA,NA,NA,NA,NA,NA,NA,NA,NA,NA,NA,NA,NA,NA,NA,NA,NA,NA,NA,NA,NA,NA,NA,NA,NA,NA,NA,NA,NA,NA,NA,NA,2018,1996-06-06,NA,NA,NA,NA
"Charlie Kolar","LAC","TE","15795","weighted",NA,NA,NA,NA,NA,NA,0,0,0,0,NA,NA,NA,NA,NA,NA,NA,NA,0,0,0.71,0,7.8,0,0.05,0,0,0,NA,NA,NA,NA,NA,NA,NA,NA,NA,NA,NA,NA,NA,NA,NA,NA,NA,NA,NA,NA,NA,NA,NA,NA,NA,NA,NA,NA,NA,NA,NA,NA,2022,1999-02-10,"O","Forearm",2026,3
"Jack Endries","CIN","TE","17545","weighted",NA,NA,NA,NA,NA,NA,0,0,0,0,0,0,NA,NA,NA,NA,NA,NA,0,0,0.553800298062593,0.212132034355964,4.66587183308495,3.67695526217005,0.0512667660208644,0.0707106781186548,0,0,NA,NA,NA,NA,NA,NA,NA,NA,NA,NA,NA,NA,NA,NA,NA,NA,NA,NA,NA,NA,NA,NA,NA,NA,NA,NA,NA,NA,NA,NA,NA,NA,2026,2004-03-26,NA,NA,NA,NA
"Jared Wiley","KC","TE","16648","weighted",NA,NA,NA,NA,NA,NA,0,0,0,0,0,0,NA,NA,NA,NA,NA,NA,0,0,0.581055594651654,0.283397993270046,4.87269528501055,2.81732491873509,0.0588599577762139,0.0525222945181461,0,0,NA,NA,NA,NA,NA,NA,NA,NA,NA,NA,NA,NA,NA,NA,NA,NA,NA,NA,NA,NA,NA,NA,NA,NA,NA,NA,NA,NA,NA,NA,NA,NA,2024,2000-11-02,NA,NA,NA,NA
"Cade Stover","HOU","TE","16642","weighted",NA,NA,NA,NA,NA,NA,1.05969325153374,0.0598618455554032,0.00488433026584867,0.0049902023317922,0,0,NA,NA,NA,NA,NA,NA,0,0,0.573456032719836,0.735066128450863,3.94505112474438,2.6840315013893,0.00658486707566462,0.0115113293628337,0,0,NA,NA,NA,NA,NA,NA,NA,NA,NA,NA,NA,NA,NA,NA,NA,NA,NA,NA,NA,NA,NA,NA,NA,NA,NA,NA,NA,NA,NA,NA,NA,NA,2024,2000-06-12,NA,NA,NA,NA
"Josh Cuevas","BAL","TE","17651","weighted",NA,NA,NA,NA,NA,NA,0,0,0,0,0,0,NA,NA,NA,NA,NA,NA,0,0,0.30990990990991,0.424264068711929,3.56396396396396,4.87903679018718,0.0516516516516517,0.0707106781186548,0,0,NA,NA,NA,NA,NA,NA,NA,NA,NA,NA,NA,NA,NA,NA,NA,NA,NA,NA,NA,NA,NA,NA,NA,NA,NA,NA,NA,NA,NA,NA,NA,NA,2026,2002-09-25,NA,NA,NA,NA
"Tanner Koziol","JAC","TE","17644","weighted",NA,NA,NA,NA,NA,NA,0,0,0,0,0,0,NA,NA,NA,NA,NA,NA,0,0,0.405067064083457,0.282842712474619,4.10193740685544,2.89913780286484,0.0512667660208644,0.0707106781186548,0,0,NA,NA,NA,NA,NA,NA,NA,NA,NA,NA,NA,NA,NA,NA,NA,NA,NA,NA,NA,NA,NA,NA,NA,NA,NA,NA,NA,NA,NA,NA,NA,NA,2026,2004-01-28,NA,NA,NA,NA
"Connor Heyward","LVR","TE","15800","weighted",NA,NA,NA,NA,NA,NA,0.701524747830166,0.882321023131513,0.0341543513957307,0.0445721673894572,0,0,NA,NA,NA,NA,NA,NA,0,0,0.551597466572836,0.333473303888194,4.18474313863476,2.61316575077139,0.0588599577762139,0.0525222945181461,0,0,NA,NA,NA,NA,NA,NA,NA,NA,NA,NA,NA,NA,NA,NA,NA,NA,NA,NA,NA,NA,NA,NA,NA,NA,NA,NA,NA,NA,NA,NA,NA,NA,2022,1999-01-22,NA,NA,NA,NA
"Sam Roush","CHI","TE","17549","weighted",NA,NA,NA,NA,NA,NA,0.0503852080123267,0.0707106781186548,0,0,0,0,NA,NA,NA,NA,NA,NA,0,0,0.538921417565485,0.197989898732233,4.69956856702619,0.997020561473032,0.014884437596302,0.0212132034355964,0,0,NA,NA,NA,NA,NA,NA,NA,NA,NA,NA,NA,NA,NA,NA,NA,NA,NA,NA,NA,NA,NA,NA,NA,NA,NA,NA,NA,NA,NA,NA,NA,NA,2026,2003-09-06,NA,NA,NA,NA
"Josh Whyle","GB","TE","16312","weighted",NA,NA,NA,NA,NA,NA,0,0,0,0,0,0,NA,NA,NA,NA,NA,NA,0,0,0.581047331319235,0.129844358558233,4.80132930513595,0.741791785346665,0.07730110775428,0.0401394578526,0,0,NA,NA,NA,NA,NA,NA,NA,NA,NA,NA,NA,NA,NA,NA,NA,NA,NA,NA,NA,NA,NA,NA,NA,NA,NA,NA,NA,NA,NA,NA,NA,NA,2023,1999-09-08,NA,NA,NA,NA
"Hunter Long","ARI","TE","15334","weighted",NA,NA,NA,NA,NA,NA,0,0,0,0,0,0,NA,NA,NA,NA,NA,NA,0,0,0.407150050352467,0.359871423969286,2.78932527693857,2.61321188107914,0.0675730110775428,0.0573420826465715,0,0,NA,NA,NA,NA,NA,NA,NA,NA,NA,NA,NA,NA,NA,NA,NA,NA,NA,NA,NA,NA,NA,NA,NA,NA,NA,NA,NA,NA,NA,NA,NA,NA,2021,1998-08-19,NA,NA,NA,NA
"Eric Saubert","SEA","TE","13315","weighted",NA,NA,NA,NA,NA,NA,0,0,0,0,0,0,NA,NA,NA,NA,NA,NA,0,0,0.772542372881356,0.466690475583121,4.68742681047766,0.445477272147525,0.070231124807396,0.0424264068711929,0,0,NA,NA,NA,NA,NA,NA,NA,NA,NA,NA,NA,NA,NA,NA,NA,NA,NA,NA,NA,NA,NA,NA,NA,NA,NA,NA,NA,NA,NA,NA,NA,NA,2017,1994-05-09,NA,NA,NA,NA
"Kylen Granson","TEN","TE","15419","weighted",NA,NA,NA,NA,NA,NA,0,0,0,0,0,0,NA,NA,NA,NA,NA,NA,0,0,0.500770416024653,0.141421356237309,4.47408320493066,0.74953318805774,0.00992295839753467,0.014142135623731,0,0,NA,NA,NA,NA,NA,NA,NA,NA,NA,NA,NA,NA,NA,NA,NA,NA,NA,NA,NA,NA,NA,NA,NA,NA,NA,NA,NA,NA,NA,NA,NA,NA,2021,1998-03-27,NA,NA,NA,NA
"Chris Manhertz","NYG","TE","12955","weighted",NA,NA,NA,NA,NA,NA,0,0,0,0,0,0,NA,NA,NA,NA,NA,NA,0,0,0.341631419939577,0.103215748763829,3.49208459214501,1.08416747295802,0.0378851963746224,0.0556177548293702,0,0,NA,NA,NA,NA,NA,NA,NA,NA,NA,NA,NA,NA,NA,NA,NA,NA,NA,NA,NA,NA,NA,NA,NA,NA,NA,NA,NA,NA,NA,NA,NA,NA,NA,1992-04-10,NA,NA,NA,NA
"David Martin-Robinson","TEN","TE","16831","weighted",NA,NA,NA,NA,NA,NA,0,0,0,0,0,0,NA,NA,NA,NA,NA,NA,0,0,0.359537750385208,0.0848528137423857,2.86329738058552,1.23036579926459,0.00992295839753467,0.014142135623731,0,0,NA,NA,NA,NA,NA,NA,NA,NA,NA,NA,NA,NA,NA,NA,NA,NA,NA,NA,NA,NA,NA,NA,NA,NA,NA,NA,NA,NA,NA,NA,NA,NA,2024,1999-12-26,NA,NA,NA,NA
"Keleki Latu","BUF","TE","17419","weighted",NA,NA,NA,NA,NA,NA,0,0,0,0,0,0,NA,NA,NA,NA,NA,NA,0,0,0.169460708782743,0.0989949493661166,1.63506933744222,0.905096679918781,0.00992295839753467,0.014142135623731,0,0,NA,NA,NA,NA,NA,NA,NA,NA,NA,NA,NA,NA,NA,NA,NA,NA,NA,NA,NA,NA,NA,NA,NA,NA,NA,NA,NA,NA,NA,NA,NA,NA,2025,2002-08-13,NA,NA,NA,NA
"Max Klare","LAR","TE","17547","weighted",NA,NA,NA,NA,NA,NA,0,0,0,0,0,0,NA,NA,NA,NA,NA,NA,0,0,0.100511247443763,0.0997697425923385,1.00511247443763,0.997697425923385,0,0,0,0,NA,NA,NA,NA,NA,NA,NA,NA,NA,NA,NA,NA,NA,NA,NA,NA,NA,NA,NA,NA,NA,NA,NA,NA,NA,NA,NA,NA,NA,NA,NA,NA,2026,2003-07-08,NA,NA,NA,NA
"Jake Bates","DET","K","16846","weighted",NA,NA,NA,NA,NA,NA,NA,NA,NA,NA,NA,NA,NA,NA,NA,NA,NA,NA,NA,NA,NA,NA,NA,NA,NA,NA,NA,NA,0,0,0.433870925237832,0.0733399927567489,0.657820117532348,0.0831550928211097,0.356739663214483,0.209566501635164,0.217732627085145,0.119171467273838,3.23027116768124,0.331119702509621,NA,NA,NA,NA,NA,NA,NA,NA,NA,NA,NA,NA,NA,NA,NA,NA,NA,NA,NA,NA,2023,1999-03-03,NA,NA,NA,NA
"Tyler Bass","BUF","K","14983","weighted",NA,NA,NA,NA,NA,NA,NA,NA,NA,NA,NA,NA,NA,NA,NA,NA,NA,NA,NA,NA,NA,NA,NA,NA,NA,NA,NA,NA,0,0,0.407864826170829,0.0594530726721372,0.69714963625487,0.106206743897485,0.337530386777467,0.184991148179343,0.151411626849252,0.0811520565224771,3.02966242390703,0.20136067351294,NA,NA,NA,NA,NA,NA,NA,NA,NA,NA,NA,NA,NA,NA,NA,NA,NA,NA,NA,NA,2020,1997-02-14,NA,NA,NA,NA
"Jason Myers","SEA","K","12437","weighted",NA,NA,NA,NA,NA,NA,NA,NA,NA,NA,NA,NA,NA,NA,NA,NA,NA,NA,NA,NA,NA,NA,NA,NA,NA,NA,NA,NA,0,0,0.430893503820425,0.0383436066253238,0.765371508461247,0.0753270346546937,0.357486965892873,0.218952230800304,0.227069194846552,0.142035358701552,2.89557277255119,0.302054641263523,NA,NA,NA,NA,NA,NA,NA,NA,NA,NA,NA,NA,NA,NA,NA,NA,NA,NA,NA,NA,NA,1991-05-12,NA,NA,NA,NA
"Tyler Loop","BAL","K","17222","weighted",NA,NA,NA,NA,NA,NA,NA,NA,NA,NA,NA,NA,NA,NA,NA,NA,NA,NA,NA,NA,NA,NA,NA,NA,NA,NA,NA,NA,0,0,0.49936666051774,0.0536274546929513,0.556754596322942,0.0488353447138602,0.396988562995757,0.220998923633381,0.108986656828383,0.0684226049071361,3.03901494189264,0.147773170871487,NA,NA,NA,NA,NA,NA,NA,NA,NA,NA,NA,NA,NA,NA,NA,NA,NA,NA,NA,NA,2025,2001-08-04,NA,NA,NA,NA
"Harrison Mevis","LAR","K","16843","weighted",NA,NA,NA,NA,NA,NA,NA,NA,NA,NA,NA,NA,NA,NA,NA,NA,NA,NA,NA,NA,NA,NA,NA,NA,NA,NA,NA,NA,0,0,0.292845284212191,0.0938038745834733,0.411042374891296,0.127977438731891,0.361954392529932,0.220563636054764,0.107700652664681,0.0742921647204078,2.64421693414499,0.504381851540713,NA,NA,NA,NA,NA,NA,NA,NA,NA,NA,NA,NA,NA,NA,NA,NA,NA,NA,NA,NA,2024,2002-03-27,NA,NA,NA,NA
"Harrison Butker","KC","K","13354","weighted",NA,NA,NA,NA,NA,NA,NA,NA,NA,NA,NA,NA,NA,NA,NA,NA,NA,NA,NA,NA,NA,NA,NA,NA,NA,NA,NA,NA,0,0,0.589703755390337,0.069090737700883,0.589703755390337,0.069090737700883,0.431694777956899,0.257215476667598,0.133237623947665,0.0782748500464332,2.79629219701162,0.477295162313017,NA,NA,NA,NA,NA,NA,NA,NA,NA,NA,NA,NA,NA,NA,NA,NA,NA,NA,NA,NA,2017,1995-07-14,NA,NA,NA,NA
"Eddy Pineiro","SF","K","13719","weighted",NA,NA,NA,NA,NA,NA,NA,NA,NA,NA,NA,NA,NA,NA,NA,NA,NA,NA,NA,NA,NA,NA,NA,NA,NA,NA,NA,NA,0,0,0.44064602568957,0.0756778365275225,0.500653404401984,0.0544865105021781,0.360022912843814,0.210081315234862,0.217956485014418,0.119219730471635,2.95035971223022,0.150604437844049,NA,NA,NA,NA,NA,NA,NA,NA,NA,NA,NA,NA,NA,NA,NA,NA,NA,NA,NA,NA,2018,1995-09-13,NA,NA,NA,NA
"Trey Smack","GB","K","17668","weighted",NA,NA,NA,NA,NA,NA,NA,NA,NA,NA,NA,NA,NA,NA,NA,NA,NA,NA,NA,NA,NA,NA,NA,NA,NA,NA,NA,NA,0,0,0.664996793773772,0.0368612638584221,0.558952398520744,0.0347368552343909,0.303199198882652,0.204951835657633,0.170340211347406,0.103226272500285,2.61101272827892,0.43813791162496,NA,NA,NA,NA,NA,NA,NA,NA,NA,NA,NA,NA,NA,NA,NA,NA,NA,NA,NA,NA,2026,2003-07-12,NA,NA,NA,NA
"Jake Elliott","PHI","K","13303","weighted",NA,NA,NA,NA,NA,NA,NA,NA,NA,NA,NA,NA,NA,NA,NA,NA,NA,NA,NA,NA,NA,NA,NA,NA,NA,NA,NA,NA,0,0,0.328401454660447,0.0900806257102327,0.547335757767412,0.150134376183721,0.308600592053829,0.195799876555996,0.137187832151861,0.085563964151717,2.57332595462092,0.389440583305446,NA,NA,NA,NA,NA,NA,NA,NA,NA,NA,NA,NA,NA,NA,NA,NA,NA,NA,NA,NA,2017,1995-01-21,NA,NA,NA,NA
"Brandon Aubrey","DAL","K","16414","weighted",NA,NA,NA,NA,NA,NA,NA,NA,NA,NA,NA,NA,NA,NA,NA,NA,NA,NA,NA,NA,NA,NA,NA,NA,NA,NA,NA,NA,0,0,0.527201575403014,0.039896175960546,0.431555974002017,0.0380863653150683,0.751630384004485,0.142504978691929,0.322636116880721,0.206743099708035,2.61272827891533,0.365469136916664,NA,NA,NA,NA,NA,NA,NA,NA,NA,NA,NA,NA,NA,NA,NA,NA,NA,NA,NA,NA,2023,1995-03-14,NA,NA,NA,NA
"Kaimi Fairbairn","HOU","K","12860","weighted",NA,NA,NA,NA,NA,NA,NA,NA,NA,NA,NA,NA,NA,NA,NA,NA,NA,NA,NA,NA,NA,NA,NA,NA,NA,NA,NA,NA,0,0,0.488159801828867,0.0622860047794555,0.577682030200016,0.0700046886751457,0.793274830684903,0.114407173946051,0.333965794397449,0.240409182624392,2.36851134477034,0.382688122627458,NA,NA,NA,NA,NA,NA,NA,NA,NA,NA,NA,NA,NA,NA,NA,NA,NA,NA,NA,NA,2016,1994-01-29,NA,NA,NA,NA
"Daniel Carlson","NO","K","13718","weighted",NA,NA,NA,NA,NA,NA,NA,NA,NA,NA,NA,NA,NA,NA,NA,NA,NA,NA,NA,NA,NA,NA,NA,NA,NA,NA,NA,NA,0,0,0.604923403934195,0.154267236446137,0.409576709261961,0.145571999621732,0.276301755798159,0.192270407500519,0.246909325686304,0.16765540825846,2.35096845600443,0.527900797585702,NA,NA,NA,NA,NA,NA,NA,NA,NA,NA,NA,NA,NA,NA,NA,NA,NA,NA,NA,NA,2018,1995-01-23,NA,NA,NA,NA
"Ryan Fitzgerald","CAR","K","17277","weighted",NA,NA,NA,NA,NA,NA,NA,NA,NA,NA,NA,NA,NA,NA,NA,NA,NA,NA,NA,NA,NA,NA,NA,NA,NA,NA,NA,NA,0,0,0.459357687138539,0.134281650299544,0.51580878999252,0.153643880995382,0.354652541702901,0.217665970506152,0.0709305083405803,0.0435331941012303,2.33137797454344,0.394657241824198,NA,NA,NA,NA,NA,NA,NA,NA,NA,NA,NA,NA,NA,NA,NA,NA,NA,NA,NA,NA,2025,2000-08-13,NA,NA,NA,NA
"Evan McPherson","CIN","K","15368","weighted",NA,NA,NA,NA,NA,NA,NA,NA,NA,NA,NA,NA,NA,NA,NA,NA,NA,NA,NA,NA,NA,NA,NA,NA,NA,NA,NA,NA,0,0,0.404611695259177,0.102392226429519,0.399732521674968,0.121059729377989,0.258320523068724,0.182255811031682,0.261501567976388,0.180995846763029,2.4218594355285,0.415210612693898,NA,NA,NA,NA,NA,NA,NA,NA,NA,NA,NA,NA,NA,NA,NA,NA,NA,NA,NA,NA,2021,1999-07-21,NA,NA,NA,NA
"Will Reichard","MIN","K","16681","weighted",NA,NA,NA,NA,NA,NA,NA,NA,NA,NA,NA,NA,NA,NA,NA,NA,NA,NA,NA,NA,NA,NA,NA,NA,NA,NA,NA,NA,0,0,0.323414790434859,0.0876483763444297,0.645888795036845,0.161083183515419,0.305570927873086,0.209684170463166,0.243515956465597,0.180071791739871,2.33420033204206,0.443516159198501,NA,NA,NA,NA,NA,NA,NA,NA,NA,NA,NA,NA,NA,NA,NA,NA,NA,NA,NA,NA,2024,2001-01-09,NA,NA,NA,NA
"Cam Little","JAC","K","16680","weighted",NA,NA,NA,NA,NA,NA,NA,NA,NA,NA,NA,NA,NA,NA,NA,NA,NA,NA,NA,NA,NA,NA,NA,NA,NA,NA,NA,NA,0,0,0.413337022689541,0.063367705732778,0.413337022689541,0.063367705732778,0.415896513558384,0.22540542379509,0.226770890979524,0.121614632315551,2.22706142778085,0.26655610283837,NA,NA,NA,NA,NA,NA,NA,NA,NA,NA,NA,NA,NA,NA,NA,NA,NA,NA,NA,NA,2024,2003-08-17,NA,NA,NA,NA
"Andres Borregales","NE","K","17220","weighted",NA,NA,NA,NA,NA,NA,NA,NA,NA,NA,NA,NA,NA,NA,NA,NA,NA,NA,NA,NA,NA,NA,NA,NA,NA,NA,NA,NA,0,0,0.306977849672924,0.0993132151485863,0.493169015083791,0.151927843334981,0.254540036609765,0.134852398858085,0.169693357739844,0.0899015992387234,2.16900940785833,0.174118637185098,NA,NA,NA,NA,NA,NA,NA,NA,NA,NA,NA,NA,NA,NA,NA,NA,NA,NA,NA,NA,2025,2003-01-02,NA,NA,NA,NA
"Wil Lutz","DEN","K","12956","weighted",NA,NA,NA,NA,NA,NA,NA,NA,NA,NA,NA,NA,NA,NA,NA,NA,NA,NA,NA,NA,NA,NA,NA,NA,NA,NA,NA,NA,0,0,0.580124135985329,0.0689440160666261,0.636141584469981,0.0806012409603794,0.222092733053376,0.138686890853838,0.148991395119199,0.0804073857502445,2.18710570005534,0.18325153795297,NA,NA,NA,NA,NA,NA,NA,NA,NA,NA,NA,NA,NA,NA,NA,NA,NA,NA,NA,NA,2016,1994-07-07,NA,NA,NA,NA
"Jason Sanders","NYJ","K","13832","weighted",NA,NA,NA,NA,NA,NA,NA,NA,NA,NA,NA,NA,NA,NA,NA,NA,NA,NA,NA,NA,NA,NA,NA,NA,NA,NA,NA,NA,0,0,0.247524808299504,0.135155877703508,0.646163170951737,0.183729728589624,0.297502255299955,0.113072568187437,0.398047755976545,0.135698729866203,1.99499323410014,0.38740788481473,NA,NA,NA,NA,NA,NA,NA,NA,NA,NA,NA,NA,NA,NA,NA,NA,NA,NA,NA,NA,2018,1995-11-16,NA,NA,NA,NA
"Dominic Zvada","NYG","K","17736","weighted",NA,NA,NA,NA,NA,NA,NA,NA,NA,NA,NA,NA,NA,NA,NA,NA,NA,NA,NA,NA,NA,NA,NA,NA,NA,NA,NA,NA,0,0,0.500172986946645,0.16482996112005,0.43445884497351,0.145059853428002,0.223860072780936,0.151842461576995,0.150737032751421,0.091081722152985,2.0682899833979,0.191259648640243,NA,NA,NA,NA,NA,NA,NA,NA,NA,NA,NA,NA,NA,NA,NA,NA,NA,NA,NA,NA,2026,2003-10-25,NA,NA,NA,NA
"Cairo Santos","CHI","K","11945","weighted",NA,NA,NA,NA,NA,NA,NA,NA,NA,NA,NA,NA,NA,NA,NA,NA,NA,NA,NA,NA,NA,NA,NA,NA,NA,NA,NA,NA,0,0,0.334292565947242,0.07916250279004,0.454307323372072,0.0970326270425192,0.365117137059583,0.195868856826069,0.201531082826047,0.111804038224019,2.06358605423354,0.191750372546005,NA,NA,NA,NA,NA,NA,NA,NA,NA,NA,NA,NA,NA,NA,NA,NA,NA,NA,NA,NA,2014,1991-11-12,NA,NA,NA,NA
"Spencer Shrader","IND","K","16896","weighted",NA,NA,NA,NA,NA,NA,NA,NA,NA,NA,NA,NA,NA,NA,NA,NA,NA,NA,NA,NA,NA,NA,NA,NA,NA,NA,NA,NA,0,0,0.383136386818147,0.0437597828672966,0.598220428182341,0.0545540203407842,0.427125448962097,0.236778195859122,0.213562724481049,0.118389097929561,2.10724958494743,0.146205378163225,NA,NA,NA,NA,NA,NA,NA,NA,NA,NA,NA,NA,NA,NA,NA,NA,NA,NA,NA,NA,2024,1999-05-19,NA,NA,NA,NA
"Andre Szmyt","CLE","K","16419","weighted",NA,NA,NA,NA,NA,NA,NA,NA,NA,NA,NA,NA,NA,NA,NA,NA,NA,NA,NA,NA,NA,NA,NA,NA,NA,NA,NA,NA,0,0,0.320918649695628,0.0856258011005987,0.641837299391256,0.171251602201197,0.202527209002029,0.127528817017212,0.202527209002029,0.127528817017212,1.92390702822358,0.248928113748809,NA,NA,NA,NA,NA,NA,NA,NA,NA,NA,NA,NA,NA,NA,NA,NA,NA,NA,NA,NA,2023,1998-09-26,NA,NA,NA,NA
"Chase McLaughlin","TB","K","14717","weighted",NA,NA,NA,NA,NA,NA,NA,NA,NA,NA,NA,NA,NA,NA,NA,NA,NA,NA,NA,NA,NA,NA,NA,NA,NA,NA,NA,NA,0,0,0.449603810300516,0.0341315393575891,0.64991893125176,0.0341212472607451,0.301139123403417,0.179867862984485,0.301690723765695,0.178884107086558,2.07891532927504,0.081378202945836,NA,NA,NA,NA,NA,NA,NA,NA,NA,NA,NA,NA,NA,NA,NA,NA,NA,NA,NA,NA,2019,1996-04-09,NA,NA,NA,NA
"Chris Boswell","PIT","K","11936","weighted",NA,NA,NA,NA,NA,NA,NA,NA,NA,NA,NA,NA,NA,NA,NA,NA,NA,NA,NA,NA,NA,NA,NA,NA,NA,NA,NA,NA,0,0,0.454307323372072,0.0970326270425192,0.394299944659657,0.0811418035245676,0.283324109942815,0.153511134795794,0.239476111418557,0.143778057367147,2.04737133370227,0.0952000080029614,NA,NA,NA,NA,NA,NA,NA,NA,NA,NA,NA,NA,NA,NA,NA,NA,NA,NA,NA,NA,2014,1991-03-16,NA,NA,NA,NA
"Cameron Dicker","LAC","K","15979","weighted",NA,NA,NA,NA,NA,NA,NA,NA,NA,NA,NA,NA,NA,NA,NA,NA,NA,NA,NA,NA,NA,NA,NA,NA,NA,NA,NA,NA,0,0,0.405478693967903,0.0577832215014442,0.635971223021583,0.0824481921009413,0.335044272274488,0.184290786638433,0.186344770337576,0.106397184267532,2.01117874930825,0.144196849090092,NA,NA,NA,NA,NA,NA,NA,NA,NA,NA,NA,NA,NA,NA,NA,NA,NA,NA,NA,NA,2022,2000-05-06,NA,NA,NA,NA
"Joey Slye","TEN","K","14600","weighted",NA,NA,NA,NA,NA,NA,NA,NA,NA,NA,NA,NA,NA,NA,NA,NA,NA,NA,NA,NA,NA,NA,NA,NA,NA,NA,NA,NA,0,0,0.313129496402878,0.105691798149722,0.523951992252352,0.136723147693797,0.266239316239316,0.169248436608804,0.232963629096723,0.151605039826187,1.9229662423907,0.184960902922618,NA,NA,NA,NA,NA,NA,NA,NA,NA,NA,NA,NA,NA,NA,NA,NA,NA,NA,NA,NA,2019,1996-04-10,NA,NA,NA,NA
"Chad Ryland","ARI","K","16292","weighted",NA,NA,NA,NA,NA,NA,NA,NA,NA,NA,NA,NA,NA,NA,NA,NA,NA,NA,NA,NA,NA,NA,NA,NA,NA,NA,NA,NA,0,0,0.365204759269507,0.101158403952206,0.419161593801882,0.109378518155038,0.332799145299145,0.211560545761006,0.16545455942938,0.110613136141764,1.95915882678473,0.111076000171937,NA,NA,NA,NA,NA,NA,NA,NA,NA,NA,NA,NA,NA,NA,NA,NA,NA,NA,NA,NA,2023,1999-10-15,NA,NA,NA,NA
"Matt Gay","LVR","K","14244","weighted",NA,NA,NA,NA,NA,NA,NA,NA,NA,NA,NA,NA,NA,NA,NA,NA,NA,NA,NA,NA,NA,NA,NA,NA,NA,NA,NA,NA,0,0,0.335098548380231,0.0797889341651342,0.535405048742072,0.11651130762502,0.331752586096803,0.175317445058529,0.24787365373973,0.147722473482967,2.0371333702269,0.0540945356830451,NA,NA,NA,NA,NA,NA,NA,NA,NA,NA,NA,NA,NA,NA,NA,NA,NA,NA,NA,NA,2019,1994-03-15,NA,NA,NA,NA
"Nick Folk","ATL","K","8851","weighted",NA,NA,NA,NA,NA,NA,NA,NA,NA,NA,NA,NA,NA,NA,NA,NA,NA,NA,NA,NA,NA,NA,NA,NA,NA,NA,NA,NA,0,0,0.259686187701423,0.0750644322088642,0.411458706338097,0.105512701021654,0.391605991225119,0.260867847429932,0.26016146358931,0.180812967987727,1.85522966242391,0.344824164545382,NA,NA,NA,NA,NA,NA,NA,NA,NA,NA,NA,NA,NA,NA,NA,NA,NA,NA,NA,NA,2007,1984-11-05,NA,NA,NA,NA
"Drew Stevens","WAS","K","17726","weighted",NA,NA,NA,NA,NA,NA,NA,NA,NA,NA,NA,NA,NA,NA,NA,NA,NA,NA,NA,NA,NA,NA,NA,NA,NA,NA,NA,NA,0,0,0.355567025669405,0.117489152666077,0.309827877343096,0.119628638085285,0.212517559916564,0.143190719668734,0.120084997091085,0.104222706503983,1.84493635860542,0.203861840132721,NA,NA,NA,NA,NA,NA,NA,NA,NA,NA,NA,NA,NA,NA,NA,NA,NA,NA,NA,NA,2026,2003-12-09,NA,NA,NA,NA
"Riley Patterson","MIA","K","15369","weighted",NA,NA,NA,NA,NA,NA,NA,NA,NA,NA,NA,NA,NA,NA,NA,NA,NA,NA,NA,NA,NA,NA,NA,NA,NA,NA,NA,NA,0,0,0.461784857828023,0.123272601874136,0.461784857828023,0.123272601874136,0.325756098417969,0.220424113949104,0.096815441419758,0.0712785620016366,1.5918096292197,0.36824076206961,NA,NA,NA,NA,NA,NA,NA,NA,NA,NA,NA,NA,NA,NA,NA,NA,NA,NA,NA,NA,2021,1999-09-07,NA,NA,NA,NA
"Blake Grupe","NYJ","K","16444","weighted",NA,NA,NA,NA,NA,NA,NA,NA,NA,NA,NA,NA,NA,NA,NA,NA,NA,NA,NA,NA,NA,NA,NA,NA,NA,NA,NA,NA,0,0,0.233473906167633,0.198280412514714,0.233473906167633,0.198280412514714,0.0583684765419083,0.0495701031286786,0.233473906167633,0.198280412514714,1.56397601476015,0.15301308637338,NA,NA,NA,NA,NA,NA,NA,NA,NA,NA,NA,NA,NA,NA,NA,NA,NA,NA,NA,NA,2023,1998-11-05,NA,NA,NA,NA
"Cowboys","DAL","DST","0516","weighted",NA,NA,NA,NA,NA,NA,NA,NA,NA,NA,NA,NA,NA,NA,NA,NA,NA,NA,NA,NA,NA,NA,NA,NA,NA,NA,NA,NA,NA,NA,NA,NA,NA,NA,NA,NA,NA,NA,NA,NA,0.571314285714286,0.313548044458425,2.25684571428571,0.331164222873242,0,0,0.08672,0.0484157578077705,NA,NA,NA,NA,NA,NA,NA,NA,NA,NA,NA,NA,NA,NA,NA,NA,NA,NA
"Cardinals","ARI","DST","0519","weighted",NA,NA,NA,NA,NA,NA,NA,NA,NA,NA,NA,NA,NA,NA,NA,NA,NA,NA,NA,NA,NA,NA,NA,NA,NA,NA,NA,NA,NA,NA,NA,NA,NA,NA,NA,NA,NA,NA,NA,NA,0.727074285714286,0.254516188838593,1.54574857142857,0.33891421854992,0,0,0.0858514285714286,0.0837087192116093,NA,NA,NA,NA,NA,NA,NA,NA,NA,NA,NA,NA,NA,NA,NA,NA,NA,NA
"Chargers","LAC","DST","0514","weighted",NA,NA,NA,NA,NA,NA,NA,NA,NA,NA,NA,NA,NA,NA,NA,NA,NA,NA,NA,NA,NA,NA,NA,NA,NA,NA,NA,NA,NA,NA,NA,NA,NA,NA,NA,NA,NA,NA,NA,NA,0.814982857142857,0.110629424544811,2.36793142857143,0.626695786065667,0,0,0.0840114285714286,0.08287574000489,NA,NA,NA,NA,NA,NA,NA,NA,NA,NA,NA,NA,NA,NA,NA,NA,NA,NA
"Dolphins","MIA","DST","0503","weighted",NA,NA,NA,NA,NA,NA,NA,NA,NA,NA,NA,NA,NA,NA,NA,NA,NA,NA,NA,NA,NA,NA,NA,NA,NA,NA,NA,NA,NA,NA,NA,NA,NA,NA,NA,NA,NA,NA,NA,NA,0.745977142857143,0.183206559460999,2.20563428571429,0.334220679549756,0,0,0.0680342857142857,0.0602255159361478,NA,NA,NA,NA,NA,NA,NA,NA,NA,NA,NA,NA,NA,NA,NA,NA,NA,NA
"Jaguars","JAC","DST","0509","weighted",NA,NA,NA,NA,NA,NA,NA,NA,NA,NA,NA,NA,NA,NA,NA,NA,NA,NA,NA,NA,NA,NA,NA,NA,NA,NA,NA,NA,NA,NA,NA,NA,NA,NA,NA,NA,NA,NA,NA,NA,0.83392,0.0898874816490917,2.42106285714286,0.655236699788014,0.0495142857142857,0.0346667242063326,0.138194285714286,0.0847991275558643,NA,NA,NA,NA,NA,NA,NA,NA,NA,NA,NA,NA,NA,NA,NA,NA,NA,NA
"Jets","NYJ","DST","0505","weighted",NA,NA,NA,NA,NA,NA,NA,NA,NA,NA,NA,NA,NA,NA,NA,NA,NA,NA,NA,NA,NA,NA,NA,NA,NA,NA,NA,NA,NA,NA,NA,NA,NA,NA,NA,NA,NA,NA,NA,NA,0.513451428571429,0.344128293113771,1.96572571428571,0.110607006839791,0,0,0.125062857142857,0.0811531867215819,NA,NA,NA,NA,NA,NA,NA,NA,NA,NA,NA,NA,NA,NA,NA,NA,NA,NA
"Broncos","DEN","DST","0511","weighted",NA,NA,NA,NA,NA,NA,NA,NA,NA,NA,NA,NA,NA,NA,NA,NA,NA,NA,NA,NA,NA,NA,NA,NA,NA,NA,NA,NA,NA,NA,NA,NA,NA,NA,NA,NA,NA,NA,NA,NA,0.721737142857143,0.159769415760052,2.29676571428571,0.216482195899829,0,0,0.0904,0.0530929323843338,NA,NA,NA,NA,NA,NA,NA,NA,NA,NA,NA,NA,NA,NA,NA,NA,NA,NA
"Bears","CHI","DST","0521","weighted",NA,NA,NA,NA,NA,NA,NA,NA,NA,NA,NA,NA,NA,NA,NA,NA,NA,NA,NA,NA,NA,NA,NA,NA,NA,NA,NA,NA,NA,NA,NA,NA,NA,NA,NA,NA,NA,NA,NA,NA,0.694754285714286,0.195763116389079,2.42521142857143,0.31786507240208,0,0,0.0904,0.0530929323843338,NA,NA,NA,NA,NA,NA,NA,NA,NA,NA,NA,NA,NA,NA,NA,NA,NA,NA
"Commanders","WAS","DST","0520","weighted",NA,NA,NA,NA,NA,NA,NA,NA,NA,NA,NA,NA,NA,NA,NA,NA,NA,NA,NA,NA,NA,NA,NA,NA,NA,NA,NA,NA,NA,NA,NA,NA,NA,NA,NA,NA,NA,NA,NA,NA,0.708285714285714,0.223333958613433,2.40460571428571,0.427856240599894,0,0,0.110057142857143,0.0726130558125102,NA,NA,NA,NA,NA,NA,NA,NA,NA,NA,NA,NA,NA,NA,NA,NA,NA,NA
"Ravens","BAL","DST","0531","weighted",NA,NA,NA,NA,NA,NA,NA,NA,NA,NA,NA,NA,NA,NA,NA,NA,NA,NA,NA,NA,NA,NA,NA,NA,NA,NA,NA,NA,NA,NA,NA,NA,NA,NA,NA,NA,NA,NA,NA,NA,0.756114285714286,0.148054539364186,1.75068571428571,0.311966200809799,0,0,0.136354285714286,0.0840413144500762,NA,NA,NA,NA,NA,NA,NA,NA,NA,NA,NA,NA,NA,NA,NA,NA,NA,NA
"Colts","IND","DST","0502","weighted",NA,NA,NA,NA,NA,NA,NA,NA,NA,NA,NA,NA,NA,NA,NA,NA,NA,NA,NA,NA,NA,NA,NA,NA,NA,NA,NA,NA,NA,NA,NA,NA,NA,NA,NA,NA,NA,NA,NA,NA,0.687462857142857,0.207944523057797,2.094,0.169487146801742,0,0,0.0735542857142857,0.068223554391593,NA,NA,NA,NA,NA,NA,NA,NA,NA,NA,NA,NA,NA,NA,NA,NA,NA,NA
"Falcons","ATL","DST","0526","weighted",NA,NA,NA,NA,NA,NA,NA,NA,NA,NA,NA,NA,NA,NA,NA,NA,NA,NA,NA,NA,NA,NA,NA,NA,NA,NA,NA,NA,NA,NA,NA,NA,NA,NA,NA,NA,NA,NA,NA,NA,0.725451428571429,0.168786375708855,2.44734857142857,0.539853697044122,0,0,0.0904,0.0530929323843338,NA,NA,NA,NA,NA,NA,NA,NA,NA,NA,NA,NA,NA,NA,NA,NA,NA,NA
"Chiefs","KC","DST","0512","weighted",NA,NA,NA,NA,NA,NA,NA,NA,NA,NA,NA,NA,NA,NA,NA,NA,NA,NA,NA,NA,NA,NA,NA,NA,NA,NA,NA,NA,NA,NA,NA,NA,NA,NA,NA,NA,NA,NA,NA,NA,0.80336,0.144413294999654,2.93608,0.554841582412277,0,0,0.125028571428571,0.108419285947386,NA,NA,NA,NA,NA,NA,NA,NA,NA,NA,NA,NA,NA,NA,NA,NA,NA,NA
"Patriots","NE","DST","0504","weighted",NA,NA,NA,NA,NA,NA,NA,NA,NA,NA,NA,NA,NA,NA,NA,NA,NA,NA,NA,NA,NA,NA,NA,NA,NA,NA,NA,NA,NA,NA,NA,NA,NA,NA,NA,NA,NA,NA,NA,NA,0.719028571428571,0.173600420356203,2.13660571428571,0.13401932960935,0,0,0.128742857142857,0.0818945781477047,NA,NA,NA,NA,NA,NA,NA,NA,NA,NA,NA,NA,NA,NA,NA,NA,NA,NA
"Packers","GB","DST","0523","weighted",NA,NA,NA,NA,NA,NA,NA,NA,NA,NA,NA,NA,NA,NA,NA,NA,NA,NA,NA,NA,NA,NA,NA,NA,NA,NA,NA,NA,NA,NA,NA,NA,NA,NA,NA,NA,NA,NA,NA,NA,0.807588571428571,0.138203690324621,2.13846857142857,0.247370203894238,0,0,0.125028571428571,0.108419285947386,NA,NA,NA,NA,NA,NA,NA,NA,NA,NA,NA,NA,NA,NA,NA,NA,NA,NA
"Raiders","LVR","DST","0513","weighted",NA,NA,NA,NA,NA,NA,NA,NA,NA,NA,NA,NA,NA,NA,NA,NA,NA,NA,NA,NA,NA,NA,NA,NA,NA,NA,NA,NA,NA,NA,NA,NA,NA,NA,NA,NA,NA,NA,NA,NA,0.74976,0.153844989096827,3.13134857142857,0.483326349006564,0.0990285714285714,0.0693334484126652,0.0913714285714286,0.087460711148051,NA,NA,NA,NA,NA,NA,NA,NA,NA,NA,NA,NA,NA,NA,NA,NA,NA,NA
"Eagles","PHI","DST","0518","weighted",NA,NA,NA,NA,NA,NA,NA,NA,NA,NA,NA,NA,NA,NA,NA,NA,NA,NA,NA,NA,NA,NA,NA,NA,NA,NA,NA,NA,NA,NA,NA,NA,NA,NA,NA,NA,NA,NA,NA,NA,0.841862857142857,0.116607114466927,2.02261714285714,0.0494832638143429,0,0,0.103531428571429,0.0980876635151589,NA,NA,NA,NA,NA,NA,NA,NA,NA,NA,NA,NA,NA,NA,NA,NA,NA,NA
"Bills","BUF","DST","0501","weighted",NA,NA,NA,NA,NA,NA,NA,NA,NA,NA,NA,NA,NA,NA,NA,NA,NA,NA,NA,NA,NA,NA,NA,NA,NA,NA,NA,NA,NA,NA,NA,NA,NA,NA,NA,NA,NA,NA,NA,NA,0.857828571428571,0.16218618744618,3.07977142857143,0.556913958826395,0,0,0.15872,0.0859400296666745,NA,NA,NA,NA,NA,NA,NA,NA,NA,NA,NA,NA,NA,NA,NA,NA,NA,NA
"Steelers","PIT","DST","0510","weighted",NA,NA,NA,NA,NA,NA,NA,NA,NA,NA,NA,NA,NA,NA,NA,NA,NA,NA,NA,NA,NA,NA,NA,NA,NA,NA,NA,NA,NA,NA,NA,NA,NA,NA,NA,NA,NA,NA,NA,NA,0.817394285714286,0.170196635051445,3.08710857142857,0.346704711110309,0,0,0.128742857142857,0.0818945781477047,NA,NA,NA,NA,NA,NA,NA,NA,NA,NA,NA,NA,NA,NA,NA,NA,NA,NA
"Buccaneers","TB","DST","0525","weighted",NA,NA,NA,NA,NA,NA,NA,NA,NA,NA,NA,NA,NA,NA,NA,NA,NA,NA,NA,NA,NA,NA,NA,NA,NA,NA,NA,NA,NA,NA,NA,NA,NA,NA,NA,NA,NA,NA,NA,NA,0.856674285714286,0.134367512692479,2.54740571428571,0.717205616833675,0.0495142857142857,0.0346667242063326,0.130582857142857,0.0826053786084965,NA,NA,NA,NA,NA,NA,NA,NA,NA,NA,NA,NA,NA,NA,NA,NA,NA,NA
"Browns","CLE","DST","0507","weighted",NA,NA,NA,NA,NA,NA,NA,NA,NA,NA,NA,NA,NA,NA,NA,NA,NA,NA,NA,NA,NA,NA,NA,NA,NA,NA,NA,NA,NA,NA,NA,NA,NA,NA,NA,NA,NA,NA,NA,NA,0.741394285714286,0.146645729613352,2.24910857142857,0.218857300756634,0,0,0.130582857142857,0.0826053786084965,NA,NA,NA,NA,NA,NA,NA,NA,NA,NA,NA,NA,NA,NA,NA,NA,NA,NA
"Vikings","MIN","DST","0524","weighted",NA,NA,NA,NA,NA,NA,NA,NA,NA,NA,NA,NA,NA,NA,NA,NA,NA,NA,NA,NA,NA,NA,NA,NA,NA,NA,NA,NA,NA,NA,NA,NA,NA,NA,NA,NA,NA,NA,NA,NA,0.813394285714286,0.108426190495591,3.30702857142857,0.481312114563504,0.0504857142857143,0.0346667242063326,0.0968914285714286,0.0929005680424242,NA,NA,NA,NA,NA,NA,NA,NA,NA,NA,NA,NA,NA,NA,NA,NA,NA,NA
"Rams","LAR","DST","0528","weighted",NA,NA,NA,NA,NA,NA,NA,NA,NA,NA,NA,NA,NA,NA,NA,NA,NA,NA,NA,NA,NA,NA,NA,NA,NA,NA,NA,NA,NA,NA,NA,NA,NA,NA,NA,NA,NA,NA,NA,NA,0.85448,0.17703448884493,1.88345142857143,0.125277318756866,0,0,0.09408,0.0586878303782326,NA,NA,NA,NA,NA,NA,NA,NA,NA,NA,NA,NA,NA,NA,NA,NA,NA,NA
"Lions","DET","DST","0522","weighted",NA,NA,NA,NA,NA,NA,NA,NA,NA,NA,NA,NA,NA,NA,NA,NA,NA,NA,NA,NA,NA,NA,NA,NA,NA,NA,NA,NA,NA,NA,NA,NA,NA,NA,NA,NA,NA,NA,NA,NA,0.93752,0.160869684975842,3.40998857142857,0.367929240171085,0.0495142857142857,0.0346667242063326,0.123188571428571,0.106899904431438,NA,NA,NA,NA,NA,NA,NA,NA,NA,NA,NA,NA,NA,NA,NA,NA,NA,NA
"Titans","TEN","DST","0508","weighted",NA,NA,NA,NA,NA,NA,NA,NA,NA,NA,NA,NA,NA,NA,NA,NA,NA,NA,NA,NA,NA,NA,NA,NA,NA,NA,NA,NA,NA,NA,NA,NA,NA,NA,NA,NA,NA,NA,NA,NA,0.912525714285714,0.293598959535179,2.63771428571429,0.465099191566377,0.0495142857142857,0.0346667242063326,0.132422857142857,0.0835358141468861,NA,NA,NA,NA,NA,NA,NA,NA,NA,NA,NA,NA,NA,NA,NA,NA,NA,NA
"Texans","HOU","DST","0532","weighted",NA,NA,NA,NA,NA,NA,NA,NA,NA,NA,NA,NA,NA,NA,NA,NA,NA,NA,NA,NA,NA,NA,NA,NA,NA,NA,NA,NA,NA,NA,NA,NA,NA,NA,NA,NA,NA,NA,NA,NA,0.848342857142857,0.128450749413892,2.73131428571429,0.517067236397368,0,0,0.197931428571429,0.137189638046121,NA,NA,NA,NA,NA,NA,NA,NA,NA,NA,NA,NA,NA,NA,NA,NA,NA,NA
"Seahawks","SEA","DST","0515","weighted",NA,NA,NA,NA,NA,NA,NA,NA,NA,NA,NA,NA,NA,NA,NA,NA,NA,NA,NA,NA,NA,NA,NA,NA,NA,NA,NA,NA,NA,NA,NA,NA,NA,NA,NA,NA,NA,NA,NA,NA,0.920274285714286,0.28557562447088,2.81924571428571,0.13791453190692,0,0,0.201611428571429,0.137197326593794,NA,NA,NA,NA,NA,NA,NA,NA,NA,NA,NA,NA,NA,NA,NA,NA,NA,NA
"Giants","NYG","DST","0517","weighted",NA,NA,NA,NA,NA,NA,NA,NA,NA,NA,NA,NA,NA,NA,NA,NA,NA,NA,NA,NA,NA,NA,NA,NA,NA,NA,NA,NA,NA,NA,NA,NA,NA,NA,NA,NA,NA,NA,NA,NA,0.689234285714286,0.199163336471469,2.55907428571429,0.402341772714929,0,0,0.115577142857143,0.0774280385497846,NA,NA,NA,NA,NA,NA,NA,NA,NA,NA,NA,NA,NA,NA,NA,NA,NA,NA
"Bengals","CIN","DST","0506","weighted",NA,NA,NA,NA,NA,NA,NA,NA,NA,NA,NA,NA,NA,NA,NA,NA,NA,NA,NA,NA,NA,NA,NA,NA,NA,NA,NA,NA,NA,NA,NA,NA,NA,NA,NA,NA,NA,NA,NA,NA,0.624948571428571,0.217817121199504,2.20293714285714,0.653691367063331,0,0,0.136102857142857,0.0860254070646904,NA,NA,NA,NA,NA,NA,NA,NA,NA,NA,NA,NA,NA,NA,NA,NA,NA,NA
"Saints","NO","DST","0529","weighted",NA,NA,NA,NA,NA,NA,NA,NA,NA,NA,NA,NA,NA,NA,NA,NA,NA,NA,NA,NA,NA,NA,NA,NA,NA,NA,NA,NA,NA,NA,NA,NA,NA,NA,NA,NA,NA,NA,NA,NA,0.792274285714286,0.26084600318784,2.72677714285714,0.866694794381522,0,0,0.134262857142857,0.084678645126033,NA,NA,NA,NA,NA,NA,NA,NA,NA,NA,NA,NA,NA,NA,NA,NA,NA,NA
"Panthers","CAR","DST","0527","weighted",NA,NA,NA,NA,NA,NA,NA,NA,NA,NA,NA,NA,NA,NA,NA,NA,NA,NA,NA,NA,NA,NA,NA,NA,NA,NA,NA,NA,NA,NA,NA,NA,NA,NA,NA,NA,NA,NA,NA,NA,0.93784,0.332381580294964,3.37938285714286,0.445301294283993,0,0,0.152948571428571,0.110257112708189,NA,NA,NA,NA,NA,NA,NA,NA,NA,NA,NA,NA,NA,NA,NA,NA,NA,NA
"49ers","SF","DST","0530","weighted",NA,NA,NA,NA,NA,NA,NA,NA,NA,NA,NA,NA,NA,NA,NA,NA,NA,NA,NA,NA,NA,NA,NA,NA,NA,NA,NA,NA,NA,NA,NA,NA,NA,NA,NA,NA,NA,NA,NA,NA,0.668091428571429,0.196081285656974,2.33140571428571,0.551597509340893,0,0,0.122217142857143,0.0816981785834247,NA,NA,NA,NA,NA,NA,NA,NA,NA,NA,NA,NA,NA,NA,NA,NA,NA,NA
"Tommy Togiai","HOU","DL","15358","weighted",NA,NA,NA,NA,NA,NA,NA,NA,NA,NA,NA,NA,NA,NA,NA,NA,NA,NA,NA,NA,NA,NA,NA,NA,NA,NA,NA,NA,NA,NA,NA,NA,NA,NA,NA,NA,NA,NA,NA,NA,NA,NA,NA,NA,NA,NA,NA,NA,NA,NA,2.43450184501845,2.09851063094001,0,0,0,0,0.2,0,0.1,0,2021,1999-09-19,NA,NA,NA,NA
"Maxx Crosby","LVR","DL","14225","weighted",NA,NA,NA,NA,NA,NA,NA,NA,NA,NA,NA,NA,NA,NA,NA,NA,NA,NA,NA,NA,NA,NA,NA,NA,NA,NA,NA,NA,NA,NA,NA,NA,NA,NA,NA,NA,NA,NA,NA,NA,NA,NA,NA,NA,NA,NA,NA,NA,NA,NA,2.75073800738007,1.2393336901331,1,0,0.0499077490774908,0.047841868380847,0.3,0,0,0,2019,1997-08-22,NA,NA,NA,NA
"Jeffery Simmons","TEN","DL","14163","weighted",NA,NA,NA,NA,NA,NA,NA,NA,NA,NA,NA,NA,NA,NA,NA,NA,NA,NA,NA,NA,NA,NA,NA,NA,NA,NA,NA,NA,NA,NA,NA,NA,NA,NA,NA,NA,NA,NA,NA,NA,NA,NA,NA,NA,NA,NA,NA,NA,NA,NA,2.56042435424354,1.27473063830614,0,0,0,0,0.1,0,0,0,2019,1997-07-28,NA,NA,NA,NA
"Will Anderson","HOU","DL","16223","weighted",NA,NA,NA,NA,NA,NA,NA,NA,NA,NA,NA,NA,NA,NA,NA,NA,NA,NA,NA,NA,NA,NA,NA,NA,NA,NA,NA,NA,NA,NA,NA,NA,NA,NA,NA,NA,NA,NA,NA,NA,NA,NA,NA,NA,NA,NA,NA,NA,NA,NA,2.36079335793358,1.39175877997183,1,0,0,0,0.3,0,0,0,2023,2001-09-02,NA,NA,NA,NA
"Andrew Van Ginkel","MIN","DL","14249","weighted",NA,NA,NA,NA,NA,NA,NA,NA,NA,NA,NA,NA,NA,NA,NA,NA,NA,NA,NA,NA,NA,NA,NA,NA,NA,NA,NA,NA,NA,NA,NA,NA,NA,NA,NA,NA,NA,NA,NA,NA,NA,NA,NA,NA,NA,NA,NA,NA,NA,NA,2.56974169741697,1.23051749775738,0,0,0.0499077490774908,0.047841868380847,0.5,0,0,0,2019,1995-07-01,NA,NA,NA,NA
"Dallas Turner","MIN","DL","16650","weighted",NA,NA,NA,NA,NA,NA,NA,NA,NA,NA,NA,NA,NA,NA,NA,NA,NA,NA,NA,NA,NA,NA,NA,NA,NA,NA,NA,NA,NA,NA,NA,NA,NA,NA,NA,NA,NA,NA,NA,NA,NA,NA,NA,NA,NA,NA,NA,NA,NA,NA,2.27250922509225,1.52967676596737,1,0,0,0,0.2,0,0,0,2024,2003-02-02,NA,NA,NA,NA
"Byron Young","LAR","DL","16276","weighted",NA,NA,NA,NA,NA,NA,NA,NA,NA,NA,NA,NA,NA,NA,NA,NA,NA,NA,NA,NA,NA,NA,NA,NA,NA,NA,NA,NA,NA,NA,NA,NA,NA,NA,NA,NA,NA,NA,NA,NA,NA,NA,NA,NA,NA,NA,NA,NA,NA,NA,2.80365853658537,1.69705627484771,0,0,0,0,0,0,0,0,2023,1998-03-13,NA,NA,NA,NA
"DeForest Buckner","IND","DL","12688","weighted",NA,NA,NA,NA,NA,NA,NA,NA,NA,NA,NA,NA,NA,NA,NA,NA,NA,NA,NA,NA,NA,NA,NA,NA,NA,NA,NA,NA,NA,NA,NA,NA,NA,NA,NA,NA,NA,NA,NA,NA,NA,NA,NA,NA,NA,NA,NA,NA,NA,NA,2.30977859778598,1.38736595035345,0,0,0,0,0.2,0,0,0,2016,1994-03-17,NA,NA,NA,NA
"Jalen Redmond","MIN","DL","16927","weighted",NA,NA,NA,NA,NA,NA,NA,NA,NA,NA,NA,NA,NA,NA,NA,NA,NA,NA,NA,NA,NA,NA,NA,NA,NA,NA,NA,NA,NA,NA,NA,NA,NA,NA,NA,NA,NA,NA,NA,NA,NA,NA,NA,NA,NA,NA,NA,NA,NA,NA,2.9532012195122,1.48492424049175,0,0,0,0,0.3,0,0,0,2022,1999-03-12,NA,NA,NA,NA
"Leonard Williams","SEA","DL","12225","weighted",NA,NA,NA,NA,NA,NA,NA,NA,NA,NA,NA,NA,NA,NA,NA,NA,NA,NA,NA,NA,NA,NA,NA,NA,NA,NA,NA,NA,NA,NA,NA,NA,NA,NA,NA,NA,NA,NA,NA,NA,NA,NA,NA,NA,NA,NA,NA,NA,NA,NA,2.9532012195122,1.48492424049175,0,0,0,0,0,0,0,0,2015,1994-06-20,NA,NA,NA,NA
"Nick Bosa","SF","DL","14147","weighted",NA,NA,NA,NA,NA,NA,NA,NA,NA,NA,NA,NA,NA,NA,NA,NA,NA,NA,NA,NA,NA,NA,NA,NA,NA,NA,NA,NA,NA,NA,NA,NA,NA,NA,NA,NA,NA,NA,NA,NA,NA,NA,NA,NA,NA,NA,NA,NA,NA,NA,2.15710332103321,0.823372210787821,1,0,0,0,0,0,0,0,2019,1997-10-23,NA,NA,NA,NA
"Danielle Hunter","HOU","DL","12221","weighted",NA,NA,NA,NA,NA,NA,NA,NA,NA,NA,NA,NA,NA,NA,NA,NA,NA,NA,NA,NA,NA,NA,NA,NA,NA,NA,NA,NA,NA,NA,NA,NA,NA,NA,NA,NA,NA,NA,NA,NA,NA,NA,NA,NA,NA,NA,NA,NA,NA,NA,1.7880073800738,1.03030725812065,1,0,0,0,0.3,0,0,0,2015,1994-10-29,NA,NA,NA,NA
"Aidan Hutchinson","DET","DL","15805","weighted",NA,NA,NA,NA,NA,NA,NA,NA,NA,NA,NA,NA,NA,NA,NA,NA,NA,NA,NA,NA,NA,NA,NA,NA,NA,NA,NA,NA,NA,NA,NA,NA,NA,NA,NA,NA,NA,NA,NA,NA,NA,NA,NA,NA,NA,NA,NA,NA,NA,NA,2.26623616236162,0.721474570230823,1,0,0.0499077490774908,0.047841868380847,0.1,0,0,0,2022,2000-08-09,NA,NA,NA,NA
"Tuli Tuipulotu","LAC","DL","16266","weighted",NA,NA,NA,NA,NA,NA,NA,NA,NA,NA,NA,NA,NA,NA,NA,NA,NA,NA,NA,NA,NA,NA,NA,NA,NA,NA,NA,NA,NA,NA,NA,NA,NA,NA,NA,NA,NA,NA,NA,NA,NA,NA,NA,NA,NA,NA,NA,NA,NA,NA,2.09677121771218,0.815232587985809,0,0,0,0,0.3,0,0,0,2023,2002-09-03,NA,NA,NA,NA
"Alex Highsmith","PIT","DL","14940","weighted",NA,NA,NA,NA,NA,NA,NA,NA,NA,NA,NA,NA,NA,NA,NA,NA,NA,NA,NA,NA,NA,NA,NA,NA,NA,NA,NA,NA,NA,NA,NA,NA,NA,NA,NA,NA,NA,NA,NA,NA,NA,NA,NA,NA,NA,NA,NA,NA,NA,NA,2.06881918819188,1.00442232033863,1,0,0,0,0.3,0,0,0,2020,1997-08-07,NA,NA,NA,NA
"T.J. Watt","PIT","DL","13214","weighted",NA,NA,NA,NA,NA,NA,NA,NA,NA,NA,NA,NA,NA,NA,NA,NA,NA,NA,NA,NA,NA,NA,NA,NA,NA,NA,NA,NA,NA,NA,NA,NA,NA,NA,NA,NA,NA,NA,NA,NA,NA,NA,NA,NA,NA,NA,NA,NA,NA,NA,1.89935424354244,1.08221185534623,1,0,0.0998154981549815,0.0956837367616939,0.4,0,0.1,0,2017,1994-10-11,NA,NA,NA,NA
"Demarcus Lawrence","SEA","DL","11769","weighted",NA,NA,NA,NA,NA,NA,NA,NA,NA,NA,NA,NA,NA,NA,NA,NA,NA,NA,NA,NA,NA,NA,NA,NA,NA,NA,NA,NA,NA,NA,NA,NA,NA,NA,NA,NA,NA,NA,NA,NA,NA,NA,NA,NA,NA,NA,NA,NA,NA,NA,1.71835793357934,1.08445034247794,0,0,0,0,0.2,0,0.1,0,2014,1992-04-28,NA,NA,NA,NA
"Nik Bonitto","DEN","DL","15861","weighted",NA,NA,NA,NA,NA,NA,NA,NA,NA,NA,NA,NA,NA,NA,NA,NA,NA,NA,NA,NA,NA,NA,NA,NA,NA,NA,NA,NA,NA,NA,NA,NA,NA,NA,NA,NA,NA,NA,NA,NA,NA,NA,NA,NA,NA,NA,NA,NA,NA,NA,1.8669741697417,0.942183898720065,0,0,0,0,0.1,0,0,0,2022,1999-09-26,NA,NA,NA,NA
"Trey Hendrickson","BAL","DL","13284","weighted",NA,NA,NA,NA,NA,NA,NA,NA,NA,NA,NA,NA,NA,NA,NA,NA,NA,NA,NA,NA,NA,NA,NA,NA,NA,NA,NA,NA,NA,NA,NA,NA,NA,NA,NA,NA,NA,NA,NA,NA,NA,NA,NA,NA,NA,NA,NA,NA,NA,NA,2.00627306273063,0.832107878556939,1,0,0,0,0.1,0,0,0,2017,1994-12-05,NA,NA,NA,NA
"Jared Verse","CLE","DL","16653","weighted",NA,NA,NA,NA,NA,NA,NA,NA,NA,NA,NA,NA,NA,NA,NA,NA,NA,NA,NA,NA,NA,NA,NA,NA,NA,NA,NA,NA,NA,NA,NA,NA,NA,NA,NA,NA,NA,NA,NA,NA,NA,NA,NA,NA,NA,NA,NA,NA,NA,NA,1.9969557195572,0.869719166944872,0,0,0,0,0,0,0.1,0,2024,2000-11-04,NA,NA,NA,NA
"Montez Sweat","CHI","DL","14148","weighted",NA,NA,NA,NA,NA,NA,NA,NA,NA,NA,NA,NA,NA,NA,NA,NA,NA,NA,NA,NA,NA,NA,NA,NA,NA,NA,NA,NA,NA,NA,NA,NA,NA,NA,NA,NA,NA,NA,NA,NA,NA,NA,NA,NA,NA,NA,NA,NA,NA,NA,1.8159594095941,0.961375686396697,0,0,0,0,0.2,0,0,0,2019,1996-09-04,NA,NA,NA,NA
"Josh Allen","JAC","DL","14167","weighted",NA,NA,NA,NA,NA,NA,NA,NA,NA,NA,NA,NA,NA,NA,NA,NA,NA,NA,NA,NA,NA,NA,NA,NA,NA,NA,NA,NA,NA,NA,NA,NA,NA,NA,NA,NA,NA,NA,NA,NA,NA,NA,NA,NA,NA,NA,NA,NA,NA,NA,1.79732472324723,0.99747591846112,1,0,0,0,0.1,0,0,0,2019,1997-07-13,NA,NA,NA,NA
"Jayson Oweh","WAS","DL","15378","weighted",NA,NA,NA,NA,NA,NA,NA,NA,NA,NA,NA,NA,NA,NA,NA,NA,NA,NA,NA,NA,NA,NA,NA,NA,NA,NA,NA,NA,NA,NA,NA,NA,NA,NA,NA,NA,NA,NA,NA,NA,NA,NA,NA,NA,NA,NA,NA,NA,NA,NA,1.79953874538745,1.12387720248594,1,0,0,0,0,0,0,0,2021,1998-12-15,NA,NA,NA,NA
"YaYa Diaby","TB","DL","16278","weighted",NA,NA,NA,NA,NA,NA,NA,NA,NA,NA,NA,NA,NA,NA,NA,NA,NA,NA,NA,NA,NA,NA,NA,NA,NA,NA,NA,NA,NA,NA,NA,NA,NA,NA,NA,NA,NA,NA,NA,NA,NA,NA,NA,NA,NA,NA,NA,NA,NA,NA,1.81817343173432,1.02350363688126,0,0,0,0,0.1,0,0,0,2023,1999-05-30,NA,NA,NA,NA
"Khalil Mack","LAC","DL","11721","weighted",NA,NA,NA,NA,NA,NA,NA,NA,NA,NA,NA,NA,NA,NA,NA,NA,NA,NA,NA,NA,NA,NA,NA,NA,NA,NA,NA,NA,NA,NA,NA,NA,NA,NA,NA,NA,NA,NA,NA,NA,NA,NA,NA,NA,NA,NA,NA,NA,NA,NA,1.60922509225092,1.1840337316121,0,0,0,0,0.2,0,0,0,2014,1991-02-22,NA,NA,NA,NA
"David Bailey","NYJ","DL","17551","weighted",NA,NA,NA,NA,NA,NA,NA,NA,NA,NA,NA,NA,NA,NA,NA,NA,NA,NA,NA,NA,NA,NA,NA,NA,NA,NA,NA,NA,NA,NA,NA,NA,NA,NA,NA,NA,NA,NA,NA,NA,NA,NA,NA,NA,NA,NA,NA,NA,NA,NA,1.5280442804428,1.19946849015644,1,0,0,0,0.1,0,0,0,2026,2003-08-28,"Q","Elbow",2026,3
"Travon Walker","JAC","DL","15815","weighted",NA,NA,NA,NA,NA,NA,NA,NA,NA,NA,NA,NA,NA,NA,NA,NA,NA,NA,NA,NA,NA,NA,NA,NA,NA,NA,NA,NA,NA,NA,NA,NA,NA,NA,NA,NA,NA,NA,NA,NA,NA,NA,NA,NA,NA,NA,NA,NA,NA,NA,1.77647601476015,0.994735292323539,1,0,0,0,0.1,0,0,0,2022,2000-12-18,NA,NA,NA,NA
"Gregory Rousseau","BUF","DL","15346","weighted",NA,NA,NA,NA,NA,NA,NA,NA,NA,NA,NA,NA,NA,NA,NA,NA,NA,NA,NA,NA,NA,NA,NA,NA,NA,NA,NA,NA,NA,NA,NA,NA,NA,NA,NA,NA,NA,NA,NA,NA,NA,NA,NA,NA,NA,NA,NA,NA,NA,NA,1.9690036900369,1.03600410742924,1,0,0,0,0.3,0,0,0,2021,2000-04-05,NA,NA,NA,NA
"Laiatu Latu","IND","DL","16651","weighted",NA,NA,NA,NA,NA,NA,NA,NA,NA,NA,NA,NA,NA,NA,NA,NA,NA,NA,NA,NA,NA,NA,NA,NA,NA,NA,NA,NA,NA,NA,NA,NA,NA,NA,NA,NA,NA,NA,NA,NA,NA,NA,NA,NA,NA,NA,NA,NA,NA,NA,2.17795202952029,0.904459741278519,0,0,0.0499077490774908,0.047841868380847,0.3,0,0,0,2024,2000-12-31,NA,NA,NA,NA
"Quinnen Williams","DAL","DL","14157","weighted",NA,NA,NA,NA,NA,NA,NA,NA,NA,NA,NA,NA,NA,NA,NA,NA,NA,NA,NA,NA,NA,NA,NA,NA,NA,NA,NA,NA,NA,NA,NA,NA,NA,NA,NA,NA,NA,NA,NA,NA,NA,NA,NA,NA,NA,NA,NA,NA,NA,NA,1.72767527675277,1.05290173501477,0,0,0,0,0,0,0,0,2019,1997-12-21,NA,NA,NA,NA
"Carl Granderson","NO","DL","14405","weighted",NA,NA,NA,NA,NA,NA,NA,NA,NA,NA,NA,NA,NA,NA,NA,NA,NA,NA,NA,NA,NA,NA,NA,NA,NA,NA,NA,NA,NA,NA,NA,NA,NA,NA,NA,NA,NA,NA,NA,NA,NA,NA,NA,NA,NA,NA,NA,NA,NA,NA,2.00848708487085,0.98038525263347,0,0,0,0,0.2,0,0,0,2019,1996-12-18,NA,NA,NA,NA
"George Karlaftis","KC","DL","15808","weighted",NA,NA,NA,NA,NA,NA,NA,NA,NA,NA,NA,NA,NA,NA,NA,NA,NA,NA,NA,NA,NA,NA,NA,NA,NA,NA,NA,NA,NA,NA,NA,NA,NA,NA,NA,NA,NA,NA,NA,NA,NA,NA,NA,NA,NA,NA,NA,NA,NA,NA,1.85765682656827,0.976437245170636,1,0,0,0,0.1,0,0,0,2022,2001-04-03,NA,NA,NA,NA
"Ed Oliver","BUF","DL","14158","weighted",NA,NA,NA,NA,NA,NA,NA,NA,NA,NA,NA,NA,NA,NA,NA,NA,NA,NA,NA,NA,NA,NA,NA,NA,NA,NA,NA,NA,NA,NA,NA,NA,NA,NA,NA,NA,NA,NA,NA,NA,NA,NA,NA,NA,NA,NA,NA,NA,NA,NA,2.25228658536585,1.06066017177982,0,0,0,0,0.5,0,0,0,2019,1997-12-12,"Q","Hip",2026,3
"Bradley Chubb","BUF","DL","13681","weighted",NA,NA,NA,NA,NA,NA,NA,NA,NA,NA,NA,NA,NA,NA,NA,NA,NA,NA,NA,NA,NA,NA,NA,NA,NA,NA,NA,NA,NA,NA,NA,NA,NA,NA,NA,NA,NA,NA,NA,NA,NA,NA,NA,NA,NA,NA,NA,NA,NA,NA,1.7090405904059,1.1243996561053,1,0,0,0,0.1,0,0,0,2018,1996-06-24,NA,NA,NA,NA
"Abdul Carter","NYG","DL","17112","weighted",NA,NA,NA,NA,NA,NA,NA,NA,NA,NA,NA,NA,NA,NA,NA,NA,NA,NA,NA,NA,NA,NA,NA,NA,NA,NA,NA,NA,NA,NA,NA,NA,NA,NA,NA,NA,NA,NA,NA,NA,NA,NA,NA,NA,NA,NA,NA,NA,NA,NA,1.72767527675277,1.05290173501477,1,0,0,0,0,0,0,0,2025,2003-10-03,NA,NA,NA,NA
"Derrick Brown","CAR","DL","14897","weighted",NA,NA,NA,NA,NA,NA,NA,NA,NA,NA,NA,NA,NA,NA,NA,NA,NA,NA,NA,NA,NA,NA,NA,NA,NA,NA,NA,NA,NA,NA,NA,NA,NA,NA,NA,NA,NA,NA,NA,NA,NA,NA,NA,NA,NA,NA,NA,NA,NA,NA,2.70091463414634,0.424264068711929,0,0,0,0,0.2,0,0,0,2020,1998-04-15,NA,NA,NA,NA
"Lukas Van Ness","GB","DL","16230","weighted",NA,NA,NA,NA,NA,NA,NA,NA,NA,NA,NA,NA,NA,NA,NA,NA,NA,NA,NA,NA,NA,NA,NA,NA,NA,NA,NA,NA,NA,NA,NA,NA,NA,NA,NA,NA,NA,NA,NA,NA,NA,NA,NA,NA,NA,NA,NA,NA,NA,NA,2.75076219512195,0.353553390593274,0,0,0,0,0,0,0,0,2023,2001-07-06,NA,NA,NA,NA
"Boye Mafe","CIN","DL","15853","weighted",NA,NA,NA,NA,NA,NA,NA,NA,NA,NA,NA,NA,NA,NA,NA,NA,NA,NA,NA,NA,NA,NA,NA,NA,NA,NA,NA,NA,NA,NA,NA,NA,NA,NA,NA,NA,NA,NA,NA,NA,NA,NA,NA,NA,NA,NA,NA,NA,NA,NA,1.76494464944649,1.02322809443512,1,0,0,0,0.1,0,0,0,2022,1998-11-30,NA,NA,NA,NA
"Justin Madubuike","BAL","DL","14900","weighted",NA,NA,NA,NA,NA,NA,NA,NA,NA,NA,NA,NA,NA,NA,NA,NA,NA,NA,NA,NA,NA,NA,NA,NA,NA,NA,NA,NA,NA,NA,NA,NA,NA,NA,NA,NA,NA,NA,NA,NA,NA,NA,NA,NA,NA,NA,NA,NA,NA,NA,2.0030487804878,1.4142135623731,0,0,0,0,0.1,0,0,0,2020,1997-11-17,"Q","Neck",2026,3
"Rueben Bain Jr.","TB","DL","17550","weighted",NA,NA,NA,NA,NA,NA,NA,NA,NA,NA,NA,NA,NA,NA,NA,NA,NA,NA,NA,NA,NA,NA,NA,NA,NA,NA,NA,NA,NA,NA,NA,NA,NA,NA,NA,NA,NA,NA,NA,NA,NA,NA,NA,NA,NA,NA,NA,NA,NA,NA,1.8390221402214,1.07112219760022,0,0,0,0,0.2,0,0,0,2026,2004-09-08,NA,NA,NA,NA
"Cameron Heyward","PIT","DL","10266","weighted",NA,NA,NA,NA,NA,NA,NA,NA,NA,NA,NA,NA,NA,NA,NA,NA,NA,NA,NA,NA,NA,NA,NA,NA,NA,NA,NA,NA,NA,NA,NA,NA,NA,NA,NA,NA,NA,NA,NA,NA,NA,NA,NA,NA,NA,NA,NA,NA,NA,NA,2.5015243902439,0.707106781186548,0,0,0,0,0.6,0,0,0,2011,1989-05-06,NA,NA,NA,NA
"Jaelan Phillips","CAR","DL","15349","weighted",NA,NA,NA,NA,NA,NA,NA,NA,NA,NA,NA,NA,NA,NA,NA,NA,NA,NA,NA,NA,NA,NA,NA,NA,NA,NA,NA,NA,NA,NA,NA,NA,NA,NA,NA,NA,NA,NA,NA,NA,NA,NA,NA,NA,NA,NA,NA,NA,NA,NA,1.85987084870849,1.13762358025762,1,0,0,0,0.2,0,0,0,2021,1999-05-28,NA,NA,NA,NA
"Donovan Ezeiruaku","DAL","DL","17135","weighted",NA,NA,NA,NA,NA,NA,NA,NA,NA,NA,NA,NA,NA,NA,NA,NA,NA,NA,NA,NA,NA,NA,NA,NA,NA,NA,NA,NA,NA,NA,NA,NA,NA,NA,NA,NA,NA,NA,NA,NA,NA,NA,NA,NA,NA,NA,NA,NA,NA,NA,1.91088560885609,1.23679852098473,0,0,0,0,0.1,0,0,0,2025,2003-05-25,NA,NA,NA,NA
"Austin Booker","CHI","DL","16734","weighted",NA,NA,NA,NA,NA,NA,NA,NA,NA,NA,NA,NA,NA,NA,NA,NA,NA,NA,NA,NA,NA,NA,NA,NA,NA,NA,NA,NA,NA,NA,NA,NA,NA,NA,NA,NA,NA,NA,NA,NA,NA,NA,NA,NA,NA,NA,NA,NA,NA,NA,1.7369926199262,1.03052566272727,0,0,0,0,0.1,0,0,0,2024,2002-12-14,NA,NA,NA,NA
"Kayvon Thibodeaux","NYG","DL","15806","weighted",NA,NA,NA,NA,NA,NA,NA,NA,NA,NA,NA,NA,NA,NA,NA,NA,NA,NA,NA,NA,NA,NA,NA,NA,NA,NA,NA,NA,NA,NA,NA,NA,NA,NA,NA,NA,NA,NA,NA,NA,NA,NA,NA,NA,NA,NA,NA,NA,NA,NA,1.38874538745387,1.31219907192507,1,0,0,0,0.1,0,0,0,2022,2000-12-15,NA,NA,NA,NA
"Byron Murphy","SEA","DL","16689","weighted",NA,NA,NA,NA,NA,NA,NA,NA,NA,NA,NA,NA,NA,NA,NA,NA,NA,NA,NA,NA,NA,NA,NA,NA,NA,NA,NA,NA,NA,NA,NA,NA,NA,NA,NA,NA,NA,NA,NA,NA,NA,NA,NA,NA,NA,NA,NA,NA,NA,NA,1.50940959409594,1.24816181783541,0,0,0,0,0.1,0,0,0,2024,2002-09-08,NA,NA,NA,NA
"Jalen Carter","PHI","DL","16233","weighted",NA,NA,NA,NA,NA,NA,NA,NA,NA,NA,NA,NA,NA,NA,NA,NA,NA,NA,NA,NA,NA,NA,NA,NA,NA,NA,NA,NA,NA,NA,NA,NA,NA,NA,NA,NA,NA,NA,NA,NA,NA,NA,NA,NA,NA,NA,NA,NA,NA,NA,2.30213414634146,0.989949493661166,0,0,0,0,0.4,0,0,0,2023,2001-04-04,NA,NA,NA,NA
"Jordan Davis","PHI","DL","15817","weighted",NA,NA,NA,NA,NA,NA,NA,NA,NA,NA,NA,NA,NA,NA,NA,NA,NA,NA,NA,NA,NA,NA,NA,NA,NA,NA,NA,NA,NA,NA,NA,NA,NA,NA,NA,NA,NA,NA,NA,NA,NA,NA,NA,NA,NA,NA,NA,NA,NA,NA,1.9179889298893,0.968192955499669,0,0,0,0,0.2,0,0.1,0,2022,2000-01-12,NA,NA,NA,NA
"Zach Sieler","MIA","DL","13839","weighted",NA,NA,NA,NA,NA,NA,NA,NA,NA,NA,NA,NA,NA,NA,NA,NA,NA,NA,NA,NA,NA,NA,NA,NA,NA,NA,NA,NA,NA,NA,NA,NA,NA,NA,NA,NA,NA,NA,NA,NA,NA,NA,NA,NA,NA,NA,NA,NA,NA,NA,1.88782287822878,0.970683570471489,0,0,0,0,0.1,0,0,0,2018,1995-09-07,NA,NA,NA,NA
"Patrick Jones","CAR","DL","15398","weighted",NA,NA,NA,NA,NA,NA,NA,NA,NA,NA,NA,NA,NA,NA,NA,NA,NA,NA,NA,NA,NA,NA,NA,NA,NA,NA,NA,NA,NA,NA,NA,NA,NA,NA,NA,NA,NA,NA,NA,NA,NA,NA,NA,NA,NA,NA,NA,NA,NA,NA,1.80885608856089,1.07001123856972,1,0,0,0,0.1,0,0,0,2021,1998-09-29,"Q","Back",2026,3
"Isaiah McGuire","CLE","DL","16300","weighted",NA,NA,NA,NA,NA,NA,NA,NA,NA,NA,NA,NA,NA,NA,NA,NA,NA,NA,NA,NA,NA,NA,NA,NA,NA,NA,NA,NA,NA,NA,NA,NA,NA,NA,NA,NA,NA,NA,NA,NA,NA,NA,NA,NA,NA,NA,NA,NA,NA,NA,1.92020295202952,1.16222685992231,0,0,0,0,0.1,0,0,0,2023,2001-07-27,NA,NA,NA,NA
"Malcolm Roach","DEN","DL","15089","weighted",NA,NA,NA,NA,NA,NA,NA,NA,NA,NA,NA,NA,NA,NA,NA,NA,NA,NA,NA,NA,NA,NA,NA,NA,NA,NA,NA,NA,NA,NA,NA,NA,NA,NA,NA,NA,NA,NA,NA,NA,NA,NA,NA,NA,NA,NA,NA,NA,NA,NA,2.20243902439024,1.13137084989848,0,0,0,0,0.1,0,0,0,2020,1998-06-09,NA,NA,NA,NA
"Nolan Smith","PHI","DL","16228","weighted",NA,NA,NA,NA,NA,NA,NA,NA,NA,NA,NA,NA,NA,NA,NA,NA,NA,NA,NA,NA,NA,NA,NA,NA,NA,NA,NA,NA,NA,NA,NA,NA,NA,NA,NA,NA,NA,NA,NA,NA,NA,NA,NA,NA,NA,NA,NA,NA,NA,NA,1.72988929889299,1.17326062779443,0,0,0,0,0,0,0,0,2023,2001-01-18,NA,NA,NA,NA
"D.J. Wonnum","DET","DL","14947","weighted",NA,NA,NA,NA,NA,NA,NA,NA,NA,NA,NA,NA,NA,NA,NA,NA,NA,NA,NA,NA,NA,NA,NA,NA,NA,NA,NA,NA,NA,NA,NA,NA,NA,NA,NA,NA,NA,NA,NA,NA,NA,NA,NA,NA,NA,NA,NA,NA,NA,NA,1.54889298892989,1.20535397093174,0,0,0,0,0.3,0,0,0,2020,1997-10-31,NA,NA,NA,NA
"Dre'Mont Jones","NE","DL","14164","weighted",NA,NA,NA,NA,NA,NA,NA,NA,NA,NA,NA,NA,NA,NA,NA,NA,NA,NA,NA,NA,NA,NA,NA,NA,NA,NA,NA,NA,NA,NA,NA,NA,NA,NA,NA,NA,NA,NA,NA,NA,NA,NA,NA,NA,NA,NA,NA,NA,NA,NA,1.62785977859779,1.12450343874839,0,0,0,0,0.1,0,0,0,2019,1997-01-05,"Q","Shoulder",2026,3
"Rashan Gary","DAL","DL","14149","weighted",NA,NA,NA,NA,NA,NA,NA,NA,NA,NA,NA,NA,NA,NA,NA,NA,NA,NA,NA,NA,NA,NA,NA,NA,NA,NA,NA,NA,NA,NA,NA,NA,NA,NA,NA,NA,NA,NA,NA,NA,NA,NA,NA,NA,NA,NA,NA,NA,NA,NA,1.74852398523985,1.07670281053771,0,0,0,0,0,0,0,0,2019,1997-12-03,NA,NA,NA,NA
"Da'Ron Payne","WAS","DL","13723","weighted",NA,NA,NA,NA,NA,NA,NA,NA,NA,NA,NA,NA,NA,NA,NA,NA,NA,NA,NA,NA,NA,NA,NA,NA,NA,NA,NA,NA,NA,NA,NA,NA,NA,NA,NA,NA,NA,NA,NA,NA,NA,NA,NA,NA,NA,NA,NA,NA,NA,NA,1.59990774907749,1.22550690083047,0,0,0,0,0.2,0,0,0,2018,1997-05-27,NA,NA,NA,NA
"Walter Nolen","ARI","DL","17136","weighted",NA,NA,NA,NA,NA,NA,NA,NA,NA,NA,NA,NA,NA,NA,NA,NA,NA,NA,NA,NA,NA,NA,NA,NA,NA,NA,NA,NA,NA,NA,NA,NA,NA,NA,NA,NA,NA,NA,NA,NA,NA,NA,NA,NA,NA,NA,NA,NA,NA,NA,1.5280442804428,1.19946849015644,0,0,0,0,0.1,0,0,0,2025,2003-10-14,NA,NA,NA,NA
"Teair Tart","LAC","DL","15173","weighted",NA,NA,NA,NA,NA,NA,NA,NA,NA,NA,NA,NA,NA,NA,NA,NA,NA,NA,NA,NA,NA,NA,NA,NA,NA,NA,NA,NA,NA,NA,NA,NA,NA,NA,NA,NA,NA,NA,NA,NA,NA,NA,NA,NA,NA,NA,NA,NA,NA,NA,2.25228658536585,1.06066017177982,0,0,0,0,0.3,0,0,0,2020,1997-02-28,NA,NA,NA,NA
"Kobie Turner","LAR","DL","16282","weighted",NA,NA,NA,NA,NA,NA,NA,NA,NA,NA,NA,NA,NA,NA,NA,NA,NA,NA,NA,NA,NA,NA,NA,NA,NA,NA,NA,NA,NA,NA,NA,NA,NA,NA,NA,NA,NA,NA,NA,NA,NA,NA,NA,NA,NA,NA,NA,NA,NA,NA,2.20243902439024,1.13137084989848,0,0,0,0,0.1,0,0,0,2023,1999-04-26,NA,NA,NA,NA
"Barryn Sorrell","GB","DL","17182","weighted",NA,NA,NA,NA,NA,NA,NA,NA,NA,NA,NA,NA,NA,NA,NA,NA,NA,NA,NA,NA,NA,NA,NA,NA,NA,NA,NA,NA,NA,NA,NA,NA,NA,NA,NA,NA,NA,NA,NA,NA,NA,NA,NA,NA,NA,NA,NA,NA,NA,NA,1.93629139072848,1.20208152801713,NA,NA,0,0,0.1,1.98041604282243e-17,0,0,2025,2002-12-22,NA,NA,NA,NA
"Jonathan Greenard","PHI","DL","14882","weighted",NA,NA,NA,NA,NA,NA,NA,NA,NA,NA,NA,NA,NA,NA,NA,NA,NA,NA,NA,NA,NA,NA,NA,NA,NA,NA,NA,NA,NA,NA,NA,NA,NA,NA,NA,NA,NA,NA,NA,NA,NA,NA,NA,NA,NA,NA,NA,NA,NA,NA,1.77684501845018,0.933307045838983,0,0,0,0,0.3,0,0,0,2020,1997-05-25,"Q","Pectoral",2026,3
"Aaron Donald","LAR","DL","11757","weighted",NA,NA,NA,NA,NA,NA,NA,NA,NA,NA,NA,NA,NA,NA,NA,NA,NA,NA,NA,NA,NA,NA,NA,NA,NA,NA,NA,NA,NA,NA,NA,NA,NA,NA,NA,NA,NA,NA,NA,NA,NA,NA,NA,NA,NA,NA,NA,NA,NA,NA,1.19298013245033,1.13137084989848,NA,NA,0,0,0.1,1.98041604282243e-17,0,0,2014,1991-05-23,NA,NA,NA,NA
"Will McDonald","NYJ","DL","16252","weighted",NA,NA,NA,NA,NA,NA,NA,NA,NA,NA,NA,NA,NA,NA,NA,NA,NA,NA,NA,NA,NA,NA,NA,NA,NA,NA,NA,NA,NA,NA,NA,NA,NA,NA,NA,NA,NA,NA,NA,NA,NA,NA,NA,NA,NA,NA,NA,NA,NA,NA,1.17389298892989,0.775912928632241,0,0,0,0,0.1,0,0,0,2023,1999-06-04,NA,NA,NA,NA
"Josh Uche","MIA","DL","14925","weighted",NA,NA,NA,NA,NA,NA,NA,NA,NA,NA,NA,NA,NA,NA,NA,NA,NA,NA,NA,NA,NA,NA,NA,NA,NA,NA,NA,NA,NA,NA,NA,NA,NA,NA,NA,NA,NA,NA,NA,NA,NA,NA,NA,NA,NA,NA,NA,NA,NA,NA,1.36304635761589,0.919238815542512,NA,NA,0,0,0,0,0,0,2020,1998-09-18,NA,NA,NA,NA
"Lee Hunter","CAR","DL","17570","weighted",NA,NA,NA,NA,NA,NA,NA,NA,NA,NA,NA,NA,NA,NA,NA,NA,NA,NA,NA,NA,NA,NA,NA,NA,NA,NA,NA,NA,NA,NA,NA,NA,NA,NA,NA,NA,NA,NA,NA,NA,NA,NA,NA,NA,NA,NA,NA,NA,NA,NA,1.30635761589404,0.989949493661167,NA,NA,0,0,0.1,1.98041604282243e-17,0,0,2026,2002-07-02,NA,NA,NA,NA
"Jalyx Hunt","PHI","DL","16712","weighted",NA,NA,NA,NA,NA,NA,NA,NA,NA,NA,NA,NA,NA,NA,NA,NA,NA,NA,NA,NA,NA,NA,NA,NA,NA,NA,NA,NA,NA,NA,NA,NA,NA,NA,NA,NA,NA,NA,NA,NA,NA,NA,NA,NA,NA,NA,NA,NA,NA,NA,1.83274907749077,0.334033191222802,0,0,0.0499077490774908,0.047841868380847,0.1,0,0,0,2024,2001-03-13,NA,NA,NA,NA
"Chase Young","NO","DL","14877","weighted",NA,NA,NA,NA,NA,NA,NA,NA,NA,NA,NA,NA,NA,NA,NA,NA,NA,NA,NA,NA,NA,NA,NA,NA,NA,NA,NA,NA,NA,NA,NA,NA,NA,NA,NA,NA,NA,NA,NA,NA,NA,NA,NA,NA,NA,NA,NA,NA,NA,NA,1.61448339483395,0.513378205145856,0,0,0,0,0.3,0,0.1,0,2020,1999-04-14,NA,NA,NA,NA
"Chop Robinson","MIA","DL","16655","weighted",NA,NA,NA,NA,NA,NA,NA,NA,NA,NA,NA,NA,NA,NA,NA,NA,NA,NA,NA,NA,NA,NA,NA,NA,NA,NA,NA,NA,NA,NA,NA,NA,NA,NA,NA,NA,NA,NA,NA,NA,NA,NA,NA,NA,NA,NA,NA,NA,NA,NA,1.40774907749077,0.901857355100525,0,0,0,0,0.2,0,0,0,2024,2003-01-02,"Q","Concussion",2026,3
"Dorance Armstrong","WAS","DL","13759","weighted",NA,NA,NA,NA,NA,NA,NA,NA,NA,NA,NA,NA,NA,NA,NA,NA,NA,NA,NA,NA,NA,NA,NA,NA,NA,NA,NA,NA,NA,NA,NA,NA,NA,NA,NA,NA,NA,NA,NA,NA,NA,NA,NA,NA,NA,NA,NA,NA,NA,NA,1.39621771217712,0.706432538725734,0,0,0,0,0,0,0,0,2018,1997-06-10,NA,NA,NA,NA
"Jadeveon Clowney","HOU","DL","11706","weighted",NA,NA,NA,NA,NA,NA,NA,NA,NA,NA,NA,NA,NA,NA,NA,NA,NA,NA,NA,NA,NA,NA,NA,NA,NA,NA,NA,NA,NA,NA,NA,NA,NA,NA,NA,NA,NA,NA,NA,NA,NA,NA,NA,NA,NA,NA,NA,NA,NA,NA,1.5015243902439,0.707106781186548,0,0,0,0,0.1,0,0,0,2014,1993-02-14,"Q","Knee",2026,3
"Milton Williams","NE","DL","15391","weighted",NA,NA,NA,NA,NA,NA,NA,NA,NA,NA,NA,NA,NA,NA,NA,NA,NA,NA,NA,NA,NA,NA,NA,NA,NA,NA,NA,NA,NA,NA,NA,NA,NA,NA,NA,NA,NA,NA,NA,NA,NA,NA,NA,NA,NA,NA,NA,NA,NA,NA,1.65106707317073,0.494974746830583,0,0,0,0,0.1,0,0,0,2021,1999-04-06,NA,NA,NA,NA
"Josh Sweat","ARI","DL","13690","weighted",NA,NA,NA,NA,NA,NA,NA,NA,NA,NA,NA,NA,NA,NA,NA,NA,NA,NA,NA,NA,NA,NA,NA,NA,NA,NA,NA,NA,NA,NA,NA,NA,NA,NA,NA,NA,NA,NA,NA,NA,NA,NA,NA,NA,NA,NA,NA,NA,NA,NA,1.315036900369,0.61154213275705,0,0,0,0,0.1,0,0,0,2018,1997-03-29,NA,NA,NA,NA
"Chris Jones","KC","DL","12741","weighted",NA,NA,NA,NA,NA,NA,NA,NA,NA,NA,NA,NA,NA,NA,NA,NA,NA,NA,NA,NA,NA,NA,NA,NA,NA,NA,NA,NA,NA,NA,NA,NA,NA,NA,NA,NA,NA,NA,NA,NA,NA,NA,NA,NA,NA,NA,NA,NA,NA,NA,1.28487084870849,0.615258748878689,0,0,0,0,0.1,0,0,0,2016,1994-07-03,NA,NA,NA,NA
"Myles Murphy","CIN","DL","16224","weighted",NA,NA,NA,NA,NA,NA,NA,NA,NA,NA,NA,NA,NA,NA,NA,NA,NA,NA,NA,NA,NA,NA,NA,NA,NA,NA,NA,NA,NA,NA,NA,NA,NA,NA,NA,NA,NA,NA,NA,NA,NA,NA,NA,NA,NA,NA,NA,NA,NA,NA,1.34741697416974,0.847336593231503,0,0,0,0,0,0,0,0,2023,2002-01-03,NA,NA,NA,NA
"Jermaine Johnson","TEN","DL","15809","weighted",NA,NA,NA,NA,NA,NA,NA,NA,NA,NA,NA,NA,NA,NA,NA,NA,NA,NA,NA,NA,NA,NA,NA,NA,NA,NA,NA,NA,NA,NA,NA,NA,NA,NA,NA,NA,NA,NA,NA,NA,NA,NA,NA,NA,NA,NA,NA,NA,NA,NA,1.41706642066421,0.813171842447644,0,0,0,0,0.1,0,0,0,2022,1999-01-08,NA,NA,NA,NA
"Devonte Wyatt","GB","DL","15819","weighted",NA,NA,NA,NA,NA,NA,NA,NA,NA,NA,NA,NA,NA,NA,NA,NA,NA,NA,NA,NA,NA,NA,NA,NA,NA,NA,NA,NA,NA,NA,NA,NA,NA,NA,NA,NA,NA,NA,NA,NA,NA,NA,NA,NA,NA,NA,NA,NA,NA,NA,1.80060975609756,0.282842712474619,0,0,0,0,0.1,0,0,0,2022,1998-03-31,NA,NA,NA,NA
"Travis Jones","BAL","DL","15863","weighted",NA,NA,NA,NA,NA,NA,NA,NA,NA,NA,NA,NA,NA,NA,NA,NA,NA,NA,NA,NA,NA,NA,NA,NA,NA,NA,NA,NA,NA,NA,NA,NA,NA,NA,NA,NA,NA,NA,NA,NA,NA,NA,NA,NA,NA,NA,NA,NA,NA,NA,1.315036900369,0.61154213275705,0,0,0,0,0.2,0,0,0,2022,1999-10-15,NA,NA,NA,NA
"Adam Butler","LVR","DL","13448","weighted",NA,NA,NA,NA,NA,NA,NA,NA,NA,NA,NA,NA,NA,NA,NA,NA,NA,NA,NA,NA,NA,NA,NA,NA,NA,NA,NA,NA,NA,NA,NA,NA,NA,NA,NA,NA,NA,NA,NA,NA,NA,NA,NA,NA,NA,NA,NA,NA,NA,NA,1.15488929889299,0.693682975176724,0,0,0,0,0.1,0,0,0,NA,1994-04-12,NA,NA,NA,NA
"Uchenna Nwosu","SEA","DL","13704","weighted",NA,NA,NA,NA,NA,NA,NA,NA,NA,NA,NA,NA,NA,NA,NA,NA,NA,NA,NA,NA,NA,NA,NA,NA,NA,NA,NA,NA,NA,NA,NA,NA,NA,NA,NA,NA,NA,NA,NA,NA,NA,NA,NA,NA,NA,NA,NA,NA,NA,NA,1.31725092250923,0.824534272285191,0,0,0,0,0.2,0,0,0,2018,1996-12-28,NA,NA,NA,NA
"Dayo Odeyingbo","CHI","DL","15386","weighted",NA,NA,NA,NA,NA,NA,NA,NA,NA,NA,NA,NA,NA,NA,NA,NA,NA,NA,NA,NA,NA,NA,NA,NA,NA,NA,NA,NA,NA,NA,NA,NA,NA,NA,NA,NA,NA,NA,NA,NA,NA,NA,NA,NA,NA,NA,NA,NA,NA,NA,1.43461030383091,0.707106781186547,0,0,0,0,NA,NA,NA,NA,2021,1999-09-24,NA,NA,NA,NA
"Mason Graham","CLE","DL","17121","weighted",NA,NA,NA,NA,NA,NA,NA,NA,NA,NA,NA,NA,NA,NA,NA,NA,NA,NA,NA,NA,NA,NA,NA,NA,NA,NA,NA,NA,NA,NA,NA,NA,NA,NA,NA,NA,NA,NA,NA,NA,NA,NA,NA,NA,NA,NA,NA,NA,NA,NA,1.59363468634686,0.416584855489548,0,0,0,0,0.2,0,0,0,2025,2003-09-03,NA,NA,NA,NA
"Akheem Mesidor","LAC","DL","17568","weighted",NA,NA,NA,NA,NA,NA,NA,NA,NA,NA,NA,NA,NA,NA,NA,NA,NA,NA,NA,NA,NA,NA,NA,NA,NA,NA,NA,NA,NA,NA,NA,NA,NA,NA,NA,NA,NA,NA,NA,NA,NA,NA,NA,NA,NA,NA,NA,NA,NA,NA,0.994741697416974,0.817797628079176,0,0,0,0,0,0,0,0,2026,2001-04-05,NA,NA,NA,NA
"Jonah Laulu","LVR","DL","16787","weighted",NA,NA,NA,NA,NA,NA,NA,NA,NA,NA,NA,NA,NA,NA,NA,NA,NA,NA,NA,NA,NA,NA,NA,NA,NA,NA,NA,NA,NA,NA,NA,NA,NA,NA,NA,NA,NA,NA,NA,NA,NA,NA,NA,NA,NA,NA,NA,NA,NA,NA,1.75076219512195,0.353553390593274,0,0,0,0,0.3,0,0,0,2024,2000-06-30,NA,NA,NA,NA
"K'Lavon Chaisson","WAS","DL","14888","weighted",NA,NA,NA,NA,NA,NA,NA,NA,NA,NA,NA,NA,NA,NA,NA,NA,NA,NA,NA,NA,NA,NA,NA,NA,NA,NA,NA,NA,NA,NA,NA,NA,NA,NA,NA,NA,NA,NA,NA,NA,NA,NA,NA,NA,NA,NA,NA,NA,NA,NA,1.44723247232472,0.841733531427157,0,0,0,0,0.1,0,0,0,2020,1999-07-25,NA,NA,NA,NA
"Brian Burns","NYG","DL","14171","weighted",NA,NA,NA,NA,NA,NA,NA,NA,NA,NA,NA,NA,NA,NA,NA,NA,NA,NA,NA,NA,NA,NA,NA,NA,NA,NA,NA,NA,NA,NA,NA,NA,NA,NA,NA,NA,NA,NA,NA,NA,NA,NA,NA,NA,NA,NA,NA,NA,NA,NA,1.20807195571956,0.459039259120139,NA,NA,0,0,0.2,0,0,0,2019,1998-04-23,"Q","Ankle",2026,3
"Kwity Paye","LVR","DL","15345","weighted",NA,NA,NA,NA,NA,NA,NA,NA,NA,NA,NA,NA,NA,NA,NA,NA,NA,NA,NA,NA,NA,NA,NA,NA,NA,NA,NA,NA,NA,NA,NA,NA,NA,NA,NA,NA,NA,NA,NA,NA,NA,NA,NA,NA,NA,NA,NA,NA,NA,NA,1.31655629139073,0.353553390593274,NA,NA,0,0,0.1,1.98041604282243e-17,0,0,2021,1998-11-19,NA,NA,NA,NA
"Tavius Robinson","BAL","DL","16298","weighted",NA,NA,NA,NA,NA,NA,NA,NA,NA,NA,NA,NA,NA,NA,NA,NA,NA,NA,NA,NA,NA,NA,NA,NA,NA,NA,NA,NA,NA,NA,NA,NA,NA,NA,NA,NA,NA,NA,NA,NA,NA,NA,NA,NA,NA,NA,NA,NA,NA,NA,1.08980132450331,0.636396103067893,NA,NA,0,0,0.1,1.98041604282243e-17,0,0,2023,1999-01-03,NA,NA,NA,NA
"Kingsley Enagbare","NYJ","DL","15813","weighted",NA,NA,NA,NA,NA,NA,NA,NA,NA,NA,NA,NA,NA,NA,NA,NA,NA,NA,NA,NA,NA,NA,NA,NA,NA,NA,NA,NA,NA,NA,NA,NA,NA,NA,NA,NA,NA,NA,NA,NA,NA,NA,NA,NA,NA,NA,NA,NA,NA,NA,0.919735099337748,0.848528137423857,NA,NA,0,0,0,0,0,0,2022,2000-01-18,NA,NA,NA,NA
"John Franklin-Myers","TEN","DL","13770","weighted",NA,NA,NA,NA,NA,NA,NA,NA,NA,NA,NA,NA,NA,NA,NA,NA,NA,NA,NA,NA,NA,NA,NA,NA,NA,NA,NA,NA,NA,NA,NA,NA,NA,NA,NA,NA,NA,NA,NA,NA,NA,NA,NA,NA,NA,NA,NA,NA,NA,NA,0.876423841059603,0.777817459305202,NA,NA,0,0,0.1,1.98041604282243e-17,0,0,2018,1996-09-26,NA,NA,NA,NA
"Felix Anudike-Uzomah","KC","DL","16257","weighted",NA,NA,NA,NA,NA,NA,NA,NA,NA,NA,NA,NA,NA,NA,NA,NA,NA,NA,NA,NA,NA,NA,NA,NA,NA,NA,NA,NA,NA,NA,NA,NA,NA,NA,NA,NA,NA,NA,NA,NA,NA,NA,NA,NA,NA,NA,NA,NA,NA,NA,1.04649006622517,0.565685424949238,NA,NA,0,0,0.1,1.98041604282243e-17,0,0,2023,2002-01-24,NA,NA,NA,NA
"Arden Key","IND","DL","13682","weighted",NA,NA,NA,NA,NA,NA,NA,NA,NA,NA,NA,NA,NA,NA,NA,NA,NA,NA,NA,NA,NA,NA,NA,NA,NA,NA,NA,NA,NA,NA,NA,NA,NA,NA,NA,NA,NA,NA,NA,NA,NA,NA,NA,NA,NA,NA,NA,NA,NA,NA,0.989801324503311,0.636396103067893,NA,NA,0,0,0,0,0,0,2018,1996-05-03,NA,NA,NA,NA
"Jonathan Allen","CIN","DL","13208","weighted",NA,NA,NA,NA,NA,NA,NA,NA,NA,NA,NA,NA,NA,NA,NA,NA,NA,NA,NA,NA,NA,NA,NA,NA,NA,NA,NA,NA,NA,NA,NA,NA,NA,NA,NA,NA,NA,NA,NA,NA,NA,NA,NA,NA,NA,NA,NA,NA,NA,NA,1.38662251655629,0.141421356237309,NA,NA,0,0,0,0,0,0,2017,1995-01-16,NA,NA,NA,NA
"Deone Walker","BUF","DL","17174","weighted",NA,NA,NA,NA,NA,NA,NA,NA,NA,NA,NA,NA,NA,NA,NA,NA,NA,NA,NA,NA,NA,NA,NA,NA,NA,NA,NA,NA,NA,NA,NA,NA,NA,NA,NA,NA,NA,NA,NA,NA,NA,NA,NA,NA,NA,NA,NA,NA,NA,NA,1.11655629139073,0.353553390593274,NA,NA,0.1,1.98041604282243e-17,0.8,1.58433283425795e-16,0,0,2025,2004-03-11,NA,NA,NA,NA
"Nick Herbig","PIT","DL","16303","weighted",NA,NA,NA,NA,NA,NA,NA,NA,NA,NA,NA,NA,NA,NA,NA,NA,NA,NA,NA,NA,NA,NA,NA,NA,NA,NA,NA,NA,NA,NA,NA,NA,NA,NA,NA,NA,NA,NA,NA,NA,NA,NA,NA,NA,NA,NA,NA,NA,NA,NA,1.11655629139073,0.353553390593274,NA,NA,0.1,1.98041604282243e-17,0.1,1.98041604282243e-17,0,0,2023,2001-11-21,NA,NA,NA,NA
"Brenton Cox","GB","DL","16455","weighted",NA,NA,NA,NA,NA,NA,NA,NA,NA,NA,NA,NA,NA,NA,NA,NA,NA,NA,NA,NA,NA,NA,NA,NA,NA,NA,NA,NA,NA,NA,NA,NA,NA,NA,NA,NA,NA,NA,NA,NA,NA,NA,NA,NA,NA,NA,NA,NA,NA,NA,1.00317880794702,0.494974746830583,NA,NA,0,0,0,0,0,0,2023,2000-01-30,NA,NA,NA,NA
"Samson Ebukam","ATL","DL","13294","weighted",NA,NA,NA,NA,NA,NA,NA,NA,NA,NA,NA,NA,NA,NA,NA,NA,NA,NA,NA,NA,NA,NA,NA,NA,NA,NA,NA,NA,NA,NA,NA,NA,NA,NA,NA,NA,NA,NA,NA,NA,NA,NA,NA,NA,NA,NA,NA,NA,NA,NA,0.959867549668874,0.424264068711929,NA,NA,0,0,0.1,1.98041604282243e-17,0,0,2017,1995-05-09,"Q","Hamstring",2026,3
"Gervon Dexter","ATL","DL","16265","weighted",NA,NA,NA,NA,NA,NA,NA,NA,NA,NA,NA,NA,NA,NA,NA,NA,NA,NA,NA,NA,NA,NA,NA,NA,NA,NA,NA,NA,NA,NA,NA,NA,NA,NA,NA,NA,NA,NA,NA,NA,NA,NA,NA,NA,NA,NA,NA,NA,NA,NA,0.859867549668874,0.424264068711929,NA,NA,0,0,0.1,1.98041604282243e-17,0,0,2023,2000-10-05,NA,NA,NA,NA
"Harrison Phillips","NYJ","DL","13693","weighted",NA,NA,NA,NA,NA,NA,NA,NA,NA,NA,NA,NA,NA,NA,NA,NA,NA,NA,NA,NA,NA,NA,NA,NA,NA,NA,NA,NA,NA,NA,NA,NA,NA,NA,NA,NA,NA,NA,NA,NA,NA,NA,NA,NA,NA,NA,NA,NA,NA,NA,1.02993377483444,0.212132034355964,NA,NA,0,0,0.1,1.98041604282243e-17,0,0,2018,1996-01-25,NA,NA,NA,NA
"Vita Vea","TB","DL","13692","weighted",NA,NA,NA,NA,NA,NA,NA,NA,NA,NA,NA,NA,NA,NA,NA,NA,NA,NA,NA,NA,NA,NA,NA,NA,NA,NA,NA,NA,NA,NA,NA,NA,NA,NA,NA,NA,NA,NA,NA,NA,NA,NA,NA,NA,NA,NA,NA,NA,NA,NA,0.916556291390728,0.353553390593274,NA,NA,0,0,0.1,1.98041604282243e-17,0,0,2018,1995-02-05,NA,NA,NA,NA
"Maliek Collins","CLE","DL","12754","weighted",NA,NA,NA,NA,NA,NA,NA,NA,NA,NA,NA,NA,NA,NA,NA,NA,NA,NA,NA,NA,NA,NA,NA,NA,NA,NA,NA,NA,NA,NA,NA,NA,NA,NA,NA,NA,NA,NA,NA,NA,NA,NA,NA,NA,NA,NA,NA,NA,NA,NA,0.916556291390728,0.353553390593274,NA,NA,0,0,0,0,0,0,2016,1995-04-08,NA,NA,NA,NA
"Dexter Lawrence","CIN","DL","14159","weighted",NA,NA,NA,NA,NA,NA,NA,NA,NA,NA,NA,NA,NA,NA,NA,NA,NA,NA,NA,NA,NA,NA,NA,NA,NA,NA,NA,NA,NA,NA,NA,NA,NA,NA,NA,NA,NA,NA,NA,NA,NA,NA,NA,NA,NA,NA,NA,NA,NA,NA,1.14331125827815,0.0707106781186547,NA,NA,0,0,0.1,1.98041604282243e-17,0,0,2019,1997-11-12,NA,NA,NA,NA
"Chauncey Golston","NYG","DL","15397","weighted",NA,NA,NA,NA,NA,NA,NA,NA,NA,NA,NA,NA,NA,NA,NA,NA,NA,NA,NA,NA,NA,NA,NA,NA,NA,NA,NA,NA,NA,NA,NA,NA,NA,NA,NA,NA,NA,NA,NA,NA,NA,NA,NA,NA,NA,NA,NA,NA,NA,NA,1.14331125827815,0.0707106781186547,NA,NA,0,0,0.1,1.98041604282243e-17,0,0,2021,1998-02-10,NA,NA,NA,NA
"Grover Stewart","IND","DL","13298","weighted",NA,NA,NA,NA,NA,NA,NA,NA,NA,NA,NA,NA,NA,NA,NA,NA,NA,NA,NA,NA,NA,NA,NA,NA,NA,NA,NA,NA,NA,NA,NA,NA,NA,NA,NA,NA,NA,NA,NA,NA,NA,NA,NA,NA,NA,NA,NA,NA,NA,NA,0.986622516556291,0.14142135623731,NA,NA,0,0,0.2,3.96083208564486e-17,0,0,2017,1993-10-20,NA,NA,NA,NA
"Princely Umanmielen","CAR","DL","17160","weighted",NA,NA,NA,NA,NA,NA,NA,NA,NA,NA,NA,NA,NA,NA,NA,NA,NA,NA,NA,NA,NA,NA,NA,NA,NA,NA,NA,NA,NA,NA,NA,NA,NA,NA,NA,NA,NA,NA,NA,NA,NA,NA,NA,NA,NA,NA,NA,NA,NA,NA,1.04331125827815,0.0707106781186548,NA,NA,0,0,0,0,0,0,2025,2002-04-18,NA,NA,NA,NA
"Dante Stills","ARI","DL","16344","weighted",NA,NA,NA,NA,NA,NA,NA,NA,NA,NA,NA,NA,NA,NA,NA,NA,NA,NA,NA,NA,NA,NA,NA,NA,NA,NA,NA,NA,NA,NA,NA,NA,NA,NA,NA,NA,NA,NA,NA,NA,NA,NA,NA,NA,NA,NA,NA,NA,NA,NA,0.929933774834437,0.212132034355964,NA,NA,0,0,0.2,3.96083208564486e-17,0,0,2023,1999-12-14,NA,NA,NA,NA
"D.J. Jones","DEN","DL","13332","weighted",NA,NA,NA,NA,NA,NA,NA,NA,NA,NA,NA,NA,NA,NA,NA,NA,NA,NA,NA,NA,NA,NA,NA,NA,NA,NA,NA,NA,NA,NA,NA,NA,NA,NA,NA,NA,NA,NA,NA,NA,NA,NA,NA,NA,NA,NA,NA,NA,NA,NA,0.986622516556291,0.14142135623731,NA,NA,0,0,0.1,1.98041604282243e-17,0,0,2017,1995-01-19,NA,NA,NA,NA
"B.J. Hill","CIN","DL","13742","weighted",NA,NA,NA,NA,NA,NA,NA,NA,NA,NA,NA,NA,NA,NA,NA,NA,NA,NA,NA,NA,NA,NA,NA,NA,NA,NA,NA,NA,NA,NA,NA,NA,NA,NA,NA,NA,NA,NA,NA,NA,NA,NA,NA,NA,NA,NA,NA,NA,NA,NA,0.816556291390728,0.353553390593274,NA,NA,0,0,0,0,0,0,2018,1995-04-20,"Q","Achilles",2026,3
"Derek Barnett","CLE","DL","13201","weighted",NA,NA,NA,NA,NA,NA,NA,NA,NA,NA,NA,NA,NA,NA,NA,NA,NA,NA,NA,NA,NA,NA,NA,NA,NA,NA,NA,NA,NA,NA,NA,NA,NA,NA,NA,NA,NA,NA,NA,NA,NA,NA,NA,NA,NA,NA,NA,NA,NA,NA,0.921033210332103,0.120247647346737,0,0,0,0,0,0,0,0,2017,1996-06-25,NA,NA,NA,NA
"Malcolm Koonce","LVR","DL","15395","weighted",NA,NA,NA,NA,NA,NA,NA,NA,NA,NA,NA,NA,NA,NA,NA,NA,NA,NA,NA,NA,NA,NA,NA,NA,NA,NA,NA,NA,NA,NA,NA,NA,NA,NA,NA,NA,NA,NA,NA,NA,NA,NA,NA,NA,NA,NA,NA,NA,NA,NA,0.716556291390729,0.353553390593274,NA,NA,0,0,0,0,0,0,2021,1998-06-06,NA,NA,NA,NA
"Jake Martin","TEN","DL","13802","weighted",NA,NA,NA,NA,NA,NA,NA,NA,NA,NA,NA,NA,NA,NA,NA,NA,NA,NA,NA,NA,NA,NA,NA,NA,NA,NA,NA,NA,NA,NA,NA,NA,NA,NA,NA,NA,NA,NA,NA,NA,NA,NA,NA,NA,NA,NA,NA,NA,NA,NA,0.60317880794702,0.494974746830583,NA,NA,0,0,0.1,1.98041604282243e-17,0,0,2018,1995-12-11,NA,NA,NA,NA
"Keion White","SF","DL","16262","weighted",NA,NA,NA,NA,NA,NA,NA,NA,NA,NA,NA,NA,NA,NA,NA,NA,NA,NA,NA,NA,NA,NA,NA,NA,NA,NA,NA,NA,NA,NA,NA,NA,NA,NA,NA,NA,NA,NA,NA,NA,NA,NA,NA,NA,NA,NA,NA,NA,NA,NA,0.716556291390729,0.353553390593274,NA,NA,0,0,0.2,3.96083208564486e-17,0,0,2023,1999-01-20,NA,NA,NA,NA
"Mike Green","BAL","DL","17120","weighted",NA,NA,NA,NA,NA,NA,NA,NA,NA,NA,NA,NA,NA,NA,NA,NA,NA,NA,NA,NA,NA,NA,NA,NA,NA,NA,NA,NA,NA,NA,NA,NA,NA,NA,NA,NA,NA,NA,NA,NA,NA,NA,NA,NA,NA,NA,NA,NA,NA,NA,0.60317880794702,0.494974746830583,NA,NA,0,0,0,0,0,0,2025,2003-07-28,NA,NA,NA,NA
"Dondrea Tillman","DEN","DL","16923","weighted",NA,NA,NA,NA,NA,NA,NA,NA,NA,NA,NA,NA,NA,NA,NA,NA,NA,NA,NA,NA,NA,NA,NA,NA,NA,NA,NA,NA,NA,NA,NA,NA,NA,NA,NA,NA,NA,NA,NA,NA,NA,NA,NA,NA,NA,NA,NA,NA,NA,NA,0.773245033112583,0.282842712474619,NA,NA,0.1,1.98041604282243e-17,0.1,1.98041604282243e-17,0,0,2023,1998-04-30,NA,NA,NA,NA
"Davon Godchaux","NO","DL","13317","weighted",NA,NA,NA,NA,NA,NA,NA,NA,NA,NA,NA,NA,NA,NA,NA,NA,NA,NA,NA,NA,NA,NA,NA,NA,NA,NA,NA,NA,NA,NA,NA,NA,NA,NA,NA,NA,NA,NA,NA,NA,NA,NA,NA,NA,NA,NA,NA,NA,NA,NA,0.886622516556291,0.141421356237309,NA,NA,0,0,0,0,0,0,2017,1994-11-11,NA,NA,NA,NA
"Sheldon Rankins","HOU","DL","12735","weighted",NA,NA,NA,NA,NA,NA,NA,NA,NA,NA,NA,NA,NA,NA,NA,NA,NA,NA,NA,NA,NA,NA,NA,NA,NA,NA,NA,NA,NA,NA,NA,NA,NA,NA,NA,NA,NA,NA,NA,NA,NA,NA,NA,NA,NA,NA,NA,NA,NA,NA,0.843311258278146,0.0707106781186547,NA,NA,0,0,0.1,1.98041604282243e-17,0.1,1.98041604282243e-17,2016,1994-04-02,NA,NA,NA,NA
"Cameron Thomas","ATL","DL","15814","weighted",NA,NA,NA,NA,NA,NA,NA,NA,NA,NA,NA,NA,NA,NA,NA,NA,NA,NA,NA,NA,NA,NA,NA,NA,NA,NA,NA,NA,NA,NA,NA,NA,NA,NA,NA,NA,NA,NA,NA,NA,NA,NA,NA,NA,NA,NA,NA,NA,NA,NA,0.843311258278146,0.0707106781186547,NA,NA,0,0,0,0,0,0,2022,2000-07-01,NA,NA,NA,NA
"Grady Jarrett","CHI","DL","12305","weighted",NA,NA,NA,NA,NA,NA,NA,NA,NA,NA,NA,NA,NA,NA,NA,NA,NA,NA,NA,NA,NA,NA,NA,NA,NA,NA,NA,NA,NA,NA,NA,NA,NA,NA,NA,NA,NA,NA,NA,NA,NA,NA,NA,NA,NA,NA,NA,NA,NA,NA,0.786622516556291,0.14142135623731,NA,NA,0,0,0.2,3.96083208564486e-17,0,0,2015,1993-04-28,NA,NA,NA,NA
"T'Vondre Sweat","NYJ","DL","16693","weighted",NA,NA,NA,NA,NA,NA,NA,NA,NA,NA,NA,NA,NA,NA,NA,NA,NA,NA,NA,NA,NA,NA,NA,NA,NA,NA,NA,NA,NA,NA,NA,NA,NA,NA,NA,NA,NA,NA,NA,NA,NA,NA,NA,NA,NA,NA,NA,NA,NA,NA,0.843311258278146,0.0707106781186547,NA,NA,0,0,0,0,0,0,2024,2001-07-11,NA,NA,NA,NA
"Alim McNeill","DET","DL","15390","weighted",NA,NA,NA,NA,NA,NA,NA,NA,NA,NA,NA,NA,NA,NA,NA,NA,NA,NA,NA,NA,NA,NA,NA,NA,NA,NA,NA,NA,NA,NA,NA,NA,NA,NA,NA,NA,NA,NA,NA,NA,NA,NA,NA,NA,NA,NA,NA,NA,NA,NA,0.616556291390729,0.353553390593274,NA,NA,0,0,0,0,0,0,2021,2000-05-11,NA,NA,NA,NA
"Joseph Ossai","NYJ","DL","15388","weighted",NA,NA,NA,NA,NA,NA,NA,NA,NA,NA,NA,NA,NA,NA,NA,NA,NA,NA,NA,NA,NA,NA,NA,NA,NA,NA,NA,NA,NA,NA,NA,NA,NA,NA,NA,NA,NA,NA,NA,NA,NA,NA,NA,NA,NA,NA,NA,NA,NA,NA,0.673245033112583,0.282842712474619,NA,NA,0,0,0.1,1.98041604282243e-17,0,0,2021,2000-04-13,"Q","Foot",2026,3
"Poona Ford","LAR","DL","13933","weighted",NA,NA,NA,NA,NA,NA,NA,NA,NA,NA,NA,NA,NA,NA,NA,NA,NA,NA,NA,NA,NA,NA,NA,NA,NA,NA,NA,NA,NA,NA,NA,NA,NA,NA,NA,NA,NA,NA,NA,NA,NA,NA,NA,NA,NA,NA,NA,NA,NA,NA,0.786622516556291,0.14142135623731,NA,NA,0,0,0.1,1.98041604282243e-17,0,0,2018,1995-11-19,NA,NA,NA,NA
"Roy Lopez","ARI","DL","15461","weighted",NA,NA,NA,NA,NA,NA,NA,NA,NA,NA,NA,NA,NA,NA,NA,NA,NA,NA,NA,NA,NA,NA,NA,NA,NA,NA,NA,NA,NA,NA,NA,NA,NA,NA,NA,NA,NA,NA,NA,NA,NA,NA,NA,NA,NA,NA,NA,NA,NA,NA,0.843311258278146,0.0707106781186547,NA,NA,0,0,0,0,0,0,2021,1997-08-07,NA,NA,NA,NA
"Malachi Lawrence","DAL","DL","17580","weighted",NA,NA,NA,NA,NA,NA,NA,NA,NA,NA,NA,NA,NA,NA,NA,NA,NA,NA,NA,NA,NA,NA,NA,NA,NA,NA,NA,NA,NA,NA,NA,NA,NA,NA,NA,NA,NA,NA,NA,NA,NA,NA,NA,NA,NA,NA,NA,NA,NA,NA,0.856688741721854,0.0707106781186547,NA,NA,0,0,0,0,0,0,2026,2003-07-21,NA,NA,NA,NA
"Arik Armstead","JAC","DL","12218","weighted",NA,NA,NA,NA,NA,NA,NA,NA,NA,NA,NA,NA,NA,NA,NA,NA,NA,NA,NA,NA,NA,NA,NA,NA,NA,NA,NA,NA,NA,NA,NA,NA,NA,NA,NA,NA,NA,NA,NA,NA,NA,NA,NA,NA,NA,NA,NA,NA,NA,NA,0.686622516556291,0.14142135623731,NA,NA,0,0,0.1,1.98041604282243e-17,0,0,2015,1993-11-15,NA,NA,NA,NA
"Shemar Stewart","CIN","DL","17114","weighted",NA,NA,NA,NA,NA,NA,NA,NA,NA,NA,NA,NA,NA,NA,NA,NA,NA,NA,NA,NA,NA,NA,NA,NA,NA,NA,NA,NA,NA,NA,NA,NA,NA,NA,NA,NA,NA,NA,NA,NA,NA,NA,NA,NA,NA,NA,NA,NA,NA,NA,0.629933774834437,0.212132034355964,NA,NA,0,0,0.1,1.98041604282243e-17,0,0,2025,2003-11-12,NA,NA,NA,NA
"Jonah Elliss","DEN","DL","16654","weighted",NA,NA,NA,NA,NA,NA,NA,NA,NA,NA,NA,NA,NA,NA,NA,NA,NA,NA,NA,NA,NA,NA,NA,NA,NA,NA,NA,NA,NA,NA,NA,NA,NA,NA,NA,NA,NA,NA,NA,NA,NA,NA,NA,NA,NA,NA,NA,NA,NA,NA,0.743311258278146,0.0707106781186548,NA,NA,0,0,0.2,3.96083208564486e-17,0,0,2024,2003-04-03,NA,NA,NA,NA
"Javon Hargrave","GB","DL","12764","weighted",NA,NA,NA,NA,NA,NA,NA,NA,NA,NA,NA,NA,NA,NA,NA,NA,NA,NA,NA,NA,NA,NA,NA,NA,NA,NA,NA,NA,NA,NA,NA,NA,NA,NA,NA,NA,NA,NA,NA,NA,NA,NA,NA,NA,NA,NA,NA,NA,NA,NA,0.743311258278146,0.0707106781186548,NA,NA,0,0,0,0,0,0,2016,1993-02-07,"Q","Concussion",2026,3
"Derrick Moore","DET","DL","17587","weighted",NA,NA,NA,NA,NA,NA,NA,NA,NA,NA,NA,NA,NA,NA,NA,NA,NA,NA,NA,NA,NA,NA,NA,NA,NA,NA,NA,NA,NA,NA,NA,NA,NA,NA,NA,NA,NA,NA,NA,NA,NA,NA,NA,NA,NA,NA,NA,NA,NA,NA,0.670066225165563,0.212132034355964,NA,NA,0,0,0.1,1.98041604282243e-17,0,0,2026,2002-12-06,NA,NA,NA,NA
"Michael Hoecht","BUF","DL","15565","weighted",NA,NA,NA,NA,NA,NA,NA,NA,NA,NA,NA,NA,NA,NA,NA,NA,NA,NA,NA,NA,NA,NA,NA,NA,NA,NA,NA,NA,NA,NA,NA,NA,NA,NA,NA,NA,NA,NA,NA,NA,NA,NA,NA,NA,NA,NA,NA,NA,NA,NA,0.713377483443709,0.14142135623731,NA,NA,0,0,0,0,0,0,2020,1997-10-05,NA,NA,NA,NA
"Peter Woods","KC","DL","17555","weighted",NA,NA,NA,NA,NA,NA,NA,NA,NA,NA,NA,NA,NA,NA,NA,NA,NA,NA,NA,NA,NA,NA,NA,NA,NA,NA,NA,NA,NA,NA,NA,NA,NA,NA,NA,NA,NA,NA,NA,NA,NA,NA,NA,NA,NA,NA,NA,NA,NA,NA,0.540132450331126,0.424264068711929,NA,NA,0,0,0.1,1.98041604282243e-17,0,0,2026,2005-03-05,NA,NA,NA,NA
"Khyiris Tonga","KC","DL","15492","weighted",NA,NA,NA,NA,NA,NA,NA,NA,NA,NA,NA,NA,NA,NA,NA,NA,NA,NA,NA,NA,NA,NA,NA,NA,NA,NA,NA,NA,NA,NA,NA,NA,NA,NA,NA,NA,NA,NA,NA,NA,NA,NA,NA,NA,NA,NA,NA,NA,NA,NA,0.713377483443709,0.14142135623731,NA,NA,0,0,0.1,1.98041604282243e-17,0,0,2021,1996-07-07,NA,NA,NA,NA
"Derick Hall","SEA","DL","16235","weighted",NA,NA,NA,NA,NA,NA,NA,NA,NA,NA,NA,NA,NA,NA,NA,NA,NA,NA,NA,NA,NA,NA,NA,NA,NA,NA,NA,NA,NA,NA,NA,NA,NA,NA,NA,NA,NA,NA,NA,NA,NA,NA,NA,NA,NA,NA,NA,NA,NA,NA,0.7,0,NA,NA,0,0,0.1,1.98041604282243e-17,0,0,2023,2001-03-19,NA,NA,NA,NA
"JT Tuimoloau","IND","DL","17149","weighted",NA,NA,NA,NA,NA,NA,NA,NA,NA,NA,NA,NA,NA,NA,NA,NA,NA,NA,NA,NA,NA,NA,NA,NA,NA,NA,NA,NA,NA,NA,NA,NA,NA,NA,NA,NA,NA,NA,NA,NA,NA,NA,NA,NA,NA,NA,NA,NA,NA,NA,0.586622516556291,0.141421356237309,NA,NA,0,0,0.1,1.98041604282243e-17,0,0,2025,2003-05-10,NA,NA,NA,NA
"Von Miller","DAL","DL","10267","weighted",NA,NA,NA,NA,NA,NA,NA,NA,NA,NA,NA,NA,NA,NA,NA,NA,NA,NA,NA,NA,NA,NA,NA,NA,NA,NA,NA,NA,NA,NA,NA,NA,NA,NA,NA,NA,NA,NA,NA,NA,NA,NA,NA,NA,NA,NA,NA,NA,NA,NA,0.613377483443709,0.141421356237309,NA,NA,0,0,0,0,0,0,2011,1989-03-26,NA,NA,NA,NA
"Keldric Faulk","TEN","DL","17553","weighted",NA,NA,NA,NA,NA,NA,NA,NA,NA,NA,NA,NA,NA,NA,NA,NA,NA,NA,NA,NA,NA,NA,NA,NA,NA,NA,NA,NA,NA,NA,NA,NA,NA,NA,NA,NA,NA,NA,NA,NA,NA,NA,NA,NA,NA,NA,NA,NA,NA,NA,0.526754966887417,0.282842712474619,NA,NA,0,0,0.1,1.98041604282243e-17,0,0,2026,2005-09-07,NA,NA,NA,NA
"Zion Young","BAL","DL","17588","weighted",NA,NA,NA,NA,NA,NA,NA,NA,NA,NA,NA,NA,NA,NA,NA,NA,NA,NA,NA,NA,NA,NA,NA,NA,NA,NA,NA,NA,NA,NA,NA,NA,NA,NA,NA,NA,NA,NA,NA,NA,NA,NA,NA,NA,NA,NA,NA,NA,NA,NA,0.513377483443708,0.141421356237309,NA,NA,0,0,0.1,1.98041604282243e-17,0,0,2026,2004-03-18,NA,NA,NA,NA
"Tyler Lacy","DET","DL","16302","weighted",NA,NA,NA,NA,NA,NA,NA,NA,NA,NA,NA,NA,NA,NA,NA,NA,NA,NA,NA,NA,NA,NA,NA,NA,NA,NA,NA,NA,NA,NA,NA,NA,NA,NA,NA,NA,NA,NA,NA,NA,NA,NA,NA,NA,NA,NA,NA,NA,NA,NA,0.5,0,NA,NA,0,0,0,0,0,0,2023,1999-11-10,NA,NA,NA,NA
"Jordyn Brooks","MIA","LB","14892","weighted",NA,NA,NA,NA,NA,NA,NA,NA,NA,NA,NA,NA,NA,NA,NA,NA,NA,NA,NA,NA,NA,NA,NA,NA,NA,NA,NA,NA,NA,NA,NA,NA,NA,NA,NA,NA,NA,NA,NA,NA,NA,NA,NA,NA,NA,NA,NA,NA,NA,NA,5.67684501845018,3.60327004518494,0,0,0,0,0.2,0,0,0,2020,1997-10-21,NA,NA,NA,NA
"Alex Singleton","DEN","LB","14412","weighted",NA,NA,NA,NA,NA,NA,NA,NA,NA,NA,NA,NA,NA,NA,NA,NA,NA,NA,NA,NA,NA,NA,NA,NA,NA,NA,NA,NA,NA,NA,NA,NA,NA,NA,NA,NA,NA,NA,NA,NA,NA,NA,NA,NA,NA,NA,NA,NA,NA,NA,5.31706642066421,3.84322865580753,0,0,0,0,0.3,0,0,0,2015,1993-12-07,NA,NA,NA,NA
"Blake Cashman","MIN","LB","14251","weighted",NA,NA,NA,NA,NA,NA,NA,NA,NA,NA,NA,NA,NA,NA,NA,NA,NA,NA,NA,NA,NA,NA,NA,NA,NA,NA,NA,NA,NA,NA,NA,NA,NA,NA,NA,NA,NA,NA,NA,NA,NA,NA,NA,NA,NA,NA,NA,NA,NA,NA,5.50332103321033,2.98308249201427,0,0,0,0,0.1,0,0,0,2019,1996-05-10,NA,NA,NA,NA
"Fred Warner","SF","LB","13743","weighted",NA,NA,NA,NA,NA,NA,NA,NA,NA,NA,NA,NA,NA,NA,NA,NA,NA,NA,NA,NA,NA,NA,NA,NA,NA,NA,NA,NA,NA,NA,NA,NA,NA,NA,NA,NA,NA,NA,NA,NA,NA,NA,NA,NA,NA,NA,NA,NA,NA,NA,5.19234317343173,3.13316936129462,0,0,0,0,0.4,0,0,0,2018,1996-11-19,NA,NA,NA,NA
"Carson Schwesinger","CLE","LB","17147","weighted",NA,NA,NA,NA,NA,NA,NA,NA,NA,NA,NA,NA,NA,NA,NA,NA,NA,NA,NA,NA,NA,NA,NA,NA,NA,NA,NA,NA,NA,NA,NA,NA,NA,NA,NA,NA,NA,NA,NA,NA,NA,NA,NA,NA,NA,NA,NA,NA,NA,NA,4.86273062730627,3.37306898724314,0,0,0.0499077490774908,0.047841868380847,0.2,0,0,0,2025,2003-02-24,NA,NA,NA,NA
"Nakobe Dean","LVR","LB","15821","weighted",NA,NA,NA,NA,NA,NA,NA,NA,NA,NA,NA,NA,NA,NA,NA,NA,NA,NA,NA,NA,NA,NA,NA,NA,NA,NA,NA,NA,NA,NA,NA,NA,NA,NA,NA,NA,NA,NA,NA,NA,NA,NA,NA,NA,NA,NA,NA,NA,NA,NA,5.37822878228782,2.9406785701546,0,0,0,0,0.1,0,0,0,2022,2000-12-13,NA,NA,NA,NA
"Jamien Sherwood","NYJ","LB","15428","weighted",NA,NA,NA,NA,NA,NA,NA,NA,NA,NA,NA,NA,NA,NA,NA,NA,NA,NA,NA,NA,NA,NA,NA,NA,NA,NA,NA,NA,NA,NA,NA,NA,NA,NA,NA,NA,NA,NA,NA,NA,NA,NA,NA,NA,NA,NA,NA,NA,NA,NA,5.00424354243542,3.31103141804731,0,0,0,0,0.4,0,0,0,2021,2000-01-12,NA,NA,NA,NA
"Quay Walker","LVR","LB","15846","weighted",NA,NA,NA,NA,NA,NA,NA,NA,NA,NA,NA,NA,NA,NA,NA,NA,NA,NA,NA,NA,NA,NA,NA,NA,NA,NA,NA,NA,NA,NA,NA,NA,NA,NA,NA,NA,NA,NA,NA,NA,NA,NA,NA,NA,NA,NA,NA,NA,NA,NA,5.04372693726937,3.26974959903984,0,0,0,0,0.2,0,0,0,2022,2000-05-08,NA,NA,NA,NA
"Ernest Jones","SEA","LB","15404","weighted",NA,NA,NA,NA,NA,NA,NA,NA,NA,NA,NA,NA,NA,NA,NA,NA,NA,NA,NA,NA,NA,NA,NA,NA,NA,NA,NA,NA,NA,NA,NA,NA,NA,NA,NA,NA,NA,NA,NA,NA,NA,NA,NA,NA,NA,NA,NA,NA,NA,NA,5.35470479704797,3.12971964386512,0,0,0.0998154981549815,0.0956837367616939,0.2,0,0,0,2021,1999-11-22,NA,NA,NA,NA
"Roquan Smith","BAL","LB","13696","weighted",NA,NA,NA,NA,NA,NA,NA,NA,NA,NA,NA,NA,NA,NA,NA,NA,NA,NA,NA,NA,NA,NA,NA,NA,NA,NA,NA,NA,NA,NA,NA,NA,NA,NA,NA,NA,NA,NA,NA,NA,NA,NA,NA,NA,NA,NA,NA,NA,NA,NA,5.66125461254613,2.80284391985217,0,0,0.0499077490774908,0.047841868380847,0.2,0,0,0,2018,1997-04-08,NA,NA,NA,NA
"Zack Baun","PHI","LB","14893","weighted",NA,NA,NA,NA,NA,NA,NA,NA,NA,NA,NA,NA,NA,NA,NA,NA,NA,NA,NA,NA,NA,NA,NA,NA,NA,NA,NA,NA,NA,NA,NA,NA,NA,NA,NA,NA,NA,NA,NA,NA,NA,NA,NA,NA,NA,NA,NA,NA,NA,NA,5.3640221402214,3.09092177436196,0,0,0.0499077490774908,0.047841868380847,0.6,0,0,0,2020,1996-12-30,NA,NA,NA,NA
"Devin Bush","CHI","LB","14170","weighted",NA,NA,NA,NA,NA,NA,NA,NA,NA,NA,NA,NA,NA,NA,NA,NA,NA,NA,NA,NA,NA,NA,NA,NA,NA,NA,NA,NA,NA,NA,NA,NA,NA,NA,NA,NA,NA,NA,NA,NA,NA,NA,NA,NA,NA,NA,NA,NA,NA,NA,4.72121771217712,3.4745076624353,0,0,0.0499077490774908,0.047841868380847,0.3,0,0.1,0,2019,1998-07-18,NA,NA,NA,NA
"Jacob Rodriguez","MIA","LB","17586","weighted",NA,NA,NA,NA,NA,NA,NA,NA,NA,NA,NA,NA,NA,NA,NA,NA,NA,NA,NA,NA,NA,NA,NA,NA,NA,NA,NA,NA,NA,NA,NA,NA,NA,NA,NA,NA,NA,NA,NA,NA,NA,NA,NA,NA,NA,NA,NA,NA,NA,NA,4.24077490774908,3.89756012359283,0,0,0,0,0.1,0,0,0,2026,2002-09-06,NA,NA,NA,NA
"Akeem Davis-Gaither","IND","LB","14943","weighted",NA,NA,NA,NA,NA,NA,NA,NA,NA,NA,NA,NA,NA,NA,NA,NA,NA,NA,NA,NA,NA,NA,NA,NA,NA,NA,NA,NA,NA,NA,NA,NA,NA,NA,NA,NA,NA,NA,NA,NA,NA,NA,NA,NA,NA,NA,NA,NA,NA,NA,4.69326568265683,3.5060667986785,0,0,0,0,0.2,0,0,0,2020,1997-09-21,NA,NA,NA,NA
"Christian Elliss","NE","LB","15681","weighted",NA,NA,NA,NA,NA,NA,NA,NA,NA,NA,NA,NA,NA,NA,NA,NA,NA,NA,NA,NA,NA,NA,NA,NA,NA,NA,NA,NA,NA,NA,NA,NA,NA,NA,NA,NA,NA,NA,NA,NA,NA,NA,NA,NA,NA,NA,NA,NA,NA,NA,4.61429889298893,3.5787032571034,0,0,0,0,0.3,0,0,0,2021,1999-01-02,NA,NA,NA,NA
"Jack Campbell","DET","LB","16239","weighted",NA,NA,NA,NA,NA,NA,NA,NA,NA,NA,NA,NA,NA,NA,NA,NA,NA,NA,NA,NA,NA,NA,NA,NA,NA,NA,NA,NA,NA,NA,NA,NA,NA,NA,NA,NA,NA,NA,NA,NA,NA,NA,NA,NA,NA,NA,NA,NA,NA,NA,5.11863468634686,2.43115861776114,0,0,0,0,0.2,0,0,0,2023,2000-08-22,NA,NA,NA,NA
"Nick Bolton","KC","LB","15355","weighted",NA,NA,NA,NA,NA,NA,NA,NA,NA,NA,NA,NA,NA,NA,NA,NA,NA,NA,NA,NA,NA,NA,NA,NA,NA,NA,NA,NA,NA,NA,NA,NA,NA,NA,NA,NA,NA,NA,NA,NA,NA,NA,NA,NA,NA,NA,NA,NA,NA,NA,4.9700184501845,2.57576814530163,0,0,0.0499077490774908,0.047841868380847,0.4,0,0,0,2021,2000-03-10,NA,NA,NA,NA
"Foyesade Oluokun","JAC","LB","13813","weighted",NA,NA,NA,NA,NA,NA,NA,NA,NA,NA,NA,NA,NA,NA,NA,NA,NA,NA,NA,NA,NA,NA,NA,NA,NA,NA,NA,NA,NA,NA,NA,NA,NA,NA,NA,NA,NA,NA,NA,NA,NA,NA,NA,NA,NA,NA,NA,NA,NA,NA,4.90036900369004,2.6298351994323,0,0,0.0499077490774908,0.047841868380847,0.5,0,0,0,2018,1995-08-02,NA,NA,NA,NA
"Nate Landman","LAR","LB","16013","weighted",NA,NA,NA,NA,NA,NA,NA,NA,NA,NA,NA,NA,NA,NA,NA,NA,NA,NA,NA,NA,NA,NA,NA,NA,NA,NA,NA,NA,NA,NA,NA,NA,NA,NA,NA,NA,NA,NA,NA,NA,NA,NA,NA,NA,NA,NA,NA,NA,NA,NA,4.98865313653137,2.50824671182811,0,0,0.0499077490774908,0.047841868380847,0.4,0,0,0,2022,1998-11-19,NA,NA,NA,NA
"Tremaine Edmunds","NYG","LB","13697","weighted",NA,NA,NA,NA,NA,NA,NA,NA,NA,NA,NA,NA,NA,NA,NA,NA,NA,NA,NA,NA,NA,NA,NA,NA,NA,NA,NA,NA,NA,NA,NA,NA,NA,NA,NA,NA,NA,NA,NA,NA,NA,NA,NA,NA,NA,NA,NA,NA,NA,NA,4.90036900369004,2.6298351994323,0,0,0.0499077490774908,0.047841868380847,0.5,0,0,0,2018,1998-05-02,NA,NA,NA,NA
"Robert Spillane","NE","LB","13987","weighted",NA,NA,NA,NA,NA,NA,NA,NA,NA,NA,NA,NA,NA,NA,NA,NA,NA,NA,NA,NA,NA,NA,NA,NA,NA,NA,NA,NA,NA,NA,NA,NA,NA,NA,NA,NA,NA,NA,NA,NA,NA,NA,NA,NA,NA,NA,NA,NA,NA,NA,4.36891143911439,2.94999825315235,0,0,0,0,0.2,0,0,0,2018,1995-12-14,NA,NA,NA,NA
"Demario Davis","NYJ","LB","10816","weighted",NA,NA,NA,NA,NA,NA,NA,NA,NA,NA,NA,NA,NA,NA,NA,NA,NA,NA,NA,NA,NA,NA,NA,NA,NA,NA,NA,NA,NA,NA,NA,NA,NA,NA,NA,NA,NA,NA,NA,NA,NA,NA,NA,NA,NA,NA,NA,NA,NA,NA,4.31079335793358,3.01651870199359,0,0,0,0,0.3,0,0,0,2012,1989-01-11,NA,NA,NA,NA
"DeMarvion Overshown","DAL","LB","16283","weighted",NA,NA,NA,NA,NA,NA,NA,NA,NA,NA,NA,NA,NA,NA,NA,NA,NA,NA,NA,NA,NA,NA,NA,NA,NA,NA,NA,NA,NA,NA,NA,NA,NA,NA,NA,NA,NA,NA,NA,NA,NA,NA,NA,NA,NA,NA,NA,NA,NA,NA,4.14575645756458,3.29062417667324,0,0,0.0499077490774908,0.047841868380847,0.1,0,0,0,2023,2000-08-13,"Q","Hamstring",2026,3
"Barrett Carter","CIN","LB","17124","weighted",NA,NA,NA,NA,NA,NA,NA,NA,NA,NA,NA,NA,NA,NA,NA,NA,NA,NA,NA,NA,NA,NA,NA,NA,NA,NA,NA,NA,NA,NA,NA,NA,NA,NA,NA,NA,NA,NA,NA,NA,NA,NA,NA,NA,NA,NA,NA,NA,NA,NA,4.71937269372694,2.70273835797336,0,0,0.0499077490774908,0.047841868380847,0.3,0,0,0,2025,2002-10-23,NA,NA,NA,NA
"Kaden Elliss","NO","LB","14303","weighted",NA,NA,NA,NA,NA,NA,NA,NA,NA,NA,NA,NA,NA,NA,NA,NA,NA,NA,NA,NA,NA,NA,NA,NA,NA,NA,NA,NA,NA,NA,NA,NA,NA,NA,NA,NA,NA,NA,NA,NA,NA,NA,NA,NA,NA,NA,NA,NA,NA,NA,4.36891143911439,2.94999825315235,0,0,0,0,0.3,0,0,0,2019,1995-06-10,NA,NA,NA,NA
"Azeez Al-Shaair","HOU","LB","14590","weighted",NA,NA,NA,NA,NA,NA,NA,NA,NA,NA,NA,NA,NA,NA,NA,NA,NA,NA,NA,NA,NA,NA,NA,NA,NA,NA,NA,NA,NA,NA,NA,NA,NA,NA,NA,NA,NA,NA,NA,NA,NA,NA,NA,NA,NA,NA,NA,NA,NA,NA,4.47094095940959,2.9101956713916,0,0,0.0499077490774908,0.047841868380847,0.3,0,0,0,2019,1997-08-04,NA,NA,NA,NA
"Arvell Reese","NYG","LB","17556","weighted",NA,NA,NA,NA,NA,NA,NA,NA,NA,NA,NA,NA,NA,NA,NA,NA,NA,NA,NA,NA,NA,NA,NA,NA,NA,NA,NA,NA,NA,NA,NA,NA,NA,NA,NA,NA,NA,NA,NA,NA,NA,NA,NA,NA,NA,NA,NA,NA,NA,NA,4.09252767527675,3.20550769250062,0,0,0,0,0.1,0,0,0,2026,2005-08-30,NA,NA,NA,NA
"Edgerrin Cooper","GB","LB","16696","weighted",NA,NA,NA,NA,NA,NA,NA,NA,NA,NA,NA,NA,NA,NA,NA,NA,NA,NA,NA,NA,NA,NA,NA,NA,NA,NA,NA,NA,NA,NA,NA,NA,NA,NA,NA,NA,NA,NA,NA,NA,NA,NA,NA,NA,NA,NA,NA,NA,NA,NA,4.87020295202952,2.63910808606147,0,0,0,0,0.2,0,0,0,2024,2001-11-17,"Q","Shoulder",2026,3
"Terrel Bernard","BUF","LB","15869","weighted",NA,NA,NA,NA,NA,NA,NA,NA,NA,NA,NA,NA,NA,NA,NA,NA,NA,NA,NA,NA,NA,NA,NA,NA,NA,NA,NA,NA,NA,NA,NA,NA,NA,NA,NA,NA,NA,NA,NA,NA,NA,NA,NA,NA,NA,NA,NA,NA,NA,NA,4.80055350553506,2.69360530259651,0,0,0.0499077490774908,0.047841868380847,0.3,0,0,0,2022,1999-05-07,NA,NA,NA,NA
"Devin Lloyd","CAR","LB","15822","weighted",NA,NA,NA,NA,NA,NA,NA,NA,NA,NA,NA,NA,NA,NA,NA,NA,NA,NA,NA,NA,NA,NA,NA,NA,NA,NA,NA,NA,NA,NA,NA,NA,NA,NA,NA,NA,NA,NA,NA,NA,NA,NA,NA,NA,NA,NA,NA,NA,NA,NA,4.90968634686347,2.59482788781761,0,0,0.199630996309963,0.191367473523388,0.7,1.36556475845449e-16,0.2,0,2022,1998-09-30,NA,NA,NA,NA
"Zaire Franklin","GB","LB","13837","weighted",NA,NA,NA,NA,NA,NA,NA,NA,NA,NA,NA,NA,NA,NA,NA,NA,NA,NA,NA,NA,NA,NA,NA,NA,NA,NA,NA,NA,NA,NA,NA,NA,NA,NA,NA,NA,NA,NA,NA,NA,NA,NA,NA,NA,NA,NA,NA,NA,NA,NA,4.56143911439114,2.86915561461794,0,0,0,0,0.2,0,0,0,2018,1996-07-02,NA,NA,NA,NA
"Demetrius Knight","CIN","LB","17125","weighted",NA,NA,NA,NA,NA,NA,NA,NA,NA,NA,NA,NA,NA,NA,NA,NA,NA,NA,NA,NA,NA,NA,NA,NA,NA,NA,NA,NA,NA,NA,NA,NA,NA,NA,NA,NA,NA,NA,NA,NA,NA,NA,NA,NA,NA,NA,NA,NA,NA,NA,4.68920664206642,2.71880443846496,0,0,0.0499077490774908,0.047841868380847,0.3,0,0.1,0,2025,2000-07-21,NA,NA,NA,NA
"Jihaad Campbell","PHI","LB","17123","weighted",NA,NA,NA,NA,NA,NA,NA,NA,NA,NA,NA,NA,NA,NA,NA,NA,NA,NA,NA,NA,NA,NA,NA,NA,NA,NA,NA,NA,NA,NA,NA,NA,NA,NA,NA,NA,NA,NA,NA,NA,NA,NA,NA,NA,NA,NA,NA,NA,NA,NA,4.75175276752767,2.77552682342461,0,0,0.0499077490774908,0.047841868380847,0.2,0,0,0,2025,2004-02-24,NA,NA,NA,NA
"Bobby Okereke","CAR","LB","14218","weighted",NA,NA,NA,NA,NA,NA,NA,NA,NA,NA,NA,NA,NA,NA,NA,NA,NA,NA,NA,NA,NA,NA,NA,NA,NA,NA,NA,NA,NA,NA,NA,NA,NA,NA,NA,NA,NA,NA,NA,NA,NA,NA,NA,NA,NA,NA,NA,NA,NA,NA,4.49178966789668,2.92421387999363,0,0,0.0998154981549815,0.0956837367616939,0.3,0,0,0,2019,1996-07-29,NA,NA,NA,NA
"Drake Thomas","SEA","LB","16450","weighted",NA,NA,NA,NA,NA,NA,NA,NA,NA,NA,NA,NA,NA,NA,NA,NA,NA,NA,NA,NA,NA,NA,NA,NA,NA,NA,NA,NA,NA,NA,NA,NA,NA,NA,NA,NA,NA,NA,NA,NA,NA,NA,NA,NA,NA,NA,NA,NA,NA,NA,4.28062730627306,3.0353068198191,0,0,0.0499077490774908,0.047841868380847,0.3,0,0,0,2023,2000-02-25,NA,NA,NA,NA
"Sonny Styles","WAS","LB","17557","weighted",NA,NA,NA,NA,NA,NA,NA,NA,NA,NA,NA,NA,NA,NA,NA,NA,NA,NA,NA,NA,NA,NA,NA,NA,NA,NA,NA,NA,NA,NA,NA,NA,NA,NA,NA,NA,NA,NA,NA,NA,NA,NA,NA,NA,NA,NA,NA,NA,NA,NA,4.29520295202952,2.21082249274098,0,0,0,0,0.2,0,0,0,2026,2004-11-24,NA,NA,NA,NA
"T.J. Edwards","CHI","LB","14322","weighted",NA,NA,NA,NA,NA,NA,NA,NA,NA,NA,NA,NA,NA,NA,NA,NA,NA,NA,NA,NA,NA,NA,NA,NA,NA,NA,NA,NA,NA,NA,NA,NA,NA,NA,NA,NA,NA,NA,NA,NA,NA,NA,NA,NA,NA,NA,NA,NA,NA,NA,4.06983394833948,2.51447456573884,0,0,0.0499077490774908,0.047841868380847,0.3,0,0.1,0,2019,1996-08-12,NA,NA,NA,NA
"Mack Wilson","ARI","LB","14169","weighted",NA,NA,NA,NA,NA,NA,NA,NA,NA,NA,NA,NA,NA,NA,NA,NA,NA,NA,NA,NA,NA,NA,NA,NA,NA,NA,NA,NA,NA,NA,NA,NA,NA,NA,NA,NA,NA,NA,NA,NA,NA,NA,NA,NA,NA,NA,NA,NA,NA,NA,4.30894833948339,2.34986056151619,0,0,0,0,0.5,0,0,0,2019,1998-02-14,NA,NA,NA,NA
"Eric Wilson","MIN","LB","13447","weighted",NA,NA,NA,NA,NA,NA,NA,NA,NA,NA,NA,NA,NA,NA,NA,NA,NA,NA,NA,NA,NA,NA,NA,NA,NA,NA,NA,NA,NA,NA,NA,NA,NA,NA,NA,NA,NA,NA,NA,NA,NA,NA,NA,NA,NA,NA,NA,NA,NA,NA,3.90747232472325,2.52944006551224,0,0,0,0,0,0,0,0,2017,1994-09-26,NA,NA,NA,NA
"Daiyan Henley","LAC","LB","16280","weighted",NA,NA,NA,NA,NA,NA,NA,NA,NA,NA,NA,NA,NA,NA,NA,NA,NA,NA,NA,NA,NA,NA,NA,NA,NA,NA,NA,NA,NA,NA,NA,NA,NA,NA,NA,NA,NA,NA,NA,NA,NA,NA,NA,NA,NA,NA,NA,NA,NA,NA,4.29520295202952,2.21082249274098,0,0,0.0499077490774908,0.047841868380847,0.3,0,0,0,2023,1999-11-18,NA,NA,NA,NA
"Quincy Williams","CLE","LB","14221","weighted",NA,NA,NA,NA,NA,NA,NA,NA,NA,NA,NA,NA,NA,NA,NA,NA,NA,NA,NA,NA,NA,NA,NA,NA,NA,NA,NA,NA,NA,NA,NA,NA,NA,NA,NA,NA,NA,NA,NA,NA,NA,NA,NA,NA,NA,NA,NA,NA,NA,NA,3.97269372693727,2.49145927376154,0,0,0,0,0.2,0,0,0,2019,1996-08-28,NA,NA,NA,NA
"Patrick Queen","PIT","LB","14896","weighted",NA,NA,NA,NA,NA,NA,NA,NA,NA,NA,NA,NA,NA,NA,NA,NA,NA,NA,NA,NA,NA,NA,NA,NA,NA,NA,NA,NA,NA,NA,NA,NA,NA,NA,NA,NA,NA,NA,NA,NA,NA,NA,NA,NA,NA,NA,NA,NA,NA,NA,4.06761992619926,2.42453920586611,0,0,0.0499077490774908,0.047841868380847,0.3,0,0,0,2020,1999-08-13,NA,NA,NA,NA
"Drue Tranquill","KC","LB","14235","weighted",NA,NA,NA,NA,NA,NA,NA,NA,NA,NA,NA,NA,NA,NA,NA,NA,NA,NA,NA,NA,NA,NA,NA,NA,NA,NA,NA,NA,NA,NA,NA,NA,NA,NA,NA,NA,NA,NA,NA,NA,NA,NA,NA,NA,NA,NA,NA,NA,NA,NA,4.33690036900369,2.23350442462664,0,0,0,0,0.2,0,0,0,2019,1995-08-15,NA,NA,NA,NA
"Alex Anzalone","TB","LB","13268","weighted",NA,NA,NA,NA,NA,NA,NA,NA,NA,NA,NA,NA,NA,NA,NA,NA,NA,NA,NA,NA,NA,NA,NA,NA,NA,NA,NA,NA,NA,NA,NA,NA,NA,NA,NA,NA,NA,NA,NA,NA,NA,NA,NA,NA,NA,NA,NA,NA,NA,NA,3.86577490774908,2.54481799340302,0,0,0,0,0.3,0,0,0,2017,1994-09-22,NA,NA,NA,NA
"Cedric Gray","TEN","LB","16667","weighted",NA,NA,NA,NA,NA,NA,NA,NA,NA,NA,NA,NA,NA,NA,NA,NA,NA,NA,NA,NA,NA,NA,NA,NA,NA,NA,NA,NA,NA,NA,NA,NA,NA,NA,NA,NA,NA,NA,NA,NA,NA,NA,NA,NA,NA,NA,NA,NA,NA,NA,4.59280442804428,1.46413376946731,0,0,0,0,0.2,0,0,0,2024,2002-10-30,NA,NA,NA,NA
"Divine Deablo","ATL","LB","15396","weighted",NA,NA,NA,NA,NA,NA,NA,NA,NA,NA,NA,NA,NA,NA,NA,NA,NA,NA,NA,NA,NA,NA,NA,NA,NA,NA,NA,NA,NA,NA,NA,NA,NA,NA,NA,NA,NA,NA,NA,NA,NA,NA,NA,NA,NA,NA,NA,NA,NA,NA,3.32536900369004,2.19299187262149,0,0,0,0,0.4,0,0,0,2021,1998-08-17,NA,NA,NA,NA
"Dre Greenlaw","SF","LB","14247","weighted",NA,NA,NA,NA,NA,NA,NA,NA,NA,NA,NA,NA,NA,NA,NA,NA,NA,NA,NA,NA,NA,NA,NA,NA,NA,NA,NA,NA,NA,NA,NA,NA,NA,NA,NA,NA,NA,NA,NA,NA,NA,NA,NA,NA,NA,NA,NA,NA,NA,NA,3.42739852398524,2.20685488514255,0,0,0,0,0.2,0,0,0,2019,1997-05-25,NA,NA,NA,NA
"Ventrell Miller","JAC","LB","16296","weighted",NA,NA,NA,NA,NA,NA,NA,NA,NA,NA,NA,NA,NA,NA,NA,NA,NA,NA,NA,NA,NA,NA,NA,NA,NA,NA,NA,NA,NA,NA,NA,NA,NA,NA,NA,NA,NA,NA,NA,NA,NA,NA,NA,NA,NA,NA,NA,NA,NA,NA,3.61328413284133,1.94853270881389,0,0,0.0998154981549815,0.0956837367616939,0.3,0,0,0,2023,1999-01-15,NA,NA,NA,NA
"Dorian Williams","BUF","LB","16284","weighted",NA,NA,NA,NA,NA,NA,NA,NA,NA,NA,NA,NA,NA,NA,NA,NA,NA,NA,NA,NA,NA,NA,NA,NA,NA,NA,NA,NA,NA,NA,NA,NA,NA,NA,NA,NA,NA,NA,NA,NA,NA,NA,NA,NA,NA,NA,NA,NA,NA,NA,3.28367158671587,2.20550892761595,0,0,0,0,0.2,0,0,0,2023,2001-06-28,NA,NA,NA,NA
"Justin Strnad","DEN","LB","14979","weighted",NA,NA,NA,NA,NA,NA,NA,NA,NA,NA,NA,NA,NA,NA,NA,NA,NA,NA,NA,NA,NA,NA,NA,NA,NA,NA,NA,NA,NA,NA,NA,NA,NA,NA,NA,NA,NA,NA,NA,NA,NA,NA,NA,NA,NA,NA,NA,NA,NA,NA,2.90747232472325,2.52944006551224,0,0,0.0499077490774908,0.047841868380847,0.2,0,0,0,2020,1996-08-21,NA,NA,NA,NA
"Frankie Luvu","WAS","LB","13952","weighted",NA,NA,NA,NA,NA,NA,NA,NA,NA,NA,NA,NA,NA,NA,NA,NA,NA,NA,NA,NA,NA,NA,NA,NA,NA,NA,NA,NA,NA,NA,NA,NA,NA,NA,NA,NA,NA,NA,NA,NA,NA,NA,NA,NA,NA,NA,NA,NA,NA,NA,2.93136531365314,1.68653449362157,0,0,0,0,0.3,0,0,0,2018,1996-09-19,"Q","Groin",2026,3
"Cody Barton","TEN","LB","14217","weighted",NA,NA,NA,NA,NA,NA,NA,NA,NA,NA,NA,NA,NA,NA,NA,NA,NA,NA,NA,NA,NA,NA,NA,NA,NA,NA,NA,NA,NA,NA,NA,NA,NA,NA,NA,NA,NA,NA,NA,NA,NA,NA,NA,NA,NA,NA,NA,NA,NA,NA,2.87324723247232,1.77410139156652,0,0,0.0499077490774908,0.047841868380847,0.5,0,0,0,2019,1996-11-13,NA,NA,NA,NA
"Derrick Barnes","DET","LB","15409","weighted",NA,NA,NA,NA,NA,NA,NA,NA,NA,NA,NA,NA,NA,NA,NA,NA,NA,NA,NA,NA,NA,NA,NA,NA,NA,NA,NA,NA,NA,NA,NA,NA,NA,NA,NA,NA,NA,NA,NA,NA,NA,NA,NA,NA,NA,NA,NA,NA,NA,NA,2.79428044280443,1.86175126281669,0,0,0.0499077490774908,0.047841868380847,0.3,0,0,0,2021,1999-05-29,NA,NA,NA,NA
"Jaylon Carlies","IND","LB","16738","weighted",NA,NA,NA,NA,NA,NA,NA,NA,NA,NA,NA,NA,NA,NA,NA,NA,NA,NA,NA,NA,NA,NA,NA,NA,NA,NA,NA,NA,NA,NA,NA,NA,NA,NA,NA,NA,NA,NA,NA,NA,NA,NA,NA,NA,NA,NA,NA,NA,NA,NA,2.53431734317343,2.02512579588543,0,0,0,0,0,0,0,0,2024,2001-09-13,NA,NA,NA,NA
"CJ Allen","IND","LB","17558","weighted",NA,NA,NA,NA,NA,NA,NA,NA,NA,NA,NA,NA,NA,NA,NA,NA,NA,NA,NA,NA,NA,NA,NA,NA,NA,NA,NA,NA,NA,NA,NA,NA,NA,NA,NA,NA,NA,NA,NA,NA,NA,NA,NA,NA,NA,NA,NA,NA,NA,NA,2.65920529801325,2.54558441227157,NA,NA,0.1,1.98041604282243e-17,0.4,7.92166417128973e-17,0,0,2026,2005-03-01,NA,NA,NA,NA
"Josiah Trotter","TB","LB","17589","weighted",NA,NA,NA,NA,NA,NA,NA,NA,NA,NA,NA,NA,NA,NA,NA,NA,NA,NA,NA,NA,NA,NA,NA,NA,NA,NA,NA,NA,NA,NA,NA,NA,NA,NA,NA,NA,NA,NA,NA,NA,NA,NA,NA,NA,NA,NA,NA,NA,NA,NA,3.20953642384106,1.48492424049175,NA,NA,0.2,3.96083208564486e-17,0.3,0,0.2,3.96083208564486e-17,2026,2005-04-15,NA,NA,NA,NA
"Devin White","DET","LB","14168","weighted",NA,NA,NA,NA,NA,NA,NA,NA,NA,NA,NA,NA,NA,NA,NA,NA,NA,NA,NA,NA,NA,NA,NA,NA,NA,NA,NA,NA,NA,NA,NA,NA,NA,NA,NA,NA,NA,NA,NA,NA,NA,NA,NA,NA,NA,NA,NA,NA,NA,NA,2.55602649006623,2.05060966544099,NA,NA,0,0,0.2,3.96083208564486e-17,0,0,2019,1998-02-17,NA,NA,NA,NA
"Dee Winters","DAL","LB","16346","weighted",NA,NA,NA,NA,NA,NA,NA,NA,NA,NA,NA,NA,NA,NA,NA,NA,NA,NA,NA,NA,NA,NA,NA,NA,NA,NA,NA,NA,NA,NA,NA,NA,NA,NA,NA,NA,NA,NA,NA,NA,NA,NA,NA,NA,NA,NA,NA,NA,NA,NA,3.28929889298893,1.08222882612063,0,0,0,0,0.2,0,0,0,2023,2000-10-17,NA,NA,NA,NA
"Teddye Buchanan","BAL","LB","17185","weighted",NA,NA,NA,NA,NA,NA,NA,NA,NA,NA,NA,NA,NA,NA,NA,NA,NA,NA,NA,NA,NA,NA,NA,NA,NA,NA,NA,NA,NA,NA,NA,NA,NA,NA,NA,NA,NA,NA,NA,NA,NA,NA,NA,NA,NA,NA,NA,NA,NA,NA,2.61143911439114,1.33348726594212,0,0,0,0,0.1,0,0,0,2025,2002-10-03,"Q","Knee - ACL",2026,3
"Omar Speights","LAR","LB","16870","weighted",NA,NA,NA,NA,NA,NA,NA,NA,NA,NA,NA,NA,NA,NA,NA,NA,NA,NA,NA,NA,NA,NA,NA,NA,NA,NA,NA,NA,NA,NA,NA,NA,NA,NA,NA,NA,NA,NA,NA,NA,NA,NA,NA,NA,NA,NA,NA,NA,NA,NA,2.66023985239852,1.2232649680189,0,0,0,0,0.3,0,0,0,2024,2001-03-02,NA,NA,NA,NA
"Willie Gay","MIA","LB","14926","weighted",NA,NA,NA,NA,NA,NA,NA,NA,NA,NA,NA,NA,NA,NA,NA,NA,NA,NA,NA,NA,NA,NA,NA,NA,NA,NA,NA,NA,NA,NA,NA,NA,NA,NA,NA,NA,NA,NA,NA,NA,NA,NA,NA,NA,NA,NA,NA,NA,NA,NA,3.11973509933775,0.848528137423857,NA,NA,0,0,0.2,3.96083208564486e-17,0,0,2020,1998-02-15,NA,NA,NA,NA
"Pete Werner","NO","LB","15387","weighted",NA,NA,NA,NA,NA,NA,NA,NA,NA,NA,NA,NA,NA,NA,NA,NA,NA,NA,NA,NA,NA,NA,NA,NA,NA,NA,NA,NA,NA,NA,NA,NA,NA,NA,NA,NA,NA,NA,NA,NA,NA,NA,NA,NA,NA,NA,NA,NA,NA,NA,2.96304635761589,0.919238815542512,NA,NA,0,0,0.3,0,0,0,2021,1999-06-05,NA,NA,NA,NA
"Payton Wilson","PIT","LB","16716","weighted",NA,NA,NA,NA,NA,NA,NA,NA,NA,NA,NA,NA,NA,NA,NA,NA,NA,NA,NA,NA,NA,NA,NA,NA,NA,NA,NA,NA,NA,NA,NA,NA,NA,NA,NA,NA,NA,NA,NA,NA,NA,NA,NA,NA,NA,NA,NA,NA,NA,NA,3.04649006622517,0.565685424949238,NA,NA,0,0,0.1,1.98041604282243e-17,0,0,2024,2000-04-21,NA,NA,NA,NA
"Bryce Boettcher","IND","LB","17629","weighted",NA,NA,NA,NA,NA,NA,NA,NA,NA,NA,NA,NA,NA,NA,NA,NA,NA,NA,NA,NA,NA,NA,NA,NA,NA,NA,NA,NA,NA,NA,NA,NA,NA,NA,NA,NA,NA,NA,NA,NA,NA,NA,NA,NA,NA,NA,NA,NA,NA,NA,1.97960264900662,1.27279220613579,NA,NA,0,0,0.2,3.96083208564486e-17,0,0,2026,2002-07-08,NA,NA,NA,NA
"Isaiah McDuffie","GB","LB","15473","weighted",NA,NA,NA,NA,NA,NA,NA,NA,NA,NA,NA,NA,NA,NA,NA,NA,NA,NA,NA,NA,NA,NA,NA,NA,NA,NA,NA,NA,NA,NA,NA,NA,NA,NA,NA,NA,NA,NA,NA,NA,NA,NA,NA,NA,NA,NA,NA,NA,NA,NA,1.75284768211921,1.5556349186104,NA,NA,0,0,0.2,3.96083208564486e-17,0,0,2021,1999-07-21,NA,NA,NA,NA
"SirVocea Dennis","TB","LB","16314","weighted",NA,NA,NA,NA,NA,NA,NA,NA,NA,NA,NA,NA,NA,NA,NA,NA,NA,NA,NA,NA,NA,NA,NA,NA,NA,NA,NA,NA,NA,NA,NA,NA,NA,NA,NA,NA,NA,NA,NA,NA,NA,NA,NA,NA,NA,NA,NA,NA,NA,NA,1.44557926829268,2.05060966544099,0,0,0.0498475609756098,0.0707106781186548,0.2,0,0,0,2023,2000-03-09,NA,NA,NA,NA
"Malcolm Rodriguez","DET","LB","15914","weighted",NA,NA,NA,NA,NA,NA,NA,NA,NA,NA,NA,NA,NA,NA,NA,NA,NA,NA,NA,NA,NA,NA,NA,NA,NA,NA,NA,NA,NA,NA,NA,NA,NA,NA,NA,NA,NA,NA,NA,NA,NA,NA,NA,NA,NA,NA,NA,NA,NA,NA,2.03311258278146,0.707106781186548,NA,NA,0,0,0.3,0,0,0,2022,1999-03-29,NA,NA,NA,NA
"Jack Gibbens","ARI","LB","16009","weighted",NA,NA,NA,NA,NA,NA,NA,NA,NA,NA,NA,NA,NA,NA,NA,NA,NA,NA,NA,NA,NA,NA,NA,NA,NA,NA,NA,NA,NA,NA,NA,NA,NA,NA,NA,NA,NA,NA,NA,NA,NA,NA,NA,NA,NA,NA,NA,NA,NA,NA,2.0235761589404,0.777817459305202,NA,NA,0,0,0.1,1.98041604282243e-17,0,0,2022,1998-11-24,NA,NA,NA,NA
"Cody Simon","ARI","LB","17178","weighted",NA,NA,NA,NA,NA,NA,NA,NA,NA,NA,NA,NA,NA,NA,NA,NA,NA,NA,NA,NA,NA,NA,NA,NA,NA,NA,NA,NA,NA,NA,NA,NA,NA,NA,NA,NA,NA,NA,NA,NA,NA,NA,NA,NA,NA,NA,NA,NA,NA,NA,1.33629139072848,1.20208152801713,NA,NA,0,0,0.4,7.92166417128973e-17,0,0,2025,2002-04-01,NA,NA,NA,NA
"Kaleb Elarms-Orr","BUF","LB","17623","weighted",NA,NA,NA,NA,NA,NA,NA,NA,NA,NA,NA,NA,NA,NA,NA,NA,NA,NA,NA,NA,NA,NA,NA,NA,NA,NA,NA,NA,NA,NA,NA,NA,NA,NA,NA,NA,NA,NA,NA,NA,NA,NA,NA,NA,NA,NA,NA,NA,NA,NA,1.50635761589404,0.989949493661166,NA,NA,0,0,0.1,1.98041604282243e-17,0,0,2026,2003-08-29,NA,NA,NA,NA
"Christian Harris","ATL","LB","15823","weighted",NA,NA,NA,NA,NA,NA,NA,NA,NA,NA,NA,NA,NA,NA,NA,NA,NA,NA,NA,NA,NA,NA,NA,NA,NA,NA,NA,NA,NA,NA,NA,NA,NA,NA,NA,NA,NA,NA,NA,NA,NA,NA,NA,NA,NA,NA,NA,NA,NA,NA,2.3,0,NA,NA,0,0,0.2,0,0,0,2022,2001-01-16,NA,NA,NA,NA
"D'Marco Jackson","CHI","LB","15899","weighted",NA,NA,NA,NA,NA,NA,NA,NA,NA,NA,NA,NA,NA,NA,NA,NA,NA,NA,NA,NA,NA,NA,NA,NA,NA,NA,NA,NA,NA,NA,NA,NA,NA,NA,NA,NA,NA,NA,NA,NA,NA,NA,NA,NA,NA,NA,NA,NA,NA,NA,1.53311258278146,0.707106781186548,NA,NA,0,0,0.2,3.96083208564486e-17,0,0,2022,1998-07-20,NA,NA,NA,NA
"Jake Hansen","HOU","LB","16019","weighted",NA,NA,NA,NA,NA,NA,NA,NA,NA,NA,NA,NA,NA,NA,NA,NA,NA,NA,NA,NA,NA,NA,NA,NA,NA,NA,NA,NA,NA,NA,NA,NA,NA,NA,NA,NA,NA,NA,NA,NA,NA,NA,NA,NA,NA,NA,NA,NA,NA,NA,1.88662251655629,0.141421356237309,NA,NA,0,0,0.2,3.96083208564486e-17,0,0,2022,1998-06-19,NA,NA,NA,NA
"Christian Rozeboom","TB","LB","15076","weighted",NA,NA,NA,NA,NA,NA,NA,NA,NA,NA,NA,NA,NA,NA,NA,NA,NA,NA,NA,NA,NA,NA,NA,NA,NA,NA,NA,NA,NA,NA,NA,NA,NA,NA,NA,NA,NA,NA,NA,NA,NA,NA,NA,NA,NA,NA,NA,NA,NA,NA,1.20635761589404,0.989949493661167,NA,NA,0.1,1.98041604282243e-17,0.2,3.96083208564486e-17,0,0,2020,1997-01-30,NA,NA,NA,NA
"Anthony Hill Jr.","TEN","LB","17560","weighted",NA,NA,NA,NA,NA,NA,NA,NA,NA,NA,NA,NA,NA,NA,NA,NA,NA,NA,NA,NA,NA,NA,NA,NA,NA,NA,NA,NA,NA,NA,NA,NA,NA,NA,NA,NA,NA,NA,NA,NA,NA,NA,NA,NA,NA,NA,NA,NA,NA,NA,1.22039735099338,1.27279220613579,NA,NA,0,0,0,0,0,0,2026,2005-02-14,NA,NA,NA,NA
"Jaishawn Barham","DAL","LB","17606","weighted",NA,NA,NA,NA,NA,NA,NA,NA,NA,NA,NA,NA,NA,NA,NA,NA,NA,NA,NA,NA,NA,NA,NA,NA,NA,NA,NA,NA,NA,NA,NA,NA,NA,NA,NA,NA,NA,NA,NA,NA,NA,NA,NA,NA,NA,NA,NA,NA,NA,NA,0.992980132450331,1.13137084989848,NA,NA,0,0,0.1,1.98041604282243e-17,0,0,2026,2004-02-02,NA,NA,NA,NA
"Tommy Eichenberg","LVR","LB","16666","weighted",NA,NA,NA,NA,NA,NA,NA,NA,NA,NA,NA,NA,NA,NA,NA,NA,NA,NA,NA,NA,NA,NA,NA,NA,NA,NA,NA,NA,NA,NA,NA,NA,NA,NA,NA,NA,NA,NA,NA,NA,NA,NA,NA,NA,NA,NA,NA,NA,NA,NA,1.1764238410596,0.777817459305202,NA,NA,0,0,0.1,1.98041604282243e-17,0,0,2024,2001-01-11,NA,NA,NA,NA
"Trenton Simpson","BAL","LB","16234","weighted",NA,NA,NA,NA,NA,NA,NA,NA,NA,NA,NA,NA,NA,NA,NA,NA,NA,NA,NA,NA,NA,NA,NA,NA,NA,NA,NA,NA,NA,NA,NA,NA,NA,NA,NA,NA,NA,NA,NA,NA,NA,NA,NA,NA,NA,NA,NA,NA,NA,NA,1.28980132450331,0.636396103067893,NA,NA,0,0,0.1,1.98041604282243e-17,0,0,2023,2001-06-14,NA,NA,NA,NA
"Tatum Bethune","SF","LB","16799","weighted",NA,NA,NA,NA,NA,NA,NA,NA,NA,NA,NA,NA,NA,NA,NA,NA,NA,NA,NA,NA,NA,NA,NA,NA,NA,NA,NA,NA,NA,NA,NA,NA,NA,NA,NA,NA,NA,NA,NA,NA,NA,NA,NA,NA,NA,NA,NA,NA,NA,NA,1.0764238410596,0.777817459305202,NA,NA,0,0,0.1,1.98041604282243e-17,0,0,2024,2001-02-19,NA,NA,NA,NA
"Troy Dye","LAC","LB","14953","weighted",NA,NA,NA,NA,NA,NA,NA,NA,NA,NA,NA,NA,NA,NA,NA,NA,NA,NA,NA,NA,NA,NA,NA,NA,NA,NA,NA,NA,NA,NA,NA,NA,NA,NA,NA,NA,NA,NA,NA,NA,NA,NA,NA,NA,NA,NA,NA,NA,NA,NA,1.52993377483444,0.212132034355964,NA,NA,0,0,0.2,3.96083208564486e-17,0,0,2020,1996-09-18,NA,NA,NA,NA
"Del'Shawn Phillips","LAC","LB","14467","weighted",NA,NA,NA,NA,NA,NA,NA,NA,NA,NA,NA,NA,NA,NA,NA,NA,NA,NA,NA,NA,NA,NA,NA,NA,NA,NA,NA,NA,NA,NA,NA,NA,NA,NA,NA,NA,NA,NA,NA,NA,NA,NA,NA,NA,NA,NA,NA,NA,NA,NA,1.00701986754967,1.13137084989848,NA,NA,0,0,0,0,0,0,2019,1996-10-09,NA,NA,NA,NA
"Shemar James","DAL","LB","17201","weighted",NA,NA,NA,NA,NA,NA,NA,NA,NA,NA,NA,NA,NA,NA,NA,NA,NA,NA,NA,NA,NA,NA,NA,NA,NA,NA,NA,NA,NA,NA,NA,NA,NA,NA,NA,NA,NA,NA,NA,NA,NA,NA,NA,NA,NA,NA,NA,NA,NA,NA,1.08980132450331,0.636396103067893,NA,NA,0,0,0,0,0,0,2025,2004-06-24,NA,NA,NA,NA
"Leo Chenal","WAS","LB","15831","weighted",NA,NA,NA,NA,NA,NA,NA,NA,NA,NA,NA,NA,NA,NA,NA,NA,NA,NA,NA,NA,NA,NA,NA,NA,NA,NA,NA,NA,NA,NA,NA,NA,NA,NA,NA,NA,NA,NA,NA,NA,NA,NA,NA,NA,NA,NA,NA,NA,NA,NA,1.47006622516556,0.212132034355964,NA,NA,0,0,0.1,1.98041604282243e-17,0,0,2022,2000-10-26,NA,NA,NA,NA
"Kendal Daniels","ATL","LB","17628","weighted",NA,NA,NA,NA,NA,NA,NA,NA,NA,NA,NA,NA,NA,NA,NA,NA,NA,NA,NA,NA,NA,NA,NA,NA,NA,NA,NA,NA,NA,NA,NA,NA,NA,NA,NA,NA,NA,NA,NA,NA,NA,NA,NA,NA,NA,NA,NA,NA,NA,NA,1.25350993377483,0.565685424949238,NA,NA,0,0,0,0,0,0,2026,2002-12-16,NA,NA,NA,NA
"Trevin Wallace","NYJ","LB","16704","weighted",NA,NA,NA,NA,NA,NA,NA,NA,NA,NA,NA,NA,NA,NA,NA,NA,NA,NA,NA,NA,NA,NA,NA,NA,NA,NA,NA,NA,NA,NA,NA,NA,NA,NA,NA,NA,NA,NA,NA,NA,NA,NA,NA,NA,NA,NA,NA,NA,NA,NA,0.819735099337748,0.848528137423857,NA,NA,0,0,0.1,1.98041604282243e-17,0,0,2024,2003-02-22,NA,NA,NA,NA
"Carson Bruener","PIT","LB","17247","weighted",NA,NA,NA,NA,NA,NA,NA,NA,NA,NA,NA,NA,NA,NA,NA,NA,NA,NA,NA,NA,NA,NA,NA,NA,NA,NA,NA,NA,NA,NA,NA,NA,NA,NA,NA,NA,NA,NA,NA,NA,NA,NA,NA,NA,NA,NA,NA,NA,NA,NA,0.70317880794702,0.494974746830583,NA,NA,0.1,1.98041604282243e-17,0.1,1.98041604282243e-17,0,0,2025,2001-06-06,NA,NA,NA,NA
"Cole Holcomb","PIT","LB","14260","weighted",NA,NA,NA,NA,NA,NA,NA,NA,NA,NA,NA,NA,NA,NA,NA,NA,NA,NA,NA,NA,NA,NA,NA,NA,NA,NA,NA,NA,NA,NA,NA,NA,NA,NA,NA,NA,NA,NA,NA,NA,NA,NA,NA,NA,NA,NA,NA,NA,NA,NA,0.986622516556291,0.14142135623731,NA,NA,0,0,0,0,0,0,2019,1996-07-30,NA,NA,NA,NA
"Wade Woodaz","HOU","LB","17621","weighted",NA,NA,NA,NA,NA,NA,NA,NA,NA,NA,NA,NA,NA,NA,NA,NA,NA,NA,NA,NA,NA,NA,NA,NA,NA,NA,NA,NA,NA,NA,NA,NA,NA,NA,NA,NA,NA,NA,NA,NA,NA,NA,NA,NA,NA,NA,NA,NA,NA,NA,0.659867549668874,0.424264068711929,NA,NA,0,0,0.1,1.98041604282243e-17,0,0,2026,2004-02-04,NA,NA,NA,NA
"Oren Burks","CIN","LB","13750","weighted",NA,NA,NA,NA,NA,NA,NA,NA,NA,NA,NA,NA,NA,NA,NA,NA,NA,NA,NA,NA,NA,NA,NA,NA,NA,NA,NA,NA,NA,NA,NA,NA,NA,NA,NA,NA,NA,NA,NA,NA,NA,NA,NA,NA,NA,NA,NA,NA,NA,NA,0.786622516556291,0.14142135623731,NA,NA,0,0,0.1,1.98041604282243e-17,0,0,2018,1995-03-21,NA,NA,NA,NA
"Harold Perkins","ATL","LB","17667","weighted",NA,NA,NA,NA,NA,NA,NA,NA,NA,NA,NA,NA,NA,NA,NA,NA,NA,NA,NA,NA,NA,NA,NA,NA,NA,NA,NA,NA,NA,NA,NA,NA,NA,NA,NA,NA,NA,NA,NA,NA,NA,NA,NA,NA,NA,NA,NA,NA,NA,NA,0.540132450331126,0.424264068711929,NA,NA,0,0,0.1,1.98041604282243e-17,0,0,2026,2004-09-10,NA,NA,NA,NA
"Branson Combs","JAC","LB","17410","weighted",NA,NA,NA,NA,NA,NA,NA,NA,NA,NA,NA,NA,NA,NA,NA,NA,NA,NA,NA,NA,NA,NA,NA,NA,NA,NA,NA,NA,NA,NA,NA,NA,NA,NA,NA,NA,NA,NA,NA,NA,NA,NA,NA,NA,NA,NA,NA,NA,NA,NA,0.670066225165563,0.212132034355964,NA,NA,0,0,0.1,1.98041604282243e-17,0,0,2025,2000-07-14,NA,NA,NA,NA
"Jake Golday","MIN","LB","17571","weighted",NA,NA,NA,NA,NA,NA,NA,NA,NA,NA,NA,NA,NA,NA,NA,NA,NA,NA,NA,NA,NA,NA,NA,NA,NA,NA,NA,NA,NA,NA,NA,NA,NA,NA,NA,NA,NA,NA,NA,NA,NA,NA,NA,NA,NA,NA,NA,NA,NA,NA,0.426754966887417,0.282842712474619,NA,NA,0,0,0,0,0,0,2026,2003-05-23,NA,NA,NA,NA
"Budda Baker","ARI","DB","13251","weighted",NA,NA,NA,NA,NA,NA,NA,NA,NA,NA,NA,NA,NA,NA,NA,NA,NA,NA,NA,NA,NA,NA,NA,NA,NA,NA,NA,NA,NA,NA,NA,NA,NA,NA,NA,NA,NA,NA,NA,NA,NA,NA,NA,NA,NA,NA,NA,NA,NA,NA,4.76107011070111,2.73827041984028,0,0,0,0,0.4,0,0,0,2017,1996-01-10,NA,NA,NA,NA
"Kyle Hamilton","BAL","DB","15834","weighted",NA,NA,NA,NA,NA,NA,NA,NA,NA,NA,NA,NA,NA,NA,NA,NA,NA,NA,NA,NA,NA,NA,NA,NA,NA,NA,NA,NA,NA,NA,NA,NA,NA,NA,NA,NA,NA,NA,NA,NA,NA,NA,NA,NA,NA,NA,NA,NA,NA,NA,4.82933579335793,1.78071404881436,0,0,0.0499077490774908,0.047841868380847,0.5,0,0,0,2022,2001-03-16,NA,NA,NA,NA
"Derwin James","LAC","DB","13714","weighted",NA,NA,NA,NA,NA,NA,NA,NA,NA,NA,NA,NA,NA,NA,NA,NA,NA,NA,NA,NA,NA,NA,NA,NA,NA,NA,NA,NA,NA,NA,NA,NA,NA,NA,NA,NA,NA,NA,NA,NA,NA,NA,NA,NA,NA,NA,NA,NA,NA,NA,4.26725092250923,2.28829666603158,0,0,0.0499077490774908,0.047841868380847,0.5,0,0,0,2018,1996-08-03,"Q","Finger",2026,3
"Talanoa Hufanga","DEN","DB","15452","weighted",NA,NA,NA,NA,NA,NA,NA,NA,NA,NA,NA,NA,NA,NA,NA,NA,NA,NA,NA,NA,NA,NA,NA,NA,NA,NA,NA,NA,NA,NA,NA,NA,NA,NA,NA,NA,NA,NA,NA,NA,NA,NA,NA,NA,NA,NA,NA,NA,NA,NA,4.65719557195572,2.08953442744083,0,0,0,0,0.6,0,0,0,2021,2000-02-01,NA,NA,NA,NA
"Jeremy Chinn","LVR","DB","14927","weighted",NA,NA,NA,NA,NA,NA,NA,NA,NA,NA,NA,NA,NA,NA,NA,NA,NA,NA,NA,NA,NA,NA,NA,NA,NA,NA,NA,NA,NA,NA,NA,NA,NA,NA,NA,NA,NA,NA,NA,NA,NA,NA,NA,NA,NA,NA,NA,NA,NA,NA,4.35064575645756,2.44866371886809,0,0,0,0,0.3,0,0,0,2020,1998-02-26,NA,NA,NA,NA
"Nick Cross","WAS","DB","15839","weighted",NA,NA,NA,NA,NA,NA,NA,NA,NA,NA,NA,NA,NA,NA,NA,NA,NA,NA,NA,NA,NA,NA,NA,NA,NA,NA,NA,NA,NA,NA,NA,NA,NA,NA,NA,NA,NA,NA,NA,NA,NA,NA,NA,NA,NA,NA,NA,NA,NA,NA,4.73844121532365,2.82842712474619,0,0,0,0,NA,NA,NA,NA,2022,2001-09-10,"O","Undisclosed",2026,3
"Jordan Battle","CIN","DB","16245","weighted",NA,NA,NA,NA,NA,NA,NA,NA,NA,NA,NA,NA,NA,NA,NA,NA,NA,NA,NA,NA,NA,NA,NA,NA,NA,NA,NA,NA,NA,NA,NA,NA,NA,NA,NA,NA,NA,NA,NA,NA,NA,NA,NA,NA,NA,NA,NA,NA,NA,NA,4.35774907749077,2.26045511923167,0,0,0.0998154981549815,0.0956837367616939,0.4,0,0,0,2023,2000-12-14,NA,NA,NA,NA
"Jaquan Brisker","PIT","DB","15835","weighted",NA,NA,NA,NA,NA,NA,NA,NA,NA,NA,NA,NA,NA,NA,NA,NA,NA,NA,NA,NA,NA,NA,NA,NA,NA,NA,NA,NA,NA,NA,NA,NA,NA,NA,NA,NA,NA,NA,NA,NA,NA,NA,NA,NA,NA,NA,NA,NA,NA,NA,4.15590405904059,2.32321111993499,0,0,0.149723247232472,0.143525605142541,0.7,1.36556475845449e-16,0,0,2022,1999-04-20,NA,NA,NA,NA
"Tykee Smith","TB","DB","16708","weighted",NA,NA,NA,NA,NA,NA,NA,NA,NA,NA,NA,NA,NA,NA,NA,NA,NA,NA,NA,NA,NA,NA,NA,NA,NA,NA,NA,NA,NA,NA,NA,NA,NA,NA,NA,NA,NA,NA,NA,NA,NA,NA,NA,NA,NA,NA,NA,NA,NA,NA,3.9220479704797,1.70624242124127,0,0,0.0499077490774908,0.047841868380847,0.7,1.36556475845449e-16,0,0,2024,2001-02-18,NA,NA,NA,NA
"Quentin Lake","LAR","DB","15923","weighted",NA,NA,NA,NA,NA,NA,NA,NA,NA,NA,NA,NA,NA,NA,NA,NA,NA,NA,NA,NA,NA,NA,NA,NA,NA,NA,NA,NA,NA,NA,NA,NA,NA,NA,NA,NA,NA,NA,NA,NA,NA,NA,NA,NA,NA,NA,NA,NA,NA,NA,4.24234317343173,1.53287845309403,0,0,0.0499077490774908,0.047841868380847,1.3,2.73112951690899e-16,0,0,2022,1999-01-29,NA,NA,NA,NA
"Kamren Curl","LAR","DB","15001","weighted",NA,NA,NA,NA,NA,NA,NA,NA,NA,NA,NA,NA,NA,NA,NA,NA,NA,NA,NA,NA,NA,NA,NA,NA,NA,NA,NA,NA,NA,NA,NA,NA,NA,NA,NA,NA,NA,NA,NA,NA,NA,NA,NA,NA,NA,NA,NA,NA,NA,NA,3.95442804428044,1.78767649887045,0,0,0,0,0.2,0,0,0,2020,1999-03-03,NA,NA,NA,NA
"Trevon Moehrig","CAR","DB","15365","weighted",NA,NA,NA,NA,NA,NA,NA,NA,NA,NA,NA,NA,NA,NA,NA,NA,NA,NA,NA,NA,NA,NA,NA,NA,NA,NA,NA,NA,NA,NA,NA,NA,NA,NA,NA,NA,NA,NA,NA,NA,NA,NA,NA,NA,NA,NA,NA,NA,NA,NA,3.81070110701107,1.77831757112413,0,0,0.0499077490774908,0.047841868380847,0.1,0,0,0,2021,1999-06-16,NA,NA,NA,NA
"Devon Witherspoon","SEA","DB","16241","weighted",NA,NA,NA,NA,NA,NA,NA,NA,NA,NA,NA,NA,NA,NA,NA,NA,NA,NA,NA,NA,NA,NA,NA,NA,NA,NA,NA,NA,NA,NA,NA,NA,NA,NA,NA,NA,NA,NA,NA,NA,NA,NA,NA,NA,NA,NA,NA,NA,NA,NA,3.91273062730627,1.7317446005566,0,0,0,0,0.6,0,0,0,2023,2000-12-11,NA,NA,NA,NA
"Jalen Pitre","HOU","DB","15850","weighted",NA,NA,NA,NA,NA,NA,NA,NA,NA,NA,NA,NA,NA,NA,NA,NA,NA,NA,NA,NA,NA,NA,NA,NA,NA,NA,NA,NA,NA,NA,NA,NA,NA,NA,NA,NA,NA,NA,NA,NA,NA,NA,NA,NA,NA,NA,NA,NA,NA,NA,3.54363468634686,2.00478379591052,0,0,0.0499077490774908,0.047841868380847,0.6,0,0,0,2022,1999-06-03,NA,NA,NA,NA
"DaRon Bland","DAL","DB","15904","weighted",NA,NA,NA,NA,NA,NA,NA,NA,NA,NA,NA,NA,NA,NA,NA,NA,NA,NA,NA,NA,NA,NA,NA,NA,NA,NA,NA,NA,NA,NA,NA,NA,NA,NA,NA,NA,NA,NA,NA,NA,NA,NA,NA,NA,NA,NA,NA,NA,NA,NA,3.87324723247233,1.77410139156652,0,0,0,0,0.5,0,0,0,2022,1999-07-12,NA,NA,NA,NA
"Antoine Winfield","TB","DB","14909","weighted",NA,NA,NA,NA,NA,NA,NA,NA,NA,NA,NA,NA,NA,NA,NA,NA,NA,NA,NA,NA,NA,NA,NA,NA,NA,NA,NA,NA,NA,NA,NA,NA,NA,NA,NA,NA,NA,NA,NA,NA,NA,NA,NA,NA,NA,NA,NA,NA,NA,NA,3.87324723247233,1.77410139156652,0,0,0.0499077490774908,0.047841868380847,0.4,0,0,0,2020,1998-08-16,NA,NA,NA,NA
"Cole Bishop","BUF","DB","16700","weighted",NA,NA,NA,NA,NA,NA,NA,NA,NA,NA,NA,NA,NA,NA,NA,NA,NA,NA,NA,NA,NA,NA,NA,NA,NA,NA,NA,NA,NA,NA,NA,NA,NA,NA,NA,NA,NA,NA,NA,NA,NA,NA,NA,NA,NA,NA,NA,NA,NA,NA,3.95221402214022,1.69046523889189,0,0,0.0998154981549815,0.0956837367616939,0.4,0,0,0,2024,2002-10-24,NA,NA,NA,NA
"Jalen Thompson","DAL","DB","14518","weighted",NA,NA,NA,NA,NA,NA,NA,NA,NA,NA,NA,NA,NA,NA,NA,NA,NA,NA,NA,NA,NA,NA,NA,NA,NA,NA,NA,NA,NA,NA,NA,NA,NA,NA,NA,NA,NA,NA,NA,NA,NA,NA,NA,NA,NA,NA,NA,NA,NA,NA,3.90119926199262,1.70714414659986,0,0,0,0,0.2,0,0,0,2019,1998-07-18,NA,NA,NA,NA
"Josh Metellus","MIN","DB","14995","weighted",NA,NA,NA,NA,NA,NA,NA,NA,NA,NA,NA,NA,NA,NA,NA,NA,NA,NA,NA,NA,NA,NA,NA,NA,NA,NA,NA,NA,NA,NA,NA,NA,NA,NA,NA,NA,NA,NA,NA,NA,NA,NA,NA,NA,NA,NA,NA,NA,NA,NA,3.52721402214022,2.14784303896288,0,0,0.0998154981549815,0.0956837367616939,0.6,0,0,0,2020,1998-01-21,NA,NA,NA,NA
"Ronnie Hickman","CLE","DB","16460","weighted",NA,NA,NA,NA,NA,NA,NA,NA,NA,NA,NA,NA,NA,NA,NA,NA,NA,NA,NA,NA,NA,NA,NA,NA,NA,NA,NA,NA,NA,NA,NA,NA,NA,NA,NA,NA,NA,NA,NA,NA,NA,NA,NA,NA,NA,NA,NA,NA,NA,NA,3.265036900369,2.22994012034045,0,0,0.0499077490774908,0.047841868380847,0.2,0,0,0,2023,2001-10-11,NA,NA,NA,NA
"Nick Scott","CAR","DB","14302","weighted",NA,NA,NA,NA,NA,NA,NA,NA,NA,NA,NA,NA,NA,NA,NA,NA,NA,NA,NA,NA,NA,NA,NA,NA,NA,NA,NA,NA,NA,NA,NA,NA,NA,NA,NA,NA,NA,NA,NA,NA,NA,NA,NA,NA,NA,NA,NA,NA,NA,NA,3.91051660516605,1.69654532893535,0,0,0.0499077490774908,0.047841868380847,0.1,0,0,0,2019,1995-05-17,"Q","Abdomen",2026,3
"Amani Hooker","TEN","DB","14182","weighted",NA,NA,NA,NA,NA,NA,NA,NA,NA,NA,NA,NA,NA,NA,NA,NA,NA,NA,NA,NA,NA,NA,NA,NA,NA,NA,NA,NA,NA,NA,NA,NA,NA,NA,NA,NA,NA,NA,NA,NA,NA,NA,NA,NA,NA,NA,NA,NA,NA,NA,3.87324723247233,1.77410139156652,0,0,0.0998154981549815,0.0956837367616939,0.5,0,0,0,2019,1998-06-14,NA,NA,NA,NA
"Craig Woodson","NE","DB","17172","weighted",NA,NA,NA,NA,NA,NA,NA,NA,NA,NA,NA,NA,NA,NA,NA,NA,NA,NA,NA,NA,NA,NA,NA,NA,NA,NA,NA,NA,NA,NA,NA,NA,NA,NA,NA,NA,NA,NA,NA,NA,NA,NA,NA,NA,NA,NA,NA,NA,NA,NA,3.6549815498155,1.97079364561449,0,0,0.0499077490774908,0.047841868380847,0.5,0,0,0,2025,2001-02-20,"Q","Shoulder",2026,3
"Evan Williams","GB","DB","16719","weighted",NA,NA,NA,NA,NA,NA,NA,NA,NA,NA,NA,NA,NA,NA,NA,NA,NA,NA,NA,NA,NA,NA,NA,NA,NA,NA,NA,NA,NA,NA,NA,NA,NA,NA,NA,NA,NA,NA,NA,NA,NA,NA,NA,NA,NA,NA,NA,NA,NA,NA,4.04714022140221,1.97047425028455,0,0,0.0499077490774908,0.047841868380847,0.7,1.36556475845449e-16,0,0,2024,2001-07-28,NA,NA,NA,NA
"Jessie Bates","ATL","DB","13737","weighted",NA,NA,NA,NA,NA,NA,NA,NA,NA,NA,NA,NA,NA,NA,NA,NA,NA,NA,NA,NA,NA,NA,NA,NA,NA,NA,NA,NA,NA,NA,NA,NA,NA,NA,NA,NA,NA,NA,NA,NA,NA,NA,NA,NA,NA,NA,NA,NA,NA,NA,3.70378228782288,1.8980951685961,0,0,0.0499077490774908,0.047841868380847,0.3,0,0.1,0,2018,1997-02-26,NA,NA,NA,NA
"Dillon Thieneman","CHI","DB","17576","weighted",NA,NA,NA,NA,NA,NA,NA,NA,NA,NA,NA,NA,NA,NA,NA,NA,NA,NA,NA,NA,NA,NA,NA,NA,NA,NA,NA,NA,NA,NA,NA,NA,NA,NA,NA,NA,NA,NA,NA,NA,NA,NA,NA,NA,NA,NA,NA,NA,NA,NA,4.20285977859779,1.58169227899407,0,0,0.0499077490774908,0.047841868380847,0.8,0,0,0,2026,2004-08-08,NA,NA,NA,NA
"Kevin Winston","TEN","DB","17145","weighted",NA,NA,NA,NA,NA,NA,NA,NA,NA,NA,NA,NA,NA,NA,NA,NA,NA,NA,NA,NA,NA,NA,NA,NA,NA,NA,NA,NA,NA,NA,NA,NA,NA,NA,NA,NA,NA,NA,NA,NA,NA,NA,NA,NA,NA,NA,NA,NA,NA,NA,4.00322878228782,1.69918336914905,0,0,0.0499077490774908,0.047841868380847,0.2,0,0,0,2025,2003-12-02,NA,NA,NA,NA
"Justin Reid","NO","DB","13717","weighted",NA,NA,NA,NA,NA,NA,NA,NA,NA,NA,NA,NA,NA,NA,NA,NA,NA,NA,NA,NA,NA,NA,NA,NA,NA,NA,NA,NA,NA,NA,NA,NA,NA,NA,NA,NA,NA,NA,NA,NA,NA,NA,NA,NA,NA,NA,NA,NA,NA,NA,3.50636531365314,2.11469456647547,0,0,0.0499077490774908,0.047841868380847,0.5,0,0,0,2018,1997-02-15,NA,NA,NA,NA
"Grant Delpit","CLE","DB","14907","weighted",NA,NA,NA,NA,NA,NA,NA,NA,NA,NA,NA,NA,NA,NA,NA,NA,NA,NA,NA,NA,NA,NA,NA,NA,NA,NA,NA,NA,NA,NA,NA,NA,NA,NA,NA,NA,NA,NA,NA,NA,NA,NA,NA,NA,NA,NA,NA,NA,NA,NA,3.525,2.05034691445656,0,0,0,0,0.2,0,0,0,2020,1998-09-20,NA,NA,NA,NA
"Brandon Jones","DEN","DB","14910","weighted",NA,NA,NA,NA,NA,NA,NA,NA,NA,NA,NA,NA,NA,NA,NA,NA,NA,NA,NA,NA,NA,NA,NA,NA,NA,NA,NA,NA,NA,NA,NA,NA,NA,NA,NA,NA,NA,NA,NA,NA,NA,NA,NA,NA,NA,NA,NA,NA,NA,NA,3.9659594095941,1.8883272654699,0,0,0.0998154981549815,0.0956837367616939,0.6,0,0,0,2020,1998-04-02,NA,NA,NA,NA
"Kevin Byard","NE","DB","12752","weighted",NA,NA,NA,NA,NA,NA,NA,NA,NA,NA,NA,NA,NA,NA,NA,NA,NA,NA,NA,NA,NA,NA,NA,NA,NA,NA,NA,NA,NA,NA,NA,NA,NA,NA,NA,NA,NA,NA,NA,NA,NA,NA,NA,NA,NA,NA,NA,NA,NA,NA,4.04049815498155,1.59425635855749,0,0,0.0998154981549815,0.0956837367616939,0.5,0,0,0,2016,1993-08-17,NA,NA,NA,NA
"Daxton Hill","CIN","DB","15836","weighted",NA,NA,NA,NA,NA,NA,NA,NA,NA,NA,NA,NA,NA,NA,NA,NA,NA,NA,NA,NA,NA,NA,NA,NA,NA,NA,NA,NA,NA,NA,NA,NA,NA,NA,NA,NA,NA,NA,NA,NA,NA,NA,NA,NA,NA,NA,NA,NA,NA,NA,4.09151291512915,1.57935260252215,0,0,0,0,1,0,0,0,2022,2000-09-29,NA,NA,NA,NA
"Nick Emmanwori","SEA","DB","17144","weighted",NA,NA,NA,NA,NA,NA,NA,NA,NA,NA,NA,NA,NA,NA,NA,NA,NA,NA,NA,NA,NA,NA,NA,NA,NA,NA,NA,NA,NA,NA,NA,NA,NA,NA,NA,NA,NA,NA,NA,NA,NA,NA,NA,NA,NA,NA,NA,NA,NA,NA,3.39806273062731,1.30068475218377,0,0,0.0499077490774908,0.047841868380847,0.6,0,0,0,2025,2004-02-07,NA,NA,NA,NA
"Kamari Lassiter","HOU","DB","16672","weighted",NA,NA,NA,NA,NA,NA,NA,NA,NA,NA,NA,NA,NA,NA,NA,NA,NA,NA,NA,NA,NA,NA,NA,NA,NA,NA,NA,NA,NA,NA,NA,NA,NA,NA,NA,NA,NA,NA,NA,NA,NA,NA,NA,NA,NA,NA,NA,NA,NA,NA,3.50940959409594,1.24816181783541,0,0,0.0998154981549815,0.0956837367616939,1,0,0,0,2024,2003-01-23,NA,NA,NA,NA
"Chamarri Conner","KC","DB","16295","weighted",NA,NA,NA,NA,NA,NA,NA,NA,NA,NA,NA,NA,NA,NA,NA,NA,NA,NA,NA,NA,NA,NA,NA,NA,NA,NA,NA,NA,NA,NA,NA,NA,NA,NA,NA,NA,NA,NA,NA,NA,NA,NA,NA,NA,NA,NA,NA,NA,NA,NA,3.46771217712177,1.24413324121925,0,0,0.0499077490774908,0.047841868380847,0.3,0,0,0,2023,2000-07-11,"Q","Knee",2026,3
"Xavier McKinney","GB","DB","14908","weighted",NA,NA,NA,NA,NA,NA,NA,NA,NA,NA,NA,NA,NA,NA,NA,NA,NA,NA,NA,NA,NA,NA,NA,NA,NA,NA,NA,NA,NA,NA,NA,NA,NA,NA,NA,NA,NA,NA,NA,NA,NA,NA,NA,NA,NA,NA,NA,NA,NA,NA,3.4929889298893,1.49830030742936,0,0,0.0499077490774908,0.047841868380847,0.5,0,0,0,2020,1999-08-09,NA,NA,NA,NA
"Tyson Campbell","CLE","DB","15380","weighted",NA,NA,NA,NA,NA,NA,NA,NA,NA,NA,NA,NA,NA,NA,NA,NA,NA,NA,NA,NA,NA,NA,NA,NA,NA,NA,NA,NA,NA,NA,NA,NA,NA,NA,NA,NA,NA,NA,NA,NA,NA,NA,NA,NA,NA,NA,NA,NA,NA,NA,3.28892988929889,1.39022538867647,0,0,0,0,0.6,0,0,0,2021,2000-03-17,"Q","Hip",2026,3
"Cooper DeJean","PHI","DB","16675","weighted",NA,NA,NA,NA,NA,NA,NA,NA,NA,NA,NA,NA,NA,NA,NA,NA,NA,NA,NA,NA,NA,NA,NA,NA,NA,NA,NA,NA,NA,NA,NA,NA,NA,NA,NA,NA,NA,NA,NA,NA,NA,NA,NA,NA,NA,NA,NA,NA,NA,NA,3.66512915129151,1.1132793503114,0,0,0.0499077490774908,0.047841868380847,0.7,1.36556475845449e-16,0,0,2024,2003-02-09,NA,NA,NA,NA
"Christian Gonzalez","NE","DB","16251","weighted",NA,NA,NA,NA,NA,NA,NA,NA,NA,NA,NA,NA,NA,NA,NA,NA,NA,NA,NA,NA,NA,NA,NA,NA,NA,NA,NA,NA,NA,NA,NA,NA,NA,NA,NA,NA,NA,NA,NA,NA,NA,NA,NA,NA,NA,NA,NA,NA,NA,NA,3.56974169741697,1.23051749775738,0,0,0.0499077490774908,0.047841868380847,1.2,0,0,0,2023,2002-06-28,NA,NA,NA,NA
"Alohi Gilman","KC","DB","14982","weighted",NA,NA,NA,NA,NA,NA,NA,NA,NA,NA,NA,NA,NA,NA,NA,NA,NA,NA,NA,NA,NA,NA,NA,NA,NA,NA,NA,NA,NA,NA,NA,NA,NA,NA,NA,NA,NA,NA,NA,NA,NA,NA,NA,NA,NA,NA,NA,NA,NA,NA,3.24012915129151,1.44332988723318,0,0,0,0,0.5,0,0,0,2020,1997-09-17,NA,NA,NA,NA
"Alontae Taylor","TEN","DB","15856","weighted",NA,NA,NA,NA,NA,NA,NA,NA,NA,NA,NA,NA,NA,NA,NA,NA,NA,NA,NA,NA,NA,NA,NA,NA,NA,NA,NA,NA,NA,NA,NA,NA,NA,NA,NA,NA,NA,NA,NA,NA,NA,NA,NA,NA,NA,NA,NA,NA,NA,NA,3.54889298892989,1.20535397093174,0,0,0.0499077490774908,0.047841868380847,0.2,0,0,0,2022,1998-12-03,NA,NA,NA,NA
"Cam Lewis","CHI","DB","15140","weighted",NA,NA,NA,NA,NA,NA,NA,NA,NA,NA,NA,NA,NA,NA,NA,NA,NA,NA,NA,NA,NA,NA,NA,NA,NA,NA,NA,NA,NA,NA,NA,NA,NA,NA,NA,NA,NA,NA,NA,NA,NA,NA,NA,NA,NA,NA,NA,NA,NA,NA,3.12610701107011,1.85900053519964,0,0,0.0499077490774908,0.047841868380847,0.4,0,0,0,2019,1997-04-13,NA,NA,NA,NA
"Caleb Downs","DAL","DB","17563","weighted",NA,NA,NA,NA,NA,NA,NA,NA,NA,NA,NA,NA,NA,NA,NA,NA,NA,NA,NA,NA,NA,NA,NA,NA,NA,NA,NA,NA,NA,NA,NA,NA,NA,NA,NA,NA,NA,NA,NA,NA,NA,NA,NA,NA,NA,NA,NA,NA,NA,NA,3.36568265682657,1.387962887603,0,0,0,0,0.2,0,0,0,2026,2004-12-10,NA,NA,NA,NA
"Xavier Watts","ATL","DB","17131","weighted",NA,NA,NA,NA,NA,NA,NA,NA,NA,NA,NA,NA,NA,NA,NA,NA,NA,NA,NA,NA,NA,NA,NA,NA,NA,NA,NA,NA,NA,NA,NA,NA,NA,NA,NA,NA,NA,NA,NA,NA,NA,NA,NA,NA,NA,NA,NA,NA,NA,NA,3.43044280442804,1.33778048463244,0,0,0.0998154981549815,0.0956837367616939,0.5,0,0,0,2025,2001-11-22,NA,NA,NA,NA
"D.J. Reed","DET","DB","13774","weighted",NA,NA,NA,NA,NA,NA,NA,NA,NA,NA,NA,NA,NA,NA,NA,NA,NA,NA,NA,NA,NA,NA,NA,NA,NA,NA,NA,NA,NA,NA,NA,NA,NA,NA,NA,NA,NA,NA,NA,NA,NA,NA,NA,NA,NA,NA,NA,NA,NA,NA,3.55821033210332,1.18055681128334,0,0,0.0499077490774908,0.047841868380847,0.6,0,0,0,2018,1996-11-11,NA,NA,NA,NA
"Julian Love","SEA","DB","14179","weighted",NA,NA,NA,NA,NA,NA,NA,NA,NA,NA,NA,NA,NA,NA,NA,NA,NA,NA,NA,NA,NA,NA,NA,NA,NA,NA,NA,NA,NA,NA,NA,NA,NA,NA,NA,NA,NA,NA,NA,NA,NA,NA,NA,NA,NA,NA,NA,NA,NA,NA,4.02712177121771,0.866457634789904,0,0,0.249538745387454,0.239209341904235,1,0,0,0,2019,1998-03-19,NA,NA,NA,NA
"Zyon McCollum","TB","DB","15895","weighted",NA,NA,NA,NA,NA,NA,NA,NA,NA,NA,NA,NA,NA,NA,NA,NA,NA,NA,NA,NA,NA,NA,NA,NA,NA,NA,NA,NA,NA,NA,NA,NA,NA,NA,NA,NA,NA,NA,NA,NA,NA,NA,NA,NA,NA,NA,NA,NA,NA,NA,3.64870848708487,1.13882755114621,0,0,0.0499077490774908,0.047841868380847,0.6,0,0,0,2022,1999-05-03,NA,NA,NA,NA
"Dante Trader","MIA","DB","17202","weighted",NA,NA,NA,NA,NA,NA,NA,NA,NA,NA,NA,NA,NA,NA,NA,NA,NA,NA,NA,NA,NA,NA,NA,NA,NA,NA,NA,NA,NA,NA,NA,NA,NA,NA,NA,NA,NA,NA,NA,NA,NA,NA,NA,NA,NA,NA,NA,NA,NA,NA,2.88256457564576,1.74611740283496,0,0,0.0499077490774908,0.047841868380847,0.3,0,0,0,2025,2003-02-13,NA,NA,NA,NA
"Tyrique Stevenson","CHI","DB","16267","weighted",NA,NA,NA,NA,NA,NA,NA,NA,NA,NA,NA,NA,NA,NA,NA,NA,NA,NA,NA,NA,NA,NA,NA,NA,NA,NA,NA,NA,NA,NA,NA,NA,NA,NA,NA,NA,NA,NA,NA,NA,NA,NA,NA,NA,NA,NA,NA,NA,NA,NA,3.37011070110701,1.35811348675053,0,0,0,0,0.7,1.36556475845449e-16,0,0,2023,2000-05-26,"Q","Hamstring",2026,3
"Chuck Clark","DET","DB","13322","weighted",NA,NA,NA,NA,NA,NA,NA,NA,NA,NA,NA,NA,NA,NA,NA,NA,NA,NA,NA,NA,NA,NA,NA,NA,NA,NA,NA,NA,NA,NA,NA,NA,NA,NA,NA,NA,NA,NA,NA,NA,NA,NA,NA,NA,NA,NA,NA,NA,NA,NA,3.08278145695364,1.76776695296637,NA,NA,0.4,7.92166417128973e-17,0.7,0,0,0,2017,1995-04-19,NA,NA,NA,NA
"Camryn Bynum","IND","DB","15418","weighted",NA,NA,NA,NA,NA,NA,NA,NA,NA,NA,NA,NA,NA,NA,NA,NA,NA,NA,NA,NA,NA,NA,NA,NA,NA,NA,NA,NA,NA,NA,NA,NA,NA,NA,NA,NA,NA,NA,NA,NA,NA,NA,NA,NA,NA,NA,NA,NA,NA,NA,3.30953642384106,1.48492424049175,NA,NA,0.2,3.96083208564486e-17,0.3,0,0,0,2021,1998-07-19,NA,NA,NA,NA
"Minkah Fitzpatrick","NYJ","DB","13713","weighted",NA,NA,NA,NA,NA,NA,NA,NA,NA,NA,NA,NA,NA,NA,NA,NA,NA,NA,NA,NA,NA,NA,NA,NA,NA,NA,NA,NA,NA,NA,NA,NA,NA,NA,NA,NA,NA,NA,NA,NA,NA,NA,NA,NA,NA,NA,NA,NA,NA,NA,2.91489852398524,1.47912650160934,NA,NA,0,0,0.5,0,0,0,2018,1996-11-17,"Q","Groin",2026,3
"Andre Cisco","NYJ","DB","15364","weighted",NA,NA,NA,NA,NA,NA,NA,NA,NA,NA,NA,NA,NA,NA,NA,NA,NA,NA,NA,NA,NA,NA,NA,NA,NA,NA,NA,NA,NA,NA,NA,NA,NA,NA,NA,NA,NA,NA,NA,NA,NA,NA,NA,NA,NA,NA,NA,NA,NA,NA,2.9394701986755,1.69705627484771,NA,NA,0,0,0.5,0,0,0,2021,2000-03-23,NA,NA,NA,NA
"Keisean Nixon","GB","DB","14669","weighted",NA,NA,NA,NA,NA,NA,NA,NA,NA,NA,NA,NA,NA,NA,NA,NA,NA,NA,NA,NA,NA,NA,NA,NA,NA,NA,NA,NA,NA,NA,NA,NA,NA,NA,NA,NA,NA,NA,NA,NA,NA,NA,NA,NA,NA,NA,NA,NA,NA,NA,3.41973509933775,0.848528137423857,NA,NA,0.2,3.96083208564486e-17,0.8,1.58433283425795e-16,0,0,2019,1997-06-22,NA,NA,NA,NA
"Trent McDuffie","LAR","DB","15845","weighted",NA,NA,NA,NA,NA,NA,NA,NA,NA,NA,NA,NA,NA,NA,NA,NA,NA,NA,NA,NA,NA,NA,NA,NA,NA,NA,NA,NA,NA,NA,NA,NA,NA,NA,NA,NA,NA,NA,NA,NA,NA,NA,NA,NA,NA,NA,NA,NA,NA,NA,3.07592250922509,0.777395814889836,0,0,0.0998154981549815,0.0956837367616939,1.4,2.73112951690899e-16,0,0,2022,2000-09-13,NA,NA,NA,NA
"Marlon Humphrey","BAL","DB","13223","weighted",NA,NA,NA,NA,NA,NA,NA,NA,NA,NA,NA,NA,NA,NA,NA,NA,NA,NA,NA,NA,NA,NA,NA,NA,NA,NA,NA,NA,NA,NA,NA,NA,NA,NA,NA,NA,NA,NA,NA,NA,NA,NA,NA,NA,NA,NA,NA,NA,NA,NA,3.20811808118081,0.92229575318459,0,0,0.0998154981549815,0.0956837367616939,0.9,1.36556475845449e-16,0,0,2017,1996-07-08,NA,NA,NA,NA
"Kool-Aid McKinstry","NO","DB","16670","weighted",NA,NA,NA,NA,NA,NA,NA,NA,NA,NA,NA,NA,NA,NA,NA,NA,NA,NA,NA,NA,NA,NA,NA,NA,NA,NA,NA,NA,NA,NA,NA,NA,NA,NA,NA,NA,NA,NA,NA,NA,NA,NA,NA,NA,NA,NA,NA,NA,NA,NA,3.24538745387454,0.663388541261707,0,0,0.0499077490774908,0.047841868380847,0.9,1.36556475845449e-16,0,0,2024,2002-09-30,NA,NA,NA,NA
"Michael Jackson","CAR","DB","14252","weighted",NA,NA,NA,NA,NA,NA,NA,NA,NA,NA,NA,NA,NA,NA,NA,NA,NA,NA,NA,NA,NA,NA,NA,NA,NA,NA,NA,NA,NA,NA,NA,NA,NA,NA,NA,NA,NA,NA,NA,NA,NA,NA,NA,NA,NA,NA,NA,NA,NA,NA,2.99474169741697,0.817797628079176,0,0,0.0998154981549815,0.0956837367616939,0.9,1.36556475845449e-16,0,0,2019,1997-01-10,NA,NA,NA,NA
"Kamren Kinchens","LAR","DB","16676","weighted",NA,NA,NA,NA,NA,NA,NA,NA,NA,NA,NA,NA,NA,NA,NA,NA,NA,NA,NA,NA,NA,NA,NA,NA,NA,NA,NA,NA,NA,NA,NA,NA,NA,NA,NA,NA,NA,NA,NA,NA,NA,NA,NA,NA,NA,NA,NA,NA,NA,NA,3.09298013245033,1.13137084989848,NA,NA,0.1,1.98041604282243e-17,0.5,0,0,0,2024,2002-09-29,"Q","Hamstring",2026,3
"Riley Moss","DEN","DB","16279","weighted",NA,NA,NA,NA,NA,NA,NA,NA,NA,NA,NA,NA,NA,NA,NA,NA,NA,NA,NA,NA,NA,NA,NA,NA,NA,NA,NA,NA,NA,NA,NA,NA,NA,NA,NA,NA,NA,NA,NA,NA,NA,NA,NA,NA,NA,NA,NA,NA,NA,NA,3.21973509933775,0.848528137423857,NA,NA,0.1,1.98041604282243e-17,1.3,0,0,0,2023,2000-03-03,NA,NA,NA,NA
"Isaiah Pola-Mao","LVR","DB","16102","weighted",NA,NA,NA,NA,NA,NA,NA,NA,NA,NA,NA,NA,NA,NA,NA,NA,NA,NA,NA,NA,NA,NA,NA,NA,NA,NA,NA,NA,NA,NA,NA,NA,NA,NA,NA,NA,NA,NA,NA,NA,NA,NA,NA,NA,NA,NA,NA,NA,NA,NA,2.42609271523179,1.83847763108502,NA,NA,0,0,0.3,0,0,0,2022,1999-06-30,NA,NA,NA,NA
"Rayshawn Jenkins","PIT","DB","13288","weighted",NA,NA,NA,NA,NA,NA,NA,NA,NA,NA,NA,NA,NA,NA,NA,NA,NA,NA,NA,NA,NA,NA,NA,NA,NA,NA,NA,NA,NA,NA,NA,NA,NA,NA,NA,NA,NA,NA,NA,NA,NA,NA,NA,NA,NA,NA,NA,NA,NA,NA,2.55284768211921,1.5556349186104,NA,NA,0.3,0,0.5,0,0,0,2017,1994-01-25,NA,NA,NA,NA
"Byron Murphy","MIN","DB","14180","weighted",NA,NA,NA,NA,NA,NA,NA,NA,NA,NA,NA,NA,NA,NA,NA,NA,NA,NA,NA,NA,NA,NA,NA,NA,NA,NA,NA,NA,NA,NA,NA,NA,NA,NA,NA,NA,NA,NA,NA,NA,NA,NA,NA,NA,NA,NA,NA,NA,NA,NA,3.11973509933775,0.848528137423857,NA,NA,0.2,3.96083208564486e-17,0.8,1.58433283425795e-16,0,0,2019,1998-01-18,NA,NA,NA,NA
"Jaylinn Hawkins","BAL","DB","14954","weighted",NA,NA,NA,NA,NA,NA,NA,NA,NA,NA,NA,NA,NA,NA,NA,NA,NA,NA,NA,NA,NA,NA,NA,NA,NA,NA,NA,NA,NA,NA,NA,NA,NA,NA,NA,NA,NA,NA,NA,NA,NA,NA,NA,NA,NA,NA,NA,NA,NA,NA,2.56622516556291,1.4142135623731,NA,NA,0.2,3.96083208564486e-17,0.7,0,0,0,2020,1997-08-27,NA,NA,NA,NA
"Ty Okada","SEA","DB","16572","weighted",NA,NA,NA,NA,NA,NA,NA,NA,NA,NA,NA,NA,NA,NA,NA,NA,NA,NA,NA,NA,NA,NA,NA,NA,NA,NA,NA,NA,NA,NA,NA,NA,NA,NA,NA,NA,NA,NA,NA,NA,NA,NA,NA,NA,NA,NA,NA,NA,NA,NA,2.84966887417219,1.06066017177982,NA,NA,0.2,3.96083208564486e-17,0.7,0,0,0,2023,1999-06-04,"Q","Hamstring",2026,3
"Chauncey Gardner-Johnson","BUF","DB","14224","weighted",NA,NA,NA,NA,NA,NA,NA,NA,NA,NA,NA,NA,NA,NA,NA,NA,NA,NA,NA,NA,NA,NA,NA,NA,NA,NA,NA,NA,NA,NA,NA,NA,NA,NA,NA,NA,NA,NA,NA,NA,NA,NA,NA,NA,NA,NA,NA,NA,NA,NA,2.91973509933775,0.848528137423857,NA,NA,0.1,1.98041604282243e-17,0.2,3.96083208564486e-17,0,0,2019,1997-12-20,NA,NA,NA,NA
"Theo Jackson","MIN","DB","15921","weighted",NA,NA,NA,NA,NA,NA,NA,NA,NA,NA,NA,NA,NA,NA,NA,NA,NA,NA,NA,NA,NA,NA,NA,NA,NA,NA,NA,NA,NA,NA,NA,NA,NA,NA,NA,NA,NA,NA,NA,NA,NA,NA,NA,NA,NA,NA,NA,NA,NA,NA,2.19615894039735,1.62634559672906,NA,NA,0.2,3.96083208564486e-17,0.7,0,0,0,2022,1998-10-02,NA,NA,NA,NA
"A.J. Haulcy","IND","DB","17601","weighted",NA,NA,NA,NA,NA,NA,NA,NA,NA,NA,NA,NA,NA,NA,NA,NA,NA,NA,NA,NA,NA,NA,NA,NA,NA,NA,NA,NA,NA,NA,NA,NA,NA,NA,NA,NA,NA,NA,NA,NA,NA,NA,NA,NA,NA,NA,NA,NA,NA,NA,2.59298013245033,1.13137084989848,NA,NA,0.1,1.98041604282243e-17,0.3,0,0,0,2026,2004-01-10,NA,NA,NA,NA
"Amik Robertson","WAS","DB","14957","weighted",NA,NA,NA,NA,NA,NA,NA,NA,NA,NA,NA,NA,NA,NA,NA,NA,NA,NA,NA,NA,NA,NA,NA,NA,NA,NA,NA,NA,NA,NA,NA,NA,NA,NA,NA,NA,NA,NA,NA,NA,NA,NA,NA,NA,NA,NA,NA,NA,NA,NA,2.93695364238411,0.919238815542512,NA,NA,0,0,0.7,0,0,0,2020,1998-07-06,NA,NA,NA,NA
"Marcus Jones","NE","DB","15868","weighted",NA,NA,NA,NA,NA,NA,NA,NA,NA,NA,NA,NA,NA,NA,NA,NA,NA,NA,NA,NA,NA,NA,NA,NA,NA,NA,NA,NA,NA,NA,NA,NA,NA,NA,NA,NA,NA,NA,NA,NA,NA,NA,NA,NA,NA,NA,NA,NA,NA,NA,2.71973509933775,0.848528137423857,NA,NA,0.1,1.98041604282243e-17,0.7,0,0.2,3.96083208564486e-17,2022,1998-10-22,NA,NA,NA,NA
"Jevon Holland","NYG","DB","15366","weighted",NA,NA,NA,NA,NA,NA,NA,NA,NA,NA,NA,NA,NA,NA,NA,NA,NA,NA,NA,NA,NA,NA,NA,NA,NA,NA,NA,NA,NA,NA,NA,NA,NA,NA,NA,NA,NA,NA,NA,NA,NA,NA,NA,NA,NA,NA,NA,NA,NA,NA,2.61973509933775,0.848528137423857,NA,NA,0.3,0,0.6,0,0,0,2021,2000-03-03,NA,NA,NA,NA
"Andrew Mukuba","PHI","DB","17153","weighted",NA,NA,NA,NA,NA,NA,NA,NA,NA,NA,NA,NA,NA,NA,NA,NA,NA,NA,NA,NA,NA,NA,NA,NA,NA,NA,NA,NA,NA,NA,NA,NA,NA,NA,NA,NA,NA,NA,NA,NA,NA,NA,NA,NA,NA,NA,NA,NA,NA,NA,2.50635761589404,0.989949493661167,NA,NA,0.3,0,0.6,0,0,0,2025,2002-12-07,NA,NA,NA,NA
"Andrew Wingard","ARI","DB","14328","weighted",NA,NA,NA,NA,NA,NA,NA,NA,NA,NA,NA,NA,NA,NA,NA,NA,NA,NA,NA,NA,NA,NA,NA,NA,NA,NA,NA,NA,NA,NA,NA,NA,NA,NA,NA,NA,NA,NA,NA,NA,NA,NA,NA,NA,NA,NA,NA,NA,NA,NA,2.56304635761589,0.919238815542512,NA,NA,0.1,1.98041604282243e-17,0.4,7.92166417128973e-17,0,0,2019,1996-12-05,NA,NA,NA,NA
"Bryan Cook","CIN","DB","15860","weighted",NA,NA,NA,NA,NA,NA,NA,NA,NA,NA,NA,NA,NA,NA,NA,NA,NA,NA,NA,NA,NA,NA,NA,NA,NA,NA,NA,NA,NA,NA,NA,NA,NA,NA,NA,NA,NA,NA,NA,NA,NA,NA,NA,NA,NA,NA,NA,NA,NA,NA,2.84649006622517,0.565685424949238,NA,NA,0,0,0.4,7.92166417128973e-17,0,0,2022,1999-09-07,NA,NA,NA,NA
"Reed Blankenship","HOU","DB","16018","weighted",NA,NA,NA,NA,NA,NA,NA,NA,NA,NA,NA,NA,NA,NA,NA,NA,NA,NA,NA,NA,NA,NA,NA,NA,NA,NA,NA,NA,NA,NA,NA,NA,NA,NA,NA,NA,NA,NA,NA,NA,NA,NA,NA,NA,NA,NA,NA,NA,NA,NA,2.90317880794702,0.494974746830583,NA,NA,0.1,1.98041604282243e-17,0.4,7.92166417128973e-17,0,0,2022,1999-03-02,NA,NA,NA,NA
"Keith Abney","DET","DB","17639","weighted",NA,NA,NA,NA,NA,NA,NA,NA,NA,NA,NA,NA,NA,NA,NA,NA,NA,NA,NA,NA,NA,NA,NA,NA,NA,NA,NA,NA,NA,NA,NA,NA,NA,NA,NA,NA,NA,NA,NA,NA,NA,NA,NA,NA,NA,NA,NA,NA,NA,NA,1.54264900662252,2.1920310216783,NA,NA,0,0,0.4,7.92166417128973e-17,0,0,2026,2005-01-11,NA,NA,NA,NA
"Jalen Ramsey","PIT","DB","12711","weighted",NA,NA,NA,NA,NA,NA,NA,NA,NA,NA,NA,NA,NA,NA,NA,NA,NA,NA,NA,NA,NA,NA,NA,NA,NA,NA,NA,NA,NA,NA,NA,NA,NA,NA,NA,NA,NA,NA,NA,NA,NA,NA,NA,NA,NA,NA,NA,NA,NA,NA,2.68980132450331,0.636396103067893,NA,NA,0,0,0.6,0,0,0,2016,1994-10-24,NA,NA,NA,NA
"Jeremy Reaves","WAS","DB","14434","weighted",NA,NA,NA,NA,NA,NA,NA,NA,NA,NA,NA,NA,NA,NA,NA,NA,NA,NA,NA,NA,NA,NA,NA,NA,NA,NA,NA,NA,NA,NA,NA,NA,NA,NA,NA,NA,NA,NA,NA,NA,NA,NA,NA,NA,NA,NA,NA,NA,NA,NA,2.51973509933775,0.848528137423857,NA,NA,0.1,1.98041604282243e-17,0.5,0,0,0,2018,1996-08-29,NA,NA,NA,NA
"Cam Hart","LAC","DB","16731","weighted",NA,NA,NA,NA,NA,NA,NA,NA,NA,NA,NA,NA,NA,NA,NA,NA,NA,NA,NA,NA,NA,NA,NA,NA,NA,NA,NA,NA,NA,NA,NA,NA,NA,NA,NA,NA,NA,NA,NA,NA,NA,NA,NA,NA,NA,NA,NA,NA,NA,NA,2.5764238410596,0.777817459305202,NA,NA,0.2,3.96083208564486e-17,0.9,0,0,0,2024,2000-12-05,NA,NA,NA,NA
"Eric Murray","JAC","DB","12772","weighted",NA,NA,NA,NA,NA,NA,NA,NA,NA,NA,NA,NA,NA,NA,NA,NA,NA,NA,NA,NA,NA,NA,NA,NA,NA,NA,NA,NA,NA,NA,NA,NA,NA,NA,NA,NA,NA,NA,NA,NA,NA,NA,NA,NA,NA,NA,NA,NA,NA,NA,2.46304635761589,0.919238815542512,NA,NA,0.1,1.98041604282243e-17,0.4,7.92166417128973e-17,0,0,2016,1994-01-07,NA,NA,NA,NA
"Brandon Stephens","NYJ","DB","15405","weighted",NA,NA,NA,NA,NA,NA,NA,NA,NA,NA,NA,NA,NA,NA,NA,NA,NA,NA,NA,NA,NA,NA,NA,NA,NA,NA,NA,NA,NA,NA,NA,NA,NA,NA,NA,NA,NA,NA,NA,NA,NA,NA,NA,NA,NA,NA,NA,NA,NA,NA,2.91655629139073,0.353553390593274,NA,NA,0,0,0.4,7.92166417128973e-17,0,0,2021,1997-12-29,NA,NA,NA,NA
"Julian Blackmon","NO","DB","14933","weighted",NA,NA,NA,NA,NA,NA,NA,NA,NA,NA,NA,NA,NA,NA,NA,NA,NA,NA,NA,NA,NA,NA,NA,NA,NA,NA,NA,NA,NA,NA,NA,NA,NA,NA,NA,NA,NA,NA,NA,NA,NA,NA,NA,NA,NA,NA,NA,NA,NA,NA,2.75986754966887,0.424264068711929,NA,NA,0.3,0,0.7,0,0,0,2020,1998-08-24,NA,NA,NA,NA
"Malaki Starks","BAL","DB","17132","weighted",NA,NA,NA,NA,NA,NA,NA,NA,NA,NA,NA,NA,NA,NA,NA,NA,NA,NA,NA,NA,NA,NA,NA,NA,NA,NA,NA,NA,NA,NA,NA,NA,NA,NA,NA,NA,NA,NA,NA,NA,NA,NA,NA,NA,NA,NA,NA,NA,NA,NA,2.70317880794702,0.494974746830583,NA,NA,0.1,1.98041604282243e-17,0.4,7.92166417128973e-17,0,0,2025,2003-11-13,NA,NA,NA,NA
"Antonio Johnson","JAC","DB","16246","weighted",NA,NA,NA,NA,NA,NA,NA,NA,NA,NA,NA,NA,NA,NA,NA,NA,NA,NA,NA,NA,NA,NA,NA,NA,NA,NA,NA,NA,NA,NA,NA,NA,NA,NA,NA,NA,NA,NA,NA,NA,NA,NA,NA,NA,NA,NA,NA,NA,NA,NA,2.98662251655629,0.14142135623731,NA,NA,0.3,0,0.5,0,0,0,2023,2001-10-29,NA,NA,NA,NA
"Christian Benford","BUF","DB","15913","weighted",NA,NA,NA,NA,NA,NA,NA,NA,NA,NA,NA,NA,NA,NA,NA,NA,NA,NA,NA,NA,NA,NA,NA,NA,NA,NA,NA,NA,NA,NA,NA,NA,NA,NA,NA,NA,NA,NA,NA,NA,NA,NA,NA,NA,NA,NA,NA,NA,NA,NA,2.53311258278146,0.707106781186548,NA,NA,0.1,1.98041604282243e-17,0.6,0,0.1,1.98041604282243e-17,2022,2000-09-21,NA,NA,NA,NA
"Zayne Anderson","MIA","DB","15676","weighted",NA,NA,NA,NA,NA,NA,NA,NA,NA,NA,NA,NA,NA,NA,NA,NA,NA,NA,NA,NA,NA,NA,NA,NA,NA,NA,NA,NA,NA,NA,NA,NA,NA,NA,NA,NA,NA,NA,NA,NA,NA,NA,NA,NA,NA,NA,NA,NA,NA,NA,1.7394701986755,1.69705627484771,NA,NA,0.1,1.98041604282243e-17,0.7,0,0,0,2021,1997-01-03,NA,NA,NA,NA
"Mike Sainristil","WAS","DB","16698","weighted",NA,NA,NA,NA,NA,NA,NA,NA,NA,NA,NA,NA,NA,NA,NA,NA,NA,NA,NA,NA,NA,NA,NA,NA,NA,NA,NA,NA,NA,NA,NA,NA,NA,NA,NA,NA,NA,NA,NA,NA,NA,NA,NA,NA,NA,NA,NA,NA,NA,NA,2.64649006622517,0.565685424949238,NA,NA,0.1,1.98041604282243e-17,0.5,0,0,0,2024,2000-10-03,NA,NA,NA,NA
"Marcus Epps","PHI","DB","14270","weighted",NA,NA,NA,NA,NA,NA,NA,NA,NA,NA,NA,NA,NA,NA,NA,NA,NA,NA,NA,NA,NA,NA,NA,NA,NA,NA,NA,NA,NA,NA,NA,NA,NA,NA,NA,NA,NA,NA,NA,NA,NA,NA,NA,NA,NA,NA,NA,NA,NA,NA,2.30635761589404,0.989949493661167,NA,NA,0,0,0.2,3.96083208564486e-17,0,0,2019,1996-01-27,NA,NA,NA,NA
"Travis Hunter","JAC","DB","17074","weighted",NA,NA,NA,NA,NA,NA,NA,NA,NA,NA,NA,NA,NA,NA,NA,NA,NA,NA,NA,NA,NA,NA,NA,NA,NA,NA,NA,NA,NA,NA,NA,NA,NA,NA,NA,NA,NA,NA,NA,NA,NA,NA,NA,NA,NA,NA,NA,NA,NA,NA,1.30383091149273,2.12132034355964,0,0,0,0,NA,NA,NA,NA,2025,2003-05-18,NA,NA,NA,NA
"Montaric Brown","JAC","DB","15933","weighted",NA,NA,NA,NA,NA,NA,NA,NA,NA,NA,NA,NA,NA,NA,NA,NA,NA,NA,NA,NA,NA,NA,NA,NA,NA,NA,NA,NA,NA,NA,NA,NA,NA,NA,NA,NA,NA,NA,NA,NA,NA,NA,NA,NA,NA,NA,NA,NA,NA,NA,2.71655629139073,0.353553390593274,NA,NA,0.1,1.98041604282243e-17,0.7,0,0,0,2022,1999-08-24,NA,NA,NA,NA
"Jonas Sanker","NO","DB","17167","weighted",NA,NA,NA,NA,NA,NA,NA,NA,NA,NA,NA,NA,NA,NA,NA,NA,NA,NA,NA,NA,NA,NA,NA,NA,NA,NA,NA,NA,NA,NA,NA,NA,NA,NA,NA,NA,NA,NA,NA,NA,NA,NA,NA,NA,NA,NA,NA,NA,NA,NA,2.20635761589404,0.989949493661167,NA,NA,0.1,1.98041604282243e-17,0.1,1.98041604282243e-17,0,0,2025,2002-11-23,NA,NA,NA,NA
"Calen Bullock","HOU","DB","16705","weighted",NA,NA,NA,NA,NA,NA,NA,NA,NA,NA,NA,NA,NA,NA,NA,NA,NA,NA,NA,NA,NA,NA,NA,NA,NA,NA,NA,NA,NA,NA,NA,NA,NA,NA,NA,NA,NA,NA,NA,NA,NA,NA,NA,NA,NA,NA,NA,NA,NA,NA,2.44649006622517,0.565685424949238,NA,NA,0.2,3.96083208564486e-17,0.6,0,0.1,1.98041604282243e-17,2024,2003-04-30,NA,NA,NA,NA
"Malik Mustapha","SF","DB","16725","weighted",NA,NA,NA,NA,NA,NA,NA,NA,NA,NA,NA,NA,NA,NA,NA,NA,NA,NA,NA,NA,NA,NA,NA,NA,NA,NA,NA,NA,NA,NA,NA,NA,NA,NA,NA,NA,NA,NA,NA,NA,NA,NA,NA,NA,NA,NA,NA,NA,NA,NA,2.55986754966887,0.424264068711929,NA,NA,0.1,1.98041604282243e-17,0.2,3.96083208564486e-17,0,0,2024,2002-06-25,NA,NA,NA,NA
"Tyler Nubin","NYG","DB","16679","weighted",NA,NA,NA,NA,NA,NA,NA,NA,NA,NA,NA,NA,NA,NA,NA,NA,NA,NA,NA,NA,NA,NA,NA,NA,NA,NA,NA,NA,NA,NA,NA,NA,NA,NA,NA,NA,NA,NA,NA,NA,NA,NA,NA,NA,NA,NA,NA,NA,NA,NA,2.78662251655629,0.141421356237309,NA,NA,0,0,0.3,0,0.1,1.98041604282243e-17,2024,2001-06-14,NA,NA,NA,NA
"Jaylon Johnson","CHI","DB","14924","weighted",NA,NA,NA,NA,NA,NA,NA,NA,NA,NA,NA,NA,NA,NA,NA,NA,NA,NA,NA,NA,NA,NA,NA,NA,NA,NA,NA,NA,NA,NA,NA,NA,NA,NA,NA,NA,NA,NA,NA,NA,NA,NA,NA,NA,NA,NA,NA,NA,NA,NA,2.2764238410596,0.777817459305202,NA,NA,0.1,1.98041604282243e-17,0.4,7.92166417128973e-17,0,0,2020,1999-04-19,NA,NA,NA,NA
"Jarvis Brownlee","NYJ","DB","16736","weighted",NA,NA,NA,NA,NA,NA,NA,NA,NA,NA,NA,NA,NA,NA,NA,NA,NA,NA,NA,NA,NA,NA,NA,NA,NA,NA,NA,NA,NA,NA,NA,NA,NA,NA,NA,NA,NA,NA,NA,NA,NA,NA,NA,NA,NA,NA,NA,NA,NA,NA,2.77006622516556,0.212132034355964,NA,NA,0,0,0.2,3.96083208564486e-17,0,0,2024,2001-07-13,NA,NA,NA,NA
"Ja'Quan McMillian","DEN","DB","16145","weighted",NA,NA,NA,NA,NA,NA,NA,NA,NA,NA,NA,NA,NA,NA,NA,NA,NA,NA,NA,NA,NA,NA,NA,NA,NA,NA,NA,NA,NA,NA,NA,NA,NA,NA,NA,NA,NA,NA,NA,NA,NA,NA,NA,NA,NA,NA,NA,NA,NA,NA,2.34649006622517,0.565685424949238,NA,NA,0.2,3.96083208564486e-17,0.7,0,0.1,1.98041604282243e-17,2022,2000-06-04,NA,NA,NA,NA
"Nahshon Wright","NYJ","DB","15401","weighted",NA,NA,NA,NA,NA,NA,NA,NA,NA,NA,NA,NA,NA,NA,NA,NA,NA,NA,NA,NA,NA,NA,NA,NA,NA,NA,NA,NA,NA,NA,NA,NA,NA,NA,NA,NA,NA,NA,NA,NA,NA,NA,NA,NA,NA,NA,NA,NA,NA,NA,1.83629139072848,1.20208152801713,NA,NA,0.1,1.98041604282243e-17,0.6,0,0,0,2021,1998-09-23,NA,NA,NA,NA
"Ji'Ayir Brown","SF","DB","16281","weighted",NA,NA,NA,NA,NA,NA,NA,NA,NA,NA,NA,NA,NA,NA,NA,NA,NA,NA,NA,NA,NA,NA,NA,NA,NA,NA,NA,NA,NA,NA,NA,NA,NA,NA,NA,NA,NA,NA,NA,NA,NA,NA,NA,NA,NA,NA,NA,NA,NA,NA,2.45986754966887,0.424264068711928,NA,NA,0,0,0.2,3.96083208564486e-17,0,0,2023,2000-01-25,NA,NA,NA,NA
"Nate Wiggins","BAL","DB","16673","weighted",NA,NA,NA,NA,NA,NA,NA,NA,NA,NA,NA,NA,NA,NA,NA,NA,NA,NA,NA,NA,NA,NA,NA,NA,NA,NA,NA,NA,NA,NA,NA,NA,NA,NA,NA,NA,NA,NA,NA,NA,NA,NA,NA,NA,NA,NA,NA,NA,NA,NA,2.8,0,NA,NA,0.1,1.98041604282243e-17,0.8,1.58433283425795e-16,0,0,2024,2003-08-28,NA,NA,NA,NA
"Patrick Surtain II","DEN","DB","15362","weighted",NA,NA,NA,NA,NA,NA,NA,NA,NA,NA,NA,NA,NA,NA,NA,NA,NA,NA,NA,NA,NA,NA,NA,NA,NA,NA,NA,NA,NA,NA,NA,NA,NA,NA,NA,NA,NA,NA,NA,NA,NA,NA,NA,NA,NA,NA,NA,NA,NA,NA,2.40317880794702,0.494974746830583,NA,NA,0.1,1.98041604282243e-17,0.7,0,0,0,2021,2000-04-14,NA,NA,NA,NA
"Mike Hughes","ATL","DB","13731","weighted",NA,NA,NA,NA,NA,NA,NA,NA,NA,NA,NA,NA,NA,NA,NA,NA,NA,NA,NA,NA,NA,NA,NA,NA,NA,NA,NA,NA,NA,NA,NA,NA,NA,NA,NA,NA,NA,NA,NA,NA,NA,NA,NA,NA,NA,NA,NA,NA,NA,NA,2.57324503311258,0.282842712474619,NA,NA,0,0,0.6,0,0,0,2018,1997-02-11,NA,NA,NA,NA
"Ahmad Gardner","IND","DB","15833","weighted",NA,NA,NA,NA,NA,NA,NA,NA,NA,NA,NA,NA,NA,NA,NA,NA,NA,NA,NA,NA,NA,NA,NA,NA,NA,NA,NA,NA,NA,NA,NA,NA,NA,NA,NA,NA,NA,NA,NA,NA,NA,NA,NA,NA,NA,NA,NA,NA,NA,NA,2.40317880794702,0.494974746830583,NA,NA,0,0,0.7,0,0,0,2022,2001-08-31,NA,NA,NA,NA
"Jourdan Lewis","JAC","DB","13227","weighted",NA,NA,NA,NA,NA,NA,NA,NA,NA,NA,NA,NA,NA,NA,NA,NA,NA,NA,NA,NA,NA,NA,NA,NA,NA,NA,NA,NA,NA,NA,NA,NA,NA,NA,NA,NA,NA,NA,NA,NA,NA,NA,NA,NA,NA,NA,NA,NA,NA,NA,1.79298013245033,1.13137084989848,NA,NA,0.3,0,0.7,0,0,0,2017,1995-08-31,NA,NA,NA,NA
"Mansoor Delane","KC","DB","17562","weighted",NA,NA,NA,NA,NA,NA,NA,NA,NA,NA,NA,NA,NA,NA,NA,NA,NA,NA,NA,NA,NA,NA,NA,NA,NA,NA,NA,NA,NA,NA,NA,NA,NA,NA,NA,NA,NA,NA,NA,NA,NA,NA,NA,NA,NA,NA,NA,NA,NA,NA,2.35986754966887,0.424264068711929,NA,NA,0.2,3.96083208564486e-17,0.4,7.92166417128973e-17,0,0,2026,2003-12-15,NA,NA,NA,NA
"Javon Bullard","GB","DB","16677","weighted",NA,NA,NA,NA,NA,NA,NA,NA,NA,NA,NA,NA,NA,NA,NA,NA,NA,NA,NA,NA,NA,NA,NA,NA,NA,NA,NA,NA,NA,NA,NA,NA,NA,NA,NA,NA,NA,NA,NA,NA,NA,NA,NA,NA,NA,NA,NA,NA,NA,NA,2.41655629139073,0.353553390593274,NA,NA,0,0,0.4,7.92166417128973e-17,0,0,2024,2002-09-05,NA,NA,NA,NA
"Justin Walley","IND","DB","17162","weighted",NA,NA,NA,NA,NA,NA,NA,NA,NA,NA,NA,NA,NA,NA,NA,NA,NA,NA,NA,NA,NA,NA,NA,NA,NA,NA,NA,NA,NA,NA,NA,NA,NA,NA,NA,NA,NA,NA,NA,NA,NA,NA,NA,NA,NA,NA,NA,NA,NA,NA,1.90635761589404,0.989949493661167,NA,NA,0,0,0.3,0,0,0,2025,2002-09-22,NA,NA,NA,NA
"Tony Jefferson","LAC","DB","11327","weighted",NA,NA,NA,NA,NA,NA,NA,NA,NA,NA,NA,NA,NA,NA,NA,NA,NA,NA,NA,NA,NA,NA,NA,NA,NA,NA,NA,NA,NA,NA,NA,NA,NA,NA,NA,NA,NA,NA,NA,NA,NA,NA,NA,NA,NA,NA,NA,NA,NA,NA,2.03311258278146,0.707106781186548,NA,NA,0.2,3.96083208564486e-17,0.5,0,0,0,2013,1992-01-27,NA,NA,NA,NA
"Elijah Molden","LAC","DB","15402","weighted",NA,NA,NA,NA,NA,NA,NA,NA,NA,NA,NA,NA,NA,NA,NA,NA,NA,NA,NA,NA,NA,NA,NA,NA,NA,NA,NA,NA,NA,NA,NA,NA,NA,NA,NA,NA,NA,NA,NA,NA,NA,NA,NA,NA,NA,NA,NA,NA,NA,NA,1.86304635761589,0.919238815542512,NA,NA,0.1,1.98041604282243e-17,0.3,0,0,0,2021,1999-01-30,"Q","Hamstring",2026,3
"Jaylen Watson","LAR","DB","15950","weighted",NA,NA,NA,NA,NA,NA,NA,NA,NA,NA,NA,NA,NA,NA,NA,NA,NA,NA,NA,NA,NA,NA,NA,NA,NA,NA,NA,NA,NA,NA,NA,NA,NA,NA,NA,NA,NA,NA,NA,NA,NA,NA,NA,NA,NA,NA,NA,NA,NA,NA,2.37324503311258,0.282842712474619,NA,NA,0.1,1.98041604282243e-17,0.4,7.92166417128973e-17,0,0,2022,1998-09-17,NA,NA,NA,NA
"Josh Jobe","SEA","DB","15989","weighted",NA,NA,NA,NA,NA,NA,NA,NA,NA,NA,NA,NA,NA,NA,NA,NA,NA,NA,NA,NA,NA,NA,NA,NA,NA,NA,NA,NA,NA,NA,NA,NA,NA,NA,NA,NA,NA,NA,NA,NA,NA,NA,NA,NA,NA,NA,NA,NA,NA,NA,2.42993377483444,0.212132034355964,NA,NA,0.1,1.98041604282243e-17,0.6,0,0,0,2022,1998-04-09,NA,NA,NA,NA
"Eric Stokes","LVR","DB","15377","weighted",NA,NA,NA,NA,NA,NA,NA,NA,NA,NA,NA,NA,NA,NA,NA,NA,NA,NA,NA,NA,NA,NA,NA,NA,NA,NA,NA,NA,NA,NA,NA,NA,NA,NA,NA,NA,NA,NA,NA,NA,NA,NA,NA,NA,NA,NA,NA,NA,NA,NA,2.20317880794702,0.494974746830583,NA,NA,0,0,0.2,3.96083208564486e-17,0,0,2021,1999-03-01,NA,NA,NA,NA
"Benjamin Morrison","TB","DB","17129","weighted",NA,NA,NA,NA,NA,NA,NA,NA,NA,NA,NA,NA,NA,NA,NA,NA,NA,NA,NA,NA,NA,NA,NA,NA,NA,NA,NA,NA,NA,NA,NA,NA,NA,NA,NA,NA,NA,NA,NA,NA,NA,NA,NA,NA,NA,NA,NA,NA,NA,NA,1.69298013245033,1.13137084989848,NA,NA,0,0,0.5,0,0,0,2025,2004-03-11,NA,NA,NA,NA
"Quinyon Mitchell","PHI","DB","16690","weighted",NA,NA,NA,NA,NA,NA,NA,NA,NA,NA,NA,NA,NA,NA,NA,NA,NA,NA,NA,NA,NA,NA,NA,NA,NA,NA,NA,NA,NA,NA,NA,NA,NA,NA,NA,NA,NA,NA,NA,NA,NA,NA,NA,NA,NA,NA,NA,NA,NA,NA,2.14649006622517,0.565685424949238,NA,NA,0,0,0.7,0,0,0,2024,2001-07-18,NA,NA,NA,NA
"Carlton Davis","NE","DB","13710","weighted",NA,NA,NA,NA,NA,NA,NA,NA,NA,NA,NA,NA,NA,NA,NA,NA,NA,NA,NA,NA,NA,NA,NA,NA,NA,NA,NA,NA,NA,NA,NA,NA,NA,NA,NA,NA,NA,NA,NA,NA,NA,NA,NA,NA,NA,NA,NA,NA,NA,NA,2.55668874172185,0.0707106781186548,NA,NA,0.1,1.98041604282243e-17,0.5,0,0,0,2018,1996-12-31,"Q","Neck",2026,3
"James Pierre","MIN","DB","15124","weighted",NA,NA,NA,NA,NA,NA,NA,NA,NA,NA,NA,NA,NA,NA,NA,NA,NA,NA,NA,NA,NA,NA,NA,NA,NA,NA,NA,NA,NA,NA,NA,NA,NA,NA,NA,NA,NA,NA,NA,NA,NA,NA,NA,NA,NA,NA,NA,NA,NA,NA,1.76304635761589,0.919238815542512,NA,NA,0.2,3.96083208564486e-17,0.9,0,0,0,2020,1996-09-16,NA,NA,NA,NA
"Joey Porter Jr.","PIT","DB","16240","weighted",NA,NA,NA,NA,NA,NA,NA,NA,NA,NA,NA,NA,NA,NA,NA,NA,NA,NA,NA,NA,NA,NA,NA,NA,NA,NA,NA,NA,NA,NA,NA,NA,NA,NA,NA,NA,NA,NA,NA,NA,NA,NA,NA,NA,NA,NA,NA,NA,NA,NA,1.42291390728477,1.34350288425444,NA,NA,0,0,0.7,0,0,0,2023,2000-07-26,"Q","Back",2026,3
"Dane Belton","NYJ","DB","15875","weighted",NA,NA,NA,NA,NA,NA,NA,NA,NA,NA,NA,NA,NA,NA,NA,NA,NA,NA,NA,NA,NA,NA,NA,NA,NA,NA,NA,NA,NA,NA,NA,NA,NA,NA,NA,NA,NA,NA,NA,NA,NA,NA,NA,NA,NA,NA,NA,NA,NA,NA,2.44331125827815,0.0707106781186548,NA,NA,0.1,1.98041604282243e-17,0.3,0,0,0,2022,2000-12-07,NA,NA,NA,NA
"Tarheeb Still","LAC","DB","16729","weighted",NA,NA,NA,NA,NA,NA,NA,NA,NA,NA,NA,NA,NA,NA,NA,NA,NA,NA,NA,NA,NA,NA,NA,NA,NA,NA,NA,NA,NA,NA,NA,NA,NA,NA,NA,NA,NA,NA,NA,NA,NA,NA,NA,NA,NA,NA,NA,NA,NA,NA,2.21655629139073,0.353553390593274,NA,NA,0.1,1.98041604282243e-17,0.4,7.92166417128973e-17,0,0,2024,2002-06-09,NA,NA,NA,NA
"Marcus Harris","TEN","DB","17221","weighted",NA,NA,NA,NA,NA,NA,NA,NA,NA,NA,NA,NA,NA,NA,NA,NA,NA,NA,NA,NA,NA,NA,NA,NA,NA,NA,NA,NA,NA,NA,NA,NA,NA,NA,NA,NA,NA,NA,NA,NA,NA,NA,NA,NA,NA,NA,NA,NA,NA,NA,2.45668874172185,0.0707106781186548,NA,NA,0.1,1.98041604282243e-17,0.4,7.92166417128973e-17,0,0,2025,2001-03-06,NA,NA,NA,NA
"Treydan Stukes","LVR","DB","17582","weighted",NA,NA,NA,NA,NA,NA,NA,NA,NA,NA,NA,NA,NA,NA,NA,NA,NA,NA,NA,NA,NA,NA,NA,NA,NA,NA,NA,NA,NA,NA,NA,NA,NA,NA,NA,NA,NA,NA,NA,NA,NA,NA,NA,NA,NA,NA,NA,NA,NA,NA,1.67708609271523,1.34350288425444,NA,NA,0.1,1.98041604282243e-17,0.2,3.96083208564486e-17,0,0,2026,2001-09-11,"Q","Concussion",2026,3
"Jamel Dean","PIT","DB","14219","weighted",NA,NA,NA,NA,NA,NA,NA,NA,NA,NA,NA,NA,NA,NA,NA,NA,NA,NA,NA,NA,NA,NA,NA,NA,NA,NA,NA,NA,NA,NA,NA,NA,NA,NA,NA,NA,NA,NA,NA,NA,NA,NA,NA,NA,NA,NA,NA,NA,NA,NA,2.4,0,NA,NA,0.1,1.98041604282243e-17,0.3,0,0,0,2019,1996-10-15,NA,NA,NA,NA
"Deommodore Lenoir","SF","DB","15445","weighted",NA,NA,NA,NA,NA,NA,NA,NA,NA,NA,NA,NA,NA,NA,NA,NA,NA,NA,NA,NA,NA,NA,NA,NA,NA,NA,NA,NA,NA,NA,NA,NA,NA,NA,NA,NA,NA,NA,NA,NA,NA,NA,NA,NA,NA,NA,NA,NA,NA,NA,2.34331125827815,0.0707106781186548,NA,NA,0,0,0.1,1.98041604282243e-17,0,0,2021,1999-10-06,NA,NA,NA,NA
"DJ Turner","CIN","DB","16268","weighted",NA,NA,NA,NA,NA,NA,NA,NA,NA,NA,NA,NA,NA,NA,NA,NA,NA,NA,NA,NA,NA,NA,NA,NA,NA,NA,NA,NA,NA,NA,NA,NA,NA,NA,NA,NA,NA,NA,NA,NA,NA,NA,NA,NA,NA,NA,NA,NA,NA,NA,1.95986754966887,0.424264068711928,NA,NA,0.1,1.98041604282243e-17,1,0,0,0,2023,2000-11-09,NA,NA,NA,NA
"Dee Alford","BUF","DB","16012","weighted",NA,NA,NA,NA,NA,NA,NA,NA,NA,NA,NA,NA,NA,NA,NA,NA,NA,NA,NA,NA,NA,NA,NA,NA,NA,NA,NA,NA,NA,NA,NA,NA,NA,NA,NA,NA,NA,NA,NA,NA,NA,NA,NA,NA,NA,NA,NA,NA,NA,NA,1.95986754966887,0.424264068711928,NA,NA,0.1,1.98041604282243e-17,0.5,0,0,0,2021,1997-11-05,NA,NA,NA,NA
"Rasul Douglas","WAS","DB","13281","weighted",NA,NA,NA,NA,NA,NA,NA,NA,NA,NA,NA,NA,NA,NA,NA,NA,NA,NA,NA,NA,NA,NA,NA,NA,NA,NA,NA,NA,NA,NA,NA,NA,NA,NA,NA,NA,NA,NA,NA,NA,NA,NA,NA,NA,NA,NA,NA,NA,NA,NA,1.90317880794702,0.494974746830583,NA,NA,0,0,0.4,7.92166417128973e-17,0,0,2017,1994-08-29,NA,NA,NA,NA
"Quincy Riley","NO","DB","17187","weighted",NA,NA,NA,NA,NA,NA,NA,NA,NA,NA,NA,NA,NA,NA,NA,NA,NA,NA,NA,NA,NA,NA,NA,NA,NA,NA,NA,NA,NA,NA,NA,NA,NA,NA,NA,NA,NA,NA,NA,NA,NA,NA,NA,NA,NA,NA,NA,NA,NA,NA,2.07324503311258,0.282842712474619,NA,NA,0.1,1.98041604282243e-17,0.6,0,0,0,2025,2001-05-26,NA,NA,NA,NA
"Carrington Valentine","GB","DB","16356","weighted",NA,NA,NA,NA,NA,NA,NA,NA,NA,NA,NA,NA,NA,NA,NA,NA,NA,NA,NA,NA,NA,NA,NA,NA,NA,NA,NA,NA,NA,NA,NA,NA,NA,NA,NA,NA,NA,NA,NA,NA,NA,NA,NA,NA,NA,NA,NA,NA,NA,NA,1.27960264900662,1.27279220613579,NA,NA,0.1,1.98041604282243e-17,0.4,7.92166417128973e-17,0,0,2023,2001-09-09,NA,NA,NA,NA
"Julius Brents","MIA","DB","16261","weighted",NA,NA,NA,NA,NA,NA,NA,NA,NA,NA,NA,NA,NA,NA,NA,NA,NA,NA,NA,NA,NA,NA,NA,NA,NA,NA,NA,NA,NA,NA,NA,NA,NA,NA,NA,NA,NA,NA,NA,NA,NA,NA,NA,NA,NA,NA,NA,NA,NA,NA,1.84649006622517,0.565685424949238,NA,NA,0.1,1.98041604282243e-17,0.2,3.96083208564486e-17,0,0,2023,2000-01-18,NA,NA,NA,NA
"Darien Porter","LVR","DB","17156","weighted",NA,NA,NA,NA,NA,NA,NA,NA,NA,NA,NA,NA,NA,NA,NA,NA,NA,NA,NA,NA,NA,NA,NA,NA,NA,NA,NA,NA,NA,NA,NA,NA,NA,NA,NA,NA,NA,NA,NA,NA,NA,NA,NA,NA,NA,NA,NA,NA,NA,NA,1.68980132450331,0.636396103067893,NA,NA,0.1,1.98041604282243e-17,0.6,0,0,0,2025,2001-01-06,"Q","Foot",2026,3
"Renardo Green","SF","DB","16702","weighted",NA,NA,NA,NA,NA,NA,NA,NA,NA,NA,NA,NA,NA,NA,NA,NA,NA,NA,NA,NA,NA,NA,NA,NA,NA,NA,NA,NA,NA,NA,NA,NA,NA,NA,NA,NA,NA,NA,NA,NA,NA,NA,NA,NA,NA,NA,NA,NA,NA,NA,2.08662251655629,0.14142135623731,NA,NA,0.1,1.98041604282243e-17,0.5,0,0,0,2024,2000-11-09,NA,NA,NA,NA
"Upton Stout","SF","DB","17169","weighted",NA,NA,NA,NA,NA,NA,NA,NA,NA,NA,NA,NA,NA,NA,NA,NA,NA,NA,NA,NA,NA,NA,NA,NA,NA,NA,NA,NA,NA,NA,NA,NA,NA,NA,NA,NA,NA,NA,NA,NA,NA,NA,NA,NA,NA,NA,NA,NA,NA,NA,1.91655629139073,0.353553390593274,NA,NA,0,0,0.4,7.92166417128973e-17,0,0,2025,2002-01-09,NA,NA,NA,NA
"Denzel Ward","CLE","DB","13707","weighted",NA,NA,NA,NA,NA,NA,NA,NA,NA,NA,NA,NA,NA,NA,NA,NA,NA,NA,NA,NA,NA,NA,NA,NA,NA,NA,NA,NA,NA,NA,NA,NA,NA,NA,NA,NA,NA,NA,NA,NA,NA,NA,NA,NA,NA,NA,NA,NA,NA,NA,2.02993377483444,0.212132034355964,NA,NA,0.1,1.98041604282243e-17,0.5,0,0,0,2018,1997-04-28,NA,NA,NA,NA
"Malik Hooker","DAL","DB","13228","weighted",NA,NA,NA,NA,NA,NA,NA,NA,NA,NA,NA,NA,NA,NA,NA,NA,NA,NA,NA,NA,NA,NA,NA,NA,NA,NA,NA,NA,NA,NA,NA,NA,NA,NA,NA,NA,NA,NA,NA,NA,NA,NA,NA,NA,NA,NA,NA,NA,NA,NA,1.34966887417219,1.06066017177982,NA,NA,0,0,0.3,0,0,0,2017,1996-04-02,"D","Forearm",2026,3
"Jacob Parrish","TB","DB","17163","weighted",NA,NA,NA,NA,NA,NA,NA,NA,NA,NA,NA,NA,NA,NA,NA,NA,NA,NA,NA,NA,NA,NA,NA,NA,NA,NA,NA,NA,NA,NA,NA,NA,NA,NA,NA,NA,NA,NA,NA,NA,NA,NA,NA,NA,NA,NA,NA,NA,NA,NA,2.08662251655629,0.14142135623731,NA,NA,0.1,1.98041604282243e-17,0.4,7.92166417128973e-17,0,0,2025,2004-02-29,"Q","Back",2026,3
"L'Jarius Sneed","KC","DB","14956","weighted",NA,NA,NA,NA,NA,NA,NA,NA,NA,NA,NA,NA,NA,NA,NA,NA,NA,NA,NA,NA,NA,NA,NA,NA,NA,NA,NA,NA,NA,NA,NA,NA,NA,NA,NA,NA,NA,NA,NA,NA,NA,NA,NA,NA,NA,NA,NA,NA,NA,NA,1.91655629139073,0.353553390593274,NA,NA,0,0,0.4,7.92166417128973e-17,0,0,2020,1997-01-21,NA,NA,NA,NA
"Marques Sigle","SF","DB","17207","weighted",NA,NA,NA,NA,NA,NA,NA,NA,NA,NA,NA,NA,NA,NA,NA,NA,NA,NA,NA,NA,NA,NA,NA,NA,NA,NA,NA,NA,NA,NA,NA,NA,NA,NA,NA,NA,NA,NA,NA,NA,NA,NA,NA,NA,NA,NA,NA,NA,NA,NA,2.02993377483444,0.212132034355964,NA,NA,0,0,0.1,1.98041604282243e-17,0,0,2025,2002-07-18,NA,NA,NA,NA
"Chau Smith-Wade","CAR","DB","16741","weighted",NA,NA,NA,NA,NA,NA,NA,NA,NA,NA,NA,NA,NA,NA,NA,NA,NA,NA,NA,NA,NA,NA,NA,NA,NA,NA,NA,NA,NA,NA,NA,NA,NA,NA,NA,NA,NA,NA,NA,NA,NA,NA,NA,NA,NA,NA,NA,NA,NA,NA,1.68980132450331,0.636396103067893,NA,NA,0,0,0.1,1.98041604282243e-17,0,0,2024,2002-09-17,NA,NA,NA,NA
"Jarrian Jones","JAC","DB","16714","weighted",NA,NA,NA,NA,NA,NA,NA,NA,NA,NA,NA,NA,NA,NA,NA,NA,NA,NA,NA,NA,NA,NA,NA,NA,NA,NA,NA,NA,NA,NA,NA,NA,NA,NA,NA,NA,NA,NA,NA,NA,NA,NA,NA,NA,NA,NA,NA,NA,NA,NA,1.94013245033113,0.424264068711929,NA,NA,0.2,3.96083208564486e-17,0.5,0,0,0,2024,2001-05-08,NA,NA,NA,NA
"Jartavius Martin","WAS","DB","16263","weighted",NA,NA,NA,NA,NA,NA,NA,NA,NA,NA,NA,NA,NA,NA,NA,NA,NA,NA,NA,NA,NA,NA,NA,NA,NA,NA,NA,NA,NA,NA,NA,NA,NA,NA,NA,NA,NA,NA,NA,NA,NA,NA,NA,NA,NA,NA,NA,NA,NA,NA,1.87324503311258,0.282842712474619,NA,NA,0.1,1.98041604282243e-17,0.3,0,0,0,2023,2000-04-17,NA,NA,NA,NA
"Taron Johnson","LVR","DB","13764","weighted",NA,NA,NA,NA,NA,NA,NA,NA,NA,NA,NA,NA,NA,NA,NA,NA,NA,NA,NA,NA,NA,NA,NA,NA,NA,NA,NA,NA,NA,NA,NA,NA,NA,NA,NA,NA,NA,NA,NA,NA,NA,NA,NA,NA,NA,NA,NA,NA,NA,NA,1.81655629139073,0.353553390593274,NA,NA,0,0,0.2,3.96083208564486e-17,0,0,2018,1996-07-27,NA,NA,NA,NA
"Derek Stingley Jr.","HOU","DB","15832","weighted",NA,NA,NA,NA,NA,NA,NA,NA,NA,NA,NA,NA,NA,NA,NA,NA,NA,NA,NA,NA,NA,NA,NA,NA,NA,NA,NA,NA,NA,NA,NA,NA,NA,NA,NA,NA,NA,NA,NA,NA,NA,NA,NA,NA,NA,NA,NA,NA,NA,NA,1.77324503311258,0.282842712474619,NA,NA,0.2,3.96083208564486e-17,0.9,0,0,0,2022,2001-06-20,NA,NA,NA,NA
"Denzel Burke","ARI","DB","17214","weighted",NA,NA,NA,NA,NA,NA,NA,NA,NA,NA,NA,NA,NA,NA,NA,NA,NA,NA,NA,NA,NA,NA,NA,NA,NA,NA,NA,NA,NA,NA,NA,NA,NA,NA,NA,NA,NA,NA,NA,NA,NA,NA,NA,NA,NA,NA,NA,NA,NA,NA,1.88662251655629,0.141421356237309,NA,NA,0.1,1.98041604282243e-17,0.5,0,0,0,2025,2002-11-10,NA,NA,NA,NA
"Jaycee Horn","CAR","DB","15361","weighted",NA,NA,NA,NA,NA,NA,NA,NA,NA,NA,NA,NA,NA,NA,NA,NA,NA,NA,NA,NA,NA,NA,NA,NA,NA,NA,NA,NA,NA,NA,NA,NA,NA,NA,NA,NA,NA,NA,NA,NA,NA,NA,NA,NA,NA,NA,NA,NA,NA,NA,1.77324503311258,0.282842712474619,NA,NA,0.1,1.98041604282243e-17,0.6,0,0,0,2021,1999-11-26,NA,NA,NA,NA
"Cordale Flott","TEN","DB","15866","weighted",NA,NA,NA,NA,NA,NA,NA,NA,NA,NA,NA,NA,NA,NA,NA,NA,NA,NA,NA,NA,NA,NA,NA,NA,NA,NA,NA,NA,NA,NA,NA,NA,NA,NA,NA,NA,NA,NA,NA,NA,NA,NA,NA,NA,NA,NA,NA,NA,NA,NA,1.82993377483444,0.212132034355964,NA,NA,0,0,0.2,3.96083208564486e-17,0,0,2022,2001-08-24,"Q","Quadriceps",2026,3
"Charvarius Ward","IND","DB","13920","weighted",NA,NA,NA,NA,NA,NA,NA,NA,NA,NA,NA,NA,NA,NA,NA,NA,NA,NA,NA,NA,NA,NA,NA,NA,NA,NA,NA,NA,NA,NA,NA,NA,NA,NA,NA,NA,NA,NA,NA,NA,NA,NA,NA,NA,NA,NA,NA,NA,NA,NA,1.65986754966887,0.424264068711929,NA,NA,0,0,0.2,3.96083208564486e-17,0,0,2018,1996-05-16,"Q","Groin",2026,3
"Tariq Woolen","PHI","DB","15894","weighted",NA,NA,NA,NA,NA,NA,NA,NA,NA,NA,NA,NA,NA,NA,NA,NA,NA,NA,NA,NA,NA,NA,NA,NA,NA,NA,NA,NA,NA,NA,NA,NA,NA,NA,NA,NA,NA,NA,NA,NA,NA,NA,NA,NA,NA,NA,NA,NA,NA,NA,1.94331125827815,0.0707106781186548,NA,NA,0,0,0.6,0,0,0,2022,1999-05-02,NA,NA,NA,NA
"Jason Marshall","MIA","DB","17200","weighted",NA,NA,NA,NA,NA,NA,NA,NA,NA,NA,NA,NA,NA,NA,NA,NA,NA,NA,NA,NA,NA,NA,NA,NA,NA,NA,NA,NA,NA,NA,NA,NA,NA,NA,NA,NA,NA,NA,NA,NA,NA,NA,NA,NA,NA,NA,NA,NA,NA,NA,1.91337748344371,0.141421356237309,NA,NA,0.1,1.98041604282243e-17,0.3,0,0,0,2025,2002-09-06,NA,NA,NA,NA
"Donte Jackson","LAC","DB","13738","weighted",NA,NA,NA,NA,NA,NA,NA,NA,NA,NA,NA,NA,NA,NA,NA,NA,NA,NA,NA,NA,NA,NA,NA,NA,NA,NA,NA,NA,NA,NA,NA,NA,NA,NA,NA,NA,NA,NA,NA,NA,NA,NA,NA,NA,NA,NA,NA,NA,NA,NA,1.44649006622517,0.565685424949238,NA,NA,0.2,3.96083208564486e-17,0.7,0,0,0,2018,1995-11-08,NA,NA,NA,NA
"Maxwell Hairston","BUF","DB","17141","weighted",NA,NA,NA,NA,NA,NA,NA,NA,NA,NA,NA,NA,NA,NA,NA,NA,NA,NA,NA,NA,NA,NA,NA,NA,NA,NA,NA,NA,NA,NA,NA,NA,NA,NA,NA,NA,NA,NA,NA,NA,NA,NA,NA,NA,NA,NA,NA,NA,NA,NA,1.67324503311258,0.282842712474619,NA,NA,0.1,1.98041604282243e-17,0.5,0,0,0,2025,2003-08-06,NA,NA,NA,NA
"Thomas Harper","DET","DB","16928","weighted",NA,NA,NA,NA,NA,NA,NA,NA,NA,NA,NA,NA,NA,NA,NA,NA,NA,NA,NA,NA,NA,NA,NA,NA,NA,NA,NA,NA,NA,NA,NA,NA,NA,NA,NA,NA,NA,NA,NA,NA,NA,NA,NA,NA,NA,NA,NA,NA,NA,NA,1.72993377483444,0.212132034355964,NA,NA,0,0,0.4,7.92166417128973e-17,0,0,2024,2000-11-05,NA,NA,NA,NA
"Roger McCreary","DET","DB","15849","weighted",NA,NA,NA,NA,NA,NA,NA,NA,NA,NA,NA,NA,NA,NA,NA,NA,NA,NA,NA,NA,NA,NA,NA,NA,NA,NA,NA,NA,NA,NA,NA,NA,NA,NA,NA,NA,NA,NA,NA,NA,NA,NA,NA,NA,NA,NA,NA,NA,NA,NA,1.85668874172185,0.0707106781186547,NA,NA,0,0,0.2,3.96083208564486e-17,0,0,2022,2000-02-10,NA,NA,NA,NA
"Jaden Hicks","KC","DB","16727","weighted",NA,NA,NA,NA,NA,NA,NA,NA,NA,NA,NA,NA,NA,NA,NA,NA,NA,NA,NA,NA,NA,NA,NA,NA,NA,NA,NA,NA,NA,NA,NA,NA,NA,NA,NA,NA,NA,NA,NA,NA,NA,NA,NA,NA,NA,NA,NA,NA,NA,NA,1.68344370860927,0.353553390593274,NA,NA,0,0,0.2,3.96083208564486e-17,0,0,2024,2002-08-16,NA,NA,NA,NA
"Billy Bowman","ATL","DB","17179","weighted",NA,NA,NA,NA,NA,NA,NA,NA,NA,NA,NA,NA,NA,NA,NA,NA,NA,NA,NA,NA,NA,NA,NA,NA,NA,NA,NA,NA,NA,NA,NA,NA,NA,NA,NA,NA,NA,NA,NA,NA,NA,NA,NA,NA,NA,NA,NA,NA,NA,NA,1.40317880794702,0.494974746830583,NA,NA,0.1,1.98041604282243e-17,0.4,7.92166417128973e-17,0,0,2025,2003-01-29,"Q","Achilles",2026,3
"Jaylen McCollough","LAR","DB","16912","weighted",NA,NA,NA,NA,NA,NA,NA,NA,NA,NA,NA,NA,NA,NA,NA,NA,NA,NA,NA,NA,NA,NA,NA,NA,NA,NA,NA,NA,NA,NA,NA,NA,NA,NA,NA,NA,NA,NA,NA,NA,NA,NA,NA,NA,NA,NA,NA,NA,NA,NA,1.00635761589404,0.989949493661167,NA,NA,0.1,1.98041604282243e-17,0.3,0,0,0,2024,2000-10-12,NA,NA,NA,NA
"Greg Newsome","NYG","DB","15375","weighted",NA,NA,NA,NA,NA,NA,NA,NA,NA,NA,NA,NA,NA,NA,NA,NA,NA,NA,NA,NA,NA,NA,NA,NA,NA,NA,NA,NA,NA,NA,NA,NA,NA,NA,NA,NA,NA,NA,NA,NA,NA,NA,NA,NA,NA,NA,NA,NA,NA,NA,1.8,0,NA,NA,0,0,0.3,0,0,0,2021,2000-05-18,NA,NA,NA,NA
"Andru Phillips","NYG","DB","16703","weighted",NA,NA,NA,NA,NA,NA,NA,NA,NA,NA,NA,NA,NA,NA,NA,NA,NA,NA,NA,NA,NA,NA,NA,NA,NA,NA,NA,NA,NA,NA,NA,NA,NA,NA,NA,NA,NA,NA,NA,NA,NA,NA,NA,NA,NA,NA,NA,NA,NA,NA,1.62993377483444,0.212132034355964,NA,NA,0,0,0.3,0,0,0,2024,2001-11-30,NA,NA,NA,NA
"Chris Johnson","MIA","DB","17573","weighted",NA,NA,NA,NA,NA,NA,NA,NA,NA,NA,NA,NA,NA,NA,NA,NA,NA,NA,NA,NA,NA,NA,NA,NA,NA,NA,NA,NA,NA,NA,NA,NA,NA,NA,NA,NA,NA,NA,NA,NA,NA,NA,NA,NA,NA,NA,NA,NA,NA,NA,1.62675496688742,0.282842712474619,NA,NA,0,0,0.1,1.98041604282243e-17,0,0,2026,2004-11-09,NA,NA,NA,NA
"Garrett Williams","ARI","DB","16274","weighted",NA,NA,NA,NA,NA,NA,NA,NA,NA,NA,NA,NA,NA,NA,NA,NA,NA,NA,NA,NA,NA,NA,NA,NA,NA,NA,NA,NA,NA,NA,NA,NA,NA,NA,NA,NA,NA,NA,NA,NA,NA,NA,NA,NA,NA,NA,NA,NA,NA,NA,1.58662251655629,0.141421356237309,NA,NA,0,0,0.4,7.92166417128973e-17,0,0,2023,2001-06-01,"Q","Achilles",2026,3
"Deonte Banks","NYG","DB","16255","weighted",NA,NA,NA,NA,NA,NA,NA,NA,NA,NA,NA,NA,NA,NA,NA,NA,NA,NA,NA,NA,NA,NA,NA,NA,NA,NA,NA,NA,NA,NA,NA,NA,NA,NA,NA,NA,NA,NA,NA,NA,NA,NA,NA,NA,NA,NA,NA,NA,NA,NA,1.35986754966887,0.424264068711928,NA,NA,0,0,0.4,7.92166417128973e-17,0,0,2023,2001-04-03,"Q","Calf",2026,3
"Josh Wallace","LAR","DB","16954","weighted",NA,NA,NA,NA,NA,NA,NA,NA,NA,NA,NA,NA,NA,NA,NA,NA,NA,NA,NA,NA,NA,NA,NA,NA,NA,NA,NA,NA,NA,NA,NA,NA,NA,NA,NA,NA,NA,NA,NA,NA,NA,NA,NA,NA,NA,NA,NA,NA,NA,NA,1.0764238410596,0.777817459305202,NA,NA,0,0,0.2,3.96083208564486e-17,0,0,2024,2000-07-05,NA,NA,NA,NA
"CJ Henderson","ATL","DB","14905","weighted",NA,NA,NA,NA,NA,NA,NA,NA,NA,NA,NA,NA,NA,NA,NA,NA,NA,NA,NA,NA,NA,NA,NA,NA,NA,NA,NA,NA,NA,NA,NA,NA,NA,NA,NA,NA,NA,NA,NA,NA,NA,NA,NA,NA,NA,NA,NA,NA,NA,NA,1.57006622516556,0.212132034355964,NA,NA,0,0,0.5,0,0,0,2020,1998-09-30,NA,NA,NA,NA
"Azareye'h Thomas","NYJ","DB","17143","weighted",NA,NA,NA,NA,NA,NA,NA,NA,NA,NA,NA,NA,NA,NA,NA,NA,NA,NA,NA,NA,NA,NA,NA,NA,NA,NA,NA,NA,NA,NA,NA,NA,NA,NA,NA,NA,NA,NA,NA,NA,NA,NA,NA,NA,NA,NA,NA,NA,NA,NA,1.48344370860927,0.353553390593274,NA,NA,0,0,0.5,0,0,0,2025,2004-07-06,NA,NA,NA,NA
"Michael Taaffe","MIA","DB","17640","weighted",NA,NA,NA,NA,NA,NA,NA,NA,NA,NA,NA,NA,NA,NA,NA,NA,NA,NA,NA,NA,NA,NA,NA,NA,NA,NA,NA,NA,NA,NA,NA,NA,NA,NA,NA,NA,NA,NA,NA,NA,NA,NA,NA,NA,NA,NA,NA,NA,NA,NA,1.26688741721854,0.707106781186548,NA,NA,0.1,1.98041604282243e-17,0.2,3.96083208564486e-17,0,0,2026,2003-02-18,NA,NA,NA,NA
"Hezekiah Masses","LVR","DB","17653","weighted",NA,NA,NA,NA,NA,NA,NA,NA,NA,NA,NA,NA,NA,NA,NA,NA,NA,NA,NA,NA,NA,NA,NA,NA,NA,NA,NA,NA,NA,NA,NA,NA,NA,NA,NA,NA,NA,NA,NA,NA,NA,NA,NA,NA,NA,NA,NA,NA,NA,NA,1.08980132450331,0.636396103067893,NA,NA,0.4,7.92166417128973e-17,0.6,0,0,0,2026,2004-06-30,NA,NA,NA,NA
"Jalen Davis","CIN","DB","14037","weighted",NA,NA,NA,NA,NA,NA,NA,NA,NA,NA,NA,NA,NA,NA,NA,NA,NA,NA,NA,NA,NA,NA,NA,NA,NA,NA,NA,NA,NA,NA,NA,NA,NA,NA,NA,NA,NA,NA,NA,NA,NA,NA,NA,NA,NA,NA,NA,NA,NA,NA,1.48662251655629,0.14142135623731,NA,NA,0.1,1.98041604282243e-17,0.4,7.92166417128973e-17,0,0,2018,1996-02-02,NA,NA,NA,NA
"Markquese Bell","DAL","DB","15985","weighted",NA,NA,NA,NA,NA,NA,NA,NA,NA,NA,NA,NA,NA,NA,NA,NA,NA,NA,NA,NA,NA,NA,NA,NA,NA,NA,NA,NA,NA,NA,NA,NA,NA,NA,NA,NA,NA,NA,NA,NA,NA,NA,NA,NA,NA,NA,NA,NA,NA,NA,1.20317880794702,0.494974746830583,NA,NA,0,0,0.1,1.98041604282243e-17,0,0,2022,1999-01-06,NA,NA,NA,NA
"Chidobe Awuzie","BAL","DB","13263","weighted",NA,NA,NA,NA,NA,NA,NA,NA,NA,NA,NA,NA,NA,NA,NA,NA,NA,NA,NA,NA,NA,NA,NA,NA,NA,NA,NA,NA,NA,NA,NA,NA,NA,NA,NA,NA,NA,NA,NA,NA,NA,NA,NA,NA,NA,NA,NA,NA,NA,NA,1.20317880794702,0.494974746830583,NA,NA,0,0,0.3,0,0,0,2017,1995-05-24,NA,NA,NA,NA
"Davison Igbinosun","BUF","DB","17592","weighted",NA,NA,NA,NA,NA,NA,NA,NA,NA,NA,NA,NA,NA,NA,NA,NA,NA,NA,NA,NA,NA,NA,NA,NA,NA,NA,NA,NA,NA,NA,NA,NA,NA,NA,NA,NA,NA,NA,NA,NA,NA,NA,NA,NA,NA,NA,NA,NA,NA,NA,1.20317880794702,0.494974746830583,NA,NA,0,0,0.3,0,0,0,2026,2004-04-11,NA,NA,NA,NA
"Avieon Terrell","ATL","DB","17572","weighted",NA,NA,NA,NA,NA,NA,NA,NA,NA,NA,NA,NA,NA,NA,NA,NA,NA,NA,NA,NA,NA,NA,NA,NA,NA,NA,NA,NA,NA,NA,NA,NA,NA,NA,NA,NA,NA,NA,NA,NA,NA,NA,NA,NA,NA,NA,NA,NA,NA,NA,1.04649006622517,0.565685424949238,NA,NA,0,0,0.2,3.96083208564486e-17,0,0,2026,2005-01-11,NA,NA,NA,NA
"Mekhi Blackmon","CLE","DB","16288","weighted",NA,NA,NA,NA,NA,NA,NA,NA,NA,NA,NA,NA,NA,NA,NA,NA,NA,NA,NA,NA,NA,NA,NA,NA,NA,NA,NA,NA,NA,NA,NA,NA,NA,NA,NA,NA,NA,NA,NA,NA,NA,NA,NA,NA,NA,NA,NA,NA,NA,NA,0.933112582781457,0.707106781186548,NA,NA,0,0,0.4,7.92166417128973e-17,0,0,2023,1999-03-18,NA,NA,NA,NA
"Asante Samuel","PIT","DB","15384","weighted",NA,NA,NA,NA,NA,NA,NA,NA,NA,NA,NA,NA,NA,NA,NA,NA,NA,NA,NA,NA,NA,NA,NA,NA,NA,NA,NA,NA,NA,NA,NA,NA,NA,NA,NA,NA,NA,NA,NA,NA,NA,NA,NA,NA,NA,NA,NA,NA,NA,NA,1.15350993377483,0.565685424949238,NA,NA,0,0,0.1,1.98041604282243e-17,0,0,2021,1999-10-03,NA,NA,NA,NA
"Brandon Cisse","GB","DB","17581","weighted",NA,NA,NA,NA,NA,NA,NA,NA,NA,NA,NA,NA,NA,NA,NA,NA,NA,NA,NA,NA,NA,NA,NA,NA,NA,NA,NA,NA,NA,NA,NA,NA,NA,NA,NA,NA,NA,NA,NA,NA,NA,NA,NA,NA,NA,NA,NA,NA,NA,NA,0.89364238410596,0.989949493661167,NA,NA,0,0,0,0,0,0,2026,2005-07-03,"Q","Teeth",2026,3
"Max Melton","ARI","DB","16695","weighted",NA,NA,NA,NA,NA,NA,NA,NA,NA,NA,NA,NA,NA,NA,NA,NA,NA,NA,NA,NA,NA,NA,NA,NA,NA,NA,NA,NA,NA,NA,NA,NA,NA,NA,NA,NA,NA,NA,NA,NA,NA,NA,NA,NA,NA,NA,NA,NA,NA,NA,1.05986754966887,0.424264068711928,NA,NA,0,0,0.6,0,0,0,2024,2002-04-15,"Q","Toe",2026,3
"Myles Harden","CLE","DB","16784","weighted",NA,NA,NA,NA,NA,NA,NA,NA,NA,NA,NA,NA,NA,NA,NA,NA,NA,NA,NA,NA,NA,NA,NA,NA,NA,NA,NA,NA,NA,NA,NA,NA,NA,NA,NA,NA,NA,NA,NA,NA,NA,NA,NA,NA,NA,NA,NA,NA,NA,NA,1.28662251655629,0.141421356237309,NA,NA,0.1,1.98041604282243e-17,0.3,0,0,0,2024,2001-12-13,NA,NA,NA,NA
"Kristian Fulton","KC","DB","14904","weighted",NA,NA,NA,NA,NA,NA,NA,NA,NA,NA,NA,NA,NA,NA,NA,NA,NA,NA,NA,NA,NA,NA,NA,NA,NA,NA,NA,NA,NA,NA,NA,NA,NA,NA,NA,NA,NA,NA,NA,NA,NA,NA,NA,NA,NA,NA,NA,NA,NA,NA,1.17324503311258,0.282842712474619,NA,NA,0.1,1.98041604282243e-17,0.4,7.92166417128973e-17,0,0,2020,1998-09-03,NA,NA,NA,NA
"Khalil Dorsey","DET","DB","15129","weighted",NA,NA,NA,NA,NA,NA,NA,NA,NA,NA,NA,NA,NA,NA,NA,NA,NA,NA,NA,NA,NA,NA,NA,NA,NA,NA,NA,NA,NA,NA,NA,NA,NA,NA,NA,NA,NA,NA,NA,NA,NA,NA,NA,NA,NA,NA,NA,NA,NA,NA,0.833112582781457,0.707106781186547,NA,NA,0.1,1.98041604282243e-17,0.2,3.96083208564486e-17,0,0,2020,1998-03-31,NA,NA,NA,NA
"Emmanuel McNeil-Warren","CLE","DB","17575","weighted",NA,NA,NA,NA,NA,NA,NA,NA,NA,NA,NA,NA,NA,NA,NA,NA,NA,NA,NA,NA,NA,NA,NA,NA,NA,NA,NA,NA,NA,NA,NA,NA,NA,NA,NA,NA,NA,NA,NA,NA,NA,NA,NA,NA,NA,NA,NA,NA,NA,NA,1.01019867549669,0.636396103067893,NA,NA,0,0,0,0,0,0,2026,2004-01-08,NA,NA,NA,NA
"Dadrion Taylor-Demerson","ARI","DB","16717","weighted",NA,NA,NA,NA,NA,NA,NA,NA,NA,NA,NA,NA,NA,NA,NA,NA,NA,NA,NA,NA,NA,NA,NA,NA,NA,NA,NA,NA,NA,NA,NA,NA,NA,NA,NA,NA,NA,NA,NA,NA,NA,NA,NA,NA,NA,NA,NA,NA,NA,NA,0.941881918819188,0.258660388516725,0,0,0.0499077490774908,0.047841868380847,0.3,0,0,0,2024,2001-01-20,NA,NA,NA,NA
"Kyle Dugger","CIN","DB","14921","weighted",NA,NA,NA,NA,NA,NA,NA,NA,NA,NA,NA,NA,NA,NA,NA,NA,NA,NA,NA,NA,NA,NA,NA,NA,NA,NA,NA,NA,NA,NA,NA,NA,NA,NA,NA,NA,NA,NA,NA,NA,NA,NA,NA,NA,NA,NA,NA,NA,NA,NA,0.929933774834437,0.212132034355964,NA,NA,0.1,1.98041604282243e-17,0.2,3.96083208564486e-17,0,0,2020,1996-03-22,NA,NA,NA,NA
"Genesis Smith","LAC","DB","17626","weighted",NA,NA,NA,NA,NA,NA,NA,NA,NA,NA,NA,NA,NA,NA,NA,NA,NA,NA,NA,NA,NA,NA,NA,NA,NA,NA,NA,NA,NA,NA,NA,NA,NA,NA,NA,NA,NA,NA,NA,NA,NA,NA,NA,NA,NA,NA,NA,NA,NA,NA,0.873245033112583,0.282842712474619,NA,NA,0,0,0.4,7.92166417128973e-17,0,0,2026,2004-11-05,NA,NA,NA,NA
"Lathan Ransom","CAR","DB","17181","weighted",NA,NA,NA,NA,NA,NA,NA,NA,NA,NA,NA,NA,NA,NA,NA,NA,NA,NA,NA,NA,NA,NA,NA,NA,NA,NA,NA,NA,NA,NA,NA,NA,NA,NA,NA,NA,NA,NA,NA,NA,NA,NA,NA,NA,NA,NA,NA,NA,NA,NA,0.929933774834437,0.212132034355964,NA,NA,0,0,0,0,0,0,2025,2002-07-16,NA,NA,NA,NA
"Will Lee","CAR","DB","17624","weighted",NA,NA,NA,NA,NA,NA,NA,NA,NA,NA,NA,NA,NA,NA,NA,NA,NA,NA,NA,NA,NA,NA,NA,NA,NA,NA,NA,NA,NA,NA,NA,NA,NA,NA,NA,NA,NA,NA,NA,NA,NA,NA,NA,NA,NA,NA,NA,NA,NA,NA,0.886622516556291,0.141421356237309,NA,NA,0,0,0.5,0,0,0,2026,2003-04-09,NA,NA,NA,NA
"Hunter Wohler","IND","DB","17250","weighted",NA,NA,NA,NA,NA,NA,NA,NA,NA,NA,NA,NA,NA,NA,NA,NA,NA,NA,NA,NA,NA,NA,NA,NA,NA,NA,NA,NA,NA,NA,NA,NA,NA,NA,NA,NA,NA,NA,NA,NA,NA,NA,NA,NA,NA,NA,NA,NA,NA,NA,0.943311258278146,0.0707106781186547,NA,NA,0,0,0.1,1.98041604282243e-17,0,0,2025,2003-01-12,NA,NA,NA,NA
"Jay Ward","MIN","DB","16304","weighted",NA,NA,NA,NA,NA,NA,NA,NA,NA,NA,NA,NA,NA,NA,NA,NA,NA,NA,NA,NA,NA,NA,NA,NA,NA,NA,NA,NA,NA,NA,NA,NA,NA,NA,NA,NA,NA,NA,NA,NA,NA,NA,NA,NA,NA,NA,NA,NA,NA,NA,0.673245033112583,0.282842712474619,NA,NA,0,0,0.2,3.96083208564486e-17,0,0,2023,2000-07-13,NA,NA,NA,NA
"Xavier Woods","CHI","DB","13325","weighted",NA,NA,NA,NA,NA,NA,NA,NA,NA,NA,NA,NA,NA,NA,NA,NA,NA,NA,NA,NA,NA,NA,NA,NA,NA,NA,NA,NA,NA,NA,NA,NA,NA,NA,NA,NA,NA,NA,NA,NA,NA,NA,NA,NA,NA,NA,NA,NA,NA,NA,0.856688741721854,0.0707106781186547,NA,NA,0,0,0,0,0,0,2017,1995-07-26,NA,NA,NA,NA
"Cam Taylor-Britt","IND","DB","15859","weighted",NA,NA,NA,NA,NA,NA,NA,NA,NA,NA,NA,NA,NA,NA,NA,NA,NA,NA,NA,NA,NA,NA,NA,NA,NA,NA,NA,NA,NA,NA,NA,NA,NA,NA,NA,NA,NA,NA,NA,NA,NA,NA,NA,NA,NA,NA,NA,NA,NA,NA,0.8,1.58433283425795e-16,NA,NA,0,0,0.2,3.96083208564486e-17,0,0,2022,1999-10-15,NA,NA,NA,NA
"Nehemiah Pritchett","SEA","DB","16728","weighted",NA,NA,NA,NA,NA,NA,NA,NA,NA,NA,NA,NA,NA,NA,NA,NA,NA,NA,NA,NA,NA,NA,NA,NA,NA,NA,NA,NA,NA,NA,NA,NA,NA,NA,NA,NA,NA,NA,NA,NA,NA,NA,NA,NA,NA,NA,NA,NA,NA,NA,0.8,1.58433283425795e-16,NA,NA,0,0,0.2,3.96083208564486e-17,0,0,2024,2001-02-11,NA,NA,NA,NA
"Damar Hamlin","BUF","DB","15469","weighted",NA,NA,NA,NA,NA,NA,NA,NA,NA,NA,NA,NA,NA,NA,NA,NA,NA,NA,NA,NA,NA,NA,NA,NA,NA,NA,NA,NA,NA,NA,NA,NA,NA,NA,NA,NA,NA,NA,NA,NA,NA,NA,NA,NA,NA,NA,NA,NA,NA,NA,0.529933774834437,0.212132034355964,NA,NA,0,0,0,0,0,0,2021,1998-03-24,NA,NA,NA,NA
"Martin Emerson","NO","DB","15862","weighted",NA,NA,NA,NA,NA,NA,NA,NA,NA,NA,NA,NA,NA,NA,NA,NA,NA,NA,NA,NA,NA,NA,NA,NA,NA,NA,NA,NA,NA,NA,NA,NA,NA,NA,NA,NA,NA,NA,NA,NA,NA,NA,NA,NA,NA,NA,NA,NA,NA,NA,0.556688741721854,0.0707106781186547,NA,NA,0,0,0,0,0,0,2022,2000-09-27,"Q","Shoulder",2026,3
"Caleb Ransaw","JAC","DB","17166","weighted",NA,NA,NA,NA,NA,NA,NA,NA,NA,NA,NA,NA,NA,NA,NA,NA,NA,NA,NA,NA,NA,NA,NA,NA,NA,NA,NA,NA,NA,NA,NA,NA,NA,NA,NA,NA,NA,NA,NA,NA,NA,NA,NA,NA,NA,NA,NA,NA,NA,NA,0.383443708609272,0.353553390593274,NA,NA,0,0,0,0,0,0,2025,2002-12-22,NA,NA,NA,NA
"Sydney Brown","ATL","DB","16271","weighted",NA,NA,NA,NA,NA,NA,NA,NA,NA,NA,NA,NA,NA,NA,NA,NA,NA,NA,NA,NA,NA,NA,NA,NA,NA,NA,NA,NA,NA,NA,NA,NA,NA,NA,NA,NA,NA,NA,NA,NA,NA,NA,NA,NA,NA,NA,NA,NA,NA,NA,0.556688741721854,0.0707106781186547,NA,NA,0,0,0,0,0,0,2023,2000-03-21,NA,NA,NA,NA
"Jalon Kilgore","BUF","DB","17646","weighted",NA,NA,NA,NA,NA,NA,NA,NA,NA,NA,NA,NA,NA,NA,NA,NA,NA,NA,NA,NA,NA,NA,NA,NA,NA,NA,NA,NA,NA,NA,NA,NA,NA,NA,NA,NA,NA,NA,NA,NA,NA,NA,NA,NA,NA,NA,NA,NA,NA,NA,0.326754966887417,0.282842712474619,NA,NA,0,0,0,0,0,0,2026,2005-01-27,NA,NA,NA,NA
"Jacob Thomas","MIN","DB","17753","weighted",NA,NA,NA,NA,NA,NA,NA,NA,NA,NA,NA,NA,NA,NA,NA,NA,NA,NA,NA,NA,NA,NA,NA,NA,NA,NA,NA,NA,NA,NA,NA,NA,NA,NA,NA,NA,NA,NA,NA,NA,NA,NA,NA,NA,NA,NA,NA,NA,NA,NA,0.243311258278146,0.0707106781186547,NA,NA,0,0,0.2,3.96083208564486e-17,0,0,2026,2004-05-30,NA,NA,NA,NA
