player,team,position,id,avg_type,pass_yds,pass_yds_sd,pass_tds,pass_tds_sd,pass_int,pass_int_sd,rush_yds,rush_yds_sd,rush_tds,rush_tds_sd,fumbles_lost,fumbles_lost_sd,two_pts,two_pts_sd,return_tds,return_tds_sd,rec,rec_sd,rec_yds,rec_yds_sd,rec_tds,rec_tds_sd,fg_0019,fg_0019_sd,fg_2029,fg_2029_sd,fg_3039,fg_3039_sd,fg_4049,fg_4049_sd,fg_50,fg_50_sd,xp,xp_sd,dst_int,dst_int_sd,dst_sacks,dst_sacks_sd,dst_safety,dst_safety_sd,dst_td,dst_td_sd,dst_blk,dst_blk_sd,idp_solo,idp_solo_sd,idp_sack,idp_sack_sd,idp_int,idp_int_sd,idp_pd,idp_pd_sd,idp_td,idp_td_sd,draft_year,birthdate,injury_status,injury_details,season_year,week
Brock Purdy,SF,QB,15698,weighted,267.923330179754,16.3249843094901,1.57979186376537,0.359288806881711,0.82674550614948,0.1417895428977,17.3888213497319,3.63440665135149,0.15341059602649,0.077198810941604,0.196144749290445,0.0031718027283716,,,,,,,,,,,,,,,,,,,,,,,,,,,,,,,,,,,,,,,,,,,2022.0,1999-12-27,,,2024,17
Joe Burrow,CIN,QB,14777,weighted,277.052688426364,11.1677188365631,2.15189214758751,0.168193421336492,0.828599810785241,0.141997368459682,11.6972406181015,1.87488311346792,0.0967218543046358,0.0498573242500011,0.284578997161779,0.0126872109134865,,,,,,,,,,,,,,,,,,,,,,,,,,,,,,,,,,,,,,,,,,,2020.0,1996-12-10,,,2024,17
Geno Smith,SEA,QB,11150,weighted,262.691601229896,19.0011265939597,1.23406338694418,0.201231683661291,0.890075685903501,0.103135458228372,13.5562078208767,1.53932776790063,0.0788599810785241,0.064219116554437,0.107663197729423,0.0528764371631556,,,,,,,,,,,,,,,,,,,,,,,,,,,,,,,,,,,,,,,,,,,2013.0,1990-10-10,,,2024,17
Aaron Rodgers,NYJ,QB,7836,weighted,240.117555187638,25.6747413872949,1.41282403027436,0.335300190969093,0.675482497634815,0.258896667555573,6.90732103437402,1.54514194502801,0.02,0.0330243578842613,0.184578997161779,0.0126872109134865,,,,,,,,,,,,,,,,,,,,,,,,,,,,,,,,,,,,,,,,,,,2005.0,1983-12-02,,,2024,17
Tua Tagovailoa,MIA,QB,14778,weighted,251.183221381268,18.7258786730491,1.70801797540208,0.287879907111391,0.802138126773889,0.167572649016799,5.14963024282561,1.25618199485044,0.016953642384106,0.0280406657339854,0.188434247871334,0.0095154081851148,,,,,,,,,,,,,,,,,,,,,,,,,,,,,,,,,,,,,,,,,,,2020.0,1998-03-02,Q,Hip,2024,17
Sam Darnold,MIN,QB,13592,weighted,258.469432355724,20.6383301508973,1.81927625354778,0.178224185985374,0.713481551561022,0.384896452124932,13.1424637338379,1.80561474526076,0.0786944181646169,0.0682302644609685,0.230700094607379,0.0163878889498098,,,,,,,,,,,,,,,,,,,,,,,,,,,,,,,,,,,,,,,,,,,2018.0,1997-06-05,,,2024,17
C.J. Stroud,HOU,QB,16150,weighted,250.631138442132,12.3709379556491,1.17143330179754,0.147220850092357,0.59945600756859,0.335992594123915,14.989192683696,2.58381070816196,0.0787606433301798,0.0649661687175521,0.192289498580889,0.0063436054567432,,,,,,,,,,,,,,,,,,,,,,,,,,,,,,,,,,,,,,,,,,,2023.0,2001-10-03,,,2024,17
Baker Mayfield,TB,QB,13590,weighted,254.604212393567,13.5432076446914,1.93114474929044,0.209302861448248,0.916636707663198,0.0709715217681923,14.9482150741091,3.26228481818762,0.0890397350993378,0.0426570618803647,0.2,3.04418730237608e-17,,,,,,,,,,,,,,,,,,,,,,,,,,,,,,,,,,,,,,,,,,,2018.0,1995-04-14,,,2024,17
Josh Allen,BUF,QB,13589,weighted,247.332985651214,12.0295984183503,1.83194891201514,0.163190949613028,0.436026490066225,0.360554322313478,37.7796909492274,5.24954698611128,0.759266792809839,0.168771180506523,0.207663197729423,0.0528764371631556,,,,,,,,,,,,,,,,,,,,,,,,,,,,,,,,,,,,,,,,,,,2018.0,1996-05-21,,,2024,17
Jared Goff,DET,QB,12611,weighted,246.098415326395,16.4327081068098,1.82939924314097,0.192970419175167,0.764976348155156,0.190613659037905,5.0852578051088,1.55895956590152,0.0432923368022706,0.0483632181626227,0.142265846736045,0.0198299813431567,,,,,,,,,,,,,,,,,,,,,,,,,,,,,,,,,,,,,,,,,,,2016.0,1994-10-14,,,2024,17
Patrick Mahomes,KC,QB,13116,weighted,248.74376064333,7.53827891425259,1.4443188268685,0.338684433198871,0.599484389782403,0.340856315599727,19.2167786187323,1.16944495831181,0.0920860927152318,0.0459202018412073,0.123084200567644,0.0633535125585284,,,,,,,,,,,,,,,,,,,,,,,,,,,,,,,,,,,,,,,,,,,2017.0,1995-09-17,,,2024,17
Justin Herbert,LAC,QB,14779,weighted,238.666002049827,8.73256842880434,1.24522232734153,0.221329759398229,0.309408703878903,0.271435449389125,17.6122894985809,3.09394826851304,0.157038789025544,0.0878524607860948,0.161542100283822,0.0316767562792642,,,,,,,,,,,,,,,,,,,,,,,,,,,,,,,,,,,,,,,,,,,2020.0,1998-03-10,,,2024,17
Jordan Love,GB,QB,14782,weighted,241.388520182908,9.64889320598525,1.58689687795648,0.334884999266118,0.822242194891202,0.144003138887667,10.2065507726269,1.81737785018604,0.0953311258278146,0.0525664675552683,0.149976348155156,0.0240196098241852,,,,,,,,,,,,,,,,,,,,,,,,,,,,,,,,,,,,,,,,,,,2020.0,1998-11-02,,,2024,17
Bo Nix,DEN,QB,16582,weighted,236.506723431094,10.4117040087601,1.47736518448439,0.37722834722578,0.63352885525071,0.354788809735372,22.2364987385683,1.6259482284869,0.157005676442763,0.0888721437574352,0.1269394512772,0.0660939233428517,,,,,,,,,,,,,,,,,,,,,,,,,,,,,,,,,,,,,,,,,,,2024.0,2000-02-25,,,2024,17
Matthew Stafford,LAR,QB,9431,weighted,239.731862976979,6.94201095050792,1.70564806054872,0.273823626648059,0.61964995269631,0.355831126035517,4.68995821507411,1.80674379695017,0.0448155156102176,0.0502563068555092,0.157686849574267,0.0290023759806656,,,,,,,,,,,,,,,,,,,,,,,,,,,,,,,,,,,,,,,,,,,2009.0,1988-02-07,,,2024,17
Matthew Stafford,LAR,QB,9431,weighted,239.731862976979,6.94201095050792,1.70564806054872,0.273823626648059,0.61964995269631,0.355831126035517,4.68995821507411,1.80674379695017,0.0448155156102176,0.0502563068555092,0.157686849574267,0.0290023759806656,,,,,,,,,,,,,,,,,,,,,,,,,,,,,,,,,,,,,,,,,,,2009.0,2003-05-23,,,2024,17
Jayden Daniels,WAS,QB,16581,weighted,227.605208924629,8.74344530991921,1.46409649952696,0.378571875698091,0.582421948912015,0.341713205542483,47.3003382213813,5.34428532148827,0.341542100283822,0.175410485519604,0.115373699148534,0.0580047519613312,,,,,,,,,,,,,,,,,,,,,,,,,,,,,,,,,,,,,,,,,,,2024.0,2000-12-18,,,2024,17
Cooper Rush,DAL,QB,13124,weighted,217.044817880795,11.6149247833213,1.14585146641438,0.230782633506112,0.80213339640492,0.184991937714328,6.82866051718701,3.98391395028005,0.043325449385052,0.0476176171487124,0.261542100283822,0.0316767562792642,,,,,,,,,,,,,,,,,,,,,,,,,,,,,,,,,,,,,,,,,,,2017.0,1993-11-21,,,2024,17
Lamar Jackson,BAL,QB,13593,weighted,224.041222800378,5.56047071178891,1.90603595080416,0.24265500659026,0.485042573320719,0.333131264769282,52.6965996531063,2.56502111743635,0.239333017975402,0.119893401333476,0.230747398297067,0.0372603949974523,,,,,,,,,,,,,,,,,,,,,,,,,,,,,,,,,,,,,,,,,,,2018.0,1997-01-07,,,2024,17
Kyler Murray,ARI,QB,14056,weighted,223.225510091454,8.75315221294375,1.10543046357616,0.100580373909652,0.562256385998108,0.332878613582508,33.4353555660675,2.40297015012889,0.260089877010407,0.138866019003035,0.230700094607379,0.0163878889498098,,,,,,,,,,,,,,,,,,,,,,,,,,,,,,,,,,,,,,,,,,,2019.0,1997-08-07,,,2024,17
Mason Rudolph,TEN,QB,13595,weighted,223.493206722689,7.46997967492044,1.13100840336134,0.169367170748838,0.918022408963585,0.0992544564735958,12.9931047619048,1.81455423282791,0.105490196078431,0.0087911194242029,0.240840336134454,0.021660032865312,,,,,,,,,,,,,,,,,,,,,,,,,,,,,,,,,,,,,,,,,,,2018.0,1995-07-17,,,2024,17
Michael Penix Jr.,ATL,QB,16583,weighted,216.811082352941,8.57859685292761,1.12225770308123,0.223504101382597,0.965803921568627,0.208355219379113,9.08514733893557,2.21851864685565,0.0788459383753501,0.0477975512714721,0.211854341736695,0.0105416072054989,,,,,,,,,,,,,,,,,,,,,,,,,,,,,,,,,,,,,,,,,,,2024.0,2000-05-08,,,2024,17
Russell Wilson,PIT,QB,10703,weighted,218.474253221289,7.31535752188715,1.27736694677871,0.178973048032346,0.68521568627451,0.197960724955288,16.2520672268908,3.19719825135728,0.134789915966387,0.0426069558174406,0.266950513538749,0.0795219035771036,,,,,,,,,,,,,,,,,,,,,,,,,,,,,,,,,,,,,,,,,,,2012.0,1988-11-29,,,2024,17
Drake Maye,NE,QB,16580,weighted,209.930407600126,10.0204764147151,1.12314096499527,0.131042022096272,0.853306527909177,0.120614140520571,26.7141745506149,4.49641111913552,0.150979186376537,0.0824102404977002,0.326892147587512,0.0401369917470706,,,,,,,,,,,,,,,,,,,,,,,,,,,,,,,,,,,,,,,,,,,2024.0,2002-08-30,,,2024,17
Caleb Williams,CHI,QB,16579,weighted,215.763591926837,6.43503468023831,1.17144749290445,0.163987509138742,0.766958372753075,0.262901702935534,26.0956685588143,5.02463351940694,0.110562913907285,0.0669889797252921,0.26535004730369,0.0716815666460443,,,,,,,,,,,,,,,,,,,,,,,,,,,,,,,,,,,,,,,,,,,2024.0,2001-11-18,,,2024,17
Bryce Young,CAR,QB,16148,weighted,205.076218487395,13.3617270824563,1.07355742296919,0.124439575313192,0.815322128851541,0.124478328458165,18.2493344537815,2.97158018984715,0.174963585434174,0.0515582309537212,0.219645191409897,0.0511051533450321,,,,,,,,,,,,,,,,,,,,,,,,,,,,,,,,,,,,,,,,,,,2023.0,2001-07-25,,,2024,17
Aidan O'Connell,LVR,QB,16159,weighted,214.073899159664,10.1910431101647,1.10826330532213,0.155652801882549,0.815361344537815,0.127368439142024,10.7129994397759,7.65451218184316,0.0815887734387873,0.0727643181904565,0.243353874883287,0.0320913426591991,,,,,,,,,,,,,,,,,,,,,,,,,,,,,,,,,,,,,,,,,,,2023.0,1998-09-01,,,2024,17
Drew Lock,NYG,QB,14057,weighted,202.661266106443,22.1964835579788,0.933714285714286,0.245318958825316,0.945473389355742,0.0923902817339872,18.0231182072829,4.88591194455193,0.100694677871148,0.0710653269020462,0.339402427637722,0.0350965093037592,,,,,,,,,,,,,,,,,,,,,,,,,,,,,,,,,,,,,,,,,,,2019.0,1996-11-10,,,2024,17
Mac Jones,JAC,QB,15241,weighted,206.096193837535,8.38663085689594,1.05309243697479,0.102135526203195,0.947243697478992,0.111216478748046,8.26843137254902,0.41646683292612,0.0822652581100208,0.121516002493514,0.159159663865546,0.021660032865312,,,,,,,,,,,,,,,,,,,,,,,,,,,,,,,,,,,,,,,,,,,2021.0,1998-09-05,,,2024,17
Kenny Pickett,PHI,QB,15692,weighted,191.943755742297,9.93552281113407,1.07998879551821,0.0846007988384885,0.714851540616246,0.27956155770865,13.996862745098,10.0911367692568,0.228627450980392,0.310487364095418,0.259159663865546,0.021660032865312,,,,,,,,,,,,,,,,,,,,,,,,,,,,,,,,,,,,,,,,,,,2022.0,1998-06-06,,,2024,17
Anthony Richardson,IND,QB,16152,weighted,172.12789782403,22.1746649906162,1.01579271708683,0.156137940522277,0.892386554621849,0.19920699700786,35.901178807947,3.25345577835035,0.425194099895898,0.0785088459002506,0.315468306527909,0.0396599626863134,,,,,,,,,,,,,,,,,,,,,,,,,,,,,,,,,,,,,,,,,,,2023.0,2002-05-22,Q,Back,2024,17
Spencer Rattler,NO,QB,16586,weighted,145.119588795518,72.365154437052,0.844577030812325,0.399267825531151,0.760789915966387,0.427572614170093,10.2459619047619,5.38064059989016,0.0798767507002801,0.042570881582574,0.221195144724556,0.0701930186075184,,,,,,,,,,,,,,,,,,,,,,,,,,,,,,,,,,,,,,,,,,,2024.0,2000-09-28,,,2024,17
Dorian Thompson-Robinson,CLE,QB,16158,weighted,180.476905322129,3.98956449562593,0.918761904761905,0.0677605889752407,1.03561904761905,0.287304867383554,27.9912246498599,4.65568535475929,0.183563025210084,0.0455386187405938,0.252694677871148,0.0291999680426627,,,,,,,,,,,,,,,,,,,,,,,,,,,,,,,,,,,,,,,,,,,2023.0,1999-11-14,,,2024,17
Jake Haener,NO,QB,16156,weighted,81.7073343605547,108.731809743055,0.518736517719569,0.685893577750951,0.307272727272727,0.417193000900063,5.03852080123267,7.07106781186548,0.0503852080123267,0.0707106781186548,0.150385208012327,0.0707106781186548,,,,,,,,,,,,,,,,,,,,,,,,,,,,,,,,,,,,,,,,,,,2023.0,1999-03-10,,,2024,17
Joe Flacco,IND,QB,9064,weighted,79.2744289693593,61.3512255866282,0.707000928505107,0.552046532230395,0.222674094707521,0.199070739198259,1.85348189415042,2.09995748544862,0.0,0.0,0.169637883008357,0.0565786664256952,,,,,,,,,,,,,,,,,,,,,,,,,,,,,,,,,,,,,,,,,,,2008.0,1985-01-16,,,2024,17
Jacoby Brissett,NE,QB,12616,weighted,35.293405238829,43.7628386876354,0.0603081664098613,0.0565685424949238,0.055346687211094,0.0636396103067893,2.51926040061633,3.53553390593274,0.0,0.0,0.0,0.0,,,,,,,,,,,,,,,,,,,,,,,,,,,,,,,,,,,,,,,,,,,2016.0,1992-12-11,,,2024,17
Kirk Cousins,ATL,QB,10700,weighted,21.3285241820768,28.7443317363519,0.100055710306407,0.163162659269317,0.124438254410399,0.223943236712695,0.0,0.0,0.0,0.0,0.061628733997155,0.0244561637164648,,,,,,,,,,,,,,,,,,,,,,,,,,,,,,,,,,,,,,,,,,,2012.0,1988-08-19,,,2024,17
Desmond Ridder,LVR,QB,15697,weighted,33.5012634822804,40.6162135113553,0.0603081664098613,0.0565685424949238,0.055346687211094,0.0636396103067893,1.00770416024653,1.41421356237309,0.0503852080123267,0.0707106781186548,0.150385208012327,0.0707106781186548,,,,,,,,,,,,,,,,,,,,,,,,,,,,,,,,,,,,,,,,,,,2022.0,1999-08-31,,,2024,17
Will Levis,TEN,QB,16149,weighted,58.0,0.0,0.2,,0.7,,4.0,0.0,0.0,0.0,0.2,0.0,,,,,,,,,,,,,,,,,,,,,,,,,,,,,,,,,,,,,,,,,,,2023.0,1999-06-27,,,2024,17
Tommy DeVito,NYG,QB,16441,weighted,30.7339291217257,37.4342329960158,0.110693374422188,0.127279220613579,0.055346687211094,0.0636396103067893,5.03852080123267,7.07106781186548,0.0,0.0,0.0751926040061633,0.0353553390593274,,,,,,,,,,,,,,,,,,,,,,,,,,,,,,,,,,,,,,,,,,,2023.0,1998-08-07,,,2024,17
Tyler Huntley,MIA,QB,14789,weighted,54.0,1.0048638437045701e-14,0.3,,0.2,,4.0,0.0,0.0,0.0,0.1,0.0,,,,,,,,,,,,,,,,,,,,,,,,,,,,,,,,,,,,,,,,,,,2020.0,1998-02-03,,,2024,17
Marcus Mariota,WAS,QB,12141,weighted,16.4868895078923,24.8182822371512,0.160779944289694,0.276027446340441,0.0363416898792943,0.0527098721977032,2.42896935933148,4.52629331405561,0.0,0.0,0.0,0.0,,,,,,,,,,,,,,,,,,,,,,,,,,,,,,,,,,,,,,,,,,,2015.0,1993-10-30,Q,Personal,2024,17
Jake Browning,CIN,QB,14358,weighted,13.5093221912721,18.3196186048208,0.0696935933147632,0.106962334429792,0.0363416898792943,0.0527098721977032,0.607242339832869,1.1315733285139,0.0303621169916435,0.0565786664256952,0.0,0.0,,,,,,,,,,,,,,,,,,,,,,,,,,,,,,,,,,,,,,,,,,,2019.0,1970-01-01,,,2024,17
C.J. Beathard,JAC,QB,13125,weighted,19.7831432973806,21.6869649789914,0.0603081664098613,0.0565685424949238,0.105731895223421,0.134350288425444,1.5115562403698,2.12132034355964,0.0,0.0,0.0,0.0,,,,,,,,,,,,,,,,,,,,,,,,,,,,,,,,,,,,,,,,,,,2017.0,1993-11-16,,,2024,17
Tyrod Taylor,NYJ,QB,10413,weighted,18.4502003081664,19.3110861942046,0.211463790446841,0.268700576850888,0.055346687211094,0.0636396103067893,3.0231124807396,4.24264068711928,0.0,0.0,0.0,0.0,,,,,,,,,,,,,,,,,,,,,,,,,,,,,,,,,,,,,,,,,,,2011.0,1989-08-03,,,2024,17
Sam Howell,SEA,QB,15693,weighted,18.3757781201849,19.4171522113826,0.0652696456086287,0.0494974746830583,0.261848998459168,0.339411254969543,1.00770416024653,1.41421356237309,0.0503852080123267,0.0707106781186548,0.0,0.0,,,,,,,,,,,,,,,,,,,,,,,,,,,,,,,,,,,,,,,,,,,2022.0,2000-09-16,,,2024,17
Jameis Winston,CLE,QB,12140,weighted,16.6707241910632,17.5716035124857,0.110693374422188,0.127279220613579,0.0603081664098613,0.0565685424949238,0.503852080123267,0.707106781186547,0.0,0.0,0.0,0.0,,,,,,,,,,,,,,,,,,,,,,,,,,,,,,,,,,,,,,,,,,,2015.0,1994-01-06,Q,Shoulder,2024,17
Davis Mills,HOU,QB,15252,weighted,13.0169799691834,11.3773481092915,0.0099229583975346,0.014142135623731,0.0099229583975346,0.014142135623731,0.0,0.0,0.0,0.0,0.0,0.0,,,,,,,,,,,,,,,,,,,,,,,,,,,,,,,,,,,,,,,,,,,2021.0,1998-10-21,,,2024,17
Taylor Heinicke,LAC,QB,12476,weighted,11.1915473755965,7.95669814128163,0.0652696456086287,0.0494974746830583,0.0603081664098613,0.0565685424949238,1.33946830265849,1.52552836708153,0.0,0.0,0.0,0.0,,,,,,,,,,,,,,,,,,,,,,,,,,,,,,,,,,,,,,,,,,,,,,,2024,17
Nick Mullens,MIN,QB,13968,weighted,7.84603528319406,7.56193780956313,0.0089693593314763,0.016899383639706,0.0363416898792943,0.0527098721977032,0.0303621169916435,0.0565786664256952,0.0,0.0,0.0651810584958217,0.0282893332128476,,,,,,,,,,,,,,,,,,,,,,,,,,,,,,,,,,,,,,,,,,,2017.0,1995-03-21,,,2024,17
Andy Dalton,CAR,QB,10313,weighted,6.95762980085348,6.01141899640884,0.0393314763231198,0.0515957322123279,0.0363416898792943,0.0527098721977032,0.291073968705548,0.466673264174084,0.0,0.0,0.0,0.0,,,,,,,,,,,,,,,,,,,,,,,,,,,,,,,,,,,,,,,,,,,2011.0,1987-10-29,,,2024,17
Trey Lance,DAL,QB,15240,weighted,9.775562403698,7.44583440589434,0.0099229583975346,0.014142135623731,0.110693374422188,0.127279220613579,0.503852080123267,0.707106781186547,0.0,0.0,0.0,0.0,,,,,,,,,,,,,,,,,,,,,,,,,,,,,,,,,,,,,,,,,,,2021.0,2000-05-09,,,2024,17
Malik Willis,GB,QB,15694,weighted,8.96906009244992,7.17006276123159,0.110693374422188,0.127279220613579,0.0049614791987673,0.0070710678118654,2.01540832049307,2.82842712474619,0.0,0.0,0.0,0.0,,,,,,,,,,,,,,,,,,,,,,,,,,,,,,,,,,,,,,,,,,,2022.0,1999-05-25,,,2024,17
Mitchell Trubisky,BUF,QB,13115,weighted,7.60138674884438,4.84368145112785,0.0603081664098613,0.0565685424949238,0.0603081664098613,0.0565685424949238,-0.352696456086287,0.494974746830583,0.0,0.0,0.0,0.0,,,,,,,,,,,,,,,,,,,,,,,,,,,,,,,,,,,,,,,,,,,2017.0,1994-08-20,,,2024,17
Tyson Bagent,CHI,QB,16384,weighted,7.09257318952234,4.14364573775317,0.0099229583975346,0.014142135623731,0.0603081664098613,0.0565685424949238,-0.251926040061633,0.353553390593274,0.0503852080123267,0.0707106781186548,0.0751926040061633,0.0353553390593274,,,,,,,,,,,,,,,,,,,,,,,,,,,,,,,,,,,,,,,,,,,2023.0,2000-06-08,,,2024,17
Hendon Hooker,DET,QB,16151,weighted,7.10745762711864,4.12243253431757,0.0099229583975346,0.014142135623731,0.0099229583975346,0.014142135623731,0.0,0.0,0.0,0.0,0.0,0.0,,,,,,,,,,,,,,,,,,,,,,,,,,,,,,,,,,,,,,,,,,,2023.0,1998-01-13,,,2024,17
Easton Stick,LAC,QB,14069,weighted,8.0,0.0,0.0,,0.0,,0.0,0.0,0.0,0.0,0.1,0.0,,,,,,,,,,,,,,,,,,,,,,,,,,,,,,,,,,,,,,,,,,,2019.0,1995-09-09,,,2024,17
Carson Wentz,KC,QB,12610,weighted,4.12300835654596,1.93392180745511,0.0089693593314763,0.016899383639706,0.0029897864438254,0.0056331278799019,0.0,0.0,0.0,0.0,0.0,0.0,,,,,,,,,,,,,,,,,,,,,,,,,,,,,,,,,,,,,,,,,,,2016.0,1992-12-30,,,2024,17
Jimmy Garoppolo,LAR,QB,11760,weighted,3.53469333333333,1.70412734265958,0.0171733333333333,0.0282842712474619,0.0085866666666666,0.014142135623731,0.0,0.0,0.0,0.0,0.0,0.0,,,,,,,,,,,,,,,,,,,,,,,,,,,,,,,,,,,,,,,,,,,2014.0,1991-11-02,,,2024,17
Kyle Trask,TB,QB,15242,weighted,4.29,,0.03,,0.02,,0.0,,0.0,,0.0,,,,,,,,,,,,,,,,,,,,,,,,,,,,,,,,,,,,,,,,,,,,2021.0,1970-01-01,,,2024,17
Zach Wilson,DEN,QB,15239,weighted,4.24,,0.02,,0.02,,0.0,,0.0,,0.0,,,,,,,,,,,,,,,,,,,,,,,,,,,,,,,,,,,,,,,,,,,,2021.0,1999-08-03,,,2024,17
Skylar Thompson,MIA,QB,15699,weighted,3.58545454545455,0.834386001800126,0.0099229583975346,0.014142135623731,0.0099229583975346,0.014142135623731,0.0,0.0,0.0,0.0,0.0,0.0,,,,,,,,,,,,,,,,,,,,,,,,,,,,,,,,,,,,,,,,,,,2022.0,1997-06-04,,,2024,17
Kyle Allen,PIT,QB,13879,weighted,3.84873892297205,0.386055035431372,0.0099229583975346,0.014142135623731,0.0099229583975346,0.014142135623731,2.67893660531697,3.05105673416306,0.0,0.0,0.0,0.0,,,,,,,,,,,,,,,,,,,,,,,,,,,,,,,,,,,,,,,,,,,2018.0,1996-03-08,,,2024,17
Clayton Tune,ARI,QB,16160,weighted,4.0,,0.02,,0.02,,0.0,,0.0,,0.0,,,,,,,,,,,,,,,,,,,,,,,,,,,,,,,,,,,,,,,,,,,,2023.0,1999-03-23,,,2024,17
Josh Johnson,BAL,QB,9207,weighted,2.78391371340524,1.11722871427475,0.0603081664098613,0.0565685424949238,0.0099229583975346,0.014142135623731,0.0,0.0,0.0,0.0,0.0,0.0,,,,,,,,,,,,,,,,,,,,,,,,,,,,,,,,,,,,,,,,,,,2008.0,1986-05-15,,,2024,17
Saquon Barkley,PHI,RB,13604,weighted,,,,,,,106.499665720593,5.62213557141472,0.816352885525071,0.181973926368942,0.111097445600757,0.0144915071402495,,,,,2.24154210028382,0.316255989402037,18.4957434563229,1.26567744895867,0.0891059602649007,0.043564250793549,,,,,,,,,,,,,,,,,,,,,,,,,,,,,,,,,2018.0,1997-02-09,,,2024,17
Jonathan Taylor,IND,RB,14802,weighted,,,,,,,98.0188024282561,7.21348998429794,0.738907284768212,0.124483389839683,0.108323084200568,0.0108686303551872,,,,,1.68360454115421,0.703653493172076,13.8456204667297,3.56409389080954,0.0526348155156102,0.0457297402518394,,,,,,,,,,,,,,,,,,,,,,,,,,,,,,,,,2020.0,1999-01-19,,,2024,17
Kyren Williams,LAR,RB,15710,weighted,,,,,,,94.9118771680858,4.495649000996,0.861693472090823,0.0930674681419839,0.147069536423841,0.0342282348661456,,,,,1.73808420056764,0.487215486304126,12.4469709870703,2.48233129560452,0.0603169347209082,0.0481793354817471,,,,,,,,,,,,,,,,,,,,,,,,,,,,,,,,,2022.0,2000-08-26,,,2024,17
Derrick Henry,BAL,RB,12626,weighted,,,,,,,96.4960627562283,2.17289726049319,0.836830652790918,0.104121048289959,0.0889025543992431,0.0144915071402495,,,,,1.1143330179754,0.124355637612497,11.0271933144119,1.30273811077798,0.0541579943235572,0.0461923299070206,,,,,,,,,,,,,,,,,,,,,,,,,,,,,,,,,2016.0,1994-01-04,,,2024,17
Jahmyr Gibbs,DET,RB,16162,weighted,,,,,,,90.2149534847051,6.0457567110781,0.83252128666036,0.102056342766376,0.0972256385998108,0.0036228767850623,,,,,3.72675023651845,0.245750853598747,29.3344662567014,1.43900670550087,0.140085146641438,0.0775828985678142,,,,,,,,,,,,,,,,,,,,,,,,,,,,,,,,,2023.0,2002-03-20,,,2024,17
Josh Jacobs,GB,RB,14073,weighted,,,,,,,82.3024992116052,6.25300238588619,0.794205298013245,0.11318084451842,0.0916769157994324,0.0108686303551872,,,,,2.99840113528855,0.618118293692027,22.5802034058657,1.81339774579402,0.0813245033112583,0.0390826019466095,,,,,,,,,,,,,,,,,,,,,,,,,,,,,,,,,2019.0,1998-02-11,,,2024,17
Bucky Irving,TB,RB,16598,weighted,,,,,,,72.6660438347524,8.23253630310165,0.57352885525071,0.211536922035135,0.0778997161778619,0.0397809335295652,,,,,2.59424787133396,0.58421088686241,20.6469426048565,3.68554707464985,0.0766508987701041,0.0575919135965996,,,,,,,,,,,,,,,,,,,,,,,,,,,,,,,,,2024.0,2002-08-19,,,2024,17
Bijan Robinson,ATL,RB,16161,weighted,,,,,,,81.2948683380637,2.19405164678294,0.66964995269631,0.169680715641015,0.0834484389782403,0.0443012440767949,,,,,3.17554872280038,0.329843078465592,25.1182008830022,2.45040252613142,0.0920529801324503,0.0474786023333738,,,,,,,,,,,,,,,,,,,,,,,,,,,,,,,,,2023.0,2002-01-30,,,2024,17
Chase Brown,CIN,RB,16181,weighted,,,,,,,71.7576158940397,6.04982126148584,0.599271523178808,0.192561784611687,0.105548722800378,0.0072457535701247,,,,,3.86815042573321,0.222106530355325,26.45405944497,0.980870678616341,0.175004730368969,0.0962892560093341,,,,,,,,,,,,,,,,,,,,,,,,,,,,,,,,,2023.0,2000-03-21,,,2024,17
Devon Achane,MIA,RB,16167,weighted,,,,,,,66.7009515925576,9.04050125532352,0.523344370860927,0.238372569525919,0.0640279091769158,0.033041066172334,,,,,4.70429990539262,0.314833736957998,34.4744378744875,2.43254709056199,0.193684957426679,0.122748010487746,,,,,,,,,,,,,,,,,,,,,,,,,,,,,,,,,2023.0,2001-10-13,,,2024,17
Chuba Hubbard,CAR,RB,15261,weighted,,,,,,,71.4749187953327,5.25129822304585,0.559720908230842,0.213530577368916,0.124874645222327,0.0378399207709118,,,,,2.82113055818354,0.702248890250695,17.5536991485336,4.29991781585098,0.0658561967833491,0.0490444553269449,,,,,,,,,,,,,,,,,,,,,,,,,,,,,,,,,2021.0,1999-06-11,Q,Knee,2024,17
J.K. Dobbins,LAC,RB,14800,weighted,,,,,,,63.5426907915484,7.72751734820537,0.60883632923368,0.225123612086914,0.066802270577105,0.0337249645328413,,,,,2.21121097445601,0.205476474429453,15.2683262377799,2.16314627977346,0.058755912961211,0.0639139142621272,,,,,,,,,,,,,,,,,,,,,,,,,,,,,,,,,2020.0,1998-12-17,Q,Knee - MCL,2024,17
Zach Charbonnet,SEA,RB,16169,weighted,,,,,,,69.0449298328603,8.56869664712888,0.670227057710502,0.198764183409371,0.0889971617786187,0.0494740302645517,,,,,3.33406811731315,0.447366517488609,25.764697256386,3.90197979215767,0.0920860927152318,0.0459202018412073,,,,,,,,,,,,,,,,,,,,,,,,,,,,,,,,,2023.0,2001-01-08,,,2024,17
Aaron Jones,MIN,RB,13319,weighted,,,,,,,68.7136873226112,7.41533450161735,0.322894985808893,0.168258453035156,0.122100283822138,0.0397809335295652,,,,,3.02793282876064,0.481847150298762,22.8449550614948,3.10065923445312,0.0936092715231788,0.0479560299860307,,,,,,,,,,,,,,,,,,,,,,,,,,,,,,,,,2017.0,1994-12-02,,,2024,17
D'Andre Swift,CHI,RB,14797,weighted,,,,,,,65.3052333648691,7.90081902435985,0.310477767265847,0.156570377894556,0.0612535477767266,0.0327460126926499,,,,,2.20537369914853,0.457222080872136,15.5224708293914,2.11865734603643,0.0550946073793756,0.0454789842649792,,,,,,,,,,,,,,,,,,,,,,,,,,,,,,,,,2020.0,1999-01-14,,,2024,17
James Conner,ARI,RB,13146,weighted,,,,,,,71.3371657205929,4.65712772802946,0.51143330179754,0.321217433967432,0.0640279091769158,0.033041066172334,,,,,2.45845789971618,1.27012623139167,23.5226324503311,1.59891307825351,0.0680321665089877,0.0530824297449328,,,,,,,,,,,,,,,,,,,,,,,,,,,,,,,,,2017.0,1995-05-05,Q,Knee,2024,17
Joe Mixon,HOU,RB,13131,weighted,,,,,,,68.5617305266478,5.90156572470155,0.629560075685903,0.193845636797767,0.066802270577105,0.0337249645328413,,,,,3.32053453169347,0.388032031973692,25.8331228319142,1.89743212783268,0.0889403973509934,0.0475177558278758,,,,,,,,,,,,,,,,,,,,,,,,,,,,,,,,,2017.0,1996-07-24,,,2024,17
James Cook,BUF,RB,15715,weighted,,,,,,,67.5686479028698,2.08813095272495,0.678278145695364,0.19593623834686,0.0640279091769158,0.033041066172334,,,,,2.0714853358562,0.121207004529898,18.0527231157364,1.712808499241,0.101428571428571,0.061226815035769,,,,,,,,,,,,,,,,,,,,,,,,,,,,,,,,,2022.0,1999-09-25,,,2024,17
Rico Dowdle,DAL,RB,14823,weighted,,,,,,,64.648610059918,5.43763867541286,0.263651844843898,0.143666937001956,0.0972256385998108,0.0036228767850623,,,,,2.12990066225166,0.112683433329393,14.5864522232734,1.1017776405135,0.0752317880794702,0.0387583583900453,,,,,,,,,,,,,,,,,,,,,,,,,,,,,,,,,2020.0,1998-06-14,,,2024,17
Isaac Guerendo,SF,RB,16688,weighted,,,,,,,57.5999423631124,17.9308766282631,0.331538904899135,0.218044133467653,0.0717723342939481,0.0407273304563108,,,,,1.79133141210375,0.438588357606139,14.8098443804035,5.35715324902564,0.0565417867435158,0.0499198005440988,,,,,,,,,,,,,,,,,,,,,,,,,,,,,,,,,2024.0,2000-06-28,Q,Hamstring,2024,17
Tony Pollard,TEN,RB,14085,weighted,,,,,,,63.8570356354462,5.95573251078089,0.285666982024598,0.140214232009628,0.0861281929990539,0.0181143839253119,,,,,2.41279091769158,0.413588747881603,16.0780991800694,1.3374524504106,0.0596641438032167,0.0475610565551575,,,,,,,,,,,,,,,,,,,,,,,,,,,,,,,,,2019.0,1997-04-30,Q,Ankle,2024,17
Jerome Ford,CLE,RB,15713,weighted,,,,,,,59.4594465468307,6.36811821258756,0.2950756859035,0.15749336543853,0.066802270577105,0.0337249645328413,,,,,2.64860927152318,0.338776862963932,18.022931251971,1.91662007754605,0.0736423841059603,0.0387408629789028,,,,,,,,,,,,,,,,,,,,,,,,,,,,,,,,,2022.0,1999-09-12,,,2024,17
Brian Robinson,WAS,RB,15716,weighted,,,,,,,61.8021160517187,5.27035451713379,0.570099337748344,0.202814208879269,0.119325922421949,0.0419456340209321,,,,,1.89550614947966,0.138524722301452,14.7042573320719,1.17270289570922,0.0603169347209082,0.0481793354817471,,,,,,,,,,,,,,,,,,,,,,,,,,,,,,,,,2022.0,1999-03-22,,,2024,17
Breece Hall,NYJ,RB,15708,weighted,,,,,,,59.3451994638915,4.58350448778279,0.318429517502365,0.157683565038172,0.1,1.52209365118804e-17,,,,,3.73883632923368,0.357085058070393,29.695082781457,4.39286609456684,0.107587511825922,0.0624771319503764,,,,,,,,,,,,,,,,,,,,,,,,,,,,,,,,,2022.0,2001-05-31,,,2024,17
Tyrone Tracy,NYG,RB,16747,weighted,,,,,,,53.6470868811101,5.35456681409092,0.294943235572375,0.1579227436818,0.136896877956481,0.0328987096880197,,,,,2.95208136234626,0.609439572123207,20.6330558183538,1.9449993703069,0.0798344370860927,0.0384051673399,,,,,,,,,,,,,,,,,,,,,,,,,,,,,,,,,2024.0,1999-11-23,,,2024,17
Rhamondre Stevenson,NE,RB,15259,weighted,,,,,,,53.7283420056764,5.65445503713726,0.264176915799432,0.131370054915168,0.111002838221381,0.0494740302645517,,,,,2.15805108798486,0.316060705290584,14.0817959634185,2.33491984560679,0.0721192052980133,0.0391118165846946,,,,,,,,,,,,,,,,,,,,,,,,,,,,,,,,,2021.0,1998-02-23,,,2024,17
Alexander Mattison,LVR,RB,14223,weighted,,,,,,,49.0362574897509,8.78650603993845,0.215113528855251,0.115796929297948,0.0889025543992431,0.0144915071402495,,,,,2.28053453169347,0.27414236067194,18.7645482497635,1.29345707569408,0.0798013245033113,0.0383997922782502,,,,,,,,,,,,,,,,,,,,,,,,,,,,,,,,,2019.0,,,,2024,17
Tank Bigsby,JAC,RB,16164,weighted,,,,,,,50.8804304635762,6.08894284088551,0.298514664143803,0.170984921120496,0.111097445600757,0.0144915071402495,,,,,0.932355723746452,0.270994964265356,5.95907284768212,1.87355786960357,0.0169867549668874,0.0293836115952156,,,,,,,,,,,,,,,,,,,,,,,,,,,,,,,,,2023.0,2002-08-30,,,2024,17
Isiah Pacheco,KC,RB,15749,weighted,,,,,,,49.8864414565826,5.17426128009403,0.355904761904762,0.0454229462146171,0.039436974789916,0.0363340867779004,,,,,2.10928291316527,0.229127774287473,14.518443697479,0.91728444658468,0.0732380952380952,0.044415001145644,,,,,,,,,,,,,,,,,,,,,,,,,,,,,,,,,2022.0,1999-03-02,,,2024,17
Najee Harris,PIT,RB,15254,weighted,,,,,,,50.4873604541154,3.69588071181441,0.27957426679281,0.136646861721658,0.04629848628193,0.0338990620882605,,,,,1.98367076631977,0.565510744368859,12.3791351308735,1.68179687736861,0.0566177861873226,0.0458458954153136,,,,,,,,,,,,,,,,,,,,,,,,,,,,,,,,,2021.0,1998-03-09,,,2024,17
Kendre Miller,NO,RB,16171,weighted,,,,,,,38.8063114845938,14.9399740938521,0.248577030812325,0.0881401838299464,0.0,0.0,,,,,1.39671708683473,0.450898406544688,8.75884593837535,1.6901951580486,0.0726218487394958,0.0417438767588488,,,,,,,,,,,,,,,,,,,,,,,,,,,,,,,,,2023.0,2002-06-11,,,2024,17
Rachaad White,TB,RB,15721,weighted,,,,,,,46.1748841059603,6.4051048126216,0.248708609271523,0.117372836483814,0.127649006622517,0.0361586366973863,,,,,3.18656575212867,0.232366014973898,24.7540523494166,2.09038883955595,0.193651844843898,0.1226014638277,,,,,,,,,,,,,,,,,,,,,,,,,,,,,,,,,2022.0,1999-01-12,,,2024,17
Travis Etienne,JAC,RB,15253,weighted,,,,,,,45.4986959949543,7.59170980316405,0.244460737937559,0.138312446530782,0.066802270577105,0.0337249645328413,,,,,2.80426679280984,0.388924970375272,18.7437322611164,2.61135439842957,0.0612204351939451,0.0473463502953197,,,,,,,,,,,,,,,,,,,,,,,,,,,,,,,,,2021.0,1999-01-26,,,2024,17
Jaylen Warren,PIT,RB,15742,weighted,,,,,,,41.472784610533,4.12553160957121,0.185042573320719,0.112786824271366,0.0916769157994324,0.0108686303551872,,,,,2.72011352885525,0.386526046132521,21.0526734468622,1.20342689385359,0.0782071901608326,0.0591180630544837,,,,,,,,,,,,,,,,,,,,,,,,,,,,,,,,,2022.0,1998-11-01,,,2024,17
Kareem Hunt,KC,RB,13138,weighted,,,,,,,37.4122051403343,4.19992400538879,0.274872280037843,0.135068231498145,0.0695766319772942,0.0347747736739974,,,,,0.856854304635762,0.584117435375061,7.92439608956165,3.24691503043253,0.0403784295175024,0.0501118446225555,,,,,,,,,,,,,,,,,,,,,,,,,,,,,,,,,2017.0,1995-08-06,,,2024,17
Antonio Gibson,NE,RB,14852,weighted,,,,,,,36.548811888994,6.62548744762481,0.141570482497635,0.0877050572343464,0.0612535477767266,0.0327460126926499,,,,,1.35186849574267,0.300223923198408,11.9749700409965,1.56526464097342,0.015364238410596,0.0259845522233507,,,,,,,,,,,,,,,,,,,,,,,,,,,,,,,,,2020.0,1970-01-01,,,2024,17
Tyjae Spears,TEN,RB,16165,weighted,,,,,,,36.4898509933775,4.07520928390376,0.228509933774834,0.118447659453561,0.0138718070009461,0.0181143839253119,,,,,2.79731315042573,0.275030397061907,22.2330100914538,4.21812176226864,0.0844701986754967,0.0402373491571784,,,,,,,,,,,,,,,,,,,,,,,,,,,,,,,,,2023.0,2001-06-15,,,2024,17
Devin Singletary,NYG,RB,14080,weighted,,,,,,,31.6036210974456,6.14785440532647,0.152473982970672,0.0988907229834625,0.0359720908230842,0.033041066172334,,,,,0.851556291390729,0.49095302619487,7.11798013245033,1.41926663878371,0.0092384105960264,0.0151897302265419,,,,,,,,,,,,,,,,,,,,,,,,,,,,,,,,,2019.0,1997-09-03,,,2024,17
Tyler Allgeier,ATL,RB,15712,weighted,,,,,,,35.5185280668559,3.68767930038444,0.146343424787133,0.0792075354447782,0.0138718070009461,0.0181143839253119,,,,,0.456333964049196,0.379338406957909,4.85867943866288,1.477741725586,0.010794701986755,0.0180075485543564,,,,,,,,,,,,,,,,,,,,,,,,,,,,,,,,,2022.0,2000-04-15,,,2024,17
Javonte Williams,DEN,RB,15256,weighted,,,,,,,26.9610895616525,6.40135199278956,0.171991485335856,0.0950708614041323,0.0387464522232734,0.0327460126926499,,,,,2.91403500473037,0.51403646511804,20.3766051718701,1.06572420693624,0.0710122989593188,0.0595894074334945,,,,,,,,,,,,,,,,,,,,,,,,,,,,,,,,,2021.0,2000-04-25,,,2024,17
Ameer Abdullah,LVR,RB,12155,weighted,,,,,,,29.4571531062756,5.35133254900766,0.0951655629139073,0.0487540683358915,0.033197729422895,0.0337249645328413,,,,,2.94700094607379,0.607734000065272,19.1500804162725,2.47103460703714,0.103855250709555,0.0640537700618785,,,,,,,,,,,,,,,,,,,,,,,,,,,,,,,,,2015.0,1993-06-13,,,2024,17
Raheem Mostert,MIA,RB,12447,weighted,,,,,,,31.9493574582151,3.66781738051445,0.187970671712394,0.114660062305237,0.0711731315042573,0.0247407199734803,,,,,1.26728949858089,0.390591995936074,9.28839877010407,1.47707811947493,0.0153973509933775,0.0253162170442364,,,,,,,,,,,,,,,,,,,,,,,,,,,,,,,,,,,,,2024,17
Jaleel McLaughlin,DEN,RB,16390,weighted,,,,,,,31.0979135446686,5.12806033768912,0.124219020172911,0.111891431127432,0.0482204610951009,0.0378695090430317,,,,,1.5558386167147,0.31998952511371,8.99769452449568,1.38650586525382,0.0829798270893372,0.0731174206684275,,,,,,,,,,,,,,,,,,,,,,,,,,,,,,,,,2023.0,2000-09-13,,,2024,17
Craig Reynolds,DET,RB,14727,weighted,,,,,,,21.8785288515406,4.98546356332032,0.144011204481793,0.0844431902957335,0.0751073762838469,0.07301804099659,,,,,1.0216918767507,0.370765743311002,9.03908795518207,4.35388283686218,0.0321741517507788,0.0433155395094096,,,,,,,,,,,,,,,,,,,,,,,,,,,,,,,,,2019.0,1996-06-15,,,2024,17
Audric Estime,DEN,RB,16595,weighted,,,,,,,25.4279966386555,3.79931752529769,0.189170868347339,0.0590485215085924,0.0366120448179272,0.0366698122555556,,,,,0.402453781512605,0.327046485153211,3.05958879551821,0.78855859895334,0.0054509803921568,0.0087376440285956,,,,,,,,,,,,,,,,,,,,,,,,,,,,,,,,,2024.0,2003-09-06,,,2024,17
Rasheen Ali,BAL,RB,16746,weighted,,,,,,,17.7886059743954,9.44165528396872,0.0885490753911806,0.024324633826746,0.0029125177809388,0.0046811831419188,,,,,0.95425320056899,0.412415030553331,7.22607396870555,3.28524793664443,0.0511024182076814,0.0507537761210155,,,,,,,,,,,,,,,,,,,,,,,,,,,,,,,,,2024.0,2001-02-16,,,2024,17
Alvin Kamara,NO,RB,13132,weighted,,,,,,,20.7329162805066,7.5726344160712,0.132690085354533,0.0407344885738657,0.0,0.0,,,,,1.38005869632376,0.485097956525128,8.73055298115539,3.21500972191115,0.0256327875604984,0.0364771326637356,,,,,,,,,,,,,,,,,,,,,,,,,,,,,,,,,2017.0,1995-07-25,O,Groin,2024,17
Chris Rodriguez,WAS,RB,16174,weighted,,,,,,,18.0553725490196,5.53179677495721,0.103686274509804,0.0086845056235725,0.0375536881419234,0.036509020498295,,,,,0.115042016806723,0.0897071375413536,0.918398879551821,0.575400418652666,0.0043450980392156,0.0083973702847992,,,,,,,,,,,,,,,,,,,,,,,,,,,,,,,,,2023.0,1999-09-26,,,2024,17
Blake Corum,LAR,RB,16593,weighted,,,,,,,21.9190357931252,3.22055344703286,0.0944654683065279,0.103045094611589,0.0166461684011353,0.0217372607103743,,,,,0.408751182592242,0.33889995345897,4.32052822453485,0.979575234990115,0.010794701986755,0.0180075485543564,,,,,,,,,,,,,,,,,,,,,,,,,,,,,,,,,2024.0,2000-11-25,,,2024,17
Trey Benson,ARI,RB,16594,weighted,,,,,,,20.2518213256484,6.65848921344164,0.0868876080691643,0.0608332859720895,0.0113371757925072,0.0163217388977946,,,,,0.783452449567723,0.192347855758423,5.22417867435158,0.973889387727788,0.009400576368876,0.0140118402596703,,,,,,,,,,,,,,,,,,,,,,,,,,,,,,,,,2024.0,2002-07-23,Q,Ankle,2024,17
Cam Akers,MIN,RB,14799,weighted,,,,,,,21.0320324929972,2.8607401990869,0.123725490196078,0.0352302344288613,0.0,0.0,,,,,0.777624649859944,0.23099627023852,4.7637568627451,1.39673993009481,0.0287995951692152,0.0408555433356384,,,,,,,,,,,,,,,,,,,,,,,,,,,,,,,,,2020.0,1970-01-01,,,2024,17
Kenneth Gainwell,PHI,RB,15255,weighted,,,,,,,22.4975985493535,1.57008176109919,0.138259224219489,0.099753628861935,0.0,0.0,,,,,1.23951750236518,0.412449063413623,7.81078366445916,1.11900946150567,0.05360454115421,0.0458546835663023,,,,,,,,,,,,,,,,,,,,,,,,,,,,,,,,,2021.0,1999-03-14,,,2024,17
Kenny McIntosh,SEA,RB,16170,weighted,,,,,,,19.5579943100996,3.05329341011053,0.0976102418207681,0.0121862161027081,0.0029125177809388,0.0046811831419188,,,,,1.11590327169275,0.3873660760593,7.97157894736842,2.08609775476235,0.0161308677098151,0.0233265268888223,,,,,,,,,,,,,,,,,,,,,,,,,,,,,,,,,2023.0,2000-03-03,,,2024,17
Jamaal Williams,NO,RB,13139,weighted,,,,,,,15.5565263323873,4.88841708835738,0.0950331125827815,0.0583221865115883,0.0,0.0,,,,,0.520879848628193,0.333775903382647,3.37469962157048,0.575075939461357,0.0037409367581996,0.0077579529933355,,,,,,,,,,,,,,,,,,,,,,,,,,,,,,,,,2017.0,,,,2024,17
Ray Davis,BUF,RB,16603,weighted,,,,,,,18.9594457584358,1.65806997918191,0.109110690633869,0.06325390208623,0.0083230842005676,0.0108686303551872,,,,,0.664087038789026,0.423479965161649,6.54642778303374,2.99342327666351,0.0417644276253548,0.0767204584060815,,,,,,,,,,,,,,,,,,,,,,,,,,,,,,,,,2024.0,1999-11-20,,,2024,17
Emanuel Wilson,GB,RB,16432,weighted,,,,,,,14.4784176915799,3.78832428349885,0.0860596026490066,0.0433604405992378,0.0110974456007569,0.0144915071402495,,,,,0.31422421948912,0.25991889950821,2.90611400189215,0.676100853528086,0.0077152317880794,0.0130452114377426,,,,,,,,,,,,,,,,,,,,,,,,,,,,,,,,,2023.0,1999-05-08,,,2024,17
Kimani Vidal,LAC,RB,16757,weighted,,,,,,,19.6476817927171,1.68592785900069,0.165249299719888,0.0415074365524725,0.014124649859944,0.0201156566490712,,,,,1.09451540616246,0.573833767557528,6.82162352941176,1.09337180690356,0.0311036414565826,0.0407145406810779,,,,,,,,,,,,,,,,,,,,,,,,,,,,,,,,,2024.0,2001-08-28,,,2024,17
DOnta Foreman,CLE,RB,13134,weighted,,,,,,,16.386362346263,3.08761451042315,0.067445600756859,0.0497626403716358,0.0368968779564806,0.0328987096880197,,,,,0.57534137496058,0.229206437335713,3.10080037842952,0.496374113994053,0.0039044539670172,0.0076042958104823,,,,,,,,,,,,,,,,,,,,,,,,,,,,,,,,,2017.0,1996-04-24,,,2024,17
Pierre Strong Jr.,CLE,RB,15733,weighted,,,,,,,15.2891008645533,3.83782808121537,0.060536023054755,0.0649741505285397,0.0376753121998079,0.0370244577659858,,,,,0.995365994236311,0.167341133074727,7.46051296829971,1.43713935916039,0.0074304922367205,0.0127752037237947,,,,,,,,,,,,,,,,,,,,,,,,,,,,,,,,,2022.0,1998-12-10,,,2024,17
Patrick Taylor,SF,RB,14817,weighted,,,,,,,14.3762218487395,5.40808881009073,0.133406162464986,0.098168182463393,0.0,0.0,,,,,1.0353893557423,0.607388957657213,5.67294453781513,2.22960361240711,0.0089161957119296,0.0167915318310063,,,,,,,,,,,,,,,,,,,,,,,,,,,,,,,,,2020.0,,,,2024,17
Braelon Allen,NYJ,RB,16596,weighted,,,,,,,16.6383191422264,2.10613986036609,0.0906622516556291,0.0454617255064992,0.0695766319772942,0.0347747736739974,,,,,0.865908230842006,0.239290396201253,6.15863292336802,1.64501745926946,0.0521144749290445,0.0481211954449136,,,,,,,,,,,,,,,,,,,,,,,,,,,,,,,,,2024.0,2004-01-20,,,2024,17
Sean Tucker,TB,RB,16166,weighted,,,,,,,9.43668011527378,5.3595513734092,0.0868530259365994,0.0733992742995666,0.0085028818443804,0.012241304173346,,,,,0.242870317002882,0.215762906620633,2.72581556195965,2.33289427953498,0.0225994236311239,0.0420766661587071,,,,,,,,,,,,,,,,,,,,,,,,,,,,,,,,,2023.0,2001-10-25,,,2024,17
Ezekiel Elliott,DAL,RB,12625,weighted,,,,,,,9.88809918006938,3.71073524070217,0.0696594134342479,0.0733132336776601,0.033197729422895,0.0337249645328413,,,,,0.425245979186377,0.433332059605923,3.45744796594134,1.92098428226387,0.0061920529801324,0.011861327589592,,,,,,,,,,,,,,,,,,,,,,,,,,,,,,,,,2016.0,1995-07-22,,,2024,17
Carson Steele,KC,RB,16612,weighted,,,,,,,6.6174186128804,6.83199205916266,0.010064454220139,0.0141294269644505,0.0773295588582213,0.0846439912727739,,,,,0.263888888888889,0.0553905951789148,1.48842002830856,0.601560373864507,0.0,0.0,,,,,,,,,,,,,,,,,,,,,,,,,,,,,,,,,2024.0,2002-10-21,,,2024,17
Roschon Johnson,CHI,RB,16175,weighted,,,,,,,14.0525480920845,1.76278261192875,0.146338694418165,0.131556705637542,0.0138718070009461,0.0181143839253119,,,,,0.98112582781457,0.177690714692567,6.56573951434879,1.34301763895778,0.012317880794702,0.0202529736353892,,,,,,,,,,,,,,,,,,,,,,,,,,,,,,,,,2023.0,2001-01-31,,,2024,17
Ty Johnson,BUF,RB,14095,weighted,,,,,,,13.4613694418165,1.43218489714509,0.0464049195837275,0.0502727182172928,0.0,0.0,,,,,1.43144276253548,0.450396046385697,12.8230211289814,2.79958887596707,0.0984815515610218,0.0647436305174507,,,,,,,,,,,,,,,,,,,,,,,,,,,,,,,,,2019.0,1997-09-17,,,2024,17
MarShawn Lloyd,GB,RB,16604,weighted,,,,,,,11.8607287822878,4.91666058596915,0.103035055350554,0.0056551510964511,0.0091051660516605,0.0169654532893535,,,,,0.432776752767528,0.256109095050044,2.67491697416974,0.900294538902696,0.0091051660516605,0.0169654532893535,,,,,,,,,,,,,,,,,,,,,,,,,,,,,,,,,2024.0,2001-01-05,,Appendix,2024,17
Isaiah Davis,NYJ,RB,16752,weighted,,,,,,,10.1531315042573,3.41741554219671,0.0566177861873226,0.0458458954153136,0.0,0.0,,,,,0.704058656575213,0.436771391379547,6.21514506464838,1.67432575431378,0.0273290288170255,0.0392187521431807,,,,,,,,,,,,,,,,,,,,,,,,,,,,,,,,,2024.0,2002-02-21,,,2024,17
Raheem Blackshear,CAR,RB,15973,weighted,,,,,,,12.620386167147,2.03745149613682,0.0490778097982709,0.0455686072993717,0.0376753121998079,0.0370244577659858,,,,,0.704743515850144,0.199516666150771,4.30264553314121,0.962487922452806,0.009400576368876,0.0140118402596703,,,,,,,,,,,,,,,,,,,,,,,,,,,,,,,,,2022.0,1998-06-05,,,2024,17
Tyler Goodson,IND,RB,15730,weighted,,,,,,,7.08941678520626,5.22976773132005,0.0370981507823613,0.0434662295663085,0.0,0.0,,,,,0.513200568990043,0.275129860840413,3.77553342816501,1.72808965385716,0.0370981507823613,0.0434662295663085,,,,,,,,,,,,,,,,,,,,,,,,,,,,,,,,,2022.0,2000-11-10,,,2024,17
Trey Sermon,IND,RB,15257,weighted,,,,,,,10.1500403458213,2.94715843714431,0.0622363112391931,0.0426428178504079,0.0,0.0,,,,,0.600680115273775,0.276801171134904,3.80029971181556,1.09437958824488,0.0044127755142601,0.008481718399528,,,,,,,,,,,,,,,,,,,,,,,,,,,,,,,,,2021.0,1999-01-30,,,2024,17
Dameon Pierce,HOU,RB,15717,weighted,,,,,,,6.38639193083574,4.74337533950065,0.032,0.0408614363911599,0.0056685878962536,0.0081608694488973,,,,,0.350737752161383,0.200962957252025,2.75571181556196,0.840980786252197,0.0048509569201211,0.008495966895352,,,,,,,,,,,,,,,,,,,,,,,,,,,,,,,,,2022.0,2000-02-19,,,2024,17
Michael Carter,ARI,RB,15258,weighted,,,,,,,8.47245376955903,4.4472591639134,0.0115504978662873,0.0149302520398322,0.0,0.0,,,,,0.560284495021337,0.301673280859528,3.15914651493599,1.29792927391361,0.0092603129445234,0.0115458974492469,,,,,,,,,,,,,,,,,,,,,,,,,,,,,,,,,2021.0,1999-05-07,,,2024,17
Ty Chandler,MIN,RB,15723,weighted,,,,,,,4.32041498559078,5.27667613265343,0.0056484149855907,0.0088543123565524,0.0028342939481268,0.0040804347244486,,,,,0.226846109510086,0.157654812734656,1.79955965417867,1.25045962953051,0.0047970830594738,0.005041965922,,,,,,,,,,,,,,,,,,,,,,,,,,,,,,,,,2022.0,1998-05-12,,,2024,17
Khalil Herbert,CIN,RB,15271,weighted,,,,,,,9.20633001422475,3.42828933085527,0.0863086770981508,0.0358371186078058,0.0,0.0,,,,,0.569196301564723,0.297722277922847,4.28352773826458,2.44920591405696,0.0232005689900427,0.0299802732994971,,,,,,,,,,,,,,,,,,,,,,,,,,,,,,,,,2021.0,1970-01-01,,,2024,17
Jeremy McNichols,WAS,RB,13143,weighted,,,,,,,12.3157075630252,0.656514288755456,0.0939576855914401,0.0126701155171297,0.0,0.0,,,,,1.03008963585434,0.270240642992283,7.24510588235294,3.12793219230262,0.0141946590804809,0.025280270163891,,,,,,,,,,,,,,,,,,,,,,,,,,,,,,,,,2017.0,1995-12-26,,,2024,17
Jaylen Wright,MIA,RB,16610,weighted,,,,,,,6.81339596541787,4.17531226927268,0.0158503578735648,0.0246920847346779,0.0367305475504323,0.0371880494601157,,,,,0.306401152737752,0.114823268295017,1.73894639769452,0.333111153983802,0.0066245487618438,0.0083471552762605,,,,,,,,,,,,,,,,,,,,,,,,,,,,,,,,,2024.0,2003-04-01,,,2024,17
Keaton Mitchell,BAL,RB,16178,weighted,,,,,,,8.30953987730061,6.49535987050784,0.0235480572597137,0.0405073624867491,0.0100204498977505,0.0100308011756425,,,,,0.493179959100205,0.512801760980139,3.9308282208589,3.65749261677162,0.0167484662576687,0.0208806025026545,,,,,,,,,,,,,,,,,,,,,,,,,,,,,,,,,2023.0,2002-01-17,,,2024,17
Jeffery Wilson,MIA,RB,14017,weighted,,,,,,,5.0150144092219,4.09112906437,0.0056484149855907,0.0088543123565524,0.0376753121998079,0.0370244577659858,,,,,0.222132564841499,0.224768006430577,2.09794812680115,1.65369040945376,0.0019772680115273,0.0042979191381935,,,,,,,,,,,,,,,,,,,,,,,,,,,,,,,,,2018.0,1970-01-01,,,2024,17
Chris Brooks,GB,RB,16387,weighted,,,,,,,7.15273053221289,2.74819917039348,0.0727394957983193,0.0506611099068356,0.0,0.0,,,,,0.363198879551821,0.39946726677116,3.27312044817927,2.51672634383138,0.0108627450980392,0.0209934257119982,,,,,,,,,,,,,,,,,,,,,,,,,,,,,,,,,2023.0,2000-01-11,,,2024,17
Jordan Mims,NO,RB,16424,weighted,,,,,,,6.51742619926199,5.36118398857777,0.0425184501845019,0.0573085106588443,0.0,0.0,,,,,0.881531365313653,0.626633872258923,5.85837638376384,4.57690161539347,0.0,0.0,,,,,,,,,,,,,,,,,,,,,,,,,,,,,,,,,2023.0,1999-06-16,,,2024,17
Cordarrelle Patterson,PIT,RB,11225,weighted,,,,,,,9.66721037463977,1.19765174914714,0.0508933717579251,0.0468127935577471,0.0376753121998079,0.0370244577659858,,,0.06,0.0,0.816340057636888,0.191634754687005,5.92967723342939,1.52891198000946,0.0319300488945483,0.0419862702811939,,,,,,,,,,,,,,,,,,,,,,,,,,,,,,,,,2013.0,1991-03-17,,,2024,17
Hassan Haskins,LAC,RB,15720,weighted,,,,,,,5.89347795163585,3.39036833617023,0.0654409672830725,0.0613475430488898,0.0348079658605974,0.0435334869993597,,,,,0.36846372688478,0.258264789547087,2.58390469416785,1.00260209492864,0.0093100995732574,0.0140285774626833,,,,,,,,,,,,,,,,,,,,,,,,,,,,,,,,,2022.0,1999-11-26,,,2024,17
Jermar Jefferson,DET,RB,15262,weighted,,,,,,,6.37741875580316,2.70251827443912,0.0179387186629526,0.033798767279412,0.0,0.0,,,,,0.362785515320334,0.118295685477942,2.87766016713092,0.9808843603211,0.0089693593314763,0.016899383639706,,,,,,,,,,,,,,,,,,,,,,,,,,,,,,,,,2021.0,2000-04-15,,,2024,17
DeeJay Dallas,ARI,RB,14815,weighted,,,,,,,3.6914121037464,2.37506147723232,0.0030252641690682,0.0045654819098893,0.0,0.0,,,,,0.439031700288184,0.365493177777303,2.38310086455331,1.52495724397825,0.0022351585014409,0.0042383342850201,,,,,,,,,,,,,,,,,,,,,,,,,,,,,,,,,2020.0,1998-09-16,,,2024,17
D'Ernest Johnson,JAC,RB,14331,weighted,,,,,,,4.61641959654179,1.75543115343696,0.0073827995335074,0.0123425504470424,0.0,0.0,,,,,0.806449567723343,0.258374082232674,5.70302593659942,1.73751346595074,0.0100684383043316,0.0214225604899421,,,,,,,,,,,,,,,,,,,,,,,,,,,,,,,,,2019.0,,,,2024,17
Sione Vaki,DET,RB,16678,weighted,,,,,,,5.1252987197724,1.67016073387638,0.0072794459389039,0.009669211653373,0.0,0.0,,,,,0.445625889046942,0.167441105614386,3.91635846372688,1.45996764396822,0.0100031294452347,0.0190027964962071,,,,,,,,,,,,,,,,,,,,,,,,,,,,,,,,,2024.0,2001-07-30,,,2024,17
Samaje Perine,KC,RB,13133,weighted,,,,,,,3.70685036266162,1.75409026891413,0.0093046357615894,0.0195501071535451,0.0110974456007569,0.0144915071402495,,,,,1.12003784295175,0.646413782980064,12.361206244087,4.23367834307031,0.038755912961211,0.0447664560096023,,,,,,,,,,,,,,,,,,,,,,,,,,,,,,,,,2017.0,1995-09-16,,,2024,17
JaMycal Hasty,NE,RB,14821,weighted,,,,,,,3.53824486907289,1.66878224444904,0.0069851380042462,0.0146772435134562,0.0,0.0,,,,,0.352986553432413,0.281439318158629,2.60261146496815,1.24866142923481,0.0278135615711253,0.0467977766955894,,,,,,,,,,,,,,,,,,,,,,,,,,,,,,,,,2020.0,1970-01-01,,,2024,17
Dylan Laube,LVR,RB,16613,weighted,,,,,,,3.40077490774908,2.24653420157509,0.006070110701107,0.0113103021929023,0.0402829028290283,0.051175938727456,,,,,0.25119926199262,0.157652324935196,1.70838560885609,0.612729736227102,0.0,0.0,,,,,,,,,,,,,,,,,,,,,,,,,,,,,,,,,2024.0,1999-12-14,,,2024,17
Tyler Badie,DEN,RB,15718,weighted,,,,,,,3.43491525423729,3.65574205873445,0.0099229583975346,0.014142135623731,0.150385208012327,0.0707106781186548,,,,,0.281694915254237,0.311126983722081,0.55346687211094,0.636396103067893,0.0049614791987673,0.0070710678118654,,,,,,,,,,,,,,,,,,,,,,,,,,,,,,,,,2022.0,1999-02-07,,Back,2024,17
Mike Boone,CAR,RB,13868,weighted,,,,,,,3.47883008356546,1.88196198519866,0.0089693593314763,0.016899383639706,0.0,0.0,,,,,0.108505106778087,0.110168994850623,0.790306406685237,0.754620119877954,0.0029897864438254,0.0056331278799019,,,,,,,,,,,,,,,,,,,,,,,,,,,,,,,,,2018.0,1970-01-01,,,2024,17
Israel Abanikanda,SF,RB,16168,weighted,,,,,,,3.30526752767528,1.72972883515082,0.0,0.0,0.0,0.0,,,,,0.133385608856089,0.0622066620609627,1.07278597785978,0.361483447492646,0.0,0.0,,,,,,,,,,,,,,,,,,,,,,,,,,,,,,,,,2023.0,2002-10-05,,,2024,17
Ke'Shawn Vaughn,SF,RB,14810,weighted,,,,,,,3.17458666666667,1.60513239329346,0.0085866666666666,0.014142135623731,0.0,0.0,,,,,0.311626666666667,0.183847763108502,2.5728,1.27279220613579,0.01288,0.0212132034355964,,,,,,,,,,,,,,,,,,,,,,,,,,,,,,,,,2020.0,1970-01-01,,,2024,17
Patrick Ricard,BAL,RB,13455,weighted,,,,,,,2.9969512195122,1.4142135623731,0.0,0.0,0.0,0.0,,,,,0.0996951219512195,0.14142135623731,1.0,0.0,0.0498475609756098,0.0707106781186548,,,,,,,,,,,,,,,,,,,,,,,,,,,,,,,,,2017.0,1994-05-27,,,2024,17
Ronnie Rivers,LAR,RB,15726,weighted,,,,,,,1.99593908629442,1.81576752335782,0.0,0.0,0.0,0.0,,,,,0.261739424703892,0.21252684854891,0.726111675126903,0.238371893718948,0.0,0.0,,,,,,,,,,,,,,,,,,,,,,,,,,,,,,,,,2022.0,1999-01-31,,,2024,17
Dare Ogunbowale,HOU,RB,13148,weighted,,,,,,,2.5734409221902,0.413257301209064,0.0023276126571752,0.0042373052714913,0.0,0.0,,,,,1.07261671469741,0.375720122089428,8.07531412103746,2.53879761806981,0.0124580951481079,0.021310058618453,,,,,,,,,,,,,,,,,,,,,,,,,,,,,,,,,2017.0,1994-05-04,,,2024,17
Hunter Luepke,DAL,RB,16391,weighted,,,,,,,2.37637268847795,0.437660366124474,0.0022901849217638,0.0048649267653492,0.0,0.0,,,,,0.754167852062589,0.160623599988478,5.01920341394026,0.652421295736002,0.0045803698435277,0.0097298535306984,,,,,,,,,,,,,,,,,,,,,,,,,,,,,,,,,2023.0,2000-02-28,,,2024,17
Trayveon Williams,CIN,RB,14076,weighted,,,,,,,3.0,0.0,0.0,0.0,0.0,0.0,,,,,0.2,0.0,1.0,0.0,0.0,0.0,,,,,,,,,,,,,,,,,,,,,,,,,,,,,,,,,2019.0,1970-01-01,,,2024,17
Blake Watson,DEN,RB,16803,weighted,,,,,,,1.77138181174805,0.796065080488041,0.0080177106657101,0.0141703526865678,0.0,0.0,,,,,0.152246992215145,0.0455173244361284,0.952786624203822,0.2511184532888,0.0,0.0,,,,,,,,,,,,,,,,,,,,,,,,,,,,,,,,,2024.0,1999-10-14,,,2024,17
George Holani,SEA,RB,16608,weighted,,,,,,,2.76860215053763,0.183847763108502,0.0144931405265109,0.0077050256156879,0.0,0.0,,,,,0.179139784946237,0.113137084989848,1.18741935483871,0.997020561473032,0.0055979060554612,0.0061592722255986,,,,,,,,,,,,,,,,,,,,,,,,,,,,,,,,,2024.0,1999-12-16,,,2024,17
Eric Gray,NYG,RB,16173,weighted,,,,,,,2.13213717579251,0.405666891796635,0.0065705532570364,0.0083600640917827,0.0,0.0,,,,,0.649694524495677,0.210819838794328,3.64205763688761,0.63592177519829,0.013193083573487,0.0216658212785891,,,,,,,,,,,,,,,,,,,,,,,,,,,,,,,,,2023.0,1999-11-04,,,2024,17
Deuce Vaughn,DAL,RB,16176,weighted,,,,,,,2.17145854483926,0.337806005019509,0.0083792477439368,0.0103948502985924,0.0,0.0,,,,,0.166598984771574,0.0288381317587795,1.4700372250423,0.45994343104383,0.0,0.0,,,,,,,,,,,,,,,,,,,,,,,,,,,,,,,,,2023.0,2001-11-02,,,2024,17
Alec Ingold,MIA,RB,14420,weighted,,,,,,,1.71320056899004,1.10353057899841,0.0022901849217638,0.0048649267653492,0.0,0.0,,,,,0.32701280227596,0.213378476406638,3.10487908961593,0.88913702029131,0.0045803698435277,0.0097298535306984,,,,,,,,,,,,,,,,,,,,,,,,,,,,,,,,,2019.0,1996-07-09,,,2024,17
Michael Burton,DEN,RB,12325,weighted,,,,,,,1.86428165007112,0.562986102352472,0.025547652916074,0.0476790541726357,0.0,0.0,,,,,0.712318634423898,0.260573316124821,4.22429587482219,1.15231996119874,0.0301280227596017,0.0466588699517297,,,,,,,,,,,,,,,,,,,,,,,,,,,,,,,,,2015.0,1992-02-01,,,2024,17
Keilan Robinson,JAC,RB,16748,weighted,,,,,,,2.14,,0.0,,0.0,,,,0.06,,0.14,,1.04,,0.0,,,,,,,,,,,,,,,,,,,,,,,,,,,,,,,,,,2024.0,2000-02-16,,,2024,17
Kyle Juszczyk,SF,RB,11367,weighted,,,,,,,1.32192771084337,0.325639201771288,0.0029842446709916,0.0056295727426032,0.0,0.0,,,,,0.985949953660797,0.142623571426442,9.91063948100093,2.01156381145701,0.0545875810936052,0.0512161430135107,,,,,,,,,,,,,,,,,,,,,,,,,,,,,,,,,2013.0,1991-04-23,Q,Illness,2024,17
C.J. Ham,MIN,RB,12923,weighted,,,,,,,0.80654694167852,0.265087640332721,0.0027123731850022,0.0046752078229373,0.0,0.0,,,,,0.380398293029872,0.257991659645354,2.97832147937411,0.813648845148743,0.0068705547652916,0.0145947802960476,,,,,,,,,,,,,,,,,,,,,,,,,,,,,,,,,2016.0,1993-07-22,,,2024,17
Andrew Beck,HOU,RB,14319,weighted,,,,,,,1.04,,0.01,,0.0,,,,,,0.5,,3.8,,0.03,,,,,,,,,,,,,,,,,,,,,,,,,,,,,,,,,,2019.0,1996-05-15,,,2024,17
Avery Williams,ATL,RB,15454,weighted,,,,,,,1.0,0.0,0.0,0.0,0.0,0.0,,,,,0.1,0.0,0.0,0.0,0.0,0.0,,,,,,,,,,,,,,,,,,,,,,,,,,,,,,,,,2021.0,1998-07-15,,,2024,17
Tucker Fisk,,RB,16557,weighted,,,,,,,0.0,,0.0,,0.0,,,,,,0.47,,3.48,,0.03,,,,,,,,,,,,,,,,,,,,,,,,,,,,,,,,,,2022.0,1999-01-19,,,2024,17
Adam Prentice,NO,RB,15650,weighted,,,,,,,0.0,,0.0,,0.0,,,,,,0.0,,2.0,,0.0,,,,,,,,,,,,,,,,,,,,,,,,,,,,,,,,,,2021.0,1997-01-16,,,2024,17
Ja'Marr Chase,CIN,WR,15281,weighted,,,,,,,1.44230920845159,0.516937500888656,0.0032882923014482,0.0077933734004302,0.0612535477767266,0.0327460126926499,,,,,7.20595080416273,0.419883480933196,95.513307316304,4.2295189809269,0.853079470198675,0.144263468775459,,,,,,,,,,,,,,,,,,,,,,,,,,,,,,,,,2021.0,2000-03-01,,,2024,17
Justin Jefferson,MIN,WR,14836,weighted,,,,,,,0.209850520340587,0.28031373906756,0.0,0.0,0.0640279091769158,0.033041066172334,,,,,6.34688268684957,0.578118528994714,92.5770600756859,4.40446155981675,0.745567644276254,0.218795209765627,,,,,,,,,,,,,,,,,,,,,,,,,,,,,,,,,2020.0,1999-06-16,,,2024,17
Puka Nacua,LAR,WR,16211,weighted,,,,,,,4.37639545884579,1.32170907215054,0.0242773381294318,0.0387548318773128,0.066802270577105,0.0337249645328413,,,,,6.65652317880795,0.782147928216045,87.0902593818985,7.21230879380048,0.652776726584674,0.295336259532687,,,,,,,,,,,,,,,,,,,,,,,,,,,,,,,,,2023.0,2001-05-29,,,2024,17
Davante Adams,NYJ,WR,11675,weighted,,,,,,,0.102651844843898,0.109280439370417,0.0,0.0,0.0612535477767266,0.0327460126926499,,,,,6.28644276253548,0.682251598481884,79.7410659098076,9.51421297287173,0.714716177861873,0.245386943472156,,,,,,,,,,,,,,,,,,,,,,,,,,,,,,,,,2014.0,1992-12-24,Q,Hip,2024,17
Nico Collins,HOU,WR,15290,weighted,,,,,,,0.220886471144749,0.24357216020045,0.0,0.0,0.0640279091769158,0.033041066172334,,,,,6.08232261116367,0.526558967518812,86.1460004730369,6.05113153144436,0.422355723746452,0.206540974464251,,,,,,,,,,,,,,,,,,,,,,,,,,,,,,,,,2021.0,1999-03-19,,,2024,17
A.J. Brown,PHI,WR,14104,weighted,,,,,,,0.113782403027436,0.127192964012419,0.0,0.0,0.0889025543992431,0.0144915071402495,,,,,5.38264900662252,0.464502328582797,78.2136234626301,7.12333789566857,0.375946073793756,0.185703397997139,,,,,,,,,,,,,,,,,,,,,,,,,,,,,,,,,2019.0,1997-06-30,,,2024,17
Malik Nabers,NYG,WR,16615,weighted,,,,,,,1.1702633238726,0.82758274139894,0.0035651214128035,0.0077512667094478,0.0612535477767266,0.0327460126926499,,,,,5.85576158940397,0.725350148017241,69.7178192999054,9.46006714401082,0.265075685903501,0.14101615038596,,,,,,,,,,,,,,,,,,,,,,,,,,,,,,,,,2024.0,2003-07-28,Q,Toe,2024,17
Tee Higgins,CIN,WR,14835,weighted,,,,,,,0.155983916745506,0.148332998388376,0.0,0.0,0.0640279091769158,0.033041066172334,,,,,5.68556291390728,0.420491425187892,74.9498982970672,4.76315686043658,0.699886471144749,0.250484427765219,,,,,,,,,,,,,,,,,,,,,,,,,,,,,,,,,2020.0,1999-01-18,Q,Ankle,2024,17
Jaxon Smith-Njigba,SEA,WR,16185,weighted,,,,,,,2.00436455376853,0.701144815288706,0.003240399036112,0.0078071383215201,0.0695766319772942,0.0347747736739974,,,,,6.09965941343425,0.16081684798503,73.8112630085147,3.80844305414722,0.340894039735099,0.161053490353312,,,,,,,,,,,,,,,,,,,,,,,,,,,,,,,,,2023.0,2002-02-14,,,2024,17
Brian Thomas Jr.,JAC,WR,16618,weighted,,,,,,,1.80727530747398,0.997658215537497,0.0,0.0,0.0640279091769158,0.033041066172334,,,,,5.65718543046358,0.334760858848749,76.0968401135289,3.1458718151545,0.705061494796594,0.266135282224887,,,,,,,,,,,,,,,,,,,,,,,,,,,,,,,,,2024.0,2002-10-08,,,2024,17
Jauan Jennings,SF,WR,14860,weighted,,,,,,,1.07312582781457,1.03318354676633,0.0,0.0,0.0,0.0,,,,,4.99960737937559,0.313376268380076,66.9982718385367,7.03899895667152,0.340794701986755,0.160656673967042,,,,,,,,,,,,,,,,,,,,,,,,,,,,,,,,,2020.0,1997-07-10,,,2024,17
Amon-Ra St. Brown,DET,WR,15287,weighted,,,,,,,1.57426048565121,0.367727132587069,0.0018561916969308,0.0038775491712426,0.0889025543992431,0.0144915071402495,,,,,6.61570482497635,0.422486278482952,73.5422264269946,3.51489087328512,0.745666982024598,0.216389471999637,,,,,,,,,,,,,,,,,,,,,,,,,,,,,,,,,2021.0,1999-10-24,,,2024,17
George Pickens,PIT,WR,15762,weighted,,,,,,,0.677424787133396,0.526292731066945,0.0017752595862971,0.003844148699309,0.0612535477767266,0.0327460126926499,,,,,4.86864711447493,0.14575830003988,71.8882923368023,2.78741054662886,0.337128666035951,0.171036055990103,,,,,,,,,,,,,,,,,,,,,,,,,,,,,,,,,2022.0,2001-03-04,,,2024,17
Mike Evans,TB,WR,11671,weighted,,,,,,,0.330995269631031,0.341435479974092,0.0,0.0,0.0640279091769158,0.033041066172334,,,,,5.33043046357616,0.396656777610505,72.9447776726585,3.11959948695523,0.752175969725639,0.210657775304751,,,,,,,,,,,,,,,,,,,,,,,,,,,,,,,,,2014.0,1993-08-21,,,2024,17
DK Metcalf,SEA,WR,14102,weighted,,,,,,,0.0959735099337748,0.0987199459082752,0.0,0.0,0.0889025543992431,0.0144915071402495,,,,,4.42587038789026,0.357065545411151,68.1284413434248,5.65920553583652,0.326078524124882,0.161318228011372,,,,,,,,,,,,,,,,,,,,,,,,,,,,,,,,,2019.0,1997-12-14,,,2024,17
Tyreek Hill,MIA,WR,12801,weighted,,,,,,,1.92992746767581,0.533787616955806,0.0017891691624133,0.00387543240382,0.0110974456007569,0.0144915071402495,,,,,5.28202459791864,0.574429165902643,64.436862188584,5.81901243013131,0.380520340586566,0.198469572980133,,,,,,,,,,,,,,,,,,,,,,,,,,,,,,,,,2016.0,1994-03-01,Q,Wrist,2024,17
Terry McLaurin,WAS,WR,14109,weighted,,,,,,,0.592933617155472,0.700085510242872,0.0,0.0,0.0612535477767266,0.0327460126926499,,,,,5.31820719016083,0.351406361778758,71.7956701356039,2.63002924503867,0.555359508041627,0.338718292497796,,,,,,,,,,,,,,,,,,,,,,,,,,,,,,,,,2019.0,1995-09-15,,,2024,17
D.J. Moore,CHI,WR,13635,weighted,,,,,,,4.42105250709555,1.80725161563921,0.006385218865203,0.0156455140487039,0.0640279091769158,0.033041066172334,,,,,5.3920151371807,0.377415192327924,64.4934657836645,5.71303505644473,0.267350993377483,0.132125784975771,,,,,,,,,,,,,,,,,,,,,,,,,,,,,,,,,2018.0,1997-04-14,,,2024,17
Jordan Addison,MIN,WR,16186,weighted,,,,,,,0.731464837590665,0.393237827121249,0.0,0.0,0.0490728476821192,0.0339167636570582,,,,,4.96197729422895,0.703405346016653,64.5895947650584,6.84715486076193,0.383817407757805,0.200865295144714,,,,,,,,,,,,,,,,,,,,,,,,,,,,,,,,,2023.0,2002-01-27,,,2024,17
Jakobi Meyers,LVR,WR,14127,weighted,,,,,,,1.30263954588458,0.755965744771481,0.0180621255124566,0.038990952549254,0.0612535477767266,0.0327460126926499,,,,,5.40288079470199,0.486264574161575,62.3305865657521,5.19985355618792,0.251915799432356,0.13515567516234,,,,,,,,,,,,,,,,,,,,,,,,,,,,,,,,,2019.0,1996-11-09,,,2024,17
Drake London,ATL,WR,15751,weighted,,,,,,,0.181005676442763,0.292388872604315,0.0,0.0,0.0612535477767266,0.0327460126926499,,,,,5.58856669820246,0.504382462494409,65.1719457584358,4.62209276297481,0.333107852412488,0.164235616885174,,,,,,,,,,,,,,,,,,,,,,,,,,,,,,,,,2022.0,2001-07-24,,,2024,17
Zay Flowers,BAL,WR,16190,weighted,,,,,,,3.21455298013245,0.477249357114201,0.0053093387081293,0.0116286918436671,0.0490728476821192,0.0339167636570582,,,,,5.12576158940397,0.503959933637106,66.475431251971,3.72359016566531,0.522175969725639,0.237035995278481,,,,,,,,,,,,,,,,,,,,,,,,,,,,,,,,,2023.0,2000-09-11,,,2024,17
Ladd McConkey,LAC,WR,16627,weighted,,,,,,,0.269766319772942,0.273029195445586,0.0,0.0,0.0,0.0,,,,,5.48385052034059,0.446852631555003,68.6897216966257,2.25728066718946,0.319233680227058,0.155051372973464,,,,,,,,,,,,,,,,,,,,,,,,,,,,,,,,,2024.0,2001-11-11,,,2024,17
Deebo Samuel,SF,WR,14136,weighted,,,,,,,12.7520206559445,1.8503534888863,0.0797303689687796,0.0608298920617823,0.0612535477767266,0.0327460126926499,,,,,4.16639545884579,0.204767733918674,58.7342265846736,7.41883124367109,0.275870387890255,0.148241755508307,,,,,,,,,,,,,,,,,,,,,,,,,,,,,,,,,2019.0,1996-01-15,,,2024,17
Garrett Wilson,NYJ,WR,15753,weighted,,,,,,,0.510782403027436,0.599777784618393,0.0,0.0,0.0612535477767266,0.0327460126926499,,,,,5.51007095553453,0.495930493904482,65.7970340586566,4.6205709977063,0.250264900662252,0.118096549732987,,,,,,,,,,,,,,,,,,,,,,,,,,,,,,,,,2022.0,2000-07-22,,,2024,17
Calvin Ridley,TEN,WR,13629,weighted,,,,,,,1.36385761589404,0.802194233223504,0.0,0.0,0.0889025543992431,0.0144915071402495,,,,,4.44404446546831,0.388092902697506,63.9724306212551,4.96268947935736,0.325529801324503,0.155560840739731,,,,,,,,,,,,,,,,,,,,,,,,,,,,,,,,,2018.0,1994-12-20,,,2024,17
Courtland Sutton,DEN,WR,13630,weighted,,,,,,,0.113782403027436,0.127192964012419,0.0,0.0,0.0944512771996216,0.0072457535701247,,,,,5.37156575212867,0.399166375864589,67.6570269631031,1.51221303894627,0.394370860927152,0.191668071380475,,,,,,,,,,,,,,,,,,,,,,,,,,,,,,,,,2018.0,1995-10-10,,,2024,17
Brandin Cooks,DAL,WR,11674,weighted,,,,,,,1.14932513402712,0.956248110269504,0.0,0.0,0.0110974456007569,0.0144915071402495,,,,,3.979848628193,0.981886821560871,46.926715547146,10.1600623033374,0.23077578051088,0.156099949081229,,,,,,,,,,,,,,,,,,,,,,,,,,,,,,,,,2014.0,1993-09-25,,,2024,17
Keenan Allen,CHI,WR,11222,weighted,,,,,,,0.220886471144749,0.24357216020045,0.0,0.0,0.0640279091769158,0.033041066172334,,,,,5.34791390728477,0.353357542582001,60.0572697887102,4.66504377264461,0.324692526017029,0.169434905438923,,,,,,,,,,,,,,,,,,,,,,,,,,,,,,,,,2013.0,1992-04-27,,,2024,17
Jameson Williams,DET,WR,15756,weighted,,,,,,,4.01941895301167,1.308413908955,0.005214644306772,0.0116366491040076,0.0584791863765374,0.0328502833036386,,,,,3.74520813623463,0.21600210218743,59.5314427625355,3.39725162883651,0.316220435193945,0.154427955868855,,,,,,,,,,,,,,,,,,,,,,,,,,,,,,,,,2022.0,2001-03-26,,,2024,17
DeVonta Smith,PHI,WR,15282,weighted,,,,,,,0.135948912015137,0.115523866654811,0.0,0.0,0.0612535477767266,0.0327460126926499,,,,,5.00311731315043,0.652698079540146,60.3745214443393,4.08345069725338,0.298287606433302,0.161799018609883,,,,,,,,,,,,,,,,,,,,,,,,,,,,,,,,,2021.0,1998-11-14,,,2024,17
Xavier Worthy,KC,WR,16620,weighted,,,,,,,7.2969701986755,1.70266705377006,0.090600756859035,0.0641321530886129,0.0,0.0,,,,,3.9981977294229,0.503023930082752,49.5594772942289,8.22639306127332,0.254933774834437,0.121027779502522,,,,,,,,,,,,,,,,,,,,,,,,,,,,,,,,,2024.0,2003-04-27,,,2024,17
Xavier Worthy,KC,WR,16620,weighted,,,,,,,7.2969701986755,1.70266705377006,0.090600756859035,0.0641321530886129,0.0,0.0,,,,,3.9981977294229,0.503023930082752,49.5594772942289,8.22639306127332,0.254933774834437,0.121027779502522,,,,,,,,,,,,,,,,,,,,,,,,,,,,,,,,,2024.0,2003-04-27,,,2024,17
Khalil Shakir,BUF,WR,15761,weighted,,,,,,,0.214208136234626,0.232811683749115,0.0,0.0,0.0,0.0,,,,,5.03576631977294,0.337604186233566,59.7107671081678,3.13449824965589,0.316220435193945,0.154427955868855,,,,,,,,,,,,,,,,,,,,,,,,,,,,,,,,,2022.0,2000-02-03,,,2024,17
Josh Downs,IND,WR,16187,weighted,,,,,,,0.466260170293283,0.526866752460238,0.0,0.0,0.0640279091769158,0.033041066172334,,,,,4.46718070009461,0.477981382071146,52.9873241879533,5.60384209951945,0.265629139072848,0.126572785574955,,,,,,,,,,,,,,,,,,,,,,,,,,,,,,,,,2023.0,2001-08-12,,,2024,17
Jaylen Waddle,MIA,WR,15284,weighted,,,,,,,0.7415734870317,0.799786132382773,0.0,0.0,0.0482204610951009,0.0378695090430317,,,,,4.32792507204611,0.488161927246666,55.9762997118156,3.56427273997147,0.211233429394813,0.121444105504379,,,,,,,,,,,,,,,,,,,,,,,,,,,,,,,,,2021.0,1998-11-25,Q,Knee,2024,17
Cooper Kupp,LAR,WR,13164,weighted,,,,,,,0.481842951750237,0.552296531710762,0.0,0.0,0.0612535477767266,0.0327460126926499,,,,,5.15092715231788,0.308004639684158,57.0912488174078,2.00888437973181,0.313363292336802,0.162001441198341,,,,,,,,,,,,,,,,,,,,,,,,,,,,,,,,,2017.0,1993-06-15,,,2024,17
Marvin Harrison Jr.,ARI,WR,16614,weighted,,,,,,,0.116008514664144,0.130810725477292,0.0,0.0,0.0861281929990539,0.0181143839253119,,,,,4.19943708609272,0.472915202774612,57.1504793440555,4.4274163548021,0.325629139072848,0.158768984280993,,,,,,,,,,,,,,,,,,,,,,,,,,,,,,,,,2024.0,2002-08-11,,,2024,17
Quentin Johnston,LAC,WR,16188,weighted,,,,,,,0.398243456322927,0.359479453464229,0.0,0.0,0.0,0.0,,,,,3.56177388836329,0.456156064692025,47.235174235257,8.0617971857396,0.27185903500473,0.133394979070618,,,,,,,,,,,,,,,,,,,,,,,,,,,,,,,,,2023.0,2001-09-06,,,2024,17
Michael Pittman,IND,WR,14842,weighted,,,,,,,0.0781646168401135,0.0717826605870921,0.0,0.0,0.0861281929990539,0.0181143839253119,,,,,4.13198202459792,0.564319161681543,49.7222958057395,6.3307073561832,0.2270151371807,0.113328436816497,,,,,,,,,,,,,,,,,,,,,,,,,,,,,,,,,2020.0,1997-10-05,,,2024,17
Adam Thielen,CAR,WR,11938,weighted,,,,,,,0.158304635761589,0.200766320557127,0.0,0.0,0.066802270577105,0.0337249645328413,,,,,5.29001892147588,0.40817617294289,56.2549850204983,1.82821653696297,0.275875118259224,0.135642109745055,,,,,,,,,,,,,,,,,,,,,,,,,,,,,,,,,2014.0,1990-08-22,,,2024,17
Jayden Reed,GB,WR,16184,weighted,,,,,,,7.08218858404289,0.872551584614774,0.0387228003784295,0.0443316797528351,0.0612535477767266,0.0327460126926499,,,,,3.75207190160833,0.288019749300156,49.3099889624724,5.41779403264741,0.282757805108798,0.155004506767129,,,,,,,,,,,,,,,,,,,,,,,,,,,,,,,,,2023.0,2000-04-28,,,2024,17
Jerry Jeudy,CLE,WR,14833,weighted,,,,,,,0.232017029328288,0.261621450954584,0.0,0.0,0.04629848628193,0.0338990620882605,,,,,3.78541627246925,0.458298419959524,48.8006354462315,7.11833530463262,0.194583727530747,0.100388473682887,,,,,,,,,,,,,,,,,,,,,,,,,,,,,,,,,2020.0,1999-04-24,,,2024,17
Christian Watson,GB,WR,15789,weighted,,,,,,,1.41460343740145,0.99652497641536,0.0,0.0,0.0767218543046358,0.0191227332132604,,,,,3.30263008514664,0.473218892454936,50.3165602333649,4.30308238017062,0.265042573320719,0.140603161704532,,,,,,,,,,,,,,,,,,,,,,,,,,,,,,,,,2022.0,1999-05-12,Q,Knee,2024,17
Jalen Coker,CAR,WR,16809,weighted,,,,,,,0.277317880794702,0.361167781776878,0.0,0.0,0.0,0.0,,,,,3.54493377483444,0.476702776790218,44.700454115421,5.67290829312446,0.214895931882687,0.11315598563983,,,,,,,,,,,,,,,,,,,,,,,,,,,,,,,,,2024.0,2001-10-30,,,2024,17
Darnell Mooney,ATL,WR,14974,weighted,,,,,,,0.363608325449385,0.41786400442891,0.0,0.0,0.0,0.0,,,,,4.08076158940397,0.514027494238726,52.7005897193314,2.05546869689809,0.239399243140965,0.119627743465199,,,,,,,,,,,,,,,,,,,,,,,,,,,,,,,,,2020.0,1997-10-29,,,2024,17
DeAndre Hopkins,KC,WR,11232,weighted,,,,,,,0.3510302743614,0.343092122461902,0.0,0.0,0.0612535477767266,0.0327460126926499,,,,,3.75229422894986,0.46492392222028,42.9525748975087,5.24759950955803,0.27662724692526,0.137997393240715,,,,,,,,,,,,,,,,,,,,,,,,,,,,,,,,,2013.0,1992-06-06,,,2024,17
Marquise Brown,KC,WR,14105,weighted,,,,,,,0.533974229691877,0.409058861534091,0.0,0.0,0.0,0.0,,,,,2.88732212885154,1.30568443591616,35.568962464986,17.0339258070377,0.227456582633053,0.129561766054505,,,,,,,,,,,,,,,,,,,,,,,,,,,,,,,,,2019.0,1997-06-04,,,2024,17
Jalen McMillan,TB,WR,16628,weighted,,,,,,,1.33999211605172,0.750457071554728,0.0,0.0,0.0,0.0,,,,,4.0855912961211,0.711011712964409,46.8378327026175,2.91220061133386,0.318301797540208,0.164780619685886,,,,,,,,,,,,,,,,,,,,,,,,,,,,,,,,,2024.0,2001-12-07,,,2024,17
Chris Olave,NO,WR,15754,weighted,,,,,,,0.303452449567723,0.400851748486224,0.0,0.0,0.0028342939481268,0.0040804347244486,,,,,3.74252449567723,0.2363015674543,45.7264553314121,3.7520986955197,0.194236311239193,0.115678893938406,,,,,,,,,,,,,,,,,,,,,,,,,,,,,,,,,2022.0,2000-06-27,,Concussion,2024,17
Rome Odunze,CHI,WR,16616,weighted,,,,,,,0.335447492904447,0.341509869023282,0.0,0.0,0.0889025543992431,0.0144915071402495,,,,,3.48184484389782,0.371282041861932,46.7030991800694,3.0323527446189,0.220113528855251,0.120511686378067,,,,,,,,,,,,,,,,,,,,,,,,,,,,,,,,,2024.0,2002-06-03,,,2024,17
Wan'Dale Robinson,NYG,WR,15757,weighted,,,,,,,1.32288867865027,1.09654998347872,0.0,0.0,0.0138718070009461,0.0181143839253119,,,,,4.60309839167455,0.448454623328823,42.6256354462315,6.02472129475641,0.15337275307474,0.0822857868371526,,,,,,,,,,,,,,,,,,,,,,,,,,,,,,,,,2022.0,2001-01-05,,,2024,17
Romeo Doubs,GB,WR,15779,weighted,,,,,,,0.10042573320719,0.105741552705231,0.0,0.0,0.0612535477767266,0.0327460126926499,,,,,3.59796594134343,0.334534621722048,46.2928949858089,1.13566851981547,0.255421002838221,0.13653116811196,,,,,,,,,,,,,,,,,,,,,,,,,,,,,,,,,2022.0,2000-04-13,,,2024,17
Amari Cooper,BUF,WR,12175,weighted,,,,,,,0.0378438978240303,0.0644464718125893,0.0,0.0,0.0083230842005676,0.0108686303551872,,,,,3.02253547776727,0.749828624571868,35.6092242194891,7.45726523810498,0.223826868495743,0.112419172347725,,,,,,,,,,,,,,,,,,,,,,,,,,,,,,,,,2015.0,1994-06-18,,,2024,17
Rashod Bateman,BAL,WR,15293,weighted,,,,,,,0.109330179754021,0.119989529358103,0.0,0.0,0.0,0.0,,,,,3.04443235572375,0.11938212141192,42.7585801009145,2.61423608000354,0.288850520340587,0.155674287330949,,,,,,,,,,,,,,,,,,,,,,,,,,,,,,,,,2021.0,1999-11-29,,,2024,17
Kayshon Boutte,NE,WR,16193,weighted,,,,,,,0.475415326395459,0.486628571347514,0.0,0.0,0.0,0.0,,,,,3.13451750236518,0.151344812424701,43.0792242194891,2.04257940214594,0.164886471144749,0.0956690320278261,,,,,,,,,,,,,,,,,,,,,,,,,,,,,,,,,2023.0,2002-05-07,,,2024,17
Xavier Legette,CAR,WR,16639,weighted,,,,,,,1.12139135446686,0.209176541570929,0.0027913431210147,0.0040552392952216,0.0,0.0,,,,,2.9959446685879,0.492723613904651,35.3789187319885,6.73974871436093,0.23914939281446,0.0480631255361018,,,,,,,,,,,,,,,,,,,,,,,,,,,,,,,,,2024.0,2001-01-29,Q,Hip,2024,17
Demario Douglas,NE,WR,16342,weighted,,,,,,,2.11830573951435,0.677717378423416,0.0033754483995585,0.0077732043489494,0.0612535477767266,0.0327460126926499,,,,,3.67323557237465,0.667394097207662,37.5779091769158,3.33661022161651,0.132431409649953,0.078019970144661,,,,,,,,,,,,,,,,,,,,,,,,,,,,,,,,,2023.0,2000-12-08,,,2024,17
Tre Tucker,LVR,WR,16287,weighted,,,,,,,4.60117313150426,1.43056983864271,0.0495884578997162,0.0458187351082478,0.0,0.0,,,,,2.6214238410596,0.452541199894465,34.3483774834437,4.59851996584533,0.146343424787133,0.0792075354447782,,,,,,,,,,,,,,,,,,,,,,,,,,,,,,,,,2023.0,2001-03-08,,,2024,17
Devaughn Vele,DEN,WR,16788,weighted,,,,,,,0.0282352941176471,0.0401070134430734,0.0,0.0,0.0,0.0,,,,,2.85751260504202,0.29006434489867,32.8863932773109,4.97157356592411,0.207254901960784,0.012677546130825,,,,,,,,,,,,,,,,,,,,,,,,,,,,,,,,,2024.0,1997-12-12,,,2024,17
Keon Coleman,BUF,WR,16617,weighted,,,,,,,0.0959735099337748,0.0987199459082752,0.0,0.0,0.0640279091769158,0.033041066172334,,,,,2.67659413434248,0.365539887933204,37.9731811731315,3.0546172331689,0.183055818353832,0.11274194642062,,,,,,,,,,,,,,,,,,,,,,,,,,,,,,,,,2024.0,2003-05-17,,,2024,17
Josh Palmer,LAC,WR,15319,weighted,,,,,,,0.111556291390728,0.123585586455268,0.0,0.0,0.0490728476821192,0.0339167636570582,,,,,2.90532639545885,0.0962472141800349,37.6164806054872,2.7907046540421,0.177526017029328,0.10528569558225,,,,,,,,,,,,,,,,,,,,,,,,,,,,,,,,,2021.0,1999-09-22,,,2024,17
Marquez Valdes-Scantling,NO,WR,13793,weighted,,,,,,,1.30505203405866,0.863907015040724,0.0031257774805674,0.0078477330603521,0.0,0.0,,,,,2.22508987701041,0.453977041049823,34.0623817407758,4.84791502457516,0.180808893093661,0.101332998885301,,,,,,,,,,,,,,,,,,,,,,,,,,,,,,,,,2018.0,1994-10-10,Q,Chest,2024,17
Elijah Moore,CLE,WR,15288,weighted,,,,,,,0.365759697256386,0.359101170385013,0.0,0.0,0.0,0.0,,,,,3.23772942289499,0.655686946786494,33.3227049826553,5.59142157194634,0.125477767265847,0.0731018608740377,,,,,,,,,,,,,,,,,,,,,,,,,,,,,,,,,2021.0,2000-03-27,,,2024,17
Calvin Austin III,PIT,WR,15777,weighted,,,,,,,2.87234342478713,1.99511533463266,0.0,0.0,0.0,0.0,,,,,2.92588930936613,0.675745641868803,33.7452420372122,3.74290951968995,0.18434247871334,0.0951540818511484,,,,,,,,,,,,,,,,,,,,,,,,,,,,,,,,,2022.0,1999-03-24,,,2024,17
Ray-Ray McCloud,ATL,WR,13641,weighted,,,,,,,3.69594292021444,0.619123228807097,0.0038630600799475,0.0077778747670121,0.0368968779564806,0.0328987096880197,,,,,3.1942573320719,0.190836580703717,35.72944970041,2.15241871637578,0.149385052034059,0.0962441864372126,,,,,,,,,,,,,,,,,,,,,,,,,,,,,,,,,2018.0,1996-10-15,,,2024,17
Alec Pierce,IND,WR,15768,weighted,,,,,,,0.17828242074928,0.19919069187832,0.0,0.0,0.0,0.0,,,,,1.8298674351585,0.525050283782907,30.9190317002882,7.39174912645224,0.164334293948127,0.110373420041089,,,,,,,,,,,,,,,,,,,,,,,,,,,,,,,,,2022.0,2000-05-02,,,2024,17
Tim Patrick,DET,WR,13377,weighted,,,,,,,0.265333964049196,0.25466298860928,0.0,0.0,0.0,0.0,,,,,2.41737464522233,0.626823092014013,29.6150283822138,5.69614221918169,0.146305581835383,0.0926228493397241,,,,,,,,,,,,,,,,,,,,,,,,,,,,,,,,,2017.0,1993-11-23,,,2024,17
Nick Westbrook-Ikhine,TEN,WR,15109,weighted,,,,,,,0.294597198879552,0.283878707142,0.0,0.0,0.0,0.0,,,,,2.8215350140056,0.699733064516315,36.0829366946779,1.97425844398486,0.335075630252101,0.146356361793656,,,,,,,,,,,,,,,,,,,,,,,,,,,,,,,,,2020.0,1997-03-21,,,2024,17
Tyler Lockett,SEA,WR,12187,weighted,,,,,,,0.0692601702932829,0.0595494841454261,0.0,0.0,0.0083230842005676,0.0108686303551872,,,,,2.3667880794702,0.570852024117359,27.4289049195837,5.58835553484139,0.102913907284768,0.0565286571825414,,,,,,,,,,,,,,,,,,,,,,,,,,,,,,,,,2015.0,1992-09-28,,,2024,17
Parker Washington,JAC,WR,16192,weighted,,,,,,,0.386120151371807,0.39837261439622,0.0,0.0,0.0,0.0,,,,,3.22198202459792,0.428980519171765,34.5676490066225,3.21783518136015,0.164333017975402,0.095054680742925,,,,,,,,,,,,,,,,,,,,,,,,,,,,,,,,,2023.0,2002-03-21,,,2024,17
Xavier Hutchinson,HOU,WR,16201,weighted,,,,,,,0.540751182592242,0.378558415772712,0.0,0.0,0.0,0.0,,,,,1.66638126773888,0.855084138802711,20.7468448438978,9.58589048944212,0.0843377483443709,0.0437084286095068,,,,,,,,,,,,,,,,,,,,,,,,,,,,,,,,,2023.0,2000-06-01,,,2024,17
Olamide Zaccheaus,WAS,WR,14592,weighted,,,,,,,0.509585619678335,0.351648367027263,0.0,0.0,0.0,0.0,,,,,2.71295175023652,0.364637062140353,30.8217407757805,3.85614740629499,0.118386944181646,0.0965269710679977,,,,,,,,,,,,,,,,,,,,,,,,,,,,,,,,,2019.0,1997-07-23,,,2024,17
Michael Wilson,ARI,WR,16206,weighted,,,,,,,0.0892951750236519,0.0883613435219435,0.0,0.0,0.0,0.0,,,,,2.77713339640492,0.200470757994272,34.9815279091769,1.19119726141125,0.165827814569536,0.0784668666978899,,,,,,,,,,,,,,,,,,,,,,,,,,,,,,,,,2023.0,2000-02-23,,,2024,17
Andrei Iosivas,CIN,WR,16207,weighted,,,,,,,0.303408703878903,0.269471589143995,0.0,0.0,0.0,0.0,,,,,2.30107379375591,0.331447930179974,29.7243353831599,3.33863166671489,0.189564806054872,0.131136772260138,,,,,,,,,,,,,,,,,,,,,,,,,,,,,,,,,2023.0,1999-10-15,,,2024,17
Darius Slayton,NYG,WR,14122,weighted,,,,,,,0.920960264900662,0.350508807096816,0.0015696352673717,0.0039211987282187,0.0,0.0,,,,,2.02802270577105,0.265185209681755,28.7916343424787,4.06486442469059,0.116272469252602,0.0674469495314599,,,,,,,,,,,,,,,,,,,,,,,,,,,,,,,,,2019.0,1997-01-12,,,2024,17
Kendrick Bourne,NE,WR,13418,weighted,,,,,,,0.207811764705882,0.246806819061188,0.0,0.0,0.0,0.0,,,,,2.55177030812325,0.397922089411587,28.2587137254902,3.97932710639834,0.145820728291317,0.0453924548027743,,,,,,,,,,,,,,,,,,,,,,,,,,,,,,,,,2017.0,1995-08-04,,,2024,17
Troy Franklin,DEN,WR,16619,weighted,,,,,,,0.545704824976348,0.386802588217609,0.0,0.0,0.0,0.0,,,,,2.11683065279092,0.196489620943082,26.823995584989,4.23928485495222,0.144654683065279,0.0819002035587371,,,,,,,,,,,,,,,,,,,,,,,,,,,,,,,,,2024.0,2003-02-06,,,2024,17
KaVontae Turpin,DAL,WR,15981,weighted,,,,,,,8.77388994008199,3.47788400357057,0.043325449385052,0.0476176171487124,0.0359720908230842,0.033041066172334,,,0.11,0.0,2.32900662251656,0.48950995224411,26.7814159571113,4.83342984216106,0.12616367076632,0.0763824969455939,,,,,,,,,,,,,,,,,,,,,,,,,,,,,,,,,2022.0,1996-08-02,,,2024,17
Ricky Pearsall,SF,WR,16622,weighted,,,,,,,0.185268684957427,0.187022368954644,0.0,0.0,0.0,0.0,,,,,1.85996688741722,0.227609176766345,24.3975693787449,5.50495592439191,0.113850520340587,0.0911502387268863,,,,,,,,,,,,,,,,,,,,,,,,,,,,,,,,,2024.0,2000-09-09,,,2024,17
Robert Woods,HOU,WR,11228,weighted,,,,,,,0.444777672658467,0.347337335812371,0.0,0.0,0.0,0.0,,,,,2.23957426679281,0.451944289472598,24.3508601387575,5.3745776423997,0.0844654683065279,0.0686586299440655,,,,,,,,,,,,,,,,,,,,,,,,,,,,,,,,,2013.0,1992-04-10,,,2024,17
Marvin Mims,DEN,WR,16189,weighted,,,,,,,4.21022048364154,2.71708121271537,0.0142477483643386,0.0288876003206836,0.0,0.0,,,,,2.15556899004267,0.239566683577631,28.0787482219061,3.94467652367352,0.167382645803698,0.0468321332263882,,,,,,,,,,,,,,,,,,,,,,,,,,,,,,,,,2023.0,2002-03-19,,,2024,17
Sterling Shepard,TB,WR,12658,weighted,,,,,,,2.27405333333333,1.11015764646288,0.01288,0.0212132034355964,0.0,0.0,,,,,2.16546666666667,1.09601551083915,23.02944,11.4127034483509,0.155813333333333,0.0919238815542512,,,,,,,,,,,,,,,,,,,,,,,,,,,,,,,,,2016.0,,O,Hamstring,2024,17
Dontayvion Wicks,GB,WR,16195,weighted,,,,,,,0.207529801324503,0.222112244086657,0.0,0.0,0.0,0.0,,,,,2.31450331125828,0.385006542573318,28.7505029959004,1.84886154600303,0.195104068117313,0.0989041466247508,,,,,,,,,,,,,,,,,,,,,,,,,,,,,,,,,2023.0,2001-06-16,,,2024,17
Allen Lazard,NYJ,WR,13632,weighted,,,,,,,0.116008514664144,0.130810725477292,0.0,0.0,0.0,0.0,,,,,2.44893093661306,0.464001151615611,28.1842470829391,2.62376043591806,0.158145695364238,0.0769034852026394,,,,,,,,,,,,,,,,,,,,,,,,,,,,,,,,,2018.0,1995-12-11,,,2024,17
David Moore,CAR,WR,13348,weighted,,,,,,,0.950432828760643,0.461270408390676,0.0017825607064017,0.0038756333547239,0.0,0.0,,,,,2.29240302743614,0.376923642952683,27.8782671081678,2.43875351573381,0.162880794701987,0.0830501956286339,,,,,,,,,,,,,,,,,,,,,,,,,,,,,,,,,2017.0,1995-01-15,,,2024,17
Jalen Tolbert,DAL,WR,15788,weighted,,,,,,,0.174138126773888,0.169932291383093,0.0,0.0,0.0,0.0,,,,,2.72294701986755,0.303310404509802,29.8203437401451,1.84141562806719,0.169564806054872,0.128710833003042,,,,,,,,,,,,,,,,,,,,,,,,,,,,,,,,,2022.0,1999-02-27,Q,Finger,2024,17
Demarcus Robinson,LAR,WR,12785,weighted,,,,,,,0.183042573320719,0.183575064049423,0.0,0.0,0.0,0.0,,,,,2.08377956480605,0.487209389834749,24.1784941658783,4.41026779265949,0.189049195837275,0.123486113113212,,,,,,,,,,,,,,,,,,,,,,,,,,,,,,,,,2016.0,1994-09-21,,,2024,17
John Metchie,HOU,WR,15759,weighted,,,,,,,0.409580369843528,0.561202369745145,0.0,0.0,0.0,0.0,,,,,2.08293029871977,0.714437373608966,23.8461877667141,9.75831403702799,0.141834992887624,0.0920192081716909,,,,,,,,,,,,,,,,,,,,,,,,,,,,,,,,,2022.0,2000-07-18,,,2024,17
Tyler Boyd,TEN,WR,12650,weighted,,,,,,,0.0803907284768212,0.0750083989487337,0.0,0.0,0.0083230842005676,0.0108686303551872,,,,,2.24653736991485,0.652886581114052,23.5789191106906,6.29620544018435,0.0524976348155156,0.058437030951603,,,,,,,,,,,,,,,,,,,,,,,,,,,,,,,,,2016.0,1994-11-15,Q,Foot,2024,17
Dyami Brown,WAS,WR,15292,weighted,,,,,,,0.0,0.0,0.0,0.0,0.0,0.0,,,,,1.66807228915663,0.597436430667789,20.1368860055607,7.32242599638982,0.147317159901673,0.0614253027627544,,,,,,,,,,,,,,,,,,,,,,,,,,,,,,,,,2021.0,1999-11-01,O,Hamstring,2024,17
Tutu Atwell,LAR,WR,15301,weighted,,,,,,,0.97938789025544,0.512225261299328,0.0021456953642384,0.0037791831368609,0.0,0.0,,,,,1.69925260170293,0.398435040026237,22.4717305266478,3.18018292587294,0.069484389782403,0.0783272766573125,,,,,,,,,,,,,,,,,,,,,,,,,,,,,,,,,2021.0,1999-10-07,,,2024,17
Jalen Brooks,DAL,WR,16364,weighted,,,,,,,0.0,0.0,0.0,0.0,0.0,0.0,,,,,1.0721613832853,0.671725584354726,13.4518270893372,9.08084315668319,0.0605821325648415,0.0527371215914988,,,,,,,,,,,,,,,,,,,,,,,,,,,,,,,,,2023.0,2000-05-07,Q,Knee,2024,17
Jamison Crowder,WAS,WR,12184,weighted,,,,,,,0.28328530259366,0.406782886657157,0.0,0.0,0.0,0.0,,,,,2.10300864553314,0.518446686465205,19.9583804034582,4.12163240120026,0.135596541786744,0.105865946307748,,,,,,,,,,,,,,,,,,,,,,,,,,,,,,,,,2015.0,1993-06-17,,,2024,17
Cedrick Wilson,NO,WR,13652,weighted,,,,,,,0.142741721854305,0.163851933705687,0.0,0.0,0.0,0.0,,,,,1.32174235257017,0.3746213841394,16.9922999053926,5.61097983443404,0.105030952034118,0.0250612098153876,,,,,,,,,,,,,,,,,,,,,,,,,,,,,,,,,2018.0,,,,2024,17
Malik Washington,MIA,WR,16684,weighted,,,,,,,1.49842715231788,0.787886985377458,0.0,0.0,0.0,0.0,,,,,1.98984389782403,0.710748095659763,20.0264979501734,4.54303617927298,0.0992809839167455,0.08146239098689,,,,,,,,,,,,,,,,,,,,,,,,,,,,,,,,,2024.0,2000-10-20,,,2024,17
Adonai Mitchell,IND,WR,16626,weighted,,,,,,,0.344195048880479,0.354371834180008,0.0,0.0,0.0368968779564806,0.0328987096880197,,,,,1.5674550614948,0.376401624531151,21.1366035950804,3.36535923116161,0.0874124881740776,0.0700578670332922,,,,,,,,,,,,,,,,,,,,,,,,,,,,,,,,,2024.0,2002-10-08,,,2024,17
Velus Jones,CAR,WR,15767,weighted,,,,,,,1.98603658536585,2.80014285349873,0.0,0.0,0.0,0.0,,,,,1.04239329268293,1.209152595829,12.8842530487805,14.2623437765327,0.0529330262460233,0.0663604342257027,,,,,,,,,,,,,,,,,,,,,,,,,,,,,,,,,2022.0,1997-05-11,,,2024,17
Devin Duvernay,JAC,WR,14847,weighted,,,,,,,1.71835158501441,1.79348231494579,0.0,0.0,0.0,0.0,,,,,1.45102017291066,0.468455805877794,14.2015158501441,5.91704711232415,0.051986442697207,0.0476917818581861,,,,,,,,,,,,,,,,,,,,,,,,,,,,,,,,,2020.0,1997-09-12,,,2024,17
Josh Reynolds,JAC,WR,13168,weighted,,,,,,,-0.117634582132565,0.268032999581518,0.0,0.0,0.0,0.0,,,,,1.35771181556196,0.529971298183981,15.197757925072,5.8310466971027,0.0508126801152738,0.0506366009733792,,,,,,,,,,,,,,,,,,,,,,,,,,,,,,,,,2017.0,1995-02-16,,,2024,17
Trey Palmer,TB,WR,16199,weighted,,,,,,,0.560234708392603,0.497715023485317,0.0,0.0,0.0,0.0,,,,,1.24342105263158,0.498190042528753,14.9793741109531,5.65904016727004,0.0931294452347084,0.0145947802960476,,,,,,,,,,,,,,,,,,,,,,,,,,,,,,,,,2023.0,2001-04-02,,,2024,17
Lil'Jordan Humphrey,DEN,WR,14118,weighted,,,,,,,0.0,0.0,0.0,0.0,0.0,0.0,,,,,1.2213083573487,0.618810697911968,13.0100922190202,7.00586613756816,0.0793832853025937,0.0572533973132498,,,,,,,,,,,,,,,,,,,,,,,,,,,,,,,,,2019.0,1998-04-19,,,2024,17
Tylan Wallace,BAL,WR,15285,weighted,,,,,,,0.313477951635846,0.367061726514429,0.0,0.0,0.0,0.0,,,,,0.978150782361309,0.333480626412903,13.5000426742532,5.28207382620539,0.0871575879284858,0.02361076255347,,,,,,,,,,,,,,,,,,,,,,,,,,,,,,,,,2021.0,1999-05-13,,,2024,17
Van Jefferson,PIT,WR,14858,weighted,,,,,,,0.209755912961211,0.225671405191961,0.0,0.0,0.0,0.0,,,,,1.33740302743614,0.402322422172469,16.5431425417849,2.24100334885063,0.101461684011353,0.0612291276833247,,,,,,,,,,,,,,,,,,,,,,,,,,,,,,,,,2020.0,1970-01-01,,,2024,17
KhaDarel Hodge,ATL,WR,13963,weighted,,,,,,,0.0,0.0,0.0,0.0,0.0,0.0,,,,,0.633582317073171,0.657609306503489,11.3838109756098,12.1480945007849,0.0648932926829268,0.0494974746830583,,,,,,,,,,,,,,,,,,,,,,,,,,,,,,,,,2018.0,1994-01-03,,,2024,17
Mack Hollins,BUF,WR,13289,weighted,,,,,,,0.0,0.0,0.0,0.0,0.0,0.0,,,,,1.35757332071902,0.30787313409194,18.1067857142857,0.843194247286043,0.151083254493851,0.0984566499464585,,,,,,,,,,,,,,,,,,,,,,,,,,,,,,,,,2017.0,1993-09-16,,,2024,17
Mike Williams,PIT,WR,13154,weighted,,,,,,,0.0169893676552882,0.0241040774821637,0.0,0.0,0.0112870733072188,0.010968735860969,,,,,1.03858421936206,0.263098507927363,13.1298209289312,3.7498609107754,0.0621040850587577,0.0588502508400228,,,,,,,,,,,,,,,,,,,,,,,,,,,,,,,,,2017.0,1994-10-04,,,2024,17
Greg Dortch,ARI,WR,14108,weighted,,,,,,,1.84001729106628,0.91333721286798,0.0057402212512782,0.0129758929333045,0.0376753121998079,0.0370244577659858,,,,,1.55455331412104,0.386276609288074,15.8551527377522,3.57994602991984,0.0734524495677233,0.043301422468514,,,,,,,,,,,,,,,,,,,,,,,,,,,,,,,,,2019.0,1998-05-29,,,2024,17
Justin Watson,KC,WR,13776,weighted,,,,,,,0.0,0.0,0.0,0.0,0.0,0.0,,,,,0.982342823250297,0.378795643928187,11.3539798339265,4.97019204568791,0.0651660735468565,0.0460292309749331,,,,,,,,,,,,,,,,,,,,,,,,,,,,,,,,,2018.0,,,,2024,17
Luke McCaffrey,WAS,WR,16635,weighted,,,,,,,0.279016083254494,0.282261612352952,0.0,0.0,0.0368968779564806,0.0328987096880197,,,,,1.72926206244087,0.25963662709512,17.1291004415011,0.941449791623106,0.0766177861873226,0.0581984840750397,,,,,,,,,,,,,,,,,,,,,,,,,,,,,,,,,2024.0,2001-04-02,,,2024,17
Mike Woods,CLE,WR,15792,weighted,,,,,,,0.0778263305322129,0.0797581390634403,0.0,0.0,0.0,0.0,,,,,1.13208963585434,0.531133917093099,12.9571820728291,5.94367628119403,0.0706610644257703,0.0426438265797029,,,,,,,,,,,,,,,,,,,,,,,,,,,,,,,,,2022.0,2000-03-19,,,2024,17
Curtis Samuel,BUF,WR,13157,weighted,,,,,,,1.61391930835735,0.645032071096769,0.0113371757925072,0.0213699580842658,0.014171469740634,0.0204021736222433,,,,,0.882230547550432,0.704366179540338,10.0800634005764,6.33759716262931,0.0586801152737752,0.0658498878612608,,,,,,,,,,,,,,,,,,,,,,,,,,,,,,,,,2017.0,1996-08-11,Q,Ribs,2024,17
Ryan Flournoy,DAL,WR,16778,weighted,,,,,,,0.582147937411095,0.933346528348169,0.0,0.0,0.0386913229018492,0.042431443034162,,,,,1.24754623044097,0.45060905548178,13.8283712660028,4.70607417870351,0.0721621621621622,0.0469201839675908,,,,,,,,,,,,,,,,,,,,,,,,,,,,,,,,,2024.0,1999-10-27,,,2024,17
D.J. Chark,LAC,WR,13668,weighted,,,,,,,0.421820040899796,0.518418289924821,0.0,0.0,0.0667177914110429,0.0288901637809316,,,,,0.944775051124744,0.665295920446752,10.8803578732106,7.76981702501813,0.0503169734151329,0.070198368614927,,,,,,,,,,,,,,,,,,,,,,,,,,,,,,,,,2018.0,1996-09-23,,,2024,17
Jalen Nailor,MIN,WR,15786,weighted,,,,,,,0.335014191106906,0.373632717467371,0.0,0.0,0.0,0.0,,,,,1.21012298959319,0.16763245826391,16.2482434563229,0.980462802600303,0.0865137180700095,0.0773471812006438,,,,,,,,,,,,,,,,,,,,,,,,,,,,,,,,,2022.0,1999-03-02,,,2024,17
Ryan Miller,,WR,16958,weighted,,,,,,,0.0,0.0,0.0,0.0,0.0,0.0,,,,,0.992664809656453,0.424169139670524,11.8398885793872,5.93652890494263,0.133760445682451,0.0668738503108524,,,,,,,,,,,,,,,,,,,,,,,,,,,,,,,,,2023.0,2000-02-20,,,2024,17
Jahan Dotson,PHI,WR,15755,weighted,,,,,,,0.0959686274509804,0.109696265805027,0.0,0.0,0.0112997198879552,0.0160925253192569,,,,,1.09557983193277,0.141313812847547,13.0763282913165,2.25731828720367,0.0568795518207283,0.0534339671485515,,,,,,,,,,,,,,,,,,,,,,,,,,,,,,,,,2022.0,2000-03-22,,,2024,17
Kevin Austin,NO,WR,15765,weighted,,,,,,,0.282352941176471,0.401070134430734,0.0,0.0,0.0,0.0,,,,,1.22499719887955,0.278948458617682,12.3635697478992,3.01242682352301,0.0708571428571429,0.0452418002141803,,,,,,,,,,,,,,,,,,,,,,,,,,,,,,,,,2022.0,2000-03-30,,,2024,17
Dante Pettis,NO,WR,13634,weighted,,,,,,,0.0,0.0,0.0,0.0,0.0,0.0,,,,,0.95205199628598,0.30710995602499,11.4080037140204,4.09085097195566,0.0576787372330548,0.0510820202945905,,,,,,,,,,,,,,,,,,,,,,,,,,,,,,,,,2018.0,1995-10-23,,,2024,17
Zay Jones,ARI,WR,13176,weighted,,,,,,,0.0134560327198364,0.0231470642781424,0.0,0.0,0.0044614860259032,0.0051079633363127,,,,,0.778496932515337,0.973620694397693,6.68817995910021,7.22077760855079,0.0100204498977505,0.0100308011756425,,,,,,,,,,,,,,,,,,,,,,,,,,,,,,,,,2017.0,1995-03-30,,,2024,17
Jalin Hyatt,NYG,WR,16183,weighted,,,,,,,0.0443172119487909,0.0550041258340294,0.0,0.0,0.0,0.0,,,,,0.909992887624467,0.230557680539885,10.8557681365576,2.82213488397646,0.0605120910384068,0.0424910080866583,,,,,,,,,,,,,,,,,,,,,,,,,,,,,,,,,2023.0,2001-09-25,,,2024,17
Derius Davis,LAC,WR,16299,weighted,,,,,,,3.24105475504323,0.474688691137452,0.0044267544201261,0.0084802994357843,0.0,0.0,,,0.06,0.0,0.910028818443804,0.146358186080711,8.8720288184438,3.35189184940537,0.051014409221902,0.0483571033825011,,,,,,,,,,,,,,,,,,,,,,,,,,,,,,,,,2023.0,2000-09-11,,,2024,17
Terrace Marshall,LVR,WR,15308,weighted,,,,,,,0.450234708392603,0.444014835477583,0.0,0.0,0.0,0.0,,,,,1.06408250355619,0.255648913367221,12.3411593172119,1.70686024863088,0.0607208648268363,0.0464779202002346,,,,,,,,,,,,,,,,,,,,,,,,,,,,,,,,,2021.0,2000-06-09,,,2024,17
Ja'Lynn Polk,NE,WR,16631,weighted,,,,,,,0.132000765110941,0.124718843248838,0.0,0.0,0.0,0.0,,,,,0.541530221882173,0.548151393376546,6.57892884468248,4.92762323827384,0.022601377199694,0.0387274351072115,,,,,,,,,,,,,,,,,,,,,,,,,,,,,,,,,2024.0,2002-04-11,,,2024,17
Jamari Thrash,CLE,WR,16624,weighted,,,,,,,0.0889402560455192,0.114369886860301,0.0,0.0,0.0,0.0,,,,,0.837916073968705,0.347062050836085,8.97633712660028,3.87160291616253,0.0535419630156472,0.0429499340285618,,,,,,,,,,,,,,,,,,,,,,,,,,,,,,,,,2024.0,2000-12-19,,,2024,17
Bo Melton,GB,WR,15785,weighted,,,,,,,1.67382413087935,2.08009295332636,0.0,0.0,0.0,0.0,,,,,0.36398773006135,0.553909701886409,5.4079345603272,6.60290908718701,0.0032924335378323,0.0057556646814168,,,,,,,,,,,,,,,,,,,,,,,,,,,,,,,,,2022.0,1999-05-18,,,2024,17
K.J. Osborn,WAS,WR,14977,weighted,,,,,,,0.0914101203113942,0.0674430208805559,0.0,0.0,0.0,0.0,,,,,0.770460014154282,0.305606969910373,9.08342533616419,3.86640886565467,0.0720594479830149,0.0468906164463987,,,,,,,,,,,,,,,,,,,,,,,,,,,,,,,,,2020.0,1997-06-10,,,2024,17
JuJu Smith-Schuster,KC,WR,13156,weighted,,,,,,,-0.0088849347568208,0.0596146025278913,0.0,0.0,0.0,0.0,,,,,0.712360616844603,0.41126413806918,8.14882087781732,2.10527655715497,0.0426037959667853,0.044152697111147,,,,,,,,,,,,,,,,,,,,,,,,,,,,,,,,,2017.0,1996-11-22,,,2024,17
Bryce Oliver,,WR,16975,weighted,,,,,,,0.0,0.0,0.0,0.0,0.0,0.0,,,,,0.596032719836401,0.454891121691925,7.15150306748466,5.23592192375904,0.0123516485487748,0.0136562762415689,,,,,,,,,,,,,,,,,,,,,,,,,,,,,,,,,2024.0,2000-05-19,Q,Knee,2024,17
Jake Bobo,SEA,WR,16393,weighted,,,,,,,0.0629303749043611,0.0850812837275598,0.0,0.0,0.0,0.0,,,,,0.851537872991584,0.226119228935527,8.75079571537873,1.89236463756216,0.0325095638867636,0.0428375651465456,,,,,,,,,,,,,,,,,,,,,,,,,,,,,,,,,2023.0,1998-08-04,,,2024,17
River Cracraft,MIA,WR,13862,weighted,,,,,,,0.0,0.0,0.0,0.0,0.0,0.0,,,,,0.725143149284254,0.292296547924982,7.39211656441718,3.59111782598291,0.022003572987753,0.0327761341208591,,,,,,,,,,,,,,,,,,,,,,,,,,,,,,,,,2017.0,,,,2024,17
Johnny Wilson,PHI,WR,16625,weighted,,,,,,,0.103835118592196,0.146304539167021,0.0,0.0,0.0625095638867636,0.0250066922886914,,,,,0.573267023718439,0.427977145490517,6.76393267023718,3.12574977562192,0.0799234889058914,0.0849559839289819,,,,,,,,,,,,,,,,,,,,,,,,,,,,,,,,,2024.0,2001-04-03,,,2024,17
Jonathan Mingo,DAL,WR,16197,weighted,,,,,,,1.00229533282326,1.37819945033634,0.0,0.0,0.0,0.0,,,,,0.671560826319816,0.260040038341367,6.80663351185922,2.54203991998401,0.017513389441469,0.0236964693251593,,,,,,,,,,,,,,,,,,,,,,,,,,,,,,,,,2023.0,2001-04-20,,,2024,17
Malik Heath,GB,WR,16413,weighted,,,,,,,0.0,0.0,0.0,0.0,0.0,0.0,,,,,0.631373551465576,0.614925049502997,5.01601908657123,4.57096295328388,0.0834425634102766,0.102241986934524,,,,,,,,,,,,,,,,,,,,,,,,,,,,,,,,,2023.0,2000-03-03,,,2024,17
Xavier Gipson,NYJ,WR,16416,weighted,,,,,,,0.583292433537832,0.517222570675955,0.0,0.0,0.0,0.0,,,0.06,0.0,0.745613496932515,0.22429309305178,7.98557259713701,2.395889544355,0.0633537832310838,0.0322001780365185,,,,,,,,,,,,,,,,,,,,,,,,,,,,,,,,,2023.0,2001-03-08,,,2024,17
Rakim Jarrett,TB,WR,16198,weighted,,,,,,,0.475644171779141,0.501198138511752,0.0,0.0,0.0,0.0,,,,,0.507229038854806,0.0801815578943782,7.23310838445808,1.82235556721826,0.0266257668711656,0.0231121310247453,,,,,,,,,,,,,,,,,,,,,,,,,,,,,,,,,2023.0,2001-01-24,,,2024,17
Mason Tipton,NO,WR,16858,weighted,,,,,,,0.0,0.0,0.0,0.0,0.0,0.0,,,,,0.763560067681895,0.384553941497293,6.43034856175973,2.23542153479554,0.01831276062615,0.0202171406924563,,,,,,,,,,,,,,,,,,,,,,,,,,,,,,,,,2024.0,2000-09-27,,,2024,17
Mason Kinsey,TEN,WR,15535,weighted,,,,,,,0.0,0.0,0.0,0.0,0.0,0.0,,,,,0.477842835130971,0.395979797464467,5.91238828967643,4.15071680556503,0.0198459167950693,0.0282842712474619,,,,,,,,,,,,,,,,,,,,,,,,,,,,,,,,,2020.0,1998-08-29,,,2024,17
Devontez Walker,BAL,WR,16621,weighted,,,,,,,0.0600681650700074,0.0789790915206737,0.0,0.0,0.0,0.0,,,,,0.935578481945468,0.798481068958881,6.19962232866618,2.86144434271963,0.0808106116433309,0.023092871910557,,,,,,,,,,,,,,,,,,,,,,,,,,,,,,,,,2024.0,2001-06-19,,,2024,17
James Proche,CLE,WR,14848,weighted,,,,,,,0.0,0.0,0.0,0.0,0.0,0.0,,,,,0.584516129032258,0.5939696961967,4.9036559139785,4.42648845022779,0.0049462365591397,0.0070710678118654,,,,,,,,,,,,,,,,,,,,,,,,,,,,,,,,,2020.0,1970-01-01,,,2024,17
Jermaine Burton,CIN,WR,16632,weighted,,,,,,,0.0605990338164251,0.054403123416345,0.0,0.0,0.0,0.0,,,,,0.632425120772947,0.343156120015268,6.28304025764895,1.43162001749415,0.0493333333333333,0.0511012064218985,,,,,,,,,,,,,,,,,,,,,,,,,,,,,,,,,2024.0,2001-06-28,,,2024,17
Javon Baker,NE,WR,16637,weighted,,,,,,,0.0808602150537635,0.113137084989848,0.0,0.0,0.0,0.0,,,,,0.453118279569892,0.247487373415292,5.45817204301075,2.87085353161738,0.0298924731182796,0.014142135623731,,,,,,,,,,,,,,,,,,,,,,,,,,,,,,,,,2024.0,2002-02-18,,,2024,17
Trent Sherfield,MIN,WR,13893,weighted,,,,,,,0.0409047436878347,0.0616100521361663,0.0,0.0,0.0,0.0,,,,,0.308010711553175,0.319858409532055,3.67315225707728,3.03311397708443,0.0350344299923489,0.0451032358839675,,,,,,,,,,,,,,,,,,,,,,,,,,,,,,,,,2018.0,1996-02-26,,,2024,17
Tyler Johnson,LAR,WR,14864,weighted,,,,,,,0.0,0.0,0.0,0.0,0.0,0.0,,,,,0.488460236886633,0.185664454602178,5.03824703891709,1.70478016961083,0.0136941285518785,0.0151734725350809,,,,,,,,,,,,,,,,,,,,,,,,,,,,,,,,,2020.0,1970-01-01,,,2024,17
Allen Robinson,DET,WR,11678,weighted,,,,,,,0.0446489434219496,0.0508509455693844,0.0,0.0,0.0,0.0,,,,,0.420347648261759,0.156264537802115,4.7766530334015,1.95257784993589,0.0138353499204726,0.0150737284509588,,,,,,,,,,,,,,,,,,,,,,,,,,,,,,,,,2014.0,1993-08-24,,,2024,17
Brandon Powell,MIN,WR,13910,weighted,,,,,,,0.342970543228768,0.486150129809523,0.0,0.0,0.0,0.0,,,,,0.335799540933435,0.327004315573761,3.85251721499617,3.25418677518511,0.0125325172149962,0.0189853941855639,,,,,,,,,,,,,,,,,,,,,,,,,,,,,,,,,2018.0,1970-01-01,,,2024,17
Zach Pascal,ARI,WR,13488,weighted,,,,,,,0.0786629686304514,0.108576916924817,0.0,0.0,0.0,0.0,,,,,0.329290359602142,0.181454277356614,3.31377199693956,2.5605867559944,0.0211213394386747,0.0267064506273254,,,,,,,,,,,,,,,,,,,,,,,,,,,,,,,,,2017.0,1994-12-18,,,2024,17
Ainias Smith,PHI,WR,16686,weighted,,,,,,,0.146559139784946,0.205060966544099,0.0,0.0,0.0,0.0,,,,,0.30752688172043,0.332340187157677,3.84301075268817,4.3416356364854,0.0252688172043011,0.0353553390593274,,,,,,,,,,,,,,,,,,,,,,,,,,,,,,,,,2024.0,2001-05-31,,,2024,17
Chris Conley,SF,WR,12257,weighted,,,,,,,0.122470389170897,0.125037577713253,0.0,0.0,0.0,0.0,,,,,0.367005076142132,0.175531455766132,4.74575972927242,1.93154830423371,0.0243569475663794,0.0315822134333336,,,,,,,,,,,,,,,,,,,,,,,,,,,,,,,,,2015.0,1992-10-25,,,2024,17
Deven Thompkins,CAR,WR,15977,weighted,,,,,,,0.812044989775051,0.727947570190846,0.0,0.0,0.0,0.0,,,,,0.354406952965235,0.145378013173377,3.07841513292434,2.08987199632598,0.0167484662576687,0.0208806025026545,,,,,,,,,,,,,,,,,,,,,,,,,,,,,,,,,2022.0,1999-12-23,,,2024,17
Kameron Johnson,TB,WR,16883,weighted,,,,,,,0.0,0.0,0.0,0.0,0.0,0.0,,,,,0.6,0.0,6.0,0.0,0.0,0.0,,,,,,,,,,,,,,,,,,,,,,,,,,,,,,,,,2024.0,2002-03-17,,Ankle,2024,17
Dan Chisena,CAR,WR,15057,weighted,,,,,,,0.0,0.0,0.0,0.0,0.0,0.0,,,,,0.339677419354839,0.0424264068711929,3.25849462365591,0.855599205235723,0.0133661193076047,0.0092819184713893,,,,,,,,,,,,,,,,,,,,,,,,,,,,,,,,,2020.0,1970-01-01,,,2024,17
Malachi Corley,NYJ,WR,16636,weighted,,,,,,,0.658963414634146,0.480832611206852,0.0,0.0,0.0749237804878049,0.0353553390593274,,,,,0.440121951219512,0.0565685424949238,3.55974085365854,2.19910208949016,0.0200609756097561,0.0282842712474619,,,,,,,,,,,,,,,,,,,,,,,,,,,,,,,,,2024.0,2002-03-21,,,2024,17
Tyler Scott,CHI,WR,16205,weighted,,,,,,,0.503852080123267,0.707106781186547,0.0,0.0,0.0,0.0,,,,,0.336271186440678,0.233345237791561,3.45201848998459,2.20617315730203,0.0049614791987673,0.0070710678118654,,,,,,,,,,,,,,,,,,,,,,,,,,,,,,,,,2023.0,2001-10-12,,,2024,17
Jordan Whittington,LAR,WR,16633,weighted,,,,,,,0.0,0.0,0.0,0.0,0.0,0.0,,,,,0.21,0.29698484809835,3.43,2.02232539419353,0.02,0.0282842712474619,,,,,,,,,,,,,,,,,,,,,,,,,,,,,,,,,2024.0,2000-10-01,,,2024,17
Ashton Dulin,IND,WR,14315,weighted,,,,,,,1.04508798775823,1.37527941869004,0.0,0.0,0.0,0.0,,,,,0.135126243305279,0.184649653481159,2.38087987758225,1.42542812742736,0.0125325172149962,0.0189853941855639,,,,,,,,,,,,,,,,,,,,,,,,,,,,,,,,,2019.0,1997-05-15,,,2024,17
Jacob Cowing,SF,WR,16640,weighted,,,,,,,0.0629303749043611,0.0850812837275598,0.0,0.0,0.0,0.0,,,,,0.130260137719969,0.141150628433298,2.31034429992349,1.44512148358762,0.0100153022188217,0.0141837230817216,,,,,,,,,,,,,,,,,,,,,,,,,,,,,,,,,2024.0,2001-02-04,,,2024,17
Anthony Gould,IND,WR,16732,weighted,,,,,,,0.0,,0.0,,0.0,,,,,,0.29,,3.98,,0.02,,,,,,,,,,,,,,,,,,,,,,,,,,,,,,,,,,2024.0,2001-04-06,,,2024,17
Scott Miller,PIT,WR,14280,weighted,,,,,,,0.0786629686304514,0.108576916924817,0.0,0.0,0.0,0.0,,,,,0.167383320581484,0.121889499023232,2.72765876052028,0.814172001292268,0.0035612800483977,0.0047244654938432,,,,,,,,,,,,,,,,,,,,,,,,,,,,,,,,,2019.0,1970-01-01,,,2024,17
Charlie Jones,CIN,WR,16203,weighted,,,,,,,0.1,1.6996784480707e-17,0.0,0.0,0.0,0.0,,,,,0.264372250423012,0.038623454297656,3.03340101522843,0.351540715810897,0.0084484920871902,0.0103625914516703,,,,,,,,,,,,,,,,,,,,,,,,,,,,,,,,,2023.0,1998-10-29,Q,Groin,2024,17
Alex Erickson,NE,WR,12913,weighted,,,,,,,0.18,,0.0,,0.0,,,,,,0.25,,3.17,,0.03,,,,,,,,,,,,,,,,,,,,,,,,,,,,,,,,,,2016.0,1992-11-06,,,2024,17
Collin Johnson,CHI,WR,14853,weighted,,,,,,,0.503852080123267,0.707106781186547,0.0,0.0,0.0,0.0,,,,,0.285885978428351,0.162634559672906,2.49392912172573,0.721248916810278,0.0049614791987673,0.0070710678118654,,,,,,,,,,,,,,,,,,,,,,,,,,,,,,,,,2020.0,1970-01-01,,,2024,17
Britain Covey,PHI,WR,15772,weighted,,,,,,,0.0,0.0,0.0,0.0,0.0,0.0,,,,,0.395808936825886,0.148492424049175,2.76681047765794,0.332340187157677,0.0099229583975346,0.014142135623731,,,,,,,,,,,,,,,,,,,,,,,,,,,,,,,,,2022.0,1997-03-18,O,Neck,2024,17
Jha'Quan Jackson,TEN,WR,16758,weighted,,,,,,,0.0,0.0,0.0,0.0,0.0,0.0,,,,,0.22,0.0565685424949238,2.3125,0.477297077300919,0.0,0.0,,,,,,,,,,,,,,,,,,,,,,,,,,,,,,,,,2024.0,2000-05-15,,,2024,17
Tim Jones,JAC,WR,16005,weighted,,,,,,,0.0501524390243903,0.0707106781186548,0.0,0.0,0.0,0.0,,,,,0.254862804878049,0.0636396103067893,2.23571646341463,0.332340187157677,0.0150457317073171,0.0212132034355964,,,,,,,,,,,,,,,,,,,,,,,,,,,,,,,,,2021.0,1998-05-15,,,2024,17
Colton Dowell,TEN,WR,16354,weighted,,,,,,,0.0,,0.0,,0.0,,,,,,0.19,,2.21,,0.01,,,,,,,,,,,,,,,,,,,,,,,,,,,,,,,,,,2023.0,1999-04-19,,Knee - ACL,2024,17
Chris Blair,ATL,WR,16499,weighted,,,,,,,0.0,,0.0,,0.0,,,,,,0.19,,2.15,,0.01,,,,,,,,,,,,,,,,,,,,,,,,,,,,,,,,,,2021.0,1997-10-06,,,2024,17
Ihmir Smith-Marsette,NYG,WR,15434,weighted,,,,,,,1.52355182926829,0.67175144212722,0.0,0.0,0.0,0.0,,,,,0.24984756097561,0.0707106781186547,1.64893292682927,0.494974746830583,0.0,0.0,,,,,,,,,,,,,,,,,,,,,,,,,,,,,,,,,2021.0,1999-08-29,,,2024,17
George Kittle,SF,TE,13299,weighted,,,,,,,0.105316934720908,0.16666267072025,0.0,0.0,0.0640279091769158,0.033041066172334,,,,,4.94889782403027,0.361726852987536,68.1100953957742,3.11657123645051,0.350132450331126,0.166462346015972,,,,,,,,,,,,,,,,,,,,,,,,,,,,,,,,,2017.0,1993-10-09,,,2024,17
Brock Bowers,LVR,TE,16641,weighted,,,,,,,0.756300851466414,0.441556347787191,0.0023013245033112,0.0037804951642564,0.066802270577105,0.0337249645328413,,,,,6.36885525070956,0.39831092033004,65.7609176915799,1.08029094678193,0.276556291390729,0.138016932174424,,,,,,,,,,,,,,,,,,,,,,,,,,,,,,,,,2024.0,2002-12-13,,,2024,17
Trey McBride,ARI,TE,15794,weighted,,,,,,,0.0,0.0,0.0232497634815516,0.0380066234141964,0.0640279091769158,0.033041066172334,,,,,6.38669347209082,0.594509268970553,63.232330495112,3.35172490248224,0.234858088930937,0.143951829854591,,,,,,,,,,,,,,,,,,,,,,,,,,,,,,,,,2022.0,1999-11-22,,,2024,17
Travis Kelce,KC,TE,11244,weighted,,,,,,,0.0765941343424787,0.121209215069273,0.0,0.0,0.0889025543992431,0.0144915071402495,,,,,5.37124408703879,0.594158582056141,50.2878390097761,4.72497499573458,0.253174077578051,0.13091398548359,,,,,,,,,,,,,,,,,,,,,,,,,,,,,,,,,2013.0,1989-10-05,,,2024,17
Jonnu Smith,MIA,TE,13193,weighted,,,,,,,0.0,0.0,0.0,0.0,0.0,0.0,,,,,5.16622516556291,0.463339114692138,51.7159776095869,2.91153641188212,0.321026490066225,0.15845697332232,,,,,,,,,,,,,,,,,,,,,,,,,,,,,,,,,2017.0,1995-08-22,,,2024,17
Sam LaPorta,DET,TE,16214,weighted,,,,,,,0.0318196152633239,0.0360337610965521,0.0,0.0,0.0518472090823084,0.0343190584933973,,,,,4.37183538315989,0.425133119172418,46.8197808262378,3.70812152007961,0.299687795648061,0.148468718997846,,,,,,,,,,,,,,,,,,,,,,,,,,,,,,,,,2023.0,2001-01-12,,,2024,17
Dalton Kincaid,BUF,TE,16213,weighted,,,,,,,0.0,0.0,0.0,0.0,0.0490728476821192,0.0339167636570582,,,,,4.08504257332072,0.148646931638531,43.0714096499527,3.04761599335599,0.213036896877956,0.125970931702881,,,,,,,,,,,,,,,,,,,,,,,,,,,,,,,,,2023.0,1999-10-18,,,2024,17
T.J. Hockenson,MIN,TE,14138,weighted,,,,,,,0.0,0.0,0.0,0.0,0.0640279091769158,0.033041066172334,,,,,4.43856196783349,0.330827724287545,46.5945632292652,1.49308900305148,0.199635761589404,0.105932962935408,,,,,,,,,,,,,,,,,,,,,,,,,,,,,,,,,2019.0,1997-07-03,,,2024,17
Chigoziem Okonkwo,TEN,TE,15889,weighted,,,,,,,0.0670198675496689,0.106058063185614,0.0,0.0,0.0695766319772942,0.0347747736739974,,,,,4.2388789025544,0.588135078166645,42.7521460107222,5.07997402386126,0.196792809839167,0.102640101331171,,,,,,,,,,,,,,,,,,,,,,,,,,,,,,,,,2022.0,1999-09-08,,,2024,17
Mark Andrews,BAL,TE,13671,weighted,,,,,,,0.358789025543992,0.571535731916492,0.0023013245033112,0.0037804951642564,0.066802270577105,0.0337249645328413,,,,,3.41771996215705,0.386122487945871,41.729752444024,3.66063349397797,0.373358561967834,0.215200282157281,,,,,,,,,,,,,,,,,,,,,,,,,,,,,,,,,2018.0,1995-09-06,,,2024,17
Dalton Schultz,HOU,TE,13772,weighted,,,,,,,0.0,0.0,0.0,0.0,0.0490728476821192,0.0339167636570582,,,,,3.95913907284768,0.166323279545367,42.725711132135,2.60790373509163,0.192086092715232,0.0998576977563534,,,,,,,,,,,,,,,,,,,,,,,,,,,,,,,,,2018.0,1996-07-11,,,2024,17
Jake Ferguson,DAL,TE,15799,weighted,,,,,,,0.0,0.0,0.0,0.0,0.0916769157994324,0.0108686303551872,,,,,4.24770577105014,0.287006469777508,40.7492628508357,3.38874578231959,0.167478713339641,0.102056342766376,,,,,,,,,,,,,,,,,,,,,,,,,,,,,,,,,2022.0,1999-01-18,,,2024,17
Zach Ertz,WAS,TE,11247,weighted,,,,,,,0.0,0.0,0.0,0.0,0.0,0.0,,,,,3.64647114474929,0.539309743231131,36.0452633238726,4.45114617924218,0.222346263008515,0.112815871753571,,,,,,,,,,,,,,,,,,,,,,,,,,,,,,,,,2013.0,1990-11-10,,,2024,17
Hunter Henry,NE,TE,12676,weighted,,,,,,,0.0,0.0,0.0,0.0,0.0,0.0,,,,,4.06160359508042,0.0782099559317128,41.417527593819,0.607708720181718,0.206073793755913,0.104936113512283,,,,,,,,,,,,,,,,,,,,,,,,,,,,,,,,,2016.0,1994-12-07,,,2024,17
Jordan Akins,CLE,TE,13753,weighted,,,,,,,0.0,0.0,0.0,0.0,0.0,0.0,,,,,3.42521008403361,0.911933838096147,30.2816448179272,5.82888362673799,0.218521008403361,0.101490169534882,,,,,,,,,,,,,,,,,,,,,,,,,,,,,,,,,2018.0,1992-04-19,,,2024,17
Brenton Strange,JAC,TE,16269,weighted,,,,,,,0.0,0.0,0.0,0.0,0.0375536881419234,0.036509020498295,,,,,3.71463865546218,0.826718356403898,32.6402196078431,6.13404106394128,0.181915966386555,0.059447416182506,,,,,,,,,,,,,,,,,,,,,,,,,,,,,,,,,2023.0,2000-12-27,,,2024,17
Noah Fant,SEA,TE,14137,weighted,,,,,,,0.0,0.0,0.0,0.0,0.0,0.0,,,,,3.33779564806055,0.346791183703702,35.2561549984232,2.45452779169722,0.0951608325449385,0.0799610116535062,,,,,,,,,,,,,,,,,,,,,,,,,,,,,,,,,2019.0,1997-11-20,,,2024,17
Tucker Kraft,GB,TE,16222,weighted,,,,,,,0.0,0.0,0.0,0.0,0.0368968779564806,0.0328987096880197,,,,,3.3172421948912,0.414666751867571,35.9291272469253,1.13434566026087,0.233235572374645,0.130501857336512,,,,,,,,,,,,,,,,,,,,,,,,,,,,,,,,,2023.0,2000-11-03,,,2024,17
Pat Freiermuth,PIT,TE,15331,weighted,,,,,,,0.0,0.0,0.0,0.0,0.0612535477767266,0.0327460126926499,,,,,3.58623462630085,0.352255083322109,34.3076947335225,1.33185551694893,0.225454115421003,0.128648513469516,,,,,,,,,,,,,,,,,,,,,,,,,,,,,,,,,2021.0,1998-10-25,,,2024,17
Juwan Johnson,NO,TE,14861,weighted,,,,,,,0.0,0.0,0.0,0.0,0.0,0.0,,,,,2.92510879848628,0.185381787529211,29.8082363607695,3.40174876550946,0.167516556291391,0.0857135775319108,,,,,,,,,,,,,,,,,,,,,,,,,,,,,,,,,2020.0,1996-09-13,,,2024,17
Isaiah Likely,BAL,TE,15798,weighted,,,,,,,0.0,0.0,0.0,0.0,0.0368968779564806,0.0328987096880197,,,,,2.63105960264901,0.409671260019994,28.8974456007569,3.98692741962424,0.247123935666982,0.132332235651915,,,,,,,,,,,,,,,,,,,,,,,,,,,,,,,,,2022.0,2000-04-18,,,2024,17
Cole Kmet,CHI,TE,14867,weighted,,,,,,,0.0,0.0,0.0,0.0,0.0083230842005676,0.0108686303551872,,,,,2.29538315988647,0.568686551236702,22.4595450961842,6.30649493831143,0.129347209082308,0.0974448885779297,,,,,,,,,,,,,,,,,,,,,,,,,,,,,,,,,2020.0,1999-03-10,,,2024,17
Kyle Pitts,ATL,TE,15329,weighted,,,,,,,-0.0318196152633239,0.0360337610965521,0.0,0.0,0.0110974456007569,0.0144915071402495,,,,,2.38916272469253,0.326235185816257,31.7602380952381,1.80601049470101,0.137719962157048,0.108475438374585,,,,,,,,,,,,,,,,,,,,,,,,,,,,,,,,,2021.0,2000-10-06,,,2024,17
Daniel Bellinger,NYG,TE,15873,weighted,,,,,,,0.0,0.0,0.0,0.0,0.0,0.0,,,,,2.4715406162465,0.592636031516671,23.6657467787115,5.7031088481063,0.0872885154061625,0.0525667017633318,,,,,,,,,,,,,,,,,,,,,,,,,,,,,,,,,2022.0,2000-09-22,,,2024,17
Payne Durham,TB,TE,16218,weighted,,,,,,,-0.0311355311355311,0.0457974858163656,0.0,0.0,0.0,0.0,,,,,2.64201923076923,0.57144041380785,25.6174210164835,4.8350812088173,0.191153846153846,0.019214224890698,,,,,,,,,,,,,,,,,,,,,,,,,,,,,,,,,2023.0,2000-06-15,,,2024,17
Mike Gesicki,CIN,TE,13672,weighted,,,,,,,0.0,0.0,0.0,0.0,0.0368968779564806,0.0328987096880197,,,,,2.76609271523179,0.388997395652583,27.5450354777673,3.78224734383338,0.168188268684957,0.10234892365906,,,,,,,,,,,,,,,,,,,,,,,,,,,,,,,,,2018.0,1995-10-03,,,2024,17
Tyler Conklin,NYJ,TE,13675,weighted,,,,,,,0.0,0.0,0.0,0.0,0.0,0.0,,,,,2.34993475682088,0.889928656620346,26.8818742586002,4.03298066284219,0.0902431791221827,0.0541559884371572,,,,,,,,,,,,,,,,,,,,,,,,,,,,,,,,,2018.0,1995-07-30,,,2024,17
Will Dissly,LAC,TE,13763,weighted,,,,,,,0.0,0.0,0.0,0.0,0.0,0.0,,,,,2.43152737752161,0.732852241505187,24.2859423631124,7.66069106571906,0.138063400576369,0.115666175277285,,,,,,,,,,,,,,,,,,,,,,,,,,,,,,,,,2018.0,,Q,Shoulder,2024,17
Foster Moreau,NO,TE,14239,weighted,,,,,,,0.0,0.0,0.0,0.0,0.0,0.0,,,,,1.96652790917692,0.116504094783586,23.4472067171239,3.36711823647033,0.126300851466414,0.0984856973487394,,,,,,,,,,,,,,,,,,,,,,,,,,,,,,,,,2019.0,1997-05-06,,,2024,17
Ja'Tavion Sanders,CAR,TE,16643,weighted,,,,,,,0.0,0.0,0.0,0.0,0.0,0.0,,,,,1.62406338694418,0.561117838283556,18.2977388836329,5.82803055065962,0.0830463576158941,0.0477909321380786,,,,,,,,,,,,,,,,,,,,,,,,,,,,,,,,,2024.0,2003-03-27,,,2024,17
Hayden Hurst,LAC,TE,13680,weighted,,,,,,,0.0315406162464986,0.0400323933031463,0.0,0.0,0.0375536881419234,0.036509020498295,,,,,1.71130532212885,1.14279828808099,14.7818756302521,8.31461897210452,0.0991932773109244,0.0711626433382514,,,,,,,,,,,,,,,,,,,,,,,,,,,,,,,,,2018.0,1993-08-24,Q,Illness,2024,17
Austin Hooper,NE,TE,12677,weighted,,,,,,,0.0,0.0,0.0,0.0,0.0,0.0,,,,,2.6474692526017,0.32153596970568,25.9069536423841,1.4679353264683,0.145856196783349,0.08243449791064,,,,,,,,,,,,,,,,,,,,,,,,,,,,,,,,,2016.0,1994-10-29,,,2024,17
Noah Gray,KC,TE,15337,weighted,,,,,,,0.0,0.0,0.0,0.0,0.0,0.0,,,,,2.57766319772942,0.399621109726866,25.5011360769473,2.52252222871781,0.178349101229896,0.0992553743335698,,,,,,,,,,,,,,,,,,,,,,,,,,,,,,,,,2021.0,1999-04-30,,,2024,17
Luke Musgrave,GB,TE,16215,weighted,,,,,,,0.0464260438782732,0.0421055010410982,0.0,0.0,0.0,0.0,,,,,1.32862703467799,0.688602679351453,13.6803467799009,8.92267686023061,0.0975300778485492,0.0790197917070093,,,,,,,,,,,,,,,,,,,,,,,,,,,,,,,,,2023.0,2000-09-02,,,2024,17
Dawson Knox,BUF,TE,14143,weighted,,,,,,,0.0,0.0,0.0,0.0,0.0,0.0,,,,,1.23956953642384,0.287070438025898,15.7292746767581,4.91523799233872,0.0921523178807947,0.0451643193237106,,,,,,,,,,,,,,,,,,,,,,,,,,,,,,,,,2019.0,1996-11-14,,,2024,17
Grant Calcaterra,PHI,TE,15804,weighted,,,,,,,0.0,0.0,0.0,0.0,0.0,0.0,,,,,1.91583727530747,0.799363793683409,19.1295245979186,5.38202710413504,0.0932876064333018,0.0883729387350747,,,,,,,,,,,,,,,,,,,,,,,,,,,,,,,,,2022.0,1998-12-04,,,2024,17
Tyler Higbee,LAR,TE,12678,weighted,,,,,,,0.0,0.0,0.0,0.0,0.0,0.0,,,,,2.12658467360454,0.326401128477853,21.3877207505519,2.38607808135534,0.12139545884579,0.0716545411484549,,,,,,,,,,,,,,,,,,,,,,,,,,,,,,,,,2016.0,1993-01-01,,,2024,17
Josh Oliver,MIN,TE,14209,weighted,,,,,,,0.0,0.0,0.0,0.0,0.0,0.0,,,,,1.52407282913165,0.44253106940791,17.8182162464986,4.00623754064977,0.133025210084034,0.0456613027930347,,,,,,,,,,,,,,,,,,,,,,,,,,,,,,,,,2019.0,1997-03-21,,,2024,17
Michael Mayer,LVR,TE,16212,weighted,,,,,,,0.0,0.0,0.0,0.0,0.0,0.0,,,,,1.78495742667928,0.197714689198278,17.8981236203091,2.39183896502942,0.0859933774834437,0.0406797317336406,,,,,,,,,,,,,,,,,,,,,,,,,,,,,,,,,2023.0,2001-07-06,,,2024,17
Colby Parkinson,LAR,TE,14871,weighted,,,,,,,0.0,0.0,0.0,0.0,0.0,0.0,,,,,1.32748344370861,0.397415015914867,14.2955526647745,3.54812322125906,0.0766177861873226,0.0581984840750397,,,,,,,,,,,,,,,,,,,,,,,,,,,,,,,,,2020.0,1999-01-07,,,2024,17
Tommy Tremble,CAR,TE,15332,weighted,,,,,,,0.0,0.0,0.0,0.0,0.0368968779564806,0.0328987096880197,,,,,1.80045884578997,0.191688023465372,17.0337275307474,1.62821203436185,0.0860264900662252,0.0415985754183547,,,,,,,,,,,,,,,,,,,,,,,,,,,,,,,,,2021.0,2000-06-02,,,2024,17
AJ Barner,SEA,TE,16723,weighted,,,,,,,0.0,0.0,0.0,0.0,0.0,0.0,,,,,1.50575792507205,0.318803965851474,14.8211873198847,2.55807573423356,0.13193083573487,0.149979787072254,,,,,,,,,,,,,,,,,,,,,,,,,,,,,,,,,2024.0,2002-05-03,,,2024,17
Kylen Granson,IND,TE,15419,weighted,,,,,,,0.0318196152633239,0.0360337610965521,0.0,0.0,0.0,0.0,,,,,0.872436140018922,0.29033818420428,10.9957931251971,4.39077685073738,0.0123509933774834,0.0211997863269695,,,,,,,,,,,,,,,,,,,,,,,,,,,,,,,,,2021.0,1998-03-27,,,2024,17
Stone Smartt,LAC,TE,16113,weighted,,,,,,,0.0,0.0,0.0,0.0,0.0,0.0,,,,,1.22050420168067,0.268598430444203,15.1538801120448,3.21468567326734,0.0798767507002801,0.042570881582574,,,,,,,,,,,,,,,,,,,,,,,,,,,,,,,,,2022.0,1998-10-04,,,2024,17
Lucas Krull,DEN,TE,15970,weighted,,,,,,,0.0,0.0,0.0,0.0,0.0,0.0,,,,,1.55487955182073,0.494532671404865,13.3227316526611,3.4471682264406,0.0778767507002801,0.0496507463711854,,,,,,,,,,,,,,,,,,,,,,,,,,,,,,,,,2022.0,1998-07-11,,,2024,17
Luke Schoonmaker,DAL,TE,16221,weighted,,,,,,,0.0,0.0,0.0,0.0,0.0,0.0,,,,,1.23803689687796,0.357910213377833,12.0450969725639,2.54786572346834,0.0814238410596027,0.0405048564328264,,,,,,,,,,,,,,,,,,,,,,,,,,,,,,,,,2023.0,1998-09-28,,,2024,17
Adam Trautman,DEN,TE,14870,weighted,,,,,,,0.0,0.0,0.0,0.0,0.0,0.0,,,,,1.325081232493,0.427133994667068,12.3223070028011,2.48964456013338,0.109260504201681,0.0507450847674408,,,,,,,,,,,,,,,,,,,,,,,,,,,,,,,,,2020.0,1997-02-05,,,2024,17
Mo Alie-Cox,IND,TE,13246,weighted,,,,,,,0.0,0.0,0.0,0.0,0.0,0.0,,,,,1.07478386167147,0.114092937132973,12.2623976945245,1.84252014676305,0.0809971181556196,0.0444136996467244,,,,,,,,,,,,,,,,,,,,,,,,,,,,,,,,,2016.0,1993-09-19,Q,Toe,2024,17
Josh Whyle,TEN,TE,16312,weighted,,,,,,,0.0,0.0,0.0,0.0,0.0,0.0,,,,,0.894778097982709,0.517761429759764,9.68654178674351,5.34819761523129,0.0605417867435159,0.0490538026850796,,,,,,,,,,,,,,,,,,,,,,,,,,,,,,,,,2023.0,1999-09-08,,,2024,17
Johnny Mundt,MIN,TE,13940,weighted,,,,,,,0.0,0.0,0.0,0.0,0.0,0.0,,,,,0.769928425357873,0.633531543405051,7.70057259713701,6.42701213470851,0.0535480572597137,0.0450024212276014,,,,,,,,,,,,,,,,,,,,,,,,,,,,,,,,,2017.0,1994-11-23,,,2024,17
Elijah Higgins,ARI,TE,16333,weighted,,,,,,,0.0,0.0,0.0,0.0,0.0,0.0,,,,,1.15460518731988,0.14649199954679,11.1227550432277,2.13191235937329,0.069821325648415,0.0412758525027244,,,,,,,,,,,,,,,,,,,,,,,,,,,,,,,,,2023.0,2000-10-27,,,2024,17
Darnell Washington,PIT,TE,16216,weighted,,,,,,,0.0,0.0,0.0,0.0,0.0,0.0,,,,,0.895714285714286,0.421280962881457,9.04389915966387,4.14682812407694,0.0147058823529412,0.0297332649906608,,,,,,,,,,,,,,,,,,,,,,,,,,,,,,,,,2023.0,2001-08-17,,,2024,17
Luke Farrell,JAC,TE,15335,weighted,,,,,,,0.0,0.0,0.0,0.0,0.0,0.0,,,,,1.33684921763869,0.0637665821185892,12.3808036984353,1.18273313893407,0.0651920341394026,0.0435334869993597,,,,,,,,,,,,,,,,,,,,,,,,,,,,,,,,,2021.0,1997-10-14,,,2024,17
Tanner Hudson,CIN,TE,14370,weighted,,,,,,,0.0,0.0,0.0,0.0,0.0,0.0,,,,,1.27610027855153,0.475827334544923,10.8210213556175,3.93750594117818,0.0756174558960074,0.0622721237763142,,,,,,,,,,,,,,,,,,,,,,,,,,,,,,,,,2018.0,1994-11-12,D,Knee,2024,17
Drew Sample,CIN,TE,14146,weighted,,,,,,,-0.0944668587896254,0.121817728143629,0.0,0.0,0.0,0.0,,,,,1.13776368876081,0.368896199355771,10.0069913544669,2.38658708939919,0.0697809798270893,0.0407015102970127,,,,,,,,,,,,,,,,,,,,,,,,,,,,,,,,,2019.0,1996-04-16,,,2024,17
Cade Stover,HOU,TE,16642,weighted,,,,,,,0.0,0.0,0.0,0.0,0.0,0.0,,,,,1.19089483394834,0.0169654532893535,12.0536070110701,0.858433731473401,0.093929889298893,0.0113103021929023,,,,,,,,,,,,,,,,,,,,,,,,,,,,,,,,,2024.0,2000-06-12,,,2024,17
Nick Vannett,TEN,TE,12680,weighted,,,,,,,0.0,0.0,0.0,0.0,0.0,0.0,,,,,0.945646518745218,0.690176093207074,6.57095638867636,4.45724118135425,0.0425860749808722,0.0464645292202414,,,,,,,,,,,,,,,,,,,,,,,,,,,,,,,,,2016.0,1993-03-06,,,2024,17
Brevyn Spann-Ford,DAL,TE,16647,weighted,,,,,,,0.0,0.0,0.0,0.0,0.0,0.0,,,,,0.613775038520801,0.692964645562817,6.59694915254237,7.7003928471215,0.0,0.0,,,,,,,,,,,,,,,,,,,,,,,,,,,,,,,,,2024.0,1999-12-27,,,2024,17
Blake Whiteheart,,TE,16940,weighted,,,,,,,0.0303621169916435,0.0565786664256952,0.0,0.0,0.0,0.0,,,,,1.09649025069638,0.242811872067359,10.5353946146704,1.29860583065972,0.0576787372330548,0.0510820202945905,,,,,,,,,,,,,,,,,,,,,,,,,,,,,,,,,2023.0,2000-03-22,,,2024,17
Nate Adkins,DEN,TE,16474,weighted,,,,,,,0.0,0.0,0.0,0.0,0.0,0.0,,,,,0.926088193456615,0.205475958946218,7.844893314367,2.01316881376093,0.111664295874822,0.127245553800794,,,,,,,,,,,,,,,,,,,,,,,,,,,,,,,,,2023.0,1999-07-09,,,2024,17
Charlie Woerner,ATL,TE,14984,weighted,,,,,,,0.0,0.0,0.0,0.0,0.0,0.0,,,,,0.974744661095636,0.14082819699755,8.55591457753018,2.37311027853836,0.0636583101207057,0.0527098721977032,,,,,,,,,,,,,,,,,,,,,,,,,,,,,,,,,2020.0,1997-10-16,,,2024,17
John Bates,WAS,TE,15344,weighted,,,,,,,0.0,0.0,0.0,0.0,0.0751926040061633,0.0353553390593274,,,,,1.01907550077042,0.169705627484771,9.45371340523883,2.07182286887658,0.0396918335901387,0.0565685424949238,,,,,,,,,,,,,,,,,,,,,,,,,,,,,,,,,2021.0,1997-11-06,,,2024,17
Jeremy Ruckert,NYJ,TE,15796,weighted,,,,,,,0.0,0.0,0.0,0.0,0.0,0.0,,,,,1.02510662824207,0.277911230634902,9.21405187319885,1.61916224077241,0.0416138328530259,0.0445851448686374,,,,,,,,,,,,,,,,,,,,,,,,,,,,,,,,,2022.0,2000-08-11,,,2024,17
Andrew Ogletree,IND,TE,15916,weighted,,,,,,,0.0,0.0,0.0,0.0,0.0,0.0,,,,,0.58077709611452,0.507067299950518,8.16267893660532,3.64032356367672,0.0230470347648262,0.040289652769918,,,,,,,,,,,,,,,,,,,,,,,,,,,,,,,,,2022.0,1998-07-28,,,2024,17
Pharaoh Brown,SEA,TE,13994,weighted,,,,,,,0.0,0.0,0.0,0.0,0.0,0.0,,,,,0.671717791411043,0.65331605894313,7.82141104294479,2.02869252269294,0.0131697341513292,0.0230226587256674,,,,,,,,,,,,,,,,,,,,,,,,,,,,,,,,,2017.0,1994-05-04,,,2024,17
Durham Smythe,MIA,TE,13676,weighted,,,,,,,0.0,0.0,0.0,0.0,0.0,0.0,,,,,0.862229038854806,0.331797640059181,7.54145194274029,2.54975945386767,0.0065848670756646,0.0115113293628337,,,,,,,,,,,,,,,,,,,,,,,,,,,,,,,,,2018.0,1995-08-09,,,2024,17
Eric Saubert,SF,TE,13315,weighted,,,,,,,0.0,0.0,0.0,0.0,0.0,0.0,,,,,0.723454038997214,0.135757305502487,6.69808727948004,1.63328478961919,0.0880408542246982,0.022532511519608,,,,,,,,,,,,,,,,,,,,,,,,,,,,,,,,,2017.0,1994-05-09,,,2024,17
Connor Heyward,PIT,TE,15800,weighted,,,,,,,0.0,0.0,0.0,0.0,0.0,0.0,,,,,0.975963020030817,0.176776695296637,8.11907550077042,0.169705627484772,0.0801540832049307,0.0282842712474619,,,,,,,,,,,,,,,,,,,,,,,,,,,,,,,,,2022.0,1999-01-22,,,2024,17
Josiah Deguara,JAC,TE,14876,weighted,,,,,,,0.0,0.0,0.0,0.0,0.0,0.0,,,,,0.838921417565485,0.197989898732233,5.48570107858243,3.5426049737446,0.0248073959938367,0.0353553390593274,,,,,,,,,,,,,,,,,,,,,,,,,,,,,,,,,2020.0,1970-01-01,,,2024,17
Brock Wright,DET,TE,15626,weighted,,,,,,,0.0,0.0,0.0,0.0,0.0,0.0,,,,,0.456175869120654,0.506961250076308,5.19914110429448,2.44028510578558,0.0433128834355828,0.0514384586578185,,,,,,,,,,,,,,,,,,,,,,,,,,,,,,,,,2021.0,1998-11-27,,,2024,17
Will Mallory,IND,TE,16220,weighted,,,,,,,0.0,0.0,0.0,0.0,0.0,0.0,,,,,0.627118644067797,0.388908729652601,5.82687211093991,3.09712770159708,0.014884437596302,0.0212132034355964,,,,,,,,,,,,,,,,,,,,,,,,,,,,,,,,,2023.0,1999-06-22,,,2024,17
Julian Hill,MIA,TE,16425,weighted,,,,,,,0.0,0.0,0.0,0.0,0.0,0.0,,,,,0.466029074215761,0.482221245838959,4.78985462892119,2.82691081491685,0.0200841622035195,0.0337583608917233,,,,,,,,,,,,,,,,,,,,,,,,,,,,,,,,,2023.0,2000-07-09,,,2024,17
MyCole Pruitt,PIT,TE,12309,weighted,,,,,,,0.0,0.0,0.0,0.0,0.0,0.0,,,,,0.77560327198364,0.309232267810208,5.80756646216769,1.3078042512549,0.0433128834355828,0.0514384586578185,,,,,,,,,,,,,,,,,,,,,,,,,,,,,,,,,2015.0,1992-03-24,,,2024,17
Ko Kieft,TB,TE,15929,weighted,,,,,,,0.0,0.0,0.0,0.0,0.0,0.0,,,,,0.559537750385208,0.0848528137423857,6.64277349768875,0.509116882454314,0.0248073959938367,0.0353553390593274,,,,,,,,,,,,,,,,,,,,,,,,,,,,,,,,,2022.0,1998-01-20,,,2024,17
Gerald Everett,CHI,TE,13236,weighted,,,,,,,0.0,0.0,0.0,0.0,0.0,0.0,,,,,0.911463790446841,0.268700576850888,6.44927580893683,0.784888527117068,0.0198459167950693,0.0282842712474619,,,,,,,,,,,,,,,,,,,,,,,,,,,,,,,,,2017.0,1994-06-25,,,2024,17
Cam Grandy,,TE,16979,weighted,,,,,,,0.0,,0.0,,0.0,,,,,,0.26,,2.29,,0.02,,,,,,,,,,,,,,,,,,,,,,,,,,,,,,,,,,2024.0,1999-11-19,,,2024,17
David Martin-Robinson,TEN,TE,16831,weighted,,,,,,,0.0,,0.0,,0.0,,,,,,0.68,,6.28,,0.04,,,,,,,,,,,,,,,,,,,,,,,,,,,,,,,,,,2024.0,1999-12-26,,,2024,17
Kenny Yeboah,NYJ,TE,15339,weighted,,,,,,,0.0,0.0,0.0,0.0,0.0,0.0,,,,,0.454488752556237,0.181181649147821,4.67722903885481,2.01320957444738,0.100439672801636,0.0952165111409373,,,,,,,,,,,,,,,,,,,,,,,,,,,,,,,,,2021.0,1970-01-01,,,2024,17
Greg Dulcich,NYG,TE,15797,weighted,,,,,,,,,,,0.0,0.0,,,,,0.4875,0.0883883476483184,5.015,0.997020561473032,0.0206512237762238,0.0132211661272555,,,,,,,,,,,,,,,,,,,,,,,,,,,,,,,,,2022.0,2000-03-26,,,2024,17
Davis Allen,LAR,TE,16219,weighted,,,,,,,,,,,0.0,,,,,,0.54,,5.45,,0.04,,,,,,,,,,,,,,,,,,,,,,,,,,,,,,,,,,2023.0,2001-02-03,,,2024,17
Tucker Fisk,,TE,16557,weighted,,,,,,,,,,,0.0,,,,,,0.69,,5.21,,0.1,,,,,,,,,,,,,,,,,,,,,,,,,,,,,,,,,,2022.0,1999-01-19,,,2024,17
Ben Sims,GB,TE,16483,weighted,,,,,,,0.0,0.0,0.0,0.0,0.0,0.0,,,,,0.306502311248074,0.275771644662754,3.0402157164869,2.79307178568686,0.055346687211094,0.0636396103067893,,,,,,,,,,,,,,,,,,,,,,,,,,,,,,,,,2023.0,2000-05-16,,,2024,17
Tip Reiman,ARI,TE,16706,weighted,,,,,,,0.0,0.0,0.0,0.0,0.0,0.0,,,,,0.508043143297381,0.558614357137373,3.06006163328197,2.7647875144394,0.0049614791987673,0.0070710678118654,,,,,,,,,,,,,,,,,,,,,,,,,,,,,,,,,2024.0,2001-09-17,,,2024,17
Quintin Morris,BUF,TE,15341,weighted,,,,,,,0.0,,0.0,,0.0,,,,,,0.4,,3.0,,0.2,,,,,,,,,,,,,,,,,,,,,,,,,,,,,,,,,,2021.0,1999-01-21,,,2024,17
Harrison Bryant,LVR,TE,14875,weighted,,,,,,,0.1,,0.0,,0.0,,,,,,0.4,,3.0,,0.0,,,,,,,,,,,,,,,,,,,,,,,,,,,,,,,,,,2020.0,1970-01-01,,,2024,17
Tanner McLachlan,CIN,TE,16765,weighted,,,,,,,0.0,,0.0,,0.0,,,,,,0.4,,3.0,,0.0,,,,,,,,,,,,,,,,,,,,,,,,,,,,,,,,,,2024.0,1999-03-15,,,2024,17
Ben Sinnott,WAS,TE,16644,weighted,,,,,,,0.0,0.0,0.0,0.0,0.0,0.0,,,,,0.210693374422188,0.127279220613579,1.50881355932203,0.700035713374682,0.0049614791987673,0.0070710678118654,,,,,,,,,,,,,,,,,,,,,,,,,,,,,,,,,2024.0,2002-06-14,,,2024,17
Jack Stoll,MIA,TE,15541,weighted,,,,,,,0.0,,0.0,,0.0,,,,,,0.2,,1.0,,0.0,,,,,,,,,,,,,,,,,,,,,,,,,,,,,,,,,,2021.0,1998-01-28,,,2024,17
Jaheim Bell,NE,TE,16646,weighted,,,,,,,0.0,,0.0,,0.0,,,,,,0.3,,1.0,,0.0,,,,,,,,,,,,,,,,,,,,,,,,,,,,,,,,,,2024.0,2001-06-14,,,2024,17
Irv Smith Jr.,HOU,TE,14141,weighted,,,,,,,0.0,,0.0,,0.0,,,,,,0.12,,1.1,,0.01,,,,,,,,,,,,,,,,,,,,,,,,,,,,,,,,,,2019.0,1970-01-01,,,2024,17
Jake Bates,DET,K,16846,weighted,,,,,,,,,,,,,,,,,,,,,,,0.0,0.0,0.33893717299818,0.0737066108632942,0.756631383644222,0.13649729313022,0.467289865787079,0.0885384525530409,0.219262433177889,0.138507041316559,3.22816964285714,0.518336019207733,,,,,,,,,,,,,,,,,,,,,2023.0,1999-03-03,,,2024,17
Tyler Bass,BUF,K,14983,weighted,,,,,,,,,,,,,,,,,,,,,,,0.0,0.0,0.473645643979897,0.0508894443274095,0.604728868156544,0.0666841751573863,0.473645643979897,0.0508894443274095,0.201877188702951,0.111421683997729,3.17883928571429,0.467687497794889,,,,,,,,,,,,,,,,,,,,,2020.0,1997-02-14,,,2024,17
Justin Tucker,BAL,K,10976,weighted,,,,,,,,,,,,,,,,,,,,,,,0.0,0.0,0.461607671269727,0.0444083982463188,0.551353488804058,0.0526709904272566,0.495815804980529,0.0545928271989104,0.203054609038737,0.11234318086359,3.00102120535714,0.408239191817474,,,,,,,,,,,,,,,,,,,,,2012.0,1989-11-21,,,2024,17
Chase McLaughlin,TB,K,14717,weighted,,,,,,,,,,,,,,,,,,,,,,,0.0,0.0,0.561895461309524,0.059831997345421,0.578080357142857,0.0421628229709742,0.433643973214286,0.0751098394913553,0.230807291666667,0.13825598931081,2.80008928571429,0.308227059143709,,,,,,,,,,,,,,,,,,,,,2019.0,1996-04-09,,,2024,17
Joshua Karty,LAR,K,16775,weighted,,,,,,,,,,,,,,,,,,,,,,,0.0,0.0,0.493727839543269,0.180433607032,0.389079026442308,0.123841578938576,0.345283686040522,0.123325061056261,0.105626931662088,0.0790364892338467,2.78058035714286,0.350573223210702,,,,,,,,,,,,,,,,,,,,,2024.0,2002-03-07,,,2024,17
Cade York,CIN,K,15882,weighted,,,,,,,,,,,,,,,,,,,,,,,0.0,0.0,0.542832053860347,0.310100256975483,0.575455730761481,0.323245514089129,0.277301253659635,0.198865656632216,0.141369266571579,0.101382491616424,2.03194805194805,1.08421323502899,,,,,,,,,,,,,,,,,,,,,2022.0,2001-01-27,,,2024,17
Cameron Dicker,LAC,K,15979,weighted,,,,,,,,,,,,,,,,,,,,,,,0.0863959263392857,0.0222170683863881,0.378575104255774,0.0941642310938618,0.483216273925364,0.120372040816354,0.49788090114414,0.132724949376379,0.271538518944254,0.213890752286246,2.41171316964286,0.427298501643897,,,,,,,,,,,,,,,,,,,,,2022.0,2000-05-06,,,2024,17
Jake Elliott,PHI,K,13303,weighted,,,,,,,,,,,,,,,,,,,,,,,0.0,0.0,0.392807081693437,0.127468680944784,0.419345282416764,0.132395226881541,0.419345282416764,0.132395226881541,0.118233976937294,0.090269937429812,2.54469866071429,0.40404355029817,,,,,,,,,,,,,,,,,,,,,2017.0,1995-01-21,,,2024,17
Matt Gay,IND,K,14244,weighted,,,,,,,,,,,,,,,,,,,,,,,0.0,0.0,0.492865513392857,0.138843281666392,0.553544139263937,0.140345272517752,0.39768322172619,0.0995095405312244,0.186894992499032,0.123839519807465,2.33629464285714,0.417634789551374,,,,,,,,,,,,,,,,,,,,,2019.0,1994-03-15,,,2024,17
Wil Lutz,DEN,K,12956,weighted,,,,,,,,,,,,,,,,,,,,,,,0.0,0.0,0.356827040827441,0.0976585134814221,0.567683188984464,0.163483089862949,0.494967313383832,0.139464716934011,0.16823336733286,0.113695098643871,2.43867745535714,0.397281935292848,,,,,,,,,,,,,,,,,,,,,2016.0,1994-07-07,,,2024,17
Jason Myers,SEA,K,12437,weighted,,,,,,,,,,,,,,,,,,,,,,,0.0,0.0,0.353400756609462,0.0958540847826558,0.506505561031231,0.128045048788036,0.527768291975881,0.14106869889346,0.180611163183708,0.142634878583477,2.37473772321429,0.390938565154098,,,,,,,,,,,,,,,,,,,,,,1991-05-12,,,2024,17
Will Reichard,MIN,K,16681,weighted,,,,,,,,,,,,,,,,,,,,,,,0.0,0.0,0.335630580357143,0.0879865218030107,0.527241443452381,0.134875491683611,0.462955729166667,0.120358702343301,0.18465484457672,0.142662985608048,2.6017578125,0.367463809346085,,,,,,,,,,,,,,,,,,,,,2024.0,2001-01-09,,,2024,17
Jason Sanders,MIA,K,13832,weighted,,,,,,,,,,,,,,,,,,,,,,,0.0,0.0,0.299229517467641,0.100916902422284,0.48144862700743,0.177004435777646,0.299229517467641,0.100916902422284,0.219918242150048,0.216467290006837,2.48307477678571,0.384674290344725,,,,,,,,,,,,,,,,,,,,,2018.0,1995-11-16,,,2024,17
Brandon McManus,GB,K,11947,weighted,,,,,,,,,,,,,,,,,,,,,,,0.0,0.0,0.372313740463291,0.064950480522753,0.695096317309819,0.100289806573365,0.52848326583923,0.0726675425931446,0.167093169504644,0.0922293510537725,2.29476004464286,0.323684283618714,,,,,,,,,,,,,,,,,,,,,2014.0,1991-07-25,,,2024,17
Kaimi Fairbairn,HOU,K,12860,weighted,,,,,,,,,,,,,,,,,,,,,,,0.0,0.0,0.552404097912899,0.0982551468922235,0.667243280025618,0.0914909093523814,0.329096806246233,0.07395908370691,0.301229420961423,0.24185736804513,2.21632254464286,0.307250121789042,,,,,,,,,,,,,,,,,,,,,2016.0,1994-01-29,,,2024,17
Jake Moody,SF,K,16286,weighted,,,,,,,,,,,,,,,,,,,,,,,0.0,0.0,0.526373487903226,0.0734023483016669,0.539614775345622,0.078873136105259,0.468505184331797,0.0582930843928196,0.160799251152074,0.0875578307592371,2.31136160714286,0.358603562220192,,,,,,,,,,,,,,,,,,,,,2023.0,1999-11-23,,,2024,17
Harrison Butker,KC,K,13354,weighted,,,,,,,,,,,,,,,,,,,,,,,0.0,0.0,0.553721205662289,0.0766933236618139,0.613244773612196,0.0582880374756238,0.420734562664779,0.0372649334488545,0.20056838016307,0.11182121457162,2.245859375,0.264134052829208,,,,,,,,,,,,,,,,,,,,,2017.0,1995-07-14,,,2024,17
Brandon Aubrey,DAL,K,16414,weighted,,,,,,,,,,,,,,,,,,,,,,,0.0,0.0,0.375507174478129,0.113410622010291,0.460019146880727,0.114925857110604,0.446435717273524,0.134952797710212,0.288451469047951,0.250247390141715,1.92092633928571,0.557247690352409,,,,,,,,,,,,,,,,,,,,,2023.0,1995-03-14,,,2024,17
Zane Gonzalez,WAS,K,13347,weighted,,,,,,,,,,,,,,,,,,,,,,,0.0,0.0,0.268254008226307,0.191291667545341,0.284677723015673,0.203003402293015,0.870037534026454,0.554412624601234,0.109491431929105,0.0780782316511596,1.79311004784689,0.876224345902519,,,,,,,,,,,,,,,,,,,,,2017.0,,,,2024,17
Matthew Wright,TEN,K,14426,weighted,,,,,,,,,,,,,,,,,,,,,,,,,0.523865428047897,0.0923800794775973,0.523865428047897,0.0923800794775973,0.523865428047897,0.0923800794775973,0.232829079132399,0.0410578131011544,2.15215323645971,0.0848528137423858,,,,,,,,,,,,,,,,,,,,,2019.0,,,,2024,17
Dustin Hopkins,CLE,K,11387,weighted,,,,,,,,,,,,,,,,,,,,,,,0.0,0.0,0.355304528061224,0.0823411954977483,0.611961390641783,0.0995964983517183,0.512393889299141,0.0834574765680694,0.202920834452202,0.11158875185662,1.39251116071429,0.48372038418648,,,,,,,,,,,,,,,,,,,,,2013.0,1990-10-01,,,2024,17
Chad Ryland,ARI,K,16292,weighted,,,,,,,,,,,,,,,,,,,,,,,0.0,0.0,0.422294883245142,0.0520298779579702,0.808559541145354,0.0585884604312086,0.592276973899279,0.0138433969026983,0.221434562065659,0.0549368861799698,2.08072453861928,0.148079189176836,,,,,,,,,,,,,,,,,,,,,2023.0,1999-10-15,,,2024,17
Riley Patterson,ATL,K,15369,weighted,,,,,,,,,,,,,,,,,,,,,,,0.0,0.0,0.397526253650655,0.0965969259317493,0.650057789100851,0.168866621267829,0.397526253650655,0.0965969259317493,0.325028894550426,0.0844333106339147,2.09673957621326,0.10881584985023,,,,,,,,,,,,,,,,,,,,,2021.0,1999-09-07,,,2024,17
Chris Boswell,PIT,K,11936,weighted,,,,,,,,,,,,,,,,,,,,,,,0.0,0.0,0.525047433035714,0.112597245649937,0.707288643973214,0.154776139568957,0.509409877232143,0.115239713372686,0.309150306074134,0.213167664888397,2.05693080357143,0.0799343343691262,,,,,,,,,,,,,,,,,,,,,2014.0,1991-03-16,,,2024,17
Blake Grupe,NO,K,16444,weighted,,,,,,,,,,,,,,,,,,,,,,,0.0,0.0,0.460245007093747,0.0512642556474624,0.525720931838645,0.0706598327403404,0.515782690917276,0.0655395186480183,0.230696922234803,0.138507654622626,1.86586495535714,0.465390446611391,,,,,,,,,,,,,,,,,,,,,2023.0,1998-11-05,,,2024,17
Greg Zuerlein,NYJ,K,10868,weighted,,,,,,,,,,,,,,,,,,,,,,,0.0,0.0,0.43740956959707,0.0871077445831527,0.56748054029304,0.111710184742749,0.537982629349817,0.105103105925379,0.188064760760073,0.102733226131638,1.88155691964286,0.366095956574441,,,,,,,,,,,,,,,,,,,,,2012.0,1987-12-27,,Knee,2024,17
Cairo Santos,CHI,K,11945,weighted,,,,,,,,,,,,,,,,,,,,,,,0.0,0.0,0.471112955432969,0.0648682440781231,0.54159734465044,0.0824466959077034,0.445845477422657,0.0786939620352654,0.235510715233546,0.140477013917275,1.72698660714286,0.448838091462429,,,,,,,,,,,,,,,,,,,,,2014.0,1991-11-12,,,2024,17
Cam Little,JAC,K,16680,weighted,,,,,,,,,,,,,,,,,,,,,,,0.0,0.0,0.351447747067577,0.109144777424877,0.428912295386905,0.136825162999122,0.351447747067577,0.109144777424877,0.10060590642507,0.0732434243308385,1.95651227678571,0.248427028288695,,,,,,,,,,,,,,,,,,,,,2024.0,2003-08-17,,,2024,17
Eddy Pineiro,CAR,K,13719,weighted,,,,,,,,,,,,,,,,,,,,,,,0.0,0.0,0.527124255952381,0.0954439647176719,0.601982886904762,0.0955559703892843,0.466614583333333,0.0749891593275269,0.170625,0.0921664736417213,1.93802455357143,0.180615295913738,,,,,,,,,,,,,,,,,,,,,2018.0,1995-09-13,,,2024,17
Daniel Carlson,LVR,K,13718,weighted,,,,,,,,,,,,,,,,,,,,,,,0.0,0.0,0.560176505897604,0.0744951207470073,0.534017252318872,0.0767483280334585,0.404806741619194,0.0592246232684724,0.179503633508618,0.100803903876798,1.8759375,0.304809299147194,,,,,,,,,,,,,,,,,,,,,2018.0,1995-01-23,,,2024,17
Joey Slye,NE,K,14600,weighted,,,,,,,,,,,,,,,,,,,,,,,0.0,0.0,0.427796346334586,0.0721663440117801,0.645364485432331,0.10387763599329,0.427796346334586,0.0721663440117801,0.202443021616541,0.111161853312006,1.91770089285714,0.123234698560379,,,,,,,,,,,,,,,,,,,,,2019.0,1996-04-10,,,2024,17
Graham Gano,NYG,K,9694,weighted,,,,,,,,,,,,,,,,,,,,,,,0.0,0.0,0.263920515574651,0.0980322475117377,0.329880522270426,0.0876152745674924,0.399925300263646,0.0698085595610002,0.111335179321216,0.0303864142643,1.6387969924812,0.300409201224952,,,,,,,,,,,,,,,,,,,,,2009.0,1987-04-09,,,2024,17
Anders Carlson,NYJ,K,16339,weighted,,,,,,,,,,,,,,,,,,,,,,,0.0,0.0,0.271655629139073,0.0353553390593274,0.271655629139073,0.0353553390593274,0.362207505518764,0.0471404520791032,0.181103752759382,0.0235702260395516,1.17324503311258,0.282842712474619,,,,,,,,,,,,,,,,,,,,,2023.0,1998-06-16,,,2024,17
Greg Joseph,NYJ,K,13898,weighted,,,,,,,,,,,,,,,,,,,,,,,,,,,,,,,,,1.3,0.0,,,,,,,,,,,,,,,,,,,,,2018.0,1970-01-01,,,2024,17
Matt Prater,ARI,K,8930,weighted,,,,,,,,,,,,,,,,,,,,,,,0.0,0.0,0.0904981549815498,0.169361955322676,0.0603321033210332,0.112907970215117,0.0904981549815498,0.169361955322676,0.0904981549815498,0.169361955322676,0.589437269372694,0.663056707617979,,,,,,,,,,,,,,,,,,,,,2006.0,1984-08-10,,Knee - Meniscus,2024,17
Nick Folk,TEN,K,8851,weighted,,,,,,,,,,,,,,,,,,,,,,,,,,,,,,,,,0.0,0.0,,,,,,,,,,,,,,,,,,,,,2007.0,1984-11-05,O,Abdomen,2024,17
Bengals,CIN,DST,506,weighted,,,,,,,,,,,,,,,,,,,,,,,,,,,,,,,,,,,0.826634005763689,0.120199491449906,1.99606916426513,0.175206910136408,0.074971181556196,0.0172163137953376,0.112916426512968,0.0734505977099472,,,,,,,,,,,,,,,,,2024,17
Jets,NYJ,DST,505,weighted,,,,,,,,,,,,,,,,,,,,,,,,,,,,,,,,,,,0.446265129682997,0.284291885642583,1.60057636887608,0.364365828742606,0.025028818443804,0.0172163137953376,0.0904380403458213,0.0507044632769978,,,,,,,,,,,,,,,,,2024,17
Panthers,CAR,DST,527,weighted,,,,,,,,,,,,,,,,,,,,,,,,,,,,,,,,,,,0.737475504322767,0.176728124734039,2.23223054755043,0.32410750406977,0.025028818443804,0.0172163137953376,0.0640057636887608,0.0568709124986768,,,,,,,,,,,,,,,,,2024,17
Cowboys,DAL,DST,516,weighted,,,,,,,,,,,,,,,,,,,,,,,,,,,,,,,,,,,0.738161383285303,0.189937511125303,2.22479538904899,0.375607141815726,0.025028818443804,0.0172163137953376,0.118605187319885,0.0743427200240019,,,,,,,,,,,,,,,,,2024,17
49ers,SF,DST,530,weighted,,,,,,,,,,,,,,,,,,,,,,,,,,,,,,,,,,,0.670328530259366,0.211162774343961,2.14242074927954,0.263202404590485,0.025028818443804,0.0172163137953376,0.0960461095100864,0.055783937502112,,,,,,,,,,,,,,,,,2024,17
Cardinals,ARI,DST,519,weighted,,,,,,,,,,,,,,,,,,,,,,,,,,,,,,,,,,,0.647187319884726,0.247233920381265,2.09569452449568,0.146758328344559,0.074971181556196,0.0172163137953376,0.0677579250720461,0.0603990769611413,,,,,,,,,,,,,,,,,2024,17
Broncos,DEN,DST,511,weighted,,,,,,,,,,,,,,,,,,,,,,,,,,,,,,,,,,,0.790829971181556,0.14339136523648,2.86644956772334,0.395168980184552,0.0300345821325648,0.0206595765544051,0.128051873198847,0.106036042922304,,,,,,,,,,,,,,,,,2024,17
Lions,DET,DST,522,weighted,,,,,,,,,,,,,,,,,,,,,,,,,,,,,,,,,,,0.790795389048991,0.122563850336706,2.12258213256484,0.134403802458354,0.025028818443804,0.0172163137953376,0.111020172910663,0.0736758970068717,,,,,,,,,,,,,,,,,2024,17
Texans,HOU,DST,532,weighted,,,,,,,,,,,,,,,,,,,,,,,,,,,,,,,,,,,0.741959654178674,0.226238580678995,2.033734870317,0.0458365167981941,0.025028818443804,0.0172163137953376,0.0884610951008646,0.0508320811210198,,,,,,,,,,,,,,,,,2024,17
Raiders,LVR,DST,513,weighted,,,,,,,,,,,,,,,,,,,,,,,,,,,,,,,,,,,0.747440922190202,0.145788392784707,2.32923342939481,0.264448162825963,0.0300345821325648,0.0206595765544051,0.0996368876080692,0.065479936913262,,,,,,,,,,,,,,,,,2024,17
Falcons,ATL,DST,526,weighted,,,,,,,,,,,,,,,,,,,,,,,,,,,,,,,,,,,0.743734870317003,0.139989197256831,2.32662824207493,0.369923281198635,0.074971181556196,0.0172163137953376,0.124299711815562,0.106316935342909,,,,,,,,,,,,,,,,,2024,17
Packers,GB,DST,523,weighted,,,,,,,,,,,,,,,,,,,,,,,,,,,,,,,,,,,0.90899711815562,0.111815611886037,2.96823631123919,0.410827518795657,0.0300345821325648,0.0206595765544051,0.0733659942363112,0.0667714795504226,,,,,,,,,,,,,,,,,2024,17
Browns,CLE,DST,507,weighted,,,,,,,,,,,,,,,,,,,,,,,,,,,,,,,,,,,0.692680115273775,0.20872017198268,2.21638616714697,0.22559042137251,0.074971181556196,0.0172163137953376,0.082806916426513,0.0761859950836212,,,,,,,,,,,,,,,,,2024,17
Giants,NYG,DST,517,weighted,,,,,,,,,,,,,,,,,,,,,,,,,,,,,,,,,,,0.668265129682997,0.242582395878025,2.07089337175792,0.305973688598177,0.025028818443804,0.0172163137953376,0.0715100864553314,0.0641919358663598,,,,,,,,,,,,,,,,,2024,17
Steelers,PIT,DST,510,weighted,,,,,,,,,,,,,,,,,,,,,,,,,,,,,,,,,,,0.805804034582132,0.171051819111369,2.65730259365994,0.431364580271945,0.025028818443804,0.0172163137953376,0.0960461095100864,0.055783937502112,,,,,,,,,,,,,,,,,2024,17
Patriots,NE,DST,504,weighted,,,,,,,,,,,,,,,,,,,,,,,,,,,,,,,,,,,0.439279538904899,0.248462674611161,2.35193659942363,0.420453529726738,0.025028818443804,0.0172163137953376,0.0903170028818444,0.0533179867696967,,,,,,,,,,,,,,,,,2024,17
Commanders,WAS,DST,520,weighted,,,,,,,,,,,,,,,,,,,,,,,,,,,,,,,,,,,0.738207492795389,0.211264793931603,2.48137752161383,0.316867219997257,0.0300345821325648,0.0206595765544051,0.0808299711815562,0.0765928173003779,,,,,,,,,,,,,,,,,2024,17
Vikings,MIN,DST,524,weighted,,,,,,,,,,,,,,,,,,,,,,,,,,,,,,,,,,,0.839873198847262,0.146769248915703,1.98155043227666,0.275609390917777,0.0300345821325648,0.0206595765544051,0.0940691642651297,0.0565343995261212,,,,,,,,,,,,,,,,,2024,17
Bills,BUF,DST,501,weighted,,,,,,,,,,,,,,,,,,,,,,,,,,,,,,,,,,,0.717982708933718,0.209086135279465,2.34287031700288,0.258832236756783,0.0300345821325648,0.0206595765544051,0.120380403458213,0.0787537256157397,,,,,,,,,,,,,,,,,2024,17
Bears,CHI,DST,521,weighted,,,,,,,,,,,,,,,,,,,,,,,,,,,,,,,,,,,0.82057060518732,0.124905660862012,2.63902017291066,0.396918071087293,0.0300345821325648,0.0206595765544051,0.0922132564841499,0.0539272018547821,,,,,,,,,,,,,,,,,2024,17
Titans,TEN,DST,508,weighted,,,,,,,,,,,,,,,,,,,,,,,,,,,,,,,,,,,0.922887608069164,0.122431449920007,2.09860518731988,0.245167239159193,0.129919308357349,0.0482056786269453,0.0808703170028818,0.0750875734830098,,,,,,,,,,,,,,,,,2024,17
Buccaneers,TB,DST,525,weighted,,,,,,,,,,,,,,,,,,,,,,,,,,,,,,,,,,,0.717504322766571,0.250115219875139,2.48190778097983,0.32393583846386,0.0350403458213256,0.0241028393134727,0.0845821325648415,0.0808943533526028,,,,,,,,,,,,,,,,,2024,17
Eagles,PHI,DST,518,weighted,,,,,,,,,,,,,,,,,,,,,,,,,,,,,,,,,,,0.860766570605187,0.0948347669550028,2.35840345821326,0.357849211509507,0.0300345821325648,0.0206595765544051,0.114778097982709,0.107665503142199,,,,,,,,,,,,,,,,,2024,17
Ravens,BAL,DST,531,weighted,,,,,,,,,,,,,,,,,,,,,,,,,,,,,,,,,,,0.751198847262248,0.135396492660372,3.07922190201729,0.49968955205583,0.025028818443804,0.0172163137953376,0.103469740634006,0.0650670494596727,,,,,,,,,,,,,,,,,2024,17
Rams,LAR,DST,528,weighted,,,,,,,,,,,,,,,,,,,,,,,,,,,,,,,,,,,0.728801152737752,0.153594930656021,2.07164841498559,0.170279672082679,0.0799769452449568,0.0137730510362701,0.120380403458213,0.0787537256157397,,,,,,,,,,,,,,,,,2024,17
Chiefs,KC,DST,512,weighted,,,,,,,,,,,,,,,,,,,,,,,,,,,,,,,,,,,0.760841498559078,0.212514287917129,2.61869740634006,0.34523087103363,0.025028818443804,0.0172163137953376,0.0846628242074928,0.0786298349418308,,,,,,,,,,,,,,,,,2024,17
Jaguars,JAC,DST,509,weighted,,,,,,,,,,,,,,,,,,,,,,,,,,,,,,,,,,,0.723031700288184,0.250242306696139,2.01209798270893,0.344340489317453,0.0300345821325648,0.0206595765544051,0.0996772334293948,0.0629545617123618,,,,,,,,,,,,,,,,,2024,17
Colts,IND,DST,502,weighted,,,,,,,,,,,,,,,,,,,,,,,,,,,,,,,,,,,0.969775216138329,0.298972321154927,2.92340634005764,0.226807344131583,0.0300345821325648,0.0206595765544051,0.105244956772334,0.0724967149019476,,,,,,,,,,,,,,,,,2024,17
Seahawks,SEA,DST,515,weighted,,,,,,,,,,,,,,,,,,,,,,,,,,,,,,,,,,,0.770276657060519,0.177689521559104,2.74664553314121,0.474493945958594,0.0799769452449568,0.0137730510362701,0.139227665706052,0.109018311133147,,,,,,,,,,,,,,,,,2024,17
Saints,NO,DST,529,weighted,,,,,,,,,,,,,,,,,,,,,,,,,,,,,,,,,,,0.768265129682997,0.128129389234706,2.34467435158501,0.291226038557036,0.0799769452449568,0.0137730510362701,0.0808299711815562,0.0765928173003779,,,,,,,,,,,,,,,,,2024,17
Chargers,LAC,DST,514,weighted,,,,,,,,,,,,,,,,,,,,,,,,,,,,,,,,,,,0.858916426512968,0.128458147660317,2.72049567723343,0.458435166350022,0.0300345821325648,0.0206595765544051,0.103389048991354,0.0691883302399817,,,,,,,,,,,,,,,,,2024,17
Dolphins,MIA,DST,503,weighted,,,,,,,,,,,,,,,,,,,,,,,,,,,,,,,,,,,0.789135446685879,0.14137232351022,2.38676080691643,0.278257821603474,0.0300345821325648,0.0206595765544051,0.114818443804035,0.105486133124041,,,,,,,,,,,,,,,,,2024,17
DeForest Buckner,IND,DL,12688,weighted,,,,,,,,,,,,,,,,,,,,,,,,,,,,,,,,,,,,,,,,,,,,,3.3055896007428,1.32941817965687,,,0.0,0.0,0.21041782729805,0.085963312357729,0.0049767873723305,0.0047757395754293,2016.0,1994-03-17,,,2024,17
AShawn Robinson,CAR,DL,12697,weighted,,,,,,,,,,,,,,,,,,,,,,,,,,,,,,,,,,,,,,,,,,,,,3.98391371340524,1.11722871427475,,,0.0049614791987673,0.0070710678118654,0.139691833590139,0.0565685424949238,0.0049614791987673,0.0070710678118654,2016.0,1995-03-21,Q,Knee,2024,17
Cameron Heyward,PIT,DL,10266,weighted,,,,,,,,,,,,,,,,,,,,,,,,,,,,,,,,,,,,,,,,,,,,,3.57167950693374,1.52735064736294,,,0.0049614791987673,0.0070710678118654,0.371771956856703,0.325269119345812,0.0049614791987673,0.0070710678118654,2011.0,1989-05-06,,,2024,17
Jeffery Simmons,TEN,DL,14163,weighted,,,,,,,,,,,,,,,,,,,,,,,,,,,,,,,,,,,,,,,,,,,,,3.28237288135593,1.40007142674936,,,0.0,0.0,0.220616332819723,0.113137084989848,0.0049614791987673,0.0070710678118654,2019.0,1997-07-28,,,2024,17
Jared Verse,LAR,DL,16653,weighted,,,,,,,,,,,,,,,,,,,,,,,,,,,,,,,,,,,,,,,,,,,,,2.92960074280409,0.977972319669697,,,0.0049767873723305,0.0047757395754293,0.129860724233983,0.0286544374525763,0.0049767873723305,0.0047757395754293,2024.0,2000-11-04,,,2024,17
Chauncey Golston,DAL,DL,15397,weighted,,,,,,,,,,,,,,,,,,,,,,,,,,,,,,,,,,,,,,,,,,,,,2.81810584958217,0.870864408486594,,,0.0049767873723305,0.0047757395754293,0.129860724233983,0.0286544374525763,0.0049767873723305,0.0047757395754293,2021.0,1998-02-10,,,2024,17
Kobie Turner,LAR,DL,16282,weighted,,,,,,,,,,,,,,,,,,,,,,,,,,,,,,,,,,,,,,,,,,,,,3.00872110939908,1.15258405333407,,,0.0,0.0,0.165269645608629,0.0494974746830583,0.0049614791987673,0.0070710678118654,2023.0,1999-04-26,,,2024,17
Zach Sieler,MIA,DL,13839,weighted,,,,,,,,,,,,,,,,,,,,,,,,,,,,,,,,,,,,,,,,,,,,,3.08964560862866,0.982878425849301,,,0.055346687211094,0.0636396103067893,0.22557781201849,0.106066017177982,0.0049614791987673,0.0070710678118654,2018.0,1995-09-07,,,2024,17
Leonard Williams,SEA,DL,12225,weighted,,,,,,,,,,,,,,,,,,,,,,,,,,,,,,,,,,,,,,,,,,,,,3.41753466872111,0.452548339959391,,,0.055346687211094,0.0636396103067893,0.215654853620955,0.120208152801713,0.055346687211094,0.0636396103067893,2015.0,1994-06-20,,,2024,17
Adam Butler,LVR,DL,13448,weighted,,,,,,,,,,,,,,,,,,,,,,,,,,,,,,,,,,,,,,,,,,,,,2.68138666666667,1.28693434175952,,,0.0,0.0,0.12,0.0,0.01,0.0,,1994-04-12,,,2024,17
Micah Parsons,DAL,DL,15350,weighted,,,,,,,,,,,,,,,,,,,,,,,,,,,,,,,,,,,,,,,,,,,,,2.82466109563603,0.75247308490146,,,0.0,0.0,0.104976787372331,0.0047757395754293,0.0049767873723305,0.0047757395754293,2021.0,1999-05-26,,,2024,17
Nick Bosa,SF,DL,14147,weighted,,,,,,,,,,,,,,,,,,,,,,,,,,,,,,,,,,,,,,,,,,,,,2.82506963788301,0.69361781811866,,,0.0049767873723305,0.0047757395754293,0.104976787372331,0.0047757395754293,0.0049767873723305,0.0047757395754293,2019.0,1997-10-23,,,2024,17
Carl Granderson,NO,DL,14405,weighted,,,,,,,,,,,,,,,,,,,,,,,,,,,,,,,,,,,,,,,,,,,,,2.6852739090065,0.758015622945041,,,0.0,0.0,0.165162488393686,0.0334301770280057,0.0049767873723305,0.0047757395754293,2019.0,1996-12-18,,,2024,17
B.J. Hill,CIN,DL,13742,weighted,,,,,,,,,,,,,,,,,,,,,,,,,,,,,,,,,,,,,,,,,,,,,2.30521819870009,1.01985635211731,,,0.0049767873723305,0.0047757395754293,0.185069637883008,0.0143272187262882,0.0049767873723305,0.0047757395754293,2018.0,1995-04-20,,,2024,17
George Karlaftis,KC,DL,15808,weighted,,,,,,,,,,,,,,,,,,,,,,,,,,,,,,,,,,,,,,,,,,,,,2.51517177344475,0.813868977242341,,,0.0049767873723305,0.0047757395754293,0.150232126276695,0.0477573957542939,0.0049767873723305,0.0047757395754293,2022.0,2001-04-03,,,2024,17
Jalen Carter,PHI,DL,16233,weighted,,,,,,,,,,,,,,,,,,,,,,,,,,,,,,,,,,,,,,,,,,,,,2.85491525423729,0.933380951166243,,,0.0,0.0,0.266040061633282,0.190918830920368,0.0049614791987673,0.0070710678118654,2023.0,2001-04-04,,,2024,17
Vita Vea,TB,DL,13692,weighted,,,,,,,,,,,,,,,,,,,,,,,,,,,,,,,,,,,,,,,,,,,,,2.30826369545033,0.957631739583339,,,0.0,0.0,0.0597214484679666,0.0573088749051527,0.0049767873723305,0.0047757395754293,2018.0,1995-02-05,,,2024,17
Zach Allen,DEN,DL,14153,weighted,,,,,,,,,,,,,,,,,,,,,,,,,,,,,,,,,,,,,,,,,,,,,2.79460708782743,0.989949493661166,,,0.0049614791987673,0.0070710678118654,0.119845916795069,0.0282842712474619,0.0049614791987673,0.0070710678118654,2019.0,1997-08-20,,,2024,17
Joseph Ossai,CIN,DL,15388,weighted,,,,,,,,,,,,,,,,,,,,,,,,,,,,,,,,,,,,,,,,,,,,,2.11448467966574,1.24693617198428,,,0.0,0.0,0.0646982358402971,0.062084614480582,0.0049767873723305,0.0047757395754293,2021.0,2000-04-13,Q,Illness,2024,17
Danielle Hunter,HOU,DL,12221,weighted,,,,,,,,,,,,,,,,,,,,,,,,,,,,,,,,,,,,,,,,,,,,,2.49470752089136,0.704134459973719,,,0.0,0.0,0.155208913649025,0.0429816561788645,0.0049767873723305,0.0047757395754293,2015.0,1994-10-29,,,2024,17
Justin Madubuike,BAL,DL,14900,weighted,,,,,,,,,,,,,,,,,,,,,,,,,,,,,,,,,,,,,,,,,,,,,2.45337442218798,1.21622366364086,,,0.0,0.0,0.0950385208012327,0.0070710678118654,0.0049614791987673,0.0070710678118654,2020.0,1997-11-17,,,2024,17
Will McDonald,NYJ,DL,16252,weighted,,,,,,,,,,,,,,,,,,,,,,,,,,,,,,,,,,,,,,,,,,,,,2.05779015784587,0.929460106571432,,,0.0049767873723305,0.0047757395754293,0.160185701021356,0.0382059166034351,0.0049767873723305,0.0047757395754293,2023.0,1999-06-04,,,2024,17
Gregory Rousseau,BUF,DL,15346,weighted,,,,,,,,,,,,,,,,,,,,,,,,,,,,,,,,,,,,,,,,,,,,,2.37078922934076,0.660220958833194,,,0.0049767873723305,0.0047757395754293,0.155208913649025,0.0429816561788645,0.0049767873723305,0.0047757395754293,2021.0,2000-04-05,,,2024,17
Calijah Kancey,TB,DL,16254,weighted,,,,,,,,,,,,,,,,,,,,,,,,,,,,,,,,,,,,,,,,,,,,,2.61103235747304,0.728319984622144,,,0.0049614791987673,0.0070710678118654,0.0496147919876733,0.0707106781186548,0.0049614791987673,0.0070710678118654,2023.0,2001-03-01,,,2024,17
Myles Garrett,CLE,DL,13198,weighted,,,,,,,,,,,,,,,,,,,,,,,,,,,,,,,,,,,,,,,,,,,,,2.43795728876509,0.606911474393651,,,0.0,0.0,0.0900464252553389,0.0095514791508587,0.0049767873723305,0.0047757395754293,2017.0,1995-12-29,,,2024,17
Andrew Van Ginkel,MIN,DL,14249,weighted,,,,,,,,,,,,,,,,,,,,,,,,,,,,,,,,,,,,,,,,,,,,,2.68344370860927,0.353553390593274,,,0.1,1.98041604282243e-17,0.3,0.0,0.1,1.98041604282243e-17,2019.0,1995-07-01,,,2024,17
Montez Sweat,CHI,DL,14148,weighted,,,,,,,,,,,,,,,,,,,,,,,,,,,,,,,,,,,,,,,,,,,,,2.07717734447539,0.631112958579712,,,0.0049767873723305,0.0047757395754293,0.150232126276695,0.0477573957542939,0.0049767873723305,0.0047757395754293,2019.0,1996-09-04,,,2024,17
Trey Hendrickson,CIN,DL,13284,weighted,,,,,,,,,,,,,,,,,,,,,,,,,,,,,,,,,,,,,,,,,,,,,2.0408356545961,0.642176578308827,,,0.0,0.0,0.140278551532033,0.0573088749051527,0.0049767873723305,0.0047757395754293,2017.0,1994-12-05,,,2024,17
Anfernee Jennings,NE,DL,14894,weighted,,,,,,,,,,,,,,,,,,,,,,,,,,,,,,,,,,,,,,,,,,,,,2.58344370860927,0.353553390593274,,,0.0,0.0,0.0,0.0,0.0,0.0,2020.0,1997-05-01,Q,Knee,2024,17
T.J. Watt,PIT,DL,13214,weighted,,,,,,,,,,,,,,,,,,,,,,,,,,,,,,,,,,,,,,,,,,,,,2.52993377483444,0.212132034355964,,,0.0,0.0,0.3,0.0,0.0,0.0,2017.0,1994-10-11,,,2024,17
Kwity Paye,IND,DL,15345,weighted,,,,,,,,,,,,,,,,,,,,,,,,,,,,,,,,,,,,,,,,,,,,,2.13311258278146,0.707106781186548,,,0.0,0.0,0.1,1.98041604282243e-17,0.0,0.0,2021.0,1998-11-19,,,2024,17
D.J. Wonnum,CAR,DL,14947,weighted,,,,,,,,,,,,,,,,,,,,,,,,,,,,,,,,,,,,,,,,,,,,,2.52675496688742,0.282842712474619,,,0.0,0.0,0.2,3.96083208564486e-17,0.0,0.0,2020.0,1997-10-31,Q,Shoulder,2024,17
Harold Landry,TEN,DL,13700,weighted,,,,,,,,,,,,,,,,,,,,,,,,,,,,,,,,,,,,,,,,,,,,,2.52675496688742,0.282842712474619,,,0.0,0.0,0.1,1.98041604282243e-17,0.0,0.0,2018.0,1996-06-05,,,2024,17
Alex Highsmith,PIT,DL,14940,weighted,,,,,,,,,,,,,,,,,,,,,,,,,,,,,,,,,,,,,,,,,,,,,2.17324503311258,0.282842712474619,,,0.0,0.0,0.2,3.96083208564486e-17,0.0,0.0,2020.0,1997-08-07,,,2024,17
Joey Bosa,LAC,DL,12686,weighted,,,,,,,,,,,,,,,,,,,,,,,,,,,,,,,,,,,,,,,,,,,,,2.00317880794702,0.494974746830583,,,0.0,0.0,0.1,1.98041604282243e-17,0.0,0.0,2016.0,1995-07-11,,,2024,17
YaYa Diaby,TB,DL,16278,weighted,,,,,,,,,,,,,,,,,,,,,,,,,,,,,,,,,,,,,,,,,,,,,2.34331125827815,0.0707106781186548,,,0.0,0.0,0.0,0.0,0.0,0.0,2023.0,1999-05-30,,,2024,17
Jarran Reed,SEA,DL,12698,weighted,,,,,,,,,,,,,,,,,,,,,,,,,,,,,,,,,,,,,,,,,,,,,1.73311258278146,0.707106781186547,,,0.1,1.98041604282243e-17,0.3,0.0,0.0,0.0,2016.0,1992-12-16,,,2024,17
Jonathan Greenard,MIN,DL,14882,weighted,,,,,,,,,,,,,,,,,,,,,,,,,,,,,,,,,,,,,,,,,,,,,2.3,0.0,,,0.0,0.0,0.1,1.98041604282243e-17,0.0,0.0,2020.0,1997-05-25,,,2024,17
Jadeveon Clowney,CAR,DL,11706,weighted,,,,,,,,,,,,,,,,,,,,,,,,,,,,,,,,,,,,,,,,,,,,,2.12993377483444,0.212132034355964,,,0.0,0.0,0.3,0.0,0.0,0.0,2014.0,1993-02-14,Q,Knee,2024,17
Khalil Mack,LAC,DL,11721,weighted,,,,,,,,,,,,,,,,,,,,,,,,,,,,,,,,,,,,,,,,,,,,,1.91655629139073,0.353553390593274,,,0.0,0.0,0.6,0.0,0.0,0.0,2014.0,1991-02-22,,,2024,17
Davon Hamilton,JAC,DL,14930,weighted,,,,,,,,,,,,,,,,,,,,,,,,,,,,,,,,,,,,,,,,,,,,,1.74649006622517,0.565685424949238,,,0.0,0.0,0.0,0.0,0.0,0.0,2020.0,1997-02-01,,,2024,17
Jonathon Cooper,DEN,DL,15484,weighted,,,,,,,,,,,,,,,,,,,,,,,,,,,,,,,,,,,,,,,,,,,,,2.07006622516556,0.212132034355964,,,0.0,0.0,0.1,1.98041604282243e-17,0.0,0.0,2021.0,1998-01-08,,,2024,17
Zaven Collins,ARI,DL,15352,weighted,,,,,,,,,,,,,,,,,,,,,,,,,,,,,,,,,,,,,,,,,,,,,1.92675496688742,0.282842712474619,,,0.0,0.0,0.1,1.98041604282243e-17,0.0,0.0,2021.0,1999-05-19,,,2024,17
Nik Bonitto,DEN,DL,15861,weighted,,,,,,,,,,,,,,,,,,,,,,,,,,,,,,,,,,,,,,,,,,,,,1.82993377483444,0.212132034355964,,,0.1,1.98041604282243e-17,0.2,3.96083208564486e-17,0.2,3.96083208564486e-17,2022.0,1999-09-26,,,2024,17
Josh Allen,JAC,DL,14167,weighted,,,,,,,,,,,,,,,,,,,,,,,,,,,,,,,,,,,,,,,,,,,,,1.77324503311258,0.282842712474619,,,0.0,0.0,0.1,1.98041604282243e-17,0.0,0.0,2019.0,1997-07-13,,,2024,17
Tyree Wilson,LVR,DL,16226,weighted,,,,,,,,,,,,,,,,,,,,,,,,,,,,,,,,,,,,,,,,,,,,,1.77324503311258,0.282842712474619,,,0.1,1.98041604282243e-17,0.2,3.96083208564486e-17,0.0,0.0,2023.0,2000-05-20,,,2024,17
Osa Odighizuwa,DAL,DL,15393,weighted,,,,,,,,,,,,,,,,,,,,,,,,,,,,,,,,,,,,,,,,,,,,,1.82993377483444,0.212132034355964,,,0.0,0.0,0.0,0.0,0.0,0.0,2021.0,1998-08-13,,,2024,17
Dorance Armstrong,WAS,DL,13759,weighted,,,,,,,,,,,,,,,,,,,,,,,,,,,,,,,,,,,,,,,,,,,,,1.82993377483444,0.212132034355964,,,0.0,0.0,0.0,0.0,0.0,0.0,2018.0,1997-06-10,,,2024,17
Travon Walker,JAC,DL,15815,weighted,,,,,,,,,,,,,,,,,,,,,,,,,,,,,,,,,,,,,,,,,,,,,1.95668874172185,0.0707106781186548,,,0.0,0.0,0.1,1.98041604282243e-17,0.1,1.98041604282243e-17,2022.0,2000-12-18,,,2024,17
Emmanuel Ogbah,MIA,DL,12691,weighted,,,,,,,,,,,,,,,,,,,,,,,,,,,,,,,,,,,,,,,,,,,,,1.82675496688742,0.282842712474619,,,0.0,0.0,0.1,1.98041604282243e-17,0.0,0.0,2016.0,1993-11-06,,,2024,17
Rashan Gary,GB,DL,14149,weighted,,,,,,,,,,,,,,,,,,,,,,,,,,,,,,,,,,,,,,,,,,,,,1.67324503311258,0.282842712474619,,,0.0,0.0,0.1,1.98041604282243e-17,0.0,0.0,2019.0,1997-12-03,,,2024,17
Arnold Ebiketie,ATL,DL,15851,weighted,,,,,,,,,,,,,,,,,,,,,,,,,,,,,,,,,,,,,,,,,,,,,1.84331125827815,0.0707106781186547,,,0.0,0.0,0.2,3.96083208564486e-17,0.0,0.0,2022.0,1999-01-23,,,2024,17
Dayo Odeyingbo,IND,DL,15386,weighted,,,,,,,,,,,,,,,,,,,,,,,,,,,,,,,,,,,,,,,,,,,,,1.50317880794702,0.494974746830583,,,0.0,0.0,0.0,0.0,0.0,0.0,2021.0,1999-09-24,,,2024,17
Yetur Gross-Matos,SF,DL,14878,weighted,,,,,,,,,,,,,,,,,,,,,,,,,,,,,,,,,,,,,,,,,,,,,1.61655629139073,0.353553390593274,,,0.0,0.0,0.0,0.0,0.0,0.0,2020.0,1998-02-26,,,2024,17
David Onyemata,ATL,DL,12782,weighted,,,,,,,,,,,,,,,,,,,,,,,,,,,,,,,,,,,,,,,,,,,,,1.72993377483444,0.212132034355964,,,0.0,0.0,0.1,1.98041604282243e-17,0.0,0.0,2016.0,1992-11-13,,,2024,17
Lorenzo Carter,ATL,DL,13703,weighted,,,,,,,,,,,,,,,,,,,,,,,,,,,,,,,,,,,,,,,,,,,,,1.72993377483444,0.212132034355964,,,0.0,0.0,0.1,1.98041604282243e-17,0.0,0.0,2018.0,1995-12-10,,,2024,17
Isaiah McGuire,CLE,DL,16300,weighted,,,,,,,,,,,,,,,,,,,,,,,,,,,,,,,,,,,,,,,,,,,,,1.59682119205298,0.494974746830583,,,0.0,0.0,0.0,0.0,0.0,0.0,2023.0,2001-07-27,,,2024,17
Michael Danna,KC,DL,14978,weighted,,,,,,,,,,,,,,,,,,,,,,,,,,,,,,,,,,,,,,,,,,,,,1.68344370860927,0.353553390593274,,,0.0,0.0,0.3,0.0,0.0,0.0,2020.0,1997-12-04,,,2024,17
Michael Hoecht,LAR,DL,15565,weighted,,,,,,,,,,,,,,,,,,,,,,,,,,,,,,,,,,,,,,,,,,,,,1.81337748344371,0.141421356237309,,,0.0,0.0,0.1,1.98041604282243e-17,0.0,0.0,2020.0,1997-10-05,,,2024,17
Gervon Dexter,CHI,DL,16265,weighted,,,,,,,,,,,,,,,,,,,,,,,,,,,,,,,,,,,,,,,,,,,,,1.85668874172185,0.0707106781186547,,,0.0,0.0,0.1,1.98041604282243e-17,0.0,0.0,2023.0,2000-10-05,,,2024,17
Davon Godchaux,NE,DL,13317,weighted,,,,,,,,,,,,,,,,,,,,,,,,,,,,,,,,,,,,,,,,,,,,,1.68344370860927,0.353553390593274,,,0.0,0.0,0.1,1.98041604282243e-17,0.0,0.0,2017.0,1994-11-11,,,2024,17
Will Anderson,HOU,DL,16223,weighted,,,,,,,,,,,,,,,,,,,,,,,,,,,,,,,,,,,,,,,,,,,,,1.74331125827815,0.0707106781186548,,,0.0,0.0,0.2,3.96083208564486e-17,0.0,0.0,2023.0,2001-09-02,,,2024,17
Grover Stewart,IND,DL,13298,weighted,,,,,,,,,,,,,,,,,,,,,,,,,,,,,,,,,,,,,,,,,,,,,1.8,0.0,,,0.0,0.0,0.2,3.96083208564486e-17,0.0,0.0,2017.0,1993-10-20,,,2024,17
Leonard Floyd,SF,DL,12734,weighted,,,,,,,,,,,,,,,,,,,,,,,,,,,,,,,,,,,,,,,,,,,,,1.74331125827815,0.0707106781186548,,,0.0,0.0,0.1,1.98041604282243e-17,0.0,0.0,2016.0,1992-09-08,Q,Shoulder,2024,17
Da'Ron Payne,WAS,DL,13723,weighted,,,,,,,,,,,,,,,,,,,,,,,,,,,,,,,,,,,,,,,,,,,,,1.57324503311258,0.282842712474619,,,0.0,0.0,0.1,1.98041604282243e-17,0.0,0.0,2018.0,1997-05-27,,,2024,17
Jer'Zhan Newton,WAS,DL,16692,weighted,,,,,,,,,,,,,,,,,,,,,,,,,,,,,,,,,,,,,,,,,,,,,1.45986754966887,0.424264068711929,,,0.0,0.0,0.2,3.96083208564486e-17,0.0,0.0,2024.0,2002-08-31,,,2024,17
Laiatu Latu,IND,DL,16651,weighted,,,,,,,,,,,,,,,,,,,,,,,,,,,,,,,,,,,,,,,,,,,,,1.51655629139073,0.353553390593274,,,0.0,0.0,0.0,0.0,0.0,0.0,2024.0,2000-12-31,,,2024,17
Shy Tuttle,CAR,DL,14675,weighted,,,,,,,,,,,,,,,,,,,,,,,,,,,,,,,,,,,,,,,,,,,,,1.68662251655629,0.141421356237309,,,0.0,0.0,0.3,0.0,0.0,0.0,2019.0,1995-10-20,,,2024,17
Devonte Wyatt,GB,DL,15819,weighted,,,,,,,,,,,,,,,,,,,,,,,,,,,,,,,,,,,,,,,,,,,,,1.34649006622517,0.565685424949238,,,0.0,0.0,0.0,0.0,0.0,0.0,2022.0,1998-03-31,,,2024,17
DeMarcus Walker,CHI,DL,13258,weighted,,,,,,,,,,,,,,,,,,,,,,,,,,,,,,,,,,,,,,,,,,,,,1.75668874172185,0.0707106781186548,,,0.0,0.0,0.0,0.0,0.0,0.0,2017.0,1994-09-30,,,2024,17
Matt Judon,ATL,DL,12795,weighted,,,,,,,,,,,,,,,,,,,,,,,,,,,,,,,,,,,,,,,,,,,,,1.58662251655629,0.141421356237309,,,0.1,1.98041604282243e-17,0.4,7.92166417128973e-17,0.1,1.98041604282243e-17,2016.0,,,,2024,17
Tuli Tuipulotu,LAC,DL,16266,weighted,,,,,,,,,,,,,,,,,,,,,,,,,,,,,,,,,,,,,,,,,,,,,1.41655629139073,0.353553390593274,,,0.0,0.0,0.1,1.98041604282243e-17,0.0,0.0,2023.0,2002-09-03,,,2024,17
Clelin Ferrell,WAS,DL,14151,weighted,,,,,,,,,,,,,,,,,,,,,,,,,,,,,,,,,,,,,,,,,,,,,1.18980132450331,0.636396103067893,,,0.0,0.0,0.0,0.0,0.0,0.0,2019.0,1997-05-17,,,2024,17
Dante Fowler,WAS,DL,12217,weighted,,,,,,,,,,,,,,,,,,,,,,,,,,,,,,,,,,,,,,,,,,,,,1.61337748344371,0.141421356237309,,,0.1,1.98041604282243e-17,0.1,1.98041604282243e-17,0.1,1.98041604282243e-17,,1994-08-03,,,2024,17
Dante Stills,ARI,DL,16344,weighted,,,,,,,,,,,,,,,,,,,,,,,,,,,,,,,,,,,,,,,,,,,,,1.44013245033113,0.424264068711928,,,0.0,0.0,0.0,0.0,0.0,0.0,2023.0,1999-12-14,,,2024,17
John Jenkins,LVR,DL,11286,weighted,,,,,,,,,,,,,,,,,,,,,,,,,,,,,,,,,,,,,,,,,,,,,1.26688741721854,0.707106781186548,,,0.0,0.0,0.1,1.98041604282243e-17,0.0,0.0,2013.0,1989-07-11,,,2024,17
Chase Young,NO,DL,14877,weighted,,,,,,,,,,,,,,,,,,,,,,,,,,,,,,,,,,,,,,,,,,,,,1.25986754966887,0.424264068711929,,,0.0,0.0,0.2,3.96083208564486e-17,0.0,0.0,2020.0,1999-04-14,,,2024,17
Jayson Oweh,BAL,DL,15378,weighted,,,,,,,,,,,,,,,,,,,,,,,,,,,,,,,,,,,,,,,,,,,,,1.48662251655629,0.14142135623731,,,0.0,0.0,0.0,0.0,0.0,0.0,2021.0,1998-12-15,,,2024,17
Khalen Saunders,NO,DL,14215,weighted,,,,,,,,,,,,,,,,,,,,,,,,,,,,,,,,,,,,,,,,,,,,,1.31655629139073,0.353553390593274,,,0.0,0.0,0.3,0.0,0.0,0.0,2019.0,1970-01-01,,,2024,17
Cameron Jordan,NO,DL,10292,weighted,,,,,,,,,,,,,,,,,,,,,,,,,,,,,,,,,,,,,,,,,,,,,1.48662251655629,0.14142135623731,,,0.0,0.0,0.3,0.0,0.0,0.0,2011.0,1989-07-10,,,2024,17
Arden Key,TEN,DL,13682,weighted,,,,,,,,,,,,,,,,,,,,,,,,,,,,,,,,,,,,,,,,,,,,,1.6,3.16866566851589e-16,,,0.0,0.0,0.1,1.98041604282243e-17,0.0,0.0,2018.0,1996-05-03,,,2024,17
Dalvin Tomlinson,CLE,DL,13260,weighted,,,,,,,,,,,,,,,,,,,,,,,,,,,,,,,,,,,,,,,,,,,,,1.31655629139073,0.353553390593274,,,0.0,0.0,0.0,0.0,0.0,0.0,2017.0,1994-02-18,,,2024,17
Kenny Clark,GB,DL,12739,weighted,,,,,,,,,,,,,,,,,,,,,,,,,,,,,,,,,,,,,,,,,,,,,1.48662251655629,0.14142135623731,,,0.0,0.0,0.1,1.98041604282243e-17,0.0,0.0,2016.0,1995-10-04,,,2024,17
Javon Kinlaw,NYJ,DL,14899,weighted,,,,,,,,,,,,,,,,,,,,,,,,,,,,,,,,,,,,,,,,,,,,,1.54331125827815,0.0707106781186548,,,0.0,0.0,0.0,0.0,0.0,0.0,2020.0,1997-10-03,,,2024,17
Quinnen Williams,NYJ,DL,14157,weighted,,,,,,,,,,,,,,,,,,,,,,,,,,,,,,,,,,,,,,,,,,,,,1.54331125827815,0.0707106781186548,,,0.0,0.0,0.0,0.0,0.0,0.0,2019.0,1997-12-21,Q,Hamstring,2024,17
Mazi Smith,DAL,DL,16258,weighted,,,,,,,,,,,,,,,,,,,,,,,,,,,,,,,,,,,,,,,,,,,,,1.37324503311258,0.282842712474619,,,0.0,0.0,0.0,0.0,0.0,0.0,2023.0,2001-06-16,,,2024,17
Joe Tryon,TB,DL,15379,weighted,,,,,,,,,,,,,,,,,,,,,,,,,,,,,,,,,,,,,,,,,,,,,1.42993377483444,0.212132034355964,,,0.0,0.0,0.1,1.98041604282243e-17,0.0,0.0,2021.0,1999-04-30,,,2024,17
Harrison Phillips,MIN,DL,13693,weighted,,,,,,,,,,,,,,,,,,,,,,,,,,,,,,,,,,,,,,,,,,,,,1.34013245033113,0.424264068711929,,,0.0,0.0,0.2,3.96083208564486e-17,0.0,0.0,2018.0,1996-01-25,,,2024,17
Chop Robinson,MIA,DL,16655,weighted,,,,,,,,,,,,,,,,,,,,,,,,,,,,,,,,,,,,,,,,,,,,,1.38662251655629,0.141421356237309,,,0.0,0.0,0.4,7.92166417128973e-17,0.0,0.0,2024.0,2003-01-02,,,2024,17
Boye Mafe,SEA,DL,15853,weighted,,,,,,,,,,,,,,,,,,,,,,,,,,,,,,,,,,,,,,,,,,,,,1.38662251655629,0.141421356237309,,,0.0,0.0,0.3,0.0,0.0,0.0,2022.0,1998-11-30,,,2024,17
Tershawn Wharton,KC,DL,15081,weighted,,,,,,,,,,,,,,,,,,,,,,,,,,,,,,,,,,,,,,,,,,,,,1.44331125827815,0.0707106781186548,,,0.0,0.0,0.1,1.98041604282243e-17,0.0,0.0,2020.0,1998-06-25,,,2024,17
Josh Paschal,DET,DL,15855,weighted,,,,,,,,,,,,,,,,,,,,,,,,,,,,,,,,,,,,,,,,,,,,,1.5,0.0,,,0.0,0.0,0.1,1.98041604282243e-17,0.0,0.0,2022.0,1999-12-17,,,2024,17
Jordan Davis,PHI,DL,15817,weighted,,,,,,,,,,,,,,,,,,,,,,,,,,,,,,,,,,,,,,,,,,,,,1.21655629139073,0.353553390593274,,,0.0,0.0,0.1,1.98041604282243e-17,0.0,0.0,2022.0,2000-01-12,,,2024,17
Jordon Riley,NYG,DL,16363,weighted,,,,,,,,,,,,,,,,,,,,,,,,,,,,,,,,,,,,,,,,,,,,,1.21655629139073,0.353553390593274,,,0.0,0.0,0.1,1.98041604282243e-17,0.0,0.0,2023.0,1998-05-19,,,2024,17
D.J. Jones,DEN,DL,13332,weighted,,,,,,,,,,,,,,,,,,,,,,,,,,,,,,,,,,,,,,,,,,,,,1.27324503311258,0.282842712474619,,,0.0,0.0,0.2,3.96083208564486e-17,0.0,0.0,2017.0,1995-01-19,,,2024,17
Derek Barnett,HOU,DL,13201,weighted,,,,,,,,,,,,,,,,,,,,,,,,,,,,,,,,,,,,,,,,,,,,,1.04649006622517,0.565685424949238,,,0.0,0.0,0.0,0.0,0.0,0.0,2017.0,1996-06-25,,,2024,17
Sam Okuayinonu,SF,DL,16077,weighted,,,,,,,,,,,,,,,,,,,,,,,,,,,,,,,,,,,,,,,,,,,,,0.876423841059603,0.777817459305202,,,0.0,0.0,0.1,1.98041604282243e-17,0.0,0.0,2022.0,1998-05-01,,,2024,17
Arik Armstead,JAC,DL,12218,weighted,,,,,,,,,,,,,,,,,,,,,,,,,,,,,,,,,,,,,,,,,,,,,1.21655629139073,0.353553390593274,,,0.0,0.0,0.1,1.98041604282243e-17,0.0,0.0,2015.0,1993-11-15,,,2024,17
Jordan Elliott,SF,DL,14934,weighted,,,,,,,,,,,,,,,,,,,,,,,,,,,,,,,,,,,,,,,,,,,,,1.21655629139073,0.353553390593274,,,0.0,0.0,0.1,1.98041604282243e-17,0.0,0.0,2020.0,1997-11-23,,,2024,17
T'Vondre Sweat,TEN,DL,16693,weighted,,,,,,,,,,,,,,,,,,,,,,,,,,,,,,,,,,,,,,,,,,,,,1.32675496688742,0.282842712474619,,,0.0,0.0,0.1,1.98041604282243e-17,0.0,0.0,2024.0,2001-07-11,,,2024,17
Bobby Brown,LAR,DL,15412,weighted,,,,,,,,,,,,,,,,,,,,,,,,,,,,,,,,,,,,,,,,,,,,,1.28344370860927,0.353553390593274,,,0.0,0.0,0.0,0.0,0.0,0.0,2021.0,2000-08-07,,,2024,17
Derick Hall,SEA,DL,16235,weighted,,,,,,,,,,,,,,,,,,,,,,,,,,,,,,,,,,,,,,,,,,,,,1.17324503311258,0.282842712474619,,,0.0,0.0,0.0,0.0,0.1,1.98041604282243e-17,2023.0,2001-03-19,,,2024,17
Patrick Jones,MIN,DL,15398,weighted,,,,,,,,,,,,,,,,,,,,,,,,,,,,,,,,,,,,,,,,,,,,,1.17324503311258,0.282842712474619,,,0.0,0.0,0.0,0.0,0.0,0.0,2021.0,1998-09-29,,,2024,17
DJ Johnson,CAR,DL,16277,weighted,,,,,,,,,,,,,,,,,,,,,,,,,,,,,,,,,,,,,,,,,,,,,1.00317880794702,0.494974746830583,,,0.0,0.0,0.1,1.98041604282243e-17,0.0,0.0,2023.0,1998-10-21,,,2024,17
Tyquan Lewis,IND,DL,13687,weighted,,,,,,,,,,,,,,,,,,,,,,,,,,,,,,,,,,,,,,,,,,,,,1.17324503311258,0.282842712474619,,,0.0,0.0,0.1,1.98041604282243e-17,0.0,0.0,2018.0,,,,2024,17
Johnathan Hankins,SEA,DL,11281,weighted,,,,,,,,,,,,,,,,,,,,,,,,,,,,,,,,,,,,,,,,,,,,,1.00317880794702,0.494974746830583,,,0.1,1.98041604282243e-17,0.1,1.98041604282243e-17,0.0,0.0,2013.0,1992-01-01,,,2024,17
Jeremiah Ledbetter,JAC,DL,13336,weighted,,,,,,,,,,,,,,,,,,,,,,,,,,,,,,,,,,,,,,,,,,,,,1.34331125827815,0.0707106781186547,,,0.0,0.0,0.0,0.0,0.0,0.0,2017.0,1994-06-02,,,2024,17
A.J. Epenesa,BUF,DL,14879,weighted,,,,,,,,,,,,,,,,,,,,,,,,,,,,,,,,,,,,,,,,,,,,,1.31337748344371,0.141421356237309,,,0.0,0.0,0.2,3.96083208564486e-17,0.0,0.0,2020.0,1998-09-15,,,2024,17
ZaDarius Smith,DET,DL,12301,weighted,,,,,,,,,,,,,,,,,,,,,,,,,,,,,,,,,,,,,,,,,,,,,1.27006622516556,0.212132034355964,,,0.0,0.0,0.0,0.0,0.0,0.0,,1992-09-08,,,2024,17
Tavius Robinson,BAL,DL,16298,weighted,,,,,,,,,,,,,,,,,,,,,,,,,,,,,,,,,,,,,,,,,,,,,1.14013245033113,0.424264068711928,,,0.0,0.0,0.1,1.98041604282243e-17,0.0,0.0,2023.0,1999-01-03,,,2024,17
Keeanu Benton,PIT,DL,16264,weighted,,,,,,,,,,,,,,,,,,,,,,,,,,,,,,,,,,,,,,,,,,,,,1.18344370860927,0.353553390593274,,,0.1,1.98041604282243e-17,0.4,7.92166417128973e-17,0.0,0.0,2023.0,2001-07-17,,,2024,17
Roy Lopez,ARI,DL,15461,weighted,,,,,,,,,,,,,,,,,,,,,,,,,,,,,,,,,,,,,,,,,,,,,1.18344370860927,0.353553390593274,,,0.0,0.0,0.2,3.96083208564486e-17,0.0,0.0,2021.0,1997-08-07,,,2024,17
Kris Jenkins,CIN,DL,16662,weighted,,,,,,,,,,,,,,,,,,,,,,,,,,,,,,,,,,,,,,,,,,,,,1.14013245033113,0.424264068711928,,,0.0,0.0,0.1,1.98041604282243e-17,0.0,0.0,2024.0,2001-10-10,,,2024,17
L.J. Collier,ARI,DL,14155,weighted,,,,,,,,,,,,,,,,,,,,,,,,,,,,,,,,,,,,,,,,,,,,,1.24331125827815,0.0707106781186548,,,0.0,0.0,0.1,1.98041604282243e-17,0.0,0.0,2019.0,1995-09-12,,,2024,17
Maliek Collins,SF,DL,12754,weighted,,,,,,,,,,,,,,,,,,,,,,,,,,,,,,,,,,,,,,,,,,,,,1.24331125827815,0.0707106781186548,,,0.0,0.0,0.0,0.0,0.0,0.0,2016.0,1995-04-08,,,2024,17
Anthony Nelson,TB,DL,14154,weighted,,,,,,,,,,,,,,,,,,,,,,,,,,,,,,,,,,,,,,,,,,,,,1.24331125827815,0.0707106781186548,,,0.0,0.0,0.1,1.98041604282243e-17,0.0,0.0,2019.0,1997-03-04,,,2024,17
Nathan Shepherd,NO,DL,13744,weighted,,,,,,,,,,,,,,,,,,,,,,,,,,,,,,,,,,,,,,,,,,,,,1.3,0.0,,,0.0,0.0,0.1,1.98041604282243e-17,0.0,0.0,2018.0,1993-10-09,Q,Eye,2024,17
Haason Reddick,NYJ,DL,13245,weighted,,,,,,,,,,,,,,,,,,,,,,,,,,,,,,,,,,,,,,,,,,,,,1.24331125827815,0.0707106781186548,,,0.0,0.0,0.1,1.98041604282243e-17,0.0,0.0,2017.0,1994-09-22,Q,Neck,2024,17
Austin Booker,CHI,DL,16734,weighted,,,,,,,,,,,,,,,,,,,,,,,,,,,,,,,,,,,,,,,,,,,,,0.90317880794702,0.494974746830583,,,0.0,0.0,0.0,0.0,0.0,0.0,2024.0,2002-12-14,,,2024,17
Levi Onwuzurike,DET,DL,15382,weighted,,,,,,,,,,,,,,,,,,,,,,,,,,,,,,,,,,,,,,,,,,,,,1.17006622516556,0.212132034355964,,,0.0,0.0,0.1,1.98041604282243e-17,0.0,0.0,2021.0,1998-03-02,,,2024,17
Michael Hall Jr.,CLE,DL,16661,weighted,,,,,,,,,,,,,,,,,,,,,,,,,,,,,,,,,,,,,,,,,,,,,1.17006622516556,0.212132034355964,,,0.0,0.0,0.0,0.0,0.0,0.0,2024.0,2003-06-13,,,2024,17
Denico Autry,HOU,DL,12083,weighted,,,,,,,,,,,,,,,,,,,,,,,,,,,,,,,,,,,,,,,,,,,,,1.14331125827815,0.0707106781186547,,,0.0,0.0,0.2,3.96083208564486e-17,0.0,0.0,,,,,2024,17
Von Miller,BUF,DL,10267,weighted,,,,,,,,,,,,,,,,,,,,,,,,,,,,,,,,,,,,,,,,,,,,,0.916556291390728,0.353553390593274,,,0.1,1.98041604282243e-17,0.1,1.98041604282243e-17,0.0,0.0,2011.0,1989-03-26,,,2024,17
Cameron Thomas,CLE,DL,15814,weighted,,,,,,,,,,,,,,,,,,,,,,,,,,,,,,,,,,,,,,,,,,,,,1.08662251655629,0.141421356237309,,,0.0,0.0,0.0,0.0,0.0,0.0,2022.0,2000-07-01,,,2024,17
Darrell Taylor,CHI,DL,14923,weighted,,,,,,,,,,,,,,,,,,,,,,,,,,,,,,,,,,,,,,,,,,,,,1.02993377483444,0.212132034355964,,,0.0,0.0,0.2,3.96083208564486e-17,0.0,0.0,2020.0,1997-03-24,,,2024,17
Myles Murphy,CIN,DL,16224,weighted,,,,,,,,,,,,,,,,,,,,,,,,,,,,,,,,,,,,,,,,,,,,,1.11337748344371,0.141421356237309,,,0.0,0.0,0.1,1.98041604282243e-17,0.0,0.0,2023.0,2002-01-03,,,2024,17
Charles Snowden,LVR,DL,15515,weighted,,,,,,,,,,,,,,,,,,,,,,,,,,,,,,,,,,,,,,,,,,,,,1.11337748344371,0.141421356237309,,,0.0,0.0,0.2,3.96083208564486e-17,0.0,0.0,2021.0,1998-03-27,,,2024,17
Micheal Clemons,NYJ,DL,15878,weighted,,,,,,,,,,,,,,,,,,,,,,,,,,,,,,,,,,,,,,,,,,,,,1.11337748344371,0.141421356237309,,,0.0,0.0,0.0,0.0,0.0,0.0,2022.0,1997-08-21,,,2024,17
Ed Oliver,BUF,DL,14158,weighted,,,,,,,,,,,,,,,,,,,,,,,,,,,,,,,,,,,,,,,,,,,,,1.11337748344371,0.141421356237309,,,0.0,0.0,0.1,1.98041604282243e-17,0.0,0.0,2019.0,1997-12-12,,,2024,17
Tedarrell Slaton,GB,DL,15446,weighted,,,,,,,,,,,,,,,,,,,,,,,,,,,,,,,,,,,,,,,,,,,,,1.11337748344371,0.141421356237309,,,0.0,0.0,0.0,0.0,0.0,0.0,2021.0,1997-10-03,,,2024,17
Tyler Lacy,JAC,DL,16302,weighted,,,,,,,,,,,,,,,,,,,,,,,,,,,,,,,,,,,,,,,,,,,,,1.11337748344371,0.141421356237309,,,0.0,0.0,0.0,0.0,0.0,0.0,2023.0,1999-11-10,,,2024,17
Bryan Bresee,NO,DL,16256,weighted,,,,,,,,,,,,,,,,,,,,,,,,,,,,,,,,,,,,,,,,,,,,,0.986622516556291,0.14142135623731,,,0.0,0.0,0.4,7.92166417128973e-17,0.0,0.0,2023.0,2001-10-06,,,2024,17
Bud Dupree,LAC,DL,12234,weighted,,,,,,,,,,,,,,,,,,,,,,,,,,,,,,,,,,,,,,,,,,,,,0.986622516556291,0.14142135623731,,,0.1,1.98041604282243e-17,0.1,1.98041604282243e-17,0.0,0.0,2015.0,1993-02-12,,,2024,17
Naquan Jones,ARI,DL,15618,weighted,,,,,,,,,,,,,,,,,,,,,,,,,,,,,,,,,,,,,,,,,,,,,0.986622516556291,0.14142135623731,,,0.0,0.0,0.2,3.96083208564486e-17,0.0,0.0,2021.0,1998-02-05,,,2024,17
Otito Ogbonnia,LAC,DL,15898,weighted,,,,,,,,,,,,,,,,,,,,,,,,,,,,,,,,,,,,,,,,,,,,,1.1,0.0,,,0.0,0.0,0.0,0.0,0.0,0.0,2022.0,2000-08-25,,,2024,17
Benito Jones,MIA,DL,15165,weighted,,,,,,,,,,,,,,,,,,,,,,,,,,,,,,,,,,,,,,,,,,,,,0.929933774834437,0.212132034355964,,,0.0,0.0,0.0,0.0,0.0,0.0,2020.0,1997-11-27,,,2024,17
Payton Turner,NO,DL,15376,weighted,,,,,,,,,,,,,,,,,,,,,,,,,,,,,,,,,,,,,,,,,,,,,0.926754966887417,0.282842712474619,,,0.0,0.0,0.3,0.0,0.0,0.0,2021.0,1999-01-07,,,2024,17
Dallas Turner,MIN,DL,16650,weighted,,,,,,,,,,,,,,,,,,,,,,,,,,,,,,,,,,,,,,,,,,,,,1.05668874172185,0.0707106781186548,,,0.1,1.98041604282243e-17,0.1,1.98041604282243e-17,0.0,0.0,2024.0,2003-02-02,,,2024,17
Darius Robinson,ARI,DL,16660,weighted,,,,,,,,,,,,,,,,,,,,,,,,,,,,,,,,,,,,,,,,,,,,,0.926754966887417,0.282842712474619,,,0.0,0.0,0.1,1.98041604282243e-17,0.0,0.0,2024.0,2001-09-13,,,2024,17
Sheldon Day,WAS,DL,12771,weighted,,,,,,,,,,,,,,,,,,,,,,,,,,,,,,,,,,,,,,,,,,,,,1.05668874172185,0.0707106781186548,,,0.0,0.0,0.2,3.96083208564486e-17,0.0,0.0,2016.0,1994-07-01,,,2024,17
Pat OConnor,DET,DL,13365,weighted,,,,,,,,,,,,,,,,,,,,,,,,,,,,,,,,,,,,,,,,,,,,,0.710198675496689,0.636396103067893,,,0.0,0.0,0.0,0.0,0.0,0.0,2017.0,1993-11-01,,,2024,17
Jeremiah Pharms,NE,DL,16510,weighted,,,,,,,,,,,,,,,,,,,,,,,,,,,,,,,,,,,,,,,,,,,,,1.05668874172185,0.0707106781186548,,,0.0,0.0,0.0,0.0,0.0,0.0,2022.0,1996-10-16,,,2024,17
Mario Edwards,HOU,DL,12219,weighted,,,,,,,,,,,,,,,,,,,,,,,,,,,,,,,,,,,,,,,,,,,,,0.970066225165563,0.212132034355964,,,0.0,0.0,0.1,1.98041604282243e-17,0.0,0.0,,1994-01-25,,,2024,17
Cory Durden,NYG,DL,16520,weighted,,,,,,,,,,,,,,,,,,,,,,,,,,,,,,,,,,,,,,,,,,,,,0.840132450331126,0.424264068711929,,,0.0,0.0,0.0,0.0,0.0,0.0,2023.0,1999-01-26,,,2024,17
Solomon Thomas,NYJ,DL,13199,weighted,,,,,,,,,,,,,,,,,,,,,,,,,,,,,,,,,,,,,,,,,,,,,0.943311258278146,0.0707106781186547,,,0.0,0.0,0.1,1.98041604282243e-17,0.0,0.0,2017.0,1995-08-26,,,2024,17
D.J. Reader,DET,DL,12802,weighted,,,,,,,,,,,,,,,,,,,,,,,,,,,,,,,,,,,,,,,,,,,,,0.943311258278146,0.0707106781186547,,,0.0,0.0,0.1,1.98041604282243e-17,0.0,0.0,2016.0,1994-07-01,,,2024,17
Michael Pierce,BAL,DL,12952,weighted,,,,,,,,,,,,,,,,,,,,,,,,,,,,,,,,,,,,,,,,,,,,,0.829933774834437,0.212132034355964,,,0.0,0.0,0.1,1.98041604282243e-17,0.0,0.0,2016.0,1992-11-06,,,2024,17
Javontae Jean-Baptiste,WAS,DL,16780,weighted,,,,,,,,,,,,,,,,,,,,,,,,,,,,,,,,,,,,,,,,,,,,,0.673245033112583,0.282842712474619,,,0.0,0.0,0.1,1.98041604282243e-17,0.0,0.0,2024.0,2000-05-16,,,2024,17
DaQuan Jones,BUF,DL,11793,weighted,,,,,,,,,,,,,,,,,,,,,,,,,,,,,,,,,,,,,,,,,,,,,0.843311258278146,0.0707106781186547,,,0.0,0.0,0.1,1.98041604282243e-17,0.0,0.0,2014.0,1991-12-17,,,2024,17
Chris Braswell,TB,DL,16656,weighted,,,,,,,,,,,,,,,,,,,,,,,,,,,,,,,,,,,,,,,,,,,,,0.673245033112583,0.282842712474619,,,0.0,0.0,0.0,0.0,0.0,0.0,2024.0,,,,2024,17
Jaylen Harrell,TEN,DL,16800,weighted,,,,,,,,,,,,,,,,,,,,,,,,,,,,,,,,,,,,,,,,,,,,,0.726754966887417,0.282842712474619,,,0.0,0.0,0.0,0.0,0.0,0.0,2024.0,2002-05-01,,,2024,17
Marshawn Kneeland,DAL,DL,16699,weighted,,,,,,,,,,,,,,,,,,,,,,,,,,,,,,,,,,,,,,,,,,,,,0.856688741721854,0.0707106781186547,,,0.0,0.0,0.1,1.98041604282243e-17,0.0,0.0,2024.0,2001-07-08,,,2024,17
Al-Quadin Muhammad,DET,DL,13330,weighted,,,,,,,,,,,,,,,,,,,,,,,,,,,,,,,,,,,,,,,,,,,,,0.743311258278146,0.0707106781186548,,,0.0,0.0,0.1,1.98041604282243e-17,0.0,0.0,2017.0,1995-03-28,,,2024,17
Derrick Nnadi,KC,DL,13745,weighted,,,,,,,,,,,,,,,,,,,,,,,,,,,,,,,,,,,,,,,,,,,,,0.8,1.58433283425795e-16,,,0.0,0.0,0.1,1.98041604282243e-17,0.0,0.0,2018.0,1996-05-09,,,2024,17
Dawuane Smoot,BUF,DL,13267,weighted,,,,,,,,,,,,,,,,,,,,,,,,,,,,,,,,,,,,,,,,,,,,,0.743311258278146,0.0707106781186548,,,0.0,0.0,0.1,1.98041604282243e-17,0.0,0.0,2017.0,1995-03-02,,,2024,17
Yannick Ngakoue,NE,DL,12756,weighted,,,,,,,,,,,,,,,,,,,,,,,,,,,,,,,,,,,,,,,,,,,,,0.756688741721854,0.0707106781186548,,,0.0,0.0,0.0,0.0,0.0,0.0,2016.0,1995-03-31,,,2024,17
Roy Robertson-Harris,SEA,DL,13434,weighted,,,,,,,,,,,,,,,,,,,,,,,,,,,,,,,,,,,,,,,,,,,,,0.7,0.0,,,0.0,0.0,0.1,1.98041604282243e-17,0.0,0.0,2016.0,1993-07-23,,,2024,17
Eric Watts,NYJ,DL,16893,weighted,,,,,,,,,,,,,,,,,,,,,,,,,,,,,,,,,,,,,,,,,,,,,0.7,0.0,,,0.0,0.0,0.0,0.0,0.0,0.0,2024.0,2000-10-01,,,2024,17
Karl Brooks,GB,DL,16324,weighted,,,,,,,,,,,,,,,,,,,,,,,,,,,,,,,,,,,,,,,,,,,,,0.543311258278146,0.0707106781186547,,,0.0,0.0,0.1,1.98041604282243e-17,0.0,0.0,2023.0,2000-05-08,,,2024,17
Cedric Johnson,CIN,DL,16777,weighted,,,,,,,,,,,,,,,,,,,,,,,,,,,,,,,,,,,,,,,,,,,,,0.486622516556291,0.141421356237309,,,0.0,0.0,0.0,0.0,0.0,0.0,2024.0,2002-09-06,,,2024,17
Arron Mosby,GB,DL,16082,weighted,,,,,,,,,,,,,,,,,,,,,,,,,,,,,,,,,,,,,,,,,,,,,0.343311258278146,0.0707106781186548,,,0.0,0.0,0.1,1.98041604282243e-17,0.0,0.0,2022.0,1999-04-13,,,2024,17
Jamien Sherwood,NYJ,LB,15428,weighted,,,,,,,,,,,,,,,,,,,,,,,,,,,,,,,,,,,,,,,,,,,,,7.21385329619313,2.28704991924021,,,0.0149303621169916,0.0143272187262882,0.214466109563603,0.109842010234876,0.0049767873723305,0.0047757395754293,2021.0,2000-01-12,,,2024,17
Roquan Smith,BAL,LB,13696,weighted,,,,,,,,,,,,,,,,,,,,,,,,,,,,,,,,,,,,,,,,,,,,,6.9380687093779,2.45448027088122,,,0.0950232126276695,0.0047757395754293,0.374651810584958,0.0716360936314408,0.0049767873723305,0.0047757395754293,2018.0,1997-04-08,,,2024,17
Zaire Franklin,IND,LB,13837,weighted,,,,,,,,,,,,,,,,,,,,,,,,,,,,,,,,,,,,,,,,,,,,,7.098904363974,2.2588842798407,,,0.0800928505106778,0.0191029583017176,0.390046425255339,0.0095514791508587,0.0049767873723305,0.0047757395754293,2018.0,1996-07-02,,,2024,17
Ernest Jones,SEA,LB,15404,weighted,,,,,,,,,,,,,,,,,,,,,,,,,,,,,,,,,,,,,,,,,,,,,6.69270194986072,2.54753968150345,,,0.0800928505106778,0.0191029583017176,0.284605385329619,0.0811875727822996,0.0049767873723305,0.0047757395754293,2021.0,1999-11-22,,,2024,17
Ernest Jones,SEA,LB,15404,weighted,,,,,,,,,,,,,,,,,,,,,,,,,,,,,,,,,,,,,,,,,,,,,6.69270194986072,2.54753968150345,,,0.0800928505106778,0.0191029583017176,0.284605385329619,0.0811875727822996,0.0049767873723305,0.0047757395754293,2021.0,2004-06-08,,,2024,17
Isaiah McDuffie,GB,LB,15473,weighted,,,,,,,,,,,,,,,,,,,,,,,,,,,,,,,,,,,,,,,,,,,,,6.10315691736305,3.04504154458167,,,0.0199071494893222,0.0191029583017175,0.269675023212628,0.0668603540560114,0.0049767873723305,0.0047757395754293,2021.0,1999-07-21,,,2024,17
Daiyan Henley,LAC,LB,16280,weighted,,,,,,,,,,,,,,,,,,,,,,,,,,,,,,,,,,,,,,,,,,,,,6.80570102135562,2.23064580444579,,,0.0149303621169916,0.0143272187262882,0.415394614670381,0.0811875727822996,0.0049767873723305,0.0047757395754293,2023.0,1999-11-18,,,2024,17
Bobby Wagner,WAS,LB,10775,weighted,,,,,,,,,,,,,,,,,,,,,,,,,,,,,,,,,,,,,,,,,,,,,6.60869080779944,2.23625534087594,,,0.0348375116063138,0.0334301770280057,0.29455896007428,0.0907390519331584,0.0049767873723305,0.0047757395754293,2012.0,1990-06-27,,,2024,17
Christian Rozeboom,LAR,LB,15076,weighted,,,,,,,,,,,,,,,,,,,,,,,,,,,,,,,,,,,,,,,,,,,,,6.42657381615599,2.34439898819105,,,0.0800928505106778,0.0191029583017176,0.395023212627669,0.0047757395754293,0.0049767873723305,0.0047757395754293,2020.0,1997-01-30,,,2024,17
Zack Baun,PHI,LB,14893,weighted,,,,,,,,,,,,,,,,,,,,,,,,,,,,,,,,,,,,,,,,,,,,,6.63998142989786,2.0416958353186,,,0.0751160631383473,0.0238786978771469,0.274651810584958,0.0716360936314408,0.0049767873723305,0.0047757395754293,2020.0,1996-12-30,,,2024,17
Foyesade Oluokun,JAC,LB,13813,weighted,,,,,,,,,,,,,,,,,,,,,,,,,,,,,,,,,,,,,,,,,,,,,6.53353760445682,2.11298836460568,,,0.0850696378830084,0.0143272187262882,0.4,0.0,0.0049767873723305,0.0047757395754293,2018.0,1995-08-02,,,2024,17
Fred Warner,SF,LB,13743,weighted,,,,,,,,,,,,,,,,,,,,,,,,,,,,,,,,,,,,,,,,,,,,,6.58828226555246,2.05045854828433,,,0.0850696378830084,0.0143272187262882,0.450232126276695,0.0477573957542939,0.0049767873723305,0.0047757395754293,2018.0,1996-11-19,,,2024,17
T.J. Edwards,CHI,LB,14322,weighted,,,,,,,,,,,,,,,,,,,,,,,,,,,,,,,,,,,,,,,,,,,,,6.16672237697307,2.31755730957709,,,0.0900464252553389,0.0095514791508587,0.359721448467967,0.0573088749051527,0.0049767873723305,0.0047757395754293,2019.0,1996-08-12,,,2024,17
Terrel Bernard,BUF,LB,15869,weighted,,,,,,,,,,,,,,,,,,,,,,,,,,,,,,,,,,,,,,,,,,,,,6.04228412256268,2.4587520083896,,,0.0850696378830084,0.0143272187262882,0.29455896007428,0.0907390519331584,0.0049767873723305,0.0047757395754293,2022.0,1999-05-07,,,2024,17
Jack Campbell,DET,LB,16239,weighted,,,,,,,,,,,,,,,,,,,,,,,,,,,,,,,,,,,,,,,,,,,,,5.98805942432683,2.35664184439154,,,0.0099535747446611,0.0095514791508587,0.295023212627669,0.0047757395754293,0.0049767873723305,0.0047757395754293,2023.0,2000-08-22,,,2024,17
Robert Spillane,LVR,LB,13987,weighted,,,,,,,,,,,,,,,,,,,,,,,,,,,,,,,,,,,,,,,,,,,,,6.10692664809656,2.2078012362907,,,0.0950232126276695,0.0047757395754293,0.314466109563603,0.109842010234876,0.0049767873723305,0.0047757395754293,2018.0,1995-12-14,,,2024,17
Josey Jewell,CAR,LB,13702,weighted,,,,,,,,,,,,,,,,,,,,,,,,,,,,,,,,,,,,,,,,,,,,,6.27618666666667,3.09005663378521,,,0.06,0.0,0.35,7.93006376302522e-17,0.01,0.0,2018.0,1994-12-25,O,Concussion,2024,17
Nakobe Dean,PHI,LB,15821,weighted,,,,,,,,,,,,,,,,,,,,,,,,,,,,,,,,,,,,,,,,,,,,,5.69457753017642,2.43914437199756,,,0.0199071494893222,0.0191029583017175,0.264698235840297,0.062084614480582,0.0049767873723305,0.0047757395754293,2022.0,2000-12-13,D,Abdomen,2024,17
Jaylon Carlies,IND,LB,16738,weighted,,,,,,,,,,,,,,,,,,,,,,,,,,,,,,,,,,,,,,,,,,,,,4.77175487465181,3.50123442800205,,,0.0298607242339833,0.0286544374525763,0.174187558031569,0.167150885140029,0.0552089136490251,0.0429816561788645,2024.0,2001-09-13,Q,Shoulder,2024,17
Kyzir White,ARI,LB,13762,weighted,,,,,,,,,,,,,,,,,,,,,,,,,,,,,,,,,,,,,,,,,,,,,5.79743732590529,2.37803006776189,,,0.0398142989786444,0.0382059166034351,0.249303621169916,0.143272187262882,0.0049767873723305,0.0047757395754293,2018.0,1996-03-24,,,2024,17
Akeem Davis-Gaither,CIN,LB,14943,weighted,,,,,,,,,,,,,,,,,,,,,,,,,,,,,,,,,,,,,,,,,,,,,4.99905292479109,3.53493720292109,,,0.0348375116063138,0.0334301770280057,0.304512534818941,0.100290531084017,0.0049767873723305,0.0047757395754293,2020.0,1997-09-21,,,2024,17
Jordan Hicks,CLE,LB,12287,weighted,,,,,,,,,,,,,,,,,,,,,,,,,,,,,,,,,,,,,,,,,,,,,5.89801299907149,2.10532847363882,,,0.0447910863509749,0.0429816561788645,0.460185701021356,0.0382059166034351,0.0049767873723305,0.0047757395754293,2015.0,1992-06-27,,,2024,17
Kaden Elliss,ATL,LB,14303,weighted,,,,,,,,,,,,,,,,,,,,,,,,,,,,,,,,,,,,,,,,,,,,,6.2627669452182,1.76423258370583,,,0.0049767873723305,0.0047757395754293,0.214930362116992,0.0143272187262882,0.0049767873723305,0.0047757395754293,2019.0,1995-06-10,,,2024,17
Henry To'oTo'o,HOU,LB,16236,weighted,,,,,,,,,,,,,,,,,,,,,,,,,,,,,,,,,,,,,,,,,,,,,5.66753946146704,2.32436451786015,,,0.0651624883936862,0.0334301770280057,0.304976787372331,0.0047757395754293,0.0049767873723305,0.0047757395754293,2023.0,2001-01-05,,,2024,17
Germaine Pratt,CIN,LB,14210,weighted,,,,,,,,,,,,,,,,,,,,,,,,,,,,,,,,,,,,,,,,,,,,,6.00198700092851,1.86545868068481,,,0.0800928505106778,0.0191029583017176,0.284605385329619,0.0811875727822996,0.0049767873723305,0.0047757395754293,2019.0,1970-01-01,,,2024,17
Christian Harris,HOU,LB,15823,weighted,,,,,,,,,,,,,,,,,,,,,,,,,,,,,,,,,,,,,,,,,,,,,6.42538666666667,2.34759451353934,,,0.04,0.0,0.32,0.0,0.01,0.0,2022.0,2001-01-16,,,2024,17
Nick Bolton,KC,LB,15355,weighted,,,,,,,,,,,,,,,,,,,,,,,,,,,,,,,,,,,,,,,,,,,,,5.97725162488394,1.86925814837872,,,0.0800928505106778,0.0191029583017176,0.329860724233983,0.0286544374525763,0.0049767873723305,0.0047757395754293,2021.0,2000-03-10,,,2024,17
Lavonte David,TB,LB,10768,weighted,,,,,,,,,,,,,,,,,,,,,,,,,,,,,,,,,,,,,,,,,,,,,5.8866295264624,1.85893220036766,,,0.0248839368616527,0.0238786978771469,0.309953574744661,0.0095514791508587,0.0049767873723305,0.0047757395754293,2012.0,1990-01-23,,,2024,17
Jordyn Brooks,MIA,LB,14892,weighted,,,,,,,,,,,,,,,,,,,,,,,,,,,,,,,,,,,,,,,,,,,,,5.86564531104921,1.88203539214706,,,0.0099535747446611,0.0095514791508587,0.234837511606314,0.0334301770280057,0.0049767873723305,0.0047757395754293,2020.0,1997-10-21,,,2024,17
Patrick Queen,PIT,LB,14896,weighted,,,,,,,,,,,,,,,,,,,,,,,,,,,,,,,,,,,,,,,,,,,,,5.58939647168059,2.17767468738108,,,0.0199071494893222,0.0191029583017175,0.355208913649025,0.0429816561788645,0.0049767873723305,0.0047757395754293,2020.0,1999-08-13,,,2024,17
Cody Barton,DEN,LB,14217,weighted,,,,,,,,,,,,,,,,,,,,,,,,,,,,,,,,,,,,,,,,,,,,,5.74982358402971,1.95545986235311,,,0.135301764159703,0.062084614480582,0.395023212627669,0.0047757395754293,0.0552089136490251,0.0429816561788645,2019.0,1996-11-13,,,2024,17
Blake Cashman,MIN,LB,14251,weighted,,,,,,,,,,,,,,,,,,,,,,,,,,,,,,,,,,,,,,,,,,,,,5.32516248839369,2.44885212819858,,,0.0099535747446611,0.0095514791508587,0.285069637883008,0.0143272187262882,0.0049767873723305,0.0047757395754293,2019.0,1996-05-10,,,2024,17
Tremaine Edmunds,CHI,LB,13697,weighted,,,,,,,,,,,,,,,,,,,,,,,,,,,,,,,,,,,,,,,,,,,,,5.09877437325905,2.20143928791273,,,0.1,0.0,0.414930362116992,0.0143272187262882,0.0049767873723305,0.0047757395754293,2018.0,1998-05-02,,,2024,17
Demario Davis,NO,LB,10816,weighted,,,,,,,,,,,,,,,,,,,,,,,,,,,,,,,,,,,,,,,,,,,,,5.56358402971216,1.70946538720809,,,0.0701392757660167,0.0286544374525763,0.340278551532033,0.0573088749051527,0.0049767873723305,0.0047757395754293,2012.0,1989-01-11,,,2024,17
Quincy Williams,NYJ,LB,14221,weighted,,,,,,,,,,,,,,,,,,,,,,,,,,,,,,,,,,,,,,,,,,,,,5.42976787372331,1.81467035762337,,,0.0149303621169916,0.0143272187262882,0.18958217270195,0.085963312357729,0.0049767873723305,0.0047757395754293,2019.0,1996-08-28,,,2024,17
Tyrice Knight,SEA,LB,16722,weighted,,,,,,,,,,,,,,,,,,,,,,,,,,,,,,,,,,,,,,,,,,,,,5.09032497678737,1.99470926208008,,,0.0149303621169916,0.0143272187262882,0.239814298978644,0.0382059166034351,0.0049767873723305,0.0047757395754293,2024.0,1999-12-20,,,2024,17
Frankie Luvu,WAS,LB,13952,weighted,,,,,,,,,,,,,,,,,,,,,,,,,,,,,,,,,,,,,,,,,,,,,5.02661095636026,2.06442393241364,,,0.0701392757660167,0.0286544374525763,0.390510677808728,0.105066270659447,0.0049767873723305,0.0047757395754293,2018.0,1996-09-19,,,2024,17
Drue Tranquill,KC,LB,14235,weighted,,,,,,,,,,,,,,,,,,,,,,,,,,,,,,,,,,,,,,,,,,,,,5.07496750232126,1.96740430088366,,,0.0149303621169916,0.0143272187262882,0.234837511606314,0.0334301770280057,0.0049767873723305,0.0047757395754293,2019.0,1995-08-15,,,2024,17
Elandon Roberts,PIT,LB,12831,weighted,,,,,,,,,,,,,,,,,,,,,,,,,,,,,,,,,,,,,,,,,,,,,4.08232126276695,2.67972152702881,,,0.0049767873723305,0.0047757395754293,0.114466109563603,0.109842010234876,0.0049767873723305,0.0047757395754293,2016.0,1994-04-22,,,2024,17
Marist Liufau,DAL,LB,16707,weighted,,,,,,,,,,,,,,,,,,,,,,,,,,,,,,,,,,,,,,,,,,,,,4.41799442896936,2.16769651872257,,,0.0149303621169916,0.0143272187262882,0.234837511606314,0.0334301770280057,0.0049767873723305,0.0047757395754293,2024.0,2001-02-09,,,2024,17
Dorian Williams,BUF,LB,16284,weighted,,,,,,,,,,,,,,,,,,,,,,,,,,,,,,,,,,,,,,,,,,,,,4.48363974001857,1.85329907248776,,,0.0049767873723305,0.0047757395754293,0.119442896935933,0.114617749810305,0.0049767873723305,0.0047757395754293,2023.0,2001-06-28,,,2024,17
Devin Lloyd,JAC,LB,15822,weighted,,,,,,,,,,,,,,,,,,,,,,,,,,,,,,,,,,,,,,,,,,,,,4.79821727019499,1.56783647194764,,,0.0248839368616527,0.0238786978771469,0.314930362116992,0.0143272187262882,0.0049767873723305,0.0047757395754293,2022.0,1998-09-30,,,2024,17
Nick Vigil,DAL,LB,12762,weighted,,,,,,,,,,,,,,,,,,,,,,,,,,,,,,,,,,,,,,,,,,,,,3.62217270194986,2.44363149904476,,,0.0149303621169916,0.0143272187262882,0.179628597957289,0.0764118332068702,0.0049767873723305,0.0047757395754293,2016.0,1993-08-20,Q,Foot,2024,17
Jahlani Tavai,NE,LB,14200,weighted,,,,,,,,,,,,,,,,,,,,,,,,,,,,,,,,,,,,,,,,,,,,,4.39955431754875,1.38295139694602,,,0.0651624883936862,0.0334301770280057,0.280092850510678,0.0191029583017175,0.0049767873723305,0.0047757395754293,2019.0,1996-09-28,Q,Groin,2024,17
Justin Strnad,DEN,LB,14979,weighted,,,,,,,,,,,,,,,,,,,,,,,,,,,,,,,,,,,,,,,,,,,,,4.33589600742804,1.36513749522688,,,0.0099535747446611,0.0095514791508587,0.265162488393686,0.0334301770280057,0.0049767873723305,0.0047757395754293,2020.0,1996-08-21,,,2024,17
Anthony Walker,MIA,LB,13306,weighted,,,,,,,,,,,,,,,,,,,,,,,,,,,,,,,,,,,,,,,,,,,,,4.30088,2.14253354699524,,,0.04,0.0,0.29,0.0,0.01,0.0,2017.0,1995-08-08,O,Knee,2024,17
Micah McFadden,NYG,LB,15890,weighted,,,,,,,,,,,,,,,,,,,,,,,,,,,,,,,,,,,,,,,,,,,,,4.26224,2.07889393668845,,,0.03,0.0,0.25,0.0,0.01,0.0,2022.0,2000-01-03,O,Neck,2024,17
Eric Kendricks,DAL,LB,12239,weighted,,,,,,,,,,,,,,,,,,,,,,,,,,,,,,,,,,,,,,,,,,,,,5.55350993377483,0.565685424949239,,,0.1,1.98041604282243e-17,0.3,0.0,0.0,0.0,2015.0,1992-02-29,Q,Calf,2024,17
Pete Werner,NO,LB,15387,weighted,,,,,,,,,,,,,,,,,,,,,,,,,,,,,,,,,,,,,,,,,,,,,4.46430826369545,1.11599267825464,,,0.0149303621169916,0.0143272187262882,0.184605385329619,0.0811875727822996,0.0049767873723305,0.0047757395754293,2021.0,1999-06-05,,,2024,17
Omar Speights,LAR,LB,16870,weighted,,,,,,,,,,,,,,,,,,,,,,,,,,,,,,,,,,,,,,,,,,,,,3.79335190343547,1.76329219171842,,,0.0099535747446611,0.0095514791508587,0.174651810584958,0.0716360936314408,0.0049767873723305,0.0047757395754293,2024.0,2001-03-02,,,2024,17
E.J. Speed,IND,LB,14257,weighted,,,,,,,,,,,,,,,,,,,,,,,,,,,,,,,,,,,,,,,,,,,,,5.44331125827815,0.0707106781186545,,,0.1,1.98041604282243e-17,0.3,0.0,0.0,0.0,2019.0,1995-06-01,Q,Knee,2024,17
James Williams,TEN,LB,16793,weighted,,,,,,,,,,,,,,,,,,,,,,,,,,,,,,,,,,,,,,,,,,,,,4.07023212627669,1.14318150538456,,,0.0701392757660167,0.0286544374525763,0.184605385329619,0.0811875727822996,0.0049767873723305,0.0047757395754293,2024.0,2003-02-15,,,2024,17
Divine Deablo,LVR,LB,15396,weighted,,,,,,,,,,,,,,,,,,,,,,,,,,,,,,,,,,,,,,,,,,,,,3.94976787372331,1.03655300524735,,,0.0049767873723305,0.0047757395754293,0.204976787372331,0.0047757395754293,0.0049767873723305,0.0047757395754293,2021.0,1998-08-17,,,2024,17
Darius Muasau,NYG,LB,16759,weighted,,,,,,,,,,,,,,,,,,,,,,,,,,,,,,,,,,,,,,,,,,,,,4.71019867549669,0.636396103067892,,,0.1,1.98041604282243e-17,0.2,3.96083208564486e-17,0.0,0.0,2024.0,2001-02-10,,,2024,17
J.J. Russell,TB,LB,16094,weighted,,,,,,,,,,,,,,,,,,,,,,,,,,,,,,,,,,,,,,,,,,,,,2.88040854224698,2.05511499627756,,,0.0149303621169916,0.0143272187262882,0.124419684308264,0.119393489385735,0.0049767873723305,0.0047757395754293,2022.0,1998-10-12,,,2024,17
Mohamoud Diabate,CLE,LB,16439,weighted,,,,,,,,,,,,,,,,,,,,,,,,,,,,,,,,,,,,,,,,,,,,,3.4524791086351,1.38894948006158,,,0.0149303621169916,0.0143272187262882,0.219907149489322,0.0191029583017175,0.0049767873723305,0.0047757395754293,2023.0,2001-05-18,,,2024,17
Ben Niemann,DET,LB,13913,weighted,,,,,,,,,,,,,,,,,,,,,,,,,,,,,,,,,,,,,,,,,,,,,2.75519034354689,2.0301299317782,,,0.0049767873723305,0.0047757395754293,0.099535747446611,0.0955147915085878,0.0049767873723305,0.0047757395754293,2018.0,1970-01-01,,,2024,17
Eric Wilson,GB,LB,13447,weighted,,,,,,,,,,,,,,,,,,,,,,,,,,,,,,,,,,,,,,,,,,,,,3.01437325905292,1.50200346017789,,,0.0850696378830084,0.0143272187262882,0.204512534818942,0.100290531084017,0.0049767873723305,0.0047757395754293,2017.0,1994-09-26,,,2024,17
Dee Winters,SF,LB,16346,weighted,,,,,,,,,,,,,,,,,,,,,,,,,,,,,,,,,,,,,,,,,,,,,2.96566388115135,1.48563371890291,,,0.0099535747446611,0.0095514791508587,0.260185701021356,0.0382059166034351,0.0049767873723305,0.0047757395754293,2023.0,2000-10-17,,,2024,17
Malik Harrison,BAL,LB,14891,weighted,,,,,,,,,,,,,,,,,,,,,,,,,,,,,,,,,,,,,,,,,,,,,2.84984215413185,1.52425681400184,,,0.0049767873723305,0.0047757395754293,0.0945589600742804,0.0907390519331584,0.0049767873723305,0.0047757395754293,2020.0,1998-03-05,,,2024,17
Junior Colson,LAC,LB,16665,weighted,,,,,,,,,,,,,,,,,,,,,,,,,,,,,,,,,,,,,,,,,,,,,3.31728876508821,0.930920246539316,,,0.0149303621169916,0.0143272187262882,0.164698235840297,0.062084614480582,0.0049767873723305,0.0047757395754293,2024.0,2002-12-06,,,2024,17
Cedric Gray,TEN,LB,16667,weighted,,,,,,,,,,,,,,,,,,,,,,,,,,,,,,,,,,,,,,,,,,,,,3.37834666666667,1.11722871427475,,,0.03,0.0,0.24,0.0,0.01,0.0,2024.0,2002-10-30,,,2024,17
Payton Wilson,PIT,LB,16716,weighted,,,,,,,,,,,,,,,,,,,,,,,,,,,,,,,,,,,,,,,,,,,,,2.96934076137419,0.953079335580142,,,0.0651624883936862,0.0334301770280057,0.214930362116992,0.0143272187262882,0.0552089136490251,0.0429816561788645,2024.0,2000-04-21,,,2024,17
Ty Summers,NYG,LB,14292,weighted,,,,,,,,,,,,,,,,,,,,,,,,,,,,,,,,,,,,,,,,,,,,,2.55405756731662,1.64694634668281,,,0.0099535747446611,0.0095514791508587,0.109489322191272,0.105066270659447,0.0049767873723305,0.0047757395754293,2019.0,,,,2024,17
Christian Elliss,NE,LB,15681,weighted,,,,,,,,,,,,,,,,,,,,,,,,,,,,,,,,,,,,,,,,,,,,,3.43420612813371,0.837504253085059,,,0.11041782729805,0.085963312357729,0.350696378830084,0.143272187262882,0.0049767873723305,0.0047757395754293,2021.0,1999-01-02,,,2024,17
Edgerrin Cooper,GB,LB,16696,weighted,,,,,,,,,,,,,,,,,,,,,,,,,,,,,,,,,,,,,,,,,,,,,3.61019867549669,0.636396103067893,,,0.1,1.98041604282243e-17,0.3,0.0,0.0,0.0,2024.0,2001-11-17,,,2024,17
Duke Riley,MIA,LB,13220,weighted,,,,,,,,,,,,,,,,,,,,,,,,,,,,,,,,,,,,,,,,,,,,,2.32609271523179,1.83847763108502,,,0.1,1.98041604282243e-17,0.2,3.96083208564486e-17,0.0,0.0,2017.0,1994-08-09,,,2024,17
Tyrel Dodson,MIA,LB,14472,weighted,,,,,,,,,,,,,,,,,,,,,,,,,,,,,,,,,,,,,,,,,,,,,3.65668874172185,0.0707106781186548,,,0.1,1.98041604282243e-17,0.2,3.96083208564486e-17,0.0,0.0,2019.0,1998-06-25,,,2024,17
Oren Burks,PHI,LB,13750,weighted,,,,,,,,,,,,,,,,,,,,,,,,,,,,,,,,,,,,,,,,,,,,,2.53059602649007,1.90918830920368,,,0.0,0.0,0.1,1.98041604282243e-17,0.0,0.0,2018.0,1995-03-21,,,2024,17
JD Bertrand,ATL,LB,16733,weighted,,,,,,,,,,,,,,,,,,,,,,,,,,,,,,,,,,,,,,,,,,,,,2.91973509933775,0.848528137423857,,,0.0,0.0,0.1,1.98041604282243e-17,0.0,0.0,2024.0,2000-05-05,,,2024,17
Mack Wilson,ARI,LB,14169,weighted,,,,,,,,,,,,,,,,,,,,,,,,,,,,,,,,,,,,,,,,,,,,,2.99364238410596,0.989949493661167,,,0.0,0.0,0.3,0.0,0.0,0.0,2019.0,1998-02-14,,,2024,17
Devin Bush,CLE,LB,14170,weighted,,,,,,,,,,,,,,,,,,,,,,,,,,,,,,,,,,,,,,,,,,,,,3.15986754966887,0.424264068711929,,,0.0,0.0,0.3,0.0,0.0,0.0,2019.0,1998-07-18,,,2024,17
Matt Milano,BUF,LB,13307,weighted,,,,,,,,,,,,,,,,,,,,,,,,,,,,,,,,,,,,,,,,,,,,,2.78026490066225,0.848528137423857,,,0.0,0.0,0.0,0.0,0.0,0.0,2017.0,,,,2024,17
Trenton Simpson,BAL,LB,16234,weighted,,,,,,,,,,,,,,,,,,,,,,,,,,,,,,,,,,,,,,,,,,,,,2.03629139072848,1.20208152801713,,,0.0,0.0,0.2,3.96083208564486e-17,0.0,0.0,2023.0,2001-06-14,,,2024,17
Trevor Nowaske,DET,LB,16532,weighted,,,,,,,,,,,,,,,,,,,,,,,,,,,,,,,,,,,,,,,,,,,,,1.75284768211921,1.5556349186104,,,0.0,0.0,0.2,3.96083208564486e-17,0.0,0.0,2023.0,1998-11-07,,,2024,17
Nate Landman,ATL,LB,16013,weighted,,,,,,,,,,,,,,,,,,,,,,,,,,,,,,,,,,,,,,,,,,,,,2.69682119205298,0.494974746830583,,,0.0,0.0,0.0,0.0,0.0,0.0,2022.0,1998-11-19,,,2024,17
K.J. Britt,TB,LB,15449,weighted,,,,,,,,,,,,,,,,,,,,,,,,,,,,,,,,,,,,,,,,,,,,,2.87006622516556,0.212132034355964,,,0.0,0.0,0.2,3.96083208564486e-17,0.0,0.0,2021.0,1999-06-04,Q,Ankle,2024,17
Kyle Van Noy,BAL,LB,11723,weighted,,,,,,,,,,,,,,,,,,,,,,,,,,,,,,,,,,,,,,,,,,,,,2.10033898305085,0.855599205235722,,,0.0099229583975346,0.014142135623731,0.109922958397535,0.0141421356237309,0.0049614791987673,0.0070710678118654,2014.0,1991-03-26,,,2024,17
Leo Chenal,KC,LB,15831,weighted,,,,,,,,,,,,,,,,,,,,,,,,,,,,,,,,,,,,,,,,,,,,,2.57006622516556,0.212132034355964,,,0.0,0.0,0.2,3.96083208564486e-17,0.0,0.0,2022.0,2000-10-26,,,2024,17
Jerome Baker,TEN,LB,13706,weighted,,,,,,,,,,,,,,,,,,,,,,,,,,,,,,,,,,,,,,,,,,,,,2.18662251655629,0.141421356237309,,,0.1,1.98041604282243e-17,0.1,1.98041604282243e-17,0.0,0.0,2018.0,1996-12-25,,,2024,17
Krys Barnes,ARI,LB,15082,weighted,,,,,,,,,,,,,,,,,,,,,,,,,,,,,,,,,,,,,,,,,,,,,1.53311258278146,0.707106781186548,,,0.0,0.0,0.1,1.98041604282243e-17,0.0,0.0,2020.0,1998-04-02,,,2024,17
Luke Gifford,TEN,LB,14495,weighted,,,,,,,,,,,,,,,,,,,,,,,,,,,,,,,,,,,,,,,,,,,,,1.92675496688742,0.282842712474619,,,0.1,1.98041604282243e-17,0.1,1.98041604282243e-17,0.0,0.0,2019.0,1995-08-28,,,2024,17
Zeke Turner,DET,LB,13930,weighted,,,,,,,,,,,,,,,,,,,,,,,,,,,,,,,,,,,,,,,,,,,,,1.82675496688742,0.282842712474619,,,0.0,0.0,0.1,1.98041604282243e-17,0.0,0.0,2018.0,1970-01-01,,,2024,17
Demetrius Flannigan-Fowles,SF,LB,15117,weighted,,,,,,,,,,,,,,,,,,,,,,,,,,,,,,,,,,,,,,,,,,,,,1.56688741721854,0.707106781186548,,,0.1,1.98041604282243e-17,0.3,0.0,0.0,0.0,2019.0,1996-09-04,,,2024,17
Kamu Grugier-Hill,MIN,LB,12828,weighted,,,,,,,,,,,,,,,,,,,,,,,,,,,,,,,,,,,,,,,,,,,,,1.45350993377483,0.565685424949238,,,0.1,1.98041604282243e-17,0.3,0.0,0.0,0.0,2016.0,1994-05-16,,,2024,17
Chad Muma,JAC,LB,15830,weighted,,,,,,,,,,,,,,,,,,,,,,,,,,,,,,,,,,,,,,,,,,,,,1.57006622516556,0.212132034355964,,,0.0,0.0,0.1,1.98041604282243e-17,0.0,0.0,2022.0,1999-08-18,,,2024,17
Willie Gay,NO,LB,14926,weighted,,,,,,,,,,,,,,,,,,,,,,,,,,,,,,,,,,,,,,,,,,,,,1.25986754966887,0.424264068711929,,,0.0,0.0,0.0,0.0,0.0,0.0,2020.0,1998-02-15,,,2024,17
Sione Takitaki,NE,LB,14212,weighted,,,,,,,,,,,,,,,,,,,,,,,,,,,,,,,,,,,,,,,,,,,,,1.47006622516556,0.212132034355964,,,0.0,0.0,0.1,1.98041604282243e-17,0.0,0.0,2019.0,,Q,Knee,2024,17
Mykal Walker,WAS,LB,14948,weighted,,,,,,,,,,,,,,,,,,,,,,,,,,,,,,,,,,,,,,,,,,,,,1.27324503311258,0.282842712474619,,,0.0,0.0,0.1,1.98041604282243e-17,0.0,0.0,2020.0,1997-08-28,,,2024,17
Jeremiah Trotter Jr.,PHI,LB,16664,weighted,,,,,,,,,,,,,,,,,,,,,,,,,,,,,,,,,,,,,,,,,,,,,1.05350993377483,0.565685424949238,,,0.0,0.0,0.3,0.0,0.0,0.0,2024.0,2002-12-24,,,2024,17
Grant Stuard,IND,LB,15498,weighted,,,,,,,,,,,,,,,,,,,,,,,,,,,,,,,,,,,,,,,,,,,,,0.923576158940397,0.777817459305202,,,0.0,0.0,0.0,0.0,0.2,3.96083208564486e-17,2021.0,1998-10-15,,,2024,17
Jack Sanborn,CHI,LB,15975,weighted,,,,,,,,,,,,,,,,,,,,,,,,,,,,,,,,,,,,,,,,,,,,,1.01655629139073,0.353553390593274,,,0.0,0.0,0.1,1.98041604282243e-17,0.0,0.0,2022.0,2000-07-29,,,2024,17
Chris Board,BAL,LB,13926,weighted,,,,,,,,,,,,,,,,,,,,,,,,,,,,,,,,,,,,,,,,,,,,,0.953509933774834,0.565685424949238,,,0.0,0.0,0.0,0.0,0.0,0.0,2018.0,1970-01-01,,,2024,17
Chazz Surratt,NYJ,LB,15353,weighted,,,,,,,,,,,,,,,,,,,,,,,,,,,,,,,,,,,,,,,,,,,,,1.08662251655629,0.141421356237309,,,0.0,0.0,0.0,0.0,0.0,0.0,2021.0,1997-02-16,,,2024,17
Jon Rhattigan,CAR,LB,15538,weighted,,,,,,,,,,,,,,,,,,,,,,,,,,,,,,,,,,,,,,,,,,,,,0.926754966887417,0.282842712474619,,,0.0,0.0,0.0,0.0,0.0,0.0,2021.0,1999-02-02,,,2024,17
Winston Reid,,LB,16926,weighted,,,,,,,,,,,,,,,,,,,,,,,,,,,,,,,,,,,,,,,,,,,,,0.840132450331126,0.424264068711929,,,0.0,0.0,0.1,1.98041604282243e-17,0.0,0.0,2022.0,1999-08-03,,,2024,17
Ty'Ron Hopper,GB,LB,16710,weighted,,,,,,,,,,,,,,,,,,,,,,,,,,,,,,,,,,,,,,,,,,,,,0.69682119205298,0.494974746830583,,,0.0,0.0,0.0,0.0,0.0,0.0,2024.0,2001-04-26,Q,Ankle,2024,17
Budda Baker,ARI,DB,13251,weighted,,,,,,,,,,,,,,,,,,,,,,,,,,,,,,,,,,,,,,,,,,,,,6.61281337047354,1.55999036942458,,,0.0348375116063138,0.0334301770280057,0.299535747446611,0.0955147915085878,0.0049767873723305,0.0047757395754293,2017.0,1996-01-10,,,2024,17
Jordan Battle,CIN,DB,16245,weighted,,,,,,,,,,,,,,,,,,,,,,,,,,,,,,,,,,,,,,,,,,,,,5.20402971216342,1.84514083151439,,,0.0950232126276695,0.0047757395754293,0.404976787372331,0.0047757395754293,0.0049767873723305,0.0047757395754293,2023.0,2000-12-14,,,2024,17
Brian Branch,DET,DB,16244,weighted,,,,,,,,,,,,,,,,,,,,,,,,,,,,,,,,,,,,,,,,,,,,,5.7405756731662,1.26445526263398,,,0.180092850510678,0.0191029583017176,0.730789229340761,0.162375145564599,0.0099535747446611,0.0095514791508587,2023.0,2001-10-22,,,2024,17
Nick Cross,IND,DB,15839,weighted,,,,,,,,,,,,,,,,,,,,,,,,,,,,,,,,,,,,,,,,,,,,,5.53589600742804,1.36513749522688,,,0.180092850510678,0.0191029583017176,0.484605385329619,0.0811875727822996,0.0099535747446611,0.0095514791508587,2022.0,2001-09-10,,,2024,17
Kevin Byard,CHI,DB,12752,weighted,,,,,,,,,,,,,,,,,,,,,,,,,,,,,,,,,,,,,,,,,,,,,5.60605385329619,1.24973213129186,,,0.149767873723305,0.0477573957542939,0.624883936861653,0.023878697877147,0.0099535747446611,0.0095514791508587,2016.0,1993-08-17,,,2024,17
Derwin James,LAC,DB,13714,weighted,,,,,,,,,,,,,,,,,,,,,,,,,,,,,,,,,,,,,,,,,,,,,5.38425255338904,1.31838049398422,,,0.109953574744661,0.0095514791508587,0.429860724233983,0.0286544374525763,0.0049767873723305,0.0047757395754293,2018.0,1996-08-03,,,2024,17
Grant Delpit,CLE,DB,14907,weighted,,,,,,,,,,,,,,,,,,,,,,,,,,,,,,,,,,,,,,,,,,,,,5.23285051067781,1.43485934508815,,,0.1,0.0,0.319442896935933,0.114617749810305,0.0049767873723305,0.0047757395754293,2020.0,1998-09-20,,,2024,17
Brandon Jones,DEN,DB,14910,weighted,,,,,,,,,,,,,,,,,,,,,,,,,,,,,,,,,,,,,,,,,,,,,5.68529247910864,1.15886587663609,,,0.160185701021356,0.0382059166034351,0.685998142989786,0.205356801743464,0.0049767873723305,0.0047757395754293,2020.0,1998-04-02,,,2024,17
Quentin Lake,LAR,DB,15923,weighted,,,,,,,,,,,,,,,,,,,,,,,,,,,,,,,,,,,,,,,,,,,,,5.43641597028784,1.22854093697351,,,0.0248839368616527,0.0238786978771469,0.465626740947075,0.128944968536593,0.0049767873723305,0.0047757395754293,2022.0,1999-01-29,,,2024,17
Camryn Bynum,MIN,DB,15418,weighted,,,,,,,,,,,,,,,,,,,,,,,,,,,,,,,,,,,,,,,,,,,,,4.76516248839369,1.77623009297323,,,0.1,0.0,0.465162488393686,0.0334301770280057,0.0049767873723305,0.0047757395754293,2021.0,1998-07-19,,,2024,17
Andru Phillips,NYG,DB,16703,weighted,,,,,,,,,,,,,,,,,,,,,,,,,,,,,,,,,,,,,,,,,,,,,4.83344475394615,1.91620336817801,,,0.0447910863509749,0.0429816561788645,0.249303621169916,0.143272187262882,0.0049767873723305,0.0047757395754293,2024.0,2001-11-30,,,2024,17
Jessie Bates,ATL,DB,13737,weighted,,,,,,,,,,,,,,,,,,,,,,,,,,,,,,,,,,,,,,,,,,,,,5.09656453110492,1.37735305547947,,,0.230324976787372,0.0668603540560114,0.635301764159703,0.062084614480582,0.0552089136490251,0.0429816561788645,2018.0,1997-02-26,,,2024,17
Donovan Wilson,DAL,DB,14283,weighted,,,,,,,,,,,,,,,,,,,,,,,,,,,,,,,,,,,,,,,,,,,,,4.55268337975859,1.96003359139513,,,0.0800928505106778,0.0191029583017176,0.269675023212628,0.0668603540560114,0.0049767873723305,0.0047757395754293,2019.0,1970-01-01,Q,Knee,2024,17
Reed Blankenship,PHI,DB,16018,weighted,,,,,,,,,,,,,,,,,,,,,,,,,,,,,,,,,,,,,,,,,,,,,4.91145775301764,1.4851978939589,,,0.175116063138347,0.0238786978771469,0.519907149489322,0.0191029583017176,0.0049767873723305,0.0047757395754293,2022.0,1999-03-02,,,2024,17
Minkah Fitzpatrick,PIT,DB,13713,weighted,,,,,,,,,,,,,,,,,,,,,,,,,,,,,,,,,,,,,,,,,,,,,4.84774373259053,1.55115904216058,,,0.119907149489322,0.0191029583017176,0.404512534818942,0.100290531084017,0.0049767873723305,0.0047757395754293,2018.0,1996-11-17,,,2024,17
Jordan Poyer,MIA,DB,11317,weighted,,,,,,,,,,,,,,,,,,,,,,,,,,,,,,,,,,,,,,,,,,,,,5.02733519034355,1.33568005657214,,,0.0746518105849582,0.0716360936314408,0.369210770659239,0.162375145564599,0.0049767873723305,0.0047757395754293,2013.0,1991-04-25,Q,Knee,2024,17
Dane Belton,NYG,DB,15875,weighted,,,,,,,,,,,,,,,,,,,,,,,,,,,,,,,,,,,,,,,,,,,,,4.5441782729805,1.85002212787299,,,0.129860724233983,0.0286544374525763,0.524883936861653,0.023878697877147,0.0099535747446611,0.0095514791508587,2022.0,2000-12-07,,,2024,17
Cam Lewis,BUF,DB,15140,weighted,,,,,,,,,,,,,,,,,,,,,,,,,,,,,,,,,,,,,,,,,,,,,4.69962666666667,2.30516810666815,,,0.05,9.91257970378153e-18,0.32,0.0,0.01,0.0,2019.0,1997-04-13,Q,Shoulder,2024,17
Julian Love,SEA,DB,14179,weighted,,,,,,,,,,,,,,,,,,,,,,,,,,,,,,,,,,,,,,,,,,,,,5.03981429897864,1.20548936629903,,,0.104976787372331,0.0047757395754293,0.520371402042711,0.0764118332068702,0.0049767873723305,0.0047757395754293,2019.0,1998-03-19,,,2024,17
Josh Metellus,MIN,DB,14995,weighted,,,,,,,,,,,,,,,,,,,,,,,,,,,,,,,,,,,,,,,,,,,,,4.73584029712163,1.44040298048496,,,0.0900464252553389,0.0095514791508587,0.284605385329619,0.0811875727822996,0.0049767873723305,0.0047757395754293,2020.0,1998-01-21,,,2024,17
Kyle Hamilton,BAL,DB,15834,weighted,,,,,,,,,,,,,,,,,,,,,,,,,,,,,,,,,,,,,,,,,,,,,5.10698235840297,1.09796368770879,,,0.1,0.0,0.555673166202414,0.138496447687452,0.0049767873723305,0.0047757395754293,2022.0,2001-03-16,,,2024,17
Chuck Clark,NYJ,DB,13322,weighted,,,,,,,,,,,,,,,,,,,,,,,,,,,,,,,,,,,,,,,,,,,,,4.8213556174559,1.32454734906267,,,0.1,0.0,0.465162488393686,0.0334301770280057,0.0049767873723305,0.0047757395754293,2017.0,1995-04-19,,,2024,17
Ugo Amadi,NO,DB,14236,weighted,,,,,,,,,,,,,,,,,,,,,,,,,,,,,,,,,,,,,,,,,,,,,4.79480037140204,1.36925281189567,,,0.0398142989786444,0.0382059166034351,0.495487465181059,0.100290531084017,0.0049767873723305,0.0047757395754293,2019.0,1970-01-01,,,2024,17
Kyle Dugger,NE,DB,14921,weighted,,,,,,,,,,,,,,,,,,,,,,,,,,,,,,,,,,,,,,,,,,,,,4.66701949860724,1.4050011476512,,,0.0900464252553389,0.0095514791508587,0.385069637883008,0.0143272187262882,0.0049767873723305,0.0047757395754293,2020.0,1996-03-22,Q,Ankle,2024,17
Malik Mustapha,SF,DB,16725,weighted,,,,,,,,,,,,,,,,,,,,,,,,,,,,,,,,,,,,,,,,,,,,,3.52597957288765,2.48884401782541,,,0.150232126276695,0.0477573957542939,0.309489322191272,0.105066270659447,0.0049767873723305,0.0047757395754293,2024.0,2002-06-25,,,2024,17
Jeremy Chinn,WAS,DB,14927,weighted,,,,,,,,,,,,,,,,,,,,,,,,,,,,,,,,,,,,,,,,,,,,,4.91296193129062,1.10912092792864,,,0.0900464252553389,0.0095514791508587,0.339814298978644,0.0382059166034351,0.0049767873723305,0.0047757395754293,2020.0,1998-02-26,,,2024,17
Ar'Darius Washington,BAL,DB,15510,weighted,,,,,,,,,,,,,,,,,,,,,,,,,,,,,,,,,,,,,,,,,,,,,4.61537604456825,1.31341691908206,,,0.109953574744661,0.0095514791508587,0.429860724233983,0.0286544374525763,0.0049767873723305,0.0047757395754293,2021.0,1999-11-02,,,2024,17
Xavier McKinney,GB,DB,14908,weighted,,,,,,,,,,,,,,,,,,,,,,,,,,,,,,,,,,,,,,,,,,,,,4.53929433611885,1.35795208010771,,,0.280092850510678,0.0191029583017175,0.629396471680594,0.124169228961164,0.0099535747446611,0.0095514791508587,2020.0,1999-08-09,,,2024,17
Justin Reid,KC,DB,13717,weighted,,,,,,,,,,,,,,,,,,,,,,,,,,,,,,,,,,,,,,,,,,,,,4.57903435468895,1.33520201486199,,,0.0348375116063138,0.0334301770280057,0.430324976787372,0.0668603540560114,0.0049767873723305,0.0047757395754293,2018.0,1997-02-15,,,2024,17
Justin Reid,KC,DB,13717,weighted,,,,,,,,,,,,,,,,,,,,,,,,,,,,,,,,,,,,,,,,,,,,,4.57903435468895,1.33520201486199,,,0.0348375116063138,0.0334301770280057,0.430324976787372,0.0668603540560114,0.0049767873723305,0.0047757395754293,2018.0,2002-05-24,,,2024,17
Evan Williams,GB,DB,16719,weighted,,,,,,,,,,,,,,,,,,,,,,,,,,,,,,,,,,,,,,,,,,,,,4.42234666666667,2.17788888605457,,,0.18,3.96503188151261e-17,0.59,0.0,0.02,0.0,2024.0,2001-07-28,O,Quadriceps,2024,17
Keisean Nixon,GB,DB,14669,weighted,,,,,,,,,,,,,,,,,,,,,,,,,,,,,,,,,,,,,,,,,,,,,4.32194986072423,1.80212094022724,,,0.0597214484679666,0.0573088749051527,0.379628597957289,0.0764118332068702,0.0049767873723305,0.0047757395754293,2019.0,1997-06-22,,,2024,17
Xavier Woods,CAR,DB,13325,weighted,,,,,,,,,,,,,,,,,,,,,,,,,,,,,,,,,,,,,,,,,,,,,5.14142989786444,1.06355839212387,,,0.220371402042711,0.0764118332068702,0.550232126276695,0.0477573957542939,0.0049767873723305,0.0047757395754293,2017.0,1995-07-26,,,2024,17
Kamren Curl,LAR,DB,15001,weighted,,,,,,,,,,,,,,,,,,,,,,,,,,,,,,,,,,,,,,,,,,,,,4.64456086286595,1.91625937701554,,,0.029768875192604,0.0424264068711928,0.561848998459168,0.339411254969543,0.055346687211094,0.0636396103067893,2020.0,1999-03-03,,,2024,17
Jalen Thompson,ARI,DB,14518,weighted,,,,,,,,,,,,,,,,,,,,,,,,,,,,,,,,,,,,,,,,,,,,,4.68646239554318,1.02463640871566,,,0.109953574744661,0.0095514791508587,0.434837511606314,0.0334301770280057,0.0049767873723305,0.0047757395754293,2019.0,1998-07-18,,,2024,17
Jordan Fuller,CAR,DB,14991,weighted,,,,,,,,,,,,,,,,,,,,,,,,,,,,,,,,,,,,,,,,,,,,,4.39485608170845,1.27103609628625,,,0.129860724233983,0.0286544374525763,0.374187558031569,0.167150885140029,0.0049767873723305,0.0047757395754293,2020.0,1998-03-04,,,2024,17
Isaiah Pola-Mao,LVR,DB,16102,weighted,,,,,,,,,,,,,,,,,,,,,,,,,,,,,,,,,,,,,,,,,,,,,4.42521819870009,1.2358276258642,,,0.0497678737233055,0.0477573957542939,0.354744661095636,0.0525331353297233,0.0049767873723305,0.0047757395754293,2022.0,1999-06-30,,,2024,17
Jartavius Martin,WAS,DB,16263,weighted,,,,,,,,,,,,,,,,,,,,,,,,,,,,,,,,,,,,,,,,,,,,,4.19433611884865,1.46258098037728,,,0.124883936861653,0.0238786978771469,0.359257195914578,0.15282366641374,0.0049767873723305,0.0047757395754293,2023.0,2000-04-17,,,2024,17
Deommodore Lenoir,SF,DB,15445,weighted,,,,,,,,,,,,,,,,,,,,,,,,,,,,,,,,,,,,,,,,,,,,,4.6119591457753,1.1468577422908,,,0.1,0.0,0.560649953574745,0.133720708112023,0.0552089136490251,0.0429816561788645,2021.0,1999-10-06,,,2024,17
Demani Richardson,,DB,16933,weighted,,,,,,,,,,,,,,,,,,,,,,,,,,,,,,,,,,,,,,,,,,,,,3.53346332404828,1.99137669368426,,,0.0746518105849582,0.0716360936314408,0.314001857010214,0.205356801743464,0.0049767873723305,0.0047757395754293,2024.0,2000-10-07,,,2024,17
Talanoa Hufanga,SF,DB,15452,weighted,,,,,,,,,,,,,,,,,,,,,,,,,,,,,,,,,,,,,,,,,,,,,4.61682451253482,1.00416984202243,,,0.155208913649025,0.0429816561788645,0.460185701021356,0.0382059166034351,0.0049767873723305,0.0047757395754293,2021.0,2000-02-01,,,2024,17
Jonathan Owens,CHI,DB,14414,weighted,,,,,,,,,,,,,,,,,,,,,,,,,,,,,,,,,,,,,,,,,,,,,4.08906220984215,1.75141165501328,,,0.0950232126276695,0.0047757395754293,0.299535747446611,0.0955147915085878,0.0552089136490251,0.0429816561788645,2018.0,1995-07-22,,,2024,17
Devon Witherspoon,SEA,DB,16241,weighted,,,,,,,,,,,,,,,,,,,,,,,,,,,,,,,,,,,,,,,,,,,,,4.63598885793872,0.98094710791121,,,0.0298607242339833,0.0286544374525763,0.40544103992572,0.0907390519331584,0.0049767873723305,0.0047757395754293,2023.0,2000-12-11,,,2024,17
Coby Bryant,SEA,DB,15872,weighted,,,,,,,,,,,,,,,,,,,,,,,,,,,,,,,,,,,,,,,,,,,,,3.74534818941504,2.06887452409585,,,0.0497678737233055,0.0477573957542939,0.204048282265552,0.195805322592605,0.0049767873723305,0.0047757395754293,2022.0,1999-03-29,,,2024,17
Jevon Holland,MIA,DB,15366,weighted,,,,,,,,,,,,,,,,,,,,,,,,,,,,,,,,,,,,,,,,,,,,,4.34027855153203,1.12591812764648,,,0.054744661095636,0.0525331353297233,0.364698235840297,0.062084614480582,0.0049767873723305,0.0047757395754293,2021.0,2000-03-03,,,2024,17
P.J. Locke,DEN,DB,15094,weighted,,,,,,,,,,,,,,,,,,,,,,,,,,,,,,,,,,,,,,,,,,,,,4.2735747446611,1.16341009461306,,,0.0850696378830084,0.0143272187262882,0.319907149489322,0.0191029583017176,0.0049767873723305,0.0047757395754293,2019.0,1997-02-12,,,2024,17
Mike Sainristil,WAS,DB,16698,weighted,,,,,,,,,,,,,,,,,,,,,,,,,,,,,,,,,,,,,,,,,,,,,4.50902506963788,1.02908744095915,,,0.119907149489322,0.0191029583017176,0.495023212627669,0.0047757395754293,0.0049767873723305,0.0047757395754293,2024.0,2000-10-03,,,2024,17
Taron Johnson,BUF,DB,13764,weighted,,,,,,,,,,,,,,,,,,,,,,,,,,,,,,,,,,,,,,,,,,,,,4.65784586815227,0.843634042933368,,,0.0701392757660167,0.0286544374525763,0.395487465181058,0.100290531084017,0.0552089136490251,0.0429816561788645,2018.0,1996-07-27,,,2024,17
Amani Hooker,TEN,DB,14182,weighted,,,,,,,,,,,,,,,,,,,,,,,,,,,,,,,,,,,,,,,,,,,,,4.36207985143918,1.05902804142157,,,0.250232126276695,0.0477573957542939,0.614930362116992,0.0143272187262882,0.0099535747446611,0.0095514791508587,2019.0,1998-06-14,Q,Shoulder,2024,17
Julian Blackmon,IND,DB,14933,weighted,,,,,,,,,,,,,,,,,,,,,,,,,,,,,,,,,,,,,,,,,,,,,4.37110492107707,1.0310700353833,,,0.170139275766017,0.0286544374525763,0.444791086350975,0.0429816561788645,0.0049767873723305,0.0047757395754293,2020.0,1998-08-24,,,2024,17
Alontae Taylor,NO,DB,15856,weighted,,,,,,,,,,,,,,,,,,,,,,,,,,,,,,,,,,,,,,,,,,,,,4.42737233054782,1.07729762278817,,,0.0950232126276695,0.0047757395754293,0.590974930362117,0.200581062168034,0.0049767873723305,0.0047757395754293,2022.0,1998-12-03,,,2024,17
Tony Jefferson,LAC,DB,11327,weighted,,,,,,,,,,,,,,,,,,,,,,,,,,,,,,,,,,,,,,,,,,,,,4.58568,1.29400540957138,,,0.08,0.0,0.37,7.93006376302522e-17,0.01,0.0,2013.0,1992-01-27,,,2024,17
Tyson Campbell,JAC,DB,15380,weighted,,,,,,,,,,,,,,,,,,,,,,,,,,,,,,,,,,,,,,,,,,,,,4.24191272051996,1.08740918497609,,,0.054744661095636,0.0525331353297233,0.470139275766017,0.0286544374525763,0.0049767873723305,0.0047757395754293,2021.0,2000-03-17,,,2024,17
Jamel Dean,TB,DB,14219,weighted,,,,,,,,,,,,,,,,,,,,,,,,,,,,,,,,,,,,,,,,,,,,,4.20597957288765,1.1367801509479,,,0.109953574744661,0.0095514791508587,0.480092850510678,0.0191029583017175,0.0049767873723305,0.0047757395754293,2019.0,1996-10-15,,,2024,17
Trevon Moehrig,LVR,DB,15365,weighted,,,,,,,,,,,,,,,,,,,,,,,,,,,,,,,,,,,,,,,,,,,,,4.22960074280409,0.977972319669698,,,0.1,0.0,0.500464252553389,0.0955147915085877,0.0049767873723305,0.0047757395754293,2021.0,1999-06-16,,,2024,17
Isaiah Oliver,NYJ,DB,13709,weighted,,,,,,,,,,,,,,,,,,,,,,,,,,,,,,,,,,,,,,,,,,,,,3.60588672237697,1.47522365317828,,,0.0447910863509749,0.0429816561788645,0.239350046425255,0.133720708112023,0.0049767873723305,0.0047757395754293,2018.0,1996-09-30,,,2024,17
Kerby Joseph,DET,DB,15871,weighted,,,,,,,,,,,,,,,,,,,,,,,,,,,,,,,,,,,,,,,,,,,,,3.99537604456825,1.10129996427632,,,0.255208913649025,0.0429816561788645,0.624883936861653,0.023878697877147,0.0601857010213556,0.0382059166034351,2022.0,2000-11-14,,,2024,17
Kenny Moore,IND,DB,13470,weighted,,,,,,,,,,,,,,,,,,,,,,,,,,,,,,,,,,,,,,,,,,,,,4.24542246982358,0.908628740447719,,,0.240278551532033,0.0573088749051527,0.534837511606314,0.0334301770280057,0.0601857010213556,0.0382059166034351,2017.0,1995-08-23,,,2024,17
Will Harris,NO,DB,14213,weighted,,,,,,,,,,,,,,,,,,,,,,,,,,,,,,,,,,,,,,,,,,,,,3.13966573816156,2.3895501869739,,,0.1,0.0,0.249303621169916,0.143272187262882,0.0049767873723305,0.0047757395754293,2019.0,,,,2024,17
Amani Oruwariye,DAL,DB,14245,weighted,,,,,,,,,,,,,,,,,,,,,,,,,,,,,,,,,,,,,,,,,,,,,3.7592,1.90918830920368,,,0.1,1.9825159407563102e-17,0.4,7.93006376302522e-17,0.01,0.0,2019.0,1996-02-09,O,Foot,2024,17
Jourdan Lewis,DAL,DB,13227,weighted,,,,,,,,,,,,,,,,,,,,,,,,,,,,,,,,,,,,,,,,,,,,,3.7874651810585,1.46091739931884,,,0.0850696378830084,0.0143272187262882,0.370139275766017,0.0286544374525763,0.0049767873723305,0.0047757395754293,2017.0,1995-08-31,,,2024,17
Renardo Green,SF,DB,16702,weighted,,,,,,,,,,,,,,,,,,,,,,,,,,,,,,,,,,,,,,,,,,,,,3.81108635097493,1.22181574952238,,,0.0850696378830084,0.0143272187262882,0.5208356545961,0.171926624715458,0.0049767873723305,0.0047757395754293,2024.0,2000-11-09,,,2024,17
Cole Bishop,BUF,DB,16700,weighted,,,,,,,,,,,,,,,,,,,,,,,,,,,,,,,,,,,,,,,,,,,,,2.79747446610956,2.153341616783,,,0.0298607242339833,0.0286544374525763,0.159257195914578,0.15282366641374,0.0049767873723305,0.0047757395754293,2024.0,2002-10-24,,,2024,17
Harrison Smith,MIN,DB,10783,weighted,,,,,,,,,,,,,,,,,,,,,,,,,,,,,,,,,,,,,,,,,,,,,3.85047353760446,1.09842090683095,,,0.109953574744661,0.0095514791508587,0.424883936861653,0.0238786978771469,0.0049767873723305,0.0047757395754293,2012.0,1989-02-02,,,2024,17
Kaiir Elam,BUF,DB,15847,weighted,,,,,,,,,,,,,,,,,,,,,,,,,,,,,,,,,,,,,,,,,,,,,3.46701949860724,1.4050011476512,,,0.0447910863509749,0.0429816561788645,0.339814298978644,0.0382059166034351,0.0049767873723305,0.0047757395754293,2022.0,2001-05-05,,,2024,17
Javon Bullard,GB,DB,16677,weighted,,,,,,,,,,,,,,,,,,,,,,,,,,,,,,,,,,,,,,,,,,,,,3.95099350046425,0.932729340342404,,,0.054744661095636,0.0525331353297233,0.259257195914578,0.15282366641374,0.0049767873723305,0.0047757395754293,2024.0,2002-09-05,Q,Ankle,2024,17
DeShon Elliott,PIT,DB,13806,weighted,,,,,,,,,,,,,,,,,,,,,,,,,,,,,,,,,,,,,,,,,,,,,4.40701986754967,1.13137084989848,,,0.0,0.0,0.3,0.0,0.0,0.0,2018.0,1997-04-21,,,2024,17
DaRon Bland,DAL,DB,15904,weighted,,,,,,,,,,,,,,,,,,,,,,,,,,,,,,,,,,,,,,,,,,,,,4.47226666666667,0.777817459305202,,,0.17,0.0,0.55,0.0,0.01,0.0,2022.0,1999-07-12,,,2024,17
D.J. Reed,NYJ,DB,13774,weighted,,,,,,,,,,,,,,,,,,,,,,,,,,,,,,,,,,,,,,,,,,,,,4.16176415970288,0.681608473468141,,,0.054744661095636,0.0525331353297233,0.560649953574745,0.133720708112023,0.0049767873723305,0.0047757395754293,2018.0,1996-11-11,,,2024,17
Charvarius Ward,SF,DB,13920,weighted,,,,,,,,,,,,,,,,,,,,,,,,,,,,,,,,,,,,,,,,,,,,,4.07706592386258,0.784325721936087,,,0.0900464252553389,0.0095514791508587,0.581021355617456,0.210132541318893,0.0049767873723305,0.0047757395754293,2018.0,1996-05-16,,,2024,17
Zyon McCollum,TB,DB,15895,weighted,,,,,,,,,,,,,,,,,,,,,,,,,,,,,,,,,,,,,,,,,,,,,3.71834726090994,1.18451132752937,,,0.1,0.0,0.500464252553389,0.0955147915085877,0.0049767873723305,0.0047757395754293,2022.0,1999-05-03,,,2024,17
Eric Murray,HOU,DB,12772,weighted,,,,,,,,,,,,,,,,,,,,,,,,,,,,,,,,,,,,,,,,,,,,,3.75093779015785,1.00851282792191,,,0.120371402042711,0.0764118332068702,0.440742804085422,0.15282366641374,0.0049767873723305,0.0047757395754293,2016.0,1994-01-07,,,2024,17
Kamren Kinchens,LAR,DB,16676,weighted,,,,,,,,,,,,,,,,,,,,,,,,,,,,,,,,,,,,,,,,,,,,,3.13056638811513,1.65752888634053,,,0.305905292479109,0.186253843441746,0.460185701021356,0.0382059166034351,0.10544103992572,0.0907390519331584,2024.0,2002-09-29,,,2024,17
Jason Pinnock,NYG,DB,15448,weighted,,,,,,,,,,,,,,,,,,,,,,,,,,,,,,,,,,,,,,,,,,,,,3.87578458681523,0.877193931407578,,,0.0900464252553389,0.0095514791508587,0.274651810584958,0.0716360936314408,0.0049767873723305,0.0047757395754293,2021.0,1999-06-30,,,2024,17
Tarheeb Still,LAC,DB,16729,weighted,,,,,,,,,,,,,,,,,,,,,,,,,,,,,,,,,,,,,,,,,,,,,4.22808,0.869741340859453,,,0.18,3.96503188151261e-17,0.57,0.0,0.01,0.0,2024.0,2002-06-09,,,2024,17
Geno Stone,CIN,DB,15003,weighted,,,,,,,,,,,,,,,,,,,,,,,,,,,,,,,,,,,,,,,,,,,,,3.67526462395543,1.0537508607384,,,0.230324976787372,0.0668603540560114,0.469675023212628,0.0668603540560114,0.0552089136490251,0.0429816561788645,2020.0,1999-04-19,Q,Illness,2024,17
Brandin Echols,NYJ,DB,15464,weighted,,,,,,,,,,,,,,,,,,,,,,,,,,,,,,,,,,,,,,,,,,,,,3.53898666666667,1.71119841047145,,,0.17,0.0,0.54,0.0,0.01,0.0,2021.0,1997-10-16,,,2024,17
Daryl Worley,TEN,DB,12760,weighted,,,,,,,,,,,,,,,,,,,,,,,,,,,,,,,,,,,,,,,,,,,,,3.67567316620241,1.06521328863976,,,0.104976787372331,0.0047757395754293,0.404976787372331,0.0047757395754293,0.0049767873723305,0.0047757395754293,2016.0,,,,2024,17
Cam Taylor-Britt,CIN,DB,15859,weighted,,,,,,,,,,,,,,,,,,,,,,,,,,,,,,,,,,,,,,,,,,,,,4.01645311049211,0.679760104222859,,,0.215394614670381,0.0811875727822996,0.731253481894151,0.257889937073187,0.0552089136490251,0.0429816561788645,2022.0,1999-10-15,,,2024,17
Amik Robertson,DET,DB,14957,weighted,,,,,,,,,,,,,,,,,,,,,,,,,,,,,,,,,,,,,,,,,,,,,3.5913834726091,1.27495961493068,,,0.0447910863509749,0.0429816561788645,0.385069637883008,0.0143272187262882,0.0049767873723305,0.0047757395754293,2020.0,1998-07-06,,,2024,17
Cooper DeJean,PHI,DB,16675,weighted,,,,,,,,,,,,,,,,,,,,,,,,,,,,,,,,,,,,,,,,,,,,,4.14096,0.89095454429505,,,0.06,0.0,0.31,0.0,0.01,0.0,2024.0,2003-02-09,,,2024,17
Byron Murphy,MIN,DB,14180,weighted,,,,,,,,,,,,,,,,,,,,,,,,,,,,,,,,,,,,,,,,,,,,,3.85866295264624,0.845957583824838,,,0.255673166202414,0.138496447687452,0.605905292479109,0.186253843441746,0.0049767873723305,0.0047757395754293,2019.0,1998-01-18,,,2024,17
Chauncey Gardner-Johnson,PHI,DB,14224,weighted,,,,,,,,,,,,,,,,,,,,,,,,,,,,,,,,,,,,,,,,,,,,,3.4080965645311,1.21659788042147,,,0.225348189415042,0.0716360936314408,0.550232126276695,0.0477573957542939,0.0049767873723305,0.0047757395754293,2019.0,1997-12-20,,,2024,17
Kyler Gordon,CHI,DB,15852,weighted,,,,,,,,,,,,,,,,,,,,,,,,,,,,,,,,,,,,,,,,,,,,,3.93140204271123,0.707849370605526,,,0.1,0.0,0.4,0.0,0.0049767873723305,0.0047757395754293,2022.0,1999-12-17,,,2024,17
Montaric Brown,JAC,DB,15933,weighted,,,,,,,,,,,,,,,,,,,,,,,,,,,,,,,,,,,,,,,,,,,,,3.82870937790158,0.91260649202955,,,0.0950232126276695,0.0047757395754293,0.495487465181059,0.100290531084017,0.0049767873723305,0.0047757395754293,2022.0,1999-08-24,,,2024,17
Mike Hughes,ATL,DB,13731,weighted,,,,,,,,,,,,,,,,,,,,,,,,,,,,,,,,,,,,,,,,,,,,,3.93140204271123,0.707849370605526,,,0.0348375116063138,0.0334301770280057,0.415394614670381,0.0811875727822996,0.0049767873723305,0.0047757395754293,2018.0,1997-02-11,,,2024,17
Justin Simmons,ATL,DB,12767,weighted,,,,,,,,,,,,,,,,,,,,,,,,,,,,,,,,,,,,,,,,,,,,,3.48382544103993,1.06926748250958,,,0.195023212627669,0.0047757395754293,0.595023212627669,0.0047757395754293,0.0099535747446611,0.0095514791508587,2016.0,1993-11-19,,,2024,17
Kamari Lassiter,HOU,DB,16672,weighted,,,,,,,,,,,,,,,,,,,,,,,,,,,,,,,,,,,,,,,,,,,,,3.66159702878366,0.966649516023184,,,0.145255338904364,0.0525331353297233,0.540742804085423,0.15282366641374,0.0049767873723305,0.0047757395754293,2024.0,2003-01-23,,,2024,17
Tyrique Stevenson,CHI,DB,16267,weighted,,,,,,,,,,,,,,,,,,,,,,,,,,,,,,,,,,,,,,,,,,,,,3.7335747446611,0.775775642114681,,,0.175116063138347,0.0238786978771469,0.700928505106778,0.191029583017176,0.0049767873723305,0.0047757395754293,2023.0,2000-05-26,,,2024,17
Mike Hilton,CIN,DB,13414,weighted,,,,,,,,,,,,,,,,,,,,,,,,,,,,,,,,,,,,,,,,,,,,,3.83743732590529,0.66881702027288,,,0.0900464252553389,0.0095514791508587,0.370139275766017,0.0286544374525763,0.0049767873723305,0.0047757395754293,2016.0,1994-03-09,,,2024,17
Ifeatu Melifonwu,DET,DB,15363,weighted,,,,,,,,,,,,,,,,,,,,,,,,,,,,,,,,,,,,,,,,,,,,,3.0075208913649,1.55211524953691,,,0.0900464252553389,0.0095514791508587,0.420371402042711,0.0764118332068702,0.0049767873723305,0.0047757395754293,2021.0,1999-05-02,,,2024,17
Malik Hooker,DAL,DB,13228,weighted,,,,,,,,,,,,,,,,,,,,,,,,,,,,,,,,,,,,,,,,,,,,,3.3205199628598,1.14371265073129,,,0.0950232126276695,0.0047757395754293,0.339814298978644,0.0382059166034351,0.0049767873723305,0.0047757395754293,2017.0,1996-04-02,,,2024,17
James Pierre,PIT,DB,15124,weighted,,,,,,,,,,,,,,,,,,,,,,,,,,,,,,,,,,,,,,,,,,,,,3.12375116063138,1.55731145739065,,,0.0447910863509749,0.0429816561788645,0.339814298978644,0.0382059166034351,0.0049767873723305,0.0047757395754293,2020.0,1996-09-16,,,2024,17
Chau Smith-Wade,CAR,DB,16741,weighted,,,,,,,,,,,,,,,,,,,,,,,,,,,,,,,,,,,,,,,,,,,,,3.30034666666667,1.64755880016466,,,0.1,1.9825159407563102e-17,0.4,7.93006376302522e-17,0.01,0.0,2024.0,2002-09-17,O,Illness,2024,17
Jack Jones,LVR,DB,15881,weighted,,,,,,,,,,,,,,,,,,,,,,,,,,,,,,,,,,,,,,,,,,,,,3.60995357474466,0.843158420944205,,,0.175116063138347,0.0238786978771469,0.60544103992572,0.0907390519331584,0.0552089136490251,0.0429816561788645,2022.0,1997-12-20,,,2024,17
Tyrann Mathieu,NO,DB,11313,weighted,,,,,,,,,,,,,,,,,,,,,,,,,,,,,,,,,,,,,,,,,,,,,3.54547818012999,0.839336054105397,,,0.224883936861653,0.0238786978771469,0.554280408542247,0.148047926838311,0.0099535747446611,0.0095514791508587,2013.0,1992-05-13,,,2024,17
Trent McDuffie,KC,DB,15845,weighted,,,,,,,,,,,,,,,,,,,,,,,,,,,,,,,,,,,,,,,,,,,,,3.51593314763231,0.853902874476682,,,0.0800928505106778,0.0191029583017176,0.606369545032498,0.281768634950334,0.0049767873723305,0.0047757395754293,2022.0,2000-09-13,,,2024,17
Michael Jackson,CAR,DB,14252,weighted,,,,,,,,,,,,,,,,,,,,,,,,,,,,,,,,,,,,,,,,,,,,,3.82295264623955,0.572930716415216,,,0.0447910863509749,0.0429816561788645,0.691439182915506,0.296095853676622,0.0049767873723305,0.0047757395754293,2019.0,1997-01-10,,,2024,17
Decamerion Richardson,LVR,DB,16720,weighted,,,,,,,,,,,,,,,,,,,,,,,,,,,,,,,,,,,,,,,,,,,,,3.03277623026927,1.43427876702707,,,0.0497678737233055,0.0477573957542939,0.28958217270195,0.085963312357729,0.0049767873723305,0.0047757395754293,2024.0,2001-03-16,,,2024,17
Damontae Kazee,PIT,DB,13301,weighted,,,,,,,,,,,,,,,,,,,,,,,,,,,,,,,,,,,,,,,,,,,,,2.68490250696379,1.54042574507513,,,0.109953574744661,0.0095514791508587,0.319442896935933,0.114617749810305,0.0049767873723305,0.0047757395754293,2017.0,1993-06-05,,,2024,17
Jabrill Peppers,NE,DB,13231,weighted,,,,,,,,,,,,,,,,,,,,,,,,,,,,,,,,,,,,,,,,,,,,,3.59810584958217,0.670423237695704,,,0.0751160631383473,0.0238786978771469,0.285069637883008,0.0143272187262882,0.0049767873723305,0.0047757395754293,2017.0,1995-10-04,Q,Hamstring,2024,17
Jarvis Brownlee,TEN,DB,16736,weighted,,,,,,,,,,,,,,,,,,,,,,,,,,,,,,,,,,,,,,,,,,,,,3.34700092850511,1.11372564849218,,,0.0597214484679666,0.0573088749051527,0.264233983286908,0.15759940598917,0.0049767873723305,0.0047757395754293,2024.0,2001-07-13,,,2024,17
Christian Benford,BUF,DB,15913,weighted,,,,,,,,,,,,,,,,,,,,,,,,,,,,,,,,,,,,,,,,,,,,,3.73233054781801,0.54693560834324,,,0.0850696378830084,0.0143272187262882,0.561114206128134,0.229235499620611,0.0049767873723305,0.0047757395754293,2022.0,2000-09-21,,,2024,17
Taylor Rapp,BUF,DB,14186,weighted,,,,,,,,,,,,,,,,,,,,,,,,,,,,,,,,,,,,,,,,,,,,,4.18344370860927,0.353553390593274,,,0.2,3.96083208564486e-17,0.5,0.0,0.0,0.0,2019.0,1970-01-01,Q,Neck,2024,17
Carrington Valentine,GB,DB,16356,weighted,,,,,,,,,,,,,,,,,,,,,,,,,,,,,,,,,,,,,,,,,,,,,3.76797333333333,0.770746391493337,,,0.13,0.0,0.45,0.0,0.01,0.0,2023.0,2001-09-09,,,2024,17
Noah Igbinoghene,WAS,DB,14919,weighted,,,,,,,,,,,,,,,,,,,,,,,,,,,,,,,,,,,,,,,,,,,,,3.69802666666667,0.820243866176395,,,0.09,1.9825159407563102e-17,0.36,7.93006376302522e-17,0.01,0.0,2020.0,1999-11-27,,,2024,17
Terrion Arnold,DET,DB,16671,weighted,,,,,,,,,,,,,,,,,,,,,,,,,,,,,,,,,,,,,,,,,,,,,3.37402042711235,0.891351062633681,,,0.0348375116063138,0.0334301770280057,0.41041782729805,0.085963312357729,0.0049767873723305,0.0047757395754293,2024.0,2003-03-22,Q,Illness,2024,17
Brandon Stephens,BAL,DB,15405,weighted,,,,,,,,,,,,,,,,,,,,,,,,,,,,,,,,,,,,,,,,,,,,,3.53743732590529,0.66881702027288,,,0.0298607242339833,0.0286544374525763,0.450696378830084,0.143272187262882,0.0049767873723305,0.0047757395754293,2021.0,1997-12-29,,,2024,17
Dee Alford,ATL,DB,16012,weighted,,,,,,,,,,,,,,,,,,,,,,,,,,,,,,,,,,,,,,,,,,,,,3.6566573816156,0.567478753306646,,,0.0248839368616527,0.0238786978771469,0.541207056638812,0.248338457922328,0.0049767873723305,0.0047757395754293,2021.0,1997-11-05,,,2024,17
Christian Gonzalez,NE,DB,16251,weighted,,,,,,,,,,,,,,,,,,,,,,,,,,,,,,,,,,,,,,,,,,,,,3.51047353760446,0.668526197122898,,,0.0900464252553389,0.0095514791508587,0.51585886722377,0.176702364290887,0.0552089136490251,0.0429816561788645,2023.0,2002-06-28,,,2024,17
Kristian Fulton,LAC,DB,14904,weighted,,,,,,,,,,,,,,,,,,,,,,,,,,,,,,,,,,,,,,,,,,,,,3.60161559888579,0.594651007315136,,,0.104976787372331,0.0047757395754293,0.51041782729805,0.085963312357729,0.0049767873723305,0.0047757395754293,2020.0,1998-09-03,,,2024,17
Darius Slay,PHI,DB,11348,weighted,,,,,,,,,,,,,,,,,,,,,,,,,,,,,,,,,,,,,,,,,,,,,3.45021355617456,0.642800598246863,,,0.0696750232126277,0.0668603540560114,0.786462395543176,0.300871593252052,0.0049767873723305,0.0047757395754293,2013.0,1991-01-01,,,2024,17
Calen Bullock,HOU,DB,16705,weighted,,,,,,,,,,,,,,,,,,,,,,,,,,,,,,,,,,,,,,,,,,,,,3.53116063138347,0.758906021022419,,,0.265626740947075,0.128944968536593,0.671067780872795,0.219684020469752,0.0552089136490251,0.0429816561788645,2024.0,2003-04-30,,,2024,17
Damar Hamlin,BUF,DB,15469,weighted,,,,,,,,,,,,,,,,,,,,,,,,,,,,,,,,,,,,,,,,,,,,,4.2,0.0,,,0.2,3.96083208564486e-17,0.4,7.92166417128973e-17,0.0,0.0,2021.0,1998-03-24,Q,Ribs,2024,17
Kendall Fuller,MIA,DB,12714,weighted,,,,,,,,,,,,,,,,,,,,,,,,,,,,,,,,,,,,,,,,,,,,,2.99730666666667,1.47785317267988,,,0.1,1.9825159407563102e-17,0.39,7.93006376302522e-17,0.01,0.0,2016.0,1995-02-13,O,Knee,2024,17
Bryan Cook,KC,DB,15860,weighted,,,,,,,,,,,,,,,,,,,,,,,,,,,,,,,,,,,,,,,,,,,,,3.33403899721448,0.709785764528795,,,0.0900464252553389,0.0095514791508587,0.319907149489322,0.0191029583017176,0.0049767873723305,0.0047757395754293,2022.0,1999-09-07,,,2024,17
Sean Bunting,ARI,DB,14199,weighted,,,,,,,,,,,,,,,,,,,,,,,,,,,,,,,,,,,,,,,,,,,,,3.21376044568245,0.88838349564703,,,0.124883936861653,0.0238786978771469,0.449767873723306,0.0477573957542939,0.0049767873723305,0.0047757395754293,2019.0,1997-06-19,,,2024,17
Denzel Ward,CLE,DB,13707,weighted,,,,,,,,,,,,,,,,,,,,,,,,,,,,,,,,,,,,,,,,,,,,,3.35964716805942,0.573089267201786,,,0.175116063138347,0.0238786978771469,0.751160631383473,0.238786978771469,0.0049767873723305,0.0047757395754293,2018.0,1997-04-28,,,2024,17
Tykee Smith,TB,DB,16708,weighted,,,,,,,,,,,,,,,,,,,,,,,,,,,,,,,,,,,,,,,,,,,,,3.10139275766017,0.841863144310236,,,0.1,0.0,0.344791086350975,0.0429816561788645,0.0049767873723305,0.0047757395754293,2024.0,2001-02-18,,,2024,17
Cory Trice,PIT,DB,16361,weighted,,,,,,,,,,,,,,,,,,,,,,,,,,,,,,,,,,,,,,,,,,,,,3.03845333333333,1.21622366364086,,,0.1,1.9825159407563102e-17,0.37,7.93006376302522e-17,0.01,0.0,2023.0,2000-05-30,,,2024,17
Jaylon Jones,IND,DB,16350,weighted,,,,,,,,,,,,,,,,,,,,,,,,,,,,,,,,,,,,,,,,,,,,,3.85611710323575,0.205060966544099,,,0.0396918335901387,0.0565685424949238,0.516425269645609,0.261629509039023,0.0049614791987673,0.0070710678118654,2023.0,2002-04-03,,,2024,17
Riley Moss,DEN,DB,16279,weighted,,,,,,,,,,,,,,,,,,,,,,,,,,,,,,,,,,,,,,,,,,,,,3.60317880794702,0.494974746830583,,,0.1,1.98041604282243e-17,0.6,0.0,0.0,0.0,2023.0,2000-03-03,,,2024,17
Tony Adams,NYJ,DB,16014,weighted,,,,,,,,,,,,,,,,,,,,,,,,,,,,,,,,,,,,,,,,,,,,,3.56688741721854,0.707106781186548,,,0.1,1.98041604282243e-17,0.4,7.92166417128973e-17,0.0,0.0,2022.0,1999-01-24,Q,Ankle,2024,17
Ja'Quan McMillian,DEN,DB,16145,weighted,,,,,,,,,,,,,,,,,,,,,,,,,,,,,,,,,,,,,,,,,,,,,3.57862581244197,0.486786671813552,,,0.140278551532033,0.0573088749051527,0.51585886722377,0.176702364290887,0.0552089136490251,0.0429816561788645,2022.0,2000-06-04,,,2024,17
Darnell Savage,JAC,DB,14197,weighted,,,,,,,,,,,,,,,,,,,,,,,,,,,,,,,,,,,,,,,,,,,,,2.84578666666667,1.3930003589375,,,0.1,1.9825159407563102e-17,0.38,7.93006376302522e-17,0.01,0.0,2019.0,,O,Concussion,2024,17
Quinyon Mitchell,PHI,DB,16690,weighted,,,,,,,,,,,,,,,,,,,,,,,,,,,,,,,,,,,,,,,,,,,,,2.9039182915506,0.941775865197038,,,0.0298607242339833,0.0286544374525763,0.395487465181058,0.100290531084017,0.0049767873723305,0.0047757395754293,2024.0,2001-07-18,,,2024,17
Josh Newton,CIN,DB,16737,weighted,,,,,,,,,,,,,,,,,,,,,,,,,,,,,,,,,,,,,,,,,,,,,3.18696378830084,0.616401412803991,,,0.1,0.0,0.641207056638812,0.248338457922328,0.0049767873723305,0.0047757395754293,2024.0,2000-09-14,,,2024,17
Chidobe Awuzie,TEN,DB,13263,weighted,,,,,,,,,,,,,,,,,,,,,,,,,,,,,,,,,,,,,,,,,,,,,3.44146703806871,0.643969797816367,,,0.150232126276695,0.0477573957542939,0.390046425255339,0.0095514791508587,0.0049767873723305,0.0047757395754293,2017.0,1995-05-24,,,2024,17
Nate Hobbs,LVR,DB,15441,weighted,,,,,,,,,,,,,,,,,,,,,,,,,,,,,,,,,,,,,,,,,,,,,3.29364238410596,0.989949493661167,,,0.1,1.98041604282243e-17,0.4,7.92166417128973e-17,0.0,0.0,2021.0,1999-06-24,,,2024,17
Ji'Ayir Brown,SF,DB,16281,weighted,,,,,,,,,,,,,,,,,,,,,,,,,,,,,,,,,,,,,,,,,,,,,3.59682119205298,0.494974746830583,,,0.1,1.98041604282243e-17,0.3,0.0,0.0,0.0,2023.0,2000-01-25,Q,Ankle,2024,17
Adoree Jackson,NYG,DB,13226,weighted,,,,,,,,,,,,,,,,,,,,,,,,,,,,,,,,,,,,,,,,,,,,,2.92911792014856,0.948234156877265,,,0.0248839368616527,0.0238786978771469,0.390510677808728,0.105066270659447,0.0049767873723305,0.0047757395754293,2017.0,1995-09-18,,,2024,17
A.J. Terrell,ATL,DB,14918,weighted,,,,,,,,,,,,,,,,,,,,,,,,,,,,,,,,,,,,,,,,,,,,,3.2605199628598,0.476708228228034,,,0.0900464252553389,0.0095514791508587,0.465626740947075,0.128944968536593,0.0049767873723305,0.0047757395754293,2020.0,1998-09-23,,,2024,17
A.J. Terrell,ATL,DB,14918,weighted,,,,,,,,,,,,,,,,,,,,,,,,,,,,,,,,,,,,,,,,,,,,,3.2605199628598,0.476708228228034,,,0.0900464252553389,0.0095514791508587,0.465626740947075,0.128944968536593,0.0049767873723305,0.0047757395754293,2020.0,2001-03-28,,,2024,17
Jalen Ramsey,MIA,DB,12711,weighted,,,,,,,,,,,,,,,,,,,,,,,,,,,,,,,,,,,,,,,,,,,,,3.24815227483751,0.467549614031865,,,0.175116063138347,0.0238786978771469,0.590510677808728,0.105066270659447,0.0049767873723305,0.0047757395754293,2016.0,1994-10-24,,,2024,17
Derek Stingley Jr.,HOU,DB,15832,weighted,,,,,,,,,,,,,,,,,,,,,,,,,,,,,,,,,,,,,,,,,,,,,2.96252553389044,0.776179261177791,,,0.265626740947075,0.128944968536593,0.826740947075209,0.358180468157204,0.0049767873723305,0.0047757395754293,2022.0,2001-06-20,,,2024,17
Roger McCreary,TEN,DB,15849,weighted,,,,,,,,,,,,,,,,,,,,,,,,,,,,,,,,,,,,,,,,,,,,,2.83629139072848,1.20208152801713,,,0.0,0.0,0.1,1.98041604282243e-17,0.0,0.0,2022.0,2000-02-10,,,2024,17
Elijah Molden,LAC,DB,15402,weighted,,,,,,,,,,,,,,,,,,,,,,,,,,,,,,,,,,,,,,,,,,,,,3.45350993377483,0.565685424949238,,,0.3,0.0,0.7,0.0,0.0,0.0,2021.0,1999-01-30,Q,Knee,2024,17
Patrick Surtain II,DEN,DB,15362,weighted,,,,,,,,,,,,,,,,,,,,,,,,,,,,,,,,,,,,,,,,,,,,,3.11996285979573,0.567504555246242,,,0.170139275766017,0.0286544374525763,0.630789229340761,0.162375145564599,0.0049767873723305,0.0047757395754293,2021.0,2000-04-14,,,2024,17
Marte Mapu,NE,DB,16275,weighted,,,,,,,,,,,,,,,,,,,,,,,,,,,,,,,,,,,,,,,,,,,,,2.27990714948932,1.24371897958045,,,0.0298607242339833,0.0286544374525763,0.340278551532033,0.0573088749051527,0.0049767873723305,0.0047757395754293,2023.0,1999-11-08,,,2024,17
Darious Williams,LAR,DB,13959,weighted,,,,,,,,,,,,,,,,,,,,,,,,,,,,,,,,,,,,,,,,,,,,,3.21485608170845,0.441974016555873,,,0.109953574744661,0.0095514791508587,0.51041782729805,0.085963312357729,0.0049767873723305,0.0047757395754293,2018.0,1993-03-15,,,2024,17
Martin Emerson,CLE,DB,15862,weighted,,,,,,,,,,,,,,,,,,,,,,,,,,,,,,,,,,,,,,,,,,,,,3.47732590529248,0.199070739198259,,,0.0348375116063138,0.0334301770280057,0.350232126276695,0.0477573957542939,0.0049767873723305,0.0047757395754293,2022.0,2000-09-27,,,2024,17
Stephon Gilmore,MIN,DB,10789,weighted,,,,,,,,,,,,,,,,,,,,,,,,,,,,,,,,,,,,,,,,,,,,,3.00278551532033,0.558724498726311,,,0.0597214484679666,0.0573088749051527,0.515394614670381,0.0811875727822996,0.0049767873723305,0.0047757395754293,2012.0,1990-09-19,,,2024,17
Ahkello Witherspoon,LAR,DB,13266,weighted,,,,,,,,,,,,,,,,,,,,,,,,,,,,,,,,,,,,,,,,,,,,,2.86242666666667,0.926309883354377,,,0.12,0.0,0.42,0.0,0.01,0.0,2017.0,1995-03-21,,,2024,17
Benjamin St-Juste,WAS,DB,15392,weighted,,,,,,,,,,,,,,,,,,,,,,,,,,,,,,,,,,,,,,,,,,,,,3.42993377483444,0.212132034355964,,,0.0,0.0,0.2,3.96083208564486e-17,0.0,0.0,2021.0,1997-09-08,,,2024,17
Kaevon Merriweather,TB,DB,16463,weighted,,,,,,,,,,,,,,,,,,,,,,,,,,,,,,,,,,,,,,,,,,,,,2.51721854304636,1.76776695296637,,,0.0,0.0,0.1,1.98041604282243e-17,0.0,0.0,2023.0,1999-12-20,,,2024,17
Juan Thornhill,CLE,DB,14207,weighted,,,,,,,,,,,,,,,,,,,,,,,,,,,,,,,,,,,,,,,,,,,,,3.04703806870938,0.74743644797022,,,0.0248839368616527,0.0238786978771469,0.234837511606314,0.0334301770280057,0.0049767873723305,0.0047757395754293,2019.0,1970-01-01,,,2024,17
Darnay Holmes,LVR,DB,14944,weighted,,,,,,,,,,,,,,,,,,,,,,,,,,,,,,,,,,,,,,,,,,,,,2.73112,1.03944696834422,,,0.08,0.0,0.33,0.0,0.01,0.0,2020.0,1998-06-23,,,2024,17
Garrett Williams,ARI,DB,16274,weighted,,,,,,,,,,,,,,,,,,,,,,,,,,,,,,,,,,,,,,,,,,,,,2.88144846796657,0.515294381204476,,,0.0950232126276695,0.0047757395754293,0.380092850510678,0.0191029583017176,0.0049767873723305,0.0047757395754293,2023.0,2001-06-01,,,2024,17
Garrett Williams,ARI,DB,16274,weighted,,,,,,,,,,,,,,,,,,,,,,,,,,,,,,,,,,,,,,,,,,,,,2.88144846796657,0.515294381204476,,,0.0950232126276695,0.0047757395754293,0.380092850510678,0.0191029583017176,0.0049767873723305,0.0047757395754293,2023.0,2003-12-05,,,2024,17
Cameron Mitchell,CLE,DB,16309,weighted,,,,,,,,,,,,,,,,,,,,,,,,,,,,,,,,,,,,,,,,,,,,,2.60185701021356,0.747195137517911,,,0.0248839368616527,0.0238786978771469,0.234837511606314,0.0334301770280057,0.0049767873723305,0.0047757395754293,2023.0,2001-09-08,,,2024,17
Marlon Humphrey,BAL,DB,13223,weighted,,,,,,,,,,,,,,,,,,,,,,,,,,,,,,,,,,,,,,,,,,,,,2.80319405756732,0.582642097909644,,,0.21041782729805,0.085963312357729,0.560649953574745,0.133720708112023,0.0552089136490251,0.0429816561788645,2017.0,1996-07-08,,,2024,17
Jaylon Johnson,CHI,DB,14924,weighted,,,,,,,,,,,,,,,,,,,,,,,,,,,,,,,,,,,,,,,,,,,,,2.8725348189415,0.434891988184565,,,0.160185701021356,0.0382059166034351,0.50544103992572,0.0907390519331584,0.0049767873723305,0.0047757395754293,2020.0,1999-04-19,,,2024,17
Jaylon Johnson,CHI,DB,14924,weighted,,,,,,,,,,,,,,,,,,,,,,,,,,,,,,,,,,,,,,,,,,,,,2.8725348189415,0.434891988184565,,,0.160185701021356,0.0382059166034351,0.50544103992572,0.0907390519331584,0.0049767873723305,0.0047757395754293,2020.0,1997-10-14,,,2024,17
Jaylon Johnson,CHI,DB,14924,weighted,,,,,,,,,,,,,,,,,,,,,,,,,,,,,,,,,,,,,,,,,,,,,2.8725348189415,0.434891988184565,,,0.160185701021356,0.0382059166034351,0.50544103992572,0.0907390519331584,0.0049767873723305,0.0047757395754293,2020.0,1999-12-02,,,2024,17
Rasul Douglas,BUF,DB,13281,weighted,,,,,,,,,,,,,,,,,,,,,,,,,,,,,,,,,,,,,,,,,,,,,3.35668874172185,0.0707106781186548,,,0.1,1.98041604282243e-17,0.5,0.0,0.0,0.0,2017.0,1994-08-29,,,2024,17
Dane Jackson,CAR,DB,15016,weighted,,,,,,,,,,,,,,,,,,,,,,,,,,,,,,,,,,,,,,,,,,,,,2.56370860927152,1.20208152801713,,,0.0,0.0,0.0,0.0,0.0,0.0,2020.0,1996-11-29,,,2024,17
Andre Cisco,JAC,DB,15364,weighted,,,,,,,,,,,,,,,,,,,,,,,,,,,,,,,,,,,,,,,,,,,,,2.66609099350046,0.501348381311277,,,0.104976787372331,0.0047757395754293,0.390046425255339,0.0095514791508587,0.0049767873723305,0.0047757395754293,2021.0,2000-03-23,,,2024,17
Rayshawn Jenkins,SEA,DB,13288,weighted,,,,,,,,,,,,,,,,,,,,,,,,,,,,,,,,,,,,,,,,,,,,,2.34966887417219,1.06066017177982,,,0.1,1.98041604282243e-17,0.4,7.92166417128973e-17,0.1,1.98041604282243e-17,2017.0,1994-01-25,,,2024,17
Kool-Aid McKinstry,NO,DB,16670,weighted,,,,,,,,,,,,,,,,,,,,,,,,,,,,,,,,,,,,,,,,,,,,,3.11337748344371,0.14142135623731,,,0.0,0.0,0.5,0.0,0.0,0.0,2024.0,2002-09-30,,,2024,17
Ashtyn Davis,NYJ,DB,14911,weighted,,,,,,,,,,,,,,,,,,,,,,,,,,,,,,,,,,,,,,,,,,,,,2.34681522748375,0.653442834068631,,,0.1,0.0,0.234373259052925,0.128944968536593,0.0049767873723305,0.0047757395754293,2020.0,1996-10-10,,,2024,17
Tariq Woolen,SEA,DB,15894,weighted,,,,,,,,,,,,,,,,,,,,,,,,,,,,,,,,,,,,,,,,,,,,,2.71572887650882,0.328842526341844,,,0.104976787372331,0.0047757395754293,0.696415970287837,0.291320114101193,0.0049767873723305,0.0047757395754293,2022.0,1999-05-02,,,2024,17
Antonio Johnson,JAC,DB,16246,weighted,,,,,,,,,,,,,,,,,,,,,,,,,,,,,,,,,,,,,,,,,,,,,2.64649006622517,0.565685424949238,,,0.1,1.98041604282243e-17,0.2,3.96083208564486e-17,0.0,0.0,2023.0,2001-10-29,,,2024,17
Kader Kohou,MIA,DB,16016,weighted,,,,,,,,,,,,,,,,,,,,,,,,,,,,,,,,,,,,,,,,,,,,,2.88344370860927,0.353553390593274,,,0.2,3.96083208564486e-17,0.5,0.0,0.0,0.0,2022.0,1998-11-28,,,2024,17
Ahmad Gardner,NYJ,DB,15833,weighted,,,,,,,,,,,,,,,,,,,,,,,,,,,,,,,,,,,,,,,,,,,,,2.82675496688742,0.282842712474619,,,0.1,1.98041604282243e-17,0.7,0.0,0.0,0.0,2022.0,2001-08-31,Q,Hamstring,2024,17
Mike Edwards,TB,DB,14222,weighted,,,,,,,,,,,,,,,,,,,,,,,,,,,,,,,,,,,,,,,,,,,,,2.57938718662953,0.33798767279412,,,0.1,0.0,0.334837511606314,0.0334301770280057,0.0049767873723305,0.0047757395754293,2019.0,,,,2024,17
Deonte Banks,NYG,DB,16255,weighted,,,,,,,,,,,,,,,,,,,,,,,,,,,,,,,,,,,,,,,,,,,,,2.61655629139073,0.353553390593274,,,0.0,0.0,0.6,0.0,0.0,0.0,2023.0,2001-04-03,,,2024,17
Jeff Okudah,HOU,DB,14902,weighted,,,,,,,,,,,,,,,,,,,,,,,,,,,,,,,,,,,,,,,,,,,,,2.02039735099338,1.27279220613579,,,0.0,0.0,0.0,0.0,0.0,0.0,2020.0,1999-02-02,,,2024,17
Decobie Durant,LAR,DB,15888,weighted,,,,,,,,,,,,,,,,,,,,,,,,,,,,,,,,,,,,,,,,,,,,,2.18980132450331,0.636396103067893,,,0.1,1.98041604282243e-17,0.6,0.0,0.0,0.0,2022.0,1998-02-09,,,2024,17
Joshua Williams,KC,DB,15885,weighted,,,,,,,,,,,,,,,,,,,,,,,,,,,,,,,,,,,,,,,,,,,,,2.26688741721854,0.707106781186548,,,0.0,0.0,0.4,7.92166417128973e-17,0.0,0.0,2022.0,1999-10-17,,,2024,17
Cordale Flott,NYG,DB,15866,weighted,,,,,,,,,,,,,,,,,,,,,,,,,,,,,,,,,,,,,,,,,,,,,2.54331125827815,0.0707106781186548,,,0.1,1.98041604282243e-17,0.5,0.0,0.0,0.0,2022.0,2001-08-24,,,2024,17
Donte Jackson,PIT,DB,13738,weighted,,,,,,,,,,,,,,,,,,,,,,,,,,,,,,,,,,,,,,,,,,,,,2.38344370860927,0.353553390593274,,,0.2,3.96083208564486e-17,0.5,0.0,0.0,0.0,2018.0,1995-11-08,,,2024,17
Nate Wiggins,BAL,DB,16673,weighted,,,,,,,,,,,,,,,,,,,,,,,,,,,,,,,,,,,,,,,,,,,,,2.32993377483444,0.212132034355964,,,0.1,1.98041604282243e-17,0.9,0.0,0.0,0.0,2024.0,2003-08-28,,,2024,17
Jordan Howden,NO,DB,16311,weighted,,,,,,,,,,,,,,,,,,,,,,,,,,,,,,,,,,,,,,,,,,,,,1.70635761589404,0.989949493661167,,,0.0,0.0,0.1,1.98041604282243e-17,0.0,0.0,2023.0,2000-05-14,,,2024,17
Jonathan Jones,NE,DB,12988,weighted,,,,,,,,,,,,,,,,,,,,,,,,,,,,,,,,,,,,,,,,,,,,,2.45668874172185,0.0707106781186548,,,0.0,0.0,0.4,7.92166417128973e-17,0.0,0.0,2016.0,1993-09-20,,,2024,17
Michael Carter,NYJ,DB,15432,weighted,,,,,,,,,,,,,,,,,,,,,,,,,,,,,,,,,,,,,,,,,,,,,1.88980132450331,0.636396103067893,,,0.0,0.0,0.3,0.0,0.0,0.0,2021.0,1999-03-08,Q,Back,2024,17
Starling Thomas,ARI,DB,16519,weighted,,,,,,,,,,,,,,,,,,,,,,,,,,,,,,,,,,,,,,,,,,,,,2.12993377483444,0.212132034355964,,,0.0,0.0,0.4,7.92166417128973e-17,0.0,0.0,2023.0,2000-01-25,,,2024,17
Darrell Baker,TEN,DB,16139,weighted,,,,,,,,,,,,,,,,,,,,,,,,,,,,,,,,,,,,,,,,,,,,,1.61973509933775,0.848528137423857,,,0.0,0.0,0.4,7.92166417128973e-17,0.0,0.0,2022.0,1998-03-27,,,2024,17
Alex Austin,NE,DB,16371,weighted,,,,,,,,,,,,,,,,,,,,,,,,,,,,,,,,,,,,,,,,,,,,,1.99682119205298,0.494974746830583,,,0.0,0.0,0.3,0.0,0.1,1.98041604282243e-17,2023.0,2001-05-22,,,2024,17
Jarrian Jones,JAC,DB,16714,weighted,,,,,,,,,,,,,,,,,,,,,,,,,,,,,,,,,,,,,,,,,,,,,2.07006622516556,0.212132034355964,,,0.1,1.98041604282243e-17,0.4,7.92166417128973e-17,0.0,0.0,2024.0,2001-05-08,,,2024,17
Vonn Bell,CIN,DB,12718,weighted,,,,,,,,,,,,,,,,,,,,,,,,,,,,,,,,,,,,,,,,,,,,,1.26304635761589,0.919238815542512,,,0.2,3.96083208564486e-17,0.3,0.0,0.1,1.98041604282243e-17,2016.0,1994-12-12,,,2024,17
Ronnie Hickman,CLE,DB,16460,weighted,,,,,,,,,,,,,,,,,,,,,,,,,,,,,,,,,,,,,,,,,,,,,1.88662251655629,0.141421356237309,,,0.0,0.0,0.1,1.98041604282243e-17,0.0,0.0,2023.0,2001-10-11,,,2024,17
Mike Brown,TEN,DB,16118,weighted,,,,,,,,,,,,,,,,,,,,,,,,,,,,,,,,,,,,,,,,,,,,,1.43311258278146,0.707106781186548,,,0.0,0.0,0.1,1.98041604282243e-17,0.0,0.0,2022.0,1999-04-07,,,2024,17
Eric Stokes,GB,DB,15377,weighted,,,,,,,,,,,,,,,,,,,,,,,,,,,,,,,,,,,,,,,,,,,,,1.71655629139073,0.353553390593274,,,0.0,0.0,0.1,1.98041604282243e-17,0.0,0.0,2021.0,1999-03-01,,,2024,17
Chris Roland-Wallace,,DB,16907,weighted,,,,,,,,,,,,,,,,,,,,,,,,,,,,,,,,,,,,,,,,,,,,,1.56688741721854,0.707106781186548,,,0.2,3.96083208564486e-17,0.2,3.96083208564486e-17,0.0,0.0,2024.0,2001-11-23,,,2024,17
Jaden Hicks,KC,DB,16727,weighted,,,,,,,,,,,,,,,,,,,,,,,,,,,,,,,,,,,,,,,,,,,,,1.56688741721854,0.707106781186548,,,0.1,1.98041604282243e-17,0.1,1.98041604282243e-17,0.0,0.0,2024.0,2002-08-16,,,2024,17
Nazeeh Johnson,KC,DB,15959,weighted,,,,,,,,,,,,,,,,,,,,,,,,,,,,,,,,,,,,,,,,,,,,,1.9,0.0,,,0.0,0.0,0.3,0.0,0.0,0.0,2022.0,1998-07-17,,,2024,17
Clark Phillips,ATL,DB,16293,weighted,,,,,,,,,,,,,,,,,,,,,,,,,,,,,,,,,,,,,,,,,,,,,1.2764238410596,0.777817459305202,,,0.1,1.98041604282243e-17,0.3,0.0,0.0,0.0,2023.0,2001-12-19,,,2024,17
M.J. Stewart,HOU,DB,13736,weighted,,,,,,,,,,,,,,,,,,,,,,,,,,,,,,,,,,,,,,,,,,,,,1.11973509933775,0.848528137423857,,,0.0,0.0,0.1,1.98041604282243e-17,0.0,0.0,2018.0,1995-09-16,,,2024,17
Samuel Womack,IND,DB,15906,weighted,,,,,,,,,,,,,,,,,,,,,,,,,,,,,,,,,,,,,,,,,,,,,1.3235761589404,0.777817459305202,,,0.0,0.0,0.3,0.0,0.0,0.0,2022.0,1999-07-07,,,2024,17
Percy Butler,WAS,DB,15874,weighted,,,,,,,,,,,,,,,,,,,,,,,,,,,,,,,,,,,,,,,,,,,,,1.24649006622517,0.565685424949238,,,0.0,0.0,0.1,1.98041604282243e-17,0.0,0.0,2022.0,2000-05-29,,,2024,17
Shaq Griffin,MIN,DB,13273,weighted,,,,,,,,,,,,,,,,,,,,,,,,,,,,,,,,,,,,,,,,,,,,,1.64331125827815,0.0707106781186547,,,0.1,1.98041604282243e-17,0.3,0.0,0.0,0.0,2017.0,1994-01-01,,,2024,17
Beanie Bishop,PIT,DB,16865,weighted,,,,,,,,,,,,,,,,,,,,,,,,,,,,,,,,,,,,,,,,,,,,,1.14649006622517,0.565685424949238,,,0.1,1.98041604282243e-17,0.4,7.92166417128973e-17,0.0,0.0,2024.0,1999-12-17,,,2024,17
Tavierre Thomas,TB,DB,13953,weighted,,,,,,,,,,,,,,,,,,,,,,,,,,,,,,,,,,,,,,,,,,,,,1.14649006622517,0.565685424949238,,,0.0,0.0,0.2,3.96083208564486e-17,0.1,1.98041604282243e-17,2018.0,1996-03-11,,,2024,17
Max Melton,ARI,DB,16695,weighted,,,,,,,,,,,,,,,,,,,,,,,,,,,,,,,,,,,,,,,,,,,,,1.6,3.16866566851589e-16,,,0.0,0.0,0.3,0.0,0.0,0.0,2024.0,2002-04-15,,,2024,17
Zayne Anderson,GB,DB,15676,weighted,,,,,,,,,,,,,,,,,,,,,,,,,,,,,,,,,,,,,,,,,,,,,1.41337748344371,0.141421356237309,,,0.0,0.0,0.1,1.98041604282243e-17,0.0,0.0,2021.0,1997-01-03,,,2024,17
Jaylinn Hawkins,NE,DB,14954,weighted,,,,,,,,,,,,,,,,,,,,,,,,,,,,,,,,,,,,,,,,,,,,,1.41337748344371,0.141421356237309,,,0.0,0.0,0.1,1.98041604282243e-17,0.0,0.0,2020.0,1997-08-27,,,2024,17
Thomas Harper,,DB,16928,weighted,,,,,,,,,,,,,,,,,,,,,,,,,,,,,,,,,,,,,,,,,,,,,0.936953642384106,0.919238815542512,,,0.0,0.0,0.0,0.0,0.0,0.0,2024.0,2000-11-05,,,2024,17
Jaylen McCollough,,DB,16912,weighted,,,,,,,,,,,,,,,,,,,,,,,,,,,,,,,,,,,,,,,,,,,,,1.4,0.0,,,0.5,0.0,0.5,0.0,0.1,1.98041604282243e-17,2024.0,2000-10-12,,,2024,17
Ja'Sir Taylor,LAC,DB,15926,weighted,,,,,,,,,,,,,,,,,,,,,,,,,,,,,,,,,,,,,,,,,,,,,1.35668874172185,0.0707106781186547,,,0.0,0.0,0.6,0.0,0.0,0.0,2022.0,1999-01-08,,,2024,17
Nick McCloud,SF,DB,15614,weighted,,,,,,,,,,,,,,,,,,,,,,,,,,,,,,,,,,,,,,,,,,,,,0.789801324503311,0.636396103067893,,,0.0,0.0,0.3,0.0,0.0,0.0,2021.0,1998-07-09,,,2024,17
Rodney McLeod,CLE,DB,11017,weighted,,,,,,,,,,,,,,,,,,,,,,,,,,,,,,,,,,,,,,,,,,,,,1.3,0.0,,,0.0,0.0,0.3,0.0,0.1,1.98041604282243e-17,2012.0,1990-06-23,,,2024,17
Israel Mukuamu,DAL,DB,15476,weighted,,,,,,,,,,,,,,,,,,,,,,,,,,,,,,,,,,,,,,,,,,,,,1.07006622516556,0.212132034355964,,,0.1,1.98041604282243e-17,0.2,3.96083208564486e-17,0.0,0.0,2021.0,1999-11-28,,,2024,17
Cam Hart,LAC,DB,16731,weighted,,,,,,,,,,,,,,,,,,,,,,,,,,,,,,,,,,,,,,,,,,,,,1.1,0.0,,,0.0,0.0,0.5,0.0,0.0,0.0,2024.0,2000-12-05,,,2024,17
Myles Bryant,HOU,DB,15177,weighted,,,,,,,,,,,,,,,,,,,,,,,,,,,,,,,,,,,,,,,,,,,,,0.829933774834437,0.212132034355964,,,0.0,0.0,0.2,3.96083208564486e-17,0.0,0.0,2020.0,1998-01-02,,,2024,17
Shemar Jean-Charles,NO,DB,15451,weighted,,,,,,,,,,,,,,,,,,,,,,,,,,,,,,,,,,,,,,,,,,,,,0.616556291390729,0.353553390593274,,,0.1,1.98041604282243e-17,0.3,0.0,0.0,0.0,2021.0,1998-06-20,,,2024,17
Anthony Johnson,NYG,DB,16362,weighted,,,,,,,,,,,,,,,,,,,,,,,,,,,,,,,,,,,,,,,,,,,,,0.729933774834437,0.212132034355964,,,0.0,0.0,0.0,0.0,0.0,0.0,2023.0,1999-12-02,,,2024,17
Corey Ballentine,GB,DB,14263,weighted,,,,,,,,,,,,,,,,,,,,,,,,,,,,,,,,,,,,,,,,,,,,,0.756688741721854,0.0707106781186548,,,0.0,0.0,0.2,3.96083208564486e-17,0.0,0.0,2019.0,,,,2024,17
Michael Davis,WAS,DB,13479,weighted,,,,,,,,,,,,,,,,,,,,,,,,,,,,,,,,,,,,,,,,,,,,,0.543311258278146,0.0707106781186547,,,0.0,0.0,0.2,3.96083208564486e-17,0.0,0.0,2017.0,1995-01-06,,,2024,17
