player,team,position,id,avg_type,pass_yds,pass_yds_sd,pass_tds,pass_tds_sd,pass_int,pass_int_sd,rush_yds,rush_yds_sd,rush_tds,rush_tds_sd,fumbles_lost,fumbles_lost_sd,two_pts,two_pts_sd,return_tds,return_tds_sd,rec,rec_sd,rec_yds,rec_yds_sd,rec_tds,rec_tds_sd,fg_0019,fg_0019_sd,fg_2029,fg_2029_sd,fg_3039,fg_3039_sd,fg_4049,fg_4049_sd,fg_50,fg_50_sd,xp,xp_sd,dst_int,dst_int_sd,dst_sacks,dst_sacks_sd,dst_safety,dst_safety_sd,dst_td,dst_td_sd,dst_blk,dst_blk_sd,idp_solo,idp_solo_sd,idp_sack,idp_sack_sd,idp_int,idp_int_sd,idp_pd,idp_pd_sd,idp_td,idp_td_sd,draft_year,birthdate,injury_status,injury_details,season_year,week
Dak Prescott,DAL,QB,12620,weighted,307.993233333333,9.14944678939939,1.88223333333333,0.130732008313625,0.487133333333333,0.29126663800422,18.1564027777778,1.53609176046972,0.207795443342421,0.143415342810483,0.268638888888889,0.027071541725944,,,,,,,,,,,,,,,,,,,,,,,,,,,,,,,,,,,,,,,,,,,2016.0,1993-07-29,,,,3
Patrick Mahomes,KC,QB,13116,weighted,280.750844444444,26.0614490659574,1.93222222222222,0.199754088579697,0.456766666666667,0.281012351158393,21.2274805555556,4.27128216743614,0.104435575734408,0.0719664540065451,0.0932305555555556,0.0073015204331497,,,,,,,,,,,,,,,,,,,,,,,,,,,,,,,,,,,,,,,,,,,2017.0,1995-09-17,,,,3
Russell Wilson,SEA,QB,10703,weighted,285.056544444444,18.9460846159709,2.48131111111111,0.389908018848987,0.347133333333333,0.22335894441071,24.6729833333333,2.27715831611948,0.0899830230648466,0.0557228400563,0.108911111111111,0.017495789197113,,,,,,,,,,,,,,,,,,,,,,,,,,,,,,,,,,,,,,,,,,,2012.0,1988-11-29,,,,3
Matt Ryan,ATL,QB,9099,weighted,301.149033333333,6.8548572946881,1.85708888888889,0.177084375052657,0.898877777777778,0.198375158518946,6.56794722222222,2.70258273935116,0.061072081050127,0.0430202528880631,0.252958333333333,0.040607312588916,,,,,,,,,,,,,,,,,,,,,,,,,,,,,,,,,,,,,,,,,,,2008.0,1985-05-17,,,,3
Matthew Stafford,DET,QB,9431,weighted,276.317177777778,16.8168607362237,1.83686666666667,0.295411941340311,0.804266666666667,0.124611887015569,10.2427916666667,1.61384422801707,0.0487692242357696,0.0485951040567613,0.234791666666667,0.0370126995221882,,,,,,,,,,,,,,,,,,,,,,,,,,,,,,,,,,,,,,,,,,,2009.0,1988-02-07,,,,3
Carson Wentz,PHI,QB,12610,weighted,266.349300291545,23.583152437663,1.88478134110787,0.260228751136681,0.803250728862974,0.149780878885052,10.5468367346939,3.359475484385,0.10346324711962,0.0854874072486424,0.399526239067055,0.0710844489171172,,,,,,,,,,,,,,,,,,,,,,,,,,,,,,,,,,,,,,,,,,,2016.0,1992-12-30,,,,3
Aaron Rodgers,GB,QB,7836,weighted,268.517222222222,14.9080828000939,1.85115555555556,0.18376017702762,0.253177777777778,0.164548968806925,11.3467722222222,1.77806432847593,0.0835746446348114,0.0520045624319502,0.2,3.10783173992251e-17,,,,,,,,,,,,,,,,,,,,,,,,,,,,,,,,,,,,,,,,,,,2005.0,1983-12-02,,,,3
Ben Roethlisberger,PIT,QB,7401,weighted,275.452988888889,14.3408773777614,1.92751111111111,0.084205738947681,0.852844444444444,0.0886887798527972,5.10978611111111,0.909212499035073,0.0697856473123531,0.0423839009088957,0.0661527777777778,0.0365076021657486,,,,,,,,,,,,,,,,,,,,,,,,,,,,,,,,,,,,,,,,,,,2004.0,1982-03-02,,,,3
Drew Brees,NO,QB,4925,weighted,264.671155555556,13.1269900958474,1.9502,0.0516076997708284,0.488922222222222,0.292702837677755,2.12331388888889,0.725437254498416,0.0573315413998427,0.0450177471628469,0.0966152777777778,0.0036507602165748,,,,,,,,,,,,,,,,,,,,,,,,,,,,,,,,,,,,,,,,,,,2001.0,1979-01-15,,,,3
Kyler Murray,ARI,QB,14056,weighted,267.6575,12.5079602403106,1.68761111111111,0.563273549764461,0.850488888888889,0.102795668610444,47.2029861111111,10.2473268288473,0.595006144869741,0.257545277881946,0.1,1.55391586996125e-17,,,,,,,,,,,,,,,,,,,,,,,,,,,,,,,,,,,,,,,,,,,2019.0,1997-08-07,,,,3
Ryan Fitzpatrick,MIA,QB,8062,weighted,275.237111111111,8.5323608328963,1.77256666666667,0.285021193076973,1.03041111111111,0.0729539528975563,15.7826777777778,2.49238921819485,0.100123201615062,0.0711258243371314,0.1,1.55391586996125e-17,,,,,,,,,,,,,,,,,,,,,,,,,,,,,,,,,,,,,,,,,,,2005.0,1982-11-24,,,,3
Gardner Minshew,JAC,QB,14067,weighted,265.128552097429,11.2953876150338,1.95575101488498,0.0960348890347072,0.75595399188092,0.204087278377067,21.7994418132612,1.9685033153164,0.0395976136168905,0.0496146728669344,0.341474966170501,0.0403056890142139,,,,,,,,,,,,,,,,,,,,,,,,,,,,,,,,,,,,,,,,,,,2019.0,1996-05-16,,,,3
Jared Goff,LAR,QB,12611,weighted,262.226922222222,9.40691633670325,1.67851111111111,0.336515117733031,0.884055555555555,0.0834268395116063,8.33861666666667,2.13859178587715,0.0817839842306226,0.0481384457628943,0.184319444444444,0.013535770862972,,,,,,,,,,,,,,,,,,,,,,,,,,,,,,,,,,,,,,,,,,,2016.0,1994-10-14,,,,3
Philip Rivers,IND,QB,7394,weighted,252.657842565598,18.7312632677867,1.75844023323615,0.364551202662477,0.951326530612245,0.20551002508774,3.0070889212828,0.774266278020074,0.0106921468133184,0.0189281615199631,0.1,0.0,,,,,,,,,,,,,,,,,,,,,,,,,,,,,,,,,,,,,,,,,,,2004.0,1981-12-08,,,,3
Tom Brady,TB,QB,5848,weighted,259.869133333333,13.5859579985058,1.78263333333333,0.231569999268195,0.525566666666667,0.362939895186746,2.544725,1.04203170325097,0.0871690033101466,0.0735952801880171,0.184319444444444,0.013535770862972,,,,,,,,,,,,,,,,,,,,,,,,,,,,,,,,,,,,,,,,,,,2000.0,1977-08-03,,,,3
Joe Burrow,CIN,QB,14777,weighted,260.858644314869,6.40342567700143,1.6167638483965,0.340643471010895,0.859941690962099,0.100406594630114,20.8392857142857,2.82378340989603,0.11666869153325,0.0877959643864174,0.510519922254616,0.208493667410629,,,,,,,,,,,,,,,,,,,,,,,,,,,,,,,,,,,,,,,,,,,2020.0,1996-12-10,,,,3
Justin Herbert,LAC,QB,14779,weighted,242.642448979592,20.7680540063295,1.60972303206997,0.344164518776626,1.03371720116618,0.115795846848252,19.8178389212828,5.41336058221689,0.152384031056761,0.126648696183312,0.386686103012634,0.243500271127384,,,,,,,,,,,,,,,,,,,,,,,,,,,,,,,,,,,,,,,,,,,2020.0,1998-03-10,,,,3
Baker Mayfield,CLE,QB,13590,weighted,245.211574344023,14.3607687837754,1.84080174927114,0.127336027726428,0.956151603498542,0.0527838220914887,7.93667055393586,2.1825927502717,0.0606145028905573,0.0489097409685267,0.0963392857142857,0.0042654572260651,,,,,,,,,,,,,,,,,,,,,,,,,,,,,,,,,,,,,,,,,,,2018.0,1995-04-14,,,,3
Daniel Jones,NYG,QB,14059,weighted,239.285043731778,15.0602726184704,1.36533527696793,0.273224707171426,0.994562682215744,0.0927589359093506,20.1963374635569,1.78535749761762,0.0810899238456327,0.0636040696046557,0.567176870748299,0.0901312462301496,,,,,,,,,,,,,,,,,,,,,,,,,,,,,,,,,,,,,,,,,,,2019.0,1997-05-27,,,,3
Teddy Bridgewater,CAR,QB,11640,weighted,243.379588888889,22.9098997138681,0.999544444444444,0.232644189226687,0.884755555555556,0.0801788671966784,8.76690333333333,4.11615864897034,0.0133124802774166,0.0251224181122614,0.178148148148148,0.0703479038424176,,,,,,,,,,,,,,,,,,,,,,,,,,,,,,,,,,,,,,,,,,,2014.0,1992-11-10,,,,3
Josh Allen,BUF,QB,13589,weighted,237.955622222222,15.353450463811,1.71852222222222,0.289884073253334,0.803144444444444,0.18311696067835,39.3110977777778,4.31088460621832,0.37489992539283,0.251600444956317,0.379092592592593,0.0180476944839627,,,,,,,,,,,,,,,,,,,,,,,,,,,,,,,,,,,,,,,,,,,2018.0,1996-05-21,,,,3
Lamar Jackson,BAL,QB,13593,weighted,228.383221574344,30.6194201991934,1.95826530612245,0.172593447667482,0.474650145772595,0.359866819189249,61.2654063411079,8.28900720290541,0.572698878609334,0.340794368514987,0.257896015549077,0.0416987334821257,,,,,,,,,,,,,,,,,,,,,,,,,,,,,,,,,,,,,,,,,,,2018.0,1997-01-07,,,,3
Deshaun Watson,HOU,QB,13113,weighted,245.289244444444,10.9682809307187,1.14394444444444,0.224926678976626,0.879488888888889,0.162795437637033,28.2570988888889,1.83687761740458,0.45929089558034,0.320557062060869,0.120907407407407,0.0180476944839627,,,,,,,,,,,,,,,,,,,,,,,,,,,,,,,,,,,,,,,,,,,2017.0,1995-09-14,,,,3
Kirk Cousins,MIN,QB,10700,weighted,229.15943148688,20.1391198492163,1.35397959183673,0.295439793151702,0.865495626822158,0.177407375724508,7.52395225947522,2.0294769820147,0.0251254631316812,0.0311206428465475,0.2,0.0,,,,,,,,,,,,,,,,,,,,,,,,,,,,,,,,,,,,,,,,,,,2012.0,1988-08-19,,,,3
Ryan Tannehill,TEN,QB,10697,weighted,232.747288888889,23.2686244574107,1.86066666666667,0.174047067049901,0.483844444444444,0.319986559523268,14.2626833333333,1.98325009328408,0.10754433984902,0.0743460241862419,0.160925925925926,0.0351739519212088,,,,,,,,,,,,,,,,,,,,,,,,,,,,,,,,,,,,,,,,,,,2012.0,1988-07-27,,,,3
Cam Newton,NE,QB,10273,weighted,246.595233333333,9.86623800454324,1.68285555555556,0.405492543694128,0.769066666666667,0.205321399253484,45.0831522222222,5.2951943534888,0.743582086439922,0.207208323597732,0.120907407407407,0.0180476944839627,,,,,,,,,,,,,,,,,,,,,,,,,,,,,,,,,,,,,,,,,,,2011.0,1989-05-11,,,,3
Derek Carr,LVR,QB,11644,weighted,247.499288888889,9.62547424100278,1.18545555555556,0.190891192773959,0.698877777777778,0.25180013701052,4.10545666666667,1.63983275126574,0.0647426549659491,0.0426838873274652,0.279092592592593,0.0180476944839627,,,,,,,,,,,,,,,,,,,,,,,,,,,,,,,,,,,,,,,,,,,2014.0,1991-03-28,,,,3
Mitchell Trubisky,CHI,QB,13115,weighted,233.127478134111,13.8313929438246,1.43103498542274,0.338425418985036,0.826720116618076,0.130797451128146,18.6351220845481,2.73874803292523,0.137521196768337,0.104711690839834,0.112944606413994,0.0205445122671967,,,,,,,,,,,,,,,,,,,,,,,,,,,,,,,,,,,,,,,,,,,2017.0,1994-08-20,,,,3
Nick Mullens,SF,QB,13968,weighted,231.273119533528,24.043469506539,1.59303206997085,0.315012157738882,0.800714285714286,0.672943474859323,3.29047011661808,2.9877217966121,0.0264850583090379,0.0419855231068609,0.117031098153547,0.0192540096611268,,,,,,,,,,,,,,,,,,,,,,,,,,,,,,,,,,,,,,,,,,,2017.0,1995-03-21,,,,3
Sam Darnold,NYJ,QB,13592,weighted,218.480262390671,21.1336629700957,1.19241982507289,0.165548231022848,1.25055393586006,0.561828484059963,6.57143768221574,0.95076009618039,0.0546982624336226,0.0428322166603043,0.15913508260447,0.0413594932341569,,,,,,,,,,,,,,,,,,,,,,,,,,,,,,,,,,,,,,,,,,,2018.0,1997-06-05,,,,3
Jeff Driskel,DEN,QB,12623,weighted,200.983104956268,26.7301508881433,1.03915451895044,0.0492839820887809,0.844387755102041,0.170245089448015,11.2538903061225,5.75081304049884,0.0856097985216505,0.0846799880444138,0.0578960155490768,0.0416987334821257,,,,,,,,,,,,,,,,,,,,,,,,,,,,,,,,,,,,,,,,,,,2016.0,1993-04-23,,,,3
Dwayne Haskins,WAS,QB,14058,weighted,208.253731778426,15.4663948599759,1.11586005830904,0.141547754936807,0.817463556851312,0.24065335166505,9.81424016034985,2.38953166621272,0.0214349687856509,0.0325950732979337,0.24086491739553,0.0413594932341569,,,,,,,,,,,,,,,,,,,,,,,,,,,,,,,,,,,,,,,,,,,2019.0,1970-01-01,,,,3
Matt Barkley,BUF,QB,11151,weighted,30.7798590130916,47.5323126381079,0.0131722054380665,0.0230279484536348,0.197583081570997,0.345419226804521,0.113192346424975,0.101746729163397,0.0,0.0,0.0874790198053038,0.10220306143698,,,,,,,,,,,,,,,,,,,,,,,,,,,,,,,,,,,,,,,,,,,2013.0,1990-09-08,,,,3
Kyle Allen,WAS,QB,13879,weighted,28.5264853977845,42.6646821800453,0.100503524672709,0.0990313764113416,0.131722054380665,0.230279484536348,0.272004028197382,0.251817257575618,0.0,0.0,0.021869754951326,0.025550765359245,,,,,,,,,,,,,,,,,,,,,,,,,,,,,,,,,,,,,,,,,,,2018.0,1996-03-08,,,,3
Mason Rudolph,PIT,QB,13595,weighted,39.3424739195231,42.2849855149555,0.246199701937407,0.212132034355964,0.146199701937407,0.212132034355964,0.878166915052161,0.176776695296637,0.0,0.0,0.0,0.0,,,,,,,,,,,,,,,,,,,,,,,,,,,,,,,,,,,,,,,,,,,2018.0,1995-07-17,,,,3
Jameis Winston,NO,QB,12140,weighted,19.0108761329305,24.5629735789341,0.133434038267875,0.15150872156544,0.0987915407854985,0.172709613402261,0.735750251762336,0.661353739562082,0.0,0.0,0.021869754951326,0.025550765359245,,,,,,,,,,,,,,,,,,,,,,,,,,,,,,,,,,,,,,,,,,,2015.0,1994-01-06,,,,3
Jacoby Brissett,IND,QB,12616,weighted,17.0708962739174,25.7932947746899,0.0987915407854985,0.172709613402261,0.0329305135951662,0.0575698711340869,0.261027190332326,0.250714759701148,0.0,0.0,0.021869754951326,0.025550765359245,,,,,,,,,,,,,,,,,,,,,,,,,,,,,,,,,,,,,,,,,,,2016.0,1992-12-11,,,,3
Andy Dalton,DAL,QB,10313,weighted,19.2183282980866,23.0277014946877,0.100503524672709,0.0990313764113416,0.0658610271903323,0.115139742268174,0.735750251762336,0.661353739562082,0.0,0.0,0.0174958039610608,0.020440612287396,,,,,,,,,,,,,,,,,,,,,,,,,,,,,,,,,,,,,,,,,,,2011.0,1987-10-29,,,,3
Nick Foles,CHI,QB,10699,weighted,17.5363544813696,17.8542508627507,0.100503524672709,0.0990313764113416,0.0675730110775428,0.0573420826465715,0.22638469284995,0.203493458326794,0.0,0.0,0.0306176569318563,0.035771071502943,,,,,,,,,,,,,,,,,,,,,,,,,,,,,,,,,,,,,,,,,,,2012.0,1989-01-20,,,,3
Mike Glennon,FA,QB,11152,weighted,17.1309707241911,24.0416305603426,0.100770416024653,0.14142135623731,0.045346687211094,0.0636396103067893,0.0,0.0,0.0,0.0,0.22557781201849,0.106066017177982,,,,,,,,,,,,,,,,,,,,,,,,,,,,,,,,,,,,,,,,,,,2013.0,1989-12-12,,,,3
Blaine Gabbert,TB,QB,10262,weighted,11.6622356495468,12.4781660207303,0.100503524672709,0.0990313764113416,0.0658610271903323,0.115139742268174,0.102215508559919,0.100285242248368,0.0,0.0,0.0,0.0,,,,,,,,,,,,,,,,,,,,,,,,,,,,,,,,,,,,,,,,,,,2011.0,1989-10-15,,,,3
Robert Griffin,BAL,QB,10696,weighted,9.70392749244713,9.92291519308123,0.0263444108761329,0.0460558969072695,0.0658610271903323,0.115139742268174,1.18851963746224,1.06834065621567,0.0,0.0,0.0,0.0,,,,,,,,,,,,,,,,,,,,,,,,,,,,,,,,,,,,,,,,,,,2012.0,1990-02-12,,,,3
C.J. Beathard,SF,QB,13125,weighted,10.0770416024653,14.142135623731,0.0201540832049307,0.0282842712474619,0.100770416024653,0.14142135623731,0.0,0.0,0.0,0.0,0.022557781201849,0.0106066017177982,,,,,,,,,,,,,,,,,,,,,,,,,,,,,,,,,,,,,,,,,,,2017.0,1993-11-16,,,,3
Easton Stick,LAC,QB,14069,weighted,2.0,,0.05,,0.0,,2.6,,0.0,,0.0,,,,,,,,,,,,,,,,,,,,,,,,,,,,,,,,,,,,,,,,,,,,2019.0,1995-09-09,,,,3
Ryan Finley,CIN,QB,14068,weighted,14.0524590163934,5.44472221513641,0.0951266766020864,0.0070710678118654,0.0194932935916542,0.0282842712474619,0.9,1.5705966056628002e-16,0.0,0.0,0.0438599105812221,0.0636396103067893,,,,,,,,,,,,,,,,,,,,,,,,,,,,,,,,,,,,,,,,,,,2019.0,1970-01-01,,,,3
Tua Tagovailoa,MIA,QB,14778,weighted,9.54662638469285,8.17654151440652,0.0346424974823766,0.0582888968445826,0.100503524672709,0.0990313764113416,0.0987915407854985,0.172709613402261,0.0,0.0,0.0131218529707956,0.015330459215547,,,,,,,,,,,,,,,,,,,,,,,,,,,,,,,,,,,,,,,,,,,2020.0,1998-03-02,,,,3
Jalen Hurts,PHI,QB,14783,weighted,4.40894187779434,6.08111831820431,0.0512667660208644,0.0707106781186548,0.0,0.0,6.64210134128167,0.954594154601839,0.102644917180672,0.0038377072921753,0.0,0.0,,,,,,,,,,,,,,,,,,,,,,,,,,,,,,,,,,,,,,,,,,,2020.0,1998-08-07,,,,3
Chase Daniel,DET,QB,9706,weighted,3.7067472306143,6.23691196237034,0.0346424974823766,0.0582888968445826,0.0,0.0,0.567673716012085,0.551470330286612,0.0,0.0,0.0,0.0,,,,,,,,,,,,,,,,,,,,,,,,,,,,,,,,,,,,,,,,,,,2009.0,1986-10-07,,,,3
Case Keenum,CLE,QB,10948,weighted,7.13917421953676,6.93360878743726,0.057693856998993,0.0512343424382206,0.0131722054380665,0.0230279484536348,0.0565961732124874,0.0508733645816986,0.0,0.0,0.0131218529707956,0.015330459215547,,,,,,,,,,,,,,,,,,,,,,,,,,,,,,,,,,,,,,,,,,,2012.0,1988-02-17,,,,3
Matt Schaub,ATL,QB,7480,weighted,8.17804632426989,6.94057484077345,0.100503524672709,0.0990313764113416,0.0346424974823766,0.0582888968445826,0.113192346424975,0.101746729163397,0.0,0.0,0.0,0.0,,,,,,,,,,,,,,,,,,,,,,,,,,,,,,,,,,,,,,,,,,,2004.0,1981-06-25,,,,3
Colt McCoy,NYG,QB,9899,weighted,3.88036253776435,4.93389351217361,0.0379355488418933,0.0555730265905286,0.0032930513595166,0.0057569871134086,0.317623363544814,0.301103737373812,0.0,0.0,0.0,0.0,,,,,,,,,,,,,,,,,,,,,,,,,,,,,,,,,,,,,,,,,,,2010.0,1986-09-05,,,,3
Taysom Hill,NO,QB,13424,weighted,2.58770491803279,3.50017856687341,0.0,0.0,0.0,0.0,4.63725782414307,6.29325035256027,0.798509687034277,1.01351971970072,0.0,0.0,,,,,,,,,,,,,,,,,,,,,,,,,,,,,,,,,,,,,,,,,,,2017.0,1990-08-23,,,,3
Logan Woodside,TEN,QB,13846,weighted,8.35946348733234,2.26274169979695,0.0512667660208644,0.0707106781186548,0.146199701937407,0.212132034355964,0.324366616989568,0.0353553390593274,0.0,0.0,0.0,0.0,,,,,,,,,,,,,,,,,,,,,,,,,,,,,,,,,,,,,,,,,,,2018.0,1995-01-27,,,,3
Brett Hundley,ARI,QB,12142,weighted,0.0,,0.0,,0.0,,0.0,,0.0,,0.0,,,,,,,,,,,,,,,,,,,,,,,,,,,,,,,,,,,,,,,,,,,,2015.0,1993-06-15,O,Coach's Decision,2020.0,3
Brian Hoyer,NE,QB,9714,weighted,5.32012012012012,7.28319984622144,0.0516516516516517,0.0707106781186548,0.0,0.0,0.103303303303303,0.14142135623731,0.0,0.0,0.0,0.0,,,,,,,,,,,,,,,,,,,,,,,,,,,,,,,,,,,,,,,,,,,2009.0,1985-10-31,,,,3
David Blough,FA,QB,14070,weighted,10.1,,0.1,,0.0,,1.1,,0.0,,0.0,,,,,,,,,,,,,,,,,,,,,,,,,,,,,,,,,,,,,,,,,,,,2019.0,1970-01-01,,,,3
Nathan Peterman,LVR,QB,13127,weighted,5.70010070493454,5.03819993557001,0.0675730110775428,0.0573420826465715,0.0658610271903323,0.115139742268174,0.679154078549849,0.610480374980383,0.0,0.0,0.0,0.0,,,,,,,,,,,,,,,,,,,,,,,,,,,,,,,,,,,,,,,,,,,2017.0,1994-05-04,,,,3
AJ McCarron,HOU,QB,11643,weighted,3.22175226586103,5.42086740654618,0.0,0.0,0.0346424974823766,0.0582888968445826,0.169788519637462,0.152620093745096,0.0,0.0,0.0,0.0,,,,,,,,,,,,,,,,,,,,,,,,,,,,,,,,,,,,,,,,,,,2014.0,1990-09-13,,,,3
Chad Henne,KC,QB,9073,weighted,4.40040281973817,4.47510813806321,0.0164652567975831,0.0287849355670435,0.0,0.0,0.22638469284995,0.203493458326794,0.0,0.0,0.0,0.0,,,,,,,,,,,,,,,,,,,,,,,,,,,,,,,,,,,,,,,,,,,2008.0,1985-07-02,,,,3
Blake Bortles,FA,QB,11642,weighted,0.0,,0.0,,0.0,,0.0,,0.0,,0.0,,,,,,,,,,,,,,,,,,,,,,,,,,,,,,,,,,,,,,,,,,,,2014.0,1991-12-16,O,Coach's Decision,2020.0,3
Sean Mannion,MIN,QB,12145,weighted,3.62074521651561,3.84722945689346,0.0,0.0,0.0412286002014099,0.0533424115948342,0.113192346424975,0.101746729163397,0.0,0.0,0.0043739509902651,0.005110153071849,,,,,,,,,,,,,,,,,,,,,,,,,,,,,,,,,,,,,,,,,,,2015.0,1992-04-25,,,,3
Geno Smith,SEA,QB,11150,weighted,3.51231231231231,4.80832611206852,0.0516516516516517,0.0707106781186548,0.0,0.0,0.154954954954955,0.212132034355964,0.0,0.0,0.0,0.0,,,,,,,,,,,,,,,,,,,,,,,,,,,,,,,,,,,,,,,,,,,2013.0,1990-10-10,,,,3
Tim Boyle,GB,QB,13873,weighted,2.71713859910581,3.7476659402887,0.0,0.0,0.0,0.0,0.2,7.85298302831401e-17,0.0,0.0,0.0,0.0,,,,,,,,,,,,,,,,,,,,,,,,,,,,,,,,,,,,,,,,,,,2018.0,1970-01-01,,,,3
Derrick Henry,TEN,RB,12626,weighted,,,,,,,103.355433333333,6.03233867940252,0.845328119970116,0.111641841426827,0.1269,0.0410383937416601,,,,,1.52945555555556,0.301630295415959,12.4963444444444,2.32945510991927,0.0644944444444444,0.0427853658831247,,,,,,,,,,,,,,,,,,,,,,,,,,,,,,,,,2016.0,1994-01-04,,,,3
Jonathan Taylor,IND,RB,14802,weighted,,,,,,,86.2452077259475,13.5324786548095,0.797372661192524,0.148853308412749,0.159689018464529,0.106138430650482,,,,,2.85129737609329,0.130866815469304,23.6725655976676,3.22287318707853,0.0971938775510204,0.100600747022599,,,,,,,,,,,,,,,,,,,,,,,,,,,,,,,,,2020.0,1999-01-19,,,,3
Ezekiel Elliott,DAL,RB,12625,weighted,,,,,,,87.2880527777778,7.02993266278161,0.74584533476473,0.154299173066276,0.168433333333333,0.0438993891870777,,,,,4.13338888888889,0.305649132073171,32.8138777777778,2.85868216631678,0.175211111111111,0.110487690183122,,,,,,,,,,,,,,,,,,,,,,,,,,,,,,,,,2016.0,1995-07-22,,,,3
Josh Jacobs,LVR,RB,14073,weighted,,,,,,,79.640175,9.1821697332272,0.652091351540663,0.208897671965242,0.1269,0.0410383937416601,,,,,2.75788888888889,0.261909705704853,21.9552888888889,2.18320647864158,0.0580444444444444,0.0533986017966225,,,,,,,,,,,,,,,,,,,,,,,,,,,,,,,,,2019.0,1998-02-11,,,,3
Nick Chubb,CLE,RB,13610,weighted,,,,,,,85.1405416666667,2.65641264747074,0.759955895555889,0.143002868411374,0.152855555555556,0.0441851717381598,,,,,1.38468888888889,0.316186700409733,11.0517888888889,2.62393100586697,0.0472,0.0459013708781125,,,,,,,,,,,,,,,,,,,,,,,,,,,,,,,,,2018.0,1995-12-27,,,,3
Aaron Jones,GB,RB,13319,weighted,,,,,,,69.3176472222222,8.71703135712827,0.810170221238621,0.140388240252413,0.1269,0.0410383937416601,,,,,3.542,0.504920840444469,30.4652888888889,3.95220571255572,0.157888888888889,0.091302231842692,,,,,,,,,,,,,,,,,,,,,,,,,,,,,,,,,2017.0,1994-12-02,,,,3
Dalvin Cook,MIN,RB,13128,weighted,,,,,,,77.1900916666667,4.32944955949805,0.769219043983688,0.154483958140908,0.124306666666667,0.0501971200757078,,,,,3.12112222222222,0.68232694104561,25.9936666666667,5.93024578407327,0.0650888888888889,0.0705073687184915,,,,,,,,,,,,,,,,,,,,,,,,,,,,,,,,,2017.0,1995-08-10,,,,3
Devin Singletary,BUF,RB,14080,weighted,,,,,,,74.2419023323615,6.11556935493267,0.253242927913354,0.201593977170094,0.119542638483965,0.0611556969082957,,,,,2.90241982507289,0.215803807807251,21.8679737609329,2.88161539281811,0.0864212827988338,0.0707780521723505,,,,,,,,,,,,,,,,,,,,,,,,,,,,,,,,,2019.0,1997-09-03,,,,3
Miles Sanders,PHI,RB,14079,weighted,,,,,,,76.4844037900875,0.648375844124608,0.691457324523084,0.22898381283426,0.18722667638484,0.0144405072458451,,,,,3.35880466472303,0.299387303828464,34.5381924198251,5.84006363918509,0.176865889212828,0.132924064533389,,,,,,,,,,,,,,,,,,,,,,,,,,,,,,,,,2019.0,1970-01-01,,,,3
Chris Carson,SEA,RB,13364,weighted,,,,,,,68.0222777777778,3.47762511787791,0.66733729425986,0.198169429171187,0.1269,0.0410383937416601,,,,,3.19161111111111,0.570137783811802,23.3024888888889,2.01300511369265,0.221433333333333,0.149011091888449,,,,,,,,,,,,,,,,,,,,,,,,,,,,,,,,,2017.0,1994-09-16,,,,3
James Robinson,JAC,RB,14813,weighted,,,,,,,71.7553651266766,1.09601551083915,0.523968194943508,0.0347772388440533,0.117153502235469,0.120208152801713,,,,,2.9822652757079,0.989949493661167,27.4113263785395,4.94974746830583,0.1,3.9264915141570104e-17,,,,,,,,,,,,,,,,,,,,,,,,,,,,,,,,,2020.0,1970-01-01,,,,3
James Conner,PIT,RB,13146,weighted,,,,,,,69.818125,2.6720248282565,0.68424338722849,0.205194429368226,0.119113333333333,0.0473153557540702,,,,,2.62596666666667,0.612658832349986,19.6586777777778,4.63856187102262,0.100688888888889,0.0707576503598512,,,,,,,,,,,,,,,,,,,,,,,,,,,,,,,,,2017.0,1995-05-05,,,,3
Austin Ekeler,LAC,RB,13404,weighted,,,,,,,61.5837533333333,7.40909200464531,0.516435399239865,0.300686706364481,0.0916291666666667,0.0120250965233041,,,,,4.40693333333333,0.747442634262148,42.8844111111111,11.5822879836165,0.2598,0.166858584472328,,,,,,,,,,,,,,,,,,,,,,,,,,,,,,,,,,,,,,3
Kenyan Drake,ARI,RB,12630,weighted,,,,,,,66.9754606413994,7.51573541346901,0.702987621998501,0.221591301297667,0.112221209912536,0.0688917534614024,,,,,3.28307580174927,0.440392628502484,24.5512536443149,4.81036185378401,0.0933527696793003,0.0971312963298739,,,,,,,,,,,,,,,,,,,,,,,,,,,,,,,,,2016.0,,,,,3
Joe Mixon,CIN,RB,13131,weighted,,,,,,,68.688612244898,3.9378834497491,0.65528040295796,0.253899788946414,0.134185495626822,0.046524933222758,,,,,2.6480029154519,0.284729856596464,21.978556851312,4.01124196210765,0.0951020408163265,0.0838777788189907,,,,,,,,,,,,,,,,,,,,,,,,,,,,,,,,,2017.0,1996-07-24,,,,3
Mike Davis,CAR,RB,12164,weighted,,,,,,,53.586014941691,11.7406143995332,0.224714207885842,0.17325592930285,0.101239067055394,0.0807964554987933,,,,,4.12574344023324,1.02304593614946,30.5955393586006,11.0526158329068,0.0330758017492711,0.0411151283910117,,,,,,,,,,,,,,,,,,,,,,,,,,,,,,,,,2015.0,1993-02-19,,,,3
Melvin Gordon,DEN,RB,12151,weighted,,,,,,,62.2900601311953,7.22134803755624,0.710957151936148,0.211869829692491,0.265937803692906,0.0385080193222536,,,,,2.55912536443149,0.409457691034548,17.9637609329446,1.87110440867917,0.121282798833819,0.0980495620281735,,,,,,,,,,,,,,,,,,,,,,,,,,,,,,,,,2015.0,1993-04-13,,,,3
Alvin Kamara,NO,RB,13132,weighted,,,,,,,64.2674477777778,2.6254429402735,0.763337987341475,0.140937028251208,0.103734722222222,0.0650119036611187,,,,,6.16537777777778,0.525861625887859,48.1929111111111,4.53316280575632,0.177566666666667,0.112438077962569,,,,,,,,,,,,,,,,,,,,,,,,,,,,,,,,,2017.0,1995-07-25,,,,3
David Montgomery,CHI,RB,14071,weighted,,,,,,,59.1672193877551,7.58780098970878,0.642342989206944,0.26481163082178,0.129844509232264,0.0530692153252408,,,,,1.66540816326531,0.268106305639248,14.4396501457726,2.67327581327769,0.0891690962099125,0.0836428883308888,,,,,,,,,,,,,,,,,,,,,,,,,,,,,,,,,2019.0,1997-06-07,,,,3
Leonard Fournette,TB,RB,13129,weighted,,,,,,,55.7168731778426,8.38131338738694,0.6439522185895,0.276346598740747,0.121671525753158,0.060875067781846,,,,,2.53723032069971,0.696827586940622,18.3631486880466,5.96808968708573,0.0235422740524781,0.0373204649838763,,,,,,,,,,,,,,,,,,,,,,,,,,,,,,,,,2017.0,1996-07-06,,,,3
Todd Gurley,ATL,RB,12150,weighted,,,,,,,61.2698083333333,3.23743343737627,0.388501508499389,0.247008450555479,0.121708888888889,0.0449590035454732,,,,,2.2048,0.259692117184808,16.3945777777778,1.07105813449748,0.0789444444444444,0.045651115921346,,,,,,,,,,,,,,,,,,,,,,,,,,,,,,,,,2015.0,1994-08-03,,,,3
David Johnson,HOU,RB,12171,weighted,,,,,,,58.66121,4.57745900986161,0.259450051745585,0.163909406775926,0.114895833333333,0.0525698765479752,,,,,2.73565555555556,0.352263272393886,23.9771222222222,3.76492260488387,0.0998444444444444,0.0711219748066345,,,,,,,,,,,,,,,,,,,,,,,,,,,,,,,,,2015.0,1991-12-16,,,,3
Clyde Edwards-Helaire,KC,RB,14803,weighted,,,,,,,60.522139212828,1.30647754541012,0.640889887943686,0.267286858224894,0.129844509232264,0.0530692153252408,,,,,3.06586005830904,0.392288818777688,26.938804664723,4.92227635439413,0.147099125364432,0.105110944264831,,,,,,,,,,,,,,,,,,,,,,,,,,,,,,,,,2020.0,1970-01-01,,,,3
Jerick McKinnon,SF,RB,11761,weighted,,,,,,,52.9256444444444,4.17592766164366,0.26368077424296,0.160493244737974,0.117686111111111,0.049781401809766,,,,,2.78702222222222,1.00914701992923,24.4444666666667,7.79113858246479,0.121588888888889,0.0832532550577114,,,,,,,,,,,,,,,,,,,,,,,,,,,,,,,,,2014.0,1992-05-03,,,,3
Joshua Kelley,LAC,RB,14807,weighted,,,,,,,54.835860058309,3.50895853530802,0.338279426444522,0.260387243658463,0.13801749271137,0.0454286029663702,,,,,1.38911078717201,1.20861786896137,13.1257288629738,11.5738739332137,0.0379154518950437,0.0488975955609782,,,,,,,,,,,,,,,,,,,,,,,,,,,,,,,,,2020.0,1970-01-01,,,,3
Frank Gore,NYJ,RB,7877,weighted,,,,,,,51.6297284985423,6.73121272232299,0.169477932157891,0.130113336157779,0.101239067055394,0.0807964554987933,,,,,1.14967930029155,0.234393343540262,7.52373177842566,2.94481929028037,0.0093877551020408,0.0195886608794534,,,,,,,,,,,,,,,,,,,,,,,,,,,,,,,,,2005.0,1983-05-14,,,,3
Darrell Henderson,LAR,RB,14087,weighted,,,,,,,48.9163666666667,6.24183950413773,0.484811226196192,0.303164648905867,0.0720972222222222,0.0400836550776805,,,,,1.66722222222222,0.371672950057826,15.0178,3.60080162932901,0.0306888888888889,0.0468599377742606,,,,,,,,,,,,,,,,,,,,,,,,,,,,,,,,,2019.0,1970-01-01,,,,3
Jeffery Wilson,SF,RB,14017,weighted,,,,,,,52.2450074515648,5.30330085889911,0.274762122796858,0.036619515381917,0.239180327868852,0.233345237791561,,,,,0.743666169895678,0.353553390593274,7.10312965722802,2.61629509039023,0.148733233979136,0.0707106781186548,,,,,,,,,,,,,,,,,,,,,,,,,,,,,,,,,2018.0,1970-01-01,,,,3
Mark Ingram,BAL,RB,10276,weighted,,,,,,,51.3811862244898,4.04111606624305,0.580534649690806,0.313554383454068,0.1,0.0,,,,,1.62516034985423,0.330228230169138,14.0733090379009,1.71741025854661,0.12597667638484,0.0971744400315937,,,,,,,,,,,,,,,,,,,,,,,,,,,,,,,,,2011.0,1989-12-21,,,,3
Kareem Hunt,CLE,RB,13138,weighted,,,,,,,46.1644066666667,5.64129312715275,0.26860348617659,0.179593724899249,0.0720972222222222,0.0400836550776805,,,,,3.18701111111111,0.285004058840209,25.9091444444444,2.47185546501043,0.159677777777778,0.0924305713611289,,,,,,,,,,,,,,,,,,,,,,,,,,,,,,,,,2017.0,1995-08-06,,,,3
Gus Edwards,BAL,RB,13850,weighted,,,,,,,34.8052933673469,11.315677429795,0.116702230565219,0.0907959204425238,0.0584499514091351,0.0279465836244721,,,,,0.215145772594752,0.174802065341073,1.5849416909621,1.27338583718024,0.0023469387755102,0.0048971652198633,,,,,,,,,,,,,,,,,,,,,,,,,,,,,,,,,2018.0,1995-04-13,,,,3
Antonio Gibson,WAS,RB,14852,weighted,,,,,,,45.4236698250729,2.95611019923166,0.543758045543265,0.340030386326466,0.133931000971817,0.0492234061656706,,,,,2.47412536443149,0.558131152854387,18.943556851312,4.04445934460999,0.0675728862973761,0.0510111511959548,,,,,,,,,,,,,,,,,,,,,,,,,,,,,,,,,2020.0,1970-01-01,,,,3
Sony Michel,NE,RB,13607,weighted,,,,,,,42.8440962099125,3.96588946140518,0.262943347687991,0.198823689115124,0.0795675413022352,0.0206797466170785,,,,,0.53862973760933,0.44468026169599,4.51010204081633,3.64522417991793,0.0140816326530612,0.0293829913191801,,,,,,,,,,,,,,,,,,,,,,,,,,,,,,,,,2018.0,1995-02-17,,,,3
Adrian Peterson,DET,RB,8658,weighted,,,,,,,40.9571064139942,4.96375549269168,0.152399538169282,0.117028758022642,0.1,0.0,,,,,1.0417055393586,0.694615580763635,9.05463556851312,6.22413090802603,0.0188848396501458,0.0243647488360984,,,,,,,,,,,,,,,,,,,,,,,,,,,,,,,,,2007.0,1985-03-21,,,,3
Latavius Murray,NO,RB,11390,weighted,,,,,,,36.5938502186589,8.2180199126215,0.213011655202674,0.167431761399478,0.0591350826044704,0.0413594932341569,,,,,1.33655976676385,0.29712465362967,10.3453790087464,1.95537418968428,0.0188483965014577,0.0279475356928673,,,,,,,,,,,,,,,,,,,,,,,,,,,,,,,,,2013.0,1990-01-18,,,,3
Malcolm Brown,LAR,RB,12386,weighted,,,,,,,44.2487700437318,2.95708105065564,0.258696747036122,0.211086864034943,0.0836540330417882,0.0165437972936628,,,,,1.67205539358601,0.452562156991263,13.2317055393586,4.19330082976845,0.0558746355685131,0.0447143643215688,,,,,,,,,,,,,,,,,,,,,,,,,,,,,,,,,2015.0,1993-05-15,,,,3
Alexander Mattison,MIN,RB,14223,weighted,,,,,,,28.9703717201166,11.843867125427,0.105305253496703,0.0853484183432165,0.0754810495626822,0.0248156959404942,,,,,1.11202623906706,0.422209749040704,8.56625364431487,3.6664130172475,0.0187755102040816,0.0391773217589068,,,,,,,,,,,,,,,,,,,,,,,,,,,,,,,,,2019.0,,,,,3
J.K. Dobbins,BAL,RB,14800,weighted,,,,,,,35.4831177113703,11.8681337972228,0.117679926001109,0.088744094007526,0.0502769679300292,0.0345177294723021,,,,,1.20596209912536,0.606987891419922,9.79849854227405,4.96568237404757,0.0439577259475219,0.0428671214547501,,,,,,,,,,,,,,,,,,,,,,,,,,,,,,,,,2020.0,1998-12-17,,,,3
Ronald Jones,TB,RB,13606,weighted,,,,,,,37.976111516035,3.9196292050582,0.200316338388534,0.152961275115708,0.0836540330417882,0.0165437972936628,,,,,1.55969387755102,0.428580527237468,11.5218367346939,2.76749454955646,0.0164285714285714,0.0342801565390434,,,,,,,,,,,,,,,,,,,,,,,,,,,,,,,,,2018.0,1997-08-03,,,,3
Myles Gaskin,MIA,RB,14081,weighted,,,,,,,34.6932033527697,0.46563760256496,0.141718214065787,0.105208472042176,0.0713945578231293,0.0289516452639099,,,,,4.00441690962099,1.58113772693813,27.2856413994169,6.11757281967192,0.0448104956268222,0.061322610776182,,,,,,,,,,,,,,,,,,,,,,,,,,,,,,,,,2019.0,1970-01-01,,,,3
Tony Pollard,DAL,RB,14085,weighted,,,,,,,19.9661716472303,12.0772559952484,0.0722037609515842,0.0539886350136001,0.0502769679300292,0.0345177294723021,,,,,1.20195335276968,0.258941955889353,8.9002332361516,2.65044079999143,0.0533819241982507,0.0453610751932638,,,,,,,,,,,,,,,,,,,,,,,,,,,,,,,,,2019.0,1997-04-30,,,,3
Dion Lewis,NYG,RB,10389,weighted,,,,,,,30.2313866618076,1.6556206095534,0.117585199527713,0.090751244580046,0.0877405247813411,0.0124078479702471,,,,,2.75212827988338,0.766806857291014,19.7554518950437,5.54214286856657,0.0604956268221574,0.0463159876596008,,,,,,,,,,,,,,,,,,,,,,,,,,,,,,,,,2011.0,1990-09-27,,,,3
Benny Snell,PIT,RB,14072,weighted,,,,,,,24.9981778425656,6.0636398479996,0.0997696824498839,0.0905767123577355,0.0836540330417882,0.0165437972936628,,,,,0.718892128279883,0.357236708899794,4.88459183673469,3.0514813464511,0.0165014577259475,0.0233909224961669,,,,,,,,,,,,,,,,,,,,,,,,,,,,,,,,,2019.0,1970-01-01,,,,3
Kerryon Johnson,DET,RB,13612,weighted,,,,,,,29.0430302478134,3.3464038831505,0.164557369740701,0.129538644440956,0.0877405247813411,0.0124078479702471,,,,,1.08769679300292,0.105567644182977,8.35362973760933,1.6180538599791,0.0188119533527697,0.033087841715989,,,,,,,,,,,,,,,,,,,,,,,,,,,,,,,,,2018.0,1997-06-30,,,,3
Jordan Howard,MIA,RB,12634,weighted,,,,,,,25.0308582361516,4.9018567845217,0.219358563475706,0.172716378978799,0.0421039844509232,0.0416987334821257,,,,,0.765451895043732,0.31752190850134,4.24475218658892,1.88353519796791,0.0093877551020408,0.0195886608794534,,,,,,,,,,,,,,,,,,,,,,,,,,,,,,,,,2016.0,1994-11-02,,,,3
J.D. McKissic,WAS,RB,13108,weighted,,,,,,,25.5782326283988,6.483440911357,0.11862554386723,0.016676594111544,0.0508559919436052,0.0503379992482352,,,,,1.34352467270896,0.322553383382718,8.3865055387714,2.06376452130355,0.0508559919436052,0.0503379992482352,,,,,,,,,,,,,,,,,,,,,,,,,,,,,,,,,2016.0,1993-10-15,,,,3
Carlos Hyde,SEA,RB,11657,weighted,,,,,,,25.1046191690962,4.66162208664312,0.114007086545481,0.0876810435982711,0.095913508260447,0.0041359493234157,,,,,0.917755102040816,0.286059678603156,5.12568513119534,1.97528319456345,0.0306195335276968,0.0465644231418624,,,,,,,,,,,,,,,,,,,,,,,,,,,,,,,,,2014.0,1991-09-20,,,,3
Matt Breida,MIA,RB,13378,weighted,,,,,,,24.9123542274052,3.13244364607841,0.0735625516076489,0.0543086186423416,0.0543634596695821,0.0311309575068847,,,,,0.907244897959184,0.0842106899966923,6.03848396501458,1.02540906265115,0.0368075801749271,0.0481896988999709,,,,,,,,,,,,,,,,,,,,,,,,,,,,,,,,,2017.0,1995-02-28,,,,3
Boston Scott,PHI,RB,13814,weighted,,,,,,,22.6220663265306,5.31583591624105,0.141540567708638,0.103276022920009,0.0421039844509232,0.0416987334821257,,,,,2.09530612244898,0.570430658868719,17.6817930029155,4.55446603398318,0.0211588921282799,0.0379420765875382,,,,,,,,,,,,,,,,,,,,,,,,,,,,,,,,,2018.0,1995-04-27,,,,3
Devontae Booker,LVR,RB,12629,weighted,,,,,,,18.1810473313192,9.85830706302232,0.0732094995330517,0.0239128571506913,0.0454514937898624,0.0513725113210082,,,,,0.80920443101712,0.1605578314104,6.44122860020141,1.07993112038478,0.009778449144008,0.0100285242248368,,,,,,,,,,,,,,,,,,,,,,,,,,,,,,,,,2016.0,1992-05-27,,,,3
Peyton Barber,WAS,RB,12637,weighted,,,,,,,23.7822966507177,5.75522990360451,0.121301435406699,0.112624350223239,0.0664593301435407,0.0288091920565106,,,,,0.251846889952153,0.232998940584799,1.54271770334928,1.48905650240834,0.0061626794258373,0.0113226980115643,,,,,,,,,,,,,,,,,,,,,,,,,,,,,,,,,2016.0,1994-06-27,,,,3
Devonta Freeman,FA,RB,11660,weighted,,,,,,,21.5555029154519,3.76450750823314,0.0801757705716788,0.0635123746379656,0.0713945578231293,0.0289516452639099,,,,,1.07020408163265,0.822125081192663,7.266472303207,5.38581218358832,0.0511078717201166,0.0422992763642886,,,,,,,,,,,,,,,,,,,,,,,,,,,,,,,,,2014.0,1992-03-15,,,,3
Royce Freeman,DEN,RB,13617,weighted,,,,,,,18.5282798833819,5.87111403078348,0.0925395057423477,0.0784698136636865,0.0625364431486881,0.0250419390398485,,,,,1.28801749271137,0.266136645320269,7.66562682215743,1.54070070691478,0.0165379008746356,0.0205575641955058,,,,,,,,,,,,,,,,,,,,,,,,,,,,,,,,,2018.0,1996-02-24,,,,3
D'Andre Swift,DET,RB,14797,weighted,,,,,,,21.1370900145773,3.67817832641712,0.0771411971789955,0.0574609072543139,0.0754810495626822,0.0248156959404942,,,,,3.03674927113703,0.693536979777538,24.3846064139942,2.58753774830167,0.0626239067055394,0.0783172649297186,,,,,,,,,,,,,,,,,,,,,,,,,,,,,,,,,2020.0,1999-01-14,,,,3
Jamaal Williams,GB,RB,13139,weighted,,,,,,,23.4516490524781,1.63336278254502,0.0759751754242998,0.0571498996063131,0.0421039844509232,0.0416987334821257,,,,,1.86548104956268,0.352260954691989,13.3849125364431,3.64976035788051,0.06533527696793,0.0486412499698458,,,,,,,,,,,,,,,,,,,,,,,,,,,,,,,,,2017.0,,,,,3
Rex Burkhead,NE,RB,11182,weighted,,,,,,,21.7502144444444,2.57439383871916,0.151577090204013,0.0899720312117279,0.0916291666666667,0.0120250965233041,,,,,2.51398888888889,0.588308993531223,23.5578555555556,3.3103681217934,0.0632444444444444,0.0748165697050556,,,,,,,,,,,,,,,,,,,,,,,,,,,,,,,,,2013.0,1990-07-02,,,,3
Jordan Wilkins,IND,RB,13789,weighted,,,,,,,22.5168335901387,0.795495128834866,0.176218637589044,0.0333748004424782,0.0300770416024653,0.014142135623731,,,,,0.541232665639445,0.226274169979695,3.92832049306626,1.52735064736294,0.0099229583975346,0.014142135623731,,,,,,,,,,,,,,,,,,,,,,,,,,,,,,,,,2018.0,1994-07-18,,,,3
Chase Edmonds,ARI,RB,13726,weighted,,,,,,,21.4686224489796,2.86174470375426,0.110037044374128,0.0863737808684207,0.0502769679300292,0.0345177294723021,,,,,1.63157434402332,0.303002198958046,12.5706997084548,3.41786023272509,0.124868804664723,0.127612997420155,,,,,,,,,,,,,,,,,,,,,,,,,,,,,,,,,2018.0,1996-04-13,,,,3
Tarik Cohen,CHI,RB,13290,weighted,,,,,,,21.4037755102041,1.59495711094198,0.0716088009760734,0.0538939640034167,0.0901239067055394,0.0080796455498793,,,,,2.96448979591837,1.6023669755842,21.3541836734694,10.3538294392854,0.12597667638484,0.0971744400315937,,,,,,,,,,,,,,,,,,,,,,,,,,,,,,,,,2017.0,1995-07-26,,,,3
Darrynton Evans,TEN,RB,14808,weighted,,,,,,,16.6707854984894,5.22251610939206,0.0981266632749967,0.0072068593173994,0.0673212487411883,0.0291444484222913,,,,,1.54781470292044,0.390742296444876,13.2090835850957,5.56441276565383,0.0703121852970796,0.0605611435472131,,,,,,,,,,,,,,,,,,,,,,,,,,,,,,,,,2020.0,1970-01-01,,,,3
Wayne Gallman,NYG,RB,13135,weighted,,,,,,,18.2375911078717,2.02904783089875,0.127430301426504,0.127317875748216,0.14742954324587,0.117823363630276,,,,,0.899212827988338,0.270601626010641,6.63195335276968,3.3479666780946,0.0321501457725948,0.0460958269061125,,,,,,,,,,,,,,,,,,,,,,,,,,,,,,,,,2017.0,1994-10-01,,,,3
Nyheim Hines,IND,RB,13622,weighted,,,,,,,11.9544460641399,6.06854531406536,0.119601325904025,0.0926963078458178,0.0625364431486881,0.0250419390398485,,,,,2.7247084548105,0.73467287906202,21.3290524781341,6.36918336929703,0.0626603498542274,0.0720269463144139,,,,,,,,,,,,,,,,,,,,,,,,,,,,,,,,,2018.0,1996-11-12,,,,3
Jalen Richard,LVR,RB,12912,weighted,,,,,,,16.7978498542274,3.17608554957625,0.0584515609394389,0.0496957784390248,0.070709426627794,0.0205404362393408,,,,,1.77086005830904,0.45542366574912,14.5341253644315,4.94757888584126,0.011734693877551,0.0244858260993167,,,,,,,,,,,,,,,,,,,,,,,,,,,,,,,,,2016.0,1993-10-15,,,,3
JaMycal Hasty,FA,RB,14821,weighted,,,,,,,19.8,,0.1,,0.1,,,,,,0.8,,8.4,,0.0,,,,,,,,,,,,,,,,,,,,,,,,,,,,,,,,,,2020.0,1970-01-01,,,,3
Darrel Williams,KC,RB,13623,weighted,,,,,,,17.5647412536443,2.36585352598315,0.124931189755944,0.128092396864317,0.105325558794947,0.0767801031856575,,,,,0.972230320699708,0.301896235420859,7.86249271137026,2.31072620095483,0.0306924198250729,0.0392852220397644,,,,,,,,,,,,,,,,,,,,,,,,,,,,,,,,,2018.0,,,,,3
Giovani Bernard,CIN,RB,11193,weighted,,,,,,,13.5880010932945,4.09675909069479,0.0475747957874761,0.0430235142283515,0.117585034013605,0.0648213563493215,,,,,2.2717055393586,0.487171425706848,16.8534256559767,4.26767164020774,0.0164285714285714,0.0342801565390434,,,,,,,,,,,,,,,,,,,,,,,,,,,,,,,,,2013.0,1991-11-22,,,,3
Brian Hill,ATL,RB,13240,weighted,,,,,,,14.2183673469388,1.07385734017422,0.0598777850242159,0.0447833028425508,0.0204324586977648,0.0206797466170785,,,,,0.893760932944606,0.318215324490797,6.12871720116618,2.58553278126595,0.0094241982507288,0.0139737678464336,,,,,,,,,,,,,,,,,,,,,,,,,,,,,,,,,2017.0,1995-11-09,,,,3
LeSean McCoy,TB,RB,9448,weighted,,,,,,,9.45968476676385,4.8791321948537,0.0693549030886606,0.0573034358711525,0.0245189504373178,0.0248156959404942,,,,,1.13325072886297,0.714719398247732,7.92431486880467,4.54552038432214,0.0140816326530612,0.0293829913191801,,,,,,,,,,,,,,,,,,,,,,,,,,,,,,,,,2009.0,1988-07-12,,,,3
Kalen Ballage,FA,RB,13621,weighted,,,,,,,9.52511581067472,6.23664787131888,0.114974742674185,0.0261791849534193,0.0,0.0,,,,,0.565196374622357,0.362196071509637,3.29720040281974,2.64933829476179,0.0097280966767371,0.0172026247939714,,,,,,,,,,,,,,,,,,,,,,,,,,,,,,,,,2018.0,,,,,3
T.J. Yeldon,BUF,RB,12153,weighted,,,,,,,14.6001093294461,0.660047599209665,0.0663933727257141,0.0487945965786006,0.0625364431486881,0.0250419390398485,,,,,1.15016034985423,0.375422020676914,9.36405247813411,4.17130069722449,0.0344606413994169,0.0475767561314737,,,,,,,,,,,,,,,,,,,,,,,,,,,,,,,,,2015.0,1993-10-02,,,,3
Josh Adams,FA,RB,13611,weighted,,,,,,,14.069001490313,1.06066017177982,0.246955448653837,0.07696628953032,0.0292399403874814,0.0424264068711928,,,,,0.346199701937407,0.212132034355964,2.02593144560358,1.34350288425444,0.0,0.0,,,,,,,,,,,,,,,,,,,,,,,,,,,,,,,,,2018.0,1996-10-29,,,,3
Ito Smith,ATL,RB,13768,weighted,,,,,,,12.5134944612286,1.60575024386907,0.135697876834782,0.0611551905086684,0.0,0.0,,,,,0.92797583081571,0.154398830742701,4.60519637462236,1.25555218174457,0.0129707955689829,0.0229368330586286,,,,,,,,,,,,,,,,,,,,,,,,,,,,,,,,,2018.0,1995-09-11,,,,3
Buddy Howell,HOU,RB,13916,weighted,,,,,,,7.11276276276276,9.08632213824714,0.0435135135135135,0.0636396103067893,0.0,0.0,,,,,0.309429429429429,0.45254833995939,2.18534534534535,3.19612265096319,0.0096696696696696,0.014142135623731,,,,,,,,,,,,,,,,,,,,,,,,,,,,,,,,,2018.0,1970-01-01,,,,3
Darwin Thompson,KC,RB,14284,weighted,,,,,,,10.6724763119534,3.57518635963853,0.0440248075323383,0.0421155580105724,0.0204324586977648,0.0206797466170785,,,,,0.660947521865889,0.412127404811718,4.5814139941691,3.19734899014664,0.0094606413994169,0.0115383488100393,,,,,,,,,,,,,,,,,,,,,,,,,,,,,,,,,2019.0,,,,,3
Chris Thompson,JAC,RB,11186,weighted,,,,,,,9.43586916909621,2.75553150241938,0.0176051941251728,0.0279970783448924,0.0421039844509232,0.0416987334821257,,,,,2.34027696793003,0.354379257953725,17.6485131195335,3.60845942744952,0.114985422740525,0.0926091104541815,,,,,,,,,,,,,,,,,,,,,,,,,,,,,,,,,2013.0,1990-10-20,,,,3
Lamical Perine,NYJ,RB,14806,weighted,,,,,,,9.75450983965015,1.1018190264489,0.0472013973290282,0.0419712116690003,0.0122594752186589,0.0124078479702471,,,,,0.374227405247813,0.350719445827228,3.13418367346939,3.19436636067377,0.0046938775510204,0.0097943304397266,,,,,,,,,,,,,,,,,,,,,,,,,,,,,,,,,2020.0,1970-01-01,,,,3
J.J. Taylor,NE,RB,14827,weighted,,,,,,,9.40663189269747,1.02530483272049,0.101015275707899,0.0014731391274719,0.0,0.0,,,,,0.397853949329359,0.438406204335659,3.43487332339791,4.73761543394987,0.0,0.0,,,,,,,,,,,,,,,,,,,,,,,,,,,,,,,,,2020.0,1970-01-01,,,,3
AJ Dillon,GB,RB,14805,weighted,,,,,,,7.98607871720117,4.02139089903982,0.022684069993667,0.037471027716692,0.0081729834791059,0.0082718986468313,,,,,0.238338192419825,0.492327610765507,1.45510204081633,2.9381410935439,0.0071501457725947,0.0147698283229652,,,,,,,,,,,,,,,,,,,,,,,,,,,,,,,,,2020.0,1998-05-02,,,,3
Travis Homer,SEA,RB,14083,weighted,,,,,,,7.95789865871833,0.954594154601839,0.0,0.0,0.0,0.0,,,,,0.497466467958271,0.141421356237309,2.69239940387481,0.424264068711929,0.0,0.0,,,,,,,,,,,,,,,,,,,,,,,,,,,,,,,,,2019.0,1998-08-07,,,,3
,,RB,nfl_0,weighted,,,,,,,4.98335171828596,3.23204005067227,0.0384971674621157,0.043811562936678,0.0,0.0,,,,,0.570089096308867,0.620911245913724,4.6423419601188,5.40354161581484,0.028468392023759,0.0487445932907324,,,,,,,,,,,,,,,,,,,,,,,,,,,,,,,,,,,,,,3
Ameer Abdullah,MIN,RB,12155,weighted,,,,,,,4.38369587109768,4.05995438177613,0.0,0.0,0.0131218529707956,0.015330459215547,,,,,0.347593152064451,0.269507788438886,2.17430010070493,1.64452023904191,0.0098791540785498,0.0172709613402261,,,,,,,,,,,,,,,,,,,,,,,,,,,,,,,,,2015.0,1993-06-13,,,,3
Justice Hill,BAL,RB,14086,weighted,,,,,,,5.71624370594159,2.64278209338593,0.0579672251067425,0.0379012583927383,0.0306176569318563,0.035771071502943,,,,,0.384813695871098,0.0812660360771497,3.31482376636455,0.99869338332667,0.0097280966767371,0.0172026247939714,,,,,,,,,,,,,,,,,,,,,,,,,,,,,,,,,2019.0,1997-11-14,,,,3
Corey Clement,PHI,RB,13136,weighted,,,,,,,5.04227593152064,3.42781498314405,0.0492526322172018,0.0468590181476986,0.0437395099026519,0.05110153071849,,,,,0.267895266868077,0.285110028234128,1.26547834843907,0.630505106072942,0.0032426988922457,0.0057342082646571,,,,,,,,,,,,,,,,,,,,,,,,,,,,,,,,,2017.0,,,,,3
Trenton Cannon,CAR,RB,13816,weighted,,,,,,,0.0,,0.0,,0.0,,,,,,0.0,,0.0,,0.0,,,,,,,,,,,,,,,,,,,,,,,,,,,,,,,,,,2018.0,,O,Coach's Decision,2020.0,3
Tyler Ervin,GB,RB,12639,weighted,,,,,,,5.12268482490272,3.11995386639771,0.006068542352589,0.0057001093830093,0.0,0.0,,,,,0.667704280155642,0.355078173107569,5.34501945525292,3.62608388717424,0.009396887159533,0.017065503405642,,,,,,,,,,,,,,,,,,,,,,,,,,,,,,,,,2016.0,1993-10-07,,,,3
Mike Boone,MIN,RB,13868,weighted,,,,,,,4.13135593220339,1.1667261889578,0.0262211093990755,0.0053033008588991,0.0300770416024653,0.014142135623731,,,,,0.330539291217257,0.0989949493661166,3.0424345146379,1.36471608769004,0.0049614791987673,0.0070710678118654,,,,,,,,,,,,,,,,,,,,,,,,,,,,,,,,,2018.0,1970-01-01,,,,3
Ryan Nall,CHI,RB,13849,weighted,,,,,,,5.93956780923994,0.81317279836453,0.0713223661584317,0.0416105144313622,0.0,0.0,,,,,0.251266766020864,0.0707106781186547,1.61520119225037,0.848528137423857,0.0,0.0,,,,,,,,,,,,,,,,,,,,,,,,,,,,,,,,,2018.0,1995-12-27,,,,3
D'Ernest Johnson,CLE,RB,14331,weighted,,,,,,,5.5,0.0,0.0,0.0,0.0,0.0,,,,,0.2,7.85298302831401e-17,2.05126676602086,0.0707106781186548,0.0,0.0,,,,,,,,,,,,,,,,,,,,,,,,,,,,,,,,,2019.0,,,,,3
Anthony McFarland,PIT,RB,14804,weighted,,,,,,,4.1012084592145,1.10875477364243,0.0096901297588869,0.0100267847599417,0.0437395099026519,0.05110153071849,,,,,0.125438066465257,0.140486430205849,1.10197381671702,1.15728266562804,0.0032426988922457,0.0057342082646571,,,,,,,,,,,,,,,,,,,,,,,,,,,,,,,,,2020.0,1970-01-01,,,,3
Alexander Armah,CAR,RB,13326,weighted,,,,,,,2.47,,0.02,,0.0,,,,,,0.52,,3.46,,0.02,,,,,,,,,,,,,,,,,,,,,,,,,,,,,,,,,,2017.0,1994-05-17,,,,3
Qadree Ollison,ATL,RB,14097,weighted,,,,,,,4.48070044709389,0.318198051533946,0.0733004090433459,0.0387404247139438,0.0,0.0,,,,,0.148733233979136,0.0707106781186548,0.358867362146051,0.494974746830583,0.0,0.0,,,,,,,,,,,,,,,,,,,,,,,,,,,,,,,,,2019.0,1970-01-01,,,,3
Ke'Shawn Vaughn,TB,RB,14810,weighted,,,,,,,0.0,,0.0,,0.0,,,,,,0.0,,0.0,,0.0,,,,,,,,,,,,,,,,,,,,,,,,,,,,,,,,,,2020.0,1970-01-01,O,Coach's Decision,2020.0,3
Taiwan Jones,BUF,RB,10368,weighted,,,,,,,2.54931520644512,1.87225241109572,0.0,0.0,0.0,0.0,,,,,0.0738066465256798,0.0253728489533305,1.04765357502518,1.32461831143109,0.0,0.0,,,,,,,,,,,,,,,,,,,,,,,,,,,,,,,,,2011.0,1988-07-26,,,,3
Jaylen Samuels,PIT,RB,13613,weighted,,,,,,,3.77581712062257,0.288808337630138,0.0129538616414804,0.0152142322867233,0.0197714007782101,0.0085682416635944,,,,,1.48918287937743,0.766233813745576,10.8772373540856,3.45390392076158,0.0315175097276265,0.0311057929149458,,,,,,,,,,,,,,,,,,,,,,,,,,,,,,,,,2018.0,1996-07-20,,,,3
Dwayne Washington,NO,RB,12845,weighted,,,,,,,1.16479969183359,1.33996735034851,0.0,0.0,0.0,0.0,,,,,0.166040061633282,0.190918830920368,1.61078582434515,1.97989898732233,0.0,0.0,,,,,,,,,,,,,,,,,,,,,,,,,,,,,,,,,2016.0,,,,,3
Kyle Juszczyk,SF,RB,11367,weighted,,,,,,,2.74337361530715,0.94000741618059,0.0122614431812881,0.0155428825493829,0.0262437059415911,0.030660918431094,,,,,1.32201409869084,0.522302663925692,17.0541188318228,7.24090035438758,0.0673716012084592,0.0307384685201448,,,,,,,,,,,,,,,,,,,,,,,,,,,,,,,,,2013.0,1991-04-23,,,,3
Jeremy McNichols,FA,RB,13143,weighted,,,,,,,1.33333590138675,1.07126677349762,0.0141766685589166,0.0058615430545727,0.0,0.0,,,,,0.178613251155624,0.254558441227157,1.38921417565485,1.97989898732233,0.0099229583975346,0.014142135623731,,,,,,,,,,,,,,,,,,,,,,,,,,,,,,,,,2017.0,1995-12-26,,,,3
Ryquell Armstead,JAC,RB,14093,weighted,,,,,,,0.0,,0.0,,0.0,,,,,,0.0,,0.0,,0.0,,,,,,,,,,,,,,,,,,,,,,,,,,,,,,,,,,2019.0,,,Illness,2020.0,3
Xavier Jones,LAR,RB,14818,weighted,,,,,,,2.5,,0.0,,0.0,,,,,,0.0,,0.0,,0.0,,,,,,,,,,,,,,,,,,,,,,,,,,,,,,,,,,2020.0,,,,,3
Derek Watt,PIT,RB,12823,weighted,,,,,,,1.4422860020141,0.955733950725074,0.0659932984708219,0.0409300958179816,0.0,0.0,,,,,0.179738167170191,0.130001505440635,1.45796576032226,1.34444840734488,0.0064853977844914,0.0114684165293143,,,,,,,,,,,,,,,,,,,,,,,,,,,,,,,,,2016.0,1992-11-07,,,,3
C.J. Ham,MIN,RB,12923,weighted,,,,,,,1.94611278952669,0.219891765132655,0.0086527542879904,0.0101831079079367,0.021869754951326,0.025550765359245,,,,,0.733111782477341,0.155366980061337,7.25713997985901,1.48540468433491,0.050956696878147,0.0440185037391674,,,,,,,,,,,,,,,,,,,,,,,,,,,,,,,,,2016.0,1993-07-22,,,,3
Dare Ogunbowale,FA,RB,13148,weighted,,,,,,,1.87722650231125,0.509116882454314,0.013341954655514,0.0093439110371079,0.0375963020030817,0.0176776695296637,,,,,0.587426810477658,0.445477272147525,4.57383667180277,3.45775216000222,0.0049614791987673,0.0070710678118654,,,,,,,,,,,,,,,,,,,,,,,,,,,,,,,,,2017.0,1994-05-04,,,,3
Samaje Perine,CIN,RB,13133,weighted,,,,,,,0.26,,0.0,,0.0,,,,,,0.07,,0.47,,0.0,,,,,,,,,,,,,,,,,,,,,,,,,,,,,,,,,,2017.0,1995-09-16,,,,3
Elijhaa Penny,NYG,RB,13239,weighted,,,,,,,1.7102311248074,0.0424264068711929,0.0075707131851199,0.0034092648378637,0.0,0.0,,,,,0.14884437596302,0.212132034355964,1.0171032357473,1.44956890143242,0.0049614791987673,0.0070710678118654,,,,,,,,,,,,,,,,,,,,,,,,,,,,,,,,,2016.0,1993-08-17,,,,3
Keith Smith,ATL,RB,12040,weighted,,,,,,,1.03292044310171,0.307301940154576,0.004204235852518,0.0051331403241811,0.0,0.0,,,,,0.227452165156093,0.144083807770142,1.59476334340383,0.649221792791163,0.0032426988922457,0.0057342082646571,,,,,,,,,,,,,,,,,,,,,,,,,,,,,,,,,2014.0,1992-04-08,,,,3
Patrick Ricard,BAL,RB,13455,weighted,,,,,,,0.0902416918429003,1.09881885812477,0.0037172750507679,0.0053806037279363,0.0454514937898624,0.0513725113210082,,,,,0.569989929506546,0.321517810755144,3.892527693857,2.49261449802476,0.0822557905337362,0.106861332539069,,,,,,,,,,,,,,,,,,,,,,,,,,,,,,,,,2017.0,1994-05-27,,,,3
Anthony Sherman,KC,RB,10378,weighted,,,,,,,1.23855991943605,0.133253484942906,0.0041350605316351,0.0051604647285045,0.0,0.0,,,,,0.331923464249748,0.151249349915782,2.65593152064451,1.50227416293766,0.0097280966767371,0.0172026247939714,,,,,,,,,,,,,,,,,,,,,,,,,,,,,,,,,2011.0,1988-12-11,,,,3
Andy Janovich,CLE,RB,12806,weighted,,,,,,,0.468032786885246,0.388908729652601,0.142641579731744,0.0618718433538229,0.0,0.0,,,,,0.656333830104322,0.353553390593274,5.07600596125186,4.24264068711928,0.0512667660208644,0.0707106781186548,,,,,,,,,,,,,,,,,,,,,,,,,,,,,,,,,2016.0,1993-05-23,,,,3
LaVante Bellamy,DEN,RB,14830,weighted,,,,,,,0.7,,0.0,,0.03,,,,,,0.5,,4.0,,0.0,,,,,,,,,,,,,,,,,,,,,,,,,,,,,,,,,,2020.0,1970-01-01,,,,3
Michael Burton,NO,RB,12325,weighted,,,,,,,0.312211093990755,0.053033008588991,0.0,0.0,0.0,0.0,,,,,0.0248073959938367,0.0353553390593274,0.198459167950693,0.282842712474619,0.0,0.0,,,,,,,,,,,,,,,,,,,,,,,,,,,,,,,,,2015.0,1992-02-01,,,,3
Nick Bellore,SEA,RB,10514,weighted,,,,,,,0.137099697885196,0.125829503970237,0.0,0.0,0.0,0.0,,,,,0.164561933534743,0.212066089169438,1.35634441087613,1.83870614614968,0.0379355488418933,0.0555730265905286,,,,,,,,,,,,,,,,,,,,,,,,,,,,,,,,,2011.0,1989-05-12,,,,3
Troymaine Pope,FA,RB,12929,weighted,,,,,,,0.3,,0.0,,0.0,,,,,,0.05,,0.32,,0.0,,,,,,,,,,,,,,,,,,,,,,,,,,,,,,,,,,2016.0,1993-11-29,,,,3
Elijah McGuire,FA,RB,13144,weighted,,,,,,,0.3,,0.0,,0.0,,,,,,0.07,,0.61,,0.0,,,,,,,,,,,,,,,,,,,,,,,,,,,,,,,,,,2017.0,1994-06-01,,,,3
Rod Smith,FA,RB,12444,weighted,,,,,,,0.24,,0.0,,0.0,,,,,,0.05,,0.42,,0.0,,,,,,,,,,,,,,,,,,,,,,,,,,,,,,,,,,,,,,,3
DeeJay Dallas,SEA,RB,14815,weighted,,,,,,,0.214961479198767,0.0070710678118654,0.0,0.0,0.0075192604006163,0.0035355339059327,,,,,0.216425269645609,0.261629509039023,0.603081664098613,0.565685424949238,0.0,0.0,,,,,,,,,,,,,,,,,,,,,,,,,,,,,,,,,2020.0,1998-09-16,,,,3
Jonathan Williams,FA,RB,12635,weighted,,,,,,,0.2,,0.0,,0.0,,,,,,0.03,,0.29,,0.0,,,,,,,,,,,,,,,,,,,,,,,,,,,,,,,,,,2016.0,1994-02-02,,,,3
Raheem Mostert,SF,RB,12447,weighted,,,,,,,0.0,0.0,0.0,0.0,,,,,,,0.0,0.0,0.0,0.0,0.0,0.0,,,,,,,,,,,,,,,,,,,,,,,,,,,,,,,,,,,O,Knee - MCL,2020.0,3
Christian McCaffrey,CAR,RB,13130,weighted,,,,,,,0.0,0.0,0.0,0.0,,,,,,,0.0,0.0,0.0,0.0,0.0,0.0,,,,,,,,,,,,,,,,,,,,,,,,,,,,,,,,,2017.0,1996-06-07,IR,Ankle,2020.0,3
DeAndre Hopkins,ARI,WR,11232,weighted,,,,,,,0.394866666666667,0.207364212367429,0.0,0.0,0.0870222222222222,0.0201762589196586,,,,,8.04146666666667,0.468857311538039,100.290288888889,7.18042501533604,0.816055555555555,0.21226389847946,,,,,,,,,,,,,,,,,,,,,,,,,,,,,,,,,2013.0,1992-06-06,,,,3
Calvin Ridley,ATL,WR,13629,weighted,,,,,,,1.39667345553293,0.52225521677558,0.0,0.0,0.1,1.60563572308408e-17,,,,,7.25720298710115,0.857231554637244,93.5162525458249,9.40272655417129,0.865159538357094,0.234304428790322,,,,,,,,,,,,,,,,,,,,,,,,,,,,,,,,,2018.0,1994-12-20,,,,3
Amari Cooper,DAL,WR,12175,weighted,,,,,,,0.394724444444444,0.146395773867638,0.0,0.0,0.0870222222222222,0.0201762589196586,,,,,6.08208888888889,0.535472730724683,84.7281111111111,7.55378916204758,0.677944444444444,0.325669672214158,,,,,,,,,,,,,,,,,,,,,,,,,,,,,,,,,2015.0,1994-06-18,,,,3
Tyler Lockett,SEA,WR,12187,weighted,,,,,,,0.666466666666667,0.399212621240133,0.0,0.0,0.0269,0.0410383937416601,,,,,5.78152222222222,0.467523204248591,79.4124555555556,9.09485461228412,0.751,0.258038498854142,,,,,,,,,,,,,,,,,,,,,,,,,,,,,,,,,2015.0,1992-09-28,,,,3
Tyreek Hill,KC,WR,12801,weighted,,,,,,,3.56212463556851,0.924585021640904,0.0050404871286795,0.0040297932481231,0.0561497813411079,0.0298838108813066,,,,,5.378527696793,0.539976231623042,78.4872886297376,9.42731411701402,0.66430029154519,0.243679935209797,,,,,,,,,,,,,,,,,,,,,,,,,,,,,,,,,2016.0,1994-03-01,,,,3
Allen Robinson,CHI,WR,11678,weighted,,,,,,,0.759942222222222,0.489143976795165,0.0022413543936093,0.0040968666701657,0.0818311111111111,0.028246762487522,,,,,6.19046666666667,0.619806956517556,75.6190777777778,7.2223436881632,0.6562,0.350059371350158,,,,,,,,,,,,,,,,,,,,,,,,,,,,,,,,,2014.0,1993-08-24,,,,3
DK Metcalf,SEA,WR,14102,weighted,,,,,,,0.323777777777778,0.184332618554263,0.0,0.0,0.128847222222222,0.0407174659148472,,,,,5.21618888888889,1.19121422695669,76.8059222222222,10.1552171499681,0.812755555555556,0.192396802647146,,,,,,,,,,,,,,,,,,,,,,,,,,,,,,,,,2019.0,1997-12-14,,,,3
Mike Evans,TB,WR,11671,weighted,,,,,,,0.0,0.0,0.0,0.0,0.0,0.0,,,,,4.93254444444444,0.275754213758979,72.2527666666667,9.20818317236054,0.757866666666667,0.248837343265688,,,,,,,,,,,,,,,,,,,,,,,,,,,,,,,,,2014.0,1993-08-21,,,,3
JuJu Smith-Schuster,PIT,WR,13156,weighted,,,,,,,0.101222222222222,0.0680958167500971,0.0,0.0,0.0400083333333333,0.0367665595930837,,,,,5.21498888888889,0.84511687535734,68.0953111111111,13.3108992026958,0.714377777777778,0.297298993030382,,,,,,,,,,,,,,,,,,,,,,,,,,,,,,,,,2017.0,1996-11-22,,,,3
Stefon Diggs,BUF,WR,12186,weighted,,,,,,,2.16272444444444,1.48993103236494,0.0052191130604288,0.0050881335324661,0.0528555555555556,0.0441851717381598,,,,,5.69193333333333,0.79064755068926,78.2556111111111,4.70127748990079,0.670788888888889,0.332333167109046,,,,,,,,,,,,,,,,,,,,,,,,,,,,,,,,,2015.0,1993-11-29,,,,3
D.J. Moore,CAR,WR,13635,weighted,,,,,,,3.16625,0.658606495372602,0.0047781463120175,0.0040236812201827,0.0890178571428571,0.0127963716781954,,,,,5.78877551020408,0.884506074575586,77.2724489795918,5.89592271379653,0.449154518950437,0.397092184782709,,,,,,,,,,,,,,,,,,,,,,,,,,,,,,,,,2018.0,1997-04-14,,,,3
Terry McLaurin,WAS,WR,14109,weighted,,,,,,,0.0789333333333333,0.0852077064317509,0.0,0.0,0.0269,0.0410383937416601,,,,,5.13356666666667,0.612493381565241,76.5162666666667,7.4117029225122,0.697333333333333,0.31104667908211,,,,,,,,,,,,,,,,,,,,,,,,,,,,,,,,,2019.0,1995-09-15,,,,3
Marquise Brown,BAL,WR,14105,weighted,,,,,,,5.39426627793975,4.81202999045826,0.0,0.0,0.0421039844509232,0.0416987334821257,,,,,5.11997084548105,0.735384814065938,68.1401895043732,11.6308216880017,0.536851311953353,0.350015478109622,,,,,,,,,,,,,,,,,,,,,,,,,,,,,,,,,2019.0,1997-06-04,,,,3
Chris Godwin,TB,WR,13163,weighted,,,,,,,0.454435131195335,0.0362817217120037,0.0,0.0,0.0378462099125364,0.0431471618403776,,,,,5.64962099125364,0.332405299921459,78.8310641399417,3.61354294215589,0.604897959183674,0.28495869490443,,,,,,,,,,,,,,,,,,,,,,,,,,,,,,,,,2017.0,1996-02-27,,,,3
Julian Edelman,NE,WR,9662,weighted,,,,,,,3.94932944606414,1.19895848054987,0.010279096290228,0.0080753734512103,0.0754810495626822,0.0248156959404942,,,,,5.51327988338192,0.571205257255404,71.4215160349854,7.42598630983656,0.520422740524781,0.355218405599252,,,,,,,,,,,,,,,,,,,,,,,,,,,,,,,,,2009.0,1986-05-22,,,,3
Cooper Kupp,LAR,WR,13164,weighted,,,,,,,2.47868804664723,0.362717911849115,0.0074818881207523,0.0084126475721741,0.0829689018464529,0.0192540096611268,,,,,5.09791545189504,0.398158098925699,65.436195335277,10.7450773702835,0.556355685131195,0.317240356936398,,,,,,,,,,,,,,,,,,,,,,,,,,,,,,,,,2017.0,1993-06-15,,,,3
Keenan Allen,LAC,WR,11222,weighted,,,,,,,1.811975,0.194326623795882,0.0029472903050108,0.0039783166776465,0.0720972222222222,0.0400836550776805,,,,,6.05848888888889,0.590031222173776,69.6096111111111,7.13494834285185,0.489055555555556,0.299608634708158,,,,,,,,,,,,,,,,,,,,,,,,,,,,,,,,,2013.0,1992-04-27,,,,3
DeVante Parker,MIA,WR,12176,weighted,,,,,,,0.0,0.0,0.0,0.0,0.0,0.0,,,,,4.7930029154519,0.179011432911126,71.8923469387755,5.55520361444905,0.660102040816327,0.275478342191412,,,,,,,,,,,,,,,,,,,,,,,,,,,,,,,,,2015.0,1993-01-20,,,,3
T.Y. Hilton,IND,WR,10729,weighted,,,,,,,0.0,0.0,0.0,0.0,0.0,0.0,,,,,5.23102040816326,0.61751072682361,69.2695043731779,6.10437158426034,0.560685131195335,0.321706714164429,,,,,,,,,,,,,,,,,,,,,,,,,,,,,,,,,2012.0,1989-11-14,,,,3
Adam Thielen,MIN,WR,11938,weighted,,,,,,,0.857226666666667,0.10901128529993,0.0,0.0,0.0844222222222222,0.0218399983243507,,,,,5.32992222222222,0.530897744899625,73.0317777777778,4.90867474178683,0.709855555555556,0.294527175091921,,,,,,,,,,,,,,,,,,,,,,,,,,,,,,,,,2014.0,1990-08-22,,,,3
Darius Slayton,NYG,WR,14122,weighted,,,,,,,0.121605773567885,0.0841153627094194,0.0,0.0,0.0028535182679296,0.0045667764140746,,,,,4.27740189445196,0.505107514618611,61.423951285521,10.217696435157,0.862652232746955,0.190873260157189,,,,,,,,,,,,,,,,,,,,,,,,,,,,,,,,,2019.0,1997-01-12,,,,3
Odell Beckham,CLE,WR,11679,weighted,,,,,,,0.470736151603499,0.3282650402046,0.0,0.0,0.0415069241982507,0.0399396293056428,,,,,4.9847667638484,0.737778762993738,67.373833819242,5.70269997346158,0.652201166180758,0.249814805068068,,,,,,,,,,,,,,,,,,,,,,,,,,,,,,,,,2014.0,1992-11-05,,,,3
Diontae Johnson,PIT,WR,14208,weighted,,,,,,,1.1489407191448,0.679374103654249,0.0,0.0,0.265937803692906,0.0385080193222536,,,,,5.14895043731778,0.446991531401846,64.3768075801749,7.92403429057188,0.597857142857143,0.290071851194163,,,,,,,,,,,,,,,,,,,,,,,,,,,,,,,,,2019.0,,,,,3
Michael Gallup,DAL,WR,13646,weighted,,,,,,,0.140319444444444,0.12274833723901,0.0,0.0,0.0,0.0,,,,,4.27845555555556,0.44731986970626,68.3917777777778,3.66464711689548,0.482844444444444,0.309676821617,,,,,,,,,,,,,,,,,,,,,,,,,,,,,,,,,2018.0,1996-03-04,,,,3
Jerry Jeudy,DEN,WR,14833,weighted,,,,,,,0.25466472303207,0.169725130650313,0.0,0.0,0.0421039844509232,0.0416987334821257,,,,,4.67782798833819,0.986352293282726,63.3877405247814,8.01380695770251,0.185014577259475,0.13846149923655,,,,,,,,,,,,,,,,,,,,,,,,,,,,,,,,,2020.0,1999-04-24,,,,3
Kenny Golladay,DET,WR,13277,weighted,,,,,,,0.118756073858115,0.0823113317230514,0.0,0.0,0.0584499514091351,0.0279465836244721,,,,,4.7234110787172,0.912391795006903,65.4398979591837,5.59372799649935,0.597857142857143,0.290071851194163,,,,,,,,,,,,,,,,,,,,,,,,,,,,,,,,,2017.0,1993-01-01,,,,3
Robby Anderson,CAR,WR,12930,weighted,,,,,,,0.845911111111111,0.492274568033526,0.0023364718614718,0.0040672414679812,0.15675,0.043088297223506,,,,,4.70094444444444,0.654651803264679,62.2666111111111,6.16768405298733,0.252366666666667,0.152970084534945,,,,,,,,,,,,,,,,,,,,,,,,,,,,,,,,,2016.0,1993-05-09,,,,3
Russell Gage,ATL,WR,13809,weighted,,,,,,,0.529792663476874,0.122618233505609,0.0,0.0,0.1,1.70160744664668e-17,,,,,6.18338755980861,0.839112618620658,65.7295885167464,5.66081801846627,0.215846889952153,0.20344815443708,,,,,,,,,,,,,,,,,,,,,,,,,,,,,,,,,2018.0,1996-01-22,,,,3
Robert Woods,LAR,WR,11228,weighted,,,,,,,6.51189722222222,0.820508589662116,0.0827397583032909,0.0238763784033561,0.0720972222222222,0.0400836550776805,,,,,5.41126666666667,0.427850986960114,66.0553555555556,3.92776886250937,0.161188888888889,0.119072486368721,,,,,,,,,,,,,,,,,,,,,,,,,,,,,,,,,2013.0,1992-04-10,,,,3
Tyler Boyd,CIN,WR,12650,weighted,,,,,,,0.636602777777778,0.235155629818846,0.0,0.0,0.0483791666666667,0.0382045505741359,,,,,5.11875555555556,0.190738219083816,62.0711444444444,4.78325210906422,0.534711111111111,0.274747949271841,,,,,,,,,,,,,,,,,,,,,,,,,,,,,,,,,2016.0,1994-11-15,,,,3
Marquez Valdes-Scantling,GB,WR,13793,weighted,,,,,,,0.415646258503401,0.28808966103068,0.0,0.0,0.0,0.0,,,,,4.46623906705539,1.29454788569147,62.4231924198251,4.92695074688854,0.47533527696793,0.378567488899437,,,,,,,,,,,,,,,,,,,,,,,,,,,,,,,,,2018.0,1994-10-10,,,,3
Corey Davis,TEN,WR,13153,weighted,,,,,,,0.423566569484937,0.322063934360209,0.0,0.0,0.0,0.0,,,,,4.40029154518951,0.795382276791973,60.8793002915452,9.83307303902507,0.526224489795918,0.344296756063744,,,,,,,,,,,,,,,,,,,,,,,,,,,,,,,,,2017.0,1995-01-11,,,,3
Brandin Cooks,HOU,WR,11674,weighted,,,,,,,3.08965986394558,0.156196730535424,0.003981564542789,0.0041355794926642,0.0,0.0,,,,,4.1081195335277,1.39546450289461,50.4731341107872,12.1037152088385,0.41234693877551,0.425128246991036,,,,,,,,,,,,,,,,,,,,,,,,,,,,,,,,,2014.0,1993-09-25,,,,3
CeeDee Lamb,DAL,WR,14832,weighted,,,,,,,1.71053449951409,0.274340453678627,0.003743334330069,0.0042055416075602,0.0421039844509232,0.0416987334821257,,,,,4.32626822157434,0.511997058560037,62.9871720116618,3.4689997123003,0.181195335276968,0.166920118575368,,,,,,,,,,,,,,,,,,,,,,,,,,,,,,,,,2020.0,1999-04-08,,,,3
A.J. Green,CIN,WR,10261,weighted,,,,,,,0.0,0.0,0.0,0.0,0.0163459669582119,0.0165437972936628,,,,,4.79940233236152,0.391352468775478,64.8680612244898,1.70763182275218,0.512142857142857,0.350208528638374,,,,,,,,,,,,,,,,,,,,,,,,,,,,,,,,,2011.0,1988-07-31,,,,3
Emmanuel Sanders,NO,WR,9918,weighted,,,,,,,0.364188532555879,0.281637905999196,0.0,0.0,0.0,0.0,,,,,4.6767055393586,0.990197489135017,56.5342419825073,7.95187996842143,0.277769679300292,0.199622798460445,,,,,,,,,,,,,,,,,,,,,,,,,,,,,,,,,2010.0,1987-03-17,,,,3
Jarvis Landry,CLE,WR,11680,weighted,,,,,,,0.550242954324587,0.443006621339053,0.0,0.0,0.0122594752186589,0.0124078479702471,,,,,4.71086005830904,0.221179987746121,64.2167930029155,2.14414643318229,0.509795918367347,0.351423081205398,,,,,,,,,,,,,,,,,,,,,,,,,,,,,,,,,2014.0,1992-11-28,,,,3
Will Fuller,HOU,WR,12647,weighted,,,,,,,0.444139941690962,0.34062926273337,0.0,0.0,0.0543634596695821,0.0311309575068847,,,,,4.49389212827988,0.600068300417996,61.3671137026239,6.0926401943607,0.134890670553936,0.130421327887762,,,,,,,,,,,,,,,,,,,,,,,,,,,,,,,,,2016.0,1994-04-16,,,,3
DeSean Jackson,PHI,WR,9075,weighted,,,,,,,0.833498542274053,0.350388425439953,0.0376514415289926,0.0431911945964708,0.0081729834791059,0.0082718986468313,,,,,3.88460641399417,0.532553740755903,58.7433236151603,4.79718207568893,0.255043731778426,0.186567597200477,,,,,,,,,,,,,,,,,,,,,,,,,,,,,,,,,2008.0,1986-12-01,,,,3
John Brown,BUF,WR,11783,weighted,,,,,,,0.343984450923226,0.109668682235757,0.0,0.0,0.0,0.0,,,,,4.27151603498542,1.29834722304374,55.3025218658892,9.96453259619284,0.554008746355685,0.319211618138265,,,,,,,,,,,,,,,,,,,,,,,,,,,,,,,,,2014.0,1990-04-03,,,,3
Keelan Cole,JAC,WR,13412,weighted,,,,,,,0.552759961127308,0.235400247958188,0.0033734944194127,0.0043446280783415,0.0591350826044704,0.0413594932341569,,,,,4.5663556851312,0.378421742869011,61.0369387755102,3.57070377438771,0.677638483965015,0.238972831849945,,,,,,,,,,,,,,,,,,,,,,,,,,,,,,,,,2017.0,1993-04-20,,,,3
Michael Pittman,IND,WR,14842,weighted,,,,,,,0.314042759961127,0.210676468523077,0.0,0.0,0.0625364431486881,0.0250419390398485,,,,,3.1598833819242,1.40896544607964,38.4322886297376,21.2196761866831,0.137201166180758,0.139703342499814,,,,,,,,,,,,,,,,,,,,,,,,,,,,,,,,,2020.0,1997-10-05,,,,3
Marvin Jones,DET,WR,10738,weighted,,,,,,,-0.0501457725947522,0.100167756159394,0.0,0.0,0.0,0.0,,,,,4.57106413994169,0.423141873918642,56.2984110787172,6.77446672818366,0.63466472303207,0.273224707171426,,,,,,,,,,,,,,,,,,,,,,,,,,,,,,,,,2012.0,1990-03-12,,,,3
N'Keal Harry,NE,WR,14101,weighted,,,,,,,2.60544217687075,0.77743455814168,0.0091751810119157,0.008065472086658,0.182968901846453,0.0192540096611268,,,,,3.83508746355685,0.97834710427667,50.2447521865889,12.5919116667094,0.245422740524781,0.243167853337742,,,,,,,,,,,,,,,,,,,,,,,,,,,,,,,,,2019.0,1970-01-01,,,,3
Tre'Quan Smith,NO,WR,13645,weighted,,,,,,,0.0593780369290573,0.0411556658615257,0.0,0.0,0.0,0.0,,,,,3.89717201166181,0.905798543908309,50.6551457725948,8.94998989625578,0.279008746355685,0.216290940526344,,,,,,,,,,,,,,,,,,,,,,,,,,,,,,,,,2018.0,,,,,3
Allen Lazard,GB,WR,13632,weighted,,,,,,,2.19470555555556,0.403463334918008,0.0028894603587963,0.003979021282894,0.0111611111111111,0.0160334620310722,,,,,4.31676666666667,0.450332477343785,57.9523111111111,2.61813541373113,0.319388888888889,0.216201755151857,,,,,,,,,,,,,,,,,,,,,,,,,,,,,,,,,2018.0,1995-12-11,,,,3
Mike Williams,LAC,WR,13154,weighted,,,,,,,0.304810495626822,0.241458526543708,0.0,0.0,0.0,0.0,,,,,3.16303206997085,0.20202691321305,50.6350728862974,7.48184945783521,0.164766763848397,0.147077338026927,,,,,,,,,,,,,,,,,,,,,,,,,,,,,,,,,2017.0,1994-10-04,,,,3
Preston Williams,MIA,WR,14126,weighted,,,,,,,0.0422254616132167,0.0415994335776931,0.0,0.0,0.0625364431486881,0.0250419390398485,,,,,3.84995626822157,0.918639866168158,54.1473177842566,7.34643742528066,0.178848396501458,0.163793618282437,,,,,,,,,,,,,,,,,,,,,,,,,,,,,,,,,2019.0,1970-01-01,,,,3
Golden Tate,NYG,WR,9831,weighted,,,,,,,0.895830903790087,0.41444541598406,0.0,0.0,0.0584499514091351,0.0279465836244721,,,,,4.76014577259475,0.178169907294803,53.4772594752187,3.6878542123758,0.217128279883382,0.15500212601097,,,,,,,,,,,,,,,,,,,,,,,,,,,,,,,,,2010.0,1988-08-02,,,,3
Brandon Aiyuk,SF,WR,14840,weighted,,,,,,,0.989125364431487,0.13813234735081,0.0042743931151252,0.0040720495045658,0.0421039844509232,0.0416987334821257,,,,,2.86307580174927,0.792160462087153,45.9144897959184,11.9797768182967,0.194402332361516,0.147261121104883,,,,,,,,,,,,,,,,,,,,,,,,,,,,,,,,,2020.0,1970-01-01,,,,3
Chris Hogan,NYJ,WR,10983,weighted,,,,,,,0.0343051506316812,0.0385008552642071,0.0,0.0,0.0,0.0,,,,,3.68616618075802,1.17595584229269,42.1692857142857,12.6655678038997,0.163527696793003,0.122405043518048,,,,,,,,,,,,,,,,,,,,,,,,,,,,,,,,,2011.0,1988-10-24,,,,3
Hunter Renfrow,LVR,WR,14123,weighted,,,,,,,0.120068027210884,0.134752993424725,0.0,0.0,0.0461904761904762,0.0380528965278903,,,,,3.65992711370262,0.620555460600537,47.5105102040816,6.54595834363167,0.207740524781341,0.14943837733919,,,,,,,,,,,,,,,,,,,,,,,,,,,,,,,,,2019.0,1970-01-01,,,,3
Kendrick Bourne,SF,WR,13418,weighted,,,,,,,0.0,0.0,0.0,0.0,0.0,0.0,,,,,2.93588921282799,0.975254535609634,40.8869970845481,13.5673573593569,0.165874635568513,0.125447001642511,,,,,,,,,,,,,,,,,,,,,,,,,,,,,,,,,2017.0,1995-08-04,,,,3
Anthony Miller,CHI,WR,13639,weighted,,,,,,,0.212439261418853,0.136855927470689,0.0,0.0,0.0625364431486881,0.0250419390398485,,,,,4.06106413994169,0.827560128426679,49.9091982507289,5.4631880094293,0.212434402332362,0.151930296307494,,,,,,,,,,,,,,,,,,,,,,,,,,,,,,,,,2018.0,1994-10-09,,,,3
Larry Fitzgerald,ARI,WR,7393,weighted,,,,,,,0.0,0.0,0.0,0.0,0.0502769679300292,0.0345177294723021,,,,,4.42279883381924,1.05443528019013,51.5787317784257,4.15771943147841,0.226151603498542,0.187718370363529,,,,,,,,,,,,,,,,,,,,,,,,,,,,,,,,,2004.0,1983-08-31,,,,3
Braxton Berrios,NYJ,WR,13638,weighted,,,,,,,0.300857142857143,0.0863067862875248,0.0,0.0,0.0895873015873016,0.100219151576121,,,,,3.58238095238095,1.79041754585589,41.2813333333333,17.6872933507924,0.146619047619048,0.218270122030119,,,,,,,,,,,,,,,,,,,,,,,,,,,,,,,,,2018.0,1995-10-06,,,,3
Chris Conley,JAC,WR,12257,weighted,,,,,,,0.0,0.0,0.0,0.0,0.0122594752186589,0.0124078479702471,,,,,3.21183673469388,0.310132355076422,47.6346064139942,4.90446839745564,0.20033527696793,0.152961214685892,,,,,,,,,,,,,,,,,,,,,,,,,,,,,,,,,2015.0,1992-10-25,,,,3
Laviska Shenault,JAC,WR,14838,weighted,,,,,,,21.7050655976676,7.03046743119762,0.0900851282645018,0.0131227342011035,0.111115160349854,0.072716809948914,,,,,3.41227405247813,0.321918323712324,47.9790670553936,3.67871377234967,0.212069970845481,0.167511084321411,,,,,,,,,,,,,,,,,,,,,,,,,,,,,,,,,2020.0,1970-01-01,,,,3
Adam Humphries,TEN,WR,12505,weighted,,,,,,,0.135908649173955,0.0883936883443614,0.0,0.0,0.0421039844509232,0.0416987334821257,,,,,3.8668221574344,0.79213326475374,44.4803352769679,6.33762303473899,0.20502915451895,0.158487765786449,,,,,,,,,,,,,,,,,,,,,,,,,,,,,,,,,,,,,,3
Danny Amendola,DET,WR,9308,weighted,,,,,,,0.0171525753158406,0.0192504276321036,0.0,0.0,0.0421039844509232,0.0416987334821257,,,,,3.61724489795918,1.22351850130775,44.0334256559767,7.19592514073306,0.115932944606414,0.129445473509081,,,,,,,,,,,,,,,,,,,,,,,,,,,,,,,,,2008.0,1985-11-02,,,,3
Cole Beasley,BUF,WR,10973,weighted,,,,,,,0.0,0.0,0.0,0.0,0.0,0.0,,,,,3.48093294460641,0.452466025881794,41.3460058309038,6.69455069259913,0.154139941690962,0.111565303982484,,,,,,,,,,,,,,,,,,,,,,,,,,,,,,,,,2012.0,1989-04-26,,,,3
KJ Hamler,DEN,WR,14837,weighted,,,,,,,1.786472303207,0.709201987301116,0.0070410720679249,0.0085701153918262,0.0502769679300292,0.0345177294723021,,,,,3.39392128279883,0.721085184249704,41.2822157434402,6.00892132906989,0.0934620991253644,0.0824428607027718,,,,,,,,,,,,,,,,,,,,,,,,,,,,,,,,,2020.0,1970-01-01,,,,3
Sammy Watkins,KC,WR,11670,weighted,,,,,,,1.09256559766764,0.844913717997589,0.0,0.0,0.0286054421768708,0.0289516452639099,,,,,3.03706997084548,0.369992484353731,39.1443148688047,5.07687887506378,0.161924198250729,0.162230476227229,,,,,,,,,,,,,,,,,,,,,,,,,,,,,,,,,2014.0,1993-06-14,Q,Concussion,2020.0,3
Chase Claypool,PIT,WR,14841,weighted,,,,,,,0.89754130223518,0.0844931498882328,0.0042937922607258,0.0040687434021905,0.0421039844509232,0.0416987334821257,,,,,1.94876093294461,0.501162810862088,29.2989795918367,11.3712903865059,0.160437317784257,0.128502387454427,,,,,,,,,,,,,,,,,,,,,,,,,,,,,,,,,2020.0,1970-01-01,,,,3
Justin Jefferson,MIN,WR,14836,weighted,,,,,,,0.339115646258503,0.243605926444702,0.0,0.0,0.0502769679300292,0.0345177294723021,,,,,2.7648833819242,0.563688288040342,36.4016472303207,8.13236680335614,0.125612244897959,0.103309177892646,,,,,,,,,,,,,,,,,,,,,,,,,,,,,,,,,2020.0,1999-06-16,,,,3
Andy Isabella,ARI,WR,14121,weighted,,,,,,,0.812896015549077,0.272272726333458,0.0,0.0,0.0,0.0,,,,,2.32916909620991,1.01272728576183,34.7369096209913,14.3436292736273,0.132397959183673,0.149536079457793,,,,,,,,,,,,,,,,,,,,,,,,,,,,,,,,,2019.0,,,,,3
Miles Boykin,BAL,WR,14125,weighted,,,,,,,0.0,0.0,0.0,0.0,0.0,0.0,,,,,2.38173469387755,0.549338017533035,31.5217930029155,9.86732382360967,0.151793002915452,0.109236824295517,,,,,,,,,,,,,,,,,,,,,,,,,,,,,,,,,2019.0,1970-01-01,,,,3
James Washington,PIT,WR,13631,weighted,,,,,,,0.0,0.0,0.0,0.0,0.0584499514091351,0.0279465836244721,,,,,2.87451895043732,0.155545829300528,38.8776822157434,7.14788502685843,0.186253644314869,0.139228459683874,,,,,,,,,,,,,,,,,,,,,,,,,,,,,,,,,2018.0,1996-04-02,,,,3
Tee Higgins,CIN,WR,14835,weighted,,,,,,,0.28548644338118,0.248551855707296,0.0,0.0,0.0664593301435407,0.0288091920565106,,,,,2.56824880382775,0.658218433030574,35.6343923444976,8.39218131364384,0.136708133971292,0.127297848569573,,,,,,,,,,,,,,,,,,,,,,,,,,,,,,,,,2020.0,1999-01-18,,,,3
Curtis Samuel,CAR,WR,13157,weighted,,,,,,,17.0298056365403,0.715461940779439,0.0962029841199566,0.0041883892993118,0.0421039844509232,0.0416987334821257,,,,,3.39699708454811,0.596226777618335,35.3720262390671,5.74345452498443,0.174518950437318,0.131756513328803,,,,,,,,,,,,,,,,,,,,,,,,,,,,,,,,,2017.0,1996-08-11,,,,3
Isaiah Ford,MIA,WR,13162,weighted,,,,,,,0.374219536757301,0.351632235491396,0.0,0.0,0.0131218529707956,0.015330459215547,,,,,3.06221550855992,1.03838589082093,34.4555085599194,11.1523002528693,0.111440080563948,0.10189015513427,,,,,,,,,,,,,,,,,,,,,,,,,,,,,,,,,2017.0,1996-02-09,,,,3
Josh Malone,FA,WR,13235,weighted,,,,,,,0.30231124807396,0.424264068711928,0.0,0.0,0.0,0.0,,,,,2.69879815100154,1.13844191771034,27.5272110939908,20.7040865531421,0.109383667180277,0.113137084989848,,,,,,,,,,,,,,,,,,,,,,,,,,,,,,,,,2017.0,1996-03-21,,,,3
Randall Cobb,HOU,WR,10308,weighted,,,,,,,0.585461613216715,0.313947610933268,0.0,0.0,0.0543634596695821,0.0311309575068847,,,,,2.89125364431487,0.666920362323152,37.8608163265306,3.14471107861174,0.0861661807580175,0.107757014496728,,,,,,,,,,,,,,,,,,,,,,,,,,,,,,,,,2011.0,1990-08-22,,,,3
Bryan Edwards,LVR,WR,14844,weighted,,,,,,,0.339115646258503,0.243605926444702,0.0,0.0,0.0421039844509232,0.0416987334821257,,,,,2.76969387755102,0.530212240224353,36.1480612244898,8.57976087513805,0.0743586005830904,0.0989171500455906,,,,,,,,,,,,,,,,,,,,,,,,,,,,,,,,,2020.0,1970-01-01,,,,3
David Moore,SEA,WR,13348,weighted,,,,,,,1.86553935860058,0.238650798284718,0.0042516112492323,0.0040760771623097,0.0543634596695821,0.0311309575068847,,,,,2.14689504373178,0.573909806297559,30.382944606414,7.98057068644724,0.216763848396501,0.173956450355095,,,,,,,,,,,,,,,,,,,,,,,,,,,,,,,,,2017.0,1995-01-15,,,,3
Damiere Byrd,NE,WR,12464,weighted,,,,,,,0.0343051506316812,0.0385008552642071,0.0,0.0,0.0461904761904762,0.0380528965278903,,,,,2.53527696793003,0.45389151045865,33.3195918367347,4.46760815675627,0.106581632653061,0.11103798137249,,,,,,,,,,,,,,,,,,,,,,,,,,,,,,,,,,,,,,3
,,WR,nfl_0,weighted,,,,,,,4.4,0.0,0.1,0.0,0.0911319612590799,0.101243097390997,,,,,1.49975786924939,1.19363199509915,16.7366828087167,14.4621000110143,0.0882021791767554,0.126899055479565,,,,,,,,,,,,,,,,,,,,,,,,,,,,,,,,,,,,,,3
Dede Westbrook,JAC,WR,13158,weighted,,,,,,,0.100770416024653,0.14142135623731,0.0,0.0,0.0,0.0,,,,,2.26536209553159,1.90211724139181,24.4579044684129,20.7252997565777,0.085115562403698,0.0212132034355964,,,,,,,,,,,,,,,,,,,,,,,,,,,,,,,,,2017.0,1993-11-21,,,,3
Mecole Hardman,KC,WR,14113,weighted,,,,,,,1.81305150631681,0.949988809771162,0.0033484399050625,0.0043553205936431,0.0625364431486881,0.0250419390398485,,,,,2.24561224489796,0.664259061155145,31.6807580174927,7.41432740112759,0.160437317784257,0.128502387454427,,,,,,,,,,,,,,,,,,,,,,,,,,,,,,,,,2019.0,1970-01-01,,,,3
Davante Adams,GB,WR,11675,weighted,,,,,,,0.0,0.0,0.0,0.0,0.0,0.0,,,,,1.3122878479294,1.15135573116781,16.0633627517538,15.4025483075423,0.0991174473862865,0.137382577040466,,,,,,,,,,,,,,,,,,,,,,,,,,,,,,,,,2014.0,1992-12-24,O,Hamstring,2020.0,3
Scott Miller,TB,WR,14280,weighted,,,,,,,2.5,6.28238642265121e-16,0.0,0.0,0.0,0.0,,,,,2.25633383010432,0.353553390593274,30.5374068554396,4.87903679018718,0.0902533532041729,0.014142135623731,,,,,,,,,,,,,,,,,,,,,,,,,,,,,,,,,2019.0,1970-01-01,,,,3
Olabisi Johnson,MIN,WR,14305,weighted,,,,,,,0.2,0.0,0.0,0.0,0.0,0.0,,,,,2.39787535410765,0.919238815542512,30.5155807365439,9.89949493661167,0.041685552407932,0.0636396103067893,,,,,,,,,,,,,,,,,,,,,,,,,,,,,,,,,2019.0,1970-01-01,,,,3
Zach Pascal,IND,WR,13488,weighted,,,,,,,0.482944606413994,0.362654137161777,0.0,0.0,0.0,0.0,,,,,2.44772594752187,0.381850155124228,31.560860058309,4.13728224200347,0.236399416909621,0.211305593484065,,,,,,,,,,,,,,,,,,,,,,,,,,,,,,,,,2017.0,1994-12-18,,,,3
Van Jefferson,LAR,WR,14858,weighted,,,,,,,1.21405247813411,0.572124736996346,0.0034547092646582,0.0043110466590356,0.0421039844509232,0.0416987334821257,,,,,2.03327988338192,0.733016416607067,26.0627842565598,9.65620550164013,0.0720116618075802,0.0946492046821594,,,,,,,,,,,,,,,,,,,,,,,,,,,,,,,,,2020.0,1970-01-01,,,,3
Darnell Mooney,CHI,WR,14974,weighted,,,,,,,0.4,0.0,0.0,0.0,0.0655666666666667,0.0342931183724112,,,,,2.13266666666667,0.318310737552409,26.6053333333333,7.06313288795087,0.0966666666666667,0.101644815266549,,,,,,,,,,,,,,,,,,,,,,,,,,,,,,,,,2020.0,1997-10-29,,,,3
Josh Reynolds,LAR,WR,13168,weighted,,,,,,,0.905510204081633,0.307264104655085,0.0,0.0,0.0,0.0,,,,,1.63628279883382,0.632585068849451,21.2013556851312,9.40499267677514,0.0985568513119534,0.0830619663318663,,,,,,,,,,,,,,,,,,,,,,,,,,,,,,,,,2017.0,1995-02-16,,,,3
Dontrelle Inman,WAS,WR,11957,weighted,,,,,,,0.0,0.0,0.0,0.0,0.0,0.0,,,,,1.75132295719844,0.704248894255633,21.8234630350195,6.96459445972978,0.0661186770428016,0.0707359079479717,,,,,,,,,,,,,,,,,,,,,,,,,,,,,,,,,2013.0,1989-01-31,,,,3
Mohamed Sanu,FA,WR,10723,weighted,,,,,,,0.07557781201849,0.106066017177982,0.0,0.0,0.0,0.0,,,,,2.58588597842835,0.162634559672906,28.2872419106317,3.25976226126998,0.185115562403698,0.0212132034355964,,,,,,,,,,,,,,,,,,,,,,,,,,,,,,,,,2012.0,1989-08-22,,,,3
Tim Patrick,DEN,WR,13377,weighted,,,,,,,0.103015564202335,0.0853275170282101,0.0,0.0,0.0263618677042802,0.011424322218126,,,,,2.02700389105058,0.351725122136386,25.1062256809339,4.41661249653112,0.0313229571984436,0.0568850113521401,,,,,,,,,,,,,,,,,,,,,,,,,,,,,,,,,2017.0,1993-11-23,,,,3
Greg Ward,PHI,WR,13864,weighted,,,,,,,0.8,,0.0,,0.0,,,,,,1.5,,12.0,,0.01,,,,,,,,,,,,,,,,,,,,,,,,,,,,,,,,,,2017.0,1970-01-01,,,,3
Nelson Agholor,LVR,WR,12181,weighted,,,,,,,0.823313896987366,0.197065163666338,0.0044615155207963,0.0040449357992166,0.0122594752186589,0.0124078479702471,,,,,2.00893586005831,0.567201899027281,25.532667638484,6.94607784800548,0.13536443148688,0.0983705017324984,,,,,,,,,,,,,,,,,,,,,,,,,,,,,,,,,2015.0,1993-05-24,,,,3
Demarcus Robinson,KC,WR,12785,weighted,,,,,,,0.0,0.0,0.0,0.0,0.0,0.0,,,,,1.8836186770428,0.136964208246006,24.0366536964981,3.72467514722913,0.0819260700389105,0.0821625736666193,,,,,,,,,,,,,,,,,,,,,,,,,,,,,,,,,2016.0,1994-09-21,,,,3
Willie Snead,BAL,WR,11951,weighted,,,,,,,0.178134110787172,0.123466997584577,0.0,0.0,0.0,0.0,,,,,1.92064139941691,0.668799098522545,24.6222594752187,3.48952997493382,0.144752186588921,0.10333475067398,,,,,,,,,,,,,,,,,,,,,,,,,,,,,,,,,2014.0,1992-10-17,,,,3
Joe Reed,LAC,WR,14862,weighted,,,,,,,1.22825780463243,0.0705440561375547,0.0043971594263291,0.0050714144054268,0.0541993957703927,0.0420304474718714,,,,,1.0795166163142,0.846862238975961,14.9546827794562,12.5017417444269,0.0823564954682779,0.104920014320249,,,,,,,,,,,,,,,,,,,,,,,,,,,,,,,,,2020.0,1970-01-01,,,,3
Kenny Stills,HOU,WR,11227,weighted,,,,,,,0.0,0.0,0.0,0.0,0.0087479019805303,0.010220306143698,,,,,1.98926485397785,0.183456157212659,25.9023363544814,1.96859285844929,0.125941591137966,0.0458736661172572,,,,,,,,,,,,,,,,,,,,,,,,,,,,,,,,,2013.0,1992-04-22,,,,3
Devin Duvernay,BAL,WR,14847,weighted,,,,,,,0.567673716012085,0.551470330286612,0.0,0.0,0.0454514937898624,0.0513725113210082,,,,,1.00874118831823,0.704838056393363,15.170110775428,11.245393234247,0.0984692849949648,0.100921746438894,,,,,,,,,,,,,,,,,,,,,,,,,,,,,,,,,2020.0,1997-09-12,,,,3
Kalif Raymond,TEN,WR,13066,weighted,,,,,,,0.171692607003891,0.14221252838035,0.0,0.0,0.0,0.0,,,,,1.56289883268482,0.565878595989006,20.7055642023346,5.43046993570038,0.0756614785992218,0.0735435856458719,,,,,,,,,,,,,,,,,,,,,,,,,,,,,,,,,2016.0,1994-08-08,,,,3
JJ Arcega-Whiteside,PHI,WR,14107,weighted,,,,,,,0.0251926040061633,0.0353553390593274,0.0,0.0,0.0,0.0,,,,,1.45269645608629,0.494974746830583,19.9045608628659,7.26198664278584,0.054653312788906,0.0636396103067893,,,,,,,,,,,,,,,,,,,,,,,,,,,,,,,,,2019.0,,,,,3
Jakeem Grant,MIA,WR,12814,weighted,,,,,,,0.660437317784257,0.182769660444231,0.0555187074829932,0.0404651953533851,0.0,0.0,,,,,1.79412536443149,0.397471425091801,18.2821574344023,5.52879588716315,0.0532361516034985,0.0638447123517571,,,,,,,,,,,,,,,,,,,,,,,,,,,,,,,,,2016.0,1992-10-30,,,,3
Trent Taylor,SF,WR,13316,weighted,,,,,,,0.0,0.0,0.0,0.0,0.00659046692607,0.0028560805545314,,,,,0.883618677042802,0.136964208246006,11.1530155642023,4.55388839880532,0.0187937743190661,0.034131006811284,,,,,,,,,,,,,,,,,,,,,,,,,,,,,,,,,2017.0,1994-04-30,,,,3
Zay Jones,LVR,WR,13176,weighted,,,,,,,0.045619335347432,0.051230780866908,0.0,0.0,0.0,0.0,,,,,1.59419939577039,0.907671302524024,14.8422759315206,7.98947385097804,0.15631419939577,0.129667328932003,,,,,,,,,,,,,,,,,,,,,,,,,,,,,,,,,2017.0,1995-03-30,,,,3
Isaiah McKenzie,BUF,WR,13313,weighted,,,,,,,1.86354481369587,1.85680638047184,0.045619335347432,0.051230780866908,0.0,0.0,,,,,2.03430010070493,0.331516653325364,20.0391540785498,2.76131109510182,0.0768479355488419,0.0582491643708395,,,,,,,,,,,,,,,,,,,,,,,,,,,,,,,,,2017.0,1995-04-09,,,,3
Rashard Higgins,CLE,WR,12656,weighted,,,,,,,0.0,0.0,0.0,0.0,0.0,0.0,,,,,1.08131241084165,1.41421356237309,12.435092724679,16.2634559672906,0.0,0.0,,,,,,,,,,,,,,,,,,,,,,,,,,,,,,,,,2016.0,1994-10-07,O,Coach's Decision,2020.0,3
KeeSean Johnson,ARI,WR,14124,weighted,,,,,,,0.147834843907351,0.150915029795682,0.0,0.0,0.0716951997314535,0.0254584691454231,,,,,1.54823766364552,0.890951538036104,17.2488620342397,8.92863985392795,0.0920845921450151,0.0973836381131366,,,,,,,,,,,,,,,,,,,,,,,,,,,,,,,,,2019.0,1970-01-01,,,,3
Jakobi Meyers,NE,WR,14127,weighted,,,,,,,0.0,0.0,0.0,0.0,0.0,0.0,,,,,1.55953775038521,0.0848528137423858,20.0987057010786,2.9910616844191,0.059537750385208,0.0848528137423857,,,,,,,,,,,,,,,,,,,,,,,,,,,,,,,,,2019.0,1996-11-09,,,,3
KhaDarel Hodge,CLE,WR,13963,weighted,,,,,,,0.0,0.0,0.0,0.0,0.0,0.0,,,,,1.23231231231231,0.0989949493661168,18.7026426426426,4.82246824769225,0.0951651651651652,0.0070710678118654,,,,,,,,,,,,,,,,,,,,,,,,,,,,,,,,,2018.0,1994-01-03,,,,3
Cameron Batson,FA,WR,13912,weighted,,,,,,,1.5,,0.0,,0.0,,,,,,0.5,,4.0,,0.0,,,,,,,,,,,,,,,,,,,,,,,,,,,,,,,,,,2018.0,1970-01-01,,,,3
Gabriel Davis,BUF,WR,14845,weighted,,,,,,,0.7,1.5705966056628002e-16,0.0,0.0,0.0,0.0,,,,,1.06140089418778,0.636396103067893,13.1254843517139,12.5865007051205,0.148733233979136,0.0707106781186548,,,,,,,,,,,,,,,,,,,,,,,,,,,,,,,,,2020.0,1970-01-01,,,,3
Marvin Hall,DET,WR,13505,weighted,,,,,,,0.250050352467271,0.251078392447175,0.0,0.0,0.0,0.0,,,,,0.68821752265861,0.225827803030359,14.2851158106747,7.44385109075471,0.113474320241692,0.0801304977344703,,,,,,,,,,,,,,,,,,,,,,,,,,,,,,,,,2016.0,1993-04-10,,,,3
Damion Ratley,NYG,WR,13794,weighted,,,,,,,0.0251926040061633,0.0353553390593274,0.0,0.0,0.0,0.0,,,,,1.3137750385208,0.692964645562817,15.2694915254237,8.16708332270462,0.0700770416024653,0.014142135623731,,,,,,,,,,,,,,,,,,,,,,,,,,,,,,,,,2018.0,1995-04-16,,,,3
Mike Thomas,CIN,WR,12675,weighted,,,,,,,0.154954954954955,0.212132034355964,0.0,0.0,0.0,0.0,,,,,1.45012012012012,0.21920310216783,18.1148948948949,3.63452885529886,0.146816816816817,0.0777817459305202,,,,,,,,,,,,,,,,,,,,,,,,,,,,,,,,,2016.0,1994-08-16,,,,3
Equanimeous St. Brown,GB,WR,13637,weighted,,,,,,,0.258258258258258,0.353553390593274,0.0,0.0,0.0,0.0,,,,,0.671471471471472,0.919238815542512,10.4852852852853,14.3542676580869,0.0516516516516517,0.0707106781186548,,,,,,,,,,,,,,,,,,,,,,,,,,,,,,,,,2018.0,1996-09-30,IR,Knee,2020.0,3
Javon Wims,CHI,WR,13644,weighted,,,,,,,0.0,0.0,0.0,0.0,0.0,0.0,,,,,1.22249614791988,0.459619407771256,13.4752542372881,6.37810316630266,0.0950385208012327,0.0070710678118654,,,,,,,,,,,,,,,,,,,,,,,,,,,,,,,,,2018.0,1994-09-11,,,,3
DaeSean Hamilton,DEN,WR,13649,weighted,,,,,,,0.0,0.0,0.0,0.0,0.0,0.0,,,,,1.40419106317411,0.148492424049175,14.8583359013867,1.22329473145273,0.0496918335901387,0.0565685424949238,,,,,,,,,,,,,,,,,,,,,,,,,,,,,,,,,2018.0,1995-03-10,,,,3
Brandon Powell,ATL,WR,13910,weighted,,,,,,,0.0,,0.0,,0.0,,,,,,1.19,,15.44,,0.07,,,,,,,,,,,,,,,,,,,,,,,,,,,,,,,,,,2018.0,1970-01-01,,,,3
Keke Coutee,HOU,WR,13662,weighted,,,,,,,0.0251926040061633,0.0353553390593274,0.0,0.0,0.150385208012327,0.0707106781186548,,,,,1.36604006163328,0.190918830920368,14.3698921417566,0.898025612106915,0.039768875192604,0.0424264068711929,,,,,,,,,,,,,,,,,,,,,,,,,,,,,,,,,2018.0,1997-01-14,,,,3
Antonio Gandy-Golden,WAS,WR,14863,weighted,,,,,,,0.0,0.0,0.0,0.0,0.0,0.0,,,,,1.18742681047766,0.445477272147525,12.2982126348228,2.42537625946986,0.029768875192604,0.0424264068711928,,,,,,,,,,,,,,,,,,,,,,,,,,,,,,,,,2020.0,1970-01-01,,,,3
Pharoh Cooper,CAR,WR,12660,weighted,,,,,,,0.0251926040061633,0.0353553390593274,0.0,0.0,0.0,0.0,,,,,0.982033898305085,0.544472221513642,9.21725731895223,6.01040764008565,0.029768875192604,0.0424264068711928,,,,,,,,,,,,,,,,,,,,,,,,,,,,,,,,,2016.0,1995-03-07,,,,3
Noah Brown,DAL,WR,13172,weighted,,,,,,,0.0,0.0,0.0,0.0,0.0,0.0,,,,,0.853805855161787,0.21920310216783,10.5105084745763,3.57796031280393,0.0347303543913713,0.0494974746830583,,,,,,,,,,,,,,,,,,,,,,,,,,,,,,,,,2017.0,,,,,3
Cordarrelle Patterson,CHI,WR,11225,weighted,,,,,,,14.4485408560311,0.324244564707198,0.0872412413467244,0.0059979008910189,0.0,0.0,,,,,0.986984435797665,0.0789071837267547,9.59293774319066,2.18285502462516,0.0187937743190661,0.034131006811284,,,,,,,,,,,,,,,,,,,,,,,,,,,,,,,,,2013.0,1991-03-17,,,,3
Trent Sherfield,ARI,WR,13893,weighted,,,,,,,0.0,0.0,0.0,0.0,0.0,0.0,,,,,0.724036979969183,0.176776695296637,9.94986132511556,2.77892965006313,0.0548073959938367,0.0353553390593274,,,,,,,,,,,,,,,,,,,,,,,,,,,,,,,,,2018.0,1996-02-26,,,,3
Ted Ginn,CHI,WR,8673,weighted,,,,,,,0.0503852080123267,0.0707106781186548,0.0,0.0,0.0,0.0,,,,,0.47673343605547,0.318198051533946,6.68077041602465,4.730544366138,0.0250385208012327,0.0070710678118654,,,,,,,,,,,,,,,,,,,,,,,,,,,,,,,,,2007.0,1985-04-12,,,,3
Seth Roberts,CAR,WR,12471,weighted,,,,,,,0.0251926040061633,0.0353553390593274,0.0,0.0,0.0,0.0,,,,,0.527118644067797,0.388908729652601,4.76237288135593,3.18905158315133,0.0150385208012327,0.0070710678118654,,,,,,,,,,,,,,,,,,,,,,,,,,,,,,,,,,,,,,3
Cody Core,NYG,WR,12824,weighted,,,,,,,0.0,,0.0,,0.0,,,,,,0.9,,10.39,,0.06,,,,,,,,,,,,,,,,,,,,,,,,,,,,,,,,,,2016.0,1994-04-17,IR,Achilles,2020.0,3
John Ross,CIN,WR,13155,weighted,,,,,,,0.0,0.0,0.0,0.0,,,,,,,0.540656205420827,0.707106781186547,5.40656205420827,7.07106781186547,0.0,0.0,,,,,,,,,,,,,,,,,,,,,,,,,,,,,,,,,2017.0,,O,Coach's Decision,2020.0,3
Dante Pettis,SF,WR,13634,weighted,,,,,,,0.0251926040061633,0.0353553390593274,0.0,0.0,0.0,0.0,,,,,0.507272727272727,0.417193000900063,6.10249614791988,4.12950360212944,0.0552696456086287,0.0494974746830583,,,,,,,,,,,,,,,,,,,,,,,,,,,,,,,,,2018.0,1995-10-23,,,,3
Cedrick Wilson,DAL,WR,13652,weighted,,,,,,,0.0251926040061633,0.0353553390593274,0.0,0.0,0.0,0.0,,,,,0.437812018489985,0.51618795026618,4.96135593220339,5.7558491988585,0.0,0.0,,,,,,,,,,,,,,,,,,,,,,,,,,,,,,,,,2018.0,,,,,3
Malik Turner,DAL,WR,13669,weighted,,,,,,,0.0,0.0,0.0,0.0,0.0,0.0,,,,,0.337041602465331,0.37476659402887,4.5071186440678,4.97803173955329,0.0,0.0,,,,,,,,,,,,,,,,,,,,,,,,,,,,,,,,,2018.0,1970-01-01,,,,3
Auden Tate,CIN,WR,13642,weighted,,,,,,,0.0,,0.0,,0.0,,,,,,0.1,,1.27,,0.01,,,,,,,,,,,,,,,,,,,,,,,,,,,,,,,,,,2018.0,1997-02-03,,,,3
DeAndre Carter,HOU,WR,12394,weighted,,,,,,,0.0251926040061633,0.0353553390593274,0.0,0.0,0.0375963020030817,0.0176776695296637,,,,,0.221386748844376,0.254558441227157,3.78,4.58912300990069,0.0,0.0,,,,,,,,,,,,,,,,,,,,,,,,,,,,,,,,,2015.0,1993-04-10,,,,3
Chris Moore,BAL,WR,12773,weighted,,,,,,,0.0251926040061633,0.0353553390593274,0.0,0.0,0.0,0.0,,,,,0.441232665639445,0.226274169979695,5.19898305084746,2.56679761570717,0.0249614791987673,0.0070710678118654,,,,,,,,,,,,,,,,,,,,,,,,,,,,,,,,,2016.0,1993-06-16,Q,Finger,2020.0,3
Jaydon Mickens,TB,WR,13510,weighted,,,,,,,0.0,0.0,0.0,0.0,0.0150385208012327,0.0070710678118654,,,,,0.271771956856703,0.325269119345812,3.2513405238829,3.91737156777347,0.0,0.0,,,,,,,,,,,,,,,,,,,,,,,,,,,,,,,,,2016.0,1994-04-21,,,,3
Alex Erickson,CIN,WR,12913,weighted,,,,,,,0.0,,0.0,,0.0,,,,,,0.04,,0.52,,0.0,,,,,,,,,,,,,,,,,,,,,,,,,,,,,,,,,,2016.0,1992-11-06,,,,3
Ashton Dulin,IND,WR,14315,weighted,,,,,,,0.1,,0.0,,0.0,,,,,,0.5,,4.0,,0.0,,,,,,,,,,,,,,,,,,,,,,,,,,,,,,,,,,2019.0,1997-05-15,,,,3
Jamal Agnew,DET,WR,13308,weighted,,,,,,,1.76,,0.01,,0.0,,,,,,0.24,,3.13,,0.02,,,,,,,,,,,,,,,,,,,,,,,,,,,,,,,,,,2017.0,,,,,3
Brandon Zylstra,CAR,WR,13585,weighted,,,,,,,0.0,0.0,0.0,0.0,0.0,0.0,,,,,0.070231124807396,0.0424264068711929,0.751926040061633,0.353553390593274,0.0,0.0,,,,,,,,,,,,,,,,,,,,,,,,,,,,,,,,,2017.0,1993-03-25,,,,3
Mack Hollins,MIA,WR,13289,weighted,,,,,,,0.0,0.0,0.0,0.0,0.0,0.0,,,,,0.221386748844376,0.254558441227157,2.30317411402157,2.41830519165799,0.0100770416024653,0.014142135623731,,,,,,,,,,,,,,,,,,,,,,,,,,,,,,,,,2017.0,1993-09-16,,,,3
Bennie Fowler,FA,WR,11931,weighted,,,,,,,0.0,,0.0,,0.0,,,,,,0.04,,0.52,,0.0,,,,,,,,,,,,,,,,,,,,,,,,,,,,,,,,,,2014.0,1991-06-10,,,,3
Cam Sims,FA,WR,13895,weighted,,,,,,,0.0,,0.0,,0.0,,,,,,0.01,,0.0,,0.0,,,,,,,,,,,,,,,,,,,,,,,,,,,,,,,,,,2018.0,1970-01-01,,,,3
Byron Pringle,KC,WR,13863,weighted,,,,,,,0.0,,0.0,,0.0,,,,,,0.2,,2.0,,0.01,,,,,,,,,,,,,,,,,,,,,,,,,,,,,,,,,,2018.0,1970-01-01,,,,3
Austin Carr,FA,WR,13367,weighted,,,,,,,0.0,,0.0,,0.0,,,,,,0.27,,3.59,,0.02,,,,,,,,,,,,,,,,,,,,,,,,,,,,,,,,,,2017.0,1993-12-25,,,,3
Chad Beebe,MIN,WR,13999,weighted,,,,,,,0.0,,0.0,,0.0,,,,,,0.02,,0.35,,0.0,,,,,,,,,,,,,,,,,,,,,,,,,,,,,,,,,,2018.0,1970-01-01,,,,3
Ray-Ray McCloud,PIT,WR,13641,weighted,,,,,,,0.3,,0.0,,0.0,,,,,,0.08,,1.0,,0.0,,,,,,,,,,,,,,,,,,,,,,,,,,,,,,,,,,2018.0,1996-10-15,,,,3
Matthew Slater,NE,WR,9200,weighted,,,,,,,0.0251926040061633,0.0353553390593274,0.0,0.0,0.0,0.0,,,,,0.035115562403698,0.0212132034355964,0.637812018489985,0.51618795026618,0.0,0.0,,,,,,,,,,,,,,,,,,,,,,,,,,,,,,,,,2008.0,1985-09-09,,,,3
Tyler Johnson,TB,WR,14864,weighted,,,,,,,0.0,,0.0,,0.0,,,,,,0.03,,0.28,,0.0,,,,,,,,,,,,,,,,,,,,,,,,,,,,,,,,,,2020.0,1970-01-01,,,,3
Penny Hart,FA,WR,14316,weighted,,,,,,,0.1,,0.0,,0.0,,,,,,0.1,,1.0,,0.0,,,,,,,,,,,,,,,,,,,,,,,,,,,,,,,,,,2019.0,1970-01-01,,,,3
Andre Roberts,BUF,WR,9921,weighted,,,,,,,0.0,0.0,0.0,0.0,0.0,0.0,,,,,0.130539291217257,0.0989949493661166,1.36493066255778,0.905096679918781,0.0,0.0,,,,,,,,,,,,,,,,,,,,,,,,,,,,,,,,,2010.0,1988-01-09,,,,3
JoJo Natson,CLE,WR,13529,weighted,,,,,,,0.0,,0.0,,0.0,,,,,,0.04,,0.5,,0.0,,,,,,,,,,,,,,,,,,,,,,,,,,,,,,,,,,2016.0,1994-02-01,,,,3
Robert Foster,FA,WR,13653,weighted,,,,,,,0.0,,0.0,,0.0,,,,,,0.04,,0.59,,0.0,,,,,,,,,,,,,,,,,,,,,,,,,,,,,,,,,,2018.0,,,,,3
Richie James,SF,WR,13724,weighted,,,,,,,0.0,,0.0,,0.0,,,,,,0.05,,0.8,,0.0,,,,,,,,,,,,,,,,,,,,,,,,,,,,,,,,,,2018.0,1995-04-05,IR,Hamstring,2020.0,3
Keith Kirkwood,CAR,WR,13882,weighted,,,,,,,0.0,,0.0,,0.0,,,,,,0.06,,0.74,,0.0,,,,,,,,,,,,,,,,,,,,,,,,,,,,,,,,,,2018.0,1970-01-01,IR,Shoulder,2020.0,3
Shelton Gibson,FA,WR,13170,weighted,,,,,,,0.0,,0.0,,0.0,,,,,,0.05,,0.66,,0.0,,,,,,,,,,,,,,,,,,,,,,,,,,,,,,,,,,2017.0,1995-03-20,,,,3
Devin Smith,FA,WR,12182,weighted,,,,,,,0.0,,0.0,,0.0,,,,,,0.05,,0.64,,0.0,,,,,,,,,,,,,,,,,,,,,,,,,,,,,,,,,,,,,,,3
DeAndrew White,BAL,WR,12429,weighted,,,,,,,0.0,,0.0,,0.0,,,,,,0.05,,0.6,,0.0,,,,,,,,,,,,,,,,,,,,,,,,,,,,,,,,,,,,IR,Undisclosed,2020.0,3
Marcus Johnson,FA,WR,13387,weighted,,,,,,,0.0,,0.0,,0.0,,,,,,0.04,,0.55,,0.0,,,,,,,,,,,,,,,,,,,,,,,,,,,,,,,,,,2016.0,1994-08-05,,,,3
Gehrig Dieter,FA,WR,13179,weighted,,,,,,,0.0,,0.0,,0.0,,,,,,0.04,,0.58,,0.0,,,,,,,,,,,,,,,,,,,,,,,,,,,,,,,,,,2017.0,,,,,3
Chad Hansen,FA,WR,13183,weighted,,,,,,,0.0,,0.0,,0.0,,,,,,0.03,,0.4,,0.0,,,,,,,,,,,,,,,,,,,,,,,,,,,,,,,,,,2017.0,1995-01-18,,,,3
Travis Kelce,KC,TE,11244,weighted,,,,,,,0.0799555555555555,0.0500797614428623,0.0,0.0,0.0896177777777778,0.0161410071357269,,,,,6.2269,0.225996692318294,72.8011888888889,3.34940737287775,0.756644444444444,0.248310439123535,,,,,,,,,,,,,,,,,,,,,,,,,,,,,,,,,2013.0,1989-10-05,,,,3
Hayden Hurst,ATL,TE,13680,weighted,,,,,,,0.0,0.0,0.0,0.0,0.0269,0.0410383937416601,,,,,4.7885,0.614522129254921,56.5798444444444,9.41412238891401,0.243988888888889,0.14207131755369,,,,,,,,,,,,,,,,,,,,,,,,,,,,,,,,,2018.0,1993-08-24,,,,3
Darren Waller,LVR,TE,12263,weighted,,,,,,,0.0986222222222222,0.0638650855291737,0.0047055555555555,0.0035987922060726,0.0896177777777778,0.0161410071357269,,,,,5.44623333333333,0.63013422263443,62.0550111111111,7.17426295198585,0.437466666666667,0.33675724183259,,,,,,,,,,,,,,,,,,,,,,,,,,,,,,,,,2015.0,1992-09-13,,,,3
Mark Andrews,BAL,TE,13671,weighted,,,,,,,0.0,0.0,0.0,0.0,0.0077866666666666,0.0121057553517952,,,,,4.66775555555555,0.859726033491058,60.7546333333333,5.48066008582476,0.7895,0.218792927059199,,,,,,,,,,,,,,,,,,,,,,,,,,,,,,,,,2018.0,1995-09-06,,,,3
Hunter Henry,LAC,TE,12676,weighted,,,,,,,0.0,0.0,0.0,0.0,0.0922133333333333,0.0121057553517952,,,,,4.88198888888889,0.73207654050989,56.6084666666667,5.39802500297079,0.522155555555556,0.302690872591711,,,,,,,,,,,,,,,,,,,,,,,,,,,,,,,,,2016.0,1994-12-07,,,,3
Zach Ertz,PHI,TE,11247,weighted,,,,,,,0.0,0.0,0.0,0.0,0.0346866666666667,0.037718102509695,,,,,5.04675555555556,0.119927551544075,56.6848333333333,4.47612671701607,0.576377777777778,0.248531172778863,,,,,,,,,,,,,,,,,,,,,,,,,,,,,,,,,2013.0,1990-11-10,,,,3
Jonnu Smith,TEN,TE,13193,weighted,,,,,,,0.162088888888889,0.119629698348055,0.0,0.0,0.0,0.0,,,,,4.32384444444444,1.03770799105818,49.9352111111111,6.84090147938065,0.563855555555556,0.25875154623761,,,,,,,,,,,,,,,,,,,,,,,,,,,,,,,,,2017.0,1995-08-22,,,,3
Mike Gesicki,MIA,TE,13672,weighted,,,,,,,0.0,0.0,0.0,0.0,0.0818311111111111,0.028246762487522,,,,,4.65853333333333,0.317811476300205,54.6266777777778,3.62705577924771,0.532644444444444,0.279018422671139,,,,,,,,,,,,,,,,,,,,,,,,,,,,,,,,,2018.0,1995-10-03,,,,3
Noah Fant,DEN,TE,14137,weighted,,,,,,,0.0194444444444444,0.0184008879477552,0.0,0.0,0.0103822222222222,0.0161410071357269,,,,,3.93965555555556,0.653165973368296,49.5844222222222,7.26190755405533,0.493288888888889,0.311278284003132,,,,,,,,,,,,,,,,,,,,,,,,,,,,,,,,,2019.0,1997-11-20,,,,3
Jared Cook,NO,TE,9474,weighted,,,,,,,0.0,0.0,0.0,0.0,0.0,0.0,,,,,4.20966666666667,1.1610801138968,52.9387111111111,4.47545247168071,0.574866666666667,0.255833935405761,,,,,,,,,,,,,,,,,,,,,,,,,,,,,,,,,2009.0,1987-04-07,,,,3
T.J. Hockenson,DET,TE,14138,weighted,,,,,,,0.0,0.0,0.0,0.0,0.0,0.0,,,,,4.63196666666667,0.801933385618901,50.6854,5.1785872203256,0.481622222222222,0.314636935353685,,,,,,,,,,,,,,,,,,,,,,,,,,,,,,,,,2019.0,1997-07-03,,,,3
Dallas Goedert,PHI,TE,13674,weighted,,,,,,,0.0,0.0,0.0,0.0,0.0450688888888889,0.0391142827262104,,,,,4.66616666666667,0.260632148593845,51.3205444444444,4.19442051558434,0.298311111111111,0.192691148962015,,,,,,,,,,,,,,,,,,,,,,,,,,,,,,,,,2018.0,1995-01-03,,,,3
Evan Engram,NYG,TE,13189,weighted,,,,,,,0.848163265306122,0.0587659826383601,0.0090230134607034,0.0006251700280676,0.0,0.0,,,,,4.65529154518951,0.271129841636665,48.7643002915452,5.61093883401855,0.179956268221574,0.145835307857009,,,,,,,,,,,,,,,,,,,,,,,,,,,,,,,,,2017.0,1994-09-02,,,,3
Jordan Reed,SF,TE,11248,weighted,,,,,,,0.0,0.0,0.0,0.0,0.0,0.0,,,,,4.19343333333333,0.684907010348766,44.2660333333333,7.58273918296056,0.599377777777778,0.279272800091763,,,,,,,,,,,,,,,,,,,,,,,,,,,,,,,,,2013.0,1990-07-03,,,,3
Tyler Higbee,LAR,TE,12678,weighted,,,,,,,0.0,0.0,0.0,0.0,0.0,0.0,,,,,4.65641111111111,0.370068773154779,49.8943777777778,4.17432653840132,0.529344444444444,0.279772075268432,,,,,,,,,,,,,,,,,,,,,,,,,,,,,,,,,2016.0,1993-01-01,,,,3
Logan Thomas,WAS,TE,11647,weighted,,,,,,,0.0,0.0,0.0,0.0,0.0,0.0,,,,,3.59600583090379,0.342543567903245,38.0610932944606,7.83298368260574,0.186253644314869,0.139228459683874,,,,,,,,,,,,,,,,,,,,,,,,,,,,,,,,,2014.0,1991-07-01,,,,3
Mo Alie-Cox,IND,TE,13246,weighted,,,,,,,0.0,0.0,0.0,0.0,0.0083708333333333,0.0120250965233041,,,,,2.58481111111111,0.456397544483451,35.1689,7.74314804627659,0.103227777777778,0.0915519984976966,,,,,,,,,,,,,,,,,,,,,,,,,,,,,,,,,2016.0,1993-09-19,,,,3
Dalton Schultz,DAL,TE,13772,weighted,,,,,,,0.0,0.0,0.0,0.0,0.185597222222222,0.0736364540965236,,,,,3.59603333333333,0.610861230388513,37.6666111111111,5.56168011641005,0.236966666666667,0.181047498736042,,,,,,,,,,,,,,,,,,,,,,,,,,,,,,,,,2018.0,1996-07-11,,,,3
Chris Herndon,NYJ,TE,13679,weighted,,,,,,,0.0,0.0,0.0,0.0,0.184207968901846,0.0833974669642514,,,,,3.53361516034985,0.835303357953639,35.0333673469388,6.03623357848944,0.156486880466472,0.114056629696042,,,,,,,,,,,,,,,,,,,,,,,,,,,,,,,,,2018.0,,,,,3
Tyler Eifert,JAC,TE,11250,weighted,,,,,,,0.0,0.0,0.0,0.0,0.0,0.0,,,,,3.17497084548105,0.600063664316619,35.8581195335277,5.60207255775337,0.214781341107872,0.153395745621615,,,,,,,,,,,,,,,,,,,,,,,,,,,,,,,,,2013.0,1990-09-08,,,,3
Eric Ebron,PIT,TE,11695,weighted,,,,,,,0.0,0.0,0.0,0.0,0.0,0.0,,,,,3.171,0.437120015124714,36.1270111111111,4.18802811052926,0.150455555555556,0.102795860594191,,,,,,,,,,,,,,,,,,,,,,,,,,,,,,,,,2014.0,1993-04-10,,,,3
Jack Doyle,IND,TE,11516,weighted,,,,,,,0.0,0.0,0.0,0.0,0.0,0.0,,,,,2.43755102040816,0.829127001806842,27.6762244897959,9.87082366179988,0.154139941690962,0.111565303982484,,,,,,,,,,,,,,,,,,,,,,,,,,,,,,,,,2013.0,1990-05-05,,,,3
Austin Hooper,CLE,TE,12677,weighted,,,,,,,0.0,0.0,0.0,0.0,0.0081729834791059,0.0082718986468313,,,,,3.27677842565598,0.337773788893283,36.2590816326531,1.92037724774343,0.220583090379009,0.177284374130639,,,,,,,,,,,,,,,,,,,,,,,,,,,,,,,,,2016.0,1994-10-29,,,,3
Jordan Akins,HOU,TE,13753,weighted,,,,,,,0.0,0.0,0.0,0.0,0.0,0.0,,,,,2.86134444444444,0.756720194578034,28.602,6.08987808728776,0.0878888888888889,0.0549242309235131,,,,,,,,,,,,,,,,,,,,,,,,,,,,,,,,,2018.0,1992-04-19,,,,3
Drew Sample,CIN,TE,14146,weighted,,,,,,,,,,,0.0447936507936508,0.0501095757880607,,,,,3.44409523809524,0.453658106126983,30.8674285714286,4.02011849114166,0.127809523809524,0.117755981163668,,,,,,,,,,,,,,,,,,,,,,,,,,,,,,,,,2019.0,1996-04-16,,,,3
Jace Sternberger,GB,TE,14140,weighted,,,,,,,,,,,0.0,0.0,,,,,2.07719821162444,1.27279220613579,22.5162444113264,15.8391918985787,0.148733233979136,0.0707106781186548,,,,,,,,,,,,,,,,,,,,,,,,,,,,,,,,,2019.0,,,,,3
Greg Olsen,SEA,TE,8687,weighted,,,,,,,0.0,0.0,0.0,0.0,0.0,0.0,,,,,2.53413994169096,0.598812253862362,28.6813994169096,3.59131513615793,0.185014577259475,0.13846149923655,,,,,,,,,,,,,,,,,,,,,,,,,,,,,,,,,2007.0,1985-03-11,,,,3
O.J. Howard,TB,TE,13188,weighted,,,,,,,0.0,0.0,0.0,0.0,0.0122594752186589,0.0124078479702471,,,,,2.55868804664723,0.389180401791429,29.1300728862974,3.71587727748286,0.13301749271137,0.0977053630852428,,,,,,,,,,,,,,,,,,,,,,,,,,,,,,,,,2017.0,1994-11-19,,,,3
Jimmy Graham,CHI,TE,9925,weighted,,,,,,,0.0,0.0,0.0,0.0,0.0,0.0,,,,,2.38043333333333,0.364919313391957,27.1630777777778,3.77865920802316,0.157888888888889,0.091302231842692,,,,,,,,,,,,,,,,,,,,,,,,,,,,,,,,,2010.0,1986-11-24,,,,3
Dan Arnold,ARI,TE,13880,weighted,,,,,,,0.0,0.0,0.0,0.0,0.0,0.0,,,,,2.05088921282799,0.971498498417414,24.3823469387755,10.6562130477074,0.150502915451895,0.153381529198707,,,,,,,,,,,,,,,,,,,,,,,,,,,,,,,,,2017.0,1970-01-01,,,,3
Ian Thomas,CAR,TE,13678,weighted,,,,,,,0.0,0.0,0.0,0.0,0.0,0.0,,,,,2.86103498542274,0.250975308401961,26.6426967930029,5.20984664762745,0.103250728862974,0.084490565854982,,,,,,,,,,,,,,,,,,,,,,,,,,,,,,,,,2018.0,1996-06-06,,,,3
Robert Tonyan,GB,TE,13427,weighted,,,,,,,0.0,0.0,0.0,0.0,0.0,0.0,,,,,1.61561111111111,0.855550753542696,18.7392111111111,8.41822912773916,0.184155555555556,0.114015899176268,,,,,,,,,,,,,,,,,,,,,,,,,,,,,,,,,2017.0,1994-04-30,,,,3
Tyler Kroft,BUF,TE,12212,weighted,,,,,,,0.0,0.0,0.0,0.0,0.0040864917395529,0.0041359493234156,,,,,1.23553935860058,1.27672477287152,12.5862536443149,11.9889365757255,0.0774344023323615,0.0905338949713537,,,,,,,,,,,,,,,,,,,,,,,,,,,,,,,,,2015.0,1992-10-15,,,,3
Kyle Rudolph,MIN,TE,10312,weighted,,,,,,,0.0,0.0,0.0,0.0,0.0,0.0,,,,,2.46696793002915,0.414052654134132,26.126472303207,1.50241992333762,0.205393586005831,0.148419278216093,,,,,,,,,,,,,,,,,,,,,,,,,,,,,,,,,2011.0,1989-11-09,,,,3
Gerald Everett,LAR,TE,13236,weighted,,,,,,,0.0,0.0,0.0,0.0,0.0,0.0,,,,,1.4965306122449,1.1720139716237,16.9410641399417,9.80035273826905,0.0974125364431487,0.0842044999806188,,,,,,,,,,,,,,,,,,,,,,,,,,,,,,,,,2017.0,1994-06-25,,,,3
Irv Smith Jr.,MIN,TE,14141,weighted,,,,,,,0.0,0.0,0.0,0.0,0.0,0.0,,,,,2.2080029154519,0.357078412856399,21.5635860058309,3.42411807068621,0.088731778425656,0.0786411654476403,,,,,,,,,,,,,,,,,,,,,,,,,,,,,,,,,2019.0,1970-01-01,,,,3
Darren Fells,HOU,TE,11337,weighted,,,,,,,0.0,0.0,0.0,0.0,0.0,0.0,,,,,2.0434693877551,0.1390911873705,20.9178717201166,2.97146086447162,0.208104956268222,0.176760840038516,,,,,,,,,,,,,,,,,,,,,,,,,,,,,,,,,2012.0,1986-04-22,,,,3
Rob Gronkowski,TB,TE,9902,weighted,,,,,,,0.0,0.0,0.0,0.0,0.0,0.0,,,,,1.61972303206997,0.291371677624515,17.5833819241982,2.72231034814339,0.0839285714285714,0.0852806201889758,,,,,,,,,,,,,,,,,,,,,,,,,,,,,,,,,2010.0,1989-05-14,,,,3
Anthony Firkser,TEN,TE,13919,weighted,,,,,,,0.0,0.0,0.0,0.0,0.0,0.0,,,,,1.62833836858006,0.256486781692104,19.4373413897281,4.34417516090696,0.109728096676737,0.0172026247939714,,,,,,,,,,,,,,,,,,,,,,,,,,,,,,,,,2018.0,1970-01-01,,,,3
Ryan Izzo,NE,TE,13847,weighted,,,,,,,,,,,0.0,,,,,,1.8,,23.0,,0.2,,,,,,,,,,,,,,,,,,,,,,,,,,,,,,,,,,2018.0,1995-12-21,,,,3
Jacob Hollister,SEA,TE,13391,weighted,,,,,,,0.0,0.0,0.0,0.0,0.0,0.0,,,,,1.23438066465257,1.09010058384984,11.2249949647533,9.29228425643989,0.0902719033232628,0.0172026247939714,,,,,,,,,,,,,,,,,,,,,,,,,,,,,,,,,2017.0,1993-11-18,,,,3
Taysom Hill,NO,TE,13424,weighted,,,,,,,12.34,,0.08,,0.0,,,,,,2.07,,21.99,,0.2,,,,,,,,,,,,,,,,,,,,,,,,,,,,,,,,,,2017.0,1990-08-23,,,,3
Cole Kmet,CHI,TE,14867,weighted,,,,,,,0.0,0.0,0.0,0.0,0.0629472977509231,0.0332098091726856,,,,,1.07526686807654,0.824854296749387,11.5312990936556,8.82901926255909,0.0822557905337362,0.106861332539069,,,,,,,,,,,,,,,,,,,,,,,,,,,,,,,,,2020.0,1999-03-10,,,,3
Ryan Griffin,NYJ,TE,11399,weighted,,,,,,,0.0,0.0,0.0,0.0,0.0,0.0,,,,,1.95480362537764,0.306031697356569,18.6637059415911,2.63935753764728,0.144370594159114,0.0517889933537791,,,,,,,,,,,,,,,,,,,,,,,,,,,,,,,,,2013.0,1990-01-11,,,,3
Nick Boyle,BAL,TE,12328,weighted,,,,,,,0.0,0.0,0.0,0.0,0.0,0.0,,,,,1.56849854227405,0.589278505436124,15.5802040816327,4.65154761590054,0.088768221574344,0.0745475178579335,,,,,,,,,,,,,,,,,,,,,,,,,,,,,,,,,2015.0,1993-02-17,,,,3
James OShaughnessy,JAC,TE,12330,weighted,,,,,,,0.0,0.0,0.0,0.0,0.0,0.0,,,,,1.59842900302115,0.533281368613115,15.6371802618328,5.44339892418479,0.0803423967774421,0.0201351996992941,,,,,,,,,,,,,,,,,,,,,,,,,,,,,,,,,,,,,,3
Will Dissly,SEA,TE,13763,weighted,,,,,,,0.0,0.0,0.0,0.0,0.0,0.0,,,,,1.1131195335277,0.291042086269776,13.4575072886297,4.259881449382,0.0723760932944607,0.0516673753369899,,,,,,,,,,,,,,,,,,,,,,,,,,,,,,,,,2018.0,,,,,3
Kaden Smith,NYG,TE,14142,weighted,,,,,,,,,,,0.0,0.0,,,,,1.3822652757079,0.989949493661167,10.0271236959762,6.85893577750951,0.0341132637853949,0.0494974746830583,,,,,,,,,,,,,,,,,,,,,,,,,,,,,,,,,2019.0,,,,,3
Jason Witten,LVR,TE,6997,weighted,,,,,,,0.0,0.0,0.0,0.0,0.0087479019805303,0.010220306143698,,,,,1.27552870090634,0.882576397398816,10.3773212487412,6.63038970968739,0.0820745216515609,0.104280294643139,,,,,,,,,,,,,,,,,,,,,,,,,,,,,,,,,2003.0,1982-05-06,,,,3
Devin Asiasi,NE,TE,14936,weighted,,,,,,,0.0,0.0,0.0,0.0,0.0,0.0,,,,,0.652165156092648,0.620685767351504,8.55897280966767,8.74761636666302,0.0609869083585096,0.052723090225113,,,,,,,,,,,,,,,,,,,,,,,,,,,,,,,,,2020.0,1970-01-01,,,,3
Harrison Bryant,CLE,TE,14875,weighted,,,,,,,,,,,0.0,0.0,,,,,1.35633383010432,0.353553390593274,15.3070044709389,3.18198051533946,0.0610134128166915,0.0565685424949238,,,,,,,,,,,,,,,,,,,,,,,,,,,,,,,,,2020.0,1970-01-01,,,,3
Levine Toilolo,NYG,TE,11252,weighted,,,,,,,0.0,0.0,0.0,0.0,0.0,0.0,,,,,0.739093655589124,0.857496314148326,7.81989929506546,8.54786347626275,0.0411278952668681,0.0534306662695347,,,,,,,,,,,,,,,,,,,,,,,,,,,,,,,,,2013.0,1991-07-30,,,,3
Jeremy Sprinkle,WAS,TE,13194,weighted,,,,,,,0.0,0.0,0.0,0.0,0.0,0.0,,,,,0.813575025176234,0.892040471793521,7.57691842900302,8.44741951371686,0.0296374622356495,0.0518128840206782,,,,,,,,,,,,,,,,,,,,,,,,,,,,,,,,,2017.0,1994-08-10,,,,3
Josh Hill,NO,TE,11529,weighted,,,,,,,0.0,0.0,0.0,0.0,0.0,0.0,,,,,1.31963746223565,0.20297301406266,12.6701711983887,3.52623926225267,0.106435045317221,0.0206208018928608,,,,,,,,,,,,,,,,,,,,,,,,,,,,,,,,,2013.0,1990-05-21,,,,3
Blake Bell,DAL,TE,12213,weighted,,,,,,,0.0,0.0,0.0,0.0,0.0087479019805303,0.010220306143698,,,,,1.12098690835851,0.108919513201768,13.4834642497482,2.26215030406333,0.0769989929506546,0.0321517810755144,,,,,,,,,,,,,,,,,,,,,,,,,,,,,,,,,2015.0,1991-08-07,,,,3
Darrell Daniels,ARI,TE,13396,weighted,,,,,,,0.0,0.0,0.0,0.0,0.0,0.0,,,,,0.793158705701079,0.579827560572969,10.1603389830508,8.32264681456566,0.070231124807396,0.0424264068711929,,,,,,,,,,,,,,,,,,,,,,,,,,,,,,,,,2016.0,1994-11-22,,,,3
Cethan Carter,CIN,TE,13369,weighted,,,,,,,0.0,0.0,0.0,0.0,0.0,0.0,,,,,1.32942989214176,0.81317279836453,10.7006163328197,4.70226009489054,0.0600770416024653,0.014142135623731,,,,,,,,,,,,,,,,,,,,,,,,,,,,,,,,,2017.0,1993-09-05,,,,3
MyCole Pruitt,TEN,TE,12309,weighted,,,,,,,0.0,0.0,0.0,0.0,0.0,0.0,,,,,0.933293051359517,0.355219885346626,9.53266868076536,4.47993111722676,0.195730110775428,0.110354810236999,,,,,,,,,,,,,,,,,,,,,,,,,,,,,,,,,2015.0,1992-03-24,,,,3
Adam Shaheen,MIA,TE,13254,weighted,,,,,,,0.0,0.0,0.0,0.0,0.0454514937898624,0.0513725113210082,,,,,0.904471299093656,0.406044050708181,8.24618328298087,5.31457806670377,0.0703121852970796,0.0605611435472131,,,,,,,,,,,,,,,,,,,,,,,,,,,,,,,,,2017.0,1994-01-01,,,,3
Vance McDonald,PIT,TE,11257,weighted,,,,,,,0.03,4.0090044092868e-18,0.0,0.0,0.0,0.0,,,,,0.969766763848397,0.761351778995598,8.75766763848397,4.1833841383245,0.0604956268221574,0.0463159876596008,,,,,,,,,,,,,,,,,,,,,,,,,,,,,,,,,2013.0,1990-06-13,,,,3
Marcedes Lewis,GB,TE,8269,weighted,,,,,,,0.0,0.0,0.0,0.0,0.0,0.0,,,,,1.11468277945619,0.102932553828467,11.2523262839879,1.27834371563504,0.0835850956696878,0.0208560589286278,,,,,,,,,,,,,,,,,,,,,,,,,,,,,,,,,2006.0,1984-05-19,,,,3
Foster Moreau,LVR,TE,14239,weighted,,,,,,,,,,,0.0,0.0,,,,,0.9,1.5705966056628002e-16,10.2050670640835,0.282842712474619,0.148733233979136,0.0707106781186548,,,,,,,,,,,,,,,,,,,,,,,,,,,,,,,,,2019.0,1997-05-06,,,,3
Demetrius Harris,CHI,TE,11448,weighted,,,,,,,0.0,0.0,0.0,0.0,0.0,0.0,,,,,0.810594159113797,0.362522953476454,7.690110775428,4.02691548007537,0.111792547834844,0.0788232333475058,,,,,,,,,,,,,,,,,,,,,,,,,,,,,,,,,2013.0,1991-07-29,,,,3
Ross Dwelley,SF,TE,13988,weighted,,,,,,,0.0,0.0,0.0,0.0,0.0,0.0,,,,,0.835991943605237,0.252029415660634,7.39319234642497,2.03308957423473,0.0836858006042296,0.0153692342600724,,,,,,,,,,,,,,,,,,,,,,,,,,,,,,,,,2018.0,1970-01-01,,,,3
Nick Vannett,DEN,TE,12680,weighted,,,,,,,0.0,,0.0,,0.0,,,,,,0.0,,0.0,,0.0,,,,,,,,,,,,,,,,,,,,,,,,,,,,,,,,,,2016.0,1993-03-06,O,Coach's Decision,2020.0,3
Cameron Brate,TB,TE,12110,weighted,,,,,,,0.0,0.0,0.0,0.0,0.0,0.0,,,,,0.662598187311178,0.358066394457439,6.18670694864048,3.81268722406037,0.1069889224572,0.0893450083264842,,,,,,,,,,,,,,,,,,,,,,,,,,,,,,,,,2014.0,1991-07-03,,,,3
Virgil Green,LAC,TE,10432,weighted,,,,,,,0.0,0.0,0.0,0.0,0.0131218529707956,0.015330459215547,,,,,0.726102719033233,0.271647053632228,6.92507552870091,2.53403590540221,0.0608358509566969,0.0363051709684774,,,,,,,,,,,,,,,,,,,,,,,,,,,,,,,,,2011.0,1988-08-03,,,,3
Ricky Seals-Jones,KC,TE,13382,weighted,,,,,,,0.0,0.0,0.0,0.0,0.0174958039610608,0.020440612287396,,,,,0.357502517623364,0.329585257470454,4.68267875125881,4.37596888591065,0.0675226586102719,0.0490722201251168,,,,,,,,,,,,,,,,,,,,,,,,,,,,,,,,,2017.0,1995-03-15,,,,3
Jesse James,DET,TE,12211,weighted,,,,,,,0.0,0.0,0.0,0.0,0.0,0.0,,,,,0.591440080563948,0.462211728470599,5.97498489425982,4.61151128751657,0.0032426988922457,0.0057342082646571,,,,,,,,,,,,,,,,,,,,,,,,,,,,,,,,,2015.0,1994-06-04,,,,3
Lee Smith,BUF,TE,10398,weighted,,,,,,,0.0,0.0,0.0,0.0,0.0437395099026519,0.05110153071849,,,,,0.317724068479355,0.272791849942812,4.02555891238671,4.42413229417748,0.0445216515609265,0.0516599483770717,,,,,,,,,,,,,,,,,,,,,,,,,,,,,,,,,2011.0,1987-11-21,,,,3
Chris Manhertz,CAR,TE,12955,weighted,,,,,,,0.0,0.0,0.0,0.0,0.0,0.0,,,,,0.613655589123867,0.166853264488111,5.60513595166163,0.976765098593238,0.0575427995971803,0.0381877037181347,,,,,,,,,,,,,,,,,,,,,,,,,,,,,,,,,,1992-04-10,,,,3
Richard Rodgers,FA,TE,11785,weighted,,,,,,,0.0,0.0,0.0,0.0,0.0,0.0,,,,,0.385735735735736,0.459619407771256,4.40618618618619,5.40229580826522,0.0516516516516517,0.0707106781186548,,,,,,,,,,,,,,,,,,,,,,,,,,,,,,,,,2014.0,1992-01-22,,,,3
Durham Smythe,MIA,TE,13676,weighted,,,,,,,0.0,0.0,0.0,0.0,0.0,0.0,,,,,0.522155085599194,0.403817265365957,5.1966364551863,3.99859823707168,0.0,0.0,,,,,,,,,,,,,,,,,,,,,,,,,,,,,,,,,2018.0,1995-08-09,,,,3
Tyler Davis,JAC,TE,14996,weighted,,,,,,,,,,,0.0,0.0,,,,,0.358867362146051,0.494974746830583,3.94754098360656,5.44472221513642,0.0512667660208644,0.0707106781186548,,,,,,,,,,,,,,,,,,,,,,,,,,,,,,,,,2020.0,1970-01-01,,,,3
Jordan Thomas,FA,TE,13819,weighted,,,,,,,0.0,0.0,0.0,0.0,0.0,0.0,,,,,0.278469284994965,0.375973538103995,2.64342396777442,4.07014708418093,0.0346424974823766,0.0582888968445826,,,,,,,,,,,,,,,,,,,,,,,,,,,,,,,,,2018.0,1996-08-02,,,,3
Charlie Woerner,SF,TE,14984,weighted,,,,,,,,,,,0.0,,,,,,0.6,,6.2,,0.1,,,,,,,,,,,,,,,,,,,,,,,,,,,,,,,,,,2020.0,1997-10-16,,,,3
Pharaoh Brown,FA,TE,13994,weighted,,,,,,,,,,,0.0,,,,,,0.6,,6.6,,0.0,,,,,,,,,,,,,,,,,,,,,,,,,,,,,,,,,,2017.0,1994-05-04,,,,3
Derek Carrier,LVR,TE,10940,weighted,,,,,,,0.0,0.0,0.0,0.0,0.0,0.0,,,,,0.423363544813696,0.3324416915999,3.41284994964753,2.61585042367685,0.0379355488418933,0.0555730265905286,,,,,,,,,,,,,,,,,,,,,,,,,,,,,,,,,2012.0,1990-07-25,,,,3
Mason Schreck,CIN,TE,13366,weighted,,,,,,,,,,,0.0,,,,,,0.05,,0.0,,0.0,,,,,,,,,,,,,,,,,,,,,,,,,,,,,,,,,,2017.0,,,,,3
Jake Butt,DEN,TE,13190,weighted,,,,,,,0.0,0.0,0.0,0.0,0.0,0.0,,,,,0.544189325276939,0.151040117284685,4.57969788519637,1.16997830306609,0.0163141993957704,0.0153692342600724,,,,,,,,,,,,,,,,,,,,,,,,,,,,,,,,,2017.0,1995-07-11,,,,3
Luke Stocker,ATL,TE,10354,weighted,,,,,,,0.0,0.0,0.0,0.0,0.0,0.0,,,,,0.299657603222558,0.274370603606825,2.68700906344411,2.33181041169167,0.0032426988922457,0.0057342082646571,,,,,,,,,,,,,,,,,,,,,,,,,,,,,,,,,2011.0,1988-07-17,,,,3
Trevon Wesco,NYJ,TE,14231,weighted,,,,,,,,,,,0.0,0.0,,,,,0.209940387481371,0.275771644662754,2.61460506706408,3.60624458405139,0.0,0.0,,,,,,,,,,,,,,,,,,,,,,,,,,,,,,,,,2019.0,,,,,3
Tyler Conklin,MIN,TE,13675,weighted,,,,,,,0.0,0.0,0.0,0.0,0.0,0.0,,,,,0.355790533736153,0.27833383377774,2.89514602215509,2.23776945028214,0.0,0.0,,,,,,,,,,,,,,,,,,,,,,,,,,,,,,,,,2018.0,1995-07-30,,,,3
Deon Yelder,KC,TE,13857,weighted,,,,,,,,,,,0.0,0.0,,,,,0.348733233979136,0.0707106781186548,4.07719821162444,1.27279220613579,0.0,0.0,,,,,,,,,,,,,,,,,,,,,,,,,,,,,,,,,2018.0,,,,,3
Andrew Beck,DEN,TE,14319,weighted,,,,,,,,,,,0.0,0.0,,,,,0.351266766020864,0.0707106781186548,3.7177347242921,0.989949493661167,0.0561400894187779,0.0636396103067893,,,,,,,,,,,,,,,,,,,,,,,,,,,,,,,,,2019.0,1996-05-15,,,,3
Stephen Anderson,LAC,TE,12859,weighted,,,,,,,0.0,,0.0,,0.0,,,,,,0.04,,0.45,,0.0,,,,,,,,,,,,,,,,,,,,,,,,,,,,,,,,,,2016.0,1993-01-30,,,,3
Adam Trautman,NO,TE,14870,weighted,,,,,,,0.0,0.0,0.0,0.0,0.0,0.0,,,,,0.162799597180262,0.122761860971586,2.02982880161128,1.19846668525995,0.0032426988922457,0.0057342082646571,,,,,,,,,,,,,,,,,,,,,,,,,,,,,,,,,2020.0,1997-02-05,,,,3
Luke Willson,SEA,TE,11381,weighted,,,,,,,0.0,,0.0,,0.0,,,,,,0.0,,0.0,,0.0,,,,,,,,,,,,,,,,,,,,,,,,,,,,,,,,,,2013.0,1990-01-15,O,Coach's Decision,2020.0,3
Jordan Franks,CIN,TE,13995,weighted,,,,,,,0.0,,0.0,,0.0,,,,,,0.3,,3.0,,0.02,,,,,,,,,,,,,,,,,,,,,,,,,,,,,,,,,,2018.0,1970-01-01,,,,3
Daniel Brown,NYJ,TE,12585,weighted,,,,,,,,,,,0.0,,,,,,0.2,,2.0,,0.01,,,,,,,,,,,,,,,,,,,,,,,,,,,,,,,,,,,,,,,3
Cole Hikutini,DAL,TE,13511,weighted,,,,,,,0.0,,0.0,,0.0,,,,,,0.08,,0.85,,0.01,,,,,,,,,,,,,,,,,,,,,,,,,,,,,,,,,,2017.0,1994-06-11,,,,3
Johnny Mundt,LAR,TE,13940,weighted,,,,,,,0.0,,0.0,,0.0,,,,,,0.05,,0.47,,0.0,,,,,,,,,,,,,,,,,,,,,,,,,,,,,,,,,,2017.0,1994-11-23,,,,3
Jason Croom,FA,TE,13890,weighted,,,,,,,0.0,,0.0,,0.0,,,,,,0.06,,0.68,,0.01,,,,,,,,,,,,,,,,,,,,,,,,,,,,,,,,,,2017.0,1970-01-01,Q,Hamstring,2020.0,3
Eric Saubert,CHI,TE,13315,weighted,,,,,,,0.0,,0.0,,0.0,,,,,,0.05,,0.51,,0.0,,,,,,,,,,,,,,,,,,,,,,,,,,,,,,,,,,2017.0,1994-05-09,,,,3
Antony Auclair,TB,TE,13445,weighted,,,,,,,0.0,,0.0,,0.0,,,,,,0.06,,0.51,,0.0,,,,,,,,,,,,,,,,,,,,,,,,,,,,,,,,,,2017.0,1993-05-28,IR,Calf,2020.0,3
Temarrick Hemingway,CAR,TE,12807,weighted,,,,,,,0.0,,0.0,,0.0,,,,,,0.03,,0.25,,0.0,,,,,,,,,,,,,,,,,,,,,,,,,,,,,,,,,,2016.0,1993-07-30,,,,3
Xavier Grimble,FA,TE,11701,weighted,,,,,,,0.0,,0.0,,0.0,,,,,,0.02,,0.24,,0.0,,,,,,,,,,,,,,,,,,,,,,,,,,,,,,,,,,2014.0,1992-09-02,Q,Undisclosed,2020.0,3
Jason Myers,SEA,K,12437,weighted,,,,,,,,,,,,,,,,,,,,,,,0.0258310694407633,0.041887076729025,0.40082002703109,0.24414330697936,0.49612528054056,0.150987860067374,0.394517304586451,0.147120423234034,0.128376449007491,0.0535914467272721,3.27354227405248,0.592502391395518,,,,,,,,,,,,,,,,,,,,,,1991-05-12,,,,3
Justin Tucker,BAL,K,10976,weighted,,,,,,,,,,,,,,,,,,,,,,,0.0070331406551059,0.0078156879163109,0.512051171391271,0.0455751019753986,0.600515775687282,0.0589211352563071,0.558316931756646,0.0623688199379312,0.123979905214066,0.0458446850471027,2.99451111111111,0.37860401810918,,,,,,,,,,,,,,,,,,,,,2012.0,1989-11-21,,,,3
Robbie Gould,SF,K,8153,weighted,,,,,,,,,,,,,,,,,,,,,,,0.0,0.0,0.548259559370048,0.10010755083436,0.564370883643962,0.101129896595892,0.495020704839637,0.0738289505714967,0.13440653932994,0.0479669386520096,2.43896666666667,0.402320301824715,,,,,,,,,,,,,,,,,,,,,2005.0,1982-12-06,,,,3
Nick Folk,FA,K,8851,weighted,,,,,,,,,,,,,,,,,,,,,,,0.057105884714194,0.0379658946191084,0.646442790622993,0.109178786004401,0.540308301220295,0.0844418642984623,0.412920857418112,0.0641892543098576,0.0990867292870905,0.0129460635144118,2.85487777777778,0.2943372232933,,,,,,,,,,,,,,,,,,,,,2007.0,1984-11-05,,,,3
Mason Crosby,GB,K,8742,weighted,,,,,,,,,,,,,,,,,,,,,,,0.0228394898614552,0.0142298185930058,0.318707473162676,0.132577648866464,0.675007037342875,0.122719546858107,0.568676328103496,0.0936800395015494,0.111190306450133,0.0184089994397937,2.81,0.228316814323146,,,,,,,,,,,,,,,,,,,,,2007.0,1984-09-03,,,,3
Zane Gonzalez,ARI,K,13347,weighted,,,,,,,,,,,,,,,,,,,,,,,0.0,0.0,0.593487509077705,0.0501904692029535,0.615000072621641,0.0832425471472238,0.412487073347858,0.0670163919794109,0.256448583877996,0.0361573316939827,2.74905555555556,0.312672871851759,,,,,,,,,,,,,,,,,,,,,2017.0,,,,,3
Stephen Gostkowski,TEN,K,8359,weighted,,,,,,,,,,,,,,,,,,,,,,,0.0068804174340085,0.0078014647673014,0.519300876962203,0.149021901359468,0.454044277821626,0.148278882820557,0.396275550293782,0.0927450143005459,0.269810014908357,0.0937032726816744,2.56601111111111,0.375441902376579,,,,,,,,,,,,,,,,,,,,,2006.0,1984-01-28,,,,3
Greg Zuerlein,DAL,K,10868,weighted,,,,,,,,,,,,,,,,,,,,,,,0.0162746913580247,0.0198714593845084,0.396777278071723,0.118776383975603,0.55667657260435,0.171432882497202,0.411750293944738,0.1013718924597,0.180730599647266,0.0957330841086175,2.69481111111111,0.217361684055493,,,,,,,,,,,,,,,,,,,,,2012.0,1987-12-27,,,,3
Chris Boswell,PIT,K,11936,weighted,,,,,,,,,,,,,,,,,,,,,,,0.0241283140814081,0.0143260788635707,0.605743638179607,0.0585095117150504,0.507906015864744,0.0617395046858032,0.58286388020381,0.0453718388005514,0.105146120664698,0.0438232070088483,2.54677777777778,0.287728002232854,,,,,,,,,,,,,,,,,,,,,2014.0,1991-03-16,,,,3
Wil Lutz,NO,K,12956,weighted,,,,,,,,,,,,,,,,,,,,,,,0.0216409290919433,0.0179287491169928,0.538107165394894,0.150389387446187,0.454141271451109,0.131069745652971,0.511867592324286,0.151692845791144,0.161293398048875,0.101680337735009,2.92971111111111,0.109309239163763,,,,,,,,,,,,,,,,,,,,,2016.0,1994-07-07,,,,3
Jake Elliott,PHI,K,13303,weighted,,,,,,,,,,,,,,,,,,,,,,,0.01220978105177,0.0158423317922119,0.404628698588091,0.10536169916126,0.70534311694291,0.17195896881798,0.447362932269286,0.116400885245409,0.103290584714549,0.0272774903409883,2.58678888888889,0.396896274484757,,,,,,,,,,,,,,,,,,,,,2017.0,1995-01-21,,,,3
Harrison Butker,KC,K,13354,weighted,,,,,,,,,,,,,,,,,,,,,,,0.032866609811566,0.0248889279395751,0.495734437946719,0.0565590461333556,0.488660883690708,0.054973684402763,0.497791764132554,0.108765044410236,0.314662248213125,0.0830027550624939,2.36866666666667,0.367191967973347,,,,,,,,,,,,,,,,,,,,,2017.0,1995-07-14,,,,3
Jason Sanders,MIA,K,13832,weighted,,,,,,,,,,,,,,,,,,,,,,,0.006491200754895,0.0079464861751517,0.4047005678563,0.0994813769731021,0.418881928015367,0.135114266417953,0.488836307838776,0.121091515530656,0.174762680719846,0.0530538276036811,2.47168888888889,0.371065218682147,,,,,,,,,,,,,,,,,,,,,2018.0,1995-11-16,,,,3
Tyler Bass,BUF,K,14983,weighted,,,,,,,,,,,,,,,,,,,,,,,0.090051282051282,0.0987128335885727,0.355285256410256,0.124650739668821,0.400310897435897,0.0964787649285013,0.31124358974359,0.0816188421748732,0.119601282051282,0.0694852877450732,2.49038095238095,0.479644074620695,,,,,,,,,,,,,,,,,,,,,2020.0,1997-02-14,,,,3
Cody Parkey,FA,K,11966,weighted,,,,,,,,,,,,,,,,,,,,,,,0.0,0.0,0.44685117900981,0.186812644666382,0.480577500103031,0.124494774097479,0.517721454030117,0.136200819355588,0.173156701218693,0.0668051602554401,2.39016034985423,0.344623811458103,,,,,,,,,,,,,,,,,,,,,2014.0,1992-02-19,,,,3
Mike Badgley,LAC,K,13980,weighted,,,,,,,,,,,,,,,,,,,,,,,0.0238315315315315,0.0272873623588679,0.66888899487723,0.095961276238074,0.52111270093623,0.137244821586659,0.63824845433669,0.120971436634772,0.0803910086557145,0.0148415599779078,2.45304444444444,0.320896370196597,,,,,,,,,,,,,,,,,,,,,2018.0,1970-01-01,,,,3
Rodrigo Blankenship,IND,K,14912,weighted,,,,,,,,,,,,,,,,,,,,,,,0.0146199701937407,0.0212132034355964,0.548733233979136,0.0707106781186547,0.648733233979136,0.0707106781186547,0.402533532041729,0.14142135623731,0.2,7.85298302831401e-17,2.45886736214605,0.494974746830583,,,,,,,,,,,,,,,,,,,,,2020.0,1970-01-01,,,,3
Ryan Succop,TB,K,9686,weighted,,,,,,,,,,,,,,,,,,,,,,,0.0102528985015933,0.0138398098527595,0.517486928326148,0.200167107740746,0.537932320214908,0.163752924650398,0.396283306235008,0.134507403625622,0.14502535454935,0.0564348364701489,2.2817055393586,0.360426550788252,,,,,,,,,,,,,,,,,,,,,2009.0,1986-09-19,,,,3
Sam Sloman,LAR,K,15024,weighted,,,,,,,,,,,,,,,,,,,,,,,0.0113850340136054,0.0101548773612121,0.355960230245945,0.131121449877819,0.75803872318158,0.234256385509478,0.299035060177917,0.1644376253724,0.1174526425955,0.028468478962645,2.12133333333333,0.407508983886879,,,,,,,,,,,,,,,,,,,,,2020.0,1970-01-01,,,,3
Kaimi Fairbairn,HOU,K,12860,weighted,,,,,,,,,,,,,,,,,,,,,,,0.0,0.0,0.400611594809258,0.116498656631903,0.572578271885382,0.12010603740231,0.55589305709286,0.111558199441698,0.133285853748329,0.0574439939297512,2.08075801749271,0.291590229240141,,,,,,,,,,,,,,,,,,,,,2016.0,1994-01-29,,,,3
Dan Bailey,MIN,K,10506,weighted,,,,,,,,,,,,,,,,,,,,,,,0.0169591229348882,0.0280021566026158,0.464105429717675,0.130350032562547,0.484955287059879,0.100006293772365,0.322239750753781,0.170160356130878,0.0712872062744512,0.0280041712647103,2.01607871720117,0.322247671118994,,,,,,,,,,,,,,,,,,,,,2011.0,1988-01-26,,,,3
Randy Bullock,CIN,K,10862,weighted,,,,,,,,,,,,,,,,,,,,,,,0.0,0.0,0.569424074074074,0.0718270861082601,0.465714128943759,0.0620220111653012,0.588101886145405,0.0833942556387388,0.144191049382716,0.0448886735448664,2.06157777777778,0.214297718752376,,,,,,,,,,,,,,,,,,,,,2012.0,1989-12-16,,,,3
Cairo Santos,FA,K,11945,weighted,,,,,,,,,,,,,,,,,,,,,,,0.0119876403837582,0.0095723927584295,0.422454633303375,0.114052885776809,0.520885668982953,0.150076446527846,0.273880948727504,0.0927966974040928,0.0762060033465588,0.0400282029590602,2.18983965014577,0.182194292910742,,,,,,,,,,,,,,,,,,,,,2014.0,1991-11-12,,,,3
Younghoe Koo,ATL,K,13403,weighted,,,,,,,,,,,,,,,,,,,,,,,0.0134812463256908,0.0155849436883055,0.497420399764844,0.0039791795114698,0.66533721340388,0.0373975589843692,0.685018459729571,0.148136614320811,0.147342504409171,0.0545556466650009,1.97012222222222,0.115719992077559,,,,,,,,,,,,,,,,,,,,,2017.0,1994-08-03,,,,3
Matt Prater,DET,K,8930,weighted,,,,,,,,,,,,,,,,,,,,,,,0.0,0.0,0.570607732082732,0.0837624188421055,0.533900276575277,0.115955186400013,0.481593458393458,0.0758155210896345,0.21289975949976,0.0357073694158799,2.1642,0.117593255978682,,,,,,,,,,,,,,,,,,,,,2006.0,1984-08-10,,,,3
Daniel Carlson,LVR,K,13718,weighted,,,,,,,,,,,,,,,,,,,,,,,0.0,0.0,0.514075013702921,0.142776032680589,0.388619544280009,0.0986820292294987,0.451347278991465,0.117088304240253,0.23855041108762,0.061091893798476,1.92476666666667,0.222037638044912,,,,,,,,,,,,,,,,,,,,,2018.0,1995-01-23,,,,3
Dustin Hopkins,WAS,K,11387,weighted,,,,,,,,,,,,,,,,,,,,,,,0.0071011896822221,0.0092750949289062,0.497709000572146,0.0843508238356367,0.536765543824367,0.109973976128059,0.47851497375507,0.129756802292456,0.157077111674951,0.0456570895641422,1.91985422740525,0.157948549023109,,,,,,,,,,,,,,,,,,,,,2013.0,1990-10-01,,,,3
Graham Gano,NYG,K,9694,weighted,,,,,,,,,,,,,,,,,,,,,,,0.0073138888888888,0.007853728460326,0.407152651515152,0.144235418580804,0.671216035353535,0.234842716115187,0.319565656565657,0.191874053959494,0.0901661616161616,0.0480558431269234,1.69403333333333,0.276386196979138,,,,,,,,,,,,,,,,,,,,,2009.0,1987-04-09,,,,3
Brandon McManus,DEN,K,11947,weighted,,,,,,,,,,,,,,,,,,,,,,,0.0,0.0,0.400126132085487,0.0741985842792768,0.479516010485827,0.090678552114173,0.560988864933729,0.0958530705107536,0.204414224873623,0.0732602938338358,1.79730320699708,0.301546347567515,,,,,,,,,,,,,,,,,,,,,2014.0,1991-07-25,,,,3
Sam Ficken,NYJ,K,13564,weighted,,,,,,,,,,,,,,,,,,,,,,,0.0,0.0,0.291660285127184,0.0513652850483227,0.436629128020367,0.133017913318693,0.457097608989097,0.111636688159808,0.130296858074359,0.0473327019286031,1.70962099125364,0.249359476068898,,,,,,,,,,,,,,,,,,,,,2015.0,1992-12-14,,,,3
,,K,nfl_0,weighted,,,,,,,,,,,,,,,,,,,,,,,0.0064853977844914,0.0114684165293143,0.394541792547835,0.095368999581972,0.477824773413897,0.137620998351772,0.513474320241692,0.0801304977344703,0.259375629405841,0.121122287094426,1.78310171198389,0.164495452577674,,,,,,,,,,,,,,,,,,,,,,,,,,3
Cowboys,DAL,DST,0516,weighted,,,,,,,,,,,,,,,,,,,,,,,,,,,,,,,,,,,0.52269889224572,0.0401394578526,2.73877139979859,0.473205442335475,0.0,0.0,0.0866263846928499,0.0606034886261762,,,,,,,,,,,,,,,,,,3
Giants,NYG,DST,0517,weighted,,,,,,,,,,,,,,,,,,,,,,,,,,,,,,,,,,,1.05839549612949,0.411382331830723,2.33131597466573,0.0951217666862276,0.0243631245601689,0.0244446243320925,0.133166783954961,0.0594538037081826,,,,,,,,,,,,,,,,,,3
Packers,GB,DST,0523,weighted,,,,,,,,,,,,,,,,,,,,,,,,,,,,,,,,,,,0.749795918367347,0.0638601593243809,1.87503166783955,0.126564787803723,0.0406052076002815,0.0407410405534876,0.111330049261084,0.0242283923994468,,,,,,,,,,,,,,,,,,3
Vikings,MIN,DST,0524,weighted,,,,,,,,,,,,,,,,,,,,,,,,,,,,,,,,,,,0.717240684793555,0.131184756232741,2.61216515609265,0.569882642431916,0.0174958039610608,0.020440612287396,0.147512588116818,0.061321836862188,,,,,,,,,,,,,,,,,,3
Lions,DET,DST,0522,weighted,,,,,,,,,,,,,,,,,,,,,,,,,,,,,,,,,,,0.650533736153072,0.311393398660384,2.11063444108761,0.632018899168212,0.0,0.0,0.180543806646526,0.0344052495879429,,,,,,,,,,,,,,,,,,3
Panthers,CAR,DST,0527,weighted,,,,,,,,,,,,,,,,,,,,,,,,,,,,,,,,,,,0.914864048338369,0.302269566082695,2.48209466263847,0.2411403537727,0.021869754951326,0.025550765359245,0.134390735146022,0.0766522960777349,,,,,,,,,,,,,,,,,,3
Chiefs,KC,DST,0512,weighted,,,,,,,,,,,,,,,,,,,,,,,,,,,,,,,,,,,0.787532729103726,0.119355464819146,2.34010070493454,0.149406527484677,0.0,0.0,0.144320241691843,0.0554872798808891,,,,,,,,,,,,,,,,,,3
Raiders,LVR,DST,0513,weighted,,,,,,,,,,,,,,,,,,,,,,,,,,,,,,,,,,,0.502533532041729,0.141421356237309,1.04619970193741,0.212132034355964,0.0,0.0,0.0805067064083457,0.0282842712474619,,,,,,,,,,,,,,,,,,3
Bengals,CIN,DST,0506,weighted,,,,,,,,,,,,,,,,,,,,,,,,,,,,,,,,,,,0.761087613293051,0.0688104991758858,2.17800604229607,0.239103203887501,0.0306176569318563,0.035771071502943,0.137633434038268,0.077848349665096,,,,,,,,,,,,,,,,,,3
Seahawks,SEA,DST,0515,weighted,,,,,,,,,,,,,,,,,,,,,,,,,,,,,,,,,,,0.716213933849402,0.0548104639589475,1.79002111189303,0.386906412084602,0.0,0.0,0.135467980295567,0.0562937264963374,,,,,,,,,,,,,,,,,,3
Jets,NYJ,DST,0505,weighted,,,,,,,,,,,,,,,,,,,,,,,,,,,,,,,,,,,0.76809667673716,0.1204183735578,2.10082578046324,0.342672493767863,0.123581738838536,0.0757268392705058,0.17730110775428,0.0401394578526,,,,,,,,,,,,,,,,,,3
Saints,NO,DST,0529,weighted,,,,,,,,,,,,,,,,,,,,,,,,,,,,,,,,,,,0.488895144264602,0.215656547528603,2.6598733286418,0.176222535924612,0.0162420830401126,0.016296416221395,0.141140042223786,0.0525222945181461,,,,,,,,,,,,,,,,,,3
Dolphins,MIA,DST,0503,weighted,,,,,,,,,,,,,,,,,,,,,,,,,,,,,,,,,,,0.756284306826179,0.0506751462164222,2.0615763546798,0.358383979406493,0.0081210415200563,0.0081482081106975,0.13780436312456,0.0492098364847737,,,,,,,,,,,,,,,,,,3
Commanders,WAS,DST,0520,weighted,,,,,,,,,,,,,,,,,,,,,,,,,,,,,,,,,,,0.980675580577058,0.0881439377136613,2.92202674173117,0.764622651353798,0.0,0.0,0.119465165376495,0.0658142657941119,,,,,,,,,,,,,,,,,,3
Browns,CLE,DST,0507,weighted,,,,,,,,,,,,,,,,,,,,,,,,,,,,,,,,,,,0.839662209711471,0.139543789754344,3.0534693877551,0.603912518924559,0.0,0.0,0.14679802955665,0.0693137789339401,,,,,,,,,,,,,,,,,,3
Jaguars,JAC,DST,0509,weighted,,,,,,,,,,,,,,,,,,,,,,,,,,,,,,,,,,,0.956334340382679,0.235957172484742,2.46316213494461,0.382510124219108,0.0,0.0,0.160584088620342,0.0529608613811046,,,,,,,,,,,,,,,,,,3
Ravens,BAL,DST,0531,weighted,,,,,,,,,,,,,,,,,,,,,,,,,,,,,,,,,,,0.638831808585503,0.105113896943906,1.92888106966925,0.151124376137091,0.0217241379310345,0.0252337352521834,0.186094299788881,0.0844558988104352,,,,,,,,,,,,,,,,,,3
Cardinals,ARI,DST,0519,weighted,,,,,,,,,,,,,,,,,,,,,,,,,,,,,,,,,,,0.706038001407459,0.139975407223859,2.9899366643209,0.426567594441213,0.0,0.0,0.149444053483462,0.09502468506654,,,,,,,,,,,,,,,,,,3
Texans,HOU,DST,0532,weighted,,,,,,,,,,,,,,,,,,,,,,,,,,,,,,,,,,,0.85238670694864,0.0507456979066609,2.11137965760322,0.677385372989258,0.0,0.0,0.190271903323263,0.0172026247939714,,,,,,,,,,,,,,,,,,3
Broncos,DEN,DST,0511,weighted,,,,,,,,,,,,,,,,,,,,,,,,,,,,,,,,,,,0.605458207452165,0.0953689995819719,2.05270896273917,0.310045224265165,0.0,0.0,0.144219536757301,0.0667888301393302,,,,,,,,,,,,,,,,,,3
Bears,CHI,DST,0521,weighted,,,,,,,,,,,,,,,,,,,,,,,,,,,,,,,,,,,0.848895144264602,0.235475984253807,2.28073187895848,0.453945664104097,0.0324841660802252,0.0325928324427901,0.133131597466573,0.0648776246649908,,,,,,,,,,,,,,,,,,3
Rams,LAR,DST,0528,weighted,,,,,,,,,,,,,,,,,,,,,,,,,,,,,,,,,,,0.943040112596763,0.13215929355986,2.81083743842365,0.194076492328689,0.0108620689655172,0.0126168676260917,0.163082336382829,0.0498262813164149,,,,,,,,,,,,,,,,,,3
Titans,TEN,DST,0508,weighted,,,,,,,,,,,,,,,,,,,,,,,,,,,,,,,,,,,0.878930330752991,0.202853273583167,2.20152005629838,0.26241875910427,0.0,0.0,0.167614356087262,0.0515809029871681,,,,,,,,,,,,,,,,,,3
Falcons,ATL,DST,0526,weighted,,,,,,,,,,,,,,,,,,,,,,,,,,,,,,,,,,,0.773652357494722,0.121521531517451,2.25749472202674,0.175516212683195,0.0,0.0,0.169880365939479,0.0531036437011398,,,,,,,,,,,,,,,,,,3
Bills,BUF,DST,0501,weighted,,,,,,,,,,,,,,,,,,,,,,,,,,,,,,,,,,,0.808304011259676,0.13971117217016,2.10315270935961,0.241108650096144,0.0,0.0,0.158613652357495,0.0815220938783854,,,,,,,,,,,,,,,,,,3
Buccaneers,TB,DST,0525,weighted,,,,,,,,,,,,,,,,,,,,,,,,,,,,,,,,,,,0.887473610133709,0.0829180504467596,3.29536945812808,0.561323990995492,0.0,0.0,0.227543983110486,0.0467775012805517,,,,,,,,,,,,,,,,,,3
Eagles,PHI,DST,0518,weighted,,,,,,,,,,,,,,,,,,,,,,,,,,,,,,,,,,,0.712484166080225,0.197965938207891,2.71531315974666,0.193091374819723,0.0,0.0,0.146868402533427,0.0577614920176845,,,,,,,,,,,,,,,,,,3
Steelers,PIT,DST,0510,weighted,,,,,,,,,,,,,,,,,,,,,,,,,,,,,,,,,,,1.10878254750176,0.354312618774816,4.04837438423645,0.62347593032859,0.0724137931034483,0.0841124508406113,0.167614356087262,0.0515809029871681,,,,,,,,,,,,,,,,,,3
Colts,IND,DST,0502,weighted,,,,,,,,,,,,,,,,,,,,,,,,,,,,,,,,,,,1.1203800140746,0.172377554487551,2.84018296973962,0.262120436400832,0.136206896551724,0.0420562254203056,0.211330049261084,0.0242283923994468,,,,,,,,,,,,,,,,,,3
49ers,SF,DST,0530,weighted,,,,,,,,,,,,,,,,,,,,,,,,,,,,,,,,,,,0.92662638469285,0.158459943824888,2.88565961732125,0.344091933297398,0.0589627391742195,0.0521401473215694,0.203242698892246,0.0057342082646571,,,,,,,,,,,,,,,,,,3
Patriots,NE,DST,0504,weighted,,,,,,,,,,,,,,,,,,,,,,,,,,,,,,,,,,,0.901815622800844,0.323847635998927,2.23011963406052,0.0531036437011396,0.0181034482758621,0.0210281127101528,0.195158339197748,0.0843657908317574,,,,,,,,,,,,,,,,,,3
Chargers,LAC,DST,0514,weighted,,,,,,,,,,,,,,,,,,,,,,,,,,,,,,,,,,,0.844370594159114,0.0517889933537791,2.49762336354481,0.368598607560667,0.0508559919436052,0.0503379992482352,0.150453172205438,0.112981533743245,,,,,,,,,,,,,,,,,,3
Jonathan Allen,WAS,DL,13208,weighted,,,,,,,,,,,,,,,,,,,,,,,,,,,,,,,,,,,,,,,,,,,,,3.62753946146704,0.506228394995515,0.360185701021356,0.0382059166034351,0.0,0.0,0.0649303621169917,0.0143272187262882,,,2017.0,1995-01-16,,,,3
Grady Jarrett,ATL,DL,12305,weighted,,,,,,,,,,,,,,,,,,,,,,,,,,,,,,,,,,,,,,,,,,,,,4.11,0.0,0.77,0.0,0.0,0.0,0.12,0.0,,,2015.0,1993-04-28,,,,3
Joey Bosa,LAC,DL,12686,weighted,,,,,,,,,,,,,,,,,,,,,,,,,,,,,,,,,,,,,,,,,,,,,3.68321262766945,0.367731947308063,0.924883936861653,0.0238786978771469,0.0050232126276694,0.0047757395754293,0.0449303621169916,0.0143272187262882,,,2016.0,1995-07-11,,,,3
Calais Campbell,BAL,DL,9051,weighted,,,,,,,,,,,,,,,,,,,,,,,,,,,,,,,,,,,,,,,,,,,,,2.91137134052388,1.58391918985787,0.354576271186441,0.0777817459305202,0.0099229583975346,0.014142135623731,0.360308166409861,0.0565685424949238,,,2008.0,1986-09-01,,,,3
Sam Hubbard,CIN,DL,13684,weighted,,,,,,,,,,,,,,,,,,,,,,,,,,,,,,,,,,,,,,,,,,,,,3.38545454545455,0.834386001800126,0.445423728813559,0.0777817459305202,0.0,0.0,0.2,3.92534764114705e-17,,,2018.0,,,,,3
Cameron Jordan,NO,DL,10292,weighted,,,,,,,,,,,,,,,,,,,,,,,,,,,,,,,,,,,,,,,,,,,,,3.10375963020031,1.14551298552221,0.634730354391371,0.0494974746830584,0.0,0.0,0.140462249614792,0.0848528137423857,,,2011.0,1989-07-10,,,,3
Dexter Lawrence,NYG,DL,14159,weighted,,,,,,,,,,,,,,,,,,,,,,,,,,,,,,,,,,,,,,,,,,,,,2.86252696456086,1.3717871555019,0.228998459167951,0.183847763108502,0.0,0.0,0.0500770416024653,0.0141421356237309,,,2019.0,1997-11-12,,,,3
Cameron Heyward,PIT,DL,10266,weighted,,,,,,,,,,,,,,,,,,,,,,,,,,,,,,,,,,,,,,,,,,,,,3.03926040061633,1.05358910396796,0.519845916795069,0.0282842712474619,0.050231124807396,0.0424264068711929,0.309922958397535,0.014142135623731,,,2011.0,1989-05-06,,,,3
Davon Godchaux,MIA,DL,13317,weighted,,,,,,,,,,,,,,,,,,,,,,,,,,,,,,,,,,,,,,,,,,,,,3.13010785824345,0.898025612106915,0.0950385208012327,0.0070710678118654,0.0,0.0,0.044884437596302,0.0212132034355964,,,2017.0,1994-11-11,,,,3
Myles Garrett,CLE,DL,13198,weighted,,,,,,,,,,,,,,,,,,,,,,,,,,,,,,,,,,,,,,,,,,,,,2.9664252553389,0.735463894616126,0.824883936861653,0.0238786978771469,0.0099535747446611,0.0095514791508587,0.0900464252553389,0.0095514791508587,,,2017.0,1995-12-29,,,,3
Mike Purcell,DEN,DL,12126,weighted,,,,,,,,,,,,,,,,,,,,,,,,,,,,,,,,,,,,,,,,,,,,,2.88391371340524,1.11722871427475,0.165269645608629,0.0494974746830583,0.0,0.0,0.110693374422188,0.127279220613579,,,,,,,,3
Jason Pierre-Paul,TB,DL,9833,weighted,,,,,,,,,,,,,,,,,,,,,,,,,,,,,,,,,,,,,,,,,,,,,2.76596100278552,0.830978686124714,0.828932219127205,0.219684020469752,0.0099535747446611,0.0095514791508587,0.0849303621169917,0.0143272187262882,,,2010.0,1989-02-28,,,,3
Montez Sweat,WAS,DL,14148,weighted,,,,,,,,,,,,,,,,,,,,,,,,,,,,,,,,,,,,,,,,,,,,,2.65260400616333,1.35764501987817,0.375192604006163,0.0353553390593274,0.0,0.0,0.0998459167950693,0.0282842712474619,,,2019.0,1996-09-04,,,,3
Michael Brockers,LAR,DL,10763,weighted,,,,,,,,,,,,,,,,,,,,,,,,,,,,,,,,,,,,,,,,,,,,,2.8442218798151,1.06066017177982,0.234730354391371,0.0494974746830583,0.0,0.0,0.0499229583975347,0.0141421356237309,,,2012.0,1990-12-21,,,,3
Stephon Tuitt,PIT,DL,11707,weighted,,,,,,,,,,,,,,,,,,,,,,,,,,,,,,,,,,,,,,,,,,,,,2.74345146379045,1.20208152801713,0.514114021571649,0.162634559672906,0.0,0.0,0.160308166409861,0.0565685424949238,,,2014.0,1993-05-23,,,,3
Larry Ogunjobi,CLE,DL,13265,weighted,,,,,,,,,,,,,,,,,,,,,,,,,,,,,,,,,,,,,,,,,,,,,2.96560862865948,0.806101730552664,0.4,7.85069528229409e-17,0.0,0.0,0.0300770416024653,0.014142135623731,,,2017.0,1994-06-03,,,,3
Carlos Dunlap,CIN,DL,9825,weighted,,,,,,,,,,,,,,,,,,,,,,,,,,,,,,,,,,,,,,,,,,,,,3.04791086350975,0.429816561788645,0.495023212627669,0.0047757395754293,0.0,0.0,0.490046425255339,0.0095514791508587,,,2010.0,1989-02-28,,,,3
John Simon,NE,DL,11273,weighted,,,,,,,,,,,,,,,,,,,,,,,,,,,,,,,,,,,,,,,,,,,,,3.09195685670262,0.558614357137373,0.260308166409861,0.0565685424949238,0.0300770416024653,0.014142135623731,0.160308166409861,0.0565685424949238,,,2013.0,1990-10-14,,,,3
,,DL,12622,weighted,,,,,,,,,,,,,,,,,,,,,,,,,,,,,,,,,,,,,,,,,,,,,0.937679591836735,1.03179106918406,0.147197959183673,0.26474046441324,0.0033163265306122,0.008985046838282,0.0359959183673469,0.0550344200694701,,,,,,,,3
Danny Shelton,DET,DL,12226,weighted,,,,,,,,,,,,,,,,,,,,,,,,,,,,,,,,,,,,,,,,,,,,,2.52360554699538,1.17379725676967,0.104884437596302,0.0212132034355964,0.0,0.0,0.0396918335901387,0.0565685424949238,,,2015.0,1993-08-20,,,,3
Leonard Williams,NYG,DL,12225,weighted,,,,,,,,,,,,,,,,,,,,,,,,,,,,,,,,,,,,,,,,,,,,,2.62163416898793,0.692482238437261,0.170139275766017,0.0286544374525763,0.0,0.0,0.0800928505106778,0.0191029583017176,,,2015.0,1994-06-20,,,,3
Shelby Harris,DEN,DL,11872,weighted,,,,,,,,,,,,,,,,,,,,,,,,,,,,,,,,,,,,,,,,,,,,,2.43610027855153,0.802324248672137,0.239350046425255,0.133720708112023,0.0099535747446611,0.0095514791508587,0.379628597957289,0.0764118332068702,,,2014.0,1991-08-11,,,,3
Chris Jones,KC,DL,12741,weighted,,,,,,,,,,,,,,,,,,,,,,,,,,,,,,,,,,,,,,,,,,,,,2.4739907550077,1.10308657865101,0.664499229583975,0.0919238815542512,0.0,0.0,0.271001540832049,0.183847763108502,,,2016.0,1994-07-03,,,,3
Fletcher Cox,PHI,DL,10762,weighted,,,,,,,,,,,,,,,,,,,,,,,,,,,,,,,,,,,,,,,,,,,,,2.47140204271123,0.740239634191555,0.229860724233983,0.0286544374525763,0.0,0.0,0.0849303621169917,0.0143272187262882,,,2012.0,1990-12-13,,,,3
DaQuan Jones,TEN,DL,11793,weighted,,,,,,,,,,,,,,,,,,,,,,,,,,,,,,,,,,,,,,,,,,,,,2.202218798151,1.42835569799683,0.0798459167950693,0.0282842712474619,0.0,0.0,0.159537750385208,0.0848528137423857,,,2014.0,1991-12-17,,,,3
D.J. Reader,CIN,DL,12802,weighted,,,,,,,,,,,,,,,,,,,,,,,,,,,,,,,,,,,,,,,,,,,,,2.39383667180277,1.13137084989848,0.104961479198767,0.0070710678118654,0.0,0.0,0.0496147919876733,0.0707106781186548,,,2016.0,1994-07-01,,,,3
Christian Wilkins,MIA,DL,14162,weighted,,,,,,,,,,,,,,,,,,,,,,,,,,,,,,,,,,,,,,,,,,,,,2.6308782742681,0.756604255869606,0.150385208012327,0.0707106781186548,0.0099229583975346,0.014142135623731,0.319845916795069,0.0282842712474619,,,2019.0,1970-01-01,,,,3
DeForest Buckner,IND,DL,12688,weighted,,,,,,,,,,,,,,,,,,,,,,,,,,,,,,,,,,,,,,,,,,,,,2.7230269266481,0.405937863911498,0.734837511606314,0.0334301770280057,0.0,0.0,0.109767873723305,0.0477573957542939,,,2016.0,1994-03-17,,,,3
Arik Armstead,SF,DL,12218,weighted,,,,,,,,,,,,,,,,,,,,,,,,,,,,,,,,,,,,,,,,,,,,,2.76714946070878,0.523259018078045,0.809922958397535,0.0141421356237309,0.0198459167950693,0.0282842712474619,0.250385208012327,0.0707106781186547,,,2015.0,1993-11-15,,,,3
Jarran Reed,SEA,DL,12698,weighted,,,,,,,,,,,,,,,,,,,,,,,,,,,,,,,,,,,,,,,,,,,,,2.46735376044568,0.54443431159895,0.235766016713092,0.15759940598917,0.0099535747446611,0.0095514791508587,0.0549767873723305,0.0047757395754293,,,2016.0,1992-12-16,,,,3
Yannick Ngakoue,MIN,DL,12756,weighted,,,,,,,,,,,,,,,,,,,,,,,,,,,,,,,,,,,,,,,,,,,,,2.80902506963788,0.200581062168034,0.60544103992572,0.0907390519331584,0.0100464252553389,0.0095514791508587,0.129860724233983,0.0286544374525763,,,2016.0,1995-03-31,,,,3
Dontari Poe,DAL,DL,10761,weighted,,,,,,,,,,,,,,,,,,,,,,,,,,,,,,,,,,,,,,,,,,,,,2.04268104776579,1.34350288425444,0.189306625577812,0.127279220613579,0.0,0.0,0.0,0.0,,,2012.0,1990-08-18,,,,3
Ed Oliver,BUF,DL,14158,weighted,,,,,,,,,,,,,,,,,,,,,,,,,,,,,,,,,,,,,,,,,,,,,2.00298921417565,1.28693434175952,0.319075500770416,0.169705627484771,0.029768875192604,0.0424264068711928,0.129768875192604,0.0424264068711928,,,2019.0,1997-12-12,,,,3
Trent Murphy,BUF,DL,11709,weighted,,,,,,,,,,,,,,,,,,,,,,,,,,,,,,,,,,,,,,,,,,,,,2.14918335901387,1.06773123959169,0.499229583975347,0.141421356237309,0.0,0.0,0.0992295839753467,0.14142135623731,,,2014.0,1990-12-20,,,,3
Frank Clark,KC,DL,12280,weighted,,,,,,,,,,,,,,,,,,,,,,,,,,,,,,,,,,,,,,,,,,,,,2.11941448382126,1.02530483272049,0.515654853620955,0.120208152801713,0.02,4.90668455143381e-18,0.139691833590139,0.0565685424949238,,,2015.0,1993-06-14,,,,3
Akiem Hicks,CHI,DL,10823,weighted,,,,,,,,,,,,,,,,,,,,,,,,,,,,,,,,,,,,,,,,,,,,,2.8,0.0,0.5,0.0,0.0,0.0,0.2,3.96083208564486e-17,,,2012.0,1989-11-16,,,,3
Aaron Donald,LAR,DL,11757,weighted,,,,,,,,,,,,,,,,,,,,,,,,,,,,,,,,,,,,,,,,,,,,,2.22753946146704,0.506228394995515,0.8,0.0,0.0,0.0,0.119907149489322,0.0191029583017176,,,2014.0,1991-05-23,,,,3
D.J. Jones,SF,DL,13332,weighted,,,,,,,,,,,,,,,,,,,,,,,,,,,,,,,,,,,,,,,,,,,,,2.04003081664099,0.912167747730646,0.269460708782743,0.0989949493661166,0.0,0.0,0.134653312788906,0.0636396103067893,,,2017.0,1995-01-19,,,,3
Tyson Alualu,PIT,DL,9875,weighted,,,,,,,,,,,,,,,,,,,,,,,,,,,,,,,,,,,,,,,,,,,,,2.03702878365831,0.611294665654962,0.139814298978644,0.0382059166034351,0.0099535747446611,0.0095514791508587,0.190046425255339,0.0095514791508587,,,2010.0,1987-05-12,,,,3
Derek Wolfe,BAL,DL,10806,weighted,,,,,,,,,,,,,,,,,,,,,,,,,,,,,,,,,,,,,,,,,,,,,1.9144530046225,1.01823376490863,0.293497688751926,0.275771644662754,0.0099229583975346,0.014142135623731,0.0650385208012327,0.0070710678118654,,,2012.0,1990-02-24,,,,3
Clelin Ferrell,LVR,DL,14151,weighted,,,,,,,,,,,,,,,,,,,,,,,,,,,,,,,,,,,,,,,,,,,,,1.99118644067797,0.700035713374682,0.238921417565485,0.197989898732233,0.0198459167950693,0.0282842712474619,0.219845916795069,0.0282842712474619,,,2019.0,1997-05-17,,,,3
Denico Autry,IND,DL,12083,weighted,,,,,,,,,,,,,,,,,,,,,,,,,,,,,,,,,,,,,,,,,,,,,1.96781801299907,0.448919520090362,0.414930362116992,0.0143272187262882,0.0298607242339833,0.0286544374525763,0.209953574744661,0.0095514791508587,,,,,,,,3
Adam Butler,NE,DL,13448,weighted,,,,,,,,,,,,,,,,,,,,,,,,,,,,,,,,,,,,,,,,,,,,,1.60453004622496,1.0040916292849,0.243882896764253,0.205060966544099,0.0,0.0,0.160308166409861,0.0565685424949238,,,,1994-04-12,,,,3
Brandon Graham,PHI,DL,9826,weighted,,,,,,,,,,,,,,,,,,,,,,,,,,,,,,,,,,,,,,,,,,,,,2.2,0.0,0.5,0.0,0.0,0.0,0.04,0.0,,,2010.0,1988-04-03,,,,3
Sheldon Richardson,CLE,DL,11283,weighted,,,,,,,,,,,,,,,,,,,,,,,,,,,,,,,,,,,,,,,,,,,,,2.2,0.0,0.2,3.96083208564486e-17,0.0,0.0,0.1,1.98041604282243e-17,,,2013.0,1990-11-30,,,,3
Brian Burns,CAR,DL,14171,weighted,,,,,,,,,,,,,,,,,,,,,,,,,,,,,,,,,,,,,,,,,,,,,2.2,0.0,0.6,0.0,0.0,0.0,0.04,0.0,,,2019.0,1998-04-23,,,,3
Ifeadi Odenigbo,MIN,DL,13343,weighted,,,,,,,,,,,,,,,,,,,,,,,,,,,,,,,,,,,,,,,,,,,,,1.84234206471495,0.487903679018718,0.365269645608629,0.0494974746830583,0.0099229583975346,0.014142135623731,0.0496147919876733,0.0707106781186548,,,2017.0,,,,,3
Trey Hendrickson,NO,DL,13284,weighted,,,,,,,,,,,,,,,,,,,,,,,,,,,,,,,,,,,,,,,,,,,,,1.9,0.0,0.4,7.92166417128973e-17,0.0,0.0,0.04,0.0,,,2017.0,1994-12-05,,,,3
Ndamukong Suh,TB,DL,9815,weighted,,,,,,,,,,,,,,,,,,,,,,,,,,,,,,,,,,,,,,,,,,,,,1.8,0.0,0.3,0.0,0.0,0.0,0.2,3.96083208564486e-17,,,2010.0,1987-01-06,,,,3
Justin Houston,IND,DL,10277,weighted,,,,,,,,,,,,,,,,,,,,,,,,,,,,,,,,,,,,,,,,,,,,,1.8,0.0,0.6,0.0,0.0,0.0,0.01,0.0,,,2011.0,1989-01-21,,,,3
Carl Lawson,CIN,DL,13202,weighted,,,,,,,,,,,,,,,,,,,,,,,,,,,,,,,,,,,,,,,,,,,,,1.6,3.16866566851589e-16,0.2,3.96083208564486e-17,0.0,0.0,0.0,0.0,,,2017.0,1995-06-29,,,,3
Quinnen Williams,NYJ,DL,14157,weighted,,,,,,,,,,,,,,,,,,,,,,,,,,,,,,,,,,,,,,,,,,,,,1.6,3.16866566851589e-16,0.4,7.92166417128973e-17,0.0,0.0,0.05,9.90208021411216e-18,,,2019.0,1997-12-21,,,,3
Corey Peters,ARI,DL,9919,weighted,,,,,,,,,,,,,,,,,,,,,,,,,,,,,,,,,,,,,,,,,,,,,1.4,0.0,0.3,0.0,0.0,0.0,0.0,0.0,,,2010.0,1988-06-08,,,,3
Deatrich Wise,NE,DL,13296,weighted,,,,,,,,,,,,,,,,,,,,,,,,,,,,,,,,,,,,,,,,,,,,,1.3,0.0,0.07,0.0,0.0,0.0,0.0,0.0,,,2017.0,1994-07-26,,,,3
Jordan Phillips,ARI,DL,12229,weighted,,,,,,,,,,,,,,,,,,,,,,,,,,,,,,,,,,,,,,,,,,,,,1.1,0.0,0.4,7.92166417128973e-17,0.0,0.0,0.0,0.0,,,2015.0,1992-09-21,,,,3
Shilique Calhoun,NE,DL,12693,weighted,,,,,,,,,,,,,,,,,,,,,,,,,,,,,,,,,,,,,,,,,,,,,1.0,0.0,0.2,3.96083208564486e-17,0.0,0.0,0.0,0.0,,,2016.0,1992-03-20,,,,3
Blake Martinez,NYG,LB,12788,weighted,,,,,,,,,,,,,,,,,,,,,,,,,,,,,,,,,,,,,,,,,,,,,6.14987929433612,3.03595075167239,0.230362116991643,0.0565786664256951,0.118672237697307,0.0814049660291192,0.0900464252553389,0.0095514791508587,0.0,0.0,2016.0,1994-01-09,,,,3
Jaylon Smith,DAL,LB,12701,weighted,,,,,,,,,,,,,,,,,,,,,,,,,,,,,,,,,,,,,,,,,,,,,5.81184772516249,3.2692945241419,0.132841225626741,0.0702231027876924,0.102850510677809,0.0335509046322375,0.600464252553389,0.0955147915085877,0.0,0.0,2016.0,1995-06-14,,,,3
Bobby Wagner,SEA,LB,10775,weighted,,,,,,,,,,,,,,,,,,,,,,,,,,,,,,,,,,,,,,,,,,,,,7.41093990755008,2.5809397513309,0.0801540832049307,0.0282842712474619,0.035115562403698,0.0212132034355964,0.470231124807396,0.0424264068711928,,,2012.0,1990-06-27,,,,3
Jerome Baker,MIA,LB,13706,weighted,,,,,,,,,,,,,,,,,,,,,,,,,,,,,,,,,,,,,,,,,,,,,5.73238625812442,2.53520028723881,0.214948932219127,0.02816563939951,0.079025069637883,0.0317717659042709,0.220371402042711,0.0764118332068702,0.0,0.0,2018.0,1996-12-25,,,,3
Zach Cunningham,HOU,LB,13216,weighted,,,,,,,,,,,,,,,,,,,,,,,,,,,,,,,,,,,,,,,,,,,,,5.52172701949861,2.75044231639908,0.157270194986072,0.0574247574045407,0.0548282265552461,0.0453887223031763,0.280092850510678,0.0191029583017175,0.0,0.0,2017.0,1994-12-12,,,,3
Jordan Hicks,ARI,LB,12287,weighted,,,,,,,,,,,,,,,,,,,,,,,,,,,,,,,,,,,,,,,,,,,,,7.19075500770416,1.69705627484771,0.06,9.81336910286762e-18,0.0801540832049307,0.0282842712474619,0.290077041602465,0.0141421356237309,,,2015.0,1992-06-27,,,,3
Lavonte David,TB,LB,10768,weighted,,,,,,,,,,,,,,,,,,,,,,,,,,,,,,,,,,,,,,,,,,,,,5.51790157845868,2.44816832827199,0.039238625812442,0.0417438568744586,0.0787465181058496,0.0396050664979866,0.279628597957289,0.0764118332068702,0.0,0.0,2012.0,1990-01-23,,,,3
Eric Kendricks,MIN,LB,12239,weighted,,,,,,,,,,,,,,,,,,,,,,,,,,,,,,,,,,,,,,,,,,,,,5.70007428040854,2.43585879932536,0.0700092850510678,0.0414621202098941,0.0909842154131848,0.0101963540133078,0.540278551532034,0.0573088749051527,0.0,0.0,2015.0,1992-02-29,,,,3
Demario Davis,NO,LB,10816,weighted,,,,,,,,,,,,,,,,,,,,,,,,,,,,,,,,,,,,,,,,,,,,,5.1286165273909,2.23198535650927,0.266239554317549,0.0668738503108523,0.0937418755803157,0.048164494359575,0.629860724233983,0.0286544374525764,0.0,0.0,2012.0,1989-01-11,,,,3
Joe Schobert,JAC,LB,12768,weighted,,,,,,,,,,,,,,,,,,,,,,,,,,,,,,,,,,,,,,,,,,,,,4.76544103992572,2.61467863027518,0.09677808727948,0.0431015525853302,0.0819684308263696,0.0203927080266155,0.329396471680594,0.124169228961164,0.0,0.0,2016.0,,,,,3
Micah Kiser,LAR,LB,13779,weighted,,,,,,,,,,,,,,,,,,,,,,,,,,,,,,,,,,,,,,,,,,,,,6.10129990714949,1.71351194748546,0.182525533890436,0.125389464432495,0.0818755803156918,0.0204747269447983,0.601392757660167,0.286544374525763,0.0,0.0,2018.0,1995-01-25,,,,3
Matt Milano,BUF,LB,13307,weighted,,,,,,,,,,,,,,,,,,,,,,,,,,,,,,,,,,,,,,,,,,,,,5.43993836671803,2.7647875144394,0.054884437596302,0.0212132034355964,0.109922958397535,0.0141421356237309,0.360308166409861,0.0565685424949238,,,2017.0,,,,,3
Fred Warner,SF,LB,13743,weighted,,,,,,,,,,,,,,,,,,,,,,,,,,,,,,,,,,,,,,,,,,,,,5.50753946146704,1.92758083480993,0.0969173630454968,0.0146544289591049,0.105979572887651,0.011266255759804,0.6,0.0,0.0,0.0,2018.0,1996-11-19,,,,3
Danny Trevathan,CHI,LB,10879,weighted,,,,,,,,,,,,,,,,,,,,,,,,,,,,,,,,,,,,,,,,,,,,,5.93882896764253,2.05060966544099,0.0651926040061633,0.0353553390593274,0.0500770416024653,0.0141421356237309,0.270231124807396,0.0424264068711928,,,2012.0,1990-03-24,,,,3
Jon Bostic,WAS,LB,11299,weighted,,,,,,,,,,,,,,,,,,,,,,,,,,,,,,,,,,,,,,,,,,,,,4.3797400185701,2.31870920401904,0.291030640668524,0.016899383639706,0.0090157845868152,0.0101963540133078,0.0899535747446611,0.0095514791508587,0.0,0.0,2013.0,1991-05-05,,,,3
Anthony Walker,IND,LB,13306,weighted,,,,,,,,,,,,,,,,,,,,,,,,,,,,,,,,,,,,,,,,,,,,,5.56782742681048,2.23445742854949,0.15442218798151,0.106066017177982,0.04,9.81336910286762e-18,0.0801540832049307,0.0282842712474619,,,2017.0,1995-08-08,,,,3
Devin Bush,PIT,LB,14170,weighted,,,,,,,,,,,,,,,,,,,,,,,,,,,,,,,,,,,,,,,,,,,,,5.915562403698,1.73241161390704,0.120616332819723,0.113137084989848,0.0996918335901387,0.0565685424949238,0.319845916795069,0.0282842712474619,,,2019.0,1998-07-18,,,,3
K.J. Wright,SEA,LB,10350,weighted,,,,,,,,,,,,,,,,,,,,,,,,,,,,,,,,,,,,,,,,,,,,,5.40255778120185,2.28395490323255,0.0452696456086287,0.0494974746830583,0.150385208012327,0.0707106781186548,0.480154083204931,0.0282842712474619,,,2011.0,1989-07-23,,,,3
Tahir Whitehead,CAR,LB,10847,weighted,,,,,,,,,,,,,,,,,,,,,,,,,,,,,,,,,,,,,,,,,,,,,5.69990755007704,1.85261976670875,0.0099229583975346,0.014142135623731,0.0099229583975346,0.014142135623731,0.0900770416024653,0.014142135623731,,,2012.0,1990-04-02,,,,3
Shaq Green-Thompson,CAR,LB,12231,weighted,,,,,,,,,,,,,,,,,,,,,,,,,,,,,,,,,,,,,,,,,,,,,4.64982358402971,2.38695957014696,0.157270194986072,0.0574247574045407,0.06991643454039,0.031541209317666,0.230324976787372,0.0668603540560114,0.0,0.0,,1994-04-21,,,,3
Darius Leonard,IND,LB,13733,weighted,,,,,,,,,,,,,,,,,,,,,,,,,,,,,,,,,,,,,,,,,,,,,4.67578458681523,2.04056959775519,0.257678737233055,0.0510820202945905,0.10644382544104,0.0862031051706604,0.390046425255339,0.0095514791508587,0.0,0.0,2018.0,,,,,3
Jayon Brown,TEN,LB,13304,weighted,,,,,,,,,,,,,,,,,,,,,,,,,,,,,,,,,,,,,,,,,,,,,5.38348228043143,2.11424927574778,0.054884437596302,0.0212132034355964,0.114499229583975,0.0919238815542512,0.420616332819723,0.113137084989848,,,2017.0,1995-02-26,,,,3
,,LB,12622,weighted,,,,,,,,,,,,,,,,,,,,,,,,,,,,,,,,,,,,,,,,,,,,,2.29180394826413,2.04783849301642,0.126095983662355,0.137101881121552,0.0143328795098707,0.0262572050019627,0.0852756977535739,0.109513974955893,,,,,,,,3
Cory Littleton,LVR,LB,12985,weighted,,,,,,,,,,,,,,,,,,,,,,,,,,,,,,,,,,,,,,,,,,,,,5.32967642526965,1.89504617357995,0.1,1.9626738205735202e-17,0.04,9.81336910286762e-18,0.370231124807396,0.0424264068711928,,,2016.0,1993-11-18,,,,3
Anthony Hitchens,KC,LB,11795,weighted,,,,,,,,,,,,,,,,,,,,,,,,,,,,,,,,,,,,,,,,,,,,,5.51291217257319,1.30107647738325,0.074884437596302,0.0212132034355964,0.0099229583975346,0.014142135623731,0.0845762711864407,0.0777817459305202,,,2014.0,1992-06-10,,,,3
Myles Jack,JAC,LB,12702,weighted,,,,,,,,,,,,,,,,,,,,,,,,,,,,,,,,,,,,,,,,,,,,,4.25907149489322,1.81397094350159,0.154280408542247,0.0550729357398564,0.118486536675952,0.0880437656343757,0.259721448467967,0.0573088749051527,0.0,0.0,2016.0,1995-09-03,,,,3
Tremaine Edmunds,BUF,LB,13697,weighted,,,,,,,,,,,,,,,,,,,,,,,,,,,,,,,,,,,,,,,,,,,,,4.99075500770416,1.69705627484771,0.0651926040061633,0.0353553390593274,0.0699229583975347,0.014142135623731,0.410693374422188,0.127279220613579,,,2018.0,1998-05-02,,,,3
Chris Kirksey,GB,LB,11772,weighted,,,,,,,,,,,,,,,,,,,,,,,,,,,,,,,,,,,,,,,,,,,,,4.21271523178808,1.97989898732233,0.286622516556291,0.14142135623731,0.0216556291390728,0.0353553390593274,0.09,0.0,0.0,0.0,2014.0,1992-08-31,,,,3
A.J. Klein,BUF,LB,11375,weighted,,,,,,,,,,,,,,,,,,,,,,,,,,,,,,,,,,,,,,,,,,,,,4.23882896764253,2.05060966544099,0.119845916795069,0.0282842712474619,0.024884437596302,0.0212132034355964,0.160308166409861,0.0565685424949238,,,2013.0,1991-07-30,,,,3
B.J. Goodson,CLE,LB,12774,weighted,,,,,,,,,,,,,,,,,,,,,,,,,,,,,,,,,,,,,,,,,,,,,3.92874651810585,1.41298981557472,0.0150882079851439,0.0158148220816443,0.0211606313834726,0.0255410101472952,0.220371402042711,0.0764118332068702,0.0,0.0,2016.0,1993-05-29,,,,3
Jarrad Davis,DET,LB,13221,weighted,,,,,,,,,,,,,,,,,,,,,,,,,,,,,,,,,,,,,,,,,,,,,4.98126348228043,0.685893577750951,0.214884437596302,0.0212132034355964,0.015115562403698,0.0212132034355964,0.190847457627119,0.15556349186104,,,2017.0,,,,,3
Nate Gerry,PHI,LB,13321,weighted,,,,,,,,,,,,,,,,,,,,,,,,,,,,,,,,,,,,,,,,,,,,,4.70453004622496,1.0040916292849,0.114730354391371,0.0494974746830583,0.06,9.81336910286762e-18,0.2,3.92534764114705e-17,,,2017.0,1995-02-23,,,,3
Kwon Alexander,SF,LB,12233,weighted,,,,,,,,,,,,,,,,,,,,,,,,,,,,,,,,,,,,,,,,,,,,,4.43771956856703,1.33643181644257,0.104499229583975,0.0919238815542512,0.06,9.81336910286762e-18,0.399229583975347,0.14142135623731,,,2015.0,1994-08-03,,,,3
Harold Landry,TEN,LB,13700,weighted,,,,,,,,,,,,,,,,,,,,,,,,,,,,,,,,,,,,,,,,,,,,,3.87852080123267,2.10717820793591,0.4,7.85069528229409e-17,0.0503852080123267,0.0707106781186548,0.140462249614792,0.0848528137423857,,,2018.0,1996-06-05,,,,3
T.J. Watt,PIT,LB,13214,weighted,,,,,,,,,,,,,,,,,,,,,,,,,,,,,,,,,,,,,,,,,,,,,3.69075500770416,1.69705627484771,0.829768875192604,0.0424264068711928,0.160308166409861,0.0565685424949238,0.310693374422188,0.127279220613579,,,2017.0,1994-10-11,,,,3
Leonard Floyd,LAR,LB,12734,weighted,,,,,,,,,,,,,,,,,,,,,,,,,,,,,,,,,,,,,,,,,,,,,3.37852080123267,2.10717820793591,0.239691833590139,0.0565685424949238,0.0198459167950693,0.0282842712474619,0.150385208012327,0.0707106781186548,,,2016.0,1992-09-08,,,,3
Alex Anzalone,NO,LB,13268,weighted,,,,,,,,,,,,,,,,,,,,,,,,,,,,,,,,,,,,,,,,,,,,,3.30828967642527,2.1496046148071,0.228767334360555,0.226274169979695,0.0,0.0,0.054653312788906,0.0636396103067893,,,2017.0,1994-09-22,,,,3
Brandon Copeland,NE,LB,12489,weighted,,,,,,,,,,,,,,,,,,,,,,,,,,,,,,,,,,,,,,,,,,,,,3.08194144838213,2.3970919882224,0.109922958397535,0.0141421356237309,0.0149614791987673,0.0070710678118654,0.170231124807396,0.0424264068711928,,,,,,,,3
Lorenzo Carter,NYG,LB,13703,weighted,,,,,,,,,,,,,,,,,,,,,,,,,,,,,,,,,,,,,,,,,,,,,3.38425269645609,1.97282791951047,0.345423728813559,0.0777817459305203,0.0099229583975346,0.014142135623731,0.209922958397535,0.0141421356237309,,,2018.0,1995-12-10,,,,3
Jermaine Carter,CAR,LB,13787,weighted,,,,,,,,,,,,,,,,,,,,,,,,,,,,,,,,,,,,,,,,,,,,,2.62847457627119,3.03348809129029,0.0450385208012327,0.0070710678118654,0.0198459167950693,0.0282842712474619,0.0396918335901387,0.0565685424949238,,,2018.0,,,,,3
Oren Burks,GB,LB,13750,weighted,,,,,,,,,,,,,,,,,,,,,,,,,,,,,,,,,,,,,,,,,,,,,2.52274268104777,3.16783837971573,0.0,0.0,0.0099229583975346,0.014142135623731,0.0149614791987673,0.0070710678118654,,,2018.0,1995-03-21,,,,3
Nicholas Morrow,LVR,LB,13426,weighted,,,,,,,,,,,,,,,,,,,,,,,,,,,,,,,,,,,,,,,,,,,,,3.69535747446611,0.955147915085878,0.0,0.0,0.0300464252553389,0.0095514791508587,0.209489322191272,0.105066270659447,,,2017.0,1995-07-10,,,,3
Devin White,TB,LB,14168,weighted,,,,,,,,,,,,,,,,,,,,,,,,,,,,,,,,,,,,,,,,,,,,,3.56622516556291,1.4142135623731,0.156688741721854,0.0707106781186548,0.0870066225165563,0.0212132034355964,0.4,7.92166417128973e-17,0.0,0.0,2019.0,1998-02-17,,,,3
Vince Williams,PIT,LB,11403,weighted,,,,,,,,,,,,,,,,,,,,,,,,,,,,,,,,,,,,,,,,,,,,,3.89956856702619,0.997020561473032,0.330539291217257,0.0989949493661166,0.0149614791987673,0.0070710678118654,0.0801540832049307,0.0282842712474619,,,2013.0,1989-12-27,,,,3
Jordan Jenkins,NYJ,LB,12707,weighted,,,,,,,,,,,,,,,,,,,,,,,,,,,,,,,,,,,,,,,,,,,,,3.2751001540832,1.81726442764943,0.434730354391371,0.0494974746830583,0.02,4.90668455143381e-18,0.2,3.92534764114705e-17,,,2016.0,1994-07-01,,,,3
DeVondre Campbell,ARI,LB,12779,weighted,,,,,,,,,,,,,,,,,,,,,,,,,,,,,,,,,,,,,,,,,,,,,2.53680594243268,1.69356709368631,0.0699628597957289,0.0355773368141992,0.0848189415041783,0.0282893332128476,0.435766016713092,0.15759940598917,0.0,0.0,2016.0,1993-07-01,,,,3
Matt Judon,BAL,LB,12795,weighted,,,,,,,,,,,,,,,,,,,,,,,,,,,,,,,,,,,,,,,,,,,,,3.04036979969183,1.76776695296637,0.344653312788906,0.0636396103067893,0.0,0.0,0.054653312788906,0.0636396103067893,,,2016.0,,,,,3
Preston Smith,GB,LB,12270,weighted,,,,,,,,,,,,,,,,,,,,,,,,,,,,,,,,,,,,,,,,,,,,,2.9453312788906,1.77483802077823,0.599229583975347,0.141421356237309,0.015115562403698,0.0212132034355964,0.1,1.9626738205735202e-17,,,2015.0,1992-11-17,,,,3
Devon Kennard,ARI,LB,11830,weighted,,,,,,,,,,,,,,,,,,,,,,,,,,,,,,,,,,,,,,,,,,,,,3.01214175654854,1.44249783362056,0.399229583975347,0.14142135623731,0.0198459167950693,0.0282842712474619,0.089306625577812,0.127279220613579,,,2014.0,1991-06-24,,,,3
Bud Dupree,PIT,LB,12234,weighted,,,,,,,,,,,,,,,,,,,,,,,,,,,,,,,,,,,,,,,,,,,,,2.78237288135593,1.40007142674936,0.553805855161787,0.21920310216783,0.0100770416024653,0.014142135623731,0.149614791987673,0.0707106781186548,,,2015.0,1993-02-12,,,,3
L.J. Fort,BAL,LB,10989,weighted,,,,,,,,,,,,,,,,,,,,,,,,,,,,,,,,,,,,,,,,,,,,,1.88980132450331,0.636396103067893,0.2,3.96083208564486e-17,0.0086622516556291,0.014142135623731,0.1,1.98041604282243e-17,0.0,0.0,2012.0,1990-01-03,,,,3
Shaquil Barrett,TB,LB,12075,weighted,,,,,,,,,,,,,,,,,,,,,,,,,,,,,,,,,,,,,,,,,,,,,2.03130970724191,0.240416305603426,0.550385208012327,0.0707106781186547,0.0200770416024653,0.0141421356237309,0.180154083204931,0.0282842712474619,,,2014.0,1992-11-17,,,,3
Tracy Walker,DET,DB,13747,weighted,,,,,,,,,,,,,,,,,,,,,,,,,,,,,,,,,,,,,,,,,,,,,5.9686165273909,1.31332838324308,0.0250232126276695,0.0047757395754293,0.0900464252553389,0.0095514791508587,0.671067780872795,0.219684020469752,,,2018.0,1995-02-01,,,,3
Landon Collins,WAS,DB,12250,weighted,,,,,,,,,,,,,,,,,,,,,,,,,,,,,,,,,,,,,,,,,,,,,5.71633281972265,1.59099025766973,0.0950385208012327,0.0070710678118654,0.0900770416024653,0.014142135623731,0.230539291217257,0.0989949493661166,,,2015.0,1994-01-10,,,,3
Jamal Adams,SEA,DB,13230,weighted,,,,,,,,,,,,,,,,,,,,,,,,,,,,,,,,,,,,,,,,,,,,,5.32880222841226,1.27512246663965,0.404976787372331,0.0047757395754293,0.0601857010213556,0.0382059166034351,0.404512534818942,0.100290531084017,,,2017.0,1995-10-17,,,,3
Budda Baker,ARI,DB,13251,weighted,,,,,,,,,,,,,,,,,,,,,,,,,,,,,,,,,,,,,,,,,,,,,6.6,0.0,0.09,0.0,0.0,0.0,0.2,3.96083208564486e-17,,,2017.0,1996-01-10,,,,3
Terrell Edmunds,PIT,DB,13716,weighted,,,,,,,,,,,,,,,,,,,,,,,,,,,,,,,,,,,,,,,,,,,,,5.16936825885978,1.95161471607487,0.0900770416024653,0.014142135623731,0.064884437596302,0.0212132034355964,0.320616332819723,0.113137084989848,,,2018.0,1997-01-20,,,,3
Jordan Poyer,BUF,DB,11317,weighted,,,,,,,,,,,,,,,,,,,,,,,,,,,,,,,,,,,,,,,,,,,,,5.50577530176416,0.869184602728149,0.190046425255339,0.0095514791508587,0.150232126276695,0.0477573957542939,0.200464252553389,0.0955147915085878,,,2013.0,1991-04-25,,,,3
Harrison Smith,MIN,DB,10783,weighted,,,,,,,,,,,,,,,,,,,,,,,,,,,,,,,,,,,,,,,,,,,,,5.14917363045497,1.19871063343278,0.0649303621169917,0.0143272187262882,0.179628597957289,0.0764118332068702,0.459721448467967,0.0573088749051527,,,2012.0,1989-02-02,,,,3
Xavier Woods,DAL,DB,13325,weighted,,,,,,,,,,,,,,,,,,,,,,,,,,,,,,,,,,,,,,,,,,,,,4.88921417565485,1.97989898732233,0.0099229583975346,0.014142135623731,0.0850385208012327,0.0070710678118654,0.300770416024653,0.14142135623731,,,2017.0,1995-07-26,,,,3
Eddie Jackson,CHI,DB,13229,weighted,,,,,,,,,,,,,,,,,,,,,,,,,,,,,,,,,,,,,,,,,,,,,5.70683379758589,0.377283426458922,0.0199071494893222,0.0191029583017175,0.190510677808728,0.105066270659447,0.4208356545961,0.171926624715458,,,2017.0,,,,,3
Jabrill Peppers,NYG,DB,13231,weighted,,,,,,,,,,,,,,,,,,,,,,,,,,,,,,,,,,,,,,,,,,,,,5.18810477657935,1.26572113832392,0.0201540832049307,0.0282842712474619,0.084884437596302,0.0212132034355964,0.3,0.0,,,2017.0,1995-10-04,,,,3
Vonn Bell,CIN,DB,12718,weighted,,,,,,,,,,,,,,,,,,,,,,,,,,,,,,,,,,,,,,,,,,,,,5.15337442218798,1.21622366364086,0.0947303543913713,0.0494974746830583,0.114653312788906,0.0636396103067893,0.290077041602465,0.0141421356237309,,,2016.0,1994-12-12,,,,3
Kenny Vaccaro,TEN,DB,11324,weighted,,,,,,,,,,,,,,,,,,,,,,,,,,,,,,,,,,,,,,,,,,,,,4.39442896935933,1.14617749810305,0.134837511606314,0.0334301770280057,0.159628597957289,0.0764118332068702,0.539814298978644,0.0382059166034351,,,2013.0,1991-02-15,,,,3
Kevin Byard,TEN,DB,12752,weighted,,,,,,,,,,,,,,,,,,,,,,,,,,,,,,,,,,,,,,,,,,,,,4.48160246533128,1.54149278298667,0.0251926040061633,0.0353553390593274,0.180154083204931,0.0282842712474619,0.370231124807396,0.0424264068711928,,,2016.0,1993-08-17,,,,3
John Johnson,LAR,DB,13274,weighted,,,,,,,,,,,,,,,,,,,,,,,,,,,,,,,,,,,,,,,,,,,,,5.13298050139276,0.415489343062357,0.02,0.0,0.21041782729805,0.085963312357729,0.580557103064067,0.114617749810305,,,2017.0,1994-01-01,,,,3
Janoris Jenkins,NO,DB,10779,weighted,,,,,,,,,,,,,,,,,,,,,,,,,,,,,,,,,,,,,,,,,,,,,4.55554317548747,0.916941998482442,0.0150696378830084,0.0143272187262882,0.240278551532033,0.0573088749051527,0.750232126276695,0.0477573957542939,,,2012.0,1988-10-29,,,,3
Levi Wallace,BUF,DB,13711,weighted,,,,,,,,,,,,,,,,,,,,,,,,,,,,,,,,,,,,,,,,,,,,,4.95740018570102,0.534882832448091,0.0100464252553389,0.0095514791508587,0.139721448467967,0.0573088749051527,0.429860724233983,0.0286544374525763,,,2018.0,,,,,3
Tyrann Mathieu,KC,DB,11313,weighted,,,,,,,,,,,,,,,,,,,,,,,,,,,,,,,,,,,,,,,,,,,,,4.77972265023112,0.96873629022557,0.0749614791987673,0.0070710678118654,0.119845916795069,0.0282842712474619,0.721386748844376,0.254558441227157,,,2013.0,1992-05-13,,,,3
Tre Flowers,SEA,DB,13778,weighted,,,,,,,,,,,,,,,,,,,,,,,,,,,,,,,,,,,,,,,,,,,,,3.9033281972265,2.14253354699524,0.0947303543913713,0.0494974746830583,0.0996918335901387,0.0565685424949238,0.280154083204931,0.0282842712474619,,,2018.0,1995-06-02,,,,3
Kyle Fuller,CHI,DB,11764,weighted,,,,,,,,,,,,,,,,,,,,,,,,,,,,,,,,,,,,,,,,,,,,,5.04730354391371,0.494974746830583,0.0,0.0,0.3,0.0,0.961848998459168,0.339411254969543,,,2014.0,1992-02-16,,,,3
Justin Simmons,DEN,DB,12767,weighted,,,,,,,,,,,,,,,,,,,,,,,,,,,,,,,,,,,,,,,,,,,,,5.26064995357475,0.133720708112023,0.0,0.0,0.370139275766017,0.0286544374525763,0.895951717734448,0.195805322592605,,,2016.0,1993-11-19,,,,3
,,DB,12622,weighted,,,,,,,,,,,,,,,,,,,,,,,,,,,,,,,,,,,,,,,,,,,,,2.11207178555202,1.76683610808915,0.0229713766469786,0.0454855666644527,0.0501726487960018,0.0628319218119117,0.321141526578828,0.323203506296524,,,,,,,,3
Damontae Kazee,ATL,DB,13301,weighted,,,,,,,,,,,,,,,,,,,,,,,,,,,,,,,,,,,,,,,,,,,,,4.21633281972265,1.59099025766973,0.0,0.0,0.0700770416024653,0.014142135623731,0.119845916795069,0.0282842712474619,,,2017.0,1993-06-05,,,,3
Lamarcus Joyner,LVR,DB,11742,weighted,,,,,,,,,,,,,,,,,,,,,,,,,,,,,,,,,,,,,,,,,,,,,4.22521819870009,0.983802352538454,0.0,0.0,0.0497678737233055,0.0477573957542939,0.290046425255339,0.0095514791508587,,,2014.0,1990-11-27,,,,3
Chuck Clark,BAL,DB,13322,weighted,,,,,,,,,,,,,,,,,,,,,,,,,,,,,,,,,,,,,,,,,,,,,4.40872110939908,1.15258405333407,0.175192604006163,0.0353553390593274,0.1,1.9626738205735202e-17,0.461078582434515,0.197989898732233,,,2017.0,1995-04-19,,,,3
Karl Joseph,CLE,DB,12717,weighted,,,,,,,,,,,,,,,,,,,,,,,,,,,,,,,,,,,,,,,,,,,,,4.14191063174114,1.48492424049175,0.0201540832049307,0.0282842712474619,0.0748073959938367,0.0353553390593274,0.240462249614792,0.0848528137423857,,,2016.0,,,,,3
Avonte Maddox,PHI,DB,13767,weighted,,,,,,,,,,,,,,,,,,,,,,,,,,,,,,,,,,,,,,,,,,,,,4.62753946146704,0.506228394995515,0.0497678737233055,0.0477573957542939,0.194233983286908,0.15759940598917,0.89455896007428,0.0907390519331584,,,2018.0,1996-03-31,,,,3
James Bradberry,NYG,DB,12750,weighted,,,,,,,,,,,,,,,,,,,,,,,,,,,,,,,,,,,,,,,,,,,,,4.44003081664099,0.912167747730646,0.0,0.0,0.209922958397535,0.0141421356237309,1.12138674884438,0.254558441227157,,,2016.0,1993-08-04,,,,3
Dre Kirkpatrick,ARI,DB,10778,weighted,,,,,,,,,,,,,,,,,,,,,,,,,,,,,,,,,,,,,,,,,,,,,3.61975346687211,1.88090403795622,0.0793836671802774,0.113137084989848,0.089306625577812,0.127279220613579,0.249614791987673,0.0707106781186547,,,2012.0,1989-10-26,,,,3
Marlon Humphrey,BAL,DB,13223,weighted,,,,,,,,,,,,,,,,,,,,,,,,,,,,,,,,,,,,,,,,,,,,,3.9575654853621,1.36471608769004,0.04,9.81336910286762e-18,0.209922958397535,0.0141421356237309,0.770231124807396,0.0424264068711929,,,2017.0,1996-07-08,,,,3
Rodney McLeod,PHI,DB,11017,weighted,,,,,,,,,,,,,,,,,,,,,,,,,,,,,,,,,,,,,,,,,,,,,4.25491525423729,0.933380951166243,0.054653312788906,0.0636396103067893,0.0748073959938367,0.0353553390593274,0.460308166409861,0.0565685424949238,,,2012.0,1990-06-23,,,,3
Jalen Ramsey,LAR,DB,12711,weighted,,,,,,,,,,,,,,,,,,,,,,,,,,,,,,,,,,,,,,,,,,,,,4.30530046224962,0.862670273047588,0.0,0.0,0.119845916795069,0.0282842712474619,0.400770416024653,0.14142135623731,,,2016.0,1994-10-24,,,,3
Bradley McDougald,NYJ,DB,11517,weighted,,,,,,,,,,,,,,,,,,,,,,,,,,,,,,,,,,,,,,,,,,,,,4.65381615598886,0.243562718346899,0.07,1.7075921313603e-17,0.149767873723305,0.0477573957542939,0.460185701021356,0.0382059166034351,,,2013.0,1990-11-15,,,,3
Bryce Callahan,DEN,DB,12506,weighted,,,,,,,,,,,,,,,,,,,,,,,,,,,,,,,,,,,,,,,,,,,,,4.50187981510015,0.572756492761104,0.0,0.0,0.0894607087827427,0.0989949493661166,0.299229583975347,0.14142135623731,,,,,,,,3
Kareem Jackson,DEN,DB,9861,weighted,,,,,,,,,,,,,,,,,,,,,,,,,,,,,,,,,,,,,,,,,,,,,4.54730354391371,0.494974746830583,0.0,0.0,0.189306625577812,0.127279220613579,0.790847457627119,0.15556349186104,,,2010.0,1988-04-10,,,,3
Anthony Harris,MIN,DB,12252,weighted,,,,,,,,,,,,,,,,,,,,,,,,,,,,,,,,,,,,,,,,,,,,,3.68579352850539,1.68998520703585,0.0099229583975346,0.014142135623731,0.180924499229584,0.169705627484771,0.460308166409861,0.0565685424949238,,,2015.0,1992-06-04,,,,3
Marshon Lattimore,NO,DB,13224,weighted,,,,,,,,,,,,,,,,,,,,,,,,,,,,,,,,,,,,,,,,,,,,,4.00375963020031,1.14551298552221,0.0099229583975346,0.014142135623731,0.0798459167950693,0.0282842712474619,0.7,0.0,,,2017.0,1996-05-19,,,,3
Jordan Whitehead,TB,DB,13760,weighted,,,,,,,,,,,,,,,,,,,,,,,,,,,,,,,,,,,,,,,,,,,,,3.69987000928505,1.05543844616989,0.0,0.0,0.159721448467967,0.0573088749051527,0.509489322191272,0.105066270659447,,,2018.0,1997-03-18,,,,3
Steven Nelson,PIT,DB,12291,weighted,,,,,,,,,,,,,,,,,,,,,,,,,,,,,,,,,,,,,,,,,,,,,4.03926040061633,1.05358910396796,0.0099229583975346,0.014142135623731,0.089768875192604,0.0424264068711928,0.580154083204931,0.0282842712474618,,,2015.0,1993-01-22,,,,3
Malcolm Jenkins,NO,DB,9430,weighted,,,,,,,,,,,,,,,,,,,,,,,,,,,,,,,,,,,,,,,,,,,,,4.63935004642526,0.133720708112023,0.155208913649025,0.0429816561788645,0.119814298978644,0.0382059166034351,0.700928505106778,0.191029583017176,,,2009.0,1987-12-20,,,,3
Jaire Alexander,GB,DB,13730,weighted,,,,,,,,,,,,,,,,,,,,,,,,,,,,,,,,,,,,,,,,,,,,,4.30311977715877,0.38683490560978,0.0651160631383473,0.0238786978771469,0.139814298978644,0.0382059166034351,0.860185701021356,0.0382059166034351,,,2018.0,1997-02-09,,,,3
Tre Boston,CAR,DB,11802,weighted,,,,,,,,,,,,,,,,,,,,,,,,,,,,,,,,,,,,,,,,,,,,,4.03506933744222,0.905096679918781,0.0,0.0,0.150385208012327,0.0707106781186548,0.419845916795069,0.0282842712474619,,,2014.0,1992-06-25,,,,3
Kevin King,GB,DB,13250,weighted,,,,,,,,,,,,,,,,,,,,,,,,,,,,,,,,,,,,,,,,,,,,,3.98468412942989,0.975807358037435,0.0250385208012327,0.0070710678118654,0.170231124807396,0.0424264068711928,0.729768875192604,0.0424264068711929,,,2017.0,1995-05-05,,,,3
Joe Haden,PIT,DB,9820,weighted,,,,,,,,,,,,,,,,,,,,,,,,,,,,,,,,,,,,,,,,,,,,,3.97972265023112,0.96873629022557,0.0,0.0,0.280154083204931,0.0282842712474619,0.680154083204931,0.0282842712474618,,,2010.0,1989-04-14,,,,3
Erik Harris,LVR,DB,12910,weighted,,,,,,,,,,,,,,,,,,,,,,,,,,,,,,,,,,,,,,,,,,,,,4.08049306625578,0.827314933988261,0.0,0.0,0.160308166409861,0.0565685424949238,0.460308166409861,0.0565685424949238,,,2015.0,1990-04-02,,,,3
Patrick Peterson,ARI,DB,10260,weighted,,,,,,,,,,,,,,,,,,,,,,,,,,,,,,,,,,,,,,,,,,,,,3.75337442218798,1.21622366364086,0.0547303543913713,0.0494974746830583,0.129614791987673,0.0707106781186548,0.450385208012327,0.0707106781186547,,,2011.0,1990-07-11,,,,3
Jimmie Ward,SF,DB,11768,weighted,,,,,,,,,,,,,,,,,,,,,,,,,,,,,,,,,,,,,,,,,,,,,4.19195685670262,0.558614357137373,0.069768875192604,0.0424264068711929,0.089306625577812,0.127279220613579,0.660308166409861,0.0565685424949238,,,2014.0,1991-07-18,,,,3
Ronald Darby,WAS,DB,12276,weighted,,,,,,,,,,,,,,,,,,,,,,,,,,,,,,,,,,,,,,,,,,,,,2.35328197226502,3.06884343034962,0.0,0.0,0.104268104776579,0.134350288425444,0.48653312788906,0.636396103067893,,,2015.0,1994-01-02,,,,3
Malcolm Butler,TEN,DB,11965,weighted,,,,,,,,,,,,,,,,,,,,,,,,,,,,,,,,,,,,,,,,,,,,,3.35602465331279,1.64755880016466,0.0049614791987673,0.0070710678118654,0.129768875192604,0.0424264068711928,0.438921417565485,0.197989898732233,,,2014.0,1990-03-02,,,,3
Denzel Ward,CLE,DB,13707,weighted,,,,,,,,,,,,,,,,,,,,,,,,,,,,,,,,,,,,,,,,,,,,,3.45679506933744,1.50613744392735,0.0,0.0,0.144576271186441,0.0777817459305202,0.858767334360555,0.226274169979695,,,2018.0,1997-04-28,,,,3
Daniel Sorensen,KC,DB,11956,weighted,,,,,,,,,,,,,,,,,,,,,,,,,,,,,,,,,,,,,,,,,,,,,3.94576271186441,0.777817459305202,0.0100770416024653,0.014142135623731,0.0801540832049307,0.0282842712474619,0.3,0.0,,,2014.0,1990-03-05,,,,3
Jalen Mills,PHI,DB,12716,weighted,,,,,,,,,,,,,,,,,,,,,,,,,,,,,,,,,,,,,,,,,,,,,4.5,0.0,0.07,0.0,0.1,1.98041604282243e-17,0.6,0.0,,,2016.0,1994-04-06,,,,3
Shaq Griffin,SEA,DB,13273,weighted,,,,,,,,,,,,,,,,,,,,,,,,,,,,,,,,,,,,,,,,,,,,,3.97777158774373,0.458470999241221,0.0150696378830084,0.0143272187262882,0.0946982358402971,0.062084614480582,0.669675023212628,0.0668603540560114,,,2017.0,1994-01-01,,,,3
Tavon Wilson,IND,DB,10808,weighted,,,,,,,,,,,,,,,,,,,,,,,,,,,,,,,,,,,,,,,,,,,,,3.35183359013868,1.49906637611548,0.070231124807396,0.0424264068711929,0.0694607087827427,0.0989949493661166,0.3,0.0,,,2012.0,1990-03-19,,,,3
Eric Rowe,MIA,DB,12275,weighted,,,,,,,,,,,,,,,,,,,,,,,,,,,,,,,,,,,,,,,,,,,,,4.00187981510015,0.572756492761103,0.0,0.0,0.139691833590139,0.0565685424949238,0.600770416024653,0.141421356237309,,,2015.0,1992-10-03,,,,3
Eric Murray,HOU,DB,12772,weighted,,,,,,,,,,,,,,,,,,,,,,,,,,,,,,,,,,,,,,,,,,,,,3.49306625577812,1.27279220613579,0.074653312788906,0.0636396103067893,0.0450385208012327,0.0070710678118654,0.180154083204931,0.0282842712474619,,,2016.0,1994-01-07,,,,3
Jaquiski Tartt,SF,DB,12274,weighted,,,,,,,,,,,,,,,,,,,,,,,,,,,,,,,,,,,,,,,,,,,,,4.09272727272727,0.417193000900063,0.094884437596302,0.0212132034355964,0.0900770416024653,0.014142135623731,0.3,0.0,,,2015.0,1992-02-18,,,,3
Antonio Hamilton,KC,DB,12976,weighted,,,,,,,,,,,,,,,,,,,,,,,,,,,,,,,,,,,,,,,,,,,,,2.32924499229584,2.89206673505298,0.0,0.0,0.029768875192604,0.0424264068711928,0.164268104776579,0.134350288425444,,,0.0,1993-01-24,,,,3
Carlton Davis,TB,DB,13710,weighted,,,,,,,,,,,,,,,,,,,,,,,,,,,,,,,,,,,,,,,,,,,,,3.6144530046225,1.01823376490863,0.0,0.0,0.199229583975347,0.14142135623731,0.998459167950693,0.282842712474619,,,2018.0,1996-12-31,,,,3
Josh Jones,JAC,DB,13264,weighted,,,,,,,,,,,,,,,,,,,,,,,,,,,,,,,,,,,,,,,,,,,,,4.02627669452182,0.262665676648616,0.0200928505106778,0.0191029583017175,0.139814298978644,0.0382059166034351,0.479628597957289,0.0764118332068702,,,2017.0,1995-01-01,,,,3
Justin Reid,HOU,DB,13717,weighted,,,,,,,,,,,,,,,,,,,,,,,,,,,,,,,,,,,,,,,,,,,,,4.3,0.0,0.01,0.0,0.1,1.98041604282243e-17,0.5,0.0,,,2018.0,1997-02-15,,,,3
Bradley Roby,HOU,DB,11735,weighted,,,,,,,,,,,,,,,,,,,,,,,,,,,,,,,,,,,,,,,,,,,,,3.83661016949153,0.622253967444162,0.0349614791987673,0.0070710678118654,0.139691833590139,0.0565685424949238,0.450385208012327,0.0707106781186547,,,2014.0,1992-05-01,,,,3
Andrew Sendejo,CLE,DB,10220,weighted,,,,,,,,,,,,,,,,,,,,,,,,,,,,,,,,,,,,,,,,,,,,,3.02926648096564,1.17960767513106,0.0499071494893222,0.0191029583017176,0.0551624883936862,0.0334301770280057,0.219907149489322,0.0191029583017175,,,2010.0,1987-09-09,,,,3
Xavien Howard,MIA,DB,12742,weighted,,,,,,,,,,,,,,,,,,,,,,,,,,,,,,,,,,,,,,,,,,,,,3.31787365177196,1.30814754519511,0.0,0.0,0.149614791987673,0.0707106781186548,0.549614791987673,0.0707106781186547,,,2016.0,1993-07-04,,,,3
Troy Apke,WAS,DB,13756,weighted,,,,,,,,,,,,,,,,,,,,,,,,,,,,,,,,,,,,,,,,,,,,,4.17442218798151,0.106066017177982,0.0100770416024653,0.014142135623731,0.050231124807396,0.0424264068711929,0.230539291217257,0.0989949493661166,,,2018.0,1995-04-11,,,,3
Holton Hill,MIN,DB,13945,weighted,,,,,,,,,,,,,,,,,,,,,,,,,,,,,,,,,,,,,,,,,,,,,3.96874651810585,0.257889937073187,0.0699535747446611,0.0095514791508587,0.0449303621169916,0.0143272187262882,0.28958217270195,0.085963312357729,,,2018.0,1970-01-01,,,,3
Terrance Mitchell,CLE,DB,11883,weighted,,,,,,,,,,,,,,,,,,,,,,,,,,,,,,,,,,,,,,,,,,,,,2.53728813559322,2.33345237791561,0.0,0.0,0.119537750385208,0.0848528137423857,0.34884437596302,0.212132034355964,,,2014.0,1992-05-27,,,,3
Brian Poole,NYJ,DB,12938,weighted,,,,,,,,,,,,,,,,,,,,,,,,,,,,,,,,,,,,,,,,,,,,,4.2,0.0,0.1,1.98041604282243e-17,0.07,0.0,0.5,0.0,,,2016.0,1992-10-20,,,,3
Johnathan Abram,LVR,DB,14184,weighted,,,,,,,,,,,,,,,,,,,,,,,,,,,,,,,,,,,,,,,,,,,,,4.2,0.0,0.01,0.0,0.1,1.98041604282243e-17,0.7,0.0,,,2019.0,1970-01-01,,,,3
Johnathan Joseph,TEN,DB,8265,weighted,,,,,,,,,,,,,,,,,,,,,,,,,,,,,,,,,,,,,,,,,,,,,2.70345403899721,1.34675856027109,0.0,0.0,0.119628597957289,0.0764118332068702,0.658792943361189,0.248338457922328,,,2006.0,1984-04-16,,,,3
Juston Burris,CAR,DB,12781,weighted,,,,,,,,,,,,,,,,,,,,,,,,,,,,,,,,,,,,,,,,,,,,,2.63386748844376,2.04353859762912,0.0447303543913713,0.0494974746830583,0.0499229583975347,0.0141421356237309,0.439691833590139,0.0565685424949238,,,2016.0,1993-08-04,,,,3
Charvarius Ward,KC,DB,13920,weighted,,,,,,,,,,,,,,,,,,,,,,,,,,,,,,,,,,,,,,,,,,,,,2.83540832049307,1.7606958851545,0.0,0.0,0.104268104776579,0.134350288425444,0.380154083204931,0.0282842712474619,,,2018.0,1996-05-16,Q,Hand,2020.0,3
Donte Jackson,CAR,DB,13738,weighted,,,,,,,,,,,,,,,,,,,,,,,,,,,,,,,,,,,,,,,,,,,,,3.12283513097072,1.31521861300698,0.0,0.0,0.2,3.92534764114705e-17,0.599229583975347,0.141421356237309,,,2018.0,1995-11-08,,,,3
William Jackson,CIN,DB,12737,weighted,,,,,,,,,,,,,,,,,,,,,,,,,,,,,,,,,,,,,,,,,,,,,2.90640986132512,1.576848122046,0.0,0.0,0.130539291217257,0.0989949493661166,0.490077041602465,0.014142135623731,,,2016.0,1993-01-01,,,,3
Jason McCourty,NE,DB,9633,weighted,,,,,,,,,,,,,,,,,,,,,,,,,,,,,,,,,,,,,,,,,,,,,3.19879815100154,1.13844191771034,0.0,0.0,0.0996918335901387,0.0565685424949238,0.350385208012327,0.0707106781186548,,,2009.0,1987-08-13,,,,3
Chris Harris,LAC,DB,10592,weighted,,,,,,,,,,,,,,,,,,,,,,,,,,,,,,,,,,,,,,,,,,,,,3.49118644067797,0.700035713374682,0.0,0.0,0.109922958397535,0.0141421356237309,0.480154083204931,0.0282842712474619,,,2011.0,1989-06-18,,,,3
Marcus Williams,NO,DB,13253,weighted,,,,,,,,,,,,,,,,,,,,,,,,,,,,,,,,,,,,,,,,,,,,,3.49118644067797,0.700035713374682,0.0,0.0,0.200770416024653,0.14142135623731,0.5,0.0,,,2017.0,1996-09-08,,,,3
Casey Hayward,LAC,DB,10793,weighted,,,,,,,,,,,,,,,,,,,,,,,,,,,,,,,,,,,,,,,,,,,,,3.28468412942989,0.975807358037435,0.0,0.0,0.139691833590139,0.0565685424949238,0.638921417565485,0.197989898732233,,,2012.0,1989-09-09,,,,3
Rayshawn Jenkins,LAC,DB,13288,weighted,,,,,,,,,,,,,,,,,,,,,,,,,,,,,,,,,,,,,,,,,,,,,3.77365177195686,0.247487373415292,0.0,0.0,0.109922958397535,0.0141421356237309,0.361078582434515,0.197989898732233,,,2017.0,1994-01-25,,,,3
TreDavious White,BUF,DB,13249,weighted,,,,,,,,,,,,,,,,,,,,,,,,,,,,,,,,,,,,,,,,,,,,,3.2144530046225,1.01823376490863,0.0299229583975347,0.014142135623731,0.269460708782743,0.0989949493661166,0.899229583975347,0.141421356237309,,,2017.0,1995-01-16,,,,3
Minkah Fitzpatrick,PIT,DB,13713,weighted,,,,,,,,,,,,,,,,,,,,,,,,,,,,,,,,,,,,,,,,,,,,,3.80419106317411,0.148492424049175,0.0,0.0,0.190077041602465,0.014142135623731,0.380924499229584,0.169705627484771,,,2018.0,1996-11-17,,,,3
Adrian Phillips,NE,DB,12088,weighted,,,,,,,,,,,,,,,,,,,,,,,,,,,,,,,,,,,,,,,,,,,,,3.9,0.0,0.0,0.0,0.3,0.0,0.7,0.0,,,2014.0,1992-03-28,,,,3
Terrence Brooks,NE,DB,11776,weighted,,,,,,,,,,,,,,,,,,,,,,,,,,,,,,,,,,,,,,,,,,,,,2.24798151001541,2.20617315730203,0.0,0.0,0.030231124807396,0.0424264068711928,0.139537750385208,0.0848528137423857,,,2014.0,1991-03-02,,,,3
Quandre Diggs,SEA,DB,12349,weighted,,,,,,,,,,,,,,,,,,,,,,,,,,,,,,,,,,,,,,,,,,,,,3.34653312788906,0.636396103067893,0.0,0.0,0.161078582434515,0.197989898732233,0.480924499229584,0.169705627484771,,,2015.0,1991-11-07,,,,3
Marcus Maye,NYJ,DB,13252,weighted,,,,,,,,,,,,,,,,,,,,,,,,,,,,,,,,,,,,,,,,,,,,,2.95394614670381,0.811875727822996,0.160185701021356,0.0382059166034351,0.0750696378830084,0.0143272187262882,0.465626740947075,0.128944968536593,,,2017.0,1994-01-01,,,,3
Xavier Rhodes,IND,DB,11314,weighted,,,,,,,,,,,,,,,,,,,,,,,,,,,,,,,,,,,,,,,,,,,,,3.21758588672238,0.496676915844656,0.0200928505106778,0.0191029583017175,0.139814298978644,0.0382059166034351,0.259721448467967,0.0573088749051527,,,2013.0,1990-06-19,,,,3
Mike Hilton,PIT,DB,13414,weighted,,,,,,,,,,,,,,,,,,,,,,,,,,,,,,,,,,,,,,,,,,,,,3.7,0.0,0.3,0.0,0.03,4.95104010705608e-18,0.7,0.0,,,2016.0,1994-03-09,,,,3
Darius Slay,PHI,DB,11348,weighted,,,,,,,,,,,,,,,,,,,,,,,,,,,,,,,,,,,,,,,,,,,,,3.1862249614792,0.692964645562817,0.0,0.0,0.158921417565485,0.197989898732233,0.618305084745763,0.311126983722081,,,2013.0,1991-01-01,,,,3
Marcus Peters,BAL,DB,12245,weighted,,,,,,,,,,,,,,,,,,,,,,,,,,,,,,,,,,,,,,,,,,,,,3.03506933744222,0.905096679918781,0.0,0.0,0.210693374422188,0.127279220613579,0.682465331278891,0.45254833995939,,,2015.0,1993-01-09,,,,3
Tre Herndon,JAC,DB,13914,weighted,,,,,,,,,,,,,,,,,,,,,,,,,,,,,,,,,,,,,,,,,,,,,3.28699537750385,0.551543289325507,0.0,0.0,0.109768875192604,0.0424264068711929,0.619075500770416,0.169705627484771,,,2018.0,1970-01-01,,,,3
Pierre Desir,NYJ,DB,11801,weighted,,,,,,,,,,,,,,,,,,,,,,,,,,,,,,,,,,,,,,,,,,,,,3.22668721109399,0.608111831820431,0.0100770416024653,0.014142135623731,0.229768875192604,0.0424264068711928,0.569460708782743,0.0989949493661166,,,2014.0,1990-09-08,,,,3
Stephon Gilmore,NE,DB,10789,weighted,,,,,,,,,,,,,,,,,,,,,,,,,,,,,,,,,,,,,,,,,,,,,3.10607087827427,0.721248916810278,0.0,0.0,0.259537750385208,0.0848528137423857,0.659537750385208,0.0848528137423857,,,2012.0,1990-09-19,,,,3
Darius Phillips,CIN,DB,13790,weighted,,,,,,,,,,,,,,,,,,,,,,,,,,,,,,,,,,,,,,,,,,,,,2.12967642526965,1.89504617357995,0.0,0.0,0.170231124807396,0.0424264068711928,0.604961479198767,0.0070710678118654,,,2018.0,1995-06-26,,,,3
Buster Skrine,CHI,DB,10379,weighted,,,,,,,,,,,,,,,,,,,,,,,,,,,,,,,,,,,,,,,,,,,,,2.73516178736518,0.947523086789974,0.0,0.0,0.0396918335901387,0.0565685424949238,0.509922958397535,0.014142135623731,,,2011.0,1989-04-26,,,,3
Troy Hill,LAR,DB,12589,weighted,,,,,,,,,,,,,,,,,,,,,,,,,,,,,,,,,,,,,,,,,,,,,3.4,6.33733133703178e-16,0.01,0.0,0.2,3.96083208564486e-17,0.4,7.92166417128973e-17,,,,,,,,3
Jonathan Jones,NE,DB,12988,weighted,,,,,,,,,,,,,,,,,,,,,,,,,,,,,,,,,,,,,,,,,,,,,2.49238828967643,0.438406204335659,0.0,0.0,0.0599229583975347,0.014142135623731,0.375192604006163,0.0353553390593274,,,2016.0,1993-09-20,,,,3
Devin McCourty,NE,DB,9846,weighted,,,,,,,,,,,,,,,,,,,,,,,,,,,,,,,,,,,,,,,,,,,,,2.7,0.0,0.01,0.0,0.2,3.96083208564486e-17,0.4,7.92166417128973e-17,,,2010.0,1987-08-13,,,,3
Taron Johnson,BUF,DB,13764,weighted,,,,,,,,,,,,,,,,,,,,,,,,,,,,,,,,,,,,,,,,,,,,,2.25660167130919,0.329526030704628,0.0450696378830084,0.0143272187262882,0.0398142989786444,0.0382059166034351,0.359721448467967,0.0573088749051527,,,2018.0,1996-07-27,,,,3
Fabian Moreau,WAS,DB,13270,weighted,,,,,,,,,,,,,,,,,,,,,,,,,,,,,,,,,,,,,,,,,,,,,2.09691833590139,0.565685424949238,0.0,0.0,0.140462249614792,0.0848528137423857,0.385115562403698,0.0212132034355964,,,2017.0,1994-04-09,,,,3
Greg Stroman,WAS,DB,13840,weighted,,,,,,,,,,,,,,,,,,,,,,,,,,,,,,,,,,,,,,,,,,,,,1.64345146379045,1.20208152801713,0.0,0.0,0.0644992295839753,0.0919238815542512,0.287765793528505,0.410121933088197,,,2018.0,1996-03-08,,,,3
Michael Davis,LAC,DB,13479,weighted,,,,,,,,,,,,,,,,,,,,,,,,,,,,,,,,,,,,,,,,,,,,,1.94277349768875,0.509116882454314,0.0,0.0,0.190077041602465,0.014142135623731,0.6,0.0,,,2017.0,1995-01-06,,,,3
Chandon Sullivan,GB,DB,14013,weighted,,,,,,,,,,,,,,,,,,,,,,,,,,,,,,,,,,,,,,,,,,,,,1.96295839753467,0.37476659402887,0.0,0.0,0.160308166409861,0.0565685424949238,0.480154083204931,0.0282842712474619,,,2018.0,1970-01-01,,,,3
Sean Davis,PIT,DB,12748,weighted,,,,,,,,,,,,,,,,,,,,,,,,,,,,,,,,,,,,,,,,,,,,,2.06107858243451,0.197989898732233,0.0,0.0,0.0844992295839753,0.0919238815542512,0.314114021571649,0.162634559672906,,,2016.0,,,,,3
Darqueze Dennard,ATL,DB,11737,weighted,,,,,,,,,,,,,,,,,,,,,,,,,,,,,,,,,,,,,,,,,,,,,2.04465331278891,0.0636396103067892,0.0,0.0,0.064653312788906,0.0636396103067893,0.504191063174114,0.148492424049175,,,2014.0,1991-08-10,,,,3
Crevon LeBlanc,PHI,DB,13001,weighted,,,,,,,,,,,,,,,,,,,,,,,,,,,,,,,,,,,,,,,,,,,,,1.5159938366718,0.735391052434009,0.0,0.0,0.0899229583975347,0.014142135623731,0.544653312788906,0.0636396103067893,,,2016.0,1994-07-25,,,,3
Jimmy Smith,BAL,DB,10294,weighted,,,,,,,,,,,,,,,,,,,,,,,,,,,,,,,,,,,,,,,,,,,,,1.93053929121726,0.0989949493661166,0.040231124807396,0.0424264068711929,0.165269645608629,0.0494974746830583,0.480924499229584,0.169705627484771,,,2011.0,1988-07-26,,,,3
Rasul Douglas,CAR,DB,13281,weighted,,,,,,,,,,,,,,,,,,,,,,,,,,,,,,,,,,,,,,,,,,,,,1.55226502311248,0.502045814642449,0.0,0.0,0.0644992295839753,0.0919238815542512,0.595038520801233,0.0070710678118654,,,2017.0,1994-08-29,,,,3
J.C. Jackson,NE,DB,13917,weighted,,,,,,,,,,,,,,,,,,,,,,,,,,,,,,,,,,,,,,,,,,,,,1.70419106317411,0.148492424049175,0.0,0.0,0.235500770416025,0.0919238815542512,0.545423728813559,0.0777817459305202,,,2018.0,1970-01-01,,,,3
T.J. Carrie,IND,DB,11858,weighted,,,,,,,,,,,,,,,,,,,,,,,,,,,,,,,,,,,,,,,,,,,,,1.5791643454039,0.171926624715458,0.0549767873723305,0.0047757395754293,0.0846053853296193,0.0811875727822996,0.244326833797586,0.138496447687452,,,,,,,,3
